2025-12-30 13:34:53 - INFO - 日志文件保存到: logs/training_20251230_133453.log
2025-12-30 13:34:53 - INFO - 选择模型类型 (1: CnnNet, 2: ResidualNet): 
2025-12-30 13:34:54 - INFO - 选择运行模式 (1: 仅训练神经网络, 2: 仅运行遗传算法, 3: 完整流程): 
2025-12-30 13:34:54 - INFO - === 训练神经网络仿真器 ===
2025-12-30 13:34:54 - INFO - 使用模型类型: advanced
2025-12-30 13:34:54 - INFO - 执行完整的数据预处理流程...
2025-12-30 13:34:54 - INFO - 加载和预处理数据...
2025-12-30 13:34:54 - INFO - 正在加载二进制矩阵...
2025-12-30 13:34:59 - INFO - 矩阵数据形状: (100000, 1, 19, 19)
2025-12-30 13:34:59 - INFO - 正在加载S参数...
2025-12-30 13:35:15 - ERROR - 处理S参数:   0%|          | 0/100000 [00:00<?, ?it/s]
2025-12-30 13:35:15 - ERROR - 处理S参数:   0%|          | 19/100000 [00:00<08:56, 186.23it/s]
2025-12-30 13:35:15 - ERROR - 处理S参数:   0%|          | 40/100000 [00:00<08:26, 197.44it/s]
2025-12-30 13:35:15 - ERROR - 处理S参数:   0%|          | 62/100000 [00:00<08:09, 204.07it/s]
2025-12-30 13:35:15 - ERROR - 处理S参数:   0%|          | 84/100000 [00:00<07:59, 208.55it/s]
2025-12-30 13:35:15 - ERROR - 处理S参数:   0%|          | 106/100000 [00:00<07:51, 211.89it/s]
2025-12-30 13:35:15 - ERROR - 处理S参数:   0%|          | 128/100000 [00:00<07:46, 213.92it/s]
2025-12-30 13:35:15 - ERROR - 处理S参数:   0%|          | 151/100000 [00:00<07:41, 216.15it/s]
2025-12-30 13:35:15 - ERROR - 处理S参数:   0%|          | 173/100000 [00:00<08:02, 207.00it/s]
2025-12-30 13:35:16 - ERROR - 处理S参数:   0%|          | 194/100000 [00:00<08:26, 196.92it/s]
2025-12-30 13:35:16 - ERROR - 处理S参数:   0%|          | 214/100000 [00:01<08:49, 188.31it/s]
2025-12-30 13:35:16 - ERROR - 处理S参数:   0%|          | 233/100000 [00:01<09:05, 182.81it/s]
2025-12-30 13:35:16 - ERROR - 处理S参数:   0%|          | 252/100000 [00:01<09:16, 179.39it/s]
2025-12-30 13:35:16 - ERROR - 处理S参数:   0%|          | 270/100000 [00:01<09:23, 177.05it/s]
2025-12-30 13:35:16 - ERROR - 处理S参数:   0%|          | 288/100000 [00:01<09:27, 175.68it/s]
2025-12-30 13:35:16 - ERROR - 处理S参数:   0%|          | 306/100000 [00:01<09:30, 174.77it/s]
2025-12-30 13:35:16 - ERROR - 处理S参数:   0%|          | 324/100000 [00:01<09:31, 174.33it/s]
2025-12-30 13:35:16 - ERROR - 处理S参数:   0%|          | 342/100000 [00:01<09:34, 173.58it/s]
2025-12-30 13:35:17 - ERROR - 处理S参数:   0%|          | 360/100000 [00:01<09:34, 173.40it/s]
2025-12-30 13:35:17 - ERROR - 处理S参数:   0%|          | 378/100000 [00:02<09:36, 172.73it/s]
2025-12-30 13:35:17 - ERROR - 处理S参数:   0%|          | 396/100000 [00:02<09:38, 172.25it/s]
2025-12-30 13:35:17 - ERROR - 处理S参数:   0%|          | 414/100000 [00:02<09:39, 171.74it/s]
2025-12-30 13:35:17 - ERROR - 处理S参数:   0%|          | 432/100000 [00:02<09:43, 170.55it/s]
2025-12-30 13:35:17 - ERROR - 处理S参数:   0%|          | 450/100000 [00:02<09:45, 170.14it/s]
2025-12-30 13:35:17 - ERROR - 处理S参数:   0%|          | 468/100000 [00:02<09:47, 169.45it/s]
2025-12-30 13:35:17 - ERROR - 处理S参数:   0%|          | 485/100000 [00:02<09:49, 168.80it/s]
2025-12-30 13:35:17 - ERROR - 处理S参数:   1%|          | 502/100000 [00:02<09:50, 168.39it/s]
2025-12-30 13:35:17 - ERROR - 处理S参数:   1%|          | 519/100000 [00:02<09:50, 168.42it/s]
2025-12-30 13:35:18 - ERROR - 处理S参数:   1%|          | 536/100000 [00:02<09:52, 167.98it/s]
2025-12-30 13:35:18 - ERROR - 处理S参数:   1%|          | 553/100000 [00:03<09:55, 167.03it/s]
2025-12-30 13:35:18 - ERROR - 处理S参数:   1%|          | 570/100000 [00:03<09:57, 166.46it/s]
2025-12-30 13:35:18 - ERROR - 处理S参数:   1%|          | 587/100000 [00:03<09:58, 166.02it/s]
2025-12-30 13:35:18 - ERROR - 处理S参数:   1%|          | 604/100000 [00:03<10:00, 165.53it/s]
2025-12-30 13:35:18 - ERROR - 处理S参数:   1%|          | 621/100000 [00:03<09:59, 165.64it/s]
2025-12-30 13:35:18 - ERROR - 处理S参数:   1%|          | 638/100000 [00:03<10:00, 165.44it/s]
2025-12-30 13:35:18 - ERROR - 处理S参数:   1%|          | 655/100000 [00:03<10:01, 165.16it/s]
2025-12-30 13:35:18 - ERROR - 处理S参数:   1%|          | 672/100000 [00:03<10:07, 163.38it/s]
2025-12-30 13:35:19 - ERROR - 处理S参数:   1%|          | 689/100000 [00:03<10:12, 162.17it/s]
2025-12-30 13:35:19 - ERROR - 处理S参数:   1%|          | 706/100000 [00:04<10:13, 161.72it/s]
2025-12-30 13:35:19 - ERROR - 处理S参数:   1%|          | 723/100000 [00:04<10:40, 154.92it/s]
2025-12-30 13:35:19 - ERROR - 处理S参数:   1%|          | 739/100000 [00:04<10:47, 153.36it/s]
2025-12-30 13:35:19 - ERROR - 处理S参数:   1%|          | 755/100000 [00:04<10:40, 154.94it/s]
2025-12-30 13:35:19 - ERROR - 处理S参数:   1%|          | 771/100000 [00:04<10:35, 156.07it/s]
2025-12-30 13:35:19 - ERROR - 处理S参数:   1%|          | 788/100000 [00:04<10:27, 158.13it/s]
2025-12-30 13:35:19 - ERROR - 处理S参数:   1%|          | 805/100000 [00:04<10:15, 161.28it/s]
2025-12-30 13:35:19 - ERROR - 处理S参数:   1%|          | 822/100000 [00:04<10:09, 162.78it/s]
2025-12-30 13:35:19 - ERROR - 处理S参数:   1%|          | 839/100000 [00:04<10:04, 164.11it/s]
2025-12-30 13:35:20 - ERROR - 处理S参数:   1%|          | 856/100000 [00:04<10:12, 161.83it/s]
2025-12-30 13:35:20 - ERROR - 处理S参数:   1%|          | 873/100000 [00:05<10:15, 161.14it/s]
2025-12-30 13:35:20 - ERROR - 处理S参数:   1%|          | 890/100000 [00:05<10:17, 160.62it/s]
2025-12-30 13:35:20 - ERROR - 处理S参数:   1%|          | 907/100000 [00:05<10:17, 160.43it/s]
2025-12-30 13:35:20 - ERROR - 处理S参数:   1%|          | 924/100000 [00:05<10:19, 160.04it/s]
2025-12-30 13:35:20 - ERROR - 处理S参数:   1%|          | 941/100000 [00:05<10:19, 159.91it/s]
2025-12-30 13:35:20 - ERROR - 处理S参数:   1%|          | 957/100000 [00:05<10:21, 159.34it/s]
2025-12-30 13:35:20 - ERROR - 处理S参数:   1%|          | 973/100000 [00:05<10:21, 159.33it/s]
2025-12-30 13:35:20 - ERROR - 处理S参数:   1%|          | 989/100000 [00:05<10:21, 159.38it/s]
2025-12-30 13:35:21 - ERROR - 处理S参数:   1%|1         | 1005/100000 [00:05<10:21, 159.18it/s]
2025-12-30 13:35:21 - ERROR - 处理S参数:   1%|1         | 1021/100000 [00:05<10:21, 159.30it/s]
2025-12-30 13:35:21 - ERROR - 处理S参数:   1%|1         | 1037/100000 [00:06<10:21, 159.19it/s]
2025-12-30 13:35:21 - ERROR - 处理S参数:   1%|1         | 1053/100000 [00:06<10:21, 159.08it/s]
2025-12-30 13:35:21 - ERROR - 处理S参数:   1%|1         | 1069/100000 [00:06<10:22, 159.05it/s]
2025-12-30 13:35:21 - ERROR - 处理S参数:   1%|1         | 1085/100000 [00:06<10:22, 158.94it/s]
2025-12-30 13:35:21 - ERROR - 处理S参数:   1%|1         | 1101/100000 [00:06<10:22, 158.88it/s]
2025-12-30 13:35:21 - ERROR - 处理S参数:   1%|1         | 1117/100000 [00:06<10:21, 159.01it/s]
2025-12-30 13:35:21 - ERROR - 处理S参数:   1%|1         | 1133/100000 [00:06<10:22, 158.86it/s]
2025-12-30 13:35:21 - ERROR - 处理S参数:   1%|1         | 1149/100000 [00:06<10:27, 157.45it/s]
2025-12-30 13:35:22 - ERROR - 处理S参数:   1%|1         | 1165/100000 [00:06<10:28, 157.36it/s]
2025-12-30 13:35:22 - ERROR - 处理S参数:   1%|1         | 1181/100000 [00:06<10:27, 157.60it/s]
2025-12-30 13:35:22 - ERROR - 处理S参数:   1%|1         | 1197/100000 [00:07<10:26, 157.83it/s]
2025-12-30 13:35:22 - ERROR - 处理S参数:   1%|1         | 1213/100000 [00:07<10:25, 157.82it/s]
2025-12-30 13:35:22 - ERROR - 处理S参数:   1%|1         | 1229/100000 [00:07<10:34, 155.70it/s]
2025-12-30 13:35:22 - ERROR - 处理S参数:   1%|1         | 1245/100000 [00:07<10:32, 156.20it/s]
2025-12-30 13:35:22 - ERROR - 处理S参数:   1%|1         | 1261/100000 [00:07<10:29, 156.74it/s]
2025-12-30 13:35:22 - ERROR - 处理S参数:   1%|1         | 1277/100000 [00:07<10:29, 156.83it/s]
2025-12-30 13:35:22 - ERROR - 处理S参数:   1%|1         | 1293/100000 [00:07<10:29, 156.91it/s]
2025-12-30 13:35:22 - ERROR - 处理S参数:   1%|1         | 1309/100000 [00:07<10:27, 157.29it/s]
2025-12-30 13:35:23 - ERROR - 处理S参数:   1%|1         | 1325/100000 [00:07<10:25, 157.66it/s]
2025-12-30 13:35:23 - ERROR - 处理S参数:   1%|1         | 1341/100000 [00:08<10:25, 157.81it/s]
2025-12-30 13:35:23 - ERROR - 处理S参数:   1%|1         | 1357/100000 [00:08<10:24, 157.89it/s]
2025-12-30 13:35:23 - ERROR - 处理S参数:   1%|1         | 1373/100000 [00:08<10:24, 157.90it/s]
2025-12-30 13:35:23 - ERROR - 处理S参数:   1%|1         | 1389/100000 [00:08<10:24, 157.97it/s]
2025-12-30 13:35:23 - ERROR - 处理S参数:   1%|1         | 1405/100000 [00:08<10:24, 157.83it/s]
2025-12-30 13:35:23 - ERROR - 处理S参数:   1%|1         | 1421/100000 [00:08<10:24, 157.89it/s]
2025-12-30 13:35:23 - ERROR - 处理S参数:   1%|1         | 1437/100000 [00:08<10:24, 157.82it/s]
2025-12-30 13:35:23 - ERROR - 处理S参数:   1%|1         | 1453/100000 [00:08<10:25, 157.65it/s]
2025-12-30 13:35:23 - ERROR - 处理S参数:   1%|1         | 1469/100000 [00:08<10:29, 156.48it/s]
2025-12-30 13:35:24 - ERROR - 处理S参数:   1%|1         | 1485/100000 [00:08<10:31, 156.11it/s]
2025-12-30 13:35:24 - ERROR - 处理S参数:   2%|1         | 1501/100000 [00:09<10:32, 155.82it/s]
2025-12-30 13:35:24 - ERROR - 处理S参数:   2%|1         | 1517/100000 [00:09<10:31, 156.05it/s]
2025-12-30 13:35:24 - ERROR - 处理S参数:   2%|1         | 1533/100000 [00:09<10:29, 156.31it/s]
2025-12-30 13:35:24 - ERROR - 处理S参数:   2%|1         | 1549/100000 [00:09<10:29, 156.49it/s]
2025-12-30 13:35:24 - ERROR - 处理S参数:   2%|1         | 1565/100000 [00:09<10:28, 156.64it/s]
2025-12-30 13:35:24 - ERROR - 处理S参数:   2%|1         | 1581/100000 [00:09<10:27, 156.74it/s]
2025-12-30 13:35:24 - ERROR - 处理S参数:   2%|1         | 1597/100000 [00:09<10:27, 156.78it/s]
2025-12-30 13:35:24 - ERROR - 处理S参数:   2%|1         | 1613/100000 [00:09<10:30, 156.05it/s]
2025-12-30 13:35:24 - ERROR - 处理S参数:   2%|1         | 1629/100000 [00:09<10:31, 155.77it/s]
2025-12-30 13:35:25 - ERROR - 处理S参数:   2%|1         | 1645/100000 [00:09<10:30, 156.01it/s]
2025-12-30 13:35:25 - ERROR - 处理S参数:   2%|1         | 1661/100000 [00:10<10:32, 155.46it/s]
2025-12-30 13:35:25 - ERROR - 处理S参数:   2%|1         | 1677/100000 [00:10<10:28, 156.33it/s]
2025-12-30 13:35:25 - ERROR - 处理S参数:   2%|1         | 1693/100000 [00:10<10:26, 157.03it/s]
2025-12-30 13:35:25 - ERROR - 处理S参数:   2%|1         | 1709/100000 [00:10<10:23, 157.54it/s]
2025-12-30 13:35:25 - ERROR - 处理S参数:   2%|1         | 1725/100000 [00:10<10:22, 157.78it/s]
2025-12-30 13:35:25 - ERROR - 处理S参数:   2%|1         | 1741/100000 [00:10<10:22, 157.88it/s]
2025-12-30 13:35:25 - ERROR - 处理S参数:   2%|1         | 1757/100000 [00:10<10:21, 158.08it/s]
2025-12-30 13:35:25 - ERROR - 处理S参数:   2%|1         | 1773/100000 [00:10<10:20, 158.27it/s]
2025-12-30 13:35:26 - ERROR - 处理S参数:   2%|1         | 1789/100000 [00:10<10:20, 158.36it/s]
2025-12-30 13:35:26 - ERROR - 处理S参数:   2%|1         | 1805/100000 [00:10<10:21, 158.12it/s]
2025-12-30 13:35:26 - ERROR - 处理S参数:   2%|1         | 1821/100000 [00:11<10:21, 157.98it/s]
2025-12-30 13:35:26 - ERROR - 处理S参数:   2%|1         | 1837/100000 [00:11<10:25, 156.94it/s]
2025-12-30 13:35:26 - ERROR - 处理S参数:   2%|1         | 1853/100000 [00:11<10:26, 156.67it/s]
2025-12-30 13:35:26 - ERROR - 处理S参数:   2%|1         | 1869/100000 [00:11<10:25, 156.96it/s]
2025-12-30 13:35:26 - ERROR - 处理S参数:   2%|1         | 1885/100000 [00:11<10:23, 157.29it/s]
2025-12-30 13:35:26 - ERROR - 处理S参数:   2%|1         | 1901/100000 [00:11<10:24, 157.16it/s]
2025-12-30 13:35:26 - ERROR - 处理S参数:   2%|1         | 1917/100000 [00:11<10:24, 157.13it/s]
2025-12-30 13:35:26 - ERROR - 处理S参数:   2%|1         | 1933/100000 [00:11<10:23, 157.25it/s]
2025-12-30 13:35:27 - ERROR - 处理S参数:   2%|1         | 1949/100000 [00:11<10:23, 157.38it/s]
2025-12-30 13:35:27 - ERROR - 处理S参数:   2%|1         | 1965/100000 [00:11<10:22, 157.49it/s]
2025-12-30 13:35:27 - ERROR - 处理S参数:   2%|1         | 1981/100000 [00:12<10:22, 157.38it/s]
2025-12-30 13:35:27 - ERROR - 处理S参数:   2%|1         | 1997/100000 [00:12<10:23, 157.19it/s]
2025-12-30 13:35:27 - ERROR - 处理S参数:   2%|2         | 2013/100000 [00:12<10:23, 157.20it/s]
2025-12-30 13:35:27 - ERROR - 处理S参数:   2%|2         | 2029/100000 [00:12<10:22, 157.37it/s]
2025-12-30 13:35:27 - ERROR - 处理S参数:   2%|2         | 2045/100000 [00:12<10:33, 154.73it/s]
2025-12-30 13:35:27 - ERROR - 处理S参数:   2%|2         | 2061/100000 [00:12<10:29, 155.67it/s]
2025-12-30 13:35:27 - ERROR - 处理S参数:   2%|2         | 2077/100000 [00:12<10:25, 156.61it/s]
2025-12-30 13:35:27 - ERROR - 处理S参数:   2%|2         | 2093/100000 [00:12<10:22, 157.16it/s]
2025-12-30 13:35:28 - ERROR - 处理S参数:   2%|2         | 2109/100000 [00:12<10:21, 157.53it/s]
2025-12-30 13:35:28 - ERROR - 处理S参数:   2%|2         | 2125/100000 [00:13<10:20, 157.80it/s]
2025-12-30 13:35:28 - ERROR - 处理S参数:   2%|2         | 2141/100000 [00:13<10:19, 157.87it/s]
2025-12-30 13:35:28 - ERROR - 处理S参数:   2%|2         | 2157/100000 [00:13<10:19, 158.00it/s]
2025-12-30 13:35:28 - ERROR - 处理S参数:   2%|2         | 2173/100000 [00:13<10:18, 158.11it/s]
2025-12-30 13:35:28 - ERROR - 处理S参数:   2%|2         | 2189/100000 [00:13<10:18, 158.07it/s]
2025-12-30 13:35:28 - ERROR - 处理S参数:   2%|2         | 2205/100000 [00:13<10:18, 158.17it/s]
2025-12-30 13:35:28 - ERROR - 处理S参数:   2%|2         | 2221/100000 [00:13<10:18, 158.11it/s]
2025-12-30 13:35:28 - ERROR - 处理S参数:   2%|2         | 2237/100000 [00:13<10:18, 158.13it/s]
2025-12-30 13:35:28 - ERROR - 处理S参数:   2%|2         | 2253/100000 [00:13<10:18, 157.99it/s]
2025-12-30 13:35:29 - ERROR - 处理S参数:   2%|2         | 2269/100000 [00:13<10:20, 157.63it/s]
2025-12-30 13:35:29 - ERROR - 处理S参数:   2%|2         | 2285/100000 [00:14<10:19, 157.68it/s]
2025-12-30 13:35:29 - ERROR - 处理S参数:   2%|2         | 2301/100000 [00:14<10:19, 157.59it/s]
2025-12-30 13:35:29 - ERROR - 处理S参数:   2%|2         | 2317/100000 [00:14<10:20, 157.53it/s]
2025-12-30 13:35:29 - ERROR - 处理S参数:   2%|2         | 2333/100000 [00:14<10:19, 157.63it/s]
2025-12-30 13:35:29 - ERROR - 处理S参数:   2%|2         | 2349/100000 [00:14<10:19, 157.62it/s]
2025-12-30 13:35:29 - ERROR - 处理S参数:   2%|2         | 2365/100000 [00:14<10:19, 157.65it/s]
2025-12-30 13:35:29 - ERROR - 处理S参数:   2%|2         | 2381/100000 [00:14<10:19, 157.58it/s]
2025-12-30 13:35:29 - ERROR - 处理S参数:   2%|2         | 2397/100000 [00:14<10:19, 157.58it/s]
2025-12-30 13:35:29 - ERROR - 处理S参数:   2%|2         | 2413/100000 [00:14<10:19, 157.55it/s]
2025-12-30 13:35:30 - ERROR - 处理S参数:   2%|2         | 2429/100000 [00:14<10:20, 157.36it/s]
2025-12-30 13:35:30 - ERROR - 处理S参数:   2%|2         | 2445/100000 [00:15<10:20, 157.24it/s]
2025-12-30 13:35:30 - ERROR - 处理S参数:   2%|2         | 2461/100000 [00:15<10:20, 157.12it/s]
2025-12-30 13:35:30 - ERROR - 处理S参数:   2%|2         | 2477/100000 [00:15<10:21, 156.84it/s]
2025-12-30 13:35:30 - ERROR - 处理S参数:   2%|2         | 2493/100000 [00:15<10:25, 155.95it/s]
2025-12-30 13:35:30 - ERROR - 处理S参数:   3%|2         | 2509/100000 [00:15<10:26, 155.61it/s]
2025-12-30 13:35:30 - ERROR - 处理S参数:   3%|2         | 2525/100000 [00:15<10:26, 155.63it/s]
2025-12-30 13:35:30 - ERROR - 处理S参数:   3%|2         | 2541/100000 [00:15<10:27, 155.23it/s]
2025-12-30 13:35:30 - ERROR - 处理S参数:   3%|2         | 2557/100000 [00:15<10:29, 154.71it/s]
2025-12-30 13:35:31 - ERROR - 处理S参数:   3%|2         | 2573/100000 [00:15<10:31, 154.29it/s]
2025-12-30 13:35:31 - ERROR - 处理S参数:   3%|2         | 2589/100000 [00:15<10:31, 154.23it/s]
2025-12-30 13:35:31 - ERROR - 处理S参数:   3%|2         | 2605/100000 [00:16<10:31, 154.16it/s]
2025-12-30 13:35:31 - ERROR - 处理S参数:   3%|2         | 2621/100000 [00:16<10:32, 153.89it/s]
2025-12-30 13:35:31 - ERROR - 处理S参数:   3%|2         | 2637/100000 [00:16<10:32, 154.03it/s]
2025-12-30 13:35:31 - ERROR - 处理S参数:   3%|2         | 2653/100000 [00:16<10:30, 154.44it/s]
2025-12-30 13:35:31 - ERROR - 处理S参数:   3%|2         | 2669/100000 [00:16<10:29, 154.69it/s]
2025-12-30 13:35:31 - ERROR - 处理S参数:   3%|2         | 2685/100000 [00:16<10:34, 153.47it/s]
2025-12-30 13:35:31 - ERROR - 处理S参数:   3%|2         | 2701/100000 [00:16<10:35, 153.11it/s]
2025-12-30 13:35:31 - ERROR - 处理S参数:   3%|2         | 2717/100000 [00:16<10:41, 151.69it/s]
2025-12-30 13:35:32 - ERROR - 处理S参数:   3%|2         | 2733/100000 [00:16<10:40, 151.92it/s]
2025-12-30 13:35:32 - ERROR - 处理S参数:   3%|2         | 2749/100000 [00:17<10:36, 152.72it/s]
2025-12-30 13:35:32 - ERROR - 处理S参数:   3%|2         | 2765/100000 [00:17<10:34, 153.17it/s]
2025-12-30 13:35:32 - ERROR - 处理S参数:   3%|2         | 2781/100000 [00:17<10:34, 153.32it/s]
2025-12-30 13:35:32 - ERROR - 处理S参数:   3%|2         | 2797/100000 [00:17<10:34, 153.15it/s]
2025-12-30 13:35:32 - ERROR - 处理S参数:   3%|2         | 2813/100000 [00:17<10:35, 153.01it/s]
2025-12-30 13:35:32 - ERROR - 处理S参数:   3%|2         | 2829/100000 [00:17<10:35, 153.02it/s]
2025-12-30 13:35:32 - ERROR - 处理S参数:   3%|2         | 2845/100000 [00:17<10:35, 152.91it/s]
2025-12-30 13:35:32 - ERROR - 处理S参数:   3%|2         | 2861/100000 [00:17<10:35, 152.73it/s]
2025-12-30 13:35:32 - ERROR - 处理S参数:   3%|2         | 2877/100000 [00:17<10:36, 152.55it/s]
2025-12-30 13:35:33 - ERROR - 处理S参数:   3%|2         | 2893/100000 [00:17<10:36, 152.46it/s]
2025-12-30 13:35:33 - ERROR - 处理S参数:   3%|2         | 2909/100000 [00:18<10:36, 152.47it/s]
2025-12-30 13:35:33 - ERROR - 处理S参数:   3%|2         | 2925/100000 [00:18<10:36, 152.59it/s]
2025-12-30 13:35:33 - ERROR - 处理S参数:   3%|2         | 2941/100000 [00:18<10:36, 152.54it/s]
2025-12-30 13:35:33 - ERROR - 处理S参数:   3%|2         | 2957/100000 [00:18<10:36, 152.38it/s]
2025-12-30 13:35:33 - ERROR - 处理S参数:   3%|2         | 2973/100000 [00:18<10:37, 152.27it/s]
2025-12-30 13:35:33 - ERROR - 处理S参数:   3%|2         | 2989/100000 [00:18<10:37, 152.08it/s]
2025-12-30 13:35:33 - ERROR - 处理S参数:   3%|3         | 3005/100000 [00:18<10:38, 151.88it/s]
2025-12-30 13:35:33 - ERROR - 处理S参数:   3%|3         | 3021/100000 [00:18<10:38, 151.90it/s]
2025-12-30 13:35:34 - ERROR - 处理S参数:   3%|3         | 3037/100000 [00:18<10:38, 151.86it/s]
2025-12-30 13:35:34 - ERROR - 处理S参数:   3%|3         | 3053/100000 [00:19<10:38, 151.93it/s]
2025-12-30 13:35:34 - ERROR - 处理S参数:   3%|3         | 3069/100000 [00:19<10:38, 151.87it/s]
2025-12-30 13:35:34 - ERROR - 处理S参数:   3%|3         | 3085/100000 [00:19<10:38, 151.76it/s]
2025-12-30 13:35:34 - ERROR - 处理S参数:   3%|3         | 3101/100000 [00:19<10:38, 151.71it/s]
2025-12-30 13:35:34 - ERROR - 处理S参数:   3%|3         | 3117/100000 [00:19<10:39, 151.56it/s]
2025-12-30 13:35:34 - ERROR - 处理S参数:   3%|3         | 3133/100000 [00:19<10:41, 151.08it/s]
2025-12-30 13:35:34 - ERROR - 处理S参数:   3%|3         | 3149/100000 [00:19<10:44, 150.29it/s]
2025-12-30 13:35:34 - ERROR - 处理S参数:   3%|3         | 3165/100000 [00:19<10:44, 150.26it/s]
2025-12-30 13:35:34 - ERROR - 处理S参数:   3%|3         | 3181/100000 [00:19<10:43, 150.53it/s]
2025-12-30 13:35:35 - ERROR - 处理S参数:   3%|3         | 3197/100000 [00:19<10:42, 150.61it/s]
2025-12-30 13:35:35 - ERROR - 处理S参数:   3%|3         | 3213/100000 [00:20<10:42, 150.73it/s]
2025-12-30 13:35:35 - ERROR - 处理S参数:   3%|3         | 3229/100000 [00:20<10:41, 150.94it/s]
2025-12-30 13:35:35 - ERROR - 处理S参数:   3%|3         | 3245/100000 [00:20<10:40, 151.10it/s]
2025-12-30 13:35:35 - ERROR - 处理S参数:   3%|3         | 3261/100000 [00:20<10:39, 151.17it/s]
2025-12-30 13:35:35 - ERROR - 处理S参数:   3%|3         | 3277/100000 [00:20<10:40, 151.07it/s]
2025-12-30 13:35:35 - ERROR - 处理S参数:   3%|3         | 3293/100000 [00:20<10:40, 150.93it/s]
2025-12-30 13:35:35 - ERROR - 处理S参数:   3%|3         | 3309/100000 [00:20<10:40, 150.94it/s]
2025-12-30 13:35:35 - ERROR - 处理S参数:   3%|3         | 3325/100000 [00:20<10:49, 148.80it/s]
2025-12-30 13:35:36 - ERROR - 处理S参数:   3%|3         | 3340/100000 [00:20<10:50, 148.66it/s]
2025-12-30 13:35:36 - ERROR - 处理S参数:   3%|3         | 3355/100000 [00:21<10:50, 148.52it/s]
2025-12-30 13:35:36 - ERROR - 处理S参数:   3%|3         | 3370/100000 [00:21<10:49, 148.81it/s]
2025-12-30 13:35:36 - ERROR - 处理S参数:   3%|3         | 3385/100000 [00:21<10:51, 148.30it/s]
2025-12-30 13:35:36 - ERROR - 处理S参数:   3%|3         | 3400/100000 [00:21<10:52, 148.13it/s]
2025-12-30 13:35:36 - ERROR - 处理S参数:   3%|3         | 3415/100000 [00:21<10:51, 148.33it/s]
2025-12-30 13:35:36 - ERROR - 处理S参数:   3%|3         | 3430/100000 [00:21<10:50, 148.36it/s]
2025-12-30 13:35:36 - ERROR - 处理S参数:   3%|3         | 3445/100000 [00:21<10:52, 148.04it/s]
2025-12-30 13:35:36 - ERROR - 处理S参数:   3%|3         | 3461/100000 [00:21<10:50, 148.49it/s]
2025-12-30 13:35:36 - ERROR - 处理S参数:   3%|3         | 3477/100000 [00:21<10:46, 149.26it/s]
2025-12-30 13:35:37 - ERROR - 处理S参数:   3%|3         | 3492/100000 [00:21<10:51, 148.08it/s]
2025-12-30 13:35:37 - ERROR - 处理S参数:   4%|3         | 3507/100000 [00:22<10:54, 147.37it/s]
2025-12-30 13:35:37 - ERROR - 处理S参数:   4%|3         | 3522/100000 [00:22<10:53, 147.54it/s]
2025-12-30 13:35:37 - ERROR - 处理S参数:   4%|3         | 3538/100000 [00:22<10:47, 148.87it/s]
2025-12-30 13:35:37 - ERROR - 处理S参数:   4%|3         | 3554/100000 [00:22<10:43, 149.77it/s]
2025-12-30 13:35:37 - ERROR - 处理S参数:   4%|3         | 3570/100000 [00:22<10:41, 150.40it/s]
2025-12-30 13:35:37 - ERROR - 处理S参数:   4%|3         | 3586/100000 [00:22<10:39, 150.85it/s]
2025-12-30 13:35:37 - ERROR - 处理S参数:   4%|3         | 3602/100000 [00:22<10:37, 151.26it/s]
2025-12-30 13:35:37 - ERROR - 处理S参数:   4%|3         | 3618/100000 [00:22<10:36, 151.50it/s]
2025-12-30 13:35:38 - ERROR - 处理S参数:   4%|3         | 3634/100000 [00:22<10:35, 151.70it/s]
2025-12-30 13:35:38 - ERROR - 处理S参数:   4%|3         | 3650/100000 [00:22<10:34, 151.79it/s]
2025-12-30 13:35:38 - ERROR - 处理S参数:   4%|3         | 3666/100000 [00:23<10:34, 151.80it/s]
2025-12-30 13:35:38 - ERROR - 处理S参数:   4%|3         | 3682/100000 [00:23<10:34, 151.69it/s]
2025-12-30 13:35:38 - ERROR - 处理S参数:   4%|3         | 3698/100000 [00:23<10:35, 151.66it/s]
2025-12-30 13:35:38 - ERROR - 处理S参数:   4%|3         | 3714/100000 [00:23<10:35, 151.53it/s]
2025-12-30 13:35:38 - ERROR - 处理S参数:   4%|3         | 3730/100000 [00:23<10:35, 151.58it/s]
2025-12-30 13:35:38 - ERROR - 处理S参数:   4%|3         | 3746/100000 [00:23<10:35, 151.55it/s]
2025-12-30 13:35:38 - ERROR - 处理S参数:   4%|3         | 3762/100000 [00:23<10:31, 152.31it/s]
2025-12-30 13:35:38 - ERROR - 处理S参数:   4%|3         | 3778/100000 [00:23<10:27, 153.27it/s]
2025-12-30 13:35:39 - ERROR - 处理S参数:   4%|3         | 3794/100000 [00:23<10:24, 153.94it/s]
2025-12-30 13:35:39 - ERROR - 处理S参数:   4%|3         | 3810/100000 [00:24<10:22, 154.57it/s]
2025-12-30 13:35:39 - ERROR - 处理S参数:   4%|3         | 3826/100000 [00:24<10:21, 154.74it/s]
2025-12-30 13:35:39 - ERROR - 处理S参数:   4%|3         | 3842/100000 [00:24<10:20, 154.88it/s]
2025-12-30 13:35:39 - ERROR - 处理S参数:   4%|3         | 3858/100000 [00:24<10:20, 155.02it/s]
2025-12-30 13:35:39 - ERROR - 处理S参数:   4%|3         | 3874/100000 [00:24<10:19, 155.05it/s]
2025-12-30 13:35:39 - ERROR - 处理S参数:   4%|3         | 3890/100000 [00:24<10:20, 154.90it/s]
2025-12-30 13:35:39 - ERROR - 处理S参数:   4%|3         | 3906/100000 [00:24<10:22, 154.49it/s]
2025-12-30 13:35:39 - ERROR - 处理S参数:   4%|3         | 3922/100000 [00:24<10:21, 154.52it/s]
2025-12-30 13:35:39 - ERROR - 处理S参数:   4%|3         | 3938/100000 [00:24<10:21, 154.68it/s]
2025-12-30 13:35:40 - ERROR - 处理S参数:   4%|3         | 3954/100000 [00:24<10:20, 154.78it/s]
2025-12-30 13:35:40 - ERROR - 处理S参数:   4%|3         | 3970/100000 [00:25<10:20, 154.83it/s]
2025-12-30 13:35:40 - ERROR - 处理S参数:   4%|3         | 3986/100000 [00:25<10:20, 154.84it/s]
2025-12-30 13:35:40 - ERROR - 处理S参数:   4%|4         | 4002/100000 [00:25<10:20, 154.77it/s]
2025-12-30 13:35:40 - ERROR - 处理S参数:   4%|4         | 4018/100000 [00:25<10:20, 154.59it/s]
2025-12-30 13:35:40 - ERROR - 处理S参数:   4%|4         | 4034/100000 [00:25<10:21, 154.45it/s]
2025-12-30 13:35:40 - ERROR - 处理S参数:   4%|4         | 4050/100000 [00:25<10:21, 154.44it/s]
2025-12-30 13:35:40 - ERROR - 处理S参数:   4%|4         | 4066/100000 [00:25<10:21, 154.34it/s]
2025-12-30 13:35:40 - ERROR - 处理S参数:   4%|4         | 4082/100000 [00:25<10:21, 154.28it/s]
2025-12-30 13:35:41 - ERROR - 处理S参数:   4%|4         | 4098/100000 [00:25<10:21, 154.21it/s]
2025-12-30 13:35:41 - ERROR - 处理S参数:   4%|4         | 4114/100000 [00:25<10:22, 154.14it/s]
2025-12-30 13:35:41 - ERROR - 处理S参数:   4%|4         | 4130/100000 [00:26<10:22, 154.04it/s]
2025-12-30 13:35:41 - ERROR - 处理S参数:   4%|4         | 4146/100000 [00:26<10:21, 154.20it/s]
2025-12-30 13:35:41 - ERROR - 处理S参数:   4%|4         | 4162/100000 [00:26<10:24, 153.55it/s]
2025-12-30 13:35:41 - ERROR - 处理S参数:   4%|4         | 4178/100000 [00:26<10:26, 152.91it/s]
2025-12-30 13:35:41 - ERROR - 处理S参数:   4%|4         | 4194/100000 [00:26<10:28, 152.54it/s]
2025-12-30 13:35:41 - ERROR - 处理S参数:   4%|4         | 4210/100000 [00:26<10:28, 152.36it/s]
2025-12-30 13:35:41 - ERROR - 处理S参数:   4%|4         | 4226/100000 [00:26<10:28, 152.40it/s]
2025-12-30 13:35:41 - ERROR - 处理S参数:   4%|4         | 4242/100000 [00:26<10:29, 152.18it/s]
2025-12-30 13:35:42 - ERROR - 处理S参数:   4%|4         | 4258/100000 [00:26<10:29, 152.12it/s]
2025-12-30 13:35:42 - ERROR - 处理S参数:   4%|4         | 4274/100000 [00:27<10:29, 152.12it/s]
2025-12-30 13:35:42 - ERROR - 处理S参数:   4%|4         | 4290/100000 [00:27<10:28, 152.18it/s]
2025-12-30 13:35:42 - ERROR - 处理S参数:   4%|4         | 4306/100000 [00:27<10:29, 152.11it/s]
2025-12-30 13:35:42 - ERROR - 处理S参数:   4%|4         | 4322/100000 [00:27<10:29, 152.07it/s]
2025-12-30 13:35:42 - ERROR - 处理S参数:   4%|4         | 4338/100000 [00:27<10:29, 152.04it/s]
2025-12-30 13:35:42 - ERROR - 处理S参数:   4%|4         | 4354/100000 [00:27<10:29, 152.00it/s]
2025-12-30 13:35:42 - ERROR - 处理S参数:   4%|4         | 4370/100000 [00:27<10:29, 151.84it/s]
2025-12-30 13:35:42 - ERROR - 处理S参数:   4%|4         | 4386/100000 [00:27<10:30, 151.72it/s]
2025-12-30 13:35:43 - ERROR - 处理S参数:   4%|4         | 4402/100000 [00:27<10:30, 151.66it/s]
2025-12-30 13:35:43 - ERROR - 处理S参数:   4%|4         | 4418/100000 [00:27<10:31, 151.45it/s]
2025-12-30 13:35:43 - ERROR - 处理S参数:   4%|4         | 4434/100000 [00:28<10:30, 151.58it/s]
2025-12-30 13:35:43 - ERROR - 处理S参数:   4%|4         | 4450/100000 [00:28<10:29, 151.76it/s]
2025-12-30 13:35:43 - ERROR - 处理S参数:   4%|4         | 4466/100000 [00:28<10:29, 151.82it/s]
2025-12-30 13:35:43 - ERROR - 处理S参数:   4%|4         | 4482/100000 [00:28<10:28, 151.93it/s]
2025-12-30 13:35:43 - ERROR - 处理S参数:   4%|4         | 4498/100000 [00:28<10:28, 151.87it/s]
2025-12-30 13:35:43 - ERROR - 处理S参数:   5%|4         | 4514/100000 [00:28<10:29, 151.79it/s]
2025-12-30 13:35:43 - ERROR - 处理S参数:   5%|4         | 4530/100000 [00:28<10:29, 151.67it/s]
2025-12-30 13:35:43 - ERROR - 处理S参数:   5%|4         | 4546/100000 [00:28<10:28, 151.76it/s]
2025-12-30 13:35:44 - ERROR - 处理S参数:   5%|4         | 4562/100000 [00:28<10:29, 151.63it/s]
2025-12-30 13:35:44 - ERROR - 处理S参数:   5%|4         | 4578/100000 [00:29<10:30, 151.38it/s]
2025-12-30 13:35:44 - ERROR - 处理S参数:   5%|4         | 4594/100000 [00:29<10:29, 151.54it/s]
2025-12-30 13:35:44 - ERROR - 处理S参数:   5%|4         | 4610/100000 [00:29<10:29, 151.52it/s]
2025-12-30 13:35:44 - ERROR - 处理S参数:   5%|4         | 4626/100000 [00:29<10:30, 151.37it/s]
2025-12-30 13:35:44 - ERROR - 处理S参数:   5%|4         | 4642/100000 [00:29<10:30, 151.27it/s]
2025-12-30 13:35:44 - ERROR - 处理S参数:   5%|4         | 4658/100000 [00:29<10:30, 151.19it/s]
2025-12-30 13:35:44 - ERROR - 处理S参数:   5%|4         | 4674/100000 [00:29<10:30, 151.18it/s]
2025-12-30 13:35:44 - ERROR - 处理S参数:   5%|4         | 4690/100000 [00:29<10:30, 151.15it/s]
2025-12-30 13:35:45 - ERROR - 处理S参数:   5%|4         | 4706/100000 [00:29<10:30, 151.15it/s]
2025-12-30 13:35:45 - ERROR - 处理S参数:   5%|4         | 4722/100000 [00:30<10:30, 151.04it/s]
2025-12-30 13:35:45 - ERROR - 处理S参数:   5%|4         | 4738/100000 [00:30<10:32, 150.65it/s]
2025-12-30 13:35:45 - ERROR - 处理S参数:   5%|4         | 4754/100000 [00:30<10:31, 150.71it/s]
2025-12-30 13:35:45 - ERROR - 处理S参数:   5%|4         | 4770/100000 [00:30<10:31, 150.80it/s]
2025-12-30 13:35:45 - ERROR - 处理S参数:   5%|4         | 4786/100000 [00:30<10:33, 150.35it/s]
2025-12-30 13:35:45 - ERROR - 处理S参数:   5%|4         | 4802/100000 [00:30<10:36, 149.52it/s]
2025-12-30 13:35:45 - ERROR - 处理S参数:   5%|4         | 4818/100000 [00:30<10:35, 149.70it/s]
2025-12-30 13:35:45 - ERROR - 处理S参数:   5%|4         | 4834/100000 [00:30<10:34, 149.92it/s]
2025-12-30 13:35:45 - ERROR - 处理S参数:   5%|4         | 4850/100000 [00:30<10:34, 150.00it/s]
2025-12-30 13:35:46 - ERROR - 处理S参数:   5%|4         | 4866/100000 [00:30<10:33, 150.14it/s]
2025-12-30 13:35:46 - ERROR - 处理S参数:   5%|4         | 4882/100000 [00:31<10:33, 150.07it/s]
2025-12-30 13:35:46 - ERROR - 处理S参数:   5%|4         | 4898/100000 [00:31<10:33, 150.03it/s]
2025-12-30 13:35:46 - ERROR - 处理S参数:   5%|4         | 4914/100000 [00:31<10:34, 149.89it/s]
2025-12-30 13:35:46 - ERROR - 处理S参数:   5%|4         | 4930/100000 [00:31<10:34, 149.95it/s]
2025-12-30 13:35:46 - ERROR - 处理S参数:   5%|4         | 4945/100000 [00:31<10:33, 149.95it/s]
2025-12-30 13:35:46 - ERROR - 处理S参数:   5%|4         | 4960/100000 [00:31<10:39, 148.69it/s]
2025-12-30 13:35:46 - ERROR - 处理S参数:   5%|4         | 4976/100000 [00:31<10:35, 149.47it/s]
2025-12-30 13:35:46 - ERROR - 处理S参数:   5%|4         | 4992/100000 [00:31<10:32, 150.31it/s]
2025-12-30 13:35:47 - ERROR - 处理S参数:   5%|5         | 5008/100000 [00:31<10:29, 150.90it/s]
2025-12-30 13:35:47 - ERROR - 处理S参数:   5%|5         | 5024/100000 [00:32<10:27, 151.31it/s]
2025-12-30 13:35:47 - ERROR - 处理S参数:   5%|5         | 5040/100000 [00:32<10:28, 151.15it/s]
2025-12-30 13:35:47 - ERROR - 处理S参数:   5%|5         | 5056/100000 [00:32<10:27, 151.28it/s]
2025-12-30 13:35:47 - ERROR - 处理S参数:   5%|5         | 5072/100000 [00:32<10:27, 151.31it/s]
2025-12-30 13:35:47 - ERROR - 处理S参数:   5%|5         | 5088/100000 [00:32<10:26, 151.57it/s]
2025-12-30 13:35:47 - ERROR - 处理S参数:   5%|5         | 5104/100000 [00:32<10:26, 151.57it/s]
2025-12-30 13:35:47 - ERROR - 处理S参数:   5%|5         | 5120/100000 [00:32<10:25, 151.72it/s]
2025-12-30 13:35:47 - ERROR - 处理S参数:   5%|5         | 5136/100000 [00:32<10:25, 151.66it/s]
2025-12-30 13:35:47 - ERROR - 处理S参数:   5%|5         | 5152/100000 [00:32<10:25, 151.65it/s]
2025-12-30 13:35:48 - ERROR - 处理S参数:   5%|5         | 5168/100000 [00:32<10:25, 151.71it/s]
2025-12-30 13:35:48 - ERROR - 处理S参数:   5%|5         | 5184/100000 [00:33<10:25, 151.58it/s]
2025-12-30 13:35:48 - ERROR - 处理S参数:   5%|5         | 5200/100000 [00:33<10:25, 151.66it/s]
2025-12-30 13:35:48 - ERROR - 处理S参数:   5%|5         | 5216/100000 [00:33<10:24, 151.66it/s]
2025-12-30 13:35:48 - ERROR - 处理S参数:   5%|5         | 5232/100000 [00:33<10:25, 151.58it/s]
2025-12-30 13:35:48 - ERROR - 处理S参数:   5%|5         | 5248/100000 [00:33<10:25, 151.53it/s]
2025-12-30 13:35:48 - ERROR - 处理S参数:   5%|5         | 5264/100000 [00:33<10:25, 151.55it/s]
2025-12-30 13:35:48 - ERROR - 处理S参数:   5%|5         | 5280/100000 [00:33<10:25, 151.50it/s]
2025-12-30 13:35:48 - ERROR - 处理S参数:   5%|5         | 5296/100000 [00:33<10:24, 151.53it/s]
2025-12-30 13:35:49 - ERROR - 处理S参数:   5%|5         | 5312/100000 [00:33<10:26, 151.25it/s]
2025-12-30 13:35:49 - ERROR - 处理S参数:   5%|5         | 5328/100000 [00:34<10:25, 151.32it/s]
2025-12-30 13:35:49 - ERROR - 处理S参数:   5%|5         | 5344/100000 [00:34<10:25, 151.24it/s]
2025-12-30 13:35:49 - ERROR - 处理S参数:   5%|5         | 5360/100000 [00:34<10:26, 151.08it/s]
2025-12-30 13:35:49 - ERROR - 处理S参数:   5%|5         | 5376/100000 [00:34<10:26, 151.07it/s]
2025-12-30 13:35:49 - ERROR - 处理S参数:   5%|5         | 5392/100000 [00:34<10:26, 151.03it/s]
2025-12-30 13:35:49 - ERROR - 处理S参数:   5%|5         | 5408/100000 [00:34<10:26, 151.09it/s]
2025-12-30 13:35:49 - ERROR - 处理S参数:   5%|5         | 5424/100000 [00:34<10:26, 151.07it/s]
2025-12-30 13:35:49 - ERROR - 处理S参数:   5%|5         | 5440/100000 [00:34<10:26, 150.98it/s]
2025-12-30 13:35:50 - ERROR - 处理S参数:   5%|5         | 5456/100000 [00:34<10:26, 150.92it/s]
2025-12-30 13:35:50 - ERROR - 处理S参数:   5%|5         | 5472/100000 [00:34<10:28, 150.37it/s]
2025-12-30 13:35:50 - ERROR - 处理S参数:   5%|5         | 5488/100000 [00:35<10:28, 150.41it/s]
2025-12-30 13:35:50 - ERROR - 处理S参数:   6%|5         | 5504/100000 [00:35<10:27, 150.56it/s]
2025-12-30 13:35:50 - ERROR - 处理S参数:   6%|5         | 5520/100000 [00:35<10:26, 150.76it/s]
2025-12-30 13:35:50 - ERROR - 处理S参数:   6%|5         | 5536/100000 [00:35<10:26, 150.68it/s]
2025-12-30 13:35:50 - ERROR - 处理S参数:   6%|5         | 5552/100000 [00:35<10:26, 150.65it/s]
2025-12-30 13:35:50 - ERROR - 处理S参数:   6%|5         | 5568/100000 [00:35<10:27, 150.55it/s]
2025-12-30 13:35:50 - ERROR - 处理S参数:   6%|5         | 5584/100000 [00:35<10:27, 150.49it/s]
2025-12-30 13:35:50 - ERROR - 处理S参数:   6%|5         | 5600/100000 [00:35<10:27, 150.44it/s]
2025-12-30 13:35:51 - ERROR - 处理S参数:   6%|5         | 5616/100000 [00:35<10:27, 150.31it/s]
2025-12-30 13:35:51 - ERROR - 处理S参数:   6%|5         | 5632/100000 [00:36<10:27, 150.28it/s]
2025-12-30 13:35:51 - ERROR - 处理S参数:   6%|5         | 5648/100000 [00:36<10:27, 150.26it/s]
2025-12-30 13:35:51 - ERROR - 处理S参数:   6%|5         | 5664/100000 [00:36<10:28, 150.12it/s]
2025-12-30 13:35:51 - ERROR - 处理S参数:   6%|5         | 5680/100000 [00:36<10:28, 150.09it/s]
2025-12-30 13:35:51 - ERROR - 处理S参数:   6%|5         | 5696/100000 [00:36<10:28, 150.02it/s]
2025-12-30 13:35:51 - ERROR - 处理S参数:   6%|5         | 5712/100000 [00:36<10:28, 149.97it/s]
2025-12-30 13:35:51 - ERROR - 处理S参数:   6%|5         | 5727/100000 [00:36<10:28, 149.94it/s]
2025-12-30 13:35:51 - ERROR - 处理S参数:   6%|5         | 5742/100000 [00:36<10:28, 149.93it/s]
2025-12-30 13:35:52 - ERROR - 处理S参数:   6%|5         | 5757/100000 [00:36<10:29, 149.82it/s]
2025-12-30 13:35:52 - ERROR - 处理S参数:   6%|5         | 5772/100000 [00:36<10:29, 149.68it/s]
2025-12-30 13:35:52 - ERROR - 处理S参数:   6%|5         | 5787/100000 [00:37<10:29, 149.58it/s]
2025-12-30 13:35:52 - ERROR - 处理S参数:   6%|5         | 5802/100000 [00:37<10:29, 149.62it/s]
2025-12-30 13:35:52 - ERROR - 处理S参数:   6%|5         | 5817/100000 [00:37<10:29, 149.55it/s]
2025-12-30 13:35:52 - ERROR - 处理S参数:   6%|5         | 5832/100000 [00:37<10:29, 149.53it/s]
2025-12-30 13:35:52 - ERROR - 处理S参数:   6%|5         | 5847/100000 [00:37<10:30, 149.41it/s]
2025-12-30 13:35:52 - ERROR - 处理S参数:   6%|5         | 5862/100000 [00:37<10:30, 149.41it/s]
2025-12-30 13:35:52 - ERROR - 处理S参数:   6%|5         | 5877/100000 [00:37<10:29, 149.47it/s]
2025-12-30 13:35:52 - ERROR - 处理S参数:   6%|5         | 5892/100000 [00:37<10:35, 148.09it/s]
2025-12-30 13:35:53 - ERROR - 处理S参数:   6%|5         | 5907/100000 [00:37<10:39, 147.06it/s]
2025-12-30 13:35:53 - ERROR - 处理S参数:   6%|5         | 5922/100000 [00:37<10:40, 146.84it/s]
2025-12-30 13:35:53 - ERROR - 处理S参数:   6%|5         | 5937/100000 [00:38<10:40, 146.94it/s]
2025-12-30 13:35:53 - ERROR - 处理S参数:   6%|5         | 5952/100000 [00:38<10:38, 147.25it/s]
2025-12-30 13:35:53 - ERROR - 处理S参数:   6%|5         | 5967/100000 [00:38<10:38, 147.19it/s]
2025-12-30 13:35:53 - ERROR - 处理S参数:   6%|5         | 5982/100000 [00:38<10:36, 147.65it/s]
2025-12-30 13:35:53 - ERROR - 处理S参数:   6%|5         | 5997/100000 [00:38<10:36, 147.76it/s]
2025-12-30 13:35:53 - ERROR - 处理S参数:   6%|6         | 6012/100000 [00:38<10:34, 148.18it/s]
2025-12-30 13:35:53 - ERROR - 处理S参数:   6%|6         | 6027/100000 [00:38<10:34, 148.20it/s]
2025-12-30 13:35:53 - ERROR - 处理S参数:   6%|6         | 6042/100000 [00:38<10:33, 148.42it/s]
2025-12-30 13:35:54 - ERROR - 处理S参数:   6%|6         | 6057/100000 [00:38<10:33, 148.27it/s]
2025-12-30 13:35:54 - ERROR - 处理S参数:   6%|6         | 6072/100000 [00:38<10:33, 148.16it/s]
2025-12-30 13:35:54 - ERROR - 处理S参数:   6%|6         | 6087/100000 [00:39<10:36, 147.66it/s]
2025-12-30 13:35:54 - ERROR - 处理S参数:   6%|6         | 6102/100000 [00:39<10:35, 147.80it/s]
2025-12-30 13:35:54 - ERROR - 处理S参数:   6%|6         | 6117/100000 [00:39<10:34, 147.91it/s]
2025-12-30 13:35:54 - ERROR - 处理S参数:   6%|6         | 6132/100000 [00:39<10:34, 147.85it/s]
2025-12-30 13:35:54 - ERROR - 处理S参数:   6%|6         | 6147/100000 [00:39<10:34, 147.86it/s]
2025-12-30 13:35:54 - ERROR - 处理S参数:   6%|6         | 6162/100000 [00:39<10:34, 147.91it/s]
2025-12-30 13:35:54 - ERROR - 处理S参数:   6%|6         | 6177/100000 [00:39<10:33, 148.04it/s]
2025-12-30 13:35:54 - ERROR - 处理S参数:   6%|6         | 6192/100000 [00:39<10:33, 148.06it/s]
2025-12-30 13:35:55 - ERROR - 处理S参数:   6%|6         | 6207/100000 [00:39<10:34, 147.90it/s]
2025-12-30 13:35:55 - ERROR - 处理S参数:   6%|6         | 6222/100000 [00:40<10:34, 147.83it/s]
2025-12-30 13:35:55 - ERROR - 处理S参数:   6%|6         | 6237/100000 [00:40<10:34, 147.79it/s]
2025-12-30 13:35:55 - ERROR - 处理S参数:   6%|6         | 6252/100000 [00:40<10:35, 147.60it/s]
2025-12-30 13:35:55 - ERROR - 处理S参数:   6%|6         | 6267/100000 [00:40<10:38, 146.91it/s]
2025-12-30 13:35:55 - ERROR - 处理S参数:   6%|6         | 6282/100000 [00:40<10:38, 146.84it/s]
2025-12-30 13:35:55 - ERROR - 处理S参数:   6%|6         | 6297/100000 [00:40<10:37, 146.92it/s]
2025-12-30 13:35:55 - ERROR - 处理S参数:   6%|6         | 6312/100000 [00:40<10:38, 146.83it/s]
2025-12-30 13:35:55 - ERROR - 处理S参数:   6%|6         | 6327/100000 [00:40<10:37, 146.88it/s]
2025-12-30 13:35:55 - ERROR - 处理S参数:   6%|6         | 6342/100000 [00:40<10:37, 147.01it/s]
2025-12-30 13:35:56 - ERROR - 处理S参数:   6%|6         | 6357/100000 [00:40<10:36, 147.04it/s]
2025-12-30 13:35:56 - ERROR - 处理S参数:   6%|6         | 6372/100000 [00:41<10:36, 147.09it/s]
2025-12-30 13:35:56 - ERROR - 处理S参数:   6%|6         | 6387/100000 [00:41<10:36, 146.97it/s]
2025-12-30 13:35:56 - ERROR - 处理S参数:   6%|6         | 6402/100000 [00:41<10:39, 146.43it/s]
2025-12-30 13:35:56 - ERROR - 处理S参数:   6%|6         | 6417/100000 [00:41<10:41, 145.91it/s]
2025-12-30 13:35:56 - ERROR - 处理S参数:   6%|6         | 6432/100000 [00:41<10:41, 145.90it/s]
2025-12-30 13:35:56 - ERROR - 处理S参数:   6%|6         | 6447/100000 [00:41<10:40, 145.95it/s]
2025-12-30 13:35:56 - ERROR - 处理S参数:   6%|6         | 6462/100000 [00:41<10:41, 145.86it/s]
2025-12-30 13:35:56 - ERROR - 处理S参数:   6%|6         | 6477/100000 [00:41<10:41, 145.85it/s]
2025-12-30 13:35:56 - ERROR - 处理S参数:   6%|6         | 6492/100000 [00:41<10:39, 146.17it/s]
2025-12-30 13:35:57 - ERROR - 处理S参数:   7%|6         | 6507/100000 [00:41<10:38, 146.45it/s]
2025-12-30 13:35:57 - ERROR - 处理S参数:   7%|6         | 6522/100000 [00:42<10:36, 146.82it/s]
2025-12-30 13:35:57 - ERROR - 处理S参数:   7%|6         | 6537/100000 [00:42<10:35, 147.01it/s]
2025-12-30 13:35:57 - ERROR - 处理S参数:   7%|6         | 6552/100000 [00:42<10:35, 147.16it/s]
2025-12-30 13:35:57 - ERROR - 处理S参数:   7%|6         | 6567/100000 [00:42<10:35, 146.96it/s]
2025-12-30 13:35:57 - ERROR - 处理S参数:   7%|6         | 6582/100000 [00:42<10:36, 146.85it/s]
2025-12-30 13:35:57 - ERROR - 处理S参数:   7%|6         | 6597/100000 [00:42<10:37, 146.60it/s]
2025-12-30 13:35:57 - ERROR - 处理S参数:   7%|6         | 6612/100000 [00:42<10:37, 146.50it/s]
2025-12-30 13:35:57 - ERROR - 处理S参数:   7%|6         | 6627/100000 [00:42<10:37, 146.44it/s]
2025-12-30 13:35:58 - ERROR - 处理S参数:   7%|6         | 6642/100000 [00:42<10:37, 146.53it/s]
2025-12-30 13:35:58 - ERROR - 处理S参数:   7%|6         | 6657/100000 [00:42<10:37, 146.53it/s]
2025-12-30 13:35:58 - ERROR - 处理S参数:   7%|6         | 6672/100000 [00:43<10:36, 146.55it/s]
2025-12-30 13:35:58 - ERROR - 处理S参数:   7%|6         | 6687/100000 [00:43<10:36, 146.50it/s]
2025-12-30 13:35:58 - ERROR - 处理S参数:   7%|6         | 6702/100000 [00:43<10:38, 146.13it/s]
2025-12-30 13:35:58 - ERROR - 处理S参数:   7%|6         | 6717/100000 [00:43<10:39, 145.94it/s]
2025-12-30 13:35:58 - ERROR - 处理S参数:   7%|6         | 6732/100000 [00:43<10:39, 145.95it/s]
2025-12-30 13:35:58 - ERROR - 处理S参数:   7%|6         | 6747/100000 [00:43<10:39, 145.88it/s]
2025-12-30 13:35:58 - ERROR - 处理S参数:   7%|6         | 6762/100000 [00:43<10:38, 145.92it/s]
2025-12-30 13:35:58 - ERROR - 处理S参数:   7%|6         | 6777/100000 [00:43<10:39, 145.88it/s]
2025-12-30 13:35:59 - ERROR - 处理S参数:   7%|6         | 6792/100000 [00:43<10:38, 145.91it/s]
2025-12-30 13:35:59 - ERROR - 处理S参数:   7%|6         | 6807/100000 [00:44<10:38, 145.86it/s]
2025-12-30 13:35:59 - ERROR - 处理S参数:   7%|6         | 6822/100000 [00:44<10:40, 145.43it/s]
2025-12-30 13:35:59 - ERROR - 处理S参数:   7%|6         | 6837/100000 [00:44<10:40, 145.36it/s]
2025-12-30 13:35:59 - ERROR - 处理S参数:   7%|6         | 6852/100000 [00:44<10:40, 145.44it/s]
2025-12-30 13:35:59 - ERROR - 处理S参数:   7%|6         | 6867/100000 [00:44<10:40, 145.49it/s]
2025-12-30 13:35:59 - ERROR - 处理S参数:   7%|6         | 6882/100000 [00:44<10:39, 145.54it/s]
2025-12-30 13:35:59 - ERROR - 处理S参数:   7%|6         | 6897/100000 [00:44<10:39, 145.48it/s]
2025-12-30 13:35:59 - ERROR - 处理S参数:   7%|6         | 6912/100000 [00:44<10:38, 145.70it/s]
2025-12-30 13:35:59 - ERROR - 处理S参数:   7%|6         | 6927/100000 [00:44<10:38, 145.67it/s]
2025-12-30 13:36:00 - ERROR - 处理S参数:   7%|6         | 6942/100000 [00:44<10:38, 145.64it/s]
2025-12-30 13:36:00 - ERROR - 处理S参数:   7%|6         | 6957/100000 [00:45<10:39, 145.60it/s]
2025-12-30 13:36:00 - ERROR - 处理S参数:   7%|6         | 6972/100000 [00:45<10:39, 145.53it/s]
2025-12-30 13:36:00 - ERROR - 处理S参数:   7%|6         | 6987/100000 [00:45<10:38, 145.62it/s]
2025-12-30 13:36:00 - ERROR - 处理S参数:   7%|7         | 7002/100000 [00:45<10:38, 145.62it/s]
2025-12-30 13:36:00 - ERROR - 处理S参数:   7%|7         | 7017/100000 [00:45<10:37, 145.86it/s]
2025-12-30 13:36:00 - ERROR - 处理S参数:   7%|7         | 7032/100000 [00:45<10:37, 145.85it/s]
2025-12-30 13:36:00 - ERROR - 处理S参数:   7%|7         | 7047/100000 [00:45<10:37, 145.91it/s]
2025-12-30 13:36:00 - ERROR - 处理S参数:   7%|7         | 7062/100000 [00:45<10:36, 145.98it/s]
2025-12-30 13:36:01 - ERROR - 处理S参数:   7%|7         | 7077/100000 [00:45<10:37, 145.81it/s]
2025-12-30 13:36:01 - ERROR - 处理S参数:   7%|7         | 7092/100000 [00:45<10:37, 145.62it/s]
2025-12-30 13:36:01 - ERROR - 处理S参数:   7%|7         | 7107/100000 [00:46<10:38, 145.50it/s]
2025-12-30 13:36:01 - ERROR - 处理S参数:   7%|7         | 7122/100000 [00:46<10:38, 145.46it/s]
2025-12-30 13:36:01 - ERROR - 处理S参数:   7%|7         | 7137/100000 [00:46<10:38, 145.42it/s]
2025-12-30 13:36:01 - ERROR - 处理S参数:   7%|7         | 7152/100000 [00:46<10:38, 145.38it/s]
2025-12-30 13:36:01 - ERROR - 处理S参数:   7%|7         | 7167/100000 [00:46<10:39, 145.26it/s]
2025-12-30 13:36:01 - ERROR - 处理S参数:   7%|7         | 7182/100000 [00:46<10:38, 145.27it/s]
2025-12-30 13:36:01 - ERROR - 处理S参数:   7%|7         | 7197/100000 [00:46<10:38, 145.31it/s]
2025-12-30 13:36:01 - ERROR - 处理S参数:   7%|7         | 7212/100000 [00:46<10:43, 144.30it/s]
2025-12-30 13:36:02 - ERROR - 处理S参数:   7%|7         | 7227/100000 [00:46<10:41, 144.51it/s]
2025-12-30 13:36:02 - ERROR - 处理S参数:   7%|7         | 7242/100000 [00:47<10:41, 144.65it/s]
2025-12-30 13:36:02 - ERROR - 处理S参数:   7%|7         | 7257/100000 [00:47<10:41, 144.53it/s]
2025-12-30 13:36:02 - ERROR - 处理S参数:   7%|7         | 7272/100000 [00:47<10:41, 144.61it/s]
2025-12-30 13:36:02 - ERROR - 处理S参数:   7%|7         | 7287/100000 [00:47<10:41, 144.55it/s]
2025-12-30 13:36:02 - ERROR - 处理S参数:   7%|7         | 7302/100000 [00:47<10:41, 144.48it/s]
2025-12-30 13:36:02 - ERROR - 处理S参数:   7%|7         | 7317/100000 [00:47<10:42, 144.36it/s]
2025-12-30 13:36:02 - ERROR - 处理S参数:   7%|7         | 7332/100000 [00:47<10:42, 144.29it/s]
2025-12-30 13:36:02 - ERROR - 处理S参数:   7%|7         | 7347/100000 [00:47<10:42, 144.24it/s]
2025-12-30 13:36:02 - ERROR - 处理S参数:   7%|7         | 7362/100000 [00:47<10:42, 144.21it/s]
2025-12-30 13:36:03 - ERROR - 处理S参数:   7%|7         | 7377/100000 [00:47<10:42, 144.09it/s]
2025-12-30 13:36:03 - ERROR - 处理S参数:   7%|7         | 7392/100000 [00:48<10:42, 144.14it/s]
2025-12-30 13:36:03 - ERROR - 处理S参数:   7%|7         | 7407/100000 [00:48<10:43, 143.85it/s]
2025-12-30 13:36:03 - ERROR - 处理S参数:   7%|7         | 7422/100000 [00:48<10:43, 143.80it/s]
2025-12-30 13:36:03 - ERROR - 处理S参数:   7%|7         | 7437/100000 [00:48<10:43, 143.80it/s]
2025-12-30 13:36:03 - ERROR - 处理S参数:   7%|7         | 7452/100000 [00:48<10:43, 143.77it/s]
2025-12-30 13:36:03 - ERROR - 处理S参数:   7%|7         | 7467/100000 [00:48<10:43, 143.76it/s]
2025-12-30 13:36:03 - ERROR - 处理S参数:   7%|7         | 7482/100000 [00:48<10:43, 143.77it/s]
2025-12-30 13:36:03 - ERROR - 处理S参数:   7%|7         | 7497/100000 [00:48<10:43, 143.80it/s]
2025-12-30 13:36:04 - ERROR - 处理S参数:   8%|7         | 7512/100000 [00:48<10:42, 143.93it/s]
2025-12-30 13:36:04 - ERROR - 处理S参数:   8%|7         | 7527/100000 [00:48<10:41, 144.12it/s]
2025-12-30 13:36:04 - ERROR - 处理S参数:   8%|7         | 7542/100000 [00:49<10:41, 144.18it/s]
2025-12-30 13:36:04 - ERROR - 处理S参数:   8%|7         | 7557/100000 [00:49<10:41, 144.09it/s]
2025-12-30 13:36:04 - ERROR - 处理S参数:   8%|7         | 7572/100000 [00:49<10:41, 144.14it/s]
2025-12-30 13:36:04 - ERROR - 处理S参数:   8%|7         | 7587/100000 [00:49<10:42, 143.86it/s]
2025-12-30 13:36:04 - ERROR - 处理S参数:   8%|7         | 7602/100000 [00:49<10:43, 143.69it/s]
2025-12-30 13:36:04 - ERROR - 处理S参数:   8%|7         | 7617/100000 [00:49<10:44, 143.34it/s]
2025-12-30 13:36:04 - ERROR - 处理S参数:   8%|7         | 7632/100000 [00:49<10:46, 142.78it/s]
2025-12-30 13:36:04 - ERROR - 处理S参数:   8%|7         | 7647/100000 [00:49<10:46, 142.77it/s]
2025-12-30 13:36:05 - ERROR - 处理S参数:   8%|7         | 7662/100000 [00:49<10:46, 142.78it/s]
2025-12-30 13:36:05 - ERROR - 处理S参数:   8%|7         | 7677/100000 [00:50<10:47, 142.60it/s]
2025-12-30 13:36:05 - ERROR - 处理S参数:   8%|7         | 7692/100000 [00:50<10:47, 142.64it/s]
2025-12-30 13:36:05 - ERROR - 处理S参数:   8%|7         | 7707/100000 [00:50<10:46, 142.82it/s]
2025-12-30 13:36:05 - ERROR - 处理S参数:   8%|7         | 7722/100000 [00:50<10:46, 142.82it/s]
2025-12-30 13:36:05 - ERROR - 处理S参数:   8%|7         | 7737/100000 [00:50<10:45, 142.86it/s]
2025-12-30 13:36:05 - ERROR - 处理S参数:   8%|7         | 7752/100000 [00:50<10:47, 142.53it/s]
2025-12-30 13:36:05 - ERROR - 处理S参数:   8%|7         | 7767/100000 [00:50<10:48, 142.28it/s]
2025-12-30 13:36:05 - ERROR - 处理S参数:   8%|7         | 7782/100000 [00:50<10:49, 141.93it/s]
2025-12-30 13:36:06 - ERROR - 处理S参数:   8%|7         | 7797/100000 [00:50<10:50, 141.65it/s]
2025-12-30 13:36:06 - ERROR - 处理S参数:   8%|7         | 7812/100000 [00:50<10:51, 141.45it/s]
2025-12-30 13:36:06 - ERROR - 处理S参数:   8%|7         | 7827/100000 [00:51<10:52, 141.27it/s]
2025-12-30 13:36:06 - ERROR - 处理S参数:   8%|7         | 7842/100000 [00:51<10:51, 141.50it/s]
2025-12-30 13:36:06 - ERROR - 处理S参数:   8%|7         | 7857/100000 [00:51<10:52, 141.21it/s]
2025-12-30 13:36:06 - ERROR - 处理S参数:   8%|7         | 7872/100000 [00:51<10:52, 141.22it/s]
2025-12-30 13:36:06 - ERROR - 处理S参数:   8%|7         | 7887/100000 [00:51<10:52, 141.20it/s]
2025-12-30 13:36:06 - ERROR - 处理S参数:   8%|7         | 7902/100000 [00:51<10:51, 141.31it/s]
2025-12-30 13:36:06 - ERROR - 处理S参数:   8%|7         | 7917/100000 [00:51<10:51, 141.33it/s]
2025-12-30 13:36:06 - ERROR - 处理S参数:   8%|7         | 7932/100000 [00:51<10:50, 141.60it/s]
2025-12-30 13:36:07 - ERROR - 处理S参数:   8%|7         | 7947/100000 [00:51<10:49, 141.70it/s]
2025-12-30 13:36:07 - ERROR - 处理S参数:   8%|7         | 7962/100000 [00:52<10:49, 141.75it/s]
2025-12-30 13:36:07 - ERROR - 处理S参数:   8%|7         | 7977/100000 [00:52<10:49, 141.71it/s]
2025-12-30 13:36:07 - ERROR - 处理S参数:   8%|7         | 7992/100000 [00:52<10:48, 141.79it/s]
2025-12-30 13:36:07 - ERROR - 处理S参数:   8%|8         | 8007/100000 [00:52<10:48, 141.94it/s]
2025-12-30 13:36:07 - ERROR - 处理S参数:   8%|8         | 8022/100000 [00:52<10:46, 142.22it/s]
2025-12-30 13:36:07 - ERROR - 处理S参数:   8%|8         | 8037/100000 [00:52<10:46, 142.26it/s]
2025-12-30 13:36:07 - ERROR - 处理S参数:   8%|8         | 8052/100000 [00:52<10:46, 142.27it/s]
2025-12-30 13:36:07 - ERROR - 处理S参数:   8%|8         | 8067/100000 [00:52<10:44, 142.61it/s]
2025-12-30 13:36:08 - ERROR - 处理S参数:   8%|8         | 8082/100000 [00:52<10:45, 142.49it/s]
2025-12-30 13:36:08 - ERROR - 处理S参数:   8%|8         | 8097/100000 [00:52<10:46, 142.12it/s]
2025-12-30 13:36:08 - ERROR - 处理S参数:   8%|8         | 8112/100000 [00:53<10:47, 141.84it/s]
2025-12-30 13:36:08 - ERROR - 处理S参数:   8%|8         | 8127/100000 [00:53<10:48, 141.64it/s]
2025-12-30 13:36:08 - ERROR - 处理S参数:   8%|8         | 8142/100000 [00:53<10:48, 141.60it/s]
2025-12-30 13:36:08 - ERROR - 处理S参数:   8%|8         | 8157/100000 [00:53<10:47, 141.83it/s]
2025-12-30 13:36:08 - ERROR - 处理S参数:   8%|8         | 8172/100000 [00:53<10:47, 141.77it/s]
2025-12-30 13:36:08 - ERROR - 处理S参数:   8%|8         | 8187/100000 [00:53<10:49, 141.37it/s]
2025-12-30 13:36:08 - ERROR - 处理S参数:   8%|8         | 8202/100000 [00:53<10:49, 141.40it/s]
2025-12-30 13:36:08 - ERROR - 处理S参数:   8%|8         | 8217/100000 [00:53<10:49, 141.27it/s]
2025-12-30 13:36:09 - ERROR - 处理S参数:   8%|8         | 8232/100000 [00:53<10:50, 141.17it/s]
2025-12-30 13:36:09 - ERROR - 处理S参数:   8%|8         | 8247/100000 [00:54<10:50, 141.15it/s]
2025-12-30 13:36:09 - ERROR - 处理S参数:   8%|8         | 8262/100000 [00:54<10:50, 141.11it/s]
2025-12-30 13:36:09 - ERROR - 处理S参数:   8%|8         | 8277/100000 [00:54<10:50, 141.06it/s]
2025-12-30 13:36:09 - ERROR - 处理S参数:   8%|8         | 8292/100000 [00:54<10:50, 141.01it/s]
2025-12-30 13:36:09 - ERROR - 处理S参数:   8%|8         | 8307/100000 [00:54<10:52, 140.49it/s]
2025-12-30 13:36:09 - ERROR - 处理S参数:   8%|8         | 8322/100000 [00:54<10:52, 140.48it/s]
2025-12-30 13:36:09 - ERROR - 处理S参数:   8%|8         | 8337/100000 [00:54<10:51, 140.67it/s]
2025-12-30 13:36:09 - ERROR - 处理S参数:   8%|8         | 8352/100000 [00:54<10:51, 140.60it/s]
2025-12-30 13:36:10 - ERROR - 处理S参数:   8%|8         | 8367/100000 [00:54<10:52, 140.54it/s]
2025-12-30 13:36:10 - ERROR - 处理S参数:   8%|8         | 8382/100000 [00:55<10:51, 140.65it/s]
2025-12-30 13:36:10 - ERROR - 处理S参数:   8%|8         | 8397/100000 [00:55<10:51, 140.59it/s]
2025-12-30 13:36:10 - ERROR - 处理S参数:   8%|8         | 8412/100000 [00:55<10:51, 140.60it/s]
2025-12-30 13:36:10 - ERROR - 处理S参数:   8%|8         | 8427/100000 [00:55<10:51, 140.51it/s]
2025-12-30 13:36:10 - ERROR - 处理S参数:   8%|8         | 8442/100000 [00:55<10:51, 140.46it/s]
2025-12-30 13:36:10 - ERROR - 处理S参数:   8%|8         | 8457/100000 [00:55<10:52, 140.31it/s]
2025-12-30 13:36:10 - ERROR - 处理S参数:   8%|8         | 8472/100000 [00:55<10:52, 140.35it/s]
2025-12-30 13:36:10 - ERROR - 处理S参数:   8%|8         | 8487/100000 [00:55<10:52, 140.16it/s]
2025-12-30 13:36:11 - ERROR - 处理S参数:   9%|8         | 8502/100000 [00:55<10:52, 140.16it/s]
2025-12-30 13:36:11 - ERROR - 处理S参数:   9%|8         | 8517/100000 [00:55<10:51, 140.38it/s]
2025-12-30 13:36:11 - ERROR - 处理S参数:   9%|8         | 8532/100000 [00:56<10:50, 140.58it/s]
2025-12-30 13:36:11 - ERROR - 处理S参数:   9%|8         | 8547/100000 [00:56<10:50, 140.68it/s]
2025-12-30 13:36:11 - ERROR - 处理S参数:   9%|8         | 8562/100000 [00:56<10:50, 140.64it/s]
2025-12-30 13:36:11 - ERROR - 处理S参数:   9%|8         | 8577/100000 [00:56<10:50, 140.57it/s]
2025-12-30 13:36:11 - ERROR - 处理S参数:   9%|8         | 8592/100000 [00:56<10:50, 140.53it/s]
2025-12-30 13:36:11 - ERROR - 处理S参数:   9%|8         | 8607/100000 [00:56<10:51, 140.24it/s]
2025-12-30 13:36:11 - ERROR - 处理S参数:   9%|8         | 8622/100000 [00:56<10:52, 140.10it/s]
2025-12-30 13:36:11 - ERROR - 处理S参数:   9%|8         | 8637/100000 [00:56<10:52, 139.93it/s]
2025-12-30 13:36:12 - ERROR - 处理S参数:   9%|8         | 8651/100000 [00:56<10:53, 139.84it/s]
2025-12-30 13:36:12 - ERROR - 处理S参数:   9%|8         | 8665/100000 [00:57<10:53, 139.66it/s]
2025-12-30 13:36:12 - ERROR - 处理S参数:   9%|8         | 8679/100000 [00:57<10:53, 139.71it/s]
2025-12-30 13:36:12 - ERROR - 处理S参数:   9%|8         | 8693/100000 [00:57<10:56, 139.00it/s]
2025-12-30 13:36:12 - ERROR - 处理S参数:   9%|8         | 8707/100000 [00:57<10:58, 138.67it/s]
2025-12-30 13:36:12 - ERROR - 处理S参数:   9%|8         | 8721/100000 [00:57<10:59, 138.37it/s]
2025-12-30 13:36:12 - ERROR - 处理S参数:   9%|8         | 8735/100000 [00:57<10:58, 138.51it/s]
2025-12-30 13:36:12 - ERROR - 处理S参数:   9%|8         | 8749/100000 [00:57<10:58, 138.63it/s]
2025-12-30 13:36:12 - ERROR - 处理S参数:   9%|8         | 8763/100000 [00:57<10:56, 139.02it/s]
2025-12-30 13:36:12 - ERROR - 处理S参数:   9%|8         | 8777/100000 [00:57<10:55, 139.07it/s]
2025-12-30 13:36:13 - ERROR - 处理S参数:   9%|8         | 8791/100000 [00:57<10:55, 139.13it/s]
2025-12-30 13:36:13 - ERROR - 处理S参数:   9%|8         | 8805/100000 [00:58<10:56, 138.98it/s]
2025-12-30 13:36:13 - ERROR - 处理S参数:   9%|8         | 8819/100000 [00:58<10:56, 138.96it/s]
2025-12-30 13:36:13 - ERROR - 处理S参数:   9%|8         | 8833/100000 [00:58<10:56, 138.89it/s]
2025-12-30 13:36:13 - ERROR - 处理S参数:   9%|8         | 8847/100000 [00:58<10:56, 138.84it/s]
2025-12-30 13:36:13 - ERROR - 处理S参数:   9%|8         | 8861/100000 [00:58<10:56, 138.79it/s]
2025-12-30 13:36:13 - ERROR - 处理S参数:   9%|8         | 8875/100000 [00:58<10:56, 138.74it/s]
2025-12-30 13:36:13 - ERROR - 处理S参数:   9%|8         | 8889/100000 [00:58<10:57, 138.66it/s]
2025-12-30 13:36:13 - ERROR - 处理S参数:   9%|8         | 8903/100000 [00:58<10:57, 138.64it/s]
2025-12-30 13:36:13 - ERROR - 处理S参数:   9%|8         | 8917/100000 [00:58<10:56, 138.74it/s]
2025-12-30 13:36:14 - ERROR - 处理S参数:   9%|8         | 8931/100000 [00:58<10:56, 138.63it/s]
2025-12-30 13:36:14 - ERROR - 处理S参数:   9%|8         | 8945/100000 [00:59<10:56, 138.71it/s]
2025-12-30 13:36:14 - ERROR - 处理S参数:   9%|8         | 8959/100000 [00:59<10:56, 138.64it/s]
2025-12-30 13:36:14 - ERROR - 处理S参数:   9%|8         | 8973/100000 [00:59<10:59, 138.09it/s]
2025-12-30 13:36:14 - ERROR - 处理S参数:   9%|8         | 8987/100000 [00:59<10:57, 138.37it/s]
2025-12-30 13:36:14 - ERROR - 处理S参数:   9%|9         | 9001/100000 [00:59<10:57, 138.38it/s]
2025-12-30 13:36:14 - ERROR - 处理S参数:   9%|9         | 9015/100000 [00:59<10:56, 138.58it/s]
2025-12-30 13:36:14 - ERROR - 处理S参数:   9%|9         | 9029/100000 [00:59<10:55, 138.84it/s]
2025-12-30 13:36:14 - ERROR - 处理S参数:   9%|9         | 9043/100000 [00:59<10:55, 138.85it/s]
2025-12-30 13:36:14 - ERROR - 处理S参数:   9%|9         | 9057/100000 [00:59<10:54, 138.86it/s]
2025-12-30 13:36:15 - ERROR - 处理S参数:   9%|9         | 9071/100000 [00:59<10:54, 138.84it/s]
2025-12-30 13:36:15 - ERROR - 处理S参数:   9%|9         | 9085/100000 [01:00<10:55, 138.77it/s]
2025-12-30 13:36:15 - ERROR - 处理S参数:   9%|9         | 9099/100000 [01:00<10:55, 138.75it/s]
2025-12-30 13:36:15 - ERROR - 处理S参数:   9%|9         | 9113/100000 [01:00<10:56, 138.50it/s]
2025-12-30 13:36:15 - ERROR - 处理S参数:   9%|9         | 9127/100000 [01:00<10:57, 138.28it/s]
2025-12-30 13:36:15 - ERROR - 处理S参数:   9%|9         | 9141/100000 [01:00<10:57, 138.09it/s]
2025-12-30 13:36:15 - ERROR - 处理S参数:   9%|9         | 9155/100000 [01:00<11:00, 137.55it/s]
2025-12-30 13:36:15 - ERROR - 处理S参数:   9%|9         | 9169/100000 [01:00<10:59, 137.63it/s]
2025-12-30 13:36:15 - ERROR - 处理S参数:   9%|9         | 9183/100000 [01:00<11:00, 137.59it/s]
2025-12-30 13:36:16 - ERROR - 处理S参数:   9%|9         | 9197/100000 [01:00<10:58, 137.79it/s]
2025-12-30 13:36:16 - ERROR - 处理S参数:   9%|9         | 9211/100000 [01:00<10:59, 137.75it/s]
2025-12-30 13:36:16 - ERROR - 处理S参数:   9%|9         | 9225/100000 [01:01<10:59, 137.69it/s]
2025-12-30 13:36:16 - ERROR - 处理S参数:   9%|9         | 9239/100000 [01:01<10:59, 137.63it/s]
2025-12-30 13:36:16 - ERROR - 处理S参数:   9%|9         | 9253/100000 [01:01<11:00, 137.35it/s]
2025-12-30 13:36:16 - ERROR - 处理S参数:   9%|9         | 9267/100000 [01:01<11:02, 137.02it/s]
2025-12-30 13:36:16 - ERROR - 处理S参数:   9%|9         | 9281/100000 [01:01<11:16, 134.09it/s]
2025-12-30 13:36:16 - ERROR - 处理S参数:   9%|9         | 9295/100000 [01:01<11:18, 133.63it/s]
2025-12-30 13:36:16 - ERROR - 处理S参数:   9%|9         | 9309/100000 [01:01<11:20, 133.27it/s]
2025-12-30 13:36:16 - ERROR - 处理S参数:   9%|9         | 9323/100000 [01:01<11:21, 133.03it/s]
2025-12-30 13:36:17 - ERROR - 处理S参数:   9%|9         | 9337/100000 [01:01<11:21, 132.97it/s]
2025-12-30 13:36:17 - ERROR - 处理S参数:   9%|9         | 9351/100000 [01:02<11:24, 132.52it/s]
2025-12-30 13:36:17 - ERROR - 处理S参数:   9%|9         | 9365/100000 [01:02<11:24, 132.41it/s]
2025-12-30 13:36:17 - ERROR - 处理S参数:   9%|9         | 9379/100000 [01:02<11:25, 132.27it/s]
2025-12-30 13:36:17 - ERROR - 处理S参数:   9%|9         | 9393/100000 [01:02<11:25, 132.23it/s]
2025-12-30 13:36:17 - ERROR - 处理S参数:   9%|9         | 9407/100000 [01:02<11:25, 132.22it/s]
2025-12-30 13:36:17 - ERROR - 处理S参数:   9%|9         | 9421/100000 [01:02<11:25, 132.14it/s]
2025-12-30 13:36:17 - ERROR - 处理S参数:   9%|9         | 9435/100000 [01:02<11:24, 132.22it/s]
2025-12-30 13:36:17 - ERROR - 处理S参数:   9%|9         | 9449/100000 [01:02<11:24, 132.22it/s]
2025-12-30 13:36:18 - ERROR - 处理S参数:   9%|9         | 9463/100000 [01:02<11:25, 132.15it/s]
2025-12-30 13:36:18 - ERROR - 处理S参数:   9%|9         | 9477/100000 [01:02<11:25, 132.09it/s]
2025-12-30 13:36:18 - ERROR - 处理S参数:   9%|9         | 9491/100000 [01:03<11:23, 132.43it/s]
2025-12-30 13:36:18 - ERROR - 处理S参数:  10%|9         | 9505/100000 [01:03<11:23, 132.31it/s]
2025-12-30 13:36:18 - ERROR - 处理S参数:  10%|9         | 9519/100000 [01:03<11:27, 131.62it/s]
2025-12-30 13:36:18 - ERROR - 处理S参数:  10%|9         | 9533/100000 [01:03<11:27, 131.59it/s]
2025-12-30 13:36:18 - ERROR - 处理S参数:  10%|9         | 9547/100000 [01:03<11:28, 131.45it/s]
2025-12-30 13:36:18 - ERROR - 处理S参数:  10%|9         | 9561/100000 [01:03<11:27, 131.63it/s]
2025-12-30 13:36:18 - ERROR - 处理S参数:  10%|9         | 9575/100000 [01:03<11:26, 131.73it/s]
2025-12-30 13:36:18 - ERROR - 处理S参数:  10%|9         | 9589/100000 [01:03<11:26, 131.79it/s]
2025-12-30 13:36:19 - ERROR - 处理S参数:  10%|9         | 9603/100000 [01:03<11:25, 131.82it/s]
2025-12-30 13:36:19 - ERROR - 处理S参数:  10%|9         | 9617/100000 [01:04<11:26, 131.59it/s]
2025-12-30 13:36:19 - ERROR - 处理S参数:  10%|9         | 9631/100000 [01:04<11:28, 131.27it/s]
2025-12-30 13:36:19 - ERROR - 处理S参数:  10%|9         | 9645/100000 [01:04<11:29, 131.13it/s]
2025-12-30 13:36:19 - ERROR - 处理S参数:  10%|9         | 9659/100000 [01:04<11:28, 131.15it/s]
2025-12-30 13:36:19 - ERROR - 处理S参数:  10%|9         | 9673/100000 [01:04<11:28, 131.28it/s]
2025-12-30 13:36:19 - ERROR - 处理S参数:  10%|9         | 9687/100000 [01:04<11:28, 131.24it/s]
2025-12-30 13:36:19 - ERROR - 处理S参数:  10%|9         | 9701/100000 [01:04<11:28, 131.18it/s]
2025-12-30 13:36:19 - ERROR - 处理S参数:  10%|9         | 9715/100000 [01:04<11:27, 131.24it/s]
2025-12-30 13:36:20 - ERROR - 处理S参数:  10%|9         | 9729/100000 [01:04<11:28, 131.16it/s]
2025-12-30 13:36:20 - ERROR - 处理S参数:  10%|9         | 9743/100000 [01:04<11:28, 131.13it/s]
2025-12-30 13:36:20 - ERROR - 处理S参数:  10%|9         | 9757/100000 [01:05<11:28, 131.08it/s]
2025-12-30 13:36:20 - ERROR - 处理S参数:  10%|9         | 9771/100000 [01:05<11:28, 131.08it/s]
2025-12-30 13:36:20 - ERROR - 处理S参数:  10%|9         | 9785/100000 [01:05<11:28, 130.97it/s]
2025-12-30 13:36:20 - ERROR - 处理S参数:  10%|9         | 9799/100000 [01:05<11:27, 131.13it/s]
2025-12-30 13:36:20 - ERROR - 处理S参数:  10%|9         | 9813/100000 [01:05<11:28, 131.02it/s]
2025-12-30 13:36:20 - ERROR - 处理S参数:  10%|9         | 9827/100000 [01:05<11:28, 130.97it/s]
2025-12-30 13:36:20 - ERROR - 处理S参数:  10%|9         | 9841/100000 [01:05<11:28, 130.94it/s]
2025-12-30 13:36:20 - ERROR - 处理S参数:  10%|9         | 9855/100000 [01:05<11:28, 131.00it/s]
2025-12-30 13:36:21 - ERROR - 处理S参数:  10%|9         | 9869/100000 [01:05<11:27, 131.01it/s]
2025-12-30 13:36:21 - ERROR - 处理S参数:  10%|9         | 9883/100000 [01:06<11:28, 130.94it/s]
2025-12-30 13:36:21 - ERROR - 处理S参数:  10%|9         | 9897/100000 [01:06<11:28, 130.93it/s]
2025-12-30 13:36:21 - ERROR - 处理S参数:  10%|9         | 9911/100000 [01:06<11:28, 130.84it/s]
2025-12-30 13:36:21 - ERROR - 处理S参数:  10%|9         | 9925/100000 [01:06<11:27, 130.94it/s]
2025-12-30 13:36:21 - ERROR - 处理S参数:  10%|9         | 9939/100000 [01:06<11:27, 130.95it/s]
2025-12-30 13:36:21 - ERROR - 处理S参数:  10%|9         | 9953/100000 [01:06<11:28, 130.81it/s]
2025-12-30 13:36:21 - ERROR - 处理S参数:  10%|9         | 9967/100000 [01:06<11:28, 130.79it/s]
2025-12-30 13:36:21 - ERROR - 处理S参数:  10%|9         | 9981/100000 [01:06<11:28, 130.76it/s]
2025-12-30 13:36:22 - ERROR - 处理S参数:  10%|9         | 9995/100000 [01:06<11:27, 130.89it/s]
2025-12-30 13:36:22 - ERROR - 处理S参数:  10%|#         | 10009/100000 [01:07<11:27, 130.81it/s]
2025-12-30 13:36:22 - ERROR - 处理S参数:  10%|#         | 10023/100000 [01:07<11:27, 130.87it/s]
2025-12-30 13:36:22 - ERROR - 处理S参数:  10%|#         | 10037/100000 [01:07<11:26, 130.96it/s]
2025-12-30 13:36:22 - ERROR - 处理S参数:  10%|#         | 10051/100000 [01:07<11:27, 130.90it/s]
2025-12-30 13:36:22 - ERROR - 处理S参数:  10%|#         | 10065/100000 [01:07<11:27, 130.84it/s]
2025-12-30 13:36:22 - ERROR - 处理S参数:  10%|#         | 10079/100000 [01:07<11:27, 130.86it/s]
2025-12-30 13:36:22 - ERROR - 处理S参数:  10%|#         | 10093/100000 [01:07<11:27, 130.69it/s]
2025-12-30 13:36:22 - ERROR - 处理S参数:  10%|#         | 10107/100000 [01:07<11:27, 130.69it/s]
2025-12-30 13:36:23 - ERROR - 处理S参数:  10%|#         | 10121/100000 [01:07<11:27, 130.82it/s]
2025-12-30 13:36:23 - ERROR - 处理S参数:  10%|#         | 10135/100000 [01:07<11:28, 130.58it/s]
2025-12-30 13:36:23 - ERROR - 处理S参数:  10%|#         | 10149/100000 [01:08<11:29, 130.37it/s]
2025-12-30 13:36:23 - ERROR - 处理S参数:  10%|#         | 10163/100000 [01:08<11:29, 130.27it/s]
2025-12-30 13:36:23 - ERROR - 处理S参数:  10%|#         | 10177/100000 [01:08<11:29, 130.22it/s]
2025-12-30 13:36:23 - ERROR - 处理S参数:  10%|#         | 10191/100000 [01:08<11:29, 130.18it/s]
2025-12-30 13:36:23 - ERROR - 处理S参数:  10%|#         | 10205/100000 [01:08<11:30, 129.95it/s]
2025-12-30 13:36:23 - ERROR - 处理S参数:  10%|#         | 10218/100000 [01:08<11:32, 129.58it/s]
2025-12-30 13:36:23 - ERROR - 处理S参数:  10%|#         | 10231/100000 [01:08<11:33, 129.53it/s]
2025-12-30 13:36:23 - ERROR - 处理S参数:  10%|#         | 10244/100000 [01:08<11:32, 129.59it/s]
2025-12-30 13:36:24 - ERROR - 处理S参数:  10%|#         | 10257/100000 [01:08<11:32, 129.61it/s]
2025-12-30 13:36:24 - ERROR - 处理S参数:  10%|#         | 10270/100000 [01:09<11:31, 129.68it/s]
2025-12-30 13:36:24 - ERROR - 处理S参数:  10%|#         | 10283/100000 [01:09<11:31, 129.71it/s]
2025-12-30 13:36:24 - ERROR - 处理S参数:  10%|#         | 10296/100000 [01:09<11:35, 129.07it/s]
2025-12-30 13:36:24 - ERROR - 处理S参数:  10%|#         | 10309/100000 [01:09<11:38, 128.38it/s]
2025-12-30 13:36:24 - ERROR - 处理S参数:  10%|#         | 10322/100000 [01:09<11:36, 128.72it/s]
2025-12-30 13:36:24 - ERROR - 处理S参数:  10%|#         | 10335/100000 [01:09<11:35, 128.97it/s]
2025-12-30 13:36:24 - ERROR - 处理S参数:  10%|#         | 10348/100000 [01:09<11:34, 129.08it/s]
2025-12-30 13:36:24 - ERROR - 处理S参数:  10%|#         | 10361/100000 [01:09<11:33, 129.28it/s]
2025-12-30 13:36:24 - ERROR - 处理S参数:  10%|#         | 10374/100000 [01:09<11:32, 129.46it/s]
2025-12-30 13:36:25 - ERROR - 处理S参数:  10%|#         | 10387/100000 [01:09<11:31, 129.57it/s]
2025-12-30 13:36:25 - ERROR - 处理S参数:  10%|#         | 10400/100000 [01:10<11:30, 129.69it/s]
2025-12-30 13:36:25 - ERROR - 处理S参数:  10%|#         | 10414/100000 [01:10<11:29, 129.90it/s]
2025-12-30 13:36:25 - ERROR - 处理S参数:  10%|#         | 10427/100000 [01:10<11:29, 129.88it/s]
2025-12-30 13:36:25 - ERROR - 处理S参数:  10%|#         | 10440/100000 [01:10<11:29, 129.90it/s]
2025-12-30 13:36:25 - ERROR - 处理S参数:  10%|#         | 10453/100000 [01:10<11:29, 129.81it/s]
2025-12-30 13:36:25 - ERROR - 处理S参数:  10%|#         | 10466/100000 [01:10<11:29, 129.83it/s]
2025-12-30 13:36:25 - ERROR - 处理S参数:  10%|#         | 10479/100000 [01:10<11:29, 129.78it/s]
2025-12-30 13:36:25 - ERROR - 处理S参数:  10%|#         | 10492/100000 [01:10<11:30, 129.68it/s]
2025-12-30 13:36:25 - ERROR - 处理S参数:  11%|#         | 10505/100000 [01:10<11:29, 129.76it/s]
2025-12-30 13:36:26 - ERROR - 处理S参数:  11%|#         | 10519/100000 [01:10<11:29, 129.85it/s]
2025-12-30 13:36:26 - ERROR - 处理S参数:  11%|#         | 10532/100000 [01:11<11:29, 129.72it/s]
2025-12-30 13:36:26 - ERROR - 处理S参数:  11%|#         | 10545/100000 [01:11<11:29, 129.76it/s]
2025-12-30 13:36:26 - ERROR - 处理S参数:  11%|#         | 10559/100000 [01:11<11:28, 129.96it/s]
2025-12-30 13:36:26 - ERROR - 处理S参数:  11%|#         | 10572/100000 [01:11<11:29, 129.67it/s]
2025-12-30 13:36:26 - ERROR - 处理S参数:  11%|#         | 10585/100000 [01:11<11:31, 129.23it/s]
2025-12-30 13:36:26 - ERROR - 处理S参数:  11%|#         | 10598/100000 [01:11<11:34, 128.68it/s]
2025-12-30 13:36:26 - ERROR - 处理S参数:  11%|#         | 10611/100000 [01:11<11:35, 128.47it/s]
2025-12-30 13:36:26 - ERROR - 处理S参数:  11%|#         | 10624/100000 [01:11<11:35, 128.51it/s]
2025-12-30 13:36:27 - ERROR - 处理S参数:  11%|#         | 10637/100000 [01:11<11:36, 128.34it/s]
2025-12-30 13:36:27 - ERROR - 处理S参数:  11%|#         | 10650/100000 [01:11<11:37, 128.14it/s]
2025-12-30 13:36:27 - ERROR - 处理S参数:  11%|#         | 10663/100000 [01:12<11:38, 127.96it/s]
2025-12-30 13:36:27 - ERROR - 处理S参数:  11%|#         | 10676/100000 [01:12<11:37, 128.08it/s]
2025-12-30 13:36:27 - ERROR - 处理S参数:  11%|#         | 10689/100000 [01:12<11:37, 128.04it/s]
2025-12-30 13:36:27 - ERROR - 处理S参数:  11%|#         | 10702/100000 [01:12<11:37, 127.94it/s]
2025-12-30 13:36:27 - ERROR - 处理S参数:  11%|#         | 10715/100000 [01:12<11:38, 127.80it/s]
2025-12-30 13:36:27 - ERROR - 处理S参数:  11%|#         | 10728/100000 [01:12<11:38, 127.82it/s]
2025-12-30 13:36:27 - ERROR - 处理S参数:  11%|#         | 10741/100000 [01:12<11:38, 127.75it/s]
2025-12-30 13:36:27 - ERROR - 处理S参数:  11%|#         | 10754/100000 [01:12<11:38, 127.74it/s]
2025-12-30 13:36:28 - ERROR - 处理S参数:  11%|#         | 10767/100000 [01:12<11:38, 127.70it/s]
2025-12-30 13:36:28 - ERROR - 处理S参数:  11%|#         | 10780/100000 [01:12<11:38, 127.66it/s]
2025-12-30 13:36:28 - ERROR - 处理S参数:  11%|#         | 10793/100000 [01:13<11:38, 127.71it/s]
2025-12-30 13:36:28 - ERROR - 处理S参数:  11%|#         | 10806/100000 [01:13<11:38, 127.65it/s]
2025-12-30 13:36:28 - ERROR - 处理S参数:  11%|#         | 10819/100000 [01:13<11:39, 127.57it/s]
2025-12-30 13:36:28 - ERROR - 处理S参数:  11%|#         | 10832/100000 [01:13<11:39, 127.45it/s]
2025-12-30 13:36:28 - ERROR - 处理S参数:  11%|#         | 10845/100000 [01:13<11:38, 127.65it/s]
2025-12-30 13:36:28 - ERROR - 处理S参数:  11%|#         | 10858/100000 [01:13<11:36, 127.94it/s]
2025-12-30 13:36:28 - ERROR - 处理S参数:  11%|#         | 10871/100000 [01:13<11:36, 128.00it/s]
2025-12-30 13:36:28 - ERROR - 处理S参数:  11%|#         | 10884/100000 [01:13<11:34, 128.31it/s]
2025-12-30 13:36:29 - ERROR - 处理S参数:  11%|#         | 10897/100000 [01:13<11:33, 128.39it/s]
2025-12-30 13:36:29 - ERROR - 处理S参数:  11%|#         | 10910/100000 [01:14<11:33, 128.45it/s]
2025-12-30 13:36:29 - ERROR - 处理S参数:  11%|#         | 10923/100000 [01:14<11:33, 128.42it/s]
2025-12-30 13:36:29 - ERROR - 处理S参数:  11%|#         | 10936/100000 [01:14<11:36, 127.83it/s]
2025-12-30 13:36:29 - ERROR - 处理S参数:  11%|#         | 10949/100000 [01:14<11:41, 126.89it/s]
2025-12-30 13:36:29 - ERROR - 处理S参数:  11%|#         | 10962/100000 [01:14<11:45, 126.29it/s]
2025-12-30 13:36:29 - ERROR - 处理S参数:  11%|#         | 10975/100000 [01:14<11:47, 125.83it/s]
2025-12-30 13:36:29 - ERROR - 处理S参数:  11%|#         | 10988/100000 [01:14<11:47, 125.79it/s]
2025-12-30 13:36:29 - ERROR - 处理S参数:  11%|#1        | 11001/100000 [01:14<11:43, 126.44it/s]
2025-12-30 13:36:29 - ERROR - 处理S参数:  11%|#1        | 11014/100000 [01:14<11:39, 127.19it/s]
2025-12-30 13:36:30 - ERROR - 处理S参数:  11%|#1        | 11027/100000 [01:14<11:37, 127.61it/s]
2025-12-30 13:36:30 - ERROR - 处理S参数:  11%|#1        | 11040/100000 [01:15<11:35, 127.98it/s]
2025-12-30 13:36:30 - ERROR - 处理S参数:  11%|#1        | 11053/100000 [01:15<11:34, 128.05it/s]
2025-12-30 13:36:30 - ERROR - 处理S参数:  11%|#1        | 11066/100000 [01:15<11:33, 128.24it/s]
2025-12-30 13:36:30 - ERROR - 处理S参数:  11%|#1        | 11079/100000 [01:15<11:33, 128.28it/s]
2025-12-30 13:36:30 - ERROR - 处理S参数:  11%|#1        | 11092/100000 [01:15<11:32, 128.37it/s]
2025-12-30 13:36:30 - ERROR - 处理S参数:  11%|#1        | 11105/100000 [01:15<11:32, 128.46it/s]
2025-12-30 13:36:30 - ERROR - 处理S参数:  11%|#1        | 11118/100000 [01:15<11:31, 128.47it/s]
2025-12-30 13:36:30 - ERROR - 处理S参数:  11%|#1        | 11131/100000 [01:15<11:31, 128.45it/s]
2025-12-30 13:36:30 - ERROR - 处理S参数:  11%|#1        | 11144/100000 [01:15<11:31, 128.47it/s]
2025-12-30 13:36:31 - ERROR - 处理S参数:  11%|#1        | 11157/100000 [01:15<11:32, 128.23it/s]
2025-12-30 13:36:31 - ERROR - 处理S参数:  11%|#1        | 11170/100000 [01:16<11:33, 128.08it/s]
2025-12-30 13:36:31 - ERROR - 处理S参数:  11%|#1        | 11183/100000 [01:16<11:34, 127.95it/s]
2025-12-30 13:36:31 - ERROR - 处理S参数:  11%|#1        | 11196/100000 [01:16<11:34, 127.88it/s]
2025-12-30 13:36:31 - ERROR - 处理S参数:  11%|#1        | 11209/100000 [01:16<11:37, 127.31it/s]
2025-12-30 13:36:31 - ERROR - 处理S参数:  11%|#1        | 11222/100000 [01:16<11:37, 127.36it/s]
2025-12-30 13:36:31 - ERROR - 处理S参数:  11%|#1        | 11235/100000 [01:16<11:37, 127.21it/s]
2025-12-30 13:36:31 - ERROR - 处理S参数:  11%|#1        | 11248/100000 [01:16<11:38, 126.98it/s]
2025-12-30 13:36:31 - ERROR - 处理S参数:  11%|#1        | 11261/100000 [01:16<11:37, 127.21it/s]
2025-12-30 13:36:32 - ERROR - 处理S参数:  11%|#1        | 11274/100000 [01:16<11:36, 127.41it/s]
2025-12-30 13:36:32 - ERROR - 处理S参数:  11%|#1        | 11287/100000 [01:16<11:36, 127.39it/s]
2025-12-30 13:36:32 - ERROR - 处理S参数:  11%|#1        | 11300/100000 [01:17<11:35, 127.51it/s]
2025-12-30 13:36:32 - ERROR - 处理S参数:  11%|#1        | 11313/100000 [01:17<11:35, 127.47it/s]
2025-12-30 13:36:32 - ERROR - 处理S参数:  11%|#1        | 11326/100000 [01:17<11:35, 127.48it/s]
2025-12-30 13:36:32 - ERROR - 处理S参数:  11%|#1        | 11339/100000 [01:17<11:37, 127.19it/s]
2025-12-30 13:36:32 - ERROR - 处理S参数:  11%|#1        | 11352/100000 [01:17<11:35, 127.51it/s]
2025-12-30 13:36:32 - ERROR - 处理S参数:  11%|#1        | 11365/100000 [01:17<11:35, 127.44it/s]
2025-12-30 13:36:32 - ERROR - 处理S参数:  11%|#1        | 11378/100000 [01:17<11:34, 127.69it/s]
2025-12-30 13:36:32 - ERROR - 处理S参数:  11%|#1        | 11391/100000 [01:17<11:59, 123.23it/s]
2025-12-30 13:36:33 - ERROR - 处理S参数:  11%|#1        | 11404/100000 [01:17<12:18, 119.94it/s]
2025-12-30 13:36:33 - ERROR - 处理S参数:  11%|#1        | 11417/100000 [01:18<12:28, 118.43it/s]
2025-12-30 13:36:33 - ERROR - 处理S参数:  11%|#1        | 11429/100000 [01:18<12:35, 117.22it/s]
2025-12-30 13:36:33 - ERROR - 处理S参数:  11%|#1        | 11441/100000 [01:18<12:38, 116.81it/s]
2025-12-30 13:36:33 - ERROR - 处理S参数:  11%|#1        | 11453/100000 [01:18<12:50, 114.97it/s]
2025-12-30 13:36:33 - ERROR - 处理S参数:  11%|#1        | 11465/100000 [01:18<12:48, 115.23it/s]
2025-12-30 13:36:33 - ERROR - 处理S参数:  11%|#1        | 11477/100000 [01:18<12:54, 114.32it/s]
2025-12-30 13:36:33 - ERROR - 处理S参数:  11%|#1        | 11489/100000 [01:18<12:56, 114.06it/s]
2025-12-30 13:36:33 - ERROR - 处理S参数:  12%|#1        | 11501/100000 [01:18<12:58, 113.71it/s]
2025-12-30 13:36:34 - ERROR - 处理S参数:  12%|#1        | 11513/100000 [01:18<12:56, 113.90it/s]
2025-12-30 13:36:34 - ERROR - 处理S参数:  12%|#1        | 11525/100000 [01:18<12:55, 114.14it/s]
2025-12-30 13:36:34 - ERROR - 处理S参数:  12%|#1        | 11537/100000 [01:19<13:01, 113.24it/s]
2025-12-30 13:36:34 - ERROR - 处理S参数:  12%|#1        | 11549/100000 [01:19<12:58, 113.68it/s]
2025-12-30 13:36:34 - ERROR - 处理S参数:  12%|#1        | 11561/100000 [01:19<12:59, 113.47it/s]
2025-12-30 13:36:34 - ERROR - 处理S参数:  12%|#1        | 11573/100000 [01:19<13:02, 112.96it/s]
2025-12-30 13:36:34 - ERROR - 处理S参数:  12%|#1        | 11585/100000 [01:19<13:02, 112.99it/s]
2025-12-30 13:36:34 - ERROR - 处理S参数:  12%|#1        | 11597/100000 [01:19<12:59, 113.39it/s]
2025-12-30 13:36:34 - ERROR - 处理S参数:  12%|#1        | 11609/100000 [01:19<12:57, 113.75it/s]
2025-12-30 13:36:34 - ERROR - 处理S参数:  12%|#1        | 11621/100000 [01:19<13:01, 113.02it/s]
2025-12-30 13:36:35 - ERROR - 处理S参数:  12%|#1        | 11633/100000 [01:19<12:58, 113.53it/s]
2025-12-30 13:36:35 - ERROR - 处理S参数:  12%|#1        | 11645/100000 [01:20<12:57, 113.60it/s]
2025-12-30 13:36:35 - ERROR - 处理S参数:  12%|#1        | 11657/100000 [01:20<12:59, 113.39it/s]
2025-12-30 13:36:35 - ERROR - 处理S参数:  12%|#1        | 11669/100000 [01:20<13:00, 113.15it/s]
2025-12-30 13:36:35 - ERROR - 处理S参数:  12%|#1        | 11681/100000 [01:20<13:00, 113.09it/s]
2025-12-30 13:36:35 - ERROR - 处理S参数:  12%|#1        | 11693/100000 [01:20<12:58, 113.37it/s]
2025-12-30 13:36:35 - ERROR - 处理S参数:  12%|#1        | 11705/100000 [01:20<13:03, 112.69it/s]
2025-12-30 13:36:35 - ERROR - 处理S参数:  12%|#1        | 11717/100000 [01:20<12:58, 113.46it/s]
2025-12-30 13:36:35 - ERROR - 处理S参数:  12%|#1        | 11729/100000 [01:20<13:03, 112.71it/s]
2025-12-30 13:36:36 - ERROR - 处理S参数:  12%|#1        | 11741/100000 [01:20<13:03, 112.65it/s]
2025-12-30 13:36:36 - ERROR - 处理S参数:  12%|#1        | 11753/100000 [01:20<13:05, 112.31it/s]
2025-12-30 13:36:36 - ERROR - 处理S参数:  12%|#1        | 11765/100000 [01:21<13:03, 112.55it/s]
2025-12-30 13:36:36 - ERROR - 处理S参数:  12%|#1        | 11777/100000 [01:21<13:01, 112.91it/s]
2025-12-30 13:36:36 - ERROR - 处理S参数:  12%|#1        | 11789/100000 [01:21<13:05, 112.36it/s]
2025-12-30 13:36:36 - ERROR - 处理S参数:  12%|#1        | 11801/100000 [01:21<13:06, 112.19it/s]
2025-12-30 13:36:36 - ERROR - 处理S参数:  12%|#1        | 11813/100000 [01:21<13:05, 112.26it/s]
2025-12-30 13:36:36 - ERROR - 处理S参数:  12%|#1        | 11825/100000 [01:21<13:03, 112.60it/s]
2025-12-30 13:36:36 - ERROR - 处理S参数:  12%|#1        | 11837/100000 [01:21<13:03, 112.59it/s]
2025-12-30 13:36:36 - ERROR - 处理S参数:  12%|#1        | 11849/100000 [01:21<13:02, 112.70it/s]
2025-12-30 13:36:37 - ERROR - 处理S参数:  12%|#1        | 11861/100000 [01:21<13:00, 112.96it/s]
2025-12-30 13:36:37 - ERROR - 处理S参数:  12%|#1        | 11873/100000 [01:22<13:05, 112.21it/s]
2025-12-30 13:36:37 - ERROR - 处理S参数:  12%|#1        | 11885/100000 [01:22<13:01, 112.73it/s]
2025-12-30 13:36:37 - ERROR - 处理S参数:  12%|#1        | 11897/100000 [01:22<13:03, 112.46it/s]
2025-12-30 13:36:37 - ERROR - 处理S参数:  12%|#1        | 11909/100000 [01:22<13:06, 112.07it/s]
2025-12-30 13:36:37 - ERROR - 处理S参数:  12%|#1        | 11921/100000 [01:22<13:16, 110.57it/s]
2025-12-30 13:36:37 - ERROR - 处理S参数:  12%|#1        | 11933/100000 [01:22<13:18, 110.32it/s]
2025-12-30 13:36:37 - ERROR - 处理S参数:  12%|#1        | 11945/100000 [01:22<13:16, 110.50it/s]
2025-12-30 13:36:37 - ERROR - 处理S参数:  12%|#1        | 11957/100000 [01:22<13:19, 110.06it/s]
2025-12-30 13:36:38 - ERROR - 处理S参数:  12%|#1        | 11969/100000 [01:22<13:12, 111.06it/s]
2025-12-30 13:36:38 - ERROR - 处理S参数:  12%|#1        | 11981/100000 [01:23<13:09, 111.53it/s]
2025-12-30 13:36:38 - ERROR - 处理S参数:  12%|#1        | 11993/100000 [01:23<13:04, 112.19it/s]
2025-12-30 13:36:38 - ERROR - 处理S参数:  12%|#2        | 12005/100000 [01:23<13:04, 112.16it/s]
2025-12-30 13:36:38 - ERROR - 处理S参数:  12%|#2        | 12017/100000 [01:23<13:00, 112.78it/s]
2025-12-30 13:36:38 - ERROR - 处理S参数:  12%|#2        | 12029/100000 [01:23<12:54, 113.52it/s]
2025-12-30 13:36:38 - ERROR - 处理S参数:  12%|#2        | 12041/100000 [01:23<12:58, 112.96it/s]
2025-12-30 13:36:38 - ERROR - 处理S参数:  12%|#2        | 12053/100000 [01:23<12:53, 113.64it/s]
2025-12-30 13:36:38 - ERROR - 处理S参数:  12%|#2        | 12065/100000 [01:23<12:56, 113.30it/s]
2025-12-30 13:36:39 - ERROR - 处理S参数:  12%|#2        | 12077/100000 [01:23<12:54, 113.48it/s]
2025-12-30 13:36:39 - ERROR - 处理S参数:  12%|#2        | 12089/100000 [01:23<12:56, 113.24it/s]
2025-12-30 13:36:39 - ERROR - 处理S参数:  12%|#2        | 12101/100000 [01:24<12:56, 113.27it/s]
2025-12-30 13:36:39 - ERROR - 处理S参数:  12%|#2        | 12113/100000 [01:24<12:54, 113.45it/s]
2025-12-30 13:36:39 - ERROR - 处理S参数:  12%|#2        | 12125/100000 [01:24<12:59, 112.76it/s]
2025-12-30 13:36:39 - ERROR - 处理S参数:  12%|#2        | 12137/100000 [01:24<12:55, 113.25it/s]
2025-12-30 13:36:39 - ERROR - 处理S参数:  12%|#2        | 12149/100000 [01:24<12:59, 112.77it/s]
2025-12-30 13:36:39 - ERROR - 处理S参数:  12%|#2        | 12161/100000 [01:24<12:57, 112.94it/s]
2025-12-30 13:36:39 - ERROR - 处理S参数:  12%|#2        | 12173/100000 [01:24<13:01, 112.44it/s]
2025-12-30 13:36:39 - ERROR - 处理S参数:  12%|#2        | 12185/100000 [01:24<13:02, 112.27it/s]
2025-12-30 13:36:40 - ERROR - 处理S参数:  12%|#2        | 12197/100000 [01:24<13:00, 112.43it/s]
2025-12-30 13:36:40 - ERROR - 处理S参数:  12%|#2        | 12209/100000 [01:25<13:07, 111.54it/s]
2025-12-30 13:36:40 - ERROR - 处理S参数:  12%|#2        | 12221/100000 [01:25<13:03, 112.03it/s]
2025-12-30 13:36:40 - ERROR - 处理S参数:  12%|#2        | 12233/100000 [01:25<13:06, 111.63it/s]
2025-12-30 13:36:40 - ERROR - 处理S参数:  12%|#2        | 12245/100000 [01:25<13:05, 111.69it/s]
2025-12-30 13:36:40 - ERROR - 处理S参数:  12%|#2        | 12257/100000 [01:25<13:05, 111.73it/s]
2025-12-30 13:36:40 - ERROR - 处理S参数:  12%|#2        | 12269/100000 [01:25<13:03, 112.03it/s]
2025-12-30 13:36:40 - ERROR - 处理S参数:  12%|#2        | 12281/100000 [01:25<12:57, 112.77it/s]
2025-12-30 13:36:40 - ERROR - 处理S参数:  12%|#2        | 12293/100000 [01:25<13:03, 111.96it/s]
2025-12-30 13:36:41 - ERROR - 处理S参数:  12%|#2        | 12305/100000 [01:25<13:01, 112.15it/s]
2025-12-30 13:36:41 - ERROR - 处理S参数:  12%|#2        | 12317/100000 [01:26<13:05, 111.67it/s]
2025-12-30 13:36:41 - ERROR - 处理S参数:  12%|#2        | 12329/100000 [01:26<13:03, 111.94it/s]
2025-12-30 13:36:41 - ERROR - 处理S参数:  12%|#2        | 12341/100000 [01:26<13:04, 111.70it/s]
2025-12-30 13:36:41 - ERROR - 处理S参数:  12%|#2        | 12353/100000 [01:26<13:04, 111.68it/s]
2025-12-30 13:36:41 - ERROR - 处理S参数:  12%|#2        | 12365/100000 [01:26<13:03, 111.87it/s]
2025-12-30 13:36:41 - ERROR - 处理S参数:  12%|#2        | 12377/100000 [01:26<13:08, 111.12it/s]
2025-12-30 13:36:41 - ERROR - 处理S参数:  12%|#2        | 12389/100000 [01:26<13:04, 111.62it/s]
2025-12-30 13:36:41 - ERROR - 处理S参数:  12%|#2        | 12401/100000 [01:26<13:07, 111.27it/s]
2025-12-30 13:36:42 - ERROR - 处理S参数:  12%|#2        | 12413/100000 [01:26<13:06, 111.33it/s]
2025-12-30 13:36:42 - ERROR - 处理S参数:  12%|#2        | 12425/100000 [01:26<13:08, 111.02it/s]
2025-12-30 13:36:42 - ERROR - 处理S参数:  12%|#2        | 12437/100000 [01:27<13:06, 111.32it/s]
2025-12-30 13:36:42 - ERROR - 处理S参数:  12%|#2        | 12449/100000 [01:27<13:02, 111.93it/s]
2025-12-30 13:36:42 - ERROR - 处理S参数:  12%|#2        | 12461/100000 [01:27<13:06, 111.35it/s]
2025-12-30 13:36:42 - ERROR - 处理S参数:  12%|#2        | 12473/100000 [01:27<13:02, 111.81it/s]
2025-12-30 13:36:42 - ERROR - 处理S参数:  12%|#2        | 12485/100000 [01:27<13:07, 111.19it/s]
2025-12-30 13:36:42 - ERROR - 处理S参数:  12%|#2        | 12497/100000 [01:27<13:05, 111.38it/s]
2025-12-30 13:36:42 - ERROR - 处理S参数:  13%|#2        | 12509/100000 [01:27<13:06, 111.30it/s]
2025-12-30 13:36:42 - ERROR - 处理S参数:  13%|#2        | 12521/100000 [01:27<13:01, 111.87it/s]
2025-12-30 13:36:43 - ERROR - 处理S参数:  13%|#2        | 12533/100000 [01:27<12:59, 112.14it/s]
2025-12-30 13:36:43 - ERROR - 处理S参数:  13%|#2        | 12545/100000 [01:28<13:06, 111.13it/s]
2025-12-30 13:36:43 - ERROR - 处理S参数:  13%|#2        | 12557/100000 [01:28<13:03, 111.54it/s]
2025-12-30 13:36:43 - ERROR - 处理S参数:  13%|#2        | 12569/100000 [01:28<13:05, 111.34it/s]
2025-12-30 13:36:43 - ERROR - 处理S参数:  13%|#2        | 12581/100000 [01:28<13:07, 111.05it/s]
2025-12-30 13:36:43 - ERROR - 处理S参数:  13%|#2        | 12593/100000 [01:28<13:07, 110.99it/s]
2025-12-30 13:36:43 - ERROR - 处理S参数:  13%|#2        | 12605/100000 [01:28<13:13, 110.20it/s]
2025-12-30 13:36:43 - ERROR - 处理S参数:  13%|#2        | 12617/100000 [01:28<13:09, 110.69it/s]
2025-12-30 13:36:43 - ERROR - 处理S参数:  13%|#2        | 12629/100000 [01:28<13:13, 110.10it/s]
2025-12-30 13:36:44 - ERROR - 处理S参数:  13%|#2        | 12641/100000 [01:28<13:08, 110.77it/s]
2025-12-30 13:36:44 - ERROR - 处理S参数:  13%|#2        | 12653/100000 [01:29<13:09, 110.60it/s]
2025-12-30 13:36:44 - ERROR - 处理S参数:  13%|#2        | 12665/100000 [01:29<13:09, 110.69it/s]
2025-12-30 13:36:44 - ERROR - 处理S参数:  13%|#2        | 12677/100000 [01:29<13:11, 110.27it/s]
2025-12-30 13:36:44 - ERROR - 处理S参数:  13%|#2        | 12689/100000 [01:29<13:07, 110.81it/s]
2025-12-30 13:36:44 - ERROR - 处理S参数:  13%|#2        | 12701/100000 [01:29<13:01, 111.73it/s]
2025-12-30 13:36:44 - ERROR - 处理S参数:  13%|#2        | 12713/100000 [01:29<13:06, 110.99it/s]
2025-12-30 13:36:44 - ERROR - 处理S参数:  13%|#2        | 12725/100000 [01:29<13:01, 111.63it/s]
2025-12-30 13:36:44 - ERROR - 处理S参数:  13%|#2        | 12737/100000 [01:29<13:05, 111.09it/s]
2025-12-30 13:36:45 - ERROR - 处理S参数:  13%|#2        | 12749/100000 [01:29<13:05, 111.06it/s]
2025-12-30 13:36:45 - ERROR - 处理S参数:  13%|#2        | 12761/100000 [01:30<13:07, 110.73it/s]
2025-12-30 13:36:45 - ERROR - 处理S参数:  13%|#2        | 12773/100000 [01:30<13:05, 111.04it/s]
2025-12-30 13:36:45 - ERROR - 处理S参数:  13%|#2        | 12785/100000 [01:30<13:03, 111.36it/s]
2025-12-30 13:36:45 - ERROR - 处理S参数:  13%|#2        | 12797/100000 [01:30<13:06, 110.87it/s]
2025-12-30 13:36:45 - ERROR - 处理S参数:  13%|#2        | 12809/100000 [01:30<13:01, 111.55it/s]
2025-12-30 13:36:45 - ERROR - 处理S参数:  13%|#2        | 12821/100000 [01:30<13:06, 110.82it/s]
2025-12-30 13:36:45 - ERROR - 处理S参数:  13%|#2        | 12833/100000 [01:30<13:06, 110.87it/s]
2025-12-30 13:36:45 - ERROR - 处理S参数:  13%|#2        | 12845/100000 [01:30<13:10, 110.32it/s]
2025-12-30 13:36:46 - ERROR - 处理S参数:  13%|#2        | 12857/100000 [01:30<13:08, 110.53it/s]
2025-12-30 13:36:46 - ERROR - 处理S参数:  13%|#2        | 12869/100000 [01:30<13:04, 111.00it/s]
2025-12-30 13:36:46 - ERROR - 处理S参数:  13%|#2        | 12881/100000 [01:31<13:11, 110.10it/s]
2025-12-30 13:36:46 - ERROR - 处理S参数:  13%|#2        | 12893/100000 [01:31<13:06, 110.75it/s]
2025-12-30 13:36:46 - ERROR - 处理S参数:  13%|#2        | 12905/100000 [01:31<13:10, 110.21it/s]
2025-12-30 13:36:46 - ERROR - 处理S参数:  13%|#2        | 12917/100000 [01:31<13:10, 110.20it/s]
2025-12-30 13:36:46 - ERROR - 处理S参数:  13%|#2        | 12929/100000 [01:31<13:13, 109.74it/s]
2025-12-30 13:36:46 - ERROR - 处理S参数:  13%|#2        | 12941/100000 [01:31<13:11, 109.96it/s]
2025-12-30 13:36:46 - ERROR - 处理S参数:  13%|#2        | 12953/100000 [01:31<13:07, 110.50it/s]
2025-12-30 13:36:46 - ERROR - 处理S参数:  13%|#2        | 12965/100000 [01:31<13:14, 109.57it/s]
2025-12-30 13:36:47 - ERROR - 处理S参数:  13%|#2        | 12977/100000 [01:31<13:11, 110.01it/s]
2025-12-30 13:36:47 - ERROR - 处理S参数:  13%|#2        | 12989/100000 [01:32<13:11, 109.87it/s]
2025-12-30 13:36:47 - ERROR - 处理S参数:  13%|#3        | 13000/100000 [01:32<13:11, 109.90it/s]
2025-12-30 13:36:47 - ERROR - 处理S参数:  13%|#3        | 13012/100000 [01:32<13:05, 110.76it/s]
2025-12-30 13:36:47 - ERROR - 处理S参数:  13%|#3        | 13024/100000 [01:32<13:05, 110.77it/s]
2025-12-30 13:36:47 - ERROR - 处理S参数:  13%|#3        | 13036/100000 [01:32<13:04, 110.89it/s]
2025-12-30 13:36:47 - ERROR - 处理S参数:  13%|#3        | 13048/100000 [01:32<13:06, 110.55it/s]
2025-12-30 13:36:47 - ERROR - 处理S参数:  13%|#3        | 13060/100000 [01:32<13:05, 110.69it/s]
2025-12-30 13:36:47 - ERROR - 处理S参数:  13%|#3        | 13072/100000 [01:32<13:01, 111.27it/s]
2025-12-30 13:36:48 - ERROR - 处理S参数:  13%|#3        | 13084/100000 [01:32<13:07, 110.39it/s]
2025-12-30 13:36:48 - ERROR - 处理S参数:  13%|#3        | 13096/100000 [01:33<13:03, 110.94it/s]
2025-12-30 13:36:48 - ERROR - 处理S参数:  13%|#3        | 13108/100000 [01:33<13:05, 110.68it/s]
2025-12-30 13:36:48 - ERROR - 处理S参数:  13%|#3        | 13120/100000 [01:33<13:03, 110.88it/s]
2025-12-30 13:36:48 - ERROR - 处理S参数:  13%|#3        | 13132/100000 [01:33<13:04, 110.68it/s]
2025-12-30 13:36:48 - ERROR - 处理S参数:  13%|#3        | 13144/100000 [01:33<13:03, 110.85it/s]
2025-12-30 13:36:48 - ERROR - 处理S参数:  13%|#3        | 13156/100000 [01:33<13:02, 111.00it/s]
2025-12-30 13:36:48 - ERROR - 处理S参数:  13%|#3        | 13168/100000 [01:33<13:08, 110.06it/s]
2025-12-30 13:36:48 - ERROR - 处理S参数:  13%|#3        | 13180/100000 [01:33<13:04, 110.69it/s]
2025-12-30 13:36:49 - ERROR - 处理S参数:  13%|#3        | 13192/100000 [01:33<13:06, 110.40it/s]
2025-12-30 13:36:49 - ERROR - 处理S参数:  13%|#3        | 13204/100000 [01:34<13:06, 110.29it/s]
2025-12-30 13:36:49 - ERROR - 处理S参数:  13%|#3        | 13216/100000 [01:34<13:10, 109.82it/s]
2025-12-30 13:36:49 - ERROR - 处理S参数:  13%|#3        | 13228/100000 [01:34<13:07, 110.13it/s]
2025-12-30 13:36:49 - ERROR - 处理S参数:  13%|#3        | 13240/100000 [01:34<13:04, 110.59it/s]
2025-12-30 13:36:49 - ERROR - 处理S参数:  13%|#3        | 13252/100000 [01:34<13:09, 109.84it/s]
2025-12-30 13:36:49 - ERROR - 处理S参数:  13%|#3        | 13264/100000 [01:34<13:06, 110.26it/s]
2025-12-30 13:36:49 - ERROR - 处理S参数:  13%|#3        | 13276/100000 [01:34<13:06, 110.22it/s]
2025-12-30 13:36:49 - ERROR - 处理S参数:  13%|#3        | 13288/100000 [01:34<13:04, 110.55it/s]
2025-12-30 13:36:50 - ERROR - 处理S参数:  13%|#3        | 13300/100000 [01:34<13:05, 110.39it/s]
2025-12-30 13:36:50 - ERROR - 处理S参数:  13%|#3        | 13312/100000 [01:34<13:04, 110.57it/s]
2025-12-30 13:36:50 - ERROR - 处理S参数:  13%|#3        | 13324/100000 [01:35<13:01, 110.97it/s]
2025-12-30 13:36:50 - ERROR - 处理S参数:  13%|#3        | 13336/100000 [01:35<13:07, 110.04it/s]
2025-12-30 13:36:50 - ERROR - 处理S参数:  13%|#3        | 13348/100000 [01:35<13:04, 110.44it/s]
2025-12-30 13:36:50 - ERROR - 处理S参数:  13%|#3        | 13360/100000 [01:35<13:05, 110.32it/s]
2025-12-30 13:36:50 - ERROR - 处理S参数:  13%|#3        | 13372/100000 [01:35<13:05, 110.30it/s]
2025-12-30 13:36:50 - ERROR - 处理S参数:  13%|#3        | 13384/100000 [01:35<13:07, 109.96it/s]
2025-12-30 13:36:50 - ERROR - 处理S参数:  13%|#3        | 13396/100000 [01:35<13:08, 109.89it/s]
2025-12-30 13:36:50 - ERROR - 处理S参数:  13%|#3        | 13407/100000 [01:35<13:09, 109.72it/s]
2025-12-30 13:36:51 - ERROR - 处理S参数:  13%|#3        | 13419/100000 [01:35<13:09, 109.64it/s]
2025-12-30 13:36:51 - ERROR - 处理S参数:  13%|#3        | 13431/100000 [01:36<13:07, 109.98it/s]
2025-12-30 13:36:51 - ERROR - 处理S参数:  13%|#3        | 13443/100000 [01:36<13:03, 110.46it/s]
2025-12-30 13:36:51 - ERROR - 处理S参数:  13%|#3        | 13455/100000 [01:36<13:09, 109.63it/s]
2025-12-30 13:36:51 - ERROR - 处理S参数:  13%|#3        | 13467/100000 [01:36<13:04, 110.34it/s]
2025-12-30 13:36:51 - ERROR - 处理S参数:  13%|#3        | 13479/100000 [01:36<13:02, 110.53it/s]
2025-12-30 13:36:51 - ERROR - 处理S参数:  13%|#3        | 13491/100000 [01:36<13:04, 110.27it/s]
2025-12-30 13:36:51 - ERROR - 处理S参数:  14%|#3        | 13503/100000 [01:36<13:07, 109.80it/s]
2025-12-30 13:36:51 - ERROR - 处理S参数:  14%|#3        | 13515/100000 [01:36<13:07, 109.79it/s]
2025-12-30 13:36:52 - ERROR - 处理S参数:  14%|#3        | 13527/100000 [01:36<13:03, 110.33it/s]
2025-12-30 13:36:52 - ERROR - 处理S参数:  14%|#3        | 13539/100000 [01:37<13:08, 109.72it/s]
2025-12-30 13:36:52 - ERROR - 处理S参数:  14%|#3        | 13551/100000 [01:37<13:03, 110.32it/s]
2025-12-30 13:36:52 - ERROR - 处理S参数:  14%|#3        | 13563/100000 [01:37<13:06, 109.97it/s]
2025-12-30 13:36:52 - ERROR - 处理S参数:  14%|#3        | 13574/100000 [01:37<13:06, 109.89it/s]
2025-12-30 13:36:52 - ERROR - 处理S参数:  14%|#3        | 13586/100000 [01:37<12:59, 110.84it/s]
2025-12-30 13:36:52 - ERROR - 处理S参数:  14%|#3        | 13598/100000 [01:37<13:10, 109.28it/s]
2025-12-30 13:36:52 - ERROR - 处理S参数:  14%|#3        | 13609/100000 [01:37<13:11, 109.11it/s]
2025-12-30 13:36:52 - ERROR - 处理S参数:  14%|#3        | 13620/100000 [01:37<13:14, 108.74it/s]
2025-12-30 13:36:53 - ERROR - 处理S参数:  14%|#3        | 13631/100000 [01:37<13:12, 108.93it/s]
2025-12-30 13:36:53 - ERROR - 处理S参数:  14%|#3        | 13642/100000 [01:37<13:13, 108.80it/s]
2025-12-30 13:36:53 - ERROR - 处理S参数:  14%|#3        | 13653/100000 [01:38<13:12, 108.98it/s]
2025-12-30 13:36:53 - ERROR - 处理S参数:  14%|#3        | 13664/100000 [01:38<13:14, 108.63it/s]
2025-12-30 13:36:53 - ERROR - 处理S参数:  14%|#3        | 13676/100000 [01:38<13:11, 109.08it/s]
2025-12-30 13:36:53 - ERROR - 处理S参数:  14%|#3        | 13688/100000 [01:38<13:05, 109.85it/s]
2025-12-30 13:36:53 - ERROR - 处理S参数:  14%|#3        | 13699/100000 [01:38<13:11, 109.10it/s]
2025-12-30 13:36:53 - ERROR - 处理S参数:  14%|#3        | 13711/100000 [01:38<13:08, 109.46it/s]
2025-12-30 13:36:53 - ERROR - 处理S参数:  14%|#3        | 13723/100000 [01:38<13:02, 110.19it/s]
2025-12-30 13:36:53 - ERROR - 处理S参数:  14%|#3        | 13735/100000 [01:38<13:08, 109.44it/s]
2025-12-30 13:36:54 - ERROR - 处理S参数:  14%|#3        | 13747/100000 [01:38<13:04, 109.95it/s]
2025-12-30 13:36:54 - ERROR - 处理S参数:  14%|#3        | 13758/100000 [01:39<13:04, 109.86it/s]
2025-12-30 13:36:54 - ERROR - 处理S参数:  14%|#3        | 13769/100000 [01:39<13:09, 109.18it/s]
2025-12-30 13:36:54 - ERROR - 处理S参数:  14%|#3        | 13781/100000 [01:39<13:08, 109.30it/s]
2025-12-30 13:36:54 - ERROR - 处理S参数:  14%|#3        | 13793/100000 [01:39<13:04, 109.88it/s]
2025-12-30 13:36:54 - ERROR - 处理S参数:  14%|#3        | 13804/100000 [01:39<13:08, 109.30it/s]
2025-12-30 13:36:54 - ERROR - 处理S参数:  14%|#3        | 13815/100000 [01:39<13:07, 109.44it/s]
2025-12-30 13:36:54 - ERROR - 处理S参数:  14%|#3        | 13826/100000 [01:39<13:09, 109.14it/s]
2025-12-30 13:36:54 - ERROR - 处理S参数:  14%|#3        | 13837/100000 [01:39<13:08, 109.26it/s]
2025-12-30 13:36:55 - ERROR - 处理S参数:  14%|#3        | 13849/100000 [01:39<13:04, 109.87it/s]
2025-12-30 13:36:55 - ERROR - 处理S参数:  14%|#3        | 13860/100000 [01:39<13:07, 109.32it/s]
2025-12-30 13:36:55 - ERROR - 处理S参数:  14%|#3        | 13871/100000 [01:40<13:07, 109.40it/s]
2025-12-30 13:36:55 - ERROR - 处理S参数:  14%|#3        | 13882/100000 [01:40<13:10, 109.00it/s]
2025-12-30 13:36:55 - ERROR - 处理S参数:  14%|#3        | 13893/100000 [01:40<13:10, 108.90it/s]
2025-12-30 13:36:55 - ERROR - 处理S参数:  14%|#3        | 13904/100000 [01:40<13:09, 109.00it/s]
2025-12-30 13:36:55 - ERROR - 处理S参数:  14%|#3        | 13915/100000 [01:40<13:10, 108.91it/s]
2025-12-30 13:36:55 - ERROR - 处理S参数:  14%|#3        | 13926/100000 [01:40<13:08, 109.16it/s]
2025-12-30 13:36:55 - ERROR - 处理S参数:  14%|#3        | 13937/100000 [01:40<13:14, 108.30it/s]
2025-12-30 13:36:55 - ERROR - 处理S参数:  14%|#3        | 13948/100000 [01:40<13:10, 108.79it/s]
2025-12-30 13:36:56 - ERROR - 处理S参数:  14%|#3        | 13959/100000 [01:40<13:13, 108.46it/s]
2025-12-30 13:36:56 - ERROR - 处理S参数:  14%|#3        | 13971/100000 [01:41<13:06, 109.38it/s]
2025-12-30 13:36:56 - ERROR - 处理S参数:  14%|#3        | 13982/100000 [01:41<13:06, 109.35it/s]
2025-12-30 13:36:56 - ERROR - 处理S参数:  14%|#3        | 13993/100000 [01:41<13:11, 108.72it/s]
2025-12-30 13:36:56 - ERROR - 处理S参数:  14%|#4        | 14004/100000 [01:41<13:11, 108.62it/s]
2025-12-30 13:36:56 - ERROR - 处理S参数:  14%|#4        | 14015/100000 [01:41<13:15, 108.05it/s]
2025-12-30 13:36:56 - ERROR - 处理S参数:  14%|#4        | 14026/100000 [01:41<13:21, 107.27it/s]
2025-12-30 13:36:56 - ERROR - 处理S参数:  14%|#4        | 14038/100000 [01:41<13:11, 108.60it/s]
2025-12-30 13:36:56 - ERROR - 处理S参数:  14%|#4        | 14049/100000 [01:41<13:14, 108.20it/s]
2025-12-30 13:36:56 - ERROR - 处理S参数:  14%|#4        | 14061/100000 [01:41<13:11, 108.61it/s]
2025-12-30 13:36:57 - ERROR - 处理S参数:  14%|#4        | 14073/100000 [01:41<13:05, 109.40it/s]
2025-12-30 13:36:57 - ERROR - 处理S参数:  14%|#4        | 14084/100000 [01:42<13:11, 108.54it/s]
2025-12-30 13:36:57 - ERROR - 处理S参数:  14%|#4        | 14095/100000 [01:42<13:10, 108.74it/s]
2025-12-30 13:36:57 - ERROR - 处理S参数:  14%|#4        | 14106/100000 [01:42<13:12, 108.35it/s]
2025-12-30 13:36:57 - ERROR - 处理S参数:  14%|#4        | 14117/100000 [01:42<13:12, 108.44it/s]
2025-12-30 13:36:57 - ERROR - 处理S参数:  14%|#4        | 14128/100000 [01:42<13:09, 108.70it/s]
2025-12-30 13:36:57 - ERROR - 处理S参数:  14%|#4        | 14139/100000 [01:42<13:09, 108.78it/s]
2025-12-30 13:36:57 - ERROR - 处理S参数:  14%|#4        | 14151/100000 [01:42<13:06, 109.20it/s]
2025-12-30 13:36:57 - ERROR - 处理S参数:  14%|#4        | 14162/100000 [01:42<13:08, 108.84it/s]
2025-12-30 13:36:58 - ERROR - 处理S参数:  14%|#4        | 14173/100000 [01:42<13:06, 109.16it/s]
2025-12-30 13:36:58 - ERROR - 处理S参数:  14%|#4        | 14184/100000 [01:42<13:05, 109.27it/s]
2025-12-30 13:36:58 - ERROR - 处理S参数:  14%|#4        | 14195/100000 [01:43<13:04, 109.33it/s]
2025-12-30 13:36:58 - ERROR - 处理S参数:  14%|#4        | 14206/100000 [01:43<13:05, 109.26it/s]
2025-12-30 13:36:58 - ERROR - 处理S参数:  14%|#4        | 14217/100000 [01:43<13:10, 108.48it/s]
2025-12-30 13:36:58 - ERROR - 处理S参数:  14%|#4        | 14228/100000 [01:43<13:09, 108.64it/s]
2025-12-30 13:36:58 - ERROR - 处理S参数:  14%|#4        | 14239/100000 [01:43<13:16, 107.65it/s]
2025-12-30 13:36:58 - ERROR - 处理S参数:  14%|#4        | 14250/100000 [01:43<13:15, 107.76it/s]
2025-12-30 13:36:58 - ERROR - 处理S参数:  14%|#4        | 14261/100000 [01:43<13:20, 107.11it/s]
2025-12-30 13:36:58 - ERROR - 处理S参数:  14%|#4        | 14272/100000 [01:43<13:21, 106.98it/s]
2025-12-30 13:36:59 - ERROR - 处理S参数:  14%|#4        | 14283/100000 [01:43<13:26, 106.31it/s]
2025-12-30 13:36:59 - ERROR - 处理S参数:  14%|#4        | 14294/100000 [01:43<13:34, 105.26it/s]
2025-12-30 13:36:59 - ERROR - 处理S参数:  14%|#4        | 14305/100000 [01:44<13:30, 105.69it/s]
2025-12-30 13:36:59 - ERROR - 处理S参数:  14%|#4        | 14316/100000 [01:44<13:33, 105.38it/s]
2025-12-30 13:36:59 - ERROR - 处理S参数:  14%|#4        | 14327/100000 [01:44<13:31, 105.56it/s]
2025-12-30 13:36:59 - ERROR - 处理S参数:  14%|#4        | 14338/100000 [01:44<13:30, 105.70it/s]
2025-12-30 13:36:59 - ERROR - 处理S参数:  14%|#4        | 14349/100000 [01:44<13:30, 105.72it/s]
2025-12-30 13:36:59 - ERROR - 处理S参数:  14%|#4        | 14360/100000 [01:44<13:30, 105.69it/s]
2025-12-30 13:36:59 - ERROR - 处理S参数:  14%|#4        | 14371/100000 [01:44<13:34, 105.18it/s]
2025-12-30 13:36:59 - ERROR - 处理S参数:  14%|#4        | 14382/100000 [01:44<13:33, 105.19it/s]
2025-12-30 13:37:00 - ERROR - 处理S参数:  14%|#4        | 14393/100000 [01:44<13:32, 105.38it/s]
2025-12-30 13:37:00 - ERROR - 处理S参数:  14%|#4        | 14404/100000 [01:45<13:25, 106.31it/s]
2025-12-30 13:37:00 - ERROR - 处理S参数:  14%|#4        | 14415/100000 [01:45<13:20, 106.86it/s]
2025-12-30 13:37:00 - ERROR - 处理S参数:  14%|#4        | 14426/100000 [01:45<13:18, 107.22it/s]
2025-12-30 13:37:00 - ERROR - 处理S参数:  14%|#4        | 14437/100000 [01:45<13:15, 107.60it/s]
2025-12-30 13:37:00 - ERROR - 处理S参数:  14%|#4        | 14448/100000 [01:45<13:19, 107.05it/s]
2025-12-30 13:37:00 - ERROR - 处理S参数:  14%|#4        | 14459/100000 [01:45<13:16, 107.43it/s]
2025-12-30 13:37:00 - ERROR - 处理S参数:  14%|#4        | 14470/100000 [01:45<13:15, 107.56it/s]
2025-12-30 13:37:00 - ERROR - 处理S参数:  14%|#4        | 14481/100000 [01:45<13:09, 108.28it/s]
2025-12-30 13:37:00 - ERROR - 处理S参数:  14%|#4        | 14492/100000 [01:45<13:06, 108.66it/s]
2025-12-30 13:37:01 - ERROR - 处理S参数:  15%|#4        | 14503/100000 [01:45<13:06, 108.76it/s]
2025-12-30 13:37:01 - ERROR - 处理S参数:  15%|#4        | 14514/100000 [01:46<13:05, 108.81it/s]
2025-12-30 13:37:01 - ERROR - 处理S参数:  15%|#4        | 14525/100000 [01:46<13:11, 107.96it/s]
2025-12-30 13:37:01 - ERROR - 处理S参数:  15%|#4        | 14536/100000 [01:46<13:09, 108.20it/s]
2025-12-30 13:37:01 - ERROR - 处理S参数:  15%|#4        | 14547/100000 [01:46<13:12, 107.89it/s]
2025-12-30 13:37:01 - ERROR - 处理S参数:  15%|#4        | 14558/100000 [01:46<13:09, 108.21it/s]
2025-12-30 13:37:01 - ERROR - 处理S参数:  15%|#4        | 14569/100000 [01:46<13:07, 108.48it/s]
2025-12-30 13:37:01 - ERROR - 处理S参数:  15%|#4        | 14580/100000 [01:46<13:08, 108.27it/s]
2025-12-30 13:37:01 - ERROR - 处理S参数:  15%|#4        | 14592/100000 [01:46<13:08, 108.37it/s]
2025-12-30 13:37:02 - ERROR - 处理S参数:  15%|#4        | 14603/100000 [01:46<13:11, 107.83it/s]
2025-12-30 13:37:02 - ERROR - 处理S参数:  15%|#4        | 14614/100000 [01:46<13:10, 108.08it/s]
2025-12-30 13:37:02 - ERROR - 处理S参数:  15%|#4        | 14625/100000 [01:47<13:09, 108.18it/s]
2025-12-30 13:37:02 - ERROR - 处理S参数:  15%|#4        | 14636/100000 [01:47<13:09, 108.10it/s]
2025-12-30 13:37:02 - ERROR - 处理S参数:  15%|#4        | 14647/100000 [01:47<13:09, 108.14it/s]
2025-12-30 13:37:02 - ERROR - 处理S参数:  15%|#4        | 14658/100000 [01:47<13:13, 107.56it/s]
2025-12-30 13:37:02 - ERROR - 处理S参数:  15%|#4        | 14669/100000 [01:47<13:11, 107.81it/s]
2025-12-30 13:37:02 - ERROR - 处理S参数:  15%|#4        | 14680/100000 [01:47<13:14, 107.32it/s]
2025-12-30 13:37:02 - ERROR - 处理S参数:  15%|#4        | 14691/100000 [01:47<13:12, 107.64it/s]
2025-12-30 13:37:02 - ERROR - 处理S参数:  15%|#4        | 14702/100000 [01:47<13:09, 108.06it/s]
2025-12-30 13:37:03 - ERROR - 处理S参数:  15%|#4        | 14713/100000 [01:47<13:05, 108.52it/s]
2025-12-30 13:37:03 - ERROR - 处理S参数:  15%|#4        | 14724/100000 [01:47<13:06, 108.36it/s]
2025-12-30 13:37:03 - ERROR - 处理S参数:  15%|#4        | 14735/100000 [01:48<13:13, 107.41it/s]
2025-12-30 13:37:03 - ERROR - 处理S参数:  15%|#4        | 14746/100000 [01:48<13:12, 107.60it/s]
2025-12-30 13:37:03 - ERROR - 处理S参数:  15%|#4        | 14757/100000 [01:48<13:14, 107.24it/s]
2025-12-30 13:37:03 - ERROR - 处理S参数:  15%|#4        | 14768/100000 [01:48<13:13, 107.37it/s]
2025-12-30 13:37:03 - ERROR - 处理S参数:  15%|#4        | 14779/100000 [01:48<13:12, 107.60it/s]
2025-12-30 13:37:03 - ERROR - 处理S参数:  15%|#4        | 14790/100000 [01:48<13:11, 107.60it/s]
2025-12-30 13:37:03 - ERROR - 处理S参数:  15%|#4        | 14801/100000 [01:48<13:11, 107.70it/s]
2025-12-30 13:37:03 - ERROR - 处理S参数:  15%|#4        | 14812/100000 [01:48<13:14, 107.24it/s]
2025-12-30 13:37:04 - ERROR - 处理S参数:  15%|#4        | 14823/100000 [01:48<13:12, 107.44it/s]
2025-12-30 13:37:04 - ERROR - 处理S参数:  15%|#4        | 14834/100000 [01:49<13:14, 107.19it/s]
2025-12-30 13:37:04 - ERROR - 处理S参数:  15%|#4        | 14845/100000 [01:49<13:12, 107.38it/s]
2025-12-30 13:37:04 - ERROR - 处理S参数:  15%|#4        | 14856/100000 [01:49<13:13, 107.29it/s]
2025-12-30 13:37:04 - ERROR - 处理S参数:  15%|#4        | 14867/100000 [01:49<13:13, 107.35it/s]
2025-12-30 13:37:04 - ERROR - 处理S参数:  15%|#4        | 14878/100000 [01:49<13:11, 107.50it/s]
2025-12-30 13:37:04 - ERROR - 处理S参数:  15%|#4        | 14889/100000 [01:49<13:21, 106.25it/s]
2025-12-30 13:37:04 - ERROR - 处理S参数:  15%|#4        | 14900/100000 [01:49<13:16, 106.81it/s]
2025-12-30 13:37:04 - ERROR - 处理S参数:  15%|#4        | 14911/100000 [01:49<13:16, 106.80it/s]
2025-12-30 13:37:04 - ERROR - 处理S参数:  15%|#4        | 14922/100000 [01:49<13:25, 105.65it/s]
2025-12-30 13:37:05 - ERROR - 处理S参数:  15%|#4        | 14933/100000 [01:49<13:29, 105.14it/s]
2025-12-30 13:37:05 - ERROR - 处理S参数:  15%|#4        | 14944/100000 [01:50<13:27, 105.32it/s]
2025-12-30 13:37:05 - ERROR - 处理S参数:  15%|#4        | 14955/100000 [01:50<13:30, 104.94it/s]
2025-12-30 13:37:05 - ERROR - 处理S参数:  15%|#4        | 14966/100000 [01:50<13:37, 104.03it/s]
2025-12-30 13:37:05 - ERROR - 处理S参数:  15%|#4        | 14977/100000 [01:50<13:34, 104.35it/s]
2025-12-30 13:37:05 - ERROR - 处理S参数:  15%|#4        | 14988/100000 [01:50<13:36, 104.09it/s]
2025-12-30 13:37:05 - ERROR - 处理S参数:  15%|#4        | 14999/100000 [01:50<13:33, 104.44it/s]
2025-12-30 13:37:05 - ERROR - 处理S参数:  15%|#5        | 15010/100000 [01:50<13:33, 104.53it/s]
2025-12-30 13:37:05 - ERROR - 处理S参数:  15%|#5        | 15021/100000 [01:50<13:32, 104.61it/s]
2025-12-30 13:37:06 - ERROR - 处理S参数:  15%|#5        | 15032/100000 [01:50<13:29, 104.91it/s]
2025-12-30 13:37:06 - ERROR - 处理S参数:  15%|#5        | 15043/100000 [01:51<13:34, 104.27it/s]
2025-12-30 13:37:06 - ERROR - 处理S参数:  15%|#5        | 15054/100000 [01:51<13:33, 104.46it/s]
2025-12-30 13:37:06 - ERROR - 处理S参数:  15%|#5        | 15065/100000 [01:51<13:34, 104.33it/s]
2025-12-30 13:37:06 - ERROR - 处理S参数:  15%|#5        | 15076/100000 [01:51<13:33, 104.34it/s]
2025-12-30 13:37:06 - ERROR - 处理S参数:  15%|#5        | 15087/100000 [01:51<13:33, 104.44it/s]
2025-12-30 13:37:06 - ERROR - 处理S参数:  15%|#5        | 15098/100000 [01:51<13:33, 104.38it/s]
2025-12-30 13:37:06 - ERROR - 处理S参数:  15%|#5        | 15109/100000 [01:51<13:33, 104.41it/s]
2025-12-30 13:37:06 - ERROR - 处理S参数:  15%|#5        | 15120/100000 [01:51<13:39, 103.61it/s]
2025-12-30 13:37:06 - ERROR - 处理S参数:  15%|#5        | 15131/100000 [01:51<13:38, 103.66it/s]
2025-12-30 13:37:07 - ERROR - 处理S参数:  15%|#5        | 15142/100000 [01:51<13:39, 103.58it/s]
2025-12-30 13:37:07 - ERROR - 处理S参数:  15%|#5        | 15153/100000 [01:52<13:35, 104.02it/s]
2025-12-30 13:37:07 - ERROR - 处理S参数:  15%|#5        | 15164/100000 [01:52<13:32, 104.36it/s]
2025-12-30 13:37:07 - ERROR - 处理S参数:  15%|#5        | 15175/100000 [01:52<13:31, 104.57it/s]
2025-12-30 13:37:07 - ERROR - 处理S参数:  15%|#5        | 15186/100000 [01:52<13:31, 104.57it/s]
2025-12-30 13:37:07 - ERROR - 处理S参数:  15%|#5        | 15197/100000 [01:52<13:37, 103.73it/s]
2025-12-30 13:37:07 - ERROR - 处理S参数:  15%|#5        | 15208/100000 [01:52<13:34, 104.11it/s]
2025-12-30 13:37:07 - ERROR - 处理S参数:  15%|#5        | 15219/100000 [01:52<13:37, 103.68it/s]
2025-12-30 13:37:07 - ERROR - 处理S参数:  15%|#5        | 15230/100000 [01:52<13:36, 103.77it/s]
2025-12-30 13:37:08 - ERROR - 处理S参数:  15%|#5        | 15241/100000 [01:52<13:36, 103.79it/s]
2025-12-30 13:37:08 - ERROR - 处理S参数:  15%|#5        | 15252/100000 [01:53<13:35, 103.97it/s]
2025-12-30 13:37:08 - ERROR - 处理S参数:  15%|#5        | 15263/100000 [01:53<13:36, 103.80it/s]
2025-12-30 13:37:08 - ERROR - 处理S参数:  15%|#5        | 15274/100000 [01:53<13:43, 102.90it/s]
2025-12-30 13:37:08 - ERROR - 处理S参数:  15%|#5        | 15285/100000 [01:53<13:42, 102.96it/s]
2025-12-30 13:37:08 - ERROR - 处理S参数:  15%|#5        | 15296/100000 [01:53<13:43, 102.87it/s]
2025-12-30 13:37:08 - ERROR - 处理S参数:  15%|#5        | 15307/100000 [01:53<13:43, 102.89it/s]
2025-12-30 13:37:08 - ERROR - 处理S参数:  15%|#5        | 15318/100000 [01:53<13:39, 103.34it/s]
2025-12-30 13:37:08 - ERROR - 处理S参数:  15%|#5        | 15329/100000 [01:53<13:37, 103.56it/s]
2025-12-30 13:37:09 - ERROR - 处理S参数:  15%|#5        | 15340/100000 [01:53<13:34, 103.89it/s]
2025-12-30 13:37:09 - ERROR - 处理S参数:  15%|#5        | 15351/100000 [01:53<13:39, 103.30it/s]
2025-12-30 13:37:09 - ERROR - 处理S参数:  15%|#5        | 15362/100000 [01:54<13:39, 103.29it/s]
2025-12-30 13:37:09 - ERROR - 处理S参数:  15%|#5        | 15373/100000 [01:54<13:40, 103.11it/s]
2025-12-30 13:37:09 - ERROR - 处理S参数:  15%|#5        | 15384/100000 [01:54<13:38, 103.44it/s]
2025-12-30 13:37:09 - ERROR - 处理S参数:  15%|#5        | 15395/100000 [01:54<13:36, 103.64it/s]
2025-12-30 13:37:09 - ERROR - 处理S参数:  15%|#5        | 15406/100000 [01:54<13:34, 103.86it/s]
2025-12-30 13:37:09 - ERROR - 处理S参数:  15%|#5        | 15417/100000 [01:54<13:33, 103.96it/s]
2025-12-30 13:37:09 - ERROR - 处理S参数:  15%|#5        | 15428/100000 [01:54<13:42, 102.88it/s]
2025-12-30 13:37:09 - ERROR - 处理S参数:  15%|#5        | 15439/100000 [01:54<13:40, 103.10it/s]
2025-12-30 13:37:10 - ERROR - 处理S参数:  15%|#5        | 15450/100000 [01:54<13:41, 102.96it/s]
2025-12-30 13:37:10 - ERROR - 处理S参数:  15%|#5        | 15461/100000 [01:55<13:40, 103.04it/s]
2025-12-30 13:37:10 - ERROR - 处理S参数:  15%|#5        | 15472/100000 [01:55<13:40, 103.05it/s]
2025-12-30 13:37:10 - ERROR - 处理S参数:  15%|#5        | 15483/100000 [01:55<13:44, 102.56it/s]
2025-12-30 13:37:10 - ERROR - 处理S参数:  15%|#5        | 15494/100000 [01:55<13:41, 102.87it/s]
2025-12-30 13:37:10 - ERROR - 处理S参数:  16%|#5        | 15505/100000 [01:55<13:44, 102.52it/s]
2025-12-30 13:37:10 - ERROR - 处理S参数:  16%|#5        | 15516/100000 [01:55<13:39, 103.08it/s]
2025-12-30 13:37:10 - ERROR - 处理S参数:  16%|#5        | 15527/100000 [01:55<13:42, 102.66it/s]
2025-12-30 13:37:10 - ERROR - 处理S参数:  16%|#5        | 15538/100000 [01:55<13:40, 102.95it/s]
2025-12-30 13:37:11 - ERROR - 处理S参数:  16%|#5        | 15549/100000 [01:55<13:39, 103.08it/s]
2025-12-30 13:37:11 - ERROR - 处理S参数:  16%|#5        | 15560/100000 [01:56<13:38, 103.19it/s]
2025-12-30 13:37:11 - ERROR - 处理S参数:  16%|#5        | 15571/100000 [01:56<13:36, 103.40it/s]
2025-12-30 13:37:11 - ERROR - 处理S参数:  16%|#5        | 15582/100000 [01:56<13:40, 102.90it/s]
2025-12-30 13:37:11 - ERROR - 处理S参数:  16%|#5        | 15593/100000 [01:56<13:39, 103.00it/s]
2025-12-30 13:37:11 - ERROR - 处理S参数:  16%|#5        | 15604/100000 [01:56<13:42, 102.65it/s]
2025-12-30 13:37:11 - ERROR - 处理S参数:  16%|#5        | 15615/100000 [01:56<13:40, 102.85it/s]
2025-12-30 13:37:11 - ERROR - 处理S参数:  16%|#5        | 15626/100000 [01:56<13:38, 103.06it/s]
2025-12-30 13:37:11 - ERROR - 处理S参数:  16%|#5        | 15637/100000 [01:56<13:38, 103.10it/s]
2025-12-30 13:37:12 - ERROR - 处理S参数:  16%|#5        | 15648/100000 [01:56<13:36, 103.30it/s]
2025-12-30 13:37:12 - ERROR - 处理S参数:  16%|#5        | 15659/100000 [01:56<13:39, 102.95it/s]
2025-12-30 13:37:12 - ERROR - 处理S参数:  16%|#5        | 15670/100000 [01:57<13:35, 103.36it/s]
2025-12-30 13:37:12 - ERROR - 处理S参数:  16%|#5        | 15681/100000 [01:57<13:37, 103.13it/s]
2025-12-30 13:37:12 - ERROR - 处理S参数:  16%|#5        | 15692/100000 [01:57<13:36, 103.26it/s]
2025-12-30 13:37:12 - ERROR - 处理S参数:  16%|#5        | 15703/100000 [01:57<13:38, 103.00it/s]
2025-12-30 13:37:12 - ERROR - 处理S参数:  16%|#5        | 15714/100000 [01:57<13:38, 102.97it/s]
2025-12-30 13:37:12 - ERROR - 处理S参数:  16%|#5        | 15725/100000 [01:57<13:36, 103.16it/s]
2025-12-30 13:37:12 - ERROR - 处理S参数:  16%|#5        | 15736/100000 [01:57<13:41, 102.55it/s]
2025-12-30 13:37:12 - ERROR - 处理S参数:  16%|#5        | 15747/100000 [01:57<13:40, 102.72it/s]
2025-12-30 13:37:13 - ERROR - 处理S参数:  16%|#5        | 15758/100000 [01:57<13:42, 102.39it/s]
2025-12-30 13:37:13 - ERROR - 处理S参数:  16%|#5        | 15769/100000 [01:58<13:41, 102.49it/s]
2025-12-30 13:37:13 - ERROR - 处理S参数:  16%|#5        | 15780/100000 [01:58<13:40, 102.60it/s]
2025-12-30 13:37:13 - ERROR - 处理S参数:  16%|#5        | 15791/100000 [01:58<13:37, 103.00it/s]
2025-12-30 13:37:13 - ERROR - 处理S参数:  16%|#5        | 15802/100000 [01:58<13:38, 102.88it/s]
2025-12-30 13:37:13 - ERROR - 处理S参数:  16%|#5        | 15813/100000 [01:58<13:44, 102.15it/s]
2025-12-30 13:37:13 - ERROR - 处理S参数:  16%|#5        | 15824/100000 [01:58<13:43, 102.19it/s]
2025-12-30 13:37:13 - ERROR - 处理S参数:  16%|#5        | 15835/100000 [01:58<13:44, 102.10it/s]
2025-12-30 13:37:13 - ERROR - 处理S参数:  16%|#5        | 15846/100000 [01:58<13:41, 102.47it/s]
2025-12-30 13:37:14 - ERROR - 处理S参数:  16%|#5        | 15857/100000 [01:58<13:39, 102.62it/s]
2025-12-30 13:37:14 - ERROR - 处理S参数:  16%|#5        | 15868/100000 [01:59<13:39, 102.68it/s]
2025-12-30 13:37:14 - ERROR - 处理S参数:  16%|#5        | 15879/100000 [01:59<13:40, 102.48it/s]
2025-12-30 13:37:14 - ERROR - 处理S参数:  16%|#5        | 15890/100000 [01:59<13:44, 102.03it/s]
2025-12-30 13:37:14 - ERROR - 处理S参数:  16%|#5        | 15901/100000 [01:59<13:41, 102.39it/s]
2025-12-30 13:37:14 - ERROR - 处理S参数:  16%|#5        | 15912/100000 [01:59<13:43, 102.15it/s]
2025-12-30 13:37:14 - ERROR - 处理S参数:  16%|#5        | 15923/100000 [01:59<13:38, 102.76it/s]
2025-12-30 13:37:14 - ERROR - 处理S参数:  16%|#5        | 15934/100000 [01:59<13:36, 102.99it/s]
2025-12-30 13:37:14 - ERROR - 处理S参数:  16%|#5        | 15945/100000 [01:59<13:36, 102.96it/s]
2025-12-30 13:37:15 - ERROR - 处理S参数:  16%|#5        | 15956/100000 [01:59<13:35, 103.04it/s]
2025-12-30 13:37:15 - ERROR - 处理S参数:  16%|#5        | 15967/100000 [01:59<13:41, 102.30it/s]
2025-12-30 13:37:15 - ERROR - 处理S参数:  16%|#5        | 15978/100000 [02:00<13:39, 102.47it/s]
2025-12-30 13:37:15 - ERROR - 处理S参数:  16%|#5        | 15989/100000 [02:00<13:41, 102.24it/s]
2025-12-30 13:37:15 - ERROR - 处理S参数:  16%|#6        | 16000/100000 [02:00<13:37, 102.75it/s]
2025-12-30 13:37:15 - ERROR - 处理S参数:  16%|#6        | 16011/100000 [02:00<13:30, 103.65it/s]
2025-12-30 13:37:15 - ERROR - 处理S参数:  16%|#6        | 16022/100000 [02:00<13:24, 104.32it/s]
2025-12-30 13:37:15 - ERROR - 处理S参数:  16%|#6        | 16033/100000 [02:00<13:21, 104.73it/s]
2025-12-30 13:37:15 - ERROR - 处理S参数:  16%|#6        | 16044/100000 [02:00<13:24, 104.37it/s]
2025-12-30 13:37:15 - ERROR - 处理S参数:  16%|#6        | 16055/100000 [02:00<13:20, 104.92it/s]
2025-12-30 13:37:16 - ERROR - 处理S参数:  16%|#6        | 16066/100000 [02:00<13:21, 104.66it/s]
2025-12-30 13:37:16 - ERROR - 处理S参数:  16%|#6        | 16077/100000 [02:01<13:18, 105.15it/s]
2025-12-30 13:37:16 - ERROR - 处理S参数:  16%|#6        | 16088/100000 [02:01<13:16, 105.37it/s]
2025-12-30 13:37:16 - ERROR - 处理S参数:  16%|#6        | 16099/100000 [02:01<13:16, 105.38it/s]
2025-12-30 13:37:16 - ERROR - 处理S参数:  16%|#6        | 16110/100000 [02:01<13:17, 105.24it/s]
2025-12-30 13:37:16 - ERROR - 处理S参数:  16%|#6        | 16121/100000 [02:01<13:21, 104.61it/s]
2025-12-30 13:37:16 - ERROR - 处理S参数:  16%|#6        | 16132/100000 [02:01<13:19, 104.94it/s]
2025-12-30 13:37:16 - ERROR - 处理S参数:  16%|#6        | 16143/100000 [02:01<13:23, 104.37it/s]
2025-12-30 13:37:16 - ERROR - 处理S参数:  16%|#6        | 16154/100000 [02:01<13:22, 104.54it/s]
2025-12-30 13:37:17 - ERROR - 处理S参数:  16%|#6        | 16165/100000 [02:01<13:17, 105.06it/s]
2025-12-30 13:37:17 - ERROR - 处理S参数:  16%|#6        | 16176/100000 [02:01<13:14, 105.54it/s]
2025-12-30 13:37:17 - ERROR - 处理S参数:  16%|#6        | 16187/100000 [02:02<13:13, 105.58it/s]
2025-12-30 13:37:17 - ERROR - 处理S参数:  16%|#6        | 16198/100000 [02:02<13:18, 104.91it/s]
2025-12-30 13:37:17 - ERROR - 处理S参数:  16%|#6        | 16209/100000 [02:02<13:17, 105.10it/s]
2025-12-30 13:37:17 - ERROR - 处理S参数:  16%|#6        | 16220/100000 [02:02<13:21, 104.53it/s]
2025-12-30 13:37:17 - ERROR - 处理S参数:  16%|#6        | 16231/100000 [02:02<13:17, 105.08it/s]
2025-12-30 13:37:17 - ERROR - 处理S参数:  16%|#6        | 16242/100000 [02:02<13:16, 105.13it/s]
2025-12-30 13:37:17 - ERROR - 处理S参数:  16%|#6        | 16253/100000 [02:02<13:16, 105.16it/s]
2025-12-30 13:37:17 - ERROR - 处理S参数:  16%|#6        | 16264/100000 [02:02<13:16, 105.17it/s]
2025-12-30 13:37:18 - ERROR - 处理S参数:  16%|#6        | 16275/100000 [02:02<13:20, 104.56it/s]
2025-12-30 13:37:18 - ERROR - 处理S参数:  16%|#6        | 16286/100000 [02:03<13:16, 105.09it/s]
2025-12-30 13:37:18 - ERROR - 处理S参数:  16%|#6        | 16297/100000 [02:03<13:19, 104.75it/s]
2025-12-30 13:37:18 - ERROR - 处理S参数:  16%|#6        | 16308/100000 [02:03<13:17, 104.97it/s]
2025-12-30 13:37:18 - ERROR - 处理S参数:  16%|#6        | 16319/100000 [02:03<13:17, 104.95it/s]
2025-12-30 13:37:18 - ERROR - 处理S参数:  16%|#6        | 16330/100000 [02:03<13:17, 104.96it/s]
2025-12-30 13:37:18 - ERROR - 处理S参数:  16%|#6        | 16341/100000 [02:03<13:15, 105.13it/s]
2025-12-30 13:37:18 - ERROR - 处理S参数:  16%|#6        | 16352/100000 [02:03<13:19, 104.64it/s]
2025-12-30 13:37:18 - ERROR - 处理S参数:  16%|#6        | 16363/100000 [02:03<13:17, 104.81it/s]
2025-12-30 13:37:18 - ERROR - 处理S参数:  16%|#6        | 16374/100000 [02:03<13:20, 104.52it/s]
2025-12-30 13:37:19 - ERROR - 处理S参数:  16%|#6        | 16385/100000 [02:03<13:18, 104.74it/s]
2025-12-30 13:37:19 - ERROR - 处理S参数:  16%|#6        | 16396/100000 [02:04<13:17, 104.78it/s]
2025-12-30 13:37:19 - ERROR - 处理S参数:  16%|#6        | 16407/100000 [02:04<13:17, 104.80it/s]
2025-12-30 13:37:19 - ERROR - 处理S参数:  16%|#6        | 16418/100000 [02:04<13:16, 104.98it/s]
2025-12-30 13:37:19 - ERROR - 处理S参数:  16%|#6        | 16429/100000 [02:04<13:20, 104.40it/s]
2025-12-30 13:37:19 - ERROR - 处理S参数:  16%|#6        | 16440/100000 [02:04<13:19, 104.54it/s]
2025-12-30 13:37:19 - ERROR - 处理S参数:  16%|#6        | 16451/100000 [02:04<13:21, 104.28it/s]
2025-12-30 13:37:19 - ERROR - 处理S参数:  16%|#6        | 16462/100000 [02:04<13:20, 104.37it/s]
2025-12-30 13:37:19 - ERROR - 处理S参数:  16%|#6        | 16473/100000 [02:04<13:20, 104.36it/s]
2025-12-30 13:37:20 - ERROR - 处理S参数:  16%|#6        | 16484/100000 [02:04<13:22, 104.11it/s]
2025-12-30 13:37:20 - ERROR - 处理S参数:  16%|#6        | 16495/100000 [02:05<13:21, 104.21it/s]
2025-12-30 13:37:20 - ERROR - 处理S参数:  17%|#6        | 16506/100000 [02:05<13:25, 103.62it/s]
2025-12-30 13:37:20 - ERROR - 处理S参数:  17%|#6        | 16517/100000 [02:05<13:20, 104.26it/s]
2025-12-30 13:37:20 - ERROR - 处理S参数:  17%|#6        | 16528/100000 [02:05<13:23, 103.83it/s]
2025-12-30 13:37:20 - ERROR - 处理S参数:  17%|#6        | 16539/100000 [02:05<13:20, 104.25it/s]
2025-12-30 13:37:20 - ERROR - 处理S参数:  17%|#6        | 16550/100000 [02:05<13:18, 104.57it/s]
2025-12-30 13:37:20 - ERROR - 处理S参数:  17%|#6        | 16561/100000 [02:05<13:15, 104.84it/s]
2025-12-30 13:37:20 - ERROR - 处理S参数:  17%|#6        | 16572/100000 [02:05<13:13, 105.08it/s]
2025-12-30 13:37:20 - ERROR - 处理S参数:  17%|#6        | 16583/100000 [02:05<13:18, 104.46it/s]
2025-12-30 13:37:21 - ERROR - 处理S参数:  17%|#6        | 16594/100000 [02:05<13:16, 104.75it/s]
2025-12-30 13:37:21 - ERROR - 处理S参数:  17%|#6        | 16605/100000 [02:06<13:20, 104.23it/s]
2025-12-30 13:37:21 - ERROR - 处理S参数:  17%|#6        | 16616/100000 [02:06<13:17, 104.51it/s]
2025-12-30 13:37:21 - ERROR - 处理S参数:  17%|#6        | 16627/100000 [02:06<13:15, 104.80it/s]
2025-12-30 13:37:21 - ERROR - 处理S参数:  17%|#6        | 16638/100000 [02:06<13:15, 104.75it/s]
2025-12-30 13:37:21 - ERROR - 处理S参数:  17%|#6        | 16649/100000 [02:06<13:17, 104.55it/s]
2025-12-30 13:37:21 - ERROR - 处理S参数:  17%|#6        | 16660/100000 [02:06<13:21, 103.94it/s]
2025-12-30 13:37:21 - ERROR - 处理S参数:  17%|#6        | 16671/100000 [02:06<13:20, 104.08it/s]
2025-12-30 13:37:21 - ERROR - 处理S参数:  17%|#6        | 16682/100000 [02:06<13:21, 103.96it/s]
2025-12-30 13:37:22 - ERROR - 处理S参数:  17%|#6        | 16693/100000 [02:06<13:18, 104.27it/s]
2025-12-30 13:37:22 - ERROR - 处理S参数:  17%|#6        | 16704/100000 [02:07<13:15, 104.76it/s]
2025-12-30 13:37:22 - ERROR - 处理S参数:  17%|#6        | 16715/100000 [02:07<13:11, 105.27it/s]
2025-12-30 13:37:22 - ERROR - 处理S参数:  17%|#6        | 16726/100000 [02:07<13:11, 105.15it/s]
2025-12-30 13:37:22 - ERROR - 处理S参数:  17%|#6        | 16737/100000 [02:07<13:18, 104.25it/s]
2025-12-30 13:37:22 - ERROR - 处理S参数:  17%|#6        | 16748/100000 [02:07<13:15, 104.63it/s]
2025-12-30 13:37:22 - ERROR - 处理S参数:  17%|#6        | 16759/100000 [02:07<13:20, 104.01it/s]
2025-12-30 13:37:22 - ERROR - 处理S参数:  17%|#6        | 16770/100000 [02:07<13:19, 104.16it/s]
2025-12-30 13:37:22 - ERROR - 处理S参数:  17%|#6        | 16781/100000 [02:07<13:17, 104.30it/s]
2025-12-30 13:37:22 - ERROR - 处理S参数:  17%|#6        | 16792/100000 [02:07<13:17, 104.34it/s]
2025-12-30 13:37:23 - ERROR - 处理S参数:  17%|#6        | 16803/100000 [02:07<13:16, 104.48it/s]
2025-12-30 13:37:23 - ERROR - 处理S参数:  17%|#6        | 16814/100000 [02:08<13:22, 103.69it/s]
2025-12-30 13:37:23 - ERROR - 处理S参数:  17%|#6        | 16825/100000 [02:08<13:22, 103.65it/s]
2025-12-30 13:37:23 - ERROR - 处理S参数:  17%|#6        | 16836/100000 [02:08<13:25, 103.30it/s]
2025-12-30 13:37:23 - ERROR - 处理S参数:  17%|#6        | 16847/100000 [02:08<13:21, 103.75it/s]
2025-12-30 13:37:23 - ERROR - 处理S参数:  17%|#6        | 16858/100000 [02:08<13:20, 103.81it/s]
2025-12-30 13:37:23 - ERROR - 处理S参数:  17%|#6        | 16869/100000 [02:08<13:29, 102.67it/s]
2025-12-30 13:37:23 - ERROR - 处理S参数:  17%|#6        | 16880/100000 [02:08<13:31, 102.46it/s]
2025-12-30 13:37:23 - ERROR - 处理S参数:  17%|#6        | 16891/100000 [02:08<13:37, 101.65it/s]
2025-12-30 13:37:24 - ERROR - 处理S参数:  17%|#6        | 16902/100000 [02:08<13:35, 101.90it/s]
2025-12-30 13:37:24 - ERROR - 处理S参数:  17%|#6        | 16913/100000 [02:09<13:38, 101.54it/s]
2025-12-30 13:37:24 - ERROR - 处理S参数:  17%|#6        | 16924/100000 [02:09<13:34, 101.96it/s]
2025-12-30 13:37:24 - ERROR - 处理S参数:  17%|#6        | 16935/100000 [02:09<13:31, 102.38it/s]
2025-12-30 13:37:24 - ERROR - 处理S参数:  17%|#6        | 16946/100000 [02:09<13:30, 102.49it/s]
2025-12-30 13:37:24 - ERROR - 处理S参数:  17%|#6        | 16957/100000 [02:09<13:30, 102.47it/s]
2025-12-30 13:37:24 - ERROR - 处理S参数:  17%|#6        | 16968/100000 [02:09<13:35, 101.82it/s]
2025-12-30 13:37:24 - ERROR - 处理S参数:  17%|#6        | 16979/100000 [02:09<13:33, 102.10it/s]
2025-12-30 13:37:24 - ERROR - 处理S参数:  17%|#6        | 16990/100000 [02:09<13:33, 102.07it/s]
2025-12-30 13:37:25 - ERROR - 处理S参数:  17%|#7        | 17001/100000 [02:09<13:33, 102.02it/s]
2025-12-30 13:37:25 - ERROR - 处理S参数:  17%|#7        | 17012/100000 [02:10<13:31, 102.32it/s]
2025-12-30 13:37:25 - ERROR - 处理S参数:  17%|#7        | 17023/100000 [02:10<13:30, 102.36it/s]
2025-12-30 13:37:25 - ERROR - 处理S参数:  17%|#7        | 17034/100000 [02:10<13:30, 102.36it/s]
2025-12-30 13:37:25 - ERROR - 处理S参数:  17%|#7        | 17045/100000 [02:10<13:36, 101.65it/s]
2025-12-30 13:37:25 - ERROR - 处理S参数:  17%|#7        | 17056/100000 [02:10<13:33, 101.96it/s]
2025-12-30 13:37:25 - ERROR - 处理S参数:  17%|#7        | 17067/100000 [02:10<13:35, 101.63it/s]
2025-12-30 13:37:25 - ERROR - 处理S参数:  17%|#7        | 17078/100000 [02:10<13:33, 101.91it/s]
2025-12-30 13:37:25 - ERROR - 处理S参数:  17%|#7        | 17089/100000 [02:10<13:32, 102.01it/s]
2025-12-30 13:37:26 - ERROR - 处理S参数:  17%|#7        | 17100/100000 [02:10<13:31, 102.20it/s]
2025-12-30 13:37:26 - ERROR - 处理S参数:  17%|#7        | 17111/100000 [02:10<13:29, 102.35it/s]
2025-12-30 13:37:26 - ERROR - 处理S参数:  17%|#7        | 17122/100000 [02:11<13:34, 101.70it/s]
2025-12-30 13:37:26 - ERROR - 处理S参数:  17%|#7        | 17133/100000 [02:11<13:39, 101.09it/s]
2025-12-30 13:37:26 - ERROR - 处理S参数:  17%|#7        | 17144/100000 [02:11<13:45, 100.39it/s]
2025-12-30 13:37:26 - ERROR - 处理S参数:  17%|#7        | 17155/100000 [02:11<13:46, 100.22it/s]
2025-12-30 13:37:26 - ERROR - 处理S参数:  17%|#7        | 17166/100000 [02:11<13:48, 99.96it/s] 
2025-12-30 13:37:26 - ERROR - 处理S参数:  17%|#7        | 17176/100000 [02:11<13:53, 99.36it/s]
2025-12-30 13:37:26 - ERROR - 处理S参数:  17%|#7        | 17186/100000 [02:11<13:52, 99.50it/s]
2025-12-30 13:37:26 - ERROR - 处理S参数:  17%|#7        | 17197/100000 [02:11<13:51, 99.56it/s]
2025-12-30 13:37:27 - ERROR - 处理S参数:  17%|#7        | 17207/100000 [02:11<13:51, 99.51it/s]
2025-12-30 13:37:27 - ERROR - 处理S参数:  17%|#7        | 17218/100000 [02:12<13:51, 99.56it/s]
2025-12-30 13:37:27 - ERROR - 处理S参数:  17%|#7        | 17228/100000 [02:12<13:54, 99.22it/s]
2025-12-30 13:37:27 - ERROR - 处理S参数:  17%|#7        | 17239/100000 [02:12<13:52, 99.38it/s]
2025-12-30 13:37:27 - ERROR - 处理S参数:  17%|#7        | 17249/100000 [02:12<13:52, 99.45it/s]
2025-12-30 13:37:27 - ERROR - 处理S参数:  17%|#7        | 17260/100000 [02:12<13:47, 99.96it/s]
2025-12-30 13:37:27 - ERROR - 处理S参数:  17%|#7        | 17270/100000 [02:12<13:51, 99.51it/s]
2025-12-30 13:37:27 - ERROR - 处理S参数:  17%|#7        | 17280/100000 [02:12<13:52, 99.42it/s]
2025-12-30 13:37:27 - ERROR - 处理S参数:  17%|#7        | 17290/100000 [02:12<13:53, 99.20it/s]
2025-12-30 13:37:28 - ERROR - 处理S参数:  17%|#7        | 17301/100000 [02:12<13:50, 99.53it/s]
2025-12-30 13:37:28 - ERROR - 处理S参数:  17%|#7        | 17311/100000 [02:12<13:53, 99.23it/s]
2025-12-30 13:37:28 - ERROR - 处理S参数:  17%|#7        | 17322/100000 [02:13<13:52, 99.35it/s]
2025-12-30 13:37:28 - ERROR - 处理S参数:  17%|#7        | 17332/100000 [02:13<13:51, 99.40it/s]
2025-12-30 13:37:28 - ERROR - 处理S参数:  17%|#7        | 17343/100000 [02:13<13:51, 99.36it/s]
2025-12-30 13:37:28 - ERROR - 处理S参数:  17%|#7        | 17353/100000 [02:13<13:53, 99.11it/s]
2025-12-30 13:37:28 - ERROR - 处理S参数:  17%|#7        | 17363/100000 [02:13<13:52, 99.26it/s]
2025-12-30 13:37:28 - ERROR - 处理S参数:  17%|#7        | 17373/100000 [02:13<13:54, 99.01it/s]
2025-12-30 13:37:28 - ERROR - 处理S参数:  17%|#7        | 17383/100000 [02:13<13:58, 98.49it/s]
2025-12-30 13:37:28 - ERROR - 处理S参数:  17%|#7        | 17393/100000 [02:13<14:01, 98.19it/s]
2025-12-30 13:37:29 - ERROR - 处理S参数:  17%|#7        | 17403/100000 [02:13<14:03, 97.89it/s]
2025-12-30 13:37:29 - ERROR - 处理S参数:  17%|#7        | 17413/100000 [02:14<14:01, 98.15it/s]
2025-12-30 13:37:29 - ERROR - 处理S参数:  17%|#7        | 17423/100000 [02:14<14:01, 98.10it/s]
2025-12-30 13:37:29 - ERROR - 处理S参数:  17%|#7        | 17433/100000 [02:14<13:57, 98.61it/s]
2025-12-30 13:37:29 - ERROR - 处理S参数:  17%|#7        | 17443/100000 [02:14<14:00, 98.18it/s]
2025-12-30 13:37:29 - ERROR - 处理S参数:  17%|#7        | 17453/100000 [02:14<14:03, 97.87it/s]
2025-12-30 13:37:29 - ERROR - 处理S参数:  17%|#7        | 17463/100000 [02:14<14:04, 97.74it/s]
2025-12-30 13:37:29 - ERROR - 处理S参数:  17%|#7        | 17473/100000 [02:14<14:05, 97.58it/s]
2025-12-30 13:37:29 - ERROR - 处理S参数:  17%|#7        | 17483/100000 [02:14<14:02, 97.90it/s]
2025-12-30 13:37:29 - ERROR - 处理S参数:  17%|#7        | 17493/100000 [02:14<14:05, 97.59it/s]
2025-12-30 13:37:30 - ERROR - 处理S参数:  18%|#7        | 17503/100000 [02:14<14:00, 98.17it/s]
2025-12-30 13:37:30 - ERROR - 处理S参数:  18%|#7        | 17513/100000 [02:15<14:03, 97.78it/s]
2025-12-30 13:37:30 - ERROR - 处理S参数:  18%|#7        | 17523/100000 [02:15<14:03, 97.75it/s]
2025-12-30 13:37:30 - ERROR - 处理S参数:  18%|#7        | 17533/100000 [02:15<14:03, 97.82it/s]
2025-12-30 13:37:30 - ERROR - 处理S参数:  18%|#7        | 17543/100000 [02:15<14:01, 97.97it/s]
2025-12-30 13:37:30 - ERROR - 处理S参数:  18%|#7        | 17553/100000 [02:15<13:56, 98.57it/s]
2025-12-30 13:37:30 - ERROR - 处理S参数:  18%|#7        | 17563/100000 [02:15<13:57, 98.41it/s]
2025-12-30 13:37:30 - ERROR - 处理S参数:  18%|#7        | 17574/100000 [02:15<13:56, 98.57it/s]
2025-12-30 13:37:30 - ERROR - 处理S参数:  18%|#7        | 17584/100000 [02:15<13:54, 98.81it/s]
2025-12-30 13:37:31 - ERROR - 处理S参数:  18%|#7        | 17595/100000 [02:15<13:59, 98.11it/s]
2025-12-30 13:37:31 - ERROR - 处理S参数:  18%|#7        | 17605/100000 [02:15<13:56, 98.53it/s]
2025-12-30 13:37:31 - ERROR - 处理S参数:  18%|#7        | 17616/100000 [02:16<13:50, 99.23it/s]
2025-12-30 13:37:31 - ERROR - 处理S参数:  18%|#7        | 17627/100000 [02:16<13:48, 99.47it/s]
2025-12-30 13:37:31 - ERROR - 处理S参数:  18%|#7        | 17638/100000 [02:16<13:43, 99.99it/s]
2025-12-30 13:37:31 - ERROR - 处理S参数:  18%|#7        | 17649/100000 [02:16<13:40, 100.42it/s]
2025-12-30 13:37:31 - ERROR - 处理S参数:  18%|#7        | 17660/100000 [02:16<13:37, 100.67it/s]
2025-12-30 13:37:31 - ERROR - 处理S参数:  18%|#7        | 17671/100000 [02:16<13:36, 100.82it/s]
2025-12-30 13:37:31 - ERROR - 处理S参数:  18%|#7        | 17682/100000 [02:16<13:38, 100.54it/s]
2025-12-30 13:37:31 - ERROR - 处理S参数:  18%|#7        | 17693/100000 [02:16<13:35, 100.97it/s]
2025-12-30 13:37:32 - ERROR - 处理S参数:  18%|#7        | 17703/100000 [02:16<10:36, 129.26it/s]
2025-12-30 13:37:32 - ERROR - Traceback (most recent call last):

2025-12-30 13:37:32 - ERROR -   File "/home/hhabu/work_src/DL_IOMN_src/example/main.py", line 427, in <module>

2025-12-30 13:37:32 - ERROR - train_neural_network(model_type_name, create_report=True,use_cached_dataset=False, dataset_version='v1')
2025-12-30 13:37:32 - ERROR -   File "/home/hhabu/work_src/DL_IOMN_src/example/main.py", line 131, in train_neural_network

2025-12-30 13:37:32 - ERROR - preprocessor.load_and_clean_data()
2025-12-30 13:37:32 - ERROR -   File "/home/hhabu/work_src/DL_IOMN_src/example/data_preprocessor.py", line 138, in load_and_clean_data

2025-12-30 13:37:32 - ERROR - self.s_params = self._load_s_params()
2025-12-30 13:37:32 - ERROR - ^
2025-12-30 13:37:32 - ERROR - ^
2025-12-30 13:37:32 - ERROR - ^
2025-12-30 13:37:32 - ERROR - ^
2025-12-30 13:37:32 - ERROR - ^
2025-12-30 13:37:32 - ERROR - ^
2025-12-30 13:37:32 - ERROR - ^
2025-12-30 13:37:32 - ERROR - ^
2025-12-30 13:37:32 - ERROR - ^
2025-12-30 13:37:32 - ERROR - ^
2025-12-30 13:37:32 - ERROR - ^
2025-12-30 13:37:32 - ERROR - ^
2025-12-30 13:37:32 - ERROR - ^
2025-12-30 13:37:32 - ERROR - ^
2025-12-30 13:37:32 - ERROR - ^
2025-12-30 13:37:32 - ERROR - ^
2025-12-30 13:37:32 - ERROR - ^
2025-12-30 13:37:32 - ERROR - ^
2025-12-30 13:37:32 - ERROR - ^
2025-12-30 13:37:32 - ERROR - ^
2025-12-30 13:37:32 - ERROR - ^
2025-12-30 13:37:32 - ERROR -   File "/home/hhabu/work_src/DL_IOMN_src/example/data_preprocessor.py", line 77, in _load_s_params

2025-12-30 13:37:32 - ERROR - matrix_data = df[df.iloc[:, 0] == idx]
2025-12-30 13:37:32 - ERROR - ~
2025-12-30 13:37:32 - ERROR - ~
2025-12-30 13:37:32 - ERROR - ^
2025-12-30 13:37:32 - ERROR - ^
2025-12-30 13:37:32 - ERROR - ^
2025-12-30 13:37:32 - ERROR - ^
2025-12-30 13:37:32 - ERROR - ^
2025-12-30 13:37:32 - ERROR - ^
2025-12-30 13:37:32 - ERROR - ^
2025-12-30 13:37:32 - ERROR - ^
2025-12-30 13:37:32 - ERROR - ^
2025-12-30 13:37:32 - ERROR - ^
2025-12-30 13:37:32 - ERROR - ^
2025-12-30 13:37:32 - ERROR - ^
2025-12-30 13:37:32 - ERROR - ^
2025-12-30 13:37:32 - ERROR - ^
2025-12-30 13:37:32 - ERROR - ^
2025-12-30 13:37:32 - ERROR - ^
2025-12-30 13:37:32 - ERROR - ^
2025-12-30 13:37:32 - ERROR - ^
2025-12-30 13:37:32 - ERROR - ^
2025-12-30 13:37:32 - ERROR - ^
2025-12-30 13:37:32 - ERROR - ^
2025-12-30 13:37:32 - ERROR - ^
2025-12-30 13:37:32 - ERROR -   File "/home/hhabu/miniconda/envs/myenv/lib/python3.11/site-packages/pandas/core/frame.py", line 4104, in __getitem__

2025-12-30 13:37:32 - ERROR - return self._getitem_bool_array(key)
2025-12-30 13:37:32 - ERROR - ^
2025-12-30 13:37:32 - ERROR - ^
2025-12-30 13:37:32 - ERROR - ^
2025-12-30 13:37:32 - ERROR - ^
2025-12-30 13:37:32 - ERROR - ^
2025-12-30 13:37:32 - ERROR - ^
2025-12-30 13:37:32 - ERROR - ^
2025-12-30 13:37:32 - ERROR - ^
2025-12-30 13:37:32 - ERROR - ^
2025-12-30 13:37:32 - ERROR - ^
2025-12-30 13:37:32 - ERROR - ^
2025-12-30 13:37:32 - ERROR - ^
2025-12-30 13:37:32 - ERROR - ^
2025-12-30 13:37:32 - ERROR - ^
2025-12-30 13:37:32 - ERROR - ^
2025-12-30 13:37:32 - ERROR - ^
2025-12-30 13:37:32 - ERROR - ^
2025-12-30 13:37:32 - ERROR - ^
2025-12-30 13:37:32 - ERROR - ^
2025-12-30 13:37:32 - ERROR - ^
2025-12-30 13:37:32 - ERROR - ^
2025-12-30 13:37:32 - ERROR - ^
2025-12-30 13:37:32 - ERROR - ^
2025-12-30 13:37:32 - ERROR - ^
2025-12-30 13:37:32 - ERROR - ^
2025-12-30 13:37:32 - ERROR - ^
2025-12-30 13:37:32 - ERROR - ^
2025-12-30 13:37:32 - ERROR - ^
2025-12-30 13:37:32 - ERROR - ^
2025-12-30 13:37:32 - ERROR -   File "/home/hhabu/miniconda/envs/myenv/lib/python3.11/site-packages/pandas/core/frame.py", line 4165, in _getitem_bool_array

2025-12-30 13:37:32 - ERROR - indexer = key.nonzero()[0]
2025-12-30 13:37:32 - ERROR - ^
2025-12-30 13:37:32 - ERROR - ^
2025-12-30 13:37:32 - ERROR - ^
2025-12-30 13:37:32 - ERROR - ^
2025-12-30 13:37:32 - ERROR - ^
2025-12-30 13:37:32 - ERROR - ^
2025-12-30 13:37:32 - ERROR - ^
2025-12-30 13:37:32 - ERROR - ^
2025-12-30 13:37:32 - ERROR - ^
2025-12-30 13:37:32 - ERROR - ^
2025-12-30 13:37:32 - ERROR - ^
2025-12-30 13:37:32 - ERROR - ^
2025-12-30 13:37:32 - ERROR - ^
2025-12-30 13:37:32 - ERROR - KeyboardInterrupt
