2026-01-08 16:53:41 - INFO - 日志文件保存到: logs/training_20260108_165341.log
2026-01-08 16:53:41 - INFO - 选择模型类型 (1: CnnNet, 2: ResidualNet): 
2026-01-08 16:53:43 - INFO - 选择运行模式 (1: 仅训练神经网络, 2: 仅运行遗传算法, 3: 测试S参数曲线: 
2026-01-08 16:53:45 - ERROR - /home/hhabu/work_src/DL_IOMN_src/example/main.py:553: FutureWarning: You are using `torch.load` with `weights_only=False` (the current default value), which uses the default pickle module implicitly. It is possible to construct malicious pickle data which will execute arbitrary code during unpickling (See https://github.com/pytorch/pytorch/blob/main/SECURITY.md#untrusted-models for more details). In a future release, the default value for `weights_only` will be flipped to `True`. This limits the functions that could be executed during unpickling. Arbitrary objects will no longer be allowed to be loaded via this mode unless they are explicitly allowlisted by the user via `torch.serialization.add_safe_globals`. We recommend you start setting `weights_only=True` for any use case where you don't have full control of the loaded file. Please open an issue on GitHub for any issues related to this experimental feature.
  checkpoint = torch.load(model_path)

2026-01-08 16:53:45 - INFO - 
==================================================
2026-01-08 16:53:45 - INFO - 创建空白模型：
2026-01-08 16:53:45 - INFO - 
==================================================
2026-01-08 16:53:45 - INFO - 
==================================================
2026-01-08 16:53:45 - INFO - 模型加载：
2026-01-08 16:53:45 - INFO - 
==================================================
2026-01-08 16:53:45 - INFO - ModelManager初始化完成，使用设备: cuda
2026-01-08 16:53:45 - INFO - 检查点目录: frequency_checkpoints/best_model.pth
2026-01-08 16:53:45 - INFO - 
================================================================================
2026-01-08 16:53:45 - INFO - 开始完整的S参数模型评估
2026-01-08 16:53:45 - INFO - ================================================================================
2026-01-08 16:53:45 - INFO - 加载真实数据: s_params_varification.txt
2026-01-08 16:53:45 - INFO - 数据加载成功，形状: (301, 10)
2026-01-08 16:53:45 - INFO - 列名: ['ID', 'Freq(Hz)', 'S11_real', 'S11_imag', 'S21_real', 'S21_imag', 'S12_real', 'S12_imag', 'S22_real', 'S22_imag']
2026-01-08 16:53:45 - INFO - 频率范围: 0.00e+00 Hz 到 3.00e+10 Hz
2026-01-08 16:53:45 - INFO - 频率范围: 0.00 GHz 到 30.00 GHz
2026-01-08 16:53:45 - INFO - 数据点数: 301
2026-01-08 16:53:45 - INFO - 开始预测 301 个频率点的S参数...
2026-01-08 16:53:45 - INFO -   预测进度: 1/301
2026-01-08 16:53:45 - INFO - (tensor([[[[0., 1., 1., 1., 1., 0., 1., 1., 0., 1., 0., 1., 1., 0., 1., 0., 0.,
           1., 0.],
          [1., 1., 1., 1., 1., 0., 1., 0., 1., 0., 0., 0., 0., 1., 0., 1., 0.,
           0., 0.],
          [1., 1., 1., 0., 1., 0., 1., 1., 0., 1., 0., 0., 0., 0., 1., 0., 0.,
           0., 1.],
          [1., 0., 0., 1., 0., 1., 0., 0., 1., 0., 1., 0., 1., 1., 1., 0., 0.,
           1., 0.],
          [1., 1., 0., 1., 1., 1., 1., 0., 1., 1., 1., 0., 0., 1., 1., 1., 0.,
           0., 0.],
          [1., 1., 1., 1., 1., 1., 0., 1., 0., 1., 1., 0., 0., 1., 0., 1., 1.,
           0., 1.],
          [1., 1., 1., 1., 1., 1., 1., 0., 1., 0., 1., 0., 1., 0., 0., 1., 1.,
           0., 0.],
          [0., 1., 1., 1., 0., 0., 1., 1., 0., 1., 0., 1., 0., 1., 1., 0., 0.,
           0., 1.],
          [0., 0., 0., 0., 0., 1., 0., 0., 0., 0., 0., 0., 1., 1., 0., 1., 1.,
           1., 1.],
          [1., 1., 0., 1., 1., 1., 0., 1., 1., 0., 0., 0., 0., 1., 0., 0., 1.,
           1., 1.],
          [1., 1., 1., 1., 1., 0., 1., 0., 0., 1., 1., 1., 1., 1., 0., 1., 1.,
           1., 1.],
          [1., 1., 0., 1., 0., 0., 1., 0., 0., 0., 0., 1., 1., 1., 0., 1., 1.,
           0., 1.],
          [0., 1., 0., 0., 0., 1., 0., 0., 0., 0., 0., 1., 0., 1., 1., 1., 1.,
           0., 1.],
          [0., 1., 1., 0., 1., 1., 1., 1., 1., 0., 0., 0., 1., 0., 0., 0., 1.,
           1., 0.],
          [1., 1., 1., 0., 0., 0., 0., 1., 1., 0., 1., 0., 0., 0., 1., 0., 1.,
           0., 1.],
          [1., 1., 0., 0., 0., 0., 0., 0., 0., 0., 0., 0., 0., 1., 0., 1., 0.,
           1., 0.],
          [1., 0., 1., 1., 0., 0., 1., 1., 0., 1., 1., 1., 1., 1., 1., 0., 0.,
           0., 1.],
          [1., 0., 0., 0., 1., 1., 0., 1., 0., 1., 0., 1., 1., 0., 1., 0., 0.,
           1., 0.],
          [1., 1., 1., 1., 0., 0., 0., 1., 0., 1., 0., 1., 0., 0., 1., 1., 0.,
           0., 0.]]]], device='cuda:0'), tensor([[-0.0033]], device='cuda:0'))
2026-01-08 16:53:46 - INFO - [ 2.0743206e-03 -7.9481659e-04  9.9848634e-01 -8.3794055e-04
  9.9848634e-01 -8.3792937e-04  1.9647118e-03 -6.0132885e-04]
2026-01-08 16:53:46 - INFO - (tensor([[[[0., 1., 1., 1., 1., 0., 1., 1., 0., 1., 0., 1., 1., 0., 1., 0., 0.,
           1., 0.],
          [1., 1., 1., 1., 1., 0., 1., 0., 1., 0., 0., 0., 0., 1., 0., 1., 0.,
           0., 0.],
          [1., 1., 1., 0., 1., 0., 1., 1., 0., 1., 0., 0., 0., 0., 1., 0., 0.,
           0., 1.],
          [1., 0., 0., 1., 0., 1., 0., 0., 1., 0., 1., 0., 1., 1., 1., 0., 0.,
           1., 0.],
          [1., 1., 0., 1., 1., 1., 1., 0., 1., 1., 1., 0., 0., 1., 1., 1., 0.,
           0., 0.],
          [1., 1., 1., 1., 1., 1., 0., 1., 0., 1., 1., 0., 0., 1., 0., 1., 1.,
           0., 1.],
          [1., 1., 1., 1., 1., 1., 1., 0., 1., 0., 1., 0., 1., 0., 0., 1., 1.,
           0., 0.],
          [0., 1., 1., 1., 0., 0., 1., 1., 0., 1., 0., 1., 0., 1., 1., 0., 0.,
           0., 1.],
          [0., 0., 0., 0., 0., 1., 0., 0., 0., 0., 0., 0., 1., 1., 0., 1., 1.,
           1., 1.],
          [1., 1., 0., 1., 1., 1., 0., 1., 1., 0., 0., 0., 0., 1., 0., 0., 1.,
           1., 1.],
          [1., 1., 1., 1., 1., 0., 1., 0., 0., 1., 1., 1., 1., 1., 0., 1., 1.,
           1., 1.],
          [1., 1., 0., 1., 0., 0., 1., 0., 0., 0., 0., 1., 1., 1., 0., 1., 1.,
           0., 1.],
          [0., 1., 0., 0., 0., 1., 0., 0., 0., 0., 0., 1., 0., 1., 1., 1., 1.,
           0., 1.],
          [0., 1., 1., 0., 1., 1., 1., 1., 1., 0., 0., 0., 1., 0., 0., 0., 1.,
           1., 0.],
          [1., 1., 1., 0., 0., 0., 0., 1., 1., 0., 1., 0., 0., 0., 1., 0., 1.,
           0., 1.],
          [1., 1., 0., 0., 0., 0., 0., 0., 0., 0., 0., 0., 0., 1., 0., 1., 0.,
           1., 0.],
          [1., 0., 1., 1., 0., 0., 1., 1., 0., 1., 1., 1., 1., 1., 1., 0., 0.,
           0., 1.],
          [1., 0., 0., 0., 1., 1., 0., 1., 0., 1., 0., 1., 1., 0., 1., 0., 0.,
           1., 0.],
          [1., 1., 1., 1., 0., 0., 0., 1., 0., 1., 0., 1., 0., 0., 1., 1., 0.,
           0., 0.]]]], device='cuda:0'), tensor([[0.]], device='cuda:0'))
2026-01-08 16:53:46 - INFO - [ 0.00192148 -0.00195541  0.99818605 -0.00295607  0.99818605 -0.00295608
  0.0021643  -0.00178801]
2026-01-08 16:53:46 - INFO - (tensor([[[[0., 1., 1., 1., 1., 0., 1., 1., 0., 1., 0., 1., 1., 0., 1., 0., 0.,
           1., 0.],
          [1., 1., 1., 1., 1., 0., 1., 0., 1., 0., 0., 0., 0., 1., 0., 1., 0.,
           0., 0.],
          [1., 1., 1., 0., 1., 0., 1., 1., 0., 1., 0., 0., 0., 0., 1., 0., 0.,
           0., 1.],
          [1., 0., 0., 1., 0., 1., 0., 0., 1., 0., 1., 0., 1., 1., 1., 0., 0.,
           1., 0.],
          [1., 1., 0., 1., 1., 1., 1., 0., 1., 1., 1., 0., 0., 1., 1., 1., 0.,
           0., 0.],
          [1., 1., 1., 1., 1., 1., 0., 1., 0., 1., 1., 0., 0., 1., 0., 1., 1.,
           0., 1.],
          [1., 1., 1., 1., 1., 1., 1., 0., 1., 0., 1., 0., 1., 0., 0., 1., 1.,
           0., 0.],
          [0., 1., 1., 1., 0., 0., 1., 1., 0., 1., 0., 1., 0., 1., 1., 0., 0.,
           0., 1.],
          [0., 0., 0., 0., 0., 1., 0., 0., 0., 0., 0., 0., 1., 1., 0., 1., 1.,
           1., 1.],
          [1., 1., 0., 1., 1., 1., 0., 1., 1., 0., 0., 0., 0., 1., 0., 0., 1.,
           1., 1.],
          [1., 1., 1., 1., 1., 0., 1., 0., 0., 1., 1., 1., 1., 1., 0., 1., 1.,
           1., 1.],
          [1., 1., 0., 1., 0., 0., 1., 0., 0., 0., 0., 1., 1., 1., 0., 1., 1.,
           0., 1.],
          [0., 1., 0., 0., 0., 1., 0., 0., 0., 0., 0., 1., 0., 1., 1., 1., 1.,
           0., 1.],
          [0., 1., 1., 0., 1., 1., 1., 1., 1., 0., 0., 0., 1., 0., 0., 0., 1.,
           1., 0.],
          [1., 1., 1., 0., 0., 0., 0., 1., 1., 0., 1., 0., 0., 0., 1., 0., 1.,
           0., 1.],
          [1., 1., 0., 0., 0., 0., 0., 0., 0., 0., 0., 0., 0., 1., 0., 1., 0.,
           1., 0.],
          [1., 0., 1., 1., 0., 0., 1., 1., 0., 1., 1., 1., 1., 1., 1., 0., 0.,
           0., 1.],
          [1., 0., 0., 0., 1., 1., 0., 1., 0., 1., 0., 1., 1., 0., 1., 0., 0.,
           1., 0.],
          [1., 1., 1., 1., 0., 0., 0., 1., 0., 1., 0., 1., 0., 0., 1., 1., 0.,
           0., 0.]]]], device='cuda:0'), tensor([[0.0033]], device='cuda:0'))
2026-01-08 16:53:46 - INFO - [ 0.00183682 -0.003053    0.9977701  -0.00506387  0.9977701  -0.00506389
  0.00219784 -0.00284578]
2026-01-08 16:53:46 - INFO - (tensor([[[[0., 1., 1., 1., 1., 0., 1., 1., 0., 1., 0., 1., 1., 0., 1., 0., 0.,
           1., 0.],
          [1., 1., 1., 1., 1., 0., 1., 0., 1., 0., 0., 0., 0., 1., 0., 1., 0.,
           0., 0.],
          [1., 1., 1., 0., 1., 0., 1., 1., 0., 1., 0., 0., 0., 0., 1., 0., 0.,
           0., 1.],
          [1., 0., 0., 1., 0., 1., 0., 0., 1., 0., 1., 0., 1., 1., 1., 0., 0.,
           1., 0.],
          [1., 1., 0., 1., 1., 1., 1., 0., 1., 1., 1., 0., 0., 1., 1., 1., 0.,
           0., 0.],
          [1., 1., 1., 1., 1., 1., 0., 1., 0., 1., 1., 0., 0., 1., 0., 1., 1.,
           0., 1.],
          [1., 1., 1., 1., 1., 1., 1., 0., 1., 0., 1., 0., 1., 0., 0., 1., 1.,
           0., 0.],
          [0., 1., 1., 1., 0., 0., 1., 1., 0., 1., 0., 1., 0., 1., 1., 0., 0.,
           0., 1.],
          [0., 0., 0., 0., 0., 1., 0., 0., 0., 0., 0., 0., 1., 1., 0., 1., 1.,
           1., 1.],
          [1., 1., 0., 1., 1., 1., 0., 1., 1., 0., 0., 0., 0., 1., 0., 0., 1.,
           1., 1.],
          [1., 1., 1., 1., 1., 0., 1., 0., 0., 1., 1., 1., 1., 1., 0., 1., 1.,
           1., 1.],
          [1., 1., 0., 1., 0., 0., 1., 0., 0., 0., 0., 1., 1., 1., 0., 1., 1.,
           0., 1.],
          [0., 1., 0., 0., 0., 1., 0., 0., 0., 0., 0., 1., 0., 1., 1., 1., 1.,
           0., 1.],
          [0., 1., 1., 0., 1., 1., 1., 1., 1., 0., 0., 0., 1., 0., 0., 0., 1.,
           1., 0.],
          [1., 1., 1., 0., 0., 0., 0., 1., 1., 0., 1., 0., 0., 0., 1., 0., 1.,
           0., 1.],
          [1., 1., 0., 0., 0., 0., 0., 0., 0., 0., 0., 0., 0., 1., 0., 1., 0.,
           1., 0.],
          [1., 0., 1., 1., 0., 0., 1., 1., 0., 1., 1., 1., 1., 1., 1., 0., 0.,
           0., 1.],
          [1., 0., 0., 0., 1., 1., 0., 1., 0., 1., 0., 1., 1., 0., 1., 0., 0.,
           1., 0.],
          [1., 1., 1., 1., 0., 0., 0., 1., 0., 1., 0., 1., 0., 0., 1., 1., 0.,
           0., 0.]]]], device='cuda:0'), tensor([[0.0067]], device='cuda:0'))
2026-01-08 16:53:46 - INFO - [ 0.00183756 -0.00474359  0.9973311  -0.00784545  0.9973311  -0.00784545
  0.00170069 -0.00431593]
2026-01-08 16:53:46 - INFO - (tensor([[[[0., 1., 1., 1., 1., 0., 1., 1., 0., 1., 0., 1., 1., 0., 1., 0., 0.,
           1., 0.],
          [1., 1., 1., 1., 1., 0., 1., 0., 1., 0., 0., 0., 0., 1., 0., 1., 0.,
           0., 0.],
          [1., 1., 1., 0., 1., 0., 1., 1., 0., 1., 0., 0., 0., 0., 1., 0., 0.,
           0., 1.],
          [1., 0., 0., 1., 0., 1., 0., 0., 1., 0., 1., 0., 1., 1., 1., 0., 0.,
           1., 0.],
          [1., 1., 0., 1., 1., 1., 1., 0., 1., 1., 1., 0., 0., 1., 1., 1., 0.,
           0., 0.],
          [1., 1., 1., 1., 1., 1., 0., 1., 0., 1., 1., 0., 0., 1., 0., 1., 1.,
           0., 1.],
          [1., 1., 1., 1., 1., 1., 1., 0., 1., 0., 1., 0., 1., 0., 0., 1., 1.,
           0., 0.],
          [0., 1., 1., 1., 0., 0., 1., 1., 0., 1., 0., 1., 0., 1., 1., 0., 0.,
           0., 1.],
          [0., 0., 0., 0., 0., 1., 0., 0., 0., 0., 0., 0., 1., 1., 0., 1., 1.,
           1., 1.],
          [1., 1., 0., 1., 1., 1., 0., 1., 1., 0., 0., 0., 0., 1., 0., 0., 1.,
           1., 1.],
          [1., 1., 1., 1., 1., 0., 1., 0., 0., 1., 1., 1., 1., 1., 0., 1., 1.,
           1., 1.],
          [1., 1., 0., 1., 0., 0., 1., 0., 0., 0., 0., 1., 1., 1., 0., 1., 1.,
           0., 1.],
          [0., 1., 0., 0., 0., 1., 0., 0., 0., 0., 0., 1., 0., 1., 1., 1., 1.,
           0., 1.],
          [0., 1., 1., 0., 1., 1., 1., 1., 1., 0., 0., 0., 1., 0., 0., 0., 1.,
           1., 0.],
          [1., 1., 1., 0., 0., 0., 0., 1., 1., 0., 1., 0., 0., 0., 1., 0., 1.,
           0., 1.],
          [1., 1., 0., 0., 0., 0., 0., 0., 0., 0., 0., 0., 0., 1., 0., 1., 0.,
           1., 0.],
          [1., 0., 1., 1., 0., 0., 1., 1., 0., 1., 1., 1., 1., 1., 1., 0., 0.,
           0., 1.],
          [1., 0., 0., 0., 1., 1., 0., 1., 0., 1., 0., 1., 1., 0., 1., 0., 0.,
           1., 0.],
          [1., 1., 1., 1., 0., 0., 0., 1., 0., 1., 0., 1., 0., 0., 1., 1., 0.,
           0., 0.]]]], device='cuda:0'), tensor([[0.0100]], device='cuda:0'))
2026-01-08 16:53:46 - INFO - [ 0.00110734 -0.00610514  0.99687815 -0.0107002   0.99687815 -0.01070021
  0.00150173 -0.00568939]
2026-01-08 16:53:46 - INFO - (tensor([[[[0., 1., 1., 1., 1., 0., 1., 1., 0., 1., 0., 1., 1., 0., 1., 0., 0.,
           1., 0.],
          [1., 1., 1., 1., 1., 0., 1., 0., 1., 0., 0., 0., 0., 1., 0., 1., 0.,
           0., 0.],
          [1., 1., 1., 0., 1., 0., 1., 1., 0., 1., 0., 0., 0., 0., 1., 0., 0.,
           0., 1.],
          [1., 0., 0., 1., 0., 1., 0., 0., 1., 0., 1., 0., 1., 1., 1., 0., 0.,
           1., 0.],
          [1., 1., 0., 1., 1., 1., 1., 0., 1., 1., 1., 0., 0., 1., 1., 1., 0.,
           0., 0.],
          [1., 1., 1., 1., 1., 1., 0., 1., 0., 1., 1., 0., 0., 1., 0., 1., 1.,
           0., 1.],
          [1., 1., 1., 1., 1., 1., 1., 0., 1., 0., 1., 0., 1., 0., 0., 1., 1.,
           0., 0.],
          [0., 1., 1., 1., 0., 0., 1., 1., 0., 1., 0., 1., 0., 1., 1., 0., 0.,
           0., 1.],
          [0., 0., 0., 0., 0., 1., 0., 0., 0., 0., 0., 0., 1., 1., 0., 1., 1.,
           1., 1.],
          [1., 1., 0., 1., 1., 1., 0., 1., 1., 0., 0., 0., 0., 1., 0., 0., 1.,
           1., 1.],
          [1., 1., 1., 1., 1., 0., 1., 0., 0., 1., 1., 1., 1., 1., 0., 1., 1.,
           1., 1.],
          [1., 1., 0., 1., 0., 0., 1., 0., 0., 0., 0., 1., 1., 1., 0., 1., 1.,
           0., 1.],
          [0., 1., 0., 0., 0., 1., 0., 0., 0., 0., 0., 1., 0., 1., 1., 1., 1.,
           0., 1.],
          [0., 1., 1., 0., 1., 1., 1., 1., 1., 0., 0., 0., 1., 0., 0., 0., 1.,
           1., 0.],
          [1., 1., 1., 0., 0., 0., 0., 1., 1., 0., 1., 0., 0., 0., 1., 0., 1.,
           0., 1.],
          [1., 1., 0., 0., 0., 0., 0., 0., 0., 0., 0., 0., 0., 1., 0., 1., 0.,
           1., 0.],
          [1., 0., 1., 1., 0., 0., 1., 1., 0., 1., 1., 1., 1., 1., 1., 0., 0.,
           0., 1.],
          [1., 0., 0., 0., 1., 1., 0., 1., 0., 1., 0., 1., 1., 0., 1., 0., 0.,
           1., 0.],
          [1., 1., 1., 1., 0., 0., 0., 1., 0., 1., 0., 1., 0., 0., 1., 1., 0.,
           0., 0.]]]], device='cuda:0'), tensor([[0.0134]], device='cuda:0'))
2026-01-08 16:53:46 - INFO - [ 7.9390389e-04 -7.4347267e-03  9.9635297e-01 -1.3689226e-02
  9.9635297e-01 -1.3689229e-02  1.2517453e-03 -7.1398220e-03]
2026-01-08 16:53:46 - INFO - (tensor([[[[0., 1., 1., 1., 1., 0., 1., 1., 0., 1., 0., 1., 1., 0., 1., 0., 0.,
           1., 0.],
          [1., 1., 1., 1., 1., 0., 1., 0., 1., 0., 0., 0., 0., 1., 0., 1., 0.,
           0., 0.],
          [1., 1., 1., 0., 1., 0., 1., 1., 0., 1., 0., 0., 0., 0., 1., 0., 0.,
           0., 1.],
          [1., 0., 0., 1., 0., 1., 0., 0., 1., 0., 1., 0., 1., 1., 1., 0., 0.,
           1., 0.],
          [1., 1., 0., 1., 1., 1., 1., 0., 1., 1., 1., 0., 0., 1., 1., 1., 0.,
           0., 0.],
          [1., 1., 1., 1., 1., 1., 0., 1., 0., 1., 1., 0., 0., 1., 0., 1., 1.,
           0., 1.],
          [1., 1., 1., 1., 1., 1., 1., 0., 1., 0., 1., 0., 1., 0., 0., 1., 1.,
           0., 0.],
          [0., 1., 1., 1., 0., 0., 1., 1., 0., 1., 0., 1., 0., 1., 1., 0., 0.,
           0., 1.],
          [0., 0., 0., 0., 0., 1., 0., 0., 0., 0., 0., 0., 1., 1., 0., 1., 1.,
           1., 1.],
          [1., 1., 0., 1., 1., 1., 0., 1., 1., 0., 0., 0., 0., 1., 0., 0., 1.,
           1., 1.],
          [1., 1., 1., 1., 1., 0., 1., 0., 0., 1., 1., 1., 1., 1., 0., 1., 1.,
           1., 1.],
          [1., 1., 0., 1., 0., 0., 1., 0., 0., 0., 0., 1., 1., 1., 0., 1., 1.,
           0., 1.],
          [0., 1., 0., 0., 0., 1., 0., 0., 0., 0., 0., 1., 0., 1., 1., 1., 1.,
           0., 1.],
          [0., 1., 1., 0., 1., 1., 1., 1., 1., 0., 0., 0., 1., 0., 0., 0., 1.,
           1., 0.],
          [1., 1., 1., 0., 0., 0., 0., 1., 1., 0., 1., 0., 0., 0., 1., 0., 1.,
           0., 1.],
          [1., 1., 0., 0., 0., 0., 0., 0., 0., 0., 0., 0., 0., 1., 0., 1., 0.,
           1., 0.],
          [1., 0., 1., 1., 0., 0., 1., 1., 0., 1., 1., 1., 1., 1., 1., 0., 0.,
           0., 1.],
          [1., 0., 0., 0., 1., 1., 0., 1., 0., 1., 0., 1., 1., 0., 1., 0., 0.,
           1., 0.],
          [1., 1., 1., 1., 0., 0., 0., 1., 0., 1., 0., 1., 0., 0., 1., 1., 0.,
           0., 0.]]]], device='cuda:0'), tensor([[0.0167]], device='cuda:0'))
2026-01-08 16:53:46 - INFO - [ 4.7006455e-04 -8.3463900e-03  9.9590737e-01 -1.5899917e-02
  9.9590737e-01 -1.5899906e-02  9.0598292e-04 -8.1038792e-03]
2026-01-08 16:53:46 - INFO - (tensor([[[[0., 1., 1., 1., 1., 0., 1., 1., 0., 1., 0., 1., 1., 0., 1., 0., 0.,
           1., 0.],
          [1., 1., 1., 1., 1., 0., 1., 0., 1., 0., 0., 0., 0., 1., 0., 1., 0.,
           0., 0.],
          [1., 1., 1., 0., 1., 0., 1., 1., 0., 1., 0., 0., 0., 0., 1., 0., 0.,
           0., 1.],
          [1., 0., 0., 1., 0., 1., 0., 0., 1., 0., 1., 0., 1., 1., 1., 0., 0.,
           1., 0.],
          [1., 1., 0., 1., 1., 1., 1., 0., 1., 1., 1., 0., 0., 1., 1., 1., 0.,
           0., 0.],
          [1., 1., 1., 1., 1., 1., 0., 1., 0., 1., 1., 0., 0., 1., 0., 1., 1.,
           0., 1.],
          [1., 1., 1., 1., 1., 1., 1., 0., 1., 0., 1., 0., 1., 0., 0., 1., 1.,
           0., 0.],
          [0., 1., 1., 1., 0., 0., 1., 1., 0., 1., 0., 1., 0., 1., 1., 0., 0.,
           0., 1.],
          [0., 0., 0., 0., 0., 1., 0., 0., 0., 0., 0., 0., 1., 1., 0., 1., 1.,
           1., 1.],
          [1., 1., 0., 1., 1., 1., 0., 1., 1., 0., 0., 0., 0., 1., 0., 0., 1.,
           1., 1.],
          [1., 1., 1., 1., 1., 0., 1., 0., 0., 1., 1., 1., 1., 1., 0., 1., 1.,
           1., 1.],
          [1., 1., 0., 1., 0., 0., 1., 0., 0., 0., 0., 1., 1., 1., 0., 1., 1.,
           0., 1.],
          [0., 1., 0., 0., 0., 1., 0., 0., 0., 0., 0., 1., 0., 1., 1., 1., 1.,
           0., 1.],
          [0., 1., 1., 0., 1., 1., 1., 1., 1., 0., 0., 0., 1., 0., 0., 0., 1.,
           1., 0.],
          [1., 1., 1., 0., 0., 0., 0., 1., 1., 0., 1., 0., 0., 0., 1., 0., 1.,
           0., 1.],
          [1., 1., 0., 0., 0., 0., 0., 0., 0., 0., 0., 0., 0., 1., 0., 1., 0.,
           1., 0.],
          [1., 0., 1., 1., 0., 0., 1., 1., 0., 1., 1., 1., 1., 1., 1., 0., 0.,
           0., 1.],
          [1., 0., 0., 0., 1., 1., 0., 1., 0., 1., 0., 1., 1., 0., 1., 0., 0.,
           1., 0.],
          [1., 1., 1., 1., 0., 0., 0., 1., 0., 1., 0., 1., 0., 0., 1., 1., 0.,
           0., 0.]]]], device='cuda:0'), tensor([[0.0201]], device='cuda:0'))
2026-01-08 16:53:46 - INFO - [-5.2660704e-05 -9.5769446e-03  9.9540412e-01 -1.8096888e-02
  9.9540412e-01 -1.8096907e-02  3.5546345e-04 -9.3459077e-03]
2026-01-08 16:53:46 - INFO - (tensor([[[[0., 1., 1., 1., 1., 0., 1., 1., 0., 1., 0., 1., 1., 0., 1., 0., 0.,
           1., 0.],
          [1., 1., 1., 1., 1., 0., 1., 0., 1., 0., 0., 0., 0., 1., 0., 1., 0.,
           0., 0.],
          [1., 1., 1., 0., 1., 0., 1., 1., 0., 1., 0., 0., 0., 0., 1., 0., 0.,
           0., 1.],
          [1., 0., 0., 1., 0., 1., 0., 0., 1., 0., 1., 0., 1., 1., 1., 0., 0.,
           1., 0.],
          [1., 1., 0., 1., 1., 1., 1., 0., 1., 1., 1., 0., 0., 1., 1., 1., 0.,
           0., 0.],
          [1., 1., 1., 1., 1., 1., 0., 1., 0., 1., 1., 0., 0., 1., 0., 1., 1.,
           0., 1.],
          [1., 1., 1., 1., 1., 1., 1., 0., 1., 0., 1., 0., 1., 0., 0., 1., 1.,
           0., 0.],
          [0., 1., 1., 1., 0., 0., 1., 1., 0., 1., 0., 1., 0., 1., 1., 0., 0.,
           0., 1.],
          [0., 0., 0., 0., 0., 1., 0., 0., 0., 0., 0., 0., 1., 1., 0., 1., 1.,
           1., 1.],
          [1., 1., 0., 1., 1., 1., 0., 1., 1., 0., 0., 0., 0., 1., 0., 0., 1.,
           1., 1.],
          [1., 1., 1., 1., 1., 0., 1., 0., 0., 1., 1., 1., 1., 1., 0., 1., 1.,
           1., 1.],
          [1., 1., 0., 1., 0., 0., 1., 0., 0., 0., 0., 1., 1., 1., 0., 1., 1.,
           0., 1.],
          [0., 1., 0., 0., 0., 1., 0., 0., 0., 0., 0., 1., 0., 1., 1., 1., 1.,
           0., 1.],
          [0., 1., 1., 0., 1., 1., 1., 1., 1., 0., 0., 0., 1., 0., 0., 0., 1.,
           1., 0.],
          [1., 1., 1., 0., 0., 0., 0., 1., 1., 0., 1., 0., 0., 0., 1., 0., 1.,
           0., 1.],
          [1., 1., 0., 0., 0., 0., 0., 0., 0., 0., 0., 0., 0., 1., 0., 1., 0.,
           1., 0.],
          [1., 0., 1., 1., 0., 0., 1., 1., 0., 1., 1., 1., 1., 1., 1., 0., 0.,
           0., 1.],
          [1., 0., 0., 0., 1., 1., 0., 1., 0., 1., 0., 1., 1., 0., 1., 0., 0.,
           1., 0.],
          [1., 1., 1., 1., 0., 0., 0., 1., 0., 1., 0., 1., 0., 0., 1., 1., 0.,
           0., 0.]]]], device='cuda:0'), tensor([[0.0234]], device='cuda:0'))
2026-01-08 16:53:46 - INFO - [-5.9010455e-04 -1.0770277e-02  9.9483788e-01 -2.0322740e-02
  9.9483788e-01 -2.0322736e-02 -2.3353472e-04 -1.0525106e-02]
2026-01-08 16:53:46 - INFO - (tensor([[[[0., 1., 1., 1., 1., 0., 1., 1., 0., 1., 0., 1., 1., 0., 1., 0., 0.,
           1., 0.],
          [1., 1., 1., 1., 1., 0., 1., 0., 1., 0., 0., 0., 0., 1., 0., 1., 0.,
           0., 0.],
          [1., 1., 1., 0., 1., 0., 1., 1., 0., 1., 0., 0., 0., 0., 1., 0., 0.,
           0., 1.],
          [1., 0., 0., 1., 0., 1., 0., 0., 1., 0., 1., 0., 1., 1., 1., 0., 0.,
           1., 0.],
          [1., 1., 0., 1., 1., 1., 1., 0., 1., 1., 1., 0., 0., 1., 1., 1., 0.,
           0., 0.],
          [1., 1., 1., 1., 1., 1., 0., 1., 0., 1., 1., 0., 0., 1., 0., 1., 1.,
           0., 1.],
          [1., 1., 1., 1., 1., 1., 1., 0., 1., 0., 1., 0., 1., 0., 0., 1., 1.,
           0., 0.],
          [0., 1., 1., 1., 0., 0., 1., 1., 0., 1., 0., 1., 0., 1., 1., 0., 0.,
           0., 1.],
          [0., 0., 0., 0., 0., 1., 0., 0., 0., 0., 0., 0., 1., 1., 0., 1., 1.,
           1., 1.],
          [1., 1., 0., 1., 1., 1., 0., 1., 1., 0., 0., 0., 0., 1., 0., 0., 1.,
           1., 1.],
          [1., 1., 1., 1., 1., 0., 1., 0., 0., 1., 1., 1., 1., 1., 0., 1., 1.,
           1., 1.],
          [1., 1., 0., 1., 0., 0., 1., 0., 0., 0., 0., 1., 1., 1., 0., 1., 1.,
           0., 1.],
          [0., 1., 0., 0., 0., 1., 0., 0., 0., 0., 0., 1., 0., 1., 1., 1., 1.,
           0., 1.],
          [0., 1., 1., 0., 1., 1., 1., 1., 1., 0., 0., 0., 1., 0., 0., 0., 1.,
           1., 0.],
          [1., 1., 1., 0., 0., 0., 0., 1., 1., 0., 1., 0., 0., 0., 1., 0., 1.,
           0., 1.],
          [1., 1., 0., 0., 0., 0., 0., 0., 0., 0., 0., 0., 0., 1., 0., 1., 0.,
           1., 0.],
          [1., 0., 1., 1., 0., 0., 1., 1., 0., 1., 1., 1., 1., 1., 1., 0., 0.,
           0., 1.],
          [1., 0., 0., 0., 1., 1., 0., 1., 0., 1., 0., 1., 1., 0., 1., 0., 0.,
           1., 0.],
          [1., 1., 1., 1., 0., 0., 0., 1., 0., 1., 0., 1., 0., 0., 1., 1., 0.,
           0., 0.]]]], device='cuda:0'), tensor([[0.0268]], device='cuda:0'))
2026-01-08 16:53:46 - INFO - [-1.1853793e-03 -1.2003188e-02  9.9423581e-01 -2.2436611e-02
  9.9423581e-01 -2.2436600e-02 -8.4882951e-04 -1.1685562e-02]
2026-01-08 16:53:46 - INFO - (tensor([[[[0., 1., 1., 1., 1., 0., 1., 1., 0., 1., 0., 1., 1., 0., 1., 0., 0.,
           1., 0.],
          [1., 1., 1., 1., 1., 0., 1., 0., 1., 0., 0., 0., 0., 1., 0., 1., 0.,
           0., 0.],
          [1., 1., 1., 0., 1., 0., 1., 1., 0., 1., 0., 0., 0., 0., 1., 0., 0.,
           0., 1.],
          [1., 0., 0., 1., 0., 1., 0., 0., 1., 0., 1., 0., 1., 1., 1., 0., 0.,
           1., 0.],
          [1., 1., 0., 1., 1., 1., 1., 0., 1., 1., 1., 0., 0., 1., 1., 1., 0.,
           0., 0.],
          [1., 1., 1., 1., 1., 1., 0., 1., 0., 1., 1., 0., 0., 1., 0., 1., 1.,
           0., 1.],
          [1., 1., 1., 1., 1., 1., 1., 0., 1., 0., 1., 0., 1., 0., 0., 1., 1.,
           0., 0.],
          [0., 1., 1., 1., 0., 0., 1., 1., 0., 1., 0., 1., 0., 1., 1., 0., 0.,
           0., 1.],
          [0., 0., 0., 0., 0., 1., 0., 0., 0., 0., 0., 0., 1., 1., 0., 1., 1.,
           1., 1.],
          [1., 1., 0., 1., 1., 1., 0., 1., 1., 0., 0., 0., 0., 1., 0., 0., 1.,
           1., 1.],
          [1., 1., 1., 1., 1., 0., 1., 0., 0., 1., 1., 1., 1., 1., 0., 1., 1.,
           1., 1.],
          [1., 1., 0., 1., 0., 0., 1., 0., 0., 0., 0., 1., 1., 1., 0., 1., 1.,
           0., 1.],
          [0., 1., 0., 0., 0., 1., 0., 0., 0., 0., 0., 1., 0., 1., 1., 1., 1.,
           0., 1.],
          [0., 1., 1., 0., 1., 1., 1., 1., 1., 0., 0., 0., 1., 0., 0., 0., 1.,
           1., 0.],
          [1., 1., 1., 0., 0., 0., 0., 1., 1., 0., 1., 0., 0., 0., 1., 0., 1.,
           0., 1.],
          [1., 1., 0., 0., 0., 0., 0., 0., 0., 0., 0., 0., 0., 1., 0., 1., 0.,
           1., 0.],
          [1., 0., 1., 1., 0., 0., 1., 1., 0., 1., 1., 1., 1., 1., 1., 0., 0.,
           0., 1.],
          [1., 0., 0., 0., 1., 1., 0., 1., 0., 1., 0., 1., 1., 0., 1., 0., 0.,
           1., 0.],
          [1., 1., 1., 1., 0., 0., 0., 1., 0., 1., 0., 1., 0., 0., 1., 1., 0.,
           0., 0.]]]], device='cuda:0'), tensor([[0.0301]], device='cuda:0'))
2026-01-08 16:53:46 - INFO - [-0.00205443 -0.01324005  0.9935198  -0.02529199  0.9935198  -0.02529199
 -0.00180919 -0.01284606]
2026-01-08 16:53:46 - INFO - (tensor([[[[0., 1., 1., 1., 1., 0., 1., 1., 0., 1., 0., 1., 1., 0., 1., 0., 0.,
           1., 0.],
          [1., 1., 1., 1., 1., 0., 1., 0., 1., 0., 0., 0., 0., 1., 0., 1., 0.,
           0., 0.],
          [1., 1., 1., 0., 1., 0., 1., 1., 0., 1., 0., 0., 0., 0., 1., 0., 0.,
           0., 1.],
          [1., 0., 0., 1., 0., 1., 0., 0., 1., 0., 1., 0., 1., 1., 1., 0., 0.,
           1., 0.],
          [1., 1., 0., 1., 1., 1., 1., 0., 1., 1., 1., 0., 0., 1., 1., 1., 0.,
           0., 0.],
          [1., 1., 1., 1., 1., 1., 0., 1., 0., 1., 1., 0., 0., 1., 0., 1., 1.,
           0., 1.],
          [1., 1., 1., 1., 1., 1., 1., 0., 1., 0., 1., 0., 1., 0., 0., 1., 1.,
           0., 0.],
          [0., 1., 1., 1., 0., 0., 1., 1., 0., 1., 0., 1., 0., 1., 1., 0., 0.,
           0., 1.],
          [0., 0., 0., 0., 0., 1., 0., 0., 0., 0., 0., 0., 1., 1., 0., 1., 1.,
           1., 1.],
          [1., 1., 0., 1., 1., 1., 0., 1., 1., 0., 0., 0., 0., 1., 0., 0., 1.,
           1., 1.],
          [1., 1., 1., 1., 1., 0., 1., 0., 0., 1., 1., 1., 1., 1., 0., 1., 1.,
           1., 1.],
          [1., 1., 0., 1., 0., 0., 1., 0., 0., 0., 0., 1., 1., 1., 0., 1., 1.,
           0., 1.],
          [0., 1., 0., 0., 0., 1., 0., 0., 0., 0., 0., 1., 0., 1., 1., 1., 1.,
           0., 1.],
          [0., 1., 1., 0., 1., 1., 1., 1., 1., 0., 0., 0., 1., 0., 0., 0., 1.,
           1., 0.],
          [1., 1., 1., 0., 0., 0., 0., 1., 1., 0., 1., 0., 0., 0., 1., 0., 1.,
           0., 1.],
          [1., 1., 0., 0., 0., 0., 0., 0., 0., 0., 0., 0., 0., 1., 0., 1., 0.,
           1., 0.],
          [1., 0., 1., 1., 0., 0., 1., 1., 0., 1., 1., 1., 1., 1., 1., 0., 0.,
           0., 1.],
          [1., 0., 0., 0., 1., 1., 0., 1., 0., 1., 0., 1., 1., 0., 1., 0., 0.,
           1., 0.],
          [1., 1., 1., 1., 0., 0., 0., 1., 0., 1., 0., 1., 0., 0., 1., 1., 0.,
           0., 0.]]]], device='cuda:0'), tensor([[0.0334]], device='cuda:0'))
2026-01-08 16:53:46 - INFO - [-0.00296038 -0.01434748  0.9927065  -0.02791961  0.9927065  -0.0279196
 -0.00273275 -0.01392494]
2026-01-08 16:53:46 - INFO - (tensor([[[[0., 1., 1., 1., 1., 0., 1., 1., 0., 1., 0., 1., 1., 0., 1., 0., 0.,
           1., 0.],
          [1., 1., 1., 1., 1., 0., 1., 0., 1., 0., 0., 0., 0., 1., 0., 1., 0.,
           0., 0.],
          [1., 1., 1., 0., 1., 0., 1., 1., 0., 1., 0., 0., 0., 0., 1., 0., 0.,
           0., 1.],
          [1., 0., 0., 1., 0., 1., 0., 0., 1., 0., 1., 0., 1., 1., 1., 0., 0.,
           1., 0.],
          [1., 1., 0., 1., 1., 1., 1., 0., 1., 1., 1., 0., 0., 1., 1., 1., 0.,
           0., 0.],
          [1., 1., 1., 1., 1., 1., 0., 1., 0., 1., 1., 0., 0., 1., 0., 1., 1.,
           0., 1.],
          [1., 1., 1., 1., 1., 1., 1., 0., 1., 0., 1., 0., 1., 0., 0., 1., 1.,
           0., 0.],
          [0., 1., 1., 1., 0., 0., 1., 1., 0., 1., 0., 1., 0., 1., 1., 0., 0.,
           0., 1.],
          [0., 0., 0., 0., 0., 1., 0., 0., 0., 0., 0., 0., 1., 1., 0., 1., 1.,
           1., 1.],
          [1., 1., 0., 1., 1., 1., 0., 1., 1., 0., 0., 0., 0., 1., 0., 0., 1.,
           1., 1.],
          [1., 1., 1., 1., 1., 0., 1., 0., 0., 1., 1., 1., 1., 1., 0., 1., 1.,
           1., 1.],
          [1., 1., 0., 1., 0., 0., 1., 0., 0., 0., 0., 1., 1., 1., 0., 1., 1.,
           0., 1.],
          [0., 1., 0., 0., 0., 1., 0., 0., 0., 0., 0., 1., 0., 1., 1., 1., 1.,
           0., 1.],
          [0., 1., 1., 0., 1., 1., 1., 1., 1., 0., 0., 0., 1., 0., 0., 0., 1.,
           1., 0.],
          [1., 1., 1., 0., 0., 0., 0., 1., 1., 0., 1., 0., 0., 0., 1., 0., 1.,
           0., 1.],
          [1., 1., 0., 0., 0., 0., 0., 0., 0., 0., 0., 0., 0., 1., 0., 1., 0.,
           1., 0.],
          [1., 0., 1., 1., 0., 0., 1., 1., 0., 1., 1., 1., 1., 1., 1., 0., 0.,
           0., 1.],
          [1., 0., 0., 0., 1., 1., 0., 1., 0., 1., 0., 1., 1., 0., 1., 0., 0.,
           1., 0.],
          [1., 1., 1., 1., 0., 0., 0., 1., 0., 1., 0., 1., 0., 0., 1., 1., 0.,
           0., 0.]]]], device='cuda:0'), tensor([[0.0368]], device='cuda:0'))
2026-01-08 16:53:46 - INFO - [-0.00376767 -0.01526387  0.9918589  -0.0302556   0.9918589  -0.03025561
 -0.00356776 -0.01483449]
2026-01-08 16:53:46 - INFO - (tensor([[[[0., 1., 1., 1., 1., 0., 1., 1., 0., 1., 0., 1., 1., 0., 1., 0., 0.,
           1., 0.],
          [1., 1., 1., 1., 1., 0., 1., 0., 1., 0., 0., 0., 0., 1., 0., 1., 0.,
           0., 0.],
          [1., 1., 1., 0., 1., 0., 1., 1., 0., 1., 0., 0., 0., 0., 1., 0., 0.,
           0., 1.],
          [1., 0., 0., 1., 0., 1., 0., 0., 1., 0., 1., 0., 1., 1., 1., 0., 0.,
           1., 0.],
          [1., 1., 0., 1., 1., 1., 1., 0., 1., 1., 1., 0., 0., 1., 1., 1., 0.,
           0., 0.],
          [1., 1., 1., 1., 1., 1., 0., 1., 0., 1., 1., 0., 0., 1., 0., 1., 1.,
           0., 1.],
          [1., 1., 1., 1., 1., 1., 1., 0., 1., 0., 1., 0., 1., 0., 0., 1., 1.,
           0., 0.],
          [0., 1., 1., 1., 0., 0., 1., 1., 0., 1., 0., 1., 0., 1., 1., 0., 0.,
           0., 1.],
          [0., 0., 0., 0., 0., 1., 0., 0., 0., 0., 0., 0., 1., 1., 0., 1., 1.,
           1., 1.],
          [1., 1., 0., 1., 1., 1., 0., 1., 1., 0., 0., 0., 0., 1., 0., 0., 1.,
           1., 1.],
          [1., 1., 1., 1., 1., 0., 1., 0., 0., 1., 1., 1., 1., 1., 0., 1., 1.,
           1., 1.],
          [1., 1., 0., 1., 0., 0., 1., 0., 0., 0., 0., 1., 1., 1., 0., 1., 1.,
           0., 1.],
          [0., 1., 0., 0., 0., 1., 0., 0., 0., 0., 0., 1., 0., 1., 1., 1., 1.,
           0., 1.],
          [0., 1., 1., 0., 1., 1., 1., 1., 1., 0., 0., 0., 1., 0., 0., 0., 1.,
           1., 0.],
          [1., 1., 1., 0., 0., 0., 0., 1., 1., 0., 1., 0., 0., 0., 1., 0., 1.,
           0., 1.],
          [1., 1., 0., 0., 0., 0., 0., 0., 0., 0., 0., 0., 0., 1., 0., 1., 0.,
           1., 0.],
          [1., 0., 1., 1., 0., 0., 1., 1., 0., 1., 1., 1., 1., 1., 1., 0., 0.,
           0., 1.],
          [1., 0., 0., 0., 1., 1., 0., 1., 0., 1., 0., 1., 1., 0., 1., 0., 0.,
           1., 0.],
          [1., 1., 1., 1., 0., 0., 0., 1., 0., 1., 0., 1., 0., 0., 1., 1., 0.,
           0., 0.]]]], device='cuda:0'), tensor([[0.0401]], device='cuda:0'))
2026-01-08 16:53:46 - INFO - [-0.00445801 -0.01590881  0.99096817 -0.0321178   0.99096817 -0.03211781
 -0.0043056  -0.01552544]
2026-01-08 16:53:46 - INFO - (tensor([[[[0., 1., 1., 1., 1., 0., 1., 1., 0., 1., 0., 1., 1., 0., 1., 0., 0.,
           1., 0.],
          [1., 1., 1., 1., 1., 0., 1., 0., 1., 0., 0., 0., 0., 1., 0., 1., 0.,
           0., 0.],
          [1., 1., 1., 0., 1., 0., 1., 1., 0., 1., 0., 0., 0., 0., 1., 0., 0.,
           0., 1.],
          [1., 0., 0., 1., 0., 1., 0., 0., 1., 0., 1., 0., 1., 1., 1., 0., 0.,
           1., 0.],
          [1., 1., 0., 1., 1., 1., 1., 0., 1., 1., 1., 0., 0., 1., 1., 1., 0.,
           0., 0.],
          [1., 1., 1., 1., 1., 1., 0., 1., 0., 1., 1., 0., 0., 1., 0., 1., 1.,
           0., 1.],
          [1., 1., 1., 1., 1., 1., 1., 0., 1., 0., 1., 0., 1., 0., 0., 1., 1.,
           0., 0.],
          [0., 1., 1., 1., 0., 0., 1., 1., 0., 1., 0., 1., 0., 1., 1., 0., 0.,
           0., 1.],
          [0., 0., 0., 0., 0., 1., 0., 0., 0., 0., 0., 0., 1., 1., 0., 1., 1.,
           1., 1.],
          [1., 1., 0., 1., 1., 1., 0., 1., 1., 0., 0., 0., 0., 1., 0., 0., 1.,
           1., 1.],
          [1., 1., 1., 1., 1., 0., 1., 0., 0., 1., 1., 1., 1., 1., 0., 1., 1.,
           1., 1.],
          [1., 1., 0., 1., 0., 0., 1., 0., 0., 0., 0., 1., 1., 1., 0., 1., 1.,
           0., 1.],
          [0., 1., 0., 0., 0., 1., 0., 0., 0., 0., 0., 1., 0., 1., 1., 1., 1.,
           0., 1.],
          [0., 1., 1., 0., 1., 1., 1., 1., 1., 0., 0., 0., 1., 0., 0., 0., 1.,
           1., 0.],
          [1., 1., 1., 0., 0., 0., 0., 1., 1., 0., 1., 0., 0., 0., 1., 0., 1.,
           0., 1.],
          [1., 1., 0., 0., 0., 0., 0., 0., 0., 0., 0., 0., 0., 1., 0., 1., 0.,
           1., 0.],
          [1., 0., 1., 1., 0., 0., 1., 1., 0., 1., 1., 1., 1., 1., 1., 0., 0.,
           0., 1.],
          [1., 0., 0., 0., 1., 1., 0., 1., 0., 1., 0., 1., 1., 0., 1., 0., 0.,
           1., 0.],
          [1., 1., 1., 1., 0., 0., 0., 1., 0., 1., 0., 1., 0., 0., 1., 1., 0.,
           0., 0.]]]], device='cuda:0'), tensor([[0.0435]], device='cuda:0'))
2026-01-08 16:53:46 - INFO - [-0.00511175 -0.01651552  0.99001634 -0.03388983  0.99001634 -0.03388983
 -0.00501091 -0.01617951]
2026-01-08 16:53:46 - INFO - (tensor([[[[0., 1., 1., 1., 1., 0., 1., 1., 0., 1., 0., 1., 1., 0., 1., 0., 0.,
           1., 0.],
          [1., 1., 1., 1., 1., 0., 1., 0., 1., 0., 0., 0., 0., 1., 0., 1., 0.,
           0., 0.],
          [1., 1., 1., 0., 1., 0., 1., 1., 0., 1., 0., 0., 0., 0., 1., 0., 0.,
           0., 1.],
          [1., 0., 0., 1., 0., 1., 0., 0., 1., 0., 1., 0., 1., 1., 1., 0., 0.,
           1., 0.],
          [1., 1., 0., 1., 1., 1., 1., 0., 1., 1., 1., 0., 0., 1., 1., 1., 0.,
           0., 0.],
          [1., 1., 1., 1., 1., 1., 0., 1., 0., 1., 1., 0., 0., 1., 0., 1., 1.,
           0., 1.],
          [1., 1., 1., 1., 1., 1., 1., 0., 1., 0., 1., 0., 1., 0., 0., 1., 1.,
           0., 0.],
          [0., 1., 1., 1., 0., 0., 1., 1., 0., 1., 0., 1., 0., 1., 1., 0., 0.,
           0., 1.],
          [0., 0., 0., 0., 0., 1., 0., 0., 0., 0., 0., 0., 1., 1., 0., 1., 1.,
           1., 1.],
          [1., 1., 0., 1., 1., 1., 0., 1., 1., 0., 0., 0., 0., 1., 0., 0., 1.,
           1., 1.],
          [1., 1., 1., 1., 1., 0., 1., 0., 0., 1., 1., 1., 1., 1., 0., 1., 1.,
           1., 1.],
          [1., 1., 0., 1., 0., 0., 1., 0., 0., 0., 0., 1., 1., 1., 0., 1., 1.,
           0., 1.],
          [0., 1., 0., 0., 0., 1., 0., 0., 0., 0., 0., 1., 0., 1., 1., 1., 1.,
           0., 1.],
          [0., 1., 1., 0., 1., 1., 1., 1., 1., 0., 0., 0., 1., 0., 0., 0., 1.,
           1., 0.],
          [1., 1., 1., 0., 0., 0., 0., 1., 1., 0., 1., 0., 0., 0., 1., 0., 1.,
           0., 1.],
          [1., 1., 0., 0., 0., 0., 0., 0., 0., 0., 0., 0., 0., 1., 0., 1., 0.,
           1., 0.],
          [1., 0., 1., 1., 0., 0., 1., 1., 0., 1., 1., 1., 1., 1., 1., 0., 0.,
           0., 1.],
          [1., 0., 0., 0., 1., 1., 0., 1., 0., 1., 0., 1., 1., 0., 1., 0., 0.,
           1., 0.],
          [1., 1., 1., 1., 0., 0., 0., 1., 0., 1., 0., 1., 0., 0., 1., 1., 0.,
           0., 0.]]]], device='cuda:0'), tensor([[0.0468]], device='cuda:0'))
2026-01-08 16:53:46 - INFO - [-0.00566613 -0.0170635   0.989181   -0.03536065  0.989181   -0.03536065
 -0.00556667 -0.01673972]
2026-01-08 16:53:46 - INFO - (tensor([[[[0., 1., 1., 1., 1., 0., 1., 1., 0., 1., 0., 1., 1., 0., 1., 0., 0.,
           1., 0.],
          [1., 1., 1., 1., 1., 0., 1., 0., 1., 0., 0., 0., 0., 1., 0., 1., 0.,
           0., 0.],
          [1., 1., 1., 0., 1., 0., 1., 1., 0., 1., 0., 0., 0., 0., 1., 0., 0.,
           0., 1.],
          [1., 0., 0., 1., 0., 1., 0., 0., 1., 0., 1., 0., 1., 1., 1., 0., 0.,
           1., 0.],
          [1., 1., 0., 1., 1., 1., 1., 0., 1., 1., 1., 0., 0., 1., 1., 1., 0.,
           0., 0.],
          [1., 1., 1., 1., 1., 1., 0., 1., 0., 1., 1., 0., 0., 1., 0., 1., 1.,
           0., 1.],
          [1., 1., 1., 1., 1., 1., 1., 0., 1., 0., 1., 0., 1., 0., 0., 1., 1.,
           0., 0.],
          [0., 1., 1., 1., 0., 0., 1., 1., 0., 1., 0., 1., 0., 1., 1., 0., 0.,
           0., 1.],
          [0., 0., 0., 0., 0., 1., 0., 0., 0., 0., 0., 0., 1., 1., 0., 1., 1.,
           1., 1.],
          [1., 1., 0., 1., 1., 1., 0., 1., 1., 0., 0., 0., 0., 1., 0., 0., 1.,
           1., 1.],
          [1., 1., 1., 1., 1., 0., 1., 0., 0., 1., 1., 1., 1., 1., 0., 1., 1.,
           1., 1.],
          [1., 1., 0., 1., 0., 0., 1., 0., 0., 0., 0., 1., 1., 1., 0., 1., 1.,
           0., 1.],
          [0., 1., 0., 0., 0., 1., 0., 0., 0., 0., 0., 1., 0., 1., 1., 1., 1.,
           0., 1.],
          [0., 1., 1., 0., 1., 1., 1., 1., 1., 0., 0., 0., 1., 0., 0., 0., 1.,
           1., 0.],
          [1., 1., 1., 0., 0., 0., 0., 1., 1., 0., 1., 0., 0., 0., 1., 0., 1.,
           0., 1.],
          [1., 1., 0., 0., 0., 0., 0., 0., 0., 0., 0., 0., 0., 1., 0., 1., 0.,
           1., 0.],
          [1., 0., 1., 1., 0., 0., 1., 1., 0., 1., 1., 1., 1., 1., 1., 0., 0.,
           0., 1.],
          [1., 0., 0., 0., 1., 1., 0., 1., 0., 1., 0., 1., 1., 0., 1., 0., 0.,
           1., 0.],
          [1., 1., 1., 1., 0., 0., 0., 1., 0., 1., 0., 1., 0., 0., 1., 1., 0.,
           0., 0.]]]], device='cuda:0'), tensor([[0.0502]], device='cuda:0'))
2026-01-08 16:53:46 - INFO - [-0.00646318 -0.01749764  0.98822075 -0.03739537  0.98822075 -0.03739536
 -0.00634525 -0.01718888]
2026-01-08 16:53:46 - INFO - (tensor([[[[0., 1., 1., 1., 1., 0., 1., 1., 0., 1., 0., 1., 1., 0., 1., 0., 0.,
           1., 0.],
          [1., 1., 1., 1., 1., 0., 1., 0., 1., 0., 0., 0., 0., 1., 0., 1., 0.,
           0., 0.],
          [1., 1., 1., 0., 1., 0., 1., 1., 0., 1., 0., 0., 0., 0., 1., 0., 0.,
           0., 1.],
          [1., 0., 0., 1., 0., 1., 0., 0., 1., 0., 1., 0., 1., 1., 1., 0., 0.,
           1., 0.],
          [1., 1., 0., 1., 1., 1., 1., 0., 1., 1., 1., 0., 0., 1., 1., 1., 0.,
           0., 0.],
          [1., 1., 1., 1., 1., 1., 0., 1., 0., 1., 1., 0., 0., 1., 0., 1., 1.,
           0., 1.],
          [1., 1., 1., 1., 1., 1., 1., 0., 1., 0., 1., 0., 1., 0., 0., 1., 1.,
           0., 0.],
          [0., 1., 1., 1., 0., 0., 1., 1., 0., 1., 0., 1., 0., 1., 1., 0., 0.,
           0., 1.],
          [0., 0., 0., 0., 0., 1., 0., 0., 0., 0., 0., 0., 1., 1., 0., 1., 1.,
           1., 1.],
          [1., 1., 0., 1., 1., 1., 0., 1., 1., 0., 0., 0., 0., 1., 0., 0., 1.,
           1., 1.],
          [1., 1., 1., 1., 1., 0., 1., 0., 0., 1., 1., 1., 1., 1., 0., 1., 1.,
           1., 1.],
          [1., 1., 0., 1., 0., 0., 1., 0., 0., 0., 0., 1., 1., 1., 0., 1., 1.,
           0., 1.],
          [0., 1., 0., 0., 0., 1., 0., 0., 0., 0., 0., 1., 0., 1., 1., 1., 1.,
           0., 1.],
          [0., 1., 1., 0., 1., 1., 1., 1., 1., 0., 0., 0., 1., 0., 0., 0., 1.,
           1., 0.],
          [1., 1., 1., 0., 0., 0., 0., 1., 1., 0., 1., 0., 0., 0., 1., 0., 1.,
           0., 1.],
          [1., 1., 0., 0., 0., 0., 0., 0., 0., 0., 0., 0., 0., 1., 0., 1., 0.,
           1., 0.],
          [1., 0., 1., 1., 0., 0., 1., 1., 0., 1., 1., 1., 1., 1., 1., 0., 0.,
           0., 1.],
          [1., 0., 0., 0., 1., 1., 0., 1., 0., 1., 0., 1., 1., 0., 1., 0., 0.,
           1., 0.],
          [1., 1., 1., 1., 0., 0., 0., 1., 0., 1., 0., 1., 0., 0., 1., 1., 0.,
           0., 0.]]]], device='cuda:0'), tensor([[0.0535]], device='cuda:0'))
2026-01-08 16:53:46 - INFO - [-0.00780147 -0.01849285  0.98709136 -0.03986575  0.98709136 -0.03986575
 -0.00767393 -0.01813629]
2026-01-08 16:53:46 - INFO - (tensor([[[[0., 1., 1., 1., 1., 0., 1., 1., 0., 1., 0., 1., 1., 0., 1., 0., 0.,
           1., 0.],
          [1., 1., 1., 1., 1., 0., 1., 0., 1., 0., 0., 0., 0., 1., 0., 1., 0.,
           0., 0.],
          [1., 1., 1., 0., 1., 0., 1., 1., 0., 1., 0., 0., 0., 0., 1., 0., 0.,
           0., 1.],
          [1., 0., 0., 1., 0., 1., 0., 0., 1., 0., 1., 0., 1., 1., 1., 0., 0.,
           1., 0.],
          [1., 1., 0., 1., 1., 1., 1., 0., 1., 1., 1., 0., 0., 1., 1., 1., 0.,
           0., 0.],
          [1., 1., 1., 1., 1., 1., 0., 1., 0., 1., 1., 0., 0., 1., 0., 1., 1.,
           0., 1.],
          [1., 1., 1., 1., 1., 1., 1., 0., 1., 0., 1., 0., 1., 0., 0., 1., 1.,
           0., 0.],
          [0., 1., 1., 1., 0., 0., 1., 1., 0., 1., 0., 1., 0., 1., 1., 0., 0.,
           0., 1.],
          [0., 0., 0., 0., 0., 1., 0., 0., 0., 0., 0., 0., 1., 1., 0., 1., 1.,
           1., 1.],
          [1., 1., 0., 1., 1., 1., 0., 1., 1., 0., 0., 0., 0., 1., 0., 0., 1.,
           1., 1.],
          [1., 1., 1., 1., 1., 0., 1., 0., 0., 1., 1., 1., 1., 1., 0., 1., 1.,
           1., 1.],
          [1., 1., 0., 1., 0., 0., 1., 0., 0., 0., 0., 1., 1., 1., 0., 1., 1.,
           0., 1.],
          [0., 1., 0., 0., 0., 1., 0., 0., 0., 0., 0., 1., 0., 1., 1., 1., 1.,
           0., 1.],
          [0., 1., 1., 0., 1., 1., 1., 1., 1., 0., 0., 0., 1., 0., 0., 0., 1.,
           1., 0.],
          [1., 1., 1., 0., 0., 0., 0., 1., 1., 0., 1., 0., 0., 0., 1., 0., 1.,
           0., 1.],
          [1., 1., 0., 0., 0., 0., 0., 0., 0., 0., 0., 0., 0., 1., 0., 1., 0.,
           1., 0.],
          [1., 0., 1., 1., 0., 0., 1., 1., 0., 1., 1., 1., 1., 1., 1., 0., 0.,
           0., 1.],
          [1., 0., 0., 0., 1., 1., 0., 1., 0., 1., 0., 1., 1., 0., 1., 0., 0.,
           1., 0.],
          [1., 1., 1., 1., 0., 0., 0., 1., 0., 1., 0., 1., 0., 0., 1., 1., 0.,
           0., 0.]]]], device='cuda:0'), tensor([[0.0569]], device='cuda:0'))
2026-01-08 16:53:46 - INFO - [-0.00860242 -0.01884766  0.9861691  -0.04164682  0.9861691  -0.04164682
 -0.00852754 -0.01850736]
2026-01-08 16:53:46 - INFO - (tensor([[[[0., 1., 1., 1., 1., 0., 1., 1., 0., 1., 0., 1., 1., 0., 1., 0., 0.,
           1., 0.],
          [1., 1., 1., 1., 1., 0., 1., 0., 1., 0., 0., 0., 0., 1., 0., 1., 0.,
           0., 0.],
          [1., 1., 1., 0., 1., 0., 1., 1., 0., 1., 0., 0., 0., 0., 1., 0., 0.,
           0., 1.],
          [1., 0., 0., 1., 0., 1., 0., 0., 1., 0., 1., 0., 1., 1., 1., 0., 0.,
           1., 0.],
          [1., 1., 0., 1., 1., 1., 1., 0., 1., 1., 1., 0., 0., 1., 1., 1., 0.,
           0., 0.],
          [1., 1., 1., 1., 1., 1., 0., 1., 0., 1., 1., 0., 0., 1., 0., 1., 1.,
           0., 1.],
          [1., 1., 1., 1., 1., 1., 1., 0., 1., 0., 1., 0., 1., 0., 0., 1., 1.,
           0., 0.],
          [0., 1., 1., 1., 0., 0., 1., 1., 0., 1., 0., 1., 0., 1., 1., 0., 0.,
           0., 1.],
          [0., 0., 0., 0., 0., 1., 0., 0., 0., 0., 0., 0., 1., 1., 0., 1., 1.,
           1., 1.],
          [1., 1., 0., 1., 1., 1., 0., 1., 1., 0., 0., 0., 0., 1., 0., 0., 1.,
           1., 1.],
          [1., 1., 1., 1., 1., 0., 1., 0., 0., 1., 1., 1., 1., 1., 0., 1., 1.,
           1., 1.],
          [1., 1., 0., 1., 0., 0., 1., 0., 0., 0., 0., 1., 1., 1., 0., 1., 1.,
           0., 1.],
          [0., 1., 0., 0., 0., 1., 0., 0., 0., 0., 0., 1., 0., 1., 1., 1., 1.,
           0., 1.],
          [0., 1., 1., 0., 1., 1., 1., 1., 1., 0., 0., 0., 1., 0., 0., 0., 1.,
           1., 0.],
          [1., 1., 1., 0., 0., 0., 0., 1., 1., 0., 1., 0., 0., 0., 1., 0., 1.,
           0., 1.],
          [1., 1., 0., 0., 0., 0., 0., 0., 0., 0., 0., 0., 0., 1., 0., 1., 0.,
           1., 0.],
          [1., 0., 1., 1., 0., 0., 1., 1., 0., 1., 1., 1., 1., 1., 1., 0., 0.,
           0., 1.],
          [1., 0., 0., 0., 1., 1., 0., 1., 0., 1., 0., 1., 1., 0., 1., 0., 0.,
           1., 0.],
          [1., 1., 1., 1., 0., 0., 0., 1., 0., 1., 0., 1., 0., 0., 1., 1., 0.,
           0., 0.]]]], device='cuda:0'), tensor([[0.0602]], device='cuda:0'))
2026-01-08 16:53:46 - INFO - [-0.00933163 -0.01912382  0.9852688  -0.04328182  0.9852688  -0.04328181
 -0.00932829 -0.01878403]
2026-01-08 16:53:46 - INFO - (tensor([[[[0., 1., 1., 1., 1., 0., 1., 1., 0., 1., 0., 1., 1., 0., 1., 0., 0.,
           1., 0.],
          [1., 1., 1., 1., 1., 0., 1., 0., 1., 0., 0., 0., 0., 1., 0., 1., 0.,
           0., 0.],
          [1., 1., 1., 0., 1., 0., 1., 1., 0., 1., 0., 0., 0., 0., 1., 0., 0.,
           0., 1.],
          [1., 0., 0., 1., 0., 1., 0., 0., 1., 0., 1., 0., 1., 1., 1., 0., 0.,
           1., 0.],
          [1., 1., 0., 1., 1., 1., 1., 0., 1., 1., 1., 0., 0., 1., 1., 1., 0.,
           0., 0.],
          [1., 1., 1., 1., 1., 1., 0., 1., 0., 1., 1., 0., 0., 1., 0., 1., 1.,
           0., 1.],
          [1., 1., 1., 1., 1., 1., 1., 0., 1., 0., 1., 0., 1., 0., 0., 1., 1.,
           0., 0.],
          [0., 1., 1., 1., 0., 0., 1., 1., 0., 1., 0., 1., 0., 1., 1., 0., 0.,
           0., 1.],
          [0., 0., 0., 0., 0., 1., 0., 0., 0., 0., 0., 0., 1., 1., 0., 1., 1.,
           1., 1.],
          [1., 1., 0., 1., 1., 1., 0., 1., 1., 0., 0., 0., 0., 1., 0., 0., 1.,
           1., 1.],
          [1., 1., 1., 1., 1., 0., 1., 0., 0., 1., 1., 1., 1., 1., 0., 1., 1.,
           1., 1.],
          [1., 1., 0., 1., 0., 0., 1., 0., 0., 0., 0., 1., 1., 1., 0., 1., 1.,
           0., 1.],
          [0., 1., 0., 0., 0., 1., 0., 0., 0., 0., 0., 1., 0., 1., 1., 1., 1.,
           0., 1.],
          [0., 1., 1., 0., 1., 1., 1., 1., 1., 0., 0., 0., 1., 0., 0., 0., 1.,
           1., 0.],
          [1., 1., 1., 0., 0., 0., 0., 1., 1., 0., 1., 0., 0., 0., 1., 0., 1.,
           0., 1.],
          [1., 1., 0., 0., 0., 0., 0., 0., 0., 0., 0., 0., 0., 1., 0., 1., 0.,
           1., 0.],
          [1., 0., 1., 1., 0., 0., 1., 1., 0., 1., 1., 1., 1., 1., 1., 0., 0.,
           0., 1.],
          [1., 0., 0., 0., 1., 1., 0., 1., 0., 1., 0., 1., 1., 0., 1., 0., 0.,
           1., 0.],
          [1., 1., 1., 1., 0., 0., 0., 1., 0., 1., 0., 1., 0., 0., 1., 1., 0.,
           0., 0.]]]], device='cuda:0'), tensor([[0.0635]], device='cuda:0'))
2026-01-08 16:53:46 - INFO - [-0.01011551 -0.01942312  0.98429644 -0.04485395  0.98429644 -0.04485396
 -0.01019506 -0.01906709]
2026-01-08 16:53:46 - INFO - (tensor([[[[0., 1., 1., 1., 1., 0., 1., 1., 0., 1., 0., 1., 1., 0., 1., 0., 0.,
           1., 0.],
          [1., 1., 1., 1., 1., 0., 1., 0., 1., 0., 0., 0., 0., 1., 0., 1., 0.,
           0., 0.],
          [1., 1., 1., 0., 1., 0., 1., 1., 0., 1., 0., 0., 0., 0., 1., 0., 0.,
           0., 1.],
          [1., 0., 0., 1., 0., 1., 0., 0., 1., 0., 1., 0., 1., 1., 1., 0., 0.,
           1., 0.],
          [1., 1., 0., 1., 1., 1., 1., 0., 1., 1., 1., 0., 0., 1., 1., 1., 0.,
           0., 0.],
          [1., 1., 1., 1., 1., 1., 0., 1., 0., 1., 1., 0., 0., 1., 0., 1., 1.,
           0., 1.],
          [1., 1., 1., 1., 1., 1., 1., 0., 1., 0., 1., 0., 1., 0., 0., 1., 1.,
           0., 0.],
          [0., 1., 1., 1., 0., 0., 1., 1., 0., 1., 0., 1., 0., 1., 1., 0., 0.,
           0., 1.],
          [0., 0., 0., 0., 0., 1., 0., 0., 0., 0., 0., 0., 1., 1., 0., 1., 1.,
           1., 1.],
          [1., 1., 0., 1., 1., 1., 0., 1., 1., 0., 0., 0., 0., 1., 0., 0., 1.,
           1., 1.],
          [1., 1., 1., 1., 1., 0., 1., 0., 0., 1., 1., 1., 1., 1., 0., 1., 1.,
           1., 1.],
          [1., 1., 0., 1., 0., 0., 1., 0., 0., 0., 0., 1., 1., 1., 0., 1., 1.,
           0., 1.],
          [0., 1., 0., 0., 0., 1., 0., 0., 0., 0., 0., 1., 0., 1., 1., 1., 1.,
           0., 1.],
          [0., 1., 1., 0., 1., 1., 1., 1., 1., 0., 0., 0., 1., 0., 0., 0., 1.,
           1., 0.],
          [1., 1., 1., 0., 0., 0., 0., 1., 1., 0., 1., 0., 0., 0., 1., 0., 1.,
           0., 1.],
          [1., 1., 0., 0., 0., 0., 0., 0., 0., 0., 0., 0., 0., 1., 0., 1., 0.,
           1., 0.],
          [1., 0., 1., 1., 0., 0., 1., 1., 0., 1., 1., 1., 1., 1., 1., 0., 0.,
           0., 1.],
          [1., 0., 0., 0., 1., 1., 0., 1., 0., 1., 0., 1., 1., 0., 1., 0., 0.,
           1., 0.],
          [1., 1., 1., 1., 0., 0., 0., 1., 0., 1., 0., 1., 0., 0., 1., 1., 0.,
           0., 0.]]]], device='cuda:0'), tensor([[0.0669]], device='cuda:0'))
2026-01-08 16:53:46 - INFO - [-0.01087612 -0.01971232  0.98327595 -0.04638856  0.98327595 -0.04638857
 -0.01103624 -0.01933819]
2026-01-08 16:53:46 - INFO - (tensor([[[[0., 1., 1., 1., 1., 0., 1., 1., 0., 1., 0., 1., 1., 0., 1., 0., 0.,
           1., 0.],
          [1., 1., 1., 1., 1., 0., 1., 0., 1., 0., 0., 0., 0., 1., 0., 1., 0.,
           0., 0.],
          [1., 1., 1., 0., 1., 0., 1., 1., 0., 1., 0., 0., 0., 0., 1., 0., 0.,
           0., 1.],
          [1., 0., 0., 1., 0., 1., 0., 0., 1., 0., 1., 0., 1., 1., 1., 0., 0.,
           1., 0.],
          [1., 1., 0., 1., 1., 1., 1., 0., 1., 1., 1., 0., 0., 1., 1., 1., 0.,
           0., 0.],
          [1., 1., 1., 1., 1., 1., 0., 1., 0., 1., 1., 0., 0., 1., 0., 1., 1.,
           0., 1.],
          [1., 1., 1., 1., 1., 1., 1., 0., 1., 0., 1., 0., 1., 0., 0., 1., 1.,
           0., 0.],
          [0., 1., 1., 1., 0., 0., 1., 1., 0., 1., 0., 1., 0., 1., 1., 0., 0.,
           0., 1.],
          [0., 0., 0., 0., 0., 1., 0., 0., 0., 0., 0., 0., 1., 1., 0., 1., 1.,
           1., 1.],
          [1., 1., 0., 1., 1., 1., 0., 1., 1., 0., 0., 0., 0., 1., 0., 0., 1.,
           1., 1.],
          [1., 1., 1., 1., 1., 0., 1., 0., 0., 1., 1., 1., 1., 1., 0., 1., 1.,
           1., 1.],
          [1., 1., 0., 1., 0., 0., 1., 0., 0., 0., 0., 1., 1., 1., 0., 1., 1.,
           0., 1.],
          [0., 1., 0., 0., 0., 1., 0., 0., 0., 0., 0., 1., 0., 1., 1., 1., 1.,
           0., 1.],
          [0., 1., 1., 0., 1., 1., 1., 1., 1., 0., 0., 0., 1., 0., 0., 0., 1.,
           1., 0.],
          [1., 1., 1., 0., 0., 0., 0., 1., 1., 0., 1., 0., 0., 0., 1., 0., 1.,
           0., 1.],
          [1., 1., 0., 0., 0., 0., 0., 0., 0., 0., 0., 0., 0., 1., 0., 1., 0.,
           1., 0.],
          [1., 0., 1., 1., 0., 0., 1., 1., 0., 1., 1., 1., 1., 1., 1., 0., 0.,
           0., 1.],
          [1., 0., 0., 0., 1., 1., 0., 1., 0., 1., 0., 1., 1., 0., 1., 0., 0.,
           1., 0.],
          [1., 1., 1., 1., 0., 0., 0., 1., 0., 1., 0., 1., 0., 0., 1., 1., 0.,
           0., 0.]]]], device='cuda:0'), tensor([[0.0702]], device='cuda:0'))
2026-01-08 16:53:46 - INFO - [-0.01166169 -0.02002172  0.98229283 -0.04779631  0.9822929  -0.04779631
 -0.01192748 -0.01960213]
2026-01-08 16:53:46 - INFO - (tensor([[[[0., 1., 1., 1., 1., 0., 1., 1., 0., 1., 0., 1., 1., 0., 1., 0., 0.,
           1., 0.],
          [1., 1., 1., 1., 1., 0., 1., 0., 1., 0., 0., 0., 0., 1., 0., 1., 0.,
           0., 0.],
          [1., 1., 1., 0., 1., 0., 1., 1., 0., 1., 0., 0., 0., 0., 1., 0., 0.,
           0., 1.],
          [1., 0., 0., 1., 0., 1., 0., 0., 1., 0., 1., 0., 1., 1., 1., 0., 0.,
           1., 0.],
          [1., 1., 0., 1., 1., 1., 1., 0., 1., 1., 1., 0., 0., 1., 1., 1., 0.,
           0., 0.],
          [1., 1., 1., 1., 1., 1., 0., 1., 0., 1., 1., 0., 0., 1., 0., 1., 1.,
           0., 1.],
          [1., 1., 1., 1., 1., 1., 1., 0., 1., 0., 1., 0., 1., 0., 0., 1., 1.,
           0., 0.],
          [0., 1., 1., 1., 0., 0., 1., 1., 0., 1., 0., 1., 0., 1., 1., 0., 0.,
           0., 1.],
          [0., 0., 0., 0., 0., 1., 0., 0., 0., 0., 0., 0., 1., 1., 0., 1., 1.,
           1., 1.],
          [1., 1., 0., 1., 1., 1., 0., 1., 1., 0., 0., 0., 0., 1., 0., 0., 1.,
           1., 1.],
          [1., 1., 1., 1., 1., 0., 1., 0., 0., 1., 1., 1., 1., 1., 0., 1., 1.,
           1., 1.],
          [1., 1., 0., 1., 0., 0., 1., 0., 0., 0., 0., 1., 1., 1., 0., 1., 1.,
           0., 1.],
          [0., 1., 0., 0., 0., 1., 0., 0., 0., 0., 0., 1., 0., 1., 1., 1., 1.,
           0., 1.],
          [0., 1., 1., 0., 1., 1., 1., 1., 1., 0., 0., 0., 1., 0., 0., 0., 1.,
           1., 0.],
          [1., 1., 1., 0., 0., 0., 0., 1., 1., 0., 1., 0., 0., 0., 1., 0., 1.,
           0., 1.],
          [1., 1., 0., 0., 0., 0., 0., 0., 0., 0., 0., 0., 0., 1., 0., 1., 0.,
           1., 0.],
          [1., 0., 1., 1., 0., 0., 1., 1., 0., 1., 1., 1., 1., 1., 1., 0., 0.,
           0., 1.],
          [1., 0., 0., 0., 1., 1., 0., 1., 0., 1., 0., 1., 1., 0., 1., 0., 0.,
           1., 0.],
          [1., 1., 1., 1., 0., 0., 0., 1., 0., 1., 0., 1., 0., 0., 1., 1., 0.,
           0., 0.]]]], device='cuda:0'), tensor([[0.0736]], device='cuda:0'))
2026-01-08 16:53:46 - INFO - [-0.01259245 -0.02035652  0.9811727  -0.04940248  0.9811727  -0.04940248
 -0.01298205 -0.01986389]
2026-01-08 16:53:46 - INFO - (tensor([[[[0., 1., 1., 1., 1., 0., 1., 1., 0., 1., 0., 1., 1., 0., 1., 0., 0.,
           1., 0.],
          [1., 1., 1., 1., 1., 0., 1., 0., 1., 0., 0., 0., 0., 1., 0., 1., 0.,
           0., 0.],
          [1., 1., 1., 0., 1., 0., 1., 1., 0., 1., 0., 0., 0., 0., 1., 0., 0.,
           0., 1.],
          [1., 0., 0., 1., 0., 1., 0., 0., 1., 0., 1., 0., 1., 1., 1., 0., 0.,
           1., 0.],
          [1., 1., 0., 1., 1., 1., 1., 0., 1., 1., 1., 0., 0., 1., 1., 1., 0.,
           0., 0.],
          [1., 1., 1., 1., 1., 1., 0., 1., 0., 1., 1., 0., 0., 1., 0., 1., 1.,
           0., 1.],
          [1., 1., 1., 1., 1., 1., 1., 0., 1., 0., 1., 0., 1., 0., 0., 1., 1.,
           0., 0.],
          [0., 1., 1., 1., 0., 0., 1., 1., 0., 1., 0., 1., 0., 1., 1., 0., 0.,
           0., 1.],
          [0., 0., 0., 0., 0., 1., 0., 0., 0., 0., 0., 0., 1., 1., 0., 1., 1.,
           1., 1.],
          [1., 1., 0., 1., 1., 1., 0., 1., 1., 0., 0., 0., 0., 1., 0., 0., 1.,
           1., 1.],
          [1., 1., 1., 1., 1., 0., 1., 0., 0., 1., 1., 1., 1., 1., 0., 1., 1.,
           1., 1.],
          [1., 1., 0., 1., 0., 0., 1., 0., 0., 0., 0., 1., 1., 1., 0., 1., 1.,
           0., 1.],
          [0., 1., 0., 0., 0., 1., 0., 0., 0., 0., 0., 1., 0., 1., 1., 1., 1.,
           0., 1.],
          [0., 1., 1., 0., 1., 1., 1., 1., 1., 0., 0., 0., 1., 0., 0., 0., 1.,
           1., 0.],
          [1., 1., 1., 0., 0., 0., 0., 1., 1., 0., 1., 0., 0., 0., 1., 0., 1.,
           0., 1.],
          [1., 1., 0., 0., 0., 0., 0., 0., 0., 0., 0., 0., 0., 1., 0., 1., 0.,
           1., 0.],
          [1., 0., 1., 1., 0., 0., 1., 1., 0., 1., 1., 1., 1., 1., 1., 0., 0.,
           0., 1.],
          [1., 0., 0., 0., 1., 1., 0., 1., 0., 1., 0., 1., 1., 0., 1., 0., 0.,
           1., 0.],
          [1., 1., 1., 1., 0., 0., 0., 1., 0., 1., 0., 1., 0., 0., 1., 1., 0.,
           0., 0.]]]], device='cuda:0'), tensor([[0.0769]], device='cuda:0'))
2026-01-08 16:53:46 - INFO - [-0.01351066 -0.02071547  0.9800087  -0.05095187  0.9800088  -0.05095188
 -0.01403472 -0.02015763]
2026-01-08 16:53:46 - INFO - (tensor([[[[0., 1., 1., 1., 1., 0., 1., 1., 0., 1., 0., 1., 1., 0., 1., 0., 0.,
           1., 0.],
          [1., 1., 1., 1., 1., 0., 1., 0., 1., 0., 0., 0., 0., 1., 0., 1., 0.,
           0., 0.],
          [1., 1., 1., 0., 1., 0., 1., 1., 0., 1., 0., 0., 0., 0., 1., 0., 0.,
           0., 1.],
          [1., 0., 0., 1., 0., 1., 0., 0., 1., 0., 1., 0., 1., 1., 1., 0., 0.,
           1., 0.],
          [1., 1., 0., 1., 1., 1., 1., 0., 1., 1., 1., 0., 0., 1., 1., 1., 0.,
           0., 0.],
          [1., 1., 1., 1., 1., 1., 0., 1., 0., 1., 1., 0., 0., 1., 0., 1., 1.,
           0., 1.],
          [1., 1., 1., 1., 1., 1., 1., 0., 1., 0., 1., 0., 1., 0., 0., 1., 1.,
           0., 0.],
          [0., 1., 1., 1., 0., 0., 1., 1., 0., 1., 0., 1., 0., 1., 1., 0., 0.,
           0., 1.],
          [0., 0., 0., 0., 0., 1., 0., 0., 0., 0., 0., 0., 1., 1., 0., 1., 1.,
           1., 1.],
          [1., 1., 0., 1., 1., 1., 0., 1., 1., 0., 0., 0., 0., 1., 0., 0., 1.,
           1., 1.],
          [1., 1., 1., 1., 1., 0., 1., 0., 0., 1., 1., 1., 1., 1., 0., 1., 1.,
           1., 1.],
          [1., 1., 0., 1., 0., 0., 1., 0., 0., 0., 0., 1., 1., 1., 0., 1., 1.,
           0., 1.],
          [0., 1., 0., 0., 0., 1., 0., 0., 0., 0., 0., 1., 0., 1., 1., 1., 1.,
           0., 1.],
          [0., 1., 1., 0., 1., 1., 1., 1., 1., 0., 0., 0., 1., 0., 0., 0., 1.,
           1., 0.],
          [1., 1., 1., 0., 0., 0., 0., 1., 1., 0., 1., 0., 0., 0., 1., 0., 1.,
           0., 1.],
          [1., 1., 0., 0., 0., 0., 0., 0., 0., 0., 0., 0., 0., 1., 0., 1., 0.,
           1., 0.],
          [1., 0., 1., 1., 0., 0., 1., 1., 0., 1., 1., 1., 1., 1., 1., 0., 0.,
           0., 1.],
          [1., 0., 0., 0., 1., 1., 0., 1., 0., 1., 0., 1., 1., 0., 1., 0., 0.,
           1., 0.],
          [1., 1., 1., 1., 0., 0., 0., 1., 0., 1., 0., 1., 0., 0., 1., 1., 0.,
           0., 0.]]]], device='cuda:0'), tensor([[0.0803]], device='cuda:0'))
2026-01-08 16:53:46 - INFO - [-0.01443344 -0.02106854  0.97877634 -0.05251491  0.9787763  -0.05251491
 -0.01507069 -0.02045932]
2026-01-08 16:53:46 - INFO - (tensor([[[[0., 1., 1., 1., 1., 0., 1., 1., 0., 1., 0., 1., 1., 0., 1., 0., 0.,
           1., 0.],
          [1., 1., 1., 1., 1., 0., 1., 0., 1., 0., 0., 0., 0., 1., 0., 1., 0.,
           0., 0.],
          [1., 1., 1., 0., 1., 0., 1., 1., 0., 1., 0., 0., 0., 0., 1., 0., 0.,
           0., 1.],
          [1., 0., 0., 1., 0., 1., 0., 0., 1., 0., 1., 0., 1., 1., 1., 0., 0.,
           1., 0.],
          [1., 1., 0., 1., 1., 1., 1., 0., 1., 1., 1., 0., 0., 1., 1., 1., 0.,
           0., 0.],
          [1., 1., 1., 1., 1., 1., 0., 1., 0., 1., 1., 0., 0., 1., 0., 1., 1.,
           0., 1.],
          [1., 1., 1., 1., 1., 1., 1., 0., 1., 0., 1., 0., 1., 0., 0., 1., 1.,
           0., 0.],
          [0., 1., 1., 1., 0., 0., 1., 1., 0., 1., 0., 1., 0., 1., 1., 0., 0.,
           0., 1.],
          [0., 0., 0., 0., 0., 1., 0., 0., 0., 0., 0., 0., 1., 1., 0., 1., 1.,
           1., 1.],
          [1., 1., 0., 1., 1., 1., 0., 1., 1., 0., 0., 0., 0., 1., 0., 0., 1.,
           1., 1.],
          [1., 1., 1., 1., 1., 0., 1., 0., 0., 1., 1., 1., 1., 1., 0., 1., 1.,
           1., 1.],
          [1., 1., 0., 1., 0., 0., 1., 0., 0., 0., 0., 1., 1., 1., 0., 1., 1.,
           0., 1.],
          [0., 1., 0., 0., 0., 1., 0., 0., 0., 0., 0., 1., 0., 1., 1., 1., 1.,
           0., 1.],
          [0., 1., 1., 0., 1., 1., 1., 1., 1., 0., 0., 0., 1., 0., 0., 0., 1.,
           1., 0.],
          [1., 1., 1., 0., 0., 0., 0., 1., 1., 0., 1., 0., 0., 0., 1., 0., 1.,
           0., 1.],
          [1., 1., 0., 0., 0., 0., 0., 0., 0., 0., 0., 0., 0., 1., 0., 1., 0.,
           1., 0.],
          [1., 0., 1., 1., 0., 0., 1., 1., 0., 1., 1., 1., 1., 1., 1., 0., 0.,
           0., 1.],
          [1., 0., 0., 0., 1., 1., 0., 1., 0., 1., 0., 1., 1., 0., 1., 0., 0.,
           1., 0.],
          [1., 1., 1., 1., 0., 0., 0., 1., 0., 1., 0., 1., 0., 0., 1., 1., 0.,
           0., 0.]]]], device='cuda:0'), tensor([[0.0836]], device='cuda:0'))
2026-01-08 16:53:46 - INFO - [-0.01518166 -0.02131953  0.9776979  -0.05377273  0.9776979  -0.05377274
 -0.01590669 -0.0206723 ]
2026-01-08 16:53:46 - INFO - (tensor([[[[0., 1., 1., 1., 1., 0., 1., 1., 0., 1., 0., 1., 1., 0., 1., 0., 0.,
           1., 0.],
          [1., 1., 1., 1., 1., 0., 1., 0., 1., 0., 0., 0., 0., 1., 0., 1., 0.,
           0., 0.],
          [1., 1., 1., 0., 1., 0., 1., 1., 0., 1., 0., 0., 0., 0., 1., 0., 0.,
           0., 1.],
          [1., 0., 0., 1., 0., 1., 0., 0., 1., 0., 1., 0., 1., 1., 1., 0., 0.,
           1., 0.],
          [1., 1., 0., 1., 1., 1., 1., 0., 1., 1., 1., 0., 0., 1., 1., 1., 0.,
           0., 0.],
          [1., 1., 1., 1., 1., 1., 0., 1., 0., 1., 1., 0., 0., 1., 0., 1., 1.,
           0., 1.],
          [1., 1., 1., 1., 1., 1., 1., 0., 1., 0., 1., 0., 1., 0., 0., 1., 1.,
           0., 0.],
          [0., 1., 1., 1., 0., 0., 1., 1., 0., 1., 0., 1., 0., 1., 1., 0., 0.,
           0., 1.],
          [0., 0., 0., 0., 0., 1., 0., 0., 0., 0., 0., 0., 1., 1., 0., 1., 1.,
           1., 1.],
          [1., 1., 0., 1., 1., 1., 0., 1., 1., 0., 0., 0., 0., 1., 0., 0., 1.,
           1., 1.],
          [1., 1., 1., 1., 1., 0., 1., 0., 0., 1., 1., 1., 1., 1., 0., 1., 1.,
           1., 1.],
          [1., 1., 0., 1., 0., 0., 1., 0., 0., 0., 0., 1., 1., 1., 0., 1., 1.,
           0., 1.],
          [0., 1., 0., 0., 0., 1., 0., 0., 0., 0., 0., 1., 0., 1., 1., 1., 1.,
           0., 1.],
          [0., 1., 1., 0., 1., 1., 1., 1., 1., 0., 0., 0., 1., 0., 0., 0., 1.,
           1., 0.],
          [1., 1., 1., 0., 0., 0., 0., 1., 1., 0., 1., 0., 0., 0., 1., 0., 1.,
           0., 1.],
          [1., 1., 0., 0., 0., 0., 0., 0., 0., 0., 0., 0., 0., 1., 0., 1., 0.,
           1., 0.],
          [1., 0., 1., 1., 0., 0., 1., 1., 0., 1., 1., 1., 1., 1., 1., 0., 0.,
           0., 1.],
          [1., 0., 0., 0., 1., 1., 0., 1., 0., 1., 0., 1., 1., 0., 1., 0., 0.,
           1., 0.],
          [1., 1., 1., 1., 0., 0., 0., 1., 0., 1., 0., 1., 0., 0., 1., 1., 0.,
           0., 0.]]]], device='cuda:0'), tensor([[0.0870]], device='cuda:0'))
2026-01-08 16:53:46 - INFO - [-0.0158054  -0.02140845  0.97663736 -0.05483618  0.97663736 -0.05483617
 -0.01661167 -0.02073777]
2026-01-08 16:53:46 - INFO - (tensor([[[[0., 1., 1., 1., 1., 0., 1., 1., 0., 1., 0., 1., 1., 0., 1., 0., 0.,
           1., 0.],
          [1., 1., 1., 1., 1., 0., 1., 0., 1., 0., 0., 0., 0., 1., 0., 1., 0.,
           0., 0.],
          [1., 1., 1., 0., 1., 0., 1., 1., 0., 1., 0., 0., 0., 0., 1., 0., 0.,
           0., 1.],
          [1., 0., 0., 1., 0., 1., 0., 0., 1., 0., 1., 0., 1., 1., 1., 0., 0.,
           1., 0.],
          [1., 1., 0., 1., 1., 1., 1., 0., 1., 1., 1., 0., 0., 1., 1., 1., 0.,
           0., 0.],
          [1., 1., 1., 1., 1., 1., 0., 1., 0., 1., 1., 0., 0., 1., 0., 1., 1.,
           0., 1.],
          [1., 1., 1., 1., 1., 1., 1., 0., 1., 0., 1., 0., 1., 0., 0., 1., 1.,
           0., 0.],
          [0., 1., 1., 1., 0., 0., 1., 1., 0., 1., 0., 1., 0., 1., 1., 0., 0.,
           0., 1.],
          [0., 0., 0., 0., 0., 1., 0., 0., 0., 0., 0., 0., 1., 1., 0., 1., 1.,
           1., 1.],
          [1., 1., 0., 1., 1., 1., 0., 1., 1., 0., 0., 0., 0., 1., 0., 0., 1.,
           1., 1.],
          [1., 1., 1., 1., 1., 0., 1., 0., 0., 1., 1., 1., 1., 1., 0., 1., 1.,
           1., 1.],
          [1., 1., 0., 1., 0., 0., 1., 0., 0., 0., 0., 1., 1., 1., 0., 1., 1.,
           0., 1.],
          [0., 1., 0., 0., 0., 1., 0., 0., 0., 0., 0., 1., 0., 1., 1., 1., 1.,
           0., 1.],
          [0., 1., 1., 0., 1., 1., 1., 1., 1., 0., 0., 0., 1., 0., 0., 0., 1.,
           1., 0.],
          [1., 1., 1., 0., 0., 0., 0., 1., 1., 0., 1., 0., 0., 0., 1., 0., 1.,
           0., 1.],
          [1., 1., 0., 0., 0., 0., 0., 0., 0., 0., 0., 0., 0., 1., 0., 1., 0.,
           1., 0.],
          [1., 0., 1., 1., 0., 0., 1., 1., 0., 1., 1., 1., 1., 1., 1., 0., 0.,
           0., 1.],
          [1., 0., 0., 0., 1., 1., 0., 1., 0., 1., 0., 1., 1., 0., 1., 0., 0.,
           1., 0.],
          [1., 1., 1., 1., 0., 0., 0., 1., 0., 1., 0., 1., 0., 0., 1., 1., 0.,
           0., 0.]]]], device='cuda:0'), tensor([[0.0903]], device='cuda:0'))
2026-01-08 16:53:46 - INFO - [-0.01649756 -0.02144927  0.9757876  -0.05620152  0.9757876  -0.05620152
 -0.01738806 -0.02072197]
2026-01-08 16:53:46 - INFO - (tensor([[[[0., 1., 1., 1., 1., 0., 1., 1., 0., 1., 0., 1., 1., 0., 1., 0., 0.,
           1., 0.],
          [1., 1., 1., 1., 1., 0., 1., 0., 1., 0., 0., 0., 0., 1., 0., 1., 0.,
           0., 0.],
          [1., 1., 1., 0., 1., 0., 1., 1., 0., 1., 0., 0., 0., 0., 1., 0., 0.,
           0., 1.],
          [1., 0., 0., 1., 0., 1., 0., 0., 1., 0., 1., 0., 1., 1., 1., 0., 0.,
           1., 0.],
          [1., 1., 0., 1., 1., 1., 1., 0., 1., 1., 1., 0., 0., 1., 1., 1., 0.,
           0., 0.],
          [1., 1., 1., 1., 1., 1., 0., 1., 0., 1., 1., 0., 0., 1., 0., 1., 1.,
           0., 1.],
          [1., 1., 1., 1., 1., 1., 1., 0., 1., 0., 1., 0., 1., 0., 0., 1., 1.,
           0., 0.],
          [0., 1., 1., 1., 0., 0., 1., 1., 0., 1., 0., 1., 0., 1., 1., 0., 0.,
           0., 1.],
          [0., 0., 0., 0., 0., 1., 0., 0., 0., 0., 0., 0., 1., 1., 0., 1., 1.,
           1., 1.],
          [1., 1., 0., 1., 1., 1., 0., 1., 1., 0., 0., 0., 0., 1., 0., 0., 1.,
           1., 1.],
          [1., 1., 1., 1., 1., 0., 1., 0., 0., 1., 1., 1., 1., 1., 0., 1., 1.,
           1., 1.],
          [1., 1., 0., 1., 0., 0., 1., 0., 0., 0., 0., 1., 1., 1., 0., 1., 1.,
           0., 1.],
          [0., 1., 0., 0., 0., 1., 0., 0., 0., 0., 0., 1., 0., 1., 1., 1., 1.,
           0., 1.],
          [0., 1., 1., 0., 1., 1., 1., 1., 1., 0., 0., 0., 1., 0., 0., 0., 1.,
           1., 0.],
          [1., 1., 1., 0., 0., 0., 0., 1., 1., 0., 1., 0., 0., 0., 1., 0., 1.,
           0., 1.],
          [1., 1., 0., 0., 0., 0., 0., 0., 0., 0., 0., 0., 0., 1., 0., 1., 0.,
           1., 0.],
          [1., 0., 1., 1., 0., 0., 1., 1., 0., 1., 1., 1., 1., 1., 1., 0., 0.,
           0., 1.],
          [1., 0., 0., 0., 1., 1., 0., 1., 0., 1., 0., 1., 1., 0., 1., 0., 0.,
           1., 0.],
          [1., 1., 1., 1., 0., 0., 0., 1., 0., 1., 0., 1., 0., 0., 1., 1., 0.,
           0., 0.]]]], device='cuda:0'), tensor([[0.0936]], device='cuda:0'))
2026-01-08 16:53:46 - INFO - [-0.01720324 -0.02147582  0.97498256 -0.05759132  0.97498256 -0.05759133
 -0.01806682 -0.02075228]
2026-01-08 16:53:46 - INFO - (tensor([[[[0., 1., 1., 1., 1., 0., 1., 1., 0., 1., 0., 1., 1., 0., 1., 0., 0.,
           1., 0.],
          [1., 1., 1., 1., 1., 0., 1., 0., 1., 0., 0., 0., 0., 1., 0., 1., 0.,
           0., 0.],
          [1., 1., 1., 0., 1., 0., 1., 1., 0., 1., 0., 0., 0., 0., 1., 0., 0.,
           0., 1.],
          [1., 0., 0., 1., 0., 1., 0., 0., 1., 0., 1., 0., 1., 1., 1., 0., 0.,
           1., 0.],
          [1., 1., 0., 1., 1., 1., 1., 0., 1., 1., 1., 0., 0., 1., 1., 1., 0.,
           0., 0.],
          [1., 1., 1., 1., 1., 1., 0., 1., 0., 1., 1., 0., 0., 1., 0., 1., 1.,
           0., 1.],
          [1., 1., 1., 1., 1., 1., 1., 0., 1., 0., 1., 0., 1., 0., 0., 1., 1.,
           0., 0.],
          [0., 1., 1., 1., 0., 0., 1., 1., 0., 1., 0., 1., 0., 1., 1., 0., 0.,
           0., 1.],
          [0., 0., 0., 0., 0., 1., 0., 0., 0., 0., 0., 0., 1., 1., 0., 1., 1.,
           1., 1.],
          [1., 1., 0., 1., 1., 1., 0., 1., 1., 0., 0., 0., 0., 1., 0., 0., 1.,
           1., 1.],
          [1., 1., 1., 1., 1., 0., 1., 0., 0., 1., 1., 1., 1., 1., 0., 1., 1.,
           1., 1.],
          [1., 1., 0., 1., 0., 0., 1., 0., 0., 0., 0., 1., 1., 1., 0., 1., 1.,
           0., 1.],
          [0., 1., 0., 0., 0., 1., 0., 0., 0., 0., 0., 1., 0., 1., 1., 1., 1.,
           0., 1.],
          [0., 1., 1., 0., 1., 1., 1., 1., 1., 0., 0., 0., 1., 0., 0., 0., 1.,
           1., 0.],
          [1., 1., 1., 0., 0., 0., 0., 1., 1., 0., 1., 0., 0., 0., 1., 0., 1.,
           0., 1.],
          [1., 1., 0., 0., 0., 0., 0., 0., 0., 0., 0., 0., 0., 1., 0., 1., 0.,
           1., 0.],
          [1., 0., 1., 1., 0., 0., 1., 1., 0., 1., 1., 1., 1., 1., 1., 0., 0.,
           0., 1.],
          [1., 0., 0., 0., 1., 1., 0., 1., 0., 1., 0., 1., 1., 0., 1., 0., 0.,
           1., 0.],
          [1., 1., 1., 1., 0., 0., 0., 1., 0., 1., 0., 1., 0., 0., 1., 1., 0.,
           0., 0.]]]], device='cuda:0'), tensor([[0.0970]], device='cuda:0'))
2026-01-08 16:53:46 - INFO - [-0.01830694 -0.02139427  0.97405857 -0.05929982  0.97405857 -0.05929983
 -0.01902395 -0.02072738]
2026-01-08 16:53:46 - INFO - (tensor([[[[0., 1., 1., 1., 1., 0., 1., 1., 0., 1., 0., 1., 1., 0., 1., 0., 0.,
           1., 0.],
          [1., 1., 1., 1., 1., 0., 1., 0., 1., 0., 0., 0., 0., 1., 0., 1., 0.,
           0., 0.],
          [1., 1., 1., 0., 1., 0., 1., 1., 0., 1., 0., 0., 0., 0., 1., 0., 0.,
           0., 1.],
          [1., 0., 0., 1., 0., 1., 0., 0., 1., 0., 1., 0., 1., 1., 1., 0., 0.,
           1., 0.],
          [1., 1., 0., 1., 1., 1., 1., 0., 1., 1., 1., 0., 0., 1., 1., 1., 0.,
           0., 0.],
          [1., 1., 1., 1., 1., 1., 0., 1., 0., 1., 1., 0., 0., 1., 0., 1., 1.,
           0., 1.],
          [1., 1., 1., 1., 1., 1., 1., 0., 1., 0., 1., 0., 1., 0., 0., 1., 1.,
           0., 0.],
          [0., 1., 1., 1., 0., 0., 1., 1., 0., 1., 0., 1., 0., 1., 1., 0., 0.,
           0., 1.],
          [0., 0., 0., 0., 0., 1., 0., 0., 0., 0., 0., 0., 1., 1., 0., 1., 1.,
           1., 1.],
          [1., 1., 0., 1., 1., 1., 0., 1., 1., 0., 0., 0., 0., 1., 0., 0., 1.,
           1., 1.],
          [1., 1., 1., 1., 1., 0., 1., 0., 0., 1., 1., 1., 1., 1., 0., 1., 1.,
           1., 1.],
          [1., 1., 0., 1., 0., 0., 1., 0., 0., 0., 0., 1., 1., 1., 0., 1., 1.,
           0., 1.],
          [0., 1., 0., 0., 0., 1., 0., 0., 0., 0., 0., 1., 0., 1., 1., 1., 1.,
           0., 1.],
          [0., 1., 1., 0., 1., 1., 1., 1., 1., 0., 0., 0., 1., 0., 0., 0., 1.,
           1., 0.],
          [1., 1., 1., 0., 0., 0., 0., 1., 1., 0., 1., 0., 0., 0., 1., 0., 1.,
           0., 1.],
          [1., 1., 0., 0., 0., 0., 0., 0., 0., 0., 0., 0., 0., 1., 0., 1., 0.,
           1., 0.],
          [1., 0., 1., 1., 0., 0., 1., 1., 0., 1., 1., 1., 1., 1., 1., 0., 0.,
           0., 1.],
          [1., 0., 0., 0., 1., 1., 0., 1., 0., 1., 0., 1., 1., 0., 1., 0., 0.,
           1., 0.],
          [1., 1., 1., 1., 0., 0., 0., 1., 0., 1., 0., 1., 0., 0., 1., 1., 0.,
           0., 0.]]]], device='cuda:0'), tensor([[0.1003]], device='cuda:0'))
2026-01-08 16:53:46 - INFO - [-0.01936065 -0.02134748  0.97315174 -0.06077366  0.97315174 -0.06077367
 -0.01995986 -0.02071367]
2026-01-08 16:53:46 - INFO - (tensor([[[[0., 1., 1., 1., 1., 0., 1., 1., 0., 1., 0., 1., 1., 0., 1., 0., 0.,
           1., 0.],
          [1., 1., 1., 1., 1., 0., 1., 0., 1., 0., 0., 0., 0., 1., 0., 1., 0.,
           0., 0.],
          [1., 1., 1., 0., 1., 0., 1., 1., 0., 1., 0., 0., 0., 0., 1., 0., 0.,
           0., 1.],
          [1., 0., 0., 1., 0., 1., 0., 0., 1., 0., 1., 0., 1., 1., 1., 0., 0.,
           1., 0.],
          [1., 1., 0., 1., 1., 1., 1., 0., 1., 1., 1., 0., 0., 1., 1., 1., 0.,
           0., 0.],
          [1., 1., 1., 1., 1., 1., 0., 1., 0., 1., 1., 0., 0., 1., 0., 1., 1.,
           0., 1.],
          [1., 1., 1., 1., 1., 1., 1., 0., 1., 0., 1., 0., 1., 0., 0., 1., 1.,
           0., 0.],
          [0., 1., 1., 1., 0., 0., 1., 1., 0., 1., 0., 1., 0., 1., 1., 0., 0.,
           0., 1.],
          [0., 0., 0., 0., 0., 1., 0., 0., 0., 0., 0., 0., 1., 1., 0., 1., 1.,
           1., 1.],
          [1., 1., 0., 1., 1., 1., 0., 1., 1., 0., 0., 0., 0., 1., 0., 0., 1.,
           1., 1.],
          [1., 1., 1., 1., 1., 0., 1., 0., 0., 1., 1., 1., 1., 1., 0., 1., 1.,
           1., 1.],
          [1., 1., 0., 1., 0., 0., 1., 0., 0., 0., 0., 1., 1., 1., 0., 1., 1.,
           0., 1.],
          [0., 1., 0., 0., 0., 1., 0., 0., 0., 0., 0., 1., 0., 1., 1., 1., 1.,
           0., 1.],
          [0., 1., 1., 0., 1., 1., 1., 1., 1., 0., 0., 0., 1., 0., 0., 0., 1.,
           1., 0.],
          [1., 1., 1., 0., 0., 0., 0., 1., 1., 0., 1., 0., 0., 0., 1., 0., 1.,
           0., 1.],
          [1., 1., 0., 0., 0., 0., 0., 0., 0., 0., 0., 0., 0., 1., 0., 1., 0.,
           1., 0.],
          [1., 0., 1., 1., 0., 0., 1., 1., 0., 1., 1., 1., 1., 1., 1., 0., 0.,
           0., 1.],
          [1., 0., 0., 0., 1., 1., 0., 1., 0., 1., 0., 1., 1., 0., 1., 0., 0.,
           1., 0.],
          [1., 1., 1., 1., 0., 0., 0., 1., 0., 1., 0., 1., 0., 0., 1., 1., 0.,
           0., 0.]]]], device='cuda:0'), tensor([[0.1037]], device='cuda:0'))
2026-01-08 16:53:46 - INFO - [-0.02021017 -0.02134114  0.9723356  -0.06187369  0.9723356  -0.06187369
 -0.02072114 -0.02073209]
2026-01-08 16:53:46 - INFO - (tensor([[[[0., 1., 1., 1., 1., 0., 1., 1., 0., 1., 0., 1., 1., 0., 1., 0., 0.,
           1., 0.],
          [1., 1., 1., 1., 1., 0., 1., 0., 1., 0., 0., 0., 0., 1., 0., 1., 0.,
           0., 0.],
          [1., 1., 1., 0., 1., 0., 1., 1., 0., 1., 0., 0., 0., 0., 1., 0., 0.,
           0., 1.],
          [1., 0., 0., 1., 0., 1., 0., 0., 1., 0., 1., 0., 1., 1., 1., 0., 0.,
           1., 0.],
          [1., 1., 0., 1., 1., 1., 1., 0., 1., 1., 1., 0., 0., 1., 1., 1., 0.,
           0., 0.],
          [1., 1., 1., 1., 1., 1., 0., 1., 0., 1., 1., 0., 0., 1., 0., 1., 1.,
           0., 1.],
          [1., 1., 1., 1., 1., 1., 1., 0., 1., 0., 1., 0., 1., 0., 0., 1., 1.,
           0., 0.],
          [0., 1., 1., 1., 0., 0., 1., 1., 0., 1., 0., 1., 0., 1., 1., 0., 0.,
           0., 1.],
          [0., 0., 0., 0., 0., 1., 0., 0., 0., 0., 0., 0., 1., 1., 0., 1., 1.,
           1., 1.],
          [1., 1., 0., 1., 1., 1., 0., 1., 1., 0., 0., 0., 0., 1., 0., 0., 1.,
           1., 1.],
          [1., 1., 1., 1., 1., 0., 1., 0., 0., 1., 1., 1., 1., 1., 0., 1., 1.,
           1., 1.],
          [1., 1., 0., 1., 0., 0., 1., 0., 0., 0., 0., 1., 1., 1., 0., 1., 1.,
           0., 1.],
          [0., 1., 0., 0., 0., 1., 0., 0., 0., 0., 0., 1., 0., 1., 1., 1., 1.,
           0., 1.],
          [0., 1., 1., 0., 1., 1., 1., 1., 1., 0., 0., 0., 1., 0., 0., 0., 1.,
           1., 0.],
          [1., 1., 1., 0., 0., 0., 0., 1., 1., 0., 1., 0., 0., 0., 1., 0., 1.,
           0., 1.],
          [1., 1., 0., 0., 0., 0., 0., 0., 0., 0., 0., 0., 0., 1., 0., 1., 0.,
           1., 0.],
          [1., 0., 1., 1., 0., 0., 1., 1., 0., 1., 1., 1., 1., 1., 1., 0., 0.,
           0., 1.],
          [1., 0., 0., 0., 1., 1., 0., 1., 0., 1., 0., 1., 1., 0., 1., 0., 0.,
           1., 0.],
          [1., 1., 1., 1., 0., 0., 0., 1., 0., 1., 0., 1., 0., 0., 1., 1., 0.,
           0., 0.]]]], device='cuda:0'), tensor([[0.1070]], device='cuda:0'))
2026-01-08 16:53:46 - INFO - [-0.0208544  -0.02138207  0.9716418  -0.06246435  0.9716418  -0.06246435
 -0.02129819 -0.02079834]
2026-01-08 16:53:46 - INFO - (tensor([[[[0., 1., 1., 1., 1., 0., 1., 1., 0., 1., 0., 1., 1., 0., 1., 0., 0.,
           1., 0.],
          [1., 1., 1., 1., 1., 0., 1., 0., 1., 0., 0., 0., 0., 1., 0., 1., 0.,
           0., 0.],
          [1., 1., 1., 0., 1., 0., 1., 1., 0., 1., 0., 0., 0., 0., 1., 0., 0.,
           0., 1.],
          [1., 0., 0., 1., 0., 1., 0., 0., 1., 0., 1., 0., 1., 1., 1., 0., 0.,
           1., 0.],
          [1., 1., 0., 1., 1., 1., 1., 0., 1., 1., 1., 0., 0., 1., 1., 1., 0.,
           0., 0.],
          [1., 1., 1., 1., 1., 1., 0., 1., 0., 1., 1., 0., 0., 1., 0., 1., 1.,
           0., 1.],
          [1., 1., 1., 1., 1., 1., 1., 0., 1., 0., 1., 0., 1., 0., 0., 1., 1.,
           0., 0.],
          [0., 1., 1., 1., 0., 0., 1., 1., 0., 1., 0., 1., 0., 1., 1., 0., 0.,
           0., 1.],
          [0., 0., 0., 0., 0., 1., 0., 0., 0., 0., 0., 0., 1., 1., 0., 1., 1.,
           1., 1.],
          [1., 1., 0., 1., 1., 1., 0., 1., 1., 0., 0., 0., 0., 1., 0., 0., 1.,
           1., 1.],
          [1., 1., 1., 1., 1., 0., 1., 0., 0., 1., 1., 1., 1., 1., 0., 1., 1.,
           1., 1.],
          [1., 1., 0., 1., 0., 0., 1., 0., 0., 0., 0., 1., 1., 1., 0., 1., 1.,
           0., 1.],
          [0., 1., 0., 0., 0., 1., 0., 0., 0., 0., 0., 1., 0., 1., 1., 1., 1.,
           0., 1.],
          [0., 1., 1., 0., 1., 1., 1., 1., 1., 0., 0., 0., 1., 0., 0., 0., 1.,
           1., 0.],
          [1., 1., 1., 0., 0., 0., 0., 1., 1., 0., 1., 0., 0., 0., 1., 0., 1.,
           0., 1.],
          [1., 1., 0., 0., 0., 0., 0., 0., 0., 0., 0., 0., 0., 1., 0., 1., 0.,
           1., 0.],
          [1., 0., 1., 1., 0., 0., 1., 1., 0., 1., 1., 1., 1., 1., 1., 0., 0.,
           0., 1.],
          [1., 0., 0., 0., 1., 1., 0., 1., 0., 1., 0., 1., 1., 0., 1., 0., 0.,
           1., 0.],
          [1., 1., 1., 1., 0., 0., 0., 1., 0., 1., 0., 1., 0., 0., 1., 1., 0.,
           0., 0.]]]], device='cuda:0'), tensor([[0.1104]], device='cuda:0'))
2026-01-08 16:53:46 - INFO - [-0.02201572 -0.02117467  0.9707599  -0.06386413  0.9707599  -0.06386414
 -0.0223719  -0.02044951]
2026-01-08 16:53:46 - INFO - (tensor([[[[0., 1., 1., 1., 1., 0., 1., 1., 0., 1., 0., 1., 1., 0., 1., 0., 0.,
           1., 0.],
          [1., 1., 1., 1., 1., 0., 1., 0., 1., 0., 0., 0., 0., 1., 0., 1., 0.,
           0., 0.],
          [1., 1., 1., 0., 1., 0., 1., 1., 0., 1., 0., 0., 0., 0., 1., 0., 0.,
           0., 1.],
          [1., 0., 0., 1., 0., 1., 0., 0., 1., 0., 1., 0., 1., 1., 1., 0., 0.,
           1., 0.],
          [1., 1., 0., 1., 1., 1., 1., 0., 1., 1., 1., 0., 0., 1., 1., 1., 0.,
           0., 0.],
          [1., 1., 1., 1., 1., 1., 0., 1., 0., 1., 1., 0., 0., 1., 0., 1., 1.,
           0., 1.],
          [1., 1., 1., 1., 1., 1., 1., 0., 1., 0., 1., 0., 1., 0., 0., 1., 1.,
           0., 0.],
          [0., 1., 1., 1., 0., 0., 1., 1., 0., 1., 0., 1., 0., 1., 1., 0., 0.,
           0., 1.],
          [0., 0., 0., 0., 0., 1., 0., 0., 0., 0., 0., 0., 1., 1., 0., 1., 1.,
           1., 1.],
          [1., 1., 0., 1., 1., 1., 0., 1., 1., 0., 0., 0., 0., 1., 0., 0., 1.,
           1., 1.],
          [1., 1., 1., 1., 1., 0., 1., 0., 0., 1., 1., 1., 1., 1., 0., 1., 1.,
           1., 1.],
          [1., 1., 0., 1., 0., 0., 1., 0., 0., 0., 0., 1., 1., 1., 0., 1., 1.,
           0., 1.],
          [0., 1., 0., 0., 0., 1., 0., 0., 0., 0., 0., 1., 0., 1., 1., 1., 1.,
           0., 1.],
          [0., 1., 1., 0., 1., 1., 1., 1., 1., 0., 0., 0., 1., 0., 0., 0., 1.,
           1., 0.],
          [1., 1., 1., 0., 0., 0., 0., 1., 1., 0., 1., 0., 0., 0., 1., 0., 1.,
           0., 1.],
          [1., 1., 0., 0., 0., 0., 0., 0., 0., 0., 0., 0., 0., 1., 0., 1., 0.,
           1., 0.],
          [1., 0., 1., 1., 0., 0., 1., 1., 0., 1., 1., 1., 1., 1., 1., 0., 0.,
           0., 1.],
          [1., 0., 0., 0., 1., 1., 0., 1., 0., 1., 0., 1., 1., 0., 1., 0., 0.,
           1., 0.],
          [1., 1., 1., 1., 0., 0., 0., 1., 0., 1., 0., 1., 0., 0., 1., 1., 0.,
           0., 0.]]]], device='cuda:0'), tensor([[0.1137]], device='cuda:0'))
2026-01-08 16:53:46 - INFO - [-0.02291897 -0.02094756  0.97010386 -0.06501202  0.97010386 -0.06501203
 -0.02320869 -0.02008084]
2026-01-08 16:53:46 - INFO - (tensor([[[[0., 1., 1., 1., 1., 0., 1., 1., 0., 1., 0., 1., 1., 0., 1., 0., 0.,
           1., 0.],
          [1., 1., 1., 1., 1., 0., 1., 0., 1., 0., 0., 0., 0., 1., 0., 1., 0.,
           0., 0.],
          [1., 1., 1., 0., 1., 0., 1., 1., 0., 1., 0., 0., 0., 0., 1., 0., 0.,
           0., 1.],
          [1., 0., 0., 1., 0., 1., 0., 0., 1., 0., 1., 0., 1., 1., 1., 0., 0.,
           1., 0.],
          [1., 1., 0., 1., 1., 1., 1., 0., 1., 1., 1., 0., 0., 1., 1., 1., 0.,
           0., 0.],
          [1., 1., 1., 1., 1., 1., 0., 1., 0., 1., 1., 0., 0., 1., 0., 1., 1.,
           0., 1.],
          [1., 1., 1., 1., 1., 1., 1., 0., 1., 0., 1., 0., 1., 0., 0., 1., 1.,
           0., 0.],
          [0., 1., 1., 1., 0., 0., 1., 1., 0., 1., 0., 1., 0., 1., 1., 0., 0.,
           0., 1.],
          [0., 0., 0., 0., 0., 1., 0., 0., 0., 0., 0., 0., 1., 1., 0., 1., 1.,
           1., 1.],
          [1., 1., 0., 1., 1., 1., 0., 1., 1., 0., 0., 0., 0., 1., 0., 0., 1.,
           1., 1.],
          [1., 1., 1., 1., 1., 0., 1., 0., 0., 1., 1., 1., 1., 1., 0., 1., 1.,
           1., 1.],
          [1., 1., 0., 1., 0., 0., 1., 0., 0., 0., 0., 1., 1., 1., 0., 1., 1.,
           0., 1.],
          [0., 1., 0., 0., 0., 1., 0., 0., 0., 0., 0., 1., 0., 1., 1., 1., 1.,
           0., 1.],
          [0., 1., 1., 0., 1., 1., 1., 1., 1., 0., 0., 0., 1., 0., 0., 0., 1.,
           1., 0.],
          [1., 1., 1., 0., 0., 0., 0., 1., 1., 0., 1., 0., 0., 0., 1., 0., 1.,
           0., 1.],
          [1., 1., 0., 0., 0., 0., 0., 0., 0., 0., 0., 0., 0., 1., 0., 1., 0.,
           1., 0.],
          [1., 0., 1., 1., 0., 0., 1., 1., 0., 1., 1., 1., 1., 1., 1., 0., 0.,
           0., 1.],
          [1., 0., 0., 0., 1., 1., 0., 1., 0., 1., 0., 1., 1., 0., 1., 0., 0.,
           1., 0.],
          [1., 1., 1., 1., 0., 0., 0., 1., 0., 1., 0., 1., 0., 0., 1., 1., 0.,
           0., 0.]]]], device='cuda:0'), tensor([[0.1171]], device='cuda:0'))
2026-01-08 16:53:46 - INFO - [-0.02367722 -0.02082584  0.96933323 -0.06589609  0.96933323 -0.06589607
 -0.02395671 -0.01995381]
2026-01-08 16:53:46 - INFO - (tensor([[[[0., 1., 1., 1., 1., 0., 1., 1., 0., 1., 0., 1., 1., 0., 1., 0., 0.,
           1., 0.],
          [1., 1., 1., 1., 1., 0., 1., 0., 1., 0., 0., 0., 0., 1., 0., 1., 0.,
           0., 0.],
          [1., 1., 1., 0., 1., 0., 1., 1., 0., 1., 0., 0., 0., 0., 1., 0., 0.,
           0., 1.],
          [1., 0., 0., 1., 0., 1., 0., 0., 1., 0., 1., 0., 1., 1., 1., 0., 0.,
           1., 0.],
          [1., 1., 0., 1., 1., 1., 1., 0., 1., 1., 1., 0., 0., 1., 1., 1., 0.,
           0., 0.],
          [1., 1., 1., 1., 1., 1., 0., 1., 0., 1., 1., 0., 0., 1., 0., 1., 1.,
           0., 1.],
          [1., 1., 1., 1., 1., 1., 1., 0., 1., 0., 1., 0., 1., 0., 0., 1., 1.,
           0., 0.],
          [0., 1., 1., 1., 0., 0., 1., 1., 0., 1., 0., 1., 0., 1., 1., 0., 0.,
           0., 1.],
          [0., 0., 0., 0., 0., 1., 0., 0., 0., 0., 0., 0., 1., 1., 0., 1., 1.,
           1., 1.],
          [1., 1., 0., 1., 1., 1., 0., 1., 1., 0., 0., 0., 0., 1., 0., 0., 1.,
           1., 1.],
          [1., 1., 1., 1., 1., 0., 1., 0., 0., 1., 1., 1., 1., 1., 0., 1., 1.,
           1., 1.],
          [1., 1., 0., 1., 0., 0., 1., 0., 0., 0., 0., 1., 1., 1., 0., 1., 1.,
           0., 1.],
          [0., 1., 0., 0., 0., 1., 0., 0., 0., 0., 0., 1., 0., 1., 1., 1., 1.,
           0., 1.],
          [0., 1., 1., 0., 1., 1., 1., 1., 1., 0., 0., 0., 1., 0., 0., 0., 1.,
           1., 0.],
          [1., 1., 1., 0., 0., 0., 0., 1., 1., 0., 1., 0., 0., 0., 1., 0., 1.,
           0., 1.],
          [1., 1., 0., 0., 0., 0., 0., 0., 0., 0., 0., 0., 0., 1., 0., 1., 0.,
           1., 0.],
          [1., 0., 1., 1., 0., 0., 1., 1., 0., 1., 1., 1., 1., 1., 1., 0., 0.,
           0., 1.],
          [1., 0., 0., 0., 1., 1., 0., 1., 0., 1., 0., 1., 1., 0., 1., 0., 0.,
           1., 0.],
          [1., 1., 1., 1., 0., 0., 0., 1., 0., 1., 0., 1., 0., 0., 1., 1., 0.,
           0., 0.]]]], device='cuda:0'), tensor([[0.1204]], device='cuda:0'))
2026-01-08 16:53:46 - INFO - [-0.02432908 -0.0207229   0.9685671  -0.06669994  0.9685671  -0.06669994
 -0.02463753 -0.01985246]
2026-01-08 16:53:46 - INFO - (tensor([[[[0., 1., 1., 1., 1., 0., 1., 1., 0., 1., 0., 1., 1., 0., 1., 0., 0.,
           1., 0.],
          [1., 1., 1., 1., 1., 0., 1., 0., 1., 0., 0., 0., 0., 1., 0., 1., 0.,
           0., 0.],
          [1., 1., 1., 0., 1., 0., 1., 1., 0., 1., 0., 0., 0., 0., 1., 0., 0.,
           0., 1.],
          [1., 0., 0., 1., 0., 1., 0., 0., 1., 0., 1., 0., 1., 1., 1., 0., 0.,
           1., 0.],
          [1., 1., 0., 1., 1., 1., 1., 0., 1., 1., 1., 0., 0., 1., 1., 1., 0.,
           0., 0.],
          [1., 1., 1., 1., 1., 1., 0., 1., 0., 1., 1., 0., 0., 1., 0., 1., 1.,
           0., 1.],
          [1., 1., 1., 1., 1., 1., 1., 0., 1., 0., 1., 0., 1., 0., 0., 1., 1.,
           0., 0.],
          [0., 1., 1., 1., 0., 0., 1., 1., 0., 1., 0., 1., 0., 1., 1., 0., 0.,
           0., 1.],
          [0., 0., 0., 0., 0., 1., 0., 0., 0., 0., 0., 0., 1., 1., 0., 1., 1.,
           1., 1.],
          [1., 1., 0., 1., 1., 1., 0., 1., 1., 0., 0., 0., 0., 1., 0., 0., 1.,
           1., 1.],
          [1., 1., 1., 1., 1., 0., 1., 0., 0., 1., 1., 1., 1., 1., 0., 1., 1.,
           1., 1.],
          [1., 1., 0., 1., 0., 0., 1., 0., 0., 0., 0., 1., 1., 1., 0., 1., 1.,
           0., 1.],
          [0., 1., 0., 0., 0., 1., 0., 0., 0., 0., 0., 1., 0., 1., 1., 1., 1.,
           0., 1.],
          [0., 1., 1., 0., 1., 1., 1., 1., 1., 0., 0., 0., 1., 0., 0., 0., 1.,
           1., 0.],
          [1., 1., 1., 0., 0., 0., 0., 1., 1., 0., 1., 0., 0., 0., 1., 0., 1.,
           0., 1.],
          [1., 1., 0., 0., 0., 0., 0., 0., 0., 0., 0., 0., 0., 1., 0., 1., 0.,
           1., 0.],
          [1., 0., 1., 1., 0., 0., 1., 1., 0., 1., 1., 1., 1., 1., 1., 0., 0.,
           0., 1.],
          [1., 0., 0., 0., 1., 1., 0., 1., 0., 1., 0., 1., 1., 0., 1., 0., 0.,
           1., 0.],
          [1., 1., 1., 1., 0., 0., 0., 1., 0., 1., 0., 1., 0., 0., 1., 1., 0.,
           0., 0.]]]], device='cuda:0'), tensor([[0.1237]], device='cuda:0'))
2026-01-08 16:53:46 - INFO - [-0.02497867 -0.02057806  0.9677308  -0.06763927  0.9677308  -0.06763928
 -0.02534115 -0.01974588]
2026-01-08 16:53:46 - INFO - (tensor([[[[0., 1., 1., 1., 1., 0., 1., 1., 0., 1., 0., 1., 1., 0., 1., 0., 0.,
           1., 0.],
          [1., 1., 1., 1., 1., 0., 1., 0., 1., 0., 0., 0., 0., 1., 0., 1., 0.,
           0., 0.],
          [1., 1., 1., 0., 1., 0., 1., 1., 0., 1., 0., 0., 0., 0., 1., 0., 0.,
           0., 1.],
          [1., 0., 0., 1., 0., 1., 0., 0., 1., 0., 1., 0., 1., 1., 1., 0., 0.,
           1., 0.],
          [1., 1., 0., 1., 1., 1., 1., 0., 1., 1., 1., 0., 0., 1., 1., 1., 0.,
           0., 0.],
          [1., 1., 1., 1., 1., 1., 0., 1., 0., 1., 1., 0., 0., 1., 0., 1., 1.,
           0., 1.],
          [1., 1., 1., 1., 1., 1., 1., 0., 1., 0., 1., 0., 1., 0., 0., 1., 1.,
           0., 0.],
          [0., 1., 1., 1., 0., 0., 1., 1., 0., 1., 0., 1., 0., 1., 1., 0., 0.,
           0., 1.],
          [0., 0., 0., 0., 0., 1., 0., 0., 0., 0., 0., 0., 1., 1., 0., 1., 1.,
           1., 1.],
          [1., 1., 0., 1., 1., 1., 0., 1., 1., 0., 0., 0., 0., 1., 0., 0., 1.,
           1., 1.],
          [1., 1., 1., 1., 1., 0., 1., 0., 0., 1., 1., 1., 1., 1., 0., 1., 1.,
           1., 1.],
          [1., 1., 0., 1., 0., 0., 1., 0., 0., 0., 0., 1., 1., 1., 0., 1., 1.,
           0., 1.],
          [0., 1., 0., 0., 0., 1., 0., 0., 0., 0., 0., 1., 0., 1., 1., 1., 1.,
           0., 1.],
          [0., 1., 1., 0., 1., 1., 1., 1., 1., 0., 0., 0., 1., 0., 0., 0., 1.,
           1., 0.],
          [1., 1., 1., 0., 0., 0., 0., 1., 1., 0., 1., 0., 0., 0., 1., 0., 1.,
           0., 1.],
          [1., 1., 0., 0., 0., 0., 0., 0., 0., 0., 0., 0., 0., 1., 0., 1., 0.,
           1., 0.],
          [1., 0., 1., 1., 0., 0., 1., 1., 0., 1., 1., 1., 1., 1., 1., 0., 0.,
           0., 1.],
          [1., 0., 0., 0., 1., 1., 0., 1., 0., 1., 0., 1., 1., 0., 1., 0., 0.,
           1., 0.],
          [1., 1., 1., 1., 0., 0., 0., 1., 0., 1., 0., 1., 0., 0., 1., 1., 0.,
           0., 0.]]]], device='cuda:0'), tensor([[0.1271]], device='cuda:0'))
2026-01-08 16:53:46 - INFO - [-0.02566181 -0.02039921  0.96692455 -0.06863556  0.96692455 -0.06863555
 -0.02603996 -0.01963736]
2026-01-08 16:53:46 - INFO - (tensor([[[[0., 1., 1., 1., 1., 0., 1., 1., 0., 1., 0., 1., 1., 0., 1., 0., 0.,
           1., 0.],
          [1., 1., 1., 1., 1., 0., 1., 0., 1., 0., 0., 0., 0., 1., 0., 1., 0.,
           0., 0.],
          [1., 1., 1., 0., 1., 0., 1., 1., 0., 1., 0., 0., 0., 0., 1., 0., 0.,
           0., 1.],
          [1., 0., 0., 1., 0., 1., 0., 0., 1., 0., 1., 0., 1., 1., 1., 0., 0.,
           1., 0.],
          [1., 1., 0., 1., 1., 1., 1., 0., 1., 1., 1., 0., 0., 1., 1., 1., 0.,
           0., 0.],
          [1., 1., 1., 1., 1., 1., 0., 1., 0., 1., 1., 0., 0., 1., 0., 1., 1.,
           0., 1.],
          [1., 1., 1., 1., 1., 1., 1., 0., 1., 0., 1., 0., 1., 0., 0., 1., 1.,
           0., 0.],
          [0., 1., 1., 1., 0., 0., 1., 1., 0., 1., 0., 1., 0., 1., 1., 0., 0.,
           0., 1.],
          [0., 0., 0., 0., 0., 1., 0., 0., 0., 0., 0., 0., 1., 1., 0., 1., 1.,
           1., 1.],
          [1., 1., 0., 1., 1., 1., 0., 1., 1., 0., 0., 0., 0., 1., 0., 0., 1.,
           1., 1.],
          [1., 1., 1., 1., 1., 0., 1., 0., 0., 1., 1., 1., 1., 1., 0., 1., 1.,
           1., 1.],
          [1., 1., 0., 1., 0., 0., 1., 0., 0., 0., 0., 1., 1., 1., 0., 1., 1.,
           0., 1.],
          [0., 1., 0., 0., 0., 1., 0., 0., 0., 0., 0., 1., 0., 1., 1., 1., 1.,
           0., 1.],
          [0., 1., 1., 0., 1., 1., 1., 1., 1., 0., 0., 0., 1., 0., 0., 0., 1.,
           1., 0.],
          [1., 1., 1., 0., 0., 0., 0., 1., 1., 0., 1., 0., 0., 0., 1., 0., 1.,
           0., 1.],
          [1., 1., 0., 0., 0., 0., 0., 0., 0., 0., 0., 0., 0., 1., 0., 1., 0.,
           1., 0.],
          [1., 0., 1., 1., 0., 0., 1., 1., 0., 1., 1., 1., 1., 1., 1., 0., 0.,
           0., 1.],
          [1., 0., 0., 0., 1., 1., 0., 1., 0., 1., 0., 1., 1., 0., 1., 0., 0.,
           1., 0.],
          [1., 1., 1., 1., 0., 0., 0., 1., 0., 1., 0., 1., 0., 0., 1., 1., 0.,
           0., 0.]]]], device='cuda:0'), tensor([[0.1304]], device='cuda:0'))
2026-01-08 16:53:46 - INFO - [-0.02674869 -0.02000379  0.96590936 -0.07034174  0.96590936 -0.07034174
 -0.02705135 -0.01940754]
2026-01-08 16:53:46 - INFO - (tensor([[[[0., 1., 1., 1., 1., 0., 1., 1., 0., 1., 0., 1., 1., 0., 1., 0., 0.,
           1., 0.],
          [1., 1., 1., 1., 1., 0., 1., 0., 1., 0., 0., 0., 0., 1., 0., 1., 0.,
           0., 0.],
          [1., 1., 1., 0., 1., 0., 1., 1., 0., 1., 0., 0., 0., 0., 1., 0., 0.,
           0., 1.],
          [1., 0., 0., 1., 0., 1., 0., 0., 1., 0., 1., 0., 1., 1., 1., 0., 0.,
           1., 0.],
          [1., 1., 0., 1., 1., 1., 1., 0., 1., 1., 1., 0., 0., 1., 1., 1., 0.,
           0., 0.],
          [1., 1., 1., 1., 1., 1., 0., 1., 0., 1., 1., 0., 0., 1., 0., 1., 1.,
           0., 1.],
          [1., 1., 1., 1., 1., 1., 1., 0., 1., 0., 1., 0., 1., 0., 0., 1., 1.,
           0., 0.],
          [0., 1., 1., 1., 0., 0., 1., 1., 0., 1., 0., 1., 0., 1., 1., 0., 0.,
           0., 1.],
          [0., 0., 0., 0., 0., 1., 0., 0., 0., 0., 0., 0., 1., 1., 0., 1., 1.,
           1., 1.],
          [1., 1., 0., 1., 1., 1., 0., 1., 1., 0., 0., 0., 0., 1., 0., 0., 1.,
           1., 1.],
          [1., 1., 1., 1., 1., 0., 1., 0., 0., 1., 1., 1., 1., 1., 0., 1., 1.,
           1., 1.],
          [1., 1., 0., 1., 0., 0., 1., 0., 0., 0., 0., 1., 1., 1., 0., 1., 1.,
           0., 1.],
          [0., 1., 0., 0., 0., 1., 0., 0., 0., 0., 0., 1., 0., 1., 1., 1., 1.,
           0., 1.],
          [0., 1., 1., 0., 1., 1., 1., 1., 1., 0., 0., 0., 1., 0., 0., 0., 1.,
           1., 0.],
          [1., 1., 1., 0., 0., 0., 0., 1., 1., 0., 1., 0., 0., 0., 1., 0., 1.,
           0., 1.],
          [1., 1., 0., 0., 0., 0., 0., 0., 0., 0., 0., 0., 0., 1., 0., 1., 0.,
           1., 0.],
          [1., 0., 1., 1., 0., 0., 1., 1., 0., 1., 1., 1., 1., 1., 1., 0., 0.,
           0., 1.],
          [1., 0., 0., 0., 1., 1., 0., 1., 0., 1., 0., 1., 1., 0., 1., 0., 0.,
           1., 0.],
          [1., 1., 1., 1., 0., 0., 0., 1., 0., 1., 0., 1., 0., 0., 1., 1., 0.,
           0., 0.]]]], device='cuda:0'), tensor([[0.1338]], device='cuda:0'))
2026-01-08 16:53:46 - INFO - [-0.02745586 -0.01972998  0.96522045 -0.07146925  0.96522045 -0.07146926
 -0.02777776 -0.01917561]
2026-01-08 16:53:46 - INFO - (tensor([[[[0., 1., 1., 1., 1., 0., 1., 1., 0., 1., 0., 1., 1., 0., 1., 0., 0.,
           1., 0.],
          [1., 1., 1., 1., 1., 0., 1., 0., 1., 0., 0., 0., 0., 1., 0., 1., 0.,
           0., 0.],
          [1., 1., 1., 0., 1., 0., 1., 1., 0., 1., 0., 0., 0., 0., 1., 0., 0.,
           0., 1.],
          [1., 0., 0., 1., 0., 1., 0., 0., 1., 0., 1., 0., 1., 1., 1., 0., 0.,
           1., 0.],
          [1., 1., 0., 1., 1., 1., 1., 0., 1., 1., 1., 0., 0., 1., 1., 1., 0.,
           0., 0.],
          [1., 1., 1., 1., 1., 1., 0., 1., 0., 1., 1., 0., 0., 1., 0., 1., 1.,
           0., 1.],
          [1., 1., 1., 1., 1., 1., 1., 0., 1., 0., 1., 0., 1., 0., 0., 1., 1.,
           0., 0.],
          [0., 1., 1., 1., 0., 0., 1., 1., 0., 1., 0., 1., 0., 1., 1., 0., 0.,
           0., 1.],
          [0., 0., 0., 0., 0., 1., 0., 0., 0., 0., 0., 0., 1., 1., 0., 1., 1.,
           1., 1.],
          [1., 1., 0., 1., 1., 1., 0., 1., 1., 0., 0., 0., 0., 1., 0., 0., 1.,
           1., 1.],
          [1., 1., 1., 1., 1., 0., 1., 0., 0., 1., 1., 1., 1., 1., 0., 1., 1.,
           1., 1.],
          [1., 1., 0., 1., 0., 0., 1., 0., 0., 0., 0., 1., 1., 1., 0., 1., 1.,
           0., 1.],
          [0., 1., 0., 0., 0., 1., 0., 0., 0., 0., 0., 1., 0., 1., 1., 1., 1.,
           0., 1.],
          [0., 1., 1., 0., 1., 1., 1., 1., 1., 0., 0., 0., 1., 0., 0., 0., 1.,
           1., 0.],
          [1., 1., 1., 0., 0., 0., 0., 1., 1., 0., 1., 0., 0., 0., 1., 0., 1.,
           0., 1.],
          [1., 1., 0., 0., 0., 0., 0., 0., 0., 0., 0., 0., 0., 1., 0., 1., 0.,
           1., 0.],
          [1., 0., 1., 1., 0., 0., 1., 1., 0., 1., 1., 1., 1., 1., 1., 0., 0.,
           0., 1.],
          [1., 0., 0., 0., 1., 1., 0., 1., 0., 1., 0., 1., 1., 0., 1., 0., 0.,
           1., 0.],
          [1., 1., 1., 1., 0., 0., 0., 1., 0., 1., 0., 1., 0., 0., 1., 1., 0.,
           0., 0.]]]], device='cuda:0'), tensor([[0.1371]], device='cuda:0'))
2026-01-08 16:53:46 - INFO - [-0.02800928 -0.01944842  0.9646928  -0.07246702  0.9646928  -0.07246702
 -0.02836564 -0.01889392]
2026-01-08 16:53:46 - INFO - (tensor([[[[0., 1., 1., 1., 1., 0., 1., 1., 0., 1., 0., 1., 1., 0., 1., 0., 0.,
           1., 0.],
          [1., 1., 1., 1., 1., 0., 1., 0., 1., 0., 0., 0., 0., 1., 0., 1., 0.,
           0., 0.],
          [1., 1., 1., 0., 1., 0., 1., 1., 0., 1., 0., 0., 0., 0., 1., 0., 0.,
           0., 1.],
          [1., 0., 0., 1., 0., 1., 0., 0., 1., 0., 1., 0., 1., 1., 1., 0., 0.,
           1., 0.],
          [1., 1., 0., 1., 1., 1., 1., 0., 1., 1., 1., 0., 0., 1., 1., 1., 0.,
           0., 0.],
          [1., 1., 1., 1., 1., 1., 0., 1., 0., 1., 1., 0., 0., 1., 0., 1., 1.,
           0., 1.],
          [1., 1., 1., 1., 1., 1., 1., 0., 1., 0., 1., 0., 1., 0., 0., 1., 1.,
           0., 0.],
          [0., 1., 1., 1., 0., 0., 1., 1., 0., 1., 0., 1., 0., 1., 1., 0., 0.,
           0., 1.],
          [0., 0., 0., 0., 0., 1., 0., 0., 0., 0., 0., 0., 1., 1., 0., 1., 1.,
           1., 1.],
          [1., 1., 0., 1., 1., 1., 0., 1., 1., 0., 0., 0., 0., 1., 0., 0., 1.,
           1., 1.],
          [1., 1., 1., 1., 1., 0., 1., 0., 0., 1., 1., 1., 1., 1., 0., 1., 1.,
           1., 1.],
          [1., 1., 0., 1., 0., 0., 1., 0., 0., 0., 0., 1., 1., 1., 0., 1., 1.,
           0., 1.],
          [0., 1., 0., 0., 0., 1., 0., 0., 0., 0., 0., 1., 0., 1., 1., 1., 1.,
           0., 1.],
          [0., 1., 1., 0., 1., 1., 1., 1., 1., 0., 0., 0., 1., 0., 0., 0., 1.,
           1., 0.],
          [1., 1., 1., 0., 0., 0., 0., 1., 1., 0., 1., 0., 0., 0., 1., 0., 1.,
           0., 1.],
          [1., 1., 0., 0., 0., 0., 0., 0., 0., 0., 0., 0., 0., 1., 0., 1., 0.,
           1., 0.],
          [1., 0., 1., 1., 0., 0., 1., 1., 0., 1., 1., 1., 1., 1., 1., 0., 0.,
           0., 1.],
          [1., 0., 0., 0., 1., 1., 0., 1., 0., 1., 0., 1., 1., 0., 1., 0., 0.,
           1., 0.],
          [1., 1., 1., 1., 0., 0., 0., 1., 0., 1., 0., 1., 0., 0., 1., 1., 0.,
           0., 0.]]]], device='cuda:0'), tensor([[0.1405]], device='cuda:0'))
2026-01-08 16:53:46 - INFO - [-0.02862774 -0.01912629  0.96406364 -0.0736408   0.96406364 -0.07364082
 -0.02901996 -0.01856319]
2026-01-08 16:53:46 - INFO - (tensor([[[[0., 1., 1., 1., 1., 0., 1., 1., 0., 1., 0., 1., 1., 0., 1., 0., 0.,
           1., 0.],
          [1., 1., 1., 1., 1., 0., 1., 0., 1., 0., 0., 0., 0., 1., 0., 1., 0.,
           0., 0.],
          [1., 1., 1., 0., 1., 0., 1., 1., 0., 1., 0., 0., 0., 0., 1., 0., 0.,
           0., 1.],
          [1., 0., 0., 1., 0., 1., 0., 0., 1., 0., 1., 0., 1., 1., 1., 0., 0.,
           1., 0.],
          [1., 1., 0., 1., 1., 1., 1., 0., 1., 1., 1., 0., 0., 1., 1., 1., 0.,
           0., 0.],
          [1., 1., 1., 1., 1., 1., 0., 1., 0., 1., 1., 0., 0., 1., 0., 1., 1.,
           0., 1.],
          [1., 1., 1., 1., 1., 1., 1., 0., 1., 0., 1., 0., 1., 0., 0., 1., 1.,
           0., 0.],
          [0., 1., 1., 1., 0., 0., 1., 1., 0., 1., 0., 1., 0., 1., 1., 0., 0.,
           0., 1.],
          [0., 0., 0., 0., 0., 1., 0., 0., 0., 0., 0., 0., 1., 1., 0., 1., 1.,
           1., 1.],
          [1., 1., 0., 1., 1., 1., 0., 1., 1., 0., 0., 0., 0., 1., 0., 0., 1.,
           1., 1.],
          [1., 1., 1., 1., 1., 0., 1., 0., 0., 1., 1., 1., 1., 1., 0., 1., 1.,
           1., 1.],
          [1., 1., 0., 1., 0., 0., 1., 0., 0., 0., 0., 1., 1., 1., 0., 1., 1.,
           0., 1.],
          [0., 1., 0., 0., 0., 1., 0., 0., 0., 0., 0., 1., 0., 1., 1., 1., 1.,
           0., 1.],
          [0., 1., 1., 0., 1., 1., 1., 1., 1., 0., 0., 0., 1., 0., 0., 0., 1.,
           1., 0.],
          [1., 1., 1., 0., 0., 0., 0., 1., 1., 0., 1., 0., 0., 0., 1., 0., 1.,
           0., 1.],
          [1., 1., 0., 0., 0., 0., 0., 0., 0., 0., 0., 0., 0., 1., 0., 1., 0.,
           1., 0.],
          [1., 0., 1., 1., 0., 0., 1., 1., 0., 1., 1., 1., 1., 1., 1., 0., 0.,
           0., 1.],
          [1., 0., 0., 0., 1., 1., 0., 1., 0., 1., 0., 1., 1., 0., 1., 0., 0.,
           1., 0.],
          [1., 1., 1., 1., 0., 0., 0., 1., 0., 1., 0., 1., 0., 0., 1., 1., 0.,
           0., 0.]]]], device='cuda:0'), tensor([[0.1438]], device='cuda:0'))
2026-01-08 16:53:46 - INFO - [-0.02922253 -0.01878666  0.96340173 -0.07489191  0.96340173 -0.07489192
 -0.02964321 -0.0181992 ]
2026-01-08 16:53:46 - INFO - (tensor([[[[0., 1., 1., 1., 1., 0., 1., 1., 0., 1., 0., 1., 1., 0., 1., 0., 0.,
           1., 0.],
          [1., 1., 1., 1., 1., 0., 1., 0., 1., 0., 0., 0., 0., 1., 0., 1., 0.,
           0., 0.],
          [1., 1., 1., 0., 1., 0., 1., 1., 0., 1., 0., 0., 0., 0., 1., 0., 0.,
           0., 1.],
          [1., 0., 0., 1., 0., 1., 0., 0., 1., 0., 1., 0., 1., 1., 1., 0., 0.,
           1., 0.],
          [1., 1., 0., 1., 1., 1., 1., 0., 1., 1., 1., 0., 0., 1., 1., 1., 0.,
           0., 0.],
          [1., 1., 1., 1., 1., 1., 0., 1., 0., 1., 1., 0., 0., 1., 0., 1., 1.,
           0., 1.],
          [1., 1., 1., 1., 1., 1., 1., 0., 1., 0., 1., 0., 1., 0., 0., 1., 1.,
           0., 0.],
          [0., 1., 1., 1., 0., 0., 1., 1., 0., 1., 0., 1., 0., 1., 1., 0., 0.,
           0., 1.],
          [0., 0., 0., 0., 0., 1., 0., 0., 0., 0., 0., 0., 1., 1., 0., 1., 1.,
           1., 1.],
          [1., 1., 0., 1., 1., 1., 0., 1., 1., 0., 0., 0., 0., 1., 0., 0., 1.,
           1., 1.],
          [1., 1., 1., 1., 1., 0., 1., 0., 0., 1., 1., 1., 1., 1., 0., 1., 1.,
           1., 1.],
          [1., 1., 0., 1., 0., 0., 1., 0., 0., 0., 0., 1., 1., 1., 0., 1., 1.,
           0., 1.],
          [0., 1., 0., 0., 0., 1., 0., 0., 0., 0., 0., 1., 0., 1., 1., 1., 1.,
           0., 1.],
          [0., 1., 1., 0., 1., 1., 1., 1., 1., 0., 0., 0., 1., 0., 0., 0., 1.,
           1., 0.],
          [1., 1., 1., 0., 0., 0., 0., 1., 1., 0., 1., 0., 0., 0., 1., 0., 1.,
           0., 1.],
          [1., 1., 0., 0., 0., 0., 0., 0., 0., 0., 0., 0., 0., 1., 0., 1., 0.,
           1., 0.],
          [1., 0., 1., 1., 0., 0., 1., 1., 0., 1., 1., 1., 1., 1., 1., 0., 0.,
           0., 1.],
          [1., 0., 0., 0., 1., 1., 0., 1., 0., 1., 0., 1., 1., 0., 1., 0., 0.,
           1., 0.],
          [1., 1., 1., 1., 0., 0., 0., 1., 0., 1., 0., 1., 0., 0., 1., 1., 0.,
           0., 0.]]]], device='cuda:0'), tensor([[0.1472]], device='cuda:0'))
2026-01-08 16:53:46 - INFO - [-0.02964014 -0.01847785  0.96282876 -0.07586424  0.96282876 -0.07586424
 -0.03007403 -0.01786477]
2026-01-08 16:53:46 - INFO - (tensor([[[[0., 1., 1., 1., 1., 0., 1., 1., 0., 1., 0., 1., 1., 0., 1., 0., 0.,
           1., 0.],
          [1., 1., 1., 1., 1., 0., 1., 0., 1., 0., 0., 0., 0., 1., 0., 1., 0.,
           0., 0.],
          [1., 1., 1., 0., 1., 0., 1., 1., 0., 1., 0., 0., 0., 0., 1., 0., 0.,
           0., 1.],
          [1., 0., 0., 1., 0., 1., 0., 0., 1., 0., 1., 0., 1., 1., 1., 0., 0.,
           1., 0.],
          [1., 1., 0., 1., 1., 1., 1., 0., 1., 1., 1., 0., 0., 1., 1., 1., 0.,
           0., 0.],
          [1., 1., 1., 1., 1., 1., 0., 1., 0., 1., 1., 0., 0., 1., 0., 1., 1.,
           0., 1.],
          [1., 1., 1., 1., 1., 1., 1., 0., 1., 0., 1., 0., 1., 0., 0., 1., 1.,
           0., 0.],
          [0., 1., 1., 1., 0., 0., 1., 1., 0., 1., 0., 1., 0., 1., 1., 0., 0.,
           0., 1.],
          [0., 0., 0., 0., 0., 1., 0., 0., 0., 0., 0., 0., 1., 1., 0., 1., 1.,
           1., 1.],
          [1., 1., 0., 1., 1., 1., 0., 1., 1., 0., 0., 0., 0., 1., 0., 0., 1.,
           1., 1.],
          [1., 1., 1., 1., 1., 0., 1., 0., 0., 1., 1., 1., 1., 1., 0., 1., 1.,
           1., 1.],
          [1., 1., 0., 1., 0., 0., 1., 0., 0., 0., 0., 1., 1., 1., 0., 1., 1.,
           0., 1.],
          [0., 1., 0., 0., 0., 1., 0., 0., 0., 0., 0., 1., 0., 1., 1., 1., 1.,
           0., 1.],
          [0., 1., 1., 0., 1., 1., 1., 1., 1., 0., 0., 0., 1., 0., 0., 0., 1.,
           1., 0.],
          [1., 1., 1., 0., 0., 0., 0., 1., 1., 0., 1., 0., 0., 0., 1., 0., 1.,
           0., 1.],
          [1., 1., 0., 0., 0., 0., 0., 0., 0., 0., 0., 0., 0., 1., 0., 1., 0.,
           1., 0.],
          [1., 0., 1., 1., 0., 0., 1., 1., 0., 1., 1., 1., 1., 1., 1., 0., 0.,
           0., 1.],
          [1., 0., 0., 0., 1., 1., 0., 1., 0., 1., 0., 1., 1., 0., 1., 0., 0.,
           1., 0.],
          [1., 1., 1., 1., 0., 0., 0., 1., 0., 1., 0., 1., 0., 0., 1., 1., 0.,
           0., 0.]]]], device='cuda:0'), tensor([[0.1505]], device='cuda:0'))
2026-01-08 16:53:46 - INFO - [-0.02998393 -0.01822057  0.96234834 -0.076647    0.96234834 -0.076647
 -0.03043091 -0.01758573]
2026-01-08 16:53:46 - INFO - (tensor([[[[0., 1., 1., 1., 1., 0., 1., 1., 0., 1., 0., 1., 1., 0., 1., 0., 0.,
           1., 0.],
          [1., 1., 1., 1., 1., 0., 1., 0., 1., 0., 0., 0., 0., 1., 0., 1., 0.,
           0., 0.],
          [1., 1., 1., 0., 1., 0., 1., 1., 0., 1., 0., 0., 0., 0., 1., 0., 0.,
           0., 1.],
          [1., 0., 0., 1., 0., 1., 0., 0., 1., 0., 1., 0., 1., 1., 1., 0., 0.,
           1., 0.],
          [1., 1., 0., 1., 1., 1., 1., 0., 1., 1., 1., 0., 0., 1., 1., 1., 0.,
           0., 0.],
          [1., 1., 1., 1., 1., 1., 0., 1., 0., 1., 1., 0., 0., 1., 0., 1., 1.,
           0., 1.],
          [1., 1., 1., 1., 1., 1., 1., 0., 1., 0., 1., 0., 1., 0., 0., 1., 1.,
           0., 0.],
          [0., 1., 1., 1., 0., 0., 1., 1., 0., 1., 0., 1., 0., 1., 1., 0., 0.,
           0., 1.],
          [0., 0., 0., 0., 0., 1., 0., 0., 0., 0., 0., 0., 1., 1., 0., 1., 1.,
           1., 1.],
          [1., 1., 0., 1., 1., 1., 0., 1., 1., 0., 0., 0., 0., 1., 0., 0., 1.,
           1., 1.],
          [1., 1., 1., 1., 1., 0., 1., 0., 0., 1., 1., 1., 1., 1., 0., 1., 1.,
           1., 1.],
          [1., 1., 0., 1., 0., 0., 1., 0., 0., 0., 0., 1., 1., 1., 0., 1., 1.,
           0., 1.],
          [0., 1., 0., 0., 0., 1., 0., 0., 0., 0., 0., 1., 0., 1., 1., 1., 1.,
           0., 1.],
          [0., 1., 1., 0., 1., 1., 1., 1., 1., 0., 0., 0., 1., 0., 0., 0., 1.,
           1., 0.],
          [1., 1., 1., 0., 0., 0., 0., 1., 1., 0., 1., 0., 0., 0., 1., 0., 1.,
           0., 1.],
          [1., 1., 0., 0., 0., 0., 0., 0., 0., 0., 0., 0., 0., 1., 0., 1., 0.,
           1., 0.],
          [1., 0., 1., 1., 0., 0., 1., 1., 0., 1., 1., 1., 1., 1., 1., 0., 0.,
           0., 1.],
          [1., 0., 0., 0., 1., 1., 0., 1., 0., 1., 0., 1., 1., 0., 1., 0., 0.,
           1., 0.],
          [1., 1., 1., 1., 0., 0., 0., 1., 0., 1., 0., 1., 0., 0., 1., 1., 0.,
           0., 0.]]]], device='cuda:0'), tensor([[0.1538]], device='cuda:0'))
2026-01-08 16:53:46 - INFO - [-0.03036357 -0.01793422  0.9618145  -0.07750638  0.9618145  -0.07750639
 -0.03082564 -0.01727292]
2026-01-08 16:53:46 - INFO - (tensor([[[[0., 1., 1., 1., 1., 0., 1., 1., 0., 1., 0., 1., 1., 0., 1., 0., 0.,
           1., 0.],
          [1., 1., 1., 1., 1., 0., 1., 0., 1., 0., 0., 0., 0., 1., 0., 1., 0.,
           0., 0.],
          [1., 1., 1., 0., 1., 0., 1., 1., 0., 1., 0., 0., 0., 0., 1., 0., 0.,
           0., 1.],
          [1., 0., 0., 1., 0., 1., 0., 0., 1., 0., 1., 0., 1., 1., 1., 0., 0.,
           1., 0.],
          [1., 1., 0., 1., 1., 1., 1., 0., 1., 1., 1., 0., 0., 1., 1., 1., 0.,
           0., 0.],
          [1., 1., 1., 1., 1., 1., 0., 1., 0., 1., 1., 0., 0., 1., 0., 1., 1.,
           0., 1.],
          [1., 1., 1., 1., 1., 1., 1., 0., 1., 0., 1., 0., 1., 0., 0., 1., 1.,
           0., 0.],
          [0., 1., 1., 1., 0., 0., 1., 1., 0., 1., 0., 1., 0., 1., 1., 0., 0.,
           0., 1.],
          [0., 0., 0., 0., 0., 1., 0., 0., 0., 0., 0., 0., 1., 1., 0., 1., 1.,
           1., 1.],
          [1., 1., 0., 1., 1., 1., 0., 1., 1., 0., 0., 0., 0., 1., 0., 0., 1.,
           1., 1.],
          [1., 1., 1., 1., 1., 0., 1., 0., 0., 1., 1., 1., 1., 1., 0., 1., 1.,
           1., 1.],
          [1., 1., 0., 1., 0., 0., 1., 0., 0., 0., 0., 1., 1., 1., 0., 1., 1.,
           0., 1.],
          [0., 1., 0., 0., 0., 1., 0., 0., 0., 0., 0., 1., 0., 1., 1., 1., 1.,
           0., 1.],
          [0., 1., 1., 0., 1., 1., 1., 1., 1., 0., 0., 0., 1., 0., 0., 0., 1.,
           1., 0.],
          [1., 1., 1., 0., 0., 0., 0., 1., 1., 0., 1., 0., 0., 0., 1., 0., 1.,
           0., 1.],
          [1., 1., 0., 0., 0., 0., 0., 0., 0., 0., 0., 0., 0., 1., 0., 1., 0.,
           1., 0.],
          [1., 0., 1., 1., 0., 0., 1., 1., 0., 1., 1., 1., 1., 1., 1., 0., 0.,
           0., 1.],
          [1., 0., 0., 0., 1., 1., 0., 1., 0., 1., 0., 1., 1., 0., 1., 0., 0.,
           1., 0.],
          [1., 1., 1., 1., 0., 0., 0., 1., 0., 1., 0., 1., 0., 0., 1., 1., 0.,
           0., 0.]]]], device='cuda:0'), tensor([[0.1572]], device='cuda:0'))
2026-01-08 16:53:46 - INFO - [-0.03075151 -0.0176364   0.96125466 -0.0784062   0.96125466 -0.07840618
 -0.03122781 -0.01694884]
2026-01-08 16:53:46 - INFO - (tensor([[[[0., 1., 1., 1., 1., 0., 1., 1., 0., 1., 0., 1., 1., 0., 1., 0., 0.,
           1., 0.],
          [1., 1., 1., 1., 1., 0., 1., 0., 1., 0., 0., 0., 0., 1., 0., 1., 0.,
           0., 0.],
          [1., 1., 1., 0., 1., 0., 1., 1., 0., 1., 0., 0., 0., 0., 1., 0., 0.,
           0., 1.],
          [1., 0., 0., 1., 0., 1., 0., 0., 1., 0., 1., 0., 1., 1., 1., 0., 0.,
           1., 0.],
          [1., 1., 0., 1., 1., 1., 1., 0., 1., 1., 1., 0., 0., 1., 1., 1., 0.,
           0., 0.],
          [1., 1., 1., 1., 1., 1., 0., 1., 0., 1., 1., 0., 0., 1., 0., 1., 1.,
           0., 1.],
          [1., 1., 1., 1., 1., 1., 1., 0., 1., 0., 1., 0., 1., 0., 0., 1., 1.,
           0., 0.],
          [0., 1., 1., 1., 0., 0., 1., 1., 0., 1., 0., 1., 0., 1., 1., 0., 0.,
           0., 1.],
          [0., 0., 0., 0., 0., 1., 0., 0., 0., 0., 0., 0., 1., 1., 0., 1., 1.,
           1., 1.],
          [1., 1., 0., 1., 1., 1., 0., 1., 1., 0., 0., 0., 0., 1., 0., 0., 1.,
           1., 1.],
          [1., 1., 1., 1., 1., 0., 1., 0., 0., 1., 1., 1., 1., 1., 0., 1., 1.,
           1., 1.],
          [1., 1., 0., 1., 0., 0., 1., 0., 0., 0., 0., 1., 1., 1., 0., 1., 1.,
           0., 1.],
          [0., 1., 0., 0., 0., 1., 0., 0., 0., 0., 0., 1., 0., 1., 1., 1., 1.,
           0., 1.],
          [0., 1., 1., 0., 1., 1., 1., 1., 1., 0., 0., 0., 1., 0., 0., 0., 1.,
           1., 0.],
          [1., 1., 1., 0., 0., 0., 0., 1., 1., 0., 1., 0., 0., 0., 1., 0., 1.,
           0., 1.],
          [1., 1., 0., 0., 0., 0., 0., 0., 0., 0., 0., 0., 0., 1., 0., 1., 0.,
           1., 0.],
          [1., 0., 1., 1., 0., 0., 1., 1., 0., 1., 1., 1., 1., 1., 1., 0., 0.,
           0., 1.],
          [1., 0., 0., 0., 1., 1., 0., 1., 0., 1., 0., 1., 1., 0., 1., 0., 0.,
           1., 0.],
          [1., 1., 1., 1., 0., 0., 0., 1., 0., 1., 0., 1., 0., 0., 1., 1., 0.,
           0., 0.]]]], device='cuda:0'), tensor([[0.1605]], device='cuda:0'))
2026-01-08 16:53:46 - INFO - [-0.03108802 -0.01737382  0.96075183 -0.07922947  0.96075183 -0.07922947
 -0.03157448 -0.01666287]
2026-01-08 16:53:46 - INFO - (tensor([[[[0., 1., 1., 1., 1., 0., 1., 1., 0., 1., 0., 1., 1., 0., 1., 0., 0.,
           1., 0.],
          [1., 1., 1., 1., 1., 0., 1., 0., 1., 0., 0., 0., 0., 1., 0., 1., 0.,
           0., 0.],
          [1., 1., 1., 0., 1., 0., 1., 1., 0., 1., 0., 0., 0., 0., 1., 0., 0.,
           0., 1.],
          [1., 0., 0., 1., 0., 1., 0., 0., 1., 0., 1., 0., 1., 1., 1., 0., 0.,
           1., 0.],
          [1., 1., 0., 1., 1., 1., 1., 0., 1., 1., 1., 0., 0., 1., 1., 1., 0.,
           0., 0.],
          [1., 1., 1., 1., 1., 1., 0., 1., 0., 1., 1., 0., 0., 1., 0., 1., 1.,
           0., 1.],
          [1., 1., 1., 1., 1., 1., 1., 0., 1., 0., 1., 0., 1., 0., 0., 1., 1.,
           0., 0.],
          [0., 1., 1., 1., 0., 0., 1., 1., 0., 1., 0., 1., 0., 1., 1., 0., 0.,
           0., 1.],
          [0., 0., 0., 0., 0., 1., 0., 0., 0., 0., 0., 0., 1., 1., 0., 1., 1.,
           1., 1.],
          [1., 1., 0., 1., 1., 1., 0., 1., 1., 0., 0., 0., 0., 1., 0., 0., 1.,
           1., 1.],
          [1., 1., 1., 1., 1., 0., 1., 0., 0., 1., 1., 1., 1., 1., 0., 1., 1.,
           1., 1.],
          [1., 1., 0., 1., 0., 0., 1., 0., 0., 0., 0., 1., 1., 1., 0., 1., 1.,
           0., 1.],
          [0., 1., 0., 0., 0., 1., 0., 0., 0., 0., 0., 1., 0., 1., 1., 1., 1.,
           0., 1.],
          [0., 1., 1., 0., 1., 1., 1., 1., 1., 0., 0., 0., 1., 0., 0., 0., 1.,
           1., 0.],
          [1., 1., 1., 0., 0., 0., 0., 1., 1., 0., 1., 0., 0., 0., 1., 0., 1.,
           0., 1.],
          [1., 1., 0., 0., 0., 0., 0., 0., 0., 0., 0., 0., 0., 1., 0., 1., 0.,
           1., 0.],
          [1., 0., 1., 1., 0., 0., 1., 1., 0., 1., 1., 1., 1., 1., 1., 0., 0.,
           0., 1.],
          [1., 0., 0., 0., 1., 1., 0., 1., 0., 1., 0., 1., 1., 0., 1., 0., 0.,
           1., 0.],
          [1., 1., 1., 1., 0., 0., 0., 1., 0., 1., 0., 1., 0., 0., 1., 1., 0.,
           0., 0.]]]], device='cuda:0'), tensor([[0.1639]], device='cuda:0'))
2026-01-08 16:53:46 - INFO - [-0.03137862 -0.01713088  0.9603004  -0.07999475  0.9603004  -0.07999476
 -0.03187778 -0.01639505]
2026-01-08 16:53:46 - INFO - (tensor([[[[0., 1., 1., 1., 1., 0., 1., 1., 0., 1., 0., 1., 1., 0., 1., 0., 0.,
           1., 0.],
          [1., 1., 1., 1., 1., 0., 1., 0., 1., 0., 0., 0., 0., 1., 0., 1., 0.,
           0., 0.],
          [1., 1., 1., 0., 1., 0., 1., 1., 0., 1., 0., 0., 0., 0., 1., 0., 0.,
           0., 1.],
          [1., 0., 0., 1., 0., 1., 0., 0., 1., 0., 1., 0., 1., 1., 1., 0., 0.,
           1., 0.],
          [1., 1., 0., 1., 1., 1., 1., 0., 1., 1., 1., 0., 0., 1., 1., 1., 0.,
           0., 0.],
          [1., 1., 1., 1., 1., 1., 0., 1., 0., 1., 1., 0., 0., 1., 0., 1., 1.,
           0., 1.],
          [1., 1., 1., 1., 1., 1., 1., 0., 1., 0., 1., 0., 1., 0., 0., 1., 1.,
           0., 0.],
          [0., 1., 1., 1., 0., 0., 1., 1., 0., 1., 0., 1., 0., 1., 1., 0., 0.,
           0., 1.],
          [0., 0., 0., 0., 0., 1., 0., 0., 0., 0., 0., 0., 1., 1., 0., 1., 1.,
           1., 1.],
          [1., 1., 0., 1., 1., 1., 0., 1., 1., 0., 0., 0., 0., 1., 0., 0., 1.,
           1., 1.],
          [1., 1., 1., 1., 1., 0., 1., 0., 0., 1., 1., 1., 1., 1., 0., 1., 1.,
           1., 1.],
          [1., 1., 0., 1., 0., 0., 1., 0., 0., 0., 0., 1., 1., 1., 0., 1., 1.,
           0., 1.],
          [0., 1., 0., 0., 0., 1., 0., 0., 0., 0., 0., 1., 0., 1., 1., 1., 1.,
           0., 1.],
          [0., 1., 1., 0., 1., 1., 1., 1., 1., 0., 0., 0., 1., 0., 0., 0., 1.,
           1., 0.],
          [1., 1., 1., 0., 0., 0., 0., 1., 1., 0., 1., 0., 0., 0., 1., 0., 1.,
           0., 1.],
          [1., 1., 0., 0., 0., 0., 0., 0., 0., 0., 0., 0., 0., 1., 0., 1., 0.,
           1., 0.],
          [1., 0., 1., 1., 0., 0., 1., 1., 0., 1., 1., 1., 1., 1., 1., 0., 0.,
           0., 1.],
          [1., 0., 0., 0., 1., 1., 0., 1., 0., 1., 0., 1., 1., 0., 1., 0., 0.,
           1., 0.],
          [1., 1., 1., 1., 0., 0., 0., 1., 0., 1., 0., 1., 0., 0., 1., 1., 0.,
           0., 0.]]]], device='cuda:0'), tensor([[0.1672]], device='cuda:0'))
2026-01-08 16:53:46 - INFO - [-0.03172337 -0.01684571  0.9597652  -0.08084495  0.9597652  -0.08084495
 -0.03224219 -0.0160767 ]
2026-01-08 16:53:46 - INFO - (tensor([[[[0., 1., 1., 1., 1., 0., 1., 1., 0., 1., 0., 1., 1., 0., 1., 0., 0.,
           1., 0.],
          [1., 1., 1., 1., 1., 0., 1., 0., 1., 0., 0., 0., 0., 1., 0., 1., 0.,
           0., 0.],
          [1., 1., 1., 0., 1., 0., 1., 1., 0., 1., 0., 0., 0., 0., 1., 0., 0.,
           0., 1.],
          [1., 0., 0., 1., 0., 1., 0., 0., 1., 0., 1., 0., 1., 1., 1., 0., 0.,
           1., 0.],
          [1., 1., 0., 1., 1., 1., 1., 0., 1., 1., 1., 0., 0., 1., 1., 1., 0.,
           0., 0.],
          [1., 1., 1., 1., 1., 1., 0., 1., 0., 1., 1., 0., 0., 1., 0., 1., 1.,
           0., 1.],
          [1., 1., 1., 1., 1., 1., 1., 0., 1., 0., 1., 0., 1., 0., 0., 1., 1.,
           0., 0.],
          [0., 1., 1., 1., 0., 0., 1., 1., 0., 1., 0., 1., 0., 1., 1., 0., 0.,
           0., 1.],
          [0., 0., 0., 0., 0., 1., 0., 0., 0., 0., 0., 0., 1., 1., 0., 1., 1.,
           1., 1.],
          [1., 1., 0., 1., 1., 1., 0., 1., 1., 0., 0., 0., 0., 1., 0., 0., 1.,
           1., 1.],
          [1., 1., 1., 1., 1., 0., 1., 0., 0., 1., 1., 1., 1., 1., 0., 1., 1.,
           1., 1.],
          [1., 1., 0., 1., 0., 0., 1., 0., 0., 0., 0., 1., 1., 1., 0., 1., 1.,
           0., 1.],
          [0., 1., 0., 0., 0., 1., 0., 0., 0., 0., 0., 1., 0., 1., 1., 1., 1.,
           0., 1.],
          [0., 1., 1., 0., 1., 1., 1., 1., 1., 0., 0., 0., 1., 0., 0., 0., 1.,
           1., 0.],
          [1., 1., 1., 0., 0., 0., 0., 1., 1., 0., 1., 0., 0., 0., 1., 0., 1.,
           0., 1.],
          [1., 1., 0., 0., 0., 0., 0., 0., 0., 0., 0., 0., 0., 1., 0., 1., 0.,
           1., 0.],
          [1., 0., 1., 1., 0., 0., 1., 1., 0., 1., 1., 1., 1., 1., 1., 0., 0.,
           0., 1.],
          [1., 0., 0., 0., 1., 1., 0., 1., 0., 1., 0., 1., 1., 0., 1., 0., 0.,
           1., 0.],
          [1., 1., 1., 1., 0., 0., 0., 1., 0., 1., 0., 1., 0., 0., 1., 1., 0.,
           0., 0.]]]], device='cuda:0'), tensor([[0.1706]], device='cuda:0'))
2026-01-08 16:53:46 - INFO - [-0.03211544 -0.01652139  0.95913184 -0.08179361  0.95913184 -0.08179361
 -0.03266015 -0.01571103]
2026-01-08 16:53:46 - INFO - (tensor([[[[0., 1., 1., 1., 1., 0., 1., 1., 0., 1., 0., 1., 1., 0., 1., 0., 0.,
           1., 0.],
          [1., 1., 1., 1., 1., 0., 1., 0., 1., 0., 0., 0., 0., 1., 0., 1., 0.,
           0., 0.],
          [1., 1., 1., 0., 1., 0., 1., 1., 0., 1., 0., 0., 0., 0., 1., 0., 0.,
           0., 1.],
          [1., 0., 0., 1., 0., 1., 0., 0., 1., 0., 1., 0., 1., 1., 1., 0., 0.,
           1., 0.],
          [1., 1., 0., 1., 1., 1., 1., 0., 1., 1., 1., 0., 0., 1., 1., 1., 0.,
           0., 0.],
          [1., 1., 1., 1., 1., 1., 0., 1., 0., 1., 1., 0., 0., 1., 0., 1., 1.,
           0., 1.],
          [1., 1., 1., 1., 1., 1., 1., 0., 1., 0., 1., 0., 1., 0., 0., 1., 1.,
           0., 0.],
          [0., 1., 1., 1., 0., 0., 1., 1., 0., 1., 0., 1., 0., 1., 1., 0., 0.,
           0., 1.],
          [0., 0., 0., 0., 0., 1., 0., 0., 0., 0., 0., 0., 1., 1., 0., 1., 1.,
           1., 1.],
          [1., 1., 0., 1., 1., 1., 0., 1., 1., 0., 0., 0., 0., 1., 0., 0., 1.,
           1., 1.],
          [1., 1., 1., 1., 1., 0., 1., 0., 0., 1., 1., 1., 1., 1., 0., 1., 1.,
           1., 1.],
          [1., 1., 0., 1., 0., 0., 1., 0., 0., 0., 0., 1., 1., 1., 0., 1., 1.,
           0., 1.],
          [0., 1., 0., 0., 0., 1., 0., 0., 0., 0., 0., 1., 0., 1., 1., 1., 1.,
           0., 1.],
          [0., 1., 1., 0., 1., 1., 1., 1., 1., 0., 0., 0., 1., 0., 0., 0., 1.,
           1., 0.],
          [1., 1., 1., 0., 0., 0., 0., 1., 1., 0., 1., 0., 0., 0., 1., 0., 1.,
           0., 1.],
          [1., 1., 0., 0., 0., 0., 0., 0., 0., 0., 0., 0., 0., 1., 0., 1., 0.,
           1., 0.],
          [1., 0., 1., 1., 0., 0., 1., 1., 0., 1., 1., 1., 1., 1., 1., 0., 0.,
           0., 1.],
          [1., 0., 0., 0., 1., 1., 0., 1., 0., 1., 0., 1., 1., 0., 1., 0., 0.,
           1., 0.],
          [1., 1., 1., 1., 0., 0., 0., 1., 0., 1., 0., 1., 0., 0., 1., 1., 0.,
           0., 0.]]]], device='cuda:0'), tensor([[0.1739]], device='cuda:0'))
2026-01-08 16:53:46 - INFO - [-0.03250428 -0.01619171  0.9584931  -0.08281257  0.9584931  -0.08281257
 -0.03307197 -0.01532906]
2026-01-08 16:53:46 - INFO - (tensor([[[[0., 1., 1., 1., 1., 0., 1., 1., 0., 1., 0., 1., 1., 0., 1., 0., 0.,
           1., 0.],
          [1., 1., 1., 1., 1., 0., 1., 0., 1., 0., 0., 0., 0., 1., 0., 1., 0.,
           0., 0.],
          [1., 1., 1., 0., 1., 0., 1., 1., 0., 1., 0., 0., 0., 0., 1., 0., 0.,
           0., 1.],
          [1., 0., 0., 1., 0., 1., 0., 0., 1., 0., 1., 0., 1., 1., 1., 0., 0.,
           1., 0.],
          [1., 1., 0., 1., 1., 1., 1., 0., 1., 1., 1., 0., 0., 1., 1., 1., 0.,
           0., 0.],
          [1., 1., 1., 1., 1., 1., 0., 1., 0., 1., 1., 0., 0., 1., 0., 1., 1.,
           0., 1.],
          [1., 1., 1., 1., 1., 1., 1., 0., 1., 0., 1., 0., 1., 0., 0., 1., 1.,
           0., 0.],
          [0., 1., 1., 1., 0., 0., 1., 1., 0., 1., 0., 1., 0., 1., 1., 0., 0.,
           0., 1.],
          [0., 0., 0., 0., 0., 1., 0., 0., 0., 0., 0., 0., 1., 1., 0., 1., 1.,
           1., 1.],
          [1., 1., 0., 1., 1., 1., 0., 1., 1., 0., 0., 0., 0., 1., 0., 0., 1.,
           1., 1.],
          [1., 1., 1., 1., 1., 0., 1., 0., 0., 1., 1., 1., 1., 1., 0., 1., 1.,
           1., 1.],
          [1., 1., 0., 1., 0., 0., 1., 0., 0., 0., 0., 1., 1., 1., 0., 1., 1.,
           0., 1.],
          [0., 1., 0., 0., 0., 1., 0., 0., 0., 0., 0., 1., 0., 1., 1., 1., 1.,
           0., 1.],
          [0., 1., 1., 0., 1., 1., 1., 1., 1., 0., 0., 0., 1., 0., 0., 0., 1.,
           1., 0.],
          [1., 1., 1., 0., 0., 0., 0., 1., 1., 0., 1., 0., 0., 0., 1., 0., 1.,
           0., 1.],
          [1., 1., 0., 0., 0., 0., 0., 0., 0., 0., 0., 0., 0., 1., 0., 1., 0.,
           1., 0.],
          [1., 0., 1., 1., 0., 0., 1., 1., 0., 1., 1., 1., 1., 1., 1., 0., 0.,
           0., 1.],
          [1., 0., 0., 0., 1., 1., 0., 1., 0., 1., 0., 1., 1., 0., 1., 0., 0.,
           1., 0.],
          [1., 1., 1., 1., 0., 0., 0., 1., 0., 1., 0., 1., 0., 0., 1., 1., 0.,
           0., 0.]]]], device='cuda:0'), tensor([[0.1773]], device='cuda:0'))
2026-01-08 16:53:46 - INFO - [-0.0328966  -0.01587259  0.9578517  -0.08386564  0.9578517  -0.08386564
 -0.03348416 -0.01493825]
2026-01-08 16:53:46 - INFO - (tensor([[[[0., 1., 1., 1., 1., 0., 1., 1., 0., 1., 0., 1., 1., 0., 1., 0., 0.,
           1., 0.],
          [1., 1., 1., 1., 1., 0., 1., 0., 1., 0., 0., 0., 0., 1., 0., 1., 0.,
           0., 0.],
          [1., 1., 1., 0., 1., 0., 1., 1., 0., 1., 0., 0., 0., 0., 1., 0., 0.,
           0., 1.],
          [1., 0., 0., 1., 0., 1., 0., 0., 1., 0., 1., 0., 1., 1., 1., 0., 0.,
           1., 0.],
          [1., 1., 0., 1., 1., 1., 1., 0., 1., 1., 1., 0., 0., 1., 1., 1., 0.,
           0., 0.],
          [1., 1., 1., 1., 1., 1., 0., 1., 0., 1., 1., 0., 0., 1., 0., 1., 1.,
           0., 1.],
          [1., 1., 1., 1., 1., 1., 1., 0., 1., 0., 1., 0., 1., 0., 0., 1., 1.,
           0., 0.],
          [0., 1., 1., 1., 0., 0., 1., 1., 0., 1., 0., 1., 0., 1., 1., 0., 0.,
           0., 1.],
          [0., 0., 0., 0., 0., 1., 0., 0., 0., 0., 0., 0., 1., 1., 0., 1., 1.,
           1., 1.],
          [1., 1., 0., 1., 1., 1., 0., 1., 1., 0., 0., 0., 0., 1., 0., 0., 1.,
           1., 1.],
          [1., 1., 1., 1., 1., 0., 1., 0., 0., 1., 1., 1., 1., 1., 0., 1., 1.,
           1., 1.],
          [1., 1., 0., 1., 0., 0., 1., 0., 0., 0., 0., 1., 1., 1., 0., 1., 1.,
           0., 1.],
          [0., 1., 0., 0., 0., 1., 0., 0., 0., 0., 0., 1., 0., 1., 1., 1., 1.,
           0., 1.],
          [0., 1., 1., 0., 1., 1., 1., 1., 1., 0., 0., 0., 1., 0., 0., 0., 1.,
           1., 0.],
          [1., 1., 1., 0., 0., 0., 0., 1., 1., 0., 1., 0., 0., 0., 1., 0., 1.,
           0., 1.],
          [1., 1., 0., 0., 0., 0., 0., 0., 0., 0., 0., 0., 0., 1., 0., 1., 0.,
           1., 0.],
          [1., 0., 1., 1., 0., 0., 1., 1., 0., 1., 1., 1., 1., 1., 1., 0., 0.,
           0., 1.],
          [1., 0., 0., 0., 1., 1., 0., 1., 0., 1., 0., 1., 1., 0., 1., 0., 0.,
           1., 0.],
          [1., 1., 1., 1., 0., 0., 0., 1., 0., 1., 0., 1., 0., 0., 1., 1., 0.,
           0., 0.]]]], device='cuda:0'), tensor([[0.1806]], device='cuda:0'))
2026-01-08 16:53:46 - INFO - [-0.03325737 -0.01557765  0.95725125 -0.08481823  0.95725125 -0.08481823
 -0.03386331 -0.01458005]
2026-01-08 16:53:46 - INFO - (tensor([[[[0., 1., 1., 1., 1., 0., 1., 1., 0., 1., 0., 1., 1., 0., 1., 0., 0.,
           1., 0.],
          [1., 1., 1., 1., 1., 0., 1., 0., 1., 0., 0., 0., 0., 1., 0., 1., 0.,
           0., 0.],
          [1., 1., 1., 0., 1., 0., 1., 1., 0., 1., 0., 0., 0., 0., 1., 0., 0.,
           0., 1.],
          [1., 0., 0., 1., 0., 1., 0., 0., 1., 0., 1., 0., 1., 1., 1., 0., 0.,
           1., 0.],
          [1., 1., 0., 1., 1., 1., 1., 0., 1., 1., 1., 0., 0., 1., 1., 1., 0.,
           0., 0.],
          [1., 1., 1., 1., 1., 1., 0., 1., 0., 1., 1., 0., 0., 1., 0., 1., 1.,
           0., 1.],
          [1., 1., 1., 1., 1., 1., 1., 0., 1., 0., 1., 0., 1., 0., 0., 1., 1.,
           0., 0.],
          [0., 1., 1., 1., 0., 0., 1., 1., 0., 1., 0., 1., 0., 1., 1., 0., 0.,
           0., 1.],
          [0., 0., 0., 0., 0., 1., 0., 0., 0., 0., 0., 0., 1., 1., 0., 1., 1.,
           1., 1.],
          [1., 1., 0., 1., 1., 1., 0., 1., 1., 0., 0., 0., 0., 1., 0., 0., 1.,
           1., 1.],
          [1., 1., 1., 1., 1., 0., 1., 0., 0., 1., 1., 1., 1., 1., 0., 1., 1.,
           1., 1.],
          [1., 1., 0., 1., 0., 0., 1., 0., 0., 0., 0., 1., 1., 1., 0., 1., 1.,
           0., 1.],
          [0., 1., 0., 0., 0., 1., 0., 0., 0., 0., 0., 1., 0., 1., 1., 1., 1.,
           0., 1.],
          [0., 1., 1., 0., 1., 1., 1., 1., 1., 0., 0., 0., 1., 0., 0., 0., 1.,
           1., 0.],
          [1., 1., 1., 0., 0., 0., 0., 1., 1., 0., 1., 0., 0., 0., 1., 0., 1.,
           0., 1.],
          [1., 1., 0., 0., 0., 0., 0., 0., 0., 0., 0., 0., 0., 1., 0., 1., 0.,
           1., 0.],
          [1., 0., 1., 1., 0., 0., 1., 1., 0., 1., 1., 1., 1., 1., 1., 0., 0.,
           0., 1.],
          [1., 0., 0., 0., 1., 1., 0., 1., 0., 1., 0., 1., 1., 0., 1., 0., 0.,
           1., 0.],
          [1., 1., 1., 1., 0., 0., 0., 1., 0., 1., 0., 1., 0., 0., 1., 1., 0.,
           0., 0.]]]], device='cuda:0'), tensor([[0.1839]], device='cuda:0'))
2026-01-08 16:53:46 - INFO - [-0.03359724 -0.01529672  0.95667434 -0.0856934   0.95667434 -0.0856934
 -0.0342209  -0.01424165]
2026-01-08 16:53:46 - INFO - (tensor([[[[0., 1., 1., 1., 1., 0., 1., 1., 0., 1., 0., 1., 1., 0., 1., 0., 0.,
           1., 0.],
          [1., 1., 1., 1., 1., 0., 1., 0., 1., 0., 0., 0., 0., 1., 0., 1., 0.,
           0., 0.],
          [1., 1., 1., 0., 1., 0., 1., 1., 0., 1., 0., 0., 0., 0., 1., 0., 0.,
           0., 1.],
          [1., 0., 0., 1., 0., 1., 0., 0., 1., 0., 1., 0., 1., 1., 1., 0., 0.,
           1., 0.],
          [1., 1., 0., 1., 1., 1., 1., 0., 1., 1., 1., 0., 0., 1., 1., 1., 0.,
           0., 0.],
          [1., 1., 1., 1., 1., 1., 0., 1., 0., 1., 1., 0., 0., 1., 0., 1., 1.,
           0., 1.],
          [1., 1., 1., 1., 1., 1., 1., 0., 1., 0., 1., 0., 1., 0., 0., 1., 1.,
           0., 0.],
          [0., 1., 1., 1., 0., 0., 1., 1., 0., 1., 0., 1., 0., 1., 1., 0., 0.,
           0., 1.],
          [0., 0., 0., 0., 0., 1., 0., 0., 0., 0., 0., 0., 1., 1., 0., 1., 1.,
           1., 1.],
          [1., 1., 0., 1., 1., 1., 0., 1., 1., 0., 0., 0., 0., 1., 0., 0., 1.,
           1., 1.],
          [1., 1., 1., 1., 1., 0., 1., 0., 0., 1., 1., 1., 1., 1., 0., 1., 1.,
           1., 1.],
          [1., 1., 0., 1., 0., 0., 1., 0., 0., 0., 0., 1., 1., 1., 0., 1., 1.,
           0., 1.],
          [0., 1., 0., 0., 0., 1., 0., 0., 0., 0., 0., 1., 0., 1., 1., 1., 1.,
           0., 1.],
          [0., 1., 1., 0., 1., 1., 1., 1., 1., 0., 0., 0., 1., 0., 0., 0., 1.,
           1., 0.],
          [1., 1., 1., 0., 0., 0., 0., 1., 1., 0., 1., 0., 0., 0., 1., 0., 1.,
           0., 1.],
          [1., 1., 0., 0., 0., 0., 0., 0., 0., 0., 0., 0., 0., 1., 0., 1., 0.,
           1., 0.],
          [1., 0., 1., 1., 0., 0., 1., 1., 0., 1., 1., 1., 1., 1., 1., 0., 0.,
           0., 1.],
          [1., 0., 0., 0., 1., 1., 0., 1., 0., 1., 0., 1., 1., 0., 1., 0., 0.,
           1., 0.],
          [1., 1., 1., 1., 0., 0., 0., 1., 0., 1., 0., 1., 0., 0., 1., 1., 0.,
           0., 0.]]]], device='cuda:0'), tensor([[0.1873]], device='cuda:0'))
2026-01-08 16:53:46 - INFO - [-0.03388482 -0.01496431  0.9562438  -0.08665325  0.9562438  -0.08665326
 -0.03451557 -0.01386693]
2026-01-08 16:53:46 - INFO - (tensor([[[[0., 1., 1., 1., 1., 0., 1., 1., 0., 1., 0., 1., 1., 0., 1., 0., 0.,
           1., 0.],
          [1., 1., 1., 1., 1., 0., 1., 0., 1., 0., 0., 0., 0., 1., 0., 1., 0.,
           0., 0.],
          [1., 1., 1., 0., 1., 0., 1., 1., 0., 1., 0., 0., 0., 0., 1., 0., 0.,
           0., 1.],
          [1., 0., 0., 1., 0., 1., 0., 0., 1., 0., 1., 0., 1., 1., 1., 0., 0.,
           1., 0.],
          [1., 1., 0., 1., 1., 1., 1., 0., 1., 1., 1., 0., 0., 1., 1., 1., 0.,
           0., 0.],
          [1., 1., 1., 1., 1., 1., 0., 1., 0., 1., 1., 0., 0., 1., 0., 1., 1.,
           0., 1.],
          [1., 1., 1., 1., 1., 1., 1., 0., 1., 0., 1., 0., 1., 0., 0., 1., 1.,
           0., 0.],
          [0., 1., 1., 1., 0., 0., 1., 1., 0., 1., 0., 1., 0., 1., 1., 0., 0.,
           0., 1.],
          [0., 0., 0., 0., 0., 1., 0., 0., 0., 0., 0., 0., 1., 1., 0., 1., 1.,
           1., 1.],
          [1., 1., 0., 1., 1., 1., 0., 1., 1., 0., 0., 0., 0., 1., 0., 0., 1.,
           1., 1.],
          [1., 1., 1., 1., 1., 0., 1., 0., 0., 1., 1., 1., 1., 1., 0., 1., 1.,
           1., 1.],
          [1., 1., 0., 1., 0., 0., 1., 0., 0., 0., 0., 1., 1., 1., 0., 1., 1.,
           0., 1.],
          [0., 1., 0., 0., 0., 1., 0., 0., 0., 0., 0., 1., 0., 1., 1., 1., 1.,
           0., 1.],
          [0., 1., 1., 0., 1., 1., 1., 1., 1., 0., 0., 0., 1., 0., 0., 0., 1.,
           1., 0.],
          [1., 1., 1., 0., 0., 0., 0., 1., 1., 0., 1., 0., 0., 0., 1., 0., 1.,
           0., 1.],
          [1., 1., 0., 0., 0., 0., 0., 0., 0., 0., 0., 0., 0., 1., 0., 1., 0.,
           1., 0.],
          [1., 0., 1., 1., 0., 0., 1., 1., 0., 1., 1., 1., 1., 1., 1., 0., 0.,
           0., 1.],
          [1., 0., 0., 0., 1., 1., 0., 1., 0., 1., 0., 1., 1., 0., 1., 0., 0.,
           1., 0.],
          [1., 1., 1., 1., 0., 0., 0., 1., 0., 1., 0., 1., 0., 0., 1., 1., 0.,
           0., 0.]]]], device='cuda:0'), tensor([[0.1906]], device='cuda:0'))
2026-01-08 16:53:46 - INFO - [-0.03413174 -0.0146135   0.9559106  -0.08757078  0.9559106  -0.08757079
 -0.03476338 -0.01348962]
2026-01-08 16:53:46 - INFO - (tensor([[[[0., 1., 1., 1., 1., 0., 1., 1., 0., 1., 0., 1., 1., 0., 1., 0., 0.,
           1., 0.],
          [1., 1., 1., 1., 1., 0., 1., 0., 1., 0., 0., 0., 0., 1., 0., 1., 0.,
           0., 0.],
          [1., 1., 1., 0., 1., 0., 1., 1., 0., 1., 0., 0., 0., 0., 1., 0., 0.,
           0., 1.],
          [1., 0., 0., 1., 0., 1., 0., 0., 1., 0., 1., 0., 1., 1., 1., 0., 0.,
           1., 0.],
          [1., 1., 0., 1., 1., 1., 1., 0., 1., 1., 1., 0., 0., 1., 1., 1., 0.,
           0., 0.],
          [1., 1., 1., 1., 1., 1., 0., 1., 0., 1., 1., 0., 0., 1., 0., 1., 1.,
           0., 1.],
          [1., 1., 1., 1., 1., 1., 1., 0., 1., 0., 1., 0., 1., 0., 0., 1., 1.,
           0., 0.],
          [0., 1., 1., 1., 0., 0., 1., 1., 0., 1., 0., 1., 0., 1., 1., 0., 0.,
           0., 1.],
          [0., 0., 0., 0., 0., 1., 0., 0., 0., 0., 0., 0., 1., 1., 0., 1., 1.,
           1., 1.],
          [1., 1., 0., 1., 1., 1., 0., 1., 1., 0., 0., 0., 0., 1., 0., 0., 1.,
           1., 1.],
          [1., 1., 1., 1., 1., 0., 1., 0., 0., 1., 1., 1., 1., 1., 0., 1., 1.,
           1., 1.],
          [1., 1., 0., 1., 0., 0., 1., 0., 0., 0., 0., 1., 1., 1., 0., 1., 1.,
           0., 1.],
          [0., 1., 0., 0., 0., 1., 0., 0., 0., 0., 0., 1., 0., 1., 1., 1., 1.,
           0., 1.],
          [0., 1., 1., 0., 1., 1., 1., 1., 1., 0., 0., 0., 1., 0., 0., 0., 1.,
           1., 0.],
          [1., 1., 1., 0., 0., 0., 0., 1., 1., 0., 1., 0., 0., 0., 1., 0., 1.,
           0., 1.],
          [1., 1., 0., 0., 0., 0., 0., 0., 0., 0., 0., 0., 0., 1., 0., 1., 0.,
           1., 0.],
          [1., 0., 1., 1., 0., 0., 1., 1., 0., 1., 1., 1., 1., 1., 1., 0., 0.,
           0., 1.],
          [1., 0., 0., 0., 1., 1., 0., 1., 0., 1., 0., 1., 1., 0., 1., 0., 0.,
           1., 0.],
          [1., 1., 1., 1., 0., 0., 0., 1., 0., 1., 0., 1., 0., 0., 1., 1., 0.,
           0., 0.]]]], device='cuda:0'), tensor([[0.1940]], device='cuda:0'))
2026-01-08 16:53:46 - INFO - [-0.03435044 -0.01427924  0.95568377 -0.08838622  0.95568377 -0.08838622
 -0.0349642  -0.01316569]
2026-01-08 16:53:46 - INFO - (tensor([[[[0., 1., 1., 1., 1., 0., 1., 1., 0., 1., 0., 1., 1., 0., 1., 0., 0.,
           1., 0.],
          [1., 1., 1., 1., 1., 0., 1., 0., 1., 0., 0., 0., 0., 1., 0., 1., 0.,
           0., 0.],
          [1., 1., 1., 0., 1., 0., 1., 1., 0., 1., 0., 0., 0., 0., 1., 0., 0.,
           0., 1.],
          [1., 0., 0., 1., 0., 1., 0., 0., 1., 0., 1., 0., 1., 1., 1., 0., 0.,
           1., 0.],
          [1., 1., 0., 1., 1., 1., 1., 0., 1., 1., 1., 0., 0., 1., 1., 1., 0.,
           0., 0.],
          [1., 1., 1., 1., 1., 1., 0., 1., 0., 1., 1., 0., 0., 1., 0., 1., 1.,
           0., 1.],
          [1., 1., 1., 1., 1., 1., 1., 0., 1., 0., 1., 0., 1., 0., 0., 1., 1.,
           0., 0.],
          [0., 1., 1., 1., 0., 0., 1., 1., 0., 1., 0., 1., 0., 1., 1., 0., 0.,
           0., 1.],
          [0., 0., 0., 0., 0., 1., 0., 0., 0., 0., 0., 0., 1., 1., 0., 1., 1.,
           1., 1.],
          [1., 1., 0., 1., 1., 1., 0., 1., 1., 0., 0., 0., 0., 1., 0., 0., 1.,
           1., 1.],
          [1., 1., 1., 1., 1., 0., 1., 0., 0., 1., 1., 1., 1., 1., 0., 1., 1.,
           1., 1.],
          [1., 1., 0., 1., 0., 0., 1., 0., 0., 0., 0., 1., 1., 1., 0., 1., 1.,
           0., 1.],
          [0., 1., 0., 0., 0., 1., 0., 0., 0., 0., 0., 1., 0., 1., 1., 1., 1.,
           0., 1.],
          [0., 1., 1., 0., 1., 1., 1., 1., 1., 0., 0., 0., 1., 0., 0., 0., 1.,
           1., 0.],
          [1., 1., 1., 0., 0., 0., 0., 1., 1., 0., 1., 0., 0., 0., 1., 0., 1.,
           0., 1.],
          [1., 1., 0., 0., 0., 0., 0., 0., 0., 0., 0., 0., 0., 1., 0., 1., 0.,
           1., 0.],
          [1., 0., 1., 1., 0., 0., 1., 1., 0., 1., 1., 1., 1., 1., 1., 0., 0.,
           0., 1.],
          [1., 0., 0., 0., 1., 1., 0., 1., 0., 1., 0., 1., 1., 0., 1., 0., 0.,
           1., 0.],
          [1., 1., 1., 1., 0., 0., 0., 1., 0., 1., 0., 1., 0., 0., 1., 1., 0.,
           0., 0.]]]], device='cuda:0'), tensor([[0.1973]], device='cuda:0'))
2026-01-08 16:53:46 - INFO - [-0.03458288 -0.01397857  0.9553957  -0.0892206   0.9553957  -0.0892206
 -0.03516883 -0.01286661]
2026-01-08 16:53:46 - INFO - (tensor([[[[0., 1., 1., 1., 1., 0., 1., 1., 0., 1., 0., 1., 1., 0., 1., 0., 0.,
           1., 0.],
          [1., 1., 1., 1., 1., 0., 1., 0., 1., 0., 0., 0., 0., 1., 0., 1., 0.,
           0., 0.],
          [1., 1., 1., 0., 1., 0., 1., 1., 0., 1., 0., 0., 0., 0., 1., 0., 0.,
           0., 1.],
          [1., 0., 0., 1., 0., 1., 0., 0., 1., 0., 1., 0., 1., 1., 1., 0., 0.,
           1., 0.],
          [1., 1., 0., 1., 1., 1., 1., 0., 1., 1., 1., 0., 0., 1., 1., 1., 0.,
           0., 0.],
          [1., 1., 1., 1., 1., 1., 0., 1., 0., 1., 1., 0., 0., 1., 0., 1., 1.,
           0., 1.],
          [1., 1., 1., 1., 1., 1., 1., 0., 1., 0., 1., 0., 1., 0., 0., 1., 1.,
           0., 0.],
          [0., 1., 1., 1., 0., 0., 1., 1., 0., 1., 0., 1., 0., 1., 1., 0., 0.,
           0., 1.],
          [0., 0., 0., 0., 0., 1., 0., 0., 0., 0., 0., 0., 1., 1., 0., 1., 1.,
           1., 1.],
          [1., 1., 0., 1., 1., 1., 0., 1., 1., 0., 0., 0., 0., 1., 0., 0., 1.,
           1., 1.],
          [1., 1., 1., 1., 1., 0., 1., 0., 0., 1., 1., 1., 1., 1., 0., 1., 1.,
           1., 1.],
          [1., 1., 0., 1., 0., 0., 1., 0., 0., 0., 0., 1., 1., 1., 0., 1., 1.,
           0., 1.],
          [0., 1., 0., 0., 0., 1., 0., 0., 0., 0., 0., 1., 0., 1., 1., 1., 1.,
           0., 1.],
          [0., 1., 1., 0., 1., 1., 1., 1., 1., 0., 0., 0., 1., 0., 0., 0., 1.,
           1., 0.],
          [1., 1., 1., 0., 0., 0., 0., 1., 1., 0., 1., 0., 0., 0., 1., 0., 1.,
           0., 1.],
          [1., 1., 0., 0., 0., 0., 0., 0., 0., 0., 0., 0., 0., 1., 0., 1., 0.,
           1., 0.],
          [1., 0., 1., 1., 0., 0., 1., 1., 0., 1., 1., 1., 1., 1., 1., 0., 0.,
           0., 1.],
          [1., 0., 0., 0., 1., 1., 0., 1., 0., 1., 0., 1., 1., 0., 1., 0., 0.,
           1., 0.],
          [1., 1., 1., 1., 0., 0., 0., 1., 0., 1., 0., 1., 0., 0., 1., 1., 0.,
           0., 0.]]]], device='cuda:0'), tensor([[0.2007]], device='cuda:0'))
2026-01-08 16:53:46 - INFO - [-0.03483053 -0.01373992  0.95501715 -0.09006363  0.95501715 -0.09006363
 -0.03537459 -0.01261631]
2026-01-08 16:53:46 - INFO - (tensor([[[[0., 1., 1., 1., 1., 0., 1., 1., 0., 1., 0., 1., 1., 0., 1., 0., 0.,
           1., 0.],
          [1., 1., 1., 1., 1., 0., 1., 0., 1., 0., 0., 0., 0., 1., 0., 1., 0.,
           0., 0.],
          [1., 1., 1., 0., 1., 0., 1., 1., 0., 1., 0., 0., 0., 0., 1., 0., 0.,
           0., 1.],
          [1., 0., 0., 1., 0., 1., 0., 0., 1., 0., 1., 0., 1., 1., 1., 0., 0.,
           1., 0.],
          [1., 1., 0., 1., 1., 1., 1., 0., 1., 1., 1., 0., 0., 1., 1., 1., 0.,
           0., 0.],
          [1., 1., 1., 1., 1., 1., 0., 1., 0., 1., 1., 0., 0., 1., 0., 1., 1.,
           0., 1.],
          [1., 1., 1., 1., 1., 1., 1., 0., 1., 0., 1., 0., 1., 0., 0., 1., 1.,
           0., 0.],
          [0., 1., 1., 1., 0., 0., 1., 1., 0., 1., 0., 1., 0., 1., 1., 0., 0.,
           0., 1.],
          [0., 0., 0., 0., 0., 1., 0., 0., 0., 0., 0., 0., 1., 1., 0., 1., 1.,
           1., 1.],
          [1., 1., 0., 1., 1., 1., 0., 1., 1., 0., 0., 0., 0., 1., 0., 0., 1.,
           1., 1.],
          [1., 1., 1., 1., 1., 0., 1., 0., 0., 1., 1., 1., 1., 1., 0., 1., 1.,
           1., 1.],
          [1., 1., 0., 1., 0., 0., 1., 0., 0., 0., 0., 1., 1., 1., 0., 1., 1.,
           0., 1.],
          [0., 1., 0., 0., 0., 1., 0., 0., 0., 0., 0., 1., 0., 1., 1., 1., 1.,
           0., 1.],
          [0., 1., 1., 0., 1., 1., 1., 1., 1., 0., 0., 0., 1., 0., 0., 0., 1.,
           1., 0.],
          [1., 1., 1., 0., 0., 0., 0., 1., 1., 0., 1., 0., 0., 0., 1., 0., 1.,
           0., 1.],
          [1., 1., 0., 0., 0., 0., 0., 0., 0., 0., 0., 0., 0., 1., 0., 1., 0.,
           1., 0.],
          [1., 0., 1., 1., 0., 0., 1., 1., 0., 1., 1., 1., 1., 1., 1., 0., 0.,
           0., 1.],
          [1., 0., 0., 0., 1., 1., 0., 1., 0., 1., 0., 1., 1., 0., 1., 0., 0.,
           1., 0.],
          [1., 1., 1., 1., 0., 0., 0., 1., 0., 1., 0., 1., 0., 0., 1., 1., 0.,
           0., 0.]]]], device='cuda:0'), tensor([[0.2040]], device='cuda:0'))
2026-01-08 16:53:46 - INFO - [-0.03508707 -0.01348932  0.95462096 -0.09094256  0.95462096 -0.09094255
 -0.03558804 -0.01235232]
2026-01-08 16:53:46 - INFO - (tensor([[[[0., 1., 1., 1., 1., 0., 1., 1., 0., 1., 0., 1., 1., 0., 1., 0., 0.,
           1., 0.],
          [1., 1., 1., 1., 1., 0., 1., 0., 1., 0., 0., 0., 0., 1., 0., 1., 0.,
           0., 0.],
          [1., 1., 1., 0., 1., 0., 1., 1., 0., 1., 0., 0., 0., 0., 1., 0., 0.,
           0., 1.],
          [1., 0., 0., 1., 0., 1., 0., 0., 1., 0., 1., 0., 1., 1., 1., 0., 0.,
           1., 0.],
          [1., 1., 0., 1., 1., 1., 1., 0., 1., 1., 1., 0., 0., 1., 1., 1., 0.,
           0., 0.],
          [1., 1., 1., 1., 1., 1., 0., 1., 0., 1., 1., 0., 0., 1., 0., 1., 1.,
           0., 1.],
          [1., 1., 1., 1., 1., 1., 1., 0., 1., 0., 1., 0., 1., 0., 0., 1., 1.,
           0., 0.],
          [0., 1., 1., 1., 0., 0., 1., 1., 0., 1., 0., 1., 0., 1., 1., 0., 0.,
           0., 1.],
          [0., 0., 0., 0., 0., 1., 0., 0., 0., 0., 0., 0., 1., 1., 0., 1., 1.,
           1., 1.],
          [1., 1., 0., 1., 1., 1., 0., 1., 1., 0., 0., 0., 0., 1., 0., 0., 1.,
           1., 1.],
          [1., 1., 1., 1., 1., 0., 1., 0., 0., 1., 1., 1., 1., 1., 0., 1., 1.,
           1., 1.],
          [1., 1., 0., 1., 0., 0., 1., 0., 0., 0., 0., 1., 1., 1., 0., 1., 1.,
           0., 1.],
          [0., 1., 0., 0., 0., 1., 0., 0., 0., 0., 0., 1., 0., 1., 1., 1., 1.,
           0., 1.],
          [0., 1., 1., 0., 1., 1., 1., 1., 1., 0., 0., 0., 1., 0., 0., 0., 1.,
           1., 0.],
          [1., 1., 1., 0., 0., 0., 0., 1., 1., 0., 1., 0., 0., 0., 1., 0., 1.,
           0., 1.],
          [1., 1., 0., 0., 0., 0., 0., 0., 0., 0., 0., 0., 0., 1., 0., 1., 0.,
           1., 0.],
          [1., 0., 1., 1., 0., 0., 1., 1., 0., 1., 1., 1., 1., 1., 1., 0., 0.,
           0., 1.],
          [1., 0., 0., 0., 1., 1., 0., 1., 0., 1., 0., 1., 1., 0., 1., 0., 0.,
           1., 0.],
          [1., 1., 1., 1., 0., 0., 0., 1., 0., 1., 0., 1., 0., 0., 1., 1., 0.,
           0., 0.]]]], device='cuda:0'), tensor([[0.2074]], device='cuda:0'))
2026-01-08 16:53:46 - INFO - [-0.03536328 -0.01318815  0.95417994 -0.09195893  0.95417994 -0.09195893
 -0.03582405 -0.01203493]
2026-01-08 16:53:46 - INFO - (tensor([[[[0., 1., 1., 1., 1., 0., 1., 1., 0., 1., 0., 1., 1., 0., 1., 0., 0.,
           1., 0.],
          [1., 1., 1., 1., 1., 0., 1., 0., 1., 0., 0., 0., 0., 1., 0., 1., 0.,
           0., 0.],
          [1., 1., 1., 0., 1., 0., 1., 1., 0., 1., 0., 0., 0., 0., 1., 0., 0.,
           0., 1.],
          [1., 0., 0., 1., 0., 1., 0., 0., 1., 0., 1., 0., 1., 1., 1., 0., 0.,
           1., 0.],
          [1., 1., 0., 1., 1., 1., 1., 0., 1., 1., 1., 0., 0., 1., 1., 1., 0.,
           0., 0.],
          [1., 1., 1., 1., 1., 1., 0., 1., 0., 1., 1., 0., 0., 1., 0., 1., 1.,
           0., 1.],
          [1., 1., 1., 1., 1., 1., 1., 0., 1., 0., 1., 0., 1., 0., 0., 1., 1.,
           0., 0.],
          [0., 1., 1., 1., 0., 0., 1., 1., 0., 1., 0., 1., 0., 1., 1., 0., 0.,
           0., 1.],
          [0., 0., 0., 0., 0., 1., 0., 0., 0., 0., 0., 0., 1., 1., 0., 1., 1.,
           1., 1.],
          [1., 1., 0., 1., 1., 1., 0., 1., 1., 0., 0., 0., 0., 1., 0., 0., 1.,
           1., 1.],
          [1., 1., 1., 1., 1., 0., 1., 0., 0., 1., 1., 1., 1., 1., 0., 1., 1.,
           1., 1.],
          [1., 1., 0., 1., 0., 0., 1., 0., 0., 0., 0., 1., 1., 1., 0., 1., 1.,
           0., 1.],
          [0., 1., 0., 0., 0., 1., 0., 0., 0., 0., 0., 1., 0., 1., 1., 1., 1.,
           0., 1.],
          [0., 1., 1., 0., 1., 1., 1., 1., 1., 0., 0., 0., 1., 0., 0., 0., 1.,
           1., 0.],
          [1., 1., 1., 0., 0., 0., 0., 1., 1., 0., 1., 0., 0., 0., 1., 0., 1.,
           0., 1.],
          [1., 1., 0., 0., 0., 0., 0., 0., 0., 0., 0., 0., 0., 1., 0., 1., 0.,
           1., 0.],
          [1., 0., 1., 1., 0., 0., 1., 1., 0., 1., 1., 1., 1., 1., 1., 0., 0.,
           0., 1.],
          [1., 0., 0., 0., 1., 1., 0., 1., 0., 1., 0., 1., 1., 0., 1., 0., 0.,
           1., 0.],
          [1., 1., 1., 1., 0., 0., 0., 1., 0., 1., 0., 1., 0., 0., 1., 1., 0.,
           0., 0.]]]], device='cuda:0'), tensor([[0.2107]], device='cuda:0'))
2026-01-08 16:53:46 - INFO - [-0.03570018 -0.0127328   0.9536444  -0.09343456  0.9536444  -0.09343456
 -0.03615215 -0.01156048]
2026-01-08 16:53:46 - INFO - (tensor([[[[0., 1., 1., 1., 1., 0., 1., 1., 0., 1., 0., 1., 1., 0., 1., 0., 0.,
           1., 0.],
          [1., 1., 1., 1., 1., 0., 1., 0., 1., 0., 0., 0., 0., 1., 0., 1., 0.,
           0., 0.],
          [1., 1., 1., 0., 1., 0., 1., 1., 0., 1., 0., 0., 0., 0., 1., 0., 0.,
           0., 1.],
          [1., 0., 0., 1., 0., 1., 0., 0., 1., 0., 1., 0., 1., 1., 1., 0., 0.,
           1., 0.],
          [1., 1., 0., 1., 1., 1., 1., 0., 1., 1., 1., 0., 0., 1., 1., 1., 0.,
           0., 0.],
          [1., 1., 1., 1., 1., 1., 0., 1., 0., 1., 1., 0., 0., 1., 0., 1., 1.,
           0., 1.],
          [1., 1., 1., 1., 1., 1., 1., 0., 1., 0., 1., 0., 1., 0., 0., 1., 1.,
           0., 0.],
          [0., 1., 1., 1., 0., 0., 1., 1., 0., 1., 0., 1., 0., 1., 1., 0., 0.,
           0., 1.],
          [0., 0., 0., 0., 0., 1., 0., 0., 0., 0., 0., 0., 1., 1., 0., 1., 1.,
           1., 1.],
          [1., 1., 0., 1., 1., 1., 0., 1., 1., 0., 0., 0., 0., 1., 0., 0., 1.,
           1., 1.],
          [1., 1., 1., 1., 1., 0., 1., 0., 0., 1., 1., 1., 1., 1., 0., 1., 1.,
           1., 1.],
          [1., 1., 0., 1., 0., 0., 1., 0., 0., 0., 0., 1., 1., 1., 0., 1., 1.,
           0., 1.],
          [0., 1., 0., 0., 0., 1., 0., 0., 0., 0., 0., 1., 0., 1., 1., 1., 1.,
           0., 1.],
          [0., 1., 1., 0., 1., 1., 1., 1., 1., 0., 0., 0., 1., 0., 0., 0., 1.,
           1., 0.],
          [1., 1., 1., 0., 0., 0., 0., 1., 1., 0., 1., 0., 0., 0., 1., 0., 1.,
           0., 1.],
          [1., 1., 0., 0., 0., 0., 0., 0., 0., 0., 0., 0., 0., 1., 0., 1., 0.,
           1., 0.],
          [1., 0., 1., 1., 0., 0., 1., 1., 0., 1., 1., 1., 1., 1., 1., 0., 0.,
           0., 1.],
          [1., 0., 0., 0., 1., 1., 0., 1., 0., 1., 0., 1., 1., 0., 1., 0., 0.,
           1., 0.],
          [1., 1., 1., 1., 0., 0., 0., 1., 0., 1., 0., 1., 0., 0., 1., 1., 0.,
           0., 0.]]]], device='cuda:0'), tensor([[0.2140]], device='cuda:0'))
2026-01-08 16:53:46 - INFO - [-0.03583379 -0.01251168  0.9533781  -0.09413492  0.9533781  -0.09413491
 -0.03631556 -0.01133265]
2026-01-08 16:53:46 - INFO - (tensor([[[[0., 1., 1., 1., 1., 0., 1., 1., 0., 1., 0., 1., 1., 0., 1., 0., 0.,
           1., 0.],
          [1., 1., 1., 1., 1., 0., 1., 0., 1., 0., 0., 0., 0., 1., 0., 1., 0.,
           0., 0.],
          [1., 1., 1., 0., 1., 0., 1., 1., 0., 1., 0., 0., 0., 0., 1., 0., 0.,
           0., 1.],
          [1., 0., 0., 1., 0., 1., 0., 0., 1., 0., 1., 0., 1., 1., 1., 0., 0.,
           1., 0.],
          [1., 1., 0., 1., 1., 1., 1., 0., 1., 1., 1., 0., 0., 1., 1., 1., 0.,
           0., 0.],
          [1., 1., 1., 1., 1., 1., 0., 1., 0., 1., 1., 0., 0., 1., 0., 1., 1.,
           0., 1.],
          [1., 1., 1., 1., 1., 1., 1., 0., 1., 0., 1., 0., 1., 0., 0., 1., 1.,
           0., 0.],
          [0., 1., 1., 1., 0., 0., 1., 1., 0., 1., 0., 1., 0., 1., 1., 0., 0.,
           0., 1.],
          [0., 0., 0., 0., 0., 1., 0., 0., 0., 0., 0., 0., 1., 1., 0., 1., 1.,
           1., 1.],
          [1., 1., 0., 1., 1., 1., 0., 1., 1., 0., 0., 0., 0., 1., 0., 0., 1.,
           1., 1.],
          [1., 1., 1., 1., 1., 0., 1., 0., 0., 1., 1., 1., 1., 1., 0., 1., 1.,
           1., 1.],
          [1., 1., 0., 1., 0., 0., 1., 0., 0., 0., 0., 1., 1., 1., 0., 1., 1.,
           0., 1.],
          [0., 1., 0., 0., 0., 1., 0., 0., 0., 0., 0., 1., 0., 1., 1., 1., 1.,
           0., 1.],
          [0., 1., 1., 0., 1., 1., 1., 1., 1., 0., 0., 0., 1., 0., 0., 0., 1.,
           1., 0.],
          [1., 1., 1., 0., 0., 0., 0., 1., 1., 0., 1., 0., 0., 0., 1., 0., 1.,
           0., 1.],
          [1., 1., 0., 0., 0., 0., 0., 0., 0., 0., 0., 0., 0., 1., 0., 1., 0.,
           1., 0.],
          [1., 0., 1., 1., 0., 0., 1., 1., 0., 1., 1., 1., 1., 1., 1., 0., 0.,
           0., 1.],
          [1., 0., 0., 0., 1., 1., 0., 1., 0., 1., 0., 1., 1., 0., 1., 0., 0.,
           1., 0.],
          [1., 1., 1., 1., 0., 0., 0., 1., 0., 1., 0., 1., 0., 0., 1., 1., 0.,
           0., 0.]]]], device='cuda:0'), tensor([[0.2174]], device='cuda:0'))
2026-01-08 16:53:46 - INFO - [-0.03598124 -0.01224716  0.95306486 -0.09498715  0.95306486 -0.09498715
 -0.03649243 -0.01106465]
2026-01-08 16:53:46 - INFO - (tensor([[[[0., 1., 1., 1., 1., 0., 1., 1., 0., 1., 0., 1., 1., 0., 1., 0., 0.,
           1., 0.],
          [1., 1., 1., 1., 1., 0., 1., 0., 1., 0., 0., 0., 0., 1., 0., 1., 0.,
           0., 0.],
          [1., 1., 1., 0., 1., 0., 1., 1., 0., 1., 0., 0., 0., 0., 1., 0., 0.,
           0., 1.],
          [1., 0., 0., 1., 0., 1., 0., 0., 1., 0., 1., 0., 1., 1., 1., 0., 0.,
           1., 0.],
          [1., 1., 0., 1., 1., 1., 1., 0., 1., 1., 1., 0., 0., 1., 1., 1., 0.,
           0., 0.],
          [1., 1., 1., 1., 1., 1., 0., 1., 0., 1., 1., 0., 0., 1., 0., 1., 1.,
           0., 1.],
          [1., 1., 1., 1., 1., 1., 1., 0., 1., 0., 1., 0., 1., 0., 0., 1., 1.,
           0., 0.],
          [0., 1., 1., 1., 0., 0., 1., 1., 0., 1., 0., 1., 0., 1., 1., 0., 0.,
           0., 1.],
          [0., 0., 0., 0., 0., 1., 0., 0., 0., 0., 0., 0., 1., 1., 0., 1., 1.,
           1., 1.],
          [1., 1., 0., 1., 1., 1., 0., 1., 1., 0., 0., 0., 0., 1., 0., 0., 1.,
           1., 1.],
          [1., 1., 1., 1., 1., 0., 1., 0., 0., 1., 1., 1., 1., 1., 0., 1., 1.,
           1., 1.],
          [1., 1., 0., 1., 0., 0., 1., 0., 0., 0., 0., 1., 1., 1., 0., 1., 1.,
           0., 1.],
          [0., 1., 0., 0., 0., 1., 0., 0., 0., 0., 0., 1., 0., 1., 1., 1., 1.,
           0., 1.],
          [0., 1., 1., 0., 1., 1., 1., 1., 1., 0., 0., 0., 1., 0., 0., 0., 1.,
           1., 0.],
          [1., 1., 1., 0., 0., 0., 0., 1., 1., 0., 1., 0., 0., 0., 1., 0., 1.,
           0., 1.],
          [1., 1., 0., 0., 0., 0., 0., 0., 0., 0., 0., 0., 0., 1., 0., 1., 0.,
           1., 0.],
          [1., 0., 1., 1., 0., 0., 1., 1., 0., 1., 1., 1., 1., 1., 1., 0., 0.,
           0., 1.],
          [1., 0., 0., 0., 1., 1., 0., 1., 0., 1., 0., 1., 1., 0., 1., 0., 0.,
           1., 0.],
          [1., 1., 1., 1., 0., 0., 0., 1., 0., 1., 0., 1., 0., 0., 1., 1., 0.,
           0., 0.]]]], device='cuda:0'), tensor([[0.2207]], device='cuda:0'))
2026-01-08 16:53:46 - INFO - [-0.03613691 -0.01196309  0.9527237  -0.09588685  0.9527237  -0.09588686
 -0.03667909 -0.01077326]
2026-01-08 16:53:46 - INFO - (tensor([[[[0., 1., 1., 1., 1., 0., 1., 1., 0., 1., 0., 1., 1., 0., 1., 0., 0.,
           1., 0.],
          [1., 1., 1., 1., 1., 0., 1., 0., 1., 0., 0., 0., 0., 1., 0., 1., 0.,
           0., 0.],
          [1., 1., 1., 0., 1., 0., 1., 1., 0., 1., 0., 0., 0., 0., 1., 0., 0.,
           0., 1.],
          [1., 0., 0., 1., 0., 1., 0., 0., 1., 0., 1., 0., 1., 1., 1., 0., 0.,
           1., 0.],
          [1., 1., 0., 1., 1., 1., 1., 0., 1., 1., 1., 0., 0., 1., 1., 1., 0.,
           0., 0.],
          [1., 1., 1., 1., 1., 1., 0., 1., 0., 1., 1., 0., 0., 1., 0., 1., 1.,
           0., 1.],
          [1., 1., 1., 1., 1., 1., 1., 0., 1., 0., 1., 0., 1., 0., 0., 1., 1.,
           0., 0.],
          [0., 1., 1., 1., 0., 0., 1., 1., 0., 1., 0., 1., 0., 1., 1., 0., 0.,
           0., 1.],
          [0., 0., 0., 0., 0., 1., 0., 0., 0., 0., 0., 0., 1., 1., 0., 1., 1.,
           1., 1.],
          [1., 1., 0., 1., 1., 1., 0., 1., 1., 0., 0., 0., 0., 1., 0., 0., 1.,
           1., 1.],
          [1., 1., 1., 1., 1., 0., 1., 0., 0., 1., 1., 1., 1., 1., 0., 1., 1.,
           1., 1.],
          [1., 1., 0., 1., 0., 0., 1., 0., 0., 0., 0., 1., 1., 1., 0., 1., 1.,
           0., 1.],
          [0., 1., 0., 0., 0., 1., 0., 0., 0., 0., 0., 1., 0., 1., 1., 1., 1.,
           0., 1.],
          [0., 1., 1., 0., 1., 1., 1., 1., 1., 0., 0., 0., 1., 0., 0., 0., 1.,
           1., 0.],
          [1., 1., 1., 0., 0., 0., 0., 1., 1., 0., 1., 0., 0., 0., 1., 0., 1.,
           0., 1.],
          [1., 1., 0., 0., 0., 0., 0., 0., 0., 0., 0., 0., 0., 1., 0., 1., 0.,
           1., 0.],
          [1., 0., 1., 1., 0., 0., 1., 1., 0., 1., 1., 1., 1., 1., 1., 0., 0.,
           0., 1.],
          [1., 0., 0., 0., 1., 1., 0., 1., 0., 1., 0., 1., 1., 0., 1., 0., 0.,
           1., 0.],
          [1., 1., 1., 1., 0., 0., 0., 1., 0., 1., 0., 1., 0., 0., 1., 1., 0.,
           0., 0.]]]], device='cuda:0'), tensor([[0.2241]], device='cuda:0'))
2026-01-08 16:53:46 - INFO - [-0.03628797 -0.0116834   0.95238775 -0.0967645   0.95238775 -0.09676451
 -0.03686165 -0.01048914]
2026-01-08 16:53:46 - INFO - (tensor([[[[0., 1., 1., 1., 1., 0., 1., 1., 0., 1., 0., 1., 1., 0., 1., 0., 0.,
           1., 0.],
          [1., 1., 1., 1., 1., 0., 1., 0., 1., 0., 0., 0., 0., 1., 0., 1., 0.,
           0., 0.],
          [1., 1., 1., 0., 1., 0., 1., 1., 0., 1., 0., 0., 0., 0., 1., 0., 0.,
           0., 1.],
          [1., 0., 0., 1., 0., 1., 0., 0., 1., 0., 1., 0., 1., 1., 1., 0., 0.,
           1., 0.],
          [1., 1., 0., 1., 1., 1., 1., 0., 1., 1., 1., 0., 0., 1., 1., 1., 0.,
           0., 0.],
          [1., 1., 1., 1., 1., 1., 0., 1., 0., 1., 1., 0., 0., 1., 0., 1., 1.,
           0., 1.],
          [1., 1., 1., 1., 1., 1., 1., 0., 1., 0., 1., 0., 1., 0., 0., 1., 1.,
           0., 0.],
          [0., 1., 1., 1., 0., 0., 1., 1., 0., 1., 0., 1., 0., 1., 1., 0., 0.,
           0., 1.],
          [0., 0., 0., 0., 0., 1., 0., 0., 0., 0., 0., 0., 1., 1., 0., 1., 1.,
           1., 1.],
          [1., 1., 0., 1., 1., 1., 0., 1., 1., 0., 0., 0., 0., 1., 0., 0., 1.,
           1., 1.],
          [1., 1., 1., 1., 1., 0., 1., 0., 0., 1., 1., 1., 1., 1., 0., 1., 1.,
           1., 1.],
          [1., 1., 0., 1., 0., 0., 1., 0., 0., 0., 0., 1., 1., 1., 0., 1., 1.,
           0., 1.],
          [0., 1., 0., 0., 0., 1., 0., 0., 0., 0., 0., 1., 0., 1., 1., 1., 1.,
           0., 1.],
          [0., 1., 1., 0., 1., 1., 1., 1., 1., 0., 0., 0., 1., 0., 0., 0., 1.,
           1., 0.],
          [1., 1., 1., 0., 0., 0., 0., 1., 1., 0., 1., 0., 0., 0., 1., 0., 1.,
           0., 1.],
          [1., 1., 0., 0., 0., 0., 0., 0., 0., 0., 0., 0., 0., 1., 0., 1., 0.,
           1., 0.],
          [1., 0., 1., 1., 0., 0., 1., 1., 0., 1., 1., 1., 1., 1., 1., 0., 0.,
           0., 1.],
          [1., 0., 0., 0., 1., 1., 0., 1., 0., 1., 0., 1., 1., 0., 1., 0., 0.,
           1., 0.],
          [1., 1., 1., 1., 0., 0., 0., 1., 0., 1., 0., 1., 0., 0., 1., 1., 0.,
           0., 0.]]]], device='cuda:0'), tensor([[0.2274]], device='cuda:0'))
2026-01-08 16:53:46 - INFO - [-0.03644626 -0.01139282  0.9520266  -0.09767856  0.9520266  -0.09767857
 -0.03705322 -0.01019184]
2026-01-08 16:53:46 - INFO - (tensor([[[[0., 1., 1., 1., 1., 0., 1., 1., 0., 1., 0., 1., 1., 0., 1., 0., 0.,
           1., 0.],
          [1., 1., 1., 1., 1., 0., 1., 0., 1., 0., 0., 0., 0., 1., 0., 1., 0.,
           0., 0.],
          [1., 1., 1., 0., 1., 0., 1., 1., 0., 1., 0., 0., 0., 0., 1., 0., 0.,
           0., 1.],
          [1., 0., 0., 1., 0., 1., 0., 0., 1., 0., 1., 0., 1., 1., 1., 0., 0.,
           1., 0.],
          [1., 1., 0., 1., 1., 1., 1., 0., 1., 1., 1., 0., 0., 1., 1., 1., 0.,
           0., 0.],
          [1., 1., 1., 1., 1., 1., 0., 1., 0., 1., 1., 0., 0., 1., 0., 1., 1.,
           0., 1.],
          [1., 1., 1., 1., 1., 1., 1., 0., 1., 0., 1., 0., 1., 0., 0., 1., 1.,
           0., 0.],
          [0., 1., 1., 1., 0., 0., 1., 1., 0., 1., 0., 1., 0., 1., 1., 0., 0.,
           0., 1.],
          [0., 0., 0., 0., 0., 1., 0., 0., 0., 0., 0., 0., 1., 1., 0., 1., 1.,
           1., 1.],
          [1., 1., 0., 1., 1., 1., 0., 1., 1., 0., 0., 0., 0., 1., 0., 0., 1.,
           1., 1.],
          [1., 1., 1., 1., 1., 0., 1., 0., 0., 1., 1., 1., 1., 1., 0., 1., 1.,
           1., 1.],
          [1., 1., 0., 1., 0., 0., 1., 0., 0., 0., 0., 1., 1., 1., 0., 1., 1.,
           0., 1.],
          [0., 1., 0., 0., 0., 1., 0., 0., 0., 0., 0., 1., 0., 1., 1., 1., 1.,
           0., 1.],
          [0., 1., 1., 0., 1., 1., 1., 1., 1., 0., 0., 0., 1., 0., 0., 0., 1.,
           1., 0.],
          [1., 1., 1., 0., 0., 0., 0., 1., 1., 0., 1., 0., 0., 0., 1., 0., 1.,
           0., 1.],
          [1., 1., 0., 0., 0., 0., 0., 0., 0., 0., 0., 0., 0., 1., 0., 1., 0.,
           1., 0.],
          [1., 0., 1., 1., 0., 0., 1., 1., 0., 1., 1., 1., 1., 1., 1., 0., 0.,
           0., 1.],
          [1., 0., 0., 0., 1., 1., 0., 1., 0., 1., 0., 1., 1., 0., 1., 0., 0.,
           1., 0.],
          [1., 1., 1., 1., 0., 0., 0., 1., 0., 1., 0., 1., 0., 0., 1., 1., 0.,
           0., 0.]]]], device='cuda:0'), tensor([[0.2308]], device='cuda:0'))
2026-01-08 16:53:46 - INFO - [-0.03661898 -0.01107624  0.9516138  -0.09867849  0.95161384 -0.0986785
 -0.03726119 -0.00986374]
2026-01-08 16:53:46 - INFO - (tensor([[[[0., 1., 1., 1., 1., 0., 1., 1., 0., 1., 0., 1., 1., 0., 1., 0., 0.,
           1., 0.],
          [1., 1., 1., 1., 1., 0., 1., 0., 1., 0., 0., 0., 0., 1., 0., 1., 0.,
           0., 0.],
          [1., 1., 1., 0., 1., 0., 1., 1., 0., 1., 0., 0., 0., 0., 1., 0., 0.,
           0., 1.],
          [1., 0., 0., 1., 0., 1., 0., 0., 1., 0., 1., 0., 1., 1., 1., 0., 0.,
           1., 0.],
          [1., 1., 0., 1., 1., 1., 1., 0., 1., 1., 1., 0., 0., 1., 1., 1., 0.,
           0., 0.],
          [1., 1., 1., 1., 1., 1., 0., 1., 0., 1., 1., 0., 0., 1., 0., 1., 1.,
           0., 1.],
          [1., 1., 1., 1., 1., 1., 1., 0., 1., 0., 1., 0., 1., 0., 0., 1., 1.,
           0., 0.],
          [0., 1., 1., 1., 0., 0., 1., 1., 0., 1., 0., 1., 0., 1., 1., 0., 0.,
           0., 1.],
          [0., 0., 0., 0., 0., 1., 0., 0., 0., 0., 0., 0., 1., 1., 0., 1., 1.,
           1., 1.],
          [1., 1., 0., 1., 1., 1., 0., 1., 1., 0., 0., 0., 0., 1., 0., 0., 1.,
           1., 1.],
          [1., 1., 1., 1., 1., 0., 1., 0., 0., 1., 1., 1., 1., 1., 0., 1., 1.,
           1., 1.],
          [1., 1., 0., 1., 0., 0., 1., 0., 0., 0., 0., 1., 1., 1., 0., 1., 1.,
           0., 1.],
          [0., 1., 0., 0., 0., 1., 0., 0., 0., 0., 0., 1., 0., 1., 1., 1., 1.,
           0., 1.],
          [0., 1., 1., 0., 1., 1., 1., 1., 1., 0., 0., 0., 1., 0., 0., 0., 1.,
           1., 0.],
          [1., 1., 1., 0., 0., 0., 0., 1., 1., 0., 1., 0., 0., 0., 1., 0., 1.,
           0., 1.],
          [1., 1., 0., 0., 0., 0., 0., 0., 0., 0., 0., 0., 0., 1., 0., 1., 0.,
           1., 0.],
          [1., 0., 1., 1., 0., 0., 1., 1., 0., 1., 1., 1., 1., 1., 1., 0., 0.,
           0., 1.],
          [1., 0., 0., 0., 1., 1., 0., 1., 0., 1., 0., 1., 1., 0., 1., 0., 0.,
           1., 0.],
          [1., 1., 1., 1., 0., 0., 0., 1., 0., 1., 0., 1., 0., 0., 1., 1., 0.,
           0., 0.]]]], device='cuda:0'), tensor([[0.2341]], device='cuda:0'))
2026-01-08 16:53:46 - INFO - [-0.03679575 -0.01072153  0.95121366 -0.09980603  0.95121366 -0.09980604
 -0.03747462 -0.00949716]
2026-01-08 16:53:46 - INFO - (tensor([[[[0., 1., 1., 1., 1., 0., 1., 1., 0., 1., 0., 1., 1., 0., 1., 0., 0.,
           1., 0.],
          [1., 1., 1., 1., 1., 0., 1., 0., 1., 0., 0., 0., 0., 1., 0., 1., 0.,
           0., 0.],
          [1., 1., 1., 0., 1., 0., 1., 1., 0., 1., 0., 0., 0., 0., 1., 0., 0.,
           0., 1.],
          [1., 0., 0., 1., 0., 1., 0., 0., 1., 0., 1., 0., 1., 1., 1., 0., 0.,
           1., 0.],
          [1., 1., 0., 1., 1., 1., 1., 0., 1., 1., 1., 0., 0., 1., 1., 1., 0.,
           0., 0.],
          [1., 1., 1., 1., 1., 1., 0., 1., 0., 1., 1., 0., 0., 1., 0., 1., 1.,
           0., 1.],
          [1., 1., 1., 1., 1., 1., 1., 0., 1., 0., 1., 0., 1., 0., 0., 1., 1.,
           0., 0.],
          [0., 1., 1., 1., 0., 0., 1., 1., 0., 1., 0., 1., 0., 1., 1., 0., 0.,
           0., 1.],
          [0., 0., 0., 0., 0., 1., 0., 0., 0., 0., 0., 0., 1., 1., 0., 1., 1.,
           1., 1.],
          [1., 1., 0., 1., 1., 1., 0., 1., 1., 0., 0., 0., 0., 1., 0., 0., 1.,
           1., 1.],
          [1., 1., 1., 1., 1., 0., 1., 0., 0., 1., 1., 1., 1., 1., 0., 1., 1.,
           1., 1.],
          [1., 1., 0., 1., 0., 0., 1., 0., 0., 0., 0., 1., 1., 1., 0., 1., 1.,
           0., 1.],
          [0., 1., 0., 0., 0., 1., 0., 0., 0., 0., 0., 1., 0., 1., 1., 1., 1.,
           0., 1.],
          [0., 1., 1., 0., 1., 1., 1., 1., 1., 0., 0., 0., 1., 0., 0., 0., 1.,
           1., 0.],
          [1., 1., 1., 0., 0., 0., 0., 1., 1., 0., 1., 0., 0., 0., 1., 0., 1.,
           0., 1.],
          [1., 1., 0., 0., 0., 0., 0., 0., 0., 0., 0., 0., 0., 1., 0., 1., 0.,
           1., 0.],
          [1., 0., 1., 1., 0., 0., 1., 1., 0., 1., 1., 1., 1., 1., 1., 0., 0.,
           0., 1.],
          [1., 0., 0., 0., 1., 1., 0., 1., 0., 1., 0., 1., 1., 0., 1., 0., 0.,
           1., 0.],
          [1., 1., 1., 1., 0., 0., 0., 1., 0., 1., 0., 1., 0., 0., 1., 1., 0.,
           0., 0.]]]], device='cuda:0'), tensor([[0.2375]], device='cuda:0'))
2026-01-08 16:53:46 - INFO - [-0.03696405 -0.01036806  0.9508904  -0.1009239   0.9508904  -0.1009239
 -0.03767064 -0.00917088]
2026-01-08 16:53:46 - INFO - (tensor([[[[0., 1., 1., 1., 1., 0., 1., 1., 0., 1., 0., 1., 1., 0., 1., 0., 0.,
           1., 0.],
          [1., 1., 1., 1., 1., 0., 1., 0., 1., 0., 0., 0., 0., 1., 0., 1., 0.,
           0., 0.],
          [1., 1., 1., 0., 1., 0., 1., 1., 0., 1., 0., 0., 0., 0., 1., 0., 0.,
           0., 1.],
          [1., 0., 0., 1., 0., 1., 0., 0., 1., 0., 1., 0., 1., 1., 1., 0., 0.,
           1., 0.],
          [1., 1., 0., 1., 1., 1., 1., 0., 1., 1., 1., 0., 0., 1., 1., 1., 0.,
           0., 0.],
          [1., 1., 1., 1., 1., 1., 0., 1., 0., 1., 1., 0., 0., 1., 0., 1., 1.,
           0., 1.],
          [1., 1., 1., 1., 1., 1., 1., 0., 1., 0., 1., 0., 1., 0., 0., 1., 1.,
           0., 0.],
          [0., 1., 1., 1., 0., 0., 1., 1., 0., 1., 0., 1., 0., 1., 1., 0., 0.,
           0., 1.],
          [0., 0., 0., 0., 0., 1., 0., 0., 0., 0., 0., 0., 1., 1., 0., 1., 1.,
           1., 1.],
          [1., 1., 0., 1., 1., 1., 0., 1., 1., 0., 0., 0., 0., 1., 0., 0., 1.,
           1., 1.],
          [1., 1., 1., 1., 1., 0., 1., 0., 0., 1., 1., 1., 1., 1., 0., 1., 1.,
           1., 1.],
          [1., 1., 0., 1., 0., 0., 1., 0., 0., 0., 0., 1., 1., 1., 0., 1., 1.,
           0., 1.],
          [0., 1., 0., 0., 0., 1., 0., 0., 0., 0., 0., 1., 0., 1., 1., 1., 1.,
           0., 1.],
          [0., 1., 1., 0., 1., 1., 1., 1., 1., 0., 0., 0., 1., 0., 0., 0., 1.,
           1., 0.],
          [1., 1., 1., 0., 0., 0., 0., 1., 1., 0., 1., 0., 0., 0., 1., 0., 1.,
           0., 1.],
          [1., 1., 0., 0., 0., 0., 0., 0., 0., 0., 0., 0., 0., 1., 0., 1., 0.,
           1., 0.],
          [1., 0., 1., 1., 0., 0., 1., 1., 0., 1., 1., 1., 1., 1., 1., 0., 0.,
           0., 1.],
          [1., 0., 0., 0., 1., 1., 0., 1., 0., 1., 0., 1., 1., 0., 1., 0., 0.,
           1., 0.],
          [1., 1., 1., 1., 0., 0., 0., 1., 0., 1., 0., 1., 0., 0., 1., 1., 0.,
           0., 0.]]]], device='cuda:0'), tensor([[0.2408]], device='cuda:0'))
2026-01-08 16:53:46 - INFO - [-0.03714223 -0.01001672  0.9505657  -0.10202239  0.9505657  -0.10202239
 -0.03788048 -0.00885475]
2026-01-08 16:53:46 - INFO - (tensor([[[[0., 1., 1., 1., 1., 0., 1., 1., 0., 1., 0., 1., 1., 0., 1., 0., 0.,
           1., 0.],
          [1., 1., 1., 1., 1., 0., 1., 0., 1., 0., 0., 0., 0., 1., 0., 1., 0.,
           0., 0.],
          [1., 1., 1., 0., 1., 0., 1., 1., 0., 1., 0., 0., 0., 0., 1., 0., 0.,
           0., 1.],
          [1., 0., 0., 1., 0., 1., 0., 0., 1., 0., 1., 0., 1., 1., 1., 0., 0.,
           1., 0.],
          [1., 1., 0., 1., 1., 1., 1., 0., 1., 1., 1., 0., 0., 1., 1., 1., 0.,
           0., 0.],
          [1., 1., 1., 1., 1., 1., 0., 1., 0., 1., 1., 0., 0., 1., 0., 1., 1.,
           0., 1.],
          [1., 1., 1., 1., 1., 1., 1., 0., 1., 0., 1., 0., 1., 0., 0., 1., 1.,
           0., 0.],
          [0., 1., 1., 1., 0., 0., 1., 1., 0., 1., 0., 1., 0., 1., 1., 0., 0.,
           0., 1.],
          [0., 0., 0., 0., 0., 1., 0., 0., 0., 0., 0., 0., 1., 1., 0., 1., 1.,
           1., 1.],
          [1., 1., 0., 1., 1., 1., 0., 1., 1., 0., 0., 0., 0., 1., 0., 0., 1.,
           1., 1.],
          [1., 1., 1., 1., 1., 0., 1., 0., 0., 1., 1., 1., 1., 1., 0., 1., 1.,
           1., 1.],
          [1., 1., 0., 1., 0., 0., 1., 0., 0., 0., 0., 1., 1., 1., 0., 1., 1.,
           0., 1.],
          [0., 1., 0., 0., 0., 1., 0., 0., 0., 0., 0., 1., 0., 1., 1., 1., 1.,
           0., 1.],
          [0., 1., 1., 0., 1., 1., 1., 1., 1., 0., 0., 0., 1., 0., 0., 0., 1.,
           1., 0.],
          [1., 1., 1., 0., 0., 0., 0., 1., 1., 0., 1., 0., 0., 0., 1., 0., 1.,
           0., 1.],
          [1., 1., 0., 0., 0., 0., 0., 0., 0., 0., 0., 0., 0., 1., 0., 1., 0.,
           1., 0.],
          [1., 0., 1., 1., 0., 0., 1., 1., 0., 1., 1., 1., 1., 1., 1., 0., 0.,
           0., 1.],
          [1., 0., 0., 0., 1., 1., 0., 1., 0., 1., 0., 1., 1., 0., 1., 0., 0.,
           1., 0.],
          [1., 1., 1., 1., 0., 0., 0., 1., 0., 1., 0., 1., 0., 0., 1., 1., 0.,
           0., 0.]]]], device='cuda:0'), tensor([[0.2441]], device='cuda:0'))
2026-01-08 16:53:46 - INFO - [-0.03731363 -0.00964696  0.9502364  -0.10312928  0.9502364  -0.10312928
 -0.0380941  -0.00851521]
2026-01-08 16:53:46 - INFO - (tensor([[[[0., 1., 1., 1., 1., 0., 1., 1., 0., 1., 0., 1., 1., 0., 1., 0., 0.,
           1., 0.],
          [1., 1., 1., 1., 1., 0., 1., 0., 1., 0., 0., 0., 0., 1., 0., 1., 0.,
           0., 0.],
          [1., 1., 1., 0., 1., 0., 1., 1., 0., 1., 0., 0., 0., 0., 1., 0., 0.,
           0., 1.],
          [1., 0., 0., 1., 0., 1., 0., 0., 1., 0., 1., 0., 1., 1., 1., 0., 0.,
           1., 0.],
          [1., 1., 0., 1., 1., 1., 1., 0., 1., 1., 1., 0., 0., 1., 1., 1., 0.,
           0., 0.],
          [1., 1., 1., 1., 1., 1., 0., 1., 0., 1., 1., 0., 0., 1., 0., 1., 1.,
           0., 1.],
          [1., 1., 1., 1., 1., 1., 1., 0., 1., 0., 1., 0., 1., 0., 0., 1., 1.,
           0., 0.],
          [0., 1., 1., 1., 0., 0., 1., 1., 0., 1., 0., 1., 0., 1., 1., 0., 0.,
           0., 1.],
          [0., 0., 0., 0., 0., 1., 0., 0., 0., 0., 0., 0., 1., 1., 0., 1., 1.,
           1., 1.],
          [1., 1., 0., 1., 1., 1., 0., 1., 1., 0., 0., 0., 0., 1., 0., 0., 1.,
           1., 1.],
          [1., 1., 1., 1., 1., 0., 1., 0., 0., 1., 1., 1., 1., 1., 0., 1., 1.,
           1., 1.],
          [1., 1., 0., 1., 0., 0., 1., 0., 0., 0., 0., 1., 1., 1., 0., 1., 1.,
           0., 1.],
          [0., 1., 0., 0., 0., 1., 0., 0., 0., 0., 0., 1., 0., 1., 1., 1., 1.,
           0., 1.],
          [0., 1., 1., 0., 1., 1., 1., 1., 1., 0., 0., 0., 1., 0., 0., 0., 1.,
           1., 0.],
          [1., 1., 1., 0., 0., 0., 0., 1., 1., 0., 1., 0., 0., 0., 1., 0., 1.,
           0., 1.],
          [1., 1., 0., 0., 0., 0., 0., 0., 0., 0., 0., 0., 0., 1., 0., 1., 0.,
           1., 0.],
          [1., 0., 1., 1., 0., 0., 1., 1., 0., 1., 1., 1., 1., 1., 1., 0., 0.,
           0., 1.],
          [1., 0., 0., 0., 1., 1., 0., 1., 0., 1., 0., 1., 1., 0., 1., 0., 0.,
           1., 0.],
          [1., 1., 1., 1., 0., 0., 0., 1., 0., 1., 0., 1., 0., 0., 1., 1., 0.,
           0., 0.]]]], device='cuda:0'), tensor([[0.2475]], device='cuda:0'))
2026-01-08 16:53:46 - INFO - [-0.03749952 -0.009263    0.9498873  -0.10433267  0.94988734 -0.10433266
 -0.03832441 -0.0081486 ]
2026-01-08 16:53:46 - INFO - (tensor([[[[0., 1., 1., 1., 1., 0., 1., 1., 0., 1., 0., 1., 1., 0., 1., 0., 0.,
           1., 0.],
          [1., 1., 1., 1., 1., 0., 1., 0., 1., 0., 0., 0., 0., 1., 0., 1., 0.,
           0., 0.],
          [1., 1., 1., 0., 1., 0., 1., 1., 0., 1., 0., 0., 0., 0., 1., 0., 0.,
           0., 1.],
          [1., 0., 0., 1., 0., 1., 0., 0., 1., 0., 1., 0., 1., 1., 1., 0., 0.,
           1., 0.],
          [1., 1., 0., 1., 1., 1., 1., 0., 1., 1., 1., 0., 0., 1., 1., 1., 0.,
           0., 0.],
          [1., 1., 1., 1., 1., 1., 0., 1., 0., 1., 1., 0., 0., 1., 0., 1., 1.,
           0., 1.],
          [1., 1., 1., 1., 1., 1., 1., 0., 1., 0., 1., 0., 1., 0., 0., 1., 1.,
           0., 0.],
          [0., 1., 1., 1., 0., 0., 1., 1., 0., 1., 0., 1., 0., 1., 1., 0., 0.,
           0., 1.],
          [0., 0., 0., 0., 0., 1., 0., 0., 0., 0., 0., 0., 1., 1., 0., 1., 1.,
           1., 1.],
          [1., 1., 0., 1., 1., 1., 0., 1., 1., 0., 0., 0., 0., 1., 0., 0., 1.,
           1., 1.],
          [1., 1., 1., 1., 1., 0., 1., 0., 0., 1., 1., 1., 1., 1., 0., 1., 1.,
           1., 1.],
          [1., 1., 0., 1., 0., 0., 1., 0., 0., 0., 0., 1., 1., 1., 0., 1., 1.,
           0., 1.],
          [0., 1., 0., 0., 0., 1., 0., 0., 0., 0., 0., 1., 0., 1., 1., 1., 1.,
           0., 1.],
          [0., 1., 1., 0., 1., 1., 1., 1., 1., 0., 0., 0., 1., 0., 0., 0., 1.,
           1., 0.],
          [1., 1., 1., 0., 0., 0., 0., 1., 1., 0., 1., 0., 0., 0., 1., 0., 1.,
           0., 1.],
          [1., 1., 0., 0., 0., 0., 0., 0., 0., 0., 0., 0., 0., 1., 0., 1., 0.,
           1., 0.],
          [1., 0., 1., 1., 0., 0., 1., 1., 0., 1., 1., 1., 1., 1., 1., 0., 0.,
           0., 1.],
          [1., 0., 0., 0., 1., 1., 0., 1., 0., 1., 0., 1., 1., 0., 1., 0., 0.,
           1., 0.],
          [1., 1., 1., 1., 0., 0., 0., 1., 0., 1., 0., 1., 0., 0., 1., 1., 0.,
           0., 0.]]]], device='cuda:0'), tensor([[0.2508]], device='cuda:0'))
2026-01-08 16:53:46 - INFO - [-0.03769029 -0.00887141  0.9495286  -0.10559429  0.9495286  -0.10559428
 -0.03855747 -0.00776737]
2026-01-08 16:53:46 - INFO - (tensor([[[[0., 1., 1., 1., 1., 0., 1., 1., 0., 1., 0., 1., 1., 0., 1., 0., 0.,
           1., 0.],
          [1., 1., 1., 1., 1., 0., 1., 0., 1., 0., 0., 0., 0., 1., 0., 1., 0.,
           0., 0.],
          [1., 1., 1., 0., 1., 0., 1., 1., 0., 1., 0., 0., 0., 0., 1., 0., 0.,
           0., 1.],
          [1., 0., 0., 1., 0., 1., 0., 0., 1., 0., 1., 0., 1., 1., 1., 0., 0.,
           1., 0.],
          [1., 1., 0., 1., 1., 1., 1., 0., 1., 1., 1., 0., 0., 1., 1., 1., 0.,
           0., 0.],
          [1., 1., 1., 1., 1., 1., 0., 1., 0., 1., 1., 0., 0., 1., 0., 1., 1.,
           0., 1.],
          [1., 1., 1., 1., 1., 1., 1., 0., 1., 0., 1., 0., 1., 0., 0., 1., 1.,
           0., 0.],
          [0., 1., 1., 1., 0., 0., 1., 1., 0., 1., 0., 1., 0., 1., 1., 0., 0.,
           0., 1.],
          [0., 0., 0., 0., 0., 1., 0., 0., 0., 0., 0., 0., 1., 1., 0., 1., 1.,
           1., 1.],
          [1., 1., 0., 1., 1., 1., 0., 1., 1., 0., 0., 0., 0., 1., 0., 0., 1.,
           1., 1.],
          [1., 1., 1., 1., 1., 0., 1., 0., 0., 1., 1., 1., 1., 1., 0., 1., 1.,
           1., 1.],
          [1., 1., 0., 1., 0., 0., 1., 0., 0., 0., 0., 1., 1., 1., 0., 1., 1.,
           0., 1.],
          [0., 1., 0., 0., 0., 1., 0., 0., 0., 0., 0., 1., 0., 1., 1., 1., 1.,
           0., 1.],
          [0., 1., 1., 0., 1., 1., 1., 1., 1., 0., 0., 0., 1., 0., 0., 0., 1.,
           1., 0.],
          [1., 1., 1., 0., 0., 0., 0., 1., 1., 0., 1., 0., 0., 0., 1., 0., 1.,
           0., 1.],
          [1., 1., 0., 0., 0., 0., 0., 0., 0., 0., 0., 0., 0., 1., 0., 1., 0.,
           1., 0.],
          [1., 0., 1., 1., 0., 0., 1., 1., 0., 1., 1., 1., 1., 1., 1., 0., 0.,
           0., 1.],
          [1., 0., 0., 0., 1., 1., 0., 1., 0., 1., 0., 1., 1., 0., 1., 0., 0.,
           1., 0.],
          [1., 1., 1., 1., 0., 0., 0., 1., 0., 1., 0., 1., 0., 0., 1., 1., 0.,
           0., 0.]]]], device='cuda:0'), tensor([[0.2542]], device='cuda:0'))
2026-01-08 16:53:46 - INFO - [-0.03778879 -0.00858624  0.94924664 -0.10645786  0.94924664 -0.10645787
 -0.0386888  -0.0074765 ]
2026-01-08 16:53:46 - INFO - (tensor([[[[0., 1., 1., 1., 1., 0., 1., 1., 0., 1., 0., 1., 1., 0., 1., 0., 0.,
           1., 0.],
          [1., 1., 1., 1., 1., 0., 1., 0., 1., 0., 0., 0., 0., 1., 0., 1., 0.,
           0., 0.],
          [1., 1., 1., 0., 1., 0., 1., 1., 0., 1., 0., 0., 0., 0., 1., 0., 0.,
           0., 1.],
          [1., 0., 0., 1., 0., 1., 0., 0., 1., 0., 1., 0., 1., 1., 1., 0., 0.,
           1., 0.],
          [1., 1., 0., 1., 1., 1., 1., 0., 1., 1., 1., 0., 0., 1., 1., 1., 0.,
           0., 0.],
          [1., 1., 1., 1., 1., 1., 0., 1., 0., 1., 1., 0., 0., 1., 0., 1., 1.,
           0., 1.],
          [1., 1., 1., 1., 1., 1., 1., 0., 1., 0., 1., 0., 1., 0., 0., 1., 1.,
           0., 0.],
          [0., 1., 1., 1., 0., 0., 1., 1., 0., 1., 0., 1., 0., 1., 1., 0., 0.,
           0., 1.],
          [0., 0., 0., 0., 0., 1., 0., 0., 0., 0., 0., 0., 1., 1., 0., 1., 1.,
           1., 1.],
          [1., 1., 0., 1., 1., 1., 0., 1., 1., 0., 0., 0., 0., 1., 0., 0., 1.,
           1., 1.],
          [1., 1., 1., 1., 1., 0., 1., 0., 0., 1., 1., 1., 1., 1., 0., 1., 1.,
           1., 1.],
          [1., 1., 0., 1., 0., 0., 1., 0., 0., 0., 0., 1., 1., 1., 0., 1., 1.,
           0., 1.],
          [0., 1., 0., 0., 0., 1., 0., 0., 0., 0., 0., 1., 0., 1., 1., 1., 1.,
           0., 1.],
          [0., 1., 1., 0., 1., 1., 1., 1., 1., 0., 0., 0., 1., 0., 0., 0., 1.,
           1., 0.],
          [1., 1., 1., 0., 0., 0., 0., 1., 1., 0., 1., 0., 0., 0., 1., 0., 1.,
           0., 1.],
          [1., 1., 0., 0., 0., 0., 0., 0., 0., 0., 0., 0., 0., 1., 0., 1., 0.,
           1., 0.],
          [1., 0., 1., 1., 0., 0., 1., 1., 0., 1., 1., 1., 1., 1., 1., 0., 0.,
           0., 1.],
          [1., 0., 0., 0., 1., 1., 0., 1., 0., 1., 0., 1., 1., 0., 1., 0., 0.,
           1., 0.],
          [1., 1., 1., 1., 0., 0., 0., 1., 0., 1., 0., 1., 0., 0., 1., 1., 0.,
           0., 0.]]]], device='cuda:0'), tensor([[0.2575]], device='cuda:0'))
2026-01-08 16:53:46 - INFO - [-0.03788073 -0.00836209  0.94898874 -0.10727721  0.94898874 -0.10727721
 -0.03880938 -0.00725771]
2026-01-08 16:53:46 - INFO - (tensor([[[[0., 1., 1., 1., 1., 0., 1., 1., 0., 1., 0., 1., 1., 0., 1., 0., 0.,
           1., 0.],
          [1., 1., 1., 1., 1., 0., 1., 0., 1., 0., 0., 0., 0., 1., 0., 1., 0.,
           0., 0.],
          [1., 1., 1., 0., 1., 0., 1., 1., 0., 1., 0., 0., 0., 0., 1., 0., 0.,
           0., 1.],
          [1., 0., 0., 1., 0., 1., 0., 0., 1., 0., 1., 0., 1., 1., 1., 0., 0.,
           1., 0.],
          [1., 1., 0., 1., 1., 1., 1., 0., 1., 1., 1., 0., 0., 1., 1., 1., 0.,
           0., 0.],
          [1., 1., 1., 1., 1., 1., 0., 1., 0., 1., 1., 0., 0., 1., 0., 1., 1.,
           0., 1.],
          [1., 1., 1., 1., 1., 1., 1., 0., 1., 0., 1., 0., 1., 0., 0., 1., 1.,
           0., 0.],
          [0., 1., 1., 1., 0., 0., 1., 1., 0., 1., 0., 1., 0., 1., 1., 0., 0.,
           0., 1.],
          [0., 0., 0., 0., 0., 1., 0., 0., 0., 0., 0., 0., 1., 1., 0., 1., 1.,
           1., 1.],
          [1., 1., 0., 1., 1., 1., 0., 1., 1., 0., 0., 0., 0., 1., 0., 0., 1.,
           1., 1.],
          [1., 1., 1., 1., 1., 0., 1., 0., 0., 1., 1., 1., 1., 1., 0., 1., 1.,
           1., 1.],
          [1., 1., 0., 1., 0., 0., 1., 0., 0., 0., 0., 1., 1., 1., 0., 1., 1.,
           0., 1.],
          [0., 1., 0., 0., 0., 1., 0., 0., 0., 0., 0., 1., 0., 1., 1., 1., 1.,
           0., 1.],
          [0., 1., 1., 0., 1., 1., 1., 1., 1., 0., 0., 0., 1., 0., 0., 0., 1.,
           1., 0.],
          [1., 1., 1., 0., 0., 0., 0., 1., 1., 0., 1., 0., 0., 0., 1., 0., 1.,
           0., 1.],
          [1., 1., 0., 0., 0., 0., 0., 0., 0., 0., 0., 0., 0., 1., 0., 1., 0.,
           1., 0.],
          [1., 0., 1., 1., 0., 0., 1., 1., 0., 1., 1., 1., 1., 1., 1., 0., 0.,
           0., 1.],
          [1., 0., 0., 0., 1., 1., 0., 1., 0., 1., 0., 1., 1., 0., 1., 0., 0.,
           1., 0.],
          [1., 1., 1., 1., 0., 0., 0., 1., 0., 1., 0., 1., 0., 0., 1., 1., 0.,
           0., 0.]]]], device='cuda:0'), tensor([[0.2609]], device='cuda:0'))
2026-01-08 16:53:46 - INFO - [-0.03797575 -0.0081421   0.94873166 -0.10809567  0.94873166 -0.10809568
 -0.03893282 -0.00704816]
2026-01-08 16:53:46 - INFO - (tensor([[[[0., 1., 1., 1., 1., 0., 1., 1., 0., 1., 0., 1., 1., 0., 1., 0., 0.,
           1., 0.],
          [1., 1., 1., 1., 1., 0., 1., 0., 1., 0., 0., 0., 0., 1., 0., 1., 0.,
           0., 0.],
          [1., 1., 1., 0., 1., 0., 1., 1., 0., 1., 0., 0., 0., 0., 1., 0., 0.,
           0., 1.],
          [1., 0., 0., 1., 0., 1., 0., 0., 1., 0., 1., 0., 1., 1., 1., 0., 0.,
           1., 0.],
          [1., 1., 0., 1., 1., 1., 1., 0., 1., 1., 1., 0., 0., 1., 1., 1., 0.,
           0., 0.],
          [1., 1., 1., 1., 1., 1., 0., 1., 0., 1., 1., 0., 0., 1., 0., 1., 1.,
           0., 1.],
          [1., 1., 1., 1., 1., 1., 1., 0., 1., 0., 1., 0., 1., 0., 0., 1., 1.,
           0., 0.],
          [0., 1., 1., 1., 0., 0., 1., 1., 0., 1., 0., 1., 0., 1., 1., 0., 0.,
           0., 1.],
          [0., 0., 0., 0., 0., 1., 0., 0., 0., 0., 0., 0., 1., 1., 0., 1., 1.,
           1., 1.],
          [1., 1., 0., 1., 1., 1., 0., 1., 1., 0., 0., 0., 0., 1., 0., 0., 1.,
           1., 1.],
          [1., 1., 1., 1., 1., 0., 1., 0., 0., 1., 1., 1., 1., 1., 0., 1., 1.,
           1., 1.],
          [1., 1., 0., 1., 0., 0., 1., 0., 0., 0., 0., 1., 1., 1., 0., 1., 1.,
           0., 1.],
          [0., 1., 0., 0., 0., 1., 0., 0., 0., 0., 0., 1., 0., 1., 1., 1., 1.,
           0., 1.],
          [0., 1., 1., 0., 1., 1., 1., 1., 1., 0., 0., 0., 1., 0., 0., 0., 1.,
           1., 0.],
          [1., 1., 1., 0., 0., 0., 0., 1., 1., 0., 1., 0., 0., 0., 1., 0., 1.,
           0., 1.],
          [1., 1., 0., 0., 0., 0., 0., 0., 0., 0., 0., 0., 0., 1., 0., 1., 0.,
           1., 0.],
          [1., 0., 1., 1., 0., 0., 1., 1., 0., 1., 1., 1., 1., 1., 1., 0., 0.,
           0., 1.],
          [1., 0., 0., 0., 1., 1., 0., 1., 0., 1., 0., 1., 1., 0., 1., 0., 0.,
           1., 0.],
          [1., 1., 1., 1., 0., 0., 0., 1., 0., 1., 0., 1., 0., 0., 1., 1., 0.,
           0., 0.]]]], device='cuda:0'), tensor([[0.2642]], device='cuda:0'))
2026-01-08 16:53:46 - INFO - [-0.03806195 -0.00793748  0.9485137  -0.10883214  0.9485137  -0.10883214
 -0.03904176 -0.00686357]
2026-01-08 16:53:46 - INFO - (tensor([[[[0., 1., 1., 1., 1., 0., 1., 1., 0., 1., 0., 1., 1., 0., 1., 0., 0.,
           1., 0.],
          [1., 1., 1., 1., 1., 0., 1., 0., 1., 0., 0., 0., 0., 1., 0., 1., 0.,
           0., 0.],
          [1., 1., 1., 0., 1., 0., 1., 1., 0., 1., 0., 0., 0., 0., 1., 0., 0.,
           0., 1.],
          [1., 0., 0., 1., 0., 1., 0., 0., 1., 0., 1., 0., 1., 1., 1., 0., 0.,
           1., 0.],
          [1., 1., 0., 1., 1., 1., 1., 0., 1., 1., 1., 0., 0., 1., 1., 1., 0.,
           0., 0.],
          [1., 1., 1., 1., 1., 1., 0., 1., 0., 1., 1., 0., 0., 1., 0., 1., 1.,
           0., 1.],
          [1., 1., 1., 1., 1., 1., 1., 0., 1., 0., 1., 0., 1., 0., 0., 1., 1.,
           0., 0.],
          [0., 1., 1., 1., 0., 0., 1., 1., 0., 1., 0., 1., 0., 1., 1., 0., 0.,
           0., 1.],
          [0., 0., 0., 0., 0., 1., 0., 0., 0., 0., 0., 0., 1., 1., 0., 1., 1.,
           1., 1.],
          [1., 1., 0., 1., 1., 1., 0., 1., 1., 0., 0., 0., 0., 1., 0., 0., 1.,
           1., 1.],
          [1., 1., 1., 1., 1., 0., 1., 0., 0., 1., 1., 1., 1., 1., 0., 1., 1.,
           1., 1.],
          [1., 1., 0., 1., 0., 0., 1., 0., 0., 0., 0., 1., 1., 1., 0., 1., 1.,
           0., 1.],
          [0., 1., 0., 0., 0., 1., 0., 0., 0., 0., 0., 1., 0., 1., 1., 1., 1.,
           0., 1.],
          [0., 1., 1., 0., 1., 1., 1., 1., 1., 0., 0., 0., 1., 0., 0., 0., 1.,
           1., 0.],
          [1., 1., 1., 0., 0., 0., 0., 1., 1., 0., 1., 0., 0., 0., 1., 0., 1.,
           0., 1.],
          [1., 1., 0., 0., 0., 0., 0., 0., 0., 0., 0., 0., 0., 1., 0., 1., 0.,
           1., 0.],
          [1., 0., 1., 1., 0., 0., 1., 1., 0., 1., 1., 1., 1., 1., 1., 0., 0.,
           0., 1.],
          [1., 0., 0., 0., 1., 1., 0., 1., 0., 1., 0., 1., 1., 0., 1., 0., 0.,
           1., 0.],
          [1., 1., 1., 1., 0., 0., 0., 1., 0., 1., 0., 1., 0., 0., 1., 1., 0.,
           0., 0.]]]], device='cuda:0'), tensor([[0.2676]], device='cuda:0'))
2026-01-08 16:53:46 - INFO - [-0.03814838 -0.00773858  0.94830805 -0.10955974  0.94830805 -0.10955974
 -0.03914591 -0.00668516]
2026-01-08 16:53:46 - INFO - (tensor([[[[0., 1., 1., 1., 1., 0., 1., 1., 0., 1., 0., 1., 1., 0., 1., 0., 0.,
           1., 0.],
          [1., 1., 1., 1., 1., 0., 1., 0., 1., 0., 0., 0., 0., 1., 0., 1., 0.,
           0., 0.],
          [1., 1., 1., 0., 1., 0., 1., 1., 0., 1., 0., 0., 0., 0., 1., 0., 0.,
           0., 1.],
          [1., 0., 0., 1., 0., 1., 0., 0., 1., 0., 1., 0., 1., 1., 1., 0., 0.,
           1., 0.],
          [1., 1., 0., 1., 1., 1., 1., 0., 1., 1., 1., 0., 0., 1., 1., 1., 0.,
           0., 0.],
          [1., 1., 1., 1., 1., 1., 0., 1., 0., 1., 1., 0., 0., 1., 0., 1., 1.,
           0., 1.],
          [1., 1., 1., 1., 1., 1., 1., 0., 1., 0., 1., 0., 1., 0., 0., 1., 1.,
           0., 0.],
          [0., 1., 1., 1., 0., 0., 1., 1., 0., 1., 0., 1., 0., 1., 1., 0., 0.,
           0., 1.],
          [0., 0., 0., 0., 0., 1., 0., 0., 0., 0., 0., 0., 1., 1., 0., 1., 1.,
           1., 1.],
          [1., 1., 0., 1., 1., 1., 0., 1., 1., 0., 0., 0., 0., 1., 0., 0., 1.,
           1., 1.],
          [1., 1., 1., 1., 1., 0., 1., 0., 0., 1., 1., 1., 1., 1., 0., 1., 1.,
           1., 1.],
          [1., 1., 0., 1., 0., 0., 1., 0., 0., 0., 0., 1., 1., 1., 0., 1., 1.,
           0., 1.],
          [0., 1., 0., 0., 0., 1., 0., 0., 0., 0., 0., 1., 0., 1., 1., 1., 1.,
           0., 1.],
          [0., 1., 1., 0., 1., 1., 1., 1., 1., 0., 0., 0., 1., 0., 0., 0., 1.,
           1., 0.],
          [1., 1., 1., 0., 0., 0., 0., 1., 1., 0., 1., 0., 0., 0., 1., 0., 1.,
           0., 1.],
          [1., 1., 0., 0., 0., 0., 0., 0., 0., 0., 0., 0., 0., 1., 0., 1., 0.,
           1., 0.],
          [1., 0., 1., 1., 0., 0., 1., 1., 0., 1., 1., 1., 1., 1., 1., 0., 0.,
           0., 1.],
          [1., 0., 0., 0., 1., 1., 0., 1., 0., 1., 0., 1., 1., 0., 1., 0., 0.,
           1., 0.],
          [1., 1., 1., 1., 0., 0., 0., 1., 0., 1., 0., 1., 0., 0., 1., 1., 0.,
           0., 0.]]]], device='cuda:0'), tensor([[0.2709]], device='cuda:0'))
2026-01-08 16:53:46 - INFO - [-0.03823408 -0.00753544  0.9481004  -0.11028399  0.9481003  -0.11028399
 -0.03924997 -0.00650307]
2026-01-08 16:53:46 - INFO - (tensor([[[[0., 1., 1., 1., 1., 0., 1., 1., 0., 1., 0., 1., 1., 0., 1., 0., 0.,
           1., 0.],
          [1., 1., 1., 1., 1., 0., 1., 0., 1., 0., 0., 0., 0., 1., 0., 1., 0.,
           0., 0.],
          [1., 1., 1., 0., 1., 0., 1., 1., 0., 1., 0., 0., 0., 0., 1., 0., 0.,
           0., 1.],
          [1., 0., 0., 1., 0., 1., 0., 0., 1., 0., 1., 0., 1., 1., 1., 0., 0.,
           1., 0.],
          [1., 1., 0., 1., 1., 1., 1., 0., 1., 1., 1., 0., 0., 1., 1., 1., 0.,
           0., 0.],
          [1., 1., 1., 1., 1., 1., 0., 1., 0., 1., 1., 0., 0., 1., 0., 1., 1.,
           0., 1.],
          [1., 1., 1., 1., 1., 1., 1., 0., 1., 0., 1., 0., 1., 0., 0., 1., 1.,
           0., 0.],
          [0., 1., 1., 1., 0., 0., 1., 1., 0., 1., 0., 1., 0., 1., 1., 0., 0.,
           0., 1.],
          [0., 0., 0., 0., 0., 1., 0., 0., 0., 0., 0., 0., 1., 1., 0., 1., 1.,
           1., 1.],
          [1., 1., 0., 1., 1., 1., 0., 1., 1., 0., 0., 0., 0., 1., 0., 0., 1.,
           1., 1.],
          [1., 1., 1., 1., 1., 0., 1., 0., 0., 1., 1., 1., 1., 1., 0., 1., 1.,
           1., 1.],
          [1., 1., 0., 1., 0., 0., 1., 0., 0., 0., 0., 1., 1., 1., 0., 1., 1.,
           0., 1.],
          [0., 1., 0., 0., 0., 1., 0., 0., 0., 0., 0., 1., 0., 1., 1., 1., 1.,
           0., 1.],
          [0., 1., 1., 0., 1., 1., 1., 1., 1., 0., 0., 0., 1., 0., 0., 0., 1.,
           1., 0.],
          [1., 1., 1., 0., 0., 0., 0., 1., 1., 0., 1., 0., 0., 0., 1., 0., 1.,
           0., 1.],
          [1., 1., 0., 0., 0., 0., 0., 0., 0., 0., 0., 0., 0., 1., 0., 1., 0.,
           1., 0.],
          [1., 0., 1., 1., 0., 0., 1., 1., 0., 1., 1., 1., 1., 1., 1., 0., 0.,
           0., 1.],
          [1., 0., 0., 0., 1., 1., 0., 1., 0., 1., 0., 1., 1., 0., 1., 0., 0.,
           1., 0.],
          [1., 1., 1., 1., 0., 0., 0., 1., 0., 1., 0., 1., 0., 0., 1., 1., 0.,
           0., 0.]]]], device='cuda:0'), tensor([[0.2742]], device='cuda:0'))
2026-01-08 16:53:46 - INFO - [-0.03832445 -0.00732854  0.94788957 -0.11101497  0.94788957 -0.11101497
 -0.03935693 -0.00631627]
2026-01-08 16:53:46 - INFO - (tensor([[[[0., 1., 1., 1., 1., 0., 1., 1., 0., 1., 0., 1., 1., 0., 1., 0., 0.,
           1., 0.],
          [1., 1., 1., 1., 1., 0., 1., 0., 1., 0., 0., 0., 0., 1., 0., 1., 0.,
           0., 0.],
          [1., 1., 1., 0., 1., 0., 1., 1., 0., 1., 0., 0., 0., 0., 1., 0., 0.,
           0., 1.],
          [1., 0., 0., 1., 0., 1., 0., 0., 1., 0., 1., 0., 1., 1., 1., 0., 0.,
           1., 0.],
          [1., 1., 0., 1., 1., 1., 1., 0., 1., 1., 1., 0., 0., 1., 1., 1., 0.,
           0., 0.],
          [1., 1., 1., 1., 1., 1., 0., 1., 0., 1., 1., 0., 0., 1., 0., 1., 1.,
           0., 1.],
          [1., 1., 1., 1., 1., 1., 1., 0., 1., 0., 1., 0., 1., 0., 0., 1., 1.,
           0., 0.],
          [0., 1., 1., 1., 0., 0., 1., 1., 0., 1., 0., 1., 0., 1., 1., 0., 0.,
           0., 1.],
          [0., 0., 0., 0., 0., 1., 0., 0., 0., 0., 0., 0., 1., 1., 0., 1., 1.,
           1., 1.],
          [1., 1., 0., 1., 1., 1., 0., 1., 1., 0., 0., 0., 0., 1., 0., 0., 1.,
           1., 1.],
          [1., 1., 1., 1., 1., 0., 1., 0., 0., 1., 1., 1., 1., 1., 0., 1., 1.,
           1., 1.],
          [1., 1., 0., 1., 0., 0., 1., 0., 0., 0., 0., 1., 1., 1., 0., 1., 1.,
           0., 1.],
          [0., 1., 0., 0., 0., 1., 0., 0., 0., 0., 0., 1., 0., 1., 1., 1., 1.,
           0., 1.],
          [0., 1., 1., 0., 1., 1., 1., 1., 1., 0., 0., 0., 1., 0., 0., 0., 1.,
           1., 0.],
          [1., 1., 1., 0., 0., 0., 0., 1., 1., 0., 1., 0., 0., 0., 1., 0., 1.,
           0., 1.],
          [1., 1., 0., 0., 0., 0., 0., 0., 0., 0., 0., 0., 0., 1., 0., 1., 0.,
           1., 0.],
          [1., 0., 1., 1., 0., 0., 1., 1., 0., 1., 1., 1., 1., 1., 1., 0., 0.,
           0., 1.],
          [1., 0., 0., 0., 1., 1., 0., 1., 0., 1., 0., 1., 1., 0., 1., 0., 0.,
           1., 0.],
          [1., 1., 1., 1., 0., 0., 0., 1., 0., 1., 0., 1., 0., 0., 1., 1., 0.,
           0., 0.]]]], device='cuda:0'), tensor([[0.2776]], device='cuda:0'))
2026-01-08 16:53:46 - INFO - [-0.03839848 -0.00712988  0.9476674  -0.11177851  0.9476674  -0.1117785
 -0.03945611 -0.00608125]
2026-01-08 16:53:46 - INFO - (tensor([[[[0., 1., 1., 1., 1., 0., 1., 1., 0., 1., 0., 1., 1., 0., 1., 0., 0.,
           1., 0.],
          [1., 1., 1., 1., 1., 0., 1., 0., 1., 0., 0., 0., 0., 1., 0., 1., 0.,
           0., 0.],
          [1., 1., 1., 0., 1., 0., 1., 1., 0., 1., 0., 0., 0., 0., 1., 0., 0.,
           0., 1.],
          [1., 0., 0., 1., 0., 1., 0., 0., 1., 0., 1., 0., 1., 1., 1., 0., 0.,
           1., 0.],
          [1., 1., 0., 1., 1., 1., 1., 0., 1., 1., 1., 0., 0., 1., 1., 1., 0.,
           0., 0.],
          [1., 1., 1., 1., 1., 1., 0., 1., 0., 1., 1., 0., 0., 1., 0., 1., 1.,
           0., 1.],
          [1., 1., 1., 1., 1., 1., 1., 0., 1., 0., 1., 0., 1., 0., 0., 1., 1.,
           0., 0.],
          [0., 1., 1., 1., 0., 0., 1., 1., 0., 1., 0., 1., 0., 1., 1., 0., 0.,
           0., 1.],
          [0., 0., 0., 0., 0., 1., 0., 0., 0., 0., 0., 0., 1., 1., 0., 1., 1.,
           1., 1.],
          [1., 1., 0., 1., 1., 1., 0., 1., 1., 0., 0., 0., 0., 1., 0., 0., 1.,
           1., 1.],
          [1., 1., 1., 1., 1., 0., 1., 0., 0., 1., 1., 1., 1., 1., 0., 1., 1.,
           1., 1.],
          [1., 1., 0., 1., 0., 0., 1., 0., 0., 0., 0., 1., 1., 1., 0., 1., 1.,
           0., 1.],
          [0., 1., 0., 0., 0., 1., 0., 0., 0., 0., 0., 1., 0., 1., 1., 1., 1.,
           0., 1.],
          [0., 1., 1., 0., 1., 1., 1., 1., 1., 0., 0., 0., 1., 0., 0., 0., 1.,
           1., 0.],
          [1., 1., 1., 0., 0., 0., 0., 1., 1., 0., 1., 0., 0., 0., 1., 0., 1.,
           0., 1.],
          [1., 1., 0., 0., 0., 0., 0., 0., 0., 0., 0., 0., 0., 1., 0., 1., 0.,
           1., 0.],
          [1., 0., 1., 1., 0., 0., 1., 1., 0., 1., 1., 1., 1., 1., 1., 0., 0.,
           0., 1.],
          [1., 0., 0., 0., 1., 1., 0., 1., 0., 1., 0., 1., 1., 0., 1., 0., 0.,
           1., 0.],
          [1., 1., 1., 1., 0., 0., 0., 1., 0., 1., 0., 1., 0., 0., 1., 1., 0.,
           0., 0.]]]], device='cuda:0'), tensor([[0.2809]], device='cuda:0'))
2026-01-08 16:53:46 - INFO - [-0.03841821 -0.00696185  0.94744027 -0.11258502  0.94744027 -0.11258501
 -0.03952762 -0.00573541]
2026-01-08 16:53:46 - INFO - (tensor([[[[0., 1., 1., 1., 1., 0., 1., 1., 0., 1., 0., 1., 1., 0., 1., 0., 0.,
           1., 0.],
          [1., 1., 1., 1., 1., 0., 1., 0., 1., 0., 0., 0., 0., 1., 0., 1., 0.,
           0., 0.],
          [1., 1., 1., 0., 1., 0., 1., 1., 0., 1., 0., 0., 0., 0., 1., 0., 0.,
           0., 1.],
          [1., 0., 0., 1., 0., 1., 0., 0., 1., 0., 1., 0., 1., 1., 1., 0., 0.,
           1., 0.],
          [1., 1., 0., 1., 1., 1., 1., 0., 1., 1., 1., 0., 0., 1., 1., 1., 0.,
           0., 0.],
          [1., 1., 1., 1., 1., 1., 0., 1., 0., 1., 1., 0., 0., 1., 0., 1., 1.,
           0., 1.],
          [1., 1., 1., 1., 1., 1., 1., 0., 1., 0., 1., 0., 1., 0., 0., 1., 1.,
           0., 0.],
          [0., 1., 1., 1., 0., 0., 1., 1., 0., 1., 0., 1., 0., 1., 1., 0., 0.,
           0., 1.],
          [0., 0., 0., 0., 0., 1., 0., 0., 0., 0., 0., 0., 1., 1., 0., 1., 1.,
           1., 1.],
          [1., 1., 0., 1., 1., 1., 0., 1., 1., 0., 0., 0., 0., 1., 0., 0., 1.,
           1., 1.],
          [1., 1., 1., 1., 1., 0., 1., 0., 0., 1., 1., 1., 1., 1., 0., 1., 1.,
           1., 1.],
          [1., 1., 0., 1., 0., 0., 1., 0., 0., 0., 0., 1., 1., 1., 0., 1., 1.,
           0., 1.],
          [0., 1., 0., 0., 0., 1., 0., 0., 0., 0., 0., 1., 0., 1., 1., 1., 1.,
           0., 1.],
          [0., 1., 1., 0., 1., 1., 1., 1., 1., 0., 0., 0., 1., 0., 0., 0., 1.,
           1., 0.],
          [1., 1., 1., 0., 0., 0., 0., 1., 1., 0., 1., 0., 0., 0., 1., 0., 1.,
           0., 1.],
          [1., 1., 0., 0., 0., 0., 0., 0., 0., 0., 0., 0., 0., 1., 0., 1., 0.,
           1., 0.],
          [1., 0., 1., 1., 0., 0., 1., 1., 0., 1., 1., 1., 1., 1., 1., 0., 0.,
           0., 1.],
          [1., 0., 0., 0., 1., 1., 0., 1., 0., 1., 0., 1., 1., 0., 1., 0., 0.,
           1., 0.],
          [1., 1., 1., 1., 0., 0., 0., 1., 0., 1., 0., 1., 0., 0., 1., 1., 0.,
           0., 0.]]]], device='cuda:0'), tensor([[0.2843]], device='cuda:0'))
2026-01-08 16:53:46 - INFO - [-0.03843572 -0.00676726  0.947227   -0.11336258  0.947227   -0.11336259
 -0.03959922 -0.00536732]
2026-01-08 16:53:46 - INFO - (tensor([[[[0., 1., 1., 1., 1., 0., 1., 1., 0., 1., 0., 1., 1., 0., 1., 0., 0.,
           1., 0.],
          [1., 1., 1., 1., 1., 0., 1., 0., 1., 0., 0., 0., 0., 1., 0., 1., 0.,
           0., 0.],
          [1., 1., 1., 0., 1., 0., 1., 1., 0., 1., 0., 0., 0., 0., 1., 0., 0.,
           0., 1.],
          [1., 0., 0., 1., 0., 1., 0., 0., 1., 0., 1., 0., 1., 1., 1., 0., 0.,
           1., 0.],
          [1., 1., 0., 1., 1., 1., 1., 0., 1., 1., 1., 0., 0., 1., 1., 1., 0.,
           0., 0.],
          [1., 1., 1., 1., 1., 1., 0., 1., 0., 1., 1., 0., 0., 1., 0., 1., 1.,
           0., 1.],
          [1., 1., 1., 1., 1., 1., 1., 0., 1., 0., 1., 0., 1., 0., 0., 1., 1.,
           0., 0.],
          [0., 1., 1., 1., 0., 0., 1., 1., 0., 1., 0., 1., 0., 1., 1., 0., 0.,
           0., 1.],
          [0., 0., 0., 0., 0., 1., 0., 0., 0., 0., 0., 0., 1., 1., 0., 1., 1.,
           1., 1.],
          [1., 1., 0., 1., 1., 1., 0., 1., 1., 0., 0., 0., 0., 1., 0., 0., 1.,
           1., 1.],
          [1., 1., 1., 1., 1., 0., 1., 0., 0., 1., 1., 1., 1., 1., 0., 1., 1.,
           1., 1.],
          [1., 1., 0., 1., 0., 0., 1., 0., 0., 0., 0., 1., 1., 1., 0., 1., 1.,
           0., 1.],
          [0., 1., 0., 0., 0., 1., 0., 0., 0., 0., 0., 1., 0., 1., 1., 1., 1.,
           0., 1.],
          [0., 1., 1., 0., 1., 1., 1., 1., 1., 0., 0., 0., 1., 0., 0., 0., 1.,
           1., 0.],
          [1., 1., 1., 0., 0., 0., 0., 1., 1., 0., 1., 0., 0., 0., 1., 0., 1.,
           0., 1.],
          [1., 1., 0., 0., 0., 0., 0., 0., 0., 0., 0., 0., 0., 1., 0., 1., 0.,
           1., 0.],
          [1., 0., 1., 1., 0., 0., 1., 1., 0., 1., 1., 1., 1., 1., 1., 0., 0.,
           0., 1.],
          [1., 0., 0., 0., 1., 1., 0., 1., 0., 1., 0., 1., 1., 0., 1., 0., 0.,
           1., 0.],
          [1., 1., 1., 1., 0., 0., 0., 1., 0., 1., 0., 1., 0., 0., 1., 1., 0.,
           0., 0.]]]], device='cuda:0'), tensor([[0.2876]], device='cuda:0'))
2026-01-08 16:53:46 - INFO - [-0.03853511 -0.00641264  0.94690746 -0.11449296  0.94690746 -0.11449295
 -0.03970541 -0.00498662]
2026-01-08 16:53:46 - INFO - (tensor([[[[0., 1., 1., 1., 1., 0., 1., 1., 0., 1., 0., 1., 1., 0., 1., 0., 0.,
           1., 0.],
          [1., 1., 1., 1., 1., 0., 1., 0., 1., 0., 0., 0., 0., 1., 0., 1., 0.,
           0., 0.],
          [1., 1., 1., 0., 1., 0., 1., 1., 0., 1., 0., 0., 0., 0., 1., 0., 0.,
           0., 1.],
          [1., 0., 0., 1., 0., 1., 0., 0., 1., 0., 1., 0., 1., 1., 1., 0., 0.,
           1., 0.],
          [1., 1., 0., 1., 1., 1., 1., 0., 1., 1., 1., 0., 0., 1., 1., 1., 0.,
           0., 0.],
          [1., 1., 1., 1., 1., 1., 0., 1., 0., 1., 1., 0., 0., 1., 0., 1., 1.,
           0., 1.],
          [1., 1., 1., 1., 1., 1., 1., 0., 1., 0., 1., 0., 1., 0., 0., 1., 1.,
           0., 0.],
          [0., 1., 1., 1., 0., 0., 1., 1., 0., 1., 0., 1., 0., 1., 1., 0., 0.,
           0., 1.],
          [0., 0., 0., 0., 0., 1., 0., 0., 0., 0., 0., 0., 1., 1., 0., 1., 1.,
           1., 1.],
          [1., 1., 0., 1., 1., 1., 0., 1., 1., 0., 0., 0., 0., 1., 0., 0., 1.,
           1., 1.],
          [1., 1., 1., 1., 1., 0., 1., 0., 0., 1., 1., 1., 1., 1., 0., 1., 1.,
           1., 1.],
          [1., 1., 0., 1., 0., 0., 1., 0., 0., 0., 0., 1., 1., 1., 0., 1., 1.,
           0., 1.],
          [0., 1., 0., 0., 0., 1., 0., 0., 0., 0., 0., 1., 0., 1., 1., 1., 1.,
           0., 1.],
          [0., 1., 1., 0., 1., 1., 1., 1., 1., 0., 0., 0., 1., 0., 0., 0., 1.,
           1., 0.],
          [1., 1., 1., 0., 0., 0., 0., 1., 1., 0., 1., 0., 0., 0., 1., 0., 1.,
           0., 1.],
          [1., 1., 0., 0., 0., 0., 0., 0., 0., 0., 0., 0., 0., 1., 0., 1., 0.,
           1., 0.],
          [1., 0., 1., 1., 0., 0., 1., 1., 0., 1., 1., 1., 1., 1., 1., 0., 0.,
           0., 1.],
          [1., 0., 0., 0., 1., 1., 0., 1., 0., 1., 0., 1., 1., 0., 1., 0., 0.,
           1., 0.],
          [1., 1., 1., 1., 0., 0., 0., 1., 0., 1., 0., 1., 0., 0., 1., 1., 0.,
           0., 0.]]]], device='cuda:0'), tensor([[0.2910]], device='cuda:0'))
2026-01-08 16:53:46 - INFO - [-0.03871259 -0.00600384  0.9464543  -0.11604142  0.9464543  -0.11604141
 -0.03989087 -0.00459595]
2026-01-08 16:53:46 - INFO - (tensor([[[[0., 1., 1., 1., 1., 0., 1., 1., 0., 1., 0., 1., 1., 0., 1., 0., 0.,
           1., 0.],
          [1., 1., 1., 1., 1., 0., 1., 0., 1., 0., 0., 0., 0., 1., 0., 1., 0.,
           0., 0.],
          [1., 1., 1., 0., 1., 0., 1., 1., 0., 1., 0., 0., 0., 0., 1., 0., 0.,
           0., 1.],
          [1., 0., 0., 1., 0., 1., 0., 0., 1., 0., 1., 0., 1., 1., 1., 0., 0.,
           1., 0.],
          [1., 1., 0., 1., 1., 1., 1., 0., 1., 1., 1., 0., 0., 1., 1., 1., 0.,
           0., 0.],
          [1., 1., 1., 1., 1., 1., 0., 1., 0., 1., 1., 0., 0., 1., 0., 1., 1.,
           0., 1.],
          [1., 1., 1., 1., 1., 1., 1., 0., 1., 0., 1., 0., 1., 0., 0., 1., 1.,
           0., 0.],
          [0., 1., 1., 1., 0., 0., 1., 1., 0., 1., 0., 1., 0., 1., 1., 0., 0.,
           0., 1.],
          [0., 0., 0., 0., 0., 1., 0., 0., 0., 0., 0., 0., 1., 1., 0., 1., 1.,
           1., 1.],
          [1., 1., 0., 1., 1., 1., 0., 1., 1., 0., 0., 0., 0., 1., 0., 0., 1.,
           1., 1.],
          [1., 1., 1., 1., 1., 0., 1., 0., 0., 1., 1., 1., 1., 1., 0., 1., 1.,
           1., 1.],
          [1., 1., 0., 1., 0., 0., 1., 0., 0., 0., 0., 1., 1., 1., 0., 1., 1.,
           0., 1.],
          [0., 1., 0., 0., 0., 1., 0., 0., 0., 0., 0., 1., 0., 1., 1., 1., 1.,
           0., 1.],
          [0., 1., 1., 0., 1., 1., 1., 1., 1., 0., 0., 0., 1., 0., 0., 0., 1.,
           1., 0.],
          [1., 1., 1., 0., 0., 0., 0., 1., 1., 0., 1., 0., 0., 0., 1., 0., 1.,
           0., 1.],
          [1., 1., 0., 0., 0., 0., 0., 0., 0., 0., 0., 0., 0., 1., 0., 1., 0.,
           1., 0.],
          [1., 0., 1., 1., 0., 0., 1., 1., 0., 1., 1., 1., 1., 1., 1., 0., 0.,
           0., 1.],
          [1., 0., 0., 0., 1., 1., 0., 1., 0., 1., 0., 1., 1., 0., 1., 0., 0.,
           1., 0.],
          [1., 1., 1., 1., 0., 0., 0., 1., 0., 1., 0., 1., 0., 0., 1., 1., 0.,
           0., 0.]]]], device='cuda:0'), tensor([[0.2943]], device='cuda:0'))
2026-01-08 16:53:46 - INFO - [-0.03887682 -0.00565743  0.94604653 -0.11740628  0.94604653 -0.11740629
 -0.04006708 -0.0042689 ]
2026-01-08 16:53:46 - INFO - (tensor([[[[0., 1., 1., 1., 1., 0., 1., 1., 0., 1., 0., 1., 1., 0., 1., 0., 0.,
           1., 0.],
          [1., 1., 1., 1., 1., 0., 1., 0., 1., 0., 0., 0., 0., 1., 0., 1., 0.,
           0., 0.],
          [1., 1., 1., 0., 1., 0., 1., 1., 0., 1., 0., 0., 0., 0., 1., 0., 0.,
           0., 1.],
          [1., 0., 0., 1., 0., 1., 0., 0., 1., 0., 1., 0., 1., 1., 1., 0., 0.,
           1., 0.],
          [1., 1., 0., 1., 1., 1., 1., 0., 1., 1., 1., 0., 0., 1., 1., 1., 0.,
           0., 0.],
          [1., 1., 1., 1., 1., 1., 0., 1., 0., 1., 1., 0., 0., 1., 0., 1., 1.,
           0., 1.],
          [1., 1., 1., 1., 1., 1., 1., 0., 1., 0., 1., 0., 1., 0., 0., 1., 1.,
           0., 0.],
          [0., 1., 1., 1., 0., 0., 1., 1., 0., 1., 0., 1., 0., 1., 1., 0., 0.,
           0., 1.],
          [0., 0., 0., 0., 0., 1., 0., 0., 0., 0., 0., 0., 1., 1., 0., 1., 1.,
           1., 1.],
          [1., 1., 0., 1., 1., 1., 0., 1., 1., 0., 0., 0., 0., 1., 0., 0., 1.,
           1., 1.],
          [1., 1., 1., 1., 1., 0., 1., 0., 0., 1., 1., 1., 1., 1., 0., 1., 1.,
           1., 1.],
          [1., 1., 0., 1., 0., 0., 1., 0., 0., 0., 0., 1., 1., 1., 0., 1., 1.,
           0., 1.],
          [0., 1., 0., 0., 0., 1., 0., 0., 0., 0., 0., 1., 0., 1., 1., 1., 1.,
           0., 1.],
          [0., 1., 1., 0., 1., 1., 1., 1., 1., 0., 0., 0., 1., 0., 0., 0., 1.,
           1., 0.],
          [1., 1., 1., 0., 0., 0., 0., 1., 1., 0., 1., 0., 0., 0., 1., 0., 1.,
           0., 1.],
          [1., 1., 0., 0., 0., 0., 0., 0., 0., 0., 0., 0., 0., 1., 0., 1., 0.,
           1., 0.],
          [1., 0., 1., 1., 0., 0., 1., 1., 0., 1., 1., 1., 1., 1., 1., 0., 0.,
           0., 1.],
          [1., 0., 0., 0., 1., 1., 0., 1., 0., 1., 0., 1., 1., 0., 1., 0., 0.,
           1., 0.],
          [1., 1., 1., 1., 0., 0., 0., 1., 0., 1., 0., 1., 0., 0., 1., 1., 0.,
           0., 0.]]]], device='cuda:0'), tensor([[0.2977]], device='cuda:0'))
2026-01-08 16:53:46 - INFO - [-0.03901611 -0.00544012  0.9457376  -0.11838648  0.9457376  -0.11838647
 -0.04022214 -0.0040787 ]
2026-01-08 16:53:46 - INFO - (tensor([[[[0., 1., 1., 1., 1., 0., 1., 1., 0., 1., 0., 1., 1., 0., 1., 0., 0.,
           1., 0.],
          [1., 1., 1., 1., 1., 0., 1., 0., 1., 0., 0., 0., 0., 1., 0., 1., 0.,
           0., 0.],
          [1., 1., 1., 0., 1., 0., 1., 1., 0., 1., 0., 0., 0., 0., 1., 0., 0.,
           0., 1.],
          [1., 0., 0., 1., 0., 1., 0., 0., 1., 0., 1., 0., 1., 1., 1., 0., 0.,
           1., 0.],
          [1., 1., 0., 1., 1., 1., 1., 0., 1., 1., 1., 0., 0., 1., 1., 1., 0.,
           0., 0.],
          [1., 1., 1., 1., 1., 1., 0., 1., 0., 1., 1., 0., 0., 1., 0., 1., 1.,
           0., 1.],
          [1., 1., 1., 1., 1., 1., 1., 0., 1., 0., 1., 0., 1., 0., 0., 1., 1.,
           0., 0.],
          [0., 1., 1., 1., 0., 0., 1., 1., 0., 1., 0., 1., 0., 1., 1., 0., 0.,
           0., 1.],
          [0., 0., 0., 0., 0., 1., 0., 0., 0., 0., 0., 0., 1., 1., 0., 1., 1.,
           1., 1.],
          [1., 1., 0., 1., 1., 1., 0., 1., 1., 0., 0., 0., 0., 1., 0., 0., 1.,
           1., 1.],
          [1., 1., 1., 1., 1., 0., 1., 0., 0., 1., 1., 1., 1., 1., 0., 1., 1.,
           1., 1.],
          [1., 1., 0., 1., 0., 0., 1., 0., 0., 0., 0., 1., 1., 1., 0., 1., 1.,
           0., 1.],
          [0., 1., 0., 0., 0., 1., 0., 0., 0., 0., 0., 1., 0., 1., 1., 1., 1.,
           0., 1.],
          [0., 1., 1., 0., 1., 1., 1., 1., 1., 0., 0., 0., 1., 0., 0., 0., 1.,
           1., 0.],
          [1., 1., 1., 0., 0., 0., 0., 1., 1., 0., 1., 0., 0., 0., 1., 0., 1.,
           0., 1.],
          [1., 1., 0., 0., 0., 0., 0., 0., 0., 0., 0., 0., 0., 1., 0., 1., 0.,
           1., 0.],
          [1., 0., 1., 1., 0., 0., 1., 1., 0., 1., 1., 1., 1., 1., 1., 0., 0.,
           0., 1.],
          [1., 0., 0., 0., 1., 1., 0., 1., 0., 1., 0., 1., 1., 0., 1., 0., 0.,
           1., 0.],
          [1., 1., 1., 1., 0., 0., 0., 1., 0., 1., 0., 1., 0., 0., 1., 1., 0.,
           0., 0.]]]], device='cuda:0'), tensor([[0.3010]], device='cuda:0'))
2026-01-08 16:53:46 - INFO - [-0.03915179 -0.00523692  0.9454428  -0.11932494  0.9454428  -0.11932495
 -0.04037217 -0.00389957]
2026-01-08 16:53:46 - INFO - (tensor([[[[0., 1., 1., 1., 1., 0., 1., 1., 0., 1., 0., 1., 1., 0., 1., 0., 0.,
           1., 0.],
          [1., 1., 1., 1., 1., 0., 1., 0., 1., 0., 0., 0., 0., 1., 0., 1., 0.,
           0., 0.],
          [1., 1., 1., 0., 1., 0., 1., 1., 0., 1., 0., 0., 0., 0., 1., 0., 0.,
           0., 1.],
          [1., 0., 0., 1., 0., 1., 0., 0., 1., 0., 1., 0., 1., 1., 1., 0., 0.,
           1., 0.],
          [1., 1., 0., 1., 1., 1., 1., 0., 1., 1., 1., 0., 0., 1., 1., 1., 0.,
           0., 0.],
          [1., 1., 1., 1., 1., 1., 0., 1., 0., 1., 1., 0., 0., 1., 0., 1., 1.,
           0., 1.],
          [1., 1., 1., 1., 1., 1., 1., 0., 1., 0., 1., 0., 1., 0., 0., 1., 1.,
           0., 0.],
          [0., 1., 1., 1., 0., 0., 1., 1., 0., 1., 0., 1., 0., 1., 1., 0., 0.,
           0., 1.],
          [0., 0., 0., 0., 0., 1., 0., 0., 0., 0., 0., 0., 1., 1., 0., 1., 1.,
           1., 1.],
          [1., 1., 0., 1., 1., 1., 0., 1., 1., 0., 0., 0., 0., 1., 0., 0., 1.,
           1., 1.],
          [1., 1., 1., 1., 1., 0., 1., 0., 0., 1., 1., 1., 1., 1., 0., 1., 1.,
           1., 1.],
          [1., 1., 0., 1., 0., 0., 1., 0., 0., 0., 0., 1., 1., 1., 0., 1., 1.,
           0., 1.],
          [0., 1., 0., 0., 0., 1., 0., 0., 0., 0., 0., 1., 0., 1., 1., 1., 1.,
           0., 1.],
          [0., 1., 1., 0., 1., 1., 1., 1., 1., 0., 0., 0., 1., 0., 0., 0., 1.,
           1., 0.],
          [1., 1., 1., 0., 0., 0., 0., 1., 1., 0., 1., 0., 0., 0., 1., 0., 1.,
           0., 1.],
          [1., 1., 0., 0., 0., 0., 0., 0., 0., 0., 0., 0., 0., 1., 0., 1., 0.,
           1., 0.],
          [1., 0., 1., 1., 0., 0., 1., 1., 0., 1., 1., 1., 1., 1., 1., 0., 0.,
           0., 1.],
          [1., 0., 0., 0., 1., 1., 0., 1., 0., 1., 0., 1., 1., 0., 1., 0., 0.,
           1., 0.],
          [1., 1., 1., 1., 0., 0., 0., 1., 0., 1., 0., 1., 0., 0., 1., 1., 0.,
           0., 0.]]]], device='cuda:0'), tensor([[0.3043]], device='cuda:0'))
2026-01-08 16:53:46 - INFO - [-0.03927775 -0.00504799  0.9451678  -0.12019949  0.9451678  -0.1201995
 -0.0405113  -0.00373222]
2026-01-08 16:53:46 - INFO - (tensor([[[[0., 1., 1., 1., 1., 0., 1., 1., 0., 1., 0., 1., 1., 0., 1., 0., 0.,
           1., 0.],
          [1., 1., 1., 1., 1., 0., 1., 0., 1., 0., 0., 0., 0., 1., 0., 1., 0.,
           0., 0.],
          [1., 1., 1., 0., 1., 0., 1., 1., 0., 1., 0., 0., 0., 0., 1., 0., 0.,
           0., 1.],
          [1., 0., 0., 1., 0., 1., 0., 0., 1., 0., 1., 0., 1., 1., 1., 0., 0.,
           1., 0.],
          [1., 1., 0., 1., 1., 1., 1., 0., 1., 1., 1., 0., 0., 1., 1., 1., 0.,
           0., 0.],
          [1., 1., 1., 1., 1., 1., 0., 1., 0., 1., 1., 0., 0., 1., 0., 1., 1.,
           0., 1.],
          [1., 1., 1., 1., 1., 1., 1., 0., 1., 0., 1., 0., 1., 0., 0., 1., 1.,
           0., 0.],
          [0., 1., 1., 1., 0., 0., 1., 1., 0., 1., 0., 1., 0., 1., 1., 0., 0.,
           0., 1.],
          [0., 0., 0., 0., 0., 1., 0., 0., 0., 0., 0., 0., 1., 1., 0., 1., 1.,
           1., 1.],
          [1., 1., 0., 1., 1., 1., 0., 1., 1., 0., 0., 0., 0., 1., 0., 0., 1.,
           1., 1.],
          [1., 1., 1., 1., 1., 0., 1., 0., 0., 1., 1., 1., 1., 1., 0., 1., 1.,
           1., 1.],
          [1., 1., 0., 1., 0., 0., 1., 0., 0., 0., 0., 1., 1., 1., 0., 1., 1.,
           0., 1.],
          [0., 1., 0., 0., 0., 1., 0., 0., 0., 0., 0., 1., 0., 1., 1., 1., 1.,
           0., 1.],
          [0., 1., 1., 0., 1., 1., 1., 1., 1., 0., 0., 0., 1., 0., 0., 0., 1.,
           1., 0.],
          [1., 1., 1., 0., 0., 0., 0., 1., 1., 0., 1., 0., 0., 0., 1., 0., 1.,
           0., 1.],
          [1., 1., 0., 0., 0., 0., 0., 0., 0., 0., 0., 0., 0., 1., 0., 1., 0.,
           1., 0.],
          [1., 0., 1., 1., 0., 0., 1., 1., 0., 1., 1., 1., 1., 1., 1., 0., 0.,
           0., 1.],
          [1., 0., 0., 0., 1., 1., 0., 1., 0., 1., 0., 1., 1., 0., 1., 0., 0.,
           1., 0.],
          [1., 1., 1., 1., 0., 0., 0., 1., 0., 1., 0., 1., 0., 0., 1., 1., 0.,
           0., 0.]]]], device='cuda:0'), tensor([[0.3077]], device='cuda:0'))
2026-01-08 16:53:46 - INFO - [-0.03939752 -0.00486842  0.9449047  -0.12103364  0.9449047  -0.12103363
 -0.04064369 -0.00357227]
2026-01-08 16:53:46 - INFO - (tensor([[[[0., 1., 1., 1., 1., 0., 1., 1., 0., 1., 0., 1., 1., 0., 1., 0., 0.,
           1., 0.],
          [1., 1., 1., 1., 1., 0., 1., 0., 1., 0., 0., 0., 0., 1., 0., 1., 0.,
           0., 0.],
          [1., 1., 1., 0., 1., 0., 1., 1., 0., 1., 0., 0., 0., 0., 1., 0., 0.,
           0., 1.],
          [1., 0., 0., 1., 0., 1., 0., 0., 1., 0., 1., 0., 1., 1., 1., 0., 0.,
           1., 0.],
          [1., 1., 0., 1., 1., 1., 1., 0., 1., 1., 1., 0., 0., 1., 1., 1., 0.,
           0., 0.],
          [1., 1., 1., 1., 1., 1., 0., 1., 0., 1., 1., 0., 0., 1., 0., 1., 1.,
           0., 1.],
          [1., 1., 1., 1., 1., 1., 1., 0., 1., 0., 1., 0., 1., 0., 0., 1., 1.,
           0., 0.],
          [0., 1., 1., 1., 0., 0., 1., 1., 0., 1., 0., 1., 0., 1., 1., 0., 0.,
           0., 1.],
          [0., 0., 0., 0., 0., 1., 0., 0., 0., 0., 0., 0., 1., 1., 0., 1., 1.,
           1., 1.],
          [1., 1., 0., 1., 1., 1., 0., 1., 1., 0., 0., 0., 0., 1., 0., 0., 1.,
           1., 1.],
          [1., 1., 1., 1., 1., 0., 1., 0., 0., 1., 1., 1., 1., 1., 0., 1., 1.,
           1., 1.],
          [1., 1., 0., 1., 0., 0., 1., 0., 0., 0., 0., 1., 1., 1., 0., 1., 1.,
           0., 1.],
          [0., 1., 0., 0., 0., 1., 0., 0., 0., 0., 0., 1., 0., 1., 1., 1., 1.,
           0., 1.],
          [0., 1., 1., 0., 1., 1., 1., 1., 1., 0., 0., 0., 1., 0., 0., 0., 1.,
           1., 0.],
          [1., 1., 1., 0., 0., 0., 0., 1., 1., 0., 1., 0., 0., 0., 1., 0., 1.,
           0., 1.],
          [1., 1., 0., 0., 0., 0., 0., 0., 0., 0., 0., 0., 0., 1., 0., 1., 0.,
           1., 0.],
          [1., 0., 1., 1., 0., 0., 1., 1., 0., 1., 1., 1., 1., 1., 1., 0., 0.,
           0., 1.],
          [1., 0., 0., 0., 1., 1., 0., 1., 0., 1., 0., 1., 1., 0., 1., 0., 0.,
           1., 0.],
          [1., 1., 1., 1., 0., 0., 0., 1., 0., 1., 0., 1., 0., 0., 1., 1., 0.,
           0., 0.]]]], device='cuda:0'), tensor([[0.3110]], device='cuda:0'))
2026-01-08 16:53:46 - INFO - [-0.03945383 -0.0044954   0.9446277  -0.12224615  0.9446277  -0.12224614
 -0.04069034 -0.00318174]
2026-01-08 16:53:46 - INFO - (tensor([[[[0., 1., 1., 1., 1., 0., 1., 1., 0., 1., 0., 1., 1., 0., 1., 0., 0.,
           1., 0.],
          [1., 1., 1., 1., 1., 0., 1., 0., 1., 0., 0., 0., 0., 1., 0., 1., 0.,
           0., 0.],
          [1., 1., 1., 0., 1., 0., 1., 1., 0., 1., 0., 0., 0., 0., 1., 0., 0.,
           0., 1.],
          [1., 0., 0., 1., 0., 1., 0., 0., 1., 0., 1., 0., 1., 1., 1., 0., 0.,
           1., 0.],
          [1., 1., 0., 1., 1., 1., 1., 0., 1., 1., 1., 0., 0., 1., 1., 1., 0.,
           0., 0.],
          [1., 1., 1., 1., 1., 1., 0., 1., 0., 1., 1., 0., 0., 1., 0., 1., 1.,
           0., 1.],
          [1., 1., 1., 1., 1., 1., 1., 0., 1., 0., 1., 0., 1., 0., 0., 1., 1.,
           0., 0.],
          [0., 1., 1., 1., 0., 0., 1., 1., 0., 1., 0., 1., 0., 1., 1., 0., 0.,
           0., 1.],
          [0., 0., 0., 0., 0., 1., 0., 0., 0., 0., 0., 0., 1., 1., 0., 1., 1.,
           1., 1.],
          [1., 1., 0., 1., 1., 1., 0., 1., 1., 0., 0., 0., 0., 1., 0., 0., 1.,
           1., 1.],
          [1., 1., 1., 1., 1., 0., 1., 0., 0., 1., 1., 1., 1., 1., 0., 1., 1.,
           1., 1.],
          [1., 1., 0., 1., 0., 0., 1., 0., 0., 0., 0., 1., 1., 1., 0., 1., 1.,
           0., 1.],
          [0., 1., 0., 0., 0., 1., 0., 0., 0., 0., 0., 1., 0., 1., 1., 1., 1.,
           0., 1.],
          [0., 1., 1., 0., 1., 1., 1., 1., 1., 0., 0., 0., 1., 0., 0., 0., 1.,
           1., 0.],
          [1., 1., 1., 0., 0., 0., 0., 1., 1., 0., 1., 0., 0., 0., 1., 0., 1.,
           0., 1.],
          [1., 1., 0., 0., 0., 0., 0., 0., 0., 0., 0., 0., 0., 1., 0., 1., 0.,
           1., 0.],
          [1., 0., 1., 1., 0., 0., 1., 1., 0., 1., 1., 1., 1., 1., 1., 0., 0.,
           0., 1.],
          [1., 0., 0., 0., 1., 1., 0., 1., 0., 1., 0., 1., 1., 0., 1., 0., 0.,
           1., 0.],
          [1., 1., 1., 1., 0., 0., 0., 1., 0., 1., 0., 1., 0., 0., 1., 1., 0.,
           0., 0.]]]], device='cuda:0'), tensor([[0.3144]], device='cuda:0'))
2026-01-08 16:53:46 - INFO - [-0.03951114 -0.0041253   0.9443523  -0.12348667  0.9443523  -0.12348668
 -0.04072604 -0.00279155]
2026-01-08 16:53:46 - INFO - (tensor([[[[0., 1., 1., 1., 1., 0., 1., 1., 0., 1., 0., 1., 1., 0., 1., 0., 0.,
           1., 0.],
          [1., 1., 1., 1., 1., 0., 1., 0., 1., 0., 0., 0., 0., 1., 0., 1., 0.,
           0., 0.],
          [1., 1., 1., 0., 1., 0., 1., 1., 0., 1., 0., 0., 0., 0., 1., 0., 0.,
           0., 1.],
          [1., 0., 0., 1., 0., 1., 0., 0., 1., 0., 1., 0., 1., 1., 1., 0., 0.,
           1., 0.],
          [1., 1., 0., 1., 1., 1., 1., 0., 1., 1., 1., 0., 0., 1., 1., 1., 0.,
           0., 0.],
          [1., 1., 1., 1., 1., 1., 0., 1., 0., 1., 1., 0., 0., 1., 0., 1., 1.,
           0., 1.],
          [1., 1., 1., 1., 1., 1., 1., 0., 1., 0., 1., 0., 1., 0., 0., 1., 1.,
           0., 0.],
          [0., 1., 1., 1., 0., 0., 1., 1., 0., 1., 0., 1., 0., 1., 1., 0., 0.,
           0., 1.],
          [0., 0., 0., 0., 0., 1., 0., 0., 0., 0., 0., 0., 1., 1., 0., 1., 1.,
           1., 1.],
          [1., 1., 0., 1., 1., 1., 0., 1., 1., 0., 0., 0., 0., 1., 0., 0., 1.,
           1., 1.],
          [1., 1., 1., 1., 1., 0., 1., 0., 0., 1., 1., 1., 1., 1., 0., 1., 1.,
           1., 1.],
          [1., 1., 0., 1., 0., 0., 1., 0., 0., 0., 0., 1., 1., 1., 0., 1., 1.,
           0., 1.],
          [0., 1., 0., 0., 0., 1., 0., 0., 0., 0., 0., 1., 0., 1., 1., 1., 1.,
           0., 1.],
          [0., 1., 1., 0., 1., 1., 1., 1., 1., 0., 0., 0., 1., 0., 0., 0., 1.,
           1., 0.],
          [1., 1., 1., 0., 0., 0., 0., 1., 1., 0., 1., 0., 0., 0., 1., 0., 1.,
           0., 1.],
          [1., 1., 0., 0., 0., 0., 0., 0., 0., 0., 0., 0., 0., 1., 0., 1., 0.,
           1., 0.],
          [1., 0., 1., 1., 0., 0., 1., 1., 0., 1., 1., 1., 1., 1., 1., 0., 0.,
           0., 1.],
          [1., 0., 0., 0., 1., 1., 0., 1., 0., 1., 0., 1., 1., 0., 1., 0., 0.,
           1., 0.],
          [1., 1., 1., 1., 0., 0., 0., 1., 0., 1., 0., 1., 0., 0., 1., 1., 0.,
           0., 0.]]]], device='cuda:0'), tensor([[0.3177]], device='cuda:0'))
2026-01-08 16:53:46 - INFO - [-0.0395671  -0.00375748  0.9440675  -0.12473483  0.9440675  -0.12473481
 -0.04076385 -0.00239383]
2026-01-08 16:53:46 - INFO - (tensor([[[[0., 1., 1., 1., 1., 0., 1., 1., 0., 1., 0., 1., 1., 0., 1., 0., 0.,
           1., 0.],
          [1., 1., 1., 1., 1., 0., 1., 0., 1., 0., 0., 0., 0., 1., 0., 1., 0.,
           0., 0.],
          [1., 1., 1., 0., 1., 0., 1., 1., 0., 1., 0., 0., 0., 0., 1., 0., 0.,
           0., 1.],
          [1., 0., 0., 1., 0., 1., 0., 0., 1., 0., 1., 0., 1., 1., 1., 0., 0.,
           1., 0.],
          [1., 1., 0., 1., 1., 1., 1., 0., 1., 1., 1., 0., 0., 1., 1., 1., 0.,
           0., 0.],
          [1., 1., 1., 1., 1., 1., 0., 1., 0., 1., 1., 0., 0., 1., 0., 1., 1.,
           0., 1.],
          [1., 1., 1., 1., 1., 1., 1., 0., 1., 0., 1., 0., 1., 0., 0., 1., 1.,
           0., 0.],
          [0., 1., 1., 1., 0., 0., 1., 1., 0., 1., 0., 1., 0., 1., 1., 0., 0.,
           0., 1.],
          [0., 0., 0., 0., 0., 1., 0., 0., 0., 0., 0., 0., 1., 1., 0., 1., 1.,
           1., 1.],
          [1., 1., 0., 1., 1., 1., 0., 1., 1., 0., 0., 0., 0., 1., 0., 0., 1.,
           1., 1.],
          [1., 1., 1., 1., 1., 0., 1., 0., 0., 1., 1., 1., 1., 1., 0., 1., 1.,
           1., 1.],
          [1., 1., 0., 1., 0., 0., 1., 0., 0., 0., 0., 1., 1., 1., 0., 1., 1.,
           0., 1.],
          [0., 1., 0., 0., 0., 1., 0., 0., 0., 0., 0., 1., 0., 1., 1., 1., 1.,
           0., 1.],
          [0., 1., 1., 0., 1., 1., 1., 1., 1., 0., 0., 0., 1., 0., 0., 0., 1.,
           1., 0.],
          [1., 1., 1., 0., 0., 0., 0., 1., 1., 0., 1., 0., 0., 0., 1., 0., 1.,
           0., 1.],
          [1., 1., 0., 0., 0., 0., 0., 0., 0., 0., 0., 0., 0., 1., 0., 1., 0.,
           1., 0.],
          [1., 0., 1., 1., 0., 0., 1., 1., 0., 1., 1., 1., 1., 1., 1., 0., 0.,
           0., 1.],
          [1., 0., 0., 0., 1., 1., 0., 1., 0., 1., 0., 1., 1., 0., 1., 0., 0.,
           1., 0.],
          [1., 1., 1., 1., 0., 0., 0., 1., 0., 1., 0., 1., 0., 0., 1., 1., 0.,
           0., 0.]]]], device='cuda:0'), tensor([[0.3211]], device='cuda:0'))
2026-01-08 16:53:46 - INFO - [-0.0395999  -0.00342112  0.9438379  -0.12584348  0.9438379  -0.12584348
 -0.04077351 -0.00204906]
2026-01-08 16:53:46 - INFO - (tensor([[[[0., 1., 1., 1., 1., 0., 1., 1., 0., 1., 0., 1., 1., 0., 1., 0., 0.,
           1., 0.],
          [1., 1., 1., 1., 1., 0., 1., 0., 1., 0., 0., 0., 0., 1., 0., 1., 0.,
           0., 0.],
          [1., 1., 1., 0., 1., 0., 1., 1., 0., 1., 0., 0., 0., 0., 1., 0., 0.,
           0., 1.],
          [1., 0., 0., 1., 0., 1., 0., 0., 1., 0., 1., 0., 1., 1., 1., 0., 0.,
           1., 0.],
          [1., 1., 0., 1., 1., 1., 1., 0., 1., 1., 1., 0., 0., 1., 1., 1., 0.,
           0., 0.],
          [1., 1., 1., 1., 1., 1., 0., 1., 0., 1., 1., 0., 0., 1., 0., 1., 1.,
           0., 1.],
          [1., 1., 1., 1., 1., 1., 1., 0., 1., 0., 1., 0., 1., 0., 0., 1., 1.,
           0., 0.],
          [0., 1., 1., 1., 0., 0., 1., 1., 0., 1., 0., 1., 0., 1., 1., 0., 0.,
           0., 1.],
          [0., 0., 0., 0., 0., 1., 0., 0., 0., 0., 0., 0., 1., 1., 0., 1., 1.,
           1., 1.],
          [1., 1., 0., 1., 1., 1., 0., 1., 1., 0., 0., 0., 0., 1., 0., 0., 1.,
           1., 1.],
          [1., 1., 1., 1., 1., 0., 1., 0., 0., 1., 1., 1., 1., 1., 0., 1., 1.,
           1., 1.],
          [1., 1., 0., 1., 0., 0., 1., 0., 0., 0., 0., 1., 1., 1., 0., 1., 1.,
           0., 1.],
          [0., 1., 0., 0., 0., 1., 0., 0., 0., 0., 0., 1., 0., 1., 1., 1., 1.,
           0., 1.],
          [0., 1., 1., 0., 1., 1., 1., 1., 1., 0., 0., 0., 1., 0., 0., 0., 1.,
           1., 0.],
          [1., 1., 1., 0., 0., 0., 0., 1., 1., 0., 1., 0., 0., 0., 1., 0., 1.,
           0., 1.],
          [1., 1., 0., 0., 0., 0., 0., 0., 0., 0., 0., 0., 0., 1., 0., 1., 0.,
           1., 0.],
          [1., 0., 1., 1., 0., 0., 1., 1., 0., 1., 1., 1., 1., 1., 1., 0., 0.,
           0., 1.],
          [1., 0., 0., 0., 1., 1., 0., 1., 0., 1., 0., 1., 1., 0., 1., 0., 0.,
           1., 0.],
          [1., 1., 1., 1., 0., 0., 0., 1., 0., 1., 0., 1., 0., 0., 1., 1., 0.,
           0., 0.]]]], device='cuda:0'), tensor([[0.3244]], device='cuda:0'))
2026-01-08 16:53:46 - INFO - [-0.03961542 -0.00308948  0.9436393  -0.12687917  0.94363934 -0.12687919
 -0.04076038 -0.00172753]
2026-01-08 16:53:46 - INFO - (tensor([[[[0., 1., 1., 1., 1., 0., 1., 1., 0., 1., 0., 1., 1., 0., 1., 0., 0.,
           1., 0.],
          [1., 1., 1., 1., 1., 0., 1., 0., 1., 0., 0., 0., 0., 1., 0., 1., 0.,
           0., 0.],
          [1., 1., 1., 0., 1., 0., 1., 1., 0., 1., 0., 0., 0., 0., 1., 0., 0.,
           0., 1.],
          [1., 0., 0., 1., 0., 1., 0., 0., 1., 0., 1., 0., 1., 1., 1., 0., 0.,
           1., 0.],
          [1., 1., 0., 1., 1., 1., 1., 0., 1., 1., 1., 0., 0., 1., 1., 1., 0.,
           0., 0.],
          [1., 1., 1., 1., 1., 1., 0., 1., 0., 1., 1., 0., 0., 1., 0., 1., 1.,
           0., 1.],
          [1., 1., 1., 1., 1., 1., 1., 0., 1., 0., 1., 0., 1., 0., 0., 1., 1.,
           0., 0.],
          [0., 1., 1., 1., 0., 0., 1., 1., 0., 1., 0., 1., 0., 1., 1., 0., 0.,
           0., 1.],
          [0., 0., 0., 0., 0., 1., 0., 0., 0., 0., 0., 0., 1., 1., 0., 1., 1.,
           1., 1.],
          [1., 1., 0., 1., 1., 1., 0., 1., 1., 0., 0., 0., 0., 1., 0., 0., 1.,
           1., 1.],
          [1., 1., 1., 1., 1., 0., 1., 0., 0., 1., 1., 1., 1., 1., 0., 1., 1.,
           1., 1.],
          [1., 1., 0., 1., 0., 0., 1., 0., 0., 0., 0., 1., 1., 1., 0., 1., 1.,
           0., 1.],
          [0., 1., 0., 0., 0., 1., 0., 0., 0., 0., 0., 1., 0., 1., 1., 1., 1.,
           0., 1.],
          [0., 1., 1., 0., 1., 1., 1., 1., 1., 0., 0., 0., 1., 0., 0., 0., 1.,
           1., 0.],
          [1., 1., 1., 0., 0., 0., 0., 1., 1., 0., 1., 0., 0., 0., 1., 0., 1.,
           0., 1.],
          [1., 1., 0., 0., 0., 0., 0., 0., 0., 0., 0., 0., 0., 1., 0., 1., 0.,
           1., 0.],
          [1., 0., 1., 1., 0., 0., 1., 1., 0., 1., 1., 1., 1., 1., 1., 0., 0.,
           0., 1.],
          [1., 0., 0., 0., 1., 1., 0., 1., 0., 1., 0., 1., 1., 0., 1., 0., 0.,
           1., 0.],
          [1., 1., 1., 1., 0., 0., 0., 1., 0., 1., 0., 1., 0., 0., 1., 1., 0.,
           0., 0.]]]], device='cuda:0'), tensor([[0.3278]], device='cuda:0'))
2026-01-08 16:53:46 - INFO - [-0.03962304 -0.00277859  0.9434546  -0.12786119  0.9434547  -0.1278612
 -0.04074794 -0.00141342]
2026-01-08 16:53:46 - INFO -   预测进度: 101/301
2026-01-08 16:53:46 - INFO - (tensor([[[[0., 1., 1., 1., 1., 0., 1., 1., 0., 1., 0., 1., 1., 0., 1., 0., 0.,
           1., 0.],
          [1., 1., 1., 1., 1., 0., 1., 0., 1., 0., 0., 0., 0., 1., 0., 1., 0.,
           0., 0.],
          [1., 1., 1., 0., 1., 0., 1., 1., 0., 1., 0., 0., 0., 0., 1., 0., 0.,
           0., 1.],
          [1., 0., 0., 1., 0., 1., 0., 0., 1., 0., 1., 0., 1., 1., 1., 0., 0.,
           1., 0.],
          [1., 1., 0., 1., 1., 1., 1., 0., 1., 1., 1., 0., 0., 1., 1., 1., 0.,
           0., 0.],
          [1., 1., 1., 1., 1., 1., 0., 1., 0., 1., 1., 0., 0., 1., 0., 1., 1.,
           0., 1.],
          [1., 1., 1., 1., 1., 1., 1., 0., 1., 0., 1., 0., 1., 0., 0., 1., 1.,
           0., 0.],
          [0., 1., 1., 1., 0., 0., 1., 1., 0., 1., 0., 1., 0., 1., 1., 0., 0.,
           0., 1.],
          [0., 0., 0., 0., 0., 1., 0., 0., 0., 0., 0., 0., 1., 1., 0., 1., 1.,
           1., 1.],
          [1., 1., 0., 1., 1., 1., 0., 1., 1., 0., 0., 0., 0., 1., 0., 0., 1.,
           1., 1.],
          [1., 1., 1., 1., 1., 0., 1., 0., 0., 1., 1., 1., 1., 1., 0., 1., 1.,
           1., 1.],
          [1., 1., 0., 1., 0., 0., 1., 0., 0., 0., 0., 1., 1., 1., 0., 1., 1.,
           0., 1.],
          [0., 1., 0., 0., 0., 1., 0., 0., 0., 0., 0., 1., 0., 1., 1., 1., 1.,
           0., 1.],
          [0., 1., 1., 0., 1., 1., 1., 1., 1., 0., 0., 0., 1., 0., 0., 0., 1.,
           1., 0.],
          [1., 1., 1., 0., 0., 0., 0., 1., 1., 0., 1., 0., 0., 0., 1., 0., 1.,
           0., 1.],
          [1., 1., 0., 0., 0., 0., 0., 0., 0., 0., 0., 0., 0., 1., 0., 1., 0.,
           1., 0.],
          [1., 0., 1., 1., 0., 0., 1., 1., 0., 1., 1., 1., 1., 1., 1., 0., 0.,
           0., 1.],
          [1., 0., 0., 0., 1., 1., 0., 1., 0., 1., 0., 1., 1., 0., 1., 0., 0.,
           1., 0.],
          [1., 1., 1., 1., 0., 0., 0., 1., 0., 1., 0., 1., 0., 0., 1., 1., 0.,
           0., 0.]]]], device='cuda:0'), tensor([[0.3311]], device='cuda:0'))
2026-01-08 16:53:46 - INFO - [-0.03963456 -0.0024951   0.94324285 -0.12891349  0.94324285 -0.1289135
 -0.04075983 -0.001067  ]
2026-01-08 16:53:46 - INFO - (tensor([[[[0., 1., 1., 1., 1., 0., 1., 1., 0., 1., 0., 1., 1., 0., 1., 0., 0.,
           1., 0.],
          [1., 1., 1., 1., 1., 0., 1., 0., 1., 0., 0., 0., 0., 1., 0., 1., 0.,
           0., 0.],
          [1., 1., 1., 0., 1., 0., 1., 1., 0., 1., 0., 0., 0., 0., 1., 0., 0.,
           0., 1.],
          [1., 0., 0., 1., 0., 1., 0., 0., 1., 0., 1., 0., 1., 1., 1., 0., 0.,
           1., 0.],
          [1., 1., 0., 1., 1., 1., 1., 0., 1., 1., 1., 0., 0., 1., 1., 1., 0.,
           0., 0.],
          [1., 1., 1., 1., 1., 1., 0., 1., 0., 1., 1., 0., 0., 1., 0., 1., 1.,
           0., 1.],
          [1., 1., 1., 1., 1., 1., 1., 0., 1., 0., 1., 0., 1., 0., 0., 1., 1.,
           0., 0.],
          [0., 1., 1., 1., 0., 0., 1., 1., 0., 1., 0., 1., 0., 1., 1., 0., 0.,
           0., 1.],
          [0., 0., 0., 0., 0., 1., 0., 0., 0., 0., 0., 0., 1., 1., 0., 1., 1.,
           1., 1.],
          [1., 1., 0., 1., 1., 1., 0., 1., 1., 0., 0., 0., 0., 1., 0., 0., 1.,
           1., 1.],
          [1., 1., 1., 1., 1., 0., 1., 0., 0., 1., 1., 1., 1., 1., 0., 1., 1.,
           1., 1.],
          [1., 1., 0., 1., 0., 0., 1., 0., 0., 0., 0., 1., 1., 1., 0., 1., 1.,
           0., 1.],
          [0., 1., 0., 0., 0., 1., 0., 0., 0., 0., 0., 1., 0., 1., 1., 1., 1.,
           0., 1.],
          [0., 1., 1., 0., 1., 1., 1., 1., 1., 0., 0., 0., 1., 0., 0., 0., 1.,
           1., 0.],
          [1., 1., 1., 0., 0., 0., 0., 1., 1., 0., 1., 0., 0., 0., 1., 0., 1.,
           0., 1.],
          [1., 1., 0., 0., 0., 0., 0., 0., 0., 0., 0., 0., 0., 1., 0., 1., 0.,
           1., 0.],
          [1., 0., 1., 1., 0., 0., 1., 1., 0., 1., 1., 1., 1., 1., 1., 0., 0.,
           0., 1.],
          [1., 0., 0., 0., 1., 1., 0., 1., 0., 1., 0., 1., 1., 0., 1., 0., 0.,
           1., 0.],
          [1., 1., 1., 1., 0., 0., 0., 1., 0., 1., 0., 1., 0., 0., 1., 1., 0.,
           0., 0.]]]], device='cuda:0'), tensor([[0.3344]], device='cuda:0'))
2026-01-08 16:53:46 - INFO - [-3.9676882e-02 -2.2469983e-03  9.4298404e-01 -1.3000473e-01
  9.4298404e-01 -1.3000473e-01 -4.0807139e-02 -7.2338420e-04]
2026-01-08 16:53:46 - INFO - (tensor([[[[0., 1., 1., 1., 1., 0., 1., 1., 0., 1., 0., 1., 1., 0., 1., 0., 0.,
           1., 0.],
          [1., 1., 1., 1., 1., 0., 1., 0., 1., 0., 0., 0., 0., 1., 0., 1., 0.,
           0., 0.],
          [1., 1., 1., 0., 1., 0., 1., 1., 0., 1., 0., 0., 0., 0., 1., 0., 0.,
           0., 1.],
          [1., 0., 0., 1., 0., 1., 0., 0., 1., 0., 1., 0., 1., 1., 1., 0., 0.,
           1., 0.],
          [1., 1., 0., 1., 1., 1., 1., 0., 1., 1., 1., 0., 0., 1., 1., 1., 0.,
           0., 0.],
          [1., 1., 1., 1., 1., 1., 0., 1., 0., 1., 1., 0., 0., 1., 0., 1., 1.,
           0., 1.],
          [1., 1., 1., 1., 1., 1., 1., 0., 1., 0., 1., 0., 1., 0., 0., 1., 1.,
           0., 0.],
          [0., 1., 1., 1., 0., 0., 1., 1., 0., 1., 0., 1., 0., 1., 1., 0., 0.,
           0., 1.],
          [0., 0., 0., 0., 0., 1., 0., 0., 0., 0., 0., 0., 1., 1., 0., 1., 1.,
           1., 1.],
          [1., 1., 0., 1., 1., 1., 0., 1., 1., 0., 0., 0., 0., 1., 0., 0., 1.,
           1., 1.],
          [1., 1., 1., 1., 1., 0., 1., 0., 0., 1., 1., 1., 1., 1., 0., 1., 1.,
           1., 1.],
          [1., 1., 0., 1., 0., 0., 1., 0., 0., 0., 0., 1., 1., 1., 0., 1., 1.,
           0., 1.],
          [0., 1., 0., 0., 0., 1., 0., 0., 0., 0., 0., 1., 0., 1., 1., 1., 1.,
           0., 1.],
          [0., 1., 1., 0., 1., 1., 1., 1., 1., 0., 0., 0., 1., 0., 0., 0., 1.,
           1., 0.],
          [1., 1., 1., 0., 0., 0., 0., 1., 1., 0., 1., 0., 0., 0., 1., 0., 1.,
           0., 1.],
          [1., 1., 0., 0., 0., 0., 0., 0., 0., 0., 0., 0., 0., 1., 0., 1., 0.,
           1., 0.],
          [1., 0., 1., 1., 0., 0., 1., 1., 0., 1., 1., 1., 1., 1., 1., 0., 0.,
           0., 1.],
          [1., 0., 0., 0., 1., 1., 0., 1., 0., 1., 0., 1., 1., 0., 1., 0., 0.,
           1., 0.],
          [1., 1., 1., 1., 0., 0., 0., 1., 0., 1., 0., 1., 0., 0., 1., 1., 0.,
           0., 0.]]]], device='cuda:0'), tensor([[0.3378]], device='cuda:0'))
2026-01-08 16:53:46 - INFO - [-3.9712515e-02 -2.0313198e-03  9.4275373e-01 -1.3098364e-01
  9.4275373e-01 -1.3098365e-01 -4.0850330e-02 -4.1948256e-04]
2026-01-08 16:53:46 - INFO - (tensor([[[[0., 1., 1., 1., 1., 0., 1., 1., 0., 1., 0., 1., 1., 0., 1., 0., 0.,
           1., 0.],
          [1., 1., 1., 1., 1., 0., 1., 0., 1., 0., 0., 0., 0., 1., 0., 1., 0.,
           0., 0.],
          [1., 1., 1., 0., 1., 0., 1., 1., 0., 1., 0., 0., 0., 0., 1., 0., 0.,
           0., 1.],
          [1., 0., 0., 1., 0., 1., 0., 0., 1., 0., 1., 0., 1., 1., 1., 0., 0.,
           1., 0.],
          [1., 1., 0., 1., 1., 1., 1., 0., 1., 1., 1., 0., 0., 1., 1., 1., 0.,
           0., 0.],
          [1., 1., 1., 1., 1., 1., 0., 1., 0., 1., 1., 0., 0., 1., 0., 1., 1.,
           0., 1.],
          [1., 1., 1., 1., 1., 1., 1., 0., 1., 0., 1., 0., 1., 0., 0., 1., 1.,
           0., 0.],
          [0., 1., 1., 1., 0., 0., 1., 1., 0., 1., 0., 1., 0., 1., 1., 0., 0.,
           0., 1.],
          [0., 0., 0., 0., 0., 1., 0., 0., 0., 0., 0., 0., 1., 1., 0., 1., 1.,
           1., 1.],
          [1., 1., 0., 1., 1., 1., 0., 1., 1., 0., 0., 0., 0., 1., 0., 0., 1.,
           1., 1.],
          [1., 1., 1., 1., 1., 0., 1., 0., 0., 1., 1., 1., 1., 1., 0., 1., 1.,
           1., 1.],
          [1., 1., 0., 1., 0., 0., 1., 0., 0., 0., 0., 1., 1., 1., 0., 1., 1.,
           0., 1.],
          [0., 1., 0., 0., 0., 1., 0., 0., 0., 0., 0., 1., 0., 1., 1., 1., 1.,
           0., 1.],
          [0., 1., 1., 0., 1., 1., 1., 1., 1., 0., 0., 0., 1., 0., 0., 0., 1.,
           1., 0.],
          [1., 1., 1., 0., 0., 0., 0., 1., 1., 0., 1., 0., 0., 0., 1., 0., 1.,
           0., 1.],
          [1., 1., 0., 0., 0., 0., 0., 0., 0., 0., 0., 0., 0., 1., 0., 1., 0.,
           1., 0.],
          [1., 0., 1., 1., 0., 0., 1., 1., 0., 1., 1., 1., 1., 1., 1., 0., 0.,
           0., 1.],
          [1., 0., 0., 0., 1., 1., 0., 1., 0., 1., 0., 1., 1., 0., 1., 0., 0.,
           1., 0.],
          [1., 1., 1., 1., 0., 0., 0., 1., 0., 1., 0., 1., 0., 0., 1., 1., 0.,
           0., 0.]]]], device='cuda:0'), tensor([[0.3411]], device='cuda:0'))
2026-01-08 16:53:46 - INFO - [-3.9742574e-02 -1.8247905e-03  9.4254071e-01 -1.3187324e-01
  9.4254071e-01 -1.3187321e-01 -4.0895078e-02 -1.3254583e-04]
2026-01-08 16:53:46 - INFO - (tensor([[[[0., 1., 1., 1., 1., 0., 1., 1., 0., 1., 0., 1., 1., 0., 1., 0., 0.,
           1., 0.],
          [1., 1., 1., 1., 1., 0., 1., 0., 1., 0., 0., 0., 0., 1., 0., 1., 0.,
           0., 0.],
          [1., 1., 1., 0., 1., 0., 1., 1., 0., 1., 0., 0., 0., 0., 1., 0., 0.,
           0., 1.],
          [1., 0., 0., 1., 0., 1., 0., 0., 1., 0., 1., 0., 1., 1., 1., 0., 0.,
           1., 0.],
          [1., 1., 0., 1., 1., 1., 1., 0., 1., 1., 1., 0., 0., 1., 1., 1., 0.,
           0., 0.],
          [1., 1., 1., 1., 1., 1., 0., 1., 0., 1., 1., 0., 0., 1., 0., 1., 1.,
           0., 1.],
          [1., 1., 1., 1., 1., 1., 1., 0., 1., 0., 1., 0., 1., 0., 0., 1., 1.,
           0., 0.],
          [0., 1., 1., 1., 0., 0., 1., 1., 0., 1., 0., 1., 0., 1., 1., 0., 0.,
           0., 1.],
          [0., 0., 0., 0., 0., 1., 0., 0., 0., 0., 0., 0., 1., 1., 0., 1., 1.,
           1., 1.],
          [1., 1., 0., 1., 1., 1., 0., 1., 1., 0., 0., 0., 0., 1., 0., 0., 1.,
           1., 1.],
          [1., 1., 1., 1., 1., 0., 1., 0., 0., 1., 1., 1., 1., 1., 0., 1., 1.,
           1., 1.],
          [1., 1., 0., 1., 0., 0., 1., 0., 0., 0., 0., 1., 1., 1., 0., 1., 1.,
           0., 1.],
          [0., 1., 0., 0., 0., 1., 0., 0., 0., 0., 0., 1., 0., 1., 1., 1., 1.,
           0., 1.],
          [0., 1., 1., 0., 1., 1., 1., 1., 1., 0., 0., 0., 1., 0., 0., 0., 1.,
           1., 0.],
          [1., 1., 1., 0., 0., 0., 0., 1., 1., 0., 1., 0., 0., 0., 1., 0., 1.,
           0., 1.],
          [1., 1., 0., 0., 0., 0., 0., 0., 0., 0., 0., 0., 0., 1., 0., 1., 0.,
           1., 0.],
          [1., 0., 1., 1., 0., 0., 1., 1., 0., 1., 1., 1., 1., 1., 1., 0., 0.,
           0., 1.],
          [1., 0., 0., 0., 1., 1., 0., 1., 0., 1., 0., 1., 1., 0., 1., 0., 0.,
           1., 0.],
          [1., 1., 1., 1., 0., 0., 0., 1., 0., 1., 0., 1., 0., 0., 1., 1., 0.,
           0., 0.]]]], device='cuda:0'), tensor([[0.3445]], device='cuda:0'))
2026-01-08 16:53:46 - INFO - [-3.9772663e-02 -1.6280808e-03  9.4233739e-01 -1.3272376e-01
  9.4233739e-01 -1.3272378e-01 -4.0938184e-02  1.3789907e-04]
2026-01-08 16:53:46 - INFO - (tensor([[[[0., 1., 1., 1., 1., 0., 1., 1., 0., 1., 0., 1., 1., 0., 1., 0., 0.,
           1., 0.],
          [1., 1., 1., 1., 1., 0., 1., 0., 1., 0., 0., 0., 0., 1., 0., 1., 0.,
           0., 0.],
          [1., 1., 1., 0., 1., 0., 1., 1., 0., 1., 0., 0., 0., 0., 1., 0., 0.,
           0., 1.],
          [1., 0., 0., 1., 0., 1., 0., 0., 1., 0., 1., 0., 1., 1., 1., 0., 0.,
           1., 0.],
          [1., 1., 0., 1., 1., 1., 1., 0., 1., 1., 1., 0., 0., 1., 1., 1., 0.,
           0., 0.],
          [1., 1., 1., 1., 1., 1., 0., 1., 0., 1., 1., 0., 0., 1., 0., 1., 1.,
           0., 1.],
          [1., 1., 1., 1., 1., 1., 1., 0., 1., 0., 1., 0., 1., 0., 0., 1., 1.,
           0., 0.],
          [0., 1., 1., 1., 0., 0., 1., 1., 0., 1., 0., 1., 0., 1., 1., 0., 0.,
           0., 1.],
          [0., 0., 0., 0., 0., 1., 0., 0., 0., 0., 0., 0., 1., 1., 0., 1., 1.,
           1., 1.],
          [1., 1., 0., 1., 1., 1., 0., 1., 1., 0., 0., 0., 0., 1., 0., 0., 1.,
           1., 1.],
          [1., 1., 1., 1., 1., 0., 1., 0., 0., 1., 1., 1., 1., 1., 0., 1., 1.,
           1., 1.],
          [1., 1., 0., 1., 0., 0., 1., 0., 0., 0., 0., 1., 1., 1., 0., 1., 1.,
           0., 1.],
          [0., 1., 0., 0., 0., 1., 0., 0., 0., 0., 0., 1., 0., 1., 1., 1., 1.,
           0., 1.],
          [0., 1., 1., 0., 1., 1., 1., 1., 1., 0., 0., 0., 1., 0., 0., 0., 1.,
           1., 0.],
          [1., 1., 1., 0., 0., 0., 0., 1., 1., 0., 1., 0., 0., 0., 1., 0., 1.,
           0., 1.],
          [1., 1., 0., 0., 0., 0., 0., 0., 0., 0., 0., 0., 0., 1., 0., 1., 0.,
           1., 0.],
          [1., 0., 1., 1., 0., 0., 1., 1., 0., 1., 1., 1., 1., 1., 1., 0., 0.,
           0., 1.],
          [1., 0., 0., 0., 1., 1., 0., 1., 0., 1., 0., 1., 1., 0., 1., 0., 0.,
           1., 0.],
          [1., 1., 1., 1., 0., 0., 0., 1., 0., 1., 0., 1., 0., 0., 1., 1., 0.,
           0., 0.]]]], device='cuda:0'), tensor([[0.3478]], device='cuda:0'))
2026-01-08 16:53:46 - INFO - [-3.9791066e-02 -1.4212048e-03  9.4212496e-01 -1.3359396e-01
  9.4212490e-01 -1.3359395e-01 -4.0980283e-02  4.3322888e-04]
2026-01-08 16:53:46 - INFO - (tensor([[[[0., 1., 1., 1., 1., 0., 1., 1., 0., 1., 0., 1., 1., 0., 1., 0., 0.,
           1., 0.],
          [1., 1., 1., 1., 1., 0., 1., 0., 1., 0., 0., 0., 0., 1., 0., 1., 0.,
           0., 0.],
          [1., 1., 1., 0., 1., 0., 1., 1., 0., 1., 0., 0., 0., 0., 1., 0., 0.,
           0., 1.],
          [1., 0., 0., 1., 0., 1., 0., 0., 1., 0., 1., 0., 1., 1., 1., 0., 0.,
           1., 0.],
          [1., 1., 0., 1., 1., 1., 1., 0., 1., 1., 1., 0., 0., 1., 1., 1., 0.,
           0., 0.],
          [1., 1., 1., 1., 1., 1., 0., 1., 0., 1., 1., 0., 0., 1., 0., 1., 1.,
           0., 1.],
          [1., 1., 1., 1., 1., 1., 1., 0., 1., 0., 1., 0., 1., 0., 0., 1., 1.,
           0., 0.],
          [0., 1., 1., 1., 0., 0., 1., 1., 0., 1., 0., 1., 0., 1., 1., 0., 0.,
           0., 1.],
          [0., 0., 0., 0., 0., 1., 0., 0., 0., 0., 0., 0., 1., 1., 0., 1., 1.,
           1., 1.],
          [1., 1., 0., 1., 1., 1., 0., 1., 1., 0., 0., 0., 0., 1., 0., 0., 1.,
           1., 1.],
          [1., 1., 1., 1., 1., 0., 1., 0., 0., 1., 1., 1., 1., 1., 0., 1., 1.,
           1., 1.],
          [1., 1., 0., 1., 0., 0., 1., 0., 0., 0., 0., 1., 1., 1., 0., 1., 1.,
           0., 1.],
          [0., 1., 0., 0., 0., 1., 0., 0., 0., 0., 0., 1., 0., 1., 1., 1., 1.,
           0., 1.],
          [0., 1., 1., 0., 1., 1., 1., 1., 1., 0., 0., 0., 1., 0., 0., 0., 1.,
           1., 0.],
          [1., 1., 1., 0., 0., 0., 0., 1., 1., 0., 1., 0., 0., 0., 1., 0., 1.,
           0., 1.],
          [1., 1., 0., 0., 0., 0., 0., 0., 0., 0., 0., 0., 0., 1., 0., 1., 0.,
           1., 0.],
          [1., 0., 1., 1., 0., 0., 1., 1., 0., 1., 1., 1., 1., 1., 1., 0., 0.,
           0., 1.],
          [1., 0., 0., 0., 1., 1., 0., 1., 0., 1., 0., 1., 1., 0., 1., 0., 0.,
           1., 0.],
          [1., 1., 1., 1., 0., 0., 0., 1., 0., 1., 0., 1., 0., 0., 1., 1., 0.,
           0., 0.]]]], device='cuda:0'), tensor([[0.3512]], device='cuda:0'))
2026-01-08 16:53:46 - INFO - [-3.9807454e-02 -1.1800708e-03  9.4188470e-01 -1.3455121e-01
  9.4188470e-01 -1.3455123e-01 -4.1019496e-02  7.2853256e-04]
2026-01-08 16:53:46 - INFO - (tensor([[[[0., 1., 1., 1., 1., 0., 1., 1., 0., 1., 0., 1., 1., 0., 1., 0., 0.,
           1., 0.],
          [1., 1., 1., 1., 1., 0., 1., 0., 1., 0., 0., 0., 0., 1., 0., 1., 0.,
           0., 0.],
          [1., 1., 1., 0., 1., 0., 1., 1., 0., 1., 0., 0., 0., 0., 1., 0., 0.,
           0., 1.],
          [1., 0., 0., 1., 0., 1., 0., 0., 1., 0., 1., 0., 1., 1., 1., 0., 0.,
           1., 0.],
          [1., 1., 0., 1., 1., 1., 1., 0., 1., 1., 1., 0., 0., 1., 1., 1., 0.,
           0., 0.],
          [1., 1., 1., 1., 1., 1., 0., 1., 0., 1., 1., 0., 0., 1., 0., 1., 1.,
           0., 1.],
          [1., 1., 1., 1., 1., 1., 1., 0., 1., 0., 1., 0., 1., 0., 0., 1., 1.,
           0., 0.],
          [0., 1., 1., 1., 0., 0., 1., 1., 0., 1., 0., 1., 0., 1., 1., 0., 0.,
           0., 1.],
          [0., 0., 0., 0., 0., 1., 0., 0., 0., 0., 0., 0., 1., 1., 0., 1., 1.,
           1., 1.],
          [1., 1., 0., 1., 1., 1., 0., 1., 1., 0., 0., 0., 0., 1., 0., 0., 1.,
           1., 1.],
          [1., 1., 1., 1., 1., 0., 1., 0., 0., 1., 1., 1., 1., 1., 0., 1., 1.,
           1., 1.],
          [1., 1., 0., 1., 0., 0., 1., 0., 0., 0., 0., 1., 1., 1., 0., 1., 1.,
           0., 1.],
          [0., 1., 0., 0., 0., 1., 0., 0., 0., 0., 0., 1., 0., 1., 1., 1., 1.,
           0., 1.],
          [0., 1., 1., 0., 1., 1., 1., 1., 1., 0., 0., 0., 1., 0., 0., 0., 1.,
           1., 0.],
          [1., 1., 1., 0., 0., 0., 0., 1., 1., 0., 1., 0., 0., 0., 1., 0., 1.,
           0., 1.],
          [1., 1., 0., 0., 0., 0., 0., 0., 0., 0., 0., 0., 0., 1., 0., 1., 0.,
           1., 0.],
          [1., 0., 1., 1., 0., 0., 1., 1., 0., 1., 1., 1., 1., 1., 1., 0., 0.,
           0., 1.],
          [1., 0., 0., 0., 1., 1., 0., 1., 0., 1., 0., 1., 1., 0., 1., 0., 0.,
           1., 0.],
          [1., 1., 1., 1., 0., 0., 0., 1., 0., 1., 0., 1., 0., 0., 1., 1., 0.,
           0., 0.]]]], device='cuda:0'), tensor([[0.3545]], device='cuda:0'))
2026-01-08 16:53:46 - INFO - [-3.9816976e-02 -8.6425594e-04  9.4158632e-01 -1.3566607e-01
  9.4158632e-01 -1.3566607e-01 -4.1060027e-02  1.0692473e-03]
2026-01-08 16:53:46 - INFO - (tensor([[[[0., 1., 1., 1., 1., 0., 1., 1., 0., 1., 0., 1., 1., 0., 1., 0., 0.,
           1., 0.],
          [1., 1., 1., 1., 1., 0., 1., 0., 1., 0., 0., 0., 0., 1., 0., 1., 0.,
           0., 0.],
          [1., 1., 1., 0., 1., 0., 1., 1., 0., 1., 0., 0., 0., 0., 1., 0., 0.,
           0., 1.],
          [1., 0., 0., 1., 0., 1., 0., 0., 1., 0., 1., 0., 1., 1., 1., 0., 0.,
           1., 0.],
          [1., 1., 0., 1., 1., 1., 1., 0., 1., 1., 1., 0., 0., 1., 1., 1., 0.,
           0., 0.],
          [1., 1., 1., 1., 1., 1., 0., 1., 0., 1., 1., 0., 0., 1., 0., 1., 1.,
           0., 1.],
          [1., 1., 1., 1., 1., 1., 1., 0., 1., 0., 1., 0., 1., 0., 0., 1., 1.,
           0., 0.],
          [0., 1., 1., 1., 0., 0., 1., 1., 0., 1., 0., 1., 0., 1., 1., 0., 0.,
           0., 1.],
          [0., 0., 0., 0., 0., 1., 0., 0., 0., 0., 0., 0., 1., 1., 0., 1., 1.,
           1., 1.],
          [1., 1., 0., 1., 1., 1., 0., 1., 1., 0., 0., 0., 0., 1., 0., 0., 1.,
           1., 1.],
          [1., 1., 1., 1., 1., 0., 1., 0., 0., 1., 1., 1., 1., 1., 0., 1., 1.,
           1., 1.],
          [1., 1., 0., 1., 0., 0., 1., 0., 0., 0., 0., 1., 1., 1., 0., 1., 1.,
           0., 1.],
          [0., 1., 0., 0., 0., 1., 0., 0., 0., 0., 0., 1., 0., 1., 1., 1., 1.,
           0., 1.],
          [0., 1., 1., 0., 1., 1., 1., 1., 1., 0., 0., 0., 1., 0., 0., 0., 1.,
           1., 0.],
          [1., 1., 1., 0., 0., 0., 0., 1., 1., 0., 1., 0., 0., 0., 1., 0., 1.,
           0., 1.],
          [1., 1., 0., 0., 0., 0., 0., 0., 0., 0., 0., 0., 0., 1., 0., 1., 0.,
           1., 0.],
          [1., 0., 1., 1., 0., 0., 1., 1., 0., 1., 1., 1., 1., 1., 1., 0., 0.,
           0., 1.],
          [1., 0., 0., 0., 1., 1., 0., 1., 0., 1., 0., 1., 1., 0., 1., 0., 0.,
           1., 0.],
          [1., 1., 1., 1., 0., 0., 0., 1., 0., 1., 0., 1., 0., 0., 1., 1., 0.,
           0., 0.]]]], device='cuda:0'), tensor([[0.3579]], device='cuda:0'))
2026-01-08 16:53:46 - INFO - [-3.9823998e-02 -5.8823073e-04  9.4128281e-01 -1.3678575e-01
  9.4128281e-01 -1.3678575e-01 -4.1113809e-02  1.4290279e-03]
2026-01-08 16:53:46 - INFO - (tensor([[[[0., 1., 1., 1., 1., 0., 1., 1., 0., 1., 0., 1., 1., 0., 1., 0., 0.,
           1., 0.],
          [1., 1., 1., 1., 1., 0., 1., 0., 1., 0., 0., 0., 0., 1., 0., 1., 0.,
           0., 0.],
          [1., 1., 1., 0., 1., 0., 1., 1., 0., 1., 0., 0., 0., 0., 1., 0., 0.,
           0., 1.],
          [1., 0., 0., 1., 0., 1., 0., 0., 1., 0., 1., 0., 1., 1., 1., 0., 0.,
           1., 0.],
          [1., 1., 0., 1., 1., 1., 1., 0., 1., 1., 1., 0., 0., 1., 1., 1., 0.,
           0., 0.],
          [1., 1., 1., 1., 1., 1., 0., 1., 0., 1., 1., 0., 0., 1., 0., 1., 1.,
           0., 1.],
          [1., 1., 1., 1., 1., 1., 1., 0., 1., 0., 1., 0., 1., 0., 0., 1., 1.,
           0., 0.],
          [0., 1., 1., 1., 0., 0., 1., 1., 0., 1., 0., 1., 0., 1., 1., 0., 0.,
           0., 1.],
          [0., 0., 0., 0., 0., 1., 0., 0., 0., 0., 0., 0., 1., 1., 0., 1., 1.,
           1., 1.],
          [1., 1., 0., 1., 1., 1., 0., 1., 1., 0., 0., 0., 0., 1., 0., 0., 1.,
           1., 1.],
          [1., 1., 1., 1., 1., 0., 1., 0., 0., 1., 1., 1., 1., 1., 0., 1., 1.,
           1., 1.],
          [1., 1., 0., 1., 0., 0., 1., 0., 0., 0., 0., 1., 1., 1., 0., 1., 1.,
           0., 1.],
          [0., 1., 0., 0., 0., 1., 0., 0., 0., 0., 0., 1., 0., 1., 1., 1., 1.,
           0., 1.],
          [0., 1., 1., 0., 1., 1., 1., 1., 1., 0., 0., 0., 1., 0., 0., 0., 1.,
           1., 0.],
          [1., 1., 1., 0., 0., 0., 0., 1., 1., 0., 1., 0., 0., 0., 1., 0., 1.,
           0., 1.],
          [1., 1., 0., 0., 0., 0., 0., 0., 0., 0., 0., 0., 0., 1., 0., 1., 0.,
           1., 0.],
          [1., 0., 1., 1., 0., 0., 1., 1., 0., 1., 1., 1., 1., 1., 1., 0., 0.,
           0., 1.],
          [1., 0., 0., 0., 1., 1., 0., 1., 0., 1., 0., 1., 1., 0., 1., 0., 0.,
           1., 0.],
          [1., 1., 1., 1., 0., 0., 0., 1., 0., 1., 0., 1., 0., 0., 1., 1., 0.,
           0., 0.]]]], device='cuda:0'), tensor([[0.3612]], device='cuda:0'))
2026-01-08 16:53:46 - INFO - [-3.9840713e-02 -4.9911434e-04  9.4102466e-01 -1.3780974e-01
  9.4102466e-01 -1.3780975e-01 -4.1191529e-02  1.7137437e-03]
2026-01-08 16:53:46 - INFO - (tensor([[[[0., 1., 1., 1., 1., 0., 1., 1., 0., 1., 0., 1., 1., 0., 1., 0., 0.,
           1., 0.],
          [1., 1., 1., 1., 1., 0., 1., 0., 1., 0., 0., 0., 0., 1., 0., 1., 0.,
           0., 0.],
          [1., 1., 1., 0., 1., 0., 1., 1., 0., 1., 0., 0., 0., 0., 1., 0., 0.,
           0., 1.],
          [1., 0., 0., 1., 0., 1., 0., 0., 1., 0., 1., 0., 1., 1., 1., 0., 0.,
           1., 0.],
          [1., 1., 0., 1., 1., 1., 1., 0., 1., 1., 1., 0., 0., 1., 1., 1., 0.,
           0., 0.],
          [1., 1., 1., 1., 1., 1., 0., 1., 0., 1., 1., 0., 0., 1., 0., 1., 1.,
           0., 1.],
          [1., 1., 1., 1., 1., 1., 1., 0., 1., 0., 1., 0., 1., 0., 0., 1., 1.,
           0., 0.],
          [0., 1., 1., 1., 0., 0., 1., 1., 0., 1., 0., 1., 0., 1., 1., 0., 0.,
           0., 1.],
          [0., 0., 0., 0., 0., 1., 0., 0., 0., 0., 0., 0., 1., 1., 0., 1., 1.,
           1., 1.],
          [1., 1., 0., 1., 1., 1., 0., 1., 1., 0., 0., 0., 0., 1., 0., 0., 1.,
           1., 1.],
          [1., 1., 1., 1., 1., 0., 1., 0., 0., 1., 1., 1., 1., 1., 0., 1., 1.,
           1., 1.],
          [1., 1., 0., 1., 0., 0., 1., 0., 0., 0., 0., 1., 1., 1., 0., 1., 1.,
           0., 1.],
          [0., 1., 0., 0., 0., 1., 0., 0., 0., 0., 0., 1., 0., 1., 1., 1., 1.,
           0., 1.],
          [0., 1., 1., 0., 1., 1., 1., 1., 1., 0., 0., 0., 1., 0., 0., 0., 1.,
           1., 0.],
          [1., 1., 1., 0., 0., 0., 0., 1., 1., 0., 1., 0., 0., 0., 1., 0., 1.,
           0., 1.],
          [1., 1., 0., 0., 0., 0., 0., 0., 0., 0., 0., 0., 0., 1., 0., 1., 0.,
           1., 0.],
          [1., 0., 1., 1., 0., 0., 1., 1., 0., 1., 1., 1., 1., 1., 1., 0., 0.,
           0., 1.],
          [1., 0., 0., 0., 1., 1., 0., 1., 0., 1., 0., 1., 1., 0., 1., 0., 0.,
           1., 0.],
          [1., 1., 1., 1., 0., 0., 0., 1., 0., 1., 0., 1., 0., 0., 1., 1., 0.,
           0., 0.]]]], device='cuda:0'), tensor([[0.3645]], device='cuda:0'))
2026-01-08 16:53:46 - INFO - [-3.9886996e-02 -4.2765957e-04  9.4077241e-01 -1.3875370e-01
  9.4077241e-01 -1.3875370e-01 -4.1267484e-02  1.9077784e-03]
2026-01-08 16:53:46 - INFO - (tensor([[[[0., 1., 1., 1., 1., 0., 1., 1., 0., 1., 0., 1., 1., 0., 1., 0., 0.,
           1., 0.],
          [1., 1., 1., 1., 1., 0., 1., 0., 1., 0., 0., 0., 0., 1., 0., 1., 0.,
           0., 0.],
          [1., 1., 1., 0., 1., 0., 1., 1., 0., 1., 0., 0., 0., 0., 1., 0., 0.,
           0., 1.],
          [1., 0., 0., 1., 0., 1., 0., 0., 1., 0., 1., 0., 1., 1., 1., 0., 0.,
           1., 0.],
          [1., 1., 0., 1., 1., 1., 1., 0., 1., 1., 1., 0., 0., 1., 1., 1., 0.,
           0., 0.],
          [1., 1., 1., 1., 1., 1., 0., 1., 0., 1., 1., 0., 0., 1., 0., 1., 1.,
           0., 1.],
          [1., 1., 1., 1., 1., 1., 1., 0., 1., 0., 1., 0., 1., 0., 0., 1., 1.,
           0., 0.],
          [0., 1., 1., 1., 0., 0., 1., 1., 0., 1., 0., 1., 0., 1., 1., 0., 0.,
           0., 1.],
          [0., 0., 0., 0., 0., 1., 0., 0., 0., 0., 0., 0., 1., 1., 0., 1., 1.,
           1., 1.],
          [1., 1., 0., 1., 1., 1., 0., 1., 1., 0., 0., 0., 0., 1., 0., 0., 1.,
           1., 1.],
          [1., 1., 1., 1., 1., 0., 1., 0., 0., 1., 1., 1., 1., 1., 0., 1., 1.,
           1., 1.],
          [1., 1., 0., 1., 0., 0., 1., 0., 0., 0., 0., 1., 1., 1., 0., 1., 1.,
           0., 1.],
          [0., 1., 0., 0., 0., 1., 0., 0., 0., 0., 0., 1., 0., 1., 1., 1., 1.,
           0., 1.],
          [0., 1., 1., 0., 1., 1., 1., 1., 1., 0., 0., 0., 1., 0., 0., 0., 1.,
           1., 0.],
          [1., 1., 1., 0., 0., 0., 0., 1., 1., 0., 1., 0., 0., 0., 1., 0., 1.,
           0., 1.],
          [1., 1., 0., 0., 0., 0., 0., 0., 0., 0., 0., 0., 0., 1., 0., 1., 0.,
           1., 0.],
          [1., 0., 1., 1., 0., 0., 1., 1., 0., 1., 1., 1., 1., 1., 1., 0., 0.,
           0., 1.],
          [1., 0., 0., 0., 1., 1., 0., 1., 0., 1., 0., 1., 1., 0., 1., 0., 0.,
           1., 0.],
          [1., 1., 1., 1., 0., 0., 0., 1., 0., 1., 0., 1., 0., 0., 1., 1., 0.,
           0., 0.]]]], device='cuda:0'), tensor([[0.3679]], device='cuda:0'))
2026-01-08 16:53:46 - INFO - [-3.9917503e-02 -2.5165826e-04  9.4052696e-01 -1.3959092e-01
  9.4052696e-01 -1.3959093e-01 -4.1321803e-02  2.1099343e-03]
2026-01-08 16:53:46 - INFO - (tensor([[[[0., 1., 1., 1., 1., 0., 1., 1., 0., 1., 0., 1., 1., 0., 1., 0., 0.,
           1., 0.],
          [1., 1., 1., 1., 1., 0., 1., 0., 1., 0., 0., 0., 0., 1., 0., 1., 0.,
           0., 0.],
          [1., 1., 1., 0., 1., 0., 1., 1., 0., 1., 0., 0., 0., 0., 1., 0., 0.,
           0., 1.],
          [1., 0., 0., 1., 0., 1., 0., 0., 1., 0., 1., 0., 1., 1., 1., 0., 0.,
           1., 0.],
          [1., 1., 0., 1., 1., 1., 1., 0., 1., 1., 1., 0., 0., 1., 1., 1., 0.,
           0., 0.],
          [1., 1., 1., 1., 1., 1., 0., 1., 0., 1., 1., 0., 0., 1., 0., 1., 1.,
           0., 1.],
          [1., 1., 1., 1., 1., 1., 1., 0., 1., 0., 1., 0., 1., 0., 0., 1., 1.,
           0., 0.],
          [0., 1., 1., 1., 0., 0., 1., 1., 0., 1., 0., 1., 0., 1., 1., 0., 0.,
           0., 1.],
          [0., 0., 0., 0., 0., 1., 0., 0., 0., 0., 0., 0., 1., 1., 0., 1., 1.,
           1., 1.],
          [1., 1., 0., 1., 1., 1., 0., 1., 1., 0., 0., 0., 0., 1., 0., 0., 1.,
           1., 1.],
          [1., 1., 1., 1., 1., 0., 1., 0., 0., 1., 1., 1., 1., 1., 0., 1., 1.,
           1., 1.],
          [1., 1., 0., 1., 0., 0., 1., 0., 0., 0., 0., 1., 1., 1., 0., 1., 1.,
           0., 1.],
          [0., 1., 0., 0., 0., 1., 0., 0., 0., 0., 0., 1., 0., 1., 1., 1., 1.,
           0., 1.],
          [0., 1., 1., 0., 1., 1., 1., 1., 1., 0., 0., 0., 1., 0., 0., 0., 1.,
           1., 0.],
          [1., 1., 1., 0., 0., 0., 0., 1., 1., 0., 1., 0., 0., 0., 1., 0., 1.,
           0., 1.],
          [1., 1., 0., 0., 0., 0., 0., 0., 0., 0., 0., 0., 0., 1., 0., 1., 0.,
           1., 0.],
          [1., 0., 1., 1., 0., 0., 1., 1., 0., 1., 1., 1., 1., 1., 1., 0., 0.,
           0., 1.],
          [1., 0., 0., 0., 1., 1., 0., 1., 0., 1., 0., 1., 1., 0., 1., 0., 0.,
           1., 0.],
          [1., 1., 1., 1., 0., 0., 0., 1., 0., 1., 0., 1., 0., 0., 1., 1., 0.,
           0., 0.]]]], device='cuda:0'), tensor([[0.3712]], device='cuda:0'))
2026-01-08 16:53:46 - INFO - [-3.9953336e-02 -6.9580972e-05  9.4026494e-01 -1.4048798e-01
  9.4026494e-01 -1.4048798e-01 -4.1386712e-02  2.3054960e-03]
2026-01-08 16:53:46 - INFO - (tensor([[[[0., 1., 1., 1., 1., 0., 1., 1., 0., 1., 0., 1., 1., 0., 1., 0., 0.,
           1., 0.],
          [1., 1., 1., 1., 1., 0., 1., 0., 1., 0., 0., 0., 0., 1., 0., 1., 0.,
           0., 0.],
          [1., 1., 1., 0., 1., 0., 1., 1., 0., 1., 0., 0., 0., 0., 1., 0., 0.,
           0., 1.],
          [1., 0., 0., 1., 0., 1., 0., 0., 1., 0., 1., 0., 1., 1., 1., 0., 0.,
           1., 0.],
          [1., 1., 0., 1., 1., 1., 1., 0., 1., 1., 1., 0., 0., 1., 1., 1., 0.,
           0., 0.],
          [1., 1., 1., 1., 1., 1., 0., 1., 0., 1., 1., 0., 0., 1., 0., 1., 1.,
           0., 1.],
          [1., 1., 1., 1., 1., 1., 1., 0., 1., 0., 1., 0., 1., 0., 0., 1., 1.,
           0., 0.],
          [0., 1., 1., 1., 0., 0., 1., 1., 0., 1., 0., 1., 0., 1., 1., 0., 0.,
           0., 1.],
          [0., 0., 0., 0., 0., 1., 0., 0., 0., 0., 0., 0., 1., 1., 0., 1., 1.,
           1., 1.],
          [1., 1., 0., 1., 1., 1., 0., 1., 1., 0., 0., 0., 0., 1., 0., 0., 1.,
           1., 1.],
          [1., 1., 1., 1., 1., 0., 1., 0., 0., 1., 1., 1., 1., 1., 0., 1., 1.,
           1., 1.],
          [1., 1., 0., 1., 0., 0., 1., 0., 0., 0., 0., 1., 1., 1., 0., 1., 1.,
           0., 1.],
          [0., 1., 0., 0., 0., 1., 0., 0., 0., 0., 0., 1., 0., 1., 1., 1., 1.,
           0., 1.],
          [0., 1., 1., 0., 1., 1., 1., 1., 1., 0., 0., 0., 1., 0., 0., 0., 1.,
           1., 0.],
          [1., 1., 1., 0., 0., 0., 0., 1., 1., 0., 1., 0., 0., 0., 1., 0., 1.,
           0., 1.],
          [1., 1., 0., 0., 0., 0., 0., 0., 0., 0., 0., 0., 0., 1., 0., 1., 0.,
           1., 0.],
          [1., 0., 1., 1., 0., 0., 1., 1., 0., 1., 1., 1., 1., 1., 1., 0., 0.,
           0., 1.],
          [1., 0., 0., 0., 1., 1., 0., 1., 0., 1., 0., 1., 1., 0., 1., 0., 0.,
           1., 0.],
          [1., 1., 1., 1., 0., 0., 0., 1., 0., 1., 0., 1., 0., 0., 1., 1., 0.,
           0., 0.]]]], device='cuda:0'), tensor([[0.3746]], device='cuda:0'))
2026-01-08 16:53:46 - INFO - [-3.99894863e-02  1.17029995e-04  9.39995646e-01 -1.41412586e-01
  9.39995646e-01 -1.41412586e-01 -4.14660163e-02  2.47961516e-03]
2026-01-08 16:53:46 - INFO - (tensor([[[[0., 1., 1., 1., 1., 0., 1., 1., 0., 1., 0., 1., 1., 0., 1., 0., 0.,
           1., 0.],
          [1., 1., 1., 1., 1., 0., 1., 0., 1., 0., 0., 0., 0., 1., 0., 1., 0.,
           0., 0.],
          [1., 1., 1., 0., 1., 0., 1., 1., 0., 1., 0., 0., 0., 0., 1., 0., 0.,
           0., 1.],
          [1., 0., 0., 1., 0., 1., 0., 0., 1., 0., 1., 0., 1., 1., 1., 0., 0.,
           1., 0.],
          [1., 1., 0., 1., 1., 1., 1., 0., 1., 1., 1., 0., 0., 1., 1., 1., 0.,
           0., 0.],
          [1., 1., 1., 1., 1., 1., 0., 1., 0., 1., 1., 0., 0., 1., 0., 1., 1.,
           0., 1.],
          [1., 1., 1., 1., 1., 1., 1., 0., 1., 0., 1., 0., 1., 0., 0., 1., 1.,
           0., 0.],
          [0., 1., 1., 1., 0., 0., 1., 1., 0., 1., 0., 1., 0., 1., 1., 0., 0.,
           0., 1.],
          [0., 0., 0., 0., 0., 1., 0., 0., 0., 0., 0., 0., 1., 1., 0., 1., 1.,
           1., 1.],
          [1., 1., 0., 1., 1., 1., 0., 1., 1., 0., 0., 0., 0., 1., 0., 0., 1.,
           1., 1.],
          [1., 1., 1., 1., 1., 0., 1., 0., 0., 1., 1., 1., 1., 1., 0., 1., 1.,
           1., 1.],
          [1., 1., 0., 1., 0., 0., 1., 0., 0., 0., 0., 1., 1., 1., 0., 1., 1.,
           0., 1.],
          [0., 1., 0., 0., 0., 1., 0., 0., 0., 0., 0., 1., 0., 1., 1., 1., 1.,
           0., 1.],
          [0., 1., 1., 0., 1., 1., 1., 1., 1., 0., 0., 0., 1., 0., 0., 0., 1.,
           1., 0.],
          [1., 1., 1., 0., 0., 0., 0., 1., 1., 0., 1., 0., 0., 0., 1., 0., 1.,
           0., 1.],
          [1., 1., 0., 0., 0., 0., 0., 0., 0., 0., 0., 0., 0., 1., 0., 1., 0.,
           1., 0.],
          [1., 0., 1., 1., 0., 0., 1., 1., 0., 1., 1., 1., 1., 1., 1., 0., 0.,
           0., 1.],
          [1., 0., 0., 0., 1., 1., 0., 1., 0., 1., 0., 1., 1., 0., 1., 0., 0.,
           1., 0.],
          [1., 1., 1., 1., 0., 0., 0., 1., 0., 1., 0., 1., 0., 0., 1., 1., 0.,
           0., 0.]]]], device='cuda:0'), tensor([[0.3779]], device='cuda:0'))
2026-01-08 16:53:46 - INFO - [-4.0010806e-02  2.5696307e-04  9.3976772e-01 -1.4218161e-01
  9.3976772e-01 -1.4218161e-01 -4.1560020e-02  2.6347502e-03]
2026-01-08 16:53:46 - INFO - (tensor([[[[0., 1., 1., 1., 1., 0., 1., 1., 0., 1., 0., 1., 1., 0., 1., 0., 0.,
           1., 0.],
          [1., 1., 1., 1., 1., 0., 1., 0., 1., 0., 0., 0., 0., 1., 0., 1., 0.,
           0., 0.],
          [1., 1., 1., 0., 1., 0., 1., 1., 0., 1., 0., 0., 0., 0., 1., 0., 0.,
           0., 1.],
          [1., 0., 0., 1., 0., 1., 0., 0., 1., 0., 1., 0., 1., 1., 1., 0., 0.,
           1., 0.],
          [1., 1., 0., 1., 1., 1., 1., 0., 1., 1., 1., 0., 0., 1., 1., 1., 0.,
           0., 0.],
          [1., 1., 1., 1., 1., 1., 0., 1., 0., 1., 1., 0., 0., 1., 0., 1., 1.,
           0., 1.],
          [1., 1., 1., 1., 1., 1., 1., 0., 1., 0., 1., 0., 1., 0., 0., 1., 1.,
           0., 0.],
          [0., 1., 1., 1., 0., 0., 1., 1., 0., 1., 0., 1., 0., 1., 1., 0., 0.,
           0., 1.],
          [0., 0., 0., 0., 0., 1., 0., 0., 0., 0., 0., 0., 1., 1., 0., 1., 1.,
           1., 1.],
          [1., 1., 0., 1., 1., 1., 0., 1., 1., 0., 0., 0., 0., 1., 0., 0., 1.,
           1., 1.],
          [1., 1., 1., 1., 1., 0., 1., 0., 0., 1., 1., 1., 1., 1., 0., 1., 1.,
           1., 1.],
          [1., 1., 0., 1., 0., 0., 1., 0., 0., 0., 0., 1., 1., 1., 0., 1., 1.,
           0., 1.],
          [0., 1., 0., 0., 0., 1., 0., 0., 0., 0., 0., 1., 0., 1., 1., 1., 1.,
           0., 1.],
          [0., 1., 1., 0., 1., 1., 1., 1., 1., 0., 0., 0., 1., 0., 0., 0., 1.,
           1., 0.],
          [1., 1., 1., 0., 0., 0., 0., 1., 1., 0., 1., 0., 0., 0., 1., 0., 1.,
           0., 1.],
          [1., 1., 0., 0., 0., 0., 0., 0., 0., 0., 0., 0., 0., 1., 0., 1., 0.,
           1., 0.],
          [1., 0., 1., 1., 0., 0., 1., 1., 0., 1., 1., 1., 1., 1., 1., 0., 0.,
           0., 1.],
          [1., 0., 0., 0., 1., 1., 0., 1., 0., 1., 0., 1., 1., 0., 1., 0., 0.,
           1., 0.],
          [1., 1., 1., 1., 0., 0., 0., 1., 0., 1., 0., 1., 0., 0., 1., 1., 0.,
           0., 0.]]]], device='cuda:0'), tensor([[0.3813]], device='cuda:0'))
2026-01-08 16:53:46 - INFO - [-4.0062662e-02  4.2869893e-04  9.3950671e-01 -1.4328898e-01
  9.3950665e-01 -1.4328898e-01 -4.1642543e-02  2.7781951e-03]
2026-01-08 16:53:46 - INFO - (tensor([[[[0., 1., 1., 1., 1., 0., 1., 1., 0., 1., 0., 1., 1., 0., 1., 0., 0.,
           1., 0.],
          [1., 1., 1., 1., 1., 0., 1., 0., 1., 0., 0., 0., 0., 1., 0., 1., 0.,
           0., 0.],
          [1., 1., 1., 0., 1., 0., 1., 1., 0., 1., 0., 0., 0., 0., 1., 0., 0.,
           0., 1.],
          [1., 0., 0., 1., 0., 1., 0., 0., 1., 0., 1., 0., 1., 1., 1., 0., 0.,
           1., 0.],
          [1., 1., 0., 1., 1., 1., 1., 0., 1., 1., 1., 0., 0., 1., 1., 1., 0.,
           0., 0.],
          [1., 1., 1., 1., 1., 1., 0., 1., 0., 1., 1., 0., 0., 1., 0., 1., 1.,
           0., 1.],
          [1., 1., 1., 1., 1., 1., 1., 0., 1., 0., 1., 0., 1., 0., 0., 1., 1.,
           0., 0.],
          [0., 1., 1., 1., 0., 0., 1., 1., 0., 1., 0., 1., 0., 1., 1., 0., 0.,
           0., 1.],
          [0., 0., 0., 0., 0., 1., 0., 0., 0., 0., 0., 0., 1., 1., 0., 1., 1.,
           1., 1.],
          [1., 1., 0., 1., 1., 1., 0., 1., 1., 0., 0., 0., 0., 1., 0., 0., 1.,
           1., 1.],
          [1., 1., 1., 1., 1., 0., 1., 0., 0., 1., 1., 1., 1., 1., 0., 1., 1.,
           1., 1.],
          [1., 1., 0., 1., 0., 0., 1., 0., 0., 0., 0., 1., 1., 1., 0., 1., 1.,
           0., 1.],
          [0., 1., 0., 0., 0., 1., 0., 0., 0., 0., 0., 1., 0., 1., 1., 1., 1.,
           0., 1.],
          [0., 1., 1., 0., 1., 1., 1., 1., 1., 0., 0., 0., 1., 0., 0., 0., 1.,
           1., 0.],
          [1., 1., 1., 0., 0., 0., 0., 1., 1., 0., 1., 0., 0., 0., 1., 0., 1.,
           0., 1.],
          [1., 1., 0., 0., 0., 0., 0., 0., 0., 0., 0., 0., 0., 1., 0., 1., 0.,
           1., 0.],
          [1., 0., 1., 1., 0., 0., 1., 1., 0., 1., 1., 1., 1., 1., 1., 0., 0.,
           0., 1.],
          [1., 0., 0., 0., 1., 1., 0., 1., 0., 1., 0., 1., 1., 0., 1., 0., 0.,
           1., 0.],
          [1., 1., 1., 1., 0., 0., 0., 1., 0., 1., 0., 1., 0., 0., 1., 1., 0.,
           0., 0.]]]], device='cuda:0'), tensor([[0.3846]], device='cuda:0'))
2026-01-08 16:53:46 - INFO - [-4.0133722e-02  5.9166172e-04  9.3927747e-01 -1.4436735e-01
  9.3927747e-01 -1.4436735e-01 -4.1685198e-02  2.8916292e-03]
2026-01-08 16:53:46 - INFO - (tensor([[[[0., 1., 1., 1., 1., 0., 1., 1., 0., 1., 0., 1., 1., 0., 1., 0., 0.,
           1., 0.],
          [1., 1., 1., 1., 1., 0., 1., 0., 1., 0., 0., 0., 0., 1., 0., 1., 0.,
           0., 0.],
          [1., 1., 1., 0., 1., 0., 1., 1., 0., 1., 0., 0., 0., 0., 1., 0., 0.,
           0., 1.],
          [1., 0., 0., 1., 0., 1., 0., 0., 1., 0., 1., 0., 1., 1., 1., 0., 0.,
           1., 0.],
          [1., 1., 0., 1., 1., 1., 1., 0., 1., 1., 1., 0., 0., 1., 1., 1., 0.,
           0., 0.],
          [1., 1., 1., 1., 1., 1., 0., 1., 0., 1., 1., 0., 0., 1., 0., 1., 1.,
           0., 1.],
          [1., 1., 1., 1., 1., 1., 1., 0., 1., 0., 1., 0., 1., 0., 0., 1., 1.,
           0., 0.],
          [0., 1., 1., 1., 0., 0., 1., 1., 0., 1., 0., 1., 0., 1., 1., 0., 0.,
           0., 1.],
          [0., 0., 0., 0., 0., 1., 0., 0., 0., 0., 0., 0., 1., 1., 0., 1., 1.,
           1., 1.],
          [1., 1., 0., 1., 1., 1., 0., 1., 1., 0., 0., 0., 0., 1., 0., 0., 1.,
           1., 1.],
          [1., 1., 1., 1., 1., 0., 1., 0., 0., 1., 1., 1., 1., 1., 0., 1., 1.,
           1., 1.],
          [1., 1., 0., 1., 0., 0., 1., 0., 0., 0., 0., 1., 1., 1., 0., 1., 1.,
           0., 1.],
          [0., 1., 0., 0., 0., 1., 0., 0., 0., 0., 0., 1., 0., 1., 1., 1., 1.,
           0., 1.],
          [0., 1., 1., 0., 1., 1., 1., 1., 1., 0., 0., 0., 1., 0., 0., 0., 1.,
           1., 0.],
          [1., 1., 1., 0., 0., 0., 0., 1., 1., 0., 1., 0., 0., 0., 1., 0., 1.,
           0., 1.],
          [1., 1., 0., 0., 0., 0., 0., 0., 0., 0., 0., 0., 0., 1., 0., 1., 0.,
           1., 0.],
          [1., 0., 1., 1., 0., 0., 1., 1., 0., 1., 1., 1., 1., 1., 1., 0., 0.,
           0., 1.],
          [1., 0., 0., 0., 1., 1., 0., 1., 0., 1., 0., 1., 1., 0., 1., 0., 0.,
           1., 0.],
          [1., 1., 1., 1., 0., 0., 0., 1., 0., 1., 0., 1., 0., 0., 1., 1., 0.,
           0., 0.]]]], device='cuda:0'), tensor([[0.3880]], device='cuda:0'))
2026-01-08 16:53:46 - INFO - [-4.0195946e-02  6.8211171e-04  9.3912011e-01 -1.4520814e-01
  9.3912011e-01 -1.4520815e-01 -4.1721508e-02  2.9308638e-03]
2026-01-08 16:53:46 - INFO - (tensor([[[[0., 1., 1., 1., 1., 0., 1., 1., 0., 1., 0., 1., 1., 0., 1., 0., 0.,
           1., 0.],
          [1., 1., 1., 1., 1., 0., 1., 0., 1., 0., 0., 0., 0., 1., 0., 1., 0.,
           0., 0.],
          [1., 1., 1., 0., 1., 0., 1., 1., 0., 1., 0., 0., 0., 0., 1., 0., 0.,
           0., 1.],
          [1., 0., 0., 1., 0., 1., 0., 0., 1., 0., 1., 0., 1., 1., 1., 0., 0.,
           1., 0.],
          [1., 1., 0., 1., 1., 1., 1., 0., 1., 1., 1., 0., 0., 1., 1., 1., 0.,
           0., 0.],
          [1., 1., 1., 1., 1., 1., 0., 1., 0., 1., 1., 0., 0., 1., 0., 1., 1.,
           0., 1.],
          [1., 1., 1., 1., 1., 1., 1., 0., 1., 0., 1., 0., 1., 0., 0., 1., 1.,
           0., 0.],
          [0., 1., 1., 1., 0., 0., 1., 1., 0., 1., 0., 1., 0., 1., 1., 0., 0.,
           0., 1.],
          [0., 0., 0., 0., 0., 1., 0., 0., 0., 0., 0., 0., 1., 1., 0., 1., 1.,
           1., 1.],
          [1., 1., 0., 1., 1., 1., 0., 1., 1., 0., 0., 0., 0., 1., 0., 0., 1.,
           1., 1.],
          [1., 1., 1., 1., 1., 0., 1., 0., 0., 1., 1., 1., 1., 1., 0., 1., 1.,
           1., 1.],
          [1., 1., 0., 1., 0., 0., 1., 0., 0., 0., 0., 1., 1., 1., 0., 1., 1.,
           0., 1.],
          [0., 1., 0., 0., 0., 1., 0., 0., 0., 0., 0., 1., 0., 1., 1., 1., 1.,
           0., 1.],
          [0., 1., 1., 0., 1., 1., 1., 1., 1., 0., 0., 0., 1., 0., 0., 0., 1.,
           1., 0.],
          [1., 1., 1., 0., 0., 0., 0., 1., 1., 0., 1., 0., 0., 0., 1., 0., 1.,
           0., 1.],
          [1., 1., 0., 0., 0., 0., 0., 0., 0., 0., 0., 0., 0., 1., 0., 1., 0.,
           1., 0.],
          [1., 0., 1., 1., 0., 0., 1., 1., 0., 1., 1., 1., 1., 1., 1., 0., 0.,
           0., 1.],
          [1., 0., 0., 0., 1., 1., 0., 1., 0., 1., 0., 1., 1., 0., 1., 0., 0.,
           1., 0.],
          [1., 1., 1., 1., 0., 0., 0., 1., 0., 1., 0., 1., 0., 0., 1., 1., 0.,
           0., 0.]]]], device='cuda:0'), tensor([[0.3913]], device='cuda:0'))
2026-01-08 16:53:46 - INFO - [-4.0253170e-02  7.6990185e-04  9.3896592e-01 -1.4601980e-01
  9.3896592e-01 -1.4601979e-01 -4.1764550e-02  2.9631990e-03]
2026-01-08 16:53:46 - INFO - (tensor([[[[0., 1., 1., 1., 1., 0., 1., 1., 0., 1., 0., 1., 1., 0., 1., 0., 0.,
           1., 0.],
          [1., 1., 1., 1., 1., 0., 1., 0., 1., 0., 0., 0., 0., 1., 0., 1., 0.,
           0., 0.],
          [1., 1., 1., 0., 1., 0., 1., 1., 0., 1., 0., 0., 0., 0., 1., 0., 0.,
           0., 1.],
          [1., 0., 0., 1., 0., 1., 0., 0., 1., 0., 1., 0., 1., 1., 1., 0., 0.,
           1., 0.],
          [1., 1., 0., 1., 1., 1., 1., 0., 1., 1., 1., 0., 0., 1., 1., 1., 0.,
           0., 0.],
          [1., 1., 1., 1., 1., 1., 0., 1., 0., 1., 1., 0., 0., 1., 0., 1., 1.,
           0., 1.],
          [1., 1., 1., 1., 1., 1., 1., 0., 1., 0., 1., 0., 1., 0., 0., 1., 1.,
           0., 0.],
          [0., 1., 1., 1., 0., 0., 1., 1., 0., 1., 0., 1., 0., 1., 1., 0., 0.,
           0., 1.],
          [0., 0., 0., 0., 0., 1., 0., 0., 0., 0., 0., 0., 1., 1., 0., 1., 1.,
           1., 1.],
          [1., 1., 0., 1., 1., 1., 0., 1., 1., 0., 0., 0., 0., 1., 0., 0., 1.,
           1., 1.],
          [1., 1., 1., 1., 1., 0., 1., 0., 0., 1., 1., 1., 1., 1., 0., 1., 1.,
           1., 1.],
          [1., 1., 0., 1., 0., 0., 1., 0., 0., 0., 0., 1., 1., 1., 0., 1., 1.,
           0., 1.],
          [0., 1., 0., 0., 0., 1., 0., 0., 0., 0., 0., 1., 0., 1., 1., 1., 1.,
           0., 1.],
          [0., 1., 1., 0., 1., 1., 1., 1., 1., 0., 0., 0., 1., 0., 0., 0., 1.,
           1., 0.],
          [1., 1., 1., 0., 0., 0., 0., 1., 1., 0., 1., 0., 0., 0., 1., 0., 1.,
           0., 1.],
          [1., 1., 0., 0., 0., 0., 0., 0., 0., 0., 0., 0., 0., 1., 0., 1., 0.,
           1., 0.],
          [1., 0., 1., 1., 0., 0., 1., 1., 0., 1., 1., 1., 1., 1., 1., 0., 0.,
           0., 1.],
          [1., 0., 0., 0., 1., 1., 0., 1., 0., 1., 0., 1., 1., 0., 1., 0., 0.,
           1., 0.],
          [1., 1., 1., 1., 0., 0., 0., 1., 0., 1., 0., 1., 0., 0., 1., 1., 0.,
           0., 0.]]]], device='cuda:0'), tensor([[0.3946]], device='cuda:0'))
2026-01-08 16:53:46 - INFO - [-4.0308952e-02  9.0013794e-04  9.3874693e-01 -1.4716634e-01
  9.3874693e-01 -1.4716634e-01 -4.1816492e-02  3.0399989e-03]
2026-01-08 16:53:46 - INFO - (tensor([[[[0., 1., 1., 1., 1., 0., 1., 1., 0., 1., 0., 1., 1., 0., 1., 0., 0.,
           1., 0.],
          [1., 1., 1., 1., 1., 0., 1., 0., 1., 0., 0., 0., 0., 1., 0., 1., 0.,
           0., 0.],
          [1., 1., 1., 0., 1., 0., 1., 1., 0., 1., 0., 0., 0., 0., 1., 0., 0.,
           0., 1.],
          [1., 0., 0., 1., 0., 1., 0., 0., 1., 0., 1., 0., 1., 1., 1., 0., 0.,
           1., 0.],
          [1., 1., 0., 1., 1., 1., 1., 0., 1., 1., 1., 0., 0., 1., 1., 1., 0.,
           0., 0.],
          [1., 1., 1., 1., 1., 1., 0., 1., 0., 1., 1., 0., 0., 1., 0., 1., 1.,
           0., 1.],
          [1., 1., 1., 1., 1., 1., 1., 0., 1., 0., 1., 0., 1., 0., 0., 1., 1.,
           0., 0.],
          [0., 1., 1., 1., 0., 0., 1., 1., 0., 1., 0., 1., 0., 1., 1., 0., 0.,
           0., 1.],
          [0., 0., 0., 0., 0., 1., 0., 0., 0., 0., 0., 0., 1., 1., 0., 1., 1.,
           1., 1.],
          [1., 1., 0., 1., 1., 1., 0., 1., 1., 0., 0., 0., 0., 1., 0., 0., 1.,
           1., 1.],
          [1., 1., 1., 1., 1., 0., 1., 0., 0., 1., 1., 1., 1., 1., 0., 1., 1.,
           1., 1.],
          [1., 1., 0., 1., 0., 0., 1., 0., 0., 0., 0., 1., 1., 1., 0., 1., 1.,
           0., 1.],
          [0., 1., 0., 0., 0., 1., 0., 0., 0., 0., 0., 1., 0., 1., 1., 1., 1.,
           0., 1.],
          [0., 1., 1., 0., 1., 1., 1., 1., 1., 0., 0., 0., 1., 0., 0., 0., 1.,
           1., 0.],
          [1., 1., 1., 0., 0., 0., 0., 1., 1., 0., 1., 0., 0., 0., 1., 0., 1.,
           0., 1.],
          [1., 1., 0., 0., 0., 0., 0., 0., 0., 0., 0., 0., 0., 1., 0., 1., 0.,
           1., 0.],
          [1., 0., 1., 1., 0., 0., 1., 1., 0., 1., 1., 1., 1., 1., 1., 0., 0.,
           0., 1.],
          [1., 0., 0., 0., 1., 1., 0., 1., 0., 1., 0., 1., 1., 0., 1., 0., 0.,
           1., 0.],
          [1., 1., 1., 1., 0., 0., 0., 1., 0., 1., 0., 1., 0., 0., 1., 1., 0.,
           0., 0.]]]], device='cuda:0'), tensor([[0.3980]], device='cuda:0'))
2026-01-08 16:53:46 - INFO - [-0.04035582  0.00104244  0.93853754 -0.14822136  0.93853754 -0.14822136
 -0.04186216  0.00314057]
2026-01-08 16:53:46 - INFO - (tensor([[[[0., 1., 1., 1., 1., 0., 1., 1., 0., 1., 0., 1., 1., 0., 1., 0., 0.,
           1., 0.],
          [1., 1., 1., 1., 1., 0., 1., 0., 1., 0., 0., 0., 0., 1., 0., 1., 0.,
           0., 0.],
          [1., 1., 1., 0., 1., 0., 1., 1., 0., 1., 0., 0., 0., 0., 1., 0., 0.,
           0., 1.],
          [1., 0., 0., 1., 0., 1., 0., 0., 1., 0., 1., 0., 1., 1., 1., 0., 0.,
           1., 0.],
          [1., 1., 0., 1., 1., 1., 1., 0., 1., 1., 1., 0., 0., 1., 1., 1., 0.,
           0., 0.],
          [1., 1., 1., 1., 1., 1., 0., 1., 0., 1., 1., 0., 0., 1., 0., 1., 1.,
           0., 1.],
          [1., 1., 1., 1., 1., 1., 1., 0., 1., 0., 1., 0., 1., 0., 0., 1., 1.,
           0., 0.],
          [0., 1., 1., 1., 0., 0., 1., 1., 0., 1., 0., 1., 0., 1., 1., 0., 0.,
           0., 1.],
          [0., 0., 0., 0., 0., 1., 0., 0., 0., 0., 0., 0., 1., 1., 0., 1., 1.,
           1., 1.],
          [1., 1., 0., 1., 1., 1., 0., 1., 1., 0., 0., 0., 0., 1., 0., 0., 1.,
           1., 1.],
          [1., 1., 1., 1., 1., 0., 1., 0., 0., 1., 1., 1., 1., 1., 0., 1., 1.,
           1., 1.],
          [1., 1., 0., 1., 0., 0., 1., 0., 0., 0., 0., 1., 1., 1., 0., 1., 1.,
           0., 1.],
          [0., 1., 0., 0., 0., 1., 0., 0., 0., 0., 0., 1., 0., 1., 1., 1., 1.,
           0., 1.],
          [0., 1., 1., 0., 1., 1., 1., 1., 1., 0., 0., 0., 1., 0., 0., 0., 1.,
           1., 0.],
          [1., 1., 1., 0., 0., 0., 0., 1., 1., 0., 1., 0., 0., 0., 1., 0., 1.,
           0., 1.],
          [1., 1., 0., 0., 0., 0., 0., 0., 0., 0., 0., 0., 0., 1., 0., 1., 0.,
           1., 0.],
          [1., 0., 1., 1., 0., 0., 1., 1., 0., 1., 1., 1., 1., 1., 1., 0., 0.,
           0., 1.],
          [1., 0., 0., 0., 1., 1., 0., 1., 0., 1., 0., 1., 1., 0., 1., 0., 0.,
           1., 0.],
          [1., 1., 1., 1., 0., 0., 0., 1., 0., 1., 0., 1., 0., 0., 1., 1., 0.,
           0., 0.]]]], device='cuda:0'), tensor([[0.4013]], device='cuda:0'))
2026-01-08 16:53:46 - INFO - [-0.04037994  0.00122267  0.93838596 -0.1490442   0.93838596 -0.1490442
 -0.04187586  0.00323628]
2026-01-08 16:53:46 - INFO - (tensor([[[[0., 1., 1., 1., 1., 0., 1., 1., 0., 1., 0., 1., 1., 0., 1., 0., 0.,
           1., 0.],
          [1., 1., 1., 1., 1., 0., 1., 0., 1., 0., 0., 0., 0., 1., 0., 1., 0.,
           0., 0.],
          [1., 1., 1., 0., 1., 0., 1., 1., 0., 1., 0., 0., 0., 0., 1., 0., 0.,
           0., 1.],
          [1., 0., 0., 1., 0., 1., 0., 0., 1., 0., 1., 0., 1., 1., 1., 0., 0.,
           1., 0.],
          [1., 1., 0., 1., 1., 1., 1., 0., 1., 1., 1., 0., 0., 1., 1., 1., 0.,
           0., 0.],
          [1., 1., 1., 1., 1., 1., 0., 1., 0., 1., 1., 0., 0., 1., 0., 1., 1.,
           0., 1.],
          [1., 1., 1., 1., 1., 1., 1., 0., 1., 0., 1., 0., 1., 0., 0., 1., 1.,
           0., 0.],
          [0., 1., 1., 1., 0., 0., 1., 1., 0., 1., 0., 1., 0., 1., 1., 0., 0.,
           0., 1.],
          [0., 0., 0., 0., 0., 1., 0., 0., 0., 0., 0., 0., 1., 1., 0., 1., 1.,
           1., 1.],
          [1., 1., 0., 1., 1., 1., 0., 1., 1., 0., 0., 0., 0., 1., 0., 0., 1.,
           1., 1.],
          [1., 1., 1., 1., 1., 0., 1., 0., 0., 1., 1., 1., 1., 1., 0., 1., 1.,
           1., 1.],
          [1., 1., 0., 1., 0., 0., 1., 0., 0., 0., 0., 1., 1., 1., 0., 1., 1.,
           0., 1.],
          [0., 1., 0., 0., 0., 1., 0., 0., 0., 0., 0., 1., 0., 1., 1., 1., 1.,
           0., 1.],
          [0., 1., 1., 0., 1., 1., 1., 1., 1., 0., 0., 0., 1., 0., 0., 0., 1.,
           1., 0.],
          [1., 1., 1., 0., 0., 0., 0., 1., 1., 0., 1., 0., 0., 0., 1., 0., 1.,
           0., 1.],
          [1., 1., 0., 0., 0., 0., 0., 0., 0., 0., 0., 0., 0., 1., 0., 1., 0.,
           1., 0.],
          [1., 0., 1., 1., 0., 0., 1., 1., 0., 1., 1., 1., 1., 1., 1., 0., 0.,
           0., 1.],
          [1., 0., 0., 0., 1., 1., 0., 1., 0., 1., 0., 1., 1., 0., 1., 0., 0.,
           1., 0.],
          [1., 1., 1., 1., 0., 0., 0., 1., 0., 1., 0., 1., 0., 0., 1., 1., 0.,
           0., 0.]]]], device='cuda:0'), tensor([[0.4047]], device='cuda:0'))
2026-01-08 16:53:46 - INFO - [-0.04039793  0.00141296  0.9382336  -0.14982575  0.93823355 -0.14982575
 -0.04188749  0.00334554]
2026-01-08 16:53:46 - INFO - (tensor([[[[0., 1., 1., 1., 1., 0., 1., 1., 0., 1., 0., 1., 1., 0., 1., 0., 0.,
           1., 0.],
          [1., 1., 1., 1., 1., 0., 1., 0., 1., 0., 0., 0., 0., 1., 0., 1., 0.,
           0., 0.],
          [1., 1., 1., 0., 1., 0., 1., 1., 0., 1., 0., 0., 0., 0., 1., 0., 0.,
           0., 1.],
          [1., 0., 0., 1., 0., 1., 0., 0., 1., 0., 1., 0., 1., 1., 1., 0., 0.,
           1., 0.],
          [1., 1., 0., 1., 1., 1., 1., 0., 1., 1., 1., 0., 0., 1., 1., 1., 0.,
           0., 0.],
          [1., 1., 1., 1., 1., 1., 0., 1., 0., 1., 1., 0., 0., 1., 0., 1., 1.,
           0., 1.],
          [1., 1., 1., 1., 1., 1., 1., 0., 1., 0., 1., 0., 1., 0., 0., 1., 1.,
           0., 0.],
          [0., 1., 1., 1., 0., 0., 1., 1., 0., 1., 0., 1., 0., 1., 1., 0., 0.,
           0., 1.],
          [0., 0., 0., 0., 0., 1., 0., 0., 0., 0., 0., 0., 1., 1., 0., 1., 1.,
           1., 1.],
          [1., 1., 0., 1., 1., 1., 0., 1., 1., 0., 0., 0., 0., 1., 0., 0., 1.,
           1., 1.],
          [1., 1., 1., 1., 1., 0., 1., 0., 0., 1., 1., 1., 1., 1., 0., 1., 1.,
           1., 1.],
          [1., 1., 0., 1., 0., 0., 1., 0., 0., 0., 0., 1., 1., 1., 0., 1., 1.,
           0., 1.],
          [0., 1., 0., 0., 0., 1., 0., 0., 0., 0., 0., 1., 0., 1., 1., 1., 1.,
           0., 1.],
          [0., 1., 1., 0., 1., 1., 1., 1., 1., 0., 0., 0., 1., 0., 0., 0., 1.,
           1., 0.],
          [1., 1., 1., 0., 0., 0., 0., 1., 1., 0., 1., 0., 0., 0., 1., 0., 1.,
           0., 1.],
          [1., 1., 0., 0., 0., 0., 0., 0., 0., 0., 0., 0., 0., 1., 0., 1., 0.,
           1., 0.],
          [1., 0., 1., 1., 0., 0., 1., 1., 0., 1., 1., 1., 1., 1., 1., 0., 0.,
           0., 1.],
          [1., 0., 0., 0., 1., 1., 0., 1., 0., 1., 0., 1., 1., 0., 1., 0., 0.,
           1., 0.],
          [1., 1., 1., 1., 0., 0., 0., 1., 0., 1., 0., 1., 0., 0., 1., 1., 0.,
           0., 0.]]]], device='cuda:0'), tensor([[0.4080]], device='cuda:0'))
2026-01-08 16:53:46 - INFO - [-0.04041076  0.00161396  0.9380766  -0.15060991  0.9380766  -0.15060993
 -0.04189613  0.00347135]
2026-01-08 16:53:46 - INFO - (tensor([[[[0., 1., 1., 1., 1., 0., 1., 1., 0., 1., 0., 1., 1., 0., 1., 0., 0.,
           1., 0.],
          [1., 1., 1., 1., 1., 0., 1., 0., 1., 0., 0., 0., 0., 1., 0., 1., 0.,
           0., 0.],
          [1., 1., 1., 0., 1., 0., 1., 1., 0., 1., 0., 0., 0., 0., 1., 0., 0.,
           0., 1.],
          [1., 0., 0., 1., 0., 1., 0., 0., 1., 0., 1., 0., 1., 1., 1., 0., 0.,
           1., 0.],
          [1., 1., 0., 1., 1., 1., 1., 0., 1., 1., 1., 0., 0., 1., 1., 1., 0.,
           0., 0.],
          [1., 1., 1., 1., 1., 1., 0., 1., 0., 1., 1., 0., 0., 1., 0., 1., 1.,
           0., 1.],
          [1., 1., 1., 1., 1., 1., 1., 0., 1., 0., 1., 0., 1., 0., 0., 1., 1.,
           0., 0.],
          [0., 1., 1., 1., 0., 0., 1., 1., 0., 1., 0., 1., 0., 1., 1., 0., 0.,
           0., 1.],
          [0., 0., 0., 0., 0., 1., 0., 0., 0., 0., 0., 0., 1., 1., 0., 1., 1.,
           1., 1.],
          [1., 1., 0., 1., 1., 1., 0., 1., 1., 0., 0., 0., 0., 1., 0., 0., 1.,
           1., 1.],
          [1., 1., 1., 1., 1., 0., 1., 0., 0., 1., 1., 1., 1., 1., 0., 1., 1.,
           1., 1.],
          [1., 1., 0., 1., 0., 0., 1., 0., 0., 0., 0., 1., 1., 1., 0., 1., 1.,
           0., 1.],
          [0., 1., 0., 0., 0., 1., 0., 0., 0., 0., 0., 1., 0., 1., 1., 1., 1.,
           0., 1.],
          [0., 1., 1., 0., 1., 1., 1., 1., 1., 0., 0., 0., 1., 0., 0., 0., 1.,
           1., 0.],
          [1., 1., 1., 0., 0., 0., 0., 1., 1., 0., 1., 0., 0., 0., 1., 0., 1.,
           0., 1.],
          [1., 1., 0., 0., 0., 0., 0., 0., 0., 0., 0., 0., 0., 1., 0., 1., 0.,
           1., 0.],
          [1., 0., 1., 1., 0., 0., 1., 1., 0., 1., 1., 1., 1., 1., 1., 0., 0.,
           0., 1.],
          [1., 0., 0., 0., 1., 1., 0., 1., 0., 1., 0., 1., 1., 0., 1., 0., 0.,
           1., 0.],
          [1., 1., 1., 1., 0., 0., 0., 1., 0., 1., 0., 1., 0., 0., 1., 1., 0.,
           0., 0.]]]], device='cuda:0'), tensor([[0.4114]], device='cuda:0'))
2026-01-08 16:53:46 - INFO - [-0.0404469   0.00181397  0.937869   -0.15152465  0.937869   -0.15152465
 -0.04192087  0.00360486]
2026-01-08 16:53:46 - INFO - (tensor([[[[0., 1., 1., 1., 1., 0., 1., 1., 0., 1., 0., 1., 1., 0., 1., 0., 0.,
           1., 0.],
          [1., 1., 1., 1., 1., 0., 1., 0., 1., 0., 0., 0., 0., 1., 0., 1., 0.,
           0., 0.],
          [1., 1., 1., 0., 1., 0., 1., 1., 0., 1., 0., 0., 0., 0., 1., 0., 0.,
           0., 1.],
          [1., 0., 0., 1., 0., 1., 0., 0., 1., 0., 1., 0., 1., 1., 1., 0., 0.,
           1., 0.],
          [1., 1., 0., 1., 1., 1., 1., 0., 1., 1., 1., 0., 0., 1., 1., 1., 0.,
           0., 0.],
          [1., 1., 1., 1., 1., 1., 0., 1., 0., 1., 1., 0., 0., 1., 0., 1., 1.,
           0., 1.],
          [1., 1., 1., 1., 1., 1., 1., 0., 1., 0., 1., 0., 1., 0., 0., 1., 1.,
           0., 0.],
          [0., 1., 1., 1., 0., 0., 1., 1., 0., 1., 0., 1., 0., 1., 1., 0., 0.,
           0., 1.],
          [0., 0., 0., 0., 0., 1., 0., 0., 0., 0., 0., 0., 1., 1., 0., 1., 1.,
           1., 1.],
          [1., 1., 0., 1., 1., 1., 0., 1., 1., 0., 0., 0., 0., 1., 0., 0., 1.,
           1., 1.],
          [1., 1., 1., 1., 1., 0., 1., 0., 0., 1., 1., 1., 1., 1., 0., 1., 1.,
           1., 1.],
          [1., 1., 0., 1., 0., 0., 1., 0., 0., 0., 0., 1., 1., 1., 0., 1., 1.,
           0., 1.],
          [0., 1., 0., 0., 0., 1., 0., 0., 0., 0., 0., 1., 0., 1., 1., 1., 1.,
           0., 1.],
          [0., 1., 1., 0., 1., 1., 1., 1., 1., 0., 0., 0., 1., 0., 0., 0., 1.,
           1., 0.],
          [1., 1., 1., 0., 0., 0., 0., 1., 1., 0., 1., 0., 0., 0., 1., 0., 1.,
           0., 1.],
          [1., 1., 0., 0., 0., 0., 0., 0., 0., 0., 0., 0., 0., 1., 0., 1., 0.,
           1., 0.],
          [1., 0., 1., 1., 0., 0., 1., 1., 0., 1., 1., 1., 1., 1., 1., 0., 0.,
           0., 1.],
          [1., 0., 0., 0., 1., 1., 0., 1., 0., 1., 0., 1., 1., 0., 1., 0., 0.,
           1., 0.],
          [1., 1., 1., 1., 0., 0., 0., 1., 0., 1., 0., 1., 0., 0., 1., 1., 0.,
           0., 0.]]]], device='cuda:0'), tensor([[0.4147]], device='cuda:0'))
2026-01-08 16:53:46 - INFO - [-0.04051139  0.00204475  0.9374653  -0.15298653  0.9374653  -0.15298653
 -0.04202155  0.0038512 ]
2026-01-08 16:53:46 - INFO - (tensor([[[[0., 1., 1., 1., 1., 0., 1., 1., 0., 1., 0., 1., 1., 0., 1., 0., 0.,
           1., 0.],
          [1., 1., 1., 1., 1., 0., 1., 0., 1., 0., 0., 0., 0., 1., 0., 1., 0.,
           0., 0.],
          [1., 1., 1., 0., 1., 0., 1., 1., 0., 1., 0., 0., 0., 0., 1., 0., 0.,
           0., 1.],
          [1., 0., 0., 1., 0., 1., 0., 0., 1., 0., 1., 0., 1., 1., 1., 0., 0.,
           1., 0.],
          [1., 1., 0., 1., 1., 1., 1., 0., 1., 1., 1., 0., 0., 1., 1., 1., 0.,
           0., 0.],
          [1., 1., 1., 1., 1., 1., 0., 1., 0., 1., 1., 0., 0., 1., 0., 1., 1.,
           0., 1.],
          [1., 1., 1., 1., 1., 1., 1., 0., 1., 0., 1., 0., 1., 0., 0., 1., 1.,
           0., 0.],
          [0., 1., 1., 1., 0., 0., 1., 1., 0., 1., 0., 1., 0., 1., 1., 0., 0.,
           0., 1.],
          [0., 0., 0., 0., 0., 1., 0., 0., 0., 0., 0., 0., 1., 1., 0., 1., 1.,
           1., 1.],
          [1., 1., 0., 1., 1., 1., 0., 1., 1., 0., 0., 0., 0., 1., 0., 0., 1.,
           1., 1.],
          [1., 1., 1., 1., 1., 0., 1., 0., 0., 1., 1., 1., 1., 1., 0., 1., 1.,
           1., 1.],
          [1., 1., 0., 1., 0., 0., 1., 0., 0., 0., 0., 1., 1., 1., 0., 1., 1.,
           0., 1.],
          [0., 1., 0., 0., 0., 1., 0., 0., 0., 0., 0., 1., 0., 1., 1., 1., 1.,
           0., 1.],
          [0., 1., 1., 0., 1., 1., 1., 1., 1., 0., 0., 0., 1., 0., 0., 0., 1.,
           1., 0.],
          [1., 1., 1., 0., 0., 0., 0., 1., 1., 0., 1., 0., 0., 0., 1., 0., 1.,
           0., 1.],
          [1., 1., 0., 0., 0., 0., 0., 0., 0., 0., 0., 0., 0., 1., 0., 1., 0.,
           1., 0.],
          [1., 0., 1., 1., 0., 0., 1., 1., 0., 1., 1., 1., 1., 1., 1., 0., 0.,
           0., 1.],
          [1., 0., 0., 0., 1., 1., 0., 1., 0., 1., 0., 1., 1., 0., 1., 0., 0.,
           1., 0.],
          [1., 1., 1., 1., 0., 0., 0., 1., 0., 1., 0., 1., 0., 0., 1., 1., 0.,
           0., 0.]]]], device='cuda:0'), tensor([[0.4181]], device='cuda:0'))
2026-01-08 16:53:46 - INFO - [-0.04054175  0.00225201  0.93709904 -0.15427174  0.93709904 -0.15427172
 -0.04211722  0.00414044]
2026-01-08 16:53:46 - INFO - (tensor([[[[0., 1., 1., 1., 1., 0., 1., 1., 0., 1., 0., 1., 1., 0., 1., 0., 0.,
           1., 0.],
          [1., 1., 1., 1., 1., 0., 1., 0., 1., 0., 0., 0., 0., 1., 0., 1., 0.,
           0., 0.],
          [1., 1., 1., 0., 1., 0., 1., 1., 0., 1., 0., 0., 0., 0., 1., 0., 0.,
           0., 1.],
          [1., 0., 0., 1., 0., 1., 0., 0., 1., 0., 1., 0., 1., 1., 1., 0., 0.,
           1., 0.],
          [1., 1., 0., 1., 1., 1., 1., 0., 1., 1., 1., 0., 0., 1., 1., 1., 0.,
           0., 0.],
          [1., 1., 1., 1., 1., 1., 0., 1., 0., 1., 1., 0., 0., 1., 0., 1., 1.,
           0., 1.],
          [1., 1., 1., 1., 1., 1., 1., 0., 1., 0., 1., 0., 1., 0., 0., 1., 1.,
           0., 0.],
          [0., 1., 1., 1., 0., 0., 1., 1., 0., 1., 0., 1., 0., 1., 1., 0., 0.,
           0., 1.],
          [0., 0., 0., 0., 0., 1., 0., 0., 0., 0., 0., 0., 1., 1., 0., 1., 1.,
           1., 1.],
          [1., 1., 0., 1., 1., 1., 0., 1., 1., 0., 0., 0., 0., 1., 0., 0., 1.,
           1., 1.],
          [1., 1., 1., 1., 1., 0., 1., 0., 0., 1., 1., 1., 1., 1., 0., 1., 1.,
           1., 1.],
          [1., 1., 0., 1., 0., 0., 1., 0., 0., 0., 0., 1., 1., 1., 0., 1., 1.,
           0., 1.],
          [0., 1., 0., 0., 0., 1., 0., 0., 0., 0., 0., 1., 0., 1., 1., 1., 1.,
           0., 1.],
          [0., 1., 1., 0., 1., 1., 1., 1., 1., 0., 0., 0., 1., 0., 0., 0., 1.,
           1., 0.],
          [1., 1., 1., 0., 0., 0., 0., 1., 1., 0., 1., 0., 0., 0., 1., 0., 1.,
           0., 1.],
          [1., 1., 0., 0., 0., 0., 0., 0., 0., 0., 0., 0., 0., 1., 0., 1., 0.,
           1., 0.],
          [1., 0., 1., 1., 0., 0., 1., 1., 0., 1., 1., 1., 1., 1., 1., 0., 0.,
           0., 1.],
          [1., 0., 0., 0., 1., 1., 0., 1., 0., 1., 0., 1., 1., 0., 1., 0., 0.,
           1., 0.],
          [1., 1., 1., 1., 0., 0., 0., 1., 0., 1., 0., 1., 0., 0., 1., 1., 0.,
           0., 0.]]]], device='cuda:0'), tensor([[0.4214]], device='cuda:0'))
2026-01-08 16:53:46 - INFO - [-0.04057195  0.0024546   0.93673724 -0.15552953  0.93673724 -0.15552953
 -0.04220598  0.00444411]
2026-01-08 16:53:46 - INFO - (tensor([[[[0., 1., 1., 1., 1., 0., 1., 1., 0., 1., 0., 1., 1., 0., 1., 0., 0.,
           1., 0.],
          [1., 1., 1., 1., 1., 0., 1., 0., 1., 0., 0., 0., 0., 1., 0., 1., 0.,
           0., 0.],
          [1., 1., 1., 0., 1., 0., 1., 1., 0., 1., 0., 0., 0., 0., 1., 0., 0.,
           0., 1.],
          [1., 0., 0., 1., 0., 1., 0., 0., 1., 0., 1., 0., 1., 1., 1., 0., 0.,
           1., 0.],
          [1., 1., 0., 1., 1., 1., 1., 0., 1., 1., 1., 0., 0., 1., 1., 1., 0.,
           0., 0.],
          [1., 1., 1., 1., 1., 1., 0., 1., 0., 1., 1., 0., 0., 1., 0., 1., 1.,
           0., 1.],
          [1., 1., 1., 1., 1., 1., 1., 0., 1., 0., 1., 0., 1., 0., 0., 1., 1.,
           0., 0.],
          [0., 1., 1., 1., 0., 0., 1., 1., 0., 1., 0., 1., 0., 1., 1., 0., 0.,
           0., 1.],
          [0., 0., 0., 0., 0., 1., 0., 0., 0., 0., 0., 0., 1., 1., 0., 1., 1.,
           1., 1.],
          [1., 1., 0., 1., 1., 1., 0., 1., 1., 0., 0., 0., 0., 1., 0., 0., 1.,
           1., 1.],
          [1., 1., 1., 1., 1., 0., 1., 0., 0., 1., 1., 1., 1., 1., 0., 1., 1.,
           1., 1.],
          [1., 1., 0., 1., 0., 0., 1., 0., 0., 0., 0., 1., 1., 1., 0., 1., 1.,
           0., 1.],
          [0., 1., 0., 0., 0., 1., 0., 0., 0., 0., 0., 1., 0., 1., 1., 1., 1.,
           0., 1.],
          [0., 1., 1., 0., 1., 1., 1., 1., 1., 0., 0., 0., 1., 0., 0., 0., 1.,
           1., 0.],
          [1., 1., 1., 0., 0., 0., 0., 1., 1., 0., 1., 0., 0., 0., 1., 0., 1.,
           0., 1.],
          [1., 1., 0., 0., 0., 0., 0., 0., 0., 0., 0., 0., 0., 1., 0., 1., 0.,
           1., 0.],
          [1., 0., 1., 1., 0., 0., 1., 1., 0., 1., 1., 1., 1., 1., 1., 0., 0.,
           0., 1.],
          [1., 0., 0., 0., 1., 1., 0., 1., 0., 1., 0., 1., 1., 0., 1., 0., 0.,
           1., 0.],
          [1., 1., 1., 1., 0., 0., 0., 1., 0., 1., 0., 1., 0., 0., 1., 1., 0.,
           0., 0.]]]], device='cuda:0'), tensor([[0.4247]], device='cuda:0'))
2026-01-08 16:53:46 - INFO - [-0.04048201  0.00275513  0.9365696  -0.15671194  0.9365696  -0.15671192
 -0.04216105  0.00476288]
2026-01-08 16:53:46 - INFO - (tensor([[[[0., 1., 1., 1., 1., 0., 1., 1., 0., 1., 0., 1., 1., 0., 1., 0., 0.,
           1., 0.],
          [1., 1., 1., 1., 1., 0., 1., 0., 1., 0., 0., 0., 0., 1., 0., 1., 0.,
           0., 0.],
          [1., 1., 1., 0., 1., 0., 1., 1., 0., 1., 0., 0., 0., 0., 1., 0., 0.,
           0., 1.],
          [1., 0., 0., 1., 0., 1., 0., 0., 1., 0., 1., 0., 1., 1., 1., 0., 0.,
           1., 0.],
          [1., 1., 0., 1., 1., 1., 1., 0., 1., 1., 1., 0., 0., 1., 1., 1., 0.,
           0., 0.],
          [1., 1., 1., 1., 1., 1., 0., 1., 0., 1., 1., 0., 0., 1., 0., 1., 1.,
           0., 1.],
          [1., 1., 1., 1., 1., 1., 1., 0., 1., 0., 1., 0., 1., 0., 0., 1., 1.,
           0., 0.],
          [0., 1., 1., 1., 0., 0., 1., 1., 0., 1., 0., 1., 0., 1., 1., 0., 0.,
           0., 1.],
          [0., 0., 0., 0., 0., 1., 0., 0., 0., 0., 0., 0., 1., 1., 0., 1., 1.,
           1., 1.],
          [1., 1., 0., 1., 1., 1., 0., 1., 1., 0., 0., 0., 0., 1., 0., 0., 1.,
           1., 1.],
          [1., 1., 1., 1., 1., 0., 1., 0., 0., 1., 1., 1., 1., 1., 0., 1., 1.,
           1., 1.],
          [1., 1., 0., 1., 0., 0., 1., 0., 0., 0., 0., 1., 1., 1., 0., 1., 1.,
           0., 1.],
          [0., 1., 0., 0., 0., 1., 0., 0., 0., 0., 0., 1., 0., 1., 1., 1., 1.,
           0., 1.],
          [0., 1., 1., 0., 1., 1., 1., 1., 1., 0., 0., 0., 1., 0., 0., 0., 1.,
           1., 0.],
          [1., 1., 1., 0., 0., 0., 0., 1., 1., 0., 1., 0., 0., 0., 1., 0., 1.,
           0., 1.],
          [1., 1., 0., 0., 0., 0., 0., 0., 0., 0., 0., 0., 0., 1., 0., 1., 0.,
           1., 0.],
          [1., 0., 1., 1., 0., 0., 1., 1., 0., 1., 1., 1., 1., 1., 1., 0., 0.,
           0., 1.],
          [1., 0., 0., 0., 1., 1., 0., 1., 0., 1., 0., 1., 1., 0., 1., 0., 0.,
           1., 0.],
          [1., 1., 1., 1., 0., 0., 0., 1., 0., 1., 0., 1., 0., 0., 1., 1., 0.,
           0., 0.]]]], device='cuda:0'), tensor([[0.4281]], device='cuda:0'))
2026-01-08 16:53:46 - INFO - [-0.04042862  0.0029007   0.93648386 -0.15732364  0.93648386 -0.15732361
 -0.04216091  0.00492864]
2026-01-08 16:53:46 - INFO - (tensor([[[[0., 1., 1., 1., 1., 0., 1., 1., 0., 1., 0., 1., 1., 0., 1., 0., 0.,
           1., 0.],
          [1., 1., 1., 1., 1., 0., 1., 0., 1., 0., 0., 0., 0., 1., 0., 1., 0.,
           0., 0.],
          [1., 1., 1., 0., 1., 0., 1., 1., 0., 1., 0., 0., 0., 0., 1., 0., 0.,
           0., 1.],
          [1., 0., 0., 1., 0., 1., 0., 0., 1., 0., 1., 0., 1., 1., 1., 0., 0.,
           1., 0.],
          [1., 1., 0., 1., 1., 1., 1., 0., 1., 1., 1., 0., 0., 1., 1., 1., 0.,
           0., 0.],
          [1., 1., 1., 1., 1., 1., 0., 1., 0., 1., 1., 0., 0., 1., 0., 1., 1.,
           0., 1.],
          [1., 1., 1., 1., 1., 1., 1., 0., 1., 0., 1., 0., 1., 0., 0., 1., 1.,
           0., 0.],
          [0., 1., 1., 1., 0., 0., 1., 1., 0., 1., 0., 1., 0., 1., 1., 0., 0.,
           0., 1.],
          [0., 0., 0., 0., 0., 1., 0., 0., 0., 0., 0., 0., 1., 1., 0., 1., 1.,
           1., 1.],
          [1., 1., 0., 1., 1., 1., 0., 1., 1., 0., 0., 0., 0., 1., 0., 0., 1.,
           1., 1.],
          [1., 1., 1., 1., 1., 0., 1., 0., 0., 1., 1., 1., 1., 1., 0., 1., 1.,
           1., 1.],
          [1., 1., 0., 1., 0., 0., 1., 0., 0., 0., 0., 1., 1., 1., 0., 1., 1.,
           0., 1.],
          [0., 1., 0., 0., 0., 1., 0., 0., 0., 0., 0., 1., 0., 1., 1., 1., 1.,
           0., 1.],
          [0., 1., 1., 0., 1., 1., 1., 1., 1., 0., 0., 0., 1., 0., 0., 0., 1.,
           1., 0.],
          [1., 1., 1., 0., 0., 0., 0., 1., 1., 0., 1., 0., 0., 0., 1., 0., 1.,
           0., 1.],
          [1., 1., 0., 0., 0., 0., 0., 0., 0., 0., 0., 0., 0., 1., 0., 1., 0.,
           1., 0.],
          [1., 0., 1., 1., 0., 0., 1., 1., 0., 1., 1., 1., 1., 1., 1., 0., 0.,
           0., 1.],
          [1., 0., 0., 0., 1., 1., 0., 1., 0., 1., 0., 1., 1., 0., 1., 0., 0.,
           1., 0.],
          [1., 1., 1., 1., 0., 0., 0., 1., 0., 1., 0., 1., 0., 0., 1., 1., 0.,
           0., 0.]]]], device='cuda:0'), tensor([[0.4314]], device='cuda:0'))
2026-01-08 16:53:46 - INFO - [-0.040372    0.00304781  0.93639916 -0.15792061  0.93639916 -0.15792061
 -0.04216031  0.00510069]
2026-01-08 16:53:46 - INFO - (tensor([[[[0., 1., 1., 1., 1., 0., 1., 1., 0., 1., 0., 1., 1., 0., 1., 0., 0.,
           1., 0.],
          [1., 1., 1., 1., 1., 0., 1., 0., 1., 0., 0., 0., 0., 1., 0., 1., 0.,
           0., 0.],
          [1., 1., 1., 0., 1., 0., 1., 1., 0., 1., 0., 0., 0., 0., 1., 0., 0.,
           0., 1.],
          [1., 0., 0., 1., 0., 1., 0., 0., 1., 0., 1., 0., 1., 1., 1., 0., 0.,
           1., 0.],
          [1., 1., 0., 1., 1., 1., 1., 0., 1., 1., 1., 0., 0., 1., 1., 1., 0.,
           0., 0.],
          [1., 1., 1., 1., 1., 1., 0., 1., 0., 1., 1., 0., 0., 1., 0., 1., 1.,
           0., 1.],
          [1., 1., 1., 1., 1., 1., 1., 0., 1., 0., 1., 0., 1., 0., 0., 1., 1.,
           0., 0.],
          [0., 1., 1., 1., 0., 0., 1., 1., 0., 1., 0., 1., 0., 1., 1., 0., 0.,
           0., 1.],
          [0., 0., 0., 0., 0., 1., 0., 0., 0., 0., 0., 0., 1., 1., 0., 1., 1.,
           1., 1.],
          [1., 1., 0., 1., 1., 1., 0., 1., 1., 0., 0., 0., 0., 1., 0., 0., 1.,
           1., 1.],
          [1., 1., 1., 1., 1., 0., 1., 0., 0., 1., 1., 1., 1., 1., 0., 1., 1.,
           1., 1.],
          [1., 1., 0., 1., 0., 0., 1., 0., 0., 0., 0., 1., 1., 1., 0., 1., 1.,
           0., 1.],
          [0., 1., 0., 0., 0., 1., 0., 0., 0., 0., 0., 1., 0., 1., 1., 1., 1.,
           0., 1.],
          [0., 1., 1., 0., 1., 1., 1., 1., 1., 0., 0., 0., 1., 0., 0., 0., 1.,
           1., 0.],
          [1., 1., 1., 0., 0., 0., 0., 1., 1., 0., 1., 0., 0., 0., 1., 0., 1.,
           0., 1.],
          [1., 1., 0., 0., 0., 0., 0., 0., 0., 0., 0., 0., 0., 1., 0., 1., 0.,
           1., 0.],
          [1., 0., 1., 1., 0., 0., 1., 1., 0., 1., 1., 1., 1., 1., 1., 0., 0.,
           0., 1.],
          [1., 0., 0., 0., 1., 1., 0., 1., 0., 1., 0., 1., 1., 0., 1., 0., 0.,
           1., 0.],
          [1., 1., 1., 1., 0., 0., 0., 1., 0., 1., 0., 1., 0., 0., 1., 1., 0.,
           0., 0.]]]], device='cuda:0'), tensor([[0.4348]], device='cuda:0'))
2026-01-08 16:53:46 - INFO - [-0.04031637  0.00319609  0.9363152  -0.1584982   0.9363152  -0.15849818
 -0.04215758  0.0052717 ]
2026-01-08 16:53:46 - INFO - (tensor([[[[0., 1., 1., 1., 1., 0., 1., 1., 0., 1., 0., 1., 1., 0., 1., 0., 0.,
           1., 0.],
          [1., 1., 1., 1., 1., 0., 1., 0., 1., 0., 0., 0., 0., 1., 0., 1., 0.,
           0., 0.],
          [1., 1., 1., 0., 1., 0., 1., 1., 0., 1., 0., 0., 0., 0., 1., 0., 0.,
           0., 1.],
          [1., 0., 0., 1., 0., 1., 0., 0., 1., 0., 1., 0., 1., 1., 1., 0., 0.,
           1., 0.],
          [1., 1., 0., 1., 1., 1., 1., 0., 1., 1., 1., 0., 0., 1., 1., 1., 0.,
           0., 0.],
          [1., 1., 1., 1., 1., 1., 0., 1., 0., 1., 1., 0., 0., 1., 0., 1., 1.,
           0., 1.],
          [1., 1., 1., 1., 1., 1., 1., 0., 1., 0., 1., 0., 1., 0., 0., 1., 1.,
           0., 0.],
          [0., 1., 1., 1., 0., 0., 1., 1., 0., 1., 0., 1., 0., 1., 1., 0., 0.,
           0., 1.],
          [0., 0., 0., 0., 0., 1., 0., 0., 0., 0., 0., 0., 1., 1., 0., 1., 1.,
           1., 1.],
          [1., 1., 0., 1., 1., 1., 0., 1., 1., 0., 0., 0., 0., 1., 0., 0., 1.,
           1., 1.],
          [1., 1., 1., 1., 1., 0., 1., 0., 0., 1., 1., 1., 1., 1., 0., 1., 1.,
           1., 1.],
          [1., 1., 0., 1., 0., 0., 1., 0., 0., 0., 0., 1., 1., 1., 0., 1., 1.,
           0., 1.],
          [0., 1., 0., 0., 0., 1., 0., 0., 0., 0., 0., 1., 0., 1., 1., 1., 1.,
           0., 1.],
          [0., 1., 1., 0., 1., 1., 1., 1., 1., 0., 0., 0., 1., 0., 0., 0., 1.,
           1., 0.],
          [1., 1., 1., 0., 0., 0., 0., 1., 1., 0., 1., 0., 0., 0., 1., 0., 1.,
           0., 1.],
          [1., 1., 0., 0., 0., 0., 0., 0., 0., 0., 0., 0., 0., 1., 0., 1., 0.,
           1., 0.],
          [1., 0., 1., 1., 0., 0., 1., 1., 0., 1., 1., 1., 1., 1., 1., 0., 0.,
           0., 1.],
          [1., 0., 0., 0., 1., 1., 0., 1., 0., 1., 0., 1., 1., 0., 1., 0., 0.,
           1., 0.],
          [1., 1., 1., 1., 0., 0., 0., 1., 0., 1., 0., 1., 0., 0., 1., 1., 0.,
           0., 0.]]]], device='cuda:0'), tensor([[0.4381]], device='cuda:0'))
2026-01-08 16:53:46 - INFO - [-0.04029097  0.0034137   0.93601376 -0.15985788  0.9360137  -0.15985788
 -0.04217106  0.00549663]
2026-01-08 16:53:46 - INFO - (tensor([[[[0., 1., 1., 1., 1., 0., 1., 1., 0., 1., 0., 1., 1., 0., 1., 0., 0.,
           1., 0.],
          [1., 1., 1., 1., 1., 0., 1., 0., 1., 0., 0., 0., 0., 1., 0., 1., 0.,
           0., 0.],
          [1., 1., 1., 0., 1., 0., 1., 1., 0., 1., 0., 0., 0., 0., 1., 0., 0.,
           0., 1.],
          [1., 0., 0., 1., 0., 1., 0., 0., 1., 0., 1., 0., 1., 1., 1., 0., 0.,
           1., 0.],
          [1., 1., 0., 1., 1., 1., 1., 0., 1., 1., 1., 0., 0., 1., 1., 1., 0.,
           0., 0.],
          [1., 1., 1., 1., 1., 1., 0., 1., 0., 1., 1., 0., 0., 1., 0., 1., 1.,
           0., 1.],
          [1., 1., 1., 1., 1., 1., 1., 0., 1., 0., 1., 0., 1., 0., 0., 1., 1.,
           0., 0.],
          [0., 1., 1., 1., 0., 0., 1., 1., 0., 1., 0., 1., 0., 1., 1., 0., 0.,
           0., 1.],
          [0., 0., 0., 0., 0., 1., 0., 0., 0., 0., 0., 0., 1., 1., 0., 1., 1.,
           1., 1.],
          [1., 1., 0., 1., 1., 1., 0., 1., 1., 0., 0., 0., 0., 1., 0., 0., 1.,
           1., 1.],
          [1., 1., 1., 1., 1., 0., 1., 0., 0., 1., 1., 1., 1., 1., 0., 1., 1.,
           1., 1.],
          [1., 1., 0., 1., 0., 0., 1., 0., 0., 0., 0., 1., 1., 1., 0., 1., 1.,
           0., 1.],
          [0., 1., 0., 0., 0., 1., 0., 0., 0., 0., 0., 1., 0., 1., 1., 1., 1.,
           0., 1.],
          [0., 1., 1., 0., 1., 1., 1., 1., 1., 0., 0., 0., 1., 0., 0., 0., 1.,
           1., 0.],
          [1., 1., 1., 0., 0., 0., 0., 1., 1., 0., 1., 0., 0., 0., 1., 0., 1.,
           0., 1.],
          [1., 1., 0., 0., 0., 0., 0., 0., 0., 0., 0., 0., 0., 1., 0., 1., 0.,
           1., 0.],
          [1., 0., 1., 1., 0., 0., 1., 1., 0., 1., 1., 1., 1., 1., 1., 0., 0.,
           0., 1.],
          [1., 0., 0., 0., 1., 1., 0., 1., 0., 1., 0., 1., 1., 0., 1., 0., 0.,
           1., 0.],
          [1., 1., 1., 1., 0., 0., 0., 1., 0., 1., 0., 1., 0., 0., 1., 1., 0.,
           0., 0.]]]], device='cuda:0'), tensor([[0.4415]], device='cuda:0'))
2026-01-08 16:53:46 - INFO - [-0.0402673   0.00363928  0.93568885 -0.16127124  0.93568885 -0.16127126
 -0.04218549  0.00573268]
2026-01-08 16:53:46 - INFO - (tensor([[[[0., 1., 1., 1., 1., 0., 1., 1., 0., 1., 0., 1., 1., 0., 1., 0., 0.,
           1., 0.],
          [1., 1., 1., 1., 1., 0., 1., 0., 1., 0., 0., 0., 0., 1., 0., 1., 0.,
           0., 0.],
          [1., 1., 1., 0., 1., 0., 1., 1., 0., 1., 0., 0., 0., 0., 1., 0., 0.,
           0., 1.],
          [1., 0., 0., 1., 0., 1., 0., 0., 1., 0., 1., 0., 1., 1., 1., 0., 0.,
           1., 0.],
          [1., 1., 0., 1., 1., 1., 1., 0., 1., 1., 1., 0., 0., 1., 1., 1., 0.,
           0., 0.],
          [1., 1., 1., 1., 1., 1., 0., 1., 0., 1., 1., 0., 0., 1., 0., 1., 1.,
           0., 1.],
          [1., 1., 1., 1., 1., 1., 1., 0., 1., 0., 1., 0., 1., 0., 0., 1., 1.,
           0., 0.],
          [0., 1., 1., 1., 0., 0., 1., 1., 0., 1., 0., 1., 0., 1., 1., 0., 0.,
           0., 1.],
          [0., 0., 0., 0., 0., 1., 0., 0., 0., 0., 0., 0., 1., 1., 0., 1., 1.,
           1., 1.],
          [1., 1., 0., 1., 1., 1., 0., 1., 1., 0., 0., 0., 0., 1., 0., 0., 1.,
           1., 1.],
          [1., 1., 1., 1., 1., 0., 1., 0., 0., 1., 1., 1., 1., 1., 0., 1., 1.,
           1., 1.],
          [1., 1., 0., 1., 0., 0., 1., 0., 0., 0., 0., 1., 1., 1., 0., 1., 1.,
           0., 1.],
          [0., 1., 0., 0., 0., 1., 0., 0., 0., 0., 0., 1., 0., 1., 1., 1., 1.,
           0., 1.],
          [0., 1., 1., 0., 1., 1., 1., 1., 1., 0., 0., 0., 1., 0., 0., 0., 1.,
           1., 0.],
          [1., 1., 1., 0., 0., 0., 0., 1., 1., 0., 1., 0., 0., 0., 1., 0., 1.,
           0., 1.],
          [1., 1., 0., 0., 0., 0., 0., 0., 0., 0., 0., 0., 0., 1., 0., 1., 0.,
           1., 0.],
          [1., 0., 1., 1., 0., 0., 1., 1., 0., 1., 1., 1., 1., 1., 1., 0., 0.,
           0., 1.],
          [1., 0., 0., 0., 1., 1., 0., 1., 0., 1., 0., 1., 1., 0., 1., 0., 0.,
           1., 0.],
          [1., 1., 1., 1., 0., 0., 0., 1., 0., 1., 0., 1., 0., 0., 1., 1., 0.,
           0., 0.]]]], device='cuda:0'), tensor([[0.4448]], device='cuda:0'))
2026-01-08 16:53:46 - INFO - [-0.04024381  0.00389238  0.9353671  -0.16265287  0.9353671  -0.16265285
 -0.04217872  0.00597923]
2026-01-08 16:53:46 - INFO - (tensor([[[[0., 1., 1., 1., 1., 0., 1., 1., 0., 1., 0., 1., 1., 0., 1., 0., 0.,
           1., 0.],
          [1., 1., 1., 1., 1., 0., 1., 0., 1., 0., 0., 0., 0., 1., 0., 1., 0.,
           0., 0.],
          [1., 1., 1., 0., 1., 0., 1., 1., 0., 1., 0., 0., 0., 0., 1., 0., 0.,
           0., 1.],
          [1., 0., 0., 1., 0., 1., 0., 0., 1., 0., 1., 0., 1., 1., 1., 0., 0.,
           1., 0.],
          [1., 1., 0., 1., 1., 1., 1., 0., 1., 1., 1., 0., 0., 1., 1., 1., 0.,
           0., 0.],
          [1., 1., 1., 1., 1., 1., 0., 1., 0., 1., 1., 0., 0., 1., 0., 1., 1.,
           0., 1.],
          [1., 1., 1., 1., 1., 1., 1., 0., 1., 0., 1., 0., 1., 0., 0., 1., 1.,
           0., 0.],
          [0., 1., 1., 1., 0., 0., 1., 1., 0., 1., 0., 1., 0., 1., 1., 0., 0.,
           0., 1.],
          [0., 0., 0., 0., 0., 1., 0., 0., 0., 0., 0., 0., 1., 1., 0., 1., 1.,
           1., 1.],
          [1., 1., 0., 1., 1., 1., 0., 1., 1., 0., 0., 0., 0., 1., 0., 0., 1.,
           1., 1.],
          [1., 1., 1., 1., 1., 0., 1., 0., 0., 1., 1., 1., 1., 1., 0., 1., 1.,
           1., 1.],
          [1., 1., 0., 1., 0., 0., 1., 0., 0., 0., 0., 1., 1., 1., 0., 1., 1.,
           0., 1.],
          [0., 1., 0., 0., 0., 1., 0., 0., 0., 0., 0., 1., 0., 1., 1., 1., 1.,
           0., 1.],
          [0., 1., 1., 0., 1., 1., 1., 1., 1., 0., 0., 0., 1., 0., 0., 0., 1.,
           1., 0.],
          [1., 1., 1., 0., 0., 0., 0., 1., 1., 0., 1., 0., 0., 0., 1., 0., 1.,
           0., 1.],
          [1., 1., 0., 0., 0., 0., 0., 0., 0., 0., 0., 0., 0., 1., 0., 1., 0.,
           1., 0.],
          [1., 0., 1., 1., 0., 0., 1., 1., 0., 1., 1., 1., 1., 1., 1., 0., 0.,
           0., 1.],
          [1., 0., 0., 0., 1., 1., 0., 1., 0., 1., 0., 1., 1., 0., 1., 0., 0.,
           1., 0.],
          [1., 1., 1., 1., 0., 0., 0., 1., 0., 1., 0., 1., 0., 0., 1., 1., 0.,
           0., 0.]]]], device='cuda:0'), tensor([[0.4482]], device='cuda:0'))
2026-01-08 16:53:47 - INFO - [-0.0402195   0.0041553   0.9350554  -0.16397604  0.9350553  -0.16397604
 -0.04215981  0.00622809]
2026-01-08 16:53:47 - INFO - (tensor([[[[0., 1., 1., 1., 1., 0., 1., 1., 0., 1., 0., 1., 1., 0., 1., 0., 0.,
           1., 0.],
          [1., 1., 1., 1., 1., 0., 1., 0., 1., 0., 0., 0., 0., 1., 0., 1., 0.,
           0., 0.],
          [1., 1., 1., 0., 1., 0., 1., 1., 0., 1., 0., 0., 0., 0., 1., 0., 0.,
           0., 1.],
          [1., 0., 0., 1., 0., 1., 0., 0., 1., 0., 1., 0., 1., 1., 1., 0., 0.,
           1., 0.],
          [1., 1., 0., 1., 1., 1., 1., 0., 1., 1., 1., 0., 0., 1., 1., 1., 0.,
           0., 0.],
          [1., 1., 1., 1., 1., 1., 0., 1., 0., 1., 1., 0., 0., 1., 0., 1., 1.,
           0., 1.],
          [1., 1., 1., 1., 1., 1., 1., 0., 1., 0., 1., 0., 1., 0., 0., 1., 1.,
           0., 0.],
          [0., 1., 1., 1., 0., 0., 1., 1., 0., 1., 0., 1., 0., 1., 1., 0., 0.,
           0., 1.],
          [0., 0., 0., 0., 0., 1., 0., 0., 0., 0., 0., 0., 1., 1., 0., 1., 1.,
           1., 1.],
          [1., 1., 0., 1., 1., 1., 0., 1., 1., 0., 0., 0., 0., 1., 0., 0., 1.,
           1., 1.],
          [1., 1., 1., 1., 1., 0., 1., 0., 0., 1., 1., 1., 1., 1., 0., 1., 1.,
           1., 1.],
          [1., 1., 0., 1., 0., 0., 1., 0., 0., 0., 0., 1., 1., 1., 0., 1., 1.,
           0., 1.],
          [0., 1., 0., 0., 0., 1., 0., 0., 0., 0., 0., 1., 0., 1., 1., 1., 1.,
           0., 1.],
          [0., 1., 1., 0., 1., 1., 1., 1., 1., 0., 0., 0., 1., 0., 0., 0., 1.,
           1., 0.],
          [1., 1., 1., 0., 0., 0., 0., 1., 1., 0., 1., 0., 0., 0., 1., 0., 1.,
           0., 1.],
          [1., 1., 0., 0., 0., 0., 0., 0., 0., 0., 0., 0., 0., 1., 0., 1., 0.,
           1., 0.],
          [1., 0., 1., 1., 0., 0., 1., 1., 0., 1., 1., 1., 1., 1., 1., 0., 0.,
           0., 1.],
          [1., 0., 0., 0., 1., 1., 0., 1., 0., 1., 0., 1., 1., 0., 1., 0., 0.,
           1., 0.],
          [1., 1., 1., 1., 0., 0., 0., 1., 0., 1., 0., 1., 0., 0., 1., 1., 0.,
           0., 0.]]]], device='cuda:0'), tensor([[0.4515]], device='cuda:0'))
2026-01-08 16:53:47 - INFO - [-0.04020062  0.00438515  0.9347758  -0.16513398  0.9347758  -0.16513398
 -0.04214277  0.00644474]
2026-01-08 16:53:47 - INFO - (tensor([[[[0., 1., 1., 1., 1., 0., 1., 1., 0., 1., 0., 1., 1., 0., 1., 0., 0.,
           1., 0.],
          [1., 1., 1., 1., 1., 0., 1., 0., 1., 0., 0., 0., 0., 1., 0., 1., 0.,
           0., 0.],
          [1., 1., 1., 0., 1., 0., 1., 1., 0., 1., 0., 0., 0., 0., 1., 0., 0.,
           0., 1.],
          [1., 0., 0., 1., 0., 1., 0., 0., 1., 0., 1., 0., 1., 1., 1., 0., 0.,
           1., 0.],
          [1., 1., 0., 1., 1., 1., 1., 0., 1., 1., 1., 0., 0., 1., 1., 1., 0.,
           0., 0.],
          [1., 1., 1., 1., 1., 1., 0., 1., 0., 1., 1., 0., 0., 1., 0., 1., 1.,
           0., 1.],
          [1., 1., 1., 1., 1., 1., 1., 0., 1., 0., 1., 0., 1., 0., 0., 1., 1.,
           0., 0.],
          [0., 1., 1., 1., 0., 0., 1., 1., 0., 1., 0., 1., 0., 1., 1., 0., 0.,
           0., 1.],
          [0., 0., 0., 0., 0., 1., 0., 0., 0., 0., 0., 0., 1., 1., 0., 1., 1.,
           1., 1.],
          [1., 1., 0., 1., 1., 1., 0., 1., 1., 0., 0., 0., 0., 1., 0., 0., 1.,
           1., 1.],
          [1., 1., 1., 1., 1., 0., 1., 0., 0., 1., 1., 1., 1., 1., 0., 1., 1.,
           1., 1.],
          [1., 1., 0., 1., 0., 0., 1., 0., 0., 0., 0., 1., 1., 1., 0., 1., 1.,
           0., 1.],
          [0., 1., 0., 0., 0., 1., 0., 0., 0., 0., 0., 1., 0., 1., 1., 1., 1.,
           0., 1.],
          [0., 1., 1., 0., 1., 1., 1., 1., 1., 0., 0., 0., 1., 0., 0., 0., 1.,
           1., 0.],
          [1., 1., 1., 0., 0., 0., 0., 1., 1., 0., 1., 0., 0., 0., 1., 0., 1.,
           0., 1.],
          [1., 1., 0., 0., 0., 0., 0., 0., 0., 0., 0., 0., 0., 1., 0., 1., 0.,
           1., 0.],
          [1., 0., 1., 1., 0., 0., 1., 1., 0., 1., 1., 1., 1., 1., 1., 0., 0.,
           0., 1.],
          [1., 0., 0., 0., 1., 1., 0., 1., 0., 1., 0., 1., 1., 0., 1., 0., 0.,
           1., 0.],
          [1., 1., 1., 1., 0., 0., 0., 1., 0., 1., 0., 1., 0., 0., 1., 1., 0.,
           0., 0.]]]], device='cuda:0'), tensor([[0.4548]], device='cuda:0'))
2026-01-08 16:53:47 - INFO - [-0.04018971  0.00458404  0.9345275  -0.1661144   0.9345275  -0.16611439
 -0.04213027  0.00663055]
2026-01-08 16:53:47 - INFO - (tensor([[[[0., 1., 1., 1., 1., 0., 1., 1., 0., 1., 0., 1., 1., 0., 1., 0., 0.,
           1., 0.],
          [1., 1., 1., 1., 1., 0., 1., 0., 1., 0., 0., 0., 0., 1., 0., 1., 0.,
           0., 0.],
          [1., 1., 1., 0., 1., 0., 1., 1., 0., 1., 0., 0., 0., 0., 1., 0., 0.,
           0., 1.],
          [1., 0., 0., 1., 0., 1., 0., 0., 1., 0., 1., 0., 1., 1., 1., 0., 0.,
           1., 0.],
          [1., 1., 0., 1., 1., 1., 1., 0., 1., 1., 1., 0., 0., 1., 1., 1., 0.,
           0., 0.],
          [1., 1., 1., 1., 1., 1., 0., 1., 0., 1., 1., 0., 0., 1., 0., 1., 1.,
           0., 1.],
          [1., 1., 1., 1., 1., 1., 1., 0., 1., 0., 1., 0., 1., 0., 0., 1., 1.,
           0., 0.],
          [0., 1., 1., 1., 0., 0., 1., 1., 0., 1., 0., 1., 0., 1., 1., 0., 0.,
           0., 1.],
          [0., 0., 0., 0., 0., 1., 0., 0., 0., 0., 0., 0., 1., 1., 0., 1., 1.,
           1., 1.],
          [1., 1., 0., 1., 1., 1., 0., 1., 1., 0., 0., 0., 0., 1., 0., 0., 1.,
           1., 1.],
          [1., 1., 1., 1., 1., 0., 1., 0., 0., 1., 1., 1., 1., 1., 0., 1., 1.,
           1., 1.],
          [1., 1., 0., 1., 0., 0., 1., 0., 0., 0., 0., 1., 1., 1., 0., 1., 1.,
           0., 1.],
          [0., 1., 0., 0., 0., 1., 0., 0., 0., 0., 0., 1., 0., 1., 1., 1., 1.,
           0., 1.],
          [0., 1., 1., 0., 1., 1., 1., 1., 1., 0., 0., 0., 1., 0., 0., 0., 1.,
           1., 0.],
          [1., 1., 1., 0., 0., 0., 0., 1., 1., 0., 1., 0., 0., 0., 1., 0., 1.,
           0., 1.],
          [1., 1., 0., 0., 0., 0., 0., 0., 0., 0., 0., 0., 0., 1., 0., 1., 0.,
           1., 0.],
          [1., 0., 1., 1., 0., 0., 1., 1., 0., 1., 1., 1., 1., 1., 1., 0., 0.,
           0., 1.],
          [1., 0., 0., 0., 1., 1., 0., 1., 0., 1., 0., 1., 1., 0., 1., 0., 0.,
           1., 0.],
          [1., 1., 1., 1., 0., 0., 0., 1., 0., 1., 0., 1., 0., 0., 1., 1., 0.,
           0., 0.]]]], device='cuda:0'), tensor([[0.4582]], device='cuda:0'))
2026-01-08 16:53:47 - INFO - [-0.04018216  0.0047861   0.93427914 -0.16703449  0.93427914 -0.1670345
 -0.04212355  0.00682299]
2026-01-08 16:53:47 - INFO - (tensor([[[[0., 1., 1., 1., 1., 0., 1., 1., 0., 1., 0., 1., 1., 0., 1., 0., 0.,
           1., 0.],
          [1., 1., 1., 1., 1., 0., 1., 0., 1., 0., 0., 0., 0., 1., 0., 1., 0.,
           0., 0.],
          [1., 1., 1., 0., 1., 0., 1., 1., 0., 1., 0., 0., 0., 0., 1., 0., 0.,
           0., 1.],
          [1., 0., 0., 1., 0., 1., 0., 0., 1., 0., 1., 0., 1., 1., 1., 0., 0.,
           1., 0.],
          [1., 1., 0., 1., 1., 1., 1., 0., 1., 1., 1., 0., 0., 1., 1., 1., 0.,
           0., 0.],
          [1., 1., 1., 1., 1., 1., 0., 1., 0., 1., 1., 0., 0., 1., 0., 1., 1.,
           0., 1.],
          [1., 1., 1., 1., 1., 1., 1., 0., 1., 0., 1., 0., 1., 0., 0., 1., 1.,
           0., 0.],
          [0., 1., 1., 1., 0., 0., 1., 1., 0., 1., 0., 1., 0., 1., 1., 0., 0.,
           0., 1.],
          [0., 0., 0., 0., 0., 1., 0., 0., 0., 0., 0., 0., 1., 1., 0., 1., 1.,
           1., 1.],
          [1., 1., 0., 1., 1., 1., 0., 1., 1., 0., 0., 0., 0., 1., 0., 0., 1.,
           1., 1.],
          [1., 1., 1., 1., 1., 0., 1., 0., 0., 1., 1., 1., 1., 1., 0., 1., 1.,
           1., 1.],
          [1., 1., 0., 1., 0., 0., 1., 0., 0., 0., 0., 1., 1., 1., 0., 1., 1.,
           0., 1.],
          [0., 1., 0., 0., 0., 1., 0., 0., 0., 0., 0., 1., 0., 1., 1., 1., 1.,
           0., 1.],
          [0., 1., 1., 0., 1., 1., 1., 1., 1., 0., 0., 0., 1., 0., 0., 0., 1.,
           1., 0.],
          [1., 1., 1., 0., 0., 0., 0., 1., 1., 0., 1., 0., 0., 0., 1., 0., 1.,
           0., 1.],
          [1., 1., 0., 0., 0., 0., 0., 0., 0., 0., 0., 0., 0., 1., 0., 1., 0.,
           1., 0.],
          [1., 0., 1., 1., 0., 0., 1., 1., 0., 1., 1., 1., 1., 1., 1., 0., 0.,
           0., 1.],
          [1., 0., 0., 0., 1., 1., 0., 1., 0., 1., 0., 1., 1., 0., 1., 0., 0.,
           1., 0.],
          [1., 1., 1., 1., 0., 0., 0., 1., 0., 1., 0., 1., 0., 0., 1., 1., 0.,
           0., 0.]]]], device='cuda:0'), tensor([[0.4615]], device='cuda:0'))
2026-01-08 16:53:47 - INFO - [-0.04017563  0.00498848  0.934029   -0.16795862  0.934029   -0.16795863
 -0.04211656  0.0070147 ]
2026-01-08 16:53:47 - INFO - (tensor([[[[0., 1., 1., 1., 1., 0., 1., 1., 0., 1., 0., 1., 1., 0., 1., 0., 0.,
           1., 0.],
          [1., 1., 1., 1., 1., 0., 1., 0., 1., 0., 0., 0., 0., 1., 0., 1., 0.,
           0., 0.],
          [1., 1., 1., 0., 1., 0., 1., 1., 0., 1., 0., 0., 0., 0., 1., 0., 0.,
           0., 1.],
          [1., 0., 0., 1., 0., 1., 0., 0., 1., 0., 1., 0., 1., 1., 1., 0., 0.,
           1., 0.],
          [1., 1., 0., 1., 1., 1., 1., 0., 1., 1., 1., 0., 0., 1., 1., 1., 0.,
           0., 0.],
          [1., 1., 1., 1., 1., 1., 0., 1., 0., 1., 1., 0., 0., 1., 0., 1., 1.,
           0., 1.],
          [1., 1., 1., 1., 1., 1., 1., 0., 1., 0., 1., 0., 1., 0., 0., 1., 1.,
           0., 0.],
          [0., 1., 1., 1., 0., 0., 1., 1., 0., 1., 0., 1., 0., 1., 1., 0., 0.,
           0., 1.],
          [0., 0., 0., 0., 0., 1., 0., 0., 0., 0., 0., 0., 1., 1., 0., 1., 1.,
           1., 1.],
          [1., 1., 0., 1., 1., 1., 0., 1., 1., 0., 0., 0., 0., 1., 0., 0., 1.,
           1., 1.],
          [1., 1., 1., 1., 1., 0., 1., 0., 0., 1., 1., 1., 1., 1., 0., 1., 1.,
           1., 1.],
          [1., 1., 0., 1., 0., 0., 1., 0., 0., 0., 0., 1., 1., 1., 0., 1., 1.,
           0., 1.],
          [0., 1., 0., 0., 0., 1., 0., 0., 0., 0., 0., 1., 0., 1., 1., 1., 1.,
           0., 1.],
          [0., 1., 1., 0., 1., 1., 1., 1., 1., 0., 0., 0., 1., 0., 0., 0., 1.,
           1., 0.],
          [1., 1., 1., 0., 0., 0., 0., 1., 1., 0., 1., 0., 0., 0., 1., 0., 1.,
           0., 1.],
          [1., 1., 0., 0., 0., 0., 0., 0., 0., 0., 0., 0., 0., 1., 0., 1., 0.,
           1., 0.],
          [1., 0., 1., 1., 0., 0., 1., 1., 0., 1., 1., 1., 1., 1., 1., 0., 0.,
           0., 1.],
          [1., 0., 0., 0., 1., 1., 0., 1., 0., 1., 0., 1., 1., 0., 1., 0., 0.,
           1., 0.],
          [1., 1., 1., 1., 0., 0., 0., 1., 0., 1., 0., 1., 0., 0., 1., 1., 0.,
           0., 0.]]]], device='cuda:0'), tensor([[0.4649]], device='cuda:0'))
2026-01-08 16:53:47 - INFO - [-0.04016947  0.00520298  0.9337588  -0.1689722   0.9337588  -0.16897221
 -0.04210935  0.00721499]
2026-01-08 16:53:47 - INFO - (tensor([[[[0., 1., 1., 1., 1., 0., 1., 1., 0., 1., 0., 1., 1., 0., 1., 0., 0.,
           1., 0.],
          [1., 1., 1., 1., 1., 0., 1., 0., 1., 0., 0., 0., 0., 1., 0., 1., 0.,
           0., 0.],
          [1., 1., 1., 0., 1., 0., 1., 1., 0., 1., 0., 0., 0., 0., 1., 0., 0.,
           0., 1.],
          [1., 0., 0., 1., 0., 1., 0., 0., 1., 0., 1., 0., 1., 1., 1., 0., 0.,
           1., 0.],
          [1., 1., 0., 1., 1., 1., 1., 0., 1., 1., 1., 0., 0., 1., 1., 1., 0.,
           0., 0.],
          [1., 1., 1., 1., 1., 1., 0., 1., 0., 1., 1., 0., 0., 1., 0., 1., 1.,
           0., 1.],
          [1., 1., 1., 1., 1., 1., 1., 0., 1., 0., 1., 0., 1., 0., 0., 1., 1.,
           0., 0.],
          [0., 1., 1., 1., 0., 0., 1., 1., 0., 1., 0., 1., 0., 1., 1., 0., 0.,
           0., 1.],
          [0., 0., 0., 0., 0., 1., 0., 0., 0., 0., 0., 0., 1., 1., 0., 1., 1.,
           1., 1.],
          [1., 1., 0., 1., 1., 1., 0., 1., 1., 0., 0., 0., 0., 1., 0., 0., 1.,
           1., 1.],
          [1., 1., 1., 1., 1., 0., 1., 0., 0., 1., 1., 1., 1., 1., 0., 1., 1.,
           1., 1.],
          [1., 1., 0., 1., 0., 0., 1., 0., 0., 0., 0., 1., 1., 1., 0., 1., 1.,
           0., 1.],
          [0., 1., 0., 0., 0., 1., 0., 0., 0., 0., 0., 1., 0., 1., 1., 1., 1.,
           0., 1.],
          [0., 1., 1., 0., 1., 1., 1., 1., 1., 0., 0., 0., 1., 0., 0., 0., 1.,
           1., 0.],
          [1., 1., 1., 0., 0., 0., 0., 1., 1., 0., 1., 0., 0., 0., 1., 0., 1.,
           0., 1.],
          [1., 1., 0., 0., 0., 0., 0., 0., 0., 0., 0., 0., 0., 1., 0., 1., 0.,
           1., 0.],
          [1., 0., 1., 1., 0., 0., 1., 1., 0., 1., 1., 1., 1., 1., 1., 0., 0.,
           0., 1.],
          [1., 0., 0., 0., 1., 1., 0., 1., 0., 1., 0., 1., 1., 0., 1., 0., 0.,
           1., 0.],
          [1., 1., 1., 1., 0., 0., 0., 1., 0., 1., 0., 1., 0., 0., 1., 1., 0.,
           0., 0.]]]], device='cuda:0'), tensor([[0.4682]], device='cuda:0'))
2026-01-08 16:53:47 - INFO - [-0.04015924  0.00543343  0.93347263 -0.17005359  0.93347263 -0.1700536
 -0.0421002   0.00743148]
2026-01-08 16:53:47 - INFO - (tensor([[[[0., 1., 1., 1., 1., 0., 1., 1., 0., 1., 0., 1., 1., 0., 1., 0., 0.,
           1., 0.],
          [1., 1., 1., 1., 1., 0., 1., 0., 1., 0., 0., 0., 0., 1., 0., 1., 0.,
           0., 0.],
          [1., 1., 1., 0., 1., 0., 1., 1., 0., 1., 0., 0., 0., 0., 1., 0., 0.,
           0., 1.],
          [1., 0., 0., 1., 0., 1., 0., 0., 1., 0., 1., 0., 1., 1., 1., 0., 0.,
           1., 0.],
          [1., 1., 0., 1., 1., 1., 1., 0., 1., 1., 1., 0., 0., 1., 1., 1., 0.,
           0., 0.],
          [1., 1., 1., 1., 1., 1., 0., 1., 0., 1., 1., 0., 0., 1., 0., 1., 1.,
           0., 1.],
          [1., 1., 1., 1., 1., 1., 1., 0., 1., 0., 1., 0., 1., 0., 0., 1., 1.,
           0., 0.],
          [0., 1., 1., 1., 0., 0., 1., 1., 0., 1., 0., 1., 0., 1., 1., 0., 0.,
           0., 1.],
          [0., 0., 0., 0., 0., 1., 0., 0., 0., 0., 0., 0., 1., 1., 0., 1., 1.,
           1., 1.],
          [1., 1., 0., 1., 1., 1., 0., 1., 1., 0., 0., 0., 0., 1., 0., 0., 1.,
           1., 1.],
          [1., 1., 1., 1., 1., 0., 1., 0., 0., 1., 1., 1., 1., 1., 0., 1., 1.,
           1., 1.],
          [1., 1., 0., 1., 0., 0., 1., 0., 0., 0., 0., 1., 1., 1., 0., 1., 1.,
           0., 1.],
          [0., 1., 0., 0., 0., 1., 0., 0., 0., 0., 0., 1., 0., 1., 1., 1., 1.,
           0., 1.],
          [0., 1., 1., 0., 1., 1., 1., 1., 1., 0., 0., 0., 1., 0., 0., 0., 1.,
           1., 0.],
          [1., 1., 1., 0., 0., 0., 0., 1., 1., 0., 1., 0., 0., 0., 1., 0., 1.,
           0., 1.],
          [1., 1., 0., 0., 0., 0., 0., 0., 0., 0., 0., 0., 0., 1., 0., 1., 0.,
           1., 0.],
          [1., 0., 1., 1., 0., 0., 1., 1., 0., 1., 1., 1., 1., 1., 1., 0., 0.,
           0., 1.],
          [1., 0., 0., 0., 1., 1., 0., 1., 0., 1., 0., 1., 1., 0., 1., 0., 0.,
           1., 0.],
          [1., 1., 1., 1., 0., 0., 0., 1., 0., 1., 0., 1., 0., 0., 1., 1., 0.,
           0., 0.]]]], device='cuda:0'), tensor([[0.4716]], device='cuda:0'))
2026-01-08 16:53:47 - INFO - [-0.04015424  0.00567158  0.93316627 -0.17119308  0.93316627 -0.17119308
 -0.04209497  0.00765628]
2026-01-08 16:53:47 - INFO - (tensor([[[[0., 1., 1., 1., 1., 0., 1., 1., 0., 1., 0., 1., 1., 0., 1., 0., 0.,
           1., 0.],
          [1., 1., 1., 1., 1., 0., 1., 0., 1., 0., 0., 0., 0., 1., 0., 1., 0.,
           0., 0.],
          [1., 1., 1., 0., 1., 0., 1., 1., 0., 1., 0., 0., 0., 0., 1., 0., 0.,
           0., 1.],
          [1., 0., 0., 1., 0., 1., 0., 0., 1., 0., 1., 0., 1., 1., 1., 0., 0.,
           1., 0.],
          [1., 1., 0., 1., 1., 1., 1., 0., 1., 1., 1., 0., 0., 1., 1., 1., 0.,
           0., 0.],
          [1., 1., 1., 1., 1., 1., 0., 1., 0., 1., 1., 0., 0., 1., 0., 1., 1.,
           0., 1.],
          [1., 1., 1., 1., 1., 1., 1., 0., 1., 0., 1., 0., 1., 0., 0., 1., 1.,
           0., 0.],
          [0., 1., 1., 1., 0., 0., 1., 1., 0., 1., 0., 1., 0., 1., 1., 0., 0.,
           0., 1.],
          [0., 0., 0., 0., 0., 1., 0., 0., 0., 0., 0., 0., 1., 1., 0., 1., 1.,
           1., 1.],
          [1., 1., 0., 1., 1., 1., 0., 1., 1., 0., 0., 0., 0., 1., 0., 0., 1.,
           1., 1.],
          [1., 1., 1., 1., 1., 0., 1., 0., 0., 1., 1., 1., 1., 1., 0., 1., 1.,
           1., 1.],
          [1., 1., 0., 1., 0., 0., 1., 0., 0., 0., 0., 1., 1., 1., 0., 1., 1.,
           0., 1.],
          [0., 1., 0., 0., 0., 1., 0., 0., 0., 0., 0., 1., 0., 1., 1., 1., 1.,
           0., 1.],
          [0., 1., 1., 0., 1., 1., 1., 1., 1., 0., 0., 0., 1., 0., 0., 0., 1.,
           1., 0.],
          [1., 1., 1., 0., 0., 0., 0., 1., 1., 0., 1., 0., 0., 0., 1., 0., 1.,
           0., 1.],
          [1., 1., 0., 0., 0., 0., 0., 0., 0., 0., 0., 0., 0., 1., 0., 1., 0.,
           1., 0.],
          [1., 0., 1., 1., 0., 0., 1., 1., 0., 1., 1., 1., 1., 1., 1., 0., 0.,
           0., 1.],
          [1., 0., 0., 0., 1., 1., 0., 1., 0., 1., 0., 1., 1., 0., 1., 0., 0.,
           1., 0.],
          [1., 1., 1., 1., 0., 0., 0., 1., 0., 1., 0., 1., 0., 0., 1., 1., 0.,
           0., 0.]]]], device='cuda:0'), tensor([[0.4749]], device='cuda:0'))
2026-01-08 16:53:47 - INFO - [-0.04015193  0.00587655  0.9328956  -0.172185    0.9328956  -0.17218502
 -0.04209535  0.00785423]
2026-01-08 16:53:47 - INFO - (tensor([[[[0., 1., 1., 1., 1., 0., 1., 1., 0., 1., 0., 1., 1., 0., 1., 0., 0.,
           1., 0.],
          [1., 1., 1., 1., 1., 0., 1., 0., 1., 0., 0., 0., 0., 1., 0., 1., 0.,
           0., 0.],
          [1., 1., 1., 0., 1., 0., 1., 1., 0., 1., 0., 0., 0., 0., 1., 0., 0.,
           0., 1.],
          [1., 0., 0., 1., 0., 1., 0., 0., 1., 0., 1., 0., 1., 1., 1., 0., 0.,
           1., 0.],
          [1., 1., 0., 1., 1., 1., 1., 0., 1., 1., 1., 0., 0., 1., 1., 1., 0.,
           0., 0.],
          [1., 1., 1., 1., 1., 1., 0., 1., 0., 1., 1., 0., 0., 1., 0., 1., 1.,
           0., 1.],
          [1., 1., 1., 1., 1., 1., 1., 0., 1., 0., 1., 0., 1., 0., 0., 1., 1.,
           0., 0.],
          [0., 1., 1., 1., 0., 0., 1., 1., 0., 1., 0., 1., 0., 1., 1., 0., 0.,
           0., 1.],
          [0., 0., 0., 0., 0., 1., 0., 0., 0., 0., 0., 0., 1., 1., 0., 1., 1.,
           1., 1.],
          [1., 1., 0., 1., 1., 1., 0., 1., 1., 0., 0., 0., 0., 1., 0., 0., 1.,
           1., 1.],
          [1., 1., 1., 1., 1., 0., 1., 0., 0., 1., 1., 1., 1., 1., 0., 1., 1.,
           1., 1.],
          [1., 1., 0., 1., 0., 0., 1., 0., 0., 0., 0., 1., 1., 1., 0., 1., 1.,
           0., 1.],
          [0., 1., 0., 0., 0., 1., 0., 0., 0., 0., 0., 1., 0., 1., 1., 1., 1.,
           0., 1.],
          [0., 1., 1., 0., 1., 1., 1., 1., 1., 0., 0., 0., 1., 0., 0., 0., 1.,
           1., 0.],
          [1., 1., 1., 0., 0., 0., 0., 1., 1., 0., 1., 0., 0., 0., 1., 0., 1.,
           0., 1.],
          [1., 1., 0., 0., 0., 0., 0., 0., 0., 0., 0., 0., 0., 1., 0., 1., 0.,
           1., 0.],
          [1., 0., 1., 1., 0., 0., 1., 1., 0., 1., 1., 1., 1., 1., 1., 0., 0.,
           0., 1.],
          [1., 0., 0., 0., 1., 1., 0., 1., 0., 1., 0., 1., 1., 0., 1., 0., 0.,
           1., 0.],
          [1., 1., 1., 1., 0., 0., 0., 1., 0., 1., 0., 1., 0., 0., 1., 1., 0.,
           0., 0.]]]], device='cuda:0'), tensor([[0.4783]], device='cuda:0'))
2026-01-08 16:53:47 - INFO - [-0.04014371  0.00606531  0.9326561  -0.17304784  0.9326561  -0.17304784
 -0.0420941   0.00803938]
2026-01-08 16:53:47 - INFO - (tensor([[[[0., 1., 1., 1., 1., 0., 1., 1., 0., 1., 0., 1., 1., 0., 1., 0., 0.,
           1., 0.],
          [1., 1., 1., 1., 1., 0., 1., 0., 1., 0., 0., 0., 0., 1., 0., 1., 0.,
           0., 0.],
          [1., 1., 1., 0., 1., 0., 1., 1., 0., 1., 0., 0., 0., 0., 1., 0., 0.,
           0., 1.],
          [1., 0., 0., 1., 0., 1., 0., 0., 1., 0., 1., 0., 1., 1., 1., 0., 0.,
           1., 0.],
          [1., 1., 0., 1., 1., 1., 1., 0., 1., 1., 1., 0., 0., 1., 1., 1., 0.,
           0., 0.],
          [1., 1., 1., 1., 1., 1., 0., 1., 0., 1., 1., 0., 0., 1., 0., 1., 1.,
           0., 1.],
          [1., 1., 1., 1., 1., 1., 1., 0., 1., 0., 1., 0., 1., 0., 0., 1., 1.,
           0., 0.],
          [0., 1., 1., 1., 0., 0., 1., 1., 0., 1., 0., 1., 0., 1., 1., 0., 0.,
           0., 1.],
          [0., 0., 0., 0., 0., 1., 0., 0., 0., 0., 0., 0., 1., 1., 0., 1., 1.,
           1., 1.],
          [1., 1., 0., 1., 1., 1., 0., 1., 1., 0., 0., 0., 0., 1., 0., 0., 1.,
           1., 1.],
          [1., 1., 1., 1., 1., 0., 1., 0., 0., 1., 1., 1., 1., 1., 0., 1., 1.,
           1., 1.],
          [1., 1., 0., 1., 0., 0., 1., 0., 0., 0., 0., 1., 1., 1., 0., 1., 1.,
           0., 1.],
          [0., 1., 0., 0., 0., 1., 0., 0., 0., 0., 0., 1., 0., 1., 1., 1., 1.,
           0., 1.],
          [0., 1., 1., 0., 1., 1., 1., 1., 1., 0., 0., 0., 1., 0., 0., 0., 1.,
           1., 0.],
          [1., 1., 1., 0., 0., 0., 0., 1., 1., 0., 1., 0., 0., 0., 1., 0., 1.,
           0., 1.],
          [1., 1., 0., 0., 0., 0., 0., 0., 0., 0., 0., 0., 0., 1., 0., 1., 0.,
           1., 0.],
          [1., 0., 1., 1., 0., 0., 1., 1., 0., 1., 1., 1., 1., 1., 1., 0., 0.,
           0., 1.],
          [1., 0., 0., 0., 1., 1., 0., 1., 0., 1., 0., 1., 1., 0., 1., 0., 0.,
           1., 0.],
          [1., 1., 1., 1., 0., 0., 0., 1., 0., 1., 0., 1., 0., 0., 1., 1., 0.,
           0., 0.]]]], device='cuda:0'), tensor([[0.4816]], device='cuda:0'))
2026-01-08 16:53:47 - INFO - [-0.04012978  0.00625417  0.932423   -0.17388116  0.932423   -0.17388114
 -0.04209088  0.00822975]
2026-01-08 16:53:47 - INFO - (tensor([[[[0., 1., 1., 1., 1., 0., 1., 1., 0., 1., 0., 1., 1., 0., 1., 0., 0.,
           1., 0.],
          [1., 1., 1., 1., 1., 0., 1., 0., 1., 0., 0., 0., 0., 1., 0., 1., 0.,
           0., 0.],
          [1., 1., 1., 0., 1., 0., 1., 1., 0., 1., 0., 0., 0., 0., 1., 0., 0.,
           0., 1.],
          [1., 0., 0., 1., 0., 1., 0., 0., 1., 0., 1., 0., 1., 1., 1., 0., 0.,
           1., 0.],
          [1., 1., 0., 1., 1., 1., 1., 0., 1., 1., 1., 0., 0., 1., 1., 1., 0.,
           0., 0.],
          [1., 1., 1., 1., 1., 1., 0., 1., 0., 1., 1., 0., 0., 1., 0., 1., 1.,
           0., 1.],
          [1., 1., 1., 1., 1., 1., 1., 0., 1., 0., 1., 0., 1., 0., 0., 1., 1.,
           0., 0.],
          [0., 1., 1., 1., 0., 0., 1., 1., 0., 1., 0., 1., 0., 1., 1., 0., 0.,
           0., 1.],
          [0., 0., 0., 0., 0., 1., 0., 0., 0., 0., 0., 0., 1., 1., 0., 1., 1.,
           1., 1.],
          [1., 1., 0., 1., 1., 1., 0., 1., 1., 0., 0., 0., 0., 1., 0., 0., 1.,
           1., 1.],
          [1., 1., 1., 1., 1., 0., 1., 0., 0., 1., 1., 1., 1., 1., 0., 1., 1.,
           1., 1.],
          [1., 1., 0., 1., 0., 0., 1., 0., 0., 0., 0., 1., 1., 1., 0., 1., 1.,
           0., 1.],
          [0., 1., 0., 0., 0., 1., 0., 0., 0., 0., 0., 1., 0., 1., 1., 1., 1.,
           0., 1.],
          [0., 1., 1., 0., 1., 1., 1., 1., 1., 0., 0., 0., 1., 0., 0., 0., 1.,
           1., 0.],
          [1., 1., 1., 0., 0., 0., 0., 1., 1., 0., 1., 0., 0., 0., 1., 0., 1.,
           0., 1.],
          [1., 1., 0., 0., 0., 0., 0., 0., 0., 0., 0., 0., 0., 1., 0., 1., 0.,
           1., 0.],
          [1., 0., 1., 1., 0., 0., 1., 1., 0., 1., 1., 1., 1., 1., 1., 0., 0.,
           0., 1.],
          [1., 0., 0., 0., 1., 1., 0., 1., 0., 1., 0., 1., 1., 0., 1., 0., 0.,
           1., 0.],
          [1., 1., 1., 1., 0., 0., 0., 1., 0., 1., 0., 1., 0., 0., 1., 1., 0.,
           0., 0.]]]], device='cuda:0'), tensor([[0.4849]], device='cuda:0'))
2026-01-08 16:53:47 - INFO - [-0.04011839  0.00645166  0.9321815  -0.1747404   0.9321815  -0.17474039
 -0.04208624  0.00841917]
2026-01-08 16:53:47 - INFO - (tensor([[[[0., 1., 1., 1., 1., 0., 1., 1., 0., 1., 0., 1., 1., 0., 1., 0., 0.,
           1., 0.],
          [1., 1., 1., 1., 1., 0., 1., 0., 1., 0., 0., 0., 0., 1., 0., 1., 0.,
           0., 0.],
          [1., 1., 1., 0., 1., 0., 1., 1., 0., 1., 0., 0., 0., 0., 1., 0., 0.,
           0., 1.],
          [1., 0., 0., 1., 0., 1., 0., 0., 1., 0., 1., 0., 1., 1., 1., 0., 0.,
           1., 0.],
          [1., 1., 0., 1., 1., 1., 1., 0., 1., 1., 1., 0., 0., 1., 1., 1., 0.,
           0., 0.],
          [1., 1., 1., 1., 1., 1., 0., 1., 0., 1., 1., 0., 0., 1., 0., 1., 1.,
           0., 1.],
          [1., 1., 1., 1., 1., 1., 1., 0., 1., 0., 1., 0., 1., 0., 0., 1., 1.,
           0., 0.],
          [0., 1., 1., 1., 0., 0., 1., 1., 0., 1., 0., 1., 0., 1., 1., 0., 0.,
           0., 1.],
          [0., 0., 0., 0., 0., 1., 0., 0., 0., 0., 0., 0., 1., 1., 0., 1., 1.,
           1., 1.],
          [1., 1., 0., 1., 1., 1., 0., 1., 1., 0., 0., 0., 0., 1., 0., 0., 1.,
           1., 1.],
          [1., 1., 1., 1., 1., 0., 1., 0., 0., 1., 1., 1., 1., 1., 0., 1., 1.,
           1., 1.],
          [1., 1., 0., 1., 0., 0., 1., 0., 0., 0., 0., 1., 1., 1., 0., 1., 1.,
           0., 1.],
          [0., 1., 0., 0., 0., 1., 0., 0., 0., 0., 0., 1., 0., 1., 1., 1., 1.,
           0., 1.],
          [0., 1., 1., 0., 1., 1., 1., 1., 1., 0., 0., 0., 1., 0., 0., 0., 1.,
           1., 0.],
          [1., 1., 1., 0., 0., 0., 0., 1., 1., 0., 1., 0., 0., 0., 1., 0., 1.,
           0., 1.],
          [1., 1., 0., 0., 0., 0., 0., 0., 0., 0., 0., 0., 0., 1., 0., 1., 0.,
           1., 0.],
          [1., 0., 1., 1., 0., 0., 1., 1., 0., 1., 1., 1., 1., 1., 1., 0., 0.,
           0., 1.],
          [1., 0., 0., 0., 1., 1., 0., 1., 0., 1., 0., 1., 1., 0., 1., 0., 0.,
           1., 0.],
          [1., 1., 1., 1., 0., 0., 0., 1., 0., 1., 0., 1., 0., 0., 1., 1., 0.,
           0., 0.]]]], device='cuda:0'), tensor([[0.4883]], device='cuda:0'))
2026-01-08 16:53:47 - INFO - [-0.04010846  0.00664965  0.9319284  -0.17564869  0.9319284  -0.17564867
 -0.04208492  0.00861281]
2026-01-08 16:53:47 - INFO - (tensor([[[[0., 1., 1., 1., 1., 0., 1., 1., 0., 1., 0., 1., 1., 0., 1., 0., 0.,
           1., 0.],
          [1., 1., 1., 1., 1., 0., 1., 0., 1., 0., 0., 0., 0., 1., 0., 1., 0.,
           0., 0.],
          [1., 1., 1., 0., 1., 0., 1., 1., 0., 1., 0., 0., 0., 0., 1., 0., 0.,
           0., 1.],
          [1., 0., 0., 1., 0., 1., 0., 0., 1., 0., 1., 0., 1., 1., 1., 0., 0.,
           1., 0.],
          [1., 1., 0., 1., 1., 1., 1., 0., 1., 1., 1., 0., 0., 1., 1., 1., 0.,
           0., 0.],
          [1., 1., 1., 1., 1., 1., 0., 1., 0., 1., 1., 0., 0., 1., 0., 1., 1.,
           0., 1.],
          [1., 1., 1., 1., 1., 1., 1., 0., 1., 0., 1., 0., 1., 0., 0., 1., 1.,
           0., 0.],
          [0., 1., 1., 1., 0., 0., 1., 1., 0., 1., 0., 1., 0., 1., 1., 0., 0.,
           0., 1.],
          [0., 0., 0., 0., 0., 1., 0., 0., 0., 0., 0., 0., 1., 1., 0., 1., 1.,
           1., 1.],
          [1., 1., 0., 1., 1., 1., 0., 1., 1., 0., 0., 0., 0., 1., 0., 0., 1.,
           1., 1.],
          [1., 1., 1., 1., 1., 0., 1., 0., 0., 1., 1., 1., 1., 1., 0., 1., 1.,
           1., 1.],
          [1., 1., 0., 1., 0., 0., 1., 0., 0., 0., 0., 1., 1., 1., 0., 1., 1.,
           0., 1.],
          [0., 1., 0., 0., 0., 1., 0., 0., 0., 0., 0., 1., 0., 1., 1., 1., 1.,
           0., 1.],
          [0., 1., 1., 0., 1., 1., 1., 1., 1., 0., 0., 0., 1., 0., 0., 0., 1.,
           1., 0.],
          [1., 1., 1., 0., 0., 0., 0., 1., 1., 0., 1., 0., 0., 0., 1., 0., 1.,
           0., 1.],
          [1., 1., 0., 0., 0., 0., 0., 0., 0., 0., 0., 0., 0., 1., 0., 1., 0.,
           1., 0.],
          [1., 0., 1., 1., 0., 0., 1., 1., 0., 1., 1., 1., 1., 1., 1., 0., 0.,
           0., 1.],
          [1., 0., 0., 0., 1., 1., 0., 1., 0., 1., 0., 1., 1., 0., 1., 0., 0.,
           1., 0.],
          [1., 1., 1., 1., 0., 0., 0., 1., 0., 1., 0., 1., 0., 0., 1., 1., 0.,
           0., 0.]]]], device='cuda:0'), tensor([[0.4916]], device='cuda:0'))
2026-01-08 16:53:47 - INFO - [-0.04009622  0.00686053  0.93164307 -0.17672607  0.93164307 -0.17672607
 -0.0420876   0.0088246 ]
2026-01-08 16:53:47 - INFO - (tensor([[[[0., 1., 1., 1., 1., 0., 1., 1., 0., 1., 0., 1., 1., 0., 1., 0., 0.,
           1., 0.],
          [1., 1., 1., 1., 1., 0., 1., 0., 1., 0., 0., 0., 0., 1., 0., 1., 0.,
           0., 0.],
          [1., 1., 1., 0., 1., 0., 1., 1., 0., 1., 0., 0., 0., 0., 1., 0., 0.,
           0., 1.],
          [1., 0., 0., 1., 0., 1., 0., 0., 1., 0., 1., 0., 1., 1., 1., 0., 0.,
           1., 0.],
          [1., 1., 0., 1., 1., 1., 1., 0., 1., 1., 1., 0., 0., 1., 1., 1., 0.,
           0., 0.],
          [1., 1., 1., 1., 1., 1., 0., 1., 0., 1., 1., 0., 0., 1., 0., 1., 1.,
           0., 1.],
          [1., 1., 1., 1., 1., 1., 1., 0., 1., 0., 1., 0., 1., 0., 0., 1., 1.,
           0., 0.],
          [0., 1., 1., 1., 0., 0., 1., 1., 0., 1., 0., 1., 0., 1., 1., 0., 0.,
           0., 1.],
          [0., 0., 0., 0., 0., 1., 0., 0., 0., 0., 0., 0., 1., 1., 0., 1., 1.,
           1., 1.],
          [1., 1., 0., 1., 1., 1., 0., 1., 1., 0., 0., 0., 0., 1., 0., 0., 1.,
           1., 1.],
          [1., 1., 1., 1., 1., 0., 1., 0., 0., 1., 1., 1., 1., 1., 0., 1., 1.,
           1., 1.],
          [1., 1., 0., 1., 0., 0., 1., 0., 0., 0., 0., 1., 1., 1., 0., 1., 1.,
           0., 1.],
          [0., 1., 0., 0., 0., 1., 0., 0., 0., 0., 0., 1., 0., 1., 1., 1., 1.,
           0., 1.],
          [0., 1., 1., 0., 1., 1., 1., 1., 1., 0., 0., 0., 1., 0., 0., 0., 1.,
           1., 0.],
          [1., 1., 1., 0., 0., 0., 0., 1., 1., 0., 1., 0., 0., 0., 1., 0., 1.,
           0., 1.],
          [1., 1., 0., 0., 0., 0., 0., 0., 0., 0., 0., 0., 0., 1., 0., 1., 0.,
           1., 0.],
          [1., 0., 1., 1., 0., 0., 1., 1., 0., 1., 1., 1., 1., 1., 1., 0., 0.,
           0., 1.],
          [1., 0., 0., 0., 1., 1., 0., 1., 0., 1., 0., 1., 1., 0., 1., 0., 0.,
           1., 0.],
          [1., 1., 1., 1., 0., 0., 0., 1., 0., 1., 0., 1., 0., 0., 1., 1., 0.,
           0., 0.]]]], device='cuda:0'), tensor([[0.4950]], device='cuda:0'))
2026-01-08 16:53:47 - INFO - [-0.04008529  0.00707513  0.93131715 -0.17800817  0.9313172  -0.17800817
 -0.04209682  0.0090443 ]
2026-01-08 16:53:47 - INFO - (tensor([[[[0., 1., 1., 1., 1., 0., 1., 1., 0., 1., 0., 1., 1., 0., 1., 0., 0.,
           1., 0.],
          [1., 1., 1., 1., 1., 0., 1., 0., 1., 0., 0., 0., 0., 1., 0., 1., 0.,
           0., 0.],
          [1., 1., 1., 0., 1., 0., 1., 1., 0., 1., 0., 0., 0., 0., 1., 0., 0.,
           0., 1.],
          [1., 0., 0., 1., 0., 1., 0., 0., 1., 0., 1., 0., 1., 1., 1., 0., 0.,
           1., 0.],
          [1., 1., 0., 1., 1., 1., 1., 0., 1., 1., 1., 0., 0., 1., 1., 1., 0.,
           0., 0.],
          [1., 1., 1., 1., 1., 1., 0., 1., 0., 1., 1., 0., 0., 1., 0., 1., 1.,
           0., 1.],
          [1., 1., 1., 1., 1., 1., 1., 0., 1., 0., 1., 0., 1., 0., 0., 1., 1.,
           0., 0.],
          [0., 1., 1., 1., 0., 0., 1., 1., 0., 1., 0., 1., 0., 1., 1., 0., 0.,
           0., 1.],
          [0., 0., 0., 0., 0., 1., 0., 0., 0., 0., 0., 0., 1., 1., 0., 1., 1.,
           1., 1.],
          [1., 1., 0., 1., 1., 1., 0., 1., 1., 0., 0., 0., 0., 1., 0., 0., 1.,
           1., 1.],
          [1., 1., 1., 1., 1., 0., 1., 0., 0., 1., 1., 1., 1., 1., 0., 1., 1.,
           1., 1.],
          [1., 1., 0., 1., 0., 0., 1., 0., 0., 0., 0., 1., 1., 1., 0., 1., 1.,
           0., 1.],
          [0., 1., 0., 0., 0., 1., 0., 0., 0., 0., 0., 1., 0., 1., 1., 1., 1.,
           0., 1.],
          [0., 1., 1., 0., 1., 1., 1., 1., 1., 0., 0., 0., 1., 0., 0., 0., 1.,
           1., 0.],
          [1., 1., 1., 0., 0., 0., 0., 1., 1., 0., 1., 0., 0., 0., 1., 0., 1.,
           0., 1.],
          [1., 1., 0., 0., 0., 0., 0., 0., 0., 0., 0., 0., 0., 1., 0., 1., 0.,
           1., 0.],
          [1., 0., 1., 1., 0., 0., 1., 1., 0., 1., 1., 1., 1., 1., 1., 0., 0.,
           0., 1.],
          [1., 0., 0., 0., 1., 1., 0., 1., 0., 1., 0., 1., 1., 0., 1., 0., 0.,
           1., 0.],
          [1., 1., 1., 1., 0., 0., 0., 1., 0., 1., 0., 1., 0., 0., 1., 1., 0.,
           0., 0.]]]], device='cuda:0'), tensor([[0.4983]], device='cuda:0'))
2026-01-08 16:53:47 - INFO - [-0.04006889  0.00726814  0.9310195  -0.17916888  0.9310195  -0.17916887
 -0.04210823  0.00925246]
2026-01-08 16:53:47 - INFO - (tensor([[[[0., 1., 1., 1., 1., 0., 1., 1., 0., 1., 0., 1., 1., 0., 1., 0., 0.,
           1., 0.],
          [1., 1., 1., 1., 1., 0., 1., 0., 1., 0., 0., 0., 0., 1., 0., 1., 0.,
           0., 0.],
          [1., 1., 1., 0., 1., 0., 1., 1., 0., 1., 0., 0., 0., 0., 1., 0., 0.,
           0., 1.],
          [1., 0., 0., 1., 0., 1., 0., 0., 1., 0., 1., 0., 1., 1., 1., 0., 0.,
           1., 0.],
          [1., 1., 0., 1., 1., 1., 1., 0., 1., 1., 1., 0., 0., 1., 1., 1., 0.,
           0., 0.],
          [1., 1., 1., 1., 1., 1., 0., 1., 0., 1., 1., 0., 0., 1., 0., 1., 1.,
           0., 1.],
          [1., 1., 1., 1., 1., 1., 1., 0., 1., 0., 1., 0., 1., 0., 0., 1., 1.,
           0., 0.],
          [0., 1., 1., 1., 0., 0., 1., 1., 0., 1., 0., 1., 0., 1., 1., 0., 0.,
           0., 1.],
          [0., 0., 0., 0., 0., 1., 0., 0., 0., 0., 0., 0., 1., 1., 0., 1., 1.,
           1., 1.],
          [1., 1., 0., 1., 1., 1., 0., 1., 1., 0., 0., 0., 0., 1., 0., 0., 1.,
           1., 1.],
          [1., 1., 1., 1., 1., 0., 1., 0., 0., 1., 1., 1., 1., 1., 0., 1., 1.,
           1., 1.],
          [1., 1., 0., 1., 0., 0., 1., 0., 0., 0., 0., 1., 1., 1., 0., 1., 1.,
           0., 1.],
          [0., 1., 0., 0., 0., 1., 0., 0., 0., 0., 0., 1., 0., 1., 1., 1., 1.,
           0., 1.],
          [0., 1., 1., 0., 1., 1., 1., 1., 1., 0., 0., 0., 1., 0., 0., 0., 1.,
           1., 0.],
          [1., 1., 1., 0., 0., 0., 0., 1., 1., 0., 1., 0., 0., 0., 1., 0., 1.,
           0., 1.],
          [1., 1., 0., 0., 0., 0., 0., 0., 0., 0., 0., 0., 0., 1., 0., 1., 0.,
           1., 0.],
          [1., 0., 1., 1., 0., 0., 1., 1., 0., 1., 1., 1., 1., 1., 1., 0., 0.,
           0., 1.],
          [1., 0., 0., 0., 1., 1., 0., 1., 0., 1., 0., 1., 1., 0., 1., 0., 0.,
           1., 0.],
          [1., 1., 1., 1., 0., 0., 0., 1., 0., 1., 0., 1., 0., 0., 1., 1., 0.,
           0., 0.]]]], device='cuda:0'), tensor([[0.5017]], device='cuda:0'))
2026-01-08 16:53:47 - INFO - [-0.04002868  0.00744431  0.93082404 -0.17998852  0.93082404 -0.1799885
 -0.04209859  0.00943244]
2026-01-08 16:53:47 - INFO - (tensor([[[[0., 1., 1., 1., 1., 0., 1., 1., 0., 1., 0., 1., 1., 0., 1., 0., 0.,
           1., 0.],
          [1., 1., 1., 1., 1., 0., 1., 0., 1., 0., 0., 0., 0., 1., 0., 1., 0.,
           0., 0.],
          [1., 1., 1., 0., 1., 0., 1., 1., 0., 1., 0., 0., 0., 0., 1., 0., 0.,
           0., 1.],
          [1., 0., 0., 1., 0., 1., 0., 0., 1., 0., 1., 0., 1., 1., 1., 0., 0.,
           1., 0.],
          [1., 1., 0., 1., 1., 1., 1., 0., 1., 1., 1., 0., 0., 1., 1., 1., 0.,
           0., 0.],
          [1., 1., 1., 1., 1., 1., 0., 1., 0., 1., 1., 0., 0., 1., 0., 1., 1.,
           0., 1.],
          [1., 1., 1., 1., 1., 1., 1., 0., 1., 0., 1., 0., 1., 0., 0., 1., 1.,
           0., 0.],
          [0., 1., 1., 1., 0., 0., 1., 1., 0., 1., 0., 1., 0., 1., 1., 0., 0.,
           0., 1.],
          [0., 0., 0., 0., 0., 1., 0., 0., 0., 0., 0., 0., 1., 1., 0., 1., 1.,
           1., 1.],
          [1., 1., 0., 1., 1., 1., 0., 1., 1., 0., 0., 0., 0., 1., 0., 0., 1.,
           1., 1.],
          [1., 1., 1., 1., 1., 0., 1., 0., 0., 1., 1., 1., 1., 1., 0., 1., 1.,
           1., 1.],
          [1., 1., 0., 1., 0., 0., 1., 0., 0., 0., 0., 1., 1., 1., 0., 1., 1.,
           0., 1.],
          [0., 1., 0., 0., 0., 1., 0., 0., 0., 0., 0., 1., 0., 1., 1., 1., 1.,
           0., 1.],
          [0., 1., 1., 0., 1., 1., 1., 1., 1., 0., 0., 0., 1., 0., 0., 0., 1.,
           1., 0.],
          [1., 1., 1., 0., 0., 0., 0., 1., 1., 0., 1., 0., 0., 0., 1., 0., 1.,
           0., 1.],
          [1., 1., 0., 0., 0., 0., 0., 0., 0., 0., 0., 0., 0., 1., 0., 1., 0.,
           1., 0.],
          [1., 0., 1., 1., 0., 0., 1., 1., 0., 1., 1., 1., 1., 1., 1., 0., 0.,
           0., 1.],
          [1., 0., 0., 0., 1., 1., 0., 1., 0., 1., 0., 1., 1., 0., 1., 0., 0.,
           1., 0.],
          [1., 1., 1., 1., 0., 0., 0., 1., 0., 1., 0., 1., 0., 0., 1., 1., 0.,
           0., 0.]]]], device='cuda:0'), tensor([[0.5050]], device='cuda:0'))
2026-01-08 16:53:47 - INFO - [-0.03998686  0.0076188   0.9306289  -0.18081261  0.9306289  -0.18081263
 -0.04208721  0.00960843]
2026-01-08 16:53:47 - INFO - (tensor([[[[0., 1., 1., 1., 1., 0., 1., 1., 0., 1., 0., 1., 1., 0., 1., 0., 0.,
           1., 0.],
          [1., 1., 1., 1., 1., 0., 1., 0., 1., 0., 0., 0., 0., 1., 0., 1., 0.,
           0., 0.],
          [1., 1., 1., 0., 1., 0., 1., 1., 0., 1., 0., 0., 0., 0., 1., 0., 0.,
           0., 1.],
          [1., 0., 0., 1., 0., 1., 0., 0., 1., 0., 1., 0., 1., 1., 1., 0., 0.,
           1., 0.],
          [1., 1., 0., 1., 1., 1., 1., 0., 1., 1., 1., 0., 0., 1., 1., 1., 0.,
           0., 0.],
          [1., 1., 1., 1., 1., 1., 0., 1., 0., 1., 1., 0., 0., 1., 0., 1., 1.,
           0., 1.],
          [1., 1., 1., 1., 1., 1., 1., 0., 1., 0., 1., 0., 1., 0., 0., 1., 1.,
           0., 0.],
          [0., 1., 1., 1., 0., 0., 1., 1., 0., 1., 0., 1., 0., 1., 1., 0., 0.,
           0., 1.],
          [0., 0., 0., 0., 0., 1., 0., 0., 0., 0., 0., 0., 1., 1., 0., 1., 1.,
           1., 1.],
          [1., 1., 0., 1., 1., 1., 0., 1., 1., 0., 0., 0., 0., 1., 0., 0., 1.,
           1., 1.],
          [1., 1., 1., 1., 1., 0., 1., 0., 0., 1., 1., 1., 1., 1., 0., 1., 1.,
           1., 1.],
          [1., 1., 0., 1., 0., 0., 1., 0., 0., 0., 0., 1., 1., 1., 0., 1., 1.,
           0., 1.],
          [0., 1., 0., 0., 0., 1., 0., 0., 0., 0., 0., 1., 0., 1., 1., 1., 1.,
           0., 1.],
          [0., 1., 1., 0., 1., 1., 1., 1., 1., 0., 0., 0., 1., 0., 0., 0., 1.,
           1., 0.],
          [1., 1., 1., 0., 0., 0., 0., 1., 1., 0., 1., 0., 0., 0., 1., 0., 1.,
           0., 1.],
          [1., 1., 0., 0., 0., 0., 0., 0., 0., 0., 0., 0., 0., 1., 0., 1., 0.,
           1., 0.],
          [1., 0., 1., 1., 0., 0., 1., 1., 0., 1., 1., 1., 1., 1., 1., 0., 0.,
           0., 1.],
          [1., 0., 0., 0., 1., 1., 0., 1., 0., 1., 0., 1., 1., 0., 1., 0., 0.,
           1., 0.],
          [1., 1., 1., 1., 0., 0., 0., 1., 0., 1., 0., 1., 0., 0., 1., 1., 0.,
           0., 0.]]]], device='cuda:0'), tensor([[0.5084]], device='cuda:0'))
2026-01-08 16:53:47 - INFO - [-0.03994358  0.00779898  0.9304248  -0.18167453  0.9304248  -0.18167453
 -0.04207388  0.0097883 ]
2026-01-08 16:53:47 - INFO - (tensor([[[[0., 1., 1., 1., 1., 0., 1., 1., 0., 1., 0., 1., 1., 0., 1., 0., 0.,
           1., 0.],
          [1., 1., 1., 1., 1., 0., 1., 0., 1., 0., 0., 0., 0., 1., 0., 1., 0.,
           0., 0.],
          [1., 1., 1., 0., 1., 0., 1., 1., 0., 1., 0., 0., 0., 0., 1., 0., 0.,
           0., 1.],
          [1., 0., 0., 1., 0., 1., 0., 0., 1., 0., 1., 0., 1., 1., 1., 0., 0.,
           1., 0.],
          [1., 1., 0., 1., 1., 1., 1., 0., 1., 1., 1., 0., 0., 1., 1., 1., 0.,
           0., 0.],
          [1., 1., 1., 1., 1., 1., 0., 1., 0., 1., 1., 0., 0., 1., 0., 1., 1.,
           0., 1.],
          [1., 1., 1., 1., 1., 1., 1., 0., 1., 0., 1., 0., 1., 0., 0., 1., 1.,
           0., 0.],
          [0., 1., 1., 1., 0., 0., 1., 1., 0., 1., 0., 1., 0., 1., 1., 0., 0.,
           0., 1.],
          [0., 0., 0., 0., 0., 1., 0., 0., 0., 0., 0., 0., 1., 1., 0., 1., 1.,
           1., 1.],
          [1., 1., 0., 1., 1., 1., 0., 1., 1., 0., 0., 0., 0., 1., 0., 0., 1.,
           1., 1.],
          [1., 1., 1., 1., 1., 0., 1., 0., 0., 1., 1., 1., 1., 1., 0., 1., 1.,
           1., 1.],
          [1., 1., 0., 1., 0., 0., 1., 0., 0., 0., 0., 1., 1., 1., 0., 1., 1.,
           0., 1.],
          [0., 1., 0., 0., 0., 1., 0., 0., 0., 0., 0., 1., 0., 1., 1., 1., 1.,
           0., 1.],
          [0., 1., 1., 0., 1., 1., 1., 1., 1., 0., 0., 0., 1., 0., 0., 0., 1.,
           1., 0.],
          [1., 1., 1., 0., 0., 0., 0., 1., 1., 0., 1., 0., 0., 0., 1., 0., 1.,
           0., 1.],
          [1., 1., 0., 0., 0., 0., 0., 0., 0., 0., 0., 0., 0., 1., 0., 1., 0.,
           1., 0.],
          [1., 0., 1., 1., 0., 0., 1., 1., 0., 1., 1., 1., 1., 1., 1., 0., 0.,
           0., 1.],
          [1., 0., 0., 0., 1., 1., 0., 1., 0., 1., 0., 1., 1., 0., 1., 0., 0.,
           1., 0.],
          [1., 1., 1., 1., 0., 0., 0., 1., 0., 1., 0., 1., 0., 0., 1., 1., 0.,
           0., 0.]]]], device='cuda:0'), tensor([[0.5117]], device='cuda:0'))
2026-01-08 16:53:47 - INFO - [-0.0398995   0.00799326  0.9301951  -0.18264078  0.9301951  -0.18264079
 -0.04206122  0.00998244]
2026-01-08 16:53:47 - INFO - (tensor([[[[0., 1., 1., 1., 1., 0., 1., 1., 0., 1., 0., 1., 1., 0., 1., 0., 0.,
           1., 0.],
          [1., 1., 1., 1., 1., 0., 1., 0., 1., 0., 0., 0., 0., 1., 0., 1., 0.,
           0., 0.],
          [1., 1., 1., 0., 1., 0., 1., 1., 0., 1., 0., 0., 0., 0., 1., 0., 0.,
           0., 1.],
          [1., 0., 0., 1., 0., 1., 0., 0., 1., 0., 1., 0., 1., 1., 1., 0., 0.,
           1., 0.],
          [1., 1., 0., 1., 1., 1., 1., 0., 1., 1., 1., 0., 0., 1., 1., 1., 0.,
           0., 0.],
          [1., 1., 1., 1., 1., 1., 0., 1., 0., 1., 1., 0., 0., 1., 0., 1., 1.,
           0., 1.],
          [1., 1., 1., 1., 1., 1., 1., 0., 1., 0., 1., 0., 1., 0., 0., 1., 1.,
           0., 0.],
          [0., 1., 1., 1., 0., 0., 1., 1., 0., 1., 0., 1., 0., 1., 1., 0., 0.,
           0., 1.],
          [0., 0., 0., 0., 0., 1., 0., 0., 0., 0., 0., 0., 1., 1., 0., 1., 1.,
           1., 1.],
          [1., 1., 0., 1., 1., 1., 0., 1., 1., 0., 0., 0., 0., 1., 0., 0., 1.,
           1., 1.],
          [1., 1., 1., 1., 1., 0., 1., 0., 0., 1., 1., 1., 1., 1., 0., 1., 1.,
           1., 1.],
          [1., 1., 0., 1., 0., 0., 1., 0., 0., 0., 0., 1., 1., 1., 0., 1., 1.,
           0., 1.],
          [0., 1., 0., 0., 0., 1., 0., 0., 0., 0., 0., 1., 0., 1., 1., 1., 1.,
           0., 1.],
          [0., 1., 1., 0., 1., 1., 1., 1., 1., 0., 0., 0., 1., 0., 0., 0., 1.,
           1., 0.],
          [1., 1., 1., 0., 0., 0., 0., 1., 1., 0., 1., 0., 0., 0., 1., 0., 1.,
           0., 1.],
          [1., 1., 0., 0., 0., 0., 0., 0., 0., 0., 0., 0., 0., 1., 0., 1., 0.,
           1., 0.],
          [1., 0., 1., 1., 0., 0., 1., 1., 0., 1., 1., 1., 1., 1., 1., 0., 0.,
           0., 1.],
          [1., 0., 0., 0., 1., 1., 0., 1., 0., 1., 0., 1., 1., 0., 1., 0., 0.,
           1., 0.],
          [1., 1., 1., 1., 0., 0., 0., 1., 0., 1., 0., 1., 0., 0., 1., 1., 0.,
           0., 0.]]]], device='cuda:0'), tensor([[0.5151]], device='cuda:0'))
2026-01-08 16:53:47 - INFO - [-0.03985079  0.00820374  0.9299522  -0.18367289  0.9299522  -0.18367288
 -0.04204497  0.01019095]
2026-01-08 16:53:47 - INFO - (tensor([[[[0., 1., 1., 1., 1., 0., 1., 1., 0., 1., 0., 1., 1., 0., 1., 0., 0.,
           1., 0.],
          [1., 1., 1., 1., 1., 0., 1., 0., 1., 0., 0., 0., 0., 1., 0., 1., 0.,
           0., 0.],
          [1., 1., 1., 0., 1., 0., 1., 1., 0., 1., 0., 0., 0., 0., 1., 0., 0.,
           0., 1.],
          [1., 0., 0., 1., 0., 1., 0., 0., 1., 0., 1., 0., 1., 1., 1., 0., 0.,
           1., 0.],
          [1., 1., 0., 1., 1., 1., 1., 0., 1., 1., 1., 0., 0., 1., 1., 1., 0.,
           0., 0.],
          [1., 1., 1., 1., 1., 1., 0., 1., 0., 1., 1., 0., 0., 1., 0., 1., 1.,
           0., 1.],
          [1., 1., 1., 1., 1., 1., 1., 0., 1., 0., 1., 0., 1., 0., 0., 1., 1.,
           0., 0.],
          [0., 1., 1., 1., 0., 0., 1., 1., 0., 1., 0., 1., 0., 1., 1., 0., 0.,
           0., 1.],
          [0., 0., 0., 0., 0., 1., 0., 0., 0., 0., 0., 0., 1., 1., 0., 1., 1.,
           1., 1.],
          [1., 1., 0., 1., 1., 1., 0., 1., 1., 0., 0., 0., 0., 1., 0., 0., 1.,
           1., 1.],
          [1., 1., 1., 1., 1., 0., 1., 0., 0., 1., 1., 1., 1., 1., 0., 1., 1.,
           1., 1.],
          [1., 1., 0., 1., 0., 0., 1., 0., 0., 0., 0., 1., 1., 1., 0., 1., 1.,
           0., 1.],
          [0., 1., 0., 0., 0., 1., 0., 0., 0., 0., 0., 1., 0., 1., 1., 1., 1.,
           0., 1.],
          [0., 1., 1., 0., 1., 1., 1., 1., 1., 0., 0., 0., 1., 0., 0., 0., 1.,
           1., 0.],
          [1., 1., 1., 0., 0., 0., 0., 1., 1., 0., 1., 0., 0., 0., 1., 0., 1.,
           0., 1.],
          [1., 1., 0., 0., 0., 0., 0., 0., 0., 0., 0., 0., 0., 1., 0., 1., 0.,
           1., 0.],
          [1., 0., 1., 1., 0., 0., 1., 1., 0., 1., 1., 1., 1., 1., 1., 0., 0.,
           0., 1.],
          [1., 0., 0., 0., 1., 1., 0., 1., 0., 1., 0., 1., 1., 0., 1., 0., 0.,
           1., 0.],
          [1., 1., 1., 1., 0., 0., 0., 1., 0., 1., 0., 1., 0., 0., 1., 1., 0.,
           0., 0.]]]], device='cuda:0'), tensor([[0.5184]], device='cuda:0'))
2026-01-08 16:53:47 - INFO - [-0.03979356  0.00844413  0.92968255 -0.18483762  0.9296825  -0.18483762
 -0.04202304  0.01042649]
2026-01-08 16:53:47 - INFO - (tensor([[[[0., 1., 1., 1., 1., 0., 1., 1., 0., 1., 0., 1., 1., 0., 1., 0., 0.,
           1., 0.],
          [1., 1., 1., 1., 1., 0., 1., 0., 1., 0., 0., 0., 0., 1., 0., 1., 0.,
           0., 0.],
          [1., 1., 1., 0., 1., 0., 1., 1., 0., 1., 0., 0., 0., 0., 1., 0., 0.,
           0., 1.],
          [1., 0., 0., 1., 0., 1., 0., 0., 1., 0., 1., 0., 1., 1., 1., 0., 0.,
           1., 0.],
          [1., 1., 0., 1., 1., 1., 1., 0., 1., 1., 1., 0., 0., 1., 1., 1., 0.,
           0., 0.],
          [1., 1., 1., 1., 1., 1., 0., 1., 0., 1., 1., 0., 0., 1., 0., 1., 1.,
           0., 1.],
          [1., 1., 1., 1., 1., 1., 1., 0., 1., 0., 1., 0., 1., 0., 0., 1., 1.,
           0., 0.],
          [0., 1., 1., 1., 0., 0., 1., 1., 0., 1., 0., 1., 0., 1., 1., 0., 0.,
           0., 1.],
          [0., 0., 0., 0., 0., 1., 0., 0., 0., 0., 0., 0., 1., 1., 0., 1., 1.,
           1., 1.],
          [1., 1., 0., 1., 1., 1., 0., 1., 1., 0., 0., 0., 0., 1., 0., 0., 1.,
           1., 1.],
          [1., 1., 1., 1., 1., 0., 1., 0., 0., 1., 1., 1., 1., 1., 0., 1., 1.,
           1., 1.],
          [1., 1., 0., 1., 0., 0., 1., 0., 0., 0., 0., 1., 1., 1., 0., 1., 1.,
           0., 1.],
          [0., 1., 0., 0., 0., 1., 0., 0., 0., 0., 0., 1., 0., 1., 1., 1., 1.,
           0., 1.],
          [0., 1., 1., 0., 1., 1., 1., 1., 1., 0., 0., 0., 1., 0., 0., 0., 1.,
           1., 0.],
          [1., 1., 1., 0., 0., 0., 0., 1., 1., 0., 1., 0., 0., 0., 1., 0., 1.,
           0., 1.],
          [1., 1., 0., 0., 0., 0., 0., 0., 0., 0., 0., 0., 0., 1., 0., 1., 0.,
           1., 0.],
          [1., 0., 1., 1., 0., 0., 1., 1., 0., 1., 1., 1., 1., 1., 1., 0., 0.,
           0., 1.],
          [1., 0., 0., 0., 1., 1., 0., 1., 0., 1., 0., 1., 1., 0., 1., 0., 0.,
           1., 0.],
          [1., 1., 1., 1., 0., 0., 0., 1., 0., 1., 0., 1., 0., 0., 1., 1., 0.,
           0., 0.]]]], device='cuda:0'), tensor([[0.5217]], device='cuda:0'))
2026-01-08 16:53:47 - INFO - [-0.03970054  0.00869342  0.92946875 -0.18574665  0.9294687  -0.18574664
 -0.0419726   0.01069512]
2026-01-08 16:53:47 - INFO - (tensor([[[[0., 1., 1., 1., 1., 0., 1., 1., 0., 1., 0., 1., 1., 0., 1., 0., 0.,
           1., 0.],
          [1., 1., 1., 1., 1., 0., 1., 0., 1., 0., 0., 0., 0., 1., 0., 1., 0.,
           0., 0.],
          [1., 1., 1., 0., 1., 0., 1., 1., 0., 1., 0., 0., 0., 0., 1., 0., 0.,
           0., 1.],
          [1., 0., 0., 1., 0., 1., 0., 0., 1., 0., 1., 0., 1., 1., 1., 0., 0.,
           1., 0.],
          [1., 1., 0., 1., 1., 1., 1., 0., 1., 1., 1., 0., 0., 1., 1., 1., 0.,
           0., 0.],
          [1., 1., 1., 1., 1., 1., 0., 1., 0., 1., 1., 0., 0., 1., 0., 1., 1.,
           0., 1.],
          [1., 1., 1., 1., 1., 1., 1., 0., 1., 0., 1., 0., 1., 0., 0., 1., 1.,
           0., 0.],
          [0., 1., 1., 1., 0., 0., 1., 1., 0., 1., 0., 1., 0., 1., 1., 0., 0.,
           0., 1.],
          [0., 0., 0., 0., 0., 1., 0., 0., 0., 0., 0., 0., 1., 1., 0., 1., 1.,
           1., 1.],
          [1., 1., 0., 1., 1., 1., 0., 1., 1., 0., 0., 0., 0., 1., 0., 0., 1.,
           1., 1.],
          [1., 1., 1., 1., 1., 0., 1., 0., 0., 1., 1., 1., 1., 1., 0., 1., 1.,
           1., 1.],
          [1., 1., 0., 1., 0., 0., 1., 0., 0., 0., 0., 1., 1., 1., 0., 1., 1.,
           0., 1.],
          [0., 1., 0., 0., 0., 1., 0., 0., 0., 0., 0., 1., 0., 1., 1., 1., 1.,
           0., 1.],
          [0., 1., 1., 0., 1., 1., 1., 1., 1., 0., 0., 0., 1., 0., 0., 0., 1.,
           1., 0.],
          [1., 1., 1., 0., 0., 0., 0., 1., 1., 0., 1., 0., 0., 0., 1., 0., 1.,
           0., 1.],
          [1., 1., 0., 0., 0., 0., 0., 0., 0., 0., 0., 0., 0., 1., 0., 1., 0.,
           1., 0.],
          [1., 0., 1., 1., 0., 0., 1., 1., 0., 1., 1., 1., 1., 1., 1., 0., 0.,
           0., 1.],
          [1., 0., 0., 0., 1., 1., 0., 1., 0., 1., 0., 1., 1., 0., 1., 0., 0.,
           1., 0.],
          [1., 1., 1., 1., 0., 0., 0., 1., 0., 1., 0., 1., 0., 0., 1., 1., 0.,
           0., 0.]]]], device='cuda:0'), tensor([[0.5251]], device='cuda:0'))
2026-01-08 16:53:47 - INFO - [-0.0395814   0.00895591  0.92927223 -0.18652819  0.92927223 -0.18652819
 -0.04191388  0.01100262]
2026-01-08 16:53:47 - INFO - (tensor([[[[0., 1., 1., 1., 1., 0., 1., 1., 0., 1., 0., 1., 1., 0., 1., 0., 0.,
           1., 0.],
          [1., 1., 1., 1., 1., 0., 1., 0., 1., 0., 0., 0., 0., 1., 0., 1., 0.,
           0., 0.],
          [1., 1., 1., 0., 1., 0., 1., 1., 0., 1., 0., 0., 0., 0., 1., 0., 0.,
           0., 1.],
          [1., 0., 0., 1., 0., 1., 0., 0., 1., 0., 1., 0., 1., 1., 1., 0., 0.,
           1., 0.],
          [1., 1., 0., 1., 1., 1., 1., 0., 1., 1., 1., 0., 0., 1., 1., 1., 0.,
           0., 0.],
          [1., 1., 1., 1., 1., 1., 0., 1., 0., 1., 1., 0., 0., 1., 0., 1., 1.,
           0., 1.],
          [1., 1., 1., 1., 1., 1., 1., 0., 1., 0., 1., 0., 1., 0., 0., 1., 1.,
           0., 0.],
          [0., 1., 1., 1., 0., 0., 1., 1., 0., 1., 0., 1., 0., 1., 1., 0., 0.,
           0., 1.],
          [0., 0., 0., 0., 0., 1., 0., 0., 0., 0., 0., 0., 1., 1., 0., 1., 1.,
           1., 1.],
          [1., 1., 0., 1., 1., 1., 0., 1., 1., 0., 0., 0., 0., 1., 0., 0., 1.,
           1., 1.],
          [1., 1., 1., 1., 1., 0., 1., 0., 0., 1., 1., 1., 1., 1., 0., 1., 1.,
           1., 1.],
          [1., 1., 0., 1., 0., 0., 1., 0., 0., 0., 0., 1., 1., 1., 0., 1., 1.,
           0., 1.],
          [0., 1., 0., 0., 0., 1., 0., 0., 0., 0., 0., 1., 0., 1., 1., 1., 1.,
           0., 1.],
          [0., 1., 1., 0., 1., 1., 1., 1., 1., 0., 0., 0., 1., 0., 0., 0., 1.,
           1., 0.],
          [1., 1., 1., 0., 0., 0., 0., 1., 1., 0., 1., 0., 0., 0., 1., 0., 1.,
           0., 1.],
          [1., 1., 0., 0., 0., 0., 0., 0., 0., 0., 0., 0., 0., 1., 0., 1., 0.,
           1., 0.],
          [1., 0., 1., 1., 0., 0., 1., 1., 0., 1., 1., 1., 1., 1., 1., 0., 0.,
           0., 1.],
          [1., 0., 0., 0., 1., 1., 0., 1., 0., 1., 0., 1., 1., 0., 1., 0., 0.,
           1., 0.],
          [1., 1., 1., 1., 0., 0., 0., 1., 0., 1., 0., 1., 0., 0., 1., 1., 0.,
           0., 0.]]]], device='cuda:0'), tensor([[0.5284]], device='cuda:0'))
2026-01-08 16:53:47 - INFO - [-0.03944848  0.00921647  0.9290658  -0.18735111  0.9290658  -0.18735111
 -0.04186146  0.01131561]
2026-01-08 16:53:47 - INFO - (tensor([[[[0., 1., 1., 1., 1., 0., 1., 1., 0., 1., 0., 1., 1., 0., 1., 0., 0.,
           1., 0.],
          [1., 1., 1., 1., 1., 0., 1., 0., 1., 0., 0., 0., 0., 1., 0., 1., 0.,
           0., 0.],
          [1., 1., 1., 0., 1., 0., 1., 1., 0., 1., 0., 0., 0., 0., 1., 0., 0.,
           0., 1.],
          [1., 0., 0., 1., 0., 1., 0., 0., 1., 0., 1., 0., 1., 1., 1., 0., 0.,
           1., 0.],
          [1., 1., 0., 1., 1., 1., 1., 0., 1., 1., 1., 0., 0., 1., 1., 1., 0.,
           0., 0.],
          [1., 1., 1., 1., 1., 1., 0., 1., 0., 1., 1., 0., 0., 1., 0., 1., 1.,
           0., 1.],
          [1., 1., 1., 1., 1., 1., 1., 0., 1., 0., 1., 0., 1., 0., 0., 1., 1.,
           0., 0.],
          [0., 1., 1., 1., 0., 0., 1., 1., 0., 1., 0., 1., 0., 1., 1., 0., 0.,
           0., 1.],
          [0., 0., 0., 0., 0., 1., 0., 0., 0., 0., 0., 0., 1., 1., 0., 1., 1.,
           1., 1.],
          [1., 1., 0., 1., 1., 1., 0., 1., 1., 0., 0., 0., 0., 1., 0., 0., 1.,
           1., 1.],
          [1., 1., 1., 1., 1., 0., 1., 0., 0., 1., 1., 1., 1., 1., 0., 1., 1.,
           1., 1.],
          [1., 1., 0., 1., 0., 0., 1., 0., 0., 0., 0., 1., 1., 1., 0., 1., 1.,
           0., 1.],
          [0., 1., 0., 0., 0., 1., 0., 0., 0., 0., 0., 1., 0., 1., 1., 1., 1.,
           0., 1.],
          [0., 1., 1., 0., 1., 1., 1., 1., 1., 0., 0., 0., 1., 0., 0., 0., 1.,
           1., 0.],
          [1., 1., 1., 0., 0., 0., 0., 1., 1., 0., 1., 0., 0., 0., 1., 0., 1.,
           0., 1.],
          [1., 1., 0., 0., 0., 0., 0., 0., 0., 0., 0., 0., 0., 1., 0., 1., 0.,
           1., 0.],
          [1., 0., 1., 1., 0., 0., 1., 1., 0., 1., 1., 1., 1., 1., 1., 0., 0.,
           0., 1.],
          [1., 0., 0., 0., 1., 1., 0., 1., 0., 1., 0., 1., 1., 0., 1., 0., 0.,
           1., 0.],
          [1., 1., 1., 1., 0., 0., 0., 1., 0., 1., 0., 1., 0., 0., 1., 1., 0.,
           0., 0.]]]], device='cuda:0'), tensor([[0.5318]], device='cuda:0'))
2026-01-08 16:53:47 - INFO - [-0.03932124  0.00946741  0.9288611  -0.18820256  0.9288611  -0.18820255
 -0.04181144  0.01162289]
2026-01-08 16:53:47 - INFO - (tensor([[[[0., 1., 1., 1., 1., 0., 1., 1., 0., 1., 0., 1., 1., 0., 1., 0., 0.,
           1., 0.],
          [1., 1., 1., 1., 1., 0., 1., 0., 1., 0., 0., 0., 0., 1., 0., 1., 0.,
           0., 0.],
          [1., 1., 1., 0., 1., 0., 1., 1., 0., 1., 0., 0., 0., 0., 1., 0., 0.,
           0., 1.],
          [1., 0., 0., 1., 0., 1., 0., 0., 1., 0., 1., 0., 1., 1., 1., 0., 0.,
           1., 0.],
          [1., 1., 0., 1., 1., 1., 1., 0., 1., 1., 1., 0., 0., 1., 1., 1., 0.,
           0., 0.],
          [1., 1., 1., 1., 1., 1., 0., 1., 0., 1., 1., 0., 0., 1., 0., 1., 1.,
           0., 1.],
          [1., 1., 1., 1., 1., 1., 1., 0., 1., 0., 1., 0., 1., 0., 0., 1., 1.,
           0., 0.],
          [0., 1., 1., 1., 0., 0., 1., 1., 0., 1., 0., 1., 0., 1., 1., 0., 0.,
           0., 1.],
          [0., 0., 0., 0., 0., 1., 0., 0., 0., 0., 0., 0., 1., 1., 0., 1., 1.,
           1., 1.],
          [1., 1., 0., 1., 1., 1., 0., 1., 1., 0., 0., 0., 0., 1., 0., 0., 1.,
           1., 1.],
          [1., 1., 1., 1., 1., 0., 1., 0., 0., 1., 1., 1., 1., 1., 0., 1., 1.,
           1., 1.],
          [1., 1., 0., 1., 0., 0., 1., 0., 0., 0., 0., 1., 1., 1., 0., 1., 1.,
           0., 1.],
          [0., 1., 0., 0., 0., 1., 0., 0., 0., 0., 0., 1., 0., 1., 1., 1., 1.,
           0., 1.],
          [0., 1., 1., 0., 1., 1., 1., 1., 1., 0., 0., 0., 1., 0., 0., 0., 1.,
           1., 0.],
          [1., 1., 1., 0., 0., 0., 0., 1., 1., 0., 1., 0., 0., 0., 1., 0., 1.,
           0., 1.],
          [1., 1., 0., 0., 0., 0., 0., 0., 0., 0., 0., 0., 0., 1., 0., 1., 0.,
           1., 0.],
          [1., 0., 1., 1., 0., 0., 1., 1., 0., 1., 1., 1., 1., 1., 1., 0., 0.,
           0., 1.],
          [1., 0., 0., 0., 1., 1., 0., 1., 0., 1., 0., 1., 1., 0., 1., 0., 0.,
           1., 0.],
          [1., 1., 1., 1., 0., 0., 0., 1., 0., 1., 0., 1., 0., 0., 1., 1., 0.,
           0., 0.]]]], device='cuda:0'), tensor([[0.5351]], device='cuda:0'))
2026-01-08 16:53:47 - INFO - [-0.03930811  0.0096509   0.9285216  -0.18910375  0.9285216  -0.18910377
 -0.04182995  0.01188692]
2026-01-08 16:53:47 - INFO - (tensor([[[[0., 1., 1., 1., 1., 0., 1., 1., 0., 1., 0., 1., 1., 0., 1., 0., 0.,
           1., 0.],
          [1., 1., 1., 1., 1., 0., 1., 0., 1., 0., 0., 0., 0., 1., 0., 1., 0.,
           0., 0.],
          [1., 1., 1., 0., 1., 0., 1., 1., 0., 1., 0., 0., 0., 0., 1., 0., 0.,
           0., 1.],
          [1., 0., 0., 1., 0., 1., 0., 0., 1., 0., 1., 0., 1., 1., 1., 0., 0.,
           1., 0.],
          [1., 1., 0., 1., 1., 1., 1., 0., 1., 1., 1., 0., 0., 1., 1., 1., 0.,
           0., 0.],
          [1., 1., 1., 1., 1., 1., 0., 1., 0., 1., 1., 0., 0., 1., 0., 1., 1.,
           0., 1.],
          [1., 1., 1., 1., 1., 1., 1., 0., 1., 0., 1., 0., 1., 0., 0., 1., 1.,
           0., 0.],
          [0., 1., 1., 1., 0., 0., 1., 1., 0., 1., 0., 1., 0., 1., 1., 0., 0.,
           0., 1.],
          [0., 0., 0., 0., 0., 1., 0., 0., 0., 0., 0., 0., 1., 1., 0., 1., 1.,
           1., 1.],
          [1., 1., 0., 1., 1., 1., 0., 1., 1., 0., 0., 0., 0., 1., 0., 0., 1.,
           1., 1.],
          [1., 1., 1., 1., 1., 0., 1., 0., 0., 1., 1., 1., 1., 1., 0., 1., 1.,
           1., 1.],
          [1., 1., 0., 1., 0., 0., 1., 0., 0., 0., 0., 1., 1., 1., 0., 1., 1.,
           0., 1.],
          [0., 1., 0., 0., 0., 1., 0., 0., 0., 0., 0., 1., 0., 1., 1., 1., 1.,
           0., 1.],
          [0., 1., 1., 0., 1., 1., 1., 1., 1., 0., 0., 0., 1., 0., 0., 0., 1.,
           1., 0.],
          [1., 1., 1., 0., 0., 0., 0., 1., 1., 0., 1., 0., 0., 0., 1., 0., 1.,
           0., 1.],
          [1., 1., 0., 0., 0., 0., 0., 0., 0., 0., 0., 0., 0., 1., 0., 1., 0.,
           1., 0.],
          [1., 0., 1., 1., 0., 0., 1., 1., 0., 1., 1., 1., 1., 1., 1., 0., 0.,
           0., 1.],
          [1., 0., 0., 0., 1., 1., 0., 1., 0., 1., 0., 1., 1., 0., 1., 0., 0.,
           1., 0.],
          [1., 1., 1., 1., 0., 0., 0., 1., 0., 1., 0., 1., 0., 0., 1., 1., 0.,
           0., 0.]]]], device='cuda:0'), tensor([[0.5385]], device='cuda:0'))
2026-01-08 16:53:47 - INFO - [-0.03931127  0.00978801  0.9282744  -0.19002588  0.92827433 -0.19002588
 -0.04186473  0.0120448 ]
2026-01-08 16:53:47 - INFO - (tensor([[[[0., 1., 1., 1., 1., 0., 1., 1., 0., 1., 0., 1., 1., 0., 1., 0., 0.,
           1., 0.],
          [1., 1., 1., 1., 1., 0., 1., 0., 1., 0., 0., 0., 0., 1., 0., 1., 0.,
           0., 0.],
          [1., 1., 1., 0., 1., 0., 1., 1., 0., 1., 0., 0., 0., 0., 1., 0., 0.,
           0., 1.],
          [1., 0., 0., 1., 0., 1., 0., 0., 1., 0., 1., 0., 1., 1., 1., 0., 0.,
           1., 0.],
          [1., 1., 0., 1., 1., 1., 1., 0., 1., 1., 1., 0., 0., 1., 1., 1., 0.,
           0., 0.],
          [1., 1., 1., 1., 1., 1., 0., 1., 0., 1., 1., 0., 0., 1., 0., 1., 1.,
           0., 1.],
          [1., 1., 1., 1., 1., 1., 1., 0., 1., 0., 1., 0., 1., 0., 0., 1., 1.,
           0., 0.],
          [0., 1., 1., 1., 0., 0., 1., 1., 0., 1., 0., 1., 0., 1., 1., 0., 0.,
           0., 1.],
          [0., 0., 0., 0., 0., 1., 0., 0., 0., 0., 0., 0., 1., 1., 0., 1., 1.,
           1., 1.],
          [1., 1., 0., 1., 1., 1., 0., 1., 1., 0., 0., 0., 0., 1., 0., 0., 1.,
           1., 1.],
          [1., 1., 1., 1., 1., 0., 1., 0., 0., 1., 1., 1., 1., 1., 0., 1., 1.,
           1., 1.],
          [1., 1., 0., 1., 0., 0., 1., 0., 0., 0., 0., 1., 1., 1., 0., 1., 1.,
           0., 1.],
          [0., 1., 0., 0., 0., 1., 0., 0., 0., 0., 0., 1., 0., 1., 1., 1., 1.,
           0., 1.],
          [0., 1., 1., 0., 1., 1., 1., 1., 1., 0., 0., 0., 1., 0., 0., 0., 1.,
           1., 0.],
          [1., 1., 1., 0., 0., 0., 0., 1., 1., 0., 1., 0., 0., 0., 1., 0., 1.,
           0., 1.],
          [1., 1., 0., 0., 0., 0., 0., 0., 0., 0., 0., 0., 0., 1., 0., 1., 0.,
           1., 0.],
          [1., 0., 1., 1., 0., 0., 1., 1., 0., 1., 1., 1., 1., 1., 1., 0., 0.,
           0., 1.],
          [1., 0., 0., 0., 1., 1., 0., 1., 0., 1., 0., 1., 1., 0., 1., 0., 0.,
           1., 0.],
          [1., 1., 1., 1., 0., 0., 0., 1., 0., 1., 0., 1., 0., 0., 1., 1., 0.,
           0., 0.]]]], device='cuda:0'), tensor([[0.5418]], device='cuda:0'))
2026-01-08 16:53:47 - INFO - [-0.03933005  0.00994286  0.9279548  -0.19125521  0.9279548  -0.1912552
 -0.04192028  0.01221445]
2026-01-08 16:53:47 - INFO - (tensor([[[[0., 1., 1., 1., 1., 0., 1., 1., 0., 1., 0., 1., 1., 0., 1., 0., 0.,
           1., 0.],
          [1., 1., 1., 1., 1., 0., 1., 0., 1., 0., 0., 0., 0., 1., 0., 1., 0.,
           0., 0.],
          [1., 1., 1., 0., 1., 0., 1., 1., 0., 1., 0., 0., 0., 0., 1., 0., 0.,
           0., 1.],
          [1., 0., 0., 1., 0., 1., 0., 0., 1., 0., 1., 0., 1., 1., 1., 0., 0.,
           1., 0.],
          [1., 1., 0., 1., 1., 1., 1., 0., 1., 1., 1., 0., 0., 1., 1., 1., 0.,
           0., 0.],
          [1., 1., 1., 1., 1., 1., 0., 1., 0., 1., 1., 0., 0., 1., 0., 1., 1.,
           0., 1.],
          [1., 1., 1., 1., 1., 1., 1., 0., 1., 0., 1., 0., 1., 0., 0., 1., 1.,
           0., 0.],
          [0., 1., 1., 1., 0., 0., 1., 1., 0., 1., 0., 1., 0., 1., 1., 0., 0.,
           0., 1.],
          [0., 0., 0., 0., 0., 1., 0., 0., 0., 0., 0., 0., 1., 1., 0., 1., 1.,
           1., 1.],
          [1., 1., 0., 1., 1., 1., 0., 1., 1., 0., 0., 0., 0., 1., 0., 0., 1.,
           1., 1.],
          [1., 1., 1., 1., 1., 0., 1., 0., 0., 1., 1., 1., 1., 1., 0., 1., 1.,
           1., 1.],
          [1., 1., 0., 1., 0., 0., 1., 0., 0., 0., 0., 1., 1., 1., 0., 1., 1.,
           0., 1.],
          [0., 1., 0., 0., 0., 1., 0., 0., 0., 0., 0., 1., 0., 1., 1., 1., 1.,
           0., 1.],
          [0., 1., 1., 0., 1., 1., 1., 1., 1., 0., 0., 0., 1., 0., 0., 0., 1.,
           1., 0.],
          [1., 1., 1., 0., 0., 0., 0., 1., 1., 0., 1., 0., 0., 0., 1., 0., 1.,
           0., 1.],
          [1., 1., 0., 0., 0., 0., 0., 0., 0., 0., 0., 0., 0., 1., 0., 1., 0.,
           1., 0.],
          [1., 0., 1., 1., 0., 0., 1., 1., 0., 1., 1., 1., 1., 1., 1., 0., 0.,
           0., 1.],
          [1., 0., 0., 0., 1., 1., 0., 1., 0., 1., 0., 1., 1., 0., 1., 0., 0.,
           1., 0.],
          [1., 1., 1., 1., 0., 0., 0., 1., 0., 1., 0., 1., 0., 0., 1., 1., 0.,
           0., 0.]]]], device='cuda:0'), tensor([[0.5452]], device='cuda:0'))
2026-01-08 16:53:47 - INFO - [-0.03937147  0.01016736  0.92741996 -0.19308306  0.92741996 -0.19308308
 -0.04200865  0.0124908 ]
2026-01-08 16:53:47 - INFO - (tensor([[[[0., 1., 1., 1., 1., 0., 1., 1., 0., 1., 0., 1., 1., 0., 1., 0., 0.,
           1., 0.],
          [1., 1., 1., 1., 1., 0., 1., 0., 1., 0., 0., 0., 0., 1., 0., 1., 0.,
           0., 0.],
          [1., 1., 1., 0., 1., 0., 1., 1., 0., 1., 0., 0., 0., 0., 1., 0., 0.,
           0., 1.],
          [1., 0., 0., 1., 0., 1., 0., 0., 1., 0., 1., 0., 1., 1., 1., 0., 0.,
           1., 0.],
          [1., 1., 0., 1., 1., 1., 1., 0., 1., 1., 1., 0., 0., 1., 1., 1., 0.,
           0., 0.],
          [1., 1., 1., 1., 1., 1., 0., 1., 0., 1., 1., 0., 0., 1., 0., 1., 1.,
           0., 1.],
          [1., 1., 1., 1., 1., 1., 1., 0., 1., 0., 1., 0., 1., 0., 0., 1., 1.,
           0., 0.],
          [0., 1., 1., 1., 0., 0., 1., 1., 0., 1., 0., 1., 0., 1., 1., 0., 0.,
           0., 1.],
          [0., 0., 0., 0., 0., 1., 0., 0., 0., 0., 0., 0., 1., 1., 0., 1., 1.,
           1., 1.],
          [1., 1., 0., 1., 1., 1., 0., 1., 1., 0., 0., 0., 0., 1., 0., 0., 1.,
           1., 1.],
          [1., 1., 1., 1., 1., 0., 1., 0., 0., 1., 1., 1., 1., 1., 0., 1., 1.,
           1., 1.],
          [1., 1., 0., 1., 0., 0., 1., 0., 0., 0., 0., 1., 1., 1., 0., 1., 1.,
           0., 1.],
          [0., 1., 0., 0., 0., 1., 0., 0., 0., 0., 0., 1., 0., 1., 1., 1., 1.,
           0., 1.],
          [0., 1., 1., 0., 1., 1., 1., 1., 1., 0., 0., 0., 1., 0., 0., 0., 1.,
           1., 0.],
          [1., 1., 1., 0., 0., 0., 0., 1., 1., 0., 1., 0., 0., 0., 1., 0., 1.,
           0., 1.],
          [1., 1., 0., 0., 0., 0., 0., 0., 0., 0., 0., 0., 0., 1., 0., 1., 0.,
           1., 0.],
          [1., 0., 1., 1., 0., 0., 1., 1., 0., 1., 1., 1., 1., 1., 1., 0., 0.,
           0., 1.],
          [1., 0., 0., 0., 1., 1., 0., 1., 0., 1., 0., 1., 1., 0., 1., 0., 0.,
           1., 0.],
          [1., 1., 1., 1., 0., 0., 0., 1., 0., 1., 0., 1., 0., 0., 1., 1., 0.,
           0., 0.]]]], device='cuda:0'), tensor([[0.5485]], device='cuda:0'))
2026-01-08 16:53:47 - INFO - [-0.03939445  0.01037194  0.92694104 -0.19477269  0.92694104 -0.1947727
 -0.04208192  0.01273772]
2026-01-08 16:53:47 - INFO - (tensor([[[[0., 1., 1., 1., 1., 0., 1., 1., 0., 1., 0., 1., 1., 0., 1., 0., 0.,
           1., 0.],
          [1., 1., 1., 1., 1., 0., 1., 0., 1., 0., 0., 0., 0., 1., 0., 1., 0.,
           0., 0.],
          [1., 1., 1., 0., 1., 0., 1., 1., 0., 1., 0., 0., 0., 0., 1., 0., 0.,
           0., 1.],
          [1., 0., 0., 1., 0., 1., 0., 0., 1., 0., 1., 0., 1., 1., 1., 0., 0.,
           1., 0.],
          [1., 1., 0., 1., 1., 1., 1., 0., 1., 1., 1., 0., 0., 1., 1., 1., 0.,
           0., 0.],
          [1., 1., 1., 1., 1., 1., 0., 1., 0., 1., 1., 0., 0., 1., 0., 1., 1.,
           0., 1.],
          [1., 1., 1., 1., 1., 1., 1., 0., 1., 0., 1., 0., 1., 0., 0., 1., 1.,
           0., 0.],
          [0., 1., 1., 1., 0., 0., 1., 1., 0., 1., 0., 1., 0., 1., 1., 0., 0.,
           0., 1.],
          [0., 0., 0., 0., 0., 1., 0., 0., 0., 0., 0., 0., 1., 1., 0., 1., 1.,
           1., 1.],
          [1., 1., 0., 1., 1., 1., 0., 1., 1., 0., 0., 0., 0., 1., 0., 0., 1.,
           1., 1.],
          [1., 1., 1., 1., 1., 0., 1., 0., 0., 1., 1., 1., 1., 1., 0., 1., 1.,
           1., 1.],
          [1., 1., 0., 1., 0., 0., 1., 0., 0., 0., 0., 1., 1., 1., 0., 1., 1.,
           0., 1.],
          [0., 1., 0., 0., 0., 1., 0., 0., 0., 0., 0., 1., 0., 1., 1., 1., 1.,
           0., 1.],
          [0., 1., 1., 0., 1., 1., 1., 1., 1., 0., 0., 0., 1., 0., 0., 0., 1.,
           1., 0.],
          [1., 1., 1., 0., 0., 0., 0., 1., 1., 0., 1., 0., 0., 0., 1., 0., 1.,
           0., 1.],
          [1., 1., 0., 0., 0., 0., 0., 0., 0., 0., 0., 0., 0., 1., 0., 1., 0.,
           1., 0.],
          [1., 0., 1., 1., 0., 0., 1., 1., 0., 1., 1., 1., 1., 1., 1., 0., 0.,
           0., 1.],
          [1., 0., 0., 0., 1., 1., 0., 1., 0., 1., 0., 1., 1., 0., 1., 0., 0.,
           1., 0.],
          [1., 1., 1., 1., 0., 0., 0., 1., 0., 1., 0., 1., 0., 0., 1., 1., 0.,
           0., 0.]]]], device='cuda:0'), tensor([[0.5518]], device='cuda:0'))
2026-01-08 16:53:47 - INFO - [-0.03936894  0.01044593  0.92689013 -0.19527924  0.92689013 -0.19527924
 -0.04209892  0.01277626]
2026-01-08 16:53:47 - INFO - (tensor([[[[0., 1., 1., 1., 1., 0., 1., 1., 0., 1., 0., 1., 1., 0., 1., 0., 0.,
           1., 0.],
          [1., 1., 1., 1., 1., 0., 1., 0., 1., 0., 0., 0., 0., 1., 0., 1., 0.,
           0., 0.],
          [1., 1., 1., 0., 1., 0., 1., 1., 0., 1., 0., 0., 0., 0., 1., 0., 0.,
           0., 1.],
          [1., 0., 0., 1., 0., 1., 0., 0., 1., 0., 1., 0., 1., 1., 1., 0., 0.,
           1., 0.],
          [1., 1., 0., 1., 1., 1., 1., 0., 1., 1., 1., 0., 0., 1., 1., 1., 0.,
           0., 0.],
          [1., 1., 1., 1., 1., 1., 0., 1., 0., 1., 1., 0., 0., 1., 0., 1., 1.,
           0., 1.],
          [1., 1., 1., 1., 1., 1., 1., 0., 1., 0., 1., 0., 1., 0., 0., 1., 1.,
           0., 0.],
          [0., 1., 1., 1., 0., 0., 1., 1., 0., 1., 0., 1., 0., 1., 1., 0., 0.,
           0., 1.],
          [0., 0., 0., 0., 0., 1., 0., 0., 0., 0., 0., 0., 1., 1., 0., 1., 1.,
           1., 1.],
          [1., 1., 0., 1., 1., 1., 0., 1., 1., 0., 0., 0., 0., 1., 0., 0., 1.,
           1., 1.],
          [1., 1., 1., 1., 1., 0., 1., 0., 0., 1., 1., 1., 1., 1., 0., 1., 1.,
           1., 1.],
          [1., 1., 0., 1., 0., 0., 1., 0., 0., 0., 0., 1., 1., 1., 0., 1., 1.,
           0., 1.],
          [0., 1., 0., 0., 0., 1., 0., 0., 0., 0., 0., 1., 0., 1., 1., 1., 1.,
           0., 1.],
          [0., 1., 1., 0., 1., 1., 1., 1., 1., 0., 0., 0., 1., 0., 0., 0., 1.,
           1., 0.],
          [1., 1., 1., 0., 0., 0., 0., 1., 1., 0., 1., 0., 0., 0., 1., 0., 1.,
           0., 1.],
          [1., 1., 0., 0., 0., 0., 0., 0., 0., 0., 0., 0., 0., 1., 0., 1., 0.,
           1., 0.],
          [1., 0., 1., 1., 0., 0., 1., 1., 0., 1., 1., 1., 1., 1., 1., 0., 0.,
           0., 1.],
          [1., 0., 0., 0., 1., 1., 0., 1., 0., 1., 0., 1., 1., 0., 1., 0., 0.,
           1., 0.],
          [1., 1., 1., 1., 0., 0., 0., 1., 0., 1., 0., 1., 0., 0., 1., 1., 0.,
           0., 0.]]]], device='cuda:0'), tensor([[0.5552]], device='cuda:0'))
2026-01-08 16:53:47 - INFO - [-0.03933746  0.01049285  0.9268451  -0.19576217  0.926845   -0.19576219
 -0.04212238  0.01279625]
2026-01-08 16:53:47 - INFO - (tensor([[[[0., 1., 1., 1., 1., 0., 1., 1., 0., 1., 0., 1., 1., 0., 1., 0., 0.,
           1., 0.],
          [1., 1., 1., 1., 1., 0., 1., 0., 1., 0., 0., 0., 0., 1., 0., 1., 0.,
           0., 0.],
          [1., 1., 1., 0., 1., 0., 1., 1., 0., 1., 0., 0., 0., 0., 1., 0., 0.,
           0., 1.],
          [1., 0., 0., 1., 0., 1., 0., 0., 1., 0., 1., 0., 1., 1., 1., 0., 0.,
           1., 0.],
          [1., 1., 0., 1., 1., 1., 1., 0., 1., 1., 1., 0., 0., 1., 1., 1., 0.,
           0., 0.],
          [1., 1., 1., 1., 1., 1., 0., 1., 0., 1., 1., 0., 0., 1., 0., 1., 1.,
           0., 1.],
          [1., 1., 1., 1., 1., 1., 1., 0., 1., 0., 1., 0., 1., 0., 0., 1., 1.,
           0., 0.],
          [0., 1., 1., 1., 0., 0., 1., 1., 0., 1., 0., 1., 0., 1., 1., 0., 0.,
           0., 1.],
          [0., 0., 0., 0., 0., 1., 0., 0., 0., 0., 0., 0., 1., 1., 0., 1., 1.,
           1., 1.],
          [1., 1., 0., 1., 1., 1., 0., 1., 1., 0., 0., 0., 0., 1., 0., 0., 1.,
           1., 1.],
          [1., 1., 1., 1., 1., 0., 1., 0., 0., 1., 1., 1., 1., 1., 0., 1., 1.,
           1., 1.],
          [1., 1., 0., 1., 0., 0., 1., 0., 0., 0., 0., 1., 1., 1., 0., 1., 1.,
           0., 1.],
          [0., 1., 0., 0., 0., 1., 0., 0., 0., 0., 0., 1., 0., 1., 1., 1., 1.,
           0., 1.],
          [0., 1., 1., 0., 1., 1., 1., 1., 1., 0., 0., 0., 1., 0., 0., 0., 1.,
           1., 0.],
          [1., 1., 1., 0., 0., 0., 0., 1., 1., 0., 1., 0., 0., 0., 1., 0., 1.,
           0., 1.],
          [1., 1., 0., 0., 0., 0., 0., 0., 0., 0., 0., 0., 0., 1., 0., 1., 0.,
           1., 0.],
          [1., 0., 1., 1., 0., 0., 1., 1., 0., 1., 1., 1., 1., 1., 1., 0., 0.,
           0., 1.],
          [1., 0., 0., 0., 1., 1., 0., 1., 0., 1., 0., 1., 1., 0., 1., 0., 0.,
           1., 0.],
          [1., 1., 1., 1., 0., 0., 0., 1., 0., 1., 0., 1., 0., 0., 1., 1., 0.,
           0., 0.]]]], device='cuda:0'), tensor([[0.5585]], device='cuda:0'))
2026-01-08 16:53:47 - INFO - [-0.03930131  0.01059147  0.9267057  -0.19655173  0.9267057  -0.19655171
 -0.04216199  0.01288186]
2026-01-08 16:53:47 - INFO - (tensor([[[[0., 1., 1., 1., 1., 0., 1., 1., 0., 1., 0., 1., 1., 0., 1., 0., 0.,
           1., 0.],
          [1., 1., 1., 1., 1., 0., 1., 0., 1., 0., 0., 0., 0., 1., 0., 1., 0.,
           0., 0.],
          [1., 1., 1., 0., 1., 0., 1., 1., 0., 1., 0., 0., 0., 0., 1., 0., 0.,
           0., 1.],
          [1., 0., 0., 1., 0., 1., 0., 0., 1., 0., 1., 0., 1., 1., 1., 0., 0.,
           1., 0.],
          [1., 1., 0., 1., 1., 1., 1., 0., 1., 1., 1., 0., 0., 1., 1., 1., 0.,
           0., 0.],
          [1., 1., 1., 1., 1., 1., 0., 1., 0., 1., 1., 0., 0., 1., 0., 1., 1.,
           0., 1.],
          [1., 1., 1., 1., 1., 1., 1., 0., 1., 0., 1., 0., 1., 0., 0., 1., 1.,
           0., 0.],
          [0., 1., 1., 1., 0., 0., 1., 1., 0., 1., 0., 1., 0., 1., 1., 0., 0.,
           0., 1.],
          [0., 0., 0., 0., 0., 1., 0., 0., 0., 0., 0., 0., 1., 1., 0., 1., 1.,
           1., 1.],
          [1., 1., 0., 1., 1., 1., 0., 1., 1., 0., 0., 0., 0., 1., 0., 0., 1.,
           1., 1.],
          [1., 1., 1., 1., 1., 0., 1., 0., 0., 1., 1., 1., 1., 1., 0., 1., 1.,
           1., 1.],
          [1., 1., 0., 1., 0., 0., 1., 0., 0., 0., 0., 1., 1., 1., 0., 1., 1.,
           0., 1.],
          [0., 1., 0., 0., 0., 1., 0., 0., 0., 0., 0., 1., 0., 1., 1., 1., 1.,
           0., 1.],
          [0., 1., 1., 0., 1., 1., 1., 1., 1., 0., 0., 0., 1., 0., 0., 0., 1.,
           1., 0.],
          [1., 1., 1., 0., 0., 0., 0., 1., 1., 0., 1., 0., 0., 0., 1., 0., 1.,
           0., 1.],
          [1., 1., 0., 0., 0., 0., 0., 0., 0., 0., 0., 0., 0., 1., 0., 1., 0.,
           1., 0.],
          [1., 0., 1., 1., 0., 0., 1., 1., 0., 1., 1., 1., 1., 1., 1., 0., 0.,
           0., 1.],
          [1., 0., 0., 0., 1., 1., 0., 1., 0., 1., 0., 1., 1., 0., 1., 0., 0.,
           1., 0.],
          [1., 1., 1., 1., 0., 0., 0., 1., 0., 1., 0., 1., 0., 0., 1., 1., 0.,
           0., 0.]]]], device='cuda:0'), tensor([[0.5619]], device='cuda:0'))
2026-01-08 16:53:47 - INFO - [-0.03924254  0.01074565  0.9264318  -0.1978991   0.9264318  -0.1978991
 -0.04220856  0.01304486]
2026-01-08 16:53:47 - INFO - (tensor([[[[0., 1., 1., 1., 1., 0., 1., 1., 0., 1., 0., 1., 1., 0., 1., 0., 0.,
           1., 0.],
          [1., 1., 1., 1., 1., 0., 1., 0., 1., 0., 0., 0., 0., 1., 0., 1., 0.,
           0., 0.],
          [1., 1., 1., 0., 1., 0., 1., 1., 0., 1., 0., 0., 0., 0., 1., 0., 0.,
           0., 1.],
          [1., 0., 0., 1., 0., 1., 0., 0., 1., 0., 1., 0., 1., 1., 1., 0., 0.,
           1., 0.],
          [1., 1., 0., 1., 1., 1., 1., 0., 1., 1., 1., 0., 0., 1., 1., 1., 0.,
           0., 0.],
          [1., 1., 1., 1., 1., 1., 0., 1., 0., 1., 1., 0., 0., 1., 0., 1., 1.,
           0., 1.],
          [1., 1., 1., 1., 1., 1., 1., 0., 1., 0., 1., 0., 1., 0., 0., 1., 1.,
           0., 0.],
          [0., 1., 1., 1., 0., 0., 1., 1., 0., 1., 0., 1., 0., 1., 1., 0., 0.,
           0., 1.],
          [0., 0., 0., 0., 0., 1., 0., 0., 0., 0., 0., 0., 1., 1., 0., 1., 1.,
           1., 1.],
          [1., 1., 0., 1., 1., 1., 0., 1., 1., 0., 0., 0., 0., 1., 0., 0., 1.,
           1., 1.],
          [1., 1., 1., 1., 1., 0., 1., 0., 0., 1., 1., 1., 1., 1., 0., 1., 1.,
           1., 1.],
          [1., 1., 0., 1., 0., 0., 1., 0., 0., 0., 0., 1., 1., 1., 0., 1., 1.,
           0., 1.],
          [0., 1., 0., 0., 0., 1., 0., 0., 0., 0., 0., 1., 0., 1., 1., 1., 1.,
           0., 1.],
          [0., 1., 1., 0., 1., 1., 1., 1., 1., 0., 0., 0., 1., 0., 0., 0., 1.,
           1., 0.],
          [1., 1., 1., 0., 0., 0., 0., 1., 1., 0., 1., 0., 0., 0., 1., 0., 1.,
           0., 1.],
          [1., 1., 0., 0., 0., 0., 0., 0., 0., 0., 0., 0., 0., 1., 0., 1., 0.,
           1., 0.],
          [1., 0., 1., 1., 0., 0., 1., 1., 0., 1., 1., 1., 1., 1., 1., 0., 0.,
           0., 1.],
          [1., 0., 0., 0., 1., 1., 0., 1., 0., 1., 0., 1., 1., 0., 1., 0., 0.,
           1., 0.],
          [1., 1., 1., 1., 0., 0., 0., 1., 0., 1., 0., 1., 0., 0., 1., 1., 0.,
           0., 0.]]]], device='cuda:0'), tensor([[0.5652]], device='cuda:0'))
2026-01-08 16:53:47 - INFO - [-0.03918314  0.01082921  0.92615867 -0.19931068  0.92615867 -0.19931069
 -0.04221453  0.01314896]
2026-01-08 16:53:47 - INFO - (tensor([[[[0., 1., 1., 1., 1., 0., 1., 1., 0., 1., 0., 1., 1., 0., 1., 0., 0.,
           1., 0.],
          [1., 1., 1., 1., 1., 0., 1., 0., 1., 0., 0., 0., 0., 1., 0., 1., 0.,
           0., 0.],
          [1., 1., 1., 0., 1., 0., 1., 1., 0., 1., 0., 0., 0., 0., 1., 0., 0.,
           0., 1.],
          [1., 0., 0., 1., 0., 1., 0., 0., 1., 0., 1., 0., 1., 1., 1., 0., 0.,
           1., 0.],
          [1., 1., 0., 1., 1., 1., 1., 0., 1., 1., 1., 0., 0., 1., 1., 1., 0.,
           0., 0.],
          [1., 1., 1., 1., 1., 1., 0., 1., 0., 1., 1., 0., 0., 1., 0., 1., 1.,
           0., 1.],
          [1., 1., 1., 1., 1., 1., 1., 0., 1., 0., 1., 0., 1., 0., 0., 1., 1.,
           0., 0.],
          [0., 1., 1., 1., 0., 0., 1., 1., 0., 1., 0., 1., 0., 1., 1., 0., 0.,
           0., 1.],
          [0., 0., 0., 0., 0., 1., 0., 0., 0., 0., 0., 0., 1., 1., 0., 1., 1.,
           1., 1.],
          [1., 1., 0., 1., 1., 1., 0., 1., 1., 0., 0., 0., 0., 1., 0., 0., 1.,
           1., 1.],
          [1., 1., 1., 1., 1., 0., 1., 0., 0., 1., 1., 1., 1., 1., 0., 1., 1.,
           1., 1.],
          [1., 1., 0., 1., 0., 0., 1., 0., 0., 0., 0., 1., 1., 1., 0., 1., 1.,
           0., 1.],
          [0., 1., 0., 0., 0., 1., 0., 0., 0., 0., 0., 1., 0., 1., 1., 1., 1.,
           0., 1.],
          [0., 1., 1., 0., 1., 1., 1., 1., 1., 0., 0., 0., 1., 0., 0., 0., 1.,
           1., 0.],
          [1., 1., 1., 0., 0., 0., 0., 1., 1., 0., 1., 0., 0., 0., 1., 0., 1.,
           0., 1.],
          [1., 1., 0., 0., 0., 0., 0., 0., 0., 0., 0., 0., 0., 1., 0., 1., 0.,
           1., 0.],
          [1., 0., 1., 1., 0., 0., 1., 1., 0., 1., 1., 1., 1., 1., 1., 0., 0.,
           0., 1.],
          [1., 0., 0., 0., 1., 1., 0., 1., 0., 1., 0., 1., 1., 0., 1., 0., 0.,
           1., 0.],
          [1., 1., 1., 1., 0., 0., 0., 1., 0., 1., 0., 1., 0., 0., 1., 1., 0.,
           0., 0.]]]], device='cuda:0'), tensor([[0.5686]], device='cuda:0'))
2026-01-08 16:53:47 - INFO - [-0.03917156  0.01096073  0.925904   -0.20040795  0.925904   -0.20040794
 -0.04220125  0.01329831]
2026-01-08 16:53:47 - INFO - (tensor([[[[0., 1., 1., 1., 1., 0., 1., 1., 0., 1., 0., 1., 1., 0., 1., 0., 0.,
           1., 0.],
          [1., 1., 1., 1., 1., 0., 1., 0., 1., 0., 0., 0., 0., 1., 0., 1., 0.,
           0., 0.],
          [1., 1., 1., 0., 1., 0., 1., 1., 0., 1., 0., 0., 0., 0., 1., 0., 0.,
           0., 1.],
          [1., 0., 0., 1., 0., 1., 0., 0., 1., 0., 1., 0., 1., 1., 1., 0., 0.,
           1., 0.],
          [1., 1., 0., 1., 1., 1., 1., 0., 1., 1., 1., 0., 0., 1., 1., 1., 0.,
           0., 0.],
          [1., 1., 1., 1., 1., 1., 0., 1., 0., 1., 1., 0., 0., 1., 0., 1., 1.,
           0., 1.],
          [1., 1., 1., 1., 1., 1., 1., 0., 1., 0., 1., 0., 1., 0., 0., 1., 1.,
           0., 0.],
          [0., 1., 1., 1., 0., 0., 1., 1., 0., 1., 0., 1., 0., 1., 1., 0., 0.,
           0., 1.],
          [0., 0., 0., 0., 0., 1., 0., 0., 0., 0., 0., 0., 1., 1., 0., 1., 1.,
           1., 1.],
          [1., 1., 0., 1., 1., 1., 0., 1., 1., 0., 0., 0., 0., 1., 0., 0., 1.,
           1., 1.],
          [1., 1., 1., 1., 1., 0., 1., 0., 0., 1., 1., 1., 1., 1., 0., 1., 1.,
           1., 1.],
          [1., 1., 0., 1., 0., 0., 1., 0., 0., 0., 0., 1., 1., 1., 0., 1., 1.,
           0., 1.],
          [0., 1., 0., 0., 0., 1., 0., 0., 0., 0., 0., 1., 0., 1., 1., 1., 1.,
           0., 1.],
          [0., 1., 1., 0., 1., 1., 1., 1., 1., 0., 0., 0., 1., 0., 0., 0., 1.,
           1., 0.],
          [1., 1., 1., 0., 0., 0., 0., 1., 1., 0., 1., 0., 0., 0., 1., 0., 1.,
           0., 1.],
          [1., 1., 0., 0., 0., 0., 0., 0., 0., 0., 0., 0., 0., 1., 0., 1., 0.,
           1., 0.],
          [1., 0., 1., 1., 0., 0., 1., 1., 0., 1., 1., 1., 1., 1., 1., 0., 0.,
           0., 1.],
          [1., 0., 0., 0., 1., 1., 0., 1., 0., 1., 0., 1., 1., 0., 1., 0., 0.,
           1., 0.],
          [1., 1., 1., 1., 0., 0., 0., 1., 0., 1., 0., 1., 0., 0., 1., 1., 0.,
           0., 0.]]]], device='cuda:0'), tensor([[0.5719]], device='cuda:0'))
2026-01-08 16:53:47 - INFO - [-0.03915896  0.01108321  0.9256639  -0.20143205  0.9256639  -0.20143206
 -0.04218719  0.01343604]
2026-01-08 16:53:47 - INFO - (tensor([[[[0., 1., 1., 1., 1., 0., 1., 1., 0., 1., 0., 1., 1., 0., 1., 0., 0.,
           1., 0.],
          [1., 1., 1., 1., 1., 0., 1., 0., 1., 0., 0., 0., 0., 1., 0., 1., 0.,
           0., 0.],
          [1., 1., 1., 0., 1., 0., 1., 1., 0., 1., 0., 0., 0., 0., 1., 0., 0.,
           0., 1.],
          [1., 0., 0., 1., 0., 1., 0., 0., 1., 0., 1., 0., 1., 1., 1., 0., 0.,
           1., 0.],
          [1., 1., 0., 1., 1., 1., 1., 0., 1., 1., 1., 0., 0., 1., 1., 1., 0.,
           0., 0.],
          [1., 1., 1., 1., 1., 1., 0., 1., 0., 1., 1., 0., 0., 1., 0., 1., 1.,
           0., 1.],
          [1., 1., 1., 1., 1., 1., 1., 0., 1., 0., 1., 0., 1., 0., 0., 1., 1.,
           0., 0.],
          [0., 1., 1., 1., 0., 0., 1., 1., 0., 1., 0., 1., 0., 1., 1., 0., 0.,
           0., 1.],
          [0., 0., 0., 0., 0., 1., 0., 0., 0., 0., 0., 0., 1., 1., 0., 1., 1.,
           1., 1.],
          [1., 1., 0., 1., 1., 1., 0., 1., 1., 0., 0., 0., 0., 1., 0., 0., 1.,
           1., 1.],
          [1., 1., 1., 1., 1., 0., 1., 0., 0., 1., 1., 1., 1., 1., 0., 1., 1.,
           1., 1.],
          [1., 1., 0., 1., 0., 0., 1., 0., 0., 0., 0., 1., 1., 1., 0., 1., 1.,
           0., 1.],
          [0., 1., 0., 0., 0., 1., 0., 0., 0., 0., 0., 1., 0., 1., 1., 1., 1.,
           0., 1.],
          [0., 1., 1., 0., 1., 1., 1., 1., 1., 0., 0., 0., 1., 0., 0., 0., 1.,
           1., 0.],
          [1., 1., 1., 0., 0., 0., 0., 1., 1., 0., 1., 0., 0., 0., 1., 0., 1.,
           0., 1.],
          [1., 1., 0., 0., 0., 0., 0., 0., 0., 0., 0., 0., 0., 1., 0., 1., 0.,
           1., 0.],
          [1., 0., 1., 1., 0., 0., 1., 1., 0., 1., 1., 1., 1., 1., 1., 0., 0.,
           0., 1.],
          [1., 0., 0., 0., 1., 1., 0., 1., 0., 1., 0., 1., 1., 0., 1., 0., 0.,
           1., 0.],
          [1., 1., 1., 1., 0., 0., 0., 1., 0., 1., 0., 1., 0., 0., 1., 1., 0.,
           0., 0.]]]], device='cuda:0'), tensor([[0.5753]], device='cuda:0'))
2026-01-08 16:53:47 - INFO - [-0.03914424  0.01121267  0.92540914 -0.20250018  0.92540914 -0.20250018
 -0.04217114  0.01358293]
2026-01-08 16:53:47 - INFO - (tensor([[[[0., 1., 1., 1., 1., 0., 1., 1., 0., 1., 0., 1., 1., 0., 1., 0., 0.,
           1., 0.],
          [1., 1., 1., 1., 1., 0., 1., 0., 1., 0., 0., 0., 0., 1., 0., 1., 0.,
           0., 0.],
          [1., 1., 1., 0., 1., 0., 1., 1., 0., 1., 0., 0., 0., 0., 1., 0., 0.,
           0., 1.],
          [1., 0., 0., 1., 0., 1., 0., 0., 1., 0., 1., 0., 1., 1., 1., 0., 0.,
           1., 0.],
          [1., 1., 0., 1., 1., 1., 1., 0., 1., 1., 1., 0., 0., 1., 1., 1., 0.,
           0., 0.],
          [1., 1., 1., 1., 1., 1., 0., 1., 0., 1., 1., 0., 0., 1., 0., 1., 1.,
           0., 1.],
          [1., 1., 1., 1., 1., 1., 1., 0., 1., 0., 1., 0., 1., 0., 0., 1., 1.,
           0., 0.],
          [0., 1., 1., 1., 0., 0., 1., 1., 0., 1., 0., 1., 0., 1., 1., 0., 0.,
           0., 1.],
          [0., 0., 0., 0., 0., 1., 0., 0., 0., 0., 0., 0., 1., 1., 0., 1., 1.,
           1., 1.],
          [1., 1., 0., 1., 1., 1., 0., 1., 1., 0., 0., 0., 0., 1., 0., 0., 1.,
           1., 1.],
          [1., 1., 1., 1., 1., 0., 1., 0., 0., 1., 1., 1., 1., 1., 0., 1., 1.,
           1., 1.],
          [1., 1., 0., 1., 0., 0., 1., 0., 0., 0., 0., 1., 1., 1., 0., 1., 1.,
           0., 1.],
          [0., 1., 0., 0., 0., 1., 0., 0., 0., 0., 0., 1., 0., 1., 1., 1., 1.,
           0., 1.],
          [0., 1., 1., 0., 1., 1., 1., 1., 1., 0., 0., 0., 1., 0., 0., 0., 1.,
           1., 0.],
          [1., 1., 1., 0., 0., 0., 0., 1., 1., 0., 1., 0., 0., 0., 1., 0., 1.,
           0., 1.],
          [1., 1., 0., 0., 0., 0., 0., 0., 0., 0., 0., 0., 0., 1., 0., 1., 0.,
           1., 0.],
          [1., 0., 1., 1., 0., 0., 1., 1., 0., 1., 1., 1., 1., 1., 1., 0., 0.,
           0., 1.],
          [1., 0., 0., 0., 1., 1., 0., 1., 0., 1., 0., 1., 1., 0., 1., 0., 0.,
           1., 0.],
          [1., 1., 1., 1., 0., 0., 0., 1., 0., 1., 0., 1., 0., 0., 1., 1., 0.,
           0., 0.]]]], device='cuda:0'), tensor([[0.5786]], device='cuda:0'))
2026-01-08 16:53:47 - INFO - [-0.03913159  0.0113444   0.9251554  -0.20353445  0.9251554  -0.20353445
 -0.04215493  0.01373184]
2026-01-08 16:53:47 - INFO - (tensor([[[[0., 1., 1., 1., 1., 0., 1., 1., 0., 1., 0., 1., 1., 0., 1., 0., 0.,
           1., 0.],
          [1., 1., 1., 1., 1., 0., 1., 0., 1., 0., 0., 0., 0., 1., 0., 1., 0.,
           0., 0.],
          [1., 1., 1., 0., 1., 0., 1., 1., 0., 1., 0., 0., 0., 0., 1., 0., 0.,
           0., 1.],
          [1., 0., 0., 1., 0., 1., 0., 0., 1., 0., 1., 0., 1., 1., 1., 0., 0.,
           1., 0.],
          [1., 1., 0., 1., 1., 1., 1., 0., 1., 1., 1., 0., 0., 1., 1., 1., 0.,
           0., 0.],
          [1., 1., 1., 1., 1., 1., 0., 1., 0., 1., 1., 0., 0., 1., 0., 1., 1.,
           0., 1.],
          [1., 1., 1., 1., 1., 1., 1., 0., 1., 0., 1., 0., 1., 0., 0., 1., 1.,
           0., 0.],
          [0., 1., 1., 1., 0., 0., 1., 1., 0., 1., 0., 1., 0., 1., 1., 0., 0.,
           0., 1.],
          [0., 0., 0., 0., 0., 1., 0., 0., 0., 0., 0., 0., 1., 1., 0., 1., 1.,
           1., 1.],
          [1., 1., 0., 1., 1., 1., 0., 1., 1., 0., 0., 0., 0., 1., 0., 0., 1.,
           1., 1.],
          [1., 1., 1., 1., 1., 0., 1., 0., 0., 1., 1., 1., 1., 1., 0., 1., 1.,
           1., 1.],
          [1., 1., 0., 1., 0., 0., 1., 0., 0., 0., 0., 1., 1., 1., 0., 1., 1.,
           0., 1.],
          [0., 1., 0., 0., 0., 1., 0., 0., 0., 0., 0., 1., 0., 1., 1., 1., 1.,
           0., 1.],
          [0., 1., 1., 0., 1., 1., 1., 1., 1., 0., 0., 0., 1., 0., 0., 0., 1.,
           1., 0.],
          [1., 1., 1., 0., 0., 0., 0., 1., 1., 0., 1., 0., 0., 0., 1., 0., 1.,
           0., 1.],
          [1., 1., 0., 0., 0., 0., 0., 0., 0., 0., 0., 0., 0., 1., 0., 1., 0.,
           1., 0.],
          [1., 0., 1., 1., 0., 0., 1., 1., 0., 1., 1., 1., 1., 1., 1., 0., 0.,
           0., 1.],
          [1., 0., 0., 0., 1., 1., 0., 1., 0., 1., 0., 1., 1., 0., 1., 0., 0.,
           1., 0.],
          [1., 1., 1., 1., 0., 0., 0., 1., 0., 1., 0., 1., 0., 0., 1., 1., 0.,
           0., 0.]]]], device='cuda:0'), tensor([[0.5819]], device='cuda:0'))
2026-01-08 16:53:47 - INFO - [-0.03912055  0.01148055  0.92489594 -0.2045701   0.92489594 -0.20457011
 -0.0421401   0.01388639]
2026-01-08 16:53:47 - INFO - (tensor([[[[0., 1., 1., 1., 1., 0., 1., 1., 0., 1., 0., 1., 1., 0., 1., 0., 0.,
           1., 0.],
          [1., 1., 1., 1., 1., 0., 1., 0., 1., 0., 0., 0., 0., 1., 0., 1., 0.,
           0., 0.],
          [1., 1., 1., 0., 1., 0., 1., 1., 0., 1., 0., 0., 0., 0., 1., 0., 0.,
           0., 1.],
          [1., 0., 0., 1., 0., 1., 0., 0., 1., 0., 1., 0., 1., 1., 1., 0., 0.,
           1., 0.],
          [1., 1., 0., 1., 1., 1., 1., 0., 1., 1., 1., 0., 0., 1., 1., 1., 0.,
           0., 0.],
          [1., 1., 1., 1., 1., 1., 0., 1., 0., 1., 1., 0., 0., 1., 0., 1., 1.,
           0., 1.],
          [1., 1., 1., 1., 1., 1., 1., 0., 1., 0., 1., 0., 1., 0., 0., 1., 1.,
           0., 0.],
          [0., 1., 1., 1., 0., 0., 1., 1., 0., 1., 0., 1., 0., 1., 1., 0., 0.,
           0., 1.],
          [0., 0., 0., 0., 0., 1., 0., 0., 0., 0., 0., 0., 1., 1., 0., 1., 1.,
           1., 1.],
          [1., 1., 0., 1., 1., 1., 0., 1., 1., 0., 0., 0., 0., 1., 0., 0., 1.,
           1., 1.],
          [1., 1., 1., 1., 1., 0., 1., 0., 0., 1., 1., 1., 1., 1., 0., 1., 1.,
           1., 1.],
          [1., 1., 0., 1., 0., 0., 1., 0., 0., 0., 0., 1., 1., 1., 0., 1., 1.,
           0., 1.],
          [0., 1., 0., 0., 0., 1., 0., 0., 0., 0., 0., 1., 0., 1., 1., 1., 1.,
           0., 1.],
          [0., 1., 1., 0., 1., 1., 1., 1., 1., 0., 0., 0., 1., 0., 0., 0., 1.,
           1., 0.],
          [1., 1., 1., 0., 0., 0., 0., 1., 1., 0., 1., 0., 0., 0., 1., 0., 1.,
           0., 1.],
          [1., 1., 0., 0., 0., 0., 0., 0., 0., 0., 0., 0., 0., 1., 0., 1., 0.,
           1., 0.],
          [1., 0., 1., 1., 0., 0., 1., 1., 0., 1., 1., 1., 1., 1., 1., 0., 0.,
           0., 1.],
          [1., 0., 0., 0., 1., 1., 0., 1., 0., 1., 0., 1., 1., 0., 1., 0., 0.,
           1., 0.],
          [1., 1., 1., 1., 0., 0., 0., 1., 0., 1., 0., 1., 0., 0., 1., 1., 0.,
           0., 0.]]]], device='cuda:0'), tensor([[0.5853]], device='cuda:0'))
2026-01-08 16:53:47 - INFO - [-0.03911208  0.01163242  0.9246013  -0.20570846  0.9246013  -0.20570844
 -0.04212652  0.01406394]
2026-01-08 16:53:47 - INFO - (tensor([[[[0., 1., 1., 1., 1., 0., 1., 1., 0., 1., 0., 1., 1., 0., 1., 0., 0.,
           1., 0.],
          [1., 1., 1., 1., 1., 0., 1., 0., 1., 0., 0., 0., 0., 1., 0., 1., 0.,
           0., 0.],
          [1., 1., 1., 0., 1., 0., 1., 1., 0., 1., 0., 0., 0., 0., 1., 0., 0.,
           0., 1.],
          [1., 0., 0., 1., 0., 1., 0., 0., 1., 0., 1., 0., 1., 1., 1., 0., 0.,
           1., 0.],
          [1., 1., 0., 1., 1., 1., 1., 0., 1., 1., 1., 0., 0., 1., 1., 1., 0.,
           0., 0.],
          [1., 1., 1., 1., 1., 1., 0., 1., 0., 1., 1., 0., 0., 1., 0., 1., 1.,
           0., 1.],
          [1., 1., 1., 1., 1., 1., 1., 0., 1., 0., 1., 0., 1., 0., 0., 1., 1.,
           0., 0.],
          [0., 1., 1., 1., 0., 0., 1., 1., 0., 1., 0., 1., 0., 1., 1., 0., 0.,
           0., 1.],
          [0., 0., 0., 0., 0., 1., 0., 0., 0., 0., 0., 0., 1., 1., 0., 1., 1.,
           1., 1.],
          [1., 1., 0., 1., 1., 1., 0., 1., 1., 0., 0., 0., 0., 1., 0., 0., 1.,
           1., 1.],
          [1., 1., 1., 1., 1., 0., 1., 0., 0., 1., 1., 1., 1., 1., 0., 1., 1.,
           1., 1.],
          [1., 1., 0., 1., 0., 0., 1., 0., 0., 0., 0., 1., 1., 1., 0., 1., 1.,
           0., 1.],
          [0., 1., 0., 0., 0., 1., 0., 0., 0., 0., 0., 1., 0., 1., 1., 1., 1.,
           0., 1.],
          [0., 1., 1., 0., 1., 1., 1., 1., 1., 0., 0., 0., 1., 0., 0., 0., 1.,
           1., 0.],
          [1., 1., 1., 0., 0., 0., 0., 1., 1., 0., 1., 0., 0., 0., 1., 0., 1.,
           0., 1.],
          [1., 1., 0., 0., 0., 0., 0., 0., 0., 0., 0., 0., 0., 1., 0., 1., 0.,
           1., 0.],
          [1., 0., 1., 1., 0., 0., 1., 1., 0., 1., 1., 1., 1., 1., 1., 0., 0.,
           0., 1.],
          [1., 0., 0., 0., 1., 1., 0., 1., 0., 1., 0., 1., 1., 0., 1., 0., 0.,
           1., 0.],
          [1., 1., 1., 1., 0., 0., 0., 1., 0., 1., 0., 1., 0., 0., 1., 1., 0.,
           0., 0.]]]], device='cuda:0'), tensor([[0.5886]], device='cuda:0'))
2026-01-08 16:53:47 - INFO - [-0.03910711  0.0117819   0.9243155  -0.20678021  0.9243155  -0.20678021
 -0.04211569  0.01424017]
2026-01-08 16:53:47 - INFO - (tensor([[[[0., 1., 1., 1., 1., 0., 1., 1., 0., 1., 0., 1., 1., 0., 1., 0., 0.,
           1., 0.],
          [1., 1., 1., 1., 1., 0., 1., 0., 1., 0., 0., 0., 0., 1., 0., 1., 0.,
           0., 0.],
          [1., 1., 1., 0., 1., 0., 1., 1., 0., 1., 0., 0., 0., 0., 1., 0., 0.,
           0., 1.],
          [1., 0., 0., 1., 0., 1., 0., 0., 1., 0., 1., 0., 1., 1., 1., 0., 0.,
           1., 0.],
          [1., 1., 0., 1., 1., 1., 1., 0., 1., 1., 1., 0., 0., 1., 1., 1., 0.,
           0., 0.],
          [1., 1., 1., 1., 1., 1., 0., 1., 0., 1., 1., 0., 0., 1., 0., 1., 1.,
           0., 1.],
          [1., 1., 1., 1., 1., 1., 1., 0., 1., 0., 1., 0., 1., 0., 0., 1., 1.,
           0., 0.],
          [0., 1., 1., 1., 0., 0., 1., 1., 0., 1., 0., 1., 0., 1., 1., 0., 0.,
           0., 1.],
          [0., 0., 0., 0., 0., 1., 0., 0., 0., 0., 0., 0., 1., 1., 0., 1., 1.,
           1., 1.],
          [1., 1., 0., 1., 1., 1., 0., 1., 1., 0., 0., 0., 0., 1., 0., 0., 1.,
           1., 1.],
          [1., 1., 1., 1., 1., 0., 1., 0., 0., 1., 1., 1., 1., 1., 0., 1., 1.,
           1., 1.],
          [1., 1., 0., 1., 0., 0., 1., 0., 0., 0., 0., 1., 1., 1., 0., 1., 1.,
           0., 1.],
          [0., 1., 0., 0., 0., 1., 0., 0., 0., 0., 0., 1., 0., 1., 1., 1., 1.,
           0., 1.],
          [0., 1., 1., 0., 1., 1., 1., 1., 1., 0., 0., 0., 1., 0., 0., 0., 1.,
           1., 0.],
          [1., 1., 1., 0., 0., 0., 0., 1., 1., 0., 1., 0., 0., 0., 1., 0., 1.,
           0., 1.],
          [1., 1., 0., 0., 0., 0., 0., 0., 0., 0., 0., 0., 0., 1., 0., 1., 0.,
           1., 0.],
          [1., 0., 1., 1., 0., 0., 1., 1., 0., 1., 1., 1., 1., 1., 1., 0., 0.,
           0., 1.],
          [1., 0., 0., 0., 1., 1., 0., 1., 0., 1., 0., 1., 1., 0., 1., 0., 0.,
           1., 0.],
          [1., 1., 1., 1., 0., 0., 0., 1., 0., 1., 0., 1., 0., 0., 1., 1., 0.,
           0., 0.]]]], device='cuda:0'), tensor([[0.5920]], device='cuda:0'))
2026-01-08 16:53:47 - INFO - [-0.0391056   0.01192931  0.9240346  -0.20780164  0.9240346  -0.20780163
 -0.04210613  0.0144156 ]
2026-01-08 16:53:47 - INFO - (tensor([[[[0., 1., 1., 1., 1., 0., 1., 1., 0., 1., 0., 1., 1., 0., 1., 0., 0.,
           1., 0.],
          [1., 1., 1., 1., 1., 0., 1., 0., 1., 0., 0., 0., 0., 1., 0., 1., 0.,
           0., 0.],
          [1., 1., 1., 0., 1., 0., 1., 1., 0., 1., 0., 0., 0., 0., 1., 0., 0.,
           0., 1.],
          [1., 0., 0., 1., 0., 1., 0., 0., 1., 0., 1., 0., 1., 1., 1., 0., 0.,
           1., 0.],
          [1., 1., 0., 1., 1., 1., 1., 0., 1., 1., 1., 0., 0., 1., 1., 1., 0.,
           0., 0.],
          [1., 1., 1., 1., 1., 1., 0., 1., 0., 1., 1., 0., 0., 1., 0., 1., 1.,
           0., 1.],
          [1., 1., 1., 1., 1., 1., 1., 0., 1., 0., 1., 0., 1., 0., 0., 1., 1.,
           0., 0.],
          [0., 1., 1., 1., 0., 0., 1., 1., 0., 1., 0., 1., 0., 1., 1., 0., 0.,
           0., 1.],
          [0., 0., 0., 0., 0., 1., 0., 0., 0., 0., 0., 0., 1., 1., 0., 1., 1.,
           1., 1.],
          [1., 1., 0., 1., 1., 1., 0., 1., 1., 0., 0., 0., 0., 1., 0., 0., 1.,
           1., 1.],
          [1., 1., 1., 1., 1., 0., 1., 0., 0., 1., 1., 1., 1., 1., 0., 1., 1.,
           1., 1.],
          [1., 1., 0., 1., 0., 0., 1., 0., 0., 0., 0., 1., 1., 1., 0., 1., 1.,
           0., 1.],
          [0., 1., 0., 0., 0., 1., 0., 0., 0., 0., 0., 1., 0., 1., 1., 1., 1.,
           0., 1.],
          [0., 1., 1., 0., 1., 1., 1., 1., 1., 0., 0., 0., 1., 0., 0., 0., 1.,
           1., 0.],
          [1., 1., 1., 0., 0., 0., 0., 1., 1., 0., 1., 0., 0., 0., 1., 0., 1.,
           0., 1.],
          [1., 1., 0., 0., 0., 0., 0., 0., 0., 0., 0., 0., 0., 1., 0., 1., 0.,
           1., 0.],
          [1., 0., 1., 1., 0., 0., 1., 1., 0., 1., 1., 1., 1., 1., 1., 0., 0.,
           0., 1.],
          [1., 0., 0., 0., 1., 1., 0., 1., 0., 1., 0., 1., 1., 0., 1., 0., 0.,
           1., 0.],
          [1., 1., 1., 1., 0., 0., 0., 1., 0., 1., 0., 1., 0., 0., 1., 1., 0.,
           0., 0.]]]], device='cuda:0'), tensor([[0.5953]], device='cuda:0'))
2026-01-08 16:53:47 - INFO - [-0.03910562  0.01208114  0.92374873 -0.20882174  0.92374873 -0.20882176
 -0.0420968   0.01459651]
2026-01-08 16:53:47 - INFO - (tensor([[[[0., 1., 1., 1., 1., 0., 1., 1., 0., 1., 0., 1., 1., 0., 1., 0., 0.,
           1., 0.],
          [1., 1., 1., 1., 1., 0., 1., 0., 1., 0., 0., 0., 0., 1., 0., 1., 0.,
           0., 0.],
          [1., 1., 1., 0., 1., 0., 1., 1., 0., 1., 0., 0., 0., 0., 1., 0., 0.,
           0., 1.],
          [1., 0., 0., 1., 0., 1., 0., 0., 1., 0., 1., 0., 1., 1., 1., 0., 0.,
           1., 0.],
          [1., 1., 0., 1., 1., 1., 1., 0., 1., 1., 1., 0., 0., 1., 1., 1., 0.,
           0., 0.],
          [1., 1., 1., 1., 1., 1., 0., 1., 0., 1., 1., 0., 0., 1., 0., 1., 1.,
           0., 1.],
          [1., 1., 1., 1., 1., 1., 1., 0., 1., 0., 1., 0., 1., 0., 0., 1., 1.,
           0., 0.],
          [0., 1., 1., 1., 0., 0., 1., 1., 0., 1., 0., 1., 0., 1., 1., 0., 0.,
           0., 1.],
          [0., 0., 0., 0., 0., 1., 0., 0., 0., 0., 0., 0., 1., 1., 0., 1., 1.,
           1., 1.],
          [1., 1., 0., 1., 1., 1., 0., 1., 1., 0., 0., 0., 0., 1., 0., 0., 1.,
           1., 1.],
          [1., 1., 1., 1., 1., 0., 1., 0., 0., 1., 1., 1., 1., 1., 0., 1., 1.,
           1., 1.],
          [1., 1., 0., 1., 0., 0., 1., 0., 0., 0., 0., 1., 1., 1., 0., 1., 1.,
           0., 1.],
          [0., 1., 0., 0., 0., 1., 0., 0., 0., 0., 0., 1., 0., 1., 1., 1., 1.,
           0., 1.],
          [0., 1., 1., 0., 1., 1., 1., 1., 1., 0., 0., 0., 1., 0., 0., 0., 1.,
           1., 0.],
          [1., 1., 1., 0., 0., 0., 0., 1., 1., 0., 1., 0., 0., 0., 1., 0., 1.,
           0., 1.],
          [1., 1., 0., 0., 0., 0., 0., 0., 0., 0., 0., 0., 0., 1., 0., 1., 0.,
           1., 0.],
          [1., 0., 1., 1., 0., 0., 1., 1., 0., 1., 1., 1., 1., 1., 1., 0., 0.,
           0., 1.],
          [1., 0., 0., 0., 1., 1., 0., 1., 0., 1., 0., 1., 1., 0., 1., 0., 0.,
           1., 0.],
          [1., 1., 1., 1., 0., 0., 0., 1., 0., 1., 0., 1., 0., 0., 1., 1., 0.,
           0., 0.]]]], device='cuda:0'), tensor([[0.5987]], device='cuda:0'))
2026-01-08 16:53:47 - INFO - [-0.0391052   0.01223197  0.9234715  -0.20978902  0.92347157 -0.20978902
 -0.0420878   0.01477623]
2026-01-08 16:53:47 - INFO - (tensor([[[[0., 1., 1., 1., 1., 0., 1., 1., 0., 1., 0., 1., 1., 0., 1., 0., 0.,
           1., 0.],
          [1., 1., 1., 1., 1., 0., 1., 0., 1., 0., 0., 0., 0., 1., 0., 1., 0.,
           0., 0.],
          [1., 1., 1., 0., 1., 0., 1., 1., 0., 1., 0., 0., 0., 0., 1., 0., 0.,
           0., 1.],
          [1., 0., 0., 1., 0., 1., 0., 0., 1., 0., 1., 0., 1., 1., 1., 0., 0.,
           1., 0.],
          [1., 1., 0., 1., 1., 1., 1., 0., 1., 1., 1., 0., 0., 1., 1., 1., 0.,
           0., 0.],
          [1., 1., 1., 1., 1., 1., 0., 1., 0., 1., 1., 0., 0., 1., 0., 1., 1.,
           0., 1.],
          [1., 1., 1., 1., 1., 1., 1., 0., 1., 0., 1., 0., 1., 0., 0., 1., 1.,
           0., 0.],
          [0., 1., 1., 1., 0., 0., 1., 1., 0., 1., 0., 1., 0., 1., 1., 0., 0.,
           0., 1.],
          [0., 0., 0., 0., 0., 1., 0., 0., 0., 0., 0., 0., 1., 1., 0., 1., 1.,
           1., 1.],
          [1., 1., 0., 1., 1., 1., 0., 1., 1., 0., 0., 0., 0., 1., 0., 0., 1.,
           1., 1.],
          [1., 1., 1., 1., 1., 0., 1., 0., 0., 1., 1., 1., 1., 1., 0., 1., 1.,
           1., 1.],
          [1., 1., 0., 1., 0., 0., 1., 0., 0., 0., 0., 1., 1., 1., 0., 1., 1.,
           0., 1.],
          [0., 1., 0., 0., 0., 1., 0., 0., 0., 0., 0., 1., 0., 1., 1., 1., 1.,
           0., 1.],
          [0., 1., 1., 0., 1., 1., 1., 1., 1., 0., 0., 0., 1., 0., 0., 0., 1.,
           1., 0.],
          [1., 1., 1., 0., 0., 0., 0., 1., 1., 0., 1., 0., 0., 0., 1., 0., 1.,
           0., 1.],
          [1., 1., 0., 0., 0., 0., 0., 0., 0., 0., 0., 0., 0., 1., 0., 1., 0.,
           1., 0.],
          [1., 0., 1., 1., 0., 0., 1., 1., 0., 1., 1., 1., 1., 1., 1., 0., 0.,
           0., 1.],
          [1., 0., 0., 0., 1., 1., 0., 1., 0., 1., 0., 1., 1., 0., 1., 0., 0.,
           1., 0.],
          [1., 1., 1., 1., 0., 0., 0., 1., 0., 1., 0., 1., 0., 0., 1., 1., 0.,
           0., 0.]]]], device='cuda:0'), tensor([[0.6020]], device='cuda:0'))
2026-01-08 16:53:47 - INFO - [-0.03910211  0.0123778   0.92321056 -0.2106915   0.92321056 -0.21069151
 -0.04207807  0.01494984]
2026-01-08 16:53:47 - INFO - (tensor([[[[0., 1., 1., 1., 1., 0., 1., 1., 0., 1., 0., 1., 1., 0., 1., 0., 0.,
           1., 0.],
          [1., 1., 1., 1., 1., 0., 1., 0., 1., 0., 0., 0., 0., 1., 0., 1., 0.,
           0., 0.],
          [1., 1., 1., 0., 1., 0., 1., 1., 0., 1., 0., 0., 0., 0., 1., 0., 0.,
           0., 1.],
          [1., 0., 0., 1., 0., 1., 0., 0., 1., 0., 1., 0., 1., 1., 1., 0., 0.,
           1., 0.],
          [1., 1., 0., 1., 1., 1., 1., 0., 1., 1., 1., 0., 0., 1., 1., 1., 0.,
           0., 0.],
          [1., 1., 1., 1., 1., 1., 0., 1., 0., 1., 1., 0., 0., 1., 0., 1., 1.,
           0., 1.],
          [1., 1., 1., 1., 1., 1., 1., 0., 1., 0., 1., 0., 1., 0., 0., 1., 1.,
           0., 0.],
          [0., 1., 1., 1., 0., 0., 1., 1., 0., 1., 0., 1., 0., 1., 1., 0., 0.,
           0., 1.],
          [0., 0., 0., 0., 0., 1., 0., 0., 0., 0., 0., 0., 1., 1., 0., 1., 1.,
           1., 1.],
          [1., 1., 0., 1., 1., 1., 0., 1., 1., 0., 0., 0., 0., 1., 0., 0., 1.,
           1., 1.],
          [1., 1., 1., 1., 1., 0., 1., 0., 0., 1., 1., 1., 1., 1., 0., 1., 1.,
           1., 1.],
          [1., 1., 0., 1., 0., 0., 1., 0., 0., 0., 0., 1., 1., 1., 0., 1., 1.,
           0., 1.],
          [0., 1., 0., 0., 0., 1., 0., 0., 0., 0., 0., 1., 0., 1., 1., 1., 1.,
           0., 1.],
          [0., 1., 1., 0., 1., 1., 1., 1., 1., 0., 0., 0., 1., 0., 0., 0., 1.,
           1., 0.],
          [1., 1., 1., 0., 0., 0., 0., 1., 1., 0., 1., 0., 0., 0., 1., 0., 1.,
           0., 1.],
          [1., 1., 0., 0., 0., 0., 0., 0., 0., 0., 0., 0., 0., 1., 0., 1., 0.,
           1., 0.],
          [1., 0., 1., 1., 0., 0., 1., 1., 0., 1., 1., 1., 1., 1., 1., 0., 0.,
           0., 1.],
          [1., 0., 0., 0., 1., 1., 0., 1., 0., 1., 0., 1., 1., 0., 1., 0., 0.,
           1., 0.],
          [1., 1., 1., 1., 0., 0., 0., 1., 0., 1., 0., 1., 0., 0., 1., 1., 0.,
           0., 0.]]]], device='cuda:0'), tensor([[0.6054]], device='cuda:0'))
2026-01-08 16:53:47 - INFO - [-0.03909694  0.01252233  0.9229563  -0.21157609  0.9229563  -0.21157609
 -0.04206794  0.01512186]
2026-01-08 16:53:47 - INFO - (tensor([[[[0., 1., 1., 1., 1., 0., 1., 1., 0., 1., 0., 1., 1., 0., 1., 0., 0.,
           1., 0.],
          [1., 1., 1., 1., 1., 0., 1., 0., 1., 0., 0., 0., 0., 1., 0., 1., 0.,
           0., 0.],
          [1., 1., 1., 0., 1., 0., 1., 1., 0., 1., 0., 0., 0., 0., 1., 0., 0.,
           0., 1.],
          [1., 0., 0., 1., 0., 1., 0., 0., 1., 0., 1., 0., 1., 1., 1., 0., 0.,
           1., 0.],
          [1., 1., 0., 1., 1., 1., 1., 0., 1., 1., 1., 0., 0., 1., 1., 1., 0.,
           0., 0.],
          [1., 1., 1., 1., 1., 1., 0., 1., 0., 1., 1., 0., 0., 1., 0., 1., 1.,
           0., 1.],
          [1., 1., 1., 1., 1., 1., 1., 0., 1., 0., 1., 0., 1., 0., 0., 1., 1.,
           0., 0.],
          [0., 1., 1., 1., 0., 0., 1., 1., 0., 1., 0., 1., 0., 1., 1., 0., 0.,
           0., 1.],
          [0., 0., 0., 0., 0., 1., 0., 0., 0., 0., 0., 0., 1., 1., 0., 1., 1.,
           1., 1.],
          [1., 1., 0., 1., 1., 1., 0., 1., 1., 0., 0., 0., 0., 1., 0., 0., 1.,
           1., 1.],
          [1., 1., 1., 1., 1., 0., 1., 0., 0., 1., 1., 1., 1., 1., 0., 1., 1.,
           1., 1.],
          [1., 1., 0., 1., 0., 0., 1., 0., 0., 0., 0., 1., 1., 1., 0., 1., 1.,
           0., 1.],
          [0., 1., 0., 0., 0., 1., 0., 0., 0., 0., 0., 1., 0., 1., 1., 1., 1.,
           0., 1.],
          [0., 1., 1., 0., 1., 1., 1., 1., 1., 0., 0., 0., 1., 0., 0., 0., 1.,
           1., 0.],
          [1., 1., 1., 0., 0., 0., 0., 1., 1., 0., 1., 0., 0., 0., 1., 0., 1.,
           0., 1.],
          [1., 1., 0., 0., 0., 0., 0., 0., 0., 0., 0., 0., 0., 1., 0., 1., 0.,
           1., 0.],
          [1., 0., 1., 1., 0., 0., 1., 1., 0., 1., 1., 1., 1., 1., 1., 0., 0.,
           0., 1.],
          [1., 0., 0., 0., 1., 1., 0., 1., 0., 1., 0., 1., 1., 0., 1., 0., 0.,
           1., 0.],
          [1., 1., 1., 1., 0., 0., 0., 1., 0., 1., 0., 1., 0., 0., 1., 1., 0.,
           0., 0.]]]], device='cuda:0'), tensor([[0.6087]], device='cuda:0'))
2026-01-08 16:53:47 - INFO - [-0.03908933  0.01265319  0.9227227  -0.21239363  0.9227227  -0.21239363
 -0.04206055  0.01528268]
2026-01-08 16:53:47 - INFO - (tensor([[[[0., 1., 1., 1., 1., 0., 1., 1., 0., 1., 0., 1., 1., 0., 1., 0., 0.,
           1., 0.],
          [1., 1., 1., 1., 1., 0., 1., 0., 1., 0., 0., 0., 0., 1., 0., 1., 0.,
           0., 0.],
          [1., 1., 1., 0., 1., 0., 1., 1., 0., 1., 0., 0., 0., 0., 1., 0., 0.,
           0., 1.],
          [1., 0., 0., 1., 0., 1., 0., 0., 1., 0., 1., 0., 1., 1., 1., 0., 0.,
           1., 0.],
          [1., 1., 0., 1., 1., 1., 1., 0., 1., 1., 1., 0., 0., 1., 1., 1., 0.,
           0., 0.],
          [1., 1., 1., 1., 1., 1., 0., 1., 0., 1., 1., 0., 0., 1., 0., 1., 1.,
           0., 1.],
          [1., 1., 1., 1., 1., 1., 1., 0., 1., 0., 1., 0., 1., 0., 0., 1., 1.,
           0., 0.],
          [0., 1., 1., 1., 0., 0., 1., 1., 0., 1., 0., 1., 0., 1., 1., 0., 0.,
           0., 1.],
          [0., 0., 0., 0., 0., 1., 0., 0., 0., 0., 0., 0., 1., 1., 0., 1., 1.,
           1., 1.],
          [1., 1., 0., 1., 1., 1., 0., 1., 1., 0., 0., 0., 0., 1., 0., 0., 1.,
           1., 1.],
          [1., 1., 1., 1., 1., 0., 1., 0., 0., 1., 1., 1., 1., 1., 0., 1., 1.,
           1., 1.],
          [1., 1., 0., 1., 0., 0., 1., 0., 0., 0., 0., 1., 1., 1., 0., 1., 1.,
           0., 1.],
          [0., 1., 0., 0., 0., 1., 0., 0., 0., 0., 0., 1., 0., 1., 1., 1., 1.,
           0., 1.],
          [0., 1., 1., 0., 1., 1., 1., 1., 1., 0., 0., 0., 1., 0., 0., 0., 1.,
           1., 0.],
          [1., 1., 1., 0., 0., 0., 0., 1., 1., 0., 1., 0., 0., 0., 1., 0., 1.,
           0., 1.],
          [1., 1., 0., 0., 0., 0., 0., 0., 0., 0., 0., 0., 0., 1., 0., 1., 0.,
           1., 0.],
          [1., 0., 1., 1., 0., 0., 1., 1., 0., 1., 1., 1., 1., 1., 1., 0., 0.,
           0., 1.],
          [1., 0., 0., 0., 1., 1., 0., 1., 0., 1., 0., 1., 1., 0., 1., 0., 0.,
           1., 0.],
          [1., 1., 1., 1., 0., 0., 0., 1., 0., 1., 0., 1., 0., 0., 1., 1., 0.,
           0., 0.]]]], device='cuda:0'), tensor([[0.6120]], device='cuda:0'))
2026-01-08 16:53:47 - INFO - [-0.03908224  0.01277983  0.92249143 -0.21320243  0.92249143 -0.21320246
 -0.04205454  0.01544107]
2026-01-08 16:53:47 - INFO - (tensor([[[[0., 1., 1., 1., 1., 0., 1., 1., 0., 1., 0., 1., 1., 0., 1., 0., 0.,
           1., 0.],
          [1., 1., 1., 1., 1., 0., 1., 0., 1., 0., 0., 0., 0., 1., 0., 1., 0.,
           0., 0.],
          [1., 1., 1., 0., 1., 0., 1., 1., 0., 1., 0., 0., 0., 0., 1., 0., 0.,
           0., 1.],
          [1., 0., 0., 1., 0., 1., 0., 0., 1., 0., 1., 0., 1., 1., 1., 0., 0.,
           1., 0.],
          [1., 1., 0., 1., 1., 1., 1., 0., 1., 1., 1., 0., 0., 1., 1., 1., 0.,
           0., 0.],
          [1., 1., 1., 1., 1., 1., 0., 1., 0., 1., 1., 0., 0., 1., 0., 1., 1.,
           0., 1.],
          [1., 1., 1., 1., 1., 1., 1., 0., 1., 0., 1., 0., 1., 0., 0., 1., 1.,
           0., 0.],
          [0., 1., 1., 1., 0., 0., 1., 1., 0., 1., 0., 1., 0., 1., 1., 0., 0.,
           0., 1.],
          [0., 0., 0., 0., 0., 1., 0., 0., 0., 0., 0., 0., 1., 1., 0., 1., 1.,
           1., 1.],
          [1., 1., 0., 1., 1., 1., 0., 1., 1., 0., 0., 0., 0., 1., 0., 0., 1.,
           1., 1.],
          [1., 1., 1., 1., 1., 0., 1., 0., 0., 1., 1., 1., 1., 1., 0., 1., 1.,
           1., 1.],
          [1., 1., 0., 1., 0., 0., 1., 0., 0., 0., 0., 1., 1., 1., 0., 1., 1.,
           0., 1.],
          [0., 1., 0., 0., 0., 1., 0., 0., 0., 0., 0., 1., 0., 1., 1., 1., 1.,
           0., 1.],
          [0., 1., 1., 0., 1., 1., 1., 1., 1., 0., 0., 0., 1., 0., 0., 0., 1.,
           1., 0.],
          [1., 1., 1., 0., 0., 0., 0., 1., 1., 0., 1., 0., 0., 0., 1., 0., 1.,
           0., 1.],
          [1., 1., 0., 0., 0., 0., 0., 0., 0., 0., 0., 0., 0., 1., 0., 1., 0.,
           1., 0.],
          [1., 0., 1., 1., 0., 0., 1., 1., 0., 1., 1., 1., 1., 1., 1., 0., 0.,
           0., 1.],
          [1., 0., 0., 0., 1., 1., 0., 1., 0., 1., 0., 1., 1., 0., 1., 0., 0.,
           1., 0.],
          [1., 1., 1., 1., 0., 0., 0., 1., 0., 1., 0., 1., 0., 0., 1., 1., 0.,
           0., 0.]]]], device='cuda:0'), tensor([[0.6154]], device='cuda:0'))
2026-01-08 16:53:47 - INFO - [-0.0390778   0.01291452  0.92224896 -0.21404895  0.92224896 -0.21404895
 -0.04204604  0.01560385]
2026-01-08 16:53:47 - INFO - (tensor([[[[0., 1., 1., 1., 1., 0., 1., 1., 0., 1., 0., 1., 1., 0., 1., 0., 0.,
           1., 0.],
          [1., 1., 1., 1., 1., 0., 1., 0., 1., 0., 0., 0., 0., 1., 0., 1., 0.,
           0., 0.],
          [1., 1., 1., 0., 1., 0., 1., 1., 0., 1., 0., 0., 0., 0., 1., 0., 0.,
           0., 1.],
          [1., 0., 0., 1., 0., 1., 0., 0., 1., 0., 1., 0., 1., 1., 1., 0., 0.,
           1., 0.],
          [1., 1., 0., 1., 1., 1., 1., 0., 1., 1., 1., 0., 0., 1., 1., 1., 0.,
           0., 0.],
          [1., 1., 1., 1., 1., 1., 0., 1., 0., 1., 1., 0., 0., 1., 0., 1., 1.,
           0., 1.],
          [1., 1., 1., 1., 1., 1., 1., 0., 1., 0., 1., 0., 1., 0., 0., 1., 1.,
           0., 0.],
          [0., 1., 1., 1., 0., 0., 1., 1., 0., 1., 0., 1., 0., 1., 1., 0., 0.,
           0., 1.],
          [0., 0., 0., 0., 0., 1., 0., 0., 0., 0., 0., 0., 1., 1., 0., 1., 1.,
           1., 1.],
          [1., 1., 0., 1., 1., 1., 0., 1., 1., 0., 0., 0., 0., 1., 0., 0., 1.,
           1., 1.],
          [1., 1., 1., 1., 1., 0., 1., 0., 0., 1., 1., 1., 1., 1., 0., 1., 1.,
           1., 1.],
          [1., 1., 0., 1., 0., 0., 1., 0., 0., 0., 0., 1., 1., 1., 0., 1., 1.,
           0., 1.],
          [0., 1., 0., 0., 0., 1., 0., 0., 0., 0., 0., 1., 0., 1., 1., 1., 1.,
           0., 1.],
          [0., 1., 1., 0., 1., 1., 1., 1., 1., 0., 0., 0., 1., 0., 0., 0., 1.,
           1., 0.],
          [1., 1., 1., 0., 0., 0., 0., 1., 1., 0., 1., 0., 0., 0., 1., 0., 1.,
           0., 1.],
          [1., 1., 0., 0., 0., 0., 0., 0., 0., 0., 0., 0., 0., 1., 0., 1., 0.,
           1., 0.],
          [1., 0., 1., 1., 0., 0., 1., 1., 0., 1., 1., 1., 1., 1., 1., 0., 0.,
           0., 1.],
          [1., 0., 0., 0., 1., 1., 0., 1., 0., 1., 0., 1., 1., 0., 1., 0., 0.,
           1., 0.],
          [1., 1., 1., 1., 0., 0., 0., 1., 0., 1., 0., 1., 0., 0., 1., 1., 0.,
           0., 0.]]]], device='cuda:0'), tensor([[0.6187]], device='cuda:0'))
2026-01-08 16:53:47 - INFO - [-0.03907392  0.01305919  0.92199016 -0.2149451   0.92199016 -0.21494508
 -0.04203663  0.01577768]
2026-01-08 16:53:47 - INFO - (tensor([[[[0., 1., 1., 1., 1., 0., 1., 1., 0., 1., 0., 1., 1., 0., 1., 0., 0.,
           1., 0.],
          [1., 1., 1., 1., 1., 0., 1., 0., 1., 0., 0., 0., 0., 1., 0., 1., 0.,
           0., 0.],
          [1., 1., 1., 0., 1., 0., 1., 1., 0., 1., 0., 0., 0., 0., 1., 0., 0.,
           0., 1.],
          [1., 0., 0., 1., 0., 1., 0., 0., 1., 0., 1., 0., 1., 1., 1., 0., 0.,
           1., 0.],
          [1., 1., 0., 1., 1., 1., 1., 0., 1., 1., 1., 0., 0., 1., 1., 1., 0.,
           0., 0.],
          [1., 1., 1., 1., 1., 1., 0., 1., 0., 1., 1., 0., 0., 1., 0., 1., 1.,
           0., 1.],
          [1., 1., 1., 1., 1., 1., 1., 0., 1., 0., 1., 0., 1., 0., 0., 1., 1.,
           0., 0.],
          [0., 1., 1., 1., 0., 0., 1., 1., 0., 1., 0., 1., 0., 1., 1., 0., 0.,
           0., 1.],
          [0., 0., 0., 0., 0., 1., 0., 0., 0., 0., 0., 0., 1., 1., 0., 1., 1.,
           1., 1.],
          [1., 1., 0., 1., 1., 1., 0., 1., 1., 0., 0., 0., 0., 1., 0., 0., 1.,
           1., 1.],
          [1., 1., 1., 1., 1., 0., 1., 0., 0., 1., 1., 1., 1., 1., 0., 1., 1.,
           1., 1.],
          [1., 1., 0., 1., 0., 0., 1., 0., 0., 0., 0., 1., 1., 1., 0., 1., 1.,
           0., 1.],
          [0., 1., 0., 0., 0., 1., 0., 0., 0., 0., 0., 1., 0., 1., 1., 1., 1.,
           0., 1.],
          [0., 1., 1., 0., 1., 1., 1., 1., 1., 0., 0., 0., 1., 0., 0., 0., 1.,
           1., 0.],
          [1., 1., 1., 0., 0., 0., 0., 1., 1., 0., 1., 0., 0., 0., 1., 0., 1.,
           0., 1.],
          [1., 1., 0., 0., 0., 0., 0., 0., 0., 0., 0., 0., 0., 1., 0., 1., 0.,
           1., 0.],
          [1., 0., 1., 1., 0., 0., 1., 1., 0., 1., 1., 1., 1., 1., 1., 0., 0.,
           0., 1.],
          [1., 0., 0., 0., 1., 1., 0., 1., 0., 1., 0., 1., 1., 0., 1., 0., 0.,
           1., 0.],
          [1., 1., 1., 1., 0., 0., 0., 1., 0., 1., 0., 1., 0., 0., 1., 1., 0.,
           0., 0.]]]], device='cuda:0'), tensor([[0.6221]], device='cuda:0'))
2026-01-08 16:53:47 - INFO - [-0.03906802  0.01321317  0.9217173  -0.2158836   0.9217172  -0.2158836
 -0.04202806  0.0159644 ]
2026-01-08 16:53:47 - INFO - (tensor([[[[0., 1., 1., 1., 1., 0., 1., 1., 0., 1., 0., 1., 1., 0., 1., 0., 0.,
           1., 0.],
          [1., 1., 1., 1., 1., 0., 1., 0., 1., 0., 0., 0., 0., 1., 0., 1., 0.,
           0., 0.],
          [1., 1., 1., 0., 1., 0., 1., 1., 0., 1., 0., 0., 0., 0., 1., 0., 0.,
           0., 1.],
          [1., 0., 0., 1., 0., 1., 0., 0., 1., 0., 1., 0., 1., 1., 1., 0., 0.,
           1., 0.],
          [1., 1., 0., 1., 1., 1., 1., 0., 1., 1., 1., 0., 0., 1., 1., 1., 0.,
           0., 0.],
          [1., 1., 1., 1., 1., 1., 0., 1., 0., 1., 1., 0., 0., 1., 0., 1., 1.,
           0., 1.],
          [1., 1., 1., 1., 1., 1., 1., 0., 1., 0., 1., 0., 1., 0., 0., 1., 1.,
           0., 0.],
          [0., 1., 1., 1., 0., 0., 1., 1., 0., 1., 0., 1., 0., 1., 1., 0., 0.,
           0., 1.],
          [0., 0., 0., 0., 0., 1., 0., 0., 0., 0., 0., 0., 1., 1., 0., 1., 1.,
           1., 1.],
          [1., 1., 0., 1., 1., 1., 0., 1., 1., 0., 0., 0., 0., 1., 0., 0., 1.,
           1., 1.],
          [1., 1., 1., 1., 1., 0., 1., 0., 0., 1., 1., 1., 1., 1., 0., 1., 1.,
           1., 1.],
          [1., 1., 0., 1., 0., 0., 1., 0., 0., 0., 0., 1., 1., 1., 0., 1., 1.,
           0., 1.],
          [0., 1., 0., 0., 0., 1., 0., 0., 0., 0., 0., 1., 0., 1., 1., 1., 1.,
           0., 1.],
          [0., 1., 1., 0., 1., 1., 1., 1., 1., 0., 0., 0., 1., 0., 0., 0., 1.,
           1., 0.],
          [1., 1., 1., 0., 0., 0., 0., 1., 1., 0., 1., 0., 0., 0., 1., 0., 1.,
           0., 1.],
          [1., 1., 0., 0., 0., 0., 0., 0., 0., 0., 0., 0., 0., 1., 0., 1., 0.,
           1., 0.],
          [1., 0., 1., 1., 0., 0., 1., 1., 0., 1., 1., 1., 1., 1., 1., 0., 0.,
           0., 1.],
          [1., 0., 0., 0., 1., 1., 0., 1., 0., 1., 0., 1., 1., 0., 1., 0., 0.,
           1., 0.],
          [1., 1., 1., 1., 0., 0., 0., 1., 0., 1., 0., 1., 0., 0., 1., 1., 0.,
           0., 0.]]]], device='cuda:0'), tensor([[0.6254]], device='cuda:0'))
2026-01-08 16:53:47 - INFO - [-0.03906078  0.01338431  0.92142093 -0.21690105  0.92142093 -0.21690105
 -0.04201861  0.01617046]
2026-01-08 16:53:47 - INFO - (tensor([[[[0., 1., 1., 1., 1., 0., 1., 1., 0., 1., 0., 1., 1., 0., 1., 0., 0.,
           1., 0.],
          [1., 1., 1., 1., 1., 0., 1., 0., 1., 0., 0., 0., 0., 1., 0., 1., 0.,
           0., 0.],
          [1., 1., 1., 0., 1., 0., 1., 1., 0., 1., 0., 0., 0., 0., 1., 0., 0.,
           0., 1.],
          [1., 0., 0., 1., 0., 1., 0., 0., 1., 0., 1., 0., 1., 1., 1., 0., 0.,
           1., 0.],
          [1., 1., 0., 1., 1., 1., 1., 0., 1., 1., 1., 0., 0., 1., 1., 1., 0.,
           0., 0.],
          [1., 1., 1., 1., 1., 1., 0., 1., 0., 1., 1., 0., 0., 1., 0., 1., 1.,
           0., 1.],
          [1., 1., 1., 1., 1., 1., 1., 0., 1., 0., 1., 0., 1., 0., 0., 1., 1.,
           0., 0.],
          [0., 1., 1., 1., 0., 0., 1., 1., 0., 1., 0., 1., 0., 1., 1., 0., 0.,
           0., 1.],
          [0., 0., 0., 0., 0., 1., 0., 0., 0., 0., 0., 0., 1., 1., 0., 1., 1.,
           1., 1.],
          [1., 1., 0., 1., 1., 1., 0., 1., 1., 0., 0., 0., 0., 1., 0., 0., 1.,
           1., 1.],
          [1., 1., 1., 1., 1., 0., 1., 0., 0., 1., 1., 1., 1., 1., 0., 1., 1.,
           1., 1.],
          [1., 1., 0., 1., 0., 0., 1., 0., 0., 0., 0., 1., 1., 1., 0., 1., 1.,
           0., 1.],
          [0., 1., 0., 0., 0., 1., 0., 0., 0., 0., 0., 1., 0., 1., 1., 1., 1.,
           0., 1.],
          [0., 1., 1., 0., 1., 1., 1., 1., 1., 0., 0., 0., 1., 0., 0., 0., 1.,
           1., 0.],
          [1., 1., 1., 0., 0., 0., 0., 1., 1., 0., 1., 0., 0., 0., 1., 0., 1.,
           0., 1.],
          [1., 1., 0., 0., 0., 0., 0., 0., 0., 0., 0., 0., 0., 1., 0., 1., 0.,
           1., 0.],
          [1., 0., 1., 1., 0., 0., 1., 1., 0., 1., 1., 1., 1., 1., 1., 0., 0.,
           0., 1.],
          [1., 0., 0., 0., 1., 1., 0., 1., 0., 1., 0., 1., 1., 0., 1., 0., 0.,
           1., 0.],
          [1., 1., 1., 1., 0., 0., 0., 1., 0., 1., 0., 1., 0., 0., 1., 1., 0.,
           0., 0.]]]], device='cuda:0'), tensor([[0.6288]], device='cuda:0'))
2026-01-08 16:53:47 - INFO - [-0.03905553  0.01356266  0.9211113  -0.2179632   0.9211113  -0.21796319
 -0.04200783  0.01638308]
2026-01-08 16:53:47 - INFO - (tensor([[[[0., 1., 1., 1., 1., 0., 1., 1., 0., 1., 0., 1., 1., 0., 1., 0., 0.,
           1., 0.],
          [1., 1., 1., 1., 1., 0., 1., 0., 1., 0., 0., 0., 0., 1., 0., 1., 0.,
           0., 0.],
          [1., 1., 1., 0., 1., 0., 1., 1., 0., 1., 0., 0., 0., 0., 1., 0., 0.,
           0., 1.],
          [1., 0., 0., 1., 0., 1., 0., 0., 1., 0., 1., 0., 1., 1., 1., 0., 0.,
           1., 0.],
          [1., 1., 0., 1., 1., 1., 1., 0., 1., 1., 1., 0., 0., 1., 1., 1., 0.,
           0., 0.],
          [1., 1., 1., 1., 1., 1., 0., 1., 0., 1., 1., 0., 0., 1., 0., 1., 1.,
           0., 1.],
          [1., 1., 1., 1., 1., 1., 1., 0., 1., 0., 1., 0., 1., 0., 0., 1., 1.,
           0., 0.],
          [0., 1., 1., 1., 0., 0., 1., 1., 0., 1., 0., 1., 0., 1., 1., 0., 0.,
           0., 1.],
          [0., 0., 0., 0., 0., 1., 0., 0., 0., 0., 0., 0., 1., 1., 0., 1., 1.,
           1., 1.],
          [1., 1., 0., 1., 1., 1., 0., 1., 1., 0., 0., 0., 0., 1., 0., 0., 1.,
           1., 1.],
          [1., 1., 1., 1., 1., 0., 1., 0., 0., 1., 1., 1., 1., 1., 0., 1., 1.,
           1., 1.],
          [1., 1., 0., 1., 0., 0., 1., 0., 0., 0., 0., 1., 1., 1., 0., 1., 1.,
           0., 1.],
          [0., 1., 0., 0., 0., 1., 0., 0., 0., 0., 0., 1., 0., 1., 1., 1., 1.,
           0., 1.],
          [0., 1., 1., 0., 1., 1., 1., 1., 1., 0., 0., 0., 1., 0., 0., 0., 1.,
           1., 0.],
          [1., 1., 1., 0., 0., 0., 0., 1., 1., 0., 1., 0., 0., 0., 1., 0., 1.,
           0., 1.],
          [1., 1., 0., 0., 0., 0., 0., 0., 0., 0., 0., 0., 0., 1., 0., 1., 0.,
           1., 0.],
          [1., 0., 1., 1., 0., 0., 1., 1., 0., 1., 1., 1., 1., 1., 1., 0., 0.,
           0., 1.],
          [1., 0., 0., 0., 1., 1., 0., 1., 0., 1., 0., 1., 1., 0., 1., 0., 0.,
           1., 0.],
          [1., 1., 1., 1., 0., 0., 0., 1., 0., 1., 0., 1., 0., 0., 1., 1., 0.,
           0., 0.]]]], device='cuda:0'), tensor([[0.6321]], device='cuda:0'))
2026-01-08 16:53:47 - INFO - [-0.03904914  0.01375538  0.92078024 -0.21909092  0.92078024 -0.21909091
 -0.04199629  0.0166133 ]
2026-01-08 16:53:47 - INFO - (tensor([[[[0., 1., 1., 1., 1., 0., 1., 1., 0., 1., 0., 1., 1., 0., 1., 0., 0.,
           1., 0.],
          [1., 1., 1., 1., 1., 0., 1., 0., 1., 0., 0., 0., 0., 1., 0., 1., 0.,
           0., 0.],
          [1., 1., 1., 0., 1., 0., 1., 1., 0., 1., 0., 0., 0., 0., 1., 0., 0.,
           0., 1.],
          [1., 0., 0., 1., 0., 1., 0., 0., 1., 0., 1., 0., 1., 1., 1., 0., 0.,
           1., 0.],
          [1., 1., 0., 1., 1., 1., 1., 0., 1., 1., 1., 0., 0., 1., 1., 1., 0.,
           0., 0.],
          [1., 1., 1., 1., 1., 1., 0., 1., 0., 1., 1., 0., 0., 1., 0., 1., 1.,
           0., 1.],
          [1., 1., 1., 1., 1., 1., 1., 0., 1., 0., 1., 0., 1., 0., 0., 1., 1.,
           0., 0.],
          [0., 1., 1., 1., 0., 0., 1., 1., 0., 1., 0., 1., 0., 1., 1., 0., 0.,
           0., 1.],
          [0., 0., 0., 0., 0., 1., 0., 0., 0., 0., 0., 0., 1., 1., 0., 1., 1.,
           1., 1.],
          [1., 1., 0., 1., 1., 1., 0., 1., 1., 0., 0., 0., 0., 1., 0., 0., 1.,
           1., 1.],
          [1., 1., 1., 1., 1., 0., 1., 0., 0., 1., 1., 1., 1., 1., 0., 1., 1.,
           1., 1.],
          [1., 1., 0., 1., 0., 0., 1., 0., 0., 0., 0., 1., 1., 1., 0., 1., 1.,
           0., 1.],
          [0., 1., 0., 0., 0., 1., 0., 0., 0., 0., 0., 1., 0., 1., 1., 1., 1.,
           0., 1.],
          [0., 1., 1., 0., 1., 1., 1., 1., 1., 0., 0., 0., 1., 0., 0., 0., 1.,
           1., 0.],
          [1., 1., 1., 0., 0., 0., 0., 1., 1., 0., 1., 0., 0., 0., 1., 0., 1.,
           0., 1.],
          [1., 1., 0., 0., 0., 0., 0., 0., 0., 0., 0., 0., 0., 1., 0., 1., 0.,
           1., 0.],
          [1., 0., 1., 1., 0., 0., 1., 1., 0., 1., 1., 1., 1., 1., 1., 0., 0.,
           0., 1.],
          [1., 0., 0., 0., 1., 1., 0., 1., 0., 1., 0., 1., 1., 0., 1., 0., 0.,
           1., 0.],
          [1., 1., 1., 1., 0., 0., 0., 1., 0., 1., 0., 1., 0., 0., 1., 1., 0.,
           0., 0.]]]], device='cuda:0'), tensor([[0.6355]], device='cuda:0'))
2026-01-08 16:53:47 - INFO - [-0.0390485   0.01395925  0.9204146  -0.22032386  0.9204146  -0.22032386
 -0.0419848   0.0168563 ]
2026-01-08 16:53:47 - INFO - (tensor([[[[0., 1., 1., 1., 1., 0., 1., 1., 0., 1., 0., 1., 1., 0., 1., 0., 0.,
           1., 0.],
          [1., 1., 1., 1., 1., 0., 1., 0., 1., 0., 0., 0., 0., 1., 0., 1., 0.,
           0., 0.],
          [1., 1., 1., 0., 1., 0., 1., 1., 0., 1., 0., 0., 0., 0., 1., 0., 0.,
           0., 1.],
          [1., 0., 0., 1., 0., 1., 0., 0., 1., 0., 1., 0., 1., 1., 1., 0., 0.,
           1., 0.],
          [1., 1., 0., 1., 1., 1., 1., 0., 1., 1., 1., 0., 0., 1., 1., 1., 0.,
           0., 0.],
          [1., 1., 1., 1., 1., 1., 0., 1., 0., 1., 1., 0., 0., 1., 0., 1., 1.,
           0., 1.],
          [1., 1., 1., 1., 1., 1., 1., 0., 1., 0., 1., 0., 1., 0., 0., 1., 1.,
           0., 0.],
          [0., 1., 1., 1., 0., 0., 1., 1., 0., 1., 0., 1., 0., 1., 1., 0., 0.,
           0., 1.],
          [0., 0., 0., 0., 0., 1., 0., 0., 0., 0., 0., 0., 1., 1., 0., 1., 1.,
           1., 1.],
          [1., 1., 0., 1., 1., 1., 0., 1., 1., 0., 0., 0., 0., 1., 0., 0., 1.,
           1., 1.],
          [1., 1., 1., 1., 1., 0., 1., 0., 0., 1., 1., 1., 1., 1., 0., 1., 1.,
           1., 1.],
          [1., 1., 0., 1., 0., 0., 1., 0., 0., 0., 0., 1., 1., 1., 0., 1., 1.,
           0., 1.],
          [0., 1., 0., 0., 0., 1., 0., 0., 0., 0., 0., 1., 0., 1., 1., 1., 1.,
           0., 1.],
          [0., 1., 1., 0., 1., 1., 1., 1., 1., 0., 0., 0., 1., 0., 0., 0., 1.,
           1., 0.],
          [1., 1., 1., 0., 0., 0., 0., 1., 1., 0., 1., 0., 0., 0., 1., 0., 1.,
           0., 1.],
          [1., 1., 0., 0., 0., 0., 0., 0., 0., 0., 0., 0., 0., 1., 0., 1., 0.,
           1., 0.],
          [1., 0., 1., 1., 0., 0., 1., 1., 0., 1., 1., 1., 1., 1., 1., 0., 0.,
           0., 1.],
          [1., 0., 0., 0., 1., 1., 0., 1., 0., 1., 0., 1., 1., 0., 1., 0., 0.,
           1., 0.],
          [1., 1., 1., 1., 0., 0., 0., 1., 0., 1., 0., 1., 0., 0., 1., 1., 0.,
           0., 0.]]]], device='cuda:0'), tensor([[0.6388]], device='cuda:0'))
2026-01-08 16:53:47 - INFO - [-0.03905549  0.01414962  0.92000586 -0.22169617  0.92000586 -0.22169617
 -0.04200561  0.0170912 ]
2026-01-08 16:53:47 - INFO - (tensor([[[[0., 1., 1., 1., 1., 0., 1., 1., 0., 1., 0., 1., 1., 0., 1., 0., 0.,
           1., 0.],
          [1., 1., 1., 1., 1., 0., 1., 0., 1., 0., 0., 0., 0., 1., 0., 1., 0.,
           0., 0.],
          [1., 1., 1., 0., 1., 0., 1., 1., 0., 1., 0., 0., 0., 0., 1., 0., 0.,
           0., 1.],
          [1., 0., 0., 1., 0., 1., 0., 0., 1., 0., 1., 0., 1., 1., 1., 0., 0.,
           1., 0.],
          [1., 1., 0., 1., 1., 1., 1., 0., 1., 1., 1., 0., 0., 1., 1., 1., 0.,
           0., 0.],
          [1., 1., 1., 1., 1., 1., 0., 1., 0., 1., 1., 0., 0., 1., 0., 1., 1.,
           0., 1.],
          [1., 1., 1., 1., 1., 1., 1., 0., 1., 0., 1., 0., 1., 0., 0., 1., 1.,
           0., 0.],
          [0., 1., 1., 1., 0., 0., 1., 1., 0., 1., 0., 1., 0., 1., 1., 0., 0.,
           0., 1.],
          [0., 0., 0., 0., 0., 1., 0., 0., 0., 0., 0., 0., 1., 1., 0., 1., 1.,
           1., 1.],
          [1., 1., 0., 1., 1., 1., 0., 1., 1., 0., 0., 0., 0., 1., 0., 0., 1.,
           1., 1.],
          [1., 1., 1., 1., 1., 0., 1., 0., 0., 1., 1., 1., 1., 1., 0., 1., 1.,
           1., 1.],
          [1., 1., 0., 1., 0., 0., 1., 0., 0., 0., 0., 1., 1., 1., 0., 1., 1.,
           0., 1.],
          [0., 1., 0., 0., 0., 1., 0., 0., 0., 0., 0., 1., 0., 1., 1., 1., 1.,
           0., 1.],
          [0., 1., 1., 0., 1., 1., 1., 1., 1., 0., 0., 0., 1., 0., 0., 0., 1.,
           1., 0.],
          [1., 1., 1., 0., 0., 0., 0., 1., 1., 0., 1., 0., 0., 0., 1., 0., 1.,
           0., 1.],
          [1., 1., 0., 0., 0., 0., 0., 0., 0., 0., 0., 0., 0., 1., 0., 1., 0.,
           1., 0.],
          [1., 0., 1., 1., 0., 0., 1., 1., 0., 1., 1., 1., 1., 1., 1., 0., 0.,
           0., 1.],
          [1., 0., 0., 0., 1., 1., 0., 1., 0., 1., 0., 1., 1., 0., 1., 0., 0.,
           1., 0.],
          [1., 1., 1., 1., 0., 0., 0., 1., 0., 1., 0., 1., 0., 0., 1., 1., 0.,
           0., 0.]]]], device='cuda:0'), tensor([[0.6421]], device='cuda:0'))
2026-01-08 16:53:47 - INFO - [-0.03907591  0.01429644  0.919562   -0.22319564  0.919562   -0.22319564
 -0.04208176  0.01728392]
2026-01-08 16:53:47 - INFO - (tensor([[[[0., 1., 1., 1., 1., 0., 1., 1., 0., 1., 0., 1., 1., 0., 1., 0., 0.,
           1., 0.],
          [1., 1., 1., 1., 1., 0., 1., 0., 1., 0., 0., 0., 0., 1., 0., 1., 0.,
           0., 0.],
          [1., 1., 1., 0., 1., 0., 1., 1., 0., 1., 0., 0., 0., 0., 1., 0., 0.,
           0., 1.],
          [1., 0., 0., 1., 0., 1., 0., 0., 1., 0., 1., 0., 1., 1., 1., 0., 0.,
           1., 0.],
          [1., 1., 0., 1., 1., 1., 1., 0., 1., 1., 1., 0., 0., 1., 1., 1., 0.,
           0., 0.],
          [1., 1., 1., 1., 1., 1., 0., 1., 0., 1., 1., 0., 0., 1., 0., 1., 1.,
           0., 1.],
          [1., 1., 1., 1., 1., 1., 1., 0., 1., 0., 1., 0., 1., 0., 0., 1., 1.,
           0., 0.],
          [0., 1., 1., 1., 0., 0., 1., 1., 0., 1., 0., 1., 0., 1., 1., 0., 0.,
           0., 1.],
          [0., 0., 0., 0., 0., 1., 0., 0., 0., 0., 0., 0., 1., 1., 0., 1., 1.,
           1., 1.],
          [1., 1., 0., 1., 1., 1., 0., 1., 1., 0., 0., 0., 0., 1., 0., 0., 1.,
           1., 1.],
          [1., 1., 1., 1., 1., 0., 1., 0., 0., 1., 1., 1., 1., 1., 0., 1., 1.,
           1., 1.],
          [1., 1., 0., 1., 0., 0., 1., 0., 0., 0., 0., 1., 1., 1., 0., 1., 1.,
           0., 1.],
          [0., 1., 0., 0., 0., 1., 0., 0., 0., 0., 0., 1., 0., 1., 1., 1., 1.,
           0., 1.],
          [0., 1., 1., 0., 1., 1., 1., 1., 1., 0., 0., 0., 1., 0., 0., 0., 1.,
           1., 0.],
          [1., 1., 1., 0., 0., 0., 0., 1., 1., 0., 1., 0., 0., 0., 1., 0., 1.,
           0., 1.],
          [1., 1., 0., 0., 0., 0., 0., 0., 0., 0., 0., 0., 0., 1., 0., 1., 0.,
           1., 0.],
          [1., 0., 1., 1., 0., 0., 1., 1., 0., 1., 1., 1., 1., 1., 1., 0., 0.,
           0., 1.],
          [1., 0., 0., 0., 1., 1., 0., 1., 0., 1., 0., 1., 1., 0., 1., 0., 0.,
           1., 0.],
          [1., 1., 1., 1., 0., 0., 0., 1., 0., 1., 0., 1., 0., 0., 1., 1., 0.,
           0., 0.]]]], device='cuda:0'), tensor([[0.6455]], device='cuda:0'))
2026-01-08 16:53:47 - INFO - [-0.03905838  0.01445151  0.91927344 -0.22427846  0.91927344 -0.22427848
 -0.04211243  0.01745536]
2026-01-08 16:53:47 - INFO - (tensor([[[[0., 1., 1., 1., 1., 0., 1., 1., 0., 1., 0., 1., 1., 0., 1., 0., 0.,
           1., 0.],
          [1., 1., 1., 1., 1., 0., 1., 0., 1., 0., 0., 0., 0., 1., 0., 1., 0.,
           0., 0.],
          [1., 1., 1., 0., 1., 0., 1., 1., 0., 1., 0., 0., 0., 0., 1., 0., 0.,
           0., 1.],
          [1., 0., 0., 1., 0., 1., 0., 0., 1., 0., 1., 0., 1., 1., 1., 0., 0.,
           1., 0.],
          [1., 1., 0., 1., 1., 1., 1., 0., 1., 1., 1., 0., 0., 1., 1., 1., 0.,
           0., 0.],
          [1., 1., 1., 1., 1., 1., 0., 1., 0., 1., 1., 0., 0., 1., 0., 1., 1.,
           0., 1.],
          [1., 1., 1., 1., 1., 1., 1., 0., 1., 0., 1., 0., 1., 0., 0., 1., 1.,
           0., 0.],
          [0., 1., 1., 1., 0., 0., 1., 1., 0., 1., 0., 1., 0., 1., 1., 0., 0.,
           0., 1.],
          [0., 0., 0., 0., 0., 1., 0., 0., 0., 0., 0., 0., 1., 1., 0., 1., 1.,
           1., 1.],
          [1., 1., 0., 1., 1., 1., 0., 1., 1., 0., 0., 0., 0., 1., 0., 0., 1.,
           1., 1.],
          [1., 1., 1., 1., 1., 0., 1., 0., 0., 1., 1., 1., 1., 1., 0., 1., 1.,
           1., 1.],
          [1., 1., 0., 1., 0., 0., 1., 0., 0., 0., 0., 1., 1., 1., 0., 1., 1.,
           0., 1.],
          [0., 1., 0., 0., 0., 1., 0., 0., 0., 0., 0., 1., 0., 1., 1., 1., 1.,
           0., 1.],
          [0., 1., 1., 0., 1., 1., 1., 1., 1., 0., 0., 0., 1., 0., 0., 0., 1.,
           1., 0.],
          [1., 1., 1., 0., 0., 0., 0., 1., 1., 0., 1., 0., 0., 0., 1., 0., 1.,
           0., 1.],
          [1., 1., 0., 0., 0., 0., 0., 0., 0., 0., 0., 0., 0., 1., 0., 1., 0.,
           1., 0.],
          [1., 0., 1., 1., 0., 0., 1., 1., 0., 1., 1., 1., 1., 1., 1., 0., 0.,
           0., 1.],
          [1., 0., 0., 0., 1., 1., 0., 1., 0., 1., 0., 1., 1., 0., 1., 0., 0.,
           1., 0.],
          [1., 1., 1., 1., 0., 0., 0., 1., 0., 1., 0., 1., 0., 0., 1., 1., 0.,
           0., 0.]]]], device='cuda:0'), tensor([[0.6488]], device='cuda:0'))
2026-01-08 16:53:47 - INFO - [-0.03900372  0.01461357  0.9191396  -0.22494732  0.9191396  -0.22494732
 -0.0420984   0.01760476]
2026-01-08 16:53:47 - INFO - (tensor([[[[0., 1., 1., 1., 1., 0., 1., 1., 0., 1., 0., 1., 1., 0., 1., 0., 0.,
           1., 0.],
          [1., 1., 1., 1., 1., 0., 1., 0., 1., 0., 0., 0., 0., 1., 0., 1., 0.,
           0., 0.],
          [1., 1., 1., 0., 1., 0., 1., 1., 0., 1., 0., 0., 0., 0., 1., 0., 0.,
           0., 1.],
          [1., 0., 0., 1., 0., 1., 0., 0., 1., 0., 1., 0., 1., 1., 1., 0., 0.,
           1., 0.],
          [1., 1., 0., 1., 1., 1., 1., 0., 1., 1., 1., 0., 0., 1., 1., 1., 0.,
           0., 0.],
          [1., 1., 1., 1., 1., 1., 0., 1., 0., 1., 1., 0., 0., 1., 0., 1., 1.,
           0., 1.],
          [1., 1., 1., 1., 1., 1., 1., 0., 1., 0., 1., 0., 1., 0., 0., 1., 1.,
           0., 0.],
          [0., 1., 1., 1., 0., 0., 1., 1., 0., 1., 0., 1., 0., 1., 1., 0., 0.,
           0., 1.],
          [0., 0., 0., 0., 0., 1., 0., 0., 0., 0., 0., 0., 1., 1., 0., 1., 1.,
           1., 1.],
          [1., 1., 0., 1., 1., 1., 0., 1., 1., 0., 0., 0., 0., 1., 0., 0., 1.,
           1., 1.],
          [1., 1., 1., 1., 1., 0., 1., 0., 0., 1., 1., 1., 1., 1., 0., 1., 1.,
           1., 1.],
          [1., 1., 0., 1., 0., 0., 1., 0., 0., 0., 0., 1., 1., 1., 0., 1., 1.,
           0., 1.],
          [0., 1., 0., 0., 0., 1., 0., 0., 0., 0., 0., 1., 0., 1., 1., 1., 1.,
           0., 1.],
          [0., 1., 1., 0., 1., 1., 1., 1., 1., 0., 0., 0., 1., 0., 0., 0., 1.,
           1., 0.],
          [1., 1., 1., 0., 0., 0., 0., 1., 1., 0., 1., 0., 0., 0., 1., 0., 1.,
           0., 1.],
          [1., 1., 0., 0., 0., 0., 0., 0., 0., 0., 0., 0., 0., 1., 0., 1., 0.,
           1., 0.],
          [1., 0., 1., 1., 0., 0., 1., 1., 0., 1., 1., 1., 1., 1., 1., 0., 0.,
           0., 1.],
          [1., 0., 0., 0., 1., 1., 0., 1., 0., 1., 0., 1., 1., 0., 1., 0., 0.,
           1., 0.],
          [1., 1., 1., 1., 0., 0., 0., 1., 0., 1., 0., 1., 0., 0., 1., 1., 0.,
           0., 0.]]]], device='cuda:0'), tensor([[0.6522]], device='cuda:0'))
2026-01-08 16:53:47 - INFO - [-0.03895836  0.0147762   0.91897297 -0.22572583  0.91897297 -0.22572584
 -0.0420948   0.01774975]
2026-01-08 16:53:47 - INFO - (tensor([[[[0., 1., 1., 1., 1., 0., 1., 1., 0., 1., 0., 1., 1., 0., 1., 0., 0.,
           1., 0.],
          [1., 1., 1., 1., 1., 0., 1., 0., 1., 0., 0., 0., 0., 1., 0., 1., 0.,
           0., 0.],
          [1., 1., 1., 0., 1., 0., 1., 1., 0., 1., 0., 0., 0., 0., 1., 0., 0.,
           0., 1.],
          [1., 0., 0., 1., 0., 1., 0., 0., 1., 0., 1., 0., 1., 1., 1., 0., 0.,
           1., 0.],
          [1., 1., 0., 1., 1., 1., 1., 0., 1., 1., 1., 0., 0., 1., 1., 1., 0.,
           0., 0.],
          [1., 1., 1., 1., 1., 1., 0., 1., 0., 1., 1., 0., 0., 1., 0., 1., 1.,
           0., 1.],
          [1., 1., 1., 1., 1., 1., 1., 0., 1., 0., 1., 0., 1., 0., 0., 1., 1.,
           0., 0.],
          [0., 1., 1., 1., 0., 0., 1., 1., 0., 1., 0., 1., 0., 1., 1., 0., 0.,
           0., 1.],
          [0., 0., 0., 0., 0., 1., 0., 0., 0., 0., 0., 0., 1., 1., 0., 1., 1.,
           1., 1.],
          [1., 1., 0., 1., 1., 1., 0., 1., 1., 0., 0., 0., 0., 1., 0., 0., 1.,
           1., 1.],
          [1., 1., 1., 1., 1., 0., 1., 0., 0., 1., 1., 1., 1., 1., 0., 1., 1.,
           1., 1.],
          [1., 1., 0., 1., 0., 0., 1., 0., 0., 0., 0., 1., 1., 1., 0., 1., 1.,
           0., 1.],
          [0., 1., 0., 0., 0., 1., 0., 0., 0., 0., 0., 1., 0., 1., 1., 1., 1.,
           0., 1.],
          [0., 1., 1., 0., 1., 1., 1., 1., 1., 0., 0., 0., 1., 0., 0., 0., 1.,
           1., 0.],
          [1., 1., 1., 0., 0., 0., 0., 1., 1., 0., 1., 0., 0., 0., 1., 0., 1.,
           0., 1.],
          [1., 1., 0., 0., 0., 0., 0., 0., 0., 0., 0., 0., 0., 1., 0., 1., 0.,
           1., 0.],
          [1., 0., 1., 1., 0., 0., 1., 1., 0., 1., 1., 1., 1., 1., 1., 0., 0.,
           0., 1.],
          [1., 0., 0., 0., 1., 1., 0., 1., 0., 1., 0., 1., 1., 0., 1., 0., 0.,
           1., 0.],
          [1., 1., 1., 1., 0., 0., 0., 1., 0., 1., 0., 1., 0., 0., 1., 1., 0.,
           0., 0.]]]], device='cuda:0'), tensor([[0.6555]], device='cuda:0'))
2026-01-08 16:53:47 - INFO - [-0.03893265  0.01493356  0.91871464 -0.22677845  0.91871464 -0.22677845
 -0.04212544  0.01788989]
2026-01-08 16:53:47 - INFO - (tensor([[[[0., 1., 1., 1., 1., 0., 1., 1., 0., 1., 0., 1., 1., 0., 1., 0., 0.,
           1., 0.],
          [1., 1., 1., 1., 1., 0., 1., 0., 1., 0., 0., 0., 0., 1., 0., 1., 0.,
           0., 0.],
          [1., 1., 1., 0., 1., 0., 1., 1., 0., 1., 0., 0., 0., 0., 1., 0., 0.,
           0., 1.],
          [1., 0., 0., 1., 0., 1., 0., 0., 1., 0., 1., 0., 1., 1., 1., 0., 0.,
           1., 0.],
          [1., 1., 0., 1., 1., 1., 1., 0., 1., 1., 1., 0., 0., 1., 1., 1., 0.,
           0., 0.],
          [1., 1., 1., 1., 1., 1., 0., 1., 0., 1., 1., 0., 0., 1., 0., 1., 1.,
           0., 1.],
          [1., 1., 1., 1., 1., 1., 1., 0., 1., 0., 1., 0., 1., 0., 0., 1., 1.,
           0., 0.],
          [0., 1., 1., 1., 0., 0., 1., 1., 0., 1., 0., 1., 0., 1., 1., 0., 0.,
           0., 1.],
          [0., 0., 0., 0., 0., 1., 0., 0., 0., 0., 0., 0., 1., 1., 0., 1., 1.,
           1., 1.],
          [1., 1., 0., 1., 1., 1., 0., 1., 1., 0., 0., 0., 0., 1., 0., 0., 1.,
           1., 1.],
          [1., 1., 1., 1., 1., 0., 1., 0., 0., 1., 1., 1., 1., 1., 0., 1., 1.,
           1., 1.],
          [1., 1., 0., 1., 0., 0., 1., 0., 0., 0., 0., 1., 1., 1., 0., 1., 1.,
           0., 1.],
          [0., 1., 0., 0., 0., 1., 0., 0., 0., 0., 0., 1., 0., 1., 1., 1., 1.,
           0., 1.],
          [0., 1., 1., 0., 1., 1., 1., 1., 1., 0., 0., 0., 1., 0., 0., 0., 1.,
           1., 0.],
          [1., 1., 1., 0., 0., 0., 0., 1., 1., 0., 1., 0., 0., 0., 1., 0., 1.,
           0., 1.],
          [1., 1., 0., 0., 0., 0., 0., 0., 0., 0., 0., 0., 0., 1., 0., 1., 0.,
           1., 0.],
          [1., 0., 1., 1., 0., 0., 1., 1., 0., 1., 1., 1., 1., 1., 1., 0., 0.,
           0., 1.],
          [1., 0., 0., 0., 1., 1., 0., 1., 0., 1., 0., 1., 1., 0., 1., 0., 0.,
           1., 0.],
          [1., 1., 1., 1., 0., 0., 0., 1., 0., 1., 0., 1., 0., 0., 1., 1., 0.,
           0., 0.]]]], device='cuda:0'), tensor([[0.6589]], device='cuda:0'))
2026-01-08 16:53:47 - INFO - [-0.03881585  0.01509348  0.91840446 -0.22788173  0.91840446 -0.22788174
 -0.0421467   0.01816002]
2026-01-08 16:53:47 - INFO - (tensor([[[[0., 1., 1., 1., 1., 0., 1., 1., 0., 1., 0., 1., 1., 0., 1., 0., 0.,
           1., 0.],
          [1., 1., 1., 1., 1., 0., 1., 0., 1., 0., 0., 0., 0., 1., 0., 1., 0.,
           0., 0.],
          [1., 1., 1., 0., 1., 0., 1., 1., 0., 1., 0., 0., 0., 0., 1., 0., 0.,
           0., 1.],
          [1., 0., 0., 1., 0., 1., 0., 0., 1., 0., 1., 0., 1., 1., 1., 0., 0.,
           1., 0.],
          [1., 1., 0., 1., 1., 1., 1., 0., 1., 1., 1., 0., 0., 1., 1., 1., 0.,
           0., 0.],
          [1., 1., 1., 1., 1., 1., 0., 1., 0., 1., 1., 0., 0., 1., 0., 1., 1.,
           0., 1.],
          [1., 1., 1., 1., 1., 1., 1., 0., 1., 0., 1., 0., 1., 0., 0., 1., 1.,
           0., 0.],
          [0., 1., 1., 1., 0., 0., 1., 1., 0., 1., 0., 1., 0., 1., 1., 0., 0.,
           0., 1.],
          [0., 0., 0., 0., 0., 1., 0., 0., 0., 0., 0., 0., 1., 1., 0., 1., 1.,
           1., 1.],
          [1., 1., 0., 1., 1., 1., 0., 1., 1., 0., 0., 0., 0., 1., 0., 0., 1.,
           1., 1.],
          [1., 1., 1., 1., 1., 0., 1., 0., 0., 1., 1., 1., 1., 1., 0., 1., 1.,
           1., 1.],
          [1., 1., 0., 1., 0., 0., 1., 0., 0., 0., 0., 1., 1., 1., 0., 1., 1.,
           0., 1.],
          [0., 1., 0., 0., 0., 1., 0., 0., 0., 0., 0., 1., 0., 1., 1., 1., 1.,
           0., 1.],
          [0., 1., 1., 0., 1., 1., 1., 1., 1., 0., 0., 0., 1., 0., 0., 0., 1.,
           1., 0.],
          [1., 1., 1., 0., 0., 0., 0., 1., 1., 0., 1., 0., 0., 0., 1., 0., 1.,
           0., 1.],
          [1., 1., 0., 0., 0., 0., 0., 0., 0., 0., 0., 0., 0., 1., 0., 1., 0.,
           1., 0.],
          [1., 0., 1., 1., 0., 0., 1., 1., 0., 1., 1., 1., 1., 1., 1., 0., 0.,
           0., 1.],
          [1., 0., 0., 0., 1., 1., 0., 1., 0., 1., 0., 1., 1., 0., 1., 0., 0.,
           1., 0.],
          [1., 1., 1., 1., 0., 0., 0., 1., 0., 1., 0., 1., 0., 0., 1., 1., 0.,
           0., 0.]]]], device='cuda:0'), tensor([[0.6622]], device='cuda:0'))
2026-01-08 16:53:47 - INFO - [-0.03865541  0.01526379  0.9180486  -0.2290862   0.91804856 -0.22908619
 -0.04216474  0.01850024]
2026-01-08 16:53:47 - INFO -   预测进度: 201/301
2026-01-08 16:53:47 - INFO - (tensor([[[[0., 1., 1., 1., 1., 0., 1., 1., 0., 1., 0., 1., 1., 0., 1., 0., 0.,
           1., 0.],
          [1., 1., 1., 1., 1., 0., 1., 0., 1., 0., 0., 0., 0., 1., 0., 1., 0.,
           0., 0.],
          [1., 1., 1., 0., 1., 0., 1., 1., 0., 1., 0., 0., 0., 0., 1., 0., 0.,
           0., 1.],
          [1., 0., 0., 1., 0., 1., 0., 0., 1., 0., 1., 0., 1., 1., 1., 0., 0.,
           1., 0.],
          [1., 1., 0., 1., 1., 1., 1., 0., 1., 1., 1., 0., 0., 1., 1., 1., 0.,
           0., 0.],
          [1., 1., 1., 1., 1., 1., 0., 1., 0., 1., 1., 0., 0., 1., 0., 1., 1.,
           0., 1.],
          [1., 1., 1., 1., 1., 1., 1., 0., 1., 0., 1., 0., 1., 0., 0., 1., 1.,
           0., 0.],
          [0., 1., 1., 1., 0., 0., 1., 1., 0., 1., 0., 1., 0., 1., 1., 0., 0.,
           0., 1.],
          [0., 0., 0., 0., 0., 1., 0., 0., 0., 0., 0., 0., 1., 1., 0., 1., 1.,
           1., 1.],
          [1., 1., 0., 1., 1., 1., 0., 1., 1., 0., 0., 0., 0., 1., 0., 0., 1.,
           1., 1.],
          [1., 1., 1., 1., 1., 0., 1., 0., 0., 1., 1., 1., 1., 1., 0., 1., 1.,
           1., 1.],
          [1., 1., 0., 1., 0., 0., 1., 0., 0., 0., 0., 1., 1., 1., 0., 1., 1.,
           0., 1.],
          [0., 1., 0., 0., 0., 1., 0., 0., 0., 0., 0., 1., 0., 1., 1., 1., 1.,
           0., 1.],
          [0., 1., 1., 0., 1., 1., 1., 1., 1., 0., 0., 0., 1., 0., 0., 0., 1.,
           1., 0.],
          [1., 1., 1., 0., 0., 0., 0., 1., 1., 0., 1., 0., 0., 0., 1., 0., 1.,
           0., 1.],
          [1., 1., 0., 0., 0., 0., 0., 0., 0., 0., 0., 0., 0., 1., 0., 1., 0.,
           1., 0.],
          [1., 0., 1., 1., 0., 0., 1., 1., 0., 1., 1., 1., 1., 1., 1., 0., 0.,
           0., 1.],
          [1., 0., 0., 0., 1., 1., 0., 1., 0., 1., 0., 1., 1., 0., 1., 0., 0.,
           1., 0.],
          [1., 1., 1., 1., 0., 0., 0., 1., 0., 1., 0., 1., 0., 0., 1., 1., 0.,
           0., 0.]]]], device='cuda:0'), tensor([[0.6656]], device='cuda:0'))
2026-01-08 16:53:47 - INFO - [-0.03854731  0.01547169  0.9176824  -0.23044801  0.9176824  -0.23044802
 -0.04213684  0.01876569]
2026-01-08 16:53:47 - INFO - (tensor([[[[0., 1., 1., 1., 1., 0., 1., 1., 0., 1., 0., 1., 1., 0., 1., 0., 0.,
           1., 0.],
          [1., 1., 1., 1., 1., 0., 1., 0., 1., 0., 0., 0., 0., 1., 0., 1., 0.,
           0., 0.],
          [1., 1., 1., 0., 1., 0., 1., 1., 0., 1., 0., 0., 0., 0., 1., 0., 0.,
           0., 1.],
          [1., 0., 0., 1., 0., 1., 0., 0., 1., 0., 1., 0., 1., 1., 1., 0., 0.,
           1., 0.],
          [1., 1., 0., 1., 1., 1., 1., 0., 1., 1., 1., 0., 0., 1., 1., 1., 0.,
           0., 0.],
          [1., 1., 1., 1., 1., 1., 0., 1., 0., 1., 1., 0., 0., 1., 0., 1., 1.,
           0., 1.],
          [1., 1., 1., 1., 1., 1., 1., 0., 1., 0., 1., 0., 1., 0., 0., 1., 1.,
           0., 0.],
          [0., 1., 1., 1., 0., 0., 1., 1., 0., 1., 0., 1., 0., 1., 1., 0., 0.,
           0., 1.],
          [0., 0., 0., 0., 0., 1., 0., 0., 0., 0., 0., 0., 1., 1., 0., 1., 1.,
           1., 1.],
          [1., 1., 0., 1., 1., 1., 0., 1., 1., 0., 0., 0., 0., 1., 0., 0., 1.,
           1., 1.],
          [1., 1., 1., 1., 1., 0., 1., 0., 0., 1., 1., 1., 1., 1., 0., 1., 1.,
           1., 1.],
          [1., 1., 0., 1., 0., 0., 1., 0., 0., 0., 0., 1., 1., 1., 0., 1., 1.,
           0., 1.],
          [0., 1., 0., 0., 0., 1., 0., 0., 0., 0., 0., 1., 0., 1., 1., 1., 1.,
           0., 1.],
          [0., 1., 1., 0., 1., 1., 1., 1., 1., 0., 0., 0., 1., 0., 0., 0., 1.,
           1., 0.],
          [1., 1., 1., 0., 0., 0., 0., 1., 1., 0., 1., 0., 0., 0., 1., 0., 1.,
           0., 1.],
          [1., 1., 0., 0., 0., 0., 0., 0., 0., 0., 0., 0., 0., 1., 0., 1., 0.,
           1., 0.],
          [1., 0., 1., 1., 0., 0., 1., 1., 0., 1., 1., 1., 1., 1., 1., 0., 0.,
           0., 1.],
          [1., 0., 0., 0., 1., 1., 0., 1., 0., 1., 0., 1., 1., 0., 1., 0., 0.,
           1., 0.],
          [1., 1., 1., 1., 0., 0., 0., 1., 0., 1., 0., 1., 0., 0., 1., 1., 0.,
           0., 0.]]]], device='cuda:0'), tensor([[0.6689]], device='cuda:0'))
2026-01-08 16:53:47 - INFO - [-0.03845577  0.01566948  0.9173393  -0.2316247   0.9173393  -0.2316247
 -0.04207718  0.01898452]
2026-01-08 16:53:47 - INFO - (tensor([[[[0., 1., 1., 1., 1., 0., 1., 1., 0., 1., 0., 1., 1., 0., 1., 0., 0.,
           1., 0.],
          [1., 1., 1., 1., 1., 0., 1., 0., 1., 0., 0., 0., 0., 1., 0., 1., 0.,
           0., 0.],
          [1., 1., 1., 0., 1., 0., 1., 1., 0., 1., 0., 0., 0., 0., 1., 0., 0.,
           0., 1.],
          [1., 0., 0., 1., 0., 1., 0., 0., 1., 0., 1., 0., 1., 1., 1., 0., 0.,
           1., 0.],
          [1., 1., 0., 1., 1., 1., 1., 0., 1., 1., 1., 0., 0., 1., 1., 1., 0.,
           0., 0.],
          [1., 1., 1., 1., 1., 1., 0., 1., 0., 1., 1., 0., 0., 1., 0., 1., 1.,
           0., 1.],
          [1., 1., 1., 1., 1., 1., 1., 0., 1., 0., 1., 0., 1., 0., 0., 1., 1.,
           0., 0.],
          [0., 1., 1., 1., 0., 0., 1., 1., 0., 1., 0., 1., 0., 1., 1., 0., 0.,
           0., 1.],
          [0., 0., 0., 0., 0., 1., 0., 0., 0., 0., 0., 0., 1., 1., 0., 1., 1.,
           1., 1.],
          [1., 1., 0., 1., 1., 1., 0., 1., 1., 0., 0., 0., 0., 1., 0., 0., 1.,
           1., 1.],
          [1., 1., 1., 1., 1., 0., 1., 0., 0., 1., 1., 1., 1., 1., 0., 1., 1.,
           1., 1.],
          [1., 1., 0., 1., 0., 0., 1., 0., 0., 0., 0., 1., 1., 1., 0., 1., 1.,
           0., 1.],
          [0., 1., 0., 0., 0., 1., 0., 0., 0., 0., 0., 1., 0., 1., 1., 1., 1.,
           0., 1.],
          [0., 1., 1., 0., 1., 1., 1., 1., 1., 0., 0., 0., 1., 0., 0., 0., 1.,
           1., 0.],
          [1., 1., 1., 0., 0., 0., 0., 1., 1., 0., 1., 0., 0., 0., 1., 0., 1.,
           0., 1.],
          [1., 1., 0., 0., 0., 0., 0., 0., 0., 0., 0., 0., 0., 1., 0., 1., 0.,
           1., 0.],
          [1., 0., 1., 1., 0., 0., 1., 1., 0., 1., 1., 1., 1., 1., 1., 0., 0.,
           0., 1.],
          [1., 0., 0., 0., 1., 1., 0., 1., 0., 1., 0., 1., 1., 0., 1., 0., 0.,
           1., 0.],
          [1., 1., 1., 1., 0., 0., 0., 1., 0., 1., 0., 1., 0., 0., 1., 1., 0.,
           0., 0.]]]], device='cuda:0'), tensor([[0.6722]], device='cuda:0'))
2026-01-08 16:53:47 - INFO - [-0.03836608  0.01586674  0.9169848  -0.23282027  0.91698486 -0.23282027
 -0.04201609  0.01920134]
2026-01-08 16:53:47 - INFO - (tensor([[[[0., 1., 1., 1., 1., 0., 1., 1., 0., 1., 0., 1., 1., 0., 1., 0., 0.,
           1., 0.],
          [1., 1., 1., 1., 1., 0., 1., 0., 1., 0., 0., 0., 0., 1., 0., 1., 0.,
           0., 0.],
          [1., 1., 1., 0., 1., 0., 1., 1., 0., 1., 0., 0., 0., 0., 1., 0., 0.,
           0., 1.],
          [1., 0., 0., 1., 0., 1., 0., 0., 1., 0., 1., 0., 1., 1., 1., 0., 0.,
           1., 0.],
          [1., 1., 0., 1., 1., 1., 1., 0., 1., 1., 1., 0., 0., 1., 1., 1., 0.,
           0., 0.],
          [1., 1., 1., 1., 1., 1., 0., 1., 0., 1., 1., 0., 0., 1., 0., 1., 1.,
           0., 1.],
          [1., 1., 1., 1., 1., 1., 1., 0., 1., 0., 1., 0., 1., 0., 0., 1., 1.,
           0., 0.],
          [0., 1., 1., 1., 0., 0., 1., 1., 0., 1., 0., 1., 0., 1., 1., 0., 0.,
           0., 1.],
          [0., 0., 0., 0., 0., 1., 0., 0., 0., 0., 0., 0., 1., 1., 0., 1., 1.,
           1., 1.],
          [1., 1., 0., 1., 1., 1., 0., 1., 1., 0., 0., 0., 0., 1., 0., 0., 1.,
           1., 1.],
          [1., 1., 1., 1., 1., 0., 1., 0., 0., 1., 1., 1., 1., 1., 0., 1., 1.,
           1., 1.],
          [1., 1., 0., 1., 0., 0., 1., 0., 0., 0., 0., 1., 1., 1., 0., 1., 1.,
           0., 1.],
          [0., 1., 0., 0., 0., 1., 0., 0., 0., 0., 0., 1., 0., 1., 1., 1., 1.,
           0., 1.],
          [0., 1., 1., 0., 1., 1., 1., 1., 1., 0., 0., 0., 1., 0., 0., 0., 1.,
           1., 0.],
          [1., 1., 1., 0., 0., 0., 0., 1., 1., 0., 1., 0., 0., 0., 1., 0., 1.,
           0., 1.],
          [1., 1., 0., 0., 0., 0., 0., 0., 0., 0., 0., 0., 0., 1., 0., 1., 0.,
           1., 0.],
          [1., 0., 1., 1., 0., 0., 1., 1., 0., 1., 1., 1., 1., 1., 1., 0., 0.,
           0., 1.],
          [1., 0., 0., 0., 1., 1., 0., 1., 0., 1., 0., 1., 1., 0., 1., 0., 0.,
           1., 0.],
          [1., 1., 1., 1., 0., 0., 0., 1., 0., 1., 0., 1., 0., 0., 1., 1., 0.,
           0., 0.]]]], device='cuda:0'), tensor([[0.6756]], device='cuda:0'))
2026-01-08 16:53:47 - INFO - [-0.03832043  0.01600241  0.91657543 -0.23412512  0.9165754  -0.23412511
 -0.04201629  0.01937036]
2026-01-08 16:53:47 - INFO - (tensor([[[[0., 1., 1., 1., 1., 0., 1., 1., 0., 1., 0., 1., 1., 0., 1., 0., 0.,
           1., 0.],
          [1., 1., 1., 1., 1., 0., 1., 0., 1., 0., 0., 0., 0., 1., 0., 1., 0.,
           0., 0.],
          [1., 1., 1., 0., 1., 0., 1., 1., 0., 1., 0., 0., 0., 0., 1., 0., 0.,
           0., 1.],
          [1., 0., 0., 1., 0., 1., 0., 0., 1., 0., 1., 0., 1., 1., 1., 0., 0.,
           1., 0.],
          [1., 1., 0., 1., 1., 1., 1., 0., 1., 1., 1., 0., 0., 1., 1., 1., 0.,
           0., 0.],
          [1., 1., 1., 1., 1., 1., 0., 1., 0., 1., 1., 0., 0., 1., 0., 1., 1.,
           0., 1.],
          [1., 1., 1., 1., 1., 1., 1., 0., 1., 0., 1., 0., 1., 0., 0., 1., 1.,
           0., 0.],
          [0., 1., 1., 1., 0., 0., 1., 1., 0., 1., 0., 1., 0., 1., 1., 0., 0.,
           0., 1.],
          [0., 0., 0., 0., 0., 1., 0., 0., 0., 0., 0., 0., 1., 1., 0., 1., 1.,
           1., 1.],
          [1., 1., 0., 1., 1., 1., 0., 1., 1., 0., 0., 0., 0., 1., 0., 0., 1.,
           1., 1.],
          [1., 1., 1., 1., 1., 0., 1., 0., 0., 1., 1., 1., 1., 1., 0., 1., 1.,
           1., 1.],
          [1., 1., 0., 1., 0., 0., 1., 0., 0., 0., 0., 1., 1., 1., 0., 1., 1.,
           0., 1.],
          [0., 1., 0., 0., 0., 1., 0., 0., 0., 0., 0., 1., 0., 1., 1., 1., 1.,
           0., 1.],
          [0., 1., 1., 0., 1., 1., 1., 1., 1., 0., 0., 0., 1., 0., 0., 0., 1.,
           1., 0.],
          [1., 1., 1., 0., 0., 0., 0., 1., 1., 0., 1., 0., 0., 0., 1., 0., 1.,
           0., 1.],
          [1., 1., 0., 0., 0., 0., 0., 0., 0., 0., 0., 0., 0., 1., 0., 1., 0.,
           1., 0.],
          [1., 0., 1., 1., 0., 0., 1., 1., 0., 1., 1., 1., 1., 1., 1., 0., 0.,
           0., 1.],
          [1., 0., 0., 0., 1., 1., 0., 1., 0., 1., 0., 1., 1., 0., 1., 0., 0.,
           1., 0.],
          [1., 1., 1., 1., 0., 0., 0., 1., 0., 1., 0., 1., 0., 0., 1., 1., 0.,
           0., 0.]]]], device='cuda:0'), tensor([[0.6789]], device='cuda:0'))
2026-01-08 16:53:47 - INFO - [-0.03832225  0.01603712  0.9162117  -0.23527737  0.9162117  -0.23527738
 -0.04208091  0.01945181]
2026-01-08 16:53:47 - INFO - (tensor([[[[0., 1., 1., 1., 1., 0., 1., 1., 0., 1., 0., 1., 1., 0., 1., 0., 0.,
           1., 0.],
          [1., 1., 1., 1., 1., 0., 1., 0., 1., 0., 0., 0., 0., 1., 0., 1., 0.,
           0., 0.],
          [1., 1., 1., 0., 1., 0., 1., 1., 0., 1., 0., 0., 0., 0., 1., 0., 0.,
           0., 1.],
          [1., 0., 0., 1., 0., 1., 0., 0., 1., 0., 1., 0., 1., 1., 1., 0., 0.,
           1., 0.],
          [1., 1., 0., 1., 1., 1., 1., 0., 1., 1., 1., 0., 0., 1., 1., 1., 0.,
           0., 0.],
          [1., 1., 1., 1., 1., 1., 0., 1., 0., 1., 1., 0., 0., 1., 0., 1., 1.,
           0., 1.],
          [1., 1., 1., 1., 1., 1., 1., 0., 1., 0., 1., 0., 1., 0., 0., 1., 1.,
           0., 0.],
          [0., 1., 1., 1., 0., 0., 1., 1., 0., 1., 0., 1., 0., 1., 1., 0., 0.,
           0., 1.],
          [0., 0., 0., 0., 0., 1., 0., 0., 0., 0., 0., 0., 1., 1., 0., 1., 1.,
           1., 1.],
          [1., 1., 0., 1., 1., 1., 0., 1., 1., 0., 0., 0., 0., 1., 0., 0., 1.,
           1., 1.],
          [1., 1., 1., 1., 1., 0., 1., 0., 0., 1., 1., 1., 1., 1., 0., 1., 1.,
           1., 1.],
          [1., 1., 0., 1., 0., 0., 1., 0., 0., 0., 0., 1., 1., 1., 0., 1., 1.,
           0., 1.],
          [0., 1., 0., 0., 0., 1., 0., 0., 0., 0., 0., 1., 0., 1., 1., 1., 1.,
           0., 1.],
          [0., 1., 1., 0., 1., 1., 1., 1., 1., 0., 0., 0., 1., 0., 0., 0., 1.,
           1., 0.],
          [1., 1., 1., 0., 0., 0., 0., 1., 1., 0., 1., 0., 0., 0., 1., 0., 1.,
           0., 1.],
          [1., 1., 0., 0., 0., 0., 0., 0., 0., 0., 0., 0., 0., 1., 0., 1., 0.,
           1., 0.],
          [1., 0., 1., 1., 0., 0., 1., 1., 0., 1., 1., 1., 1., 1., 1., 0., 0.,
           0., 1.],
          [1., 0., 0., 0., 1., 1., 0., 1., 0., 1., 0., 1., 1., 0., 1., 0., 0.,
           1., 0.],
          [1., 1., 1., 1., 0., 0., 0., 1., 0., 1., 0., 1., 0., 0., 1., 1., 0.,
           0., 0.]]]], device='cuda:0'), tensor([[0.6823]], device='cuda:0'))
2026-01-08 16:53:47 - INFO - [-0.03832528  0.01600519  0.916038   -0.23593092  0.916038   -0.2359309
 -0.04214695  0.01946345]
2026-01-08 16:53:47 - INFO - (tensor([[[[0., 1., 1., 1., 1., 0., 1., 1., 0., 1., 0., 1., 1., 0., 1., 0., 0.,
           1., 0.],
          [1., 1., 1., 1., 1., 0., 1., 0., 1., 0., 0., 0., 0., 1., 0., 1., 0.,
           0., 0.],
          [1., 1., 1., 0., 1., 0., 1., 1., 0., 1., 0., 0., 0., 0., 1., 0., 0.,
           0., 1.],
          [1., 0., 0., 1., 0., 1., 0., 0., 1., 0., 1., 0., 1., 1., 1., 0., 0.,
           1., 0.],
          [1., 1., 0., 1., 1., 1., 1., 0., 1., 1., 1., 0., 0., 1., 1., 1., 0.,
           0., 0.],
          [1., 1., 1., 1., 1., 1., 0., 1., 0., 1., 1., 0., 0., 1., 0., 1., 1.,
           0., 1.],
          [1., 1., 1., 1., 1., 1., 1., 0., 1., 0., 1., 0., 1., 0., 0., 1., 1.,
           0., 0.],
          [0., 1., 1., 1., 0., 0., 1., 1., 0., 1., 0., 1., 0., 1., 1., 0., 0.,
           0., 1.],
          [0., 0., 0., 0., 0., 1., 0., 0., 0., 0., 0., 0., 1., 1., 0., 1., 1.,
           1., 1.],
          [1., 1., 0., 1., 1., 1., 0., 1., 1., 0., 0., 0., 0., 1., 0., 0., 1.,
           1., 1.],
          [1., 1., 1., 1., 1., 0., 1., 0., 0., 1., 1., 1., 1., 1., 0., 1., 1.,
           1., 1.],
          [1., 1., 0., 1., 0., 0., 1., 0., 0., 0., 0., 1., 1., 1., 0., 1., 1.,
           0., 1.],
          [0., 1., 0., 0., 0., 1., 0., 0., 0., 0., 0., 1., 0., 1., 1., 1., 1.,
           0., 1.],
          [0., 1., 1., 0., 1., 1., 1., 1., 1., 0., 0., 0., 1., 0., 0., 0., 1.,
           1., 0.],
          [1., 1., 1., 0., 0., 0., 0., 1., 1., 0., 1., 0., 0., 0., 1., 0., 1.,
           0., 1.],
          [1., 1., 0., 0., 0., 0., 0., 0., 0., 0., 0., 0., 0., 1., 0., 1., 0.,
           1., 0.],
          [1., 0., 1., 1., 0., 0., 1., 1., 0., 1., 1., 1., 1., 1., 1., 0., 0.,
           0., 1.],
          [1., 0., 0., 0., 1., 1., 0., 1., 0., 1., 0., 1., 1., 0., 1., 0., 0.,
           1., 0.],
          [1., 1., 1., 1., 0., 0., 0., 1., 0., 1., 0., 1., 0., 0., 1., 1., 0.,
           0., 0.]]]], device='cuda:0'), tensor([[0.6856]], device='cuda:0'))
2026-01-08 16:53:47 - INFO - [-0.03832629  0.01597448  0.9158641  -0.23658729  0.91586405 -0.23658729
 -0.04221233  0.01947809]
2026-01-08 16:53:47 - INFO - (tensor([[[[0., 1., 1., 1., 1., 0., 1., 1., 0., 1., 0., 1., 1., 0., 1., 0., 0.,
           1., 0.],
          [1., 1., 1., 1., 1., 0., 1., 0., 1., 0., 0., 0., 0., 1., 0., 1., 0.,
           0., 0.],
          [1., 1., 1., 0., 1., 0., 1., 1., 0., 1., 0., 0., 0., 0., 1., 0., 0.,
           0., 1.],
          [1., 0., 0., 1., 0., 1., 0., 0., 1., 0., 1., 0., 1., 1., 1., 0., 0.,
           1., 0.],
          [1., 1., 0., 1., 1., 1., 1., 0., 1., 1., 1., 0., 0., 1., 1., 1., 0.,
           0., 0.],
          [1., 1., 1., 1., 1., 1., 0., 1., 0., 1., 1., 0., 0., 1., 0., 1., 1.,
           0., 1.],
          [1., 1., 1., 1., 1., 1., 1., 0., 1., 0., 1., 0., 1., 0., 0., 1., 1.,
           0., 0.],
          [0., 1., 1., 1., 0., 0., 1., 1., 0., 1., 0., 1., 0., 1., 1., 0., 0.,
           0., 1.],
          [0., 0., 0., 0., 0., 1., 0., 0., 0., 0., 0., 0., 1., 1., 0., 1., 1.,
           1., 1.],
          [1., 1., 0., 1., 1., 1., 0., 1., 1., 0., 0., 0., 0., 1., 0., 0., 1.,
           1., 1.],
          [1., 1., 1., 1., 1., 0., 1., 0., 0., 1., 1., 1., 1., 1., 0., 1., 1.,
           1., 1.],
          [1., 1., 0., 1., 0., 0., 1., 0., 0., 0., 0., 1., 1., 1., 0., 1., 1.,
           0., 1.],
          [0., 1., 0., 0., 0., 1., 0., 0., 0., 0., 0., 1., 0., 1., 1., 1., 1.,
           0., 1.],
          [0., 1., 1., 0., 1., 1., 1., 1., 1., 0., 0., 0., 1., 0., 0., 0., 1.,
           1., 0.],
          [1., 1., 1., 0., 0., 0., 0., 1., 1., 0., 1., 0., 0., 0., 1., 0., 1.,
           0., 1.],
          [1., 1., 0., 0., 0., 0., 0., 0., 0., 0., 0., 0., 0., 1., 0., 1., 0.,
           1., 0.],
          [1., 0., 1., 1., 0., 0., 1., 1., 0., 1., 1., 1., 1., 1., 1., 0., 0.,
           0., 1.],
          [1., 0., 0., 0., 1., 1., 0., 1., 0., 1., 0., 1., 1., 0., 1., 0., 0.,
           1., 0.],
          [1., 1., 1., 1., 0., 0., 0., 1., 0., 1., 0., 1., 0., 0., 1., 1., 0.,
           0., 0.]]]], device='cuda:0'), tensor([[0.6890]], device='cuda:0'))
2026-01-08 16:53:47 - INFO - [-0.03826446  0.01602504  0.9156561  -0.23748422  0.9156561  -0.2374842
 -0.04222824  0.01956946]
2026-01-08 16:53:47 - INFO - (tensor([[[[0., 1., 1., 1., 1., 0., 1., 1., 0., 1., 0., 1., 1., 0., 1., 0., 0.,
           1., 0.],
          [1., 1., 1., 1., 1., 0., 1., 0., 1., 0., 0., 0., 0., 1., 0., 1., 0.,
           0., 0.],
          [1., 1., 1., 0., 1., 0., 1., 1., 0., 1., 0., 0., 0., 0., 1., 0., 0.,
           0., 1.],
          [1., 0., 0., 1., 0., 1., 0., 0., 1., 0., 1., 0., 1., 1., 1., 0., 0.,
           1., 0.],
          [1., 1., 0., 1., 1., 1., 1., 0., 1., 1., 1., 0., 0., 1., 1., 1., 0.,
           0., 0.],
          [1., 1., 1., 1., 1., 1., 0., 1., 0., 1., 1., 0., 0., 1., 0., 1., 1.,
           0., 1.],
          [1., 1., 1., 1., 1., 1., 1., 0., 1., 0., 1., 0., 1., 0., 0., 1., 1.,
           0., 0.],
          [0., 1., 1., 1., 0., 0., 1., 1., 0., 1., 0., 1., 0., 1., 1., 0., 0.,
           0., 1.],
          [0., 0., 0., 0., 0., 1., 0., 0., 0., 0., 0., 0., 1., 1., 0., 1., 1.,
           1., 1.],
          [1., 1., 0., 1., 1., 1., 0., 1., 1., 0., 0., 0., 0., 1., 0., 0., 1.,
           1., 1.],
          [1., 1., 1., 1., 1., 0., 1., 0., 0., 1., 1., 1., 1., 1., 0., 1., 1.,
           1., 1.],
          [1., 1., 0., 1., 0., 0., 1., 0., 0., 0., 0., 1., 1., 1., 0., 1., 1.,
           0., 1.],
          [0., 1., 0., 0., 0., 1., 0., 0., 0., 0., 0., 1., 0., 1., 1., 1., 1.,
           0., 1.],
          [0., 1., 1., 0., 1., 1., 1., 1., 1., 0., 0., 0., 1., 0., 0., 0., 1.,
           1., 0.],
          [1., 1., 1., 0., 0., 0., 0., 1., 1., 0., 1., 0., 0., 0., 1., 0., 1.,
           0., 1.],
          [1., 1., 0., 0., 0., 0., 0., 0., 0., 0., 0., 0., 0., 1., 0., 1., 0.,
           1., 0.],
          [1., 0., 1., 1., 0., 0., 1., 1., 0., 1., 1., 1., 1., 1., 1., 0., 0.,
           0., 1.],
          [1., 0., 0., 0., 1., 1., 0., 1., 0., 1., 0., 1., 1., 0., 1., 0., 0.,
           1., 0.],
          [1., 1., 1., 1., 0., 0., 0., 1., 0., 1., 0., 1., 0., 0., 1., 1., 0.,
           0., 0.]]]], device='cuda:0'), tensor([[0.6923]], device='cuda:0'))
2026-01-08 16:53:47 - INFO - [-0.03816876  0.016126    0.91542846 -0.23852427  0.91542846 -0.23852426
 -0.04221118  0.01970148]
2026-01-08 16:53:47 - INFO - (tensor([[[[0., 1., 1., 1., 1., 0., 1., 1., 0., 1., 0., 1., 1., 0., 1., 0., 0.,
           1., 0.],
          [1., 1., 1., 1., 1., 0., 1., 0., 1., 0., 0., 0., 0., 1., 0., 1., 0.,
           0., 0.],
          [1., 1., 1., 0., 1., 0., 1., 1., 0., 1., 0., 0., 0., 0., 1., 0., 0.,
           0., 1.],
          [1., 0., 0., 1., 0., 1., 0., 0., 1., 0., 1., 0., 1., 1., 1., 0., 0.,
           1., 0.],
          [1., 1., 0., 1., 1., 1., 1., 0., 1., 1., 1., 0., 0., 1., 1., 1., 0.,
           0., 0.],
          [1., 1., 1., 1., 1., 1., 0., 1., 0., 1., 1., 0., 0., 1., 0., 1., 1.,
           0., 1.],
          [1., 1., 1., 1., 1., 1., 1., 0., 1., 0., 1., 0., 1., 0., 0., 1., 1.,
           0., 0.],
          [0., 1., 1., 1., 0., 0., 1., 1., 0., 1., 0., 1., 0., 1., 1., 0., 0.,
           0., 1.],
          [0., 0., 0., 0., 0., 1., 0., 0., 0., 0., 0., 0., 1., 1., 0., 1., 1.,
           1., 1.],
          [1., 1., 0., 1., 1., 1., 0., 1., 1., 0., 0., 0., 0., 1., 0., 0., 1.,
           1., 1.],
          [1., 1., 1., 1., 1., 0., 1., 0., 0., 1., 1., 1., 1., 1., 0., 1., 1.,
           1., 1.],
          [1., 1., 0., 1., 0., 0., 1., 0., 0., 0., 0., 1., 1., 1., 0., 1., 1.,
           0., 1.],
          [0., 1., 0., 0., 0., 1., 0., 0., 0., 0., 0., 1., 0., 1., 1., 1., 1.,
           0., 1.],
          [0., 1., 1., 0., 1., 1., 1., 1., 1., 0., 0., 0., 1., 0., 0., 0., 1.,
           1., 0.],
          [1., 1., 1., 0., 0., 0., 0., 1., 1., 0., 1., 0., 0., 0., 1., 0., 1.,
           0., 1.],
          [1., 1., 0., 0., 0., 0., 0., 0., 0., 0., 0., 0., 0., 1., 0., 1., 0.,
           1., 0.],
          [1., 0., 1., 1., 0., 0., 1., 1., 0., 1., 1., 1., 1., 1., 1., 0., 0.,
           0., 1.],
          [1., 0., 0., 0., 1., 1., 0., 1., 0., 1., 0., 1., 1., 0., 1., 0., 0.,
           1., 0.],
          [1., 1., 1., 1., 0., 0., 0., 1., 0., 1., 0., 1., 0., 0., 1., 1., 0.,
           0., 0.]]]], device='cuda:0'), tensor([[0.6957]], device='cuda:0'))
2026-01-08 16:53:47 - INFO - [-0.03807316  0.01622742  0.915199   -0.23956008  0.915199   -0.23956011
 -0.04219354  0.01983499]
2026-01-08 16:53:47 - INFO - (tensor([[[[0., 1., 1., 1., 1., 0., 1., 1., 0., 1., 0., 1., 1., 0., 1., 0., 0.,
           1., 0.],
          [1., 1., 1., 1., 1., 0., 1., 0., 1., 0., 0., 0., 0., 1., 0., 1., 0.,
           0., 0.],
          [1., 1., 1., 0., 1., 0., 1., 1., 0., 1., 0., 0., 0., 0., 1., 0., 0.,
           0., 1.],
          [1., 0., 0., 1., 0., 1., 0., 0., 1., 0., 1., 0., 1., 1., 1., 0., 0.,
           1., 0.],
          [1., 1., 0., 1., 1., 1., 1., 0., 1., 1., 1., 0., 0., 1., 1., 1., 0.,
           0., 0.],
          [1., 1., 1., 1., 1., 1., 0., 1., 0., 1., 1., 0., 0., 1., 0., 1., 1.,
           0., 1.],
          [1., 1., 1., 1., 1., 1., 1., 0., 1., 0., 1., 0., 1., 0., 0., 1., 1.,
           0., 0.],
          [0., 1., 1., 1., 0., 0., 1., 1., 0., 1., 0., 1., 0., 1., 1., 0., 0.,
           0., 1.],
          [0., 0., 0., 0., 0., 1., 0., 0., 0., 0., 0., 0., 1., 1., 0., 1., 1.,
           1., 1.],
          [1., 1., 0., 1., 1., 1., 0., 1., 1., 0., 0., 0., 0., 1., 0., 0., 1.,
           1., 1.],
          [1., 1., 1., 1., 1., 0., 1., 0., 0., 1., 1., 1., 1., 1., 0., 1., 1.,
           1., 1.],
          [1., 1., 0., 1., 0., 0., 1., 0., 0., 0., 0., 1., 1., 1., 0., 1., 1.,
           0., 1.],
          [0., 1., 0., 0., 0., 1., 0., 0., 0., 0., 0., 1., 0., 1., 1., 1., 1.,
           0., 1.],
          [0., 1., 1., 0., 1., 1., 1., 1., 1., 0., 0., 0., 1., 0., 0., 0., 1.,
           1., 0.],
          [1., 1., 1., 0., 0., 0., 0., 1., 1., 0., 1., 0., 0., 0., 1., 0., 1.,
           0., 1.],
          [1., 1., 0., 0., 0., 0., 0., 0., 0., 0., 0., 0., 0., 1., 0., 1., 0.,
           1., 0.],
          [1., 0., 1., 1., 0., 0., 1., 1., 0., 1., 1., 1., 1., 1., 1., 0., 0.,
           0., 1.],
          [1., 0., 0., 0., 1., 1., 0., 1., 0., 1., 0., 1., 1., 0., 1., 0., 0.,
           1., 0.],
          [1., 1., 1., 1., 0., 0., 0., 1., 0., 1., 0., 1., 0., 0., 1., 1., 0.,
           0., 0.]]]], device='cuda:0'), tensor([[0.6990]], device='cuda:0'))
2026-01-08 16:53:47 - INFO - [-0.03797157  0.01635767  0.9149297  -0.24068572  0.9149297  -0.24068572
 -0.04217009  0.01999529]
2026-01-08 16:53:47 - INFO - (tensor([[[[0., 1., 1., 1., 1., 0., 1., 1., 0., 1., 0., 1., 1., 0., 1., 0., 0.,
           1., 0.],
          [1., 1., 1., 1., 1., 0., 1., 0., 1., 0., 0., 0., 0., 1., 0., 1., 0.,
           0., 0.],
          [1., 1., 1., 0., 1., 0., 1., 1., 0., 1., 0., 0., 0., 0., 1., 0., 0.,
           0., 1.],
          [1., 0., 0., 1., 0., 1., 0., 0., 1., 0., 1., 0., 1., 1., 1., 0., 0.,
           1., 0.],
          [1., 1., 0., 1., 1., 1., 1., 0., 1., 1., 1., 0., 0., 1., 1., 1., 0.,
           0., 0.],
          [1., 1., 1., 1., 1., 1., 0., 1., 0., 1., 1., 0., 0., 1., 0., 1., 1.,
           0., 1.],
          [1., 1., 1., 1., 1., 1., 1., 0., 1., 0., 1., 0., 1., 0., 0., 1., 1.,
           0., 0.],
          [0., 1., 1., 1., 0., 0., 1., 1., 0., 1., 0., 1., 0., 1., 1., 0., 0.,
           0., 1.],
          [0., 0., 0., 0., 0., 1., 0., 0., 0., 0., 0., 0., 1., 1., 0., 1., 1.,
           1., 1.],
          [1., 1., 0., 1., 1., 1., 0., 1., 1., 0., 0., 0., 0., 1., 0., 0., 1.,
           1., 1.],
          [1., 1., 1., 1., 1., 0., 1., 0., 0., 1., 1., 1., 1., 1., 0., 1., 1.,
           1., 1.],
          [1., 1., 0., 1., 0., 0., 1., 0., 0., 0., 0., 1., 1., 1., 0., 1., 1.,
           0., 1.],
          [0., 1., 0., 0., 0., 1., 0., 0., 0., 0., 0., 1., 0., 1., 1., 1., 1.,
           0., 1.],
          [0., 1., 1., 0., 1., 1., 1., 1., 1., 0., 0., 0., 1., 0., 0., 0., 1.,
           1., 0.],
          [1., 1., 1., 0., 0., 0., 0., 1., 1., 0., 1., 0., 0., 0., 1., 0., 1.,
           0., 1.],
          [1., 1., 0., 0., 0., 0., 0., 0., 0., 0., 0., 0., 0., 1., 0., 1., 0.,
           1., 0.],
          [1., 0., 1., 1., 0., 0., 1., 1., 0., 1., 1., 1., 1., 1., 1., 0., 0.,
           0., 1.],
          [1., 0., 0., 0., 1., 1., 0., 1., 0., 1., 0., 1., 1., 0., 1., 0., 0.,
           1., 0.],
          [1., 1., 1., 1., 0., 0., 0., 1., 0., 1., 0., 1., 0., 0., 1., 1., 0.,
           0., 0.]]]], device='cuda:0'), tensor([[0.7023]], device='cuda:0'))
2026-01-08 16:53:47 - INFO - [-0.03786063  0.01653482  0.914597   -0.2419584   0.914597   -0.24195838
 -0.0421395   0.02020054]
2026-01-08 16:53:47 - INFO - (tensor([[[[0., 1., 1., 1., 1., 0., 1., 1., 0., 1., 0., 1., 1., 0., 1., 0., 0.,
           1., 0.],
          [1., 1., 1., 1., 1., 0., 1., 0., 1., 0., 0., 0., 0., 1., 0., 1., 0.,
           0., 0.],
          [1., 1., 1., 0., 1., 0., 1., 1., 0., 1., 0., 0., 0., 0., 1., 0., 0.,
           0., 1.],
          [1., 0., 0., 1., 0., 1., 0., 0., 1., 0., 1., 0., 1., 1., 1., 0., 0.,
           1., 0.],
          [1., 1., 0., 1., 1., 1., 1., 0., 1., 1., 1., 0., 0., 1., 1., 1., 0.,
           0., 0.],
          [1., 1., 1., 1., 1., 1., 0., 1., 0., 1., 1., 0., 0., 1., 0., 1., 1.,
           0., 1.],
          [1., 1., 1., 1., 1., 1., 1., 0., 1., 0., 1., 0., 1., 0., 0., 1., 1.,
           0., 0.],
          [0., 1., 1., 1., 0., 0., 1., 1., 0., 1., 0., 1., 0., 1., 1., 0., 0.,
           0., 1.],
          [0., 0., 0., 0., 0., 1., 0., 0., 0., 0., 0., 0., 1., 1., 0., 1., 1.,
           1., 1.],
          [1., 1., 0., 1., 1., 1., 0., 1., 1., 0., 0., 0., 0., 1., 0., 0., 1.,
           1., 1.],
          [1., 1., 1., 1., 1., 0., 1., 0., 0., 1., 1., 1., 1., 1., 0., 1., 1.,
           1., 1.],
          [1., 1., 0., 1., 0., 0., 1., 0., 0., 0., 0., 1., 1., 1., 0., 1., 1.,
           0., 1.],
          [0., 1., 0., 0., 0., 1., 0., 0., 0., 0., 0., 1., 0., 1., 1., 1., 1.,
           0., 1.],
          [0., 1., 1., 0., 1., 1., 1., 1., 1., 0., 0., 0., 1., 0., 0., 0., 1.,
           1., 0.],
          [1., 1., 1., 0., 0., 0., 0., 1., 1., 0., 1., 0., 0., 0., 1., 0., 1.,
           0., 1.],
          [1., 1., 0., 0., 0., 0., 0., 0., 0., 0., 0., 0., 0., 1., 0., 1., 0.,
           1., 0.],
          [1., 0., 1., 1., 0., 0., 1., 1., 0., 1., 1., 1., 1., 1., 1., 0., 0.,
           0., 1.],
          [1., 0., 0., 0., 1., 1., 0., 1., 0., 1., 0., 1., 1., 0., 1., 0., 0.,
           1., 0.],
          [1., 1., 1., 1., 0., 0., 0., 1., 0., 1., 0., 1., 0., 0., 1., 1., 0.,
           0., 0.]]]], device='cuda:0'), tensor([[0.7057]], device='cuda:0'))
2026-01-08 16:53:47 - INFO - [-0.03775937  0.01669766  0.9142764  -0.24317417  0.9142765  -0.24317418
 -0.04211414  0.020392  ]
2026-01-08 16:53:47 - INFO - (tensor([[[[0., 1., 1., 1., 1., 0., 1., 1., 0., 1., 0., 1., 1., 0., 1., 0., 0.,
           1., 0.],
          [1., 1., 1., 1., 1., 0., 1., 0., 1., 0., 0., 0., 0., 1., 0., 1., 0.,
           0., 0.],
          [1., 1., 1., 0., 1., 0., 1., 1., 0., 1., 0., 0., 0., 0., 1., 0., 0.,
           0., 1.],
          [1., 0., 0., 1., 0., 1., 0., 0., 1., 0., 1., 0., 1., 1., 1., 0., 0.,
           1., 0.],
          [1., 1., 0., 1., 1., 1., 1., 0., 1., 1., 1., 0., 0., 1., 1., 1., 0.,
           0., 0.],
          [1., 1., 1., 1., 1., 1., 0., 1., 0., 1., 1., 0., 0., 1., 0., 1., 1.,
           0., 1.],
          [1., 1., 1., 1., 1., 1., 1., 0., 1., 0., 1., 0., 1., 0., 0., 1., 1.,
           0., 0.],
          [0., 1., 1., 1., 0., 0., 1., 1., 0., 1., 0., 1., 0., 1., 1., 0., 0.,
           0., 1.],
          [0., 0., 0., 0., 0., 1., 0., 0., 0., 0., 0., 0., 1., 1., 0., 1., 1.,
           1., 1.],
          [1., 1., 0., 1., 1., 1., 0., 1., 1., 0., 0., 0., 0., 1., 0., 0., 1.,
           1., 1.],
          [1., 1., 1., 1., 1., 0., 1., 0., 0., 1., 1., 1., 1., 1., 0., 1., 1.,
           1., 1.],
          [1., 1., 0., 1., 0., 0., 1., 0., 0., 0., 0., 1., 1., 1., 0., 1., 1.,
           0., 1.],
          [0., 1., 0., 0., 0., 1., 0., 0., 0., 0., 0., 1., 0., 1., 1., 1., 1.,
           0., 1.],
          [0., 1., 1., 0., 1., 1., 1., 1., 1., 0., 0., 0., 1., 0., 0., 0., 1.,
           1., 0.],
          [1., 1., 1., 0., 0., 0., 0., 1., 1., 0., 1., 0., 0., 0., 1., 0., 1.,
           0., 1.],
          [1., 1., 0., 0., 0., 0., 0., 0., 0., 0., 0., 0., 0., 1., 0., 1., 0.,
           1., 0.],
          [1., 0., 1., 1., 0., 0., 1., 1., 0., 1., 1., 1., 1., 1., 1., 0., 0.,
           0., 1.],
          [1., 0., 0., 0., 1., 1., 0., 1., 0., 1., 0., 1., 1., 0., 1., 0., 0.,
           1., 0.],
          [1., 1., 1., 1., 0., 0., 0., 1., 0., 1., 0., 1., 0., 0., 1., 1., 0.,
           0., 0.]]]], device='cuda:0'), tensor([[0.7090]], device='cuda:0'))
2026-01-08 16:53:47 - INFO - [-0.03766546  0.01685097  0.9139649  -0.24432375  0.9139649  -0.24432373
 -0.04209466  0.02057485]
2026-01-08 16:53:47 - INFO - (tensor([[[[0., 1., 1., 1., 1., 0., 1., 1., 0., 1., 0., 1., 1., 0., 1., 0., 0.,
           1., 0.],
          [1., 1., 1., 1., 1., 0., 1., 0., 1., 0., 0., 0., 0., 1., 0., 1., 0.,
           0., 0.],
          [1., 1., 1., 0., 1., 0., 1., 1., 0., 1., 0., 0., 0., 0., 1., 0., 0.,
           0., 1.],
          [1., 0., 0., 1., 0., 1., 0., 0., 1., 0., 1., 0., 1., 1., 1., 0., 0.,
           1., 0.],
          [1., 1., 0., 1., 1., 1., 1., 0., 1., 1., 1., 0., 0., 1., 1., 1., 0.,
           0., 0.],
          [1., 1., 1., 1., 1., 1., 0., 1., 0., 1., 1., 0., 0., 1., 0., 1., 1.,
           0., 1.],
          [1., 1., 1., 1., 1., 1., 1., 0., 1., 0., 1., 0., 1., 0., 0., 1., 1.,
           0., 0.],
          [0., 1., 1., 1., 0., 0., 1., 1., 0., 1., 0., 1., 0., 1., 1., 0., 0.,
           0., 1.],
          [0., 0., 0., 0., 0., 1., 0., 0., 0., 0., 0., 0., 1., 1., 0., 1., 1.,
           1., 1.],
          [1., 1., 0., 1., 1., 1., 0., 1., 1., 0., 0., 0., 0., 1., 0., 0., 1.,
           1., 1.],
          [1., 1., 1., 1., 1., 0., 1., 0., 0., 1., 1., 1., 1., 1., 0., 1., 1.,
           1., 1.],
          [1., 1., 0., 1., 0., 0., 1., 0., 0., 0., 0., 1., 1., 1., 0., 1., 1.,
           0., 1.],
          [0., 1., 0., 0., 0., 1., 0., 0., 0., 0., 0., 1., 0., 1., 1., 1., 1.,
           0., 1.],
          [0., 1., 1., 0., 1., 1., 1., 1., 1., 0., 0., 0., 1., 0., 0., 0., 1.,
           1., 0.],
          [1., 1., 1., 0., 0., 0., 0., 1., 1., 0., 1., 0., 0., 0., 1., 0., 1.,
           0., 1.],
          [1., 1., 0., 0., 0., 0., 0., 0., 0., 0., 0., 0., 0., 1., 0., 1., 0.,
           1., 0.],
          [1., 0., 1., 1., 0., 0., 1., 1., 0., 1., 1., 1., 1., 1., 1., 0., 0.,
           0., 1.],
          [1., 0., 0., 0., 1., 1., 0., 1., 0., 1., 0., 1., 1., 0., 1., 0., 0.,
           1., 0.],
          [1., 1., 1., 1., 0., 0., 0., 1., 0., 1., 0., 1., 0., 0., 1., 1., 0.,
           0., 0.]]]], device='cuda:0'), tensor([[0.7124]], device='cuda:0'))
2026-01-08 16:53:47 - INFO - [-0.03757378  0.01700676  0.91365176 -0.24541815  0.91365176 -0.24541815
 -0.04207976  0.02076737]
2026-01-08 16:53:47 - INFO - (tensor([[[[0., 1., 1., 1., 1., 0., 1., 1., 0., 1., 0., 1., 1., 0., 1., 0., 0.,
           1., 0.],
          [1., 1., 1., 1., 1., 0., 1., 0., 1., 0., 0., 0., 0., 1., 0., 1., 0.,
           0., 0.],
          [1., 1., 1., 0., 1., 0., 1., 1., 0., 1., 0., 0., 0., 0., 1., 0., 0.,
           0., 1.],
          [1., 0., 0., 1., 0., 1., 0., 0., 1., 0., 1., 0., 1., 1., 1., 0., 0.,
           1., 0.],
          [1., 1., 0., 1., 1., 1., 1., 0., 1., 1., 1., 0., 0., 1., 1., 1., 0.,
           0., 0.],
          [1., 1., 1., 1., 1., 1., 0., 1., 0., 1., 1., 0., 0., 1., 0., 1., 1.,
           0., 1.],
          [1., 1., 1., 1., 1., 1., 1., 0., 1., 0., 1., 0., 1., 0., 0., 1., 1.,
           0., 0.],
          [0., 1., 1., 1., 0., 0., 1., 1., 0., 1., 0., 1., 0., 1., 1., 0., 0.,
           0., 1.],
          [0., 0., 0., 0., 0., 1., 0., 0., 0., 0., 0., 0., 1., 1., 0., 1., 1.,
           1., 1.],
          [1., 1., 0., 1., 1., 1., 0., 1., 1., 0., 0., 0., 0., 1., 0., 0., 1.,
           1., 1.],
          [1., 1., 1., 1., 1., 0., 1., 0., 0., 1., 1., 1., 1., 1., 0., 1., 1.,
           1., 1.],
          [1., 1., 0., 1., 0., 0., 1., 0., 0., 0., 0., 1., 1., 1., 0., 1., 1.,
           0., 1.],
          [0., 1., 0., 0., 0., 1., 0., 0., 0., 0., 0., 1., 0., 1., 1., 1., 1.,
           0., 1.],
          [0., 1., 1., 0., 1., 1., 1., 1., 1., 0., 0., 0., 1., 0., 0., 0., 1.,
           1., 0.],
          [1., 1., 1., 0., 0., 0., 0., 1., 1., 0., 1., 0., 0., 0., 1., 0., 1.,
           0., 1.],
          [1., 1., 0., 0., 0., 0., 0., 0., 0., 0., 0., 0., 0., 1., 0., 1., 0.,
           1., 0.],
          [1., 0., 1., 1., 0., 0., 1., 1., 0., 1., 1., 1., 1., 1., 1., 0., 0.,
           0., 1.],
          [1., 0., 0., 0., 1., 1., 0., 1., 0., 1., 0., 1., 1., 0., 1., 0., 0.,
           1., 0.],
          [1., 1., 1., 1., 0., 0., 0., 1., 0., 1., 0., 1., 0., 0., 1., 1., 0.,
           0., 0.]]]], device='cuda:0'), tensor([[0.7157]], device='cuda:0'))
2026-01-08 16:53:47 - INFO - [-0.0374947   0.0171592   0.913348   -0.2464678   0.91334796 -0.24646777
 -0.04205998  0.02094334]
2026-01-08 16:53:47 - INFO - (tensor([[[[0., 1., 1., 1., 1., 0., 1., 1., 0., 1., 0., 1., 1., 0., 1., 0., 0.,
           1., 0.],
          [1., 1., 1., 1., 1., 0., 1., 0., 1., 0., 0., 0., 0., 1., 0., 1., 0.,
           0., 0.],
          [1., 1., 1., 0., 1., 0., 1., 1., 0., 1., 0., 0., 0., 0., 1., 0., 0.,
           0., 1.],
          [1., 0., 0., 1., 0., 1., 0., 0., 1., 0., 1., 0., 1., 1., 1., 0., 0.,
           1., 0.],
          [1., 1., 0., 1., 1., 1., 1., 0., 1., 1., 1., 0., 0., 1., 1., 1., 0.,
           0., 0.],
          [1., 1., 1., 1., 1., 1., 0., 1., 0., 1., 1., 0., 0., 1., 0., 1., 1.,
           0., 1.],
          [1., 1., 1., 1., 1., 1., 1., 0., 1., 0., 1., 0., 1., 0., 0., 1., 1.,
           0., 0.],
          [0., 1., 1., 1., 0., 0., 1., 1., 0., 1., 0., 1., 0., 1., 1., 0., 0.,
           0., 1.],
          [0., 0., 0., 0., 0., 1., 0., 0., 0., 0., 0., 0., 1., 1., 0., 1., 1.,
           1., 1.],
          [1., 1., 0., 1., 1., 1., 0., 1., 1., 0., 0., 0., 0., 1., 0., 0., 1.,
           1., 1.],
          [1., 1., 1., 1., 1., 0., 1., 0., 0., 1., 1., 1., 1., 1., 0., 1., 1.,
           1., 1.],
          [1., 1., 0., 1., 0., 0., 1., 0., 0., 0., 0., 1., 1., 1., 0., 1., 1.,
           0., 1.],
          [0., 1., 0., 0., 0., 1., 0., 0., 0., 0., 0., 1., 0., 1., 1., 1., 1.,
           0., 1.],
          [0., 1., 1., 0., 1., 1., 1., 1., 1., 0., 0., 0., 1., 0., 0., 0., 1.,
           1., 0.],
          [1., 1., 1., 0., 0., 0., 0., 1., 1., 0., 1., 0., 0., 0., 1., 0., 1.,
           0., 1.],
          [1., 1., 0., 0., 0., 0., 0., 0., 0., 0., 0., 0., 0., 1., 0., 1., 0.,
           1., 0.],
          [1., 0., 1., 1., 0., 0., 1., 1., 0., 1., 1., 1., 1., 1., 1., 0., 0.,
           0., 1.],
          [1., 0., 0., 0., 1., 1., 0., 1., 0., 1., 0., 1., 1., 0., 1., 0., 0.,
           1., 0.],
          [1., 1., 1., 1., 0., 0., 0., 1., 0., 1., 0., 1., 0., 0., 1., 1., 0.,
           0., 0.]]]], device='cuda:0'), tensor([[0.7191]], device='cuda:0'))
2026-01-08 16:53:47 - INFO - [-0.03742357  0.01729652  0.91305125 -0.24740529  0.91305125 -0.24740526
 -0.04204139  0.02111027]
2026-01-08 16:53:47 - INFO - (tensor([[[[0., 1., 1., 1., 1., 0., 1., 1., 0., 1., 0., 1., 1., 0., 1., 0., 0.,
           1., 0.],
          [1., 1., 1., 1., 1., 0., 1., 0., 1., 0., 0., 0., 0., 1., 0., 1., 0.,
           0., 0.],
          [1., 1., 1., 0., 1., 0., 1., 1., 0., 1., 0., 0., 0., 0., 1., 0., 0.,
           0., 1.],
          [1., 0., 0., 1., 0., 1., 0., 0., 1., 0., 1., 0., 1., 1., 1., 0., 0.,
           1., 0.],
          [1., 1., 0., 1., 1., 1., 1., 0., 1., 1., 1., 0., 0., 1., 1., 1., 0.,
           0., 0.],
          [1., 1., 1., 1., 1., 1., 0., 1., 0., 1., 1., 0., 0., 1., 0., 1., 1.,
           0., 1.],
          [1., 1., 1., 1., 1., 1., 1., 0., 1., 0., 1., 0., 1., 0., 0., 1., 1.,
           0., 0.],
          [0., 1., 1., 1., 0., 0., 1., 1., 0., 1., 0., 1., 0., 1., 1., 0., 0.,
           0., 1.],
          [0., 0., 0., 0., 0., 1., 0., 0., 0., 0., 0., 0., 1., 1., 0., 1., 1.,
           1., 1.],
          [1., 1., 0., 1., 1., 1., 0., 1., 1., 0., 0., 0., 0., 1., 0., 0., 1.,
           1., 1.],
          [1., 1., 1., 1., 1., 0., 1., 0., 0., 1., 1., 1., 1., 1., 0., 1., 1.,
           1., 1.],
          [1., 1., 0., 1., 0., 0., 1., 0., 0., 0., 0., 1., 1., 1., 0., 1., 1.,
           0., 1.],
          [0., 1., 0., 0., 0., 1., 0., 0., 0., 0., 0., 1., 0., 1., 1., 1., 1.,
           0., 1.],
          [0., 1., 1., 0., 1., 1., 1., 1., 1., 0., 0., 0., 1., 0., 0., 0., 1.,
           1., 0.],
          [1., 1., 1., 0., 0., 0., 0., 1., 1., 0., 1., 0., 0., 0., 1., 0., 1.,
           0., 1.],
          [1., 1., 0., 0., 0., 0., 0., 0., 0., 0., 0., 0., 0., 1., 0., 1., 0.,
           1., 0.],
          [1., 0., 1., 1., 0., 0., 1., 1., 0., 1., 1., 1., 1., 1., 1., 0., 0.,
           0., 1.],
          [1., 0., 0., 0., 1., 1., 0., 1., 0., 1., 0., 1., 1., 0., 1., 0., 0.,
           1., 0.],
          [1., 1., 1., 1., 0., 0., 0., 1., 0., 1., 0., 1., 0., 0., 1., 1., 0.,
           0., 0.]]]], device='cuda:0'), tensor([[0.7224]], device='cuda:0'))
2026-01-08 16:53:47 - INFO - [-0.03732684  0.01746282  0.9127216  -0.24840069  0.9127216  -0.24840069
 -0.04200756  0.02131988]
2026-01-08 16:53:47 - INFO - (tensor([[[[0., 1., 1., 1., 1., 0., 1., 1., 0., 1., 0., 1., 1., 0., 1., 0., 0.,
           1., 0.],
          [1., 1., 1., 1., 1., 0., 1., 0., 1., 0., 0., 0., 0., 1., 0., 1., 0.,
           0., 0.],
          [1., 1., 1., 0., 1., 0., 1., 1., 0., 1., 0., 0., 0., 0., 1., 0., 0.,
           0., 1.],
          [1., 0., 0., 1., 0., 1., 0., 0., 1., 0., 1., 0., 1., 1., 1., 0., 0.,
           1., 0.],
          [1., 1., 0., 1., 1., 1., 1., 0., 1., 1., 1., 0., 0., 1., 1., 1., 0.,
           0., 0.],
          [1., 1., 1., 1., 1., 1., 0., 1., 0., 1., 1., 0., 0., 1., 0., 1., 1.,
           0., 1.],
          [1., 1., 1., 1., 1., 1., 1., 0., 1., 0., 1., 0., 1., 0., 0., 1., 1.,
           0., 0.],
          [0., 1., 1., 1., 0., 0., 1., 1., 0., 1., 0., 1., 0., 1., 1., 0., 0.,
           0., 1.],
          [0., 0., 0., 0., 0., 1., 0., 0., 0., 0., 0., 0., 1., 1., 0., 1., 1.,
           1., 1.],
          [1., 1., 0., 1., 1., 1., 0., 1., 1., 0., 0., 0., 0., 1., 0., 0., 1.,
           1., 1.],
          [1., 1., 1., 1., 1., 0., 1., 0., 0., 1., 1., 1., 1., 1., 0., 1., 1.,
           1., 1.],
          [1., 1., 0., 1., 0., 0., 1., 0., 0., 0., 0., 1., 1., 1., 0., 1., 1.,
           0., 1.],
          [0., 1., 0., 0., 0., 1., 0., 0., 0., 0., 0., 1., 0., 1., 1., 1., 1.,
           0., 1.],
          [0., 1., 1., 0., 1., 1., 1., 1., 1., 0., 0., 0., 1., 0., 0., 0., 1.,
           1., 0.],
          [1., 1., 1., 0., 0., 0., 0., 1., 1., 0., 1., 0., 0., 0., 1., 0., 1.,
           0., 1.],
          [1., 1., 0., 0., 0., 0., 0., 0., 0., 0., 0., 0., 0., 1., 0., 1., 0.,
           1., 0.],
          [1., 0., 1., 1., 0., 0., 1., 1., 0., 1., 1., 1., 1., 1., 1., 0., 0.,
           0., 1.],
          [1., 0., 0., 0., 1., 1., 0., 1., 0., 1., 0., 1., 1., 0., 1., 0., 0.,
           1., 0.],
          [1., 1., 1., 1., 0., 0., 0., 1., 0., 1., 0., 1., 0., 0., 1., 1., 0.,
           0., 0.]]]], device='cuda:0'), tensor([[0.7258]], device='cuda:0'))
2026-01-08 16:53:47 - INFO - [-0.03720535  0.01766553  0.9123535  -0.24958552  0.9123535  -0.2495855
 -0.04195199  0.02157136]
2026-01-08 16:53:47 - INFO - (tensor([[[[0., 1., 1., 1., 1., 0., 1., 1., 0., 1., 0., 1., 1., 0., 1., 0., 0.,
           1., 0.],
          [1., 1., 1., 1., 1., 0., 1., 0., 1., 0., 0., 0., 0., 1., 0., 1., 0.,
           0., 0.],
          [1., 1., 1., 0., 1., 0., 1., 1., 0., 1., 0., 0., 0., 0., 1., 0., 0.,
           0., 1.],
          [1., 0., 0., 1., 0., 1., 0., 0., 1., 0., 1., 0., 1., 1., 1., 0., 0.,
           1., 0.],
          [1., 1., 0., 1., 1., 1., 1., 0., 1., 1., 1., 0., 0., 1., 1., 1., 0.,
           0., 0.],
          [1., 1., 1., 1., 1., 1., 0., 1., 0., 1., 1., 0., 0., 1., 0., 1., 1.,
           0., 1.],
          [1., 1., 1., 1., 1., 1., 1., 0., 1., 0., 1., 0., 1., 0., 0., 1., 1.,
           0., 0.],
          [0., 1., 1., 1., 0., 0., 1., 1., 0., 1., 0., 1., 0., 1., 1., 0., 0.,
           0., 1.],
          [0., 0., 0., 0., 0., 1., 0., 0., 0., 0., 0., 0., 1., 1., 0., 1., 1.,
           1., 1.],
          [1., 1., 0., 1., 1., 1., 0., 1., 1., 0., 0., 0., 0., 1., 0., 0., 1.,
           1., 1.],
          [1., 1., 1., 1., 1., 0., 1., 0., 0., 1., 1., 1., 1., 1., 0., 1., 1.,
           1., 1.],
          [1., 1., 0., 1., 0., 0., 1., 0., 0., 0., 0., 1., 1., 1., 0., 1., 1.,
           0., 1.],
          [0., 1., 0., 0., 0., 1., 0., 0., 0., 0., 0., 1., 0., 1., 1., 1., 1.,
           0., 1.],
          [0., 1., 1., 0., 1., 1., 1., 1., 1., 0., 0., 0., 1., 0., 0., 0., 1.,
           1., 0.],
          [1., 1., 1., 0., 0., 0., 0., 1., 1., 0., 1., 0., 0., 0., 1., 0., 1.,
           0., 1.],
          [1., 1., 0., 0., 0., 0., 0., 0., 0., 0., 0., 0., 0., 1., 0., 1., 0.,
           1., 0.],
          [1., 0., 1., 1., 0., 0., 1., 1., 0., 1., 1., 1., 1., 1., 1., 0., 0.,
           0., 1.],
          [1., 0., 0., 0., 1., 1., 0., 1., 0., 1., 0., 1., 1., 0., 1., 0., 0.,
           1., 0.],
          [1., 1., 1., 1., 0., 0., 0., 1., 0., 1., 0., 1., 0., 0., 1., 1., 0.,
           0., 0.]]]], device='cuda:0'), tensor([[0.7291]], device='cuda:0'))
2026-01-08 16:53:47 - INFO - [-0.03706955  0.01788778  0.9119574  -0.250895    0.9119574  -0.25089496
 -0.04189581  0.02185067]
2026-01-08 16:53:47 - INFO - (tensor([[[[0., 1., 1., 1., 1., 0., 1., 1., 0., 1., 0., 1., 1., 0., 1., 0., 0.,
           1., 0.],
          [1., 1., 1., 1., 1., 0., 1., 0., 1., 0., 0., 0., 0., 1., 0., 1., 0.,
           0., 0.],
          [1., 1., 1., 0., 1., 0., 1., 1., 0., 1., 0., 0., 0., 0., 1., 0., 0.,
           0., 1.],
          [1., 0., 0., 1., 0., 1., 0., 0., 1., 0., 1., 0., 1., 1., 1., 0., 0.,
           1., 0.],
          [1., 1., 0., 1., 1., 1., 1., 0., 1., 1., 1., 0., 0., 1., 1., 1., 0.,
           0., 0.],
          [1., 1., 1., 1., 1., 1., 0., 1., 0., 1., 1., 0., 0., 1., 0., 1., 1.,
           0., 1.],
          [1., 1., 1., 1., 1., 1., 1., 0., 1., 0., 1., 0., 1., 0., 0., 1., 1.,
           0., 0.],
          [0., 1., 1., 1., 0., 0., 1., 1., 0., 1., 0., 1., 0., 1., 1., 0., 0.,
           0., 1.],
          [0., 0., 0., 0., 0., 1., 0., 0., 0., 0., 0., 0., 1., 1., 0., 1., 1.,
           1., 1.],
          [1., 1., 0., 1., 1., 1., 0., 1., 1., 0., 0., 0., 0., 1., 0., 0., 1.,
           1., 1.],
          [1., 1., 1., 1., 1., 0., 1., 0., 0., 1., 1., 1., 1., 1., 0., 1., 1.,
           1., 1.],
          [1., 1., 0., 1., 0., 0., 1., 0., 0., 0., 0., 1., 1., 1., 0., 1., 1.,
           0., 1.],
          [0., 1., 0., 0., 0., 1., 0., 0., 0., 0., 0., 1., 0., 1., 1., 1., 1.,
           0., 1.],
          [0., 1., 1., 0., 1., 1., 1., 1., 1., 0., 0., 0., 1., 0., 0., 0., 1.,
           1., 0.],
          [1., 1., 1., 0., 0., 0., 0., 1., 1., 0., 1., 0., 0., 0., 1., 0., 1.,
           0., 1.],
          [1., 1., 0., 0., 0., 0., 0., 0., 0., 0., 0., 0., 0., 1., 0., 1., 0.,
           1., 0.],
          [1., 0., 1., 1., 0., 0., 1., 1., 0., 1., 1., 1., 1., 1., 1., 0., 0.,
           0., 1.],
          [1., 0., 0., 0., 1., 1., 0., 1., 0., 1., 0., 1., 1., 0., 1., 0., 0.,
           1., 0.],
          [1., 1., 1., 1., 0., 0., 0., 1., 0., 1., 0., 1., 0., 0., 1., 1., 0.,
           0., 0.]]]], device='cuda:0'), tensor([[0.7324]], device='cuda:0'))
2026-01-08 16:53:47 - INFO - [-0.03696264  0.0180509   0.911602   -0.25202054  0.911602   -0.2520205
 -0.04186903  0.02207405]
2026-01-08 16:53:47 - INFO - (tensor([[[[0., 1., 1., 1., 1., 0., 1., 1., 0., 1., 0., 1., 1., 0., 1., 0., 0.,
           1., 0.],
          [1., 1., 1., 1., 1., 0., 1., 0., 1., 0., 0., 0., 0., 1., 0., 1., 0.,
           0., 0.],
          [1., 1., 1., 0., 1., 0., 1., 1., 0., 1., 0., 0., 0., 0., 1., 0., 0.,
           0., 1.],
          [1., 0., 0., 1., 0., 1., 0., 0., 1., 0., 1., 0., 1., 1., 1., 0., 0.,
           1., 0.],
          [1., 1., 0., 1., 1., 1., 1., 0., 1., 1., 1., 0., 0., 1., 1., 1., 0.,
           0., 0.],
          [1., 1., 1., 1., 1., 1., 0., 1., 0., 1., 1., 0., 0., 1., 0., 1., 1.,
           0., 1.],
          [1., 1., 1., 1., 1., 1., 1., 0., 1., 0., 1., 0., 1., 0., 0., 1., 1.,
           0., 0.],
          [0., 1., 1., 1., 0., 0., 1., 1., 0., 1., 0., 1., 0., 1., 1., 0., 0.,
           0., 1.],
          [0., 0., 0., 0., 0., 1., 0., 0., 0., 0., 0., 0., 1., 1., 0., 1., 1.,
           1., 1.],
          [1., 1., 0., 1., 1., 1., 0., 1., 1., 0., 0., 0., 0., 1., 0., 0., 1.,
           1., 1.],
          [1., 1., 1., 1., 1., 0., 1., 0., 0., 1., 1., 1., 1., 1., 0., 1., 1.,
           1., 1.],
          [1., 1., 0., 1., 0., 0., 1., 0., 0., 0., 0., 1., 1., 1., 0., 1., 1.,
           0., 1.],
          [0., 1., 0., 0., 0., 1., 0., 0., 0., 0., 0., 1., 0., 1., 1., 1., 1.,
           0., 1.],
          [0., 1., 1., 0., 1., 1., 1., 1., 1., 0., 0., 0., 1., 0., 0., 0., 1.,
           1., 0.],
          [1., 1., 1., 0., 0., 0., 0., 1., 1., 0., 1., 0., 0., 0., 1., 0., 1.,
           0., 1.],
          [1., 1., 0., 0., 0., 0., 0., 0., 0., 0., 0., 0., 0., 1., 0., 1., 0.,
           1., 0.],
          [1., 0., 1., 1., 0., 0., 1., 1., 0., 1., 1., 1., 1., 1., 1., 0., 0.,
           0., 1.],
          [1., 0., 0., 0., 1., 1., 0., 1., 0., 1., 0., 1., 1., 0., 1., 0., 0.,
           1., 0.],
          [1., 1., 1., 1., 0., 0., 0., 1., 0., 1., 0., 1., 0., 0., 1., 1., 0.,
           0., 0.]]]], device='cuda:0'), tensor([[0.7358]], device='cuda:0'))
2026-01-08 16:53:47 - INFO - [-0.03687208  0.0181912   0.91127014 -0.25302094  0.91127014 -0.25302094
 -0.04185063  0.02227046]
2026-01-08 16:53:47 - INFO - (tensor([[[[0., 1., 1., 1., 1., 0., 1., 1., 0., 1., 0., 1., 1., 0., 1., 0., 0.,
           1., 0.],
          [1., 1., 1., 1., 1., 0., 1., 0., 1., 0., 0., 0., 0., 1., 0., 1., 0.,
           0., 0.],
          [1., 1., 1., 0., 1., 0., 1., 1., 0., 1., 0., 0., 0., 0., 1., 0., 0.,
           0., 1.],
          [1., 0., 0., 1., 0., 1., 0., 0., 1., 0., 1., 0., 1., 1., 1., 0., 0.,
           1., 0.],
          [1., 1., 0., 1., 1., 1., 1., 0., 1., 1., 1., 0., 0., 1., 1., 1., 0.,
           0., 0.],
          [1., 1., 1., 1., 1., 1., 0., 1., 0., 1., 1., 0., 0., 1., 0., 1., 1.,
           0., 1.],
          [1., 1., 1., 1., 1., 1., 1., 0., 1., 0., 1., 0., 1., 0., 0., 1., 1.,
           0., 0.],
          [0., 1., 1., 1., 0., 0., 1., 1., 0., 1., 0., 1., 0., 1., 1., 0., 0.,
           0., 1.],
          [0., 0., 0., 0., 0., 1., 0., 0., 0., 0., 0., 0., 1., 1., 0., 1., 1.,
           1., 1.],
          [1., 1., 0., 1., 1., 1., 0., 1., 1., 0., 0., 0., 0., 1., 0., 0., 1.,
           1., 1.],
          [1., 1., 1., 1., 1., 0., 1., 0., 0., 1., 1., 1., 1., 1., 0., 1., 1.,
           1., 1.],
          [1., 1., 0., 1., 0., 0., 1., 0., 0., 0., 0., 1., 1., 1., 0., 1., 1.,
           0., 1.],
          [0., 1., 0., 0., 0., 1., 0., 0., 0., 0., 0., 1., 0., 1., 1., 1., 1.,
           0., 1.],
          [0., 1., 1., 0., 1., 1., 1., 1., 1., 0., 0., 0., 1., 0., 0., 0., 1.,
           1., 0.],
          [1., 1., 1., 0., 0., 0., 0., 1., 1., 0., 1., 0., 0., 0., 1., 0., 1.,
           0., 1.],
          [1., 1., 0., 0., 0., 0., 0., 0., 0., 0., 0., 0., 0., 1., 0., 1., 0.,
           1., 0.],
          [1., 0., 1., 1., 0., 0., 1., 1., 0., 1., 1., 1., 1., 1., 1., 0., 0.,
           0., 1.],
          [1., 0., 0., 0., 1., 1., 0., 1., 0., 1., 0., 1., 1., 0., 1., 0., 0.,
           1., 0.],
          [1., 1., 1., 1., 0., 0., 0., 1., 0., 1., 0., 1., 0., 0., 1., 1., 0.,
           0., 0.]]]], device='cuda:0'), tensor([[0.7391]], device='cuda:0'))
2026-01-08 16:53:47 - INFO - [-0.0368053   0.01831282  0.91097254 -0.25387558  0.91097254 -0.25387555
 -0.04184492  0.02243843]
2026-01-08 16:53:47 - INFO - (tensor([[[[0., 1., 1., 1., 1., 0., 1., 1., 0., 1., 0., 1., 1., 0., 1., 0., 0.,
           1., 0.],
          [1., 1., 1., 1., 1., 0., 1., 0., 1., 0., 0., 0., 0., 1., 0., 1., 0.,
           0., 0.],
          [1., 1., 1., 0., 1., 0., 1., 1., 0., 1., 0., 0., 0., 0., 1., 0., 0.,
           0., 1.],
          [1., 0., 0., 1., 0., 1., 0., 0., 1., 0., 1., 0., 1., 1., 1., 0., 0.,
           1., 0.],
          [1., 1., 0., 1., 1., 1., 1., 0., 1., 1., 1., 0., 0., 1., 1., 1., 0.,
           0., 0.],
          [1., 1., 1., 1., 1., 1., 0., 1., 0., 1., 1., 0., 0., 1., 0., 1., 1.,
           0., 1.],
          [1., 1., 1., 1., 1., 1., 1., 0., 1., 0., 1., 0., 1., 0., 0., 1., 1.,
           0., 0.],
          [0., 1., 1., 1., 0., 0., 1., 1., 0., 1., 0., 1., 0., 1., 1., 0., 0.,
           0., 1.],
          [0., 0., 0., 0., 0., 1., 0., 0., 0., 0., 0., 0., 1., 1., 0., 1., 1.,
           1., 1.],
          [1., 1., 0., 1., 1., 1., 0., 1., 1., 0., 0., 0., 0., 1., 0., 0., 1.,
           1., 1.],
          [1., 1., 1., 1., 1., 0., 1., 0., 0., 1., 1., 1., 1., 1., 0., 1., 1.,
           1., 1.],
          [1., 1., 0., 1., 0., 0., 1., 0., 0., 0., 0., 1., 1., 1., 0., 1., 1.,
           0., 1.],
          [0., 1., 0., 0., 0., 1., 0., 0., 0., 0., 0., 1., 0., 1., 1., 1., 1.,
           0., 1.],
          [0., 1., 1., 0., 1., 1., 1., 1., 1., 0., 0., 0., 1., 0., 0., 0., 1.,
           1., 0.],
          [1., 1., 1., 0., 0., 0., 0., 1., 1., 0., 1., 0., 0., 0., 1., 0., 1.,
           0., 1.],
          [1., 1., 0., 0., 0., 0., 0., 0., 0., 0., 0., 0., 0., 1., 0., 1., 0.,
           1., 0.],
          [1., 0., 1., 1., 0., 0., 1., 1., 0., 1., 1., 1., 1., 1., 1., 0., 0.,
           0., 1.],
          [1., 0., 0., 0., 1., 1., 0., 1., 0., 1., 0., 1., 1., 0., 1., 0., 0.,
           1., 0.],
          [1., 1., 1., 1., 0., 0., 0., 1., 0., 1., 0., 1., 0., 0., 1., 1., 0.,
           0., 0.]]]], device='cuda:0'), tensor([[0.7425]], device='cuda:0'))
2026-01-08 16:53:47 - INFO - [-0.03674709  0.01843041  0.9106866  -0.25469494  0.9106866  -0.25469494
 -0.04184423  0.02259771]
2026-01-08 16:53:47 - INFO - (tensor([[[[0., 1., 1., 1., 1., 0., 1., 1., 0., 1., 0., 1., 1., 0., 1., 0., 0.,
           1., 0.],
          [1., 1., 1., 1., 1., 0., 1., 0., 1., 0., 0., 0., 0., 1., 0., 1., 0.,
           0., 0.],
          [1., 1., 1., 0., 1., 0., 1., 1., 0., 1., 0., 0., 0., 0., 1., 0., 0.,
           0., 1.],
          [1., 0., 0., 1., 0., 1., 0., 0., 1., 0., 1., 0., 1., 1., 1., 0., 0.,
           1., 0.],
          [1., 1., 0., 1., 1., 1., 1., 0., 1., 1., 1., 0., 0., 1., 1., 1., 0.,
           0., 0.],
          [1., 1., 1., 1., 1., 1., 0., 1., 0., 1., 1., 0., 0., 1., 0., 1., 1.,
           0., 1.],
          [1., 1., 1., 1., 1., 1., 1., 0., 1., 0., 1., 0., 1., 0., 0., 1., 1.,
           0., 0.],
          [0., 1., 1., 1., 0., 0., 1., 1., 0., 1., 0., 1., 0., 1., 1., 0., 0.,
           0., 1.],
          [0., 0., 0., 0., 0., 1., 0., 0., 0., 0., 0., 0., 1., 1., 0., 1., 1.,
           1., 1.],
          [1., 1., 0., 1., 1., 1., 0., 1., 1., 0., 0., 0., 0., 1., 0., 0., 1.,
           1., 1.],
          [1., 1., 1., 1., 1., 0., 1., 0., 0., 1., 1., 1., 1., 1., 0., 1., 1.,
           1., 1.],
          [1., 1., 0., 1., 0., 0., 1., 0., 0., 0., 0., 1., 1., 1., 0., 1., 1.,
           0., 1.],
          [0., 1., 0., 0., 0., 1., 0., 0., 0., 0., 0., 1., 0., 1., 1., 1., 1.,
           0., 1.],
          [0., 1., 1., 0., 1., 1., 1., 1., 1., 0., 0., 0., 1., 0., 0., 0., 1.,
           1., 0.],
          [1., 1., 1., 0., 0., 0., 0., 1., 1., 0., 1., 0., 0., 0., 1., 0., 1.,
           0., 1.],
          [1., 1., 0., 0., 0., 0., 0., 0., 0., 0., 0., 0., 0., 1., 0., 1., 0.,
           1., 0.],
          [1., 0., 1., 1., 0., 0., 1., 1., 0., 1., 1., 1., 1., 1., 1., 0., 0.,
           0., 1.],
          [1., 0., 0., 0., 1., 1., 0., 1., 0., 1., 0., 1., 1., 0., 1., 0., 0.,
           1., 0.],
          [1., 1., 1., 1., 0., 0., 0., 1., 0., 1., 0., 1., 0., 0., 1., 1., 0.,
           0., 0.]]]], device='cuda:0'), tensor([[0.7458]], device='cuda:0'))
2026-01-08 16:53:47 - INFO - [-0.0366963   0.01854091  0.910409   -0.25548896  0.910409   -0.25548896
 -0.04184818  0.02274817]
2026-01-08 16:53:47 - INFO - (tensor([[[[0., 1., 1., 1., 1., 0., 1., 1., 0., 1., 0., 1., 1., 0., 1., 0., 0.,
           1., 0.],
          [1., 1., 1., 1., 1., 0., 1., 0., 1., 0., 0., 0., 0., 1., 0., 1., 0.,
           0., 0.],
          [1., 1., 1., 0., 1., 0., 1., 1., 0., 1., 0., 0., 0., 0., 1., 0., 0.,
           0., 1.],
          [1., 0., 0., 1., 0., 1., 0., 0., 1., 0., 1., 0., 1., 1., 1., 0., 0.,
           1., 0.],
          [1., 1., 0., 1., 1., 1., 1., 0., 1., 1., 1., 0., 0., 1., 1., 1., 0.,
           0., 0.],
          [1., 1., 1., 1., 1., 1., 0., 1., 0., 1., 1., 0., 0., 1., 0., 1., 1.,
           0., 1.],
          [1., 1., 1., 1., 1., 1., 1., 0., 1., 0., 1., 0., 1., 0., 0., 1., 1.,
           0., 0.],
          [0., 1., 1., 1., 0., 0., 1., 1., 0., 1., 0., 1., 0., 1., 1., 0., 0.,
           0., 1.],
          [0., 0., 0., 0., 0., 1., 0., 0., 0., 0., 0., 0., 1., 1., 0., 1., 1.,
           1., 1.],
          [1., 1., 0., 1., 1., 1., 0., 1., 1., 0., 0., 0., 0., 1., 0., 0., 1.,
           1., 1.],
          [1., 1., 1., 1., 1., 0., 1., 0., 0., 1., 1., 1., 1., 1., 0., 1., 1.,
           1., 1.],
          [1., 1., 0., 1., 0., 0., 1., 0., 0., 0., 0., 1., 1., 1., 0., 1., 1.,
           0., 1.],
          [0., 1., 0., 0., 0., 1., 0., 0., 0., 0., 0., 1., 0., 1., 1., 1., 1.,
           0., 1.],
          [0., 1., 1., 0., 1., 1., 1., 1., 1., 0., 0., 0., 1., 0., 0., 0., 1.,
           1., 0.],
          [1., 1., 1., 0., 0., 0., 0., 1., 1., 0., 1., 0., 0., 0., 1., 0., 1.,
           0., 1.],
          [1., 1., 0., 0., 0., 0., 0., 0., 0., 0., 0., 0., 0., 1., 0., 1., 0.,
           1., 0.],
          [1., 0., 1., 1., 0., 0., 1., 1., 0., 1., 1., 1., 1., 1., 1., 0., 0.,
           0., 1.],
          [1., 0., 0., 0., 1., 1., 0., 1., 0., 1., 0., 1., 1., 0., 1., 0., 0.,
           1., 0.],
          [1., 1., 1., 1., 0., 0., 0., 1., 0., 1., 0., 1., 0., 0., 1., 1., 0.,
           0., 0.]]]], device='cuda:0'), tensor([[0.7492]], device='cuda:0'))
2026-01-08 16:53:47 - INFO - [-0.03664118  0.01865304  0.91012585 -0.25631964  0.91012585 -0.25631964
 -0.04185466  0.02290222]
2026-01-08 16:53:47 - INFO - (tensor([[[[0., 1., 1., 1., 1., 0., 1., 1., 0., 1., 0., 1., 1., 0., 1., 0., 0.,
           1., 0.],
          [1., 1., 1., 1., 1., 0., 1., 0., 1., 0., 0., 0., 0., 1., 0., 1., 0.,
           0., 0.],
          [1., 1., 1., 0., 1., 0., 1., 1., 0., 1., 0., 0., 0., 0., 1., 0., 0.,
           0., 1.],
          [1., 0., 0., 1., 0., 1., 0., 0., 1., 0., 1., 0., 1., 1., 1., 0., 0.,
           1., 0.],
          [1., 1., 0., 1., 1., 1., 1., 0., 1., 1., 1., 0., 0., 1., 1., 1., 0.,
           0., 0.],
          [1., 1., 1., 1., 1., 1., 0., 1., 0., 1., 1., 0., 0., 1., 0., 1., 1.,
           0., 1.],
          [1., 1., 1., 1., 1., 1., 1., 0., 1., 0., 1., 0., 1., 0., 0., 1., 1.,
           0., 0.],
          [0., 1., 1., 1., 0., 0., 1., 1., 0., 1., 0., 1., 0., 1., 1., 0., 0.,
           0., 1.],
          [0., 0., 0., 0., 0., 1., 0., 0., 0., 0., 0., 0., 1., 1., 0., 1., 1.,
           1., 1.],
          [1., 1., 0., 1., 1., 1., 0., 1., 1., 0., 0., 0., 0., 1., 0., 0., 1.,
           1., 1.],
          [1., 1., 1., 1., 1., 0., 1., 0., 0., 1., 1., 1., 1., 1., 0., 1., 1.,
           1., 1.],
          [1., 1., 0., 1., 0., 0., 1., 0., 0., 0., 0., 1., 1., 1., 0., 1., 1.,
           0., 1.],
          [0., 1., 0., 0., 0., 1., 0., 0., 0., 0., 0., 1., 0., 1., 1., 1., 1.,
           0., 1.],
          [0., 1., 1., 0., 1., 1., 1., 1., 1., 0., 0., 0., 1., 0., 0., 0., 1.,
           1., 0.],
          [1., 1., 1., 0., 0., 0., 0., 1., 1., 0., 1., 0., 0., 0., 1., 0., 1.,
           0., 1.],
          [1., 1., 0., 0., 0., 0., 0., 0., 0., 0., 0., 0., 0., 1., 0., 1., 0.,
           1., 0.],
          [1., 0., 1., 1., 0., 0., 1., 1., 0., 1., 1., 1., 1., 1., 1., 0., 0.,
           0., 1.],
          [1., 0., 0., 0., 1., 1., 0., 1., 0., 1., 0., 1., 1., 0., 1., 0., 0.,
           1., 0.],
          [1., 1., 1., 1., 0., 0., 0., 1., 0., 1., 0., 1., 0., 0., 1., 1., 0.,
           0., 0.]]]], device='cuda:0'), tensor([[0.7525]], device='cuda:0'))
2026-01-08 16:53:47 - INFO - [-0.0365733   0.01876152  0.9098299  -0.25721583  0.9098299  -0.2572158
 -0.04185541  0.02305621]
2026-01-08 16:53:47 - INFO - (tensor([[[[0., 1., 1., 1., 1., 0., 1., 1., 0., 1., 0., 1., 1., 0., 1., 0., 0.,
           1., 0.],
          [1., 1., 1., 1., 1., 0., 1., 0., 1., 0., 0., 0., 0., 1., 0., 1., 0.,
           0., 0.],
          [1., 1., 1., 0., 1., 0., 1., 1., 0., 1., 0., 0., 0., 0., 1., 0., 0.,
           0., 1.],
          [1., 0., 0., 1., 0., 1., 0., 0., 1., 0., 1., 0., 1., 1., 1., 0., 0.,
           1., 0.],
          [1., 1., 0., 1., 1., 1., 1., 0., 1., 1., 1., 0., 0., 1., 1., 1., 0.,
           0., 0.],
          [1., 1., 1., 1., 1., 1., 0., 1., 0., 1., 1., 0., 0., 1., 0., 1., 1.,
           0., 1.],
          [1., 1., 1., 1., 1., 1., 1., 0., 1., 0., 1., 0., 1., 0., 0., 1., 1.,
           0., 0.],
          [0., 1., 1., 1., 0., 0., 1., 1., 0., 1., 0., 1., 0., 1., 1., 0., 0.,
           0., 1.],
          [0., 0., 0., 0., 0., 1., 0., 0., 0., 0., 0., 0., 1., 1., 0., 1., 1.,
           1., 1.],
          [1., 1., 0., 1., 1., 1., 0., 1., 1., 0., 0., 0., 0., 1., 0., 0., 1.,
           1., 1.],
          [1., 1., 1., 1., 1., 0., 1., 0., 0., 1., 1., 1., 1., 1., 0., 1., 1.,
           1., 1.],
          [1., 1., 0., 1., 0., 0., 1., 0., 0., 0., 0., 1., 1., 1., 0., 1., 1.,
           0., 1.],
          [0., 1., 0., 0., 0., 1., 0., 0., 0., 0., 0., 1., 0., 1., 1., 1., 1.,
           0., 1.],
          [0., 1., 1., 0., 1., 1., 1., 1., 1., 0., 0., 0., 1., 0., 0., 0., 1.,
           1., 0.],
          [1., 1., 1., 0., 0., 0., 0., 1., 1., 0., 1., 0., 0., 0., 1., 0., 1.,
           0., 1.],
          [1., 1., 0., 0., 0., 0., 0., 0., 0., 0., 0., 0., 0., 1., 0., 1., 0.,
           1., 0.],
          [1., 0., 1., 1., 0., 0., 1., 1., 0., 1., 1., 1., 1., 1., 1., 0., 0.,
           0., 1.],
          [1., 0., 0., 0., 1., 1., 0., 1., 0., 1., 0., 1., 1., 0., 1., 0., 0.,
           1., 0.],
          [1., 1., 1., 1., 0., 0., 0., 1., 0., 1., 0., 1., 0., 0., 1., 1., 0.,
           0., 0.]]]], device='cuda:0'), tensor([[0.7559]], device='cuda:0'))
2026-01-08 16:53:47 - INFO - [-0.03650897  0.01886226  0.90954113 -0.25808764  0.90954113 -0.25808764
 -0.04185779  0.02320191]
2026-01-08 16:53:47 - INFO - (tensor([[[[0., 1., 1., 1., 1., 0., 1., 1., 0., 1., 0., 1., 1., 0., 1., 0., 0.,
           1., 0.],
          [1., 1., 1., 1., 1., 0., 1., 0., 1., 0., 0., 0., 0., 1., 0., 1., 0.,
           0., 0.],
          [1., 1., 1., 0., 1., 0., 1., 1., 0., 1., 0., 0., 0., 0., 1., 0., 0.,
           0., 1.],
          [1., 0., 0., 1., 0., 1., 0., 0., 1., 0., 1., 0., 1., 1., 1., 0., 0.,
           1., 0.],
          [1., 1., 0., 1., 1., 1., 1., 0., 1., 1., 1., 0., 0., 1., 1., 1., 0.,
           0., 0.],
          [1., 1., 1., 1., 1., 1., 0., 1., 0., 1., 1., 0., 0., 1., 0., 1., 1.,
           0., 1.],
          [1., 1., 1., 1., 1., 1., 1., 0., 1., 0., 1., 0., 1., 0., 0., 1., 1.,
           0., 0.],
          [0., 1., 1., 1., 0., 0., 1., 1., 0., 1., 0., 1., 0., 1., 1., 0., 0.,
           0., 1.],
          [0., 0., 0., 0., 0., 1., 0., 0., 0., 0., 0., 0., 1., 1., 0., 1., 1.,
           1., 1.],
          [1., 1., 0., 1., 1., 1., 0., 1., 1., 0., 0., 0., 0., 1., 0., 0., 1.,
           1., 1.],
          [1., 1., 1., 1., 1., 0., 1., 0., 0., 1., 1., 1., 1., 1., 0., 1., 1.,
           1., 1.],
          [1., 1., 0., 1., 0., 0., 1., 0., 0., 0., 0., 1., 1., 1., 0., 1., 1.,
           0., 1.],
          [0., 1., 0., 0., 0., 1., 0., 0., 0., 0., 0., 1., 0., 1., 1., 1., 1.,
           0., 1.],
          [0., 1., 1., 0., 1., 1., 1., 1., 1., 0., 0., 0., 1., 0., 0., 0., 1.,
           1., 0.],
          [1., 1., 1., 0., 0., 0., 0., 1., 1., 0., 1., 0., 0., 0., 1., 0., 1.,
           0., 1.],
          [1., 1., 0., 0., 0., 0., 0., 0., 0., 0., 0., 0., 0., 1., 0., 1., 0.,
           1., 0.],
          [1., 0., 1., 1., 0., 0., 1., 1., 0., 1., 1., 1., 1., 1., 1., 0., 0.,
           0., 1.],
          [1., 0., 0., 0., 1., 1., 0., 1., 0., 1., 0., 1., 1., 0., 1., 0., 0.,
           1., 0.],
          [1., 1., 1., 1., 0., 0., 0., 1., 0., 1., 0., 1., 0., 0., 1., 1., 0.,
           0., 0.]]]], device='cuda:0'), tensor([[0.7592]], device='cuda:0'))
2026-01-08 16:53:47 - INFO - [-0.03645068  0.01895293  0.9092633  -0.25891572  0.9092634  -0.25891572
 -0.04186436  0.02333986]
2026-01-08 16:53:47 - INFO - (tensor([[[[0., 1., 1., 1., 1., 0., 1., 1., 0., 1., 0., 1., 1., 0., 1., 0., 0.,
           1., 0.],
          [1., 1., 1., 1., 1., 0., 1., 0., 1., 0., 0., 0., 0., 1., 0., 1., 0.,
           0., 0.],
          [1., 1., 1., 0., 1., 0., 1., 1., 0., 1., 0., 0., 0., 0., 1., 0., 0.,
           0., 1.],
          [1., 0., 0., 1., 0., 1., 0., 0., 1., 0., 1., 0., 1., 1., 1., 0., 0.,
           1., 0.],
          [1., 1., 0., 1., 1., 1., 1., 0., 1., 1., 1., 0., 0., 1., 1., 1., 0.,
           0., 0.],
          [1., 1., 1., 1., 1., 1., 0., 1., 0., 1., 1., 0., 0., 1., 0., 1., 1.,
           0., 1.],
          [1., 1., 1., 1., 1., 1., 1., 0., 1., 0., 1., 0., 1., 0., 0., 1., 1.,
           0., 0.],
          [0., 1., 1., 1., 0., 0., 1., 1., 0., 1., 0., 1., 0., 1., 1., 0., 0.,
           0., 1.],
          [0., 0., 0., 0., 0., 1., 0., 0., 0., 0., 0., 0., 1., 1., 0., 1., 1.,
           1., 1.],
          [1., 1., 0., 1., 1., 1., 0., 1., 1., 0., 0., 0., 0., 1., 0., 0., 1.,
           1., 1.],
          [1., 1., 1., 1., 1., 0., 1., 0., 0., 1., 1., 1., 1., 1., 0., 1., 1.,
           1., 1.],
          [1., 1., 0., 1., 0., 0., 1., 0., 0., 0., 0., 1., 1., 1., 0., 1., 1.,
           0., 1.],
          [0., 1., 0., 0., 0., 1., 0., 0., 0., 0., 0., 1., 0., 1., 1., 1., 1.,
           0., 1.],
          [0., 1., 1., 0., 1., 1., 1., 1., 1., 0., 0., 0., 1., 0., 0., 0., 1.,
           1., 0.],
          [1., 1., 1., 0., 0., 0., 0., 1., 1., 0., 1., 0., 0., 0., 1., 0., 1.,
           0., 1.],
          [1., 1., 0., 0., 0., 0., 0., 0., 0., 0., 0., 0., 0., 1., 0., 1., 0.,
           1., 0.],
          [1., 0., 1., 1., 0., 0., 1., 1., 0., 1., 1., 1., 1., 1., 1., 0., 0.,
           0., 1.],
          [1., 0., 0., 0., 1., 1., 0., 1., 0., 1., 0., 1., 1., 0., 1., 0., 0.,
           1., 0.],
          [1., 1., 1., 1., 0., 0., 0., 1., 0., 1., 0., 1., 0., 0., 1., 1., 0.,
           0., 0.]]]], device='cuda:0'), tensor([[0.7625]], device='cuda:0'))
2026-01-08 16:53:47 - INFO - [-0.03639709  0.01903809  0.90899396 -0.2597131   0.90899396 -0.2597131
 -0.04187262  0.02347177]
2026-01-08 16:53:47 - INFO - (tensor([[[[0., 1., 1., 1., 1., 0., 1., 1., 0., 1., 0., 1., 1., 0., 1., 0., 0.,
           1., 0.],
          [1., 1., 1., 1., 1., 0., 1., 0., 1., 0., 0., 0., 0., 1., 0., 1., 0.,
           0., 0.],
          [1., 1., 1., 0., 1., 0., 1., 1., 0., 1., 0., 0., 0., 0., 1., 0., 0.,
           0., 1.],
          [1., 0., 0., 1., 0., 1., 0., 0., 1., 0., 1., 0., 1., 1., 1., 0., 0.,
           1., 0.],
          [1., 1., 0., 1., 1., 1., 1., 0., 1., 1., 1., 0., 0., 1., 1., 1., 0.,
           0., 0.],
          [1., 1., 1., 1., 1., 1., 0., 1., 0., 1., 1., 0., 0., 1., 0., 1., 1.,
           0., 1.],
          [1., 1., 1., 1., 1., 1., 1., 0., 1., 0., 1., 0., 1., 0., 0., 1., 1.,
           0., 0.],
          [0., 1., 1., 1., 0., 0., 1., 1., 0., 1., 0., 1., 0., 1., 1., 0., 0.,
           0., 1.],
          [0., 0., 0., 0., 0., 1., 0., 0., 0., 0., 0., 0., 1., 1., 0., 1., 1.,
           1., 1.],
          [1., 1., 0., 1., 1., 1., 0., 1., 1., 0., 0., 0., 0., 1., 0., 0., 1.,
           1., 1.],
          [1., 1., 1., 1., 1., 0., 1., 0., 0., 1., 1., 1., 1., 1., 0., 1., 1.,
           1., 1.],
          [1., 1., 0., 1., 0., 0., 1., 0., 0., 0., 0., 1., 1., 1., 0., 1., 1.,
           0., 1.],
          [0., 1., 0., 0., 0., 1., 0., 0., 0., 0., 0., 1., 0., 1., 1., 1., 1.,
           0., 1.],
          [0., 1., 1., 0., 1., 1., 1., 1., 1., 0., 0., 0., 1., 0., 0., 0., 1.,
           1., 0.],
          [1., 1., 1., 0., 0., 0., 0., 1., 1., 0., 1., 0., 0., 0., 1., 0., 1.,
           0., 1.],
          [1., 1., 0., 0., 0., 0., 0., 0., 0., 0., 0., 0., 0., 1., 0., 1., 0.,
           1., 0.],
          [1., 0., 1., 1., 0., 0., 1., 1., 0., 1., 1., 1., 1., 1., 1., 0., 0.,
           0., 1.],
          [1., 0., 0., 0., 1., 1., 0., 1., 0., 1., 0., 1., 1., 0., 1., 0., 0.,
           1., 0.],
          [1., 1., 1., 1., 0., 0., 0., 1., 0., 1., 0., 1., 0., 0., 1., 1., 0.,
           0., 0.]]]], device='cuda:0'), tensor([[0.7659]], device='cuda:0'))
2026-01-08 16:53:47 - INFO - [-0.03634452  0.01911813  0.90872896 -0.26049626  0.90872896 -0.26049626
 -0.04188403  0.0236012 ]
2026-01-08 16:53:47 - INFO - (tensor([[[[0., 1., 1., 1., 1., 0., 1., 1., 0., 1., 0., 1., 1., 0., 1., 0., 0.,
           1., 0.],
          [1., 1., 1., 1., 1., 0., 1., 0., 1., 0., 0., 0., 0., 1., 0., 1., 0.,
           0., 0.],
          [1., 1., 1., 0., 1., 0., 1., 1., 0., 1., 0., 0., 0., 0., 1., 0., 0.,
           0., 1.],
          [1., 0., 0., 1., 0., 1., 0., 0., 1., 0., 1., 0., 1., 1., 1., 0., 0.,
           1., 0.],
          [1., 1., 0., 1., 1., 1., 1., 0., 1., 1., 1., 0., 0., 1., 1., 1., 0.,
           0., 0.],
          [1., 1., 1., 1., 1., 1., 0., 1., 0., 1., 1., 0., 0., 1., 0., 1., 1.,
           0., 1.],
          [1., 1., 1., 1., 1., 1., 1., 0., 1., 0., 1., 0., 1., 0., 0., 1., 1.,
           0., 0.],
          [0., 1., 1., 1., 0., 0., 1., 1., 0., 1., 0., 1., 0., 1., 1., 0., 0.,
           0., 1.],
          [0., 0., 0., 0., 0., 1., 0., 0., 0., 0., 0., 0., 1., 1., 0., 1., 1.,
           1., 1.],
          [1., 1., 0., 1., 1., 1., 0., 1., 1., 0., 0., 0., 0., 1., 0., 0., 1.,
           1., 1.],
          [1., 1., 1., 1., 1., 0., 1., 0., 0., 1., 1., 1., 1., 1., 0., 1., 1.,
           1., 1.],
          [1., 1., 0., 1., 0., 0., 1., 0., 0., 0., 0., 1., 1., 1., 0., 1., 1.,
           0., 1.],
          [0., 1., 0., 0., 0., 1., 0., 0., 0., 0., 0., 1., 0., 1., 1., 1., 1.,
           0., 1.],
          [0., 1., 1., 0., 1., 1., 1., 1., 1., 0., 0., 0., 1., 0., 0., 0., 1.,
           1., 0.],
          [1., 1., 1., 0., 0., 0., 0., 1., 1., 0., 1., 0., 0., 0., 1., 0., 1.,
           0., 1.],
          [1., 1., 0., 0., 0., 0., 0., 0., 0., 0., 0., 0., 0., 1., 0., 1., 0.,
           1., 0.],
          [1., 0., 1., 1., 0., 0., 1., 1., 0., 1., 1., 1., 1., 1., 1., 0., 0.,
           0., 1.],
          [1., 0., 0., 0., 1., 1., 0., 1., 0., 1., 0., 1., 1., 0., 1., 0., 0.,
           1., 0.],
          [1., 1., 1., 1., 0., 0., 0., 1., 0., 1., 0., 1., 0., 0., 1., 1., 0.,
           0., 0.]]]], device='cuda:0'), tensor([[0.7692]], device='cuda:0'))
2026-01-08 16:53:47 - INFO - [-0.03629312  0.01919362  0.90847075 -0.26126644  0.90847075 -0.26126644
 -0.04189655  0.02372676]
2026-01-08 16:53:47 - INFO - (tensor([[[[0., 1., 1., 1., 1., 0., 1., 1., 0., 1., 0., 1., 1., 0., 1., 0., 0.,
           1., 0.],
          [1., 1., 1., 1., 1., 0., 1., 0., 1., 0., 0., 0., 0., 1., 0., 1., 0.,
           0., 0.],
          [1., 1., 1., 0., 1., 0., 1., 1., 0., 1., 0., 0., 0., 0., 1., 0., 0.,
           0., 1.],
          [1., 0., 0., 1., 0., 1., 0., 0., 1., 0., 1., 0., 1., 1., 1., 0., 0.,
           1., 0.],
          [1., 1., 0., 1., 1., 1., 1., 0., 1., 1., 1., 0., 0., 1., 1., 1., 0.,
           0., 0.],
          [1., 1., 1., 1., 1., 1., 0., 1., 0., 1., 1., 0., 0., 1., 0., 1., 1.,
           0., 1.],
          [1., 1., 1., 1., 1., 1., 1., 0., 1., 0., 1., 0., 1., 0., 0., 1., 1.,
           0., 0.],
          [0., 1., 1., 1., 0., 0., 1., 1., 0., 1., 0., 1., 0., 1., 1., 0., 0.,
           0., 1.],
          [0., 0., 0., 0., 0., 1., 0., 0., 0., 0., 0., 0., 1., 1., 0., 1., 1.,
           1., 1.],
          [1., 1., 0., 1., 1., 1., 0., 1., 1., 0., 0., 0., 0., 1., 0., 0., 1.,
           1., 1.],
          [1., 1., 1., 1., 1., 0., 1., 0., 0., 1., 1., 1., 1., 1., 0., 1., 1.,
           1., 1.],
          [1., 1., 0., 1., 0., 0., 1., 0., 0., 0., 0., 1., 1., 1., 0., 1., 1.,
           0., 1.],
          [0., 1., 0., 0., 0., 1., 0., 0., 0., 0., 0., 1., 0., 1., 1., 1., 1.,
           0., 1.],
          [0., 1., 1., 0., 1., 1., 1., 1., 1., 0., 0., 0., 1., 0., 0., 0., 1.,
           1., 0.],
          [1., 1., 1., 0., 0., 0., 0., 1., 1., 0., 1., 0., 0., 0., 1., 0., 1.,
           0., 1.],
          [1., 1., 0., 0., 0., 0., 0., 0., 0., 0., 0., 0., 0., 1., 0., 1., 0.,
           1., 0.],
          [1., 0., 1., 1., 0., 0., 1., 1., 0., 1., 1., 1., 1., 1., 1., 0., 0.,
           0., 1.],
          [1., 0., 0., 0., 1., 1., 0., 1., 0., 1., 0., 1., 1., 0., 1., 0., 0.,
           1., 0.],
          [1., 1., 1., 1., 0., 0., 0., 1., 0., 1., 0., 1., 0., 0., 1., 1., 0.,
           0., 0.]]]], device='cuda:0'), tensor([[0.7726]], device='cuda:0'))
2026-01-08 16:53:47 - INFO - [-0.0362442   0.01926327  0.9082236  -0.26201627  0.9082236  -0.2620163
 -0.04191276  0.02383848]
2026-01-08 16:53:47 - INFO - (tensor([[[[0., 1., 1., 1., 1., 0., 1., 1., 0., 1., 0., 1., 1., 0., 1., 0., 0.,
           1., 0.],
          [1., 1., 1., 1., 1., 0., 1., 0., 1., 0., 0., 0., 0., 1., 0., 1., 0.,
           0., 0.],
          [1., 1., 1., 0., 1., 0., 1., 1., 0., 1., 0., 0., 0., 0., 1., 0., 0.,
           0., 1.],
          [1., 0., 0., 1., 0., 1., 0., 0., 1., 0., 1., 0., 1., 1., 1., 0., 0.,
           1., 0.],
          [1., 1., 0., 1., 1., 1., 1., 0., 1., 1., 1., 0., 0., 1., 1., 1., 0.,
           0., 0.],
          [1., 1., 1., 1., 1., 1., 0., 1., 0., 1., 1., 0., 0., 1., 0., 1., 1.,
           0., 1.],
          [1., 1., 1., 1., 1., 1., 1., 0., 1., 0., 1., 0., 1., 0., 0., 1., 1.,
           0., 0.],
          [0., 1., 1., 1., 0., 0., 1., 1., 0., 1., 0., 1., 0., 1., 1., 0., 0.,
           0., 1.],
          [0., 0., 0., 0., 0., 1., 0., 0., 0., 0., 0., 0., 1., 1., 0., 1., 1.,
           1., 1.],
          [1., 1., 0., 1., 1., 1., 0., 1., 1., 0., 0., 0., 0., 1., 0., 0., 1.,
           1., 1.],
          [1., 1., 1., 1., 1., 0., 1., 0., 0., 1., 1., 1., 1., 1., 0., 1., 1.,
           1., 1.],
          [1., 1., 0., 1., 0., 0., 1., 0., 0., 0., 0., 1., 1., 1., 0., 1., 1.,
           0., 1.],
          [0., 1., 0., 0., 0., 1., 0., 0., 0., 0., 0., 1., 0., 1., 1., 1., 1.,
           0., 1.],
          [0., 1., 1., 0., 1., 1., 1., 1., 1., 0., 0., 0., 1., 0., 0., 0., 1.,
           1., 0.],
          [1., 1., 1., 0., 0., 0., 0., 1., 1., 0., 1., 0., 0., 0., 1., 0., 1.,
           0., 1.],
          [1., 1., 0., 0., 0., 0., 0., 0., 0., 0., 0., 0., 0., 1., 0., 1., 0.,
           1., 0.],
          [1., 0., 1., 1., 0., 0., 1., 1., 0., 1., 1., 1., 1., 1., 1., 0., 0.,
           0., 1.],
          [1., 0., 0., 0., 1., 1., 0., 1., 0., 1., 0., 1., 1., 0., 1., 0., 0.,
           1., 0.],
          [1., 1., 1., 1., 0., 0., 0., 1., 0., 1., 0., 1., 0., 0., 1., 1., 0.,
           0., 0.]]]], device='cuda:0'), tensor([[0.7759]], device='cuda:0'))
2026-01-08 16:53:47 - INFO - [-0.03606779  0.01949885  0.9077535  -0.26355687  0.9077535  -0.2635569
 -0.04185919  0.02411467]
2026-01-08 16:53:47 - INFO - (tensor([[[[0., 1., 1., 1., 1., 0., 1., 1., 0., 1., 0., 1., 1., 0., 1., 0., 0.,
           1., 0.],
          [1., 1., 1., 1., 1., 0., 1., 0., 1., 0., 0., 0., 0., 1., 0., 1., 0.,
           0., 0.],
          [1., 1., 1., 0., 1., 0., 1., 1., 0., 1., 0., 0., 0., 0., 1., 0., 0.,
           0., 1.],
          [1., 0., 0., 1., 0., 1., 0., 0., 1., 0., 1., 0., 1., 1., 1., 0., 0.,
           1., 0.],
          [1., 1., 0., 1., 1., 1., 1., 0., 1., 1., 1., 0., 0., 1., 1., 1., 0.,
           0., 0.],
          [1., 1., 1., 1., 1., 1., 0., 1., 0., 1., 1., 0., 0., 1., 0., 1., 1.,
           0., 1.],
          [1., 1., 1., 1., 1., 1., 1., 0., 1., 0., 1., 0., 1., 0., 0., 1., 1.,
           0., 0.],
          [0., 1., 1., 1., 0., 0., 1., 1., 0., 1., 0., 1., 0., 1., 1., 0., 0.,
           0., 1.],
          [0., 0., 0., 0., 0., 1., 0., 0., 0., 0., 0., 0., 1., 1., 0., 1., 1.,
           1., 1.],
          [1., 1., 0., 1., 1., 1., 0., 1., 1., 0., 0., 0., 0., 1., 0., 0., 1.,
           1., 1.],
          [1., 1., 1., 1., 1., 0., 1., 0., 0., 1., 1., 1., 1., 1., 0., 1., 1.,
           1., 1.],
          [1., 1., 0., 1., 0., 0., 1., 0., 0., 0., 0., 1., 1., 1., 0., 1., 1.,
           0., 1.],
          [0., 1., 0., 0., 0., 1., 0., 0., 0., 0., 0., 1., 0., 1., 1., 1., 1.,
           0., 1.],
          [0., 1., 1., 0., 1., 1., 1., 1., 1., 0., 0., 0., 1., 0., 0., 0., 1.,
           1., 0.],
          [1., 1., 1., 0., 0., 0., 0., 1., 1., 0., 1., 0., 0., 0., 1., 0., 1.,
           0., 1.],
          [1., 1., 0., 0., 0., 0., 0., 0., 0., 0., 0., 0., 0., 1., 0., 1., 0.,
           1., 0.],
          [1., 0., 1., 1., 0., 0., 1., 1., 0., 1., 1., 1., 1., 1., 1., 0., 0.,
           0., 1.],
          [1., 0., 0., 0., 1., 1., 0., 1., 0., 1., 0., 1., 1., 0., 1., 0., 0.,
           1., 0.],
          [1., 1., 1., 1., 0., 0., 0., 1., 0., 1., 0., 1., 0., 0., 1., 1., 0.,
           0., 0.]]]], device='cuda:0'), tensor([[0.7793]], device='cuda:0'))
2026-01-08 16:53:47 - INFO - [-0.03595612  0.0197673   0.9072589  -0.26519313  0.9072589  -0.26519313
 -0.041758    0.02432908]
2026-01-08 16:53:47 - INFO - (tensor([[[[0., 1., 1., 1., 1., 0., 1., 1., 0., 1., 0., 1., 1., 0., 1., 0., 0.,
           1., 0.],
          [1., 1., 1., 1., 1., 0., 1., 0., 1., 0., 0., 0., 0., 1., 0., 1., 0.,
           0., 0.],
          [1., 1., 1., 0., 1., 0., 1., 1., 0., 1., 0., 0., 0., 0., 1., 0., 0.,
           0., 1.],
          [1., 0., 0., 1., 0., 1., 0., 0., 1., 0., 1., 0., 1., 1., 1., 0., 0.,
           1., 0.],
          [1., 1., 0., 1., 1., 1., 1., 0., 1., 1., 1., 0., 0., 1., 1., 1., 0.,
           0., 0.],
          [1., 1., 1., 1., 1., 1., 0., 1., 0., 1., 1., 0., 0., 1., 0., 1., 1.,
           0., 1.],
          [1., 1., 1., 1., 1., 1., 1., 0., 1., 0., 1., 0., 1., 0., 0., 1., 1.,
           0., 0.],
          [0., 1., 1., 1., 0., 0., 1., 1., 0., 1., 0., 1., 0., 1., 1., 0., 0.,
           0., 1.],
          [0., 0., 0., 0., 0., 1., 0., 0., 0., 0., 0., 0., 1., 1., 0., 1., 1.,
           1., 1.],
          [1., 1., 0., 1., 1., 1., 0., 1., 1., 0., 0., 0., 0., 1., 0., 0., 1.,
           1., 1.],
          [1., 1., 1., 1., 1., 0., 1., 0., 0., 1., 1., 1., 1., 1., 0., 1., 1.,
           1., 1.],
          [1., 1., 0., 1., 0., 0., 1., 0., 0., 0., 0., 1., 1., 1., 0., 1., 1.,
           0., 1.],
          [0., 1., 0., 0., 0., 1., 0., 0., 0., 0., 0., 1., 0., 1., 1., 1., 1.,
           0., 1.],
          [0., 1., 1., 0., 1., 1., 1., 1., 1., 0., 0., 0., 1., 0., 0., 0., 1.,
           1., 0.],
          [1., 1., 1., 0., 0., 0., 0., 1., 1., 0., 1., 0., 0., 0., 1., 0., 1.,
           0., 1.],
          [1., 1., 0., 0., 0., 0., 0., 0., 0., 0., 0., 0., 0., 1., 0., 1., 0.,
           1., 0.],
          [1., 0., 1., 1., 0., 0., 1., 1., 0., 1., 1., 1., 1., 1., 1., 0., 0.,
           0., 1.],
          [1., 0., 0., 0., 1., 1., 0., 1., 0., 1., 0., 1., 1., 0., 1., 0., 0.,
           1., 0.],
          [1., 1., 1., 1., 0., 0., 0., 1., 0., 1., 0., 1., 0., 0., 1., 1., 0.,
           0., 0.]]]], device='cuda:0'), tensor([[0.7826]], device='cuda:0'))
2026-01-08 16:53:47 - INFO - [-0.03591137  0.02000286  0.9068267  -0.26661715  0.9068267  -0.26661715
 -0.04164969  0.02445782]
2026-01-08 16:53:47 - INFO - (tensor([[[[0., 1., 1., 1., 1., 0., 1., 1., 0., 1., 0., 1., 1., 0., 1., 0., 0.,
           1., 0.],
          [1., 1., 1., 1., 1., 0., 1., 0., 1., 0., 0., 0., 0., 1., 0., 1., 0.,
           0., 0.],
          [1., 1., 1., 0., 1., 0., 1., 1., 0., 1., 0., 0., 0., 0., 1., 0., 0.,
           0., 1.],
          [1., 0., 0., 1., 0., 1., 0., 0., 1., 0., 1., 0., 1., 1., 1., 0., 0.,
           1., 0.],
          [1., 1., 0., 1., 1., 1., 1., 0., 1., 1., 1., 0., 0., 1., 1., 1., 0.,
           0., 0.],
          [1., 1., 1., 1., 1., 1., 0., 1., 0., 1., 1., 0., 0., 1., 0., 1., 1.,
           0., 1.],
          [1., 1., 1., 1., 1., 1., 1., 0., 1., 0., 1., 0., 1., 0., 0., 1., 1.,
           0., 0.],
          [0., 1., 1., 1., 0., 0., 1., 1., 0., 1., 0., 1., 0., 1., 1., 0., 0.,
           0., 1.],
          [0., 0., 0., 0., 0., 1., 0., 0., 0., 0., 0., 0., 1., 1., 0., 1., 1.,
           1., 1.],
          [1., 1., 0., 1., 1., 1., 0., 1., 1., 0., 0., 0., 0., 1., 0., 0., 1.,
           1., 1.],
          [1., 1., 1., 1., 1., 0., 1., 0., 0., 1., 1., 1., 1., 1., 0., 1., 1.,
           1., 1.],
          [1., 1., 0., 1., 0., 0., 1., 0., 0., 0., 0., 1., 1., 1., 0., 1., 1.,
           0., 1.],
          [0., 1., 0., 0., 0., 1., 0., 0., 0., 0., 0., 1., 0., 1., 1., 1., 1.,
           0., 1.],
          [0., 1., 1., 0., 1., 1., 1., 1., 1., 0., 0., 0., 1., 0., 0., 0., 1.,
           1., 0.],
          [1., 1., 1., 0., 0., 0., 0., 1., 1., 0., 1., 0., 0., 0., 1., 0., 1.,
           0., 1.],
          [1., 1., 0., 0., 0., 0., 0., 0., 0., 0., 0., 0., 0., 1., 0., 1., 0.,
           1., 0.],
          [1., 0., 1., 1., 0., 0., 1., 1., 0., 1., 1., 1., 1., 1., 1., 0., 0.,
           0., 1.],
          [1., 0., 0., 0., 1., 1., 0., 1., 0., 1., 0., 1., 1., 0., 1., 0., 0.,
           1., 0.],
          [1., 1., 1., 1., 0., 0., 0., 1., 0., 1., 0., 1., 0., 0., 1., 1., 0.,
           0., 0.]]]], device='cuda:0'), tensor([[0.7860]], device='cuda:0'))
2026-01-08 16:53:47 - INFO - [-0.03585731  0.02022882  0.9065179  -0.26754978  0.9065179  -0.26754978
 -0.04153026  0.02457468]
2026-01-08 16:53:47 - INFO - (tensor([[[[0., 1., 1., 1., 1., 0., 1., 1., 0., 1., 0., 1., 1., 0., 1., 0., 0.,
           1., 0.],
          [1., 1., 1., 1., 1., 0., 1., 0., 1., 0., 0., 0., 0., 1., 0., 1., 0.,
           0., 0.],
          [1., 1., 1., 0., 1., 0., 1., 1., 0., 1., 0., 0., 0., 0., 1., 0., 0.,
           0., 1.],
          [1., 0., 0., 1., 0., 1., 0., 0., 1., 0., 1., 0., 1., 1., 1., 0., 0.,
           1., 0.],
          [1., 1., 0., 1., 1., 1., 1., 0., 1., 1., 1., 0., 0., 1., 1., 1., 0.,
           0., 0.],
          [1., 1., 1., 1., 1., 1., 0., 1., 0., 1., 1., 0., 0., 1., 0., 1., 1.,
           0., 1.],
          [1., 1., 1., 1., 1., 1., 1., 0., 1., 0., 1., 0., 1., 0., 0., 1., 1.,
           0., 0.],
          [0., 1., 1., 1., 0., 0., 1., 1., 0., 1., 0., 1., 0., 1., 1., 0., 0.,
           0., 1.],
          [0., 0., 0., 0., 0., 1., 0., 0., 0., 0., 0., 0., 1., 1., 0., 1., 1.,
           1., 1.],
          [1., 1., 0., 1., 1., 1., 0., 1., 1., 0., 0., 0., 0., 1., 0., 0., 1.,
           1., 1.],
          [1., 1., 1., 1., 1., 0., 1., 0., 0., 1., 1., 1., 1., 1., 0., 1., 1.,
           1., 1.],
          [1., 1., 0., 1., 0., 0., 1., 0., 0., 0., 0., 1., 1., 1., 0., 1., 1.,
           0., 1.],
          [0., 1., 0., 0., 0., 1., 0., 0., 0., 0., 0., 1., 0., 1., 1., 1., 1.,
           0., 1.],
          [0., 1., 1., 0., 1., 1., 1., 1., 1., 0., 0., 0., 1., 0., 0., 0., 1.,
           1., 0.],
          [1., 1., 1., 0., 0., 0., 0., 1., 1., 0., 1., 0., 0., 0., 1., 0., 1.,
           0., 1.],
          [1., 1., 0., 0., 0., 0., 0., 0., 0., 0., 0., 0., 0., 1., 0., 1., 0.,
           1., 0.],
          [1., 0., 1., 1., 0., 0., 1., 1., 0., 1., 1., 1., 1., 1., 1., 0., 0.,
           0., 1.],
          [1., 0., 0., 0., 1., 1., 0., 1., 0., 1., 0., 1., 1., 0., 1., 0., 0.,
           1., 0.],
          [1., 1., 1., 1., 0., 0., 0., 1., 0., 1., 0., 1., 0., 0., 1., 1., 0.,
           0., 0.]]]], device='cuda:0'), tensor([[0.7893]], device='cuda:0'))
2026-01-08 16:53:47 - INFO - [-0.03576558  0.02057552  0.9061005  -0.26882875  0.9061005  -0.26882872
 -0.04135293  0.02477518]
2026-01-08 16:53:47 - INFO - (tensor([[[[0., 1., 1., 1., 1., 0., 1., 1., 0., 1., 0., 1., 1., 0., 1., 0., 0.,
           1., 0.],
          [1., 1., 1., 1., 1., 0., 1., 0., 1., 0., 0., 0., 0., 1., 0., 1., 0.,
           0., 0.],
          [1., 1., 1., 0., 1., 0., 1., 1., 0., 1., 0., 0., 0., 0., 1., 0., 0.,
           0., 1.],
          [1., 0., 0., 1., 0., 1., 0., 0., 1., 0., 1., 0., 1., 1., 1., 0., 0.,
           1., 0.],
          [1., 1., 0., 1., 1., 1., 1., 0., 1., 1., 1., 0., 0., 1., 1., 1., 0.,
           0., 0.],
          [1., 1., 1., 1., 1., 1., 0., 1., 0., 1., 1., 0., 0., 1., 0., 1., 1.,
           0., 1.],
          [1., 1., 1., 1., 1., 1., 1., 0., 1., 0., 1., 0., 1., 0., 0., 1., 1.,
           0., 0.],
          [0., 1., 1., 1., 0., 0., 1., 1., 0., 1., 0., 1., 0., 1., 1., 0., 0.,
           0., 1.],
          [0., 0., 0., 0., 0., 1., 0., 0., 0., 0., 0., 0., 1., 1., 0., 1., 1.,
           1., 1.],
          [1., 1., 0., 1., 1., 1., 0., 1., 1., 0., 0., 0., 0., 1., 0., 0., 1.,
           1., 1.],
          [1., 1., 1., 1., 1., 0., 1., 0., 0., 1., 1., 1., 1., 1., 0., 1., 1.,
           1., 1.],
          [1., 1., 0., 1., 0., 0., 1., 0., 0., 0., 0., 1., 1., 1., 0., 1., 1.,
           0., 1.],
          [0., 1., 0., 0., 0., 1., 0., 0., 0., 0., 0., 1., 0., 1., 1., 1., 1.,
           0., 1.],
          [0., 1., 1., 0., 1., 1., 1., 1., 1., 0., 0., 0., 1., 0., 0., 0., 1.,
           1., 0.],
          [1., 1., 1., 0., 0., 0., 0., 1., 1., 0., 1., 0., 0., 0., 1., 0., 1.,
           0., 1.],
          [1., 1., 0., 0., 0., 0., 0., 0., 0., 0., 0., 0., 0., 1., 0., 1., 0.,
           1., 0.],
          [1., 0., 1., 1., 0., 0., 1., 1., 0., 1., 1., 1., 1., 1., 1., 0., 0.,
           0., 1.],
          [1., 0., 0., 0., 1., 1., 0., 1., 0., 1., 0., 1., 1., 0., 1., 0., 0.,
           1., 0.],
          [1., 1., 1., 1., 0., 0., 0., 1., 0., 1., 0., 1., 0., 0., 1., 1., 0.,
           0., 0.]]]], device='cuda:0'), tensor([[0.7926]], device='cuda:0'))
2026-01-08 16:53:47 - INFO - [-0.03572189  0.0206956   0.90569586 -0.27005956  0.90569586 -0.27005956
 -0.04132171  0.0249154 ]
2026-01-08 16:53:47 - INFO - (tensor([[[[0., 1., 1., 1., 1., 0., 1., 1., 0., 1., 0., 1., 1., 0., 1., 0., 0.,
           1., 0.],
          [1., 1., 1., 1., 1., 0., 1., 0., 1., 0., 0., 0., 0., 1., 0., 1., 0.,
           0., 0.],
          [1., 1., 1., 0., 1., 0., 1., 1., 0., 1., 0., 0., 0., 0., 1., 0., 0.,
           0., 1.],
          [1., 0., 0., 1., 0., 1., 0., 0., 1., 0., 1., 0., 1., 1., 1., 0., 0.,
           1., 0.],
          [1., 1., 0., 1., 1., 1., 1., 0., 1., 1., 1., 0., 0., 1., 1., 1., 0.,
           0., 0.],
          [1., 1., 1., 1., 1., 1., 0., 1., 0., 1., 1., 0., 0., 1., 0., 1., 1.,
           0., 1.],
          [1., 1., 1., 1., 1., 1., 1., 0., 1., 0., 1., 0., 1., 0., 0., 1., 1.,
           0., 0.],
          [0., 1., 1., 1., 0., 0., 1., 1., 0., 1., 0., 1., 0., 1., 1., 0., 0.,
           0., 1.],
          [0., 0., 0., 0., 0., 1., 0., 0., 0., 0., 0., 0., 1., 1., 0., 1., 1.,
           1., 1.],
          [1., 1., 0., 1., 1., 1., 0., 1., 1., 0., 0., 0., 0., 1., 0., 0., 1.,
           1., 1.],
          [1., 1., 1., 1., 1., 0., 1., 0., 0., 1., 1., 1., 1., 1., 0., 1., 1.,
           1., 1.],
          [1., 1., 0., 1., 0., 0., 1., 0., 0., 0., 0., 1., 1., 1., 0., 1., 1.,
           0., 1.],
          [0., 1., 0., 0., 0., 1., 0., 0., 0., 0., 0., 1., 0., 1., 1., 1., 1.,
           0., 1.],
          [0., 1., 1., 0., 1., 1., 1., 1., 1., 0., 0., 0., 1., 0., 0., 0., 1.,
           1., 0.],
          [1., 1., 1., 0., 0., 0., 0., 1., 1., 0., 1., 0., 0., 0., 1., 0., 1.,
           0., 1.],
          [1., 1., 0., 0., 0., 0., 0., 0., 0., 0., 0., 0., 0., 1., 0., 1., 0.,
           1., 0.],
          [1., 0., 1., 1., 0., 0., 1., 1., 0., 1., 1., 1., 1., 1., 1., 0., 0.,
           0., 1.],
          [1., 0., 0., 0., 1., 1., 0., 1., 0., 1., 0., 1., 1., 0., 1., 0., 0.,
           1., 0.],
          [1., 1., 1., 1., 0., 0., 0., 1., 0., 1., 0., 1., 0., 0., 1., 1., 0.,
           0., 0.]]]], device='cuda:0'), tensor([[0.7960]], device='cuda:0'))
2026-01-08 16:53:47 - INFO - [-0.03568524  0.02079104  0.90531147 -0.27121508  0.90531147 -0.27121508
 -0.04130767  0.02504482]
2026-01-08 16:53:47 - INFO - (tensor([[[[0., 1., 1., 1., 1., 0., 1., 1., 0., 1., 0., 1., 1., 0., 1., 0., 0.,
           1., 0.],
          [1., 1., 1., 1., 1., 0., 1., 0., 1., 0., 0., 0., 0., 1., 0., 1., 0.,
           0., 0.],
          [1., 1., 1., 0., 1., 0., 1., 1., 0., 1., 0., 0., 0., 0., 1., 0., 0.,
           0., 1.],
          [1., 0., 0., 1., 0., 1., 0., 0., 1., 0., 1., 0., 1., 1., 1., 0., 0.,
           1., 0.],
          [1., 1., 0., 1., 1., 1., 1., 0., 1., 1., 1., 0., 0., 1., 1., 1., 0.,
           0., 0.],
          [1., 1., 1., 1., 1., 1., 0., 1., 0., 1., 1., 0., 0., 1., 0., 1., 1.,
           0., 1.],
          [1., 1., 1., 1., 1., 1., 1., 0., 1., 0., 1., 0., 1., 0., 0., 1., 1.,
           0., 0.],
          [0., 1., 1., 1., 0., 0., 1., 1., 0., 1., 0., 1., 0., 1., 1., 0., 0.,
           0., 1.],
          [0., 0., 0., 0., 0., 1., 0., 0., 0., 0., 0., 0., 1., 1., 0., 1., 1.,
           1., 1.],
          [1., 1., 0., 1., 1., 1., 0., 1., 1., 0., 0., 0., 0., 1., 0., 0., 1.,
           1., 1.],
          [1., 1., 1., 1., 1., 0., 1., 0., 0., 1., 1., 1., 1., 1., 0., 1., 1.,
           1., 1.],
          [1., 1., 0., 1., 0., 0., 1., 0., 0., 0., 0., 1., 1., 1., 0., 1., 1.,
           0., 1.],
          [0., 1., 0., 0., 0., 1., 0., 0., 0., 0., 0., 1., 0., 1., 1., 1., 1.,
           0., 1.],
          [0., 1., 1., 0., 1., 1., 1., 1., 1., 0., 0., 0., 1., 0., 0., 0., 1.,
           1., 0.],
          [1., 1., 1., 0., 0., 0., 0., 1., 1., 0., 1., 0., 0., 0., 1., 0., 1.,
           0., 1.],
          [1., 1., 0., 0., 0., 0., 0., 0., 0., 0., 0., 0., 0., 1., 0., 1., 0.,
           1., 0.],
          [1., 0., 1., 1., 0., 0., 1., 1., 0., 1., 1., 1., 1., 1., 1., 0., 0.,
           0., 1.],
          [1., 0., 0., 0., 1., 1., 0., 1., 0., 1., 0., 1., 1., 0., 1., 0., 0.,
           1., 0.],
          [1., 1., 1., 1., 0., 0., 0., 1., 0., 1., 0., 1., 0., 0., 1., 1., 0.,
           0., 0.]]]], device='cuda:0'), tensor([[0.7993]], device='cuda:0'))
2026-01-08 16:53:47 - INFO - [-0.03564627  0.02088655  0.9049509  -0.2722855   0.9049509  -0.2722855
 -0.04129457  0.0251717 ]
2026-01-08 16:53:47 - INFO - (tensor([[[[0., 1., 1., 1., 1., 0., 1., 1., 0., 1., 0., 1., 1., 0., 1., 0., 0.,
           1., 0.],
          [1., 1., 1., 1., 1., 0., 1., 0., 1., 0., 0., 0., 0., 1., 0., 1., 0.,
           0., 0.],
          [1., 1., 1., 0., 1., 0., 1., 1., 0., 1., 0., 0., 0., 0., 1., 0., 0.,
           0., 1.],
          [1., 0., 0., 1., 0., 1., 0., 0., 1., 0., 1., 0., 1., 1., 1., 0., 0.,
           1., 0.],
          [1., 1., 0., 1., 1., 1., 1., 0., 1., 1., 1., 0., 0., 1., 1., 1., 0.,
           0., 0.],
          [1., 1., 1., 1., 1., 1., 0., 1., 0., 1., 1., 0., 0., 1., 0., 1., 1.,
           0., 1.],
          [1., 1., 1., 1., 1., 1., 1., 0., 1., 0., 1., 0., 1., 0., 0., 1., 1.,
           0., 0.],
          [0., 1., 1., 1., 0., 0., 1., 1., 0., 1., 0., 1., 0., 1., 1., 0., 0.,
           0., 1.],
          [0., 0., 0., 0., 0., 1., 0., 0., 0., 0., 0., 0., 1., 1., 0., 1., 1.,
           1., 1.],
          [1., 1., 0., 1., 1., 1., 0., 1., 1., 0., 0., 0., 0., 1., 0., 0., 1.,
           1., 1.],
          [1., 1., 1., 1., 1., 0., 1., 0., 0., 1., 1., 1., 1., 1., 0., 1., 1.,
           1., 1.],
          [1., 1., 0., 1., 0., 0., 1., 0., 0., 0., 0., 1., 1., 1., 0., 1., 1.,
           0., 1.],
          [0., 1., 0., 0., 0., 1., 0., 0., 0., 0., 0., 1., 0., 1., 1., 1., 1.,
           0., 1.],
          [0., 1., 1., 0., 1., 1., 1., 1., 1., 0., 0., 0., 1., 0., 0., 0., 1.,
           1., 0.],
          [1., 1., 1., 0., 0., 0., 0., 1., 1., 0., 1., 0., 0., 0., 1., 0., 1.,
           0., 1.],
          [1., 1., 0., 0., 0., 0., 0., 0., 0., 0., 0., 0., 0., 1., 0., 1., 0.,
           1., 0.],
          [1., 0., 1., 1., 0., 0., 1., 1., 0., 1., 1., 1., 1., 1., 1., 0., 0.,
           0., 1.],
          [1., 0., 0., 0., 1., 1., 0., 1., 0., 1., 0., 1., 1., 0., 1., 0., 0.,
           1., 0.],
          [1., 1., 1., 1., 0., 0., 0., 1., 0., 1., 0., 1., 0., 0., 1., 1., 0.,
           0., 0.]]]], device='cuda:0'), tensor([[0.8027]], device='cuda:0'))
2026-01-08 16:53:47 - INFO - [-0.03560517  0.02097761  0.9046244  -0.27324158  0.9046244  -0.27324155
 -0.04128102  0.02529194]
2026-01-08 16:53:47 - INFO - (tensor([[[[0., 1., 1., 1., 1., 0., 1., 1., 0., 1., 0., 1., 1., 0., 1., 0., 0.,
           1., 0.],
          [1., 1., 1., 1., 1., 0., 1., 0., 1., 0., 0., 0., 0., 1., 0., 1., 0.,
           0., 0.],
          [1., 1., 1., 0., 1., 0., 1., 1., 0., 1., 0., 0., 0., 0., 1., 0., 0.,
           0., 1.],
          [1., 0., 0., 1., 0., 1., 0., 0., 1., 0., 1., 0., 1., 1., 1., 0., 0.,
           1., 0.],
          [1., 1., 0., 1., 1., 1., 1., 0., 1., 1., 1., 0., 0., 1., 1., 1., 0.,
           0., 0.],
          [1., 1., 1., 1., 1., 1., 0., 1., 0., 1., 1., 0., 0., 1., 0., 1., 1.,
           0., 1.],
          [1., 1., 1., 1., 1., 1., 1., 0., 1., 0., 1., 0., 1., 0., 0., 1., 1.,
           0., 0.],
          [0., 1., 1., 1., 0., 0., 1., 1., 0., 1., 0., 1., 0., 1., 1., 0., 0.,
           0., 1.],
          [0., 0., 0., 0., 0., 1., 0., 0., 0., 0., 0., 0., 1., 1., 0., 1., 1.,
           1., 1.],
          [1., 1., 0., 1., 1., 1., 0., 1., 1., 0., 0., 0., 0., 1., 0., 0., 1.,
           1., 1.],
          [1., 1., 1., 1., 1., 0., 1., 0., 0., 1., 1., 1., 1., 1., 0., 1., 1.,
           1., 1.],
          [1., 1., 0., 1., 0., 0., 1., 0., 0., 0., 0., 1., 1., 1., 0., 1., 1.,
           0., 1.],
          [0., 1., 0., 0., 0., 1., 0., 0., 0., 0., 0., 1., 0., 1., 1., 1., 1.,
           0., 1.],
          [0., 1., 1., 0., 1., 1., 1., 1., 1., 0., 0., 0., 1., 0., 0., 0., 1.,
           1., 0.],
          [1., 1., 1., 0., 0., 0., 0., 1., 1., 0., 1., 0., 0., 0., 1., 0., 1.,
           0., 1.],
          [1., 1., 0., 0., 0., 0., 0., 0., 0., 0., 0., 0., 0., 1., 0., 1., 0.,
           1., 0.],
          [1., 0., 1., 1., 0., 0., 1., 1., 0., 1., 1., 1., 1., 1., 1., 0., 0.,
           0., 1.],
          [1., 0., 0., 0., 1., 1., 0., 1., 0., 1., 0., 1., 1., 0., 1., 0., 0.,
           1., 0.],
          [1., 1., 1., 1., 0., 0., 0., 1., 0., 1., 0., 1., 0., 0., 1., 1., 0.,
           0., 0.]]]], device='cuda:0'), tensor([[0.8060]], device='cuda:0'))
2026-01-08 16:53:47 - INFO - [-0.03556481  0.02106376  0.90431565 -0.27414185  0.90431565 -0.27414185
 -0.04126528  0.02540477]
2026-01-08 16:53:47 - INFO - (tensor([[[[0., 1., 1., 1., 1., 0., 1., 1., 0., 1., 0., 1., 1., 0., 1., 0., 0.,
           1., 0.],
          [1., 1., 1., 1., 1., 0., 1., 0., 1., 0., 0., 0., 0., 1., 0., 1., 0.,
           0., 0.],
          [1., 1., 1., 0., 1., 0., 1., 1., 0., 1., 0., 0., 0., 0., 1., 0., 0.,
           0., 1.],
          [1., 0., 0., 1., 0., 1., 0., 0., 1., 0., 1., 0., 1., 1., 1., 0., 0.,
           1., 0.],
          [1., 1., 0., 1., 1., 1., 1., 0., 1., 1., 1., 0., 0., 1., 1., 1., 0.,
           0., 0.],
          [1., 1., 1., 1., 1., 1., 0., 1., 0., 1., 1., 0., 0., 1., 0., 1., 1.,
           0., 1.],
          [1., 1., 1., 1., 1., 1., 1., 0., 1., 0., 1., 0., 1., 0., 0., 1., 1.,
           0., 0.],
          [0., 1., 1., 1., 0., 0., 1., 1., 0., 1., 0., 1., 0., 1., 1., 0., 0.,
           0., 1.],
          [0., 0., 0., 0., 0., 1., 0., 0., 0., 0., 0., 0., 1., 1., 0., 1., 1.,
           1., 1.],
          [1., 1., 0., 1., 1., 1., 0., 1., 1., 0., 0., 0., 0., 1., 0., 0., 1.,
           1., 1.],
          [1., 1., 1., 1., 1., 0., 1., 0., 0., 1., 1., 1., 1., 1., 0., 1., 1.,
           1., 1.],
          [1., 1., 0., 1., 0., 0., 1., 0., 0., 0., 0., 1., 1., 1., 0., 1., 1.,
           0., 1.],
          [0., 1., 0., 0., 0., 1., 0., 0., 0., 0., 0., 1., 0., 1., 1., 1., 1.,
           0., 1.],
          [0., 1., 1., 0., 1., 1., 1., 1., 1., 0., 0., 0., 1., 0., 0., 0., 1.,
           1., 0.],
          [1., 1., 1., 0., 0., 0., 0., 1., 1., 0., 1., 0., 0., 0., 1., 0., 1.,
           0., 1.],
          [1., 1., 0., 0., 0., 0., 0., 0., 0., 0., 0., 0., 0., 1., 0., 1., 0.,
           1., 0.],
          [1., 0., 1., 1., 0., 0., 1., 1., 0., 1., 1., 1., 1., 1., 1., 0., 0.,
           0., 1.],
          [1., 0., 0., 0., 1., 1., 0., 1., 0., 1., 0., 1., 1., 0., 1., 0., 0.,
           1., 0.],
          [1., 1., 1., 1., 0., 0., 0., 1., 0., 1., 0., 1., 0., 0., 1., 1., 0.,
           0., 0.]]]], device='cuda:0'), tensor([[0.8094]], device='cuda:0'))
2026-01-08 16:53:47 - INFO - [-0.03552346  0.02115162  0.9040141  -0.2750159   0.9040141  -0.2750159
 -0.04124859  0.02551836]
2026-01-08 16:53:47 - INFO - (tensor([[[[0., 1., 1., 1., 1., 0., 1., 1., 0., 1., 0., 1., 1., 0., 1., 0., 0.,
           1., 0.],
          [1., 1., 1., 1., 1., 0., 1., 0., 1., 0., 0., 0., 0., 1., 0., 1., 0.,
           0., 0.],
          [1., 1., 1., 0., 1., 0., 1., 1., 0., 1., 0., 0., 0., 0., 1., 0., 0.,
           0., 1.],
          [1., 0., 0., 1., 0., 1., 0., 0., 1., 0., 1., 0., 1., 1., 1., 0., 0.,
           1., 0.],
          [1., 1., 0., 1., 1., 1., 1., 0., 1., 1., 1., 0., 0., 1., 1., 1., 0.,
           0., 0.],
          [1., 1., 1., 1., 1., 1., 0., 1., 0., 1., 1., 0., 0., 1., 0., 1., 1.,
           0., 1.],
          [1., 1., 1., 1., 1., 1., 1., 0., 1., 0., 1., 0., 1., 0., 0., 1., 1.,
           0., 0.],
          [0., 1., 1., 1., 0., 0., 1., 1., 0., 1., 0., 1., 0., 1., 1., 0., 0.,
           0., 1.],
          [0., 0., 0., 0., 0., 1., 0., 0., 0., 0., 0., 0., 1., 1., 0., 1., 1.,
           1., 1.],
          [1., 1., 0., 1., 1., 1., 0., 1., 1., 0., 0., 0., 0., 1., 0., 0., 1.,
           1., 1.],
          [1., 1., 1., 1., 1., 0., 1., 0., 0., 1., 1., 1., 1., 1., 0., 1., 1.,
           1., 1.],
          [1., 1., 0., 1., 0., 0., 1., 0., 0., 0., 0., 1., 1., 1., 0., 1., 1.,
           0., 1.],
          [0., 1., 0., 0., 0., 1., 0., 0., 0., 0., 0., 1., 0., 1., 1., 1., 1.,
           0., 1.],
          [0., 1., 1., 0., 1., 1., 1., 1., 1., 0., 0., 0., 1., 0., 0., 0., 1.,
           1., 0.],
          [1., 1., 1., 0., 0., 0., 0., 1., 1., 0., 1., 0., 0., 0., 1., 0., 1.,
           0., 1.],
          [1., 1., 0., 0., 0., 0., 0., 0., 0., 0., 0., 0., 0., 1., 0., 1., 0.,
           1., 0.],
          [1., 0., 1., 1., 0., 0., 1., 1., 0., 1., 1., 1., 1., 1., 1., 0., 0.,
           0., 1.],
          [1., 0., 0., 0., 1., 1., 0., 1., 0., 1., 0., 1., 1., 0., 1., 0., 0.,
           1., 0.],
          [1., 1., 1., 1., 0., 0., 0., 1., 0., 1., 0., 1., 0., 0., 1., 1., 0.,
           0., 0.]]]], device='cuda:0'), tensor([[0.8127]], device='cuda:0'))
2026-01-08 16:53:47 - INFO - [-0.03548436  0.02123497  0.90372986 -0.2758387   0.90372986 -0.27583867
 -0.0412322   0.02562524]
2026-01-08 16:53:47 - INFO - (tensor([[[[0., 1., 1., 1., 1., 0., 1., 1., 0., 1., 0., 1., 1., 0., 1., 0., 0.,
           1., 0.],
          [1., 1., 1., 1., 1., 0., 1., 0., 1., 0., 0., 0., 0., 1., 0., 1., 0.,
           0., 0.],
          [1., 1., 1., 0., 1., 0., 1., 1., 0., 1., 0., 0., 0., 0., 1., 0., 0.,
           0., 1.],
          [1., 0., 0., 1., 0., 1., 0., 0., 1., 0., 1., 0., 1., 1., 1., 0., 0.,
           1., 0.],
          [1., 1., 0., 1., 1., 1., 1., 0., 1., 1., 1., 0., 0., 1., 1., 1., 0.,
           0., 0.],
          [1., 1., 1., 1., 1., 1., 0., 1., 0., 1., 1., 0., 0., 1., 0., 1., 1.,
           0., 1.],
          [1., 1., 1., 1., 1., 1., 1., 0., 1., 0., 1., 0., 1., 0., 0., 1., 1.,
           0., 0.],
          [0., 1., 1., 1., 0., 0., 1., 1., 0., 1., 0., 1., 0., 1., 1., 0., 0.,
           0., 1.],
          [0., 0., 0., 0., 0., 1., 0., 0., 0., 0., 0., 0., 1., 1., 0., 1., 1.,
           1., 1.],
          [1., 1., 0., 1., 1., 1., 0., 1., 1., 0., 0., 0., 0., 1., 0., 0., 1.,
           1., 1.],
          [1., 1., 1., 1., 1., 0., 1., 0., 0., 1., 1., 1., 1., 1., 0., 1., 1.,
           1., 1.],
          [1., 1., 0., 1., 0., 0., 1., 0., 0., 0., 0., 1., 1., 1., 0., 1., 1.,
           0., 1.],
          [0., 1., 0., 0., 0., 1., 0., 0., 0., 0., 0., 1., 0., 1., 1., 1., 1.,
           0., 1.],
          [0., 1., 1., 0., 1., 1., 1., 1., 1., 0., 0., 0., 1., 0., 0., 0., 1.,
           1., 0.],
          [1., 1., 1., 0., 0., 0., 0., 1., 1., 0., 1., 0., 0., 0., 1., 0., 1.,
           0., 1.],
          [1., 1., 0., 0., 0., 0., 0., 0., 0., 0., 0., 0., 0., 1., 0., 1., 0.,
           1., 0.],
          [1., 0., 1., 1., 0., 0., 1., 1., 0., 1., 1., 1., 1., 1., 1., 0., 0.,
           0., 1.],
          [1., 0., 0., 0., 1., 1., 0., 1., 0., 1., 0., 1., 1., 0., 1., 0., 0.,
           1., 0.],
          [1., 1., 1., 1., 0., 0., 0., 1., 0., 1., 0., 1., 0., 0., 1., 1., 0.,
           0., 0.]]]], device='cuda:0'), tensor([[0.8161]], device='cuda:0'))
2026-01-08 16:53:47 - INFO - [-0.03543762  0.02134217  0.9033616  -0.27688852  0.9033617  -0.27688852
 -0.04121396  0.02575856]
2026-01-08 16:53:47 - INFO - (tensor([[[[0., 1., 1., 1., 1., 0., 1., 1., 0., 1., 0., 1., 1., 0., 1., 0., 0.,
           1., 0.],
          [1., 1., 1., 1., 1., 0., 1., 0., 1., 0., 0., 0., 0., 1., 0., 1., 0.,
           0., 0.],
          [1., 1., 1., 0., 1., 0., 1., 1., 0., 1., 0., 0., 0., 0., 1., 0., 0.,
           0., 1.],
          [1., 0., 0., 1., 0., 1., 0., 0., 1., 0., 1., 0., 1., 1., 1., 0., 0.,
           1., 0.],
          [1., 1., 0., 1., 1., 1., 1., 0., 1., 1., 1., 0., 0., 1., 1., 1., 0.,
           0., 0.],
          [1., 1., 1., 1., 1., 1., 0., 1., 0., 1., 1., 0., 0., 1., 0., 1., 1.,
           0., 1.],
          [1., 1., 1., 1., 1., 1., 1., 0., 1., 0., 1., 0., 1., 0., 0., 1., 1.,
           0., 0.],
          [0., 1., 1., 1., 0., 0., 1., 1., 0., 1., 0., 1., 0., 1., 1., 0., 0.,
           0., 1.],
          [0., 0., 0., 0., 0., 1., 0., 0., 0., 0., 0., 0., 1., 1., 0., 1., 1.,
           1., 1.],
          [1., 1., 0., 1., 1., 1., 0., 1., 1., 0., 0., 0., 0., 1., 0., 0., 1.,
           1., 1.],
          [1., 1., 1., 1., 1., 0., 1., 0., 0., 1., 1., 1., 1., 1., 0., 1., 1.,
           1., 1.],
          [1., 1., 0., 1., 0., 0., 1., 0., 0., 0., 0., 1., 1., 1., 0., 1., 1.,
           0., 1.],
          [0., 1., 0., 0., 0., 1., 0., 0., 0., 0., 0., 1., 0., 1., 1., 1., 1.,
           0., 1.],
          [0., 1., 1., 0., 1., 1., 1., 1., 1., 0., 0., 0., 1., 0., 0., 0., 1.,
           1., 0.],
          [1., 1., 1., 0., 0., 0., 0., 1., 1., 0., 1., 0., 0., 0., 1., 0., 1.,
           0., 1.],
          [1., 1., 0., 0., 0., 0., 0., 0., 0., 0., 0., 0., 0., 1., 0., 1., 0.,
           1., 0.],
          [1., 0., 1., 1., 0., 0., 1., 1., 0., 1., 1., 1., 1., 1., 1., 0., 0.,
           0., 1.],
          [1., 0., 0., 0., 1., 1., 0., 1., 0., 1., 0., 1., 1., 0., 1., 0., 0.,
           1., 0.],
          [1., 1., 1., 1., 0., 0., 0., 1., 0., 1., 0., 1., 0., 0., 1., 1., 0.,
           0., 0.]]]], device='cuda:0'), tensor([[0.8194]], device='cuda:0'))
2026-01-08 16:53:47 - INFO - [-0.03537914  0.02147592  0.9029305  -0.27810228  0.9029305  -0.27810225
 -0.04118646  0.02591189]
2026-01-08 16:53:47 - INFO - (tensor([[[[0., 1., 1., 1., 1., 0., 1., 1., 0., 1., 0., 1., 1., 0., 1., 0., 0.,
           1., 0.],
          [1., 1., 1., 1., 1., 0., 1., 0., 1., 0., 0., 0., 0., 1., 0., 1., 0.,
           0., 0.],
          [1., 1., 1., 0., 1., 0., 1., 1., 0., 1., 0., 0., 0., 0., 1., 0., 0.,
           0., 1.],
          [1., 0., 0., 1., 0., 1., 0., 0., 1., 0., 1., 0., 1., 1., 1., 0., 0.,
           1., 0.],
          [1., 1., 0., 1., 1., 1., 1., 0., 1., 1., 1., 0., 0., 1., 1., 1., 0.,
           0., 0.],
          [1., 1., 1., 1., 1., 1., 0., 1., 0., 1., 1., 0., 0., 1., 0., 1., 1.,
           0., 1.],
          [1., 1., 1., 1., 1., 1., 1., 0., 1., 0., 1., 0., 1., 0., 0., 1., 1.,
           0., 0.],
          [0., 1., 1., 1., 0., 0., 1., 1., 0., 1., 0., 1., 0., 1., 1., 0., 0.,
           0., 1.],
          [0., 0., 0., 0., 0., 1., 0., 0., 0., 0., 0., 0., 1., 1., 0., 1., 1.,
           1., 1.],
          [1., 1., 0., 1., 1., 1., 0., 1., 1., 0., 0., 0., 0., 1., 0., 0., 1.,
           1., 1.],
          [1., 1., 1., 1., 1., 0., 1., 0., 0., 1., 1., 1., 1., 1., 0., 1., 1.,
           1., 1.],
          [1., 1., 0., 1., 0., 0., 1., 0., 0., 0., 0., 1., 1., 1., 0., 1., 1.,
           0., 1.],
          [0., 1., 0., 0., 0., 1., 0., 0., 0., 0., 0., 1., 0., 1., 1., 1., 1.,
           0., 1.],
          [0., 1., 1., 0., 1., 1., 1., 1., 1., 0., 0., 0., 1., 0., 0., 0., 1.,
           1., 0.],
          [1., 1., 1., 0., 0., 0., 0., 1., 1., 0., 1., 0., 0., 0., 1., 0., 1.,
           0., 1.],
          [1., 1., 0., 0., 0., 0., 0., 0., 0., 0., 0., 0., 0., 1., 0., 1., 0.,
           1., 0.],
          [1., 0., 1., 1., 0., 0., 1., 1., 0., 1., 1., 1., 1., 1., 1., 0., 0.,
           0., 1.],
          [1., 0., 0., 0., 1., 1., 0., 1., 0., 1., 0., 1., 1., 0., 1., 0., 0.,
           1., 0.],
          [1., 1., 1., 1., 0., 0., 0., 1., 0., 1., 0., 1., 0., 0., 1., 1., 0.,
           0., 0.]]]], device='cuda:0'), tensor([[0.8227]], device='cuda:0'))
2026-01-08 16:53:47 - INFO - [-0.03531691  0.02160309  0.9025133  -0.27926764  0.9025133  -0.2792676
 -0.04115504  0.0260599 ]
2026-01-08 16:53:47 - INFO - (tensor([[[[0., 1., 1., 1., 1., 0., 1., 1., 0., 1., 0., 1., 1., 0., 1., 0., 0.,
           1., 0.],
          [1., 1., 1., 1., 1., 0., 1., 0., 1., 0., 0., 0., 0., 1., 0., 1., 0.,
           0., 0.],
          [1., 1., 1., 0., 1., 0., 1., 1., 0., 1., 0., 0., 0., 0., 1., 0., 0.,
           0., 1.],
          [1., 0., 0., 1., 0., 1., 0., 0., 1., 0., 1., 0., 1., 1., 1., 0., 0.,
           1., 0.],
          [1., 1., 0., 1., 1., 1., 1., 0., 1., 1., 1., 0., 0., 1., 1., 1., 0.,
           0., 0.],
          [1., 1., 1., 1., 1., 1., 0., 1., 0., 1., 1., 0., 0., 1., 0., 1., 1.,
           0., 1.],
          [1., 1., 1., 1., 1., 1., 1., 0., 1., 0., 1., 0., 1., 0., 0., 1., 1.,
           0., 0.],
          [0., 1., 1., 1., 0., 0., 1., 1., 0., 1., 0., 1., 0., 1., 1., 0., 0.,
           0., 1.],
          [0., 0., 0., 0., 0., 1., 0., 0., 0., 0., 0., 0., 1., 1., 0., 1., 1.,
           1., 1.],
          [1., 1., 0., 1., 1., 1., 0., 1., 1., 0., 0., 0., 0., 1., 0., 0., 1.,
           1., 1.],
          [1., 1., 1., 1., 1., 0., 1., 0., 0., 1., 1., 1., 1., 1., 0., 1., 1.,
           1., 1.],
          [1., 1., 0., 1., 0., 0., 1., 0., 0., 0., 0., 1., 1., 1., 0., 1., 1.,
           0., 1.],
          [0., 1., 0., 0., 0., 1., 0., 0., 0., 0., 0., 1., 0., 1., 1., 1., 1.,
           0., 1.],
          [0., 1., 1., 0., 1., 1., 1., 1., 1., 0., 0., 0., 1., 0., 0., 0., 1.,
           1., 0.],
          [1., 1., 1., 0., 0., 0., 0., 1., 1., 0., 1., 0., 0., 0., 1., 0., 1.,
           0., 1.],
          [1., 1., 0., 0., 0., 0., 0., 0., 0., 0., 0., 0., 0., 1., 0., 1., 0.,
           1., 0.],
          [1., 0., 1., 1., 0., 0., 1., 1., 0., 1., 1., 1., 1., 1., 1., 0., 0.,
           0., 1.],
          [1., 0., 0., 0., 1., 1., 0., 1., 0., 1., 0., 1., 1., 0., 1., 0., 0.,
           1., 0.],
          [1., 1., 1., 1., 0., 0., 0., 1., 0., 1., 0., 1., 0., 0., 1., 1., 0.,
           0., 0.]]]], device='cuda:0'), tensor([[0.8261]], device='cuda:0'))
2026-01-08 16:53:47 - INFO - [-0.03526202  0.0217098   0.90213394 -0.28033733  0.90213394 -0.28033733
 -0.04113121  0.02619159]
2026-01-08 16:53:47 - INFO - (tensor([[[[0., 1., 1., 1., 1., 0., 1., 1., 0., 1., 0., 1., 1., 0., 1., 0., 0.,
           1., 0.],
          [1., 1., 1., 1., 1., 0., 1., 0., 1., 0., 0., 0., 0., 1., 0., 1., 0.,
           0., 0.],
          [1., 1., 1., 0., 1., 0., 1., 1., 0., 1., 0., 0., 0., 0., 1., 0., 0.,
           0., 1.],
          [1., 0., 0., 1., 0., 1., 0., 0., 1., 0., 1., 0., 1., 1., 1., 0., 0.,
           1., 0.],
          [1., 1., 0., 1., 1., 1., 1., 0., 1., 1., 1., 0., 0., 1., 1., 1., 0.,
           0., 0.],
          [1., 1., 1., 1., 1., 1., 0., 1., 0., 1., 1., 0., 0., 1., 0., 1., 1.,
           0., 1.],
          [1., 1., 1., 1., 1., 1., 1., 0., 1., 0., 1., 0., 1., 0., 0., 1., 1.,
           0., 0.],
          [0., 1., 1., 1., 0., 0., 1., 1., 0., 1., 0., 1., 0., 1., 1., 0., 0.,
           0., 1.],
          [0., 0., 0., 0., 0., 1., 0., 0., 0., 0., 0., 0., 1., 1., 0., 1., 1.,
           1., 1.],
          [1., 1., 0., 1., 1., 1., 0., 1., 1., 0., 0., 0., 0., 1., 0., 0., 1.,
           1., 1.],
          [1., 1., 1., 1., 1., 0., 1., 0., 0., 1., 1., 1., 1., 1., 0., 1., 1.,
           1., 1.],
          [1., 1., 0., 1., 0., 0., 1., 0., 0., 0., 0., 1., 1., 1., 0., 1., 1.,
           0., 1.],
          [0., 1., 0., 0., 0., 1., 0., 0., 0., 0., 0., 1., 0., 1., 1., 1., 1.,
           0., 1.],
          [0., 1., 1., 0., 1., 1., 1., 1., 1., 0., 0., 0., 1., 0., 0., 0., 1.,
           1., 0.],
          [1., 1., 1., 0., 0., 0., 0., 1., 1., 0., 1., 0., 0., 0., 1., 0., 1.,
           0., 1.],
          [1., 1., 0., 0., 0., 0., 0., 0., 0., 0., 0., 0., 0., 1., 0., 1., 0.,
           1., 0.],
          [1., 0., 1., 1., 0., 0., 1., 1., 0., 1., 1., 1., 1., 1., 1., 0., 0.,
           0., 1.],
          [1., 0., 0., 0., 1., 1., 0., 1., 0., 1., 0., 1., 1., 0., 1., 0., 0.,
           1., 0.],
          [1., 1., 1., 1., 0., 0., 0., 1., 0., 1., 0., 1., 0., 0., 1., 1., 0.,
           0., 0.]]]], device='cuda:0'), tensor([[0.8294]], device='cuda:0'))
2026-01-08 16:53:47 - INFO - [-0.03521671  0.021772    0.90183985 -0.2811919   0.90183985 -0.28119186
 -0.04112474  0.02629164]
2026-01-08 16:53:47 - INFO - (tensor([[[[0., 1., 1., 1., 1., 0., 1., 1., 0., 1., 0., 1., 1., 0., 1., 0., 0.,
           1., 0.],
          [1., 1., 1., 1., 1., 0., 1., 0., 1., 0., 0., 0., 0., 1., 0., 1., 0.,
           0., 0.],
          [1., 1., 1., 0., 1., 0., 1., 1., 0., 1., 0., 0., 0., 0., 1., 0., 0.,
           0., 1.],
          [1., 0., 0., 1., 0., 1., 0., 0., 1., 0., 1., 0., 1., 1., 1., 0., 0.,
           1., 0.],
          [1., 1., 0., 1., 1., 1., 1., 0., 1., 1., 1., 0., 0., 1., 1., 1., 0.,
           0., 0.],
          [1., 1., 1., 1., 1., 1., 0., 1., 0., 1., 1., 0., 0., 1., 0., 1., 1.,
           0., 1.],
          [1., 1., 1., 1., 1., 1., 1., 0., 1., 0., 1., 0., 1., 0., 0., 1., 1.,
           0., 0.],
          [0., 1., 1., 1., 0., 0., 1., 1., 0., 1., 0., 1., 0., 1., 1., 0., 0.,
           0., 1.],
          [0., 0., 0., 0., 0., 1., 0., 0., 0., 0., 0., 0., 1., 1., 0., 1., 1.,
           1., 1.],
          [1., 1., 0., 1., 1., 1., 0., 1., 1., 0., 0., 0., 0., 1., 0., 0., 1.,
           1., 1.],
          [1., 1., 1., 1., 1., 0., 1., 0., 0., 1., 1., 1., 1., 1., 0., 1., 1.,
           1., 1.],
          [1., 1., 0., 1., 0., 0., 1., 0., 0., 0., 0., 1., 1., 1., 0., 1., 1.,
           0., 1.],
          [0., 1., 0., 0., 0., 1., 0., 0., 0., 0., 0., 1., 0., 1., 1., 1., 1.,
           0., 1.],
          [0., 1., 1., 0., 1., 1., 1., 1., 1., 0., 0., 0., 1., 0., 0., 0., 1.,
           1., 0.],
          [1., 1., 1., 0., 0., 0., 0., 1., 1., 0., 1., 0., 0., 0., 1., 0., 1.,
           0., 1.],
          [1., 1., 0., 0., 0., 0., 0., 0., 0., 0., 0., 0., 0., 1., 0., 1., 0.,
           1., 0.],
          [1., 0., 1., 1., 0., 0., 1., 1., 0., 1., 1., 1., 1., 1., 1., 0., 0.,
           0., 1.],
          [1., 0., 0., 0., 1., 1., 0., 1., 0., 1., 0., 1., 1., 0., 1., 0., 0.,
           1., 0.],
          [1., 1., 1., 1., 0., 0., 0., 1., 0., 1., 0., 1., 0., 0., 1., 1., 0.,
           0., 0.]]]], device='cuda:0'), tensor([[0.8328]], device='cuda:0'))
2026-01-08 16:53:47 - INFO - [-0.03516373  0.02183267  0.90154004 -0.2820679   0.90154004 -0.2820679
 -0.04112187  0.02640157]
2026-01-08 16:53:47 - INFO - (tensor([[[[0., 1., 1., 1., 1., 0., 1., 1., 0., 1., 0., 1., 1., 0., 1., 0., 0.,
           1., 0.],
          [1., 1., 1., 1., 1., 0., 1., 0., 1., 0., 0., 0., 0., 1., 0., 1., 0.,
           0., 0.],
          [1., 1., 1., 0., 1., 0., 1., 1., 0., 1., 0., 0., 0., 0., 1., 0., 0.,
           0., 1.],
          [1., 0., 0., 1., 0., 1., 0., 0., 1., 0., 1., 0., 1., 1., 1., 0., 0.,
           1., 0.],
          [1., 1., 0., 1., 1., 1., 1., 0., 1., 1., 1., 0., 0., 1., 1., 1., 0.,
           0., 0.],
          [1., 1., 1., 1., 1., 1., 0., 1., 0., 1., 1., 0., 0., 1., 0., 1., 1.,
           0., 1.],
          [1., 1., 1., 1., 1., 1., 1., 0., 1., 0., 1., 0., 1., 0., 0., 1., 1.,
           0., 0.],
          [0., 1., 1., 1., 0., 0., 1., 1., 0., 1., 0., 1., 0., 1., 1., 0., 0.,
           0., 1.],
          [0., 0., 0., 0., 0., 1., 0., 0., 0., 0., 0., 0., 1., 1., 0., 1., 1.,
           1., 1.],
          [1., 1., 0., 1., 1., 1., 0., 1., 1., 0., 0., 0., 0., 1., 0., 0., 1.,
           1., 1.],
          [1., 1., 1., 1., 1., 0., 1., 0., 0., 1., 1., 1., 1., 1., 0., 1., 1.,
           1., 1.],
          [1., 1., 0., 1., 0., 0., 1., 0., 0., 0., 0., 1., 1., 1., 0., 1., 1.,
           0., 1.],
          [0., 1., 0., 0., 0., 1., 0., 0., 0., 0., 0., 1., 0., 1., 1., 1., 1.,
           0., 1.],
          [0., 1., 1., 0., 1., 1., 1., 1., 1., 0., 0., 0., 1., 0., 0., 0., 1.,
           1., 0.],
          [1., 1., 1., 0., 0., 0., 0., 1., 1., 0., 1., 0., 0., 0., 1., 0., 1.,
           0., 1.],
          [1., 1., 0., 0., 0., 0., 0., 0., 0., 0., 0., 0., 0., 1., 0., 1., 0.,
           1., 0.],
          [1., 0., 1., 1., 0., 0., 1., 1., 0., 1., 1., 1., 1., 1., 1., 0., 0.,
           0., 1.],
          [1., 0., 0., 0., 1., 1., 0., 1., 0., 1., 0., 1., 1., 0., 1., 0., 0.,
           1., 0.],
          [1., 1., 1., 1., 0., 0., 0., 1., 0., 1., 0., 1., 0., 0., 1., 1., 0.,
           0., 0.]]]], device='cuda:0'), tensor([[0.8361]], device='cuda:0'))
2026-01-08 16:53:47 - INFO - [-0.03510056  0.02189351  0.9011635  -0.2831711   0.9011635  -0.28317106
 -0.04112907  0.0265332 ]
2026-01-08 16:53:47 - INFO - (tensor([[[[0., 1., 1., 1., 1., 0., 1., 1., 0., 1., 0., 1., 1., 0., 1., 0., 0.,
           1., 0.],
          [1., 1., 1., 1., 1., 0., 1., 0., 1., 0., 0., 0., 0., 1., 0., 1., 0.,
           0., 0.],
          [1., 1., 1., 0., 1., 0., 1., 1., 0., 1., 0., 0., 0., 0., 1., 0., 0.,
           0., 1.],
          [1., 0., 0., 1., 0., 1., 0., 0., 1., 0., 1., 0., 1., 1., 1., 0., 0.,
           1., 0.],
          [1., 1., 0., 1., 1., 1., 1., 0., 1., 1., 1., 0., 0., 1., 1., 1., 0.,
           0., 0.],
          [1., 1., 1., 1., 1., 1., 0., 1., 0., 1., 1., 0., 0., 1., 0., 1., 1.,
           0., 1.],
          [1., 1., 1., 1., 1., 1., 1., 0., 1., 0., 1., 0., 1., 0., 0., 1., 1.,
           0., 0.],
          [0., 1., 1., 1., 0., 0., 1., 1., 0., 1., 0., 1., 0., 1., 1., 0., 0.,
           0., 1.],
          [0., 0., 0., 0., 0., 1., 0., 0., 0., 0., 0., 0., 1., 1., 0., 1., 1.,
           1., 1.],
          [1., 1., 0., 1., 1., 1., 0., 1., 1., 0., 0., 0., 0., 1., 0., 0., 1.,
           1., 1.],
          [1., 1., 1., 1., 1., 0., 1., 0., 0., 1., 1., 1., 1., 1., 0., 1., 1.,
           1., 1.],
          [1., 1., 0., 1., 0., 0., 1., 0., 0., 0., 0., 1., 1., 1., 0., 1., 1.,
           0., 1.],
          [0., 1., 0., 0., 0., 1., 0., 0., 0., 0., 0., 1., 0., 1., 1., 1., 1.,
           0., 1.],
          [0., 1., 1., 0., 1., 1., 1., 1., 1., 0., 0., 0., 1., 0., 0., 0., 1.,
           1., 0.],
          [1., 1., 1., 0., 0., 0., 0., 1., 1., 0., 1., 0., 0., 0., 1., 0., 1.,
           0., 1.],
          [1., 1., 0., 0., 0., 0., 0., 0., 0., 0., 0., 0., 0., 1., 0., 1., 0.,
           1., 0.],
          [1., 0., 1., 1., 0., 0., 1., 1., 0., 1., 1., 1., 1., 1., 1., 0., 0.,
           0., 1.],
          [1., 0., 0., 0., 1., 1., 0., 1., 0., 1., 0., 1., 1., 0., 1., 0., 0.,
           1., 0.],
          [1., 1., 1., 1., 0., 0., 0., 1., 0., 1., 0., 1., 0., 0., 1., 1., 0.,
           0., 0.]]]], device='cuda:0'), tensor([[0.8395]], device='cuda:0'))
2026-01-08 16:53:47 - INFO - [-0.03504155  0.02196412  0.900786   -0.28426838  0.9007859  -0.28426835
 -0.04113261  0.0266641 ]
2026-01-08 16:53:47 - INFO - (tensor([[[[0., 1., 1., 1., 1., 0., 1., 1., 0., 1., 0., 1., 1., 0., 1., 0., 0.,
           1., 0.],
          [1., 1., 1., 1., 1., 0., 1., 0., 1., 0., 0., 0., 0., 1., 0., 1., 0.,
           0., 0.],
          [1., 1., 1., 0., 1., 0., 1., 1., 0., 1., 0., 0., 0., 0., 1., 0., 0.,
           0., 1.],
          [1., 0., 0., 1., 0., 1., 0., 0., 1., 0., 1., 0., 1., 1., 1., 0., 0.,
           1., 0.],
          [1., 1., 0., 1., 1., 1., 1., 0., 1., 1., 1., 0., 0., 1., 1., 1., 0.,
           0., 0.],
          [1., 1., 1., 1., 1., 1., 0., 1., 0., 1., 1., 0., 0., 1., 0., 1., 1.,
           0., 1.],
          [1., 1., 1., 1., 1., 1., 1., 0., 1., 0., 1., 0., 1., 0., 0., 1., 1.,
           0., 0.],
          [0., 1., 1., 1., 0., 0., 1., 1., 0., 1., 0., 1., 0., 1., 1., 0., 0.,
           0., 1.],
          [0., 0., 0., 0., 0., 1., 0., 0., 0., 0., 0., 0., 1., 1., 0., 1., 1.,
           1., 1.],
          [1., 1., 0., 1., 1., 1., 0., 1., 1., 0., 0., 0., 0., 1., 0., 0., 1.,
           1., 1.],
          [1., 1., 1., 1., 1., 0., 1., 0., 0., 1., 1., 1., 1., 1., 0., 1., 1.,
           1., 1.],
          [1., 1., 0., 1., 0., 0., 1., 0., 0., 0., 0., 1., 1., 1., 0., 1., 1.,
           0., 1.],
          [0., 1., 0., 0., 0., 1., 0., 0., 0., 0., 0., 1., 0., 1., 1., 1., 1.,
           0., 1.],
          [0., 1., 1., 0., 1., 1., 1., 1., 1., 0., 0., 0., 1., 0., 0., 0., 1.,
           1., 0.],
          [1., 1., 1., 0., 0., 0., 0., 1., 1., 0., 1., 0., 0., 0., 1., 0., 1.,
           0., 1.],
          [1., 1., 0., 0., 0., 0., 0., 0., 0., 0., 0., 0., 0., 1., 0., 1., 0.,
           1., 0.],
          [1., 0., 1., 1., 0., 0., 1., 1., 0., 1., 1., 1., 1., 1., 1., 0., 0.,
           0., 1.],
          [1., 0., 0., 0., 1., 1., 0., 1., 0., 1., 0., 1., 1., 0., 1., 0., 0.,
           1., 0.],
          [1., 1., 1., 1., 0., 0., 0., 1., 0., 1., 0., 1., 0., 0., 1., 1., 0.,
           0., 0.]]]], device='cuda:0'), tensor([[0.8428]], device='cuda:0'))
2026-01-08 16:53:47 - INFO - [-0.03498986  0.02205731  0.90042156 -0.28531793  0.90042156 -0.2853179
 -0.04112994  0.02679673]
2026-01-08 16:53:47 - INFO - (tensor([[[[0., 1., 1., 1., 1., 0., 1., 1., 0., 1., 0., 1., 1., 0., 1., 0., 0.,
           1., 0.],
          [1., 1., 1., 1., 1., 0., 1., 0., 1., 0., 0., 0., 0., 1., 0., 1., 0.,
           0., 0.],
          [1., 1., 1., 0., 1., 0., 1., 1., 0., 1., 0., 0., 0., 0., 1., 0., 0.,
           0., 1.],
          [1., 0., 0., 1., 0., 1., 0., 0., 1., 0., 1., 0., 1., 1., 1., 0., 0.,
           1., 0.],
          [1., 1., 0., 1., 1., 1., 1., 0., 1., 1., 1., 0., 0., 1., 1., 1., 0.,
           0., 0.],
          [1., 1., 1., 1., 1., 1., 0., 1., 0., 1., 1., 0., 0., 1., 0., 1., 1.,
           0., 1.],
          [1., 1., 1., 1., 1., 1., 1., 0., 1., 0., 1., 0., 1., 0., 0., 1., 1.,
           0., 0.],
          [0., 1., 1., 1., 0., 0., 1., 1., 0., 1., 0., 1., 0., 1., 1., 0., 0.,
           0., 1.],
          [0., 0., 0., 0., 0., 1., 0., 0., 0., 0., 0., 0., 1., 1., 0., 1., 1.,
           1., 1.],
          [1., 1., 0., 1., 1., 1., 0., 1., 1., 0., 0., 0., 0., 1., 0., 0., 1.,
           1., 1.],
          [1., 1., 1., 1., 1., 0., 1., 0., 0., 1., 1., 1., 1., 1., 0., 1., 1.,
           1., 1.],
          [1., 1., 0., 1., 0., 0., 1., 0., 0., 0., 0., 1., 1., 1., 0., 1., 1.,
           0., 1.],
          [0., 1., 0., 0., 0., 1., 0., 0., 0., 0., 0., 1., 0., 1., 1., 1., 1.,
           0., 1.],
          [0., 1., 1., 0., 1., 1., 1., 1., 1., 0., 0., 0., 1., 0., 0., 0., 1.,
           1., 0.],
          [1., 1., 1., 0., 0., 0., 0., 1., 1., 0., 1., 0., 0., 0., 1., 0., 1.,
           0., 1.],
          [1., 1., 0., 0., 0., 0., 0., 0., 0., 0., 0., 0., 0., 1., 0., 1., 0.,
           1., 0.],
          [1., 0., 1., 1., 0., 0., 1., 1., 0., 1., 1., 1., 1., 1., 1., 0., 0.,
           0., 1.],
          [1., 0., 0., 0., 1., 1., 0., 1., 0., 1., 0., 1., 1., 0., 1., 0., 0.,
           1., 0.],
          [1., 1., 1., 1., 0., 0., 0., 1., 0., 1., 0., 1., 0., 0., 1., 1., 0.,
           0., 0.]]]], device='cuda:0'), tensor([[0.8462]], device='cuda:0'))
2026-01-08 16:53:47 - INFO - [-0.03494489  0.02214649  0.9000664  -0.28633705  0.9000664  -0.28633702
 -0.04113038  0.02692064]
2026-01-08 16:53:47 - INFO - (tensor([[[[0., 1., 1., 1., 1., 0., 1., 1., 0., 1., 0., 1., 1., 0., 1., 0., 0.,
           1., 0.],
          [1., 1., 1., 1., 1., 0., 1., 0., 1., 0., 0., 0., 0., 1., 0., 1., 0.,
           0., 0.],
          [1., 1., 1., 0., 1., 0., 1., 1., 0., 1., 0., 0., 0., 0., 1., 0., 0.,
           0., 1.],
          [1., 0., 0., 1., 0., 1., 0., 0., 1., 0., 1., 0., 1., 1., 1., 0., 0.,
           1., 0.],
          [1., 1., 0., 1., 1., 1., 1., 0., 1., 1., 1., 0., 0., 1., 1., 1., 0.,
           0., 0.],
          [1., 1., 1., 1., 1., 1., 0., 1., 0., 1., 1., 0., 0., 1., 0., 1., 1.,
           0., 1.],
          [1., 1., 1., 1., 1., 1., 1., 0., 1., 0., 1., 0., 1., 0., 0., 1., 1.,
           0., 0.],
          [0., 1., 1., 1., 0., 0., 1., 1., 0., 1., 0., 1., 0., 1., 1., 0., 0.,
           0., 1.],
          [0., 0., 0., 0., 0., 1., 0., 0., 0., 0., 0., 0., 1., 1., 0., 1., 1.,
           1., 1.],
          [1., 1., 0., 1., 1., 1., 0., 1., 1., 0., 0., 0., 0., 1., 0., 0., 1.,
           1., 1.],
          [1., 1., 1., 1., 1., 0., 1., 0., 0., 1., 1., 1., 1., 1., 0., 1., 1.,
           1., 1.],
          [1., 1., 0., 1., 0., 0., 1., 0., 0., 0., 0., 1., 1., 1., 0., 1., 1.,
           0., 1.],
          [0., 1., 0., 0., 0., 1., 0., 0., 0., 0., 0., 1., 0., 1., 1., 1., 1.,
           0., 1.],
          [0., 1., 1., 0., 1., 1., 1., 1., 1., 0., 0., 0., 1., 0., 0., 0., 1.,
           1., 0.],
          [1., 1., 1., 0., 0., 0., 0., 1., 1., 0., 1., 0., 0., 0., 1., 0., 1.,
           0., 1.],
          [1., 1., 0., 0., 0., 0., 0., 0., 0., 0., 0., 0., 0., 1., 0., 1., 0.,
           1., 0.],
          [1., 0., 1., 1., 0., 0., 1., 1., 0., 1., 1., 1., 1., 1., 1., 0., 0.,
           0., 1.],
          [1., 0., 0., 0., 1., 1., 0., 1., 0., 1., 0., 1., 1., 0., 1., 0., 0.,
           1., 0.],
          [1., 1., 1., 1., 0., 0., 0., 1., 0., 1., 0., 1., 0., 0., 1., 1., 0.,
           0., 0.]]]], device='cuda:0'), tensor([[0.8495]], device='cuda:0'))
2026-01-08 16:53:47 - INFO - [-0.03489929  0.02221966  0.8997146  -0.2873563   0.8997146  -0.28735626
 -0.04113449  0.02703952]
2026-01-08 16:53:47 - INFO - (tensor([[[[0., 1., 1., 1., 1., 0., 1., 1., 0., 1., 0., 1., 1., 0., 1., 0., 0.,
           1., 0.],
          [1., 1., 1., 1., 1., 0., 1., 0., 1., 0., 0., 0., 0., 1., 0., 1., 0.,
           0., 0.],
          [1., 1., 1., 0., 1., 0., 1., 1., 0., 1., 0., 0., 0., 0., 1., 0., 0.,
           0., 1.],
          [1., 0., 0., 1., 0., 1., 0., 0., 1., 0., 1., 0., 1., 1., 1., 0., 0.,
           1., 0.],
          [1., 1., 0., 1., 1., 1., 1., 0., 1., 1., 1., 0., 0., 1., 1., 1., 0.,
           0., 0.],
          [1., 1., 1., 1., 1., 1., 0., 1., 0., 1., 1., 0., 0., 1., 0., 1., 1.,
           0., 1.],
          [1., 1., 1., 1., 1., 1., 1., 0., 1., 0., 1., 0., 1., 0., 0., 1., 1.,
           0., 0.],
          [0., 1., 1., 1., 0., 0., 1., 1., 0., 1., 0., 1., 0., 1., 1., 0., 0.,
           0., 1.],
          [0., 0., 0., 0., 0., 1., 0., 0., 0., 0., 0., 0., 1., 1., 0., 1., 1.,
           1., 1.],
          [1., 1., 0., 1., 1., 1., 0., 1., 1., 0., 0., 0., 0., 1., 0., 0., 1.,
           1., 1.],
          [1., 1., 1., 1., 1., 0., 1., 0., 0., 1., 1., 1., 1., 1., 0., 1., 1.,
           1., 1.],
          [1., 1., 0., 1., 0., 0., 1., 0., 0., 0., 0., 1., 1., 1., 0., 1., 1.,
           0., 1.],
          [0., 1., 0., 0., 0., 1., 0., 0., 0., 0., 0., 1., 0., 1., 1., 1., 1.,
           0., 1.],
          [0., 1., 1., 0., 1., 1., 1., 1., 1., 0., 0., 0., 1., 0., 0., 0., 1.,
           1., 0.],
          [1., 1., 1., 0., 0., 0., 0., 1., 1., 0., 1., 0., 0., 0., 1., 0., 1.,
           0., 1.],
          [1., 1., 0., 0., 0., 0., 0., 0., 0., 0., 0., 0., 0., 1., 0., 1., 0.,
           1., 0.],
          [1., 0., 1., 1., 0., 0., 1., 1., 0., 1., 1., 1., 1., 1., 1., 0., 0.,
           0., 1.],
          [1., 0., 0., 0., 1., 1., 0., 1., 0., 1., 0., 1., 1., 0., 1., 0., 0.,
           1., 0.],
          [1., 1., 1., 1., 0., 0., 0., 1., 0., 1., 0., 1., 0., 0., 1., 1., 0.,
           0., 0.]]]], device='cuda:0'), tensor([[0.8528]], device='cuda:0'))
2026-01-08 16:53:47 - INFO - [-0.03484964  0.02228779  0.89934766 -0.28843093  0.89934766 -0.2884309
 -0.04113911  0.0271625 ]
2026-01-08 16:53:47 - INFO - (tensor([[[[0., 1., 1., 1., 1., 0., 1., 1., 0., 1., 0., 1., 1., 0., 1., 0., 0.,
           1., 0.],
          [1., 1., 1., 1., 1., 0., 1., 0., 1., 0., 0., 0., 0., 1., 0., 1., 0.,
           0., 0.],
          [1., 1., 1., 0., 1., 0., 1., 1., 0., 1., 0., 0., 0., 0., 1., 0., 0.,
           0., 1.],
          [1., 0., 0., 1., 0., 1., 0., 0., 1., 0., 1., 0., 1., 1., 1., 0., 0.,
           1., 0.],
          [1., 1., 0., 1., 1., 1., 1., 0., 1., 1., 1., 0., 0., 1., 1., 1., 0.,
           0., 0.],
          [1., 1., 1., 1., 1., 1., 0., 1., 0., 1., 1., 0., 0., 1., 0., 1., 1.,
           0., 1.],
          [1., 1., 1., 1., 1., 1., 1., 0., 1., 0., 1., 0., 1., 0., 0., 1., 1.,
           0., 0.],
          [0., 1., 1., 1., 0., 0., 1., 1., 0., 1., 0., 1., 0., 1., 1., 0., 0.,
           0., 1.],
          [0., 0., 0., 0., 0., 1., 0., 0., 0., 0., 0., 0., 1., 1., 0., 1., 1.,
           1., 1.],
          [1., 1., 0., 1., 1., 1., 0., 1., 1., 0., 0., 0., 0., 1., 0., 0., 1.,
           1., 1.],
          [1., 1., 1., 1., 1., 0., 1., 0., 0., 1., 1., 1., 1., 1., 0., 1., 1.,
           1., 1.],
          [1., 1., 0., 1., 0., 0., 1., 0., 0., 0., 0., 1., 1., 1., 0., 1., 1.,
           0., 1.],
          [0., 1., 0., 0., 0., 1., 0., 0., 0., 0., 0., 1., 0., 1., 1., 1., 1.,
           0., 1.],
          [0., 1., 1., 0., 1., 1., 1., 1., 1., 0., 0., 0., 1., 0., 0., 0., 1.,
           1., 0.],
          [1., 1., 1., 0., 0., 0., 0., 1., 1., 0., 1., 0., 0., 0., 1., 0., 1.,
           0., 1.],
          [1., 1., 0., 0., 0., 0., 0., 0., 0., 0., 0., 0., 0., 1., 0., 1., 0.,
           1., 0.],
          [1., 0., 1., 1., 0., 0., 1., 1., 0., 1., 1., 1., 1., 1., 1., 0., 0.,
           0., 1.],
          [1., 0., 0., 0., 1., 1., 0., 1., 0., 1., 0., 1., 1., 0., 1., 0., 0.,
           1., 0.],
          [1., 1., 1., 1., 0., 0., 0., 1., 0., 1., 0., 1., 0., 0., 1., 1., 0.,
           0., 0.]]]], device='cuda:0'), tensor([[0.8562]], device='cuda:0'))
2026-01-08 16:53:47 - INFO - [-0.03479944  0.02235291  0.8989799  -0.28951156  0.8989799  -0.28951153
 -0.04114265  0.02728455]
2026-01-08 16:53:47 - INFO - (tensor([[[[0., 1., 1., 1., 1., 0., 1., 1., 0., 1., 0., 1., 1., 0., 1., 0., 0.,
           1., 0.],
          [1., 1., 1., 1., 1., 0., 1., 0., 1., 0., 0., 0., 0., 1., 0., 1., 0.,
           0., 0.],
          [1., 1., 1., 0., 1., 0., 1., 1., 0., 1., 0., 0., 0., 0., 1., 0., 0.,
           0., 1.],
          [1., 0., 0., 1., 0., 1., 0., 0., 1., 0., 1., 0., 1., 1., 1., 0., 0.,
           1., 0.],
          [1., 1., 0., 1., 1., 1., 1., 0., 1., 1., 1., 0., 0., 1., 1., 1., 0.,
           0., 0.],
          [1., 1., 1., 1., 1., 1., 0., 1., 0., 1., 1., 0., 0., 1., 0., 1., 1.,
           0., 1.],
          [1., 1., 1., 1., 1., 1., 1., 0., 1., 0., 1., 0., 1., 0., 0., 1., 1.,
           0., 0.],
          [0., 1., 1., 1., 0., 0., 1., 1., 0., 1., 0., 1., 0., 1., 1., 0., 0.,
           0., 1.],
          [0., 0., 0., 0., 0., 1., 0., 0., 0., 0., 0., 0., 1., 1., 0., 1., 1.,
           1., 1.],
          [1., 1., 0., 1., 1., 1., 0., 1., 1., 0., 0., 0., 0., 1., 0., 0., 1.,
           1., 1.],
          [1., 1., 1., 1., 1., 0., 1., 0., 0., 1., 1., 1., 1., 1., 0., 1., 1.,
           1., 1.],
          [1., 1., 0., 1., 0., 0., 1., 0., 0., 0., 0., 1., 1., 1., 0., 1., 1.,
           0., 1.],
          [0., 1., 0., 0., 0., 1., 0., 0., 0., 0., 0., 1., 0., 1., 1., 1., 1.,
           0., 1.],
          [0., 1., 1., 0., 1., 1., 1., 1., 1., 0., 0., 0., 1., 0., 0., 0., 1.,
           1., 0.],
          [1., 1., 1., 0., 0., 0., 0., 1., 1., 0., 1., 0., 0., 0., 1., 0., 1.,
           0., 1.],
          [1., 1., 0., 0., 0., 0., 0., 0., 0., 0., 0., 0., 0., 1., 0., 1., 0.,
           1., 0.],
          [1., 0., 1., 1., 0., 0., 1., 1., 0., 1., 1., 1., 1., 1., 1., 0., 0.,
           0., 1.],
          [1., 0., 0., 0., 1., 1., 0., 1., 0., 1., 0., 1., 1., 0., 1., 0., 0.,
           1., 0.],
          [1., 1., 1., 1., 0., 0., 0., 1., 0., 1., 0., 1., 0., 0., 1., 1., 0.,
           0., 0.]]]], device='cuda:0'), tensor([[0.8595]], device='cuda:0'))
2026-01-08 16:53:47 - INFO - [-0.03474316  0.02242676  0.8985823  -0.2906765   0.8985822  -0.2906765
 -0.04114522  0.02742019]
2026-01-08 16:53:47 - INFO - (tensor([[[[0., 1., 1., 1., 1., 0., 1., 1., 0., 1., 0., 1., 1., 0., 1., 0., 0.,
           1., 0.],
          [1., 1., 1., 1., 1., 0., 1., 0., 1., 0., 0., 0., 0., 1., 0., 1., 0.,
           0., 0.],
          [1., 1., 1., 0., 1., 0., 1., 1., 0., 1., 0., 0., 0., 0., 1., 0., 0.,
           0., 1.],
          [1., 0., 0., 1., 0., 1., 0., 0., 1., 0., 1., 0., 1., 1., 1., 0., 0.,
           1., 0.],
          [1., 1., 0., 1., 1., 1., 1., 0., 1., 1., 1., 0., 0., 1., 1., 1., 0.,
           0., 0.],
          [1., 1., 1., 1., 1., 1., 0., 1., 0., 1., 1., 0., 0., 1., 0., 1., 1.,
           0., 1.],
          [1., 1., 1., 1., 1., 1., 1., 0., 1., 0., 1., 0., 1., 0., 0., 1., 1.,
           0., 0.],
          [0., 1., 1., 1., 0., 0., 1., 1., 0., 1., 0., 1., 0., 1., 1., 0., 0.,
           0., 1.],
          [0., 0., 0., 0., 0., 1., 0., 0., 0., 0., 0., 0., 1., 1., 0., 1., 1.,
           1., 1.],
          [1., 1., 0., 1., 1., 1., 0., 1., 1., 0., 0., 0., 0., 1., 0., 0., 1.,
           1., 1.],
          [1., 1., 1., 1., 1., 0., 1., 0., 0., 1., 1., 1., 1., 1., 0., 1., 1.,
           1., 1.],
          [1., 1., 0., 1., 0., 0., 1., 0., 0., 0., 0., 1., 1., 1., 0., 1., 1.,
           0., 1.],
          [0., 1., 0., 0., 0., 1., 0., 0., 0., 0., 0., 1., 0., 1., 1., 1., 1.,
           0., 1.],
          [0., 1., 1., 0., 1., 1., 1., 1., 1., 0., 0., 0., 1., 0., 0., 0., 1.,
           1., 0.],
          [1., 1., 1., 0., 0., 0., 0., 1., 1., 0., 1., 0., 0., 0., 1., 0., 1.,
           0., 1.],
          [1., 1., 0., 0., 0., 0., 0., 0., 0., 0., 0., 0., 0., 1., 0., 1., 0.,
           1., 0.],
          [1., 0., 1., 1., 0., 0., 1., 1., 0., 1., 1., 1., 1., 1., 1., 0., 0.,
           0., 1.],
          [1., 0., 0., 0., 1., 1., 0., 1., 0., 1., 0., 1., 1., 0., 1., 0., 0.,
           1., 0.],
          [1., 1., 1., 1., 0., 0., 0., 1., 0., 1., 0., 1., 0., 0., 1., 1., 0.,
           0., 0.]]]], device='cuda:0'), tensor([[0.8629]], device='cuda:0'))
2026-01-08 16:53:47 - INFO - [-0.03468969  0.02250549  0.89816177 -0.29191428  0.89816177 -0.29191428
 -0.0411415   0.02755425]
2026-01-08 16:53:47 - INFO - (tensor([[[[0., 1., 1., 1., 1., 0., 1., 1., 0., 1., 0., 1., 1., 0., 1., 0., 0.,
           1., 0.],
          [1., 1., 1., 1., 1., 0., 1., 0., 1., 0., 0., 0., 0., 1., 0., 1., 0.,
           0., 0.],
          [1., 1., 1., 0., 1., 0., 1., 1., 0., 1., 0., 0., 0., 0., 1., 0., 0.,
           0., 1.],
          [1., 0., 0., 1., 0., 1., 0., 0., 1., 0., 1., 0., 1., 1., 1., 0., 0.,
           1., 0.],
          [1., 1., 0., 1., 1., 1., 1., 0., 1., 1., 1., 0., 0., 1., 1., 1., 0.,
           0., 0.],
          [1., 1., 1., 1., 1., 1., 0., 1., 0., 1., 1., 0., 0., 1., 0., 1., 1.,
           0., 1.],
          [1., 1., 1., 1., 1., 1., 1., 0., 1., 0., 1., 0., 1., 0., 0., 1., 1.,
           0., 0.],
          [0., 1., 1., 1., 0., 0., 1., 1., 0., 1., 0., 1., 0., 1., 1., 0., 0.,
           0., 1.],
          [0., 0., 0., 0., 0., 1., 0., 0., 0., 0., 0., 0., 1., 1., 0., 1., 1.,
           1., 1.],
          [1., 1., 0., 1., 1., 1., 0., 1., 1., 0., 0., 0., 0., 1., 0., 0., 1.,
           1., 1.],
          [1., 1., 1., 1., 1., 0., 1., 0., 0., 1., 1., 1., 1., 1., 0., 1., 1.,
           1., 1.],
          [1., 1., 0., 1., 0., 0., 1., 0., 0., 0., 0., 1., 1., 1., 0., 1., 1.,
           0., 1.],
          [0., 1., 0., 0., 0., 1., 0., 0., 0., 0., 0., 1., 0., 1., 1., 1., 1.,
           0., 1.],
          [0., 1., 1., 0., 1., 1., 1., 1., 1., 0., 0., 0., 1., 0., 0., 0., 1.,
           1., 0.],
          [1., 1., 1., 0., 0., 0., 0., 1., 1., 0., 1., 0., 0., 0., 1., 0., 1.,
           0., 1.],
          [1., 1., 0., 0., 0., 0., 0., 0., 0., 0., 0., 0., 0., 1., 0., 1., 0.,
           1., 0.],
          [1., 0., 1., 1., 0., 0., 1., 1., 0., 1., 1., 1., 1., 1., 1., 0., 0.,
           0., 1.],
          [1., 0., 0., 0., 1., 1., 0., 1., 0., 1., 0., 1., 1., 0., 1., 0., 0.,
           1., 0.],
          [1., 1., 1., 1., 0., 0., 0., 1., 0., 1., 0., 1., 0., 0., 1., 1., 0.,
           0., 0.]]]], device='cuda:0'), tensor([[0.8662]], device='cuda:0'))
2026-01-08 16:53:47 - INFO - [-0.03463435  0.02259043  0.89771444 -0.29322353  0.89771444 -0.29322353
 -0.04113457  0.02769495]
2026-01-08 16:53:47 - INFO - (tensor([[[[0., 1., 1., 1., 1., 0., 1., 1., 0., 1., 0., 1., 1., 0., 1., 0., 0.,
           1., 0.],
          [1., 1., 1., 1., 1., 0., 1., 0., 1., 0., 0., 0., 0., 1., 0., 1., 0.,
           0., 0.],
          [1., 1., 1., 0., 1., 0., 1., 1., 0., 1., 0., 0., 0., 0., 1., 0., 0.,
           0., 1.],
          [1., 0., 0., 1., 0., 1., 0., 0., 1., 0., 1., 0., 1., 1., 1., 0., 0.,
           1., 0.],
          [1., 1., 0., 1., 1., 1., 1., 0., 1., 1., 1., 0., 0., 1., 1., 1., 0.,
           0., 0.],
          [1., 1., 1., 1., 1., 1., 0., 1., 0., 1., 1., 0., 0., 1., 0., 1., 1.,
           0., 1.],
          [1., 1., 1., 1., 1., 1., 1., 0., 1., 0., 1., 0., 1., 0., 0., 1., 1.,
           0., 0.],
          [0., 1., 1., 1., 0., 0., 1., 1., 0., 1., 0., 1., 0., 1., 1., 0., 0.,
           0., 1.],
          [0., 0., 0., 0., 0., 1., 0., 0., 0., 0., 0., 0., 1., 1., 0., 1., 1.,
           1., 1.],
          [1., 1., 0., 1., 1., 1., 0., 1., 1., 0., 0., 0., 0., 1., 0., 0., 1.,
           1., 1.],
          [1., 1., 1., 1., 1., 0., 1., 0., 0., 1., 1., 1., 1., 1., 0., 1., 1.,
           1., 1.],
          [1., 1., 0., 1., 0., 0., 1., 0., 0., 0., 0., 1., 1., 1., 0., 1., 1.,
           0., 1.],
          [0., 1., 0., 0., 0., 1., 0., 0., 0., 0., 0., 1., 0., 1., 1., 1., 1.,
           0., 1.],
          [0., 1., 1., 0., 1., 1., 1., 1., 1., 0., 0., 0., 1., 0., 0., 0., 1.,
           1., 0.],
          [1., 1., 1., 0., 0., 0., 0., 1., 1., 0., 1., 0., 0., 0., 1., 0., 1.,
           0., 1.],
          [1., 1., 0., 0., 0., 0., 0., 0., 0., 0., 0., 0., 0., 1., 0., 1., 0.,
           1., 0.],
          [1., 0., 1., 1., 0., 0., 1., 1., 0., 1., 1., 1., 1., 1., 1., 0., 0.,
           0., 1.],
          [1., 0., 0., 0., 1., 1., 0., 1., 0., 1., 0., 1., 1., 0., 1., 0., 0.,
           1., 0.],
          [1., 1., 1., 1., 0., 0., 0., 1., 0., 1., 0., 1., 0., 0., 1., 1., 0.,
           0., 0.]]]], device='cuda:0'), tensor([[0.8696]], device='cuda:0'))
2026-01-08 16:53:47 - INFO - [-0.03456742  0.02268344  0.8971706  -0.29481396  0.8971706  -0.29481393
 -0.04112508  0.02785716]
2026-01-08 16:53:47 - INFO - (tensor([[[[0., 1., 1., 1., 1., 0., 1., 1., 0., 1., 0., 1., 1., 0., 1., 0., 0.,
           1., 0.],
          [1., 1., 1., 1., 1., 0., 1., 0., 1., 0., 0., 0., 0., 1., 0., 1., 0.,
           0., 0.],
          [1., 1., 1., 0., 1., 0., 1., 1., 0., 1., 0., 0., 0., 0., 1., 0., 0.,
           0., 1.],
          [1., 0., 0., 1., 0., 1., 0., 0., 1., 0., 1., 0., 1., 1., 1., 0., 0.,
           1., 0.],
          [1., 1., 0., 1., 1., 1., 1., 0., 1., 1., 1., 0., 0., 1., 1., 1., 0.,
           0., 0.],
          [1., 1., 1., 1., 1., 1., 0., 1., 0., 1., 1., 0., 0., 1., 0., 1., 1.,
           0., 1.],
          [1., 1., 1., 1., 1., 1., 1., 0., 1., 0., 1., 0., 1., 0., 0., 1., 1.,
           0., 0.],
          [0., 1., 1., 1., 0., 0., 1., 1., 0., 1., 0., 1., 0., 1., 1., 0., 0.,
           0., 1.],
          [0., 0., 0., 0., 0., 1., 0., 0., 0., 0., 0., 0., 1., 1., 0., 1., 1.,
           1., 1.],
          [1., 1., 0., 1., 1., 1., 0., 1., 1., 0., 0., 0., 0., 1., 0., 0., 1.,
           1., 1.],
          [1., 1., 1., 1., 1., 0., 1., 0., 0., 1., 1., 1., 1., 1., 0., 1., 1.,
           1., 1.],
          [1., 1., 0., 1., 0., 0., 1., 0., 0., 0., 0., 1., 1., 1., 0., 1., 1.,
           0., 1.],
          [0., 1., 0., 0., 0., 1., 0., 0., 0., 0., 0., 1., 0., 1., 1., 1., 1.,
           0., 1.],
          [0., 1., 1., 0., 1., 1., 1., 1., 1., 0., 0., 0., 1., 0., 0., 0., 1.,
           1., 0.],
          [1., 1., 1., 0., 0., 0., 0., 1., 1., 0., 1., 0., 0., 0., 1., 0., 1.,
           0., 1.],
          [1., 1., 0., 0., 0., 0., 0., 0., 0., 0., 0., 0., 0., 1., 0., 1., 0.,
           1., 0.],
          [1., 0., 1., 1., 0., 0., 1., 1., 0., 1., 1., 1., 1., 1., 1., 0., 0.,
           0., 1.],
          [1., 0., 0., 0., 1., 1., 0., 1., 0., 1., 0., 1., 1., 0., 1., 0., 0.,
           1., 0.],
          [1., 1., 1., 1., 0., 0., 0., 1., 0., 1., 0., 1., 0., 0., 1., 1., 0.,
           0., 0.]]]], device='cuda:0'), tensor([[0.8729]], device='cuda:0'))
2026-01-08 16:53:47 - INFO - [-0.03446137  0.02285087  0.89676386 -0.29594126  0.89676386 -0.29594123
 -0.04105665  0.02803879]
2026-01-08 16:53:47 - INFO - (tensor([[[[0., 1., 1., 1., 1., 0., 1., 1., 0., 1., 0., 1., 1., 0., 1., 0., 0.,
           1., 0.],
          [1., 1., 1., 1., 1., 0., 1., 0., 1., 0., 0., 0., 0., 1., 0., 1., 0.,
           0., 0.],
          [1., 1., 1., 0., 1., 0., 1., 1., 0., 1., 0., 0., 0., 0., 1., 0., 0.,
           0., 1.],
          [1., 0., 0., 1., 0., 1., 0., 0., 1., 0., 1., 0., 1., 1., 1., 0., 0.,
           1., 0.],
          [1., 1., 0., 1., 1., 1., 1., 0., 1., 1., 1., 0., 0., 1., 1., 1., 0.,
           0., 0.],
          [1., 1., 1., 1., 1., 1., 0., 1., 0., 1., 1., 0., 0., 1., 0., 1., 1.,
           0., 1.],
          [1., 1., 1., 1., 1., 1., 1., 0., 1., 0., 1., 0., 1., 0., 0., 1., 1.,
           0., 0.],
          [0., 1., 1., 1., 0., 0., 1., 1., 0., 1., 0., 1., 0., 1., 1., 0., 0.,
           0., 1.],
          [0., 0., 0., 0., 0., 1., 0., 0., 0., 0., 0., 0., 1., 1., 0., 1., 1.,
           1., 1.],
          [1., 1., 0., 1., 1., 1., 0., 1., 1., 0., 0., 0., 0., 1., 0., 0., 1.,
           1., 1.],
          [1., 1., 1., 1., 1., 0., 1., 0., 0., 1., 1., 1., 1., 1., 0., 1., 1.,
           1., 1.],
          [1., 1., 0., 1., 0., 0., 1., 0., 0., 0., 0., 1., 1., 1., 0., 1., 1.,
           0., 1.],
          [0., 1., 0., 0., 0., 1., 0., 0., 0., 0., 0., 1., 0., 1., 1., 1., 1.,
           0., 1.],
          [0., 1., 1., 0., 1., 1., 1., 1., 1., 0., 0., 0., 1., 0., 0., 0., 1.,
           1., 0.],
          [1., 1., 1., 0., 0., 0., 0., 1., 1., 0., 1., 0., 0., 0., 1., 0., 1.,
           0., 1.],
          [1., 1., 0., 0., 0., 0., 0., 0., 0., 0., 0., 0., 0., 1., 0., 1., 0.,
           1., 0.],
          [1., 0., 1., 1., 0., 0., 1., 1., 0., 1., 1., 1., 1., 1., 1., 0., 0.,
           0., 1.],
          [1., 0., 0., 0., 1., 1., 0., 1., 0., 1., 0., 1., 1., 0., 1., 0., 0.,
           1., 0.],
          [1., 1., 1., 1., 0., 0., 0., 1., 0., 1., 0., 1., 0., 0., 1., 1., 0.,
           0., 0.]]]], device='cuda:0'), tensor([[0.8763]], device='cuda:0'))
2026-01-08 16:53:47 - INFO - [-0.03432445  0.0230018   0.8964519  -0.29681328  0.8964519  -0.29681325
 -0.04098081  0.02824269]
2026-01-08 16:53:47 - INFO - (tensor([[[[0., 1., 1., 1., 1., 0., 1., 1., 0., 1., 0., 1., 1., 0., 1., 0., 0.,
           1., 0.],
          [1., 1., 1., 1., 1., 0., 1., 0., 1., 0., 0., 0., 0., 1., 0., 1., 0.,
           0., 0.],
          [1., 1., 1., 0., 1., 0., 1., 1., 0., 1., 0., 0., 0., 0., 1., 0., 0.,
           0., 1.],
          [1., 0., 0., 1., 0., 1., 0., 0., 1., 0., 1., 0., 1., 1., 1., 0., 0.,
           1., 0.],
          [1., 1., 0., 1., 1., 1., 1., 0., 1., 1., 1., 0., 0., 1., 1., 1., 0.,
           0., 0.],
          [1., 1., 1., 1., 1., 1., 0., 1., 0., 1., 1., 0., 0., 1., 0., 1., 1.,
           0., 1.],
          [1., 1., 1., 1., 1., 1., 1., 0., 1., 0., 1., 0., 1., 0., 0., 1., 1.,
           0., 0.],
          [0., 1., 1., 1., 0., 0., 1., 1., 0., 1., 0., 1., 0., 1., 1., 0., 0.,
           0., 1.],
          [0., 0., 0., 0., 0., 1., 0., 0., 0., 0., 0., 0., 1., 1., 0., 1., 1.,
           1., 1.],
          [1., 1., 0., 1., 1., 1., 0., 1., 1., 0., 0., 0., 0., 1., 0., 0., 1.,
           1., 1.],
          [1., 1., 1., 1., 1., 0., 1., 0., 0., 1., 1., 1., 1., 1., 0., 1., 1.,
           1., 1.],
          [1., 1., 0., 1., 0., 0., 1., 0., 0., 0., 0., 1., 1., 1., 0., 1., 1.,
           0., 1.],
          [0., 1., 0., 0., 0., 1., 0., 0., 0., 0., 0., 1., 0., 1., 1., 1., 1.,
           0., 1.],
          [0., 1., 1., 0., 1., 1., 1., 1., 1., 0., 0., 0., 1., 0., 0., 0., 1.,
           1., 0.],
          [1., 1., 1., 0., 0., 0., 0., 1., 1., 0., 1., 0., 0., 0., 1., 0., 1.,
           0., 1.],
          [1., 1., 0., 0., 0., 0., 0., 0., 0., 0., 0., 0., 0., 1., 0., 1., 0.,
           1., 0.],
          [1., 0., 1., 1., 0., 0., 1., 1., 0., 1., 1., 1., 1., 1., 1., 0., 0.,
           0., 1.],
          [1., 0., 0., 0., 1., 1., 0., 1., 0., 1., 0., 1., 1., 0., 1., 0., 0.,
           1., 0.],
          [1., 1., 1., 1., 0., 0., 0., 1., 0., 1., 0., 1., 0., 0., 1., 1., 0.,
           0., 0.]]]], device='cuda:0'), tensor([[0.8796]], device='cuda:0'))
2026-01-08 16:53:47 - INFO - [-0.03416492  0.02313569  0.8961741  -0.29760793  0.896174   -0.2976079
 -0.04090635  0.02846927]
2026-01-08 16:53:47 - INFO - (tensor([[[[0., 1., 1., 1., 1., 0., 1., 1., 0., 1., 0., 1., 1., 0., 1., 0., 0.,
           1., 0.],
          [1., 1., 1., 1., 1., 0., 1., 0., 1., 0., 0., 0., 0., 1., 0., 1., 0.,
           0., 0.],
          [1., 1., 1., 0., 1., 0., 1., 1., 0., 1., 0., 0., 0., 0., 1., 0., 0.,
           0., 1.],
          [1., 0., 0., 1., 0., 1., 0., 0., 1., 0., 1., 0., 1., 1., 1., 0., 0.,
           1., 0.],
          [1., 1., 0., 1., 1., 1., 1., 0., 1., 1., 1., 0., 0., 1., 1., 1., 0.,
           0., 0.],
          [1., 1., 1., 1., 1., 1., 0., 1., 0., 1., 1., 0., 0., 1., 0., 1., 1.,
           0., 1.],
          [1., 1., 1., 1., 1., 1., 1., 0., 1., 0., 1., 0., 1., 0., 0., 1., 1.,
           0., 0.],
          [0., 1., 1., 1., 0., 0., 1., 1., 0., 1., 0., 1., 0., 1., 1., 0., 0.,
           0., 1.],
          [0., 0., 0., 0., 0., 1., 0., 0., 0., 0., 0., 0., 1., 1., 0., 1., 1.,
           1., 1.],
          [1., 1., 0., 1., 1., 1., 0., 1., 1., 0., 0., 0., 0., 1., 0., 0., 1.,
           1., 1.],
          [1., 1., 1., 1., 1., 0., 1., 0., 0., 1., 1., 1., 1., 1., 0., 1., 1.,
           1., 1.],
          [1., 1., 0., 1., 0., 0., 1., 0., 0., 0., 0., 1., 1., 1., 0., 1., 1.,
           0., 1.],
          [0., 1., 0., 0., 0., 1., 0., 0., 0., 0., 0., 1., 0., 1., 1., 1., 1.,
           0., 1.],
          [0., 1., 1., 0., 1., 1., 1., 1., 1., 0., 0., 0., 1., 0., 0., 0., 1.,
           1., 0.],
          [1., 1., 1., 0., 0., 0., 0., 1., 1., 0., 1., 0., 0., 0., 1., 0., 1.,
           0., 1.],
          [1., 1., 0., 0., 0., 0., 0., 0., 0., 0., 0., 0., 0., 1., 0., 1., 0.,
           1., 0.],
          [1., 0., 1., 1., 0., 0., 1., 1., 0., 1., 1., 1., 1., 1., 1., 0., 0.,
           0., 1.],
          [1., 0., 0., 0., 1., 1., 0., 1., 0., 1., 0., 1., 1., 0., 1., 0., 0.,
           1., 0.],
          [1., 1., 1., 1., 0., 0., 0., 1., 0., 1., 0., 1., 0., 0., 1., 1., 0.,
           0., 0.]]]], device='cuda:0'), tensor([[0.8829]], device='cuda:0'))
2026-01-08 16:53:47 - INFO - [-0.03399043  0.02328259  0.895854   -0.2985275   0.895854   -0.29852748
 -0.04082218  0.02871664]
2026-01-08 16:53:47 - INFO - (tensor([[[[0., 1., 1., 1., 1., 0., 1., 1., 0., 1., 0., 1., 1., 0., 1., 0., 0.,
           1., 0.],
          [1., 1., 1., 1., 1., 0., 1., 0., 1., 0., 0., 0., 0., 1., 0., 1., 0.,
           0., 0.],
          [1., 1., 1., 0., 1., 0., 1., 1., 0., 1., 0., 0., 0., 0., 1., 0., 0.,
           0., 1.],
          [1., 0., 0., 1., 0., 1., 0., 0., 1., 0., 1., 0., 1., 1., 1., 0., 0.,
           1., 0.],
          [1., 1., 0., 1., 1., 1., 1., 0., 1., 1., 1., 0., 0., 1., 1., 1., 0.,
           0., 0.],
          [1., 1., 1., 1., 1., 1., 0., 1., 0., 1., 1., 0., 0., 1., 0., 1., 1.,
           0., 1.],
          [1., 1., 1., 1., 1., 1., 1., 0., 1., 0., 1., 0., 1., 0., 0., 1., 1.,
           0., 0.],
          [0., 1., 1., 1., 0., 0., 1., 1., 0., 1., 0., 1., 0., 1., 1., 0., 0.,
           0., 1.],
          [0., 0., 0., 0., 0., 1., 0., 0., 0., 0., 0., 0., 1., 1., 0., 1., 1.,
           1., 1.],
          [1., 1., 0., 1., 1., 1., 0., 1., 1., 0., 0., 0., 0., 1., 0., 0., 1.,
           1., 1.],
          [1., 1., 1., 1., 1., 0., 1., 0., 0., 1., 1., 1., 1., 1., 0., 1., 1.,
           1., 1.],
          [1., 1., 0., 1., 0., 0., 1., 0., 0., 0., 0., 1., 1., 1., 0., 1., 1.,
           0., 1.],
          [0., 1., 0., 0., 0., 1., 0., 0., 0., 0., 0., 1., 0., 1., 1., 1., 1.,
           0., 1.],
          [0., 1., 1., 0., 1., 1., 1., 1., 1., 0., 0., 0., 1., 0., 0., 0., 1.,
           1., 0.],
          [1., 1., 1., 0., 0., 0., 0., 1., 1., 0., 1., 0., 0., 0., 1., 0., 1.,
           0., 1.],
          [1., 1., 0., 0., 0., 0., 0., 0., 0., 0., 0., 0., 0., 1., 0., 1., 0.,
           1., 0.],
          [1., 0., 1., 1., 0., 0., 1., 1., 0., 1., 1., 1., 1., 1., 1., 0., 0.,
           0., 1.],
          [1., 0., 0., 0., 1., 1., 0., 1., 0., 1., 0., 1., 1., 0., 1., 0., 0.,
           1., 0.],
          [1., 1., 1., 1., 0., 0., 0., 1., 0., 1., 0., 1., 0., 0., 1., 1., 0.,
           0., 0.]]]], device='cuda:0'), tensor([[0.8863]], device='cuda:0'))
2026-01-08 16:53:47 - INFO - [-0.03380935  0.02343286  0.8955188  -0.29948482  0.8955188  -0.2994848
 -0.04073701  0.02897271]
2026-01-08 16:53:47 - INFO - (tensor([[[[0., 1., 1., 1., 1., 0., 1., 1., 0., 1., 0., 1., 1., 0., 1., 0., 0.,
           1., 0.],
          [1., 1., 1., 1., 1., 0., 1., 0., 1., 0., 0., 0., 0., 1., 0., 1., 0.,
           0., 0.],
          [1., 1., 1., 0., 1., 0., 1., 1., 0., 1., 0., 0., 0., 0., 1., 0., 0.,
           0., 1.],
          [1., 0., 0., 1., 0., 1., 0., 0., 1., 0., 1., 0., 1., 1., 1., 0., 0.,
           1., 0.],
          [1., 1., 0., 1., 1., 1., 1., 0., 1., 1., 1., 0., 0., 1., 1., 1., 0.,
           0., 0.],
          [1., 1., 1., 1., 1., 1., 0., 1., 0., 1., 1., 0., 0., 1., 0., 1., 1.,
           0., 1.],
          [1., 1., 1., 1., 1., 1., 1., 0., 1., 0., 1., 0., 1., 0., 0., 1., 1.,
           0., 0.],
          [0., 1., 1., 1., 0., 0., 1., 1., 0., 1., 0., 1., 0., 1., 1., 0., 0.,
           0., 1.],
          [0., 0., 0., 0., 0., 1., 0., 0., 0., 0., 0., 0., 1., 1., 0., 1., 1.,
           1., 1.],
          [1., 1., 0., 1., 1., 1., 0., 1., 1., 0., 0., 0., 0., 1., 0., 0., 1.,
           1., 1.],
          [1., 1., 1., 1., 1., 0., 1., 0., 0., 1., 1., 1., 1., 1., 0., 1., 1.,
           1., 1.],
          [1., 1., 0., 1., 0., 0., 1., 0., 0., 0., 0., 1., 1., 1., 0., 1., 1.,
           0., 1.],
          [0., 1., 0., 0., 0., 1., 0., 0., 0., 0., 0., 1., 0., 1., 1., 1., 1.,
           0., 1.],
          [0., 1., 1., 0., 1., 1., 1., 1., 1., 0., 0., 0., 1., 0., 0., 0., 1.,
           1., 0.],
          [1., 1., 1., 0., 0., 0., 0., 1., 1., 0., 1., 0., 0., 0., 1., 0., 1.,
           0., 1.],
          [1., 1., 0., 0., 0., 0., 0., 0., 0., 0., 0., 0., 0., 1., 0., 1., 0.,
           1., 0.],
          [1., 0., 1., 1., 0., 0., 1., 1., 0., 1., 1., 1., 1., 1., 1., 0., 0.,
           0., 1.],
          [1., 0., 0., 0., 1., 1., 0., 1., 0., 1., 0., 1., 1., 0., 1., 0., 0.,
           1., 0.],
          [1., 1., 1., 1., 0., 0., 0., 1., 0., 1., 0., 1., 0., 0., 1., 1., 0.,
           0., 0.]]]], device='cuda:0'), tensor([[0.8896]], device='cuda:0'))
2026-01-08 16:53:47 - INFO - [-0.03362568  0.02358293  0.89515823 -0.30051768  0.89515823 -0.30051765
 -0.04064745  0.02922963]
2026-01-08 16:53:47 - INFO - (tensor([[[[0., 1., 1., 1., 1., 0., 1., 1., 0., 1., 0., 1., 1., 0., 1., 0., 0.,
           1., 0.],
          [1., 1., 1., 1., 1., 0., 1., 0., 1., 0., 0., 0., 0., 1., 0., 1., 0.,
           0., 0.],
          [1., 1., 1., 0., 1., 0., 1., 1., 0., 1., 0., 0., 0., 0., 1., 0., 0.,
           0., 1.],
          [1., 0., 0., 1., 0., 1., 0., 0., 1., 0., 1., 0., 1., 1., 1., 0., 0.,
           1., 0.],
          [1., 1., 0., 1., 1., 1., 1., 0., 1., 1., 1., 0., 0., 1., 1., 1., 0.,
           0., 0.],
          [1., 1., 1., 1., 1., 1., 0., 1., 0., 1., 1., 0., 0., 1., 0., 1., 1.,
           0., 1.],
          [1., 1., 1., 1., 1., 1., 1., 0., 1., 0., 1., 0., 1., 0., 0., 1., 1.,
           0., 0.],
          [0., 1., 1., 1., 0., 0., 1., 1., 0., 1., 0., 1., 0., 1., 1., 0., 0.,
           0., 1.],
          [0., 0., 0., 0., 0., 1., 0., 0., 0., 0., 0., 0., 1., 1., 0., 1., 1.,
           1., 1.],
          [1., 1., 0., 1., 1., 1., 0., 1., 1., 0., 0., 0., 0., 1., 0., 0., 1.,
           1., 1.],
          [1., 1., 1., 1., 1., 0., 1., 0., 0., 1., 1., 1., 1., 1., 0., 1., 1.,
           1., 1.],
          [1., 1., 0., 1., 0., 0., 1., 0., 0., 0., 0., 1., 1., 1., 0., 1., 1.,
           0., 1.],
          [0., 1., 0., 0., 0., 1., 0., 0., 0., 0., 0., 1., 0., 1., 1., 1., 1.,
           0., 1.],
          [0., 1., 1., 0., 1., 1., 1., 1., 1., 0., 0., 0., 1., 0., 0., 0., 1.,
           1., 0.],
          [1., 1., 1., 0., 0., 0., 0., 1., 1., 0., 1., 0., 0., 0., 1., 0., 1.,
           0., 1.],
          [1., 1., 0., 0., 0., 0., 0., 0., 0., 0., 0., 0., 0., 1., 0., 1., 0.,
           1., 0.],
          [1., 0., 1., 1., 0., 0., 1., 1., 0., 1., 1., 1., 1., 1., 1., 0., 0.,
           0., 1.],
          [1., 0., 0., 0., 1., 1., 0., 1., 0., 1., 0., 1., 1., 0., 1., 0., 0.,
           1., 0.],
          [1., 1., 1., 1., 0., 0., 0., 1., 0., 1., 0., 1., 0., 0., 1., 1., 0.,
           0., 0.]]]], device='cuda:0'), tensor([[0.8930]], device='cuda:0'))
2026-01-08 16:53:47 - INFO - [-0.0334728   0.02369427  0.89465016 -0.3019315   0.89465016 -0.30193147
 -0.04059663  0.02947082]
2026-01-08 16:53:47 - INFO - (tensor([[[[0., 1., 1., 1., 1., 0., 1., 1., 0., 1., 0., 1., 1., 0., 1., 0., 0.,
           1., 0.],
          [1., 1., 1., 1., 1., 0., 1., 0., 1., 0., 0., 0., 0., 1., 0., 1., 0.,
           0., 0.],
          [1., 1., 1., 0., 1., 0., 1., 1., 0., 1., 0., 0., 0., 0., 1., 0., 0.,
           0., 1.],
          [1., 0., 0., 1., 0., 1., 0., 0., 1., 0., 1., 0., 1., 1., 1., 0., 0.,
           1., 0.],
          [1., 1., 0., 1., 1., 1., 1., 0., 1., 1., 1., 0., 0., 1., 1., 1., 0.,
           0., 0.],
          [1., 1., 1., 1., 1., 1., 0., 1., 0., 1., 1., 0., 0., 1., 0., 1., 1.,
           0., 1.],
          [1., 1., 1., 1., 1., 1., 1., 0., 1., 0., 1., 0., 1., 0., 0., 1., 1.,
           0., 0.],
          [0., 1., 1., 1., 0., 0., 1., 1., 0., 1., 0., 1., 0., 1., 1., 0., 0.,
           0., 1.],
          [0., 0., 0., 0., 0., 1., 0., 0., 0., 0., 0., 0., 1., 1., 0., 1., 1.,
           1., 1.],
          [1., 1., 0., 1., 1., 1., 0., 1., 1., 0., 0., 0., 0., 1., 0., 0., 1.,
           1., 1.],
          [1., 1., 1., 1., 1., 0., 1., 0., 0., 1., 1., 1., 1., 1., 0., 1., 1.,
           1., 1.],
          [1., 1., 0., 1., 0., 0., 1., 0., 0., 0., 0., 1., 1., 1., 0., 1., 1.,
           0., 1.],
          [0., 1., 0., 0., 0., 1., 0., 0., 0., 0., 0., 1., 0., 1., 1., 1., 1.,
           0., 1.],
          [0., 1., 1., 0., 1., 1., 1., 1., 1., 0., 0., 0., 1., 0., 0., 0., 1.,
           1., 0.],
          [1., 1., 1., 0., 0., 0., 0., 1., 1., 0., 1., 0., 0., 0., 1., 0., 1.,
           0., 1.],
          [1., 1., 0., 0., 0., 0., 0., 0., 0., 0., 0., 0., 0., 1., 0., 1., 0.,
           1., 0.],
          [1., 0., 1., 1., 0., 0., 1., 1., 0., 1., 1., 1., 1., 1., 1., 0., 0.,
           0., 1.],
          [1., 0., 0., 0., 1., 1., 0., 1., 0., 1., 0., 1., 1., 0., 1., 0., 0.,
           1., 0.],
          [1., 1., 1., 1., 0., 0., 0., 1., 0., 1., 0., 1., 0., 0., 1., 1., 0.,
           0., 0.]]]], device='cuda:0'), tensor([[0.8963]], device='cuda:0'))
2026-01-08 16:53:47 - INFO - [-0.03338742  0.02380486  0.8942952  -0.3030275   0.8942952  -0.30302745
 -0.04055389  0.02959373]
2026-01-08 16:53:47 - INFO - (tensor([[[[0., 1., 1., 1., 1., 0., 1., 1., 0., 1., 0., 1., 1., 0., 1., 0., 0.,
           1., 0.],
          [1., 1., 1., 1., 1., 0., 1., 0., 1., 0., 0., 0., 0., 1., 0., 1., 0.,
           0., 0.],
          [1., 1., 1., 0., 1., 0., 1., 1., 0., 1., 0., 0., 0., 0., 1., 0., 0.,
           0., 1.],
          [1., 0., 0., 1., 0., 1., 0., 0., 1., 0., 1., 0., 1., 1., 1., 0., 0.,
           1., 0.],
          [1., 1., 0., 1., 1., 1., 1., 0., 1., 1., 1., 0., 0., 1., 1., 1., 0.,
           0., 0.],
          [1., 1., 1., 1., 1., 1., 0., 1., 0., 1., 1., 0., 0., 1., 0., 1., 1.,
           0., 1.],
          [1., 1., 1., 1., 1., 1., 1., 0., 1., 0., 1., 0., 1., 0., 0., 1., 1.,
           0., 0.],
          [0., 1., 1., 1., 0., 0., 1., 1., 0., 1., 0., 1., 0., 1., 1., 0., 0.,
           0., 1.],
          [0., 0., 0., 0., 0., 1., 0., 0., 0., 0., 0., 0., 1., 1., 0., 1., 1.,
           1., 1.],
          [1., 1., 0., 1., 1., 1., 0., 1., 1., 0., 0., 0., 0., 1., 0., 0., 1.,
           1., 1.],
          [1., 1., 1., 1., 1., 0., 1., 0., 0., 1., 1., 1., 1., 1., 0., 1., 1.,
           1., 1.],
          [1., 1., 0., 1., 0., 0., 1., 0., 0., 0., 0., 1., 1., 1., 0., 1., 1.,
           0., 1.],
          [0., 1., 0., 0., 0., 1., 0., 0., 0., 0., 0., 1., 0., 1., 1., 1., 1.,
           0., 1.],
          [0., 1., 1., 0., 1., 1., 1., 1., 1., 0., 0., 0., 1., 0., 0., 0., 1.,
           1., 0.],
          [1., 1., 1., 0., 0., 0., 0., 1., 1., 0., 1., 0., 0., 0., 1., 0., 1.,
           0., 1.],
          [1., 1., 0., 0., 0., 0., 0., 0., 0., 0., 0., 0., 0., 1., 0., 1., 0.,
           1., 0.],
          [1., 0., 1., 1., 0., 0., 1., 1., 0., 1., 1., 1., 1., 1., 1., 0., 0.,
           0., 1.],
          [1., 0., 0., 0., 1., 1., 0., 1., 0., 1., 0., 1., 1., 0., 1., 0., 0.,
           1., 0.],
          [1., 1., 1., 1., 0., 0., 0., 1., 0., 1., 0., 1., 0., 0., 1., 1., 0.,
           0., 0.]]]], device='cuda:0'), tensor([[0.8997]], device='cuda:0'))
2026-01-08 16:53:47 - INFO - [-0.03332467  0.02392669  0.8940178  -0.3039825   0.8940178  -0.3039825
 -0.04049644  0.029662  ]
2026-01-08 16:53:47 - INFO - (tensor([[[[0., 1., 1., 1., 1., 0., 1., 1., 0., 1., 0., 1., 1., 0., 1., 0., 0.,
           1., 0.],
          [1., 1., 1., 1., 1., 0., 1., 0., 1., 0., 0., 0., 0., 1., 0., 1., 0.,
           0., 0.],
          [1., 1., 1., 0., 1., 0., 1., 1., 0., 1., 0., 0., 0., 0., 1., 0., 0.,
           0., 1.],
          [1., 0., 0., 1., 0., 1., 0., 0., 1., 0., 1., 0., 1., 1., 1., 0., 0.,
           1., 0.],
          [1., 1., 0., 1., 1., 1., 1., 0., 1., 1., 1., 0., 0., 1., 1., 1., 0.,
           0., 0.],
          [1., 1., 1., 1., 1., 1., 0., 1., 0., 1., 1., 0., 0., 1., 0., 1., 1.,
           0., 1.],
          [1., 1., 1., 1., 1., 1., 1., 0., 1., 0., 1., 0., 1., 0., 0., 1., 1.,
           0., 0.],
          [0., 1., 1., 1., 0., 0., 1., 1., 0., 1., 0., 1., 0., 1., 1., 0., 0.,
           0., 1.],
          [0., 0., 0., 0., 0., 1., 0., 0., 0., 0., 0., 0., 1., 1., 0., 1., 1.,
           1., 1.],
          [1., 1., 0., 1., 1., 1., 0., 1., 1., 0., 0., 0., 0., 1., 0., 0., 1.,
           1., 1.],
          [1., 1., 1., 1., 1., 0., 1., 0., 0., 1., 1., 1., 1., 1., 0., 1., 1.,
           1., 1.],
          [1., 1., 0., 1., 0., 0., 1., 0., 0., 0., 0., 1., 1., 1., 0., 1., 1.,
           0., 1.],
          [0., 1., 0., 0., 0., 1., 0., 0., 0., 0., 0., 1., 0., 1., 1., 1., 1.,
           0., 1.],
          [0., 1., 1., 0., 1., 1., 1., 1., 1., 0., 0., 0., 1., 0., 0., 0., 1.,
           1., 0.],
          [1., 1., 1., 0., 0., 0., 0., 1., 1., 0., 1., 0., 0., 0., 1., 0., 1.,
           0., 1.],
          [1., 1., 0., 0., 0., 0., 0., 0., 0., 0., 0., 0., 0., 1., 0., 1., 0.,
           1., 0.],
          [1., 0., 1., 1., 0., 0., 1., 1., 0., 1., 1., 1., 1., 1., 1., 0., 0.,
           0., 1.],
          [1., 0., 0., 0., 1., 1., 0., 1., 0., 1., 0., 1., 1., 0., 1., 0., 0.,
           1., 0.],
          [1., 1., 1., 1., 0., 0., 0., 1., 0., 1., 0., 1., 0., 0., 1., 1., 0.,
           0., 0.]]]], device='cuda:0'), tensor([[0.9030]], device='cuda:0'))
2026-01-08 16:53:47 - INFO - [-0.03326221  0.02404598  0.89372355 -0.30498675  0.8937236  -0.30498672
 -0.0404391   0.02972608]
2026-01-08 16:53:47 - INFO - (tensor([[[[0., 1., 1., 1., 1., 0., 1., 1., 0., 1., 0., 1., 1., 0., 1., 0., 0.,
           1., 0.],
          [1., 1., 1., 1., 1., 0., 1., 0., 1., 0., 0., 0., 0., 1., 0., 1., 0.,
           0., 0.],
          [1., 1., 1., 0., 1., 0., 1., 1., 0., 1., 0., 0., 0., 0., 1., 0., 0.,
           0., 1.],
          [1., 0., 0., 1., 0., 1., 0., 0., 1., 0., 1., 0., 1., 1., 1., 0., 0.,
           1., 0.],
          [1., 1., 0., 1., 1., 1., 1., 0., 1., 1., 1., 0., 0., 1., 1., 1., 0.,
           0., 0.],
          [1., 1., 1., 1., 1., 1., 0., 1., 0., 1., 1., 0., 0., 1., 0., 1., 1.,
           0., 1.],
          [1., 1., 1., 1., 1., 1., 1., 0., 1., 0., 1., 0., 1., 0., 0., 1., 1.,
           0., 0.],
          [0., 1., 1., 1., 0., 0., 1., 1., 0., 1., 0., 1., 0., 1., 1., 0., 0.,
           0., 1.],
          [0., 0., 0., 0., 0., 1., 0., 0., 0., 0., 0., 0., 1., 1., 0., 1., 1.,
           1., 1.],
          [1., 1., 0., 1., 1., 1., 0., 1., 1., 0., 0., 0., 0., 1., 0., 0., 1.,
           1., 1.],
          [1., 1., 1., 1., 1., 0., 1., 0., 0., 1., 1., 1., 1., 1., 0., 1., 1.,
           1., 1.],
          [1., 1., 0., 1., 0., 0., 1., 0., 0., 0., 0., 1., 1., 1., 0., 1., 1.,
           0., 1.],
          [0., 1., 0., 0., 0., 1., 0., 0., 0., 0., 0., 1., 0., 1., 1., 1., 1.,
           0., 1.],
          [0., 1., 1., 0., 1., 1., 1., 1., 1., 0., 0., 0., 1., 0., 0., 0., 1.,
           1., 0.],
          [1., 1., 1., 0., 0., 0., 0., 1., 1., 0., 1., 0., 0., 0., 1., 0., 1.,
           0., 1.],
          [1., 1., 0., 0., 0., 0., 0., 0., 0., 0., 0., 0., 0., 1., 0., 1., 0.,
           1., 0.],
          [1., 0., 1., 1., 0., 0., 1., 1., 0., 1., 1., 1., 1., 1., 1., 0., 0.,
           0., 1.],
          [1., 0., 0., 0., 1., 1., 0., 1., 0., 1., 0., 1., 1., 0., 1., 0., 0.,
           1., 0.],
          [1., 1., 1., 1., 0., 0., 0., 1., 0., 1., 0., 1., 0., 0., 1., 1., 0.,
           0., 0.]]]], device='cuda:0'), tensor([[0.9064]], device='cuda:0'))
2026-01-08 16:53:47 - INFO - [-0.03319239  0.02416516  0.8934004  -0.30607772  0.8934003  -0.3060777
 -0.04037956  0.02979548]
2026-01-08 16:53:47 - INFO - (tensor([[[[0., 1., 1., 1., 1., 0., 1., 1., 0., 1., 0., 1., 1., 0., 1., 0., 0.,
           1., 0.],
          [1., 1., 1., 1., 1., 0., 1., 0., 1., 0., 0., 0., 0., 1., 0., 1., 0.,
           0., 0.],
          [1., 1., 1., 0., 1., 0., 1., 1., 0., 1., 0., 0., 0., 0., 1., 0., 0.,
           0., 1.],
          [1., 0., 0., 1., 0., 1., 0., 0., 1., 0., 1., 0., 1., 1., 1., 0., 0.,
           1., 0.],
          [1., 1., 0., 1., 1., 1., 1., 0., 1., 1., 1., 0., 0., 1., 1., 1., 0.,
           0., 0.],
          [1., 1., 1., 1., 1., 1., 0., 1., 0., 1., 1., 0., 0., 1., 0., 1., 1.,
           0., 1.],
          [1., 1., 1., 1., 1., 1., 1., 0., 1., 0., 1., 0., 1., 0., 0., 1., 1.,
           0., 0.],
          [0., 1., 1., 1., 0., 0., 1., 1., 0., 1., 0., 1., 0., 1., 1., 0., 0.,
           0., 1.],
          [0., 0., 0., 0., 0., 1., 0., 0., 0., 0., 0., 0., 1., 1., 0., 1., 1.,
           1., 1.],
          [1., 1., 0., 1., 1., 1., 0., 1., 1., 0., 0., 0., 0., 1., 0., 0., 1.,
           1., 1.],
          [1., 1., 1., 1., 1., 0., 1., 0., 0., 1., 1., 1., 1., 1., 0., 1., 1.,
           1., 1.],
          [1., 1., 0., 1., 0., 0., 1., 0., 0., 0., 0., 1., 1., 1., 0., 1., 1.,
           0., 1.],
          [0., 1., 0., 0., 0., 1., 0., 0., 0., 0., 0., 1., 0., 1., 1., 1., 1.,
           0., 1.],
          [0., 1., 1., 0., 1., 1., 1., 1., 1., 0., 0., 0., 1., 0., 0., 0., 1.,
           1., 0.],
          [1., 1., 1., 0., 0., 0., 0., 1., 1., 0., 1., 0., 0., 0., 1., 0., 1.,
           0., 1.],
          [1., 1., 0., 0., 0., 0., 0., 0., 0., 0., 0., 0., 0., 1., 0., 1., 0.,
           1., 0.],
          [1., 0., 1., 1., 0., 0., 1., 1., 0., 1., 1., 1., 1., 1., 1., 0., 0.,
           0., 1.],
          [1., 0., 0., 0., 1., 1., 0., 1., 0., 1., 0., 1., 1., 0., 1., 0., 0.,
           1., 0.],
          [1., 1., 1., 1., 0., 0., 0., 1., 0., 1., 0., 1., 0., 0., 1., 1., 0.,
           0., 0.]]]], device='cuda:0'), tensor([[0.9097]], device='cuda:0'))
2026-01-08 16:53:47 - INFO - [-0.03312344  0.0242879   0.8930657  -0.3072041   0.8930657  -0.3072041
 -0.0403172   0.02986368]
2026-01-08 16:53:48 - INFO - (tensor([[[[0., 1., 1., 1., 1., 0., 1., 1., 0., 1., 0., 1., 1., 0., 1., 0., 0.,
           1., 0.],
          [1., 1., 1., 1., 1., 0., 1., 0., 1., 0., 0., 0., 0., 1., 0., 1., 0.,
           0., 0.],
          [1., 1., 1., 0., 1., 0., 1., 1., 0., 1., 0., 0., 0., 0., 1., 0., 0.,
           0., 1.],
          [1., 0., 0., 1., 0., 1., 0., 0., 1., 0., 1., 0., 1., 1., 1., 0., 0.,
           1., 0.],
          [1., 1., 0., 1., 1., 1., 1., 0., 1., 1., 1., 0., 0., 1., 1., 1., 0.,
           0., 0.],
          [1., 1., 1., 1., 1., 1., 0., 1., 0., 1., 1., 0., 0., 1., 0., 1., 1.,
           0., 1.],
          [1., 1., 1., 1., 1., 1., 1., 0., 1., 0., 1., 0., 1., 0., 0., 1., 1.,
           0., 0.],
          [0., 1., 1., 1., 0., 0., 1., 1., 0., 1., 0., 1., 0., 1., 1., 0., 0.,
           0., 1.],
          [0., 0., 0., 0., 0., 1., 0., 0., 0., 0., 0., 0., 1., 1., 0., 1., 1.,
           1., 1.],
          [1., 1., 0., 1., 1., 1., 0., 1., 1., 0., 0., 0., 0., 1., 0., 0., 1.,
           1., 1.],
          [1., 1., 1., 1., 1., 0., 1., 0., 0., 1., 1., 1., 1., 1., 0., 1., 1.,
           1., 1.],
          [1., 1., 0., 1., 0., 0., 1., 0., 0., 0., 0., 1., 1., 1., 0., 1., 1.,
           0., 1.],
          [0., 1., 0., 0., 0., 1., 0., 0., 0., 0., 0., 1., 0., 1., 1., 1., 1.,
           0., 1.],
          [0., 1., 1., 0., 1., 1., 1., 1., 1., 0., 0., 0., 1., 0., 0., 0., 1.,
           1., 0.],
          [1., 1., 1., 0., 0., 0., 0., 1., 1., 0., 1., 0., 0., 0., 1., 0., 1.,
           0., 1.],
          [1., 1., 0., 0., 0., 0., 0., 0., 0., 0., 0., 0., 0., 1., 0., 1., 0.,
           1., 0.],
          [1., 0., 1., 1., 0., 0., 1., 1., 0., 1., 1., 1., 1., 1., 1., 0., 0.,
           0., 1.],
          [1., 0., 0., 0., 1., 1., 0., 1., 0., 1., 0., 1., 1., 0., 1., 0., 0.,
           1., 0.],
          [1., 1., 1., 1., 0., 0., 0., 1., 0., 1., 0., 1., 0., 0., 1., 1., 0.,
           0., 0.]]]], device='cuda:0'), tensor([[0.9130]], device='cuda:0'))
2026-01-08 16:53:48 - INFO - [-0.03305369  0.02440036  0.8927249  -0.30831406  0.8927249  -0.30831403
 -0.04025803  0.02993814]
2026-01-08 16:53:48 - INFO - (tensor([[[[0., 1., 1., 1., 1., 0., 1., 1., 0., 1., 0., 1., 1., 0., 1., 0., 0.,
           1., 0.],
          [1., 1., 1., 1., 1., 0., 1., 0., 1., 0., 0., 0., 0., 1., 0., 1., 0.,
           0., 0.],
          [1., 1., 1., 0., 1., 0., 1., 1., 0., 1., 0., 0., 0., 0., 1., 0., 0.,
           0., 1.],
          [1., 0., 0., 1., 0., 1., 0., 0., 1., 0., 1., 0., 1., 1., 1., 0., 0.,
           1., 0.],
          [1., 1., 0., 1., 1., 1., 1., 0., 1., 1., 1., 0., 0., 1., 1., 1., 0.,
           0., 0.],
          [1., 1., 1., 1., 1., 1., 0., 1., 0., 1., 1., 0., 0., 1., 0., 1., 1.,
           0., 1.],
          [1., 1., 1., 1., 1., 1., 1., 0., 1., 0., 1., 0., 1., 0., 0., 1., 1.,
           0., 0.],
          [0., 1., 1., 1., 0., 0., 1., 1., 0., 1., 0., 1., 0., 1., 1., 0., 0.,
           0., 1.],
          [0., 0., 0., 0., 0., 1., 0., 0., 0., 0., 0., 0., 1., 1., 0., 1., 1.,
           1., 1.],
          [1., 1., 0., 1., 1., 1., 0., 1., 1., 0., 0., 0., 0., 1., 0., 0., 1.,
           1., 1.],
          [1., 1., 1., 1., 1., 0., 1., 0., 0., 1., 1., 1., 1., 1., 0., 1., 1.,
           1., 1.],
          [1., 1., 0., 1., 0., 0., 1., 0., 0., 0., 0., 1., 1., 1., 0., 1., 1.,
           0., 1.],
          [0., 1., 0., 0., 0., 1., 0., 0., 0., 0., 0., 1., 0., 1., 1., 1., 1.,
           0., 1.],
          [0., 1., 1., 0., 1., 1., 1., 1., 1., 0., 0., 0., 1., 0., 0., 0., 1.,
           1., 0.],
          [1., 1., 1., 0., 0., 0., 0., 1., 1., 0., 1., 0., 0., 0., 1., 0., 1.,
           0., 1.],
          [1., 1., 0., 0., 0., 0., 0., 0., 0., 0., 0., 0., 0., 1., 0., 1., 0.,
           1., 0.],
          [1., 0., 1., 1., 0., 0., 1., 1., 0., 1., 1., 1., 1., 1., 1., 0., 0.,
           0., 1.],
          [1., 0., 0., 0., 1., 1., 0., 1., 0., 1., 0., 1., 1., 0., 1., 0., 0.,
           1., 0.],
          [1., 1., 1., 1., 0., 0., 0., 1., 0., 1., 0., 1., 0., 0., 1., 1., 0.,
           0., 0.]]]], device='cuda:0'), tensor([[0.9164]], device='cuda:0'))
2026-01-08 16:53:48 - INFO - [-0.03296777  0.02446829  0.8923624  -0.30925924  0.8923624  -0.30925927
 -0.04022807  0.03007917]
2026-01-08 16:53:48 - INFO - (tensor([[[[0., 1., 1., 1., 1., 0., 1., 1., 0., 1., 0., 1., 1., 0., 1., 0., 0.,
           1., 0.],
          [1., 1., 1., 1., 1., 0., 1., 0., 1., 0., 0., 0., 0., 1., 0., 1., 0.,
           0., 0.],
          [1., 1., 1., 0., 1., 0., 1., 1., 0., 1., 0., 0., 0., 0., 1., 0., 0.,
           0., 1.],
          [1., 0., 0., 1., 0., 1., 0., 0., 1., 0., 1., 0., 1., 1., 1., 0., 0.,
           1., 0.],
          [1., 1., 0., 1., 1., 1., 1., 0., 1., 1., 1., 0., 0., 1., 1., 1., 0.,
           0., 0.],
          [1., 1., 1., 1., 1., 1., 0., 1., 0., 1., 1., 0., 0., 1., 0., 1., 1.,
           0., 1.],
          [1., 1., 1., 1., 1., 1., 1., 0., 1., 0., 1., 0., 1., 0., 0., 1., 1.,
           0., 0.],
          [0., 1., 1., 1., 0., 0., 1., 1., 0., 1., 0., 1., 0., 1., 1., 0., 0.,
           0., 1.],
          [0., 0., 0., 0., 0., 1., 0., 0., 0., 0., 0., 0., 1., 1., 0., 1., 1.,
           1., 1.],
          [1., 1., 0., 1., 1., 1., 0., 1., 1., 0., 0., 0., 0., 1., 0., 0., 1.,
           1., 1.],
          [1., 1., 1., 1., 1., 0., 1., 0., 0., 1., 1., 1., 1., 1., 0., 1., 1.,
           1., 1.],
          [1., 1., 0., 1., 0., 0., 1., 0., 0., 0., 0., 1., 1., 1., 0., 1., 1.,
           0., 1.],
          [0., 1., 0., 0., 0., 1., 0., 0., 0., 0., 0., 1., 0., 1., 1., 1., 1.,
           0., 1.],
          [0., 1., 1., 0., 1., 1., 1., 1., 1., 0., 0., 0., 1., 0., 0., 0., 1.,
           1., 0.],
          [1., 1., 1., 0., 0., 0., 0., 1., 1., 0., 1., 0., 0., 0., 1., 0., 1.,
           0., 1.],
          [1., 1., 0., 0., 0., 0., 0., 0., 0., 0., 0., 0., 0., 1., 0., 1., 0.,
           1., 0.],
          [1., 0., 1., 1., 0., 0., 1., 1., 0., 1., 1., 1., 1., 1., 1., 0., 0.,
           0., 1.],
          [1., 0., 0., 0., 1., 1., 0., 1., 0., 1., 0., 1., 1., 0., 1., 0., 0.,
           1., 0.],
          [1., 1., 1., 1., 0., 0., 0., 1., 0., 1., 0., 1., 0., 0., 1., 1., 0.,
           0., 0.]]]], device='cuda:0'), tensor([[0.9197]], device='cuda:0'))
2026-01-08 16:53:48 - INFO - [-0.0328793   0.02453623  0.8919899  -0.31022295  0.89198995 -0.31022295
 -0.04019787  0.03023558]
2026-01-08 16:53:48 - INFO - (tensor([[[[0., 1., 1., 1., 1., 0., 1., 1., 0., 1., 0., 1., 1., 0., 1., 0., 0.,
           1., 0.],
          [1., 1., 1., 1., 1., 0., 1., 0., 1., 0., 0., 0., 0., 1., 0., 1., 0.,
           0., 0.],
          [1., 1., 1., 0., 1., 0., 1., 1., 0., 1., 0., 0., 0., 0., 1., 0., 0.,
           0., 1.],
          [1., 0., 0., 1., 0., 1., 0., 0., 1., 0., 1., 0., 1., 1., 1., 0., 0.,
           1., 0.],
          [1., 1., 0., 1., 1., 1., 1., 0., 1., 1., 1., 0., 0., 1., 1., 1., 0.,
           0., 0.],
          [1., 1., 1., 1., 1., 1., 0., 1., 0., 1., 1., 0., 0., 1., 0., 1., 1.,
           0., 1.],
          [1., 1., 1., 1., 1., 1., 1., 0., 1., 0., 1., 0., 1., 0., 0., 1., 1.,
           0., 0.],
          [0., 1., 1., 1., 0., 0., 1., 1., 0., 1., 0., 1., 0., 1., 1., 0., 0.,
           0., 1.],
          [0., 0., 0., 0., 0., 1., 0., 0., 0., 0., 0., 0., 1., 1., 0., 1., 1.,
           1., 1.],
          [1., 1., 0., 1., 1., 1., 0., 1., 1., 0., 0., 0., 0., 1., 0., 0., 1.,
           1., 1.],
          [1., 1., 1., 1., 1., 0., 1., 0., 0., 1., 1., 1., 1., 1., 0., 1., 1.,
           1., 1.],
          [1., 1., 0., 1., 0., 0., 1., 0., 0., 0., 0., 1., 1., 1., 0., 1., 1.,
           0., 1.],
          [0., 1., 0., 0., 0., 1., 0., 0., 0., 0., 0., 1., 0., 1., 1., 1., 1.,
           0., 1.],
          [0., 1., 1., 0., 1., 1., 1., 1., 1., 0., 0., 0., 1., 0., 0., 0., 1.,
           1., 0.],
          [1., 1., 1., 0., 0., 0., 0., 1., 1., 0., 1., 0., 0., 0., 1., 0., 1.,
           0., 1.],
          [1., 1., 0., 0., 0., 0., 0., 0., 0., 0., 0., 0., 0., 1., 0., 1., 0.,
           1., 0.],
          [1., 0., 1., 1., 0., 0., 1., 1., 0., 1., 1., 1., 1., 1., 1., 0., 0.,
           0., 1.],
          [1., 0., 0., 0., 1., 1., 0., 1., 0., 1., 0., 1., 1., 0., 1., 0., 0.,
           1., 0.],
          [1., 1., 1., 1., 0., 0., 0., 1., 0., 1., 0., 1., 0., 0., 1., 1., 0.,
           0., 0.]]]], device='cuda:0'), tensor([[0.9231]], device='cuda:0'))
2026-01-08 16:53:48 - INFO - [-0.03280992  0.02459636  0.89166784 -0.31107232  0.89166784 -0.31107232
 -0.04017299  0.03036452]
2026-01-08 16:53:48 - INFO - (tensor([[[[0., 1., 1., 1., 1., 0., 1., 1., 0., 1., 0., 1., 1., 0., 1., 0., 0.,
           1., 0.],
          [1., 1., 1., 1., 1., 0., 1., 0., 1., 0., 0., 0., 0., 1., 0., 1., 0.,
           0., 0.],
          [1., 1., 1., 0., 1., 0., 1., 1., 0., 1., 0., 0., 0., 0., 1., 0., 0.,
           0., 1.],
          [1., 0., 0., 1., 0., 1., 0., 0., 1., 0., 1., 0., 1., 1., 1., 0., 0.,
           1., 0.],
          [1., 1., 0., 1., 1., 1., 1., 0., 1., 1., 1., 0., 0., 1., 1., 1., 0.,
           0., 0.],
          [1., 1., 1., 1., 1., 1., 0., 1., 0., 1., 1., 0., 0., 1., 0., 1., 1.,
           0., 1.],
          [1., 1., 1., 1., 1., 1., 1., 0., 1., 0., 1., 0., 1., 0., 0., 1., 1.,
           0., 0.],
          [0., 1., 1., 1., 0., 0., 1., 1., 0., 1., 0., 1., 0., 1., 1., 0., 0.,
           0., 1.],
          [0., 0., 0., 0., 0., 1., 0., 0., 0., 0., 0., 0., 1., 1., 0., 1., 1.,
           1., 1.],
          [1., 1., 0., 1., 1., 1., 0., 1., 1., 0., 0., 0., 0., 1., 0., 0., 1.,
           1., 1.],
          [1., 1., 1., 1., 1., 0., 1., 0., 0., 1., 1., 1., 1., 1., 0., 1., 1.,
           1., 1.],
          [1., 1., 0., 1., 0., 0., 1., 0., 0., 0., 0., 1., 1., 1., 0., 1., 1.,
           0., 1.],
          [0., 1., 0., 0., 0., 1., 0., 0., 0., 0., 0., 1., 0., 1., 1., 1., 1.,
           0., 1.],
          [0., 1., 1., 0., 1., 1., 1., 1., 1., 0., 0., 0., 1., 0., 0., 0., 1.,
           1., 0.],
          [1., 1., 1., 0., 0., 0., 0., 1., 1., 0., 1., 0., 0., 0., 1., 0., 1.,
           0., 1.],
          [1., 1., 0., 0., 0., 0., 0., 0., 0., 0., 0., 0., 0., 1., 0., 1., 0.,
           1., 0.],
          [1., 0., 1., 1., 0., 0., 1., 1., 0., 1., 1., 1., 1., 1., 1., 0., 0.,
           0., 1.],
          [1., 0., 0., 0., 1., 1., 0., 1., 0., 1., 0., 1., 1., 0., 1., 0., 0.,
           1., 0.],
          [1., 1., 1., 1., 0., 0., 0., 1., 0., 1., 0., 1., 0., 0., 1., 1., 0.,
           0., 0.]]]], device='cuda:0'), tensor([[0.9264]], device='cuda:0'))
2026-01-08 16:53:48 - INFO - [-0.03274224  0.0246636   0.89135367 -0.3119101   0.8913536  -0.31191006
 -0.04014578  0.03049231]
2026-01-08 16:53:48 - INFO - (tensor([[[[0., 1., 1., 1., 1., 0., 1., 1., 0., 1., 0., 1., 1., 0., 1., 0., 0.,
           1., 0.],
          [1., 1., 1., 1., 1., 0., 1., 0., 1., 0., 0., 0., 0., 1., 0., 1., 0.,
           0., 0.],
          [1., 1., 1., 0., 1., 0., 1., 1., 0., 1., 0., 0., 0., 0., 1., 0., 0.,
           0., 1.],
          [1., 0., 0., 1., 0., 1., 0., 0., 1., 0., 1., 0., 1., 1., 1., 0., 0.,
           1., 0.],
          [1., 1., 0., 1., 1., 1., 1., 0., 1., 1., 1., 0., 0., 1., 1., 1., 0.,
           0., 0.],
          [1., 1., 1., 1., 1., 1., 0., 1., 0., 1., 1., 0., 0., 1., 0., 1., 1.,
           0., 1.],
          [1., 1., 1., 1., 1., 1., 1., 0., 1., 0., 1., 0., 1., 0., 0., 1., 1.,
           0., 0.],
          [0., 1., 1., 1., 0., 0., 1., 1., 0., 1., 0., 1., 0., 1., 1., 0., 0.,
           0., 1.],
          [0., 0., 0., 0., 0., 1., 0., 0., 0., 0., 0., 0., 1., 1., 0., 1., 1.,
           1., 1.],
          [1., 1., 0., 1., 1., 1., 0., 1., 1., 0., 0., 0., 0., 1., 0., 0., 1.,
           1., 1.],
          [1., 1., 1., 1., 1., 0., 1., 0., 0., 1., 1., 1., 1., 1., 0., 1., 1.,
           1., 1.],
          [1., 1., 0., 1., 0., 0., 1., 0., 0., 0., 0., 1., 1., 1., 0., 1., 1.,
           0., 1.],
          [0., 1., 0., 0., 0., 1., 0., 0., 0., 0., 0., 1., 0., 1., 1., 1., 1.,
           0., 1.],
          [0., 1., 1., 0., 1., 1., 1., 1., 1., 0., 0., 0., 1., 0., 0., 0., 1.,
           1., 0.],
          [1., 1., 1., 0., 0., 0., 0., 1., 1., 0., 1., 0., 0., 0., 1., 0., 1.,
           0., 1.],
          [1., 1., 0., 0., 0., 0., 0., 0., 0., 0., 0., 0., 0., 1., 0., 1., 0.,
           1., 0.],
          [1., 0., 1., 1., 0., 0., 1., 1., 0., 1., 1., 1., 1., 1., 1., 0., 0.,
           0., 1.],
          [1., 0., 0., 0., 1., 1., 0., 1., 0., 1., 0., 1., 1., 0., 1., 0., 0.,
           1., 0.],
          [1., 1., 1., 1., 0., 0., 0., 1., 0., 1., 0., 1., 0., 0., 1., 1., 0.,
           0., 0.]]]], device='cuda:0'), tensor([[0.9298]], device='cuda:0'))
2026-01-08 16:53:48 - INFO - [-0.03267317  0.02473754  0.8910427  -0.3127323   0.8910427  -0.3127323
 -0.0401197   0.03062395]
2026-01-08 16:53:48 - INFO - (tensor([[[[0., 1., 1., 1., 1., 0., 1., 1., 0., 1., 0., 1., 1., 0., 1., 0., 0.,
           1., 0.],
          [1., 1., 1., 1., 1., 0., 1., 0., 1., 0., 0., 0., 0., 1., 0., 1., 0.,
           0., 0.],
          [1., 1., 1., 0., 1., 0., 1., 1., 0., 1., 0., 0., 0., 0., 1., 0., 0.,
           0., 1.],
          [1., 0., 0., 1., 0., 1., 0., 0., 1., 0., 1., 0., 1., 1., 1., 0., 0.,
           1., 0.],
          [1., 1., 0., 1., 1., 1., 1., 0., 1., 1., 1., 0., 0., 1., 1., 1., 0.,
           0., 0.],
          [1., 1., 1., 1., 1., 1., 0., 1., 0., 1., 1., 0., 0., 1., 0., 1., 1.,
           0., 1.],
          [1., 1., 1., 1., 1., 1., 1., 0., 1., 0., 1., 0., 1., 0., 0., 1., 1.,
           0., 0.],
          [0., 1., 1., 1., 0., 0., 1., 1., 0., 1., 0., 1., 0., 1., 1., 0., 0.,
           0., 1.],
          [0., 0., 0., 0., 0., 1., 0., 0., 0., 0., 0., 0., 1., 1., 0., 1., 1.,
           1., 1.],
          [1., 1., 0., 1., 1., 1., 0., 1., 1., 0., 0., 0., 0., 1., 0., 0., 1.,
           1., 1.],
          [1., 1., 1., 1., 1., 0., 1., 0., 0., 1., 1., 1., 1., 1., 0., 1., 1.,
           1., 1.],
          [1., 1., 0., 1., 0., 0., 1., 0., 0., 0., 0., 1., 1., 1., 0., 1., 1.,
           0., 1.],
          [0., 1., 0., 0., 0., 1., 0., 0., 0., 0., 0., 1., 0., 1., 1., 1., 1.,
           0., 1.],
          [0., 1., 1., 0., 1., 1., 1., 1., 1., 0., 0., 0., 1., 0., 0., 0., 1.,
           1., 0.],
          [1., 1., 1., 0., 0., 0., 0., 1., 1., 0., 1., 0., 0., 0., 1., 0., 1.,
           0., 1.],
          [1., 1., 0., 0., 0., 0., 0., 0., 0., 0., 0., 0., 0., 1., 0., 1., 0.,
           1., 0.],
          [1., 0., 1., 1., 0., 0., 1., 1., 0., 1., 1., 1., 1., 1., 1., 0., 0.,
           0., 1.],
          [1., 0., 0., 0., 1., 1., 0., 1., 0., 1., 0., 1., 1., 0., 1., 0., 0.,
           1., 0.],
          [1., 1., 1., 1., 0., 0., 0., 1., 0., 1., 0., 1., 0., 0., 1., 1., 0.,
           0., 0.]]]], device='cuda:0'), tensor([[0.9331]], device='cuda:0'))
2026-01-08 16:53:48 - INFO - [-0.03258564  0.02484757  0.89069474 -0.31366864  0.89069474 -0.3136686
 -0.04007741  0.03079231]
2026-01-08 16:53:48 - INFO - (tensor([[[[0., 1., 1., 1., 1., 0., 1., 1., 0., 1., 0., 1., 1., 0., 1., 0., 0.,
           1., 0.],
          [1., 1., 1., 1., 1., 0., 1., 0., 1., 0., 0., 0., 0., 1., 0., 1., 0.,
           0., 0.],
          [1., 1., 1., 0., 1., 0., 1., 1., 0., 1., 0., 0., 0., 0., 1., 0., 0.,
           0., 1.],
          [1., 0., 0., 1., 0., 1., 0., 0., 1., 0., 1., 0., 1., 1., 1., 0., 0.,
           1., 0.],
          [1., 1., 0., 1., 1., 1., 1., 0., 1., 1., 1., 0., 0., 1., 1., 1., 0.,
           0., 0.],
          [1., 1., 1., 1., 1., 1., 0., 1., 0., 1., 1., 0., 0., 1., 0., 1., 1.,
           0., 1.],
          [1., 1., 1., 1., 1., 1., 1., 0., 1., 0., 1., 0., 1., 0., 0., 1., 1.,
           0., 0.],
          [0., 1., 1., 1., 0., 0., 1., 1., 0., 1., 0., 1., 0., 1., 1., 0., 0.,
           0., 1.],
          [0., 0., 0., 0., 0., 1., 0., 0., 0., 0., 0., 0., 1., 1., 0., 1., 1.,
           1., 1.],
          [1., 1., 0., 1., 1., 1., 0., 1., 1., 0., 0., 0., 0., 1., 0., 0., 1.,
           1., 1.],
          [1., 1., 1., 1., 1., 0., 1., 0., 0., 1., 1., 1., 1., 1., 0., 1., 1.,
           1., 1.],
          [1., 1., 0., 1., 0., 0., 1., 0., 0., 0., 0., 1., 1., 1., 0., 1., 1.,
           0., 1.],
          [0., 1., 0., 0., 0., 1., 0., 0., 0., 0., 0., 1., 0., 1., 1., 1., 1.,
           0., 1.],
          [0., 1., 1., 0., 1., 1., 1., 1., 1., 0., 0., 0., 1., 0., 0., 0., 1.,
           1., 0.],
          [1., 1., 1., 0., 0., 0., 0., 1., 1., 0., 1., 0., 0., 0., 1., 0., 1.,
           0., 1.],
          [1., 1., 0., 0., 0., 0., 0., 0., 0., 0., 0., 0., 0., 1., 0., 1., 0.,
           1., 0.],
          [1., 0., 1., 1., 0., 0., 1., 1., 0., 1., 1., 1., 1., 1., 1., 0., 0.,
           0., 1.],
          [1., 0., 0., 0., 1., 1., 0., 1., 0., 1., 0., 1., 1., 0., 1., 0., 0.,
           1., 0.],
          [1., 1., 1., 1., 0., 0., 0., 1., 0., 1., 0., 1., 0., 0., 1., 1., 0.,
           0., 0.]]]], device='cuda:0'), tensor([[0.9365]], device='cuda:0'))
2026-01-08 16:53:48 - INFO - [-0.03251519  0.02495235  0.89031    -0.31471813  0.89030993 -0.3147181
 -0.04002488  0.03093653]
2026-01-08 16:53:48 - INFO - (tensor([[[[0., 1., 1., 1., 1., 0., 1., 1., 0., 1., 0., 1., 1., 0., 1., 0., 0.,
           1., 0.],
          [1., 1., 1., 1., 1., 0., 1., 0., 1., 0., 0., 0., 0., 1., 0., 1., 0.,
           0., 0.],
          [1., 1., 1., 0., 1., 0., 1., 1., 0., 1., 0., 0., 0., 0., 1., 0., 0.,
           0., 1.],
          [1., 0., 0., 1., 0., 1., 0., 0., 1., 0., 1., 0., 1., 1., 1., 0., 0.,
           1., 0.],
          [1., 1., 0., 1., 1., 1., 1., 0., 1., 1., 1., 0., 0., 1., 1., 1., 0.,
           0., 0.],
          [1., 1., 1., 1., 1., 1., 0., 1., 0., 1., 1., 0., 0., 1., 0., 1., 1.,
           0., 1.],
          [1., 1., 1., 1., 1., 1., 1., 0., 1., 0., 1., 0., 1., 0., 0., 1., 1.,
           0., 0.],
          [0., 1., 1., 1., 0., 0., 1., 1., 0., 1., 0., 1., 0., 1., 1., 0., 0.,
           0., 1.],
          [0., 0., 0., 0., 0., 1., 0., 0., 0., 0., 0., 0., 1., 1., 0., 1., 1.,
           1., 1.],
          [1., 1., 0., 1., 1., 1., 0., 1., 1., 0., 0., 0., 0., 1., 0., 0., 1.,
           1., 1.],
          [1., 1., 1., 1., 1., 0., 1., 0., 0., 1., 1., 1., 1., 1., 0., 1., 1.,
           1., 1.],
          [1., 1., 0., 1., 0., 0., 1., 0., 0., 0., 0., 1., 1., 1., 0., 1., 1.,
           0., 1.],
          [0., 1., 0., 0., 0., 1., 0., 0., 0., 0., 0., 1., 0., 1., 1., 1., 1.,
           0., 1.],
          [0., 1., 1., 0., 1., 1., 1., 1., 1., 0., 0., 0., 1., 0., 0., 0., 1.,
           1., 0.],
          [1., 1., 1., 0., 0., 0., 0., 1., 1., 0., 1., 0., 0., 0., 1., 0., 1.,
           0., 1.],
          [1., 1., 0., 0., 0., 0., 0., 0., 0., 0., 0., 0., 0., 1., 0., 1., 0.,
           1., 0.],
          [1., 0., 1., 1., 0., 0., 1., 1., 0., 1., 1., 1., 1., 1., 1., 0., 0.,
           0., 1.],
          [1., 0., 0., 0., 1., 1., 0., 1., 0., 1., 0., 1., 1., 0., 1., 0., 0.,
           1., 0.],
          [1., 1., 1., 1., 0., 0., 0., 1., 0., 1., 0., 1., 0., 0., 1., 1., 0.,
           0., 0.]]]], device='cuda:0'), tensor([[0.9398]], device='cuda:0'))
2026-01-08 16:53:48 - INFO - [-0.03244658  0.02499794  0.88983905 -0.3160405   0.88983905 -0.3160405
 -0.03998204  0.0310399 ]
2026-01-08 16:53:48 - INFO - (tensor([[[[0., 1., 1., 1., 1., 0., 1., 1., 0., 1., 0., 1., 1., 0., 1., 0., 0.,
           1., 0.],
          [1., 1., 1., 1., 1., 0., 1., 0., 1., 0., 0., 0., 0., 1., 0., 1., 0.,
           0., 0.],
          [1., 1., 1., 0., 1., 0., 1., 1., 0., 1., 0., 0., 0., 0., 1., 0., 0.,
           0., 1.],
          [1., 0., 0., 1., 0., 1., 0., 0., 1., 0., 1., 0., 1., 1., 1., 0., 0.,
           1., 0.],
          [1., 1., 0., 1., 1., 1., 1., 0., 1., 1., 1., 0., 0., 1., 1., 1., 0.,
           0., 0.],
          [1., 1., 1., 1., 1., 1., 0., 1., 0., 1., 1., 0., 0., 1., 0., 1., 1.,
           0., 1.],
          [1., 1., 1., 1., 1., 1., 1., 0., 1., 0., 1., 0., 1., 0., 0., 1., 1.,
           0., 0.],
          [0., 1., 1., 1., 0., 0., 1., 1., 0., 1., 0., 1., 0., 1., 1., 0., 0.,
           0., 1.],
          [0., 0., 0., 0., 0., 1., 0., 0., 0., 0., 0., 0., 1., 1., 0., 1., 1.,
           1., 1.],
          [1., 1., 0., 1., 1., 1., 0., 1., 1., 0., 0., 0., 0., 1., 0., 0., 1.,
           1., 1.],
          [1., 1., 1., 1., 1., 0., 1., 0., 0., 1., 1., 1., 1., 1., 0., 1., 1.,
           1., 1.],
          [1., 1., 0., 1., 0., 0., 1., 0., 0., 0., 0., 1., 1., 1., 0., 1., 1.,
           0., 1.],
          [0., 1., 0., 0., 0., 1., 0., 0., 0., 0., 0., 1., 0., 1., 1., 1., 1.,
           0., 1.],
          [0., 1., 1., 0., 1., 1., 1., 1., 1., 0., 0., 0., 1., 0., 0., 0., 1.,
           1., 0.],
          [1., 1., 1., 0., 0., 0., 0., 1., 1., 0., 1., 0., 0., 0., 1., 0., 1.,
           0., 1.],
          [1., 1., 0., 0., 0., 0., 0., 0., 0., 0., 0., 0., 0., 1., 0., 1., 0.,
           1., 0.],
          [1., 0., 1., 1., 0., 0., 1., 1., 0., 1., 1., 1., 1., 1., 1., 0., 0.,
           0., 1.],
          [1., 0., 0., 0., 1., 1., 0., 1., 0., 1., 0., 1., 1., 0., 1., 0., 0.,
           1., 0.],
          [1., 1., 1., 1., 0., 0., 0., 1., 0., 1., 0., 1., 0., 0., 1., 1., 0.,
           0., 0.]]]], device='cuda:0'), tensor([[0.9431]], device='cuda:0'))
2026-01-08 16:53:48 - INFO - [-0.03236974  0.02506456  0.8894098  -0.31722736  0.8894098  -0.31722736
 -0.0399323   0.03115949]
2026-01-08 16:53:48 - INFO - (tensor([[[[0., 1., 1., 1., 1., 0., 1., 1., 0., 1., 0., 1., 1., 0., 1., 0., 0.,
           1., 0.],
          [1., 1., 1., 1., 1., 0., 1., 0., 1., 0., 0., 0., 0., 1., 0., 1., 0.,
           0., 0.],
          [1., 1., 1., 0., 1., 0., 1., 1., 0., 1., 0., 0., 0., 0., 1., 0., 0.,
           0., 1.],
          [1., 0., 0., 1., 0., 1., 0., 0., 1., 0., 1., 0., 1., 1., 1., 0., 0.,
           1., 0.],
          [1., 1., 0., 1., 1., 1., 1., 0., 1., 1., 1., 0., 0., 1., 1., 1., 0.,
           0., 0.],
          [1., 1., 1., 1., 1., 1., 0., 1., 0., 1., 1., 0., 0., 1., 0., 1., 1.,
           0., 1.],
          [1., 1., 1., 1., 1., 1., 1., 0., 1., 0., 1., 0., 1., 0., 0., 1., 1.,
           0., 0.],
          [0., 1., 1., 1., 0., 0., 1., 1., 0., 1., 0., 1., 0., 1., 1., 0., 0.,
           0., 1.],
          [0., 0., 0., 0., 0., 1., 0., 0., 0., 0., 0., 0., 1., 1., 0., 1., 1.,
           1., 1.],
          [1., 1., 0., 1., 1., 1., 0., 1., 1., 0., 0., 0., 0., 1., 0., 0., 1.,
           1., 1.],
          [1., 1., 1., 1., 1., 0., 1., 0., 0., 1., 1., 1., 1., 1., 0., 1., 1.,
           1., 1.],
          [1., 1., 0., 1., 0., 0., 1., 0., 0., 0., 0., 1., 1., 1., 0., 1., 1.,
           0., 1.],
          [0., 1., 0., 0., 0., 1., 0., 0., 0., 0., 0., 1., 0., 1., 1., 1., 1.,
           0., 1.],
          [0., 1., 1., 0., 1., 1., 1., 1., 1., 0., 0., 0., 1., 0., 0., 0., 1.,
           1., 0.],
          [1., 1., 1., 0., 0., 0., 0., 1., 1., 0., 1., 0., 0., 0., 1., 0., 1.,
           0., 1.],
          [1., 1., 0., 0., 0., 0., 0., 0., 0., 0., 0., 0., 0., 1., 0., 1., 0.,
           1., 0.],
          [1., 0., 1., 1., 0., 0., 1., 1., 0., 1., 1., 1., 1., 1., 1., 0., 0.,
           0., 1.],
          [1., 0., 0., 0., 1., 1., 0., 1., 0., 1., 0., 1., 1., 0., 1., 0., 0.,
           1., 0.],
          [1., 1., 1., 1., 0., 0., 0., 1., 0., 1., 0., 1., 0., 0., 1., 1., 0.,
           0., 0.]]]], device='cuda:0'), tensor([[0.9465]], device='cuda:0'))
2026-01-08 16:53:48 - INFO - [-0.03228363  0.02514733  0.88902634 -0.31826007  0.88902634 -0.31826004
 -0.03988262  0.03129585]
2026-01-08 16:53:48 - INFO - (tensor([[[[0., 1., 1., 1., 1., 0., 1., 1., 0., 1., 0., 1., 1., 0., 1., 0., 0.,
           1., 0.],
          [1., 1., 1., 1., 1., 0., 1., 0., 1., 0., 0., 0., 0., 1., 0., 1., 0.,
           0., 0.],
          [1., 1., 1., 0., 1., 0., 1., 1., 0., 1., 0., 0., 0., 0., 1., 0., 0.,
           0., 1.],
          [1., 0., 0., 1., 0., 1., 0., 0., 1., 0., 1., 0., 1., 1., 1., 0., 0.,
           1., 0.],
          [1., 1., 0., 1., 1., 1., 1., 0., 1., 1., 1., 0., 0., 1., 1., 1., 0.,
           0., 0.],
          [1., 1., 1., 1., 1., 1., 0., 1., 0., 1., 1., 0., 0., 1., 0., 1., 1.,
           0., 1.],
          [1., 1., 1., 1., 1., 1., 1., 0., 1., 0., 1., 0., 1., 0., 0., 1., 1.,
           0., 0.],
          [0., 1., 1., 1., 0., 0., 1., 1., 0., 1., 0., 1., 0., 1., 1., 0., 0.,
           0., 1.],
          [0., 0., 0., 0., 0., 1., 0., 0., 0., 0., 0., 0., 1., 1., 0., 1., 1.,
           1., 1.],
          [1., 1., 0., 1., 1., 1., 0., 1., 1., 0., 0., 0., 0., 1., 0., 0., 1.,
           1., 1.],
          [1., 1., 1., 1., 1., 0., 1., 0., 0., 1., 1., 1., 1., 1., 0., 1., 1.,
           1., 1.],
          [1., 1., 0., 1., 0., 0., 1., 0., 0., 0., 0., 1., 1., 1., 0., 1., 1.,
           0., 1.],
          [0., 1., 0., 0., 0., 1., 0., 0., 0., 0., 0., 1., 0., 1., 1., 1., 1.,
           0., 1.],
          [0., 1., 1., 0., 1., 1., 1., 1., 1., 0., 0., 0., 1., 0., 0., 0., 1.,
           1., 0.],
          [1., 1., 1., 0., 0., 0., 0., 1., 1., 0., 1., 0., 0., 0., 1., 0., 1.,
           0., 1.],
          [1., 1., 0., 0., 0., 0., 0., 0., 0., 0., 0., 0., 0., 1., 0., 1., 0.,
           1., 0.],
          [1., 0., 1., 1., 0., 0., 1., 1., 0., 1., 1., 1., 1., 1., 1., 0., 0.,
           0., 1.],
          [1., 0., 0., 0., 1., 1., 0., 1., 0., 1., 0., 1., 1., 0., 1., 0., 0.,
           1., 0.],
          [1., 1., 1., 1., 0., 0., 0., 1., 0., 1., 0., 1., 0., 0., 1., 1., 0.,
           0., 0.]]]], device='cuda:0'), tensor([[0.9498]], device='cuda:0'))
2026-01-08 16:53:48 - INFO - [-0.03219283  0.02524165  0.8886745  -0.31918487  0.8886745  -0.31918484
 -0.03983256  0.03144324]
2026-01-08 16:53:48 - INFO - (tensor([[[[0., 1., 1., 1., 1., 0., 1., 1., 0., 1., 0., 1., 1., 0., 1., 0., 0.,
           1., 0.],
          [1., 1., 1., 1., 1., 0., 1., 0., 1., 0., 0., 0., 0., 1., 0., 1., 0.,
           0., 0.],
          [1., 1., 1., 0., 1., 0., 1., 1., 0., 1., 0., 0., 0., 0., 1., 0., 0.,
           0., 1.],
          [1., 0., 0., 1., 0., 1., 0., 0., 1., 0., 1., 0., 1., 1., 1., 0., 0.,
           1., 0.],
          [1., 1., 0., 1., 1., 1., 1., 0., 1., 1., 1., 0., 0., 1., 1., 1., 0.,
           0., 0.],
          [1., 1., 1., 1., 1., 1., 0., 1., 0., 1., 1., 0., 0., 1., 0., 1., 1.,
           0., 1.],
          [1., 1., 1., 1., 1., 1., 1., 0., 1., 0., 1., 0., 1., 0., 0., 1., 1.,
           0., 0.],
          [0., 1., 1., 1., 0., 0., 1., 1., 0., 1., 0., 1., 0., 1., 1., 0., 0.,
           0., 1.],
          [0., 0., 0., 0., 0., 1., 0., 0., 0., 0., 0., 0., 1., 1., 0., 1., 1.,
           1., 1.],
          [1., 1., 0., 1., 1., 1., 0., 1., 1., 0., 0., 0., 0., 1., 0., 0., 1.,
           1., 1.],
          [1., 1., 1., 1., 1., 0., 1., 0., 0., 1., 1., 1., 1., 1., 0., 1., 1.,
           1., 1.],
          [1., 1., 0., 1., 0., 0., 1., 0., 0., 0., 0., 1., 1., 1., 0., 1., 1.,
           0., 1.],
          [0., 1., 0., 0., 0., 1., 0., 0., 0., 0., 0., 1., 0., 1., 1., 1., 1.,
           0., 1.],
          [0., 1., 1., 0., 1., 1., 1., 1., 1., 0., 0., 0., 1., 0., 0., 0., 1.,
           1., 0.],
          [1., 1., 1., 0., 0., 0., 0., 1., 1., 0., 1., 0., 0., 0., 1., 0., 1.,
           0., 1.],
          [1., 1., 0., 0., 0., 0., 0., 0., 0., 0., 0., 0., 0., 1., 0., 1., 0.,
           1., 0.],
          [1., 0., 1., 1., 0., 0., 1., 1., 0., 1., 1., 1., 1., 1., 1., 0., 0.,
           0., 1.],
          [1., 0., 0., 0., 1., 1., 0., 1., 0., 1., 0., 1., 1., 0., 1., 0., 0.,
           1., 0.],
          [1., 1., 1., 1., 0., 0., 0., 1., 0., 1., 0., 1., 0., 0., 1., 1., 0.,
           0., 0.]]]], device='cuda:0'), tensor([[0.9532]], device='cuda:0'))
2026-01-08 16:53:48 - INFO - [-0.03206475  0.02532587  0.8882895  -0.32017282  0.8882895  -0.3201728
 -0.03974845  0.03158497]
2026-01-08 16:53:48 - INFO - (tensor([[[[0., 1., 1., 1., 1., 0., 1., 1., 0., 1., 0., 1., 1., 0., 1., 0., 0.,
           1., 0.],
          [1., 1., 1., 1., 1., 0., 1., 0., 1., 0., 0., 0., 0., 1., 0., 1., 0.,
           0., 0.],
          [1., 1., 1., 0., 1., 0., 1., 1., 0., 1., 0., 0., 0., 0., 1., 0., 0.,
           0., 1.],
          [1., 0., 0., 1., 0., 1., 0., 0., 1., 0., 1., 0., 1., 1., 1., 0., 0.,
           1., 0.],
          [1., 1., 0., 1., 1., 1., 1., 0., 1., 1., 1., 0., 0., 1., 1., 1., 0.,
           0., 0.],
          [1., 1., 1., 1., 1., 1., 0., 1., 0., 1., 1., 0., 0., 1., 0., 1., 1.,
           0., 1.],
          [1., 1., 1., 1., 1., 1., 1., 0., 1., 0., 1., 0., 1., 0., 0., 1., 1.,
           0., 0.],
          [0., 1., 1., 1., 0., 0., 1., 1., 0., 1., 0., 1., 0., 1., 1., 0., 0.,
           0., 1.],
          [0., 0., 0., 0., 0., 1., 0., 0., 0., 0., 0., 0., 1., 1., 0., 1., 1.,
           1., 1.],
          [1., 1., 0., 1., 1., 1., 0., 1., 1., 0., 0., 0., 0., 1., 0., 0., 1.,
           1., 1.],
          [1., 1., 1., 1., 1., 0., 1., 0., 0., 1., 1., 1., 1., 1., 0., 1., 1.,
           1., 1.],
          [1., 1., 0., 1., 0., 0., 1., 0., 0., 0., 0., 1., 1., 1., 0., 1., 1.,
           0., 1.],
          [0., 1., 0., 0., 0., 1., 0., 0., 0., 0., 0., 1., 0., 1., 1., 1., 1.,
           0., 1.],
          [0., 1., 1., 0., 1., 1., 1., 1., 1., 0., 0., 0., 1., 0., 0., 0., 1.,
           1., 0.],
          [1., 1., 1., 0., 0., 0., 0., 1., 1., 0., 1., 0., 0., 0., 1., 0., 1.,
           0., 1.],
          [1., 1., 0., 0., 0., 0., 0., 0., 0., 0., 0., 0., 0., 1., 0., 1., 0.,
           1., 0.],
          [1., 0., 1., 1., 0., 0., 1., 1., 0., 1., 1., 1., 1., 1., 1., 0., 0.,
           0., 1.],
          [1., 0., 0., 0., 1., 1., 0., 1., 0., 1., 0., 1., 1., 0., 1., 0., 0.,
           1., 0.],
          [1., 1., 1., 1., 0., 0., 0., 1., 0., 1., 0., 1., 0., 0., 1., 1., 0.,
           0., 0.]]]], device='cuda:0'), tensor([[0.9565]], device='cuda:0'))
2026-01-08 16:53:48 - INFO - [-0.03192869  0.02539619  0.8878428  -0.3213246   0.8878428  -0.32132456
 -0.0396574   0.03171755]
2026-01-08 16:53:48 - INFO - (tensor([[[[0., 1., 1., 1., 1., 0., 1., 1., 0., 1., 0., 1., 1., 0., 1., 0., 0.,
           1., 0.],
          [1., 1., 1., 1., 1., 0., 1., 0., 1., 0., 0., 0., 0., 1., 0., 1., 0.,
           0., 0.],
          [1., 1., 1., 0., 1., 0., 1., 1., 0., 1., 0., 0., 0., 0., 1., 0., 0.,
           0., 1.],
          [1., 0., 0., 1., 0., 1., 0., 0., 1., 0., 1., 0., 1., 1., 1., 0., 0.,
           1., 0.],
          [1., 1., 0., 1., 1., 1., 1., 0., 1., 1., 1., 0., 0., 1., 1., 1., 0.,
           0., 0.],
          [1., 1., 1., 1., 1., 1., 0., 1., 0., 1., 1., 0., 0., 1., 0., 1., 1.,
           0., 1.],
          [1., 1., 1., 1., 1., 1., 1., 0., 1., 0., 1., 0., 1., 0., 0., 1., 1.,
           0., 0.],
          [0., 1., 1., 1., 0., 0., 1., 1., 0., 1., 0., 1., 0., 1., 1., 0., 0.,
           0., 1.],
          [0., 0., 0., 0., 0., 1., 0., 0., 0., 0., 0., 0., 1., 1., 0., 1., 1.,
           1., 1.],
          [1., 1., 0., 1., 1., 1., 0., 1., 1., 0., 0., 0., 0., 1., 0., 0., 1.,
           1., 1.],
          [1., 1., 1., 1., 1., 0., 1., 0., 0., 1., 1., 1., 1., 1., 0., 1., 1.,
           1., 1.],
          [1., 1., 0., 1., 0., 0., 1., 0., 0., 0., 0., 1., 1., 1., 0., 1., 1.,
           0., 1.],
          [0., 1., 0., 0., 0., 1., 0., 0., 0., 0., 0., 1., 0., 1., 1., 1., 1.,
           0., 1.],
          [0., 1., 1., 0., 1., 1., 1., 1., 1., 0., 0., 0., 1., 0., 0., 0., 1.,
           1., 0.],
          [1., 1., 1., 0., 0., 0., 0., 1., 1., 0., 1., 0., 0., 0., 1., 0., 1.,
           0., 1.],
          [1., 1., 0., 0., 0., 0., 0., 0., 0., 0., 0., 0., 0., 1., 0., 1., 0.,
           1., 0.],
          [1., 0., 1., 1., 0., 0., 1., 1., 0., 1., 1., 1., 1., 1., 1., 0., 0.,
           0., 1.],
          [1., 0., 0., 0., 1., 1., 0., 1., 0., 1., 0., 1., 1., 0., 1., 0., 0.,
           1., 0.],
          [1., 1., 1., 1., 0., 0., 0., 1., 0., 1., 0., 1., 0., 0., 1., 1., 0.,
           0., 0.]]]], device='cuda:0'), tensor([[0.9599]], device='cuda:0'))
2026-01-08 16:53:48 - INFO - [-0.03179505  0.02545151  0.8873532  -0.32257637  0.8873532  -0.32257637
 -0.03957662  0.03184344]
2026-01-08 16:53:48 - INFO - (tensor([[[[0., 1., 1., 1., 1., 0., 1., 1., 0., 1., 0., 1., 1., 0., 1., 0., 0.,
           1., 0.],
          [1., 1., 1., 1., 1., 0., 1., 0., 1., 0., 0., 0., 0., 1., 0., 1., 0.,
           0., 0.],
          [1., 1., 1., 0., 1., 0., 1., 1., 0., 1., 0., 0., 0., 0., 1., 0., 0.,
           0., 1.],
          [1., 0., 0., 1., 0., 1., 0., 0., 1., 0., 1., 0., 1., 1., 1., 0., 0.,
           1., 0.],
          [1., 1., 0., 1., 1., 1., 1., 0., 1., 1., 1., 0., 0., 1., 1., 1., 0.,
           0., 0.],
          [1., 1., 1., 1., 1., 1., 0., 1., 0., 1., 1., 0., 0., 1., 0., 1., 1.,
           0., 1.],
          [1., 1., 1., 1., 1., 1., 1., 0., 1., 0., 1., 0., 1., 0., 0., 1., 1.,
           0., 0.],
          [0., 1., 1., 1., 0., 0., 1., 1., 0., 1., 0., 1., 0., 1., 1., 0., 0.,
           0., 1.],
          [0., 0., 0., 0., 0., 1., 0., 0., 0., 0., 0., 0., 1., 1., 0., 1., 1.,
           1., 1.],
          [1., 1., 0., 1., 1., 1., 0., 1., 1., 0., 0., 0., 0., 1., 0., 0., 1.,
           1., 1.],
          [1., 1., 1., 1., 1., 0., 1., 0., 0., 1., 1., 1., 1., 1., 0., 1., 1.,
           1., 1.],
          [1., 1., 0., 1., 0., 0., 1., 0., 0., 0., 0., 1., 1., 1., 0., 1., 1.,
           0., 1.],
          [0., 1., 0., 0., 0., 1., 0., 0., 0., 0., 0., 1., 0., 1., 1., 1., 1.,
           0., 1.],
          [0., 1., 1., 0., 1., 1., 1., 1., 1., 0., 0., 0., 1., 0., 0., 0., 1.,
           1., 0.],
          [1., 1., 1., 0., 0., 0., 0., 1., 1., 0., 1., 0., 0., 0., 1., 0., 1.,
           0., 1.],
          [1., 1., 0., 0., 0., 0., 0., 0., 0., 0., 0., 0., 0., 1., 0., 1., 0.,
           1., 0.],
          [1., 0., 1., 1., 0., 0., 1., 1., 0., 1., 1., 1., 1., 1., 1., 0., 0.,
           0., 1.],
          [1., 0., 0., 0., 1., 1., 0., 1., 0., 1., 0., 1., 1., 0., 1., 0., 0.,
           1., 0.],
          [1., 1., 1., 1., 0., 0., 0., 1., 0., 1., 0., 1., 0., 0., 1., 1., 0.,
           0., 0.]]]], device='cuda:0'), tensor([[0.9632]], device='cuda:0'))
2026-01-08 16:53:48 - INFO - [-0.03165498  0.02551674  0.88685673 -0.3238391   0.88685673 -0.32383907
 -0.03948985  0.03198032]
2026-01-08 16:53:48 - INFO - (tensor([[[[0., 1., 1., 1., 1., 0., 1., 1., 0., 1., 0., 1., 1., 0., 1., 0., 0.,
           1., 0.],
          [1., 1., 1., 1., 1., 0., 1., 0., 1., 0., 0., 0., 0., 1., 0., 1., 0.,
           0., 0.],
          [1., 1., 1., 0., 1., 0., 1., 1., 0., 1., 0., 0., 0., 0., 1., 0., 0.,
           0., 1.],
          [1., 0., 0., 1., 0., 1., 0., 0., 1., 0., 1., 0., 1., 1., 1., 0., 0.,
           1., 0.],
          [1., 1., 0., 1., 1., 1., 1., 0., 1., 1., 1., 0., 0., 1., 1., 1., 0.,
           0., 0.],
          [1., 1., 1., 1., 1., 1., 0., 1., 0., 1., 1., 0., 0., 1., 0., 1., 1.,
           0., 1.],
          [1., 1., 1., 1., 1., 1., 1., 0., 1., 0., 1., 0., 1., 0., 0., 1., 1.,
           0., 0.],
          [0., 1., 1., 1., 0., 0., 1., 1., 0., 1., 0., 1., 0., 1., 1., 0., 0.,
           0., 1.],
          [0., 0., 0., 0., 0., 1., 0., 0., 0., 0., 0., 0., 1., 1., 0., 1., 1.,
           1., 1.],
          [1., 1., 0., 1., 1., 1., 0., 1., 1., 0., 0., 0., 0., 1., 0., 0., 1.,
           1., 1.],
          [1., 1., 1., 1., 1., 0., 1., 0., 0., 1., 1., 1., 1., 1., 0., 1., 1.,
           1., 1.],
          [1., 1., 0., 1., 0., 0., 1., 0., 0., 0., 0., 1., 1., 1., 0., 1., 1.,
           0., 1.],
          [0., 1., 0., 0., 0., 1., 0., 0., 0., 0., 0., 1., 0., 1., 1., 1., 1.,
           0., 1.],
          [0., 1., 1., 0., 1., 1., 1., 1., 1., 0., 0., 0., 1., 0., 0., 0., 1.,
           1., 0.],
          [1., 1., 1., 0., 0., 0., 0., 1., 1., 0., 1., 0., 0., 0., 1., 0., 1.,
           0., 1.],
          [1., 1., 0., 0., 0., 0., 0., 0., 0., 0., 0., 0., 0., 1., 0., 1., 0.,
           1., 0.],
          [1., 0., 1., 1., 0., 0., 1., 1., 0., 1., 1., 1., 1., 1., 1., 0., 0.,
           0., 1.],
          [1., 0., 0., 0., 1., 1., 0., 1., 0., 1., 0., 1., 1., 0., 1., 0., 0.,
           1., 0.],
          [1., 1., 1., 1., 0., 0., 0., 1., 0., 1., 0., 1., 0., 0., 1., 1., 0.,
           0., 0.]]]], device='cuda:0'), tensor([[0.9666]], device='cuda:0'))
2026-01-08 16:53:48 - INFO - [-0.03150018  0.02560117  0.8863677  -0.32509044  0.8863677  -0.32509044
 -0.03938974  0.03213808]
2026-01-08 16:53:48 - INFO - (tensor([[[[0., 1., 1., 1., 1., 0., 1., 1., 0., 1., 0., 1., 1., 0., 1., 0., 0.,
           1., 0.],
          [1., 1., 1., 1., 1., 0., 1., 0., 1., 0., 0., 0., 0., 1., 0., 1., 0.,
           0., 0.],
          [1., 1., 1., 0., 1., 0., 1., 1., 0., 1., 0., 0., 0., 0., 1., 0., 0.,
           0., 1.],
          [1., 0., 0., 1., 0., 1., 0., 0., 1., 0., 1., 0., 1., 1., 1., 0., 0.,
           1., 0.],
          [1., 1., 0., 1., 1., 1., 1., 0., 1., 1., 1., 0., 0., 1., 1., 1., 0.,
           0., 0.],
          [1., 1., 1., 1., 1., 1., 0., 1., 0., 1., 1., 0., 0., 1., 0., 1., 1.,
           0., 1.],
          [1., 1., 1., 1., 1., 1., 1., 0., 1., 0., 1., 0., 1., 0., 0., 1., 1.,
           0., 0.],
          [0., 1., 1., 1., 0., 0., 1., 1., 0., 1., 0., 1., 0., 1., 1., 0., 0.,
           0., 1.],
          [0., 0., 0., 0., 0., 1., 0., 0., 0., 0., 0., 0., 1., 1., 0., 1., 1.,
           1., 1.],
          [1., 1., 0., 1., 1., 1., 0., 1., 1., 0., 0., 0., 0., 1., 0., 0., 1.,
           1., 1.],
          [1., 1., 1., 1., 1., 0., 1., 0., 0., 1., 1., 1., 1., 1., 0., 1., 1.,
           1., 1.],
          [1., 1., 0., 1., 0., 0., 1., 0., 0., 0., 0., 1., 1., 1., 0., 1., 1.,
           0., 1.],
          [0., 1., 0., 0., 0., 1., 0., 0., 0., 0., 0., 1., 0., 1., 1., 1., 1.,
           0., 1.],
          [0., 1., 1., 0., 1., 1., 1., 1., 1., 0., 0., 0., 1., 0., 0., 0., 1.,
           1., 0.],
          [1., 1., 1., 0., 0., 0., 0., 1., 1., 0., 1., 0., 0., 0., 1., 0., 1.,
           0., 1.],
          [1., 1., 0., 0., 0., 0., 0., 0., 0., 0., 0., 0., 0., 1., 0., 1., 0.,
           1., 0.],
          [1., 0., 1., 1., 0., 0., 1., 1., 0., 1., 1., 1., 1., 1., 1., 0., 0.,
           0., 1.],
          [1., 0., 0., 0., 1., 1., 0., 1., 0., 1., 0., 1., 1., 0., 1., 0., 0.,
           1., 0.],
          [1., 1., 1., 1., 0., 0., 0., 1., 0., 1., 0., 1., 0., 0., 1., 1., 0.,
           0., 0.]]]], device='cuda:0'), tensor([[0.9699]], device='cuda:0'))
2026-01-08 16:53:48 - INFO - [-0.03138352  0.02569043  0.8860554  -0.32585725  0.8860554  -0.32585725
 -0.03931626  0.03226029]
2026-01-08 16:53:48 - INFO - (tensor([[[[0., 1., 1., 1., 1., 0., 1., 1., 0., 1., 0., 1., 1., 0., 1., 0., 0.,
           1., 0.],
          [1., 1., 1., 1., 1., 0., 1., 0., 1., 0., 0., 0., 0., 1., 0., 1., 0.,
           0., 0.],
          [1., 1., 1., 0., 1., 0., 1., 1., 0., 1., 0., 0., 0., 0., 1., 0., 0.,
           0., 1.],
          [1., 0., 0., 1., 0., 1., 0., 0., 1., 0., 1., 0., 1., 1., 1., 0., 0.,
           1., 0.],
          [1., 1., 0., 1., 1., 1., 1., 0., 1., 1., 1., 0., 0., 1., 1., 1., 0.,
           0., 0.],
          [1., 1., 1., 1., 1., 1., 0., 1., 0., 1., 1., 0., 0., 1., 0., 1., 1.,
           0., 1.],
          [1., 1., 1., 1., 1., 1., 1., 0., 1., 0., 1., 0., 1., 0., 0., 1., 1.,
           0., 0.],
          [0., 1., 1., 1., 0., 0., 1., 1., 0., 1., 0., 1., 0., 1., 1., 0., 0.,
           0., 1.],
          [0., 0., 0., 0., 0., 1., 0., 0., 0., 0., 0., 0., 1., 1., 0., 1., 1.,
           1., 1.],
          [1., 1., 0., 1., 1., 1., 0., 1., 1., 0., 0., 0., 0., 1., 0., 0., 1.,
           1., 1.],
          [1., 1., 1., 1., 1., 0., 1., 0., 0., 1., 1., 1., 1., 1., 0., 1., 1.,
           1., 1.],
          [1., 1., 0., 1., 0., 0., 1., 0., 0., 0., 0., 1., 1., 1., 0., 1., 1.,
           0., 1.],
          [0., 1., 0., 0., 0., 1., 0., 0., 0., 0., 0., 1., 0., 1., 1., 1., 1.,
           0., 1.],
          [0., 1., 1., 0., 1., 1., 1., 1., 1., 0., 0., 0., 1., 0., 0., 0., 1.,
           1., 0.],
          [1., 1., 1., 0., 0., 0., 0., 1., 1., 0., 1., 0., 0., 0., 1., 0., 1.,
           0., 1.],
          [1., 1., 0., 0., 0., 0., 0., 0., 0., 0., 0., 0., 0., 1., 0., 1., 0.,
           1., 0.],
          [1., 0., 1., 1., 0., 0., 1., 1., 0., 1., 1., 1., 1., 1., 1., 0., 0.,
           0., 1.],
          [1., 0., 0., 0., 1., 1., 0., 1., 0., 1., 0., 1., 1., 0., 1., 0., 0.,
           1., 0.],
          [1., 1., 1., 1., 0., 0., 0., 1., 0., 1., 0., 1., 0., 0., 1., 1., 0.,
           0., 0.]]]], device='cuda:0'), tensor([[0.9732]], device='cuda:0'))
2026-01-08 16:53:48 - INFO - [-0.03128263  0.02578325  0.88581574 -0.32642445  0.88581574 -0.32642442
 -0.03925183  0.03236811]
2026-01-08 16:53:48 - INFO - (tensor([[[[0., 1., 1., 1., 1., 0., 1., 1., 0., 1., 0., 1., 1., 0., 1., 0., 0.,
           1., 0.],
          [1., 1., 1., 1., 1., 0., 1., 0., 1., 0., 0., 0., 0., 1., 0., 1., 0.,
           0., 0.],
          [1., 1., 1., 0., 1., 0., 1., 1., 0., 1., 0., 0., 0., 0., 1., 0., 0.,
           0., 1.],
          [1., 0., 0., 1., 0., 1., 0., 0., 1., 0., 1., 0., 1., 1., 1., 0., 0.,
           1., 0.],
          [1., 1., 0., 1., 1., 1., 1., 0., 1., 1., 1., 0., 0., 1., 1., 1., 0.,
           0., 0.],
          [1., 1., 1., 1., 1., 1., 0., 1., 0., 1., 1., 0., 0., 1., 0., 1., 1.,
           0., 1.],
          [1., 1., 1., 1., 1., 1., 1., 0., 1., 0., 1., 0., 1., 0., 0., 1., 1.,
           0., 0.],
          [0., 1., 1., 1., 0., 0., 1., 1., 0., 1., 0., 1., 0., 1., 1., 0., 0.,
           0., 1.],
          [0., 0., 0., 0., 0., 1., 0., 0., 0., 0., 0., 0., 1., 1., 0., 1., 1.,
           1., 1.],
          [1., 1., 0., 1., 1., 1., 0., 1., 1., 0., 0., 0., 0., 1., 0., 0., 1.,
           1., 1.],
          [1., 1., 1., 1., 1., 0., 1., 0., 0., 1., 1., 1., 1., 1., 0., 1., 1.,
           1., 1.],
          [1., 1., 0., 1., 0., 0., 1., 0., 0., 0., 0., 1., 1., 1., 0., 1., 1.,
           0., 1.],
          [0., 1., 0., 0., 0., 1., 0., 0., 0., 0., 0., 1., 0., 1., 1., 1., 1.,
           0., 1.],
          [0., 1., 1., 0., 1., 1., 1., 1., 1., 0., 0., 0., 1., 0., 0., 0., 1.,
           1., 0.],
          [1., 1., 1., 0., 0., 0., 0., 1., 1., 0., 1., 0., 0., 0., 1., 0., 1.,
           0., 1.],
          [1., 1., 0., 0., 0., 0., 0., 0., 0., 0., 0., 0., 0., 1., 0., 1., 0.,
           1., 0.],
          [1., 0., 1., 1., 0., 0., 1., 1., 0., 1., 1., 1., 1., 1., 1., 0., 0.,
           0., 1.],
          [1., 0., 0., 0., 1., 1., 0., 1., 0., 1., 0., 1., 1., 0., 1., 0., 0.,
           1., 0.],
          [1., 1., 1., 1., 0., 0., 0., 1., 0., 1., 0., 1., 0., 0., 1., 1., 0.,
           0., 0.]]]], device='cuda:0'), tensor([[0.9766]], device='cuda:0'))
2026-01-08 16:53:48 - INFO - [-0.03118618  0.02587224  0.8855837  -0.32697618  0.8855837  -0.32697615
 -0.03918868  0.03246957]
2026-01-08 16:53:48 - INFO - (tensor([[[[0., 1., 1., 1., 1., 0., 1., 1., 0., 1., 0., 1., 1., 0., 1., 0., 0.,
           1., 0.],
          [1., 1., 1., 1., 1., 0., 1., 0., 1., 0., 0., 0., 0., 1., 0., 1., 0.,
           0., 0.],
          [1., 1., 1., 0., 1., 0., 1., 1., 0., 1., 0., 0., 0., 0., 1., 0., 0.,
           0., 1.],
          [1., 0., 0., 1., 0., 1., 0., 0., 1., 0., 1., 0., 1., 1., 1., 0., 0.,
           1., 0.],
          [1., 1., 0., 1., 1., 1., 1., 0., 1., 1., 1., 0., 0., 1., 1., 1., 0.,
           0., 0.],
          [1., 1., 1., 1., 1., 1., 0., 1., 0., 1., 1., 0., 0., 1., 0., 1., 1.,
           0., 1.],
          [1., 1., 1., 1., 1., 1., 1., 0., 1., 0., 1., 0., 1., 0., 0., 1., 1.,
           0., 0.],
          [0., 1., 1., 1., 0., 0., 1., 1., 0., 1., 0., 1., 0., 1., 1., 0., 0.,
           0., 1.],
          [0., 0., 0., 0., 0., 1., 0., 0., 0., 0., 0., 0., 1., 1., 0., 1., 1.,
           1., 1.],
          [1., 1., 0., 1., 1., 1., 0., 1., 1., 0., 0., 0., 0., 1., 0., 0., 1.,
           1., 1.],
          [1., 1., 1., 1., 1., 0., 1., 0., 0., 1., 1., 1., 1., 1., 0., 1., 1.,
           1., 1.],
          [1., 1., 0., 1., 0., 0., 1., 0., 0., 0., 0., 1., 1., 1., 0., 1., 1.,
           0., 1.],
          [0., 1., 0., 0., 0., 1., 0., 0., 0., 0., 0., 1., 0., 1., 1., 1., 1.,
           0., 1.],
          [0., 1., 1., 0., 1., 1., 1., 1., 1., 0., 0., 0., 1., 0., 0., 0., 1.,
           1., 0.],
          [1., 1., 1., 0., 0., 0., 0., 1., 1., 0., 1., 0., 0., 0., 1., 0., 1.,
           0., 1.],
          [1., 1., 0., 0., 0., 0., 0., 0., 0., 0., 0., 0., 0., 1., 0., 1., 0.,
           1., 0.],
          [1., 0., 1., 1., 0., 0., 1., 1., 0., 1., 1., 1., 1., 1., 1., 0., 0.,
           0., 1.],
          [1., 0., 0., 0., 1., 1., 0., 1., 0., 1., 0., 1., 1., 0., 1., 0., 0.,
           1., 0.],
          [1., 1., 1., 1., 0., 0., 0., 1., 0., 1., 0., 1., 0., 0., 1., 1., 0.,
           0., 0.]]]], device='cuda:0'), tensor([[0.9799]], device='cuda:0'))
2026-01-08 16:53:48 - INFO - [-0.03103283  0.02602048  0.88538855 -0.327588    0.88538855 -0.32758796
 -0.039076    0.032635  ]
2026-01-08 16:53:48 - INFO - (tensor([[[[0., 1., 1., 1., 1., 0., 1., 1., 0., 1., 0., 1., 1., 0., 1., 0., 0.,
           1., 0.],
          [1., 1., 1., 1., 1., 0., 1., 0., 1., 0., 0., 0., 0., 1., 0., 1., 0.,
           0., 0.],
          [1., 1., 1., 0., 1., 0., 1., 1., 0., 1., 0., 0., 0., 0., 1., 0., 0.,
           0., 1.],
          [1., 0., 0., 1., 0., 1., 0., 0., 1., 0., 1., 0., 1., 1., 1., 0., 0.,
           1., 0.],
          [1., 1., 0., 1., 1., 1., 1., 0., 1., 1., 1., 0., 0., 1., 1., 1., 0.,
           0., 0.],
          [1., 1., 1., 1., 1., 1., 0., 1., 0., 1., 1., 0., 0., 1., 0., 1., 1.,
           0., 1.],
          [1., 1., 1., 1., 1., 1., 1., 0., 1., 0., 1., 0., 1., 0., 0., 1., 1.,
           0., 0.],
          [0., 1., 1., 1., 0., 0., 1., 1., 0., 1., 0., 1., 0., 1., 1., 0., 0.,
           0., 1.],
          [0., 0., 0., 0., 0., 1., 0., 0., 0., 0., 0., 0., 1., 1., 0., 1., 1.,
           1., 1.],
          [1., 1., 0., 1., 1., 1., 0., 1., 1., 0., 0., 0., 0., 1., 0., 0., 1.,
           1., 1.],
          [1., 1., 1., 1., 1., 0., 1., 0., 0., 1., 1., 1., 1., 1., 0., 1., 1.,
           1., 1.],
          [1., 1., 0., 1., 0., 0., 1., 0., 0., 0., 0., 1., 1., 1., 0., 1., 1.,
           0., 1.],
          [0., 1., 0., 0., 0., 1., 0., 0., 0., 0., 0., 1., 0., 1., 1., 1., 1.,
           0., 1.],
          [0., 1., 1., 0., 1., 1., 1., 1., 1., 0., 0., 0., 1., 0., 0., 0., 1.,
           1., 0.],
          [1., 1., 1., 0., 0., 0., 0., 1., 1., 0., 1., 0., 0., 0., 1., 0., 1.,
           0., 1.],
          [1., 1., 0., 0., 0., 0., 0., 0., 0., 0., 0., 0., 0., 1., 0., 1., 0.,
           1., 0.],
          [1., 0., 1., 1., 0., 0., 1., 1., 0., 1., 1., 1., 1., 1., 1., 0., 0.,
           0., 1.],
          [1., 0., 0., 0., 1., 1., 0., 1., 0., 1., 0., 1., 1., 0., 1., 0., 0.,
           1., 0.],
          [1., 1., 1., 1., 0., 0., 0., 1., 0., 1., 0., 1., 0., 0., 1., 1., 0.,
           0., 0.]]]], device='cuda:0'), tensor([[0.9833]], device='cuda:0'))
2026-01-08 16:53:48 - INFO - [-0.03077769  0.02622017  0.88509196 -0.3285037   0.885092   -0.3285037
 -0.03891568  0.03290245]
2026-01-08 16:53:48 - INFO - (tensor([[[[0., 1., 1., 1., 1., 0., 1., 1., 0., 1., 0., 1., 1., 0., 1., 0., 0.,
           1., 0.],
          [1., 1., 1., 1., 1., 0., 1., 0., 1., 0., 0., 0., 0., 1., 0., 1., 0.,
           0., 0.],
          [1., 1., 1., 0., 1., 0., 1., 1., 0., 1., 0., 0., 0., 0., 1., 0., 0.,
           0., 1.],
          [1., 0., 0., 1., 0., 1., 0., 0., 1., 0., 1., 0., 1., 1., 1., 0., 0.,
           1., 0.],
          [1., 1., 0., 1., 1., 1., 1., 0., 1., 1., 1., 0., 0., 1., 1., 1., 0.,
           0., 0.],
          [1., 1., 1., 1., 1., 1., 0., 1., 0., 1., 1., 0., 0., 1., 0., 1., 1.,
           0., 1.],
          [1., 1., 1., 1., 1., 1., 1., 0., 1., 0., 1., 0., 1., 0., 0., 1., 1.,
           0., 0.],
          [0., 1., 1., 1., 0., 0., 1., 1., 0., 1., 0., 1., 0., 1., 1., 0., 0.,
           0., 1.],
          [0., 0., 0., 0., 0., 1., 0., 0., 0., 0., 0., 0., 1., 1., 0., 1., 1.,
           1., 1.],
          [1., 1., 0., 1., 1., 1., 0., 1., 1., 0., 0., 0., 0., 1., 0., 0., 1.,
           1., 1.],
          [1., 1., 1., 1., 1., 0., 1., 0., 0., 1., 1., 1., 1., 1., 0., 1., 1.,
           1., 1.],
          [1., 1., 0., 1., 0., 0., 1., 0., 0., 0., 0., 1., 1., 1., 0., 1., 1.,
           0., 1.],
          [0., 1., 0., 0., 0., 1., 0., 0., 0., 0., 0., 1., 0., 1., 1., 1., 1.,
           0., 1.],
          [0., 1., 1., 0., 1., 1., 1., 1., 1., 0., 0., 0., 1., 0., 0., 0., 1.,
           1., 0.],
          [1., 1., 1., 0., 0., 0., 0., 1., 1., 0., 1., 0., 0., 0., 1., 0., 1.,
           0., 1.],
          [1., 1., 0., 0., 0., 0., 0., 0., 0., 0., 0., 0., 0., 1., 0., 1., 0.,
           1., 0.],
          [1., 0., 1., 1., 0., 0., 1., 1., 0., 1., 1., 1., 1., 1., 1., 0., 0.,
           0., 1.],
          [1., 0., 0., 0., 1., 1., 0., 1., 0., 1., 0., 1., 1., 0., 1., 0., 0.,
           1., 0.],
          [1., 1., 1., 1., 0., 0., 0., 1., 0., 1., 0., 1., 0., 0., 1., 1., 0.,
           0., 0.]]]], device='cuda:0'), tensor([[0.9866]], device='cuda:0'))
2026-01-08 16:53:48 - INFO - [-0.03052108  0.0264288   0.88479125 -0.32942477  0.8847912  -0.32942474
 -0.03875072  0.03317652]
2026-01-08 16:53:48 - INFO - (tensor([[[[0., 1., 1., 1., 1., 0., 1., 1., 0., 1., 0., 1., 1., 0., 1., 0., 0.,
           1., 0.],
          [1., 1., 1., 1., 1., 0., 1., 0., 1., 0., 0., 0., 0., 1., 0., 1., 0.,
           0., 0.],
          [1., 1., 1., 0., 1., 0., 1., 1., 0., 1., 0., 0., 0., 0., 1., 0., 0.,
           0., 1.],
          [1., 0., 0., 1., 0., 1., 0., 0., 1., 0., 1., 0., 1., 1., 1., 0., 0.,
           1., 0.],
          [1., 1., 0., 1., 1., 1., 1., 0., 1., 1., 1., 0., 0., 1., 1., 1., 0.,
           0., 0.],
          [1., 1., 1., 1., 1., 1., 0., 1., 0., 1., 1., 0., 0., 1., 0., 1., 1.,
           0., 1.],
          [1., 1., 1., 1., 1., 1., 1., 0., 1., 0., 1., 0., 1., 0., 0., 1., 1.,
           0., 0.],
          [0., 1., 1., 1., 0., 0., 1., 1., 0., 1., 0., 1., 0., 1., 1., 0., 0.,
           0., 1.],
          [0., 0., 0., 0., 0., 1., 0., 0., 0., 0., 0., 0., 1., 1., 0., 1., 1.,
           1., 1.],
          [1., 1., 0., 1., 1., 1., 0., 1., 1., 0., 0., 0., 0., 1., 0., 0., 1.,
           1., 1.],
          [1., 1., 1., 1., 1., 0., 1., 0., 0., 1., 1., 1., 1., 1., 0., 1., 1.,
           1., 1.],
          [1., 1., 0., 1., 0., 0., 1., 0., 0., 0., 0., 1., 1., 1., 0., 1., 1.,
           0., 1.],
          [0., 1., 0., 0., 0., 1., 0., 0., 0., 0., 0., 1., 0., 1., 1., 1., 1.,
           0., 1.],
          [0., 1., 1., 0., 1., 1., 1., 1., 1., 0., 0., 0., 1., 0., 0., 0., 1.,
           1., 0.],
          [1., 1., 1., 0., 0., 0., 0., 1., 1., 0., 1., 0., 0., 0., 1., 0., 1.,
           0., 1.],
          [1., 1., 0., 0., 0., 0., 0., 0., 0., 0., 0., 0., 0., 1., 0., 1., 0.,
           1., 0.],
          [1., 0., 1., 1., 0., 0., 1., 1., 0., 1., 1., 1., 1., 1., 1., 0., 0.,
           0., 1.],
          [1., 0., 0., 0., 1., 1., 0., 1., 0., 1., 0., 1., 1., 0., 1., 0., 0.,
           1., 0.],
          [1., 1., 1., 1., 0., 0., 0., 1., 0., 1., 0., 1., 0., 0., 1., 1., 0.,
           0., 0.]]]], device='cuda:0'), tensor([[0.9900]], device='cuda:0'))
2026-01-08 16:53:48 - INFO - [-0.03026407  0.02662314  0.8844942  -0.33033422  0.8844942  -0.3303342
 -0.038596    0.03344489]
2026-01-08 16:53:48 - INFO - (tensor([[[[0., 1., 1., 1., 1., 0., 1., 1., 0., 1., 0., 1., 1., 0., 1., 0., 0.,
           1., 0.],
          [1., 1., 1., 1., 1., 0., 1., 0., 1., 0., 0., 0., 0., 1., 0., 1., 0.,
           0., 0.],
          [1., 1., 1., 0., 1., 0., 1., 1., 0., 1., 0., 0., 0., 0., 1., 0., 0.,
           0., 1.],
          [1., 0., 0., 1., 0., 1., 0., 0., 1., 0., 1., 0., 1., 1., 1., 0., 0.,
           1., 0.],
          [1., 1., 0., 1., 1., 1., 1., 0., 1., 1., 1., 0., 0., 1., 1., 1., 0.,
           0., 0.],
          [1., 1., 1., 1., 1., 1., 0., 1., 0., 1., 1., 0., 0., 1., 0., 1., 1.,
           0., 1.],
          [1., 1., 1., 1., 1., 1., 1., 0., 1., 0., 1., 0., 1., 0., 0., 1., 1.,
           0., 0.],
          [0., 1., 1., 1., 0., 0., 1., 1., 0., 1., 0., 1., 0., 1., 1., 0., 0.,
           0., 1.],
          [0., 0., 0., 0., 0., 1., 0., 0., 0., 0., 0., 0., 1., 1., 0., 1., 1.,
           1., 1.],
          [1., 1., 0., 1., 1., 1., 0., 1., 1., 0., 0., 0., 0., 1., 0., 0., 1.,
           1., 1.],
          [1., 1., 1., 1., 1., 0., 1., 0., 0., 1., 1., 1., 1., 1., 0., 1., 1.,
           1., 1.],
          [1., 1., 0., 1., 0., 0., 1., 0., 0., 0., 0., 1., 1., 1., 0., 1., 1.,
           0., 1.],
          [0., 1., 0., 0., 0., 1., 0., 0., 0., 0., 0., 1., 0., 1., 1., 1., 1.,
           0., 1.],
          [0., 1., 1., 0., 1., 1., 1., 1., 1., 0., 0., 0., 1., 0., 0., 0., 1.,
           1., 0.],
          [1., 1., 1., 0., 0., 0., 0., 1., 1., 0., 1., 0., 0., 0., 1., 0., 1.,
           0., 1.],
          [1., 1., 0., 0., 0., 0., 0., 0., 0., 0., 0., 0., 0., 1., 0., 1., 0.,
           1., 0.],
          [1., 0., 1., 1., 0., 0., 1., 1., 0., 1., 1., 1., 1., 1., 1., 0., 0.,
           0., 1.],
          [1., 0., 0., 0., 1., 1., 0., 1., 0., 1., 0., 1., 1., 0., 1., 0., 0.,
           1., 0.],
          [1., 1., 1., 1., 0., 0., 0., 1., 0., 1., 0., 1., 0., 0., 1., 1., 0.,
           0., 0.]]]], device='cuda:0'), tensor([[0.9933]], device='cuda:0'))
2026-01-08 16:53:48 - INFO - [-0.03001372  0.02682746  0.88419265 -0.33124968  0.88419265 -0.33124965
 -0.03843078  0.03370904]
2026-01-08 16:53:48 - INFO - (tensor([[[[0., 1., 1., 1., 1., 0., 1., 1., 0., 1., 0., 1., 1., 0., 1., 0., 0.,
           1., 0.],
          [1., 1., 1., 1., 1., 0., 1., 0., 1., 0., 0., 0., 0., 1., 0., 1., 0.,
           0., 0.],
          [1., 1., 1., 0., 1., 0., 1., 1., 0., 1., 0., 0., 0., 0., 1., 0., 0.,
           0., 1.],
          [1., 0., 0., 1., 0., 1., 0., 0., 1., 0., 1., 0., 1., 1., 1., 0., 0.,
           1., 0.],
          [1., 1., 0., 1., 1., 1., 1., 0., 1., 1., 1., 0., 0., 1., 1., 1., 0.,
           0., 0.],
          [1., 1., 1., 1., 1., 1., 0., 1., 0., 1., 1., 0., 0., 1., 0., 1., 1.,
           0., 1.],
          [1., 1., 1., 1., 1., 1., 1., 0., 1., 0., 1., 0., 1., 0., 0., 1., 1.,
           0., 0.],
          [0., 1., 1., 1., 0., 0., 1., 1., 0., 1., 0., 1., 0., 1., 1., 0., 0.,
           0., 1.],
          [0., 0., 0., 0., 0., 1., 0., 0., 0., 0., 0., 0., 1., 1., 0., 1., 1.,
           1., 1.],
          [1., 1., 0., 1., 1., 1., 0., 1., 1., 0., 0., 0., 0., 1., 0., 0., 1.,
           1., 1.],
          [1., 1., 1., 1., 1., 0., 1., 0., 0., 1., 1., 1., 1., 1., 0., 1., 1.,
           1., 1.],
          [1., 1., 0., 1., 0., 0., 1., 0., 0., 0., 0., 1., 1., 1., 0., 1., 1.,
           0., 1.],
          [0., 1., 0., 0., 0., 1., 0., 0., 0., 0., 0., 1., 0., 1., 1., 1., 1.,
           0., 1.],
          [0., 1., 1., 0., 1., 1., 1., 1., 1., 0., 0., 0., 1., 0., 0., 0., 1.,
           1., 0.],
          [1., 1., 1., 0., 0., 0., 0., 1., 1., 0., 1., 0., 0., 0., 1., 0., 1.,
           0., 1.],
          [1., 1., 0., 0., 0., 0., 0., 0., 0., 0., 0., 0., 0., 1., 0., 1., 0.,
           1., 0.],
          [1., 0., 1., 1., 0., 0., 1., 1., 0., 1., 1., 1., 1., 1., 1., 0., 0.,
           0., 1.],
          [1., 0., 0., 0., 1., 1., 0., 1., 0., 1., 0., 1., 1., 0., 1., 0., 0.,
           1., 0.],
          [1., 1., 1., 1., 0., 0., 0., 1., 0., 1., 0., 1., 0., 0., 1., 1., 0.,
           0., 0.]]]], device='cuda:0'), tensor([[0.9967]], device='cuda:0'))
2026-01-08 16:53:48 - INFO - [-0.02976632  0.02702883  0.88388777 -0.33216324  0.88388777 -0.33216324
 -0.03826583  0.0339697 ]
2026-01-08 16:53:48 - INFO -   预测进度: 301/301
2026-01-08 16:53:48 - INFO - (tensor([[[[0., 1., 1., 1., 1., 0., 1., 1., 0., 1., 0., 1., 1., 0., 1., 0., 0.,
           1., 0.],
          [1., 1., 1., 1., 1., 0., 1., 0., 1., 0., 0., 0., 0., 1., 0., 1., 0.,
           0., 0.],
          [1., 1., 1., 0., 1., 0., 1., 1., 0., 1., 0., 0., 0., 0., 1., 0., 0.,
           0., 1.],
          [1., 0., 0., 1., 0., 1., 0., 0., 1., 0., 1., 0., 1., 1., 1., 0., 0.,
           1., 0.],
          [1., 1., 0., 1., 1., 1., 1., 0., 1., 1., 1., 0., 0., 1., 1., 1., 0.,
           0., 0.],
          [1., 1., 1., 1., 1., 1., 0., 1., 0., 1., 1., 0., 0., 1., 0., 1., 1.,
           0., 1.],
          [1., 1., 1., 1., 1., 1., 1., 0., 1., 0., 1., 0., 1., 0., 0., 1., 1.,
           0., 0.],
          [0., 1., 1., 1., 0., 0., 1., 1., 0., 1., 0., 1., 0., 1., 1., 0., 0.,
           0., 1.],
          [0., 0., 0., 0., 0., 1., 0., 0., 0., 0., 0., 0., 1., 1., 0., 1., 1.,
           1., 1.],
          [1., 1., 0., 1., 1., 1., 0., 1., 1., 0., 0., 0., 0., 1., 0., 0., 1.,
           1., 1.],
          [1., 1., 1., 1., 1., 0., 1., 0., 0., 1., 1., 1., 1., 1., 0., 1., 1.,
           1., 1.],
          [1., 1., 0., 1., 0., 0., 1., 0., 0., 0., 0., 1., 1., 1., 0., 1., 1.,
           0., 1.],
          [0., 1., 0., 0., 0., 1., 0., 0., 0., 0., 0., 1., 0., 1., 1., 1., 1.,
           0., 1.],
          [0., 1., 1., 0., 1., 1., 1., 1., 1., 0., 0., 0., 1., 0., 0., 0., 1.,
           1., 0.],
          [1., 1., 1., 0., 0., 0., 0., 1., 1., 0., 1., 0., 0., 0., 1., 0., 1.,
           0., 1.],
          [1., 1., 0., 0., 0., 0., 0., 0., 0., 0., 0., 0., 0., 1., 0., 1., 0.,
           1., 0.],
          [1., 0., 1., 1., 0., 0., 1., 1., 0., 1., 1., 1., 1., 1., 1., 0., 0.,
           0., 1.],
          [1., 0., 0., 0., 1., 1., 0., 1., 0., 1., 0., 1., 1., 0., 1., 0., 0.,
           1., 0.],
          [1., 1., 1., 1., 0., 0., 0., 1., 0., 1., 0., 1., 0., 0., 1., 1., 0.,
           0., 0.]]]], device='cuda:0'), tensor([[1.]], device='cuda:0'))
2026-01-08 16:53:48 - INFO - [-0.02953586  0.0272717   0.8835872  -0.33309424  0.8835872  -0.3330942
 -0.03810464  0.03425246]
2026-01-08 16:53:48 - INFO - {'S11_real': array([ 2.07432057e-03,  1.92148378e-03,  1.83681562e-03,  1.83756440e-03,
        1.10733835e-03,  7.93903891e-04,  4.70064551e-04, -5.26607037e-05,
       -5.90104552e-04, -1.18537934e-03, -2.05442775e-03, -2.96038273e-03,
       -3.76766990e-03, -4.45801439e-03, -5.11174649e-03, -5.66612836e-03,
       -6.46318449e-03, -7.80147128e-03, -8.60241801e-03, -9.33163334e-03,
       -1.01155099e-02, -1.08761229e-02, -1.16616935e-02, -1.25924470e-02,
       -1.35106603e-02, -1.44334361e-02, -1.51816560e-02, -1.58054028e-02,
       -1.64975598e-02, -1.72032434e-02, -1.83069371e-02, -1.93606485e-02,
       -2.02101730e-02, -2.08544005e-02, -2.20157169e-02, -2.29189713e-02,
       -2.36772224e-02, -2.43290775e-02, -2.49786712e-02, -2.56618094e-02,
       -2.67486908e-02, -2.74558570e-02, -2.80092843e-02, -2.86277365e-02,
       -2.92225331e-02, -2.96401419e-02, -2.99839322e-02, -3.03635672e-02,
       -3.07515133e-02, -3.10880169e-02, -3.13786194e-02, -3.17233726e-02,
       -3.21154371e-02, -3.25042792e-02, -3.28965969e-02, -3.32573652e-02,
       -3.35972384e-02, -3.38848159e-02, -3.41317430e-02, -3.43504362e-02,
       -3.45828794e-02, -3.48305255e-02, -3.50870714e-02, -3.53632793e-02,
       -3.57001796e-02, -3.58337909e-02, -3.59812416e-02, -3.61369103e-02,
       -3.62879671e-02, -3.64462622e-02, -3.66189815e-02, -3.67957465e-02,
       -3.69640477e-02, -3.71422283e-02, -3.73136327e-02, -3.74995247e-02,
       -3.76902930e-02, -3.77887897e-02, -3.78807336e-02, -3.79757471e-02,
       -3.80619541e-02, -3.81483808e-02, -3.82340811e-02, -3.83244492e-02,
       -3.83984819e-02, -3.84182110e-02, -3.84357236e-02, -3.85351144e-02,
       -3.87125909e-02, -3.88768241e-02, -3.90161090e-02, -3.91517915e-02,
       -3.92777510e-02, -3.93975191e-02, -3.94538268e-02, -3.95111367e-02,
       -3.95670980e-02, -3.95998955e-02, -3.96154225e-02, -3.96230407e-02,
       -3.96345556e-02, -3.96768823e-02, -3.97125147e-02, -3.97425741e-02,
       -3.97726633e-02, -3.97910662e-02, -3.98074538e-02, -3.98169756e-02,
       -3.98239978e-02, -3.98407131e-02, -3.98869962e-02, -3.99175026e-02,
       -3.99533361e-02, -3.99894863e-02, -4.00108062e-02, -4.00626622e-02,
       -4.01337221e-02, -4.01959457e-02, -4.02531698e-02, -4.03089523e-02,
       -4.03558239e-02, -4.03799377e-02, -4.03979309e-02, -4.04107608e-02,
       -4.04468998e-02, -4.05113883e-02, -4.05417457e-02, -4.05719504e-02,
       -4.04820070e-02, -4.04286236e-02, -4.03719991e-02, -4.03163694e-02,
       -4.02909741e-02, -4.02672961e-02, -4.02438119e-02, -4.02194969e-02,
       -4.02006172e-02, -4.01897058e-02, -4.01821621e-02, -4.01756316e-02,
       -4.01694737e-02, -4.01592366e-02, -4.01542373e-02, -4.01519313e-02,
       -4.01437059e-02, -4.01297808e-02, -4.01183851e-02, -4.01084609e-02,
       -4.00962159e-02, -4.00852896e-02, -4.00688946e-02, -4.00286838e-02,
       -3.99868563e-02, -3.99435833e-02, -3.98995019e-02, -3.98507863e-02,
       -3.97935584e-02, -3.97005379e-02, -3.95813957e-02, -3.94484848e-02,
       -3.93212400e-02, -3.93081084e-02, -3.93112712e-02, -3.93300466e-02,
       -3.93714681e-02, -3.93944494e-02, -3.93689387e-02, -3.93374637e-02,
       -3.93013097e-02, -3.92425358e-02, -3.91831398e-02, -3.91715579e-02,
       -3.91589627e-02, -3.91442403e-02, -3.91315930e-02, -3.91205475e-02,
       -3.91120799e-02, -3.91071141e-02, -3.91056016e-02, -3.91056165e-02,
       -3.91051993e-02, -3.91021073e-02, -3.90969366e-02, -3.90893258e-02,
       -3.90822366e-02, -3.90778035e-02, -3.90739180e-02, -3.90680209e-02,
       -3.90607752e-02, -3.90555300e-02, -3.90491448e-02, -3.90485004e-02,
       -3.90554853e-02, -3.90759110e-02, -3.90583798e-02, -3.90037224e-02,
       -3.89583558e-02, -3.89326476e-02, -3.88158485e-02, -3.86554115e-02,
       -3.85473073e-02, -3.84557657e-02, -3.83660793e-02, -3.83204333e-02,
       -3.83222476e-02, -3.83252762e-02, -3.83262932e-02, -3.82644646e-02,
       -3.81687582e-02, -3.80731598e-02, -3.79715748e-02, -3.78606319e-02,
       -3.77593748e-02, -3.76654603e-02, -3.75737771e-02, -3.74947041e-02,
       -3.74235734e-02, -3.73268388e-02, -3.72053534e-02, -3.70695516e-02,
       -3.69626358e-02, -3.68720777e-02, -3.68052982e-02, -3.67470905e-02,
       -3.66963036e-02, -3.66411842e-02, -3.65733020e-02, -3.65089700e-02,
       -3.64506803e-02, -3.63970920e-02, -3.63445170e-02, -3.62931155e-02,
       -3.62441987e-02, -3.60677913e-02, -3.59561183e-02, -3.59113701e-02,
       -3.58573124e-02, -3.57655846e-02, -3.57218906e-02, -3.56852375e-02,
       -3.56462672e-02, -3.56051698e-02, -3.55648100e-02, -3.55234593e-02,
       -3.54843624e-02, -3.54376249e-02, -3.53791378e-02, -3.53169143e-02,
       -3.52620184e-02, -3.52167077e-02, -3.51637267e-02, -3.51005644e-02,
       -3.50415520e-02, -3.49898636e-02, -3.49448882e-02, -3.48992869e-02,
       -3.48496363e-02, -3.47994380e-02, -3.47431637e-02, -3.46896946e-02,
       -3.46343517e-02, -3.45674157e-02, -3.44613679e-02, -3.43244486e-02,
       -3.41649167e-02, -3.39904279e-02, -3.38093489e-02, -3.36256772e-02,
       -3.34727988e-02, -3.33874151e-02, -3.33246738e-02, -3.32622118e-02,
       -3.31923887e-02, -3.31234410e-02, -3.30536924e-02, -3.29677686e-02,
       -3.28793004e-02, -3.28099206e-02, -3.27422358e-02, -3.26731689e-02,
       -3.25856432e-02, -3.25151905e-02, -3.24465781e-02, -3.23697440e-02,
       -3.22836302e-02, -3.21928300e-02, -3.20647508e-02, -3.19286883e-02,
       -3.17950547e-02, -3.16549838e-02, -3.15001830e-02, -3.13835181e-02,
       -3.12826298e-02, -3.11861802e-02, -3.10328323e-02, -3.07776853e-02,
       -3.05210818e-02, -3.02640665e-02, -3.00137158e-02, -2.97663249e-02,
       -2.95358580e-02]), 'S11_imag': array([-7.94816588e-04, -1.95540977e-03, -3.05299996e-03, -4.74358909e-03,
       -6.10514218e-03, -7.43472669e-03, -8.34638998e-03, -9.57694463e-03,
       -1.07702771e-02, -1.20031880e-02, -1.32400515e-02, -1.43474815e-02,
       -1.52638657e-02, -1.59088094e-02, -1.65155157e-02, -1.70635004e-02,
       -1.74976382e-02, -1.84928477e-02, -1.88476555e-02, -1.91238225e-02,
       -1.94231197e-02, -1.97123159e-02, -2.00217161e-02, -2.03565247e-02,
       -2.07154695e-02, -2.10685432e-02, -2.13195290e-02, -2.14084499e-02,
       -2.14492716e-02, -2.14758236e-02, -2.13942695e-02, -2.13474762e-02,
       -2.13411376e-02, -2.13820711e-02, -2.11746749e-02, -2.09475551e-02,
       -2.08258424e-02, -2.07229014e-02, -2.05780603e-02, -2.03992072e-02,
       -2.00037900e-02, -1.97299812e-02, -1.94484238e-02, -1.91262886e-02,
       -1.87866632e-02, -1.84778478e-02, -1.82205718e-02, -1.79342218e-02,
       -1.76364034e-02, -1.73738170e-02, -1.71308778e-02, -1.68457069e-02,
       -1.65213924e-02, -1.61917098e-02, -1.58725940e-02, -1.55776544e-02,
       -1.52967190e-02, -1.49643132e-02, -1.46135008e-02, -1.42792407e-02,
       -1.39785651e-02, -1.37399212e-02, -1.34893218e-02, -1.31881451e-02,
       -1.27328010e-02, -1.25116846e-02, -1.22471619e-02, -1.19630946e-02,
       -1.16834017e-02, -1.13928234e-02, -1.10762361e-02, -1.07215261e-02,
       -1.03680650e-02, -1.00167207e-02, -9.64696240e-03, -9.26300138e-03,
       -8.87140818e-03, -8.58623628e-03, -8.36208742e-03, -8.14210158e-03,
       -7.93748442e-03, -7.73858093e-03, -7.53543805e-03, -7.32853543e-03,
       -7.12987641e-03, -6.96184766e-03, -6.76726270e-03, -6.41264161e-03,
       -6.00384409e-03, -5.65742981e-03, -5.44012198e-03, -5.23692416e-03,
       -5.04798628e-03, -4.86842403e-03, -4.49540047e-03, -4.12530359e-03,
       -3.75747774e-03, -3.42111825e-03, -3.08948150e-03, -2.77858623e-03,
       -2.49510491e-03, -2.24699825e-03, -2.03131977e-03, -1.82479050e-03,
       -1.62808085e-03, -1.42120477e-03, -1.18007080e-03, -8.64255941e-04,
       -5.88230731e-04, -4.99114336e-04, -4.27659572e-04, -2.51658261e-04,
       -6.95809722e-05,  1.17029995e-04,  2.56963074e-04,  4.28698928e-04,
        5.91661723e-04,  6.82111713e-04,  7.69901846e-04,  9.00137937e-04,
        1.04244018e-03,  1.22266577e-03,  1.41296443e-03,  1.61396200e-03,
        1.81397225e-03,  2.04475317e-03,  2.25200877e-03,  2.45460006e-03,
        2.75512831e-03,  2.90070032e-03,  3.04780691e-03,  3.19608697e-03,
        3.41370492e-03,  3.63927963e-03,  3.89238354e-03,  4.15530289e-03,
        4.38514911e-03,  4.58404189e-03,  4.78610490e-03,  4.98848362e-03,
        5.20298025e-03,  5.43343136e-03,  5.67157799e-03,  5.87655185e-03,
        6.06531277e-03,  6.25417056e-03,  6.45165890e-03,  6.64964598e-03,
        6.86053233e-03,  7.07513187e-03,  7.26814428e-03,  7.44431140e-03,
        7.61879748e-03,  7.79897906e-03,  7.99326319e-03,  8.20373558e-03,
        8.44412670e-03,  8.69342033e-03,  8.95591360e-03,  9.21646878e-03,
        9.46741179e-03,  9.65090282e-03,  9.78801027e-03,  9.94286314e-03,
        1.01673640e-02,  1.03719356e-02,  1.04459338e-02,  1.04928520e-02,
        1.05914725e-02,  1.07456520e-02,  1.08292075e-02,  1.09607326e-02,
        1.10832127e-02,  1.12126721e-02,  1.13443965e-02,  1.14805531e-02,
        1.16324211e-02,  1.17818965e-02,  1.19293146e-02,  1.20811434e-02,
        1.22319655e-02,  1.23777958e-02,  1.25223296e-02,  1.26531860e-02,
        1.27798254e-02,  1.29145170e-02,  1.30591905e-02,  1.32131670e-02,
        1.33843068e-02,  1.35626560e-02,  1.37553811e-02,  1.39592495e-02,
        1.41496193e-02,  1.42964404e-02,  1.44515149e-02,  1.46135679e-02,
        1.47762010e-02,  1.49335600e-02,  1.50934802e-02,  1.52637912e-02,
        1.54716875e-02,  1.56694818e-02,  1.58667397e-02,  1.60024110e-02,
        1.60371214e-02,  1.60051882e-02,  1.59744769e-02,  1.60250384e-02,
        1.61260050e-02,  1.62274186e-02,  1.63576659e-02,  1.65348221e-02,
        1.66976620e-02,  1.68509670e-02,  1.70067586e-02,  1.71592049e-02,
        1.72965229e-02,  1.74628217e-02,  1.76655333e-02,  1.78877823e-02,
        1.80508960e-02,  1.81911979e-02,  1.83128249e-02,  1.84304062e-02,
        1.85409132e-02,  1.86530426e-02,  1.87615156e-02,  1.88622568e-02,
        1.89529341e-02,  1.90380942e-02,  1.91181283e-02,  1.91936195e-02,
        1.92632657e-02,  1.94988530e-02,  1.97673049e-02,  2.00028587e-02,
        2.02288181e-02,  2.05755215e-02,  2.06955951e-02,  2.07910407e-02,
        2.08865460e-02,  2.09776126e-02,  2.10637618e-02,  2.11516246e-02,
        2.12349743e-02,  2.13421695e-02,  2.14759205e-02,  2.16030870e-02,
        2.17098035e-02,  2.17720028e-02,  2.18326654e-02,  2.18935143e-02,
        2.19641197e-02,  2.20573116e-02,  2.21464895e-02,  2.22196616e-02,
        2.22877935e-02,  2.23529097e-02,  2.24267598e-02,  2.25054864e-02,
        2.25904323e-02,  2.26834435e-02,  2.28508674e-02,  2.30018031e-02,
        2.31356937e-02,  2.32825857e-02,  2.34328564e-02,  2.35829316e-02,
        2.36942712e-02,  2.38048639e-02,  2.39266939e-02,  2.40459759e-02,
        2.41651610e-02,  2.42879037e-02,  2.44003553e-02,  2.44682878e-02,
        2.45362259e-02,  2.45963596e-02,  2.46635973e-02,  2.47375369e-02,
        2.48475671e-02,  2.49523465e-02,  2.49979440e-02,  2.50645559e-02,
        2.51473319e-02,  2.52416488e-02,  2.53258683e-02,  2.53961869e-02,
        2.54515149e-02,  2.55167410e-02,  2.56011672e-02,  2.56904345e-02,
        2.57832501e-02,  2.58722417e-02,  2.60204822e-02,  2.62201708e-02,
        2.64287982e-02,  2.66231373e-02,  2.68274564e-02,  2.70288344e-02,
        2.72717010e-02]), 'S21_real': array([0.99848634, 0.99818605, 0.99777007, 0.99733108, 0.99687815,
       0.99635297, 0.99590737, 0.99540412, 0.99483788, 0.99423581,
       0.99351978, 0.99270648, 0.9918589 , 0.99096817, 0.99001634,
       0.98918098, 0.98822075, 0.98709136, 0.9861691 , 0.98526877,
       0.98429644, 0.98327595, 0.98229283, 0.98117268, 0.98000872,
       0.97877634, 0.97769791, 0.97663736, 0.97578758, 0.97498256,
       0.97405857, 0.97315174, 0.97233558, 0.97164178, 0.97075993,
       0.97010386, 0.96933323, 0.96856707, 0.96773082, 0.96692455,
       0.96590936, 0.96522045, 0.96469277, 0.96406364, 0.96340173,
       0.96282876, 0.96234834, 0.96181452, 0.96125466, 0.96075183,
       0.96030039, 0.9597652 , 0.95913184, 0.95849311, 0.95785171,
       0.95725125, 0.95667434, 0.95624381, 0.95591062, 0.95568377,
       0.9553957 , 0.95501715, 0.95462096, 0.95417994, 0.95364439,
       0.95337808, 0.95306486, 0.95272368, 0.95238775, 0.95202661,
       0.95161378, 0.95121366, 0.95089042, 0.9505657 , 0.95023638,
       0.94988728, 0.94952857, 0.94924664, 0.94898874, 0.94873166,
       0.94851369, 0.94830805, 0.94810039, 0.94788957, 0.94766742,
       0.94744027, 0.947227  , 0.94690746, 0.94645429, 0.94604653,
       0.9457376 , 0.9454428 , 0.94516778, 0.94490469, 0.9446277 ,
       0.94435233, 0.94406748, 0.94383788, 0.94363928, 0.94345462,
       0.94324285, 0.94298404, 0.94275373, 0.94254071, 0.94233739,
       0.94212496, 0.9418847 , 0.94158632, 0.94128281, 0.94102466,
       0.94077241, 0.94052696, 0.94026494, 0.93999565, 0.93976772,
       0.93950671, 0.93927747, 0.93912011, 0.93896592, 0.93874693,
       0.93853754, 0.93838596, 0.93823361, 0.93807662, 0.93786901,
       0.93746531, 0.93709904, 0.93673724, 0.93656957, 0.93648386,
       0.93639916, 0.93631518, 0.93601376, 0.93568885, 0.93536711,
       0.93505538, 0.93477583, 0.93452752, 0.93427914, 0.93402898,
       0.9337588 , 0.93347263, 0.93316627, 0.9328956 , 0.93265611,
       0.932423  , 0.93218148, 0.9319284 , 0.93164307, 0.93131715,
       0.93101948, 0.93082404, 0.9306289 , 0.93042481, 0.93019509,
       0.9299522 , 0.92968255, 0.92946875, 0.92927223, 0.92906582,
       0.92886108, 0.92852157, 0.92827439, 0.92795479, 0.92741996,
       0.92694104, 0.92689013, 0.92684507, 0.92670572, 0.92643178,
       0.92615867, 0.92590398, 0.92566389, 0.92540914, 0.9251554 ,
       0.92489594, 0.92460132, 0.92431551, 0.9240346 , 0.92374873,
       0.92347151, 0.92321056, 0.92295629, 0.9227227 , 0.92249143,
       0.92224896, 0.92199016, 0.92171729, 0.92142093, 0.92111129,
       0.92078024, 0.92041463, 0.92000586, 0.91956198, 0.91927344,
       0.91913962, 0.91897297, 0.91871464, 0.91840446, 0.91804862,
       0.91768241, 0.91733932, 0.9169848 , 0.91657543, 0.91621172,
       0.91603798, 0.91586411, 0.91565609, 0.91542846, 0.91519898,
       0.91492969, 0.91459697, 0.91427642, 0.91396493, 0.91365176,
       0.91334802, 0.91305125, 0.91272157, 0.91235352, 0.91195738,
       0.91160202, 0.91127014, 0.91097254, 0.91068661, 0.91040897,
       0.91012585, 0.90982991, 0.90954113, 0.90926331, 0.90899396,
       0.90872896, 0.90847075, 0.90822363, 0.90775353, 0.90725893,
       0.90682667, 0.90651792, 0.90610051, 0.90569586, 0.90531147,
       0.90495092, 0.9046244 , 0.90431565, 0.90401411, 0.90372986,
       0.90336162, 0.9029305 , 0.90251333, 0.90213394, 0.90183985,
       0.90154004, 0.90116352, 0.90078598, 0.90042156, 0.90006638,
       0.89971459, 0.89934766, 0.8989799 , 0.89858228, 0.89816177,
       0.89771444, 0.8971706 , 0.89676386, 0.89645189, 0.89617407,
       0.895854  , 0.89551878, 0.89515823, 0.89465016, 0.89429522,
       0.89401782, 0.89372355, 0.89340037, 0.89306569, 0.89272487,
       0.89236242, 0.89198989, 0.89166784, 0.89135367, 0.89104271,
       0.89069474, 0.89030999, 0.88983905, 0.88940978, 0.88902634,
       0.8886745 , 0.88828951, 0.88784277, 0.88735318, 0.88685673,
       0.88636768, 0.88605541, 0.88581574, 0.8855837 , 0.88538855,
       0.88509196, 0.88479125, 0.88449419, 0.88419265, 0.88388777,
       0.88358718]), 'S21_imag': array([-0.00083794, -0.00295607, -0.00506387, -0.00784545, -0.0107002 ,
       -0.01368923, -0.01589992, -0.01809689, -0.02032274, -0.02243661,
       -0.02529199, -0.02791961, -0.0302556 , -0.0321178 , -0.03388983,
       -0.03536065, -0.03739537, -0.03986575, -0.04164682, -0.04328182,
       -0.04485395, -0.04638856, -0.04779631, -0.04940248, -0.05095187,
       -0.05251491, -0.05377273, -0.05483618, -0.05620152, -0.05759132,
       -0.05929982, -0.06077366, -0.06187369, -0.06246435, -0.06386413,
       -0.06501202, -0.06589609, -0.06669994, -0.06763927, -0.06863556,
       -0.07034174, -0.07146925, -0.07246702, -0.0736408 , -0.07489191,
       -0.07586424, -0.076647  , -0.07750638, -0.0784062 , -0.07922947,
       -0.07999475, -0.08084495, -0.08179361, -0.08281257, -0.08386564,
       -0.08481823, -0.0856934 , -0.08665325, -0.08757078, -0.08838622,
       -0.0892206 , -0.09006363, -0.09094256, -0.09195893, -0.09343456,
       -0.09413492, -0.09498715, -0.09588685, -0.0967645 , -0.09767856,
       -0.09867849, -0.09980603, -0.1009239 , -0.10202239, -0.10312928,
       -0.10433267, -0.10559429, -0.10645786, -0.10727721, -0.10809567,
       -0.10883214, -0.10955974, -0.11028399, -0.11101497, -0.11177851,
       -0.11258502, -0.11336258, -0.11449296, -0.11604142, -0.11740628,
       -0.11838648, -0.11932494, -0.12019949, -0.12103364, -0.12224615,
       -0.12348667, -0.12473483, -0.12584348, -0.12687917, -0.12786119,
       -0.12891349, -0.13000473, -0.13098364, -0.13187324, -0.13272376,
       -0.13359396, -0.13455121, -0.13566607, -0.13678575, -0.13780974,
       -0.1387537 , -0.13959092, -0.14048798, -0.14141259, -0.14218161,
       -0.14328898, -0.14436735, -0.14520814, -0.1460198 , -0.14716634,
       -0.14822136, -0.1490442 , -0.14982575, -0.15060991, -0.15152465,
       -0.15298653, -0.15427174, -0.15552953, -0.15671194, -0.15732364,
       -0.15792061, -0.1584982 , -0.15985788, -0.16127124, -0.16265287,
       -0.16397604, -0.16513398, -0.1661144 , -0.16703449, -0.16795862,
       -0.16897219, -0.17005359, -0.17119308, -0.172185  , -0.17304784,
       -0.17388116, -0.1747404 , -0.17564869, -0.17672607, -0.17800817,
       -0.17916888, -0.17998852, -0.18081261, -0.18167453, -0.18264078,
       -0.18367289, -0.18483762, -0.18574665, -0.18652819, -0.18735111,
       -0.18820256, -0.18910375, -0.19002588, -0.19125521, -0.19308306,
       -0.19477269, -0.19527924, -0.19576217, -0.19655173, -0.1978991 ,
       -0.19931068, -0.20040795, -0.20143205, -0.20250018, -0.20353445,
       -0.2045701 , -0.20570846, -0.20678021, -0.20780164, -0.20882174,
       -0.20978902, -0.2106915 , -0.21157609, -0.21239363, -0.21320243,
       -0.21404895, -0.21494509, -0.2158836 , -0.21690105, -0.2179632 ,
       -0.21909092, -0.22032386, -0.22169617, -0.22319564, -0.22427846,
       -0.22494732, -0.22572583, -0.22677845, -0.22788173, -0.22908621,
       -0.23044801, -0.23162469, -0.23282027, -0.23412512, -0.23527737,
       -0.23593092, -0.23658729, -0.23748422, -0.23852427, -0.23956008,
       -0.24068572, -0.24195839, -0.24317417, -0.24432375, -0.24541815,
       -0.2464678 , -0.24740529, -0.24840069, -0.24958552, -0.25089499,
       -0.25202054, -0.25302094, -0.25387558, -0.25469494, -0.25548896,
       -0.25631964, -0.25721583, -0.25808764, -0.25891572, -0.25971311,
       -0.26049626, -0.26126644, -0.26201627, -0.26355687, -0.26519313,
       -0.26661715, -0.26754978, -0.26882875, -0.27005956, -0.27121508,
       -0.27228549, -0.27324158, -0.27414185, -0.27501589, -0.2758387 ,
       -0.27688852, -0.27810228, -0.27926764, -0.28033733, -0.28119189,
       -0.28206789, -0.28317109, -0.28426838, -0.28531793, -0.28633705,
       -0.28735629, -0.28843093, -0.28951156, -0.2906765 , -0.29191428,
       -0.29322353, -0.29481396, -0.29594126, -0.29681328, -0.29760793,
       -0.29852751, -0.29948482, -0.30051768, -0.3019315 , -0.30302751,
       -0.3039825 , -0.30498675, -0.30607772, -0.3072041 , -0.30831406,
       -0.30925924, -0.31022295, -0.31107232, -0.31191009, -0.31273231,
       -0.31366864, -0.31471813, -0.31604049, -0.31722736, -0.31826007,
       -0.31918487, -0.32017282, -0.32132459, -0.32257637, -0.3238391 ,
       -0.32509044, -0.32585725, -0.32642445, -0.32697618, -0.32758799,
       -0.3285037 , -0.32942477, -0.33033422, -0.33124968, -0.33216324,
       -0.33309424]), 'S12_real': array([0.99848634, 0.99818605, 0.99777007, 0.99733108, 0.99687815,
       0.99635297, 0.99590737, 0.99540412, 0.99483788, 0.99423581,
       0.99351978, 0.99270648, 0.9918589 , 0.99096817, 0.99001634,
       0.98918098, 0.98822075, 0.98709136, 0.9861691 , 0.98526877,
       0.98429644, 0.98327595, 0.98229289, 0.98117268, 0.98000878,
       0.97877628, 0.97769791, 0.97663736, 0.97578758, 0.97498256,
       0.97405857, 0.97315174, 0.97233558, 0.97164178, 0.97075993,
       0.97010386, 0.96933323, 0.96856707, 0.96773082, 0.96692455,
       0.96590936, 0.96522045, 0.96469277, 0.96406364, 0.96340173,
       0.96282876, 0.96234834, 0.96181452, 0.96125466, 0.96075183,
       0.96030039, 0.9597652 , 0.95913184, 0.95849311, 0.95785171,
       0.95725125, 0.95667434, 0.95624381, 0.95591062, 0.95568377,
       0.9553957 , 0.95501715, 0.95462096, 0.95417994, 0.95364439,
       0.95337808, 0.95306486, 0.95272368, 0.95238775, 0.95202661,
       0.95161384, 0.95121366, 0.95089042, 0.9505657 , 0.95023638,
       0.94988734, 0.94952857, 0.94924664, 0.94898874, 0.94873166,
       0.94851369, 0.94830805, 0.94810033, 0.94788957, 0.94766742,
       0.94744027, 0.947227  , 0.94690746, 0.94645429, 0.94604653,
       0.9457376 , 0.9454428 , 0.94516778, 0.94490469, 0.9446277 ,
       0.94435233, 0.94406748, 0.94383788, 0.94363934, 0.94345468,
       0.94324285, 0.94298404, 0.94275373, 0.94254071, 0.94233739,
       0.9421249 , 0.9418847 , 0.94158632, 0.94128281, 0.94102466,
       0.94077241, 0.94052696, 0.94026494, 0.93999565, 0.93976772,
       0.93950665, 0.93927747, 0.93912011, 0.93896592, 0.93874693,
       0.93853754, 0.93838596, 0.93823355, 0.93807662, 0.93786901,
       0.93746531, 0.93709904, 0.93673724, 0.93656957, 0.93648386,
       0.93639916, 0.93631518, 0.9360137 , 0.93568885, 0.93536711,
       0.93505532, 0.93477583, 0.93452752, 0.93427914, 0.93402898,
       0.9337588 , 0.93347263, 0.93316627, 0.9328956 , 0.93265611,
       0.932423  , 0.93218148, 0.9319284 , 0.93164307, 0.93131721,
       0.93101948, 0.93082404, 0.9306289 , 0.93042481, 0.93019509,
       0.9299522 , 0.92968249, 0.92946869, 0.92927223, 0.92906582,
       0.92886108, 0.92852157, 0.92827433, 0.92795479, 0.92741996,
       0.92694104, 0.92689013, 0.92684501, 0.92670572, 0.92643178,
       0.92615867, 0.92590398, 0.92566389, 0.92540914, 0.9251554 ,
       0.92489594, 0.92460132, 0.92431551, 0.9240346 , 0.92374873,
       0.92347157, 0.92321056, 0.92295629, 0.9227227 , 0.92249143,
       0.92224896, 0.92199016, 0.92171723, 0.92142093, 0.92111129,
       0.92078024, 0.92041463, 0.92000586, 0.91956198, 0.91927344,
       0.91913962, 0.91897297, 0.91871464, 0.91840446, 0.91804856,
       0.91768241, 0.91733932, 0.91698486, 0.91657537, 0.91621172,
       0.91603798, 0.91586405, 0.91565609, 0.91542846, 0.91519898,
       0.91492969, 0.91459697, 0.91427648, 0.91396493, 0.91365176,
       0.91334796, 0.91305125, 0.91272157, 0.91235352, 0.91195738,
       0.91160202, 0.91127014, 0.91097254, 0.91068661, 0.91040897,
       0.91012585, 0.90982991, 0.90954113, 0.90926337, 0.90899396,
       0.90872896, 0.90847075, 0.90822363, 0.90775353, 0.90725893,
       0.90682667, 0.90651792, 0.90610051, 0.90569586, 0.90531147,
       0.90495092, 0.9046244 , 0.90431565, 0.90401411, 0.90372986,
       0.90336168, 0.9029305 , 0.90251333, 0.90213394, 0.90183985,
       0.90154004, 0.90116352, 0.90078592, 0.90042156, 0.90006638,
       0.89971459, 0.89934766, 0.8989799 , 0.89858222, 0.89816177,
       0.89771444, 0.8971706 , 0.89676386, 0.89645189, 0.89617401,
       0.895854  , 0.89551878, 0.89515823, 0.89465016, 0.89429522,
       0.89401782, 0.89372361, 0.89340031, 0.89306569, 0.89272487,
       0.89236242, 0.89198995, 0.89166784, 0.89135361, 0.89104271,
       0.89069474, 0.89030993, 0.88983905, 0.88940978, 0.88902634,
       0.8886745 , 0.88828951, 0.88784277, 0.88735318, 0.88685673,
       0.88636768, 0.88605541, 0.88581574, 0.8855837 , 0.88538855,
       0.88509202, 0.8847912 , 0.88449419, 0.88419265, 0.88388777,
       0.88358718]), 'S12_imag': array([-0.00083793, -0.00295608, -0.00506389, -0.00784545, -0.01070021,
       -0.01368923, -0.01589991, -0.01809691, -0.02032274, -0.0224366 ,
       -0.02529199, -0.0279196 , -0.03025561, -0.03211781, -0.03388983,
       -0.03536065, -0.03739536, -0.03986575, -0.04164682, -0.04328181,
       -0.04485396, -0.04638857, -0.04779631, -0.04940248, -0.05095188,
       -0.05251491, -0.05377274, -0.05483617, -0.05620152, -0.05759133,
       -0.05929983, -0.06077367, -0.06187369, -0.06246435, -0.06386414,
       -0.06501203, -0.06589607, -0.06669994, -0.06763928, -0.06863555,
       -0.07034174, -0.07146926, -0.07246702, -0.07364082, -0.07489192,
       -0.07586424, -0.076647  , -0.07750639, -0.07840618, -0.07922947,
       -0.07999476, -0.08084495, -0.08179361, -0.08281257, -0.08386564,
       -0.08481823, -0.0856934 , -0.08665326, -0.08757079, -0.08838622,
       -0.0892206 , -0.09006363, -0.09094255, -0.09195893, -0.09343456,
       -0.09413491, -0.09498715, -0.09588686, -0.09676451, -0.09767857,
       -0.0986785 , -0.09980604, -0.1009239 , -0.10202239, -0.10312928,
       -0.10433266, -0.10559428, -0.10645787, -0.10727721, -0.10809568,
       -0.10883214, -0.10955974, -0.11028399, -0.11101497, -0.1117785 ,
       -0.11258501, -0.11336259, -0.11449295, -0.11604141, -0.11740629,
       -0.11838647, -0.11932495, -0.1201995 , -0.12103363, -0.12224614,
       -0.12348668, -0.12473481, -0.12584348, -0.12687919, -0.1278612 ,
       -0.12891351, -0.13000473, -0.13098365, -0.13187321, -0.13272378,
       -0.13359395, -0.13455123, -0.13566607, -0.13678575, -0.13780975,
       -0.1387537 , -0.13959093, -0.14048798, -0.14141259, -0.14218161,
       -0.14328898, -0.14436735, -0.14520815, -0.14601979, -0.14716634,
       -0.14822136, -0.1490442 , -0.14982575, -0.15060993, -0.15152465,
       -0.15298653, -0.15427172, -0.15552953, -0.15671192, -0.15732361,
       -0.15792061, -0.15849818, -0.15985788, -0.16127126, -0.16265285,
       -0.16397604, -0.16513398, -0.16611439, -0.16703451, -0.16795863,
       -0.16897221, -0.1700536 , -0.17119308, -0.17218502, -0.17304784,
       -0.17388114, -0.17474039, -0.17564867, -0.17672607, -0.17800817,
       -0.17916887, -0.1799885 , -0.18081263, -0.18167453, -0.18264079,
       -0.18367288, -0.18483762, -0.18574664, -0.18652819, -0.18735111,
       -0.18820255, -0.18910377, -0.19002588, -0.1912552 , -0.19308308,
       -0.19477271, -0.19527924, -0.19576219, -0.19655171, -0.1978991 ,
       -0.19931069, -0.20040794, -0.20143206, -0.20250018, -0.20353445,
       -0.20457011, -0.20570844, -0.20678021, -0.20780163, -0.20882176,
       -0.20978902, -0.21069151, -0.21157609, -0.21239363, -0.21320246,
       -0.21404895, -0.21494508, -0.2158836 , -0.21690105, -0.21796319,
       -0.21909091, -0.22032386, -0.22169617, -0.22319564, -0.22427848,
       -0.22494732, -0.22572584, -0.22677845, -0.22788174, -0.22908619,
       -0.23044802, -0.23162469, -0.23282027, -0.23412511, -0.23527738,
       -0.2359309 , -0.23658729, -0.2374842 , -0.23852426, -0.23956011,
       -0.24068572, -0.24195838, -0.24317418, -0.24432373, -0.24541815,
       -0.24646777, -0.24740526, -0.24840069, -0.24958549, -0.25089496,
       -0.25202051, -0.25302094, -0.25387555, -0.25469494, -0.25548896,
       -0.25631964, -0.2572158 , -0.25808764, -0.25891572, -0.25971311,
       -0.26049626, -0.26126644, -0.2620163 , -0.2635569 , -0.26519313,
       -0.26661715, -0.26754978, -0.26882872, -0.27005956, -0.27121508,
       -0.27228549, -0.27324155, -0.27414185, -0.27501589, -0.27583867,
       -0.27688852, -0.27810225, -0.27926761, -0.28033733, -0.28119186,
       -0.28206789, -0.28317106, -0.28426835, -0.2853179 , -0.28633702,
       -0.28735626, -0.2884309 , -0.28951153, -0.2906765 , -0.29191428,
       -0.29322353, -0.29481393, -0.29594123, -0.29681325, -0.2976079 ,
       -0.29852748, -0.29948479, -0.30051765, -0.30193147, -0.30302745,
       -0.3039825 , -0.30498672, -0.30607769, -0.3072041 , -0.30831403,
       -0.30925927, -0.31022295, -0.31107232, -0.31191006, -0.31273231,
       -0.31366861, -0.3147181 , -0.31604049, -0.31722736, -0.31826004,
       -0.31918484, -0.32017279, -0.32132456, -0.32257637, -0.32383907,
       -0.32509044, -0.32585725, -0.32642442, -0.32697615, -0.32758796,
       -0.3285037 , -0.32942474, -0.33033419, -0.33124965, -0.33216324,
       -0.33309421]), 'S22_real': array([ 0.00196471,  0.0021643 ,  0.00219784,  0.00170069,  0.00150173,
        0.00125175,  0.00090598,  0.00035546, -0.00023353, -0.00084883,
       -0.00180919, -0.00273275, -0.00356776, -0.0043056 , -0.00501091,
       -0.00556667, -0.00634525, -0.00767393, -0.00852754, -0.00932829,
       -0.01019506, -0.01103624, -0.01192748, -0.01298205, -0.01403472,
       -0.01507069, -0.01590669, -0.01661167, -0.01738806, -0.01806682,
       -0.01902395, -0.01995986, -0.02072114, -0.02129819, -0.0223719 ,
       -0.02320869, -0.02395671, -0.02463753, -0.02534115, -0.02603996,
       -0.02705135, -0.02777776, -0.02836564, -0.02901996, -0.02964321,
       -0.03007403, -0.03043091, -0.03082564, -0.03122781, -0.03157448,
       -0.03187778, -0.03224219, -0.03266015, -0.03307197, -0.03348416,
       -0.03386331, -0.0342209 , -0.03451557, -0.03476338, -0.0349642 ,
       -0.03516883, -0.03537459, -0.03558804, -0.03582405, -0.03615215,
       -0.03631556, -0.03649243, -0.03667909, -0.03686165, -0.03705322,
       -0.03726119, -0.03747462, -0.03767064, -0.03788048, -0.0380941 ,
       -0.03832441, -0.03855747, -0.0386888 , -0.03880938, -0.03893282,
       -0.03904176, -0.03914591, -0.03924997, -0.03935693, -0.03945611,
       -0.03952762, -0.03959922, -0.03970541, -0.03989087, -0.04006708,
       -0.04022214, -0.04037217, -0.0405113 , -0.04064369, -0.04069034,
       -0.04072604, -0.04076385, -0.04077351, -0.04076038, -0.04074794,
       -0.04075983, -0.04080714, -0.04085033, -0.04089508, -0.04093818,
       -0.04098028, -0.0410195 , -0.04106003, -0.04111381, -0.04119153,
       -0.04126748, -0.0413218 , -0.04138671, -0.04146602, -0.04156002,
       -0.04164254, -0.0416852 , -0.04172151, -0.04176455, -0.04181649,
       -0.04186216, -0.04187586, -0.04188749, -0.04189613, -0.04192087,
       -0.04202155, -0.04211722, -0.04220598, -0.04216105, -0.04216091,
       -0.04216031, -0.04215758, -0.04217106, -0.04218549, -0.04217872,
       -0.04215981, -0.04214277, -0.04213027, -0.04212355, -0.04211656,
       -0.04210935, -0.0421002 , -0.04209497, -0.04209535, -0.0420941 ,
       -0.04209088, -0.04208624, -0.04208492, -0.0420876 , -0.04209682,
       -0.04210823, -0.04209859, -0.04208721, -0.04207388, -0.04206122,
       -0.04204497, -0.04202304, -0.0419726 , -0.04191388, -0.04186146,
       -0.04181144, -0.04182995, -0.04186473, -0.04192028, -0.04200865,
       -0.04208192, -0.04209892, -0.04212238, -0.04216199, -0.04220856,
       -0.04221453, -0.04220125, -0.04218719, -0.04217114, -0.04215493,
       -0.0421401 , -0.04212652, -0.04211569, -0.04210613, -0.0420968 ,
       -0.0420878 , -0.04207807, -0.04206794, -0.04206055, -0.04205454,
       -0.04204604, -0.04203663, -0.04202806, -0.04201861, -0.04200783,
       -0.04199629, -0.0419848 , -0.04200561, -0.04208176, -0.04211243,
       -0.0420984 , -0.0420948 , -0.04212544, -0.0421467 , -0.04216474,
       -0.04213684, -0.04207718, -0.04201609, -0.04201629, -0.04208091,
       -0.04214695, -0.04221233, -0.04222824, -0.04221118, -0.04219354,
       -0.04217009, -0.0421395 , -0.04211414, -0.04209466, -0.04207976,
       -0.04205998, -0.04204139, -0.04200756, -0.04195199, -0.04189581,
       -0.04186903, -0.04185063, -0.04184492, -0.04184423, -0.04184818,
       -0.04185466, -0.04185541, -0.04185779, -0.04186436, -0.04187262,
       -0.04188403, -0.04189655, -0.04191276, -0.04185919, -0.041758  ,
       -0.04164969, -0.04153026, -0.04135293, -0.04132171, -0.04130767,
       -0.04129457, -0.04128102, -0.04126528, -0.04124859, -0.0412322 ,
       -0.04121396, -0.04118646, -0.04115504, -0.04113121, -0.04112474,
       -0.04112187, -0.04112907, -0.04113261, -0.04112994, -0.04113038,
       -0.04113449, -0.04113911, -0.04114265, -0.04114522, -0.0411415 ,
       -0.04113457, -0.04112508, -0.04105665, -0.04098081, -0.04090635,
       -0.04082218, -0.04073701, -0.04064745, -0.04059663, -0.04055389,
       -0.04049644, -0.0404391 , -0.04037956, -0.0403172 , -0.04025803,
       -0.04022807, -0.04019787, -0.04017299, -0.04014578, -0.0401197 ,
       -0.04007741, -0.04002488, -0.03998204, -0.0399323 , -0.03988262,
       -0.03983256, -0.03974845, -0.0396574 , -0.03957662, -0.03948985,
       -0.03938974, -0.03931626, -0.03925183, -0.03918868, -0.039076  ,
       -0.03891568, -0.03875072, -0.038596  , -0.03843078, -0.03826583,
       -0.03810464]), 'S22_imag': array([-0.00060133, -0.00178801, -0.00284578, -0.00431593, -0.00568939,
       -0.00713982, -0.00810388, -0.00934591, -0.01052511, -0.01168556,
       -0.01284606, -0.01392494, -0.01483449, -0.01552544, -0.01617951,
       -0.01673972, -0.01718888, -0.01813629, -0.01850736, -0.01878403,
       -0.01906709, -0.01933819, -0.01960213, -0.01986389, -0.02015763,
       -0.02045932, -0.0206723 , -0.02073777, -0.02072197, -0.02075228,
       -0.02072738, -0.02071367, -0.02073209, -0.02079834, -0.02044951,
       -0.02008084, -0.01995381, -0.01985246, -0.01974588, -0.01963736,
       -0.01940754, -0.01917561, -0.01889392, -0.01856319, -0.0181992 ,
       -0.01786477, -0.01758573, -0.01727292, -0.01694884, -0.01666287,
       -0.01639505, -0.0160767 , -0.01571103, -0.01532906, -0.01493825,
       -0.01458005, -0.01424165, -0.01386693, -0.01348962, -0.01316569,
       -0.01286661, -0.01261631, -0.01235232, -0.01203493, -0.01156048,
       -0.01133265, -0.01106465, -0.01077326, -0.01048914, -0.01019184,
       -0.00986374, -0.00949716, -0.00917088, -0.00885475, -0.00851521,
       -0.0081486 , -0.00776737, -0.0074765 , -0.00725771, -0.00704816,
       -0.00686357, -0.00668516, -0.00650307, -0.00631627, -0.00608125,
       -0.00573541, -0.00536732, -0.00498662, -0.00459595, -0.0042689 ,
       -0.0040787 , -0.00389957, -0.00373222, -0.00357227, -0.00318174,
       -0.00279155, -0.00239383, -0.00204906, -0.00172753, -0.00141342,
       -0.001067  , -0.00072338, -0.00041948, -0.00013255,  0.0001379 ,
        0.00043323,  0.00072853,  0.00106925,  0.00142903,  0.00171374,
        0.00190778,  0.00210993,  0.0023055 ,  0.00247962,  0.00263475,
        0.0027782 ,  0.00289163,  0.00293086,  0.0029632 ,  0.00304   ,
        0.00314057,  0.00323628,  0.00334554,  0.00347135,  0.00360486,
        0.0038512 ,  0.00414044,  0.00444411,  0.00476288,  0.00492864,
        0.00510069,  0.0052717 ,  0.00549663,  0.00573268,  0.00597923,
        0.00622809,  0.00644474,  0.00663055,  0.00682299,  0.0070147 ,
        0.00721499,  0.00743148,  0.00765628,  0.00785423,  0.00803938,
        0.00822975,  0.00841917,  0.00861281,  0.0088246 ,  0.0090443 ,
        0.00925246,  0.00943244,  0.00960843,  0.0097883 ,  0.00998244,
        0.01019095,  0.01042649,  0.01069512,  0.01100262,  0.01131561,
        0.01162289,  0.01188692,  0.0120448 ,  0.01221445,  0.0124908 ,
        0.01273772,  0.01277626,  0.01279625,  0.01288186,  0.01304486,
        0.01314896,  0.01329831,  0.01343604,  0.01358293,  0.01373184,
        0.01388639,  0.01406394,  0.01424017,  0.0144156 ,  0.01459651,
        0.01477623,  0.01494984,  0.01512186,  0.01528268,  0.01544107,
        0.01560385,  0.01577768,  0.0159644 ,  0.01617046,  0.01638308,
        0.0166133 ,  0.0168563 ,  0.0170912 ,  0.01728392,  0.01745536,
        0.01760476,  0.01774975,  0.01788989,  0.01816002,  0.01850024,
        0.01876569,  0.01898452,  0.01920134,  0.01937036,  0.01945181,
        0.01946345,  0.01947809,  0.01956946,  0.01970148,  0.01983499,
        0.01999529,  0.02020054,  0.020392  ,  0.02057485,  0.02076737,
        0.02094334,  0.02111027,  0.02131988,  0.02157136,  0.02185067,
        0.02207405,  0.02227046,  0.02243843,  0.02259771,  0.02274817,
        0.02290222,  0.02305621,  0.02320191,  0.02333986,  0.02347177,
        0.0236012 ,  0.02372676,  0.02383848,  0.02411467,  0.02432908,
        0.02445782,  0.02457468,  0.02477518,  0.0249154 ,  0.02504482,
        0.0251717 ,  0.02529194,  0.02540477,  0.02551836,  0.02562524,
        0.02575856,  0.02591189,  0.0260599 ,  0.02619159,  0.02629164,
        0.02640157,  0.0265332 ,  0.0266641 ,  0.02679673,  0.02692064,
        0.02703952,  0.0271625 ,  0.02728455,  0.02742019,  0.02755425,
        0.02769495,  0.02785716,  0.02803879,  0.02824269,  0.02846927,
        0.02871664,  0.02897271,  0.02922963,  0.02947082,  0.02959373,
        0.029662  ,  0.02972608,  0.02979548,  0.02986368,  0.02993814,
        0.03007917,  0.03023558,  0.03036452,  0.03049231,  0.03062395,
        0.03079231,  0.03093653,  0.0310399 ,  0.03115949,  0.03129585,
        0.03144324,  0.03158497,  0.03171755,  0.03184344,  0.03198032,
        0.03213808,  0.03226029,  0.03236811,  0.03246957,  0.032635  ,
        0.03290245,  0.03317652,  0.03344489,  0.03370904,  0.0339697 ,
        0.03425246])}
2026-01-08 16:53:48 - INFO - 预测完成!
2026-01-08 16:53:48 - INFO - 计算幅度和相位...
2026-01-08 16:53:48 - INFO -   S11: 幅度范围 [0.0022, 0.0417], 相位范围 [-179.9°, 179.8°]
2026-01-08 16:53:48 - INFO -   S21: 幅度范围 [0.9440, 0.9985], 相位范围 [-20.7°, -0.0°]
2026-01-08 16:53:48 - INFO -   S12: 幅度范围 [0.9440, 0.9985], 相位范围 [-20.7°, -0.0°]
2026-01-08 16:53:48 - INFO -   S22: 幅度范围 [0.0021, 0.0512], 相位范围 [-179.8°, 179.8°]
2026-01-08 16:53:48 - INFO - 
计算预测误差...
2026-01-08 16:53:48 - INFO -   S11_real:
2026-01-08 16:53:48 - INFO -     绝对误差 - 均值: 0.000275, 最大: 0.000845
2026-01-08 16:53:48 - INFO -     相对误差 - 均值: 2.83%, 最大: 175.76%
2026-01-08 16:53:48 - INFO -   S11_imag:
2026-01-08 16:53:48 - INFO -     绝对误差 - 均值: 0.000304, 最大: 0.001635
2026-01-08 16:53:48 - INFO -     相对误差 - 均值: 7.24%, 最大: 518.10%
2026-01-08 16:53:48 - INFO -   S21_real:
2026-01-08 16:53:48 - INFO -     绝对误差 - 均值: 0.000258, 最大: 0.000973
2026-01-08 16:53:48 - INFO -     相对误差 - 均值: 0.03%, 最大: 0.11%
2026-01-08 16:53:48 - INFO -   S21_imag:
2026-01-08 16:53:48 - INFO -     绝对误差 - 均值: 0.000650, 最大: 0.002404
2026-01-08 16:53:48 - INFO -     相对误差 - 均值: 0.53%, 最大: 9.52%
2026-01-08 16:53:48 - INFO -   S12_real:
2026-01-08 16:53:48 - INFO -     绝对误差 - 均值: 0.000258, 最大: 0.000973
2026-01-08 16:53:48 - INFO -     相对误差 - 均值: 0.03%, 最大: 0.11%
2026-01-08 16:53:48 - INFO -   S12_imag:
2026-01-08 16:53:48 - INFO -     绝对误差 - 均值: 0.000650, 最大: 0.002404
2026-01-08 16:53:48 - INFO -     相对误差 - 均值: 0.53%, 最大: 9.52%
2026-01-08 16:53:48 - INFO -   S22_real:
2026-01-08 16:53:48 - INFO -     绝对误差 - 均值: 0.000347, 最大: 0.000937
2026-01-08 16:53:48 - INFO -     相对误差 - 均值: 1.40%, 最大: 22.87%
2026-01-08 16:53:48 - INFO -   S22_imag:
2026-01-08 16:53:48 - INFO -     绝对误差 - 均值: 0.000316, 最大: 0.001432
2026-01-08 16:53:48 - INFO -     相对误差 - 均值: 22.36%, 最大: 2996.68%
2026-01-08 16:53:48 - INFO - 
开始绘制S参数对比图，保存到: s_param_evaluation_results
2026-01-08 16:53:49 - INFO - 实部/虚部对比图已保存: s_param_evaluation_results/s_param_real_imag_comparison.png
2026-01-08 16:53:50 - INFO - dB对比图已保存: s_param_evaluation_results/s_param_db_comparison.png
2026-01-08 16:53:50 - INFO - 
绘制误差分析图...
2026-01-08 16:53:51 - INFO - 绝对误差图已保存: s_param_evaluation_results/absolute_error_vs_frequency.png
2026-01-08 16:53:51 - INFO - 相对误差分布图已保存: s_param_evaluation_results/relative_error_distribution.png
2026-01-08 16:53:51 - INFO - 
创建评估总结报告...
2026-01-08 16:53:51 - INFO - 评估报告已保存: s_param_evaluation_results/evaluation_report.txt
2026-01-08 16:53:51 - INFO - ================================================================================
S参数模型预测评估报告
================================================================================

生成时间: 2026-01-08 16:53:51

频率范围: 0.00 GHz 到 30.00 GHz
频率点数: 301

S11 误差统计:
  real绝对误差: 均值=0.000275, 最大=0.000845
  real相对误差: 均值=2.83%, 最大=175.76%
  imag绝对误差: 均值=0.000304, 最大=0.001635
  imag相对误差: 均值=7.22%, 最大=518.10%

S21 误差统计:
  real绝对误差: 均值=0.000258, 最大=0.000973
  real相对误差: 均值=0.03%, 最大=0.11%
  imag绝对误差: 均值=0.000650, 最大=0.002404
  imag相对误差: 均值=0.53%, 最大=9.52%

S12 误差统计:
  real绝对误差: 均值=0.000258, 最大=0.000973
  real相对误差: 均值=0.03%, 最大=0.11%
  imag绝对误差: 均值=0.000650, 最大=0.002404
  imag相对误差: 均值=0.53%, 最大=9.52%

S22 误差统计:
  real绝对误差: 均值=0.000347, 最大=0.000937
  real相对误差: 均值=1.40%, 最大=22.87%
  imag绝对误差: 均值=0.000316, 最大=0.001432
  imag相对误差: 均值=12.37%, 最大=660.34%


S参数dB误差统计:
  S11: RMSE=0.24 dB, MAE=0.11 dB
  S21: RMSE=0.00 dB, MAE=0.00 dB
  S12: RMSE=0.00 dB, MAE=0.00 dB
  S22: RMSE=0.19 dB, MAE=0.11 dB


总体性能评估:
  整体绝对误差: 均值=0.000382, 最大=0.002404
2026-01-08 16:53:51 - INFO - 
================================================================================
2026-01-08 16:53:51 - INFO - 评估完成!
2026-01-08 16:53:51 - INFO - 所有结果已保存到: s_param_evaluation_results
2026-01-08 16:53:51 - INFO - ================================================================================
2026-01-08 16:53:51 - INFO - 
程序运行完成，日志已保存到: logs/training_20260108_165341.log
2026-01-08 16:53:51 - INFO - ============================================================
