2026-01-08 17:31:33 - INFO - 日志文件保存到: logs/training_20260108_173133.log
2026-01-08 17:31:33 - INFO - 选择模型类型 (1: CnnNet, 2: ResidualNet): 
2026-01-08 17:31:35 - INFO - 选择运行模式 (1: 仅训练神经网络, 2: 仅运行遗传算法, 3: 测试S参数曲线: 
2026-01-08 17:31:37 - ERROR - /home/hhabu/work_src/DL_IOMN_src/example/main.py:553: FutureWarning: You are using `torch.load` with `weights_only=False` (the current default value), which uses the default pickle module implicitly. It is possible to construct malicious pickle data which will execute arbitrary code during unpickling (See https://github.com/pytorch/pytorch/blob/main/SECURITY.md#untrusted-models for more details). In a future release, the default value for `weights_only` will be flipped to `True`. This limits the functions that could be executed during unpickling. Arbitrary objects will no longer be allowed to be loaded via this mode unless they are explicitly allowlisted by the user via `torch.serialization.add_safe_globals`. We recommend you start setting `weights_only=True` for any use case where you don't have full control of the loaded file. Please open an issue on GitHub for any issues related to this experimental feature.
  checkpoint = torch.load(model_path)

2026-01-08 17:31:37 - INFO - 
==================================================
2026-01-08 17:31:37 - INFO - 创建空白模型：
2026-01-08 17:31:37 - INFO - 
==================================================
2026-01-08 17:31:37 - INFO - 
==================================================
2026-01-08 17:31:37 - INFO - 模型加载：
2026-01-08 17:31:37 - INFO - 
==================================================
2026-01-08 17:31:37 - INFO - ModelManager初始化完成，使用设备: cuda
2026-01-08 17:31:37 - INFO - 检查点目录: frequency_checkpoints/best_model.pth
2026-01-08 17:31:37 - INFO - [[0, 1, 1, 0, 0, 1, 1, 1, 0, 1, 0, 1, 0, 1, 1, 1, 1, 0, 0], [0, 1, 1, 1, 0, 0, 1, 1, 1, 1, 1, 1, 0, 0, 1, 0, 0, 0, 0], [0, 0, 0, 0, 0, 1, 0, 0, 0, 1, 1, 0, 0, 0, 1, 0, 1, 0, 1], [0, 0, 0, 0, 0, 0, 1, 0, 0, 0, 1, 1, 1, 0, 0, 0, 0, 0, 1], [1, 1, 1, 0, 1, 1, 1, 0, 0, 1, 1, 1, 0, 0, 1, 0, 1, 1, 1], [1, 0, 0, 1, 0, 1, 0, 0, 1, 1, 0, 1, 0, 1, 0, 0, 0, 1, 1], [0, 0, 1, 1, 0, 1, 1, 0, 0, 1, 0, 0, 0, 0, 1, 1, 1, 1, 0], [1, 0, 0, 1, 1, 1, 1, 0, 1, 1, 0, 1, 0, 1, 1, 0, 0, 1, 1], [1, 0, 1, 1, 0, 1, 1, 1, 0, 1, 1, 0, 0, 0, 1, 0, 0, 1, 1], [0, 0, 0, 1, 1, 0, 1, 0, 1, 1, 0, 1, 1, 0, 0, 1, 1, 1, 1], [0, 0, 1, 0, 0, 0, 0, 1, 0, 0, 1, 0, 1, 0, 1, 0, 1, 1, 1], [0, 1, 0, 0, 1, 0, 1, 0, 0, 1, 0, 1, 0, 1, 0, 1, 0, 1, 1], [0, 1, 0, 0, 1, 0, 0, 1, 0, 1, 0, 0, 1, 1, 0, 0, 0, 1, 0], [0, 1, 1, 0, 0, 1, 0, 0, 1, 0, 0, 1, 0, 0, 1, 0, 0, 0, 1], [1, 0, 1, 1, 0, 1, 1, 0, 1, 1, 1, 0, 0, 1, 1, 0, 0, 1, 0], [1, 1, 0, 1, 0, 1, 0, 0, 1, 0, 0, 1, 0, 0, 0, 0, 0, 0, 1], [1, 1, 0, 0, 0, 1, 1, 0, 0, 0, 0, 1, 1, 1, 1, 1, 1, 0, 1], [1, 0, 1, 1, 0, 1, 0, 0, 1, 1, 0, 1, 0, 1, 1, 1, 1, 1, 1], [1, 1, 1, 1, 1, 1, 0, 1, 0, 0, 0, 1, 1, 1, 1, 1, 1, 0, 1]]
2026-01-08 17:31:37 - INFO - 
================================================================================
2026-01-08 17:31:37 - INFO - 开始完整的S参数模型评估
2026-01-08 17:31:37 - INFO - ================================================================================
2026-01-08 17:31:37 - INFO - 加载真实数据: s_params_varification.txt
2026-01-08 17:31:37 - INFO - 数据加载成功，形状: (301, 10)
2026-01-08 17:31:37 - INFO - 列名: ['ID', 'Freq(Hz)', 'S11_real', 'S11_imag', 'S21_real', 'S21_imag', 'S12_real', 'S12_imag', 'S22_real', 'S22_imag']
2026-01-08 17:31:37 - INFO - 频率范围: 0.00e+00 Hz 到 3.00e+10 Hz
2026-01-08 17:31:37 - INFO - 频率范围: 0.00 GHz 到 30.00 GHz
2026-01-08 17:31:37 - INFO - 数据点数: 301
2026-01-08 17:31:37 - INFO - 开始预测 301 个频率点的S参数...
2026-01-08 17:31:37 - INFO -   预测进度: 1/301
2026-01-08 17:31:37 - INFO - (tensor([[[[0., 1., 1., 0., 0., 1., 1., 1., 0., 1., 0., 1., 0., 1., 1., 1., 1.,
           0., 0.],
          [0., 1., 1., 1., 0., 0., 1., 1., 1., 1., 1., 1., 0., 0., 1., 0., 0.,
           0., 0.],
          [0., 0., 0., 0., 0., 1., 0., 0., 0., 1., 1., 0., 0., 0., 1., 0., 1.,
           0., 1.],
          [0., 0., 0., 0., 0., 0., 1., 0., 0., 0., 1., 1., 1., 0., 0., 0., 0.,
           0., 1.],
          [1., 1., 1., 0., 1., 1., 1., 0., 0., 1., 1., 1., 0., 0., 1., 0., 1.,
           1., 1.],
          [1., 0., 0., 1., 0., 1., 0., 0., 1., 1., 0., 1., 0., 1., 0., 0., 0.,
           1., 1.],
          [0., 0., 1., 1., 0., 1., 1., 0., 0., 1., 0., 0., 0., 0., 1., 1., 1.,
           1., 0.],
          [1., 0., 0., 1., 1., 1., 1., 0., 1., 1., 0., 1., 0., 1., 1., 0., 0.,
           1., 1.],
          [1., 0., 1., 1., 0., 1., 1., 1., 0., 1., 1., 0., 0., 0., 1., 0., 0.,
           1., 1.],
          [1., 0., 0., 1., 1., 0., 1., 0., 1., 1., 0., 1., 1., 0., 0., 1., 1.,
           1., 1.],
          [0., 0., 1., 0., 0., 0., 0., 1., 0., 0., 1., 0., 1., 0., 1., 0., 1.,
           1., 1.],
          [0., 1., 0., 0., 1., 0., 1., 0., 0., 1., 0., 1., 0., 1., 0., 1., 0.,
           1., 1.],
          [0., 1., 0., 0., 1., 0., 0., 1., 0., 1., 0., 0., 1., 1., 0., 0., 0.,
           1., 0.],
          [0., 1., 1., 0., 0., 1., 0., 0., 1., 0., 0., 1., 0., 0., 1., 0., 0.,
           0., 1.],
          [1., 0., 1., 1., 0., 1., 1., 0., 1., 1., 1., 0., 0., 1., 1., 0., 0.,
           1., 0.],
          [1., 1., 0., 1., 0., 1., 0., 0., 1., 0., 0., 1., 0., 0., 0., 0., 0.,
           0., 1.],
          [1., 1., 0., 0., 0., 1., 1., 0., 0., 0., 0., 1., 1., 1., 1., 1., 1.,
           0., 1.],
          [1., 0., 1., 1., 0., 1., 0., 0., 1., 1., 0., 1., 0., 1., 1., 1., 1.,
           1., 1.],
          [1., 1., 1., 1., 1., 1., 0., 1., 0., 0., 0., 1., 1., 1., 1., 1., 1.,
           0., 1.]]]], device='cuda:0'), tensor([[-0.0033]], device='cuda:0'))
2026-01-08 17:31:37 - INFO - [ 9.9989098e-01  9.8933617e-04  4.0988528e-04 -5.9098005e-05
  4.0983871e-04 -5.9101731e-05  9.9961549e-01 -5.5001792e-03]
2026-01-08 17:31:37 - INFO - (tensor([[[[0., 1., 1., 0., 0., 1., 1., 1., 0., 1., 0., 1., 0., 1., 1., 1., 1.,
           0., 0.],
          [0., 1., 1., 1., 0., 0., 1., 1., 1., 1., 1., 1., 0., 0., 1., 0., 0.,
           0., 0.],
          [0., 0., 0., 0., 0., 1., 0., 0., 0., 1., 1., 0., 0., 0., 1., 0., 1.,
           0., 1.],
          [0., 0., 0., 0., 0., 0., 1., 0., 0., 0., 1., 1., 1., 0., 0., 0., 0.,
           0., 1.],
          [1., 1., 1., 0., 1., 1., 1., 0., 0., 1., 1., 1., 0., 0., 1., 0., 1.,
           1., 1.],
          [1., 0., 0., 1., 0., 1., 0., 0., 1., 1., 0., 1., 0., 1., 0., 0., 0.,
           1., 1.],
          [0., 0., 1., 1., 0., 1., 1., 0., 0., 1., 0., 0., 0., 0., 1., 1., 1.,
           1., 0.],
          [1., 0., 0., 1., 1., 1., 1., 0., 1., 1., 0., 1., 0., 1., 1., 0., 0.,
           1., 1.],
          [1., 0., 1., 1., 0., 1., 1., 1., 0., 1., 1., 0., 0., 0., 1., 0., 0.,
           1., 1.],
          [1., 0., 0., 1., 1., 0., 1., 0., 1., 1., 0., 1., 1., 0., 0., 1., 1.,
           1., 1.],
          [0., 0., 1., 0., 0., 0., 0., 1., 0., 0., 1., 0., 1., 0., 1., 0., 1.,
           1., 1.],
          [0., 1., 0., 0., 1., 0., 1., 0., 0., 1., 0., 1., 0., 1., 0., 1., 0.,
           1., 1.],
          [0., 1., 0., 0., 1., 0., 0., 1., 0., 1., 0., 0., 1., 1., 0., 0., 0.,
           1., 0.],
          [0., 1., 1., 0., 0., 1., 0., 0., 1., 0., 0., 1., 0., 0., 1., 0., 0.,
           0., 1.],
          [1., 0., 1., 1., 0., 1., 1., 0., 1., 1., 1., 0., 0., 1., 1., 0., 0.,
           1., 0.],
          [1., 1., 0., 1., 0., 1., 0., 0., 1., 0., 0., 1., 0., 0., 0., 0., 0.,
           0., 1.],
          [1., 1., 0., 0., 0., 1., 1., 0., 0., 0., 0., 1., 1., 1., 1., 1., 1.,
           0., 1.],
          [1., 0., 1., 1., 0., 1., 0., 0., 1., 1., 0., 1., 0., 1., 1., 1., 1.,
           1., 1.],
          [1., 1., 1., 1., 1., 1., 0., 1., 0., 0., 0., 1., 1., 1., 1., 1., 1.,
           0., 1.]]]], device='cuda:0'), tensor([[0.]], device='cuda:0'))
2026-01-08 17:31:37 - INFO - [ 9.9983835e-01 -3.4771115e-04  3.1186547e-04 -6.4317137e-05
  3.1187851e-04 -6.4317137e-05  9.9934322e-01 -8.0194911e-03]
2026-01-08 17:31:37 - INFO - (tensor([[[[0., 1., 1., 0., 0., 1., 1., 1., 0., 1., 0., 1., 0., 1., 1., 1., 1.,
           0., 0.],
          [0., 1., 1., 1., 0., 0., 1., 1., 1., 1., 1., 1., 0., 0., 1., 0., 0.,
           0., 0.],
          [0., 0., 0., 0., 0., 1., 0., 0., 0., 1., 1., 0., 0., 0., 1., 0., 1.,
           0., 1.],
          [0., 0., 0., 0., 0., 0., 1., 0., 0., 0., 1., 1., 1., 0., 0., 0., 0.,
           0., 1.],
          [1., 1., 1., 0., 1., 1., 1., 0., 0., 1., 1., 1., 0., 0., 1., 0., 1.,
           1., 1.],
          [1., 0., 0., 1., 0., 1., 0., 0., 1., 1., 0., 1., 0., 1., 0., 0., 0.,
           1., 1.],
          [0., 0., 1., 1., 0., 1., 1., 0., 0., 1., 0., 0., 0., 0., 1., 1., 1.,
           1., 0.],
          [1., 0., 0., 1., 1., 1., 1., 0., 1., 1., 0., 1., 0., 1., 1., 0., 0.,
           1., 1.],
          [1., 0., 1., 1., 0., 1., 1., 1., 0., 1., 1., 0., 0., 0., 1., 0., 0.,
           1., 1.],
          [1., 0., 0., 1., 1., 0., 1., 0., 1., 1., 0., 1., 1., 0., 0., 1., 1.,
           1., 1.],
          [0., 0., 1., 0., 0., 0., 0., 1., 0., 0., 1., 0., 1., 0., 1., 0., 1.,
           1., 1.],
          [0., 1., 0., 0., 1., 0., 1., 0., 0., 1., 0., 1., 0., 1., 0., 1., 0.,
           1., 1.],
          [0., 1., 0., 0., 1., 0., 0., 1., 0., 1., 0., 0., 1., 1., 0., 0., 0.,
           1., 0.],
          [0., 1., 1., 0., 0., 1., 0., 0., 1., 0., 0., 1., 0., 0., 1., 0., 0.,
           0., 1.],
          [1., 0., 1., 1., 0., 1., 1., 0., 1., 1., 1., 0., 0., 1., 1., 0., 0.,
           1., 0.],
          [1., 1., 0., 1., 0., 1., 0., 0., 1., 0., 0., 1., 0., 0., 0., 0., 0.,
           0., 1.],
          [1., 1., 0., 0., 0., 1., 1., 0., 0., 0., 0., 1., 1., 1., 1., 1., 1.,
           0., 1.],
          [1., 0., 1., 1., 0., 1., 0., 0., 1., 1., 0., 1., 0., 1., 1., 1., 1.,
           1., 1.],
          [1., 1., 1., 1., 1., 1., 0., 1., 0., 0., 0., 1., 1., 1., 1., 1., 1.,
           0., 1.]]]], device='cuda:0'), tensor([[0.0033]], device='cuda:0'))
2026-01-08 17:31:37 - INFO - [ 9.9979913e-01 -1.3198211e-03  2.6138034e-04 -8.4154308e-06
  2.6137102e-04 -8.4191561e-06  9.9889517e-01 -1.1249015e-02]
2026-01-08 17:31:37 - INFO - (tensor([[[[0., 1., 1., 0., 0., 1., 1., 1., 0., 1., 0., 1., 0., 1., 1., 1., 1.,
           0., 0.],
          [0., 1., 1., 1., 0., 0., 1., 1., 1., 1., 1., 1., 0., 0., 1., 0., 0.,
           0., 0.],
          [0., 0., 0., 0., 0., 1., 0., 0., 0., 1., 1., 0., 0., 0., 1., 0., 1.,
           0., 1.],
          [0., 0., 0., 0., 0., 0., 1., 0., 0., 0., 1., 1., 1., 0., 0., 0., 0.,
           0., 1.],
          [1., 1., 1., 0., 1., 1., 1., 0., 0., 1., 1., 1., 0., 0., 1., 0., 1.,
           1., 1.],
          [1., 0., 0., 1., 0., 1., 0., 0., 1., 1., 0., 1., 0., 1., 0., 0., 0.,
           1., 1.],
          [0., 0., 1., 1., 0., 1., 1., 0., 0., 1., 0., 0., 0., 0., 1., 1., 1.,
           1., 0.],
          [1., 0., 0., 1., 1., 1., 1., 0., 1., 1., 0., 1., 0., 1., 1., 0., 0.,
           1., 1.],
          [1., 0., 1., 1., 0., 1., 1., 1., 0., 1., 1., 0., 0., 0., 1., 0., 0.,
           1., 1.],
          [1., 0., 0., 1., 1., 0., 1., 0., 1., 1., 0., 1., 1., 0., 0., 1., 1.,
           1., 1.],
          [0., 0., 1., 0., 0., 0., 0., 1., 0., 0., 1., 0., 1., 0., 1., 0., 1.,
           1., 1.],
          [0., 1., 0., 0., 1., 0., 1., 0., 0., 1., 0., 1., 0., 1., 0., 1., 0.,
           1., 1.],
          [0., 1., 0., 0., 1., 0., 0., 1., 0., 1., 0., 0., 1., 1., 0., 0., 0.,
           1., 0.],
          [0., 1., 1., 0., 0., 1., 0., 0., 1., 0., 0., 1., 0., 0., 1., 0., 0.,
           0., 1.],
          [1., 0., 1., 1., 0., 1., 1., 0., 1., 1., 1., 0., 0., 1., 1., 0., 0.,
           1., 0.],
          [1., 1., 0., 1., 0., 1., 0., 0., 1., 0., 0., 1., 0., 0., 0., 0., 0.,
           0., 1.],
          [1., 1., 0., 0., 0., 1., 1., 0., 0., 0., 0., 1., 1., 1., 1., 1., 1.,
           0., 1.],
          [1., 0., 1., 1., 0., 1., 0., 0., 1., 1., 0., 1., 0., 1., 1., 1., 1.,
           1., 1.],
          [1., 1., 1., 1., 1., 1., 0., 1., 0., 0., 0., 1., 1., 1., 1., 1., 1.,
           0., 1.]]]], device='cuda:0'), tensor([[0.0067]], device='cuda:0'))
2026-01-08 17:31:37 - INFO - [ 9.9977142e-01 -1.3970463e-03  1.3746228e-04  2.2285804e-04
  1.3742317e-04  2.2286177e-04  9.9830943e-01 -1.7888775e-02]
2026-01-08 17:31:37 - INFO - (tensor([[[[0., 1., 1., 0., 0., 1., 1., 1., 0., 1., 0., 1., 0., 1., 1., 1., 1.,
           0., 0.],
          [0., 1., 1., 1., 0., 0., 1., 1., 1., 1., 1., 1., 0., 0., 1., 0., 0.,
           0., 0.],
          [0., 0., 0., 0., 0., 1., 0., 0., 0., 1., 1., 0., 0., 0., 1., 0., 1.,
           0., 1.],
          [0., 0., 0., 0., 0., 0., 1., 0., 0., 0., 1., 1., 1., 0., 0., 0., 0.,
           0., 1.],
          [1., 1., 1., 0., 1., 1., 1., 0., 0., 1., 1., 1., 0., 0., 1., 0., 1.,
           1., 1.],
          [1., 0., 0., 1., 0., 1., 0., 0., 1., 1., 0., 1., 0., 1., 0., 0., 0.,
           1., 1.],
          [0., 0., 1., 1., 0., 1., 1., 0., 0., 1., 0., 0., 0., 0., 1., 1., 1.,
           1., 0.],
          [1., 0., 0., 1., 1., 1., 1., 0., 1., 1., 0., 1., 0., 1., 1., 0., 0.,
           1., 1.],
          [1., 0., 1., 1., 0., 1., 1., 1., 0., 1., 1., 0., 0., 0., 1., 0., 0.,
           1., 1.],
          [1., 0., 0., 1., 1., 0., 1., 0., 1., 1., 0., 1., 1., 0., 0., 1., 1.,
           1., 1.],
          [0., 0., 1., 0., 0., 0., 0., 1., 0., 0., 1., 0., 1., 0., 1., 0., 1.,
           1., 1.],
          [0., 1., 0., 0., 1., 0., 1., 0., 0., 1., 0., 1., 0., 1., 0., 1., 0.,
           1., 1.],
          [0., 1., 0., 0., 1., 0., 0., 1., 0., 1., 0., 0., 1., 1., 0., 0., 0.,
           1., 0.],
          [0., 1., 1., 0., 0., 1., 0., 0., 1., 0., 0., 1., 0., 0., 1., 0., 0.,
           0., 1.],
          [1., 0., 1., 1., 0., 1., 1., 0., 1., 1., 1., 0., 0., 1., 1., 0., 0.,
           1., 0.],
          [1., 1., 0., 1., 0., 1., 0., 0., 1., 0., 0., 1., 0., 0., 0., 0., 0.,
           0., 1.],
          [1., 1., 0., 0., 0., 1., 1., 0., 0., 0., 0., 1., 1., 1., 1., 1., 1.,
           0., 1.],
          [1., 0., 1., 1., 0., 1., 0., 0., 1., 1., 0., 1., 0., 1., 1., 1., 1.,
           1., 1.],
          [1., 1., 1., 1., 1., 1., 0., 1., 0., 0., 0., 1., 1., 1., 1., 1., 1.,
           0., 1.]]]], device='cuda:0'), tensor([[0.0100]], device='cuda:0'))
2026-01-08 17:31:37 - INFO - [ 9.9974692e-01 -1.1690849e-03  1.0989513e-04  3.0293688e-04
  1.0987837e-04  3.0294061e-04  9.9753839e-01 -2.3793424e-02]
2026-01-08 17:31:37 - INFO - (tensor([[[[0., 1., 1., 0., 0., 1., 1., 1., 0., 1., 0., 1., 0., 1., 1., 1., 1.,
           0., 0.],
          [0., 1., 1., 1., 0., 0., 1., 1., 1., 1., 1., 1., 0., 0., 1., 0., 0.,
           0., 0.],
          [0., 0., 0., 0., 0., 1., 0., 0., 0., 1., 1., 0., 0., 0., 1., 0., 1.,
           0., 1.],
          [0., 0., 0., 0., 0., 0., 1., 0., 0., 0., 1., 1., 1., 0., 0., 0., 0.,
           0., 1.],
          [1., 1., 1., 0., 1., 1., 1., 0., 0., 1., 1., 1., 0., 0., 1., 0., 1.,
           1., 1.],
          [1., 0., 0., 1., 0., 1., 0., 0., 1., 1., 0., 1., 0., 1., 0., 0., 0.,
           1., 1.],
          [0., 0., 1., 1., 0., 1., 1., 0., 0., 1., 0., 0., 0., 0., 1., 1., 1.,
           1., 0.],
          [1., 0., 0., 1., 1., 1., 1., 0., 1., 1., 0., 1., 0., 1., 1., 0., 0.,
           1., 1.],
          [1., 0., 1., 1., 0., 1., 1., 1., 0., 1., 1., 0., 0., 0., 1., 0., 0.,
           1., 1.],
          [1., 0., 0., 1., 1., 0., 1., 0., 1., 1., 0., 1., 1., 0., 0., 1., 1.,
           1., 1.],
          [0., 0., 1., 0., 0., 0., 0., 1., 0., 0., 1., 0., 1., 0., 1., 0., 1.,
           1., 1.],
          [0., 1., 0., 0., 1., 0., 1., 0., 0., 1., 0., 1., 0., 1., 0., 1., 0.,
           1., 1.],
          [0., 1., 0., 0., 1., 0., 0., 1., 0., 1., 0., 0., 1., 1., 0., 0., 0.,
           1., 0.],
          [0., 1., 1., 0., 0., 1., 0., 0., 1., 0., 0., 1., 0., 0., 1., 0., 0.,
           0., 1.],
          [1., 0., 1., 1., 0., 1., 1., 0., 1., 1., 1., 0., 0., 1., 1., 0., 0.,
           1., 0.],
          [1., 1., 0., 1., 0., 1., 0., 0., 1., 0., 0., 1., 0., 0., 0., 0., 0.,
           0., 1.],
          [1., 1., 0., 0., 0., 1., 1., 0., 0., 0., 0., 1., 1., 1., 1., 1., 1.,
           0., 1.],
          [1., 0., 1., 1., 0., 1., 0., 0., 1., 1., 0., 1., 0., 1., 1., 1., 1.,
           1., 1.],
          [1., 1., 1., 1., 1., 1., 0., 1., 0., 0., 0., 1., 1., 1., 1., 1., 1.,
           0., 1.]]]], device='cuda:0'), tensor([[0.0134]], device='cuda:0'))
2026-01-08 17:31:37 - INFO - [ 9.99717832e-01 -1.14313839e-03  1.06594525e-04  3.63465369e-04
  1.06600113e-04  3.63465369e-04  9.96553719e-01 -3.07754558e-02]
2026-01-08 17:31:37 - INFO - (tensor([[[[0., 1., 1., 0., 0., 1., 1., 1., 0., 1., 0., 1., 0., 1., 1., 1., 1.,
           0., 0.],
          [0., 1., 1., 1., 0., 0., 1., 1., 1., 1., 1., 1., 0., 0., 1., 0., 0.,
           0., 0.],
          [0., 0., 0., 0., 0., 1., 0., 0., 0., 1., 1., 0., 0., 0., 1., 0., 1.,
           0., 1.],
          [0., 0., 0., 0., 0., 0., 1., 0., 0., 0., 1., 1., 1., 0., 0., 0., 0.,
           0., 1.],
          [1., 1., 1., 0., 1., 1., 1., 0., 0., 1., 1., 1., 0., 0., 1., 0., 1.,
           1., 1.],
          [1., 0., 0., 1., 0., 1., 0., 0., 1., 1., 0., 1., 0., 1., 0., 0., 0.,
           1., 1.],
          [0., 0., 1., 1., 0., 1., 1., 0., 0., 1., 0., 0., 0., 0., 1., 1., 1.,
           1., 0.],
          [1., 0., 0., 1., 1., 1., 1., 0., 1., 1., 0., 1., 0., 1., 1., 0., 0.,
           1., 1.],
          [1., 0., 1., 1., 0., 1., 1., 1., 0., 1., 1., 0., 0., 0., 1., 0., 0.,
           1., 1.],
          [1., 0., 0., 1., 1., 0., 1., 0., 1., 1., 0., 1., 1., 0., 0., 1., 1.,
           1., 1.],
          [0., 0., 1., 0., 0., 0., 0., 1., 0., 0., 1., 0., 1., 0., 1., 0., 1.,
           1., 1.],
          [0., 1., 0., 0., 1., 0., 1., 0., 0., 1., 0., 1., 0., 1., 0., 1., 0.,
           1., 1.],
          [0., 1., 0., 0., 1., 0., 0., 1., 0., 1., 0., 0., 1., 1., 0., 0., 0.,
           1., 0.],
          [0., 1., 1., 0., 0., 1., 0., 0., 1., 0., 0., 1., 0., 0., 1., 0., 0.,
           0., 1.],
          [1., 0., 1., 1., 0., 1., 1., 0., 1., 1., 1., 0., 0., 1., 1., 0., 0.,
           1., 0.],
          [1., 1., 0., 1., 0., 1., 0., 0., 1., 0., 0., 1., 0., 0., 0., 0., 0.,
           0., 1.],
          [1., 1., 0., 0., 0., 1., 1., 0., 0., 0., 0., 1., 1., 1., 1., 1., 1.,
           0., 1.],
          [1., 0., 1., 1., 0., 1., 0., 0., 1., 1., 0., 1., 0., 1., 1., 1., 1.,
           1., 1.],
          [1., 1., 1., 1., 1., 1., 0., 1., 0., 0., 0., 1., 1., 1., 1., 1., 1.,
           0., 1.]]]], device='cuda:0'), tensor([[0.0167]], device='cuda:0'))
2026-01-08 17:31:37 - INFO - [ 9.9969721e-01 -1.3046220e-03  1.8317904e-04  3.4124032e-04
  1.8317718e-04  3.4123659e-04  9.9536973e-01 -3.7307031e-02]
2026-01-08 17:31:37 - INFO - (tensor([[[[0., 1., 1., 0., 0., 1., 1., 1., 0., 1., 0., 1., 0., 1., 1., 1., 1.,
           0., 0.],
          [0., 1., 1., 1., 0., 0., 1., 1., 1., 1., 1., 1., 0., 0., 1., 0., 0.,
           0., 0.],
          [0., 0., 0., 0., 0., 1., 0., 0., 0., 1., 1., 0., 0., 0., 1., 0., 1.,
           0., 1.],
          [0., 0., 0., 0., 0., 0., 1., 0., 0., 0., 1., 1., 1., 0., 0., 0., 0.,
           0., 1.],
          [1., 1., 1., 0., 1., 1., 1., 0., 0., 1., 1., 1., 0., 0., 1., 0., 1.,
           1., 1.],
          [1., 0., 0., 1., 0., 1., 0., 0., 1., 1., 0., 1., 0., 1., 0., 0., 0.,
           1., 1.],
          [0., 0., 1., 1., 0., 1., 1., 0., 0., 1., 0., 0., 0., 0., 1., 1., 1.,
           1., 0.],
          [1., 0., 0., 1., 1., 1., 1., 0., 1., 1., 0., 1., 0., 1., 1., 0., 0.,
           1., 1.],
          [1., 0., 1., 1., 0., 1., 1., 1., 0., 1., 1., 0., 0., 0., 1., 0., 0.,
           1., 1.],
          [1., 0., 0., 1., 1., 0., 1., 0., 1., 1., 0., 1., 1., 0., 0., 1., 1.,
           1., 1.],
          [0., 0., 1., 0., 0., 0., 0., 1., 0., 0., 1., 0., 1., 0., 1., 0., 1.,
           1., 1.],
          [0., 1., 0., 0., 1., 0., 1., 0., 0., 1., 0., 1., 0., 1., 0., 1., 0.,
           1., 1.],
          [0., 1., 0., 0., 1., 0., 0., 1., 0., 1., 0., 0., 1., 1., 0., 0., 0.,
           1., 0.],
          [0., 1., 1., 0., 0., 1., 0., 0., 1., 0., 0., 1., 0., 0., 1., 0., 0.,
           0., 1.],
          [1., 0., 1., 1., 0., 1., 1., 0., 1., 1., 1., 0., 0., 1., 1., 0., 0.,
           1., 0.],
          [1., 1., 0., 1., 0., 1., 0., 0., 1., 0., 0., 1., 0., 0., 0., 0., 0.,
           0., 1.],
          [1., 1., 0., 0., 0., 1., 1., 0., 0., 0., 0., 1., 1., 1., 1., 1., 1.,
           0., 1.],
          [1., 0., 1., 1., 0., 1., 0., 0., 1., 1., 0., 1., 0., 1., 1., 1., 1.,
           1., 1.],
          [1., 1., 1., 1., 1., 1., 0., 1., 0., 0., 0., 1., 1., 1., 1., 1., 1.,
           0., 1.]]]], device='cuda:0'), tensor([[0.0201]], device='cuda:0'))
2026-01-08 17:31:37 - INFO - [ 9.9967879e-01 -1.4207689e-03  2.4694111e-04  3.2912940e-04
  2.4693925e-04  3.2913685e-04  9.9398297e-01 -4.3023981e-02]
2026-01-08 17:31:37 - INFO - (tensor([[[[0., 1., 1., 0., 0., 1., 1., 1., 0., 1., 0., 1., 0., 1., 1., 1., 1.,
           0., 0.],
          [0., 1., 1., 1., 0., 0., 1., 1., 1., 1., 1., 1., 0., 0., 1., 0., 0.,
           0., 0.],
          [0., 0., 0., 0., 0., 1., 0., 0., 0., 1., 1., 0., 0., 0., 1., 0., 1.,
           0., 1.],
          [0., 0., 0., 0., 0., 0., 1., 0., 0., 0., 1., 1., 1., 0., 0., 0., 0.,
           0., 1.],
          [1., 1., 1., 0., 1., 1., 1., 0., 0., 1., 1., 1., 0., 0., 1., 0., 1.,
           1., 1.],
          [1., 0., 0., 1., 0., 1., 0., 0., 1., 1., 0., 1., 0., 1., 0., 0., 0.,
           1., 1.],
          [0., 0., 1., 1., 0., 1., 1., 0., 0., 1., 0., 0., 0., 0., 1., 1., 1.,
           1., 0.],
          [1., 0., 0., 1., 1., 1., 1., 0., 1., 1., 0., 1., 0., 1., 1., 0., 0.,
           1., 1.],
          [1., 0., 1., 1., 0., 1., 1., 1., 0., 1., 1., 0., 0., 0., 1., 0., 0.,
           1., 1.],
          [1., 0., 0., 1., 1., 0., 1., 0., 1., 1., 0., 1., 1., 0., 0., 1., 1.,
           1., 1.],
          [0., 0., 1., 0., 0., 0., 0., 1., 0., 0., 1., 0., 1., 0., 1., 0., 1.,
           1., 1.],
          [0., 1., 0., 0., 1., 0., 1., 0., 0., 1., 0., 1., 0., 1., 0., 1., 0.,
           1., 1.],
          [0., 1., 0., 0., 1., 0., 0., 1., 0., 1., 0., 0., 1., 1., 0., 0., 0.,
           1., 0.],
          [0., 1., 1., 0., 0., 1., 0., 0., 1., 0., 0., 1., 0., 0., 1., 0., 0.,
           0., 1.],
          [1., 0., 1., 1., 0., 1., 1., 0., 1., 1., 1., 0., 0., 1., 1., 0., 0.,
           1., 0.],
          [1., 1., 0., 1., 0., 1., 0., 0., 1., 0., 0., 1., 0., 0., 0., 0., 0.,
           0., 1.],
          [1., 1., 0., 0., 0., 1., 1., 0., 0., 0., 0., 1., 1., 1., 1., 1., 1.,
           0., 1.],
          [1., 0., 1., 1., 0., 1., 0., 0., 1., 1., 0., 1., 0., 1., 1., 1., 1.,
           1., 1.],
          [1., 1., 1., 1., 1., 1., 0., 1., 0., 0., 0., 1., 1., 1., 1., 1., 1.,
           0., 1.]]]], device='cuda:0'), tensor([[0.0234]], device='cuda:0'))
2026-01-08 17:31:37 - INFO - [ 9.9966317e-01 -1.6865677e-03  2.4573412e-04  3.3457577e-04
  2.4574716e-04  3.3456832e-04  9.9219668e-01 -4.8938777e-02]
2026-01-08 17:31:37 - INFO - (tensor([[[[0., 1., 1., 0., 0., 1., 1., 1., 0., 1., 0., 1., 0., 1., 1., 1., 1.,
           0., 0.],
          [0., 1., 1., 1., 0., 0., 1., 1., 1., 1., 1., 1., 0., 0., 1., 0., 0.,
           0., 0.],
          [0., 0., 0., 0., 0., 1., 0., 0., 0., 1., 1., 0., 0., 0., 1., 0., 1.,
           0., 1.],
          [0., 0., 0., 0., 0., 0., 1., 0., 0., 0., 1., 1., 1., 0., 0., 0., 0.,
           0., 1.],
          [1., 1., 1., 0., 1., 1., 1., 0., 0., 1., 1., 1., 0., 0., 1., 0., 1.,
           1., 1.],
          [1., 0., 0., 1., 0., 1., 0., 0., 1., 1., 0., 1., 0., 1., 0., 0., 0.,
           1., 1.],
          [0., 0., 1., 1., 0., 1., 1., 0., 0., 1., 0., 0., 0., 0., 1., 1., 1.,
           1., 0.],
          [1., 0., 0., 1., 1., 1., 1., 0., 1., 1., 0., 1., 0., 1., 1., 0., 0.,
           1., 1.],
          [1., 0., 1., 1., 0., 1., 1., 1., 0., 1., 1., 0., 0., 0., 1., 0., 0.,
           1., 1.],
          [1., 0., 0., 1., 1., 0., 1., 0., 1., 1., 0., 1., 1., 0., 0., 1., 1.,
           1., 1.],
          [0., 0., 1., 0., 0., 0., 0., 1., 0., 0., 1., 0., 1., 0., 1., 0., 1.,
           1., 1.],
          [0., 1., 0., 0., 1., 0., 1., 0., 0., 1., 0., 1., 0., 1., 0., 1., 0.,
           1., 1.],
          [0., 1., 0., 0., 1., 0., 0., 1., 0., 1., 0., 0., 1., 1., 0., 0., 0.,
           1., 0.],
          [0., 1., 1., 0., 0., 1., 0., 0., 1., 0., 0., 1., 0., 0., 1., 0., 0.,
           0., 1.],
          [1., 0., 1., 1., 0., 1., 1., 0., 1., 1., 1., 0., 0., 1., 1., 0., 0.,
           1., 0.],
          [1., 1., 0., 1., 0., 1., 0., 0., 1., 0., 0., 1., 0., 0., 0., 0., 0.,
           0., 1.],
          [1., 1., 0., 0., 0., 1., 1., 0., 0., 0., 0., 1., 1., 1., 1., 1., 1.,
           0., 1.],
          [1., 0., 1., 1., 0., 1., 0., 0., 1., 1., 0., 1., 0., 1., 1., 1., 1.,
           1., 1.],
          [1., 1., 1., 1., 1., 1., 0., 1., 0., 0., 0., 1., 1., 1., 1., 1., 1.,
           0., 1.]]]], device='cuda:0'), tensor([[0.0268]], device='cuda:0'))
2026-01-08 17:31:37 - INFO - [ 9.9964887e-01 -2.0796515e-03  2.2302475e-04  3.5716218e-04
  2.2300798e-04  3.5715845e-04  9.9011648e-01 -5.4457795e-02]
2026-01-08 17:31:37 - INFO - (tensor([[[[0., 1., 1., 0., 0., 1., 1., 1., 0., 1., 0., 1., 0., 1., 1., 1., 1.,
           0., 0.],
          [0., 1., 1., 1., 0., 0., 1., 1., 1., 1., 1., 1., 0., 0., 1., 0., 0.,
           0., 0.],
          [0., 0., 0., 0., 0., 1., 0., 0., 0., 1., 1., 0., 0., 0., 1., 0., 1.,
           0., 1.],
          [0., 0., 0., 0., 0., 0., 1., 0., 0., 0., 1., 1., 1., 0., 0., 0., 0.,
           0., 1.],
          [1., 1., 1., 0., 1., 1., 1., 0., 0., 1., 1., 1., 0., 0., 1., 0., 1.,
           1., 1.],
          [1., 0., 0., 1., 0., 1., 0., 0., 1., 1., 0., 1., 0., 1., 0., 0., 0.,
           1., 1.],
          [0., 0., 1., 1., 0., 1., 1., 0., 0., 1., 0., 0., 0., 0., 1., 1., 1.,
           1., 0.],
          [1., 0., 0., 1., 1., 1., 1., 0., 1., 1., 0., 1., 0., 1., 1., 0., 0.,
           1., 1.],
          [1., 0., 1., 1., 0., 1., 1., 1., 0., 1., 1., 0., 0., 0., 1., 0., 0.,
           1., 1.],
          [1., 0., 0., 1., 1., 0., 1., 0., 1., 1., 0., 1., 1., 0., 0., 1., 1.,
           1., 1.],
          [0., 0., 1., 0., 0., 0., 0., 1., 0., 0., 1., 0., 1., 0., 1., 0., 1.,
           1., 1.],
          [0., 1., 0., 0., 1., 0., 1., 0., 0., 1., 0., 1., 0., 1., 0., 1., 0.,
           1., 1.],
          [0., 1., 0., 0., 1., 0., 0., 1., 0., 1., 0., 0., 1., 1., 0., 0., 0.,
           1., 0.],
          [0., 1., 1., 0., 0., 1., 0., 0., 1., 0., 0., 1., 0., 0., 1., 0., 0.,
           0., 1.],
          [1., 0., 1., 1., 0., 1., 1., 0., 1., 1., 1., 0., 0., 1., 1., 0., 0.,
           1., 0.],
          [1., 1., 0., 1., 0., 1., 0., 0., 1., 0., 0., 1., 0., 0., 0., 0., 0.,
           0., 1.],
          [1., 1., 0., 0., 0., 1., 1., 0., 0., 0., 0., 1., 1., 1., 1., 1., 1.,
           0., 1.],
          [1., 0., 1., 1., 0., 1., 0., 0., 1., 1., 0., 1., 0., 1., 1., 1., 1.,
           1., 1.],
          [1., 1., 1., 1., 1., 1., 0., 1., 0., 0., 0., 1., 1., 1., 1., 1., 1.,
           0., 1.]]]], device='cuda:0'), tensor([[0.0301]], device='cuda:0'))
2026-01-08 17:31:37 - INFO - [ 9.9963206e-01 -2.4234271e-03  1.8083956e-04  5.3348386e-04
  1.8083025e-04  5.3348759e-04  9.8777252e-01 -6.0990915e-02]
2026-01-08 17:31:37 - INFO - (tensor([[[[0., 1., 1., 0., 0., 1., 1., 1., 0., 1., 0., 1., 0., 1., 1., 1., 1.,
           0., 0.],
          [0., 1., 1., 1., 0., 0., 1., 1., 1., 1., 1., 1., 0., 0., 1., 0., 0.,
           0., 0.],
          [0., 0., 0., 0., 0., 1., 0., 0., 0., 1., 1., 0., 0., 0., 1., 0., 1.,
           0., 1.],
          [0., 0., 0., 0., 0., 0., 1., 0., 0., 0., 1., 1., 1., 0., 0., 0., 0.,
           0., 1.],
          [1., 1., 1., 0., 1., 1., 1., 0., 0., 1., 1., 1., 0., 0., 1., 0., 1.,
           1., 1.],
          [1., 0., 0., 1., 0., 1., 0., 0., 1., 1., 0., 1., 0., 1., 0., 0., 0.,
           1., 1.],
          [0., 0., 1., 1., 0., 1., 1., 0., 0., 1., 0., 0., 0., 0., 1., 1., 1.,
           1., 0.],
          [1., 0., 0., 1., 1., 1., 1., 0., 1., 1., 0., 1., 0., 1., 1., 0., 0.,
           1., 1.],
          [1., 0., 1., 1., 0., 1., 1., 1., 0., 1., 1., 0., 0., 0., 1., 0., 0.,
           1., 1.],
          [1., 0., 0., 1., 1., 0., 1., 0., 1., 1., 0., 1., 1., 0., 0., 1., 1.,
           1., 1.],
          [0., 0., 1., 0., 0., 0., 0., 1., 0., 0., 1., 0., 1., 0., 1., 0., 1.,
           1., 1.],
          [0., 1., 0., 0., 1., 0., 1., 0., 0., 1., 0., 1., 0., 1., 0., 1., 0.,
           1., 1.],
          [0., 1., 0., 0., 1., 0., 0., 1., 0., 1., 0., 0., 1., 1., 0., 0., 0.,
           1., 0.],
          [0., 1., 1., 0., 0., 1., 0., 0., 1., 0., 0., 1., 0., 0., 1., 0., 0.,
           0., 1.],
          [1., 0., 1., 1., 0., 1., 1., 0., 1., 1., 1., 0., 0., 1., 1., 0., 0.,
           1., 0.],
          [1., 1., 0., 1., 0., 1., 0., 0., 1., 0., 0., 1., 0., 0., 0., 0., 0.,
           0., 1.],
          [1., 1., 0., 0., 0., 1., 1., 0., 0., 0., 0., 1., 1., 1., 1., 1., 1.,
           0., 1.],
          [1., 0., 1., 1., 0., 1., 0., 0., 1., 1., 0., 1., 0., 1., 1., 1., 1.,
           1., 1.],
          [1., 1., 1., 1., 1., 1., 0., 1., 0., 0., 0., 1., 1., 1., 1., 1., 1.,
           0., 1.]]]], device='cuda:0'), tensor([[0.0334]], device='cuda:0'))
2026-01-08 17:31:37 - INFO - [ 9.99608397e-01 -2.66520050e-03  1.18895434e-04  5.26919903e-04
  1.18893571e-04  5.26927353e-04  9.85300839e-01 -6.63002655e-02]
2026-01-08 17:31:37 - INFO - (tensor([[[[0., 1., 1., 0., 0., 1., 1., 1., 0., 1., 0., 1., 0., 1., 1., 1., 1.,
           0., 0.],
          [0., 1., 1., 1., 0., 0., 1., 1., 1., 1., 1., 1., 0., 0., 1., 0., 0.,
           0., 0.],
          [0., 0., 0., 0., 0., 1., 0., 0., 0., 1., 1., 0., 0., 0., 1., 0., 1.,
           0., 1.],
          [0., 0., 0., 0., 0., 0., 1., 0., 0., 0., 1., 1., 1., 0., 0., 0., 0.,
           0., 1.],
          [1., 1., 1., 0., 1., 1., 1., 0., 0., 1., 1., 1., 0., 0., 1., 0., 1.,
           1., 1.],
          [1., 0., 0., 1., 0., 1., 0., 0., 1., 1., 0., 1., 0., 1., 0., 0., 0.,
           1., 1.],
          [0., 0., 1., 1., 0., 1., 1., 0., 0., 1., 0., 0., 0., 0., 1., 1., 1.,
           1., 0.],
          [1., 0., 0., 1., 1., 1., 1., 0., 1., 1., 0., 1., 0., 1., 1., 0., 0.,
           1., 1.],
          [1., 0., 1., 1., 0., 1., 1., 1., 0., 1., 1., 0., 0., 0., 1., 0., 0.,
           1., 1.],
          [1., 0., 0., 1., 1., 0., 1., 0., 1., 1., 0., 1., 1., 0., 0., 1., 1.,
           1., 1.],
          [0., 0., 1., 0., 0., 0., 0., 1., 0., 0., 1., 0., 1., 0., 1., 0., 1.,
           1., 1.],
          [0., 1., 0., 0., 1., 0., 1., 0., 0., 1., 0., 1., 0., 1., 0., 1., 0.,
           1., 1.],
          [0., 1., 0., 0., 1., 0., 0., 1., 0., 1., 0., 0., 1., 1., 0., 0., 0.,
           1., 0.],
          [0., 1., 1., 0., 0., 1., 0., 0., 1., 0., 0., 1., 0., 0., 1., 0., 0.,
           0., 1.],
          [1., 0., 1., 1., 0., 1., 1., 0., 1., 1., 1., 0., 0., 1., 1., 0., 0.,
           1., 0.],
          [1., 1., 0., 1., 0., 1., 0., 0., 1., 0., 0., 1., 0., 0., 0., 0., 0.,
           0., 1.],
          [1., 1., 0., 0., 0., 1., 1., 0., 0., 0., 0., 1., 1., 1., 1., 1., 1.,
           0., 1.],
          [1., 0., 1., 1., 0., 1., 0., 0., 1., 1., 0., 1., 0., 1., 1., 1., 1.,
           1., 1.],
          [1., 1., 1., 1., 1., 1., 0., 1., 0., 0., 0., 1., 1., 1., 1., 1., 1.,
           0., 1.]]]], device='cuda:0'), tensor([[0.0368]], device='cuda:0'))
2026-01-08 17:31:37 - INFO - [ 9.9957961e-01 -2.8635222e-03  6.6637062e-05  5.5253872e-04
  6.6635199e-05  5.5253872e-04  9.8254043e-01 -7.1568668e-02]
2026-01-08 17:31:38 - INFO - (tensor([[[[0., 1., 1., 0., 0., 1., 1., 1., 0., 1., 0., 1., 0., 1., 1., 1., 1.,
           0., 0.],
          [0., 1., 1., 1., 0., 0., 1., 1., 1., 1., 1., 1., 0., 0., 1., 0., 0.,
           0., 0.],
          [0., 0., 0., 0., 0., 1., 0., 0., 0., 1., 1., 0., 0., 0., 1., 0., 1.,
           0., 1.],
          [0., 0., 0., 0., 0., 0., 1., 0., 0., 0., 1., 1., 1., 0., 0., 0., 0.,
           0., 1.],
          [1., 1., 1., 0., 1., 1., 1., 0., 0., 1., 1., 1., 0., 0., 1., 0., 1.,
           1., 1.],
          [1., 0., 0., 1., 0., 1., 0., 0., 1., 1., 0., 1., 0., 1., 0., 0., 0.,
           1., 1.],
          [0., 0., 1., 1., 0., 1., 1., 0., 0., 1., 0., 0., 0., 0., 1., 1., 1.,
           1., 0.],
          [1., 0., 0., 1., 1., 1., 1., 0., 1., 1., 0., 1., 0., 1., 1., 0., 0.,
           1., 1.],
          [1., 0., 1., 1., 0., 1., 1., 1., 0., 1., 1., 0., 0., 0., 1., 0., 0.,
           1., 1.],
          [1., 0., 0., 1., 1., 0., 1., 0., 1., 1., 0., 1., 1., 0., 0., 1., 1.,
           1., 1.],
          [0., 0., 1., 0., 0., 0., 0., 1., 0., 0., 1., 0., 1., 0., 1., 0., 1.,
           1., 1.],
          [0., 1., 0., 0., 1., 0., 1., 0., 0., 1., 0., 1., 0., 1., 0., 1., 0.,
           1., 1.],
          [0., 1., 0., 0., 1., 0., 0., 1., 0., 1., 0., 0., 1., 1., 0., 0., 0.,
           1., 0.],
          [0., 1., 1., 0., 0., 1., 0., 0., 1., 0., 0., 1., 0., 0., 1., 0., 0.,
           0., 1.],
          [1., 0., 1., 1., 0., 1., 1., 0., 1., 1., 1., 0., 0., 1., 1., 0., 0.,
           1., 0.],
          [1., 1., 0., 1., 0., 1., 0., 0., 1., 0., 0., 1., 0., 0., 0., 0., 0.,
           0., 1.],
          [1., 1., 0., 0., 0., 1., 1., 0., 0., 0., 0., 1., 1., 1., 1., 1., 1.,
           0., 1.],
          [1., 0., 1., 1., 0., 1., 0., 0., 1., 1., 0., 1., 0., 1., 1., 1., 1.,
           1., 1.],
          [1., 1., 1., 1., 1., 1., 0., 1., 0., 0., 0., 1., 1., 1., 1., 1., 1.,
           0., 1.]]]], device='cuda:0'), tensor([[0.0401]], device='cuda:0'))
2026-01-08 17:31:38 - INFO - [ 9.9955285e-01 -3.1386698e-03  5.6951307e-05  7.0131186e-04
  5.6949444e-05  7.0131558e-04  9.8017335e-01 -7.6246679e-02]
2026-01-08 17:31:38 - INFO - (tensor([[[[0., 1., 1., 0., 0., 1., 1., 1., 0., 1., 0., 1., 0., 1., 1., 1., 1.,
           0., 0.],
          [0., 1., 1., 1., 0., 0., 1., 1., 1., 1., 1., 1., 0., 0., 1., 0., 0.,
           0., 0.],
          [0., 0., 0., 0., 0., 1., 0., 0., 0., 1., 1., 0., 0., 0., 1., 0., 1.,
           0., 1.],
          [0., 0., 0., 0., 0., 0., 1., 0., 0., 0., 1., 1., 1., 0., 0., 0., 0.,
           0., 1.],
          [1., 1., 1., 0., 1., 1., 1., 0., 0., 1., 1., 1., 0., 0., 1., 0., 1.,
           1., 1.],
          [1., 0., 0., 1., 0., 1., 0., 0., 1., 1., 0., 1., 0., 1., 0., 0., 0.,
           1., 1.],
          [0., 0., 1., 1., 0., 1., 1., 0., 0., 1., 0., 0., 0., 0., 1., 1., 1.,
           1., 0.],
          [1., 0., 0., 1., 1., 1., 1., 0., 1., 1., 0., 1., 0., 1., 1., 0., 0.,
           1., 1.],
          [1., 0., 1., 1., 0., 1., 1., 1., 0., 1., 1., 0., 0., 0., 1., 0., 0.,
           1., 1.],
          [1., 0., 0., 1., 1., 0., 1., 0., 1., 1., 0., 1., 1., 0., 0., 1., 1.,
           1., 1.],
          [0., 0., 1., 0., 0., 0., 0., 1., 0., 0., 1., 0., 1., 0., 1., 0., 1.,
           1., 1.],
          [0., 1., 0., 0., 1., 0., 1., 0., 0., 1., 0., 1., 0., 1., 0., 1., 0.,
           1., 1.],
          [0., 1., 0., 0., 1., 0., 0., 1., 0., 1., 0., 0., 1., 1., 0., 0., 0.,
           1., 0.],
          [0., 1., 1., 0., 0., 1., 0., 0., 1., 0., 0., 1., 0., 0., 1., 0., 0.,
           0., 1.],
          [1., 0., 1., 1., 0., 1., 1., 0., 1., 1., 1., 0., 0., 1., 1., 0., 0.,
           1., 0.],
          [1., 1., 0., 1., 0., 1., 0., 0., 1., 0., 0., 1., 0., 0., 0., 0., 0.,
           0., 1.],
          [1., 1., 0., 0., 0., 1., 1., 0., 0., 0., 0., 1., 1., 1., 1., 1., 1.,
           0., 1.],
          [1., 0., 1., 1., 0., 1., 0., 0., 1., 1., 0., 1., 0., 1., 1., 1., 1.,
           1., 1.],
          [1., 1., 1., 1., 1., 1., 0., 1., 0., 0., 0., 1., 1., 1., 1., 1., 1.,
           0., 1.]]]], device='cuda:0'), tensor([[0.0435]], device='cuda:0'))
2026-01-08 17:31:38 - INFO - [ 9.9951953e-01 -3.5103601e-03  3.6052428e-05  9.3109504e-04
  3.6058016e-05  9.3109877e-04  9.7771990e-01 -8.1511132e-02]
2026-01-08 17:31:38 - INFO - (tensor([[[[0., 1., 1., 0., 0., 1., 1., 1., 0., 1., 0., 1., 0., 1., 1., 1., 1.,
           0., 0.],
          [0., 1., 1., 1., 0., 0., 1., 1., 1., 1., 1., 1., 0., 0., 1., 0., 0.,
           0., 0.],
          [0., 0., 0., 0., 0., 1., 0., 0., 0., 1., 1., 0., 0., 0., 1., 0., 1.,
           0., 1.],
          [0., 0., 0., 0., 0., 0., 1., 0., 0., 0., 1., 1., 1., 0., 0., 0., 0.,
           0., 1.],
          [1., 1., 1., 0., 1., 1., 1., 0., 0., 1., 1., 1., 0., 0., 1., 0., 1.,
           1., 1.],
          [1., 0., 0., 1., 0., 1., 0., 0., 1., 1., 0., 1., 0., 1., 0., 0., 0.,
           1., 1.],
          [0., 0., 1., 1., 0., 1., 1., 0., 0., 1., 0., 0., 0., 0., 1., 1., 1.,
           1., 0.],
          [1., 0., 0., 1., 1., 1., 1., 0., 1., 1., 0., 1., 0., 1., 1., 0., 0.,
           1., 1.],
          [1., 0., 1., 1., 0., 1., 1., 1., 0., 1., 1., 0., 0., 0., 1., 0., 0.,
           1., 1.],
          [1., 0., 0., 1., 1., 0., 1., 0., 1., 1., 0., 1., 1., 0., 0., 1., 1.,
           1., 1.],
          [0., 0., 1., 0., 0., 0., 0., 1., 0., 0., 1., 0., 1., 0., 1., 0., 1.,
           1., 1.],
          [0., 1., 0., 0., 1., 0., 1., 0., 0., 1., 0., 1., 0., 1., 0., 1., 0.,
           1., 1.],
          [0., 1., 0., 0., 1., 0., 0., 1., 0., 1., 0., 0., 1., 1., 0., 0., 0.,
           1., 0.],
          [0., 1., 1., 0., 0., 1., 0., 0., 1., 0., 0., 1., 0., 0., 1., 0., 0.,
           0., 1.],
          [1., 0., 1., 1., 0., 1., 1., 0., 1., 1., 1., 0., 0., 1., 1., 0., 0.,
           1., 0.],
          [1., 1., 0., 1., 0., 1., 0., 0., 1., 0., 0., 1., 0., 0., 0., 0., 0.,
           0., 1.],
          [1., 1., 0., 0., 0., 1., 1., 0., 0., 0., 0., 1., 1., 1., 1., 1., 1.,
           0., 1.],
          [1., 0., 1., 1., 0., 1., 0., 0., 1., 1., 0., 1., 0., 1., 1., 1., 1.,
           1., 1.],
          [1., 1., 1., 1., 1., 1., 0., 1., 0., 0., 0., 1., 1., 1., 1., 1., 1.,
           0., 1.]]]], device='cuda:0'), tensor([[0.0468]], device='cuda:0'))
2026-01-08 17:31:38 - INFO - [ 9.9949342e-01 -3.7919027e-03  2.1896325e-05  1.1140923e-03
  2.1901913e-05  1.1140923e-03  9.7559816e-01 -8.5835300e-02]
2026-01-08 17:31:38 - INFO - (tensor([[[[0., 1., 1., 0., 0., 1., 1., 1., 0., 1., 0., 1., 0., 1., 1., 1., 1.,
           0., 0.],
          [0., 1., 1., 1., 0., 0., 1., 1., 1., 1., 1., 1., 0., 0., 1., 0., 0.,
           0., 0.],
          [0., 0., 0., 0., 0., 1., 0., 0., 0., 1., 1., 0., 0., 0., 1., 0., 1.,
           0., 1.],
          [0., 0., 0., 0., 0., 0., 1., 0., 0., 0., 1., 1., 1., 0., 0., 0., 0.,
           0., 1.],
          [1., 1., 1., 0., 1., 1., 1., 0., 0., 1., 1., 1., 0., 0., 1., 0., 1.,
           1., 1.],
          [1., 0., 0., 1., 0., 1., 0., 0., 1., 1., 0., 1., 0., 1., 0., 0., 0.,
           1., 1.],
          [0., 0., 1., 1., 0., 1., 1., 0., 0., 1., 0., 0., 0., 0., 1., 1., 1.,
           1., 0.],
          [1., 0., 0., 1., 1., 1., 1., 0., 1., 1., 0., 1., 0., 1., 1., 0., 0.,
           1., 1.],
          [1., 0., 1., 1., 0., 1., 1., 1., 0., 1., 1., 0., 0., 0., 1., 0., 0.,
           1., 1.],
          [1., 0., 0., 1., 1., 0., 1., 0., 1., 1., 0., 1., 1., 0., 0., 1., 1.,
           1., 1.],
          [0., 0., 1., 0., 0., 0., 0., 1., 0., 0., 1., 0., 1., 0., 1., 0., 1.,
           1., 1.],
          [0., 1., 0., 0., 1., 0., 1., 0., 0., 1., 0., 1., 0., 1., 0., 1., 0.,
           1., 1.],
          [0., 1., 0., 0., 1., 0., 0., 1., 0., 1., 0., 0., 1., 1., 0., 0., 0.,
           1., 0.],
          [0., 1., 1., 0., 0., 1., 0., 0., 1., 0., 0., 1., 0., 0., 1., 0., 0.,
           0., 1.],
          [1., 0., 1., 1., 0., 1., 1., 0., 1., 1., 1., 0., 0., 1., 1., 0., 0.,
           1., 0.],
          [1., 1., 0., 1., 0., 1., 0., 0., 1., 0., 0., 1., 0., 0., 0., 0., 0.,
           0., 1.],
          [1., 1., 0., 0., 0., 1., 1., 0., 0., 0., 0., 1., 1., 1., 1., 1., 1.,
           0., 1.],
          [1., 0., 1., 1., 0., 1., 0., 0., 1., 1., 0., 1., 0., 1., 1., 1., 1.,
           1., 1.],
          [1., 1., 1., 1., 1., 1., 0., 1., 0., 0., 0., 1., 1., 1., 1., 1., 1.,
           0., 1.]]]], device='cuda:0'), tensor([[0.0502]], device='cuda:0'))
2026-01-08 17:31:38 - INFO - [ 9.9946809e-01 -4.0520020e-03  7.8370795e-06  1.2879625e-03
  7.8352168e-06  1.2879663e-03  9.7335052e-01 -9.0000562e-02]
2026-01-08 17:31:38 - INFO - (tensor([[[[0., 1., 1., 0., 0., 1., 1., 1., 0., 1., 0., 1., 0., 1., 1., 1., 1.,
           0., 0.],
          [0., 1., 1., 1., 0., 0., 1., 1., 1., 1., 1., 1., 0., 0., 1., 0., 0.,
           0., 0.],
          [0., 0., 0., 0., 0., 1., 0., 0., 0., 1., 1., 0., 0., 0., 1., 0., 1.,
           0., 1.],
          [0., 0., 0., 0., 0., 0., 1., 0., 0., 0., 1., 1., 1., 0., 0., 0., 0.,
           0., 1.],
          [1., 1., 1., 0., 1., 1., 1., 0., 0., 1., 1., 1., 0., 0., 1., 0., 1.,
           1., 1.],
          [1., 0., 0., 1., 0., 1., 0., 0., 1., 1., 0., 1., 0., 1., 0., 0., 0.,
           1., 1.],
          [0., 0., 1., 1., 0., 1., 1., 0., 0., 1., 0., 0., 0., 0., 1., 1., 1.,
           1., 0.],
          [1., 0., 0., 1., 1., 1., 1., 0., 1., 1., 0., 1., 0., 1., 1., 0., 0.,
           1., 1.],
          [1., 0., 1., 1., 0., 1., 1., 1., 0., 1., 1., 0., 0., 0., 1., 0., 0.,
           1., 1.],
          [1., 0., 0., 1., 1., 0., 1., 0., 1., 1., 0., 1., 1., 0., 0., 1., 1.,
           1., 1.],
          [0., 0., 1., 0., 0., 0., 0., 1., 0., 0., 1., 0., 1., 0., 1., 0., 1.,
           1., 1.],
          [0., 1., 0., 0., 1., 0., 1., 0., 0., 1., 0., 1., 0., 1., 0., 1., 0.,
           1., 1.],
          [0., 1., 0., 0., 1., 0., 0., 1., 0., 1., 0., 0., 1., 1., 0., 0., 0.,
           1., 0.],
          [0., 1., 1., 0., 0., 1., 0., 0., 1., 0., 0., 1., 0., 0., 1., 0., 0.,
           0., 1.],
          [1., 0., 1., 1., 0., 1., 1., 0., 1., 1., 1., 0., 0., 1., 1., 0., 0.,
           1., 0.],
          [1., 1., 0., 1., 0., 1., 0., 0., 1., 0., 0., 1., 0., 0., 0., 0., 0.,
           0., 1.],
          [1., 1., 0., 0., 0., 1., 1., 0., 0., 0., 0., 1., 1., 1., 1., 1., 1.,
           0., 1.],
          [1., 0., 1., 1., 0., 1., 0., 0., 1., 1., 0., 1., 0., 1., 1., 1., 1.,
           1., 1.],
          [1., 1., 1., 1., 1., 1., 0., 1., 0., 0., 0., 1., 1., 1., 1., 1., 1.,
           0., 1.]]]], device='cuda:0'), tensor([[0.0535]], device='cuda:0'))
2026-01-08 17:31:38 - INFO - [ 9.9944365e-01 -4.2815059e-03 -9.8207965e-06  1.4352342e-03
 -9.8152086e-06  1.4352342e-03  9.7089732e-01 -9.4038151e-02]
2026-01-08 17:31:38 - INFO - (tensor([[[[0., 1., 1., 0., 0., 1., 1., 1., 0., 1., 0., 1., 0., 1., 1., 1., 1.,
           0., 0.],
          [0., 1., 1., 1., 0., 0., 1., 1., 1., 1., 1., 1., 0., 0., 1., 0., 0.,
           0., 0.],
          [0., 0., 0., 0., 0., 1., 0., 0., 0., 1., 1., 0., 0., 0., 1., 0., 1.,
           0., 1.],
          [0., 0., 0., 0., 0., 0., 1., 0., 0., 0., 1., 1., 1., 0., 0., 0., 0.,
           0., 1.],
          [1., 1., 1., 0., 1., 1., 1., 0., 0., 1., 1., 1., 0., 0., 1., 0., 1.,
           1., 1.],
          [1., 0., 0., 1., 0., 1., 0., 0., 1., 1., 0., 1., 0., 1., 0., 0., 0.,
           1., 1.],
          [0., 0., 1., 1., 0., 1., 1., 0., 0., 1., 0., 0., 0., 0., 1., 1., 1.,
           1., 0.],
          [1., 0., 0., 1., 1., 1., 1., 0., 1., 1., 0., 1., 0., 1., 1., 0., 0.,
           1., 1.],
          [1., 0., 1., 1., 0., 1., 1., 1., 0., 1., 1., 0., 0., 0., 1., 0., 0.,
           1., 1.],
          [1., 0., 0., 1., 1., 0., 1., 0., 1., 1., 0., 1., 1., 0., 0., 1., 1.,
           1., 1.],
          [0., 0., 1., 0., 0., 0., 0., 1., 0., 0., 1., 0., 1., 0., 1., 0., 1.,
           1., 1.],
          [0., 1., 0., 0., 1., 0., 1., 0., 0., 1., 0., 1., 0., 1., 0., 1., 0.,
           1., 1.],
          [0., 1., 0., 0., 1., 0., 0., 1., 0., 1., 0., 0., 1., 1., 0., 0., 0.,
           1., 0.],
          [0., 1., 1., 0., 0., 1., 0., 0., 1., 0., 0., 1., 0., 0., 1., 0., 0.,
           0., 1.],
          [1., 0., 1., 1., 0., 1., 1., 0., 1., 1., 1., 0., 0., 1., 1., 0., 0.,
           1., 0.],
          [1., 1., 0., 1., 0., 1., 0., 0., 1., 0., 0., 1., 0., 0., 0., 0., 0.,
           0., 1.],
          [1., 1., 0., 0., 0., 1., 1., 0., 0., 0., 0., 1., 1., 1., 1., 1., 1.,
           0., 1.],
          [1., 0., 1., 1., 0., 1., 0., 0., 1., 1., 0., 1., 0., 1., 1., 1., 1.,
           1., 1.],
          [1., 1., 1., 1., 1., 1., 0., 1., 0., 0., 0., 1., 1., 1., 1., 1., 1.,
           0., 1.]]]], device='cuda:0'), tensor([[0.0569]], device='cuda:0'))
2026-01-08 17:31:38 - INFO - [ 9.9942166e-01 -4.4729672e-03 -3.6627986e-05  1.5466312e-03
 -3.6629848e-05  1.5466349e-03  9.6821767e-01 -9.7673617e-02]
2026-01-08 17:31:38 - INFO - (tensor([[[[0., 1., 1., 0., 0., 1., 1., 1., 0., 1., 0., 1., 0., 1., 1., 1., 1.,
           0., 0.],
          [0., 1., 1., 1., 0., 0., 1., 1., 1., 1., 1., 1., 0., 0., 1., 0., 0.,
           0., 0.],
          [0., 0., 0., 0., 0., 1., 0., 0., 0., 1., 1., 0., 0., 0., 1., 0., 1.,
           0., 1.],
          [0., 0., 0., 0., 0., 0., 1., 0., 0., 0., 1., 1., 1., 0., 0., 0., 0.,
           0., 1.],
          [1., 1., 1., 0., 1., 1., 1., 0., 0., 1., 1., 1., 0., 0., 1., 0., 1.,
           1., 1.],
          [1., 0., 0., 1., 0., 1., 0., 0., 1., 1., 0., 1., 0., 1., 0., 0., 0.,
           1., 1.],
          [0., 0., 1., 1., 0., 1., 1., 0., 0., 1., 0., 0., 0., 0., 1., 1., 1.,
           1., 0.],
          [1., 0., 0., 1., 1., 1., 1., 0., 1., 1., 0., 1., 0., 1., 1., 0., 0.,
           1., 1.],
          [1., 0., 1., 1., 0., 1., 1., 1., 0., 1., 1., 0., 0., 0., 1., 0., 0.,
           1., 1.],
          [1., 0., 0., 1., 1., 0., 1., 0., 1., 1., 0., 1., 1., 0., 0., 1., 1.,
           1., 1.],
          [0., 0., 1., 0., 0., 0., 0., 1., 0., 0., 1., 0., 1., 0., 1., 0., 1.,
           1., 1.],
          [0., 1., 0., 0., 1., 0., 1., 0., 0., 1., 0., 1., 0., 1., 0., 1., 0.,
           1., 1.],
          [0., 1., 0., 0., 1., 0., 0., 1., 0., 1., 0., 0., 1., 1., 0., 0., 0.,
           1., 0.],
          [0., 1., 1., 0., 0., 1., 0., 0., 1., 0., 0., 1., 0., 0., 1., 0., 0.,
           0., 1.],
          [1., 0., 1., 1., 0., 1., 1., 0., 1., 1., 1., 0., 0., 1., 1., 0., 0.,
           1., 0.],
          [1., 1., 0., 1., 0., 1., 0., 0., 1., 0., 0., 1., 0., 0., 0., 0., 0.,
           0., 1.],
          [1., 1., 0., 0., 0., 1., 1., 0., 0., 0., 0., 1., 1., 1., 1., 1., 1.,
           0., 1.],
          [1., 0., 1., 1., 0., 1., 0., 0., 1., 1., 0., 1., 0., 1., 1., 1., 1.,
           1., 1.],
          [1., 1., 1., 1., 1., 1., 0., 1., 0., 0., 0., 1., 1., 1., 1., 1., 1.,
           0., 1.]]]], device='cuda:0'), tensor([[0.0602]], device='cuda:0'))
2026-01-08 17:31:38 - INFO - [ 9.9939781e-01 -4.6610162e-03 -6.2608160e-05  1.6412943e-03
 -6.2610023e-05  1.6412943e-03  9.6539944e-01 -1.0103446e-01]
2026-01-08 17:31:38 - INFO - (tensor([[[[0., 1., 1., 0., 0., 1., 1., 1., 0., 1., 0., 1., 0., 1., 1., 1., 1.,
           0., 0.],
          [0., 1., 1., 1., 0., 0., 1., 1., 1., 1., 1., 1., 0., 0., 1., 0., 0.,
           0., 0.],
          [0., 0., 0., 0., 0., 1., 0., 0., 0., 1., 1., 0., 0., 0., 1., 0., 1.,
           0., 1.],
          [0., 0., 0., 0., 0., 0., 1., 0., 0., 0., 1., 1., 1., 0., 0., 0., 0.,
           0., 1.],
          [1., 1., 1., 0., 1., 1., 1., 0., 0., 1., 1., 1., 0., 0., 1., 0., 1.,
           1., 1.],
          [1., 0., 0., 1., 0., 1., 0., 0., 1., 1., 0., 1., 0., 1., 0., 0., 0.,
           1., 1.],
          [0., 0., 1., 1., 0., 1., 1., 0., 0., 1., 0., 0., 0., 0., 1., 1., 1.,
           1., 0.],
          [1., 0., 0., 1., 1., 1., 1., 0., 1., 1., 0., 1., 0., 1., 1., 0., 0.,
           1., 1.],
          [1., 0., 1., 1., 0., 1., 1., 1., 0., 1., 1., 0., 0., 0., 1., 0., 0.,
           1., 1.],
          [1., 0., 0., 1., 1., 0., 1., 0., 1., 1., 0., 1., 1., 0., 0., 1., 1.,
           1., 1.],
          [0., 0., 1., 0., 0., 0., 0., 1., 0., 0., 1., 0., 1., 0., 1., 0., 1.,
           1., 1.],
          [0., 1., 0., 0., 1., 0., 1., 0., 0., 1., 0., 1., 0., 1., 0., 1., 0.,
           1., 1.],
          [0., 1., 0., 0., 1., 0., 0., 1., 0., 1., 0., 0., 1., 1., 0., 0., 0.,
           1., 0.],
          [0., 1., 1., 0., 0., 1., 0., 0., 1., 0., 0., 1., 0., 0., 1., 0., 0.,
           0., 1.],
          [1., 0., 1., 1., 0., 1., 1., 0., 1., 1., 1., 0., 0., 1., 1., 0., 0.,
           1., 0.],
          [1., 1., 0., 1., 0., 1., 0., 0., 1., 0., 0., 1., 0., 0., 0., 0., 0.,
           0., 1.],
          [1., 1., 0., 0., 0., 1., 1., 0., 0., 0., 0., 1., 1., 1., 1., 1., 1.,
           0., 1.],
          [1., 0., 1., 1., 0., 1., 0., 0., 1., 1., 0., 1., 0., 1., 1., 1., 1.,
           1., 1.],
          [1., 1., 1., 1., 1., 1., 0., 1., 0., 0., 0., 1., 1., 1., 1., 1., 1.,
           0., 1.]]]], device='cuda:0'), tensor([[0.0635]], device='cuda:0'))
2026-01-08 17:31:38 - INFO - [ 9.9937361e-01 -4.8264302e-03 -8.9944340e-05  1.7306601e-03
 -8.9953654e-05  1.7306638e-03  9.6223968e-01 -1.0449443e-01]
2026-01-08 17:31:38 - INFO - (tensor([[[[0., 1., 1., 0., 0., 1., 1., 1., 0., 1., 0., 1., 0., 1., 1., 1., 1.,
           0., 0.],
          [0., 1., 1., 1., 0., 0., 1., 1., 1., 1., 1., 1., 0., 0., 1., 0., 0.,
           0., 0.],
          [0., 0., 0., 0., 0., 1., 0., 0., 0., 1., 1., 0., 0., 0., 1., 0., 1.,
           0., 1.],
          [0., 0., 0., 0., 0., 0., 1., 0., 0., 0., 1., 1., 1., 0., 0., 0., 0.,
           0., 1.],
          [1., 1., 1., 0., 1., 1., 1., 0., 0., 1., 1., 1., 0., 0., 1., 0., 1.,
           1., 1.],
          [1., 0., 0., 1., 0., 1., 0., 0., 1., 1., 0., 1., 0., 1., 0., 0., 0.,
           1., 1.],
          [0., 0., 1., 1., 0., 1., 1., 0., 0., 1., 0., 0., 0., 0., 1., 1., 1.,
           1., 0.],
          [1., 0., 0., 1., 1., 1., 1., 0., 1., 1., 0., 1., 0., 1., 1., 0., 0.,
           1., 1.],
          [1., 0., 1., 1., 0., 1., 1., 1., 0., 1., 1., 0., 0., 0., 1., 0., 0.,
           1., 1.],
          [1., 0., 0., 1., 1., 0., 1., 0., 1., 1., 0., 1., 1., 0., 0., 1., 1.,
           1., 1.],
          [0., 0., 1., 0., 0., 0., 0., 1., 0., 0., 1., 0., 1., 0., 1., 0., 1.,
           1., 1.],
          [0., 1., 0., 0., 1., 0., 1., 0., 0., 1., 0., 1., 0., 1., 0., 1., 0.,
           1., 1.],
          [0., 1., 0., 0., 1., 0., 0., 1., 0., 1., 0., 0., 1., 1., 0., 0., 0.,
           1., 0.],
          [0., 1., 1., 0., 0., 1., 0., 0., 1., 0., 0., 1., 0., 0., 1., 0., 0.,
           0., 1.],
          [1., 0., 1., 1., 0., 1., 1., 0., 1., 1., 1., 0., 0., 1., 1., 0., 0.,
           1., 0.],
          [1., 1., 0., 1., 0., 1., 0., 0., 1., 0., 0., 1., 0., 0., 0., 0., 0.,
           0., 1.],
          [1., 1., 0., 0., 0., 1., 1., 0., 0., 0., 0., 1., 1., 1., 1., 1., 1.,
           0., 1.],
          [1., 0., 1., 1., 0., 1., 0., 0., 1., 1., 0., 1., 0., 1., 1., 1., 1.,
           1., 1.],
          [1., 1., 1., 1., 1., 1., 0., 1., 0., 0., 0., 1., 1., 1., 1., 1., 1.,
           0., 1.]]]], device='cuda:0'), tensor([[0.0669]], device='cuda:0'))
2026-01-08 17:31:38 - INFO - [ 9.9934500e-01 -4.9982290e-03 -1.2005214e-04  1.8170940e-03
 -1.2003910e-04  1.8170978e-03  9.5876580e-01 -1.0793335e-01]
2026-01-08 17:31:38 - INFO - (tensor([[[[0., 1., 1., 0., 0., 1., 1., 1., 0., 1., 0., 1., 0., 1., 1., 1., 1.,
           0., 0.],
          [0., 1., 1., 1., 0., 0., 1., 1., 1., 1., 1., 1., 0., 0., 1., 0., 0.,
           0., 0.],
          [0., 0., 0., 0., 0., 1., 0., 0., 0., 1., 1., 0., 0., 0., 1., 0., 1.,
           0., 1.],
          [0., 0., 0., 0., 0., 0., 1., 0., 0., 0., 1., 1., 1., 0., 0., 0., 0.,
           0., 1.],
          [1., 1., 1., 0., 1., 1., 1., 0., 0., 1., 1., 1., 0., 0., 1., 0., 1.,
           1., 1.],
          [1., 0., 0., 1., 0., 1., 0., 0., 1., 1., 0., 1., 0., 1., 0., 0., 0.,
           1., 1.],
          [0., 0., 1., 1., 0., 1., 1., 0., 0., 1., 0., 0., 0., 0., 1., 1., 1.,
           1., 0.],
          [1., 0., 0., 1., 1., 1., 1., 0., 1., 1., 0., 1., 0., 1., 1., 0., 0.,
           1., 1.],
          [1., 0., 1., 1., 0., 1., 1., 1., 0., 1., 1., 0., 0., 0., 1., 0., 0.,
           1., 1.],
          [1., 0., 0., 1., 1., 0., 1., 0., 1., 1., 0., 1., 1., 0., 0., 1., 1.,
           1., 1.],
          [0., 0., 1., 0., 0., 0., 0., 1., 0., 0., 1., 0., 1., 0., 1., 0., 1.,
           1., 1.],
          [0., 1., 0., 0., 1., 0., 1., 0., 0., 1., 0., 1., 0., 1., 0., 1., 0.,
           1., 1.],
          [0., 1., 0., 0., 1., 0., 0., 1., 0., 1., 0., 0., 1., 1., 0., 0., 0.,
           1., 0.],
          [0., 1., 1., 0., 0., 1., 0., 0., 1., 0., 0., 1., 0., 0., 1., 0., 0.,
           0., 1.],
          [1., 0., 1., 1., 0., 1., 1., 0., 1., 1., 1., 0., 0., 1., 1., 0., 0.,
           1., 0.],
          [1., 1., 0., 1., 0., 1., 0., 0., 1., 0., 0., 1., 0., 0., 0., 0., 0.,
           0., 1.],
          [1., 1., 0., 0., 0., 1., 1., 0., 0., 0., 0., 1., 1., 1., 1., 1., 1.,
           0., 1.],
          [1., 0., 1., 1., 0., 1., 0., 0., 1., 1., 0., 1., 0., 1., 1., 1., 1.,
           1., 1.],
          [1., 1., 1., 1., 1., 1., 0., 1., 0., 0., 0., 1., 1., 1., 1., 1., 1.,
           0., 1.]]]], device='cuda:0'), tensor([[0.0702]], device='cuda:0'))
2026-01-08 17:31:38 - INFO - [ 9.9931890e-01 -5.1355022e-03 -1.4463160e-04  1.9022166e-03
 -1.4464092e-04  1.9022129e-03  9.5519310e-01 -1.1089199e-01]
2026-01-08 17:31:38 - INFO - (tensor([[[[0., 1., 1., 0., 0., 1., 1., 1., 0., 1., 0., 1., 0., 1., 1., 1., 1.,
           0., 0.],
          [0., 1., 1., 1., 0., 0., 1., 1., 1., 1., 1., 1., 0., 0., 1., 0., 0.,
           0., 0.],
          [0., 0., 0., 0., 0., 1., 0., 0., 0., 1., 1., 0., 0., 0., 1., 0., 1.,
           0., 1.],
          [0., 0., 0., 0., 0., 0., 1., 0., 0., 0., 1., 1., 1., 0., 0., 0., 0.,
           0., 1.],
          [1., 1., 1., 0., 1., 1., 1., 0., 0., 1., 1., 1., 0., 0., 1., 0., 1.,
           1., 1.],
          [1., 0., 0., 1., 0., 1., 0., 0., 1., 1., 0., 1., 0., 1., 0., 0., 0.,
           1., 1.],
          [0., 0., 1., 1., 0., 1., 1., 0., 0., 1., 0., 0., 0., 0., 1., 1., 1.,
           1., 0.],
          [1., 0., 0., 1., 1., 1., 1., 0., 1., 1., 0., 1., 0., 1., 1., 0., 0.,
           1., 1.],
          [1., 0., 1., 1., 0., 1., 1., 1., 0., 1., 1., 0., 0., 0., 1., 0., 0.,
           1., 1.],
          [1., 0., 0., 1., 1., 0., 1., 0., 1., 1., 0., 1., 1., 0., 0., 1., 1.,
           1., 1.],
          [0., 0., 1., 0., 0., 0., 0., 1., 0., 0., 1., 0., 1., 0., 1., 0., 1.,
           1., 1.],
          [0., 1., 0., 0., 1., 0., 1., 0., 0., 1., 0., 1., 0., 1., 0., 1., 0.,
           1., 1.],
          [0., 1., 0., 0., 1., 0., 0., 1., 0., 1., 0., 0., 1., 1., 0., 0., 0.,
           1., 0.],
          [0., 1., 1., 0., 0., 1., 0., 0., 1., 0., 0., 1., 0., 0., 1., 0., 0.,
           0., 1.],
          [1., 0., 1., 1., 0., 1., 1., 0., 1., 1., 1., 0., 0., 1., 1., 0., 0.,
           1., 0.],
          [1., 1., 0., 1., 0., 1., 0., 0., 1., 0., 0., 1., 0., 0., 0., 0., 0.,
           0., 1.],
          [1., 1., 0., 0., 0., 1., 1., 0., 0., 0., 0., 1., 1., 1., 1., 1., 1.,
           0., 1.],
          [1., 0., 1., 1., 0., 1., 0., 0., 1., 1., 0., 1., 0., 1., 1., 1., 1.,
           1., 1.],
          [1., 1., 1., 1., 1., 1., 0., 1., 0., 0., 0., 1., 1., 1., 1., 1., 1.,
           0., 1.]]]], device='cuda:0'), tensor([[0.0736]], device='cuda:0'))
2026-01-08 17:31:38 - INFO - [ 9.9929285e-01 -5.2904068e-03 -1.8972252e-04  1.9667384e-03
 -1.8972438e-04  1.9667346e-03  9.5122808e-01 -1.1401380e-01]
2026-01-08 17:31:38 - INFO - (tensor([[[[0., 1., 1., 0., 0., 1., 1., 1., 0., 1., 0., 1., 0., 1., 1., 1., 1.,
           0., 0.],
          [0., 1., 1., 1., 0., 0., 1., 1., 1., 1., 1., 1., 0., 0., 1., 0., 0.,
           0., 0.],
          [0., 0., 0., 0., 0., 1., 0., 0., 0., 1., 1., 0., 0., 0., 1., 0., 1.,
           0., 1.],
          [0., 0., 0., 0., 0., 0., 1., 0., 0., 0., 1., 1., 1., 0., 0., 0., 0.,
           0., 1.],
          [1., 1., 1., 0., 1., 1., 1., 0., 0., 1., 1., 1., 0., 0., 1., 0., 1.,
           1., 1.],
          [1., 0., 0., 1., 0., 1., 0., 0., 1., 1., 0., 1., 0., 1., 0., 0., 0.,
           1., 1.],
          [0., 0., 1., 1., 0., 1., 1., 0., 0., 1., 0., 0., 0., 0., 1., 1., 1.,
           1., 0.],
          [1., 0., 0., 1., 1., 1., 1., 0., 1., 1., 0., 1., 0., 1., 1., 0., 0.,
           1., 1.],
          [1., 0., 1., 1., 0., 1., 1., 1., 0., 1., 1., 0., 0., 0., 1., 0., 0.,
           1., 1.],
          [1., 0., 0., 1., 1., 0., 1., 0., 1., 1., 0., 1., 1., 0., 0., 1., 1.,
           1., 1.],
          [0., 0., 1., 0., 0., 0., 0., 1., 0., 0., 1., 0., 1., 0., 1., 0., 1.,
           1., 1.],
          [0., 1., 0., 0., 1., 0., 1., 0., 0., 1., 0., 1., 0., 1., 0., 1., 0.,
           1., 1.],
          [0., 1., 0., 0., 1., 0., 0., 1., 0., 1., 0., 0., 1., 1., 0., 0., 0.,
           1., 0.],
          [0., 1., 1., 0., 0., 1., 0., 0., 1., 0., 0., 1., 0., 0., 1., 0., 0.,
           0., 1.],
          [1., 0., 1., 1., 0., 1., 1., 0., 1., 1., 1., 0., 0., 1., 1., 0., 0.,
           1., 0.],
          [1., 1., 0., 1., 0., 1., 0., 0., 1., 0., 0., 1., 0., 0., 0., 0., 0.,
           0., 1.],
          [1., 1., 0., 0., 0., 1., 1., 0., 0., 0., 0., 1., 1., 1., 1., 1., 1.,
           0., 1.],
          [1., 0., 1., 1., 0., 1., 0., 0., 1., 1., 0., 1., 0., 1., 1., 1., 1.,
           1., 1.],
          [1., 1., 1., 1., 1., 1., 0., 1., 0., 0., 0., 1., 1., 1., 1., 1., 1.,
           0., 1.]]]], device='cuda:0'), tensor([[0.0769]], device='cuda:0'))
2026-01-08 17:31:38 - INFO - [ 9.9926347e-01 -5.5288742e-03 -2.6669446e-04  2.0196186e-03
 -2.6669633e-04  2.0196186e-03  9.4669187e-01 -1.1752896e-01]
2026-01-08 17:31:38 - INFO - (tensor([[[[0., 1., 1., 0., 0., 1., 1., 1., 0., 1., 0., 1., 0., 1., 1., 1., 1.,
           0., 0.],
          [0., 1., 1., 1., 0., 0., 1., 1., 1., 1., 1., 1., 0., 0., 1., 0., 0.,
           0., 0.],
          [0., 0., 0., 0., 0., 1., 0., 0., 0., 1., 1., 0., 0., 0., 1., 0., 1.,
           0., 1.],
          [0., 0., 0., 0., 0., 0., 1., 0., 0., 0., 1., 1., 1., 0., 0., 0., 0.,
           0., 1.],
          [1., 1., 1., 0., 1., 1., 1., 0., 0., 1., 1., 1., 0., 0., 1., 0., 1.,
           1., 1.],
          [1., 0., 0., 1., 0., 1., 0., 0., 1., 1., 0., 1., 0., 1., 0., 0., 0.,
           1., 1.],
          [0., 0., 1., 1., 0., 1., 1., 0., 0., 1., 0., 0., 0., 0., 1., 1., 1.,
           1., 0.],
          [1., 0., 0., 1., 1., 1., 1., 0., 1., 1., 0., 1., 0., 1., 1., 0., 0.,
           1., 1.],
          [1., 0., 1., 1., 0., 1., 1., 1., 0., 1., 1., 0., 0., 0., 1., 0., 0.,
           1., 1.],
          [1., 0., 0., 1., 1., 0., 1., 0., 1., 1., 0., 1., 1., 0., 0., 1., 1.,
           1., 1.],
          [0., 0., 1., 0., 0., 0., 0., 1., 0., 0., 1., 0., 1., 0., 1., 0., 1.,
           1., 1.],
          [0., 1., 0., 0., 1., 0., 1., 0., 0., 1., 0., 1., 0., 1., 0., 1., 0.,
           1., 1.],
          [0., 1., 0., 0., 1., 0., 0., 1., 0., 1., 0., 0., 1., 1., 0., 0., 0.,
           1., 0.],
          [0., 1., 1., 0., 0., 1., 0., 0., 1., 0., 0., 1., 0., 0., 1., 0., 0.,
           0., 1.],
          [1., 0., 1., 1., 0., 1., 1., 0., 1., 1., 1., 0., 0., 1., 1., 0., 0.,
           1., 0.],
          [1., 1., 0., 1., 0., 1., 0., 0., 1., 0., 0., 1., 0., 0., 0., 0., 0.,
           0., 1.],
          [1., 1., 0., 0., 0., 1., 1., 0., 0., 0., 0., 1., 1., 1., 1., 1., 1.,
           0., 1.],
          [1., 0., 1., 1., 0., 1., 0., 0., 1., 1., 0., 1., 0., 1., 1., 1., 1.,
           1., 1.],
          [1., 1., 1., 1., 1., 1., 0., 1., 0., 0., 0., 1., 1., 1., 1., 1., 1.,
           0., 1.]]]], device='cuda:0'), tensor([[0.0803]], device='cuda:0'))
2026-01-08 17:31:38 - INFO - [ 9.9924320e-01 -5.8617555e-03 -3.5351605e-04  2.0865805e-03
 -3.5352536e-04  2.0865842e-03  9.4266891e-01 -1.2050175e-01]
2026-01-08 17:31:38 - INFO - (tensor([[[[0., 1., 1., 0., 0., 1., 1., 1., 0., 1., 0., 1., 0., 1., 1., 1., 1.,
           0., 0.],
          [0., 1., 1., 1., 0., 0., 1., 1., 1., 1., 1., 1., 0., 0., 1., 0., 0.,
           0., 0.],
          [0., 0., 0., 0., 0., 1., 0., 0., 0., 1., 1., 0., 0., 0., 1., 0., 1.,
           0., 1.],
          [0., 0., 0., 0., 0., 0., 1., 0., 0., 0., 1., 1., 1., 0., 0., 0., 0.,
           0., 1.],
          [1., 1., 1., 0., 1., 1., 1., 0., 0., 1., 1., 1., 0., 0., 1., 0., 1.,
           1., 1.],
          [1., 0., 0., 1., 0., 1., 0., 0., 1., 1., 0., 1., 0., 1., 0., 0., 0.,
           1., 1.],
          [0., 0., 1., 1., 0., 1., 1., 0., 0., 1., 0., 0., 0., 0., 1., 1., 1.,
           1., 0.],
          [1., 0., 0., 1., 1., 1., 1., 0., 1., 1., 0., 1., 0., 1., 1., 0., 0.,
           1., 1.],
          [1., 0., 1., 1., 0., 1., 1., 1., 0., 1., 1., 0., 0., 0., 1., 0., 0.,
           1., 1.],
          [1., 0., 0., 1., 1., 0., 1., 0., 1., 1., 0., 1., 1., 0., 0., 1., 1.,
           1., 1.],
          [0., 0., 1., 0., 0., 0., 0., 1., 0., 0., 1., 0., 1., 0., 1., 0., 1.,
           1., 1.],
          [0., 1., 0., 0., 1., 0., 1., 0., 0., 1., 0., 1., 0., 1., 0., 1., 0.,
           1., 1.],
          [0., 1., 0., 0., 1., 0., 0., 1., 0., 1., 0., 0., 1., 1., 0., 0., 0.,
           1., 0.],
          [0., 1., 1., 0., 0., 1., 0., 0., 1., 0., 0., 1., 0., 0., 1., 0., 0.,
           0., 1.],
          [1., 0., 1., 1., 0., 1., 1., 0., 1., 1., 1., 0., 0., 1., 1., 0., 0.,
           1., 0.],
          [1., 1., 0., 1., 0., 1., 0., 0., 1., 0., 0., 1., 0., 0., 0., 0., 0.,
           0., 1.],
          [1., 1., 0., 0., 0., 1., 1., 0., 0., 0., 0., 1., 1., 1., 1., 1., 1.,
           0., 1.],
          [1., 0., 1., 1., 0., 1., 0., 0., 1., 1., 0., 1., 0., 1., 1., 1., 1.,
           1., 1.],
          [1., 1., 1., 1., 1., 1., 0., 1., 0., 0., 0., 1., 1., 1., 1., 1., 1.,
           0., 1.]]]], device='cuda:0'), tensor([[0.0836]], device='cuda:0'))
2026-01-08 17:31:38 - INFO - [ 9.99235272e-01 -6.17922796e-03 -4.23186430e-04  2.19301903e-03
 -4.23195743e-04  2.19302648e-03  9.39645469e-01 -1.23299934e-01]
2026-01-08 17:31:38 - INFO - (tensor([[[[0., 1., 1., 0., 0., 1., 1., 1., 0., 1., 0., 1., 0., 1., 1., 1., 1.,
           0., 0.],
          [0., 1., 1., 1., 0., 0., 1., 1., 1., 1., 1., 1., 0., 0., 1., 0., 0.,
           0., 0.],
          [0., 0., 0., 0., 0., 1., 0., 0., 0., 1., 1., 0., 0., 0., 1., 0., 1.,
           0., 1.],
          [0., 0., 0., 0., 0., 0., 1., 0., 0., 0., 1., 1., 1., 0., 0., 0., 0.,
           0., 1.],
          [1., 1., 1., 0., 1., 1., 1., 0., 0., 1., 1., 1., 0., 0., 1., 0., 1.,
           1., 1.],
          [1., 0., 0., 1., 0., 1., 0., 0., 1., 1., 0., 1., 0., 1., 0., 0., 0.,
           1., 1.],
          [0., 0., 1., 1., 0., 1., 1., 0., 0., 1., 0., 0., 0., 0., 1., 1., 1.,
           1., 0.],
          [1., 0., 0., 1., 1., 1., 1., 0., 1., 1., 0., 1., 0., 1., 1., 0., 0.,
           1., 1.],
          [1., 0., 1., 1., 0., 1., 1., 1., 0., 1., 1., 0., 0., 0., 1., 0., 0.,
           1., 1.],
          [1., 0., 0., 1., 1., 0., 1., 0., 1., 1., 0., 1., 1., 0., 0., 1., 1.,
           1., 1.],
          [0., 0., 1., 0., 0., 0., 0., 1., 0., 0., 1., 0., 1., 0., 1., 0., 1.,
           1., 1.],
          [0., 1., 0., 0., 1., 0., 1., 0., 0., 1., 0., 1., 0., 1., 0., 1., 0.,
           1., 1.],
          [0., 1., 0., 0., 1., 0., 0., 1., 0., 1., 0., 0., 1., 1., 0., 0., 0.,
           1., 0.],
          [0., 1., 1., 0., 0., 1., 0., 0., 1., 0., 0., 1., 0., 0., 1., 0., 0.,
           0., 1.],
          [1., 0., 1., 1., 0., 1., 1., 0., 1., 1., 1., 0., 0., 1., 1., 0., 0.,
           1., 0.],
          [1., 1., 0., 1., 0., 1., 0., 0., 1., 0., 0., 1., 0., 0., 0., 0., 0.,
           0., 1.],
          [1., 1., 0., 0., 0., 1., 1., 0., 0., 0., 0., 1., 1., 1., 1., 1., 1.,
           0., 1.],
          [1., 0., 1., 1., 0., 1., 0., 0., 1., 1., 0., 1., 0., 1., 1., 1., 1.,
           1., 1.],
          [1., 1., 1., 1., 1., 1., 0., 1., 0., 0., 0., 1., 1., 1., 1., 1., 1.,
           0., 1.]]]], device='cuda:0'), tensor([[0.0870]], device='cuda:0'))
2026-01-08 17:31:38 - INFO - [ 9.9923211e-01 -6.4444952e-03 -4.6116204e-04  2.3448463e-03
 -4.6116390e-04  2.3448537e-03  9.3645877e-01 -1.2623402e-01]
2026-01-08 17:31:38 - INFO - (tensor([[[[0., 1., 1., 0., 0., 1., 1., 1., 0., 1., 0., 1., 0., 1., 1., 1., 1.,
           0., 0.],
          [0., 1., 1., 1., 0., 0., 1., 1., 1., 1., 1., 1., 0., 0., 1., 0., 0.,
           0., 0.],
          [0., 0., 0., 0., 0., 1., 0., 0., 0., 1., 1., 0., 0., 0., 1., 0., 1.,
           0., 1.],
          [0., 0., 0., 0., 0., 0., 1., 0., 0., 0., 1., 1., 1., 0., 0., 0., 0.,
           0., 1.],
          [1., 1., 1., 0., 1., 1., 1., 0., 0., 1., 1., 1., 0., 0., 1., 0., 1.,
           1., 1.],
          [1., 0., 0., 1., 0., 1., 0., 0., 1., 1., 0., 1., 0., 1., 0., 0., 0.,
           1., 1.],
          [0., 0., 1., 1., 0., 1., 1., 0., 0., 1., 0., 0., 0., 0., 1., 1., 1.,
           1., 0.],
          [1., 0., 0., 1., 1., 1., 1., 0., 1., 1., 0., 1., 0., 1., 1., 0., 0.,
           1., 1.],
          [1., 0., 1., 1., 0., 1., 1., 1., 0., 1., 1., 0., 0., 0., 1., 0., 0.,
           1., 1.],
          [1., 0., 0., 1., 1., 0., 1., 0., 1., 1., 0., 1., 1., 0., 0., 1., 1.,
           1., 1.],
          [0., 0., 1., 0., 0., 0., 0., 1., 0., 0., 1., 0., 1., 0., 1., 0., 1.,
           1., 1.],
          [0., 1., 0., 0., 1., 0., 1., 0., 0., 1., 0., 1., 0., 1., 0., 1., 0.,
           1., 1.],
          [0., 1., 0., 0., 1., 0., 0., 1., 0., 1., 0., 0., 1., 1., 0., 0., 0.,
           1., 0.],
          [0., 1., 1., 0., 0., 1., 0., 0., 1., 0., 0., 1., 0., 0., 1., 0., 0.,
           0., 1.],
          [1., 0., 1., 1., 0., 1., 1., 0., 1., 1., 1., 0., 0., 1., 1., 0., 0.,
           1., 0.],
          [1., 1., 0., 1., 0., 1., 0., 0., 1., 0., 0., 1., 0., 0., 0., 0., 0.,
           0., 1.],
          [1., 1., 0., 0., 0., 1., 1., 0., 0., 0., 0., 1., 1., 1., 1., 1., 1.,
           0., 1.],
          [1., 0., 1., 1., 0., 1., 0., 0., 1., 1., 0., 1., 0., 1., 1., 1., 1.,
           1., 1.],
          [1., 1., 1., 1., 1., 1., 0., 1., 0., 0., 0., 1., 1., 1., 1., 1., 1.,
           0., 1.]]]], device='cuda:0'), tensor([[0.0903]], device='cuda:0'))
2026-01-08 17:31:38 - INFO - [ 9.9923134e-01 -6.7073032e-03 -4.9029378e-04  2.5477353e-03
 -4.9030309e-04  2.5477391e-03  9.3297130e-01 -1.2923765e-01]
2026-01-08 17:31:38 - INFO - (tensor([[[[0., 1., 1., 0., 0., 1., 1., 1., 0., 1., 0., 1., 0., 1., 1., 1., 1.,
           0., 0.],
          [0., 1., 1., 1., 0., 0., 1., 1., 1., 1., 1., 1., 0., 0., 1., 0., 0.,
           0., 0.],
          [0., 0., 0., 0., 0., 1., 0., 0., 0., 1., 1., 0., 0., 0., 1., 0., 1.,
           0., 1.],
          [0., 0., 0., 0., 0., 0., 1., 0., 0., 0., 1., 1., 1., 0., 0., 0., 0.,
           0., 1.],
          [1., 1., 1., 0., 1., 1., 1., 0., 0., 1., 1., 1., 0., 0., 1., 0., 1.,
           1., 1.],
          [1., 0., 0., 1., 0., 1., 0., 0., 1., 1., 0., 1., 0., 1., 0., 0., 0.,
           1., 1.],
          [0., 0., 1., 1., 0., 1., 1., 0., 0., 1., 0., 0., 0., 0., 1., 1., 1.,
           1., 0.],
          [1., 0., 0., 1., 1., 1., 1., 0., 1., 1., 0., 1., 0., 1., 1., 0., 0.,
           1., 1.],
          [1., 0., 1., 1., 0., 1., 1., 1., 0., 1., 1., 0., 0., 0., 1., 0., 0.,
           1., 1.],
          [1., 0., 0., 1., 1., 0., 1., 0., 1., 1., 0., 1., 1., 0., 0., 1., 1.,
           1., 1.],
          [0., 0., 1., 0., 0., 0., 0., 1., 0., 0., 1., 0., 1., 0., 1., 0., 1.,
           1., 1.],
          [0., 1., 0., 0., 1., 0., 1., 0., 0., 1., 0., 1., 0., 1., 0., 1., 0.,
           1., 1.],
          [0., 1., 0., 0., 1., 0., 0., 1., 0., 1., 0., 0., 1., 1., 0., 0., 0.,
           1., 0.],
          [0., 1., 1., 0., 0., 1., 0., 0., 1., 0., 0., 1., 0., 0., 1., 0., 0.,
           0., 1.],
          [1., 0., 1., 1., 0., 1., 1., 0., 1., 1., 1., 0., 0., 1., 1., 0., 0.,
           1., 0.],
          [1., 1., 0., 1., 0., 1., 0., 0., 1., 0., 0., 1., 0., 0., 0., 0., 0.,
           0., 1.],
          [1., 1., 0., 0., 0., 1., 1., 0., 0., 0., 0., 1., 1., 1., 1., 1., 1.,
           0., 1.],
          [1., 0., 1., 1., 0., 1., 0., 0., 1., 1., 0., 1., 0., 1., 1., 1., 1.,
           1., 1.],
          [1., 1., 1., 1., 1., 1., 0., 1., 0., 0., 0., 1., 1., 1., 1., 1., 1.,
           0., 1.]]]], device='cuda:0'), tensor([[0.0936]], device='cuda:0'))
2026-01-08 17:31:38 - INFO - [ 9.9922025e-01 -6.9601717e-03 -5.2204070e-04  2.7263693e-03
 -5.2205002e-04  2.7263693e-03  9.2974007e-01 -1.3202153e-01]
2026-01-08 17:31:38 - INFO - (tensor([[[[0., 1., 1., 0., 0., 1., 1., 1., 0., 1., 0., 1., 0., 1., 1., 1., 1.,
           0., 0.],
          [0., 1., 1., 1., 0., 0., 1., 1., 1., 1., 1., 1., 0., 0., 1., 0., 0.,
           0., 0.],
          [0., 0., 0., 0., 0., 1., 0., 0., 0., 1., 1., 0., 0., 0., 1., 0., 1.,
           0., 1.],
          [0., 0., 0., 0., 0., 0., 1., 0., 0., 0., 1., 1., 1., 0., 0., 0., 0.,
           0., 1.],
          [1., 1., 1., 0., 1., 1., 1., 0., 0., 1., 1., 1., 0., 0., 1., 0., 1.,
           1., 1.],
          [1., 0., 0., 1., 0., 1., 0., 0., 1., 1., 0., 1., 0., 1., 0., 0., 0.,
           1., 1.],
          [0., 0., 1., 1., 0., 1., 1., 0., 0., 1., 0., 0., 0., 0., 1., 1., 1.,
           1., 0.],
          [1., 0., 0., 1., 1., 1., 1., 0., 1., 1., 0., 1., 0., 1., 1., 0., 0.,
           1., 1.],
          [1., 0., 1., 1., 0., 1., 1., 1., 0., 1., 1., 0., 0., 0., 1., 0., 0.,
           1., 1.],
          [1., 0., 0., 1., 1., 0., 1., 0., 1., 1., 0., 1., 1., 0., 0., 1., 1.,
           1., 1.],
          [0., 0., 1., 0., 0., 0., 0., 1., 0., 0., 1., 0., 1., 0., 1., 0., 1.,
           1., 1.],
          [0., 1., 0., 0., 1., 0., 1., 0., 0., 1., 0., 1., 0., 1., 0., 1., 0.,
           1., 1.],
          [0., 1., 0., 0., 1., 0., 0., 1., 0., 1., 0., 0., 1., 1., 0., 0., 0.,
           1., 0.],
          [0., 1., 1., 0., 0., 1., 0., 0., 1., 0., 0., 1., 0., 0., 1., 0., 0.,
           0., 1.],
          [1., 0., 1., 1., 0., 1., 1., 0., 1., 1., 1., 0., 0., 1., 1., 0., 0.,
           1., 0.],
          [1., 1., 0., 1., 0., 1., 0., 0., 1., 0., 0., 1., 0., 0., 0., 0., 0.,
           0., 1.],
          [1., 1., 0., 0., 0., 1., 1., 0., 0., 0., 0., 1., 1., 1., 1., 1., 1.,
           0., 1.],
          [1., 0., 1., 1., 0., 1., 0., 0., 1., 1., 0., 1., 0., 1., 1., 1., 1.,
           1., 1.],
          [1., 1., 1., 1., 1., 1., 0., 1., 0., 0., 0., 1., 1., 1., 1., 1., 1.,
           0., 1.]]]], device='cuda:0'), tensor([[0.0970]], device='cuda:0'))
2026-01-08 17:31:38 - INFO - [ 9.9919200e-01 -7.2652386e-03 -5.5989710e-04  2.9333932e-03
 -5.5989897e-04  2.9333970e-03  9.2631555e-01 -1.3489613e-01]
2026-01-08 17:31:38 - INFO - (tensor([[[[0., 1., 1., 0., 0., 1., 1., 1., 0., 1., 0., 1., 0., 1., 1., 1., 1.,
           0., 0.],
          [0., 1., 1., 1., 0., 0., 1., 1., 1., 1., 1., 1., 0., 0., 1., 0., 0.,
           0., 0.],
          [0., 0., 0., 0., 0., 1., 0., 0., 0., 1., 1., 0., 0., 0., 1., 0., 1.,
           0., 1.],
          [0., 0., 0., 0., 0., 0., 1., 0., 0., 0., 1., 1., 1., 0., 0., 0., 0.,
           0., 1.],
          [1., 1., 1., 0., 1., 1., 1., 0., 0., 1., 1., 1., 0., 0., 1., 0., 1.,
           1., 1.],
          [1., 0., 0., 1., 0., 1., 0., 0., 1., 1., 0., 1., 0., 1., 0., 0., 0.,
           1., 1.],
          [0., 0., 1., 1., 0., 1., 1., 0., 0., 1., 0., 0., 0., 0., 1., 1., 1.,
           1., 0.],
          [1., 0., 0., 1., 1., 1., 1., 0., 1., 1., 0., 1., 0., 1., 1., 0., 0.,
           1., 1.],
          [1., 0., 1., 1., 0., 1., 1., 1., 0., 1., 1., 0., 0., 0., 1., 0., 0.,
           1., 1.],
          [1., 0., 0., 1., 1., 0., 1., 0., 1., 1., 0., 1., 1., 0., 0., 1., 1.,
           1., 1.],
          [0., 0., 1., 0., 0., 0., 0., 1., 0., 0., 1., 0., 1., 0., 1., 0., 1.,
           1., 1.],
          [0., 1., 0., 0., 1., 0., 1., 0., 0., 1., 0., 1., 0., 1., 0., 1., 0.,
           1., 1.],
          [0., 1., 0., 0., 1., 0., 0., 1., 0., 1., 0., 0., 1., 1., 0., 0., 0.,
           1., 0.],
          [0., 1., 1., 0., 0., 1., 0., 0., 1., 0., 0., 1., 0., 0., 1., 0., 0.,
           0., 1.],
          [1., 0., 1., 1., 0., 1., 1., 0., 1., 1., 1., 0., 0., 1., 1., 0., 0.,
           1., 0.],
          [1., 1., 0., 1., 0., 1., 0., 0., 1., 0., 0., 1., 0., 0., 0., 0., 0.,
           0., 1.],
          [1., 1., 0., 0., 0., 1., 1., 0., 0., 0., 0., 1., 1., 1., 1., 1., 1.,
           0., 1.],
          [1., 0., 1., 1., 0., 1., 0., 0., 1., 1., 0., 1., 0., 1., 1., 1., 1.,
           1., 1.],
          [1., 1., 1., 1., 1., 1., 0., 1., 0., 0., 0., 1., 1., 1., 1., 1., 1.,
           0., 1.]]]], device='cuda:0'), tensor([[0.1003]], device='cuda:0'))
2026-01-08 17:31:38 - INFO - [ 9.9916542e-01 -7.5302711e-03 -5.8766542e-04  3.1279856e-03
 -5.8765238e-04  3.1279782e-03  9.2303717e-01 -1.3754496e-01]
2026-01-08 17:31:38 - INFO - (tensor([[[[0., 1., 1., 0., 0., 1., 1., 1., 0., 1., 0., 1., 0., 1., 1., 1., 1.,
           0., 0.],
          [0., 1., 1., 1., 0., 0., 1., 1., 1., 1., 1., 1., 0., 0., 1., 0., 0.,
           0., 0.],
          [0., 0., 0., 0., 0., 1., 0., 0., 0., 1., 1., 0., 0., 0., 1., 0., 1.,
           0., 1.],
          [0., 0., 0., 0., 0., 0., 1., 0., 0., 0., 1., 1., 1., 0., 0., 0., 0.,
           0., 1.],
          [1., 1., 1., 0., 1., 1., 1., 0., 0., 1., 1., 1., 0., 0., 1., 0., 1.,
           1., 1.],
          [1., 0., 0., 1., 0., 1., 0., 0., 1., 1., 0., 1., 0., 1., 0., 0., 0.,
           1., 1.],
          [0., 0., 1., 1., 0., 1., 1., 0., 0., 1., 0., 0., 0., 0., 1., 1., 1.,
           1., 0.],
          [1., 0., 0., 1., 1., 1., 1., 0., 1., 1., 0., 1., 0., 1., 1., 0., 0.,
           1., 1.],
          [1., 0., 1., 1., 0., 1., 1., 1., 0., 1., 1., 0., 0., 0., 1., 0., 0.,
           1., 1.],
          [1., 0., 0., 1., 1., 0., 1., 0., 1., 1., 0., 1., 1., 0., 0., 1., 1.,
           1., 1.],
          [0., 0., 1., 0., 0., 0., 0., 1., 0., 0., 1., 0., 1., 0., 1., 0., 1.,
           1., 1.],
          [0., 1., 0., 0., 1., 0., 1., 0., 0., 1., 0., 1., 0., 1., 0., 1., 0.,
           1., 1.],
          [0., 1., 0., 0., 1., 0., 0., 1., 0., 1., 0., 0., 1., 1., 0., 0., 0.,
           1., 0.],
          [0., 1., 1., 0., 0., 1., 0., 0., 1., 0., 0., 1., 0., 0., 1., 0., 0.,
           0., 1.],
          [1., 0., 1., 1., 0., 1., 1., 0., 1., 1., 1., 0., 0., 1., 1., 0., 0.,
           1., 0.],
          [1., 1., 0., 1., 0., 1., 0., 0., 1., 0., 0., 1., 0., 0., 0., 0., 0.,
           0., 1.],
          [1., 1., 0., 0., 0., 1., 1., 0., 0., 0., 0., 1., 1., 1., 1., 1., 1.,
           0., 1.],
          [1., 0., 1., 1., 0., 1., 0., 0., 1., 1., 0., 1., 0., 1., 1., 1., 1.,
           1., 1.],
          [1., 1., 1., 1., 1., 1., 0., 1., 0., 0., 0., 1., 1., 1., 1., 1., 1.,
           0., 1.]]]], device='cuda:0'), tensor([[0.1037]], device='cuda:0'))
2026-01-08 17:31:38 - INFO - [ 9.9914342e-01 -7.6874360e-03 -6.2975375e-04  3.2192692e-03
 -6.2976306e-04  3.2192729e-03  9.2019099e-01 -1.3947350e-01]
2026-01-08 17:31:38 - INFO - (tensor([[[[0., 1., 1., 0., 0., 1., 1., 1., 0., 1., 0., 1., 0., 1., 1., 1., 1.,
           0., 0.],
          [0., 1., 1., 1., 0., 0., 1., 1., 1., 1., 1., 1., 0., 0., 1., 0., 0.,
           0., 0.],
          [0., 0., 0., 0., 0., 1., 0., 0., 0., 1., 1., 0., 0., 0., 1., 0., 1.,
           0., 1.],
          [0., 0., 0., 0., 0., 0., 1., 0., 0., 0., 1., 1., 1., 0., 0., 0., 0.,
           0., 1.],
          [1., 1., 1., 0., 1., 1., 1., 0., 0., 1., 1., 1., 0., 0., 1., 0., 1.,
           1., 1.],
          [1., 0., 0., 1., 0., 1., 0., 0., 1., 1., 0., 1., 0., 1., 0., 0., 0.,
           1., 1.],
          [0., 0., 1., 1., 0., 1., 1., 0., 0., 1., 0., 0., 0., 0., 1., 1., 1.,
           1., 0.],
          [1., 0., 0., 1., 1., 1., 1., 0., 1., 1., 0., 1., 0., 1., 1., 0., 0.,
           1., 1.],
          [1., 0., 1., 1., 0., 1., 1., 1., 0., 1., 1., 0., 0., 0., 1., 0., 0.,
           1., 1.],
          [1., 0., 0., 1., 1., 0., 1., 0., 1., 1., 0., 1., 1., 0., 0., 1., 1.,
           1., 1.],
          [0., 0., 1., 0., 0., 0., 0., 1., 0., 0., 1., 0., 1., 0., 1., 0., 1.,
           1., 1.],
          [0., 1., 0., 0., 1., 0., 1., 0., 0., 1., 0., 1., 0., 1., 0., 1., 0.,
           1., 1.],
          [0., 1., 0., 0., 1., 0., 0., 1., 0., 1., 0., 0., 1., 1., 0., 0., 0.,
           1., 0.],
          [0., 1., 1., 0., 0., 1., 0., 0., 1., 0., 0., 1., 0., 0., 1., 0., 0.,
           0., 1.],
          [1., 0., 1., 1., 0., 1., 1., 0., 1., 1., 1., 0., 0., 1., 1., 0., 0.,
           1., 0.],
          [1., 1., 0., 1., 0., 1., 0., 0., 1., 0., 0., 1., 0., 0., 0., 0., 0.,
           0., 1.],
          [1., 1., 0., 0., 0., 1., 1., 0., 0., 0., 0., 1., 1., 1., 1., 1., 1.,
           0., 1.],
          [1., 0., 1., 1., 0., 1., 0., 0., 1., 1., 0., 1., 0., 1., 1., 1., 1.,
           1., 1.],
          [1., 1., 1., 1., 1., 1., 0., 1., 0., 0., 0., 1., 1., 1., 1., 1., 1.,
           0., 1.]]]], device='cuda:0'), tensor([[0.1070]], device='cuda:0'))
2026-01-08 17:31:38 - INFO - [ 9.9912357e-01 -7.8150155e-03 -6.7847304e-04  3.2775323e-03
 -6.7845255e-04  3.2775360e-03  9.1751838e-01 -1.4109363e-01]
2026-01-08 17:31:38 - INFO - (tensor([[[[0., 1., 1., 0., 0., 1., 1., 1., 0., 1., 0., 1., 0., 1., 1., 1., 1.,
           0., 0.],
          [0., 1., 1., 1., 0., 0., 1., 1., 1., 1., 1., 1., 0., 0., 1., 0., 0.,
           0., 0.],
          [0., 0., 0., 0., 0., 1., 0., 0., 0., 1., 1., 0., 0., 0., 1., 0., 1.,
           0., 1.],
          [0., 0., 0., 0., 0., 0., 1., 0., 0., 0., 1., 1., 1., 0., 0., 0., 0.,
           0., 1.],
          [1., 1., 1., 0., 1., 1., 1., 0., 0., 1., 1., 1., 0., 0., 1., 0., 1.,
           1., 1.],
          [1., 0., 0., 1., 0., 1., 0., 0., 1., 1., 0., 1., 0., 1., 0., 0., 0.,
           1., 1.],
          [0., 0., 1., 1., 0., 1., 1., 0., 0., 1., 0., 0., 0., 0., 1., 1., 1.,
           1., 0.],
          [1., 0., 0., 1., 1., 1., 1., 0., 1., 1., 0., 1., 0., 1., 1., 0., 0.,
           1., 1.],
          [1., 0., 1., 1., 0., 1., 1., 1., 0., 1., 1., 0., 0., 0., 1., 0., 0.,
           1., 1.],
          [1., 0., 0., 1., 1., 0., 1., 0., 1., 1., 0., 1., 1., 0., 0., 1., 1.,
           1., 1.],
          [0., 0., 1., 0., 0., 0., 0., 1., 0., 0., 1., 0., 1., 0., 1., 0., 1.,
           1., 1.],
          [0., 1., 0., 0., 1., 0., 1., 0., 0., 1., 0., 1., 0., 1., 0., 1., 0.,
           1., 1.],
          [0., 1., 0., 0., 1., 0., 0., 1., 0., 1., 0., 0., 1., 1., 0., 0., 0.,
           1., 0.],
          [0., 1., 1., 0., 0., 1., 0., 0., 1., 0., 0., 1., 0., 0., 1., 0., 0.,
           0., 1.],
          [1., 0., 1., 1., 0., 1., 1., 0., 1., 1., 1., 0., 0., 1., 1., 0., 0.,
           1., 0.],
          [1., 1., 0., 1., 0., 1., 0., 0., 1., 0., 0., 1., 0., 0., 0., 0., 0.,
           0., 1.],
          [1., 1., 0., 0., 0., 1., 1., 0., 0., 0., 0., 1., 1., 1., 1., 1., 1.,
           0., 1.],
          [1., 0., 1., 1., 0., 1., 0., 0., 1., 1., 0., 1., 0., 1., 1., 1., 1.,
           1., 1.],
          [1., 1., 1., 1., 1., 1., 0., 1., 0., 0., 0., 1., 1., 1., 1., 1., 1.,
           0., 1.]]]], device='cuda:0'), tensor([[0.1104]], device='cuda:0'))
2026-01-08 17:31:38 - INFO - [ 9.9909681e-01 -8.1729302e-03 -7.4870221e-04  3.4465094e-03
 -7.4870407e-04  3.4465094e-03  9.1374981e-01 -1.4356695e-01]
2026-01-08 17:31:38 - INFO - (tensor([[[[0., 1., 1., 0., 0., 1., 1., 1., 0., 1., 0., 1., 0., 1., 1., 1., 1.,
           0., 0.],
          [0., 1., 1., 1., 0., 0., 1., 1., 1., 1., 1., 1., 0., 0., 1., 0., 0.,
           0., 0.],
          [0., 0., 0., 0., 0., 1., 0., 0., 0., 1., 1., 0., 0., 0., 1., 0., 1.,
           0., 1.],
          [0., 0., 0., 0., 0., 0., 1., 0., 0., 0., 1., 1., 1., 0., 0., 0., 0.,
           0., 1.],
          [1., 1., 1., 0., 1., 1., 1., 0., 0., 1., 1., 1., 0., 0., 1., 0., 1.,
           1., 1.],
          [1., 0., 0., 1., 0., 1., 0., 0., 1., 1., 0., 1., 0., 1., 0., 0., 0.,
           1., 1.],
          [0., 0., 1., 1., 0., 1., 1., 0., 0., 1., 0., 0., 0., 0., 1., 1., 1.,
           1., 0.],
          [1., 0., 0., 1., 1., 1., 1., 0., 1., 1., 0., 1., 0., 1., 1., 0., 0.,
           1., 1.],
          [1., 0., 1., 1., 0., 1., 1., 1., 0., 1., 1., 0., 0., 0., 1., 0., 0.,
           1., 1.],
          [1., 0., 0., 1., 1., 0., 1., 0., 1., 1., 0., 1., 1., 0., 0., 1., 1.,
           1., 1.],
          [0., 0., 1., 0., 0., 0., 0., 1., 0., 0., 1., 0., 1., 0., 1., 0., 1.,
           1., 1.],
          [0., 1., 0., 0., 1., 0., 1., 0., 0., 1., 0., 1., 0., 1., 0., 1., 0.,
           1., 1.],
          [0., 1., 0., 0., 1., 0., 0., 1., 0., 1., 0., 0., 1., 1., 0., 0., 0.,
           1., 0.],
          [0., 1., 1., 0., 0., 1., 0., 0., 1., 0., 0., 1., 0., 0., 1., 0., 0.,
           0., 1.],
          [1., 0., 1., 1., 0., 1., 1., 0., 1., 1., 1., 0., 0., 1., 1., 0., 0.,
           1., 0.],
          [1., 1., 0., 1., 0., 1., 0., 0., 1., 0., 0., 1., 0., 0., 0., 0., 0.,
           0., 1.],
          [1., 1., 0., 0., 0., 1., 1., 0., 0., 0., 0., 1., 1., 1., 1., 1., 1.,
           0., 1.],
          [1., 0., 1., 1., 0., 1., 0., 0., 1., 1., 0., 1., 0., 1., 1., 1., 1.,
           1., 1.],
          [1., 1., 1., 1., 1., 1., 0., 1., 0., 0., 0., 1., 1., 1., 1., 1., 1.,
           0., 1.]]]], device='cuda:0'), tensor([[0.1137]], device='cuda:0'))
2026-01-08 17:31:38 - INFO - [ 9.9906486e-01 -8.5943872e-03 -8.1998185e-04  3.6519826e-03
 -8.1997627e-04  3.6519901e-03  9.1014481e-01 -1.4592433e-01]
2026-01-08 17:31:38 - INFO - (tensor([[[[0., 1., 1., 0., 0., 1., 1., 1., 0., 1., 0., 1., 0., 1., 1., 1., 1.,
           0., 0.],
          [0., 1., 1., 1., 0., 0., 1., 1., 1., 1., 1., 1., 0., 0., 1., 0., 0.,
           0., 0.],
          [0., 0., 0., 0., 0., 1., 0., 0., 0., 1., 1., 0., 0., 0., 1., 0., 1.,
           0., 1.],
          [0., 0., 0., 0., 0., 0., 1., 0., 0., 0., 1., 1., 1., 0., 0., 0., 0.,
           0., 1.],
          [1., 1., 1., 0., 1., 1., 1., 0., 0., 1., 1., 1., 0., 0., 1., 0., 1.,
           1., 1.],
          [1., 0., 0., 1., 0., 1., 0., 0., 1., 1., 0., 1., 0., 1., 0., 0., 0.,
           1., 1.],
          [0., 0., 1., 1., 0., 1., 1., 0., 0., 1., 0., 0., 0., 0., 1., 1., 1.,
           1., 0.],
          [1., 0., 0., 1., 1., 1., 1., 0., 1., 1., 0., 1., 0., 1., 1., 0., 0.,
           1., 1.],
          [1., 0., 1., 1., 0., 1., 1., 1., 0., 1., 1., 0., 0., 0., 1., 0., 0.,
           1., 1.],
          [1., 0., 0., 1., 1., 0., 1., 0., 1., 1., 0., 1., 1., 0., 0., 1., 1.,
           1., 1.],
          [0., 0., 1., 0., 0., 0., 0., 1., 0., 0., 1., 0., 1., 0., 1., 0., 1.,
           1., 1.],
          [0., 1., 0., 0., 1., 0., 1., 0., 0., 1., 0., 1., 0., 1., 0., 1., 0.,
           1., 1.],
          [0., 1., 0., 0., 1., 0., 0., 1., 0., 1., 0., 0., 1., 1., 0., 0., 0.,
           1., 0.],
          [0., 1., 1., 0., 0., 1., 0., 0., 1., 0., 0., 1., 0., 0., 1., 0., 0.,
           0., 1.],
          [1., 0., 1., 1., 0., 1., 1., 0., 1., 1., 1., 0., 0., 1., 1., 0., 0.,
           1., 0.],
          [1., 1., 0., 1., 0., 1., 0., 0., 1., 0., 0., 1., 0., 0., 0., 0., 0.,
           0., 1.],
          [1., 1., 0., 0., 0., 1., 1., 0., 0., 0., 0., 1., 1., 1., 1., 1., 1.,
           0., 1.],
          [1., 0., 1., 1., 0., 1., 0., 0., 1., 1., 0., 1., 0., 1., 1., 1., 1.,
           1., 1.],
          [1., 1., 1., 1., 1., 1., 0., 1., 0., 0., 0., 1., 1., 1., 1., 1., 1.,
           0., 1.]]]], device='cuda:0'), tensor([[0.1171]], device='cuda:0'))
2026-01-08 17:31:38 - INFO - [ 9.9903566e-01 -8.9273350e-03 -8.7370793e-04  3.8189553e-03
 -8.7371725e-04  3.8189627e-03  9.0730160e-01 -1.4772072e-01]
2026-01-08 17:31:38 - INFO - (tensor([[[[0., 1., 1., 0., 0., 1., 1., 1., 0., 1., 0., 1., 0., 1., 1., 1., 1.,
           0., 0.],
          [0., 1., 1., 1., 0., 0., 1., 1., 1., 1., 1., 1., 0., 0., 1., 0., 0.,
           0., 0.],
          [0., 0., 0., 0., 0., 1., 0., 0., 0., 1., 1., 0., 0., 0., 1., 0., 1.,
           0., 1.],
          [0., 0., 0., 0., 0., 0., 1., 0., 0., 0., 1., 1., 1., 0., 0., 0., 0.,
           0., 1.],
          [1., 1., 1., 0., 1., 1., 1., 0., 0., 1., 1., 1., 0., 0., 1., 0., 1.,
           1., 1.],
          [1., 0., 0., 1., 0., 1., 0., 0., 1., 1., 0., 1., 0., 1., 0., 0., 0.,
           1., 1.],
          [0., 0., 1., 1., 0., 1., 1., 0., 0., 1., 0., 0., 0., 0., 1., 1., 1.,
           1., 0.],
          [1., 0., 0., 1., 1., 1., 1., 0., 1., 1., 0., 1., 0., 1., 1., 0., 0.,
           1., 1.],
          [1., 0., 1., 1., 0., 1., 1., 1., 0., 1., 1., 0., 0., 0., 1., 0., 0.,
           1., 1.],
          [1., 0., 0., 1., 1., 0., 1., 0., 1., 1., 0., 1., 1., 0., 0., 1., 1.,
           1., 1.],
          [0., 0., 1., 0., 0., 0., 0., 1., 0., 0., 1., 0., 1., 0., 1., 0., 1.,
           1., 1.],
          [0., 1., 0., 0., 1., 0., 1., 0., 0., 1., 0., 1., 0., 1., 0., 1., 0.,
           1., 1.],
          [0., 1., 0., 0., 1., 0., 0., 1., 0., 1., 0., 0., 1., 1., 0., 0., 0.,
           1., 0.],
          [0., 1., 1., 0., 0., 1., 0., 0., 1., 0., 0., 1., 0., 0., 1., 0., 0.,
           0., 1.],
          [1., 0., 1., 1., 0., 1., 1., 0., 1., 1., 1., 0., 0., 1., 1., 0., 0.,
           1., 0.],
          [1., 1., 0., 1., 0., 1., 0., 0., 1., 0., 0., 1., 0., 0., 0., 0., 0.,
           0., 1.],
          [1., 1., 0., 0., 0., 1., 1., 0., 0., 0., 0., 1., 1., 1., 1., 1., 1.,
           0., 1.],
          [1., 0., 1., 1., 0., 1., 0., 0., 1., 1., 0., 1., 0., 1., 1., 1., 1.,
           1., 1.],
          [1., 1., 1., 1., 1., 1., 0., 1., 0., 0., 0., 1., 1., 1., 1., 1., 1.,
           0., 1.]]]], device='cuda:0'), tensor([[0.1204]], device='cuda:0'))
2026-01-08 17:31:38 - INFO - [ 9.9900782e-01 -9.2174672e-03 -9.1667543e-04  3.9776317e-03
 -9.1667729e-04  3.9776429e-03  9.0466940e-01 -1.4932902e-01]
2026-01-08 17:31:38 - INFO - (tensor([[[[0., 1., 1., 0., 0., 1., 1., 1., 0., 1., 0., 1., 0., 1., 1., 1., 1.,
           0., 0.],
          [0., 1., 1., 1., 0., 0., 1., 1., 1., 1., 1., 1., 0., 0., 1., 0., 0.,
           0., 0.],
          [0., 0., 0., 0., 0., 1., 0., 0., 0., 1., 1., 0., 0., 0., 1., 0., 1.,
           0., 1.],
          [0., 0., 0., 0., 0., 0., 1., 0., 0., 0., 1., 1., 1., 0., 0., 0., 0.,
           0., 1.],
          [1., 1., 1., 0., 1., 1., 1., 0., 0., 1., 1., 1., 0., 0., 1., 0., 1.,
           1., 1.],
          [1., 0., 0., 1., 0., 1., 0., 0., 1., 1., 0., 1., 0., 1., 0., 0., 0.,
           1., 1.],
          [0., 0., 1., 1., 0., 1., 1., 0., 0., 1., 0., 0., 0., 0., 1., 1., 1.,
           1., 0.],
          [1., 0., 0., 1., 1., 1., 1., 0., 1., 1., 0., 1., 0., 1., 1., 0., 0.,
           1., 1.],
          [1., 0., 1., 1., 0., 1., 1., 1., 0., 1., 1., 0., 0., 0., 1., 0., 0.,
           1., 1.],
          [1., 0., 0., 1., 1., 0., 1., 0., 1., 1., 0., 1., 1., 0., 0., 1., 1.,
           1., 1.],
          [0., 0., 1., 0., 0., 0., 0., 1., 0., 0., 1., 0., 1., 0., 1., 0., 1.,
           1., 1.],
          [0., 1., 0., 0., 1., 0., 1., 0., 0., 1., 0., 1., 0., 1., 0., 1., 0.,
           1., 1.],
          [0., 1., 0., 0., 1., 0., 0., 1., 0., 1., 0., 0., 1., 1., 0., 0., 0.,
           1., 0.],
          [0., 1., 1., 0., 0., 1., 0., 0., 1., 0., 0., 1., 0., 0., 1., 0., 0.,
           0., 1.],
          [1., 0., 1., 1., 0., 1., 1., 0., 1., 1., 1., 0., 0., 1., 1., 0., 0.,
           1., 0.],
          [1., 1., 0., 1., 0., 1., 0., 0., 1., 0., 0., 1., 0., 0., 0., 0., 0.,
           0., 1.],
          [1., 1., 0., 0., 0., 1., 1., 0., 0., 0., 0., 1., 1., 1., 1., 1., 1.,
           0., 1.],
          [1., 0., 1., 1., 0., 1., 0., 0., 1., 1., 0., 1., 0., 1., 1., 1., 1.,
           1., 1.],
          [1., 1., 1., 1., 1., 1., 0., 1., 0., 0., 0., 1., 1., 1., 1., 1., 1.,
           0., 1.]]]], device='cuda:0'), tensor([[0.1237]], device='cuda:0'))
2026-01-08 17:31:38 - INFO - [ 9.9898136e-01 -9.4609046e-03 -9.5310126e-04  4.1143699e-03
 -9.5309567e-04  4.1143699e-03  9.0234065e-01 -1.5070426e-01]
2026-01-08 17:31:38 - INFO - (tensor([[[[0., 1., 1., 0., 0., 1., 1., 1., 0., 1., 0., 1., 0., 1., 1., 1., 1.,
           0., 0.],
          [0., 1., 1., 1., 0., 0., 1., 1., 1., 1., 1., 1., 0., 0., 1., 0., 0.,
           0., 0.],
          [0., 0., 0., 0., 0., 1., 0., 0., 0., 1., 1., 0., 0., 0., 1., 0., 1.,
           0., 1.],
          [0., 0., 0., 0., 0., 0., 1., 0., 0., 0., 1., 1., 1., 0., 0., 0., 0.,
           0., 1.],
          [1., 1., 1., 0., 1., 1., 1., 0., 0., 1., 1., 1., 0., 0., 1., 0., 1.,
           1., 1.],
          [1., 0., 0., 1., 0., 1., 0., 0., 1., 1., 0., 1., 0., 1., 0., 0., 0.,
           1., 1.],
          [0., 0., 1., 1., 0., 1., 1., 0., 0., 1., 0., 0., 0., 0., 1., 1., 1.,
           1., 0.],
          [1., 0., 0., 1., 1., 1., 1., 0., 1., 1., 0., 1., 0., 1., 1., 0., 0.,
           1., 1.],
          [1., 0., 1., 1., 0., 1., 1., 1., 0., 1., 1., 0., 0., 0., 1., 0., 0.,
           1., 1.],
          [1., 0., 0., 1., 1., 0., 1., 0., 1., 1., 0., 1., 1., 0., 0., 1., 1.,
           1., 1.],
          [0., 0., 1., 0., 0., 0., 0., 1., 0., 0., 1., 0., 1., 0., 1., 0., 1.,
           1., 1.],
          [0., 1., 0., 0., 1., 0., 1., 0., 0., 1., 0., 1., 0., 1., 0., 1., 0.,
           1., 1.],
          [0., 1., 0., 0., 1., 0., 0., 1., 0., 1., 0., 0., 1., 1., 0., 0., 0.,
           1., 0.],
          [0., 1., 1., 0., 0., 1., 0., 0., 1., 0., 0., 1., 0., 0., 1., 0., 0.,
           0., 1.],
          [1., 0., 1., 1., 0., 1., 1., 0., 1., 1., 1., 0., 0., 1., 1., 0., 0.,
           1., 0.],
          [1., 1., 0., 1., 0., 1., 0., 0., 1., 0., 0., 1., 0., 0., 0., 0., 0.,
           0., 1.],
          [1., 1., 0., 0., 0., 1., 1., 0., 0., 0., 0., 1., 1., 1., 1., 1., 1.,
           0., 1.],
          [1., 0., 1., 1., 0., 1., 0., 0., 1., 1., 0., 1., 0., 1., 1., 1., 1.,
           1., 1.],
          [1., 1., 1., 1., 1., 1., 0., 1., 0., 0., 0., 1., 1., 1., 1., 1., 1.,
           0., 1.]]]], device='cuda:0'), tensor([[0.1271]], device='cuda:0'))
2026-01-08 17:31:38 - INFO - [ 9.9895751e-01 -9.6452413e-03 -9.8145066e-04  4.2194361e-03
 -9.8144508e-04  4.2194324e-03  9.0044421e-01 -1.5176119e-01]
2026-01-08 17:31:38 - INFO - (tensor([[[[0., 1., 1., 0., 0., 1., 1., 1., 0., 1., 0., 1., 0., 1., 1., 1., 1.,
           0., 0.],
          [0., 1., 1., 1., 0., 0., 1., 1., 1., 1., 1., 1., 0., 0., 1., 0., 0.,
           0., 0.],
          [0., 0., 0., 0., 0., 1., 0., 0., 0., 1., 1., 0., 0., 0., 1., 0., 1.,
           0., 1.],
          [0., 0., 0., 0., 0., 0., 1., 0., 0., 0., 1., 1., 1., 0., 0., 0., 0.,
           0., 1.],
          [1., 1., 1., 0., 1., 1., 1., 0., 0., 1., 1., 1., 0., 0., 1., 0., 1.,
           1., 1.],
          [1., 0., 0., 1., 0., 1., 0., 0., 1., 1., 0., 1., 0., 1., 0., 0., 0.,
           1., 1.],
          [0., 0., 1., 1., 0., 1., 1., 0., 0., 1., 0., 0., 0., 0., 1., 1., 1.,
           1., 0.],
          [1., 0., 0., 1., 1., 1., 1., 0., 1., 1., 0., 1., 0., 1., 1., 0., 0.,
           1., 1.],
          [1., 0., 1., 1., 0., 1., 1., 1., 0., 1., 1., 0., 0., 0., 1., 0., 0.,
           1., 1.],
          [1., 0., 0., 1., 1., 0., 1., 0., 1., 1., 0., 1., 1., 0., 0., 1., 1.,
           1., 1.],
          [0., 0., 1., 0., 0., 0., 0., 1., 0., 0., 1., 0., 1., 0., 1., 0., 1.,
           1., 1.],
          [0., 1., 0., 0., 1., 0., 1., 0., 0., 1., 0., 1., 0., 1., 0., 1., 0.,
           1., 1.],
          [0., 1., 0., 0., 1., 0., 0., 1., 0., 1., 0., 0., 1., 1., 0., 0., 0.,
           1., 0.],
          [0., 1., 1., 0., 0., 1., 0., 0., 1., 0., 0., 1., 0., 0., 1., 0., 0.,
           0., 1.],
          [1., 0., 1., 1., 0., 1., 1., 0., 1., 1., 1., 0., 0., 1., 1., 0., 0.,
           1., 0.],
          [1., 1., 0., 1., 0., 1., 0., 0., 1., 0., 0., 1., 0., 0., 0., 0., 0.,
           0., 1.],
          [1., 1., 0., 0., 0., 1., 1., 0., 0., 0., 0., 1., 1., 1., 1., 1., 1.,
           0., 1.],
          [1., 0., 1., 1., 0., 1., 0., 0., 1., 1., 0., 1., 0., 1., 1., 1., 1.,
           1., 1.],
          [1., 1., 1., 1., 1., 1., 0., 1., 0., 0., 0., 1., 1., 1., 1., 1., 1.,
           0., 1.]]]], device='cuda:0'), tensor([[0.1304]], device='cuda:0'))
2026-01-08 17:31:38 - INFO - [ 9.9892080e-01 -1.0013898e-02 -9.7355311e-04  4.5481012e-03
 -9.7354007e-04  4.5480975e-03  8.9736903e-01 -1.5381502e-01]
2026-01-08 17:31:38 - INFO - (tensor([[[[0., 1., 1., 0., 0., 1., 1., 1., 0., 1., 0., 1., 0., 1., 1., 1., 1.,
           0., 0.],
          [0., 1., 1., 1., 0., 0., 1., 1., 1., 1., 1., 1., 0., 0., 1., 0., 0.,
           0., 0.],
          [0., 0., 0., 0., 0., 1., 0., 0., 0., 1., 1., 0., 0., 0., 1., 0., 1.,
           0., 1.],
          [0., 0., 0., 0., 0., 0., 1., 0., 0., 0., 1., 1., 1., 0., 0., 0., 0.,
           0., 1.],
          [1., 1., 1., 0., 1., 1., 1., 0., 0., 1., 1., 1., 0., 0., 1., 0., 1.,
           1., 1.],
          [1., 0., 0., 1., 0., 1., 0., 0., 1., 1., 0., 1., 0., 1., 0., 0., 0.,
           1., 1.],
          [0., 0., 1., 1., 0., 1., 1., 0., 0., 1., 0., 0., 0., 0., 1., 1., 1.,
           1., 0.],
          [1., 0., 0., 1., 1., 1., 1., 0., 1., 1., 0., 1., 0., 1., 1., 0., 0.,
           1., 1.],
          [1., 0., 1., 1., 0., 1., 1., 1., 0., 1., 1., 0., 0., 0., 1., 0., 0.,
           1., 1.],
          [1., 0., 0., 1., 1., 0., 1., 0., 1., 1., 0., 1., 1., 0., 0., 1., 1.,
           1., 1.],
          [0., 0., 1., 0., 0., 0., 0., 1., 0., 0., 1., 0., 1., 0., 1., 0., 1.,
           1., 1.],
          [0., 1., 0., 0., 1., 0., 1., 0., 0., 1., 0., 1., 0., 1., 0., 1., 0.,
           1., 1.],
          [0., 1., 0., 0., 1., 0., 0., 1., 0., 1., 0., 0., 1., 1., 0., 0., 0.,
           1., 0.],
          [0., 1., 1., 0., 0., 1., 0., 0., 1., 0., 0., 1., 0., 0., 1., 0., 0.,
           0., 1.],
          [1., 0., 1., 1., 0., 1., 1., 0., 1., 1., 1., 0., 0., 1., 1., 0., 0.,
           1., 0.],
          [1., 1., 0., 1., 0., 1., 0., 0., 1., 0., 0., 1., 0., 0., 0., 0., 0.,
           0., 1.],
          [1., 1., 0., 0., 0., 1., 1., 0., 0., 0., 0., 1., 1., 1., 1., 1., 1.,
           0., 1.],
          [1., 0., 1., 1., 0., 1., 0., 0., 1., 1., 0., 1., 0., 1., 1., 1., 1.,
           1., 1.],
          [1., 1., 1., 1., 1., 1., 0., 1., 0., 0., 0., 1., 1., 1., 1., 1., 1.,
           0., 1.]]]], device='cuda:0'), tensor([[0.1338]], device='cuda:0'))
2026-01-08 17:31:38 - INFO - [ 9.9889159e-01 -1.0263362e-02 -9.7937940e-04  4.7238194e-03
 -9.7937381e-04  4.7238232e-03  8.9505565e-01 -1.5523557e-01]
2026-01-08 17:31:38 - INFO - (tensor([[[[0., 1., 1., 0., 0., 1., 1., 1., 0., 1., 0., 1., 0., 1., 1., 1., 1.,
           0., 0.],
          [0., 1., 1., 1., 0., 0., 1., 1., 1., 1., 1., 1., 0., 0., 1., 0., 0.,
           0., 0.],
          [0., 0., 0., 0., 0., 1., 0., 0., 0., 1., 1., 0., 0., 0., 1., 0., 1.,
           0., 1.],
          [0., 0., 0., 0., 0., 0., 1., 0., 0., 0., 1., 1., 1., 0., 0., 0., 0.,
           0., 1.],
          [1., 1., 1., 0., 1., 1., 1., 0., 0., 1., 1., 1., 0., 0., 1., 0., 1.,
           1., 1.],
          [1., 0., 0., 1., 0., 1., 0., 0., 1., 1., 0., 1., 0., 1., 0., 0., 0.,
           1., 1.],
          [0., 0., 1., 1., 0., 1., 1., 0., 0., 1., 0., 0., 0., 0., 1., 1., 1.,
           1., 0.],
          [1., 0., 0., 1., 1., 1., 1., 0., 1., 1., 0., 1., 0., 1., 1., 0., 0.,
           1., 1.],
          [1., 0., 1., 1., 0., 1., 1., 1., 0., 1., 1., 0., 0., 0., 1., 0., 0.,
           1., 1.],
          [1., 0., 0., 1., 1., 0., 1., 0., 1., 1., 0., 1., 1., 0., 0., 1., 1.,
           1., 1.],
          [0., 0., 1., 0., 0., 0., 0., 1., 0., 0., 1., 0., 1., 0., 1., 0., 1.,
           1., 1.],
          [0., 1., 0., 0., 1., 0., 1., 0., 0., 1., 0., 1., 0., 1., 0., 1., 0.,
           1., 1.],
          [0., 1., 0., 0., 1., 0., 0., 1., 0., 1., 0., 0., 1., 1., 0., 0., 0.,
           1., 0.],
          [0., 1., 1., 0., 0., 1., 0., 0., 1., 0., 0., 1., 0., 0., 1., 0., 0.,
           0., 1.],
          [1., 0., 1., 1., 0., 1., 1., 0., 1., 1., 1., 0., 0., 1., 1., 0., 0.,
           1., 0.],
          [1., 1., 0., 1., 0., 1., 0., 0., 1., 0., 0., 1., 0., 0., 0., 0., 0.,
           0., 1.],
          [1., 1., 0., 0., 0., 1., 1., 0., 0., 0., 0., 1., 1., 1., 1., 1., 1.,
           0., 1.],
          [1., 0., 1., 1., 0., 1., 0., 0., 1., 1., 0., 1., 0., 1., 1., 1., 1.,
           1., 1.],
          [1., 1., 1., 1., 1., 1., 0., 1., 0., 0., 0., 1., 1., 1., 1., 1., 1.,
           0., 1.]]]], device='cuda:0'), tensor([[0.1371]], device='cuda:0'))
2026-01-08 17:31:38 - INFO - [ 9.9886739e-01 -1.0440846e-02 -9.8085462e-04  4.8302333e-03
 -9.8084903e-04  4.8302258e-03  8.9317179e-01 -1.5637006e-01]
2026-01-08 17:31:38 - INFO - (tensor([[[[0., 1., 1., 0., 0., 1., 1., 1., 0., 1., 0., 1., 0., 1., 1., 1., 1.,
           0., 0.],
          [0., 1., 1., 1., 0., 0., 1., 1., 1., 1., 1., 1., 0., 0., 1., 0., 0.,
           0., 0.],
          [0., 0., 0., 0., 0., 1., 0., 0., 0., 1., 1., 0., 0., 0., 1., 0., 1.,
           0., 1.],
          [0., 0., 0., 0., 0., 0., 1., 0., 0., 0., 1., 1., 1., 0., 0., 0., 0.,
           0., 1.],
          [1., 1., 1., 0., 1., 1., 1., 0., 0., 1., 1., 1., 0., 0., 1., 0., 1.,
           1., 1.],
          [1., 0., 0., 1., 0., 1., 0., 0., 1., 1., 0., 1., 0., 1., 0., 0., 0.,
           1., 1.],
          [0., 0., 1., 1., 0., 1., 1., 0., 0., 1., 0., 0., 0., 0., 1., 1., 1.,
           1., 0.],
          [1., 0., 0., 1., 1., 1., 1., 0., 1., 1., 0., 1., 0., 1., 1., 0., 0.,
           1., 1.],
          [1., 0., 1., 1., 0., 1., 1., 1., 0., 1., 1., 0., 0., 0., 1., 0., 0.,
           1., 1.],
          [1., 0., 0., 1., 1., 0., 1., 0., 1., 1., 0., 1., 1., 0., 0., 1., 1.,
           1., 1.],
          [0., 0., 1., 0., 0., 0., 0., 1., 0., 0., 1., 0., 1., 0., 1., 0., 1.,
           1., 1.],
          [0., 1., 0., 0., 1., 0., 1., 0., 0., 1., 0., 1., 0., 1., 0., 1., 0.,
           1., 1.],
          [0., 1., 0., 0., 1., 0., 0., 1., 0., 1., 0., 0., 1., 1., 0., 0., 0.,
           1., 0.],
          [0., 1., 1., 0., 0., 1., 0., 0., 1., 0., 0., 1., 0., 0., 1., 0., 0.,
           0., 1.],
          [1., 0., 1., 1., 0., 1., 1., 0., 1., 1., 1., 0., 0., 1., 1., 0., 0.,
           1., 0.],
          [1., 1., 0., 1., 0., 1., 0., 0., 1., 0., 0., 1., 0., 0., 0., 0., 0.,
           0., 1.],
          [1., 1., 0., 0., 0., 1., 1., 0., 0., 0., 0., 1., 1., 1., 1., 1., 1.,
           0., 1.],
          [1., 0., 1., 1., 0., 1., 0., 0., 1., 1., 0., 1., 0., 1., 1., 1., 1.,
           1., 1.],
          [1., 1., 1., 1., 1., 1., 0., 1., 0., 0., 0., 1., 1., 1., 1., 1., 1.,
           0., 1.]]]], device='cuda:0'), tensor([[0.1405]], device='cuda:0'))
2026-01-08 17:31:38 - INFO - [ 9.9884105e-01 -1.0653882e-02 -9.8598807e-04  5.0127199e-03
 -9.8598248e-04  5.0127162e-03  8.9106441e-01 -1.5773965e-01]
2026-01-08 17:31:38 - INFO - (tensor([[[[0., 1., 1., 0., 0., 1., 1., 1., 0., 1., 0., 1., 0., 1., 1., 1., 1.,
           0., 0.],
          [0., 1., 1., 1., 0., 0., 1., 1., 1., 1., 1., 1., 0., 0., 1., 0., 0.,
           0., 0.],
          [0., 0., 0., 0., 0., 1., 0., 0., 0., 1., 1., 0., 0., 0., 1., 0., 1.,
           0., 1.],
          [0., 0., 0., 0., 0., 0., 1., 0., 0., 0., 1., 1., 1., 0., 0., 0., 0.,
           0., 1.],
          [1., 1., 1., 0., 1., 1., 1., 0., 0., 1., 1., 1., 0., 0., 1., 0., 1.,
           1., 1.],
          [1., 0., 0., 1., 0., 1., 0., 0., 1., 1., 0., 1., 0., 1., 0., 0., 0.,
           1., 1.],
          [0., 0., 1., 1., 0., 1., 1., 0., 0., 1., 0., 0., 0., 0., 1., 1., 1.,
           1., 0.],
          [1., 0., 0., 1., 1., 1., 1., 0., 1., 1., 0., 1., 0., 1., 1., 0., 0.,
           1., 1.],
          [1., 0., 1., 1., 0., 1., 1., 1., 0., 1., 1., 0., 0., 0., 1., 0., 0.,
           1., 1.],
          [1., 0., 0., 1., 1., 0., 1., 0., 1., 1., 0., 1., 1., 0., 0., 1., 1.,
           1., 1.],
          [0., 0., 1., 0., 0., 0., 0., 1., 0., 0., 1., 0., 1., 0., 1., 0., 1.,
           1., 1.],
          [0., 1., 0., 0., 1., 0., 1., 0., 0., 1., 0., 1., 0., 1., 0., 1., 0.,
           1., 1.],
          [0., 1., 0., 0., 1., 0., 0., 1., 0., 1., 0., 0., 1., 1., 0., 0., 0.,
           1., 0.],
          [0., 1., 1., 0., 0., 1., 0., 0., 1., 0., 0., 1., 0., 0., 1., 0., 0.,
           0., 1.],
          [1., 0., 1., 1., 0., 1., 1., 0., 1., 1., 1., 0., 0., 1., 1., 0., 0.,
           1., 0.],
          [1., 1., 0., 1., 0., 1., 0., 0., 1., 0., 0., 1., 0., 0., 0., 0., 0.,
           0., 1.],
          [1., 1., 0., 0., 0., 1., 1., 0., 0., 0., 0., 1., 1., 1., 1., 1., 1.,
           0., 1.],
          [1., 0., 1., 1., 0., 1., 0., 0., 1., 1., 0., 1., 0., 1., 1., 1., 1.,
           1., 1.],
          [1., 1., 1., 1., 1., 1., 0., 1., 0., 0., 0., 1., 1., 1., 1., 1., 1.,
           0., 1.]]]], device='cuda:0'), tensor([[0.1438]], device='cuda:0'))
2026-01-08 17:31:38 - INFO - [ 9.9881041e-01 -1.0874152e-02 -9.7602670e-04  5.2653998e-03
 -9.7602856e-04  5.2654035e-03  8.8853246e-01 -1.5934181e-01]
2026-01-08 17:31:38 - INFO - (tensor([[[[0., 1., 1., 0., 0., 1., 1., 1., 0., 1., 0., 1., 0., 1., 1., 1., 1.,
           0., 0.],
          [0., 1., 1., 1., 0., 0., 1., 1., 1., 1., 1., 1., 0., 0., 1., 0., 0.,
           0., 0.],
          [0., 0., 0., 0., 0., 1., 0., 0., 0., 1., 1., 0., 0., 0., 1., 0., 1.,
           0., 1.],
          [0., 0., 0., 0., 0., 0., 1., 0., 0., 0., 1., 1., 1., 0., 0., 0., 0.,
           0., 1.],
          [1., 1., 1., 0., 1., 1., 1., 0., 0., 1., 1., 1., 0., 0., 1., 0., 1.,
           1., 1.],
          [1., 0., 0., 1., 0., 1., 0., 0., 1., 1., 0., 1., 0., 1., 0., 0., 0.,
           1., 1.],
          [0., 0., 1., 1., 0., 1., 1., 0., 0., 1., 0., 0., 0., 0., 1., 1., 1.,
           1., 0.],
          [1., 0., 0., 1., 1., 1., 1., 0., 1., 1., 0., 1., 0., 1., 1., 0., 0.,
           1., 1.],
          [1., 0., 1., 1., 0., 1., 1., 1., 0., 1., 1., 0., 0., 0., 1., 0., 0.,
           1., 1.],
          [1., 0., 0., 1., 1., 0., 1., 0., 1., 1., 0., 1., 1., 0., 0., 1., 1.,
           1., 1.],
          [0., 0., 1., 0., 0., 0., 0., 1., 0., 0., 1., 0., 1., 0., 1., 0., 1.,
           1., 1.],
          [0., 1., 0., 0., 1., 0., 1., 0., 0., 1., 0., 1., 0., 1., 0., 1., 0.,
           1., 1.],
          [0., 1., 0., 0., 1., 0., 0., 1., 0., 1., 0., 0., 1., 1., 0., 0., 0.,
           1., 0.],
          [0., 1., 1., 0., 0., 1., 0., 0., 1., 0., 0., 1., 0., 0., 1., 0., 0.,
           0., 1.],
          [1., 0., 1., 1., 0., 1., 1., 0., 1., 1., 1., 0., 0., 1., 1., 0., 0.,
           1., 0.],
          [1., 1., 0., 1., 0., 1., 0., 0., 1., 0., 0., 1., 0., 0., 0., 0., 0.,
           0., 1.],
          [1., 1., 0., 0., 0., 1., 1., 0., 0., 0., 0., 1., 1., 1., 1., 1., 1.,
           0., 1.],
          [1., 0., 1., 1., 0., 1., 0., 0., 1., 1., 0., 1., 0., 1., 1., 1., 1.,
           1., 1.],
          [1., 1., 1., 1., 1., 1., 0., 1., 0., 0., 0., 1., 1., 1., 1., 1., 1.,
           0., 1.]]]], device='cuda:0'), tensor([[0.1472]], device='cuda:0'))
2026-01-08 17:31:38 - INFO - [ 9.9878025e-01 -1.1076963e-02 -9.6381520e-04  5.5114552e-03
 -9.6381706e-04  5.5114627e-03  8.8610935e-01 -1.6083634e-01]
2026-01-08 17:31:38 - INFO - (tensor([[[[0., 1., 1., 0., 0., 1., 1., 1., 0., 1., 0., 1., 0., 1., 1., 1., 1.,
           0., 0.],
          [0., 1., 1., 1., 0., 0., 1., 1., 1., 1., 1., 1., 0., 0., 1., 0., 0.,
           0., 0.],
          [0., 0., 0., 0., 0., 1., 0., 0., 0., 1., 1., 0., 0., 0., 1., 0., 1.,
           0., 1.],
          [0., 0., 0., 0., 0., 0., 1., 0., 0., 0., 1., 1., 1., 0., 0., 0., 0.,
           0., 1.],
          [1., 1., 1., 0., 1., 1., 1., 0., 0., 1., 1., 1., 0., 0., 1., 0., 1.,
           1., 1.],
          [1., 0., 0., 1., 0., 1., 0., 0., 1., 1., 0., 1., 0., 1., 0., 0., 0.,
           1., 1.],
          [0., 0., 1., 1., 0., 1., 1., 0., 0., 1., 0., 0., 0., 0., 1., 1., 1.,
           1., 0.],
          [1., 0., 0., 1., 1., 1., 1., 0., 1., 1., 0., 1., 0., 1., 1., 0., 0.,
           1., 1.],
          [1., 0., 1., 1., 0., 1., 1., 1., 0., 1., 1., 0., 0., 0., 1., 0., 0.,
           1., 1.],
          [1., 0., 0., 1., 1., 0., 1., 0., 1., 1., 0., 1., 1., 0., 0., 1., 1.,
           1., 1.],
          [0., 0., 1., 0., 0., 0., 0., 1., 0., 0., 1., 0., 1., 0., 1., 0., 1.,
           1., 1.],
          [0., 1., 0., 0., 1., 0., 1., 0., 0., 1., 0., 1., 0., 1., 0., 1., 0.,
           1., 1.],
          [0., 1., 0., 0., 1., 0., 0., 1., 0., 1., 0., 0., 1., 1., 0., 0., 0.,
           1., 0.],
          [0., 1., 1., 0., 0., 1., 0., 0., 1., 0., 0., 1., 0., 0., 1., 0., 0.,
           0., 1.],
          [1., 0., 1., 1., 0., 1., 1., 0., 1., 1., 1., 0., 0., 1., 1., 0., 0.,
           1., 0.],
          [1., 1., 0., 1., 0., 1., 0., 0., 1., 0., 0., 1., 0., 0., 0., 0., 0.,
           0., 1.],
          [1., 1., 0., 0., 0., 1., 1., 0., 0., 0., 0., 1., 1., 1., 1., 1., 1.,
           0., 1.],
          [1., 0., 1., 1., 0., 1., 0., 0., 1., 1., 0., 1., 0., 1., 1., 1., 1.,
           1., 1.],
          [1., 1., 1., 1., 1., 1., 0., 1., 0., 0., 0., 1., 1., 1., 1., 1., 1.,
           0., 1.]]]], device='cuda:0'), tensor([[0.1505]], device='cuda:0'))
2026-01-08 17:31:38 - INFO - [ 9.9875194e-01 -1.1264708e-02 -9.4991986e-04  5.7361168e-03
 -9.4993663e-04  5.7361131e-03  8.8389379e-01 -1.6219623e-01]
2026-01-08 17:31:38 - INFO - (tensor([[[[0., 1., 1., 0., 0., 1., 1., 1., 0., 1., 0., 1., 0., 1., 1., 1., 1.,
           0., 0.],
          [0., 1., 1., 1., 0., 0., 1., 1., 1., 1., 1., 1., 0., 0., 1., 0., 0.,
           0., 0.],
          [0., 0., 0., 0., 0., 1., 0., 0., 0., 1., 1., 0., 0., 0., 1., 0., 1.,
           0., 1.],
          [0., 0., 0., 0., 0., 0., 1., 0., 0., 0., 1., 1., 1., 0., 0., 0., 0.,
           0., 1.],
          [1., 1., 1., 0., 1., 1., 1., 0., 0., 1., 1., 1., 0., 0., 1., 0., 1.,
           1., 1.],
          [1., 0., 0., 1., 0., 1., 0., 0., 1., 1., 0., 1., 0., 1., 0., 0., 0.,
           1., 1.],
          [0., 0., 1., 1., 0., 1., 1., 0., 0., 1., 0., 0., 0., 0., 1., 1., 1.,
           1., 0.],
          [1., 0., 0., 1., 1., 1., 1., 0., 1., 1., 0., 1., 0., 1., 1., 0., 0.,
           1., 1.],
          [1., 0., 1., 1., 0., 1., 1., 1., 0., 1., 1., 0., 0., 0., 1., 0., 0.,
           1., 1.],
          [1., 0., 0., 1., 1., 0., 1., 0., 1., 1., 0., 1., 1., 0., 0., 1., 1.,
           1., 1.],
          [0., 0., 1., 0., 0., 0., 0., 1., 0., 0., 1., 0., 1., 0., 1., 0., 1.,
           1., 1.],
          [0., 1., 0., 0., 1., 0., 1., 0., 0., 1., 0., 1., 0., 1., 0., 1., 0.,
           1., 1.],
          [0., 1., 0., 0., 1., 0., 0., 1., 0., 1., 0., 0., 1., 1., 0., 0., 0.,
           1., 0.],
          [0., 1., 1., 0., 0., 1., 0., 0., 1., 0., 0., 1., 0., 0., 1., 0., 0.,
           0., 1.],
          [1., 0., 1., 1., 0., 1., 1., 0., 1., 1., 1., 0., 0., 1., 1., 0., 0.,
           1., 0.],
          [1., 1., 0., 1., 0., 1., 0., 0., 1., 0., 0., 1., 0., 0., 0., 0., 0.,
           0., 1.],
          [1., 1., 0., 0., 0., 1., 1., 0., 0., 0., 0., 1., 1., 1., 1., 1., 1.,
           0., 1.],
          [1., 0., 1., 1., 0., 1., 0., 0., 1., 1., 0., 1., 0., 1., 1., 1., 1.,
           1., 1.],
          [1., 1., 1., 1., 1., 1., 0., 1., 0., 0., 0., 1., 1., 1., 1., 1., 1.,
           0., 1.]]]], device='cuda:0'), tensor([[0.1538]], device='cuda:0'))
2026-01-08 17:31:38 - INFO - [ 9.9872339e-01 -1.1456924e-02 -9.3938474e-04  5.9617087e-03
 -9.3938661e-04  5.9617087e-03  8.8159746e-01 -1.6360171e-01]
2026-01-08 17:31:38 - INFO - (tensor([[[[0., 1., 1., 0., 0., 1., 1., 1., 0., 1., 0., 1., 0., 1., 1., 1., 1.,
           0., 0.],
          [0., 1., 1., 1., 0., 0., 1., 1., 1., 1., 1., 1., 0., 0., 1., 0., 0.,
           0., 0.],
          [0., 0., 0., 0., 0., 1., 0., 0., 0., 1., 1., 0., 0., 0., 1., 0., 1.,
           0., 1.],
          [0., 0., 0., 0., 0., 0., 1., 0., 0., 0., 1., 1., 1., 0., 0., 0., 0.,
           0., 1.],
          [1., 1., 1., 0., 1., 1., 1., 0., 0., 1., 1., 1., 0., 0., 1., 0., 1.,
           1., 1.],
          [1., 0., 0., 1., 0., 1., 0., 0., 1., 1., 0., 1., 0., 1., 0., 0., 0.,
           1., 1.],
          [0., 0., 1., 1., 0., 1., 1., 0., 0., 1., 0., 0., 0., 0., 1., 1., 1.,
           1., 0.],
          [1., 0., 0., 1., 1., 1., 1., 0., 1., 1., 0., 1., 0., 1., 1., 0., 0.,
           1., 1.],
          [1., 0., 1., 1., 0., 1., 1., 1., 0., 1., 1., 0., 0., 0., 1., 0., 0.,
           1., 1.],
          [1., 0., 0., 1., 1., 0., 1., 0., 1., 1., 0., 1., 1., 0., 0., 1., 1.,
           1., 1.],
          [0., 0., 1., 0., 0., 0., 0., 1., 0., 0., 1., 0., 1., 0., 1., 0., 1.,
           1., 1.],
          [0., 1., 0., 0., 1., 0., 1., 0., 0., 1., 0., 1., 0., 1., 0., 1., 0.,
           1., 1.],
          [0., 1., 0., 0., 1., 0., 0., 1., 0., 1., 0., 0., 1., 1., 0., 0., 0.,
           1., 0.],
          [0., 1., 1., 0., 0., 1., 0., 0., 1., 0., 0., 1., 0., 0., 1., 0., 0.,
           0., 1.],
          [1., 0., 1., 1., 0., 1., 1., 0., 1., 1., 1., 0., 0., 1., 1., 0., 0.,
           1., 0.],
          [1., 1., 0., 1., 0., 1., 0., 0., 1., 0., 0., 1., 0., 0., 0., 0., 0.,
           0., 1.],
          [1., 1., 0., 0., 0., 1., 1., 0., 0., 0., 0., 1., 1., 1., 1., 1., 1.,
           0., 1.],
          [1., 0., 1., 1., 0., 1., 0., 0., 1., 1., 0., 1., 0., 1., 1., 1., 1.,
           1., 1.],
          [1., 1., 1., 1., 1., 1., 0., 1., 0., 0., 0., 1., 1., 1., 1., 1., 1.,
           0., 1.]]]], device='cuda:0'), tensor([[0.1572]], device='cuda:0'))
2026-01-08 17:31:38 - INFO - [ 9.9869758e-01 -1.1640801e-02 -9.2731480e-04  6.1351447e-03
 -9.2731667e-04  6.1351410e-03  8.7990469e-01 -1.6474268e-01]
2026-01-08 17:31:38 - INFO - (tensor([[[[0., 1., 1., 0., 0., 1., 1., 1., 0., 1., 0., 1., 0., 1., 1., 1., 1.,
           0., 0.],
          [0., 1., 1., 1., 0., 0., 1., 1., 1., 1., 1., 1., 0., 0., 1., 0., 0.,
           0., 0.],
          [0., 0., 0., 0., 0., 1., 0., 0., 0., 1., 1., 0., 0., 0., 1., 0., 1.,
           0., 1.],
          [0., 0., 0., 0., 0., 0., 1., 0., 0., 0., 1., 1., 1., 0., 0., 0., 0.,
           0., 1.],
          [1., 1., 1., 0., 1., 1., 1., 0., 0., 1., 1., 1., 0., 0., 1., 0., 1.,
           1., 1.],
          [1., 0., 0., 1., 0., 1., 0., 0., 1., 1., 0., 1., 0., 1., 0., 0., 0.,
           1., 1.],
          [0., 0., 1., 1., 0., 1., 1., 0., 0., 1., 0., 0., 0., 0., 1., 1., 1.,
           1., 0.],
          [1., 0., 0., 1., 1., 1., 1., 0., 1., 1., 0., 1., 0., 1., 1., 0., 0.,
           1., 1.],
          [1., 0., 1., 1., 0., 1., 1., 1., 0., 1., 1., 0., 0., 0., 1., 0., 0.,
           1., 1.],
          [1., 0., 0., 1., 1., 0., 1., 0., 1., 1., 0., 1., 1., 0., 0., 1., 1.,
           1., 1.],
          [0., 0., 1., 0., 0., 0., 0., 1., 0., 0., 1., 0., 1., 0., 1., 0., 1.,
           1., 1.],
          [0., 1., 0., 0., 1., 0., 1., 0., 0., 1., 0., 1., 0., 1., 0., 1., 0.,
           1., 1.],
          [0., 1., 0., 0., 1., 0., 0., 1., 0., 1., 0., 0., 1., 1., 0., 0., 0.,
           1., 0.],
          [0., 1., 1., 0., 0., 1., 0., 0., 1., 0., 0., 1., 0., 0., 1., 0., 0.,
           0., 1.],
          [1., 0., 1., 1., 0., 1., 1., 0., 1., 1., 1., 0., 0., 1., 1., 0., 0.,
           1., 0.],
          [1., 1., 0., 1., 0., 1., 0., 0., 1., 0., 0., 1., 0., 0., 0., 0., 0.,
           0., 1.],
          [1., 1., 0., 0., 0., 1., 1., 0., 0., 0., 0., 1., 1., 1., 1., 1., 1.,
           0., 1.],
          [1., 0., 1., 1., 0., 1., 0., 0., 1., 1., 0., 1., 0., 1., 1., 1., 1.,
           1., 1.],
          [1., 1., 1., 1., 1., 1., 0., 1., 0., 0., 0., 1., 1., 1., 1., 1., 1.,
           0., 1.]]]], device='cuda:0'), tensor([[0.1605]], device='cuda:0'))
2026-01-08 17:31:38 - INFO - [ 9.98676181e-01 -1.17964335e-02 -9.10133822e-04  6.24800147e-03
 -9.10135685e-04  6.24799775e-03  8.78744662e-01 -1.65575102e-01]
2026-01-08 17:31:38 - INFO - (tensor([[[[0., 1., 1., 0., 0., 1., 1., 1., 0., 1., 0., 1., 0., 1., 1., 1., 1.,
           0., 0.],
          [0., 1., 1., 1., 0., 0., 1., 1., 1., 1., 1., 1., 0., 0., 1., 0., 0.,
           0., 0.],
          [0., 0., 0., 0., 0., 1., 0., 0., 0., 1., 1., 0., 0., 0., 1., 0., 1.,
           0., 1.],
          [0., 0., 0., 0., 0., 0., 1., 0., 0., 0., 1., 1., 1., 0., 0., 0., 0.,
           0., 1.],
          [1., 1., 1., 0., 1., 1., 1., 0., 0., 1., 1., 1., 0., 0., 1., 0., 1.,
           1., 1.],
          [1., 0., 0., 1., 0., 1., 0., 0., 1., 1., 0., 1., 0., 1., 0., 0., 0.,
           1., 1.],
          [0., 0., 1., 1., 0., 1., 1., 0., 0., 1., 0., 0., 0., 0., 1., 1., 1.,
           1., 0.],
          [1., 0., 0., 1., 1., 1., 1., 0., 1., 1., 0., 1., 0., 1., 1., 0., 0.,
           1., 1.],
          [1., 0., 1., 1., 0., 1., 1., 1., 0., 1., 1., 0., 0., 0., 1., 0., 0.,
           1., 1.],
          [1., 0., 0., 1., 1., 0., 1., 0., 1., 1., 0., 1., 1., 0., 0., 1., 1.,
           1., 1.],
          [0., 0., 1., 0., 0., 0., 0., 1., 0., 0., 1., 0., 1., 0., 1., 0., 1.,
           1., 1.],
          [0., 1., 0., 0., 1., 0., 1., 0., 0., 1., 0., 1., 0., 1., 0., 1., 0.,
           1., 1.],
          [0., 1., 0., 0., 1., 0., 0., 1., 0., 1., 0., 0., 1., 1., 0., 0., 0.,
           1., 0.],
          [0., 1., 1., 0., 0., 1., 0., 0., 1., 0., 0., 1., 0., 0., 1., 0., 0.,
           0., 1.],
          [1., 0., 1., 1., 0., 1., 1., 0., 1., 1., 1., 0., 0., 1., 1., 0., 0.,
           1., 0.],
          [1., 1., 0., 1., 0., 1., 0., 0., 1., 0., 0., 1., 0., 0., 0., 0., 0.,
           0., 1.],
          [1., 1., 0., 0., 0., 1., 1., 0., 0., 0., 0., 1., 1., 1., 1., 1., 1.,
           0., 1.],
          [1., 0., 1., 1., 0., 1., 0., 0., 1., 1., 0., 1., 0., 1., 1., 1., 1.,
           1., 1.],
          [1., 1., 1., 1., 1., 1., 0., 1., 0., 0., 0., 1., 1., 1., 1., 1., 1.,
           0., 1.]]]], device='cuda:0'), tensor([[0.1639]], device='cuda:0'))
2026-01-08 17:31:38 - INFO - [ 9.9865609e-01 -1.1937673e-02 -8.9518796e-04  6.3516577e-03
 -8.9518982e-04  6.3516651e-03  8.7757623e-01 -1.6635405e-01]
2026-01-08 17:31:38 - INFO - (tensor([[[[0., 1., 1., 0., 0., 1., 1., 1., 0., 1., 0., 1., 0., 1., 1., 1., 1.,
           0., 0.],
          [0., 1., 1., 1., 0., 0., 1., 1., 1., 1., 1., 1., 0., 0., 1., 0., 0.,
           0., 0.],
          [0., 0., 0., 0., 0., 1., 0., 0., 0., 1., 1., 0., 0., 0., 1., 0., 1.,
           0., 1.],
          [0., 0., 0., 0., 0., 0., 1., 0., 0., 0., 1., 1., 1., 0., 0., 0., 0.,
           0., 1.],
          [1., 1., 1., 0., 1., 1., 1., 0., 0., 1., 1., 1., 0., 0., 1., 0., 1.,
           1., 1.],
          [1., 0., 0., 1., 0., 1., 0., 0., 1., 1., 0., 1., 0., 1., 0., 0., 0.,
           1., 1.],
          [0., 0., 1., 1., 0., 1., 1., 0., 0., 1., 0., 0., 0., 0., 1., 1., 1.,
           1., 0.],
          [1., 0., 0., 1., 1., 1., 1., 0., 1., 1., 0., 1., 0., 1., 1., 0., 0.,
           1., 1.],
          [1., 0., 1., 1., 0., 1., 1., 1., 0., 1., 1., 0., 0., 0., 1., 0., 0.,
           1., 1.],
          [1., 0., 0., 1., 1., 0., 1., 0., 1., 1., 0., 1., 1., 0., 0., 1., 1.,
           1., 1.],
          [0., 0., 1., 0., 0., 0., 0., 1., 0., 0., 1., 0., 1., 0., 1., 0., 1.,
           1., 1.],
          [0., 1., 0., 0., 1., 0., 1., 0., 0., 1., 0., 1., 0., 1., 0., 1., 0.,
           1., 1.],
          [0., 1., 0., 0., 1., 0., 0., 1., 0., 1., 0., 0., 1., 1., 0., 0., 0.,
           1., 0.],
          [0., 1., 1., 0., 0., 1., 0., 0., 1., 0., 0., 1., 0., 0., 1., 0., 0.,
           0., 1.],
          [1., 0., 1., 1., 0., 1., 1., 0., 1., 1., 1., 0., 0., 1., 1., 0., 0.,
           1., 0.],
          [1., 1., 0., 1., 0., 1., 0., 0., 1., 0., 0., 1., 0., 0., 0., 0., 0.,
           0., 1.],
          [1., 1., 0., 0., 0., 1., 1., 0., 0., 0., 0., 1., 1., 1., 1., 1., 1.,
           0., 1.],
          [1., 0., 1., 1., 0., 1., 0., 0., 1., 1., 0., 1., 0., 1., 1., 1., 1.,
           1., 1.],
          [1., 1., 1., 1., 1., 1., 0., 1., 0., 0., 0., 1., 1., 1., 1., 1., 1.,
           0., 1.]]]], device='cuda:0'), tensor([[0.1672]], device='cuda:0'))
2026-01-08 17:31:38 - INFO - [ 9.9863315e-01 -1.2106598e-02 -8.8702957e-04  6.4757792e-03
 -8.8703143e-04  6.4757830e-03  8.7619805e-01 -1.6719270e-01]
2026-01-08 17:31:38 - INFO - (tensor([[[[0., 1., 1., 0., 0., 1., 1., 1., 0., 1., 0., 1., 0., 1., 1., 1., 1.,
           0., 0.],
          [0., 1., 1., 1., 0., 0., 1., 1., 1., 1., 1., 1., 0., 0., 1., 0., 0.,
           0., 0.],
          [0., 0., 0., 0., 0., 1., 0., 0., 0., 1., 1., 0., 0., 0., 1., 0., 1.,
           0., 1.],
          [0., 0., 0., 0., 0., 0., 1., 0., 0., 0., 1., 1., 1., 0., 0., 0., 0.,
           0., 1.],
          [1., 1., 1., 0., 1., 1., 1., 0., 0., 1., 1., 1., 0., 0., 1., 0., 1.,
           1., 1.],
          [1., 0., 0., 1., 0., 1., 0., 0., 1., 1., 0., 1., 0., 1., 0., 0., 0.,
           1., 1.],
          [0., 0., 1., 1., 0., 1., 1., 0., 0., 1., 0., 0., 0., 0., 1., 1., 1.,
           1., 0.],
          [1., 0., 0., 1., 1., 1., 1., 0., 1., 1., 0., 1., 0., 1., 1., 0., 0.,
           1., 1.],
          [1., 0., 1., 1., 0., 1., 1., 1., 0., 1., 1., 0., 0., 0., 1., 0., 0.,
           1., 1.],
          [1., 0., 0., 1., 1., 0., 1., 0., 1., 1., 0., 1., 1., 0., 0., 1., 1.,
           1., 1.],
          [0., 0., 1., 0., 0., 0., 0., 1., 0., 0., 1., 0., 1., 0., 1., 0., 1.,
           1., 1.],
          [0., 1., 0., 0., 1., 0., 1., 0., 0., 1., 0., 1., 0., 1., 0., 1., 0.,
           1., 1.],
          [0., 1., 0., 0., 1., 0., 0., 1., 0., 1., 0., 0., 1., 1., 0., 0., 0.,
           1., 0.],
          [0., 1., 1., 0., 0., 1., 0., 0., 1., 0., 0., 1., 0., 0., 1., 0., 0.,
           0., 1.],
          [1., 0., 1., 1., 0., 1., 1., 0., 1., 1., 1., 0., 0., 1., 1., 0., 0.,
           1., 0.],
          [1., 1., 0., 1., 0., 1., 0., 0., 1., 0., 0., 1., 0., 0., 0., 0., 0.,
           0., 1.],
          [1., 1., 0., 0., 0., 1., 1., 0., 0., 0., 0., 1., 1., 1., 1., 1., 1.,
           0., 1.],
          [1., 0., 1., 1., 0., 1., 0., 0., 1., 1., 0., 1., 0., 1., 1., 1., 1.,
           1., 1.],
          [1., 1., 1., 1., 1., 1., 0., 1., 0., 0., 0., 1., 1., 1., 1., 1., 1.,
           0., 1.]]]], device='cuda:0'), tensor([[0.1706]], device='cuda:0'))
2026-01-08 17:31:38 - INFO - [ 9.9860567e-01 -1.2321013e-02 -8.8933180e-04  6.6373120e-03
 -8.8932621e-04  6.6373046e-03  8.7441349e-01 -1.6815639e-01]
2026-01-08 17:31:38 - INFO - (tensor([[[[0., 1., 1., 0., 0., 1., 1., 1., 0., 1., 0., 1., 0., 1., 1., 1., 1.,
           0., 0.],
          [0., 1., 1., 1., 0., 0., 1., 1., 1., 1., 1., 1., 0., 0., 1., 0., 0.,
           0., 0.],
          [0., 0., 0., 0., 0., 1., 0., 0., 0., 1., 1., 0., 0., 0., 1., 0., 1.,
           0., 1.],
          [0., 0., 0., 0., 0., 0., 1., 0., 0., 0., 1., 1., 1., 0., 0., 0., 0.,
           0., 1.],
          [1., 1., 1., 0., 1., 1., 1., 0., 0., 1., 1., 1., 0., 0., 1., 0., 1.,
           1., 1.],
          [1., 0., 0., 1., 0., 1., 0., 0., 1., 1., 0., 1., 0., 1., 0., 0., 0.,
           1., 1.],
          [0., 0., 1., 1., 0., 1., 1., 0., 0., 1., 0., 0., 0., 0., 1., 1., 1.,
           1., 0.],
          [1., 0., 0., 1., 1., 1., 1., 0., 1., 1., 0., 1., 0., 1., 1., 0., 0.,
           1., 1.],
          [1., 0., 1., 1., 0., 1., 1., 1., 0., 1., 1., 0., 0., 0., 1., 0., 0.,
           1., 1.],
          [1., 0., 0., 1., 1., 0., 1., 0., 1., 1., 0., 1., 1., 0., 0., 1., 1.,
           1., 1.],
          [0., 0., 1., 0., 0., 0., 0., 1., 0., 0., 1., 0., 1., 0., 1., 0., 1.,
           1., 1.],
          [0., 1., 0., 0., 1., 0., 1., 0., 0., 1., 0., 1., 0., 1., 0., 1., 0.,
           1., 1.],
          [0., 1., 0., 0., 1., 0., 0., 1., 0., 1., 0., 0., 1., 1., 0., 0., 0.,
           1., 0.],
          [0., 1., 1., 0., 0., 1., 0., 0., 1., 0., 0., 1., 0., 0., 1., 0., 0.,
           0., 1.],
          [1., 0., 1., 1., 0., 1., 1., 0., 1., 1., 1., 0., 0., 1., 1., 0., 0.,
           1., 0.],
          [1., 1., 0., 1., 0., 1., 0., 0., 1., 0., 0., 1., 0., 0., 0., 0., 0.,
           0., 1.],
          [1., 1., 0., 0., 0., 1., 1., 0., 0., 0., 0., 1., 1., 1., 1., 1., 1.,
           0., 1.],
          [1., 0., 1., 1., 0., 1., 0., 0., 1., 1., 0., 1., 0., 1., 1., 1., 1.,
           1., 1.],
          [1., 1., 1., 1., 1., 1., 0., 1., 0., 0., 0., 1., 1., 1., 1., 1., 1.,
           0., 1.]]]], device='cuda:0'), tensor([[0.1739]], device='cuda:0'))
2026-01-08 17:31:38 - INFO - [ 9.9858499e-01 -1.2487597e-02 -8.8245491e-04  6.7504626e-03
 -8.8244933e-04  6.7504589e-03  8.7310028e-01 -1.6888925e-01]
2026-01-08 17:31:38 - INFO - (tensor([[[[0., 1., 1., 0., 0., 1., 1., 1., 0., 1., 0., 1., 0., 1., 1., 1., 1.,
           0., 0.],
          [0., 1., 1., 1., 0., 0., 1., 1., 1., 1., 1., 1., 0., 0., 1., 0., 0.,
           0., 0.],
          [0., 0., 0., 0., 0., 1., 0., 0., 0., 1., 1., 0., 0., 0., 1., 0., 1.,
           0., 1.],
          [0., 0., 0., 0., 0., 0., 1., 0., 0., 0., 1., 1., 1., 0., 0., 0., 0.,
           0., 1.],
          [1., 1., 1., 0., 1., 1., 1., 0., 0., 1., 1., 1., 0., 0., 1., 0., 1.,
           1., 1.],
          [1., 0., 0., 1., 0., 1., 0., 0., 1., 1., 0., 1., 0., 1., 0., 0., 0.,
           1., 1.],
          [0., 0., 1., 1., 0., 1., 1., 0., 0., 1., 0., 0., 0., 0., 1., 1., 1.,
           1., 0.],
          [1., 0., 0., 1., 1., 1., 1., 0., 1., 1., 0., 1., 0., 1., 1., 0., 0.,
           1., 1.],
          [1., 0., 1., 1., 0., 1., 1., 1., 0., 1., 1., 0., 0., 0., 1., 0., 0.,
           1., 1.],
          [1., 0., 0., 1., 1., 0., 1., 0., 1., 1., 0., 1., 1., 0., 0., 1., 1.,
           1., 1.],
          [0., 0., 1., 0., 0., 0., 0., 1., 0., 0., 1., 0., 1., 0., 1., 0., 1.,
           1., 1.],
          [0., 1., 0., 0., 1., 0., 1., 0., 0., 1., 0., 1., 0., 1., 0., 1., 0.,
           1., 1.],
          [0., 1., 0., 0., 1., 0., 0., 1., 0., 1., 0., 0., 1., 1., 0., 0., 0.,
           1., 0.],
          [0., 1., 1., 0., 0., 1., 0., 0., 1., 0., 0., 1., 0., 0., 1., 0., 0.,
           0., 1.],
          [1., 0., 1., 1., 0., 1., 1., 0., 1., 1., 1., 0., 0., 1., 1., 0., 0.,
           1., 0.],
          [1., 1., 0., 1., 0., 1., 0., 0., 1., 0., 0., 1., 0., 0., 0., 0., 0.,
           0., 1.],
          [1., 1., 0., 0., 0., 1., 1., 0., 0., 0., 0., 1., 1., 1., 1., 1., 1.,
           0., 1.],
          [1., 0., 1., 1., 0., 1., 0., 0., 1., 1., 0., 1., 0., 1., 1., 1., 1.,
           1., 1.],
          [1., 1., 1., 1., 1., 1., 0., 1., 0., 0., 0., 1., 1., 1., 1., 1., 1.,
           0., 1.]]]], device='cuda:0'), tensor([[0.1773]], device='cuda:0'))
2026-01-08 17:31:38 - INFO - [ 9.9856883e-01 -1.2632968e-02 -8.6584012e-04  6.8360022e-03
 -8.6583453e-04  6.8360022e-03  8.7207907e-01 -1.6957821e-01]
2026-01-08 17:31:38 - INFO - (tensor([[[[0., 1., 1., 0., 0., 1., 1., 1., 0., 1., 0., 1., 0., 1., 1., 1., 1.,
           0., 0.],
          [0., 1., 1., 1., 0., 0., 1., 1., 1., 1., 1., 1., 0., 0., 1., 0., 0.,
           0., 0.],
          [0., 0., 0., 0., 0., 1., 0., 0., 0., 1., 1., 0., 0., 0., 1., 0., 1.,
           0., 1.],
          [0., 0., 0., 0., 0., 0., 1., 0., 0., 0., 1., 1., 1., 0., 0., 0., 0.,
           0., 1.],
          [1., 1., 1., 0., 1., 1., 1., 0., 0., 1., 1., 1., 0., 0., 1., 0., 1.,
           1., 1.],
          [1., 0., 0., 1., 0., 1., 0., 0., 1., 1., 0., 1., 0., 1., 0., 0., 0.,
           1., 1.],
          [0., 0., 1., 1., 0., 1., 1., 0., 0., 1., 0., 0., 0., 0., 1., 1., 1.,
           1., 0.],
          [1., 0., 0., 1., 1., 1., 1., 0., 1., 1., 0., 1., 0., 1., 1., 0., 0.,
           1., 1.],
          [1., 0., 1., 1., 0., 1., 1., 1., 0., 1., 1., 0., 0., 0., 1., 0., 0.,
           1., 1.],
          [1., 0., 0., 1., 1., 0., 1., 0., 1., 1., 0., 1., 1., 0., 0., 1., 1.,
           1., 1.],
          [0., 0., 1., 0., 0., 0., 0., 1., 0., 0., 1., 0., 1., 0., 1., 0., 1.,
           1., 1.],
          [0., 1., 0., 0., 1., 0., 1., 0., 0., 1., 0., 1., 0., 1., 0., 1., 0.,
           1., 1.],
          [0., 1., 0., 0., 1., 0., 0., 1., 0., 1., 0., 0., 1., 1., 0., 0., 0.,
           1., 0.],
          [0., 1., 1., 0., 0., 1., 0., 0., 1., 0., 0., 1., 0., 0., 1., 0., 0.,
           0., 1.],
          [1., 0., 1., 1., 0., 1., 1., 0., 1., 1., 1., 0., 0., 1., 1., 0., 0.,
           1., 0.],
          [1., 1., 0., 1., 0., 1., 0., 0., 1., 0., 0., 1., 0., 0., 0., 0., 0.,
           0., 1.],
          [1., 1., 0., 0., 0., 1., 1., 0., 0., 0., 0., 1., 1., 1., 1., 1., 1.,
           0., 1.],
          [1., 0., 1., 1., 0., 1., 0., 0., 1., 1., 0., 1., 0., 1., 1., 1., 1.,
           1., 1.],
          [1., 1., 1., 1., 1., 1., 0., 1., 0., 0., 0., 1., 1., 1., 1., 1., 1.,
           0., 1.]]]], device='cuda:0'), tensor([[0.1806]], device='cuda:0'))
2026-01-08 17:31:38 - INFO - [ 9.9854875e-01 -1.2826079e-02 -8.4597693e-04  6.9455653e-03
 -8.4597879e-04  6.9455691e-03  8.7086964e-01 -1.7049785e-01]
2026-01-08 17:31:38 - INFO - (tensor([[[[0., 1., 1., 0., 0., 1., 1., 1., 0., 1., 0., 1., 0., 1., 1., 1., 1.,
           0., 0.],
          [0., 1., 1., 1., 0., 0., 1., 1., 1., 1., 1., 1., 0., 0., 1., 0., 0.,
           0., 0.],
          [0., 0., 0., 0., 0., 1., 0., 0., 0., 1., 1., 0., 0., 0., 1., 0., 1.,
           0., 1.],
          [0., 0., 0., 0., 0., 0., 1., 0., 0., 0., 1., 1., 1., 0., 0., 0., 0.,
           0., 1.],
          [1., 1., 1., 0., 1., 1., 1., 0., 0., 1., 1., 1., 0., 0., 1., 0., 1.,
           1., 1.],
          [1., 0., 0., 1., 0., 1., 0., 0., 1., 1., 0., 1., 0., 1., 0., 0., 0.,
           1., 1.],
          [0., 0., 1., 1., 0., 1., 1., 0., 0., 1., 0., 0., 0., 0., 1., 1., 1.,
           1., 0.],
          [1., 0., 0., 1., 1., 1., 1., 0., 1., 1., 0., 1., 0., 1., 1., 0., 0.,
           1., 1.],
          [1., 0., 1., 1., 0., 1., 1., 1., 0., 1., 1., 0., 0., 0., 1., 0., 0.,
           1., 1.],
          [1., 0., 0., 1., 1., 0., 1., 0., 1., 1., 0., 1., 1., 0., 0., 1., 1.,
           1., 1.],
          [0., 0., 1., 0., 0., 0., 0., 1., 0., 0., 1., 0., 1., 0., 1., 0., 1.,
           1., 1.],
          [0., 1., 0., 0., 1., 0., 1., 0., 0., 1., 0., 1., 0., 1., 0., 1., 0.,
           1., 1.],
          [0., 1., 0., 0., 1., 0., 0., 1., 0., 1., 0., 0., 1., 1., 0., 0., 0.,
           1., 0.],
          [0., 1., 1., 0., 0., 1., 0., 0., 1., 0., 0., 1., 0., 0., 1., 0., 0.,
           0., 1.],
          [1., 0., 1., 1., 0., 1., 1., 0., 1., 1., 1., 0., 0., 1., 1., 0., 0.,
           1., 0.],
          [1., 1., 0., 1., 0., 1., 0., 0., 1., 0., 0., 1., 0., 0., 0., 0., 0.,
           0., 1.],
          [1., 1., 0., 0., 0., 1., 1., 0., 0., 0., 0., 1., 1., 1., 1., 1., 1.,
           0., 1.],
          [1., 0., 1., 1., 0., 1., 0., 0., 1., 1., 0., 1., 0., 1., 1., 1., 1.,
           1., 1.],
          [1., 1., 1., 1., 1., 1., 0., 1., 0., 0., 0., 1., 1., 1., 1., 1., 1.,
           0., 1.]]]], device='cuda:0'), tensor([[0.1839]], device='cuda:0'))
2026-01-08 17:31:38 - INFO - [ 9.9852717e-01 -1.3045014e-02 -8.3882437e-04  7.0599448e-03
 -8.3883369e-04  7.0599485e-03  8.6955357e-01 -1.7148378e-01]
2026-01-08 17:31:38 - INFO - (tensor([[[[0., 1., 1., 0., 0., 1., 1., 1., 0., 1., 0., 1., 0., 1., 1., 1., 1.,
           0., 0.],
          [0., 1., 1., 1., 0., 0., 1., 1., 1., 1., 1., 1., 0., 0., 1., 0., 0.,
           0., 0.],
          [0., 0., 0., 0., 0., 1., 0., 0., 0., 1., 1., 0., 0., 0., 1., 0., 1.,
           0., 1.],
          [0., 0., 0., 0., 0., 0., 1., 0., 0., 0., 1., 1., 1., 0., 0., 0., 0.,
           0., 1.],
          [1., 1., 1., 0., 1., 1., 1., 0., 0., 1., 1., 1., 0., 0., 1., 0., 1.,
           1., 1.],
          [1., 0., 0., 1., 0., 1., 0., 0., 1., 1., 0., 1., 0., 1., 0., 0., 0.,
           1., 1.],
          [0., 0., 1., 1., 0., 1., 1., 0., 0., 1., 0., 0., 0., 0., 1., 1., 1.,
           1., 0.],
          [1., 0., 0., 1., 1., 1., 1., 0., 1., 1., 0., 1., 0., 1., 1., 0., 0.,
           1., 1.],
          [1., 0., 1., 1., 0., 1., 1., 1., 0., 1., 1., 0., 0., 0., 1., 0., 0.,
           1., 1.],
          [1., 0., 0., 1., 1., 0., 1., 0., 1., 1., 0., 1., 1., 0., 0., 1., 1.,
           1., 1.],
          [0., 0., 1., 0., 0., 0., 0., 1., 0., 0., 1., 0., 1., 0., 1., 0., 1.,
           1., 1.],
          [0., 1., 0., 0., 1., 0., 1., 0., 0., 1., 0., 1., 0., 1., 0., 1., 0.,
           1., 1.],
          [0., 1., 0., 0., 1., 0., 0., 1., 0., 1., 0., 0., 1., 1., 0., 0., 0.,
           1., 0.],
          [0., 1., 1., 0., 0., 1., 0., 0., 1., 0., 0., 1., 0., 0., 1., 0., 0.,
           0., 1.],
          [1., 0., 1., 1., 0., 1., 1., 0., 1., 1., 1., 0., 0., 1., 1., 0., 0.,
           1., 0.],
          [1., 1., 0., 1., 0., 1., 0., 0., 1., 0., 0., 1., 0., 0., 0., 0., 0.,
           0., 1.],
          [1., 1., 0., 0., 0., 1., 1., 0., 0., 0., 0., 1., 1., 1., 1., 1., 1.,
           0., 1.],
          [1., 0., 1., 1., 0., 1., 0., 0., 1., 1., 0., 1., 0., 1., 1., 1., 1.,
           1., 1.],
          [1., 1., 1., 1., 1., 1., 0., 1., 0., 0., 0., 1., 1., 1., 1., 1., 1.,
           0., 1.]]]], device='cuda:0'), tensor([[0.1873]], device='cuda:0'))
2026-01-08 17:31:38 - INFO - [ 9.9850577e-01 -1.3253271e-02 -8.4903906e-04  7.1580340e-03
 -8.4904837e-04  7.1580303e-03  8.6823297e-01 -1.7239450e-01]
2026-01-08 17:31:38 - INFO - (tensor([[[[0., 1., 1., 0., 0., 1., 1., 1., 0., 1., 0., 1., 0., 1., 1., 1., 1.,
           0., 0.],
          [0., 1., 1., 1., 0., 0., 1., 1., 1., 1., 1., 1., 0., 0., 1., 0., 0.,
           0., 0.],
          [0., 0., 0., 0., 0., 1., 0., 0., 0., 1., 1., 0., 0., 0., 1., 0., 1.,
           0., 1.],
          [0., 0., 0., 0., 0., 0., 1., 0., 0., 0., 1., 1., 1., 0., 0., 0., 0.,
           0., 1.],
          [1., 1., 1., 0., 1., 1., 1., 0., 0., 1., 1., 1., 0., 0., 1., 0., 1.,
           1., 1.],
          [1., 0., 0., 1., 0., 1., 0., 0., 1., 1., 0., 1., 0., 1., 0., 0., 0.,
           1., 1.],
          [0., 0., 1., 1., 0., 1., 1., 0., 0., 1., 0., 0., 0., 0., 1., 1., 1.,
           1., 0.],
          [1., 0., 0., 1., 1., 1., 1., 0., 1., 1., 0., 1., 0., 1., 1., 0., 0.,
           1., 1.],
          [1., 0., 1., 1., 0., 1., 1., 1., 0., 1., 1., 0., 0., 0., 1., 0., 0.,
           1., 1.],
          [1., 0., 0., 1., 1., 0., 1., 0., 1., 1., 0., 1., 1., 0., 0., 1., 1.,
           1., 1.],
          [0., 0., 1., 0., 0., 0., 0., 1., 0., 0., 1., 0., 1., 0., 1., 0., 1.,
           1., 1.],
          [0., 1., 0., 0., 1., 0., 1., 0., 0., 1., 0., 1., 0., 1., 0., 1., 0.,
           1., 1.],
          [0., 1., 0., 0., 1., 0., 0., 1., 0., 1., 0., 0., 1., 1., 0., 0., 0.,
           1., 0.],
          [0., 1., 1., 0., 0., 1., 0., 0., 1., 0., 0., 1., 0., 0., 1., 0., 0.,
           0., 1.],
          [1., 0., 1., 1., 0., 1., 1., 0., 1., 1., 1., 0., 0., 1., 1., 0., 0.,
           1., 0.],
          [1., 1., 0., 1., 0., 1., 0., 0., 1., 0., 0., 1., 0., 0., 0., 0., 0.,
           0., 1.],
          [1., 1., 0., 0., 0., 1., 1., 0., 0., 0., 0., 1., 1., 1., 1., 1., 1.,
           0., 1.],
          [1., 0., 1., 1., 0., 1., 0., 0., 1., 1., 0., 1., 0., 1., 1., 1., 1.,
           1., 1.],
          [1., 1., 1., 1., 1., 1., 0., 1., 0., 0., 0., 1., 1., 1., 1., 1., 1.,
           0., 1.]]]], device='cuda:0'), tensor([[0.1906]], device='cuda:0'))
2026-01-08 17:31:38 - INFO - [ 9.9848270e-01 -1.3461306e-02 -8.6411159e-04  7.2431043e-03
 -8.6409855e-04  7.2431043e-03  8.6688763e-01 -1.7327963e-01]
2026-01-08 17:31:38 - INFO - (tensor([[[[0., 1., 1., 0., 0., 1., 1., 1., 0., 1., 0., 1., 0., 1., 1., 1., 1.,
           0., 0.],
          [0., 1., 1., 1., 0., 0., 1., 1., 1., 1., 1., 1., 0., 0., 1., 0., 0.,
           0., 0.],
          [0., 0., 0., 0., 0., 1., 0., 0., 0., 1., 1., 0., 0., 0., 1., 0., 1.,
           0., 1.],
          [0., 0., 0., 0., 0., 0., 1., 0., 0., 0., 1., 1., 1., 0., 0., 0., 0.,
           0., 1.],
          [1., 1., 1., 0., 1., 1., 1., 0., 0., 1., 1., 1., 0., 0., 1., 0., 1.,
           1., 1.],
          [1., 0., 0., 1., 0., 1., 0., 0., 1., 1., 0., 1., 0., 1., 0., 0., 0.,
           1., 1.],
          [0., 0., 1., 1., 0., 1., 1., 0., 0., 1., 0., 0., 0., 0., 1., 1., 1.,
           1., 0.],
          [1., 0., 0., 1., 1., 1., 1., 0., 1., 1., 0., 1., 0., 1., 1., 0., 0.,
           1., 1.],
          [1., 0., 1., 1., 0., 1., 1., 1., 0., 1., 1., 0., 0., 0., 1., 0., 0.,
           1., 1.],
          [1., 0., 0., 1., 1., 0., 1., 0., 1., 1., 0., 1., 1., 0., 0., 1., 1.,
           1., 1.],
          [0., 0., 1., 0., 0., 0., 0., 1., 0., 0., 1., 0., 1., 0., 1., 0., 1.,
           1., 1.],
          [0., 1., 0., 0., 1., 0., 1., 0., 0., 1., 0., 1., 0., 1., 0., 1., 0.,
           1., 1.],
          [0., 1., 0., 0., 1., 0., 0., 1., 0., 1., 0., 0., 1., 1., 0., 0., 0.,
           1., 0.],
          [0., 1., 1., 0., 0., 1., 0., 0., 1., 0., 0., 1., 0., 0., 1., 0., 0.,
           0., 1.],
          [1., 0., 1., 1., 0., 1., 1., 0., 1., 1., 1., 0., 0., 1., 1., 0., 0.,
           1., 0.],
          [1., 1., 0., 1., 0., 1., 0., 0., 1., 0., 0., 1., 0., 0., 0., 0., 0.,
           0., 1.],
          [1., 1., 0., 0., 0., 1., 1., 0., 0., 0., 0., 1., 1., 1., 1., 1., 1.,
           0., 1.],
          [1., 0., 1., 1., 0., 1., 0., 0., 1., 1., 0., 1., 0., 1., 1., 1., 1.,
           1., 1.],
          [1., 1., 1., 1., 1., 1., 0., 1., 0., 0., 0., 1., 1., 1., 1., 1., 1.,
           0., 1.]]]], device='cuda:0'), tensor([[0.1940]], device='cuda:0'))
2026-01-08 17:31:38 - INFO - [ 9.9846011e-01 -1.3663671e-02 -8.9620124e-04  7.2852164e-03
 -8.9621800e-04  7.2852126e-03  8.6558557e-01 -1.7416033e-01]
2026-01-08 17:31:38 - INFO - (tensor([[[[0., 1., 1., 0., 0., 1., 1., 1., 0., 1., 0., 1., 0., 1., 1., 1., 1.,
           0., 0.],
          [0., 1., 1., 1., 0., 0., 1., 1., 1., 1., 1., 1., 0., 0., 1., 0., 0.,
           0., 0.],
          [0., 0., 0., 0., 0., 1., 0., 0., 0., 1., 1., 0., 0., 0., 1., 0., 1.,
           0., 1.],
          [0., 0., 0., 0., 0., 0., 1., 0., 0., 0., 1., 1., 1., 0., 0., 0., 0.,
           0., 1.],
          [1., 1., 1., 0., 1., 1., 1., 0., 0., 1., 1., 1., 0., 0., 1., 0., 1.,
           1., 1.],
          [1., 0., 0., 1., 0., 1., 0., 0., 1., 1., 0., 1., 0., 1., 0., 0., 0.,
           1., 1.],
          [0., 0., 1., 1., 0., 1., 1., 0., 0., 1., 0., 0., 0., 0., 1., 1., 1.,
           1., 0.],
          [1., 0., 0., 1., 1., 1., 1., 0., 1., 1., 0., 1., 0., 1., 1., 0., 0.,
           1., 1.],
          [1., 0., 1., 1., 0., 1., 1., 1., 0., 1., 1., 0., 0., 0., 1., 0., 0.,
           1., 1.],
          [1., 0., 0., 1., 1., 0., 1., 0., 1., 1., 0., 1., 1., 0., 0., 1., 1.,
           1., 1.],
          [0., 0., 1., 0., 0., 0., 0., 1., 0., 0., 1., 0., 1., 0., 1., 0., 1.,
           1., 1.],
          [0., 1., 0., 0., 1., 0., 1., 0., 0., 1., 0., 1., 0., 1., 0., 1., 0.,
           1., 1.],
          [0., 1., 0., 0., 1., 0., 0., 1., 0., 1., 0., 0., 1., 1., 0., 0., 0.,
           1., 0.],
          [0., 1., 1., 0., 0., 1., 0., 0., 1., 0., 0., 1., 0., 0., 1., 0., 0.,
           0., 1.],
          [1., 0., 1., 1., 0., 1., 1., 0., 1., 1., 1., 0., 0., 1., 1., 0., 0.,
           1., 0.],
          [1., 1., 0., 1., 0., 1., 0., 0., 1., 0., 0., 1., 0., 0., 0., 0., 0.,
           0., 1.],
          [1., 1., 0., 0., 0., 1., 1., 0., 0., 0., 0., 1., 1., 1., 1., 1., 1.,
           0., 1.],
          [1., 0., 1., 1., 0., 1., 0., 0., 1., 1., 0., 1., 0., 1., 1., 1., 1.,
           1., 1.],
          [1., 1., 1., 1., 1., 1., 0., 1., 0., 0., 0., 1., 1., 1., 1., 1., 1.,
           0., 1.]]]], device='cuda:0'), tensor([[0.1973]], device='cuda:0'))
2026-01-08 17:31:38 - INFO - [ 9.9844998e-01 -1.3892710e-02 -9.1439555e-04  7.3287701e-03
 -9.1438252e-04  7.3287664e-03  8.6454642e-01 -1.7489213e-01]
2026-01-08 17:31:38 - INFO - (tensor([[[[0., 1., 1., 0., 0., 1., 1., 1., 0., 1., 0., 1., 0., 1., 1., 1., 1.,
           0., 0.],
          [0., 1., 1., 1., 0., 0., 1., 1., 1., 1., 1., 1., 0., 0., 1., 0., 0.,
           0., 0.],
          [0., 0., 0., 0., 0., 1., 0., 0., 0., 1., 1., 0., 0., 0., 1., 0., 1.,
           0., 1.],
          [0., 0., 0., 0., 0., 0., 1., 0., 0., 0., 1., 1., 1., 0., 0., 0., 0.,
           0., 1.],
          [1., 1., 1., 0., 1., 1., 1., 0., 0., 1., 1., 1., 0., 0., 1., 0., 1.,
           1., 1.],
          [1., 0., 0., 1., 0., 1., 0., 0., 1., 1., 0., 1., 0., 1., 0., 0., 0.,
           1., 1.],
          [0., 0., 1., 1., 0., 1., 1., 0., 0., 1., 0., 0., 0., 0., 1., 1., 1.,
           1., 0.],
          [1., 0., 0., 1., 1., 1., 1., 0., 1., 1., 0., 1., 0., 1., 1., 0., 0.,
           1., 1.],
          [1., 0., 1., 1., 0., 1., 1., 1., 0., 1., 1., 0., 0., 0., 1., 0., 0.,
           1., 1.],
          [1., 0., 0., 1., 1., 0., 1., 0., 1., 1., 0., 1., 1., 0., 0., 1., 1.,
           1., 1.],
          [0., 0., 1., 0., 0., 0., 0., 1., 0., 0., 1., 0., 1., 0., 1., 0., 1.,
           1., 1.],
          [0., 1., 0., 0., 1., 0., 1., 0., 0., 1., 0., 1., 0., 1., 0., 1., 0.,
           1., 1.],
          [0., 1., 0., 0., 1., 0., 0., 1., 0., 1., 0., 0., 1., 1., 0., 0., 0.,
           1., 0.],
          [0., 1., 1., 0., 0., 1., 0., 0., 1., 0., 0., 1., 0., 0., 1., 0., 0.,
           0., 1.],
          [1., 0., 1., 1., 0., 1., 1., 0., 1., 1., 1., 0., 0., 1., 1., 0., 0.,
           1., 0.],
          [1., 1., 0., 1., 0., 1., 0., 0., 1., 0., 0., 1., 0., 0., 0., 0., 0.,
           0., 1.],
          [1., 1., 0., 0., 0., 1., 1., 0., 0., 0., 0., 1., 1., 1., 1., 1., 1.,
           0., 1.],
          [1., 0., 1., 1., 0., 1., 0., 0., 1., 1., 0., 1., 0., 1., 1., 1., 1.,
           1., 1.],
          [1., 1., 1., 1., 1., 1., 0., 1., 0., 0., 0., 1., 1., 1., 1., 1., 1.,
           0., 1.]]]], device='cuda:0'), tensor([[0.2007]], device='cuda:0'))
2026-01-08 17:31:38 - INFO - [ 9.9843121e-01 -1.4189799e-02 -9.3969022e-04  7.4469298e-03
 -9.3967718e-04  7.4469335e-03  8.6316264e-01 -1.7584957e-01]
2026-01-08 17:31:38 - INFO - (tensor([[[[0., 1., 1., 0., 0., 1., 1., 1., 0., 1., 0., 1., 0., 1., 1., 1., 1.,
           0., 0.],
          [0., 1., 1., 1., 0., 0., 1., 1., 1., 1., 1., 1., 0., 0., 1., 0., 0.,
           0., 0.],
          [0., 0., 0., 0., 0., 1., 0., 0., 0., 1., 1., 0., 0., 0., 1., 0., 1.,
           0., 1.],
          [0., 0., 0., 0., 0., 0., 1., 0., 0., 0., 1., 1., 1., 0., 0., 0., 0.,
           0., 1.],
          [1., 1., 1., 0., 1., 1., 1., 0., 0., 1., 1., 1., 0., 0., 1., 0., 1.,
           1., 1.],
          [1., 0., 0., 1., 0., 1., 0., 0., 1., 1., 0., 1., 0., 1., 0., 0., 0.,
           1., 1.],
          [0., 0., 1., 1., 0., 1., 1., 0., 0., 1., 0., 0., 0., 0., 1., 1., 1.,
           1., 0.],
          [1., 0., 0., 1., 1., 1., 1., 0., 1., 1., 0., 1., 0., 1., 1., 0., 0.,
           1., 1.],
          [1., 0., 1., 1., 0., 1., 1., 1., 0., 1., 1., 0., 0., 0., 1., 0., 0.,
           1., 1.],
          [1., 0., 0., 1., 1., 0., 1., 0., 1., 1., 0., 1., 1., 0., 0., 1., 1.,
           1., 1.],
          [0., 0., 1., 0., 0., 0., 0., 1., 0., 0., 1., 0., 1., 0., 1., 0., 1.,
           1., 1.],
          [0., 1., 0., 0., 1., 0., 1., 0., 0., 1., 0., 1., 0., 1., 0., 1., 0.,
           1., 1.],
          [0., 1., 0., 0., 1., 0., 0., 1., 0., 1., 0., 0., 1., 1., 0., 0., 0.,
           1., 0.],
          [0., 1., 1., 0., 0., 1., 0., 0., 1., 0., 0., 1., 0., 0., 1., 0., 0.,
           0., 1.],
          [1., 0., 1., 1., 0., 1., 1., 0., 1., 1., 1., 0., 0., 1., 1., 0., 0.,
           1., 0.],
          [1., 1., 0., 1., 0., 1., 0., 0., 1., 0., 0., 1., 0., 0., 0., 0., 0.,
           0., 1.],
          [1., 1., 0., 0., 0., 1., 1., 0., 0., 0., 0., 1., 1., 1., 1., 1., 1.,
           0., 1.],
          [1., 0., 1., 1., 0., 1., 0., 0., 1., 1., 0., 1., 0., 1., 1., 1., 1.,
           1., 1.],
          [1., 1., 1., 1., 1., 1., 0., 1., 0., 0., 0., 1., 1., 1., 1., 1., 1.,
           0., 1.]]]], device='cuda:0'), tensor([[0.2040]], device='cuda:0'))
2026-01-08 17:31:38 - INFO - [ 9.9841201e-01 -1.4494469e-02 -9.6549903e-04  7.5657750e-03
 -9.6550089e-04  7.5657787e-03  8.6175084e-01 -1.7680255e-01]
2026-01-08 17:31:38 - INFO - (tensor([[[[0., 1., 1., 0., 0., 1., 1., 1., 0., 1., 0., 1., 0., 1., 1., 1., 1.,
           0., 0.],
          [0., 1., 1., 1., 0., 0., 1., 1., 1., 1., 1., 1., 0., 0., 1., 0., 0.,
           0., 0.],
          [0., 0., 0., 0., 0., 1., 0., 0., 0., 1., 1., 0., 0., 0., 1., 0., 1.,
           0., 1.],
          [0., 0., 0., 0., 0., 0., 1., 0., 0., 0., 1., 1., 1., 0., 0., 0., 0.,
           0., 1.],
          [1., 1., 1., 0., 1., 1., 1., 0., 0., 1., 1., 1., 0., 0., 1., 0., 1.,
           1., 1.],
          [1., 0., 0., 1., 0., 1., 0., 0., 1., 1., 0., 1., 0., 1., 0., 0., 0.,
           1., 1.],
          [0., 0., 1., 1., 0., 1., 1., 0., 0., 1., 0., 0., 0., 0., 1., 1., 1.,
           1., 0.],
          [1., 0., 0., 1., 1., 1., 1., 0., 1., 1., 0., 1., 0., 1., 1., 0., 0.,
           1., 1.],
          [1., 0., 1., 1., 0., 1., 1., 1., 0., 1., 1., 0., 0., 0., 1., 0., 0.,
           1., 1.],
          [1., 0., 0., 1., 1., 0., 1., 0., 1., 1., 0., 1., 1., 0., 0., 1., 1.,
           1., 1.],
          [0., 0., 1., 0., 0., 0., 0., 1., 0., 0., 1., 0., 1., 0., 1., 0., 1.,
           1., 1.],
          [0., 1., 0., 0., 1., 0., 1., 0., 0., 1., 0., 1., 0., 1., 0., 1., 0.,
           1., 1.],
          [0., 1., 0., 0., 1., 0., 0., 1., 0., 1., 0., 0., 1., 1., 0., 0., 0.,
           1., 0.],
          [0., 1., 1., 0., 0., 1., 0., 0., 1., 0., 0., 1., 0., 0., 1., 0., 0.,
           0., 1.],
          [1., 0., 1., 1., 0., 1., 1., 0., 1., 1., 1., 0., 0., 1., 1., 0., 0.,
           1., 0.],
          [1., 1., 0., 1., 0., 1., 0., 0., 1., 0., 0., 1., 0., 0., 0., 0., 0.,
           0., 1.],
          [1., 1., 0., 0., 0., 1., 1., 0., 0., 0., 0., 1., 1., 1., 1., 1., 1.,
           0., 1.],
          [1., 0., 1., 1., 0., 1., 0., 0., 1., 1., 0., 1., 0., 1., 1., 1., 1.,
           1., 1.],
          [1., 1., 1., 1., 1., 1., 0., 1., 0., 0., 0., 1., 1., 1., 1., 1., 1.,
           0., 1.]]]], device='cuda:0'), tensor([[0.2074]], device='cuda:0'))
2026-01-08 17:31:38 - INFO - [ 9.9839246e-01 -1.4800440e-02 -9.8232238e-04  7.6640574e-03
 -9.8233169e-04  7.6640537e-03  8.6042643e-01 -1.7780194e-01]
2026-01-08 17:31:38 - INFO - (tensor([[[[0., 1., 1., 0., 0., 1., 1., 1., 0., 1., 0., 1., 0., 1., 1., 1., 1.,
           0., 0.],
          [0., 1., 1., 1., 0., 0., 1., 1., 1., 1., 1., 1., 0., 0., 1., 0., 0.,
           0., 0.],
          [0., 0., 0., 0., 0., 1., 0., 0., 0., 1., 1., 0., 0., 0., 1., 0., 1.,
           0., 1.],
          [0., 0., 0., 0., 0., 0., 1., 0., 0., 0., 1., 1., 1., 0., 0., 0., 0.,
           0., 1.],
          [1., 1., 1., 0., 1., 1., 1., 0., 0., 1., 1., 1., 0., 0., 1., 0., 1.,
           1., 1.],
          [1., 0., 0., 1., 0., 1., 0., 0., 1., 1., 0., 1., 0., 1., 0., 0., 0.,
           1., 1.],
          [0., 0., 1., 1., 0., 1., 1., 0., 0., 1., 0., 0., 0., 0., 1., 1., 1.,
           1., 0.],
          [1., 0., 0., 1., 1., 1., 1., 0., 1., 1., 0., 1., 0., 1., 1., 0., 0.,
           1., 1.],
          [1., 0., 1., 1., 0., 1., 1., 1., 0., 1., 1., 0., 0., 0., 1., 0., 0.,
           1., 1.],
          [1., 0., 0., 1., 1., 0., 1., 0., 1., 1., 0., 1., 1., 0., 0., 1., 1.,
           1., 1.],
          [0., 0., 1., 0., 0., 0., 0., 1., 0., 0., 1., 0., 1., 0., 1., 0., 1.,
           1., 1.],
          [0., 1., 0., 0., 1., 0., 1., 0., 0., 1., 0., 1., 0., 1., 0., 1., 0.,
           1., 1.],
          [0., 1., 0., 0., 1., 0., 0., 1., 0., 1., 0., 0., 1., 1., 0., 0., 0.,
           1., 0.],
          [0., 1., 1., 0., 0., 1., 0., 0., 1., 0., 0., 1., 0., 0., 1., 0., 0.,
           0., 1.],
          [1., 0., 1., 1., 0., 1., 1., 0., 1., 1., 1., 0., 0., 1., 1., 0., 0.,
           1., 0.],
          [1., 1., 0., 1., 0., 1., 0., 0., 1., 0., 0., 1., 0., 0., 0., 0., 0.,
           0., 1.],
          [1., 1., 0., 0., 0., 1., 1., 0., 0., 0., 0., 1., 1., 1., 1., 1., 1.,
           0., 1.],
          [1., 0., 1., 1., 0., 1., 0., 0., 1., 1., 0., 1., 0., 1., 1., 1., 1.,
           1., 1.],
          [1., 1., 1., 1., 1., 1., 0., 1., 0., 0., 0., 1., 1., 1., 1., 1., 1.,
           0., 1.]]]], device='cuda:0'), tensor([[0.2107]], device='cuda:0'))
2026-01-08 17:31:38 - INFO - [ 9.9837118e-01 -1.5130006e-02 -9.5872645e-04  7.8683253e-03
 -9.5872086e-04  7.8683291e-03  8.5870171e-01 -1.7958142e-01]
2026-01-08 17:31:38 - INFO - (tensor([[[[0., 1., 1., 0., 0., 1., 1., 1., 0., 1., 0., 1., 0., 1., 1., 1., 1.,
           0., 0.],
          [0., 1., 1., 1., 0., 0., 1., 1., 1., 1., 1., 1., 0., 0., 1., 0., 0.,
           0., 0.],
          [0., 0., 0., 0., 0., 1., 0., 0., 0., 1., 1., 0., 0., 0., 1., 0., 1.,
           0., 1.],
          [0., 0., 0., 0., 0., 0., 1., 0., 0., 0., 1., 1., 1., 0., 0., 0., 0.,
           0., 1.],
          [1., 1., 1., 0., 1., 1., 1., 0., 0., 1., 1., 1., 0., 0., 1., 0., 1.,
           1., 1.],
          [1., 0., 0., 1., 0., 1., 0., 0., 1., 1., 0., 1., 0., 1., 0., 0., 0.,
           1., 1.],
          [0., 0., 1., 1., 0., 1., 1., 0., 0., 1., 0., 0., 0., 0., 1., 1., 1.,
           1., 0.],
          [1., 0., 0., 1., 1., 1., 1., 0., 1., 1., 0., 1., 0., 1., 1., 0., 0.,
           1., 1.],
          [1., 0., 1., 1., 0., 1., 1., 1., 0., 1., 1., 0., 0., 0., 1., 0., 0.,
           1., 1.],
          [1., 0., 0., 1., 1., 0., 1., 0., 1., 1., 0., 1., 1., 0., 0., 1., 1.,
           1., 1.],
          [0., 0., 1., 0., 0., 0., 0., 1., 0., 0., 1., 0., 1., 0., 1., 0., 1.,
           1., 1.],
          [0., 1., 0., 0., 1., 0., 1., 0., 0., 1., 0., 1., 0., 1., 0., 1., 0.,
           1., 1.],
          [0., 1., 0., 0., 1., 0., 0., 1., 0., 1., 0., 0., 1., 1., 0., 0., 0.,
           1., 0.],
          [0., 1., 1., 0., 0., 1., 0., 0., 1., 0., 0., 1., 0., 0., 1., 0., 0.,
           0., 1.],
          [1., 0., 1., 1., 0., 1., 1., 0., 1., 1., 1., 0., 0., 1., 1., 0., 0.,
           1., 0.],
          [1., 1., 0., 1., 0., 1., 0., 0., 1., 0., 0., 1., 0., 0., 0., 0., 0.,
           0., 1.],
          [1., 1., 0., 0., 0., 1., 1., 0., 0., 0., 0., 1., 1., 1., 1., 1., 1.,
           0., 1.],
          [1., 0., 1., 1., 0., 1., 0., 0., 1., 1., 0., 1., 0., 1., 1., 1., 1.,
           1., 1.],
          [1., 1., 1., 1., 1., 1., 0., 1., 0., 0., 0., 1., 1., 1., 1., 1., 1.,
           0., 1.]]]], device='cuda:0'), tensor([[0.2140]], device='cuda:0'))
2026-01-08 17:31:38 - INFO - [ 9.9835581e-01 -1.5330682e-02 -9.1680209e-04  8.0292029e-03
 -9.1680395e-04  8.0292029e-03  8.5764468e-01 -1.8084791e-01]
2026-01-08 17:31:38 - INFO - (tensor([[[[0., 1., 1., 0., 0., 1., 1., 1., 0., 1., 0., 1., 0., 1., 1., 1., 1.,
           0., 0.],
          [0., 1., 1., 1., 0., 0., 1., 1., 1., 1., 1., 1., 0., 0., 1., 0., 0.,
           0., 0.],
          [0., 0., 0., 0., 0., 1., 0., 0., 0., 1., 1., 0., 0., 0., 1., 0., 1.,
           0., 1.],
          [0., 0., 0., 0., 0., 0., 1., 0., 0., 0., 1., 1., 1., 0., 0., 0., 0.,
           0., 1.],
          [1., 1., 1., 0., 1., 1., 1., 0., 0., 1., 1., 1., 0., 0., 1., 0., 1.,
           1., 1.],
          [1., 0., 0., 1., 0., 1., 0., 0., 1., 1., 0., 1., 0., 1., 0., 0., 0.,
           1., 1.],
          [0., 0., 1., 1., 0., 1., 1., 0., 0., 1., 0., 0., 0., 0., 1., 1., 1.,
           1., 0.],
          [1., 0., 0., 1., 1., 1., 1., 0., 1., 1., 0., 1., 0., 1., 1., 0., 0.,
           1., 1.],
          [1., 0., 1., 1., 0., 1., 1., 1., 0., 1., 1., 0., 0., 0., 1., 0., 0.,
           1., 1.],
          [1., 0., 0., 1., 1., 0., 1., 0., 1., 1., 0., 1., 1., 0., 0., 1., 1.,
           1., 1.],
          [0., 0., 1., 0., 0., 0., 0., 1., 0., 0., 1., 0., 1., 0., 1., 0., 1.,
           1., 1.],
          [0., 1., 0., 0., 1., 0., 1., 0., 0., 1., 0., 1., 0., 1., 0., 1., 0.,
           1., 1.],
          [0., 1., 0., 0., 1., 0., 0., 1., 0., 1., 0., 0., 1., 1., 0., 0., 0.,
           1., 0.],
          [0., 1., 1., 0., 0., 1., 0., 0., 1., 0., 0., 1., 0., 0., 1., 0., 0.,
           0., 1.],
          [1., 0., 1., 1., 0., 1., 1., 0., 1., 1., 1., 0., 0., 1., 1., 0., 0.,
           1., 0.],
          [1., 1., 0., 1., 0., 1., 0., 0., 1., 0., 0., 1., 0., 0., 0., 0., 0.,
           0., 1.],
          [1., 1., 0., 0., 0., 1., 1., 0., 0., 0., 0., 1., 1., 1., 1., 1., 1.,
           0., 1.],
          [1., 0., 1., 1., 0., 1., 0., 0., 1., 1., 0., 1., 0., 1., 1., 1., 1.,
           1., 1.],
          [1., 1., 1., 1., 1., 1., 0., 1., 0., 0., 0., 1., 1., 1., 1., 1., 1.,
           0., 1.]]]], device='cuda:0'), tensor([[0.2174]], device='cuda:0'))
2026-01-08 17:31:38 - INFO - [ 9.9833733e-01 -1.5644906e-02 -8.6377631e-04  8.1952354e-03
 -8.6377817e-04  8.1952428e-03  8.5654169e-01 -1.8213883e-01]
2026-01-08 17:31:38 - INFO - (tensor([[[[0., 1., 1., 0., 0., 1., 1., 1., 0., 1., 0., 1., 0., 1., 1., 1., 1.,
           0., 0.],
          [0., 1., 1., 1., 0., 0., 1., 1., 1., 1., 1., 1., 0., 0., 1., 0., 0.,
           0., 0.],
          [0., 0., 0., 0., 0., 1., 0., 0., 0., 1., 1., 0., 0., 0., 1., 0., 1.,
           0., 1.],
          [0., 0., 0., 0., 0., 0., 1., 0., 0., 0., 1., 1., 1., 0., 0., 0., 0.,
           0., 1.],
          [1., 1., 1., 0., 1., 1., 1., 0., 0., 1., 1., 1., 0., 0., 1., 0., 1.,
           1., 1.],
          [1., 0., 0., 1., 0., 1., 0., 0., 1., 1., 0., 1., 0., 1., 0., 0., 0.,
           1., 1.],
          [0., 0., 1., 1., 0., 1., 1., 0., 0., 1., 0., 0., 0., 0., 1., 1., 1.,
           1., 0.],
          [1., 0., 0., 1., 1., 1., 1., 0., 1., 1., 0., 1., 0., 1., 1., 0., 0.,
           1., 1.],
          [1., 0., 1., 1., 0., 1., 1., 1., 0., 1., 1., 0., 0., 0., 1., 0., 0.,
           1., 1.],
          [1., 0., 0., 1., 1., 0., 1., 0., 1., 1., 0., 1., 1., 0., 0., 1., 1.,
           1., 1.],
          [0., 0., 1., 0., 0., 0., 0., 1., 0., 0., 1., 0., 1., 0., 1., 0., 1.,
           1., 1.],
          [0., 1., 0., 0., 1., 0., 1., 0., 0., 1., 0., 1., 0., 1., 0., 1., 0.,
           1., 1.],
          [0., 1., 0., 0., 1., 0., 0., 1., 0., 1., 0., 0., 1., 1., 0., 0., 0.,
           1., 0.],
          [0., 1., 1., 0., 0., 1., 0., 0., 1., 0., 0., 1., 0., 0., 1., 0., 0.,
           0., 1.],
          [1., 0., 1., 1., 0., 1., 1., 0., 1., 1., 1., 0., 0., 1., 1., 0., 0.,
           1., 0.],
          [1., 1., 0., 1., 0., 1., 0., 0., 1., 0., 0., 1., 0., 0., 0., 0., 0.,
           0., 1.],
          [1., 1., 0., 0., 0., 1., 1., 0., 0., 0., 0., 1., 1., 1., 1., 1., 1.,
           0., 1.],
          [1., 0., 1., 1., 0., 1., 0., 0., 1., 1., 0., 1., 0., 1., 1., 1., 1.,
           1., 1.],
          [1., 1., 1., 1., 1., 1., 0., 1., 0., 0., 0., 1., 1., 1., 1., 1., 1.,
           0., 1.]]]], device='cuda:0'), tensor([[0.2207]], device='cuda:0'))
2026-01-08 17:31:38 - INFO - [ 9.9831867e-01 -1.5962854e-02 -8.1082509e-04  8.3625456e-03
 -8.1082695e-04  8.3625456e-03  8.5541332e-01 -1.8343505e-01]
2026-01-08 17:31:38 - INFO - (tensor([[[[0., 1., 1., 0., 0., 1., 1., 1., 0., 1., 0., 1., 0., 1., 1., 1., 1.,
           0., 0.],
          [0., 1., 1., 1., 0., 0., 1., 1., 1., 1., 1., 1., 0., 0., 1., 0., 0.,
           0., 0.],
          [0., 0., 0., 0., 0., 1., 0., 0., 0., 1., 1., 0., 0., 0., 1., 0., 1.,
           0., 1.],
          [0., 0., 0., 0., 0., 0., 1., 0., 0., 0., 1., 1., 1., 0., 0., 0., 0.,
           0., 1.],
          [1., 1., 1., 0., 1., 1., 1., 0., 0., 1., 1., 1., 0., 0., 1., 0., 1.,
           1., 1.],
          [1., 0., 0., 1., 0., 1., 0., 0., 1., 1., 0., 1., 0., 1., 0., 0., 0.,
           1., 1.],
          [0., 0., 1., 1., 0., 1., 1., 0., 0., 1., 0., 0., 0., 0., 1., 1., 1.,
           1., 0.],
          [1., 0., 0., 1., 1., 1., 1., 0., 1., 1., 0., 1., 0., 1., 1., 0., 0.,
           1., 1.],
          [1., 0., 1., 1., 0., 1., 1., 1., 0., 1., 1., 0., 0., 0., 1., 0., 0.,
           1., 1.],
          [1., 0., 0., 1., 1., 0., 1., 0., 1., 1., 0., 1., 1., 0., 0., 1., 1.,
           1., 1.],
          [0., 0., 1., 0., 0., 0., 0., 1., 0., 0., 1., 0., 1., 0., 1., 0., 1.,
           1., 1.],
          [0., 1., 0., 0., 1., 0., 1., 0., 0., 1., 0., 1., 0., 1., 0., 1., 0.,
           1., 1.],
          [0., 1., 0., 0., 1., 0., 0., 1., 0., 1., 0., 0., 1., 1., 0., 0., 0.,
           1., 0.],
          [0., 1., 1., 0., 0., 1., 0., 0., 1., 0., 0., 1., 0., 0., 1., 0., 0.,
           0., 1.],
          [1., 0., 1., 1., 0., 1., 1., 0., 1., 1., 1., 0., 0., 1., 1., 0., 0.,
           1., 0.],
          [1., 1., 0., 1., 0., 1., 0., 0., 1., 0., 0., 1., 0., 0., 0., 0., 0.,
           0., 1.],
          [1., 1., 0., 0., 0., 1., 1., 0., 0., 0., 0., 1., 1., 1., 1., 1., 1.,
           0., 1.],
          [1., 0., 1., 1., 0., 1., 0., 0., 1., 1., 0., 1., 0., 1., 1., 1., 1.,
           1., 1.],
          [1., 1., 1., 1., 1., 1., 0., 1., 0., 0., 0., 1., 1., 1., 1., 1., 1.,
           0., 1.]]]], device='cuda:0'), tensor([[0.2241]], device='cuda:0'))
2026-01-08 17:31:38 - INFO - [ 9.9829942e-01 -1.6281381e-02 -7.5753115e-04  8.5293744e-03
 -7.5753301e-04  8.5293744e-03  8.5426491e-01 -1.8473776e-01]
2026-01-08 17:31:38 - INFO - (tensor([[[[0., 1., 1., 0., 0., 1., 1., 1., 0., 1., 0., 1., 0., 1., 1., 1., 1.,
           0., 0.],
          [0., 1., 1., 1., 0., 0., 1., 1., 1., 1., 1., 1., 0., 0., 1., 0., 0.,
           0., 0.],
          [0., 0., 0., 0., 0., 1., 0., 0., 0., 1., 1., 0., 0., 0., 1., 0., 1.,
           0., 1.],
          [0., 0., 0., 0., 0., 0., 1., 0., 0., 0., 1., 1., 1., 0., 0., 0., 0.,
           0., 1.],
          [1., 1., 1., 0., 1., 1., 1., 0., 0., 1., 1., 1., 0., 0., 1., 0., 1.,
           1., 1.],
          [1., 0., 0., 1., 0., 1., 0., 0., 1., 1., 0., 1., 0., 1., 0., 0., 0.,
           1., 1.],
          [0., 0., 1., 1., 0., 1., 1., 0., 0., 1., 0., 0., 0., 0., 1., 1., 1.,
           1., 0.],
          [1., 0., 0., 1., 1., 1., 1., 0., 1., 1., 0., 1., 0., 1., 1., 0., 0.,
           1., 1.],
          [1., 0., 1., 1., 0., 1., 1., 1., 0., 1., 1., 0., 0., 0., 1., 0., 0.,
           1., 1.],
          [1., 0., 0., 1., 1., 0., 1., 0., 1., 1., 0., 1., 1., 0., 0., 1., 1.,
           1., 1.],
          [0., 0., 1., 0., 0., 0., 0., 1., 0., 0., 1., 0., 1., 0., 1., 0., 1.,
           1., 1.],
          [0., 1., 0., 0., 1., 0., 1., 0., 0., 1., 0., 1., 0., 1., 0., 1., 0.,
           1., 1.],
          [0., 1., 0., 0., 1., 0., 0., 1., 0., 1., 0., 0., 1., 1., 0., 0., 0.,
           1., 0.],
          [0., 1., 1., 0., 0., 1., 0., 0., 1., 0., 0., 1., 0., 0., 1., 0., 0.,
           0., 1.],
          [1., 0., 1., 1., 0., 1., 1., 0., 1., 1., 1., 0., 0., 1., 1., 0., 0.,
           1., 0.],
          [1., 1., 0., 1., 0., 1., 0., 0., 1., 0., 0., 1., 0., 0., 0., 0., 0.,
           0., 1.],
          [1., 1., 0., 0., 0., 1., 1., 0., 0., 0., 0., 1., 1., 1., 1., 1., 1.,
           0., 1.],
          [1., 0., 1., 1., 0., 1., 0., 0., 1., 1., 0., 1., 0., 1., 1., 1., 1.,
           1., 1.],
          [1., 1., 1., 1., 1., 1., 0., 1., 0., 0., 0., 1., 1., 1., 1., 1., 1.,
           0., 1.]]]], device='cuda:0'), tensor([[0.2274]], device='cuda:0'))
2026-01-08 17:31:38 - INFO - [ 9.9827868e-01 -1.6601404e-02 -7.0458732e-04  8.6987987e-03
 -7.0457428e-04  8.6987913e-03  8.5312074e-01 -1.8603753e-01]
2026-01-08 17:31:38 - INFO - (tensor([[[[0., 1., 1., 0., 0., 1., 1., 1., 0., 1., 0., 1., 0., 1., 1., 1., 1.,
           0., 0.],
          [0., 1., 1., 1., 0., 0., 1., 1., 1., 1., 1., 1., 0., 0., 1., 0., 0.,
           0., 0.],
          [0., 0., 0., 0., 0., 1., 0., 0., 0., 1., 1., 0., 0., 0., 1., 0., 1.,
           0., 1.],
          [0., 0., 0., 0., 0., 0., 1., 0., 0., 0., 1., 1., 1., 0., 0., 0., 0.,
           0., 1.],
          [1., 1., 1., 0., 1., 1., 1., 0., 0., 1., 1., 1., 0., 0., 1., 0., 1.,
           1., 1.],
          [1., 0., 0., 1., 0., 1., 0., 0., 1., 1., 0., 1., 0., 1., 0., 0., 0.,
           1., 1.],
          [0., 0., 1., 1., 0., 1., 1., 0., 0., 1., 0., 0., 0., 0., 1., 1., 1.,
           1., 0.],
          [1., 0., 0., 1., 1., 1., 1., 0., 1., 1., 0., 1., 0., 1., 1., 0., 0.,
           1., 1.],
          [1., 0., 1., 1., 0., 1., 1., 1., 0., 1., 1., 0., 0., 0., 1., 0., 0.,
           1., 1.],
          [1., 0., 0., 1., 1., 0., 1., 0., 1., 1., 0., 1., 1., 0., 0., 1., 1.,
           1., 1.],
          [0., 0., 1., 0., 0., 0., 0., 1., 0., 0., 1., 0., 1., 0., 1., 0., 1.,
           1., 1.],
          [0., 1., 0., 0., 1., 0., 1., 0., 0., 1., 0., 1., 0., 1., 0., 1., 0.,
           1., 1.],
          [0., 1., 0., 0., 1., 0., 0., 1., 0., 1., 0., 0., 1., 1., 0., 0., 0.,
           1., 0.],
          [0., 1., 1., 0., 0., 1., 0., 0., 1., 0., 0., 1., 0., 0., 1., 0., 0.,
           0., 1.],
          [1., 0., 1., 1., 0., 1., 1., 0., 1., 1., 1., 0., 0., 1., 1., 0., 0.,
           1., 0.],
          [1., 1., 0., 1., 0., 1., 0., 0., 1., 0., 0., 1., 0., 0., 0., 0., 0.,
           0., 1.],
          [1., 1., 0., 0., 0., 1., 1., 0., 0., 0., 0., 1., 1., 1., 1., 1., 1.,
           0., 1.],
          [1., 0., 1., 1., 0., 1., 0., 0., 1., 1., 0., 1., 0., 1., 1., 1., 1.,
           1., 1.],
          [1., 1., 1., 1., 1., 1., 0., 1., 0., 0., 0., 1., 1., 1., 1., 1., 1.,
           0., 1.]]]], device='cuda:0'), tensor([[0.2308]], device='cuda:0'))
2026-01-08 17:31:38 - INFO - [ 9.9826258e-01 -1.6905138e-02 -6.7141734e-04  8.8341208e-03
 -6.7142665e-04  8.8341208e-03  8.5226291e-01 -1.8700932e-01]
2026-01-08 17:31:38 - INFO - (tensor([[[[0., 1., 1., 0., 0., 1., 1., 1., 0., 1., 0., 1., 0., 1., 1., 1., 1.,
           0., 0.],
          [0., 1., 1., 1., 0., 0., 1., 1., 1., 1., 1., 1., 0., 0., 1., 0., 0.,
           0., 0.],
          [0., 0., 0., 0., 0., 1., 0., 0., 0., 1., 1., 0., 0., 0., 1., 0., 1.,
           0., 1.],
          [0., 0., 0., 0., 0., 0., 1., 0., 0., 0., 1., 1., 1., 0., 0., 0., 0.,
           0., 1.],
          [1., 1., 1., 0., 1., 1., 1., 0., 0., 1., 1., 1., 0., 0., 1., 0., 1.,
           1., 1.],
          [1., 0., 0., 1., 0., 1., 0., 0., 1., 1., 0., 1., 0., 1., 0., 0., 0.,
           1., 1.],
          [0., 0., 1., 1., 0., 1., 1., 0., 0., 1., 0., 0., 0., 0., 1., 1., 1.,
           1., 0.],
          [1., 0., 0., 1., 1., 1., 1., 0., 1., 1., 0., 1., 0., 1., 1., 0., 0.,
           1., 1.],
          [1., 0., 1., 1., 0., 1., 1., 1., 0., 1., 1., 0., 0., 0., 1., 0., 0.,
           1., 1.],
          [1., 0., 0., 1., 1., 0., 1., 0., 1., 1., 0., 1., 1., 0., 0., 1., 1.,
           1., 1.],
          [0., 0., 1., 0., 0., 0., 0., 1., 0., 0., 1., 0., 1., 0., 1., 0., 1.,
           1., 1.],
          [0., 1., 0., 0., 1., 0., 1., 0., 0., 1., 0., 1., 0., 1., 0., 1., 0.,
           1., 1.],
          [0., 1., 0., 0., 1., 0., 0., 1., 0., 1., 0., 0., 1., 1., 0., 0., 0.,
           1., 0.],
          [0., 1., 1., 0., 0., 1., 0., 0., 1., 0., 0., 1., 0., 0., 1., 0., 0.,
           0., 1.],
          [1., 0., 1., 1., 0., 1., 1., 0., 1., 1., 1., 0., 0., 1., 1., 0., 0.,
           1., 0.],
          [1., 1., 0., 1., 0., 1., 0., 0., 1., 0., 0., 1., 0., 0., 0., 0., 0.,
           0., 1.],
          [1., 1., 0., 0., 0., 1., 1., 0., 0., 0., 0., 1., 1., 1., 1., 1., 1.,
           0., 1.],
          [1., 0., 1., 1., 0., 1., 0., 0., 1., 1., 0., 1., 0., 1., 1., 1., 1.,
           1., 1.],
          [1., 1., 1., 1., 1., 1., 0., 1., 0., 0., 0., 1., 1., 1., 1., 1., 1.,
           0., 1.]]]], device='cuda:0'), tensor([[0.2341]], device='cuda:0'))
2026-01-08 17:31:38 - INFO - [ 9.9824697e-01 -1.7231829e-02 -6.3984923e-04  8.9784050e-03
 -6.3984364e-04  8.9784013e-03  8.5141063e-01 -1.8801446e-01]
2026-01-08 17:31:38 - INFO - (tensor([[[[0., 1., 1., 0., 0., 1., 1., 1., 0., 1., 0., 1., 0., 1., 1., 1., 1.,
           0., 0.],
          [0., 1., 1., 1., 0., 0., 1., 1., 1., 1., 1., 1., 0., 0., 1., 0., 0.,
           0., 0.],
          [0., 0., 0., 0., 0., 1., 0., 0., 0., 1., 1., 0., 0., 0., 1., 0., 1.,
           0., 1.],
          [0., 0., 0., 0., 0., 0., 1., 0., 0., 0., 1., 1., 1., 0., 0., 0., 0.,
           0., 1.],
          [1., 1., 1., 0., 1., 1., 1., 0., 0., 1., 1., 1., 0., 0., 1., 0., 1.,
           1., 1.],
          [1., 0., 0., 1., 0., 1., 0., 0., 1., 1., 0., 1., 0., 1., 0., 0., 0.,
           1., 1.],
          [0., 0., 1., 1., 0., 1., 1., 0., 0., 1., 0., 0., 0., 0., 1., 1., 1.,
           1., 0.],
          [1., 0., 0., 1., 1., 1., 1., 0., 1., 1., 0., 1., 0., 1., 1., 0., 0.,
           1., 1.],
          [1., 0., 1., 1., 0., 1., 1., 1., 0., 1., 1., 0., 0., 0., 1., 0., 0.,
           1., 1.],
          [1., 0., 0., 1., 1., 0., 1., 0., 1., 1., 0., 1., 1., 0., 0., 1., 1.,
           1., 1.],
          [0., 0., 1., 0., 0., 0., 0., 1., 0., 0., 1., 0., 1., 0., 1., 0., 1.,
           1., 1.],
          [0., 1., 0., 0., 1., 0., 1., 0., 0., 1., 0., 1., 0., 1., 0., 1., 0.,
           1., 1.],
          [0., 1., 0., 0., 1., 0., 0., 1., 0., 1., 0., 0., 1., 1., 0., 0., 0.,
           1., 0.],
          [0., 1., 1., 0., 0., 1., 0., 0., 1., 0., 0., 1., 0., 0., 1., 0., 0.,
           0., 1.],
          [1., 0., 1., 1., 0., 1., 1., 0., 1., 1., 1., 0., 0., 1., 1., 0., 0.,
           1., 0.],
          [1., 1., 0., 1., 0., 1., 0., 0., 1., 0., 0., 1., 0., 0., 0., 0., 0.,
           0., 1.],
          [1., 1., 0., 0., 0., 1., 1., 0., 0., 0., 0., 1., 1., 1., 1., 1., 1.,
           0., 1.],
          [1., 0., 1., 1., 0., 1., 0., 0., 1., 1., 0., 1., 0., 1., 1., 1., 1.,
           1., 1.],
          [1., 1., 1., 1., 1., 1., 0., 1., 0., 0., 0., 1., 1., 1., 1., 1., 1.,
           0., 1.]]]], device='cuda:0'), tensor([[0.2375]], device='cuda:0'))
2026-01-08 17:31:38 - INFO - [ 9.9822688e-01 -1.7516688e-02 -6.0735730e-04  9.1245435e-03
 -6.0736662e-04  9.1245510e-03  8.5046846e-01 -1.8904732e-01]
2026-01-08 17:31:38 - INFO - (tensor([[[[0., 1., 1., 0., 0., 1., 1., 1., 0., 1., 0., 1., 0., 1., 1., 1., 1.,
           0., 0.],
          [0., 1., 1., 1., 0., 0., 1., 1., 1., 1., 1., 1., 0., 0., 1., 0., 0.,
           0., 0.],
          [0., 0., 0., 0., 0., 1., 0., 0., 0., 1., 1., 0., 0., 0., 1., 0., 1.,
           0., 1.],
          [0., 0., 0., 0., 0., 0., 1., 0., 0., 0., 1., 1., 1., 0., 0., 0., 0.,
           0., 1.],
          [1., 1., 1., 0., 1., 1., 1., 0., 0., 1., 1., 1., 0., 0., 1., 0., 1.,
           1., 1.],
          [1., 0., 0., 1., 0., 1., 0., 0., 1., 1., 0., 1., 0., 1., 0., 0., 0.,
           1., 1.],
          [0., 0., 1., 1., 0., 1., 1., 0., 0., 1., 0., 0., 0., 0., 1., 1., 1.,
           1., 0.],
          [1., 0., 0., 1., 1., 1., 1., 0., 1., 1., 0., 1., 0., 1., 1., 0., 0.,
           1., 1.],
          [1., 0., 1., 1., 0., 1., 1., 1., 0., 1., 1., 0., 0., 0., 1., 0., 0.,
           1., 1.],
          [1., 0., 0., 1., 1., 0., 1., 0., 1., 1., 0., 1., 1., 0., 0., 1., 1.,
           1., 1.],
          [0., 0., 1., 0., 0., 0., 0., 1., 0., 0., 1., 0., 1., 0., 1., 0., 1.,
           1., 1.],
          [0., 1., 0., 0., 1., 0., 1., 0., 0., 1., 0., 1., 0., 1., 0., 1., 0.,
           1., 1.],
          [0., 1., 0., 0., 1., 0., 0., 1., 0., 1., 0., 0., 1., 1., 0., 0., 0.,
           1., 0.],
          [0., 1., 1., 0., 0., 1., 0., 0., 1., 0., 0., 1., 0., 0., 1., 0., 0.,
           0., 1.],
          [1., 0., 1., 1., 0., 1., 1., 0., 1., 1., 1., 0., 0., 1., 1., 0., 0.,
           1., 0.],
          [1., 1., 0., 1., 0., 1., 0., 0., 1., 0., 0., 1., 0., 0., 0., 0., 0.,
           0., 1.],
          [1., 1., 0., 0., 0., 1., 1., 0., 0., 0., 0., 1., 1., 1., 1., 1., 1.,
           0., 1.],
          [1., 0., 1., 1., 0., 1., 0., 0., 1., 1., 0., 1., 0., 1., 1., 1., 1.,
           1., 1.],
          [1., 1., 1., 1., 1., 1., 0., 1., 0., 0., 0., 1., 1., 1., 1., 1., 1.,
           0., 1.]]]], device='cuda:0'), tensor([[0.2408]], device='cuda:0'))
2026-01-08 17:31:38 - INFO - [ 9.9820793e-01 -1.7647520e-02 -5.7669816e-04  9.2448229e-03
 -5.7670003e-04  9.2448341e-03  8.4964228e-01 -1.8994835e-01]
2026-01-08 17:31:38 - INFO - (tensor([[[[0., 1., 1., 0., 0., 1., 1., 1., 0., 1., 0., 1., 0., 1., 1., 1., 1.,
           0., 0.],
          [0., 1., 1., 1., 0., 0., 1., 1., 1., 1., 1., 1., 0., 0., 1., 0., 0.,
           0., 0.],
          [0., 0., 0., 0., 0., 1., 0., 0., 0., 1., 1., 0., 0., 0., 1., 0., 1.,
           0., 1.],
          [0., 0., 0., 0., 0., 0., 1., 0., 0., 0., 1., 1., 1., 0., 0., 0., 0.,
           0., 1.],
          [1., 1., 1., 0., 1., 1., 1., 0., 0., 1., 1., 1., 0., 0., 1., 0., 1.,
           1., 1.],
          [1., 0., 0., 1., 0., 1., 0., 0., 1., 1., 0., 1., 0., 1., 0., 0., 0.,
           1., 1.],
          [0., 0., 1., 1., 0., 1., 1., 0., 0., 1., 0., 0., 0., 0., 1., 1., 1.,
           1., 0.],
          [1., 0., 0., 1., 1., 1., 1., 0., 1., 1., 0., 1., 0., 1., 1., 0., 0.,
           1., 1.],
          [1., 0., 1., 1., 0., 1., 1., 1., 0., 1., 1., 0., 0., 0., 1., 0., 0.,
           1., 1.],
          [1., 0., 0., 1., 1., 0., 1., 0., 1., 1., 0., 1., 1., 0., 0., 1., 1.,
           1., 1.],
          [0., 0., 1., 0., 0., 0., 0., 1., 0., 0., 1., 0., 1., 0., 1., 0., 1.,
           1., 1.],
          [0., 1., 0., 0., 1., 0., 1., 0., 0., 1., 0., 1., 0., 1., 0., 1., 0.,
           1., 1.],
          [0., 1., 0., 0., 1., 0., 0., 1., 0., 1., 0., 0., 1., 1., 0., 0., 0.,
           1., 0.],
          [0., 1., 1., 0., 0., 1., 0., 0., 1., 0., 0., 1., 0., 0., 1., 0., 0.,
           0., 1.],
          [1., 0., 1., 1., 0., 1., 1., 0., 1., 1., 1., 0., 0., 1., 1., 0., 0.,
           1., 0.],
          [1., 1., 0., 1., 0., 1., 0., 0., 1., 0., 0., 1., 0., 0., 0., 0., 0.,
           0., 1.],
          [1., 1., 0., 0., 0., 1., 1., 0., 0., 0., 0., 1., 1., 1., 1., 1., 1.,
           0., 1.],
          [1., 0., 1., 1., 0., 1., 0., 0., 1., 1., 0., 1., 0., 1., 1., 1., 1.,
           1., 1.],
          [1., 1., 1., 1., 1., 1., 0., 1., 0., 0., 0., 1., 1., 1., 1., 1., 1.,
           0., 1.]]]], device='cuda:0'), tensor([[0.2441]], device='cuda:0'))
2026-01-08 17:31:38 - INFO - [ 9.9818367e-01 -1.7755307e-02 -5.4861692e-04  9.3791457e-03
 -5.4861879e-04  9.3791569e-03  8.4882194e-01 -1.9085525e-01]
2026-01-08 17:31:38 - INFO - (tensor([[[[0., 1., 1., 0., 0., 1., 1., 1., 0., 1., 0., 1., 0., 1., 1., 1., 1.,
           0., 0.],
          [0., 1., 1., 1., 0., 0., 1., 1., 1., 1., 1., 1., 0., 0., 1., 0., 0.,
           0., 0.],
          [0., 0., 0., 0., 0., 1., 0., 0., 0., 1., 1., 0., 0., 0., 1., 0., 1.,
           0., 1.],
          [0., 0., 0., 0., 0., 0., 1., 0., 0., 0., 1., 1., 1., 0., 0., 0., 0.,
           0., 1.],
          [1., 1., 1., 0., 1., 1., 1., 0., 0., 1., 1., 1., 0., 0., 1., 0., 1.,
           1., 1.],
          [1., 0., 0., 1., 0., 1., 0., 0., 1., 1., 0., 1., 0., 1., 0., 0., 0.,
           1., 1.],
          [0., 0., 1., 1., 0., 1., 1., 0., 0., 1., 0., 0., 0., 0., 1., 1., 1.,
           1., 0.],
          [1., 0., 0., 1., 1., 1., 1., 0., 1., 1., 0., 1., 0., 1., 1., 0., 0.,
           1., 1.],
          [1., 0., 1., 1., 0., 1., 1., 1., 0., 1., 1., 0., 0., 0., 1., 0., 0.,
           1., 1.],
          [1., 0., 0., 1., 1., 0., 1., 0., 1., 1., 0., 1., 1., 0., 0., 1., 1.,
           1., 1.],
          [0., 0., 1., 0., 0., 0., 0., 1., 0., 0., 1., 0., 1., 0., 1., 0., 1.,
           1., 1.],
          [0., 1., 0., 0., 1., 0., 1., 0., 0., 1., 0., 1., 0., 1., 0., 1., 0.,
           1., 1.],
          [0., 1., 0., 0., 1., 0., 0., 1., 0., 1., 0., 0., 1., 1., 0., 0., 0.,
           1., 0.],
          [0., 1., 1., 0., 0., 1., 0., 0., 1., 0., 0., 1., 0., 0., 1., 0., 0.,
           0., 1.],
          [1., 0., 1., 1., 0., 1., 1., 0., 1., 1., 1., 0., 0., 1., 1., 0., 0.,
           1., 0.],
          [1., 1., 0., 1., 0., 1., 0., 0., 1., 0., 0., 1., 0., 0., 0., 0., 0.,
           0., 1.],
          [1., 1., 0., 0., 0., 1., 1., 0., 0., 0., 0., 1., 1., 1., 1., 1., 1.,
           0., 1.],
          [1., 0., 1., 1., 0., 1., 0., 0., 1., 1., 0., 1., 0., 1., 1., 1., 1.,
           1., 1.],
          [1., 1., 1., 1., 1., 1., 0., 1., 0., 0., 0., 1., 1., 1., 1., 1., 1.,
           0., 1.]]]], device='cuda:0'), tensor([[0.2475]], device='cuda:0'))
2026-01-08 17:31:38 - INFO - [ 9.9816555e-01 -1.7912908e-02 -5.2176503e-04  9.5015736e-03
 -5.2175944e-04  9.5015811e-03  8.4812427e-01 -1.9170946e-01]
2026-01-08 17:31:38 - INFO - (tensor([[[[0., 1., 1., 0., 0., 1., 1., 1., 0., 1., 0., 1., 0., 1., 1., 1., 1.,
           0., 0.],
          [0., 1., 1., 1., 0., 0., 1., 1., 1., 1., 1., 1., 0., 0., 1., 0., 0.,
           0., 0.],
          [0., 0., 0., 0., 0., 1., 0., 0., 0., 1., 1., 0., 0., 0., 1., 0., 1.,
           0., 1.],
          [0., 0., 0., 0., 0., 0., 1., 0., 0., 0., 1., 1., 1., 0., 0., 0., 0.,
           0., 1.],
          [1., 1., 1., 0., 1., 1., 1., 0., 0., 1., 1., 1., 0., 0., 1., 0., 1.,
           1., 1.],
          [1., 0., 0., 1., 0., 1., 0., 0., 1., 1., 0., 1., 0., 1., 0., 0., 0.,
           1., 1.],
          [0., 0., 1., 1., 0., 1., 1., 0., 0., 1., 0., 0., 0., 0., 1., 1., 1.,
           1., 0.],
          [1., 0., 0., 1., 1., 1., 1., 0., 1., 1., 0., 1., 0., 1., 1., 0., 0.,
           1., 1.],
          [1., 0., 1., 1., 0., 1., 1., 1., 0., 1., 1., 0., 0., 0., 1., 0., 0.,
           1., 1.],
          [1., 0., 0., 1., 1., 0., 1., 0., 1., 1., 0., 1., 1., 0., 0., 1., 1.,
           1., 1.],
          [0., 0., 1., 0., 0., 0., 0., 1., 0., 0., 1., 0., 1., 0., 1., 0., 1.,
           1., 1.],
          [0., 1., 0., 0., 1., 0., 1., 0., 0., 1., 0., 1., 0., 1., 0., 1., 0.,
           1., 1.],
          [0., 1., 0., 0., 1., 0., 0., 1., 0., 1., 0., 0., 1., 1., 0., 0., 0.,
           1., 0.],
          [0., 1., 1., 0., 0., 1., 0., 0., 1., 0., 0., 1., 0., 0., 1., 0., 0.,
           0., 1.],
          [1., 0., 1., 1., 0., 1., 1., 0., 1., 1., 1., 0., 0., 1., 1., 0., 0.,
           1., 0.],
          [1., 1., 0., 1., 0., 1., 0., 0., 1., 0., 0., 1., 0., 0., 0., 0., 0.,
           0., 1.],
          [1., 1., 0., 0., 0., 1., 1., 0., 0., 0., 0., 1., 1., 1., 1., 1., 1.,
           0., 1.],
          [1., 0., 1., 1., 0., 1., 0., 0., 1., 1., 0., 1., 0., 1., 1., 1., 1.,
           1., 1.],
          [1., 1., 1., 1., 1., 1., 0., 1., 0., 0., 0., 1., 1., 1., 1., 1., 1.,
           0., 1.]]]], device='cuda:0'), tensor([[0.2508]], device='cuda:0'))
2026-01-08 17:31:38 - INFO - [ 9.9814469e-01 -1.8083148e-02 -4.9170939e-04  9.6330866e-03
 -4.9171125e-04  9.6330941e-03  8.4732616e-01 -1.9265196e-01]
2026-01-08 17:31:38 - INFO - (tensor([[[[0., 1., 1., 0., 0., 1., 1., 1., 0., 1., 0., 1., 0., 1., 1., 1., 1.,
           0., 0.],
          [0., 1., 1., 1., 0., 0., 1., 1., 1., 1., 1., 1., 0., 0., 1., 0., 0.,
           0., 0.],
          [0., 0., 0., 0., 0., 1., 0., 0., 0., 1., 1., 0., 0., 0., 1., 0., 1.,
           0., 1.],
          [0., 0., 0., 0., 0., 0., 1., 0., 0., 0., 1., 1., 1., 0., 0., 0., 0.,
           0., 1.],
          [1., 1., 1., 0., 1., 1., 1., 0., 0., 1., 1., 1., 0., 0., 1., 0., 1.,
           1., 1.],
          [1., 0., 0., 1., 0., 1., 0., 0., 1., 1., 0., 1., 0., 1., 0., 0., 0.,
           1., 1.],
          [0., 0., 1., 1., 0., 1., 1., 0., 0., 1., 0., 0., 0., 0., 1., 1., 1.,
           1., 0.],
          [1., 0., 0., 1., 1., 1., 1., 0., 1., 1., 0., 1., 0., 1., 1., 0., 0.,
           1., 1.],
          [1., 0., 1., 1., 0., 1., 1., 1., 0., 1., 1., 0., 0., 0., 1., 0., 0.,
           1., 1.],
          [1., 0., 0., 1., 1., 0., 1., 0., 1., 1., 0., 1., 1., 0., 0., 1., 1.,
           1., 1.],
          [0., 0., 1., 0., 0., 0., 0., 1., 0., 0., 1., 0., 1., 0., 1., 0., 1.,
           1., 1.],
          [0., 1., 0., 0., 1., 0., 1., 0., 0., 1., 0., 1., 0., 1., 0., 1., 0.,
           1., 1.],
          [0., 1., 0., 0., 1., 0., 0., 1., 0., 1., 0., 0., 1., 1., 0., 0., 0.,
           1., 0.],
          [0., 1., 1., 0., 0., 1., 0., 0., 1., 0., 0., 1., 0., 0., 1., 0., 0.,
           0., 1.],
          [1., 0., 1., 1., 0., 1., 1., 0., 1., 1., 1., 0., 0., 1., 1., 0., 0.,
           1., 0.],
          [1., 1., 0., 1., 0., 1., 0., 0., 1., 0., 0., 1., 0., 0., 0., 0., 0.,
           0., 1.],
          [1., 1., 0., 0., 0., 1., 1., 0., 0., 0., 0., 1., 1., 1., 1., 1., 1.,
           0., 1.],
          [1., 0., 1., 1., 0., 1., 0., 0., 1., 1., 0., 1., 0., 1., 1., 1., 1.,
           1., 1.],
          [1., 1., 1., 1., 1., 1., 0., 1., 0., 0., 0., 1., 1., 1., 1., 1., 1.,
           0., 1.]]]], device='cuda:0'), tensor([[0.2542]], device='cuda:0'))
2026-01-08 17:31:38 - INFO - [ 9.9811548e-01 -1.8297158e-02 -4.6218277e-04  9.7989654e-03
 -4.6218463e-04  9.7989691e-03  8.4617805e-01 -1.9370435e-01]
2026-01-08 17:31:38 - INFO - (tensor([[[[0., 1., 1., 0., 0., 1., 1., 1., 0., 1., 0., 1., 0., 1., 1., 1., 1.,
           0., 0.],
          [0., 1., 1., 1., 0., 0., 1., 1., 1., 1., 1., 1., 0., 0., 1., 0., 0.,
           0., 0.],
          [0., 0., 0., 0., 0., 1., 0., 0., 0., 1., 1., 0., 0., 0., 1., 0., 1.,
           0., 1.],
          [0., 0., 0., 0., 0., 0., 1., 0., 0., 0., 1., 1., 1., 0., 0., 0., 0.,
           0., 1.],
          [1., 1., 1., 0., 1., 1., 1., 0., 0., 1., 1., 1., 0., 0., 1., 0., 1.,
           1., 1.],
          [1., 0., 0., 1., 0., 1., 0., 0., 1., 1., 0., 1., 0., 1., 0., 0., 0.,
           1., 1.],
          [0., 0., 1., 1., 0., 1., 1., 0., 0., 1., 0., 0., 0., 0., 1., 1., 1.,
           1., 0.],
          [1., 0., 0., 1., 1., 1., 1., 0., 1., 1., 0., 1., 0., 1., 1., 0., 0.,
           1., 1.],
          [1., 0., 1., 1., 0., 1., 1., 1., 0., 1., 1., 0., 0., 0., 1., 0., 0.,
           1., 1.],
          [1., 0., 0., 1., 1., 0., 1., 0., 1., 1., 0., 1., 1., 0., 0., 1., 1.,
           1., 1.],
          [0., 0., 1., 0., 0., 0., 0., 1., 0., 0., 1., 0., 1., 0., 1., 0., 1.,
           1., 1.],
          [0., 1., 0., 0., 1., 0., 1., 0., 0., 1., 0., 1., 0., 1., 0., 1., 0.,
           1., 1.],
          [0., 1., 0., 0., 1., 0., 0., 1., 0., 1., 0., 0., 1., 1., 0., 0., 0.,
           1., 0.],
          [0., 1., 1., 0., 0., 1., 0., 0., 1., 0., 0., 1., 0., 0., 1., 0., 0.,
           0., 1.],
          [1., 0., 1., 1., 0., 1., 1., 0., 1., 1., 1., 0., 0., 1., 1., 0., 0.,
           1., 0.],
          [1., 1., 0., 1., 0., 1., 0., 0., 1., 0., 0., 1., 0., 0., 0., 0., 0.,
           0., 1.],
          [1., 1., 0., 0., 0., 1., 1., 0., 0., 0., 0., 1., 1., 1., 1., 1., 1.,
           0., 1.],
          [1., 0., 1., 1., 0., 1., 0., 0., 1., 1., 0., 1., 0., 1., 1., 1., 1.,
           1., 1.],
          [1., 1., 1., 1., 1., 1., 0., 1., 0., 0., 0., 1., 1., 1., 1., 1., 1.,
           0., 1.]]]], device='cuda:0'), tensor([[0.2575]], device='cuda:0'))
2026-01-08 17:31:38 - INFO - [ 9.9808162e-01 -1.8548656e-02 -4.4561268e-04  9.9607278e-03
 -4.4560709e-04  9.9607278e-03  8.4544945e-01 -1.9481228e-01]
2026-01-08 17:31:38 - INFO - (tensor([[[[0., 1., 1., 0., 0., 1., 1., 1., 0., 1., 0., 1., 0., 1., 1., 1., 1.,
           0., 0.],
          [0., 1., 1., 1., 0., 0., 1., 1., 1., 1., 1., 1., 0., 0., 1., 0., 0.,
           0., 0.],
          [0., 0., 0., 0., 0., 1., 0., 0., 0., 1., 1., 0., 0., 0., 1., 0., 1.,
           0., 1.],
          [0., 0., 0., 0., 0., 0., 1., 0., 0., 0., 1., 1., 1., 0., 0., 0., 0.,
           0., 1.],
          [1., 1., 1., 0., 1., 1., 1., 0., 0., 1., 1., 1., 0., 0., 1., 0., 1.,
           1., 1.],
          [1., 0., 0., 1., 0., 1., 0., 0., 1., 1., 0., 1., 0., 1., 0., 0., 0.,
           1., 1.],
          [0., 0., 1., 1., 0., 1., 1., 0., 0., 1., 0., 0., 0., 0., 1., 1., 1.,
           1., 0.],
          [1., 0., 0., 1., 1., 1., 1., 0., 1., 1., 0., 1., 0., 1., 1., 0., 0.,
           1., 1.],
          [1., 0., 1., 1., 0., 1., 1., 1., 0., 1., 1., 0., 0., 0., 1., 0., 0.,
           1., 1.],
          [1., 0., 0., 1., 1., 0., 1., 0., 1., 1., 0., 1., 1., 0., 0., 1., 1.,
           1., 1.],
          [0., 0., 1., 0., 0., 0., 0., 1., 0., 0., 1., 0., 1., 0., 1., 0., 1.,
           1., 1.],
          [0., 1., 0., 0., 1., 0., 1., 0., 0., 1., 0., 1., 0., 1., 0., 1., 0.,
           1., 1.],
          [0., 1., 0., 0., 1., 0., 0., 1., 0., 1., 0., 0., 1., 1., 0., 0., 0.,
           1., 0.],
          [0., 1., 1., 0., 0., 1., 0., 0., 1., 0., 0., 1., 0., 0., 1., 0., 0.,
           0., 1.],
          [1., 0., 1., 1., 0., 1., 1., 0., 1., 1., 1., 0., 0., 1., 1., 0., 0.,
           1., 0.],
          [1., 1., 0., 1., 0., 1., 0., 0., 1., 0., 0., 1., 0., 0., 0., 0., 0.,
           0., 1.],
          [1., 1., 0., 0., 0., 1., 1., 0., 0., 0., 0., 1., 1., 1., 1., 1., 1.,
           0., 1.],
          [1., 0., 1., 1., 0., 1., 0., 0., 1., 1., 0., 1., 0., 1., 1., 1., 1.,
           1., 1.],
          [1., 1., 1., 1., 1., 1., 0., 1., 0., 0., 0., 1., 1., 1., 1., 1., 1.,
           0., 1.]]]], device='cuda:0'), tensor([[0.2609]], device='cuda:0'))
2026-01-08 17:31:38 - INFO - [ 9.9805361e-01 -1.8800208e-02 -4.2659880e-04  1.0110492e-02
 -4.2658576e-04  1.0110488e-02  8.4484541e-01 -1.9582881e-01]
2026-01-08 17:31:38 - INFO - (tensor([[[[0., 1., 1., 0., 0., 1., 1., 1., 0., 1., 0., 1., 0., 1., 1., 1., 1.,
           0., 0.],
          [0., 1., 1., 1., 0., 0., 1., 1., 1., 1., 1., 1., 0., 0., 1., 0., 0.,
           0., 0.],
          [0., 0., 0., 0., 0., 1., 0., 0., 0., 1., 1., 0., 0., 0., 1., 0., 1.,
           0., 1.],
          [0., 0., 0., 0., 0., 0., 1., 0., 0., 0., 1., 1., 1., 0., 0., 0., 0.,
           0., 1.],
          [1., 1., 1., 0., 1., 1., 1., 0., 0., 1., 1., 1., 0., 0., 1., 0., 1.,
           1., 1.],
          [1., 0., 0., 1., 0., 1., 0., 0., 1., 1., 0., 1., 0., 1., 0., 0., 0.,
           1., 1.],
          [0., 0., 1., 1., 0., 1., 1., 0., 0., 1., 0., 0., 0., 0., 1., 1., 1.,
           1., 0.],
          [1., 0., 0., 1., 1., 1., 1., 0., 1., 1., 0., 1., 0., 1., 1., 0., 0.,
           1., 1.],
          [1., 0., 1., 1., 0., 1., 1., 1., 0., 1., 1., 0., 0., 0., 1., 0., 0.,
           1., 1.],
          [1., 0., 0., 1., 1., 0., 1., 0., 1., 1., 0., 1., 1., 0., 0., 1., 1.,
           1., 1.],
          [0., 0., 1., 0., 0., 0., 0., 1., 0., 0., 1., 0., 1., 0., 1., 0., 1.,
           1., 1.],
          [0., 1., 0., 0., 1., 0., 1., 0., 0., 1., 0., 1., 0., 1., 0., 1., 0.,
           1., 1.],
          [0., 1., 0., 0., 1., 0., 0., 1., 0., 1., 0., 0., 1., 1., 0., 0., 0.,
           1., 0.],
          [0., 1., 1., 0., 0., 1., 0., 0., 1., 0., 0., 1., 0., 0., 1., 0., 0.,
           0., 1.],
          [1., 0., 1., 1., 0., 1., 1., 0., 1., 1., 1., 0., 0., 1., 1., 0., 0.,
           1., 0.],
          [1., 1., 0., 1., 0., 1., 0., 0., 1., 0., 0., 1., 0., 0., 0., 0., 0.,
           0., 1.],
          [1., 1., 0., 0., 0., 1., 1., 0., 0., 0., 0., 1., 1., 1., 1., 1., 1.,
           0., 1.],
          [1., 0., 1., 1., 0., 1., 0., 0., 1., 1., 0., 1., 0., 1., 1., 1., 1.,
           1., 1.],
          [1., 1., 1., 1., 1., 1., 0., 1., 0., 0., 0., 1., 1., 1., 1., 1., 1.,
           0., 1.]]]], device='cuda:0'), tensor([[0.2642]], device='cuda:0'))
2026-01-08 17:31:38 - INFO - [ 9.9803710e-01 -1.9027421e-02 -4.1286738e-04  1.0234058e-02
 -4.1286924e-04  1.0234050e-02  8.4419495e-01 -1.9665705e-01]
2026-01-08 17:31:38 - INFO - (tensor([[[[0., 1., 1., 0., 0., 1., 1., 1., 0., 1., 0., 1., 0., 1., 1., 1., 1.,
           0., 0.],
          [0., 1., 1., 1., 0., 0., 1., 1., 1., 1., 1., 1., 0., 0., 1., 0., 0.,
           0., 0.],
          [0., 0., 0., 0., 0., 1., 0., 0., 0., 1., 1., 0., 0., 0., 1., 0., 1.,
           0., 1.],
          [0., 0., 0., 0., 0., 0., 1., 0., 0., 0., 1., 1., 1., 0., 0., 0., 0.,
           0., 1.],
          [1., 1., 1., 0., 1., 1., 1., 0., 0., 1., 1., 1., 0., 0., 1., 0., 1.,
           1., 1.],
          [1., 0., 0., 1., 0., 1., 0., 0., 1., 1., 0., 1., 0., 1., 0., 0., 0.,
           1., 1.],
          [0., 0., 1., 1., 0., 1., 1., 0., 0., 1., 0., 0., 0., 0., 1., 1., 1.,
           1., 0.],
          [1., 0., 0., 1., 1., 1., 1., 0., 1., 1., 0., 1., 0., 1., 1., 0., 0.,
           1., 1.],
          [1., 0., 1., 1., 0., 1., 1., 1., 0., 1., 1., 0., 0., 0., 1., 0., 0.,
           1., 1.],
          [1., 0., 0., 1., 1., 0., 1., 0., 1., 1., 0., 1., 1., 0., 0., 1., 1.,
           1., 1.],
          [0., 0., 1., 0., 0., 0., 0., 1., 0., 0., 1., 0., 1., 0., 1., 0., 1.,
           1., 1.],
          [0., 1., 0., 0., 1., 0., 1., 0., 0., 1., 0., 1., 0., 1., 0., 1., 0.,
           1., 1.],
          [0., 1., 0., 0., 1., 0., 0., 1., 0., 1., 0., 0., 1., 1., 0., 0., 0.,
           1., 0.],
          [0., 1., 1., 0., 0., 1., 0., 0., 1., 0., 0., 1., 0., 0., 1., 0., 0.,
           0., 1.],
          [1., 0., 1., 1., 0., 1., 1., 0., 1., 1., 1., 0., 0., 1., 1., 0., 0.,
           1., 0.],
          [1., 1., 0., 1., 0., 1., 0., 0., 1., 0., 0., 1., 0., 0., 0., 0., 0.,
           0., 1.],
          [1., 1., 0., 0., 0., 1., 1., 0., 0., 0., 0., 1., 1., 1., 1., 1., 1.,
           0., 1.],
          [1., 0., 1., 1., 0., 1., 0., 0., 1., 1., 0., 1., 0., 1., 1., 1., 1.,
           1., 1.],
          [1., 1., 1., 1., 1., 1., 0., 1., 0., 0., 0., 1., 1., 1., 1., 1., 1.,
           0., 1.]]]], device='cuda:0'), tensor([[0.2676]], device='cuda:0'))
2026-01-08 17:31:38 - INFO - [ 9.98019159e-01 -1.92570649e-02 -4.00633522e-04  1.03534525e-02
 -4.00635385e-04  1.03534525e-02  8.43542159e-01 -1.97471276e-01]
2026-01-08 17:31:38 - INFO - (tensor([[[[0., 1., 1., 0., 0., 1., 1., 1., 0., 1., 0., 1., 0., 1., 1., 1., 1.,
           0., 0.],
          [0., 1., 1., 1., 0., 0., 1., 1., 1., 1., 1., 1., 0., 0., 1., 0., 0.,
           0., 0.],
          [0., 0., 0., 0., 0., 1., 0., 0., 0., 1., 1., 0., 0., 0., 1., 0., 1.,
           0., 1.],
          [0., 0., 0., 0., 0., 0., 1., 0., 0., 0., 1., 1., 1., 0., 0., 0., 0.,
           0., 1.],
          [1., 1., 1., 0., 1., 1., 1., 0., 0., 1., 1., 1., 0., 0., 1., 0., 1.,
           1., 1.],
          [1., 0., 0., 1., 0., 1., 0., 0., 1., 1., 0., 1., 0., 1., 0., 0., 0.,
           1., 1.],
          [0., 0., 1., 1., 0., 1., 1., 0., 0., 1., 0., 0., 0., 0., 1., 1., 1.,
           1., 0.],
          [1., 0., 0., 1., 1., 1., 1., 0., 1., 1., 0., 1., 0., 1., 1., 0., 0.,
           1., 1.],
          [1., 0., 1., 1., 0., 1., 1., 1., 0., 1., 1., 0., 0., 0., 1., 0., 0.,
           1., 1.],
          [1., 0., 0., 1., 1., 0., 1., 0., 1., 1., 0., 1., 1., 0., 0., 1., 1.,
           1., 1.],
          [0., 0., 1., 0., 0., 0., 0., 1., 0., 0., 1., 0., 1., 0., 1., 0., 1.,
           1., 1.],
          [0., 1., 0., 0., 1., 0., 1., 0., 0., 1., 0., 1., 0., 1., 0., 1., 0.,
           1., 1.],
          [0., 1., 0., 0., 1., 0., 0., 1., 0., 1., 0., 0., 1., 1., 0., 0., 0.,
           1., 0.],
          [0., 1., 1., 0., 0., 1., 0., 0., 1., 0., 0., 1., 0., 0., 1., 0., 0.,
           0., 1.],
          [1., 0., 1., 1., 0., 1., 1., 0., 1., 1., 1., 0., 0., 1., 1., 0., 0.,
           1., 0.],
          [1., 1., 0., 1., 0., 1., 0., 0., 1., 0., 0., 1., 0., 0., 0., 0., 0.,
           0., 1.],
          [1., 1., 0., 0., 0., 1., 1., 0., 0., 0., 0., 1., 1., 1., 1., 1., 1.,
           0., 1.],
          [1., 0., 1., 1., 0., 1., 0., 0., 1., 1., 0., 1., 0., 1., 1., 1., 1.,
           1., 1.],
          [1., 1., 1., 1., 1., 1., 0., 1., 0., 0., 0., 1., 1., 1., 1., 1., 1.,
           0., 1.]]]], device='cuda:0'), tensor([[0.2709]], device='cuda:0'))
2026-01-08 17:31:38 - INFO - [ 9.9799782e-01 -1.9497244e-02 -3.8866789e-04  1.0475111e-02
 -3.8866230e-04  1.0475111e-02  8.4288675e-01 -1.9828941e-01]
2026-01-08 17:31:38 - INFO - (tensor([[[[0., 1., 1., 0., 0., 1., 1., 1., 0., 1., 0., 1., 0., 1., 1., 1., 1.,
           0., 0.],
          [0., 1., 1., 1., 0., 0., 1., 1., 1., 1., 1., 1., 0., 0., 1., 0., 0.,
           0., 0.],
          [0., 0., 0., 0., 0., 1., 0., 0., 0., 1., 1., 0., 0., 0., 1., 0., 1.,
           0., 1.],
          [0., 0., 0., 0., 0., 0., 1., 0., 0., 0., 1., 1., 1., 0., 0., 0., 0.,
           0., 1.],
          [1., 1., 1., 0., 1., 1., 1., 0., 0., 1., 1., 1., 0., 0., 1., 0., 1.,
           1., 1.],
          [1., 0., 0., 1., 0., 1., 0., 0., 1., 1., 0., 1., 0., 1., 0., 0., 0.,
           1., 1.],
          [0., 0., 1., 1., 0., 1., 1., 0., 0., 1., 0., 0., 0., 0., 1., 1., 1.,
           1., 0.],
          [1., 0., 0., 1., 1., 1., 1., 0., 1., 1., 0., 1., 0., 1., 1., 0., 0.,
           1., 1.],
          [1., 0., 1., 1., 0., 1., 1., 1., 0., 1., 1., 0., 0., 0., 1., 0., 0.,
           1., 1.],
          [1., 0., 0., 1., 1., 0., 1., 0., 1., 1., 0., 1., 1., 0., 0., 1., 1.,
           1., 1.],
          [0., 0., 1., 0., 0., 0., 0., 1., 0., 0., 1., 0., 1., 0., 1., 0., 1.,
           1., 1.],
          [0., 1., 0., 0., 1., 0., 1., 0., 0., 1., 0., 1., 0., 1., 0., 1., 0.,
           1., 1.],
          [0., 1., 0., 0., 1., 0., 0., 1., 0., 1., 0., 0., 1., 1., 0., 0., 0.,
           1., 0.],
          [0., 1., 1., 0., 0., 1., 0., 0., 1., 0., 0., 1., 0., 0., 1., 0., 0.,
           0., 1.],
          [1., 0., 1., 1., 0., 1., 1., 0., 1., 1., 1., 0., 0., 1., 1., 0., 0.,
           1., 0.],
          [1., 1., 0., 1., 0., 1., 0., 0., 1., 0., 0., 1., 0., 0., 0., 0., 0.,
           0., 1.],
          [1., 1., 0., 0., 0., 1., 1., 0., 0., 0., 0., 1., 1., 1., 1., 1., 1.,
           0., 1.],
          [1., 0., 1., 1., 0., 1., 0., 0., 1., 1., 0., 1., 0., 1., 1., 1., 1.,
           1., 1.],
          [1., 1., 1., 1., 1., 1., 0., 1., 0., 0., 0., 1., 1., 1., 1., 1., 1.,
           0., 1.]]]], device='cuda:0'), tensor([[0.2742]], device='cuda:0'))
2026-01-08 17:31:38 - INFO - [ 9.9797118e-01 -1.9734796e-02 -3.8557590e-04  1.0575605e-02
 -3.8557031e-04  1.0575612e-02  8.4222466e-01 -1.9919844e-01]
2026-01-08 17:31:38 - INFO - (tensor([[[[0., 1., 1., 0., 0., 1., 1., 1., 0., 1., 0., 1., 0., 1., 1., 1., 1.,
           0., 0.],
          [0., 1., 1., 1., 0., 0., 1., 1., 1., 1., 1., 1., 0., 0., 1., 0., 0.,
           0., 0.],
          [0., 0., 0., 0., 0., 1., 0., 0., 0., 1., 1., 0., 0., 0., 1., 0., 1.,
           0., 1.],
          [0., 0., 0., 0., 0., 0., 1., 0., 0., 0., 1., 1., 1., 0., 0., 0., 0.,
           0., 1.],
          [1., 1., 1., 0., 1., 1., 1., 0., 0., 1., 1., 1., 0., 0., 1., 0., 1.,
           1., 1.],
          [1., 0., 0., 1., 0., 1., 0., 0., 1., 1., 0., 1., 0., 1., 0., 0., 0.,
           1., 1.],
          [0., 0., 1., 1., 0., 1., 1., 0., 0., 1., 0., 0., 0., 0., 1., 1., 1.,
           1., 0.],
          [1., 0., 0., 1., 1., 1., 1., 0., 1., 1., 0., 1., 0., 1., 1., 0., 0.,
           1., 1.],
          [1., 0., 1., 1., 0., 1., 1., 1., 0., 1., 1., 0., 0., 0., 1., 0., 0.,
           1., 1.],
          [1., 0., 0., 1., 1., 0., 1., 0., 1., 1., 0., 1., 1., 0., 0., 1., 1.,
           1., 1.],
          [0., 0., 1., 0., 0., 0., 0., 1., 0., 0., 1., 0., 1., 0., 1., 0., 1.,
           1., 1.],
          [0., 1., 0., 0., 1., 0., 1., 0., 0., 1., 0., 1., 0., 1., 0., 1., 0.,
           1., 1.],
          [0., 1., 0., 0., 1., 0., 0., 1., 0., 1., 0., 0., 1., 1., 0., 0., 0.,
           1., 0.],
          [0., 1., 1., 0., 0., 1., 0., 0., 1., 0., 0., 1., 0., 0., 1., 0., 0.,
           0., 1.],
          [1., 0., 1., 1., 0., 1., 1., 0., 1., 1., 1., 0., 0., 1., 1., 0., 0.,
           1., 0.],
          [1., 1., 0., 1., 0., 1., 0., 0., 1., 0., 0., 1., 0., 0., 0., 0., 0.,
           0., 1.],
          [1., 1., 0., 0., 0., 1., 1., 0., 0., 0., 0., 1., 1., 1., 1., 1., 1.,
           0., 1.],
          [1., 0., 1., 1., 0., 1., 0., 0., 1., 1., 0., 1., 0., 1., 1., 1., 1.,
           1., 1.],
          [1., 1., 1., 1., 1., 1., 0., 1., 0., 0., 0., 1., 1., 1., 1., 1., 1.,
           0., 1.]]]], device='cuda:0'), tensor([[0.2776]], device='cuda:0'))
2026-01-08 17:31:38 - INFO - [ 9.9794328e-01 -1.9957146e-02 -3.9459855e-04  1.0652590e-02
 -3.9460041e-04  1.0652593e-02  8.4156674e-01 -2.0017245e-01]
2026-01-08 17:31:38 - INFO - (tensor([[[[0., 1., 1., 0., 0., 1., 1., 1., 0., 1., 0., 1., 0., 1., 1., 1., 1.,
           0., 0.],
          [0., 1., 1., 1., 0., 0., 1., 1., 1., 1., 1., 1., 0., 0., 1., 0., 0.,
           0., 0.],
          [0., 0., 0., 0., 0., 1., 0., 0., 0., 1., 1., 0., 0., 0., 1., 0., 1.,
           0., 1.],
          [0., 0., 0., 0., 0., 0., 1., 0., 0., 0., 1., 1., 1., 0., 0., 0., 0.,
           0., 1.],
          [1., 1., 1., 0., 1., 1., 1., 0., 0., 1., 1., 1., 0., 0., 1., 0., 1.,
           1., 1.],
          [1., 0., 0., 1., 0., 1., 0., 0., 1., 1., 0., 1., 0., 1., 0., 0., 0.,
           1., 1.],
          [0., 0., 1., 1., 0., 1., 1., 0., 0., 1., 0., 0., 0., 0., 1., 1., 1.,
           1., 0.],
          [1., 0., 0., 1., 1., 1., 1., 0., 1., 1., 0., 1., 0., 1., 1., 0., 0.,
           1., 1.],
          [1., 0., 1., 1., 0., 1., 1., 1., 0., 1., 1., 0., 0., 0., 1., 0., 0.,
           1., 1.],
          [1., 0., 0., 1., 1., 0., 1., 0., 1., 1., 0., 1., 1., 0., 0., 1., 1.,
           1., 1.],
          [0., 0., 1., 0., 0., 0., 0., 1., 0., 0., 1., 0., 1., 0., 1., 0., 1.,
           1., 1.],
          [0., 1., 0., 0., 1., 0., 1., 0., 0., 1., 0., 1., 0., 1., 0., 1., 0.,
           1., 1.],
          [0., 1., 0., 0., 1., 0., 0., 1., 0., 1., 0., 0., 1., 1., 0., 0., 0.,
           1., 0.],
          [0., 1., 1., 0., 0., 1., 0., 0., 1., 0., 0., 1., 0., 0., 1., 0., 0.,
           0., 1.],
          [1., 0., 1., 1., 0., 1., 1., 0., 1., 1., 1., 0., 0., 1., 1., 0., 0.,
           1., 0.],
          [1., 1., 0., 1., 0., 1., 0., 0., 1., 0., 0., 1., 0., 0., 0., 0., 0.,
           0., 1.],
          [1., 1., 0., 0., 0., 1., 1., 0., 0., 0., 0., 1., 1., 1., 1., 1., 1.,
           0., 1.],
          [1., 0., 1., 1., 0., 1., 0., 0., 1., 1., 0., 1., 0., 1., 1., 1., 1.,
           1., 1.],
          [1., 1., 1., 1., 1., 1., 0., 1., 0., 0., 0., 1., 1., 1., 1., 1., 1.,
           0., 1.]]]], device='cuda:0'), tensor([[0.2809]], device='cuda:0'))
2026-01-08 17:31:38 - INFO - [ 9.9791509e-01 -2.0170050e-02 -4.0132643e-04  1.0725869e-02
 -4.0132829e-04  1.0725869e-02  8.4093887e-01 -2.0114611e-01]
2026-01-08 17:31:38 - INFO - (tensor([[[[0., 1., 1., 0., 0., 1., 1., 1., 0., 1., 0., 1., 0., 1., 1., 1., 1.,
           0., 0.],
          [0., 1., 1., 1., 0., 0., 1., 1., 1., 1., 1., 1., 0., 0., 1., 0., 0.,
           0., 0.],
          [0., 0., 0., 0., 0., 1., 0., 0., 0., 1., 1., 0., 0., 0., 1., 0., 1.,
           0., 1.],
          [0., 0., 0., 0., 0., 0., 1., 0., 0., 0., 1., 1., 1., 0., 0., 0., 0.,
           0., 1.],
          [1., 1., 1., 0., 1., 1., 1., 0., 0., 1., 1., 1., 0., 0., 1., 0., 1.,
           1., 1.],
          [1., 0., 0., 1., 0., 1., 0., 0., 1., 1., 0., 1., 0., 1., 0., 0., 0.,
           1., 1.],
          [0., 0., 1., 1., 0., 1., 1., 0., 0., 1., 0., 0., 0., 0., 1., 1., 1.,
           1., 0.],
          [1., 0., 0., 1., 1., 1., 1., 0., 1., 1., 0., 1., 0., 1., 1., 0., 0.,
           1., 1.],
          [1., 0., 1., 1., 0., 1., 1., 1., 0., 1., 1., 0., 0., 0., 1., 0., 0.,
           1., 1.],
          [1., 0., 0., 1., 1., 0., 1., 0., 1., 1., 0., 1., 1., 0., 0., 1., 1.,
           1., 1.],
          [0., 0., 1., 0., 0., 0., 0., 1., 0., 0., 1., 0., 1., 0., 1., 0., 1.,
           1., 1.],
          [0., 1., 0., 0., 1., 0., 1., 0., 0., 1., 0., 1., 0., 1., 0., 1., 0.,
           1., 1.],
          [0., 1., 0., 0., 1., 0., 0., 1., 0., 1., 0., 0., 1., 1., 0., 0., 0.,
           1., 0.],
          [0., 1., 1., 0., 0., 1., 0., 0., 1., 0., 0., 1., 0., 0., 1., 0., 0.,
           0., 1.],
          [1., 0., 1., 1., 0., 1., 1., 0., 1., 1., 1., 0., 0., 1., 1., 0., 0.,
           1., 0.],
          [1., 1., 0., 1., 0., 1., 0., 0., 1., 0., 0., 1., 0., 0., 0., 0., 0.,
           0., 1.],
          [1., 1., 0., 0., 0., 1., 1., 0., 0., 0., 0., 1., 1., 1., 1., 1., 1.,
           0., 1.],
          [1., 0., 1., 1., 0., 1., 0., 0., 1., 1., 0., 1., 0., 1., 1., 1., 1.,
           1., 1.],
          [1., 1., 1., 1., 1., 1., 0., 1., 0., 0., 0., 1., 1., 1., 1., 1., 1.,
           0., 1.]]]], device='cuda:0'), tensor([[0.2843]], device='cuda:0'))
2026-01-08 17:31:38 - INFO - [ 9.9788827e-01 -2.0368302e-02 -3.9525420e-04  1.0810129e-02
 -3.9525234e-04  1.0810133e-02  8.4032160e-01 -2.0226651e-01]
2026-01-08 17:31:38 - INFO - (tensor([[[[0., 1., 1., 0., 0., 1., 1., 1., 0., 1., 0., 1., 0., 1., 1., 1., 1.,
           0., 0.],
          [0., 1., 1., 1., 0., 0., 1., 1., 1., 1., 1., 1., 0., 0., 1., 0., 0.,
           0., 0.],
          [0., 0., 0., 0., 0., 1., 0., 0., 0., 1., 1., 0., 0., 0., 1., 0., 1.,
           0., 1.],
          [0., 0., 0., 0., 0., 0., 1., 0., 0., 0., 1., 1., 1., 0., 0., 0., 0.,
           0., 1.],
          [1., 1., 1., 0., 1., 1., 1., 0., 0., 1., 1., 1., 0., 0., 1., 0., 1.,
           1., 1.],
          [1., 0., 0., 1., 0., 1., 0., 0., 1., 1., 0., 1., 0., 1., 0., 0., 0.,
           1., 1.],
          [0., 0., 1., 1., 0., 1., 1., 0., 0., 1., 0., 0., 0., 0., 1., 1., 1.,
           1., 0.],
          [1., 0., 0., 1., 1., 1., 1., 0., 1., 1., 0., 1., 0., 1., 1., 0., 0.,
           1., 1.],
          [1., 0., 1., 1., 0., 1., 1., 1., 0., 1., 1., 0., 0., 0., 1., 0., 0.,
           1., 1.],
          [1., 0., 0., 1., 1., 0., 1., 0., 1., 1., 0., 1., 1., 0., 0., 1., 1.,
           1., 1.],
          [0., 0., 1., 0., 0., 0., 0., 1., 0., 0., 1., 0., 1., 0., 1., 0., 1.,
           1., 1.],
          [0., 1., 0., 0., 1., 0., 1., 0., 0., 1., 0., 1., 0., 1., 0., 1., 0.,
           1., 1.],
          [0., 1., 0., 0., 1., 0., 0., 1., 0., 1., 0., 0., 1., 1., 0., 0., 0.,
           1., 0.],
          [0., 1., 1., 0., 0., 1., 0., 0., 1., 0., 0., 1., 0., 0., 1., 0., 0.,
           0., 1.],
          [1., 0., 1., 1., 0., 1., 1., 0., 1., 1., 1., 0., 0., 1., 1., 0., 0.,
           1., 0.],
          [1., 1., 0., 1., 0., 1., 0., 0., 1., 0., 0., 1., 0., 0., 0., 0., 0.,
           0., 1.],
          [1., 1., 0., 0., 0., 1., 1., 0., 0., 0., 0., 1., 1., 1., 1., 1., 1.,
           0., 1.],
          [1., 0., 1., 1., 0., 1., 0., 0., 1., 1., 0., 1., 0., 1., 1., 1., 1.,
           1., 1.],
          [1., 1., 1., 1., 1., 1., 0., 1., 0., 0., 0., 1., 1., 1., 1., 1., 1.,
           0., 1.]]]], device='cuda:0'), tensor([[0.2876]], device='cuda:0'))
2026-01-08 17:31:38 - INFO - [ 9.9785948e-01 -2.0563487e-02 -3.8627998e-04  1.0895987e-02
 -3.8628557e-04  1.0895991e-02  8.3968270e-01 -2.0341016e-01]
2026-01-08 17:31:38 - INFO - (tensor([[[[0., 1., 1., 0., 0., 1., 1., 1., 0., 1., 0., 1., 0., 1., 1., 1., 1.,
           0., 0.],
          [0., 1., 1., 1., 0., 0., 1., 1., 1., 1., 1., 1., 0., 0., 1., 0., 0.,
           0., 0.],
          [0., 0., 0., 0., 0., 1., 0., 0., 0., 1., 1., 0., 0., 0., 1., 0., 1.,
           0., 1.],
          [0., 0., 0., 0., 0., 0., 1., 0., 0., 0., 1., 1., 1., 0., 0., 0., 0.,
           0., 1.],
          [1., 1., 1., 0., 1., 1., 1., 0., 0., 1., 1., 1., 0., 0., 1., 0., 1.,
           1., 1.],
          [1., 0., 0., 1., 0., 1., 0., 0., 1., 1., 0., 1., 0., 1., 0., 0., 0.,
           1., 1.],
          [0., 0., 1., 1., 0., 1., 1., 0., 0., 1., 0., 0., 0., 0., 1., 1., 1.,
           1., 0.],
          [1., 0., 0., 1., 1., 1., 1., 0., 1., 1., 0., 1., 0., 1., 1., 0., 0.,
           1., 1.],
          [1., 0., 1., 1., 0., 1., 1., 1., 0., 1., 1., 0., 0., 0., 1., 0., 0.,
           1., 1.],
          [1., 0., 0., 1., 1., 0., 1., 0., 1., 1., 0., 1., 1., 0., 0., 1., 1.,
           1., 1.],
          [0., 0., 1., 0., 0., 0., 0., 1., 0., 0., 1., 0., 1., 0., 1., 0., 1.,
           1., 1.],
          [0., 1., 0., 0., 1., 0., 1., 0., 0., 1., 0., 1., 0., 1., 0., 1., 0.,
           1., 1.],
          [0., 1., 0., 0., 1., 0., 0., 1., 0., 1., 0., 0., 1., 1., 0., 0., 0.,
           1., 0.],
          [0., 1., 1., 0., 0., 1., 0., 0., 1., 0., 0., 1., 0., 0., 1., 0., 0.,
           0., 1.],
          [1., 0., 1., 1., 0., 1., 1., 0., 1., 1., 1., 0., 0., 1., 1., 0., 0.,
           1., 0.],
          [1., 1., 0., 1., 0., 1., 0., 0., 1., 0., 0., 1., 0., 0., 0., 0., 0.,
           0., 1.],
          [1., 1., 0., 0., 0., 1., 1., 0., 0., 0., 0., 1., 1., 1., 1., 1., 1.,
           0., 1.],
          [1., 0., 1., 1., 0., 1., 0., 0., 1., 1., 0., 1., 0., 1., 1., 1., 1.,
           1., 1.],
          [1., 1., 1., 1., 1., 1., 0., 1., 0., 0., 0., 1., 1., 1., 1., 1., 1.,
           0., 1.]]]], device='cuda:0'), tensor([[0.2910]], device='cuda:0'))
2026-01-08 17:31:38 - INFO - [ 9.9780226e-01 -2.0859813e-02 -3.7610621e-04  1.1065795e-02
 -3.7610807e-04  1.1065799e-02  8.3864439e-01 -2.0497146e-01]
2026-01-08 17:31:38 - INFO - (tensor([[[[0., 1., 1., 0., 0., 1., 1., 1., 0., 1., 0., 1., 0., 1., 1., 1., 1.,
           0., 0.],
          [0., 1., 1., 1., 0., 0., 1., 1., 1., 1., 1., 1., 0., 0., 1., 0., 0.,
           0., 0.],
          [0., 0., 0., 0., 0., 1., 0., 0., 0., 1., 1., 0., 0., 0., 1., 0., 1.,
           0., 1.],
          [0., 0., 0., 0., 0., 0., 1., 0., 0., 0., 1., 1., 1., 0., 0., 0., 0.,
           0., 1.],
          [1., 1., 1., 0., 1., 1., 1., 0., 0., 1., 1., 1., 0., 0., 1., 0., 1.,
           1., 1.],
          [1., 0., 0., 1., 0., 1., 0., 0., 1., 1., 0., 1., 0., 1., 0., 0., 0.,
           1., 1.],
          [0., 0., 1., 1., 0., 1., 1., 0., 0., 1., 0., 0., 0., 0., 1., 1., 1.,
           1., 0.],
          [1., 0., 0., 1., 1., 1., 1., 0., 1., 1., 0., 1., 0., 1., 1., 0., 0.,
           1., 1.],
          [1., 0., 1., 1., 0., 1., 1., 1., 0., 1., 1., 0., 0., 0., 1., 0., 0.,
           1., 1.],
          [1., 0., 0., 1., 1., 0., 1., 0., 1., 1., 0., 1., 1., 0., 0., 1., 1.,
           1., 1.],
          [0., 0., 1., 0., 0., 0., 0., 1., 0., 0., 1., 0., 1., 0., 1., 0., 1.,
           1., 1.],
          [0., 1., 0., 0., 1., 0., 1., 0., 0., 1., 0., 1., 0., 1., 0., 1., 0.,
           1., 1.],
          [0., 1., 0., 0., 1., 0., 0., 1., 0., 1., 0., 0., 1., 1., 0., 0., 0.,
           1., 0.],
          [0., 1., 1., 0., 0., 1., 0., 0., 1., 0., 0., 1., 0., 0., 1., 0., 0.,
           0., 1.],
          [1., 0., 1., 1., 0., 1., 1., 0., 1., 1., 1., 0., 0., 1., 1., 0., 0.,
           1., 0.],
          [1., 1., 0., 1., 0., 1., 0., 0., 1., 0., 0., 1., 0., 0., 0., 0., 0.,
           0., 1.],
          [1., 1., 0., 0., 0., 1., 1., 0., 0., 0., 0., 1., 1., 1., 1., 1., 1.,
           0., 1.],
          [1., 0., 1., 1., 0., 1., 0., 0., 1., 1., 0., 1., 0., 1., 1., 1., 1.,
           1., 1.],
          [1., 1., 1., 1., 1., 1., 0., 1., 0., 0., 0., 1., 1., 1., 1., 1., 1.,
           0., 1.]]]], device='cuda:0'), tensor([[0.2943]], device='cuda:0'))
2026-01-08 17:31:38 - INFO - [ 9.9774671e-01 -2.1143962e-02 -3.6357433e-04  1.1240218e-02
 -3.6356130e-04  1.1240222e-02  8.3764088e-01 -2.0643318e-01]
2026-01-08 17:31:38 - INFO - (tensor([[[[0., 1., 1., 0., 0., 1., 1., 1., 0., 1., 0., 1., 0., 1., 1., 1., 1.,
           0., 0.],
          [0., 1., 1., 1., 0., 0., 1., 1., 1., 1., 1., 1., 0., 0., 1., 0., 0.,
           0., 0.],
          [0., 0., 0., 0., 0., 1., 0., 0., 0., 1., 1., 0., 0., 0., 1., 0., 1.,
           0., 1.],
          [0., 0., 0., 0., 0., 0., 1., 0., 0., 0., 1., 1., 1., 0., 0., 0., 0.,
           0., 1.],
          [1., 1., 1., 0., 1., 1., 1., 0., 0., 1., 1., 1., 0., 0., 1., 0., 1.,
           1., 1.],
          [1., 0., 0., 1., 0., 1., 0., 0., 1., 1., 0., 1., 0., 1., 0., 0., 0.,
           1., 1.],
          [0., 0., 1., 1., 0., 1., 1., 0., 0., 1., 0., 0., 0., 0., 1., 1., 1.,
           1., 0.],
          [1., 0., 0., 1., 1., 1., 1., 0., 1., 1., 0., 1., 0., 1., 1., 0., 0.,
           1., 1.],
          [1., 0., 1., 1., 0., 1., 1., 1., 0., 1., 1., 0., 0., 0., 1., 0., 0.,
           1., 1.],
          [1., 0., 0., 1., 1., 0., 1., 0., 1., 1., 0., 1., 1., 0., 0., 1., 1.,
           1., 1.],
          [0., 0., 1., 0., 0., 0., 0., 1., 0., 0., 1., 0., 1., 0., 1., 0., 1.,
           1., 1.],
          [0., 1., 0., 0., 1., 0., 1., 0., 0., 1., 0., 1., 0., 1., 0., 1., 0.,
           1., 1.],
          [0., 1., 0., 0., 1., 0., 0., 1., 0., 1., 0., 0., 1., 1., 0., 0., 0.,
           1., 0.],
          [0., 1., 1., 0., 0., 1., 0., 0., 1., 0., 0., 1., 0., 0., 1., 0., 0.,
           0., 1.],
          [1., 0., 1., 1., 0., 1., 1., 0., 1., 1., 1., 0., 0., 1., 1., 0., 0.,
           1., 0.],
          [1., 1., 0., 1., 0., 1., 0., 0., 1., 0., 0., 1., 0., 0., 0., 0., 0.,
           0., 1.],
          [1., 1., 0., 0., 0., 1., 1., 0., 0., 0., 0., 1., 1., 1., 1., 1., 1.,
           0., 1.],
          [1., 0., 1., 1., 0., 1., 0., 0., 1., 1., 0., 1., 0., 1., 1., 1., 1.,
           1., 1.],
          [1., 1., 1., 1., 1., 1., 0., 1., 0., 0., 0., 1., 1., 1., 1., 1., 1.,
           0., 1.]]]], device='cuda:0'), tensor([[0.2977]], device='cuda:0'))
2026-01-08 17:31:38 - INFO - [ 9.9770832e-01 -2.1342803e-02 -3.3782888e-04  1.1422235e-02
 -3.3781584e-04  1.1422227e-02  8.3685768e-01 -2.0782097e-01]
2026-01-08 17:31:38 - INFO - (tensor([[[[0., 1., 1., 0., 0., 1., 1., 1., 0., 1., 0., 1., 0., 1., 1., 1., 1.,
           0., 0.],
          [0., 1., 1., 1., 0., 0., 1., 1., 1., 1., 1., 1., 0., 0., 1., 0., 0.,
           0., 0.],
          [0., 0., 0., 0., 0., 1., 0., 0., 0., 1., 1., 0., 0., 0., 1., 0., 1.,
           0., 1.],
          [0., 0., 0., 0., 0., 0., 1., 0., 0., 0., 1., 1., 1., 0., 0., 0., 0.,
           0., 1.],
          [1., 1., 1., 0., 1., 1., 1., 0., 0., 1., 1., 1., 0., 0., 1., 0., 1.,
           1., 1.],
          [1., 0., 0., 1., 0., 1., 0., 0., 1., 1., 0., 1., 0., 1., 0., 0., 0.,
           1., 1.],
          [0., 0., 1., 1., 0., 1., 1., 0., 0., 1., 0., 0., 0., 0., 1., 1., 1.,
           1., 0.],
          [1., 0., 0., 1., 1., 1., 1., 0., 1., 1., 0., 1., 0., 1., 1., 0., 0.,
           1., 1.],
          [1., 0., 1., 1., 0., 1., 1., 1., 0., 1., 1., 0., 0., 0., 1., 0., 0.,
           1., 1.],
          [1., 0., 0., 1., 1., 0., 1., 0., 1., 1., 0., 1., 1., 0., 0., 1., 1.,
           1., 1.],
          [0., 0., 1., 0., 0., 0., 0., 1., 0., 0., 1., 0., 1., 0., 1., 0., 1.,
           1., 1.],
          [0., 1., 0., 0., 1., 0., 1., 0., 0., 1., 0., 1., 0., 1., 0., 1., 0.,
           1., 1.],
          [0., 1., 0., 0., 1., 0., 0., 1., 0., 1., 0., 0., 1., 1., 0., 0., 0.,
           1., 0.],
          [0., 1., 1., 0., 0., 1., 0., 0., 1., 0., 0., 1., 0., 0., 1., 0., 0.,
           0., 1.],
          [1., 0., 1., 1., 0., 1., 1., 0., 1., 1., 1., 0., 0., 1., 1., 0., 0.,
           1., 0.],
          [1., 1., 0., 1., 0., 1., 0., 0., 1., 0., 0., 1., 0., 0., 0., 0., 0.,
           0., 1.],
          [1., 1., 0., 0., 0., 1., 1., 0., 0., 0., 0., 1., 1., 1., 1., 1., 1.,
           0., 1.],
          [1., 0., 1., 1., 0., 1., 0., 0., 1., 1., 0., 1., 0., 1., 1., 1., 1.,
           1., 1.],
          [1., 1., 1., 1., 1., 1., 0., 1., 0., 0., 0., 1., 1., 1., 1., 1., 1.,
           0., 1.]]]], device='cuda:0'), tensor([[0.3010]], device='cuda:0'))
2026-01-08 17:31:38 - INFO - [ 9.9766815e-01 -2.1545697e-02 -3.1041447e-04  1.1605587e-02
 -3.1040888e-04  1.1605594e-02  8.3607161e-01 -2.0922522e-01]
2026-01-08 17:31:38 - INFO - (tensor([[[[0., 1., 1., 0., 0., 1., 1., 1., 0., 1., 0., 1., 0., 1., 1., 1., 1.,
           0., 0.],
          [0., 1., 1., 1., 0., 0., 1., 1., 1., 1., 1., 1., 0., 0., 1., 0., 0.,
           0., 0.],
          [0., 0., 0., 0., 0., 1., 0., 0., 0., 1., 1., 0., 0., 0., 1., 0., 1.,
           0., 1.],
          [0., 0., 0., 0., 0., 0., 1., 0., 0., 0., 1., 1., 1., 0., 0., 0., 0.,
           0., 1.],
          [1., 1., 1., 0., 1., 1., 1., 0., 0., 1., 1., 1., 0., 0., 1., 0., 1.,
           1., 1.],
          [1., 0., 0., 1., 0., 1., 0., 0., 1., 1., 0., 1., 0., 1., 0., 0., 0.,
           1., 1.],
          [0., 0., 1., 1., 0., 1., 1., 0., 0., 1., 0., 0., 0., 0., 1., 1., 1.,
           1., 0.],
          [1., 0., 0., 1., 1., 1., 1., 0., 1., 1., 0., 1., 0., 1., 1., 0., 0.,
           1., 1.],
          [1., 0., 1., 1., 0., 1., 1., 1., 0., 1., 1., 0., 0., 0., 1., 0., 0.,
           1., 1.],
          [1., 0., 0., 1., 1., 0., 1., 0., 1., 1., 0., 1., 1., 0., 0., 1., 1.,
           1., 1.],
          [0., 0., 1., 0., 0., 0., 0., 1., 0., 0., 1., 0., 1., 0., 1., 0., 1.,
           1., 1.],
          [0., 1., 0., 0., 1., 0., 1., 0., 0., 1., 0., 1., 0., 1., 0., 1., 0.,
           1., 1.],
          [0., 1., 0., 0., 1., 0., 0., 1., 0., 1., 0., 0., 1., 1., 0., 0., 0.,
           1., 0.],
          [0., 1., 1., 0., 0., 1., 0., 0., 1., 0., 0., 1., 0., 0., 1., 0., 0.,
           0., 1.],
          [1., 0., 1., 1., 0., 1., 1., 0., 1., 1., 1., 0., 0., 1., 1., 0., 0.,
           1., 0.],
          [1., 1., 0., 1., 0., 1., 0., 0., 1., 0., 0., 1., 0., 0., 0., 0., 0.,
           0., 1.],
          [1., 1., 0., 0., 0., 1., 1., 0., 0., 0., 0., 1., 1., 1., 1., 1., 1.,
           0., 1.],
          [1., 0., 1., 1., 0., 1., 0., 0., 1., 1., 0., 1., 0., 1., 1., 1., 1.,
           1., 1.],
          [1., 1., 1., 1., 1., 1., 0., 1., 0., 0., 0., 1., 1., 1., 1., 1., 1.,
           0., 1.]]]], device='cuda:0'), tensor([[0.3043]], device='cuda:0'))
2026-01-08 17:31:38 - INFO - [ 9.9762672e-01 -2.1761211e-02 -2.8062705e-04  1.1785721e-02
 -2.8062146e-04  1.1785729e-02  8.3530784e-01 -2.1062592e-01]
2026-01-08 17:31:38 - INFO - (tensor([[[[0., 1., 1., 0., 0., 1., 1., 1., 0., 1., 0., 1., 0., 1., 1., 1., 1.,
           0., 0.],
          [0., 1., 1., 1., 0., 0., 1., 1., 1., 1., 1., 1., 0., 0., 1., 0., 0.,
           0., 0.],
          [0., 0., 0., 0., 0., 1., 0., 0., 0., 1., 1., 0., 0., 0., 1., 0., 1.,
           0., 1.],
          [0., 0., 0., 0., 0., 0., 1., 0., 0., 0., 1., 1., 1., 0., 0., 0., 0.,
           0., 1.],
          [1., 1., 1., 0., 1., 1., 1., 0., 0., 1., 1., 1., 0., 0., 1., 0., 1.,
           1., 1.],
          [1., 0., 0., 1., 0., 1., 0., 0., 1., 1., 0., 1., 0., 1., 0., 0., 0.,
           1., 1.],
          [0., 0., 1., 1., 0., 1., 1., 0., 0., 1., 0., 0., 0., 0., 1., 1., 1.,
           1., 0.],
          [1., 0., 0., 1., 1., 1., 1., 0., 1., 1., 0., 1., 0., 1., 1., 0., 0.,
           1., 1.],
          [1., 0., 1., 1., 0., 1., 1., 1., 0., 1., 1., 0., 0., 0., 1., 0., 0.,
           1., 1.],
          [1., 0., 0., 1., 1., 0., 1., 0., 1., 1., 0., 1., 1., 0., 0., 1., 1.,
           1., 1.],
          [0., 0., 1., 0., 0., 0., 0., 1., 0., 0., 1., 0., 1., 0., 1., 0., 1.,
           1., 1.],
          [0., 1., 0., 0., 1., 0., 1., 0., 0., 1., 0., 1., 0., 1., 0., 1., 0.,
           1., 1.],
          [0., 1., 0., 0., 1., 0., 0., 1., 0., 1., 0., 0., 1., 1., 0., 0., 0.,
           1., 0.],
          [0., 1., 1., 0., 0., 1., 0., 0., 1., 0., 0., 1., 0., 0., 1., 0., 0.,
           0., 1.],
          [1., 0., 1., 1., 0., 1., 1., 0., 1., 1., 1., 0., 0., 1., 1., 0., 0.,
           1., 0.],
          [1., 1., 0., 1., 0., 1., 0., 0., 1., 0., 0., 1., 0., 0., 0., 0., 0.,
           0., 1.],
          [1., 1., 0., 0., 0., 1., 1., 0., 0., 0., 0., 1., 1., 1., 1., 1., 1.,
           0., 1.],
          [1., 0., 1., 1., 0., 1., 0., 0., 1., 1., 0., 1., 0., 1., 1., 1., 1.,
           1., 1.],
          [1., 1., 1., 1., 1., 1., 0., 1., 0., 0., 0., 1., 1., 1., 1., 1., 1.,
           0., 1.]]]], device='cuda:0'), tensor([[0.3077]], device='cuda:0'))
2026-01-08 17:31:38 - INFO - [ 9.9758512e-01 -2.1976523e-02 -2.5146175e-04  1.1964361e-02
 -2.5145616e-04  1.1964357e-02  8.3455348e-01 -2.1201615e-01]
2026-01-08 17:31:38 - INFO - (tensor([[[[0., 1., 1., 0., 0., 1., 1., 1., 0., 1., 0., 1., 0., 1., 1., 1., 1.,
           0., 0.],
          [0., 1., 1., 1., 0., 0., 1., 1., 1., 1., 1., 1., 0., 0., 1., 0., 0.,
           0., 0.],
          [0., 0., 0., 0., 0., 1., 0., 0., 0., 1., 1., 0., 0., 0., 1., 0., 1.,
           0., 1.],
          [0., 0., 0., 0., 0., 0., 1., 0., 0., 0., 1., 1., 1., 0., 0., 0., 0.,
           0., 1.],
          [1., 1., 1., 0., 1., 1., 1., 0., 0., 1., 1., 1., 0., 0., 1., 0., 1.,
           1., 1.],
          [1., 0., 0., 1., 0., 1., 0., 0., 1., 1., 0., 1., 0., 1., 0., 0., 0.,
           1., 1.],
          [0., 0., 1., 1., 0., 1., 1., 0., 0., 1., 0., 0., 0., 0., 1., 1., 1.,
           1., 0.],
          [1., 0., 0., 1., 1., 1., 1., 0., 1., 1., 0., 1., 0., 1., 1., 0., 0.,
           1., 1.],
          [1., 0., 1., 1., 0., 1., 1., 1., 0., 1., 1., 0., 0., 0., 1., 0., 0.,
           1., 1.],
          [1., 0., 0., 1., 1., 0., 1., 0., 1., 1., 0., 1., 1., 0., 0., 1., 1.,
           1., 1.],
          [0., 0., 1., 0., 0., 0., 0., 1., 0., 0., 1., 0., 1., 0., 1., 0., 1.,
           1., 1.],
          [0., 1., 0., 0., 1., 0., 1., 0., 0., 1., 0., 1., 0., 1., 0., 1., 0.,
           1., 1.],
          [0., 1., 0., 0., 1., 0., 0., 1., 0., 1., 0., 0., 1., 1., 0., 0., 0.,
           1., 0.],
          [0., 1., 1., 0., 0., 1., 0., 0., 1., 0., 0., 1., 0., 0., 1., 0., 0.,
           0., 1.],
          [1., 0., 1., 1., 0., 1., 1., 0., 1., 1., 1., 0., 0., 1., 1., 0., 0.,
           1., 0.],
          [1., 1., 0., 1., 0., 1., 0., 0., 1., 0., 0., 1., 0., 0., 0., 0., 0.,
           0., 1.],
          [1., 1., 0., 0., 0., 1., 1., 0., 0., 0., 0., 1., 1., 1., 1., 1., 1.,
           0., 1.],
          [1., 0., 1., 1., 0., 1., 0., 0., 1., 1., 0., 1., 0., 1., 1., 1., 1.,
           1., 1.],
          [1., 1., 1., 1., 1., 1., 0., 1., 0., 0., 0., 1., 1., 1., 1., 1., 1.,
           0., 1.]]]], device='cuda:0'), tensor([[0.3110]], device='cuda:0'))
2026-01-08 17:31:38 - INFO - [ 9.9754715e-01 -2.2172922e-02 -2.2510905e-04  1.2127226e-02
 -2.2511091e-04  1.2127230e-02  8.3385479e-01 -2.1329407e-01]
2026-01-08 17:31:38 - INFO - (tensor([[[[0., 1., 1., 0., 0., 1., 1., 1., 0., 1., 0., 1., 0., 1., 1., 1., 1.,
           0., 0.],
          [0., 1., 1., 1., 0., 0., 1., 1., 1., 1., 1., 1., 0., 0., 1., 0., 0.,
           0., 0.],
          [0., 0., 0., 0., 0., 1., 0., 0., 0., 1., 1., 0., 0., 0., 1., 0., 1.,
           0., 1.],
          [0., 0., 0., 0., 0., 0., 1., 0., 0., 0., 1., 1., 1., 0., 0., 0., 0.,
           0., 1.],
          [1., 1., 1., 0., 1., 1., 1., 0., 0., 1., 1., 1., 0., 0., 1., 0., 1.,
           1., 1.],
          [1., 0., 0., 1., 0., 1., 0., 0., 1., 1., 0., 1., 0., 1., 0., 0., 0.,
           1., 1.],
          [0., 0., 1., 1., 0., 1., 1., 0., 0., 1., 0., 0., 0., 0., 1., 1., 1.,
           1., 0.],
          [1., 0., 0., 1., 1., 1., 1., 0., 1., 1., 0., 1., 0., 1., 1., 0., 0.,
           1., 1.],
          [1., 0., 1., 1., 0., 1., 1., 1., 0., 1., 1., 0., 0., 0., 1., 0., 0.,
           1., 1.],
          [1., 0., 0., 1., 1., 0., 1., 0., 1., 1., 0., 1., 1., 0., 0., 1., 1.,
           1., 1.],
          [0., 0., 1., 0., 0., 0., 0., 1., 0., 0., 1., 0., 1., 0., 1., 0., 1.,
           1., 1.],
          [0., 1., 0., 0., 1., 0., 1., 0., 0., 1., 0., 1., 0., 1., 0., 1., 0.,
           1., 1.],
          [0., 1., 0., 0., 1., 0., 0., 1., 0., 1., 0., 0., 1., 1., 0., 0., 0.,
           1., 0.],
          [0., 1., 1., 0., 0., 1., 0., 0., 1., 0., 0., 1., 0., 0., 1., 0., 0.,
           0., 1.],
          [1., 0., 1., 1., 0., 1., 1., 0., 1., 1., 1., 0., 0., 1., 1., 0., 0.,
           1., 0.],
          [1., 1., 0., 1., 0., 1., 0., 0., 1., 0., 0., 1., 0., 0., 0., 0., 0.,
           0., 1.],
          [1., 1., 0., 0., 0., 1., 1., 0., 0., 0., 0., 1., 1., 1., 1., 1., 1.,
           0., 1.],
          [1., 0., 1., 1., 0., 1., 0., 0., 1., 1., 0., 1., 0., 1., 1., 1., 1.,
           1., 1.],
          [1., 1., 1., 1., 1., 1., 0., 1., 0., 0., 0., 1., 1., 1., 1., 1., 1.,
           0., 1.]]]], device='cuda:0'), tensor([[0.3144]], device='cuda:0'))
2026-01-08 17:31:38 - INFO - [ 9.9751294e-01 -2.2352321e-02 -1.9131694e-04  1.2289885e-02
 -1.9131880e-04  1.2289889e-02  8.3317912e-01 -2.1464354e-01]
2026-01-08 17:31:38 - INFO - (tensor([[[[0., 1., 1., 0., 0., 1., 1., 1., 0., 1., 0., 1., 0., 1., 1., 1., 1.,
           0., 0.],
          [0., 1., 1., 1., 0., 0., 1., 1., 1., 1., 1., 1., 0., 0., 1., 0., 0.,
           0., 0.],
          [0., 0., 0., 0., 0., 1., 0., 0., 0., 1., 1., 0., 0., 0., 1., 0., 1.,
           0., 1.],
          [0., 0., 0., 0., 0., 0., 1., 0., 0., 0., 1., 1., 1., 0., 0., 0., 0.,
           0., 1.],
          [1., 1., 1., 0., 1., 1., 1., 0., 0., 1., 1., 1., 0., 0., 1., 0., 1.,
           1., 1.],
          [1., 0., 0., 1., 0., 1., 0., 0., 1., 1., 0., 1., 0., 1., 0., 0., 0.,
           1., 1.],
          [0., 0., 1., 1., 0., 1., 1., 0., 0., 1., 0., 0., 0., 0., 1., 1., 1.,
           1., 0.],
          [1., 0., 0., 1., 1., 1., 1., 0., 1., 1., 0., 1., 0., 1., 1., 0., 0.,
           1., 1.],
          [1., 0., 1., 1., 0., 1., 1., 1., 0., 1., 1., 0., 0., 0., 1., 0., 0.,
           1., 1.],
          [1., 0., 0., 1., 1., 0., 1., 0., 1., 1., 0., 1., 1., 0., 0., 1., 1.,
           1., 1.],
          [0., 0., 1., 0., 0., 0., 0., 1., 0., 0., 1., 0., 1., 0., 1., 0., 1.,
           1., 1.],
          [0., 1., 0., 0., 1., 0., 1., 0., 0., 1., 0., 1., 0., 1., 0., 1., 0.,
           1., 1.],
          [0., 1., 0., 0., 1., 0., 0., 1., 0., 1., 0., 0., 1., 1., 0., 0., 0.,
           1., 0.],
          [0., 1., 1., 0., 0., 1., 0., 0., 1., 0., 0., 1., 0., 0., 1., 0., 0.,
           0., 1.],
          [1., 0., 1., 1., 0., 1., 1., 0., 1., 1., 1., 0., 0., 1., 1., 0., 0.,
           1., 0.],
          [1., 1., 0., 1., 0., 1., 0., 0., 1., 0., 0., 1., 0., 0., 0., 0., 0.,
           0., 1.],
          [1., 1., 0., 0., 0., 1., 1., 0., 0., 0., 0., 1., 1., 1., 1., 1., 1.,
           0., 1.],
          [1., 0., 1., 1., 0., 1., 0., 0., 1., 1., 0., 1., 0., 1., 1., 1., 1.,
           1., 1.],
          [1., 1., 1., 1., 1., 1., 0., 1., 0., 0., 0., 1., 1., 1., 1., 1., 1.,
           0., 1.]]]], device='cuda:0'), tensor([[0.3177]], device='cuda:0'))
2026-01-08 17:31:38 - INFO - [ 9.9747902e-01 -2.2526726e-02 -1.4996994e-04  1.2457021e-02
 -1.4996063e-04  1.2457017e-02  8.3249927e-01 -2.1609387e-01]
2026-01-08 17:31:38 - INFO - (tensor([[[[0., 1., 1., 0., 0., 1., 1., 1., 0., 1., 0., 1., 0., 1., 1., 1., 1.,
           0., 0.],
          [0., 1., 1., 1., 0., 0., 1., 1., 1., 1., 1., 1., 0., 0., 1., 0., 0.,
           0., 0.],
          [0., 0., 0., 0., 0., 1., 0., 0., 0., 1., 1., 0., 0., 0., 1., 0., 1.,
           0., 1.],
          [0., 0., 0., 0., 0., 0., 1., 0., 0., 0., 1., 1., 1., 0., 0., 0., 0.,
           0., 1.],
          [1., 1., 1., 0., 1., 1., 1., 0., 0., 1., 1., 1., 0., 0., 1., 0., 1.,
           1., 1.],
          [1., 0., 0., 1., 0., 1., 0., 0., 1., 1., 0., 1., 0., 1., 0., 0., 0.,
           1., 1.],
          [0., 0., 1., 1., 0., 1., 1., 0., 0., 1., 0., 0., 0., 0., 1., 1., 1.,
           1., 0.],
          [1., 0., 0., 1., 1., 1., 1., 0., 1., 1., 0., 1., 0., 1., 1., 0., 0.,
           1., 1.],
          [1., 0., 1., 1., 0., 1., 1., 1., 0., 1., 1., 0., 0., 0., 1., 0., 0.,
           1., 1.],
          [1., 0., 0., 1., 1., 0., 1., 0., 1., 1., 0., 1., 1., 0., 0., 1., 1.,
           1., 1.],
          [0., 0., 1., 0., 0., 0., 0., 1., 0., 0., 1., 0., 1., 0., 1., 0., 1.,
           1., 1.],
          [0., 1., 0., 0., 1., 0., 1., 0., 0., 1., 0., 1., 0., 1., 0., 1., 0.,
           1., 1.],
          [0., 1., 0., 0., 1., 0., 0., 1., 0., 1., 0., 0., 1., 1., 0., 0., 0.,
           1., 0.],
          [0., 1., 1., 0., 0., 1., 0., 0., 1., 0., 0., 1., 0., 0., 1., 0., 0.,
           0., 1.],
          [1., 0., 1., 1., 0., 1., 1., 0., 1., 1., 1., 0., 0., 1., 1., 0., 0.,
           1., 0.],
          [1., 1., 0., 1., 0., 1., 0., 0., 1., 0., 0., 1., 0., 0., 0., 0., 0.,
           0., 1.],
          [1., 1., 0., 0., 0., 1., 1., 0., 0., 0., 0., 1., 1., 1., 1., 1., 1.,
           0., 1.],
          [1., 0., 1., 1., 0., 1., 0., 0., 1., 1., 0., 1., 0., 1., 1., 1., 1.,
           1., 1.],
          [1., 1., 1., 1., 1., 1., 0., 1., 0., 0., 0., 1., 1., 1., 1., 1., 1.,
           0., 1.]]]], device='cuda:0'), tensor([[0.3211]], device='cuda:0'))
2026-01-08 17:31:38 - INFO - [ 9.97456968e-01 -2.29412224e-02 -1.08719803e-04  1.26493908e-02
 -1.08721666e-04  1.26493983e-02  8.31665516e-01 -2.17877239e-01]
2026-01-08 17:31:38 - INFO - (tensor([[[[0., 1., 1., 0., 0., 1., 1., 1., 0., 1., 0., 1., 0., 1., 1., 1., 1.,
           0., 0.],
          [0., 1., 1., 1., 0., 0., 1., 1., 1., 1., 1., 1., 0., 0., 1., 0., 0.,
           0., 0.],
          [0., 0., 0., 0., 0., 1., 0., 0., 0., 1., 1., 0., 0., 0., 1., 0., 1.,
           0., 1.],
          [0., 0., 0., 0., 0., 0., 1., 0., 0., 0., 1., 1., 1., 0., 0., 0., 0.,
           0., 1.],
          [1., 1., 1., 0., 1., 1., 1., 0., 0., 1., 1., 1., 0., 0., 1., 0., 1.,
           1., 1.],
          [1., 0., 0., 1., 0., 1., 0., 0., 1., 1., 0., 1., 0., 1., 0., 0., 0.,
           1., 1.],
          [0., 0., 1., 1., 0., 1., 1., 0., 0., 1., 0., 0., 0., 0., 1., 1., 1.,
           1., 0.],
          [1., 0., 0., 1., 1., 1., 1., 0., 1., 1., 0., 1., 0., 1., 1., 0., 0.,
           1., 1.],
          [1., 0., 1., 1., 0., 1., 1., 1., 0., 1., 1., 0., 0., 0., 1., 0., 0.,
           1., 1.],
          [1., 0., 0., 1., 1., 0., 1., 0., 1., 1., 0., 1., 1., 0., 0., 1., 1.,
           1., 1.],
          [0., 0., 1., 0., 0., 0., 0., 1., 0., 0., 1., 0., 1., 0., 1., 0., 1.,
           1., 1.],
          [0., 1., 0., 0., 1., 0., 1., 0., 0., 1., 0., 1., 0., 1., 0., 1., 0.,
           1., 1.],
          [0., 1., 0., 0., 1., 0., 0., 1., 0., 1., 0., 0., 1., 1., 0., 0., 0.,
           1., 0.],
          [0., 1., 1., 0., 0., 1., 0., 0., 1., 0., 0., 1., 0., 0., 1., 0., 0.,
           0., 1.],
          [1., 0., 1., 1., 0., 1., 1., 0., 1., 1., 1., 0., 0., 1., 1., 0., 0.,
           1., 0.],
          [1., 1., 0., 1., 0., 1., 0., 0., 1., 0., 0., 1., 0., 0., 0., 0., 0.,
           0., 1.],
          [1., 1., 0., 0., 0., 1., 1., 0., 0., 0., 0., 1., 1., 1., 1., 1., 1.,
           0., 1.],
          [1., 0., 1., 1., 0., 1., 0., 0., 1., 1., 0., 1., 0., 1., 1., 1., 1.,
           1., 1.],
          [1., 1., 1., 1., 1., 1., 0., 1., 0., 0., 0., 1., 1., 1., 1., 1., 1.,
           0., 1.]]]], device='cuda:0'), tensor([[0.3244]], device='cuda:0'))
2026-01-08 17:31:38 - INFO - [ 9.9744791e-01 -2.3398930e-02 -6.3077547e-05  1.2858803e-02
 -6.3079409e-05  1.2858807e-02  8.3084059e-01 -2.1975686e-01]
2026-01-08 17:31:38 - INFO - (tensor([[[[0., 1., 1., 0., 0., 1., 1., 1., 0., 1., 0., 1., 0., 1., 1., 1., 1.,
           0., 0.],
          [0., 1., 1., 1., 0., 0., 1., 1., 1., 1., 1., 1., 0., 0., 1., 0., 0.,
           0., 0.],
          [0., 0., 0., 0., 0., 1., 0., 0., 0., 1., 1., 0., 0., 0., 1., 0., 1.,
           0., 1.],
          [0., 0., 0., 0., 0., 0., 1., 0., 0., 0., 1., 1., 1., 0., 0., 0., 0.,
           0., 1.],
          [1., 1., 1., 0., 1., 1., 1., 0., 0., 1., 1., 1., 0., 0., 1., 0., 1.,
           1., 1.],
          [1., 0., 0., 1., 0., 1., 0., 0., 1., 1., 0., 1., 0., 1., 0., 0., 0.,
           1., 1.],
          [0., 0., 1., 1., 0., 1., 1., 0., 0., 1., 0., 0., 0., 0., 1., 1., 1.,
           1., 0.],
          [1., 0., 0., 1., 1., 1., 1., 0., 1., 1., 0., 1., 0., 1., 1., 0., 0.,
           1., 1.],
          [1., 0., 1., 1., 0., 1., 1., 1., 0., 1., 1., 0., 0., 0., 1., 0., 0.,
           1., 1.],
          [1., 0., 0., 1., 1., 0., 1., 0., 1., 1., 0., 1., 1., 0., 0., 1., 1.,
           1., 1.],
          [0., 0., 1., 0., 0., 0., 0., 1., 0., 0., 1., 0., 1., 0., 1., 0., 1.,
           1., 1.],
          [0., 1., 0., 0., 1., 0., 1., 0., 0., 1., 0., 1., 0., 1., 0., 1., 0.,
           1., 1.],
          [0., 1., 0., 0., 1., 0., 0., 1., 0., 1., 0., 0., 1., 1., 0., 0., 0.,
           1., 0.],
          [0., 1., 1., 0., 0., 1., 0., 0., 1., 0., 0., 1., 0., 0., 1., 0., 0.,
           0., 1.],
          [1., 0., 1., 1., 0., 1., 1., 0., 1., 1., 1., 0., 0., 1., 1., 0., 0.,
           1., 0.],
          [1., 1., 0., 1., 0., 1., 0., 0., 1., 0., 0., 1., 0., 0., 0., 0., 0.,
           0., 1.],
          [1., 1., 0., 0., 0., 1., 1., 0., 0., 0., 0., 1., 1., 1., 1., 1., 1.,
           0., 1.],
          [1., 0., 1., 1., 0., 1., 0., 0., 1., 1., 0., 1., 0., 1., 1., 1., 1.,
           1., 1.],
          [1., 1., 1., 1., 1., 1., 0., 1., 0., 0., 0., 1., 1., 1., 1., 1., 1.,
           0., 1.]]]], device='cuda:0'), tensor([[0.3278]], device='cuda:0'))
2026-01-08 17:31:38 - INFO - [ 9.97446179e-01 -2.38697957e-02 -1.26557425e-05  1.30468430e-02
 -1.26464292e-05  1.30468430e-02  8.30069244e-01 -2.21566424e-01]
2026-01-08 17:31:38 - INFO -   预测进度: 101/301
2026-01-08 17:31:38 - INFO - (tensor([[[[0., 1., 1., 0., 0., 1., 1., 1., 0., 1., 0., 1., 0., 1., 1., 1., 1.,
           0., 0.],
          [0., 1., 1., 1., 0., 0., 1., 1., 1., 1., 1., 1., 0., 0., 1., 0., 0.,
           0., 0.],
          [0., 0., 0., 0., 0., 1., 0., 0., 0., 1., 1., 0., 0., 0., 1., 0., 1.,
           0., 1.],
          [0., 0., 0., 0., 0., 0., 1., 0., 0., 0., 1., 1., 1., 0., 0., 0., 0.,
           0., 1.],
          [1., 1., 1., 0., 1., 1., 1., 0., 0., 1., 1., 1., 0., 0., 1., 0., 1.,
           1., 1.],
          [1., 0., 0., 1., 0., 1., 0., 0., 1., 1., 0., 1., 0., 1., 0., 0., 0.,
           1., 1.],
          [0., 0., 1., 1., 0., 1., 1., 0., 0., 1., 0., 0., 0., 0., 1., 1., 1.,
           1., 0.],
          [1., 0., 0., 1., 1., 1., 1., 0., 1., 1., 0., 1., 0., 1., 1., 0., 0.,
           1., 1.],
          [1., 0., 1., 1., 0., 1., 1., 1., 0., 1., 1., 0., 0., 0., 1., 0., 0.,
           1., 1.],
          [1., 0., 0., 1., 1., 0., 1., 0., 1., 1., 0., 1., 1., 0., 0., 1., 1.,
           1., 1.],
          [0., 0., 1., 0., 0., 0., 0., 1., 0., 0., 1., 0., 1., 0., 1., 0., 1.,
           1., 1.],
          [0., 1., 0., 0., 1., 0., 1., 0., 0., 1., 0., 1., 0., 1., 0., 1., 0.,
           1., 1.],
          [0., 1., 0., 0., 1., 0., 0., 1., 0., 1., 0., 0., 1., 1., 0., 0., 0.,
           1., 0.],
          [0., 1., 1., 0., 0., 1., 0., 0., 1., 0., 0., 1., 0., 0., 1., 0., 0.,
           0., 1.],
          [1., 0., 1., 1., 0., 1., 1., 0., 1., 1., 1., 0., 0., 1., 1., 0., 0.,
           1., 0.],
          [1., 1., 0., 1., 0., 1., 0., 0., 1., 0., 0., 1., 0., 0., 0., 0., 0.,
           0., 1.],
          [1., 1., 0., 0., 0., 1., 1., 0., 0., 0., 0., 1., 1., 1., 1., 1., 1.,
           0., 1.],
          [1., 0., 1., 1., 0., 1., 0., 0., 1., 1., 0., 1., 0., 1., 1., 1., 1.,
           1., 1.],
          [1., 1., 1., 1., 1., 1., 0., 1., 0., 0., 0., 1., 1., 1., 1., 1., 1.,
           0., 1.]]]], device='cuda:0'), tensor([[0.3311]], device='cuda:0'))
2026-01-08 17:31:38 - INFO - [ 9.9744564e-01 -2.4317205e-02  3.8052909e-05  1.3228084e-02
  3.8047321e-05  1.3228080e-02  8.2933682e-01 -2.2329530e-01]
2026-01-08 17:31:38 - INFO - (tensor([[[[0., 1., 1., 0., 0., 1., 1., 1., 0., 1., 0., 1., 0., 1., 1., 1., 1.,
           0., 0.],
          [0., 1., 1., 1., 0., 0., 1., 1., 1., 1., 1., 1., 0., 0., 1., 0., 0.,
           0., 0.],
          [0., 0., 0., 0., 0., 1., 0., 0., 0., 1., 1., 0., 0., 0., 1., 0., 1.,
           0., 1.],
          [0., 0., 0., 0., 0., 0., 1., 0., 0., 0., 1., 1., 1., 0., 0., 0., 0.,
           0., 1.],
          [1., 1., 1., 0., 1., 1., 1., 0., 0., 1., 1., 1., 0., 0., 1., 0., 1.,
           1., 1.],
          [1., 0., 0., 1., 0., 1., 0., 0., 1., 1., 0., 1., 0., 1., 0., 0., 0.,
           1., 1.],
          [0., 0., 1., 1., 0., 1., 1., 0., 0., 1., 0., 0., 0., 0., 1., 1., 1.,
           1., 0.],
          [1., 0., 0., 1., 1., 1., 1., 0., 1., 1., 0., 1., 0., 1., 1., 0., 0.,
           1., 1.],
          [1., 0., 1., 1., 0., 1., 1., 1., 0., 1., 1., 0., 0., 0., 1., 0., 0.,
           1., 1.],
          [1., 0., 0., 1., 1., 0., 1., 0., 1., 1., 0., 1., 1., 0., 0., 1., 1.,
           1., 1.],
          [0., 0., 1., 0., 0., 0., 0., 1., 0., 0., 1., 0., 1., 0., 1., 0., 1.,
           1., 1.],
          [0., 1., 0., 0., 1., 0., 1., 0., 0., 1., 0., 1., 0., 1., 0., 1., 0.,
           1., 1.],
          [0., 1., 0., 0., 1., 0., 0., 1., 0., 1., 0., 0., 1., 1., 0., 0., 0.,
           1., 0.],
          [0., 1., 1., 0., 0., 1., 0., 0., 1., 0., 0., 1., 0., 0., 1., 0., 0.,
           0., 1.],
          [1., 0., 1., 1., 0., 1., 1., 0., 1., 1., 1., 0., 0., 1., 1., 0., 0.,
           1., 0.],
          [1., 1., 0., 1., 0., 1., 0., 0., 1., 0., 0., 1., 0., 0., 0., 0., 0.,
           0., 1.],
          [1., 1., 0., 0., 0., 1., 1., 0., 0., 0., 0., 1., 1., 1., 1., 1., 1.,
           0., 1.],
          [1., 0., 1., 1., 0., 1., 0., 0., 1., 1., 0., 1., 0., 1., 1., 1., 1.,
           1., 1.],
          [1., 1., 1., 1., 1., 1., 0., 1., 0., 0., 0., 1., 1., 1., 1., 1., 1.,
           0., 1.]]]], device='cuda:0'), tensor([[0.3344]], device='cuda:0'))
2026-01-08 17:31:38 - INFO - [ 9.9743789e-01 -2.4666095e-02  9.0896152e-05  1.3398952e-02
  9.0886839e-05  1.3398956e-02  8.2864249e-01 -2.2488151e-01]
2026-01-08 17:31:38 - INFO - (tensor([[[[0., 1., 1., 0., 0., 1., 1., 1., 0., 1., 0., 1., 0., 1., 1., 1., 1.,
           0., 0.],
          [0., 1., 1., 1., 0., 0., 1., 1., 1., 1., 1., 1., 0., 0., 1., 0., 0.,
           0., 0.],
          [0., 0., 0., 0., 0., 1., 0., 0., 0., 1., 1., 0., 0., 0., 1., 0., 1.,
           0., 1.],
          [0., 0., 0., 0., 0., 0., 1., 0., 0., 0., 1., 1., 1., 0., 0., 0., 0.,
           0., 1.],
          [1., 1., 1., 0., 1., 1., 1., 0., 0., 1., 1., 1., 0., 0., 1., 0., 1.,
           1., 1.],
          [1., 0., 0., 1., 0., 1., 0., 0., 1., 1., 0., 1., 0., 1., 0., 0., 0.,
           1., 1.],
          [0., 0., 1., 1., 0., 1., 1., 0., 0., 1., 0., 0., 0., 0., 1., 1., 1.,
           1., 0.],
          [1., 0., 0., 1., 1., 1., 1., 0., 1., 1., 0., 1., 0., 1., 1., 0., 0.,
           1., 1.],
          [1., 0., 1., 1., 0., 1., 1., 1., 0., 1., 1., 0., 0., 0., 1., 0., 0.,
           1., 1.],
          [1., 0., 0., 1., 1., 0., 1., 0., 1., 1., 0., 1., 1., 0., 0., 1., 1.,
           1., 1.],
          [0., 0., 1., 0., 0., 0., 0., 1., 0., 0., 1., 0., 1., 0., 1., 0., 1.,
           1., 1.],
          [0., 1., 0., 0., 1., 0., 1., 0., 0., 1., 0., 1., 0., 1., 0., 1., 0.,
           1., 1.],
          [0., 1., 0., 0., 1., 0., 0., 1., 0., 1., 0., 0., 1., 1., 0., 0., 0.,
           1., 0.],
          [0., 1., 1., 0., 0., 1., 0., 0., 1., 0., 0., 1., 0., 0., 1., 0., 0.,
           0., 1.],
          [1., 0., 1., 1., 0., 1., 1., 0., 1., 1., 1., 0., 0., 1., 1., 0., 0.,
           1., 0.],
          [1., 1., 0., 1., 0., 1., 0., 0., 1., 0., 0., 1., 0., 0., 0., 0., 0.,
           0., 1.],
          [1., 1., 0., 0., 0., 1., 1., 0., 0., 0., 0., 1., 1., 1., 1., 1., 1.,
           0., 1.],
          [1., 0., 1., 1., 0., 1., 0., 0., 1., 1., 0., 1., 0., 1., 1., 1., 1.,
           1., 1.],
          [1., 1., 1., 1., 1., 1., 0., 1., 0., 0., 0., 1., 1., 1., 1., 1., 1.,
           0., 1.]]]], device='cuda:0'), tensor([[0.3378]], device='cuda:0'))
2026-01-08 17:31:38 - INFO - [ 9.9743283e-01 -2.4911070e-02  1.7594825e-04  1.3618100e-02
  1.7594639e-04  1.3618104e-02  8.2796866e-01 -2.2648005e-01]
2026-01-08 17:31:38 - INFO - (tensor([[[[0., 1., 1., 0., 0., 1., 1., 1., 0., 1., 0., 1., 0., 1., 1., 1., 1.,
           0., 0.],
          [0., 1., 1., 1., 0., 0., 1., 1., 1., 1., 1., 1., 0., 0., 1., 0., 0.,
           0., 0.],
          [0., 0., 0., 0., 0., 1., 0., 0., 0., 1., 1., 0., 0., 0., 1., 0., 1.,
           0., 1.],
          [0., 0., 0., 0., 0., 0., 1., 0., 0., 0., 1., 1., 1., 0., 0., 0., 0.,
           0., 1.],
          [1., 1., 1., 0., 1., 1., 1., 0., 0., 1., 1., 1., 0., 0., 1., 0., 1.,
           1., 1.],
          [1., 0., 0., 1., 0., 1., 0., 0., 1., 1., 0., 1., 0., 1., 0., 0., 0.,
           1., 1.],
          [0., 0., 1., 1., 0., 1., 1., 0., 0., 1., 0., 0., 0., 0., 1., 1., 1.,
           1., 0.],
          [1., 0., 0., 1., 1., 1., 1., 0., 1., 1., 0., 1., 0., 1., 1., 0., 0.,
           1., 1.],
          [1., 0., 1., 1., 0., 1., 1., 1., 0., 1., 1., 0., 0., 0., 1., 0., 0.,
           1., 1.],
          [1., 0., 0., 1., 1., 0., 1., 0., 1., 1., 0., 1., 1., 0., 0., 1., 1.,
           1., 1.],
          [0., 0., 1., 0., 0., 0., 0., 1., 0., 0., 1., 0., 1., 0., 1., 0., 1.,
           1., 1.],
          [0., 1., 0., 0., 1., 0., 1., 0., 0., 1., 0., 1., 0., 1., 0., 1., 0.,
           1., 1.],
          [0., 1., 0., 0., 1., 0., 0., 1., 0., 1., 0., 0., 1., 1., 0., 0., 0.,
           1., 0.],
          [0., 1., 1., 0., 0., 1., 0., 0., 1., 0., 0., 1., 0., 0., 1., 0., 0.,
           0., 1.],
          [1., 0., 1., 1., 0., 1., 1., 0., 1., 1., 1., 0., 0., 1., 1., 0., 0.,
           1., 0.],
          [1., 1., 0., 1., 0., 1., 0., 0., 1., 0., 0., 1., 0., 0., 0., 0., 0.,
           0., 1.],
          [1., 1., 0., 0., 0., 1., 1., 0., 0., 0., 0., 1., 1., 1., 1., 1., 1.,
           0., 1.],
          [1., 0., 1., 1., 0., 1., 0., 0., 1., 1., 0., 1., 0., 1., 1., 1., 1.,
           1., 1.],
          [1., 1., 1., 1., 1., 1., 0., 1., 0., 0., 0., 1., 1., 1., 1., 1., 1.,
           0., 1.]]]], device='cuda:0'), tensor([[0.3411]], device='cuda:0'))
2026-01-08 17:31:38 - INFO - [ 9.9742705e-01 -2.5131404e-02  2.5859382e-04  1.3837654e-02
  2.5859941e-04  1.3837662e-02  8.2719851e-01 -2.2819671e-01]
2026-01-08 17:31:38 - INFO - (tensor([[[[0., 1., 1., 0., 0., 1., 1., 1., 0., 1., 0., 1., 0., 1., 1., 1., 1.,
           0., 0.],
          [0., 1., 1., 1., 0., 0., 1., 1., 1., 1., 1., 1., 0., 0., 1., 0., 0.,
           0., 0.],
          [0., 0., 0., 0., 0., 1., 0., 0., 0., 1., 1., 0., 0., 0., 1., 0., 1.,
           0., 1.],
          [0., 0., 0., 0., 0., 0., 1., 0., 0., 0., 1., 1., 1., 0., 0., 0., 0.,
           0., 1.],
          [1., 1., 1., 0., 1., 1., 1., 0., 0., 1., 1., 1., 0., 0., 1., 0., 1.,
           1., 1.],
          [1., 0., 0., 1., 0., 1., 0., 0., 1., 1., 0., 1., 0., 1., 0., 0., 0.,
           1., 1.],
          [0., 0., 1., 1., 0., 1., 1., 0., 0., 1., 0., 0., 0., 0., 1., 1., 1.,
           1., 0.],
          [1., 0., 0., 1., 1., 1., 1., 0., 1., 1., 0., 1., 0., 1., 1., 0., 0.,
           1., 1.],
          [1., 0., 1., 1., 0., 1., 1., 1., 0., 1., 1., 0., 0., 0., 1., 0., 0.,
           1., 1.],
          [1., 0., 0., 1., 1., 0., 1., 0., 1., 1., 0., 1., 1., 0., 0., 1., 1.,
           1., 1.],
          [0., 0., 1., 0., 0., 0., 0., 1., 0., 0., 1., 0., 1., 0., 1., 0., 1.,
           1., 1.],
          [0., 1., 0., 0., 1., 0., 1., 0., 0., 1., 0., 1., 0., 1., 0., 1., 0.,
           1., 1.],
          [0., 1., 0., 0., 1., 0., 0., 1., 0., 1., 0., 0., 1., 1., 0., 0., 0.,
           1., 0.],
          [0., 1., 1., 0., 0., 1., 0., 0., 1., 0., 0., 1., 0., 0., 1., 0., 0.,
           0., 1.],
          [1., 0., 1., 1., 0., 1., 1., 0., 1., 1., 1., 0., 0., 1., 1., 0., 0.,
           1., 0.],
          [1., 1., 0., 1., 0., 1., 0., 0., 1., 0., 0., 1., 0., 0., 0., 0., 0.,
           0., 1.],
          [1., 1., 0., 0., 0., 1., 1., 0., 0., 0., 0., 1., 1., 1., 1., 1., 1.,
           0., 1.],
          [1., 0., 1., 1., 0., 1., 0., 0., 1., 1., 0., 1., 0., 1., 1., 1., 1.,
           1., 1.],
          [1., 1., 1., 1., 1., 1., 0., 1., 0., 0., 0., 1., 1., 1., 1., 1., 1.,
           0., 1.]]]], device='cuda:0'), tensor([[0.3445]], device='cuda:0'))
2026-01-08 17:31:38 - INFO - [ 9.9741650e-01 -2.5292935e-02  3.1718519e-04  1.4025573e-02
  3.1719077e-04  1.4025573e-02  8.2633591e-01 -2.2971725e-01]
2026-01-08 17:31:38 - INFO - (tensor([[[[0., 1., 1., 0., 0., 1., 1., 1., 0., 1., 0., 1., 0., 1., 1., 1., 1.,
           0., 0.],
          [0., 1., 1., 1., 0., 0., 1., 1., 1., 1., 1., 1., 0., 0., 1., 0., 0.,
           0., 0.],
          [0., 0., 0., 0., 0., 1., 0., 0., 0., 1., 1., 0., 0., 0., 1., 0., 1.,
           0., 1.],
          [0., 0., 0., 0., 0., 0., 1., 0., 0., 0., 1., 1., 1., 0., 0., 0., 0.,
           0., 1.],
          [1., 1., 1., 0., 1., 1., 1., 0., 0., 1., 1., 1., 0., 0., 1., 0., 1.,
           1., 1.],
          [1., 0., 0., 1., 0., 1., 0., 0., 1., 1., 0., 1., 0., 1., 0., 0., 0.,
           1., 1.],
          [0., 0., 1., 1., 0., 1., 1., 0., 0., 1., 0., 0., 0., 0., 1., 1., 1.,
           1., 0.],
          [1., 0., 0., 1., 1., 1., 1., 0., 1., 1., 0., 1., 0., 1., 1., 0., 0.,
           1., 1.],
          [1., 0., 1., 1., 0., 1., 1., 1., 0., 1., 1., 0., 0., 0., 1., 0., 0.,
           1., 1.],
          [1., 0., 0., 1., 1., 0., 1., 0., 1., 1., 0., 1., 1., 0., 0., 1., 1.,
           1., 1.],
          [0., 0., 1., 0., 0., 0., 0., 1., 0., 0., 1., 0., 1., 0., 1., 0., 1.,
           1., 1.],
          [0., 1., 0., 0., 1., 0., 1., 0., 0., 1., 0., 1., 0., 1., 0., 1., 0.,
           1., 1.],
          [0., 1., 0., 0., 1., 0., 0., 1., 0., 1., 0., 0., 1., 1., 0., 0., 0.,
           1., 0.],
          [0., 1., 1., 0., 0., 1., 0., 0., 1., 0., 0., 1., 0., 0., 1., 0., 0.,
           0., 1.],
          [1., 0., 1., 1., 0., 1., 1., 0., 1., 1., 1., 0., 0., 1., 1., 0., 0.,
           1., 0.],
          [1., 1., 0., 1., 0., 1., 0., 0., 1., 0., 0., 1., 0., 0., 0., 0., 0.,
           0., 1.],
          [1., 1., 0., 0., 0., 1., 1., 0., 0., 0., 0., 1., 1., 1., 1., 1., 1.,
           0., 1.],
          [1., 0., 1., 1., 0., 1., 0., 0., 1., 1., 0., 1., 0., 1., 1., 1., 1.,
           1., 1.],
          [1., 1., 1., 1., 1., 1., 0., 1., 0., 0., 0., 1., 1., 1., 1., 1., 1.,
           0., 1.]]]], device='cuda:0'), tensor([[0.3478]], device='cuda:0'))
2026-01-08 17:31:38 - INFO - [ 9.9740458e-01 -2.5439320e-02  3.6616155e-04  1.4192105e-02
  3.6617459e-04  1.4192105e-02  8.2551837e-01 -2.3108236e-01]
2026-01-08 17:31:38 - INFO - (tensor([[[[0., 1., 1., 0., 0., 1., 1., 1., 0., 1., 0., 1., 0., 1., 1., 1., 1.,
           0., 0.],
          [0., 1., 1., 1., 0., 0., 1., 1., 1., 1., 1., 1., 0., 0., 1., 0., 0.,
           0., 0.],
          [0., 0., 0., 0., 0., 1., 0., 0., 0., 1., 1., 0., 0., 0., 1., 0., 1.,
           0., 1.],
          [0., 0., 0., 0., 0., 0., 1., 0., 0., 0., 1., 1., 1., 0., 0., 0., 0.,
           0., 1.],
          [1., 1., 1., 0., 1., 1., 1., 0., 0., 1., 1., 1., 0., 0., 1., 0., 1.,
           1., 1.],
          [1., 0., 0., 1., 0., 1., 0., 0., 1., 1., 0., 1., 0., 1., 0., 0., 0.,
           1., 1.],
          [0., 0., 1., 1., 0., 1., 1., 0., 0., 1., 0., 0., 0., 0., 1., 1., 1.,
           1., 0.],
          [1., 0., 0., 1., 1., 1., 1., 0., 1., 1., 0., 1., 0., 1., 1., 0., 0.,
           1., 1.],
          [1., 0., 1., 1., 0., 1., 1., 1., 0., 1., 1., 0., 0., 0., 1., 0., 0.,
           1., 1.],
          [1., 0., 0., 1., 1., 0., 1., 0., 1., 1., 0., 1., 1., 0., 0., 1., 1.,
           1., 1.],
          [0., 0., 1., 0., 0., 0., 0., 1., 0., 0., 1., 0., 1., 0., 1., 0., 1.,
           1., 1.],
          [0., 1., 0., 0., 1., 0., 1., 0., 0., 1., 0., 1., 0., 1., 0., 1., 0.,
           1., 1.],
          [0., 1., 0., 0., 1., 0., 0., 1., 0., 1., 0., 0., 1., 1., 0., 0., 0.,
           1., 0.],
          [0., 1., 1., 0., 0., 1., 0., 0., 1., 0., 0., 1., 0., 0., 1., 0., 0.,
           0., 1.],
          [1., 0., 1., 1., 0., 1., 1., 0., 1., 1., 1., 0., 0., 1., 1., 0., 0.,
           1., 0.],
          [1., 1., 0., 1., 0., 1., 0., 0., 1., 0., 0., 1., 0., 0., 0., 0., 0.,
           0., 1.],
          [1., 1., 0., 0., 0., 1., 1., 0., 0., 0., 0., 1., 1., 1., 1., 1., 1.,
           0., 1.],
          [1., 0., 1., 1., 0., 1., 0., 0., 1., 1., 0., 1., 0., 1., 1., 1., 1.,
           1., 1.],
          [1., 1., 1., 1., 1., 1., 0., 1., 0., 0., 0., 1., 1., 1., 1., 1., 1.,
           0., 1.]]]], device='cuda:0'), tensor([[0.3512]], device='cuda:0'))
2026-01-08 17:31:38 - INFO - [ 9.9738681e-01 -2.5571456e-02  4.1153558e-04  1.4345366e-02
  4.1153745e-04  1.4345369e-02  8.2471776e-01 -2.3239875e-01]
2026-01-08 17:31:38 - INFO - (tensor([[[[0., 1., 1., 0., 0., 1., 1., 1., 0., 1., 0., 1., 0., 1., 1., 1., 1.,
           0., 0.],
          [0., 1., 1., 1., 0., 0., 1., 1., 1., 1., 1., 1., 0., 0., 1., 0., 0.,
           0., 0.],
          [0., 0., 0., 0., 0., 1., 0., 0., 0., 1., 1., 0., 0., 0., 1., 0., 1.,
           0., 1.],
          [0., 0., 0., 0., 0., 0., 1., 0., 0., 0., 1., 1., 1., 0., 0., 0., 0.,
           0., 1.],
          [1., 1., 1., 0., 1., 1., 1., 0., 0., 1., 1., 1., 0., 0., 1., 0., 1.,
           1., 1.],
          [1., 0., 0., 1., 0., 1., 0., 0., 1., 1., 0., 1., 0., 1., 0., 0., 0.,
           1., 1.],
          [0., 0., 1., 1., 0., 1., 1., 0., 0., 1., 0., 0., 0., 0., 1., 1., 1.,
           1., 0.],
          [1., 0., 0., 1., 1., 1., 1., 0., 1., 1., 0., 1., 0., 1., 1., 0., 0.,
           1., 1.],
          [1., 0., 1., 1., 0., 1., 1., 1., 0., 1., 1., 0., 0., 0., 1., 0., 0.,
           1., 1.],
          [1., 0., 0., 1., 1., 0., 1., 0., 1., 1., 0., 1., 1., 0., 0., 1., 1.,
           1., 1.],
          [0., 0., 1., 0., 0., 0., 0., 1., 0., 0., 1., 0., 1., 0., 1., 0., 1.,
           1., 1.],
          [0., 1., 0., 0., 1., 0., 1., 0., 0., 1., 0., 1., 0., 1., 0., 1., 0.,
           1., 1.],
          [0., 1., 0., 0., 1., 0., 0., 1., 0., 1., 0., 0., 1., 1., 0., 0., 0.,
           1., 0.],
          [0., 1., 1., 0., 0., 1., 0., 0., 1., 0., 0., 1., 0., 0., 1., 0., 0.,
           0., 1.],
          [1., 0., 1., 1., 0., 1., 1., 0., 1., 1., 1., 0., 0., 1., 1., 0., 0.,
           1., 0.],
          [1., 1., 0., 1., 0., 1., 0., 0., 1., 0., 0., 1., 0., 0., 0., 0., 0.,
           0., 1.],
          [1., 1., 0., 0., 0., 1., 1., 0., 0., 0., 0., 1., 1., 1., 1., 1., 1.,
           0., 1.],
          [1., 0., 1., 1., 0., 1., 0., 0., 1., 1., 0., 1., 0., 1., 1., 1., 1.,
           1., 1.],
          [1., 1., 1., 1., 1., 1., 0., 1., 0., 0., 0., 1., 1., 1., 1., 1., 1.,
           0., 1.]]]], device='cuda:0'), tensor([[0.3545]], device='cuda:0'))
2026-01-08 17:31:38 - INFO - [ 9.97368157e-01 -2.56752819e-02  4.52763372e-04  1.44841112e-02
  4.52761509e-04  1.44841075e-02  8.23949456e-01 -2.33660400e-01]
2026-01-08 17:31:38 - INFO - (tensor([[[[0., 1., 1., 0., 0., 1., 1., 1., 0., 1., 0., 1., 0., 1., 1., 1., 1.,
           0., 0.],
          [0., 1., 1., 1., 0., 0., 1., 1., 1., 1., 1., 1., 0., 0., 1., 0., 0.,
           0., 0.],
          [0., 0., 0., 0., 0., 1., 0., 0., 0., 1., 1., 0., 0., 0., 1., 0., 1.,
           0., 1.],
          [0., 0., 0., 0., 0., 0., 1., 0., 0., 0., 1., 1., 1., 0., 0., 0., 0.,
           0., 1.],
          [1., 1., 1., 0., 1., 1., 1., 0., 0., 1., 1., 1., 0., 0., 1., 0., 1.,
           1., 1.],
          [1., 0., 0., 1., 0., 1., 0., 0., 1., 1., 0., 1., 0., 1., 0., 0., 0.,
           1., 1.],
          [0., 0., 1., 1., 0., 1., 1., 0., 0., 1., 0., 0., 0., 0., 1., 1., 1.,
           1., 0.],
          [1., 0., 0., 1., 1., 1., 1., 0., 1., 1., 0., 1., 0., 1., 1., 0., 0.,
           1., 1.],
          [1., 0., 1., 1., 0., 1., 1., 1., 0., 1., 1., 0., 0., 0., 1., 0., 0.,
           1., 1.],
          [1., 0., 0., 1., 1., 0., 1., 0., 1., 1., 0., 1., 1., 0., 0., 1., 1.,
           1., 1.],
          [0., 0., 1., 0., 0., 0., 0., 1., 0., 0., 1., 0., 1., 0., 1., 0., 1.,
           1., 1.],
          [0., 1., 0., 0., 1., 0., 1., 0., 0., 1., 0., 1., 0., 1., 0., 1., 0.,
           1., 1.],
          [0., 1., 0., 0., 1., 0., 0., 1., 0., 1., 0., 0., 1., 1., 0., 0., 0.,
           1., 0.],
          [0., 1., 1., 0., 0., 1., 0., 0., 1., 0., 0., 1., 0., 0., 1., 0., 0.,
           0., 1.],
          [1., 0., 1., 1., 0., 1., 1., 0., 1., 1., 1., 0., 0., 1., 1., 0., 0.,
           1., 0.],
          [1., 1., 0., 1., 0., 1., 0., 0., 1., 0., 0., 1., 0., 0., 0., 0., 0.,
           0., 1.],
          [1., 1., 0., 0., 0., 1., 1., 0., 0., 0., 0., 1., 1., 1., 1., 1., 1.,
           0., 1.],
          [1., 0., 1., 1., 0., 1., 0., 0., 1., 1., 0., 1., 0., 1., 1., 1., 1.,
           1., 1.],
          [1., 1., 1., 1., 1., 1., 0., 1., 0., 0., 0., 1., 1., 1., 1., 1., 1.,
           0., 1.]]]], device='cuda:0'), tensor([[0.3579]], device='cuda:0'))
2026-01-08 17:31:38 - INFO - [ 9.9735093e-01 -2.5759708e-02  4.9620768e-04  1.4614302e-02
  4.9621699e-04  1.4614305e-02  8.2317591e-01 -2.3491442e-01]
2026-01-08 17:31:38 - INFO - (tensor([[[[0., 1., 1., 0., 0., 1., 1., 1., 0., 1., 0., 1., 0., 1., 1., 1., 1.,
           0., 0.],
          [0., 1., 1., 1., 0., 0., 1., 1., 1., 1., 1., 1., 0., 0., 1., 0., 0.,
           0., 0.],
          [0., 0., 0., 0., 0., 1., 0., 0., 0., 1., 1., 0., 0., 0., 1., 0., 1.,
           0., 1.],
          [0., 0., 0., 0., 0., 0., 1., 0., 0., 0., 1., 1., 1., 0., 0., 0., 0.,
           0., 1.],
          [1., 1., 1., 0., 1., 1., 1., 0., 0., 1., 1., 1., 0., 0., 1., 0., 1.,
           1., 1.],
          [1., 0., 0., 1., 0., 1., 0., 0., 1., 1., 0., 1., 0., 1., 0., 0., 0.,
           1., 1.],
          [0., 0., 1., 1., 0., 1., 1., 0., 0., 1., 0., 0., 0., 0., 1., 1., 1.,
           1., 0.],
          [1., 0., 0., 1., 1., 1., 1., 0., 1., 1., 0., 1., 0., 1., 1., 0., 0.,
           1., 1.],
          [1., 0., 1., 1., 0., 1., 1., 1., 0., 1., 1., 0., 0., 0., 1., 0., 0.,
           1., 1.],
          [1., 0., 0., 1., 1., 0., 1., 0., 1., 1., 0., 1., 1., 0., 0., 1., 1.,
           1., 1.],
          [0., 0., 1., 0., 0., 0., 0., 1., 0., 0., 1., 0., 1., 0., 1., 0., 1.,
           1., 1.],
          [0., 1., 0., 0., 1., 0., 1., 0., 0., 1., 0., 1., 0., 1., 0., 1., 0.,
           1., 1.],
          [0., 1., 0., 0., 1., 0., 0., 1., 0., 1., 0., 0., 1., 1., 0., 0., 0.,
           1., 0.],
          [0., 1., 1., 0., 0., 1., 0., 0., 1., 0., 0., 1., 0., 0., 1., 0., 0.,
           0., 1.],
          [1., 0., 1., 1., 0., 1., 1., 0., 1., 1., 1., 0., 0., 1., 1., 0., 0.,
           1., 0.],
          [1., 1., 0., 1., 0., 1., 0., 0., 1., 0., 0., 1., 0., 0., 0., 0., 0.,
           0., 1.],
          [1., 1., 0., 0., 0., 1., 1., 0., 0., 0., 0., 1., 1., 1., 1., 1., 1.,
           0., 1.],
          [1., 0., 1., 1., 0., 1., 0., 0., 1., 1., 0., 1., 0., 1., 1., 1., 1.,
           1., 1.],
          [1., 1., 1., 1., 1., 1., 0., 1., 0., 0., 0., 1., 1., 1., 1., 1., 1.,
           0., 1.]]]], device='cuda:0'), tensor([[0.3612]], device='cuda:0'))
2026-01-08 17:31:38 - INFO - [ 9.9732846e-01 -2.5818976e-02  5.4097822e-04  1.4733347e-02
  5.4096890e-04  1.4733343e-02  8.2242131e-01 -2.3607264e-01]
2026-01-08 17:31:38 - INFO - (tensor([[[[0., 1., 1., 0., 0., 1., 1., 1., 0., 1., 0., 1., 0., 1., 1., 1., 1.,
           0., 0.],
          [0., 1., 1., 1., 0., 0., 1., 1., 1., 1., 1., 1., 0., 0., 1., 0., 0.,
           0., 0.],
          [0., 0., 0., 0., 0., 1., 0., 0., 0., 1., 1., 0., 0., 0., 1., 0., 1.,
           0., 1.],
          [0., 0., 0., 0., 0., 0., 1., 0., 0., 0., 1., 1., 1., 0., 0., 0., 0.,
           0., 1.],
          [1., 1., 1., 0., 1., 1., 1., 0., 0., 1., 1., 1., 0., 0., 1., 0., 1.,
           1., 1.],
          [1., 0., 0., 1., 0., 1., 0., 0., 1., 1., 0., 1., 0., 1., 0., 0., 0.,
           1., 1.],
          [0., 0., 1., 1., 0., 1., 1., 0., 0., 1., 0., 0., 0., 0., 1., 1., 1.,
           1., 0.],
          [1., 0., 0., 1., 1., 1., 1., 0., 1., 1., 0., 1., 0., 1., 1., 0., 0.,
           1., 1.],
          [1., 0., 1., 1., 0., 1., 1., 1., 0., 1., 1., 0., 0., 0., 1., 0., 0.,
           1., 1.],
          [1., 0., 0., 1., 1., 0., 1., 0., 1., 1., 0., 1., 1., 0., 0., 1., 1.,
           1., 1.],
          [0., 0., 1., 0., 0., 0., 0., 1., 0., 0., 1., 0., 1., 0., 1., 0., 1.,
           1., 1.],
          [0., 1., 0., 0., 1., 0., 1., 0., 0., 1., 0., 1., 0., 1., 0., 1., 0.,
           1., 1.],
          [0., 1., 0., 0., 1., 0., 0., 1., 0., 1., 0., 0., 1., 1., 0., 0., 0.,
           1., 0.],
          [0., 1., 1., 0., 0., 1., 0., 0., 1., 0., 0., 1., 0., 0., 1., 0., 0.,
           0., 1.],
          [1., 0., 1., 1., 0., 1., 1., 0., 1., 1., 1., 0., 0., 1., 1., 0., 0.,
           1., 0.],
          [1., 1., 0., 1., 0., 1., 0., 0., 1., 0., 0., 1., 0., 0., 0., 0., 0.,
           0., 1.],
          [1., 1., 0., 0., 0., 1., 1., 0., 0., 0., 0., 1., 1., 1., 1., 1., 1.,
           0., 1.],
          [1., 0., 1., 1., 0., 1., 0., 0., 1., 1., 0., 1., 0., 1., 1., 1., 1.,
           1., 1.],
          [1., 1., 1., 1., 1., 1., 0., 1., 0., 0., 0., 1., 1., 1., 1., 1., 1.,
           0., 1.]]]], device='cuda:0'), tensor([[0.3645]], device='cuda:0'))
2026-01-08 17:31:38 - INFO - [ 9.9729931e-01 -2.6111888e-02  5.9008127e-04  1.4903094e-02
  5.9008313e-04  1.4903090e-02  8.2160175e-01 -2.3737429e-01]
2026-01-08 17:31:38 - INFO - (tensor([[[[0., 1., 1., 0., 0., 1., 1., 1., 0., 1., 0., 1., 0., 1., 1., 1., 1.,
           0., 0.],
          [0., 1., 1., 1., 0., 0., 1., 1., 1., 1., 1., 1., 0., 0., 1., 0., 0.,
           0., 0.],
          [0., 0., 0., 0., 0., 1., 0., 0., 0., 1., 1., 0., 0., 0., 1., 0., 1.,
           0., 1.],
          [0., 0., 0., 0., 0., 0., 1., 0., 0., 0., 1., 1., 1., 0., 0., 0., 0.,
           0., 1.],
          [1., 1., 1., 0., 1., 1., 1., 0., 0., 1., 1., 1., 0., 0., 1., 0., 1.,
           1., 1.],
          [1., 0., 0., 1., 0., 1., 0., 0., 1., 1., 0., 1., 0., 1., 0., 0., 0.,
           1., 1.],
          [0., 0., 1., 1., 0., 1., 1., 0., 0., 1., 0., 0., 0., 0., 1., 1., 1.,
           1., 0.],
          [1., 0., 0., 1., 1., 1., 1., 0., 1., 1., 0., 1., 0., 1., 1., 0., 0.,
           1., 1.],
          [1., 0., 1., 1., 0., 1., 1., 1., 0., 1., 1., 0., 0., 0., 1., 0., 0.,
           1., 1.],
          [1., 0., 0., 1., 1., 0., 1., 0., 1., 1., 0., 1., 1., 0., 0., 1., 1.,
           1., 1.],
          [0., 0., 1., 0., 0., 0., 0., 1., 0., 0., 1., 0., 1., 0., 1., 0., 1.,
           1., 1.],
          [0., 1., 0., 0., 1., 0., 1., 0., 0., 1., 0., 1., 0., 1., 0., 1., 0.,
           1., 1.],
          [0., 1., 0., 0., 1., 0., 0., 1., 0., 1., 0., 0., 1., 1., 0., 0., 0.,
           1., 0.],
          [0., 1., 1., 0., 0., 1., 0., 0., 1., 0., 0., 1., 0., 0., 1., 0., 0.,
           0., 1.],
          [1., 0., 1., 1., 0., 1., 1., 0., 1., 1., 1., 0., 0., 1., 1., 0., 0.,
           1., 0.],
          [1., 1., 0., 1., 0., 1., 0., 0., 1., 0., 0., 1., 0., 0., 0., 0., 0.,
           0., 1.],
          [1., 1., 0., 0., 0., 1., 1., 0., 0., 0., 0., 1., 1., 1., 1., 1., 1.,
           0., 1.],
          [1., 0., 1., 1., 0., 1., 0., 0., 1., 1., 0., 1., 0., 1., 1., 1., 1.,
           1., 1.],
          [1., 1., 1., 1., 1., 1., 0., 1., 0., 0., 0., 1., 1., 1., 1., 1., 1.,
           0., 1.]]]], device='cuda:0'), tensor([[0.3679]], device='cuda:0'))
2026-01-08 17:31:38 - INFO - [ 9.9727368e-01 -2.6490547e-02  6.3418871e-04  1.5080918e-02
  6.3419057e-04  1.5080918e-02  8.2097632e-01 -2.3846385e-01]
2026-01-08 17:31:38 - INFO - (tensor([[[[0., 1., 1., 0., 0., 1., 1., 1., 0., 1., 0., 1., 0., 1., 1., 1., 1.,
           0., 0.],
          [0., 1., 1., 1., 0., 0., 1., 1., 1., 1., 1., 1., 0., 0., 1., 0., 0.,
           0., 0.],
          [0., 0., 0., 0., 0., 1., 0., 0., 0., 1., 1., 0., 0., 0., 1., 0., 1.,
           0., 1.],
          [0., 0., 0., 0., 0., 0., 1., 0., 0., 0., 1., 1., 1., 0., 0., 0., 0.,
           0., 1.],
          [1., 1., 1., 0., 1., 1., 1., 0., 0., 1., 1., 1., 0., 0., 1., 0., 1.,
           1., 1.],
          [1., 0., 0., 1., 0., 1., 0., 0., 1., 1., 0., 1., 0., 1., 0., 0., 0.,
           1., 1.],
          [0., 0., 1., 1., 0., 1., 1., 0., 0., 1., 0., 0., 0., 0., 1., 1., 1.,
           1., 0.],
          [1., 0., 0., 1., 1., 1., 1., 0., 1., 1., 0., 1., 0., 1., 1., 0., 0.,
           1., 1.],
          [1., 0., 1., 1., 0., 1., 1., 1., 0., 1., 1., 0., 0., 0., 1., 0., 0.,
           1., 1.],
          [1., 0., 0., 1., 1., 0., 1., 0., 1., 1., 0., 1., 1., 0., 0., 1., 1.,
           1., 1.],
          [0., 0., 1., 0., 0., 0., 0., 1., 0., 0., 1., 0., 1., 0., 1., 0., 1.,
           1., 1.],
          [0., 1., 0., 0., 1., 0., 1., 0., 0., 1., 0., 1., 0., 1., 0., 1., 0.,
           1., 1.],
          [0., 1., 0., 0., 1., 0., 0., 1., 0., 1., 0., 0., 1., 1., 0., 0., 0.,
           1., 0.],
          [0., 1., 1., 0., 0., 1., 0., 0., 1., 0., 0., 1., 0., 0., 1., 0., 0.,
           0., 1.],
          [1., 0., 1., 1., 0., 1., 1., 0., 1., 1., 1., 0., 0., 1., 1., 0., 0.,
           1., 0.],
          [1., 1., 0., 1., 0., 1., 0., 0., 1., 0., 0., 1., 0., 0., 0., 0., 0.,
           0., 1.],
          [1., 1., 0., 0., 0., 1., 1., 0., 0., 0., 0., 1., 1., 1., 1., 1., 1.,
           0., 1.],
          [1., 0., 1., 1., 0., 1., 0., 0., 1., 1., 0., 1., 0., 1., 1., 1., 1.,
           1., 1.],
          [1., 1., 1., 1., 1., 1., 0., 1., 0., 0., 0., 1., 1., 1., 1., 1., 1.,
           0., 1.]]]], device='cuda:0'), tensor([[0.3712]], device='cuda:0'))
2026-01-08 17:31:38 - INFO - [ 9.9725151e-01 -2.6861601e-02  6.7799434e-04  1.5260253e-02
  6.7800365e-04  1.5260249e-02  8.2039952e-01 -2.3951577e-01]
2026-01-08 17:31:38 - INFO - (tensor([[[[0., 1., 1., 0., 0., 1., 1., 1., 0., 1., 0., 1., 0., 1., 1., 1., 1.,
           0., 0.],
          [0., 1., 1., 1., 0., 0., 1., 1., 1., 1., 1., 1., 0., 0., 1., 0., 0.,
           0., 0.],
          [0., 0., 0., 0., 0., 1., 0., 0., 0., 1., 1., 0., 0., 0., 1., 0., 1.,
           0., 1.],
          [0., 0., 0., 0., 0., 0., 1., 0., 0., 0., 1., 1., 1., 0., 0., 0., 0.,
           0., 1.],
          [1., 1., 1., 0., 1., 1., 1., 0., 0., 1., 1., 1., 0., 0., 1., 0., 1.,
           1., 1.],
          [1., 0., 0., 1., 0., 1., 0., 0., 1., 1., 0., 1., 0., 1., 0., 0., 0.,
           1., 1.],
          [0., 0., 1., 1., 0., 1., 1., 0., 0., 1., 0., 0., 0., 0., 1., 1., 1.,
           1., 0.],
          [1., 0., 0., 1., 1., 1., 1., 0., 1., 1., 0., 1., 0., 1., 1., 0., 0.,
           1., 1.],
          [1., 0., 1., 1., 0., 1., 1., 1., 0., 1., 1., 0., 0., 0., 1., 0., 0.,
           1., 1.],
          [1., 0., 0., 1., 1., 0., 1., 0., 1., 1., 0., 1., 1., 0., 0., 1., 1.,
           1., 1.],
          [0., 0., 1., 0., 0., 0., 0., 1., 0., 0., 1., 0., 1., 0., 1., 0., 1.,
           1., 1.],
          [0., 1., 0., 0., 1., 0., 1., 0., 0., 1., 0., 1., 0., 1., 0., 1., 0.,
           1., 1.],
          [0., 1., 0., 0., 1., 0., 0., 1., 0., 1., 0., 0., 1., 1., 0., 0., 0.,
           1., 0.],
          [0., 1., 1., 0., 0., 1., 0., 0., 1., 0., 0., 1., 0., 0., 1., 0., 0.,
           0., 1.],
          [1., 0., 1., 1., 0., 1., 1., 0., 1., 1., 1., 0., 0., 1., 1., 0., 0.,
           1., 0.],
          [1., 1., 0., 1., 0., 1., 0., 0., 1., 0., 0., 1., 0., 0., 0., 0., 0.,
           0., 1.],
          [1., 1., 0., 0., 0., 1., 1., 0., 0., 0., 0., 1., 1., 1., 1., 1., 1.,
           0., 1.],
          [1., 0., 1., 1., 0., 1., 0., 0., 1., 1., 0., 1., 0., 1., 1., 1., 1.,
           1., 1.],
          [1., 1., 1., 1., 1., 1., 0., 1., 0., 0., 0., 1., 1., 1., 1., 1., 1.,
           0., 1.]]]], device='cuda:0'), tensor([[0.3746]], device='cuda:0'))
2026-01-08 17:31:38 - INFO - [ 9.9723017e-01 -2.7128788e-02  6.9431483e-04  1.5368384e-02
  6.9432415e-04  1.5368377e-02  8.1991631e-01 -2.4039030e-01]
2026-01-08 17:31:38 - INFO - (tensor([[[[0., 1., 1., 0., 0., 1., 1., 1., 0., 1., 0., 1., 0., 1., 1., 1., 1.,
           0., 0.],
          [0., 1., 1., 1., 0., 0., 1., 1., 1., 1., 1., 1., 0., 0., 1., 0., 0.,
           0., 0.],
          [0., 0., 0., 0., 0., 1., 0., 0., 0., 1., 1., 0., 0., 0., 1., 0., 1.,
           0., 1.],
          [0., 0., 0., 0., 0., 0., 1., 0., 0., 0., 1., 1., 1., 0., 0., 0., 0.,
           0., 1.],
          [1., 1., 1., 0., 1., 1., 1., 0., 0., 1., 1., 1., 0., 0., 1., 0., 1.,
           1., 1.],
          [1., 0., 0., 1., 0., 1., 0., 0., 1., 1., 0., 1., 0., 1., 0., 0., 0.,
           1., 1.],
          [0., 0., 1., 1., 0., 1., 1., 0., 0., 1., 0., 0., 0., 0., 1., 1., 1.,
           1., 0.],
          [1., 0., 0., 1., 1., 1., 1., 0., 1., 1., 0., 1., 0., 1., 1., 0., 0.,
           1., 1.],
          [1., 0., 1., 1., 0., 1., 1., 1., 0., 1., 1., 0., 0., 0., 1., 0., 0.,
           1., 1.],
          [1., 0., 0., 1., 1., 0., 1., 0., 1., 1., 0., 1., 1., 0., 0., 1., 1.,
           1., 1.],
          [0., 0., 1., 0., 0., 0., 0., 1., 0., 0., 1., 0., 1., 0., 1., 0., 1.,
           1., 1.],
          [0., 1., 0., 0., 1., 0., 1., 0., 0., 1., 0., 1., 0., 1., 0., 1., 0.,
           1., 1.],
          [0., 1., 0., 0., 1., 0., 0., 1., 0., 1., 0., 0., 1., 1., 0., 0., 0.,
           1., 0.],
          [0., 1., 1., 0., 0., 1., 0., 0., 1., 0., 0., 1., 0., 0., 1., 0., 0.,
           0., 1.],
          [1., 0., 1., 1., 0., 1., 1., 0., 1., 1., 1., 0., 0., 1., 1., 0., 0.,
           1., 0.],
          [1., 1., 0., 1., 0., 1., 0., 0., 1., 0., 0., 1., 0., 0., 0., 0., 0.,
           0., 1.],
          [1., 1., 0., 0., 0., 1., 1., 0., 0., 0., 0., 1., 1., 1., 1., 1., 1.,
           0., 1.],
          [1., 0., 1., 1., 0., 1., 0., 0., 1., 1., 0., 1., 0., 1., 1., 1., 1.,
           1., 1.],
          [1., 1., 1., 1., 1., 1., 0., 1., 0., 0., 0., 1., 1., 1., 1., 1., 1.,
           0., 1.]]]], device='cuda:0'), tensor([[0.3779]], device='cuda:0'))
2026-01-08 17:31:38 - INFO - [ 9.97211456e-01 -2.74006557e-02  7.09867920e-04  1.54753635e-02
  7.09866057e-04  1.54753560e-02  8.19415927e-01 -2.41262808e-01]
2026-01-08 17:31:38 - INFO - (tensor([[[[0., 1., 1., 0., 0., 1., 1., 1., 0., 1., 0., 1., 0., 1., 1., 1., 1.,
           0., 0.],
          [0., 1., 1., 1., 0., 0., 1., 1., 1., 1., 1., 1., 0., 0., 1., 0., 0.,
           0., 0.],
          [0., 0., 0., 0., 0., 1., 0., 0., 0., 1., 1., 0., 0., 0., 1., 0., 1.,
           0., 1.],
          [0., 0., 0., 0., 0., 0., 1., 0., 0., 0., 1., 1., 1., 0., 0., 0., 0.,
           0., 1.],
          [1., 1., 1., 0., 1., 1., 1., 0., 0., 1., 1., 1., 0., 0., 1., 0., 1.,
           1., 1.],
          [1., 0., 0., 1., 0., 1., 0., 0., 1., 1., 0., 1., 0., 1., 0., 0., 0.,
           1., 1.],
          [0., 0., 1., 1., 0., 1., 1., 0., 0., 1., 0., 0., 0., 0., 1., 1., 1.,
           1., 0.],
          [1., 0., 0., 1., 1., 1., 1., 0., 1., 1., 0., 1., 0., 1., 1., 0., 0.,
           1., 1.],
          [1., 0., 1., 1., 0., 1., 1., 1., 0., 1., 1., 0., 0., 0., 1., 0., 0.,
           1., 1.],
          [1., 0., 0., 1., 1., 0., 1., 0., 1., 1., 0., 1., 1., 0., 0., 1., 1.,
           1., 1.],
          [0., 0., 1., 0., 0., 0., 0., 1., 0., 0., 1., 0., 1., 0., 1., 0., 1.,
           1., 1.],
          [0., 1., 0., 0., 1., 0., 1., 0., 0., 1., 0., 1., 0., 1., 0., 1., 0.,
           1., 1.],
          [0., 1., 0., 0., 1., 0., 0., 1., 0., 1., 0., 0., 1., 1., 0., 0., 0.,
           1., 0.],
          [0., 1., 1., 0., 0., 1., 0., 0., 1., 0., 0., 1., 0., 0., 1., 0., 0.,
           0., 1.],
          [1., 0., 1., 1., 0., 1., 1., 0., 1., 1., 1., 0., 0., 1., 1., 0., 0.,
           1., 0.],
          [1., 1., 0., 1., 0., 1., 0., 0., 1., 0., 0., 1., 0., 0., 0., 0., 0.,
           0., 1.],
          [1., 1., 0., 0., 0., 1., 1., 0., 0., 0., 0., 1., 1., 1., 1., 1., 1.,
           0., 1.],
          [1., 0., 1., 1., 0., 1., 0., 0., 1., 1., 0., 1., 0., 1., 1., 1., 1.,
           1., 1.],
          [1., 1., 1., 1., 1., 1., 0., 1., 0., 0., 0., 1., 1., 1., 1., 1., 1.,
           0., 1.]]]], device='cuda:0'), tensor([[0.3813]], device='cuda:0'))
2026-01-08 17:31:38 - INFO - [ 9.9718100e-01 -2.7716272e-02  7.2515651e-04  1.5585163e-02
  7.2516210e-04  1.5585163e-02  8.1870502e-01 -2.4242692e-01]
2026-01-08 17:31:38 - INFO - (tensor([[[[0., 1., 1., 0., 0., 1., 1., 1., 0., 1., 0., 1., 0., 1., 1., 1., 1.,
           0., 0.],
          [0., 1., 1., 1., 0., 0., 1., 1., 1., 1., 1., 1., 0., 0., 1., 0., 0.,
           0., 0.],
          [0., 0., 0., 0., 0., 1., 0., 0., 0., 1., 1., 0., 0., 0., 1., 0., 1.,
           0., 1.],
          [0., 0., 0., 0., 0., 0., 1., 0., 0., 0., 1., 1., 1., 0., 0., 0., 0.,
           0., 1.],
          [1., 1., 1., 0., 1., 1., 1., 0., 0., 1., 1., 1., 0., 0., 1., 0., 1.,
           1., 1.],
          [1., 0., 0., 1., 0., 1., 0., 0., 1., 1., 0., 1., 0., 1., 0., 0., 0.,
           1., 1.],
          [0., 0., 1., 1., 0., 1., 1., 0., 0., 1., 0., 0., 0., 0., 1., 1., 1.,
           1., 0.],
          [1., 0., 0., 1., 1., 1., 1., 0., 1., 1., 0., 1., 0., 1., 1., 0., 0.,
           1., 1.],
          [1., 0., 1., 1., 0., 1., 1., 1., 0., 1., 1., 0., 0., 0., 1., 0., 0.,
           1., 1.],
          [1., 0., 0., 1., 1., 0., 1., 0., 1., 1., 0., 1., 1., 0., 0., 1., 1.,
           1., 1.],
          [0., 0., 1., 0., 0., 0., 0., 1., 0., 0., 1., 0., 1., 0., 1., 0., 1.,
           1., 1.],
          [0., 1., 0., 0., 1., 0., 1., 0., 0., 1., 0., 1., 0., 1., 0., 1., 0.,
           1., 1.],
          [0., 1., 0., 0., 1., 0., 0., 1., 0., 1., 0., 0., 1., 1., 0., 0., 0.,
           1., 0.],
          [0., 1., 1., 0., 0., 1., 0., 0., 1., 0., 0., 1., 0., 0., 1., 0., 0.,
           0., 1.],
          [1., 0., 1., 1., 0., 1., 1., 0., 1., 1., 1., 0., 0., 1., 1., 0., 0.,
           1., 0.],
          [1., 1., 0., 1., 0., 1., 0., 0., 1., 0., 0., 1., 0., 0., 0., 0., 0.,
           0., 1.],
          [1., 1., 0., 0., 0., 1., 1., 0., 0., 0., 0., 1., 1., 1., 1., 1., 1.,
           0., 1.],
          [1., 0., 1., 1., 0., 1., 0., 0., 1., 1., 0., 1., 0., 1., 1., 1., 1.,
           1., 1.],
          [1., 1., 1., 1., 1., 1., 0., 1., 0., 0., 0., 1., 1., 1., 1., 1., 1.,
           0., 1.]]]], device='cuda:0'), tensor([[0.3846]], device='cuda:0'))
2026-01-08 17:31:38 - INFO - [ 9.9713749e-01 -2.7896343e-02  7.3894009e-04  1.5693136e-02
  7.3894567e-04  1.5693139e-02  8.1792271e-01 -2.4428633e-01]
2026-01-08 17:31:38 - INFO - (tensor([[[[0., 1., 1., 0., 0., 1., 1., 1., 0., 1., 0., 1., 0., 1., 1., 1., 1.,
           0., 0.],
          [0., 1., 1., 1., 0., 0., 1., 1., 1., 1., 1., 1., 0., 0., 1., 0., 0.,
           0., 0.],
          [0., 0., 0., 0., 0., 1., 0., 0., 0., 1., 1., 0., 0., 0., 1., 0., 1.,
           0., 1.],
          [0., 0., 0., 0., 0., 0., 1., 0., 0., 0., 1., 1., 1., 0., 0., 0., 0.,
           0., 1.],
          [1., 1., 1., 0., 1., 1., 1., 0., 0., 1., 1., 1., 0., 0., 1., 0., 1.,
           1., 1.],
          [1., 0., 0., 1., 0., 1., 0., 0., 1., 1., 0., 1., 0., 1., 0., 0., 0.,
           1., 1.],
          [0., 0., 1., 1., 0., 1., 1., 0., 0., 1., 0., 0., 0., 0., 1., 1., 1.,
           1., 0.],
          [1., 0., 0., 1., 1., 1., 1., 0., 1., 1., 0., 1., 0., 1., 1., 0., 0.,
           1., 1.],
          [1., 0., 1., 1., 0., 1., 1., 1., 0., 1., 1., 0., 0., 0., 1., 0., 0.,
           1., 1.],
          [1., 0., 0., 1., 1., 0., 1., 0., 1., 1., 0., 1., 1., 0., 0., 1., 1.,
           1., 1.],
          [0., 0., 1., 0., 0., 0., 0., 1., 0., 0., 1., 0., 1., 0., 1., 0., 1.,
           1., 1.],
          [0., 1., 0., 0., 1., 0., 1., 0., 0., 1., 0., 1., 0., 1., 0., 1., 0.,
           1., 1.],
          [0., 1., 0., 0., 1., 0., 0., 1., 0., 1., 0., 0., 1., 1., 0., 0., 0.,
           1., 0.],
          [0., 1., 1., 0., 0., 1., 0., 0., 1., 0., 0., 1., 0., 0., 1., 0., 0.,
           0., 1.],
          [1., 0., 1., 1., 0., 1., 1., 0., 1., 1., 1., 0., 0., 1., 1., 0., 0.,
           1., 0.],
          [1., 1., 0., 1., 0., 1., 0., 0., 1., 0., 0., 1., 0., 0., 0., 0., 0.,
           0., 1.],
          [1., 1., 0., 0., 0., 1., 1., 0., 0., 0., 0., 1., 1., 1., 1., 1., 1.,
           0., 1.],
          [1., 0., 1., 1., 0., 1., 0., 0., 1., 1., 0., 1., 0., 1., 1., 1., 1.,
           1., 1.],
          [1., 1., 1., 1., 1., 1., 0., 1., 0., 0., 0., 1., 1., 1., 1., 1., 1.,
           0., 1.]]]], device='cuda:0'), tensor([[0.3880]], device='cuda:0'))
2026-01-08 17:31:38 - INFO - [ 9.9709570e-01 -2.8059082e-02  7.7199453e-04  1.5766354e-02
  7.7199267e-04  1.5766358e-02  8.1731147e-01 -2.4571052e-01]
2026-01-08 17:31:38 - INFO - (tensor([[[[0., 1., 1., 0., 0., 1., 1., 1., 0., 1., 0., 1., 0., 1., 1., 1., 1.,
           0., 0.],
          [0., 1., 1., 1., 0., 0., 1., 1., 1., 1., 1., 1., 0., 0., 1., 0., 0.,
           0., 0.],
          [0., 0., 0., 0., 0., 1., 0., 0., 0., 1., 1., 0., 0., 0., 1., 0., 1.,
           0., 1.],
          [0., 0., 0., 0., 0., 0., 1., 0., 0., 0., 1., 1., 1., 0., 0., 0., 0.,
           0., 1.],
          [1., 1., 1., 0., 1., 1., 1., 0., 0., 1., 1., 1., 0., 0., 1., 0., 1.,
           1., 1.],
          [1., 0., 0., 1., 0., 1., 0., 0., 1., 1., 0., 1., 0., 1., 0., 0., 0.,
           1., 1.],
          [0., 0., 1., 1., 0., 1., 1., 0., 0., 1., 0., 0., 0., 0., 1., 1., 1.,
           1., 0.],
          [1., 0., 0., 1., 1., 1., 1., 0., 1., 1., 0., 1., 0., 1., 1., 0., 0.,
           1., 1.],
          [1., 0., 1., 1., 0., 1., 1., 1., 0., 1., 1., 0., 0., 0., 1., 0., 0.,
           1., 1.],
          [1., 0., 0., 1., 1., 0., 1., 0., 1., 1., 0., 1., 1., 0., 0., 1., 1.,
           1., 1.],
          [0., 0., 1., 0., 0., 0., 0., 1., 0., 0., 1., 0., 1., 0., 1., 0., 1.,
           1., 1.],
          [0., 1., 0., 0., 1., 0., 1., 0., 0., 1., 0., 1., 0., 1., 0., 1., 0.,
           1., 1.],
          [0., 1., 0., 0., 1., 0., 0., 1., 0., 1., 0., 0., 1., 1., 0., 0., 0.,
           1., 0.],
          [0., 1., 1., 0., 0., 1., 0., 0., 1., 0., 0., 1., 0., 0., 1., 0., 0.,
           0., 1.],
          [1., 0., 1., 1., 0., 1., 1., 0., 1., 1., 1., 0., 0., 1., 1., 0., 0.,
           1., 0.],
          [1., 1., 0., 1., 0., 1., 0., 0., 1., 0., 0., 1., 0., 0., 0., 0., 0.,
           0., 1.],
          [1., 1., 0., 0., 0., 1., 1., 0., 0., 0., 0., 1., 1., 1., 1., 1., 1.,
           0., 1.],
          [1., 0., 1., 1., 0., 1., 0., 0., 1., 1., 0., 1., 0., 1., 1., 1., 1.,
           1., 1.],
          [1., 1., 1., 1., 1., 1., 0., 1., 0., 0., 0., 1., 1., 1., 1., 1., 1.,
           0., 1.]]]], device='cuda:0'), tensor([[0.3913]], device='cuda:0'))
2026-01-08 17:31:38 - INFO - [ 9.9705821e-01 -2.8226268e-02  8.0481061e-04  1.5842579e-02
  8.0480875e-04  1.5842576e-02  8.1667519e-01 -2.4713638e-01]
2026-01-08 17:31:38 - INFO - (tensor([[[[0., 1., 1., 0., 0., 1., 1., 1., 0., 1., 0., 1., 0., 1., 1., 1., 1.,
           0., 0.],
          [0., 1., 1., 1., 0., 0., 1., 1., 1., 1., 1., 1., 0., 0., 1., 0., 0.,
           0., 0.],
          [0., 0., 0., 0., 0., 1., 0., 0., 0., 1., 1., 0., 0., 0., 1., 0., 1.,
           0., 1.],
          [0., 0., 0., 0., 0., 0., 1., 0., 0., 0., 1., 1., 1., 0., 0., 0., 0.,
           0., 1.],
          [1., 1., 1., 0., 1., 1., 1., 0., 0., 1., 1., 1., 0., 0., 1., 0., 1.,
           1., 1.],
          [1., 0., 0., 1., 0., 1., 0., 0., 1., 1., 0., 1., 0., 1., 0., 0., 0.,
           1., 1.],
          [0., 0., 1., 1., 0., 1., 1., 0., 0., 1., 0., 0., 0., 0., 1., 1., 1.,
           1., 0.],
          [1., 0., 0., 1., 1., 1., 1., 0., 1., 1., 0., 1., 0., 1., 1., 0., 0.,
           1., 1.],
          [1., 0., 1., 1., 0., 1., 1., 1., 0., 1., 1., 0., 0., 0., 1., 0., 0.,
           1., 1.],
          [1., 0., 0., 1., 1., 0., 1., 0., 1., 1., 0., 1., 1., 0., 0., 1., 1.,
           1., 1.],
          [0., 0., 1., 0., 0., 0., 0., 1., 0., 0., 1., 0., 1., 0., 1., 0., 1.,
           1., 1.],
          [0., 1., 0., 0., 1., 0., 1., 0., 0., 1., 0., 1., 0., 1., 0., 1., 0.,
           1., 1.],
          [0., 1., 0., 0., 1., 0., 0., 1., 0., 1., 0., 0., 1., 1., 0., 0., 0.,
           1., 0.],
          [0., 1., 1., 0., 0., 1., 0., 0., 1., 0., 0., 1., 0., 0., 1., 0., 0.,
           0., 1.],
          [1., 0., 1., 1., 0., 1., 1., 0., 1., 1., 1., 0., 0., 1., 1., 0., 0.,
           1., 0.],
          [1., 1., 0., 1., 0., 1., 0., 0., 1., 0., 0., 1., 0., 0., 0., 0., 0.,
           0., 1.],
          [1., 1., 0., 0., 0., 1., 1., 0., 0., 0., 0., 1., 1., 1., 1., 1., 1.,
           0., 1.],
          [1., 0., 1., 1., 0., 1., 0., 0., 1., 1., 0., 1., 0., 1., 1., 1., 1.,
           1., 1.],
          [1., 1., 1., 1., 1., 1., 0., 1., 0., 0., 0., 1., 1., 1., 1., 1., 1.,
           0., 1.]]]], device='cuda:0'), tensor([[0.3946]], device='cuda:0'))
2026-01-08 17:31:38 - INFO - [ 9.9702048e-01 -2.8458223e-02  8.4878760e-04  1.5973279e-02
  8.4878947e-04  1.5973283e-02  8.1599540e-01 -2.4876672e-01]
2026-01-08 17:31:38 - INFO - (tensor([[[[0., 1., 1., 0., 0., 1., 1., 1., 0., 1., 0., 1., 0., 1., 1., 1., 1.,
           0., 0.],
          [0., 1., 1., 1., 0., 0., 1., 1., 1., 1., 1., 1., 0., 0., 1., 0., 0.,
           0., 0.],
          [0., 0., 0., 0., 0., 1., 0., 0., 0., 1., 1., 0., 0., 0., 1., 0., 1.,
           0., 1.],
          [0., 0., 0., 0., 0., 0., 1., 0., 0., 0., 1., 1., 1., 0., 0., 0., 0.,
           0., 1.],
          [1., 1., 1., 0., 1., 1., 1., 0., 0., 1., 1., 1., 0., 0., 1., 0., 1.,
           1., 1.],
          [1., 0., 0., 1., 0., 1., 0., 0., 1., 1., 0., 1., 0., 1., 0., 0., 0.,
           1., 1.],
          [0., 0., 1., 1., 0., 1., 1., 0., 0., 1., 0., 0., 0., 0., 1., 1., 1.,
           1., 0.],
          [1., 0., 0., 1., 1., 1., 1., 0., 1., 1., 0., 1., 0., 1., 1., 0., 0.,
           1., 1.],
          [1., 0., 1., 1., 0., 1., 1., 1., 0., 1., 1., 0., 0., 0., 1., 0., 0.,
           1., 1.],
          [1., 0., 0., 1., 1., 0., 1., 0., 1., 1., 0., 1., 1., 0., 0., 1., 1.,
           1., 1.],
          [0., 0., 1., 0., 0., 0., 0., 1., 0., 0., 1., 0., 1., 0., 1., 0., 1.,
           1., 1.],
          [0., 1., 0., 0., 1., 0., 1., 0., 0., 1., 0., 1., 0., 1., 0., 1., 0.,
           1., 1.],
          [0., 1., 0., 0., 1., 0., 0., 1., 0., 1., 0., 0., 1., 1., 0., 0., 0.,
           1., 0.],
          [0., 1., 1., 0., 0., 1., 0., 0., 1., 0., 0., 1., 0., 0., 1., 0., 0.,
           0., 1.],
          [1., 0., 1., 1., 0., 1., 1., 0., 1., 1., 1., 0., 0., 1., 1., 0., 0.,
           1., 0.],
          [1., 1., 0., 1., 0., 1., 0., 0., 1., 0., 0., 1., 0., 0., 0., 0., 0.,
           0., 1.],
          [1., 1., 0., 0., 0., 1., 1., 0., 0., 0., 0., 1., 1., 1., 1., 1., 1.,
           0., 1.],
          [1., 0., 1., 1., 0., 1., 0., 0., 1., 1., 0., 1., 0., 1., 1., 1., 1.,
           1., 1.],
          [1., 1., 1., 1., 1., 1., 0., 1., 0., 0., 0., 1., 1., 1., 1., 1., 1.,
           0., 1.]]]], device='cuda:0'), tensor([[0.3980]], device='cuda:0'))
2026-01-08 17:31:38 - INFO - [ 9.9697298e-01 -2.8700629e-02  8.8819000e-04  1.6103914e-02
  8.8818814e-04  1.6103918e-02  8.1532794e-01 -2.5042447e-01]
2026-01-08 17:31:38 - INFO - (tensor([[[[0., 1., 1., 0., 0., 1., 1., 1., 0., 1., 0., 1., 0., 1., 1., 1., 1.,
           0., 0.],
          [0., 1., 1., 1., 0., 0., 1., 1., 1., 1., 1., 1., 0., 0., 1., 0., 0.,
           0., 0.],
          [0., 0., 0., 0., 0., 1., 0., 0., 0., 1., 1., 0., 0., 0., 1., 0., 1.,
           0., 1.],
          [0., 0., 0., 0., 0., 0., 1., 0., 0., 0., 1., 1., 1., 0., 0., 0., 0.,
           0., 1.],
          [1., 1., 1., 0., 1., 1., 1., 0., 0., 1., 1., 1., 0., 0., 1., 0., 1.,
           1., 1.],
          [1., 0., 0., 1., 0., 1., 0., 0., 1., 1., 0., 1., 0., 1., 0., 0., 0.,
           1., 1.],
          [0., 0., 1., 1., 0., 1., 1., 0., 0., 1., 0., 0., 0., 0., 1., 1., 1.,
           1., 0.],
          [1., 0., 0., 1., 1., 1., 1., 0., 1., 1., 0., 1., 0., 1., 1., 0., 0.,
           1., 1.],
          [1., 0., 1., 1., 0., 1., 1., 1., 0., 1., 1., 0., 0., 0., 1., 0., 0.,
           1., 1.],
          [1., 0., 0., 1., 1., 0., 1., 0., 1., 1., 0., 1., 1., 0., 0., 1., 1.,
           1., 1.],
          [0., 0., 1., 0., 0., 0., 0., 1., 0., 0., 1., 0., 1., 0., 1., 0., 1.,
           1., 1.],
          [0., 1., 0., 0., 1., 0., 1., 0., 0., 1., 0., 1., 0., 1., 0., 1., 0.,
           1., 1.],
          [0., 1., 0., 0., 1., 0., 0., 1., 0., 1., 0., 0., 1., 1., 0., 0., 0.,
           1., 0.],
          [0., 1., 1., 0., 0., 1., 0., 0., 1., 0., 0., 1., 0., 0., 1., 0., 0.,
           0., 1.],
          [1., 0., 1., 1., 0., 1., 1., 0., 1., 1., 1., 0., 0., 1., 1., 0., 0.,
           1., 0.],
          [1., 1., 0., 1., 0., 1., 0., 0., 1., 0., 0., 1., 0., 0., 0., 0., 0.,
           0., 1.],
          [1., 1., 0., 0., 0., 1., 1., 0., 0., 0., 0., 1., 1., 1., 1., 1., 1.,
           0., 1.],
          [1., 0., 1., 1., 0., 1., 0., 0., 1., 1., 0., 1., 0., 1., 1., 1., 1.,
           1., 1.],
          [1., 1., 1., 1., 1., 1., 0., 1., 0., 0., 0., 1., 1., 1., 1., 1., 1.,
           0., 1.]]]], device='cuda:0'), tensor([[0.4013]], device='cuda:0'))
2026-01-08 17:31:38 - INFO - [ 9.9692911e-01 -2.8876422e-02  9.1964635e-04  1.6185252e-02
  9.1964076e-04  1.6185252e-02  8.1481135e-01 -2.5173172e-01]
2026-01-08 17:31:38 - INFO - (tensor([[[[0., 1., 1., 0., 0., 1., 1., 1., 0., 1., 0., 1., 0., 1., 1., 1., 1.,
           0., 0.],
          [0., 1., 1., 1., 0., 0., 1., 1., 1., 1., 1., 1., 0., 0., 1., 0., 0.,
           0., 0.],
          [0., 0., 0., 0., 0., 1., 0., 0., 0., 1., 1., 0., 0., 0., 1., 0., 1.,
           0., 1.],
          [0., 0., 0., 0., 0., 0., 1., 0., 0., 0., 1., 1., 1., 0., 0., 0., 0.,
           0., 1.],
          [1., 1., 1., 0., 1., 1., 1., 0., 0., 1., 1., 1., 0., 0., 1., 0., 1.,
           1., 1.],
          [1., 0., 0., 1., 0., 1., 0., 0., 1., 1., 0., 1., 0., 1., 0., 0., 0.,
           1., 1.],
          [0., 0., 1., 1., 0., 1., 1., 0., 0., 1., 0., 0., 0., 0., 1., 1., 1.,
           1., 0.],
          [1., 0., 0., 1., 1., 1., 1., 0., 1., 1., 0., 1., 0., 1., 1., 0., 0.,
           1., 1.],
          [1., 0., 1., 1., 0., 1., 1., 1., 0., 1., 1., 0., 0., 0., 1., 0., 0.,
           1., 1.],
          [1., 0., 0., 1., 1., 0., 1., 0., 1., 1., 0., 1., 1., 0., 0., 1., 1.,
           1., 1.],
          [0., 0., 1., 0., 0., 0., 0., 1., 0., 0., 1., 0., 1., 0., 1., 0., 1.,
           1., 1.],
          [0., 1., 0., 0., 1., 0., 1., 0., 0., 1., 0., 1., 0., 1., 0., 1., 0.,
           1., 1.],
          [0., 1., 0., 0., 1., 0., 0., 1., 0., 1., 0., 0., 1., 1., 0., 0., 0.,
           1., 0.],
          [0., 1., 1., 0., 0., 1., 0., 0., 1., 0., 0., 1., 0., 0., 1., 0., 0.,
           0., 1.],
          [1., 0., 1., 1., 0., 1., 1., 0., 1., 1., 1., 0., 0., 1., 1., 0., 0.,
           1., 0.],
          [1., 1., 0., 1., 0., 1., 0., 0., 1., 0., 0., 1., 0., 0., 0., 0., 0.,
           0., 1.],
          [1., 1., 0., 0., 0., 1., 1., 0., 0., 0., 0., 1., 1., 1., 1., 1., 1.,
           0., 1.],
          [1., 0., 1., 1., 0., 1., 0., 0., 1., 1., 0., 1., 0., 1., 1., 1., 1.,
           1., 1.],
          [1., 1., 1., 1., 1., 1., 0., 1., 0., 0., 0., 1., 1., 1., 1., 1., 1.,
           0., 1.]]]], device='cuda:0'), tensor([[0.4047]], device='cuda:0'))
2026-01-08 17:31:38 - INFO - [ 9.9688166e-01 -2.9021215e-02  9.4778341e-04  1.6242215e-02
  9.4778900e-04  1.6242215e-02  8.1435531e-01 -2.5286445e-01]
2026-01-08 17:31:38 - INFO - (tensor([[[[0., 1., 1., 0., 0., 1., 1., 1., 0., 1., 0., 1., 0., 1., 1., 1., 1.,
           0., 0.],
          [0., 1., 1., 1., 0., 0., 1., 1., 1., 1., 1., 1., 0., 0., 1., 0., 0.,
           0., 0.],
          [0., 0., 0., 0., 0., 1., 0., 0., 0., 1., 1., 0., 0., 0., 1., 0., 1.,
           0., 1.],
          [0., 0., 0., 0., 0., 0., 1., 0., 0., 0., 1., 1., 1., 0., 0., 0., 0.,
           0., 1.],
          [1., 1., 1., 0., 1., 1., 1., 0., 0., 1., 1., 1., 0., 0., 1., 0., 1.,
           1., 1.],
          [1., 0., 0., 1., 0., 1., 0., 0., 1., 1., 0., 1., 0., 1., 0., 0., 0.,
           1., 1.],
          [0., 0., 1., 1., 0., 1., 1., 0., 0., 1., 0., 0., 0., 0., 1., 1., 1.,
           1., 0.],
          [1., 0., 0., 1., 1., 1., 1., 0., 1., 1., 0., 1., 0., 1., 1., 0., 0.,
           1., 1.],
          [1., 0., 1., 1., 0., 1., 1., 1., 0., 1., 1., 0., 0., 0., 1., 0., 0.,
           1., 1.],
          [1., 0., 0., 1., 1., 0., 1., 0., 1., 1., 0., 1., 1., 0., 0., 1., 1.,
           1., 1.],
          [0., 0., 1., 0., 0., 0., 0., 1., 0., 0., 1., 0., 1., 0., 1., 0., 1.,
           1., 1.],
          [0., 1., 0., 0., 1., 0., 1., 0., 0., 1., 0., 1., 0., 1., 0., 1., 0.,
           1., 1.],
          [0., 1., 0., 0., 1., 0., 0., 1., 0., 1., 0., 0., 1., 1., 0., 0., 0.,
           1., 0.],
          [0., 1., 1., 0., 0., 1., 0., 0., 1., 0., 0., 1., 0., 0., 1., 0., 0.,
           0., 1.],
          [1., 0., 1., 1., 0., 1., 1., 0., 1., 1., 1., 0., 0., 1., 1., 0., 0.,
           1., 0.],
          [1., 1., 0., 1., 0., 1., 0., 0., 1., 0., 0., 1., 0., 0., 0., 0., 0.,
           0., 1.],
          [1., 1., 0., 0., 0., 1., 1., 0., 0., 0., 0., 1., 1., 1., 1., 1., 1.,
           0., 1.],
          [1., 0., 1., 1., 0., 1., 0., 0., 1., 1., 0., 1., 0., 1., 1., 1., 1.,
           1., 1.],
          [1., 1., 1., 1., 1., 1., 0., 1., 0., 0., 0., 1., 1., 1., 1., 1., 1.,
           0., 1.]]]], device='cuda:0'), tensor([[0.4080]], device='cuda:0'))
2026-01-08 17:31:38 - INFO - [ 9.9683678e-01 -2.9160213e-02  9.7541761e-04  1.6292728e-02
  9.7541948e-04  1.6292732e-02  8.1392890e-01 -2.5390249e-01]
2026-01-08 17:31:38 - INFO - (tensor([[[[0., 1., 1., 0., 0., 1., 1., 1., 0., 1., 0., 1., 0., 1., 1., 1., 1.,
           0., 0.],
          [0., 1., 1., 1., 0., 0., 1., 1., 1., 1., 1., 1., 0., 0., 1., 0., 0.,
           0., 0.],
          [0., 0., 0., 0., 0., 1., 0., 0., 0., 1., 1., 0., 0., 0., 1., 0., 1.,
           0., 1.],
          [0., 0., 0., 0., 0., 0., 1., 0., 0., 0., 1., 1., 1., 0., 0., 0., 0.,
           0., 1.],
          [1., 1., 1., 0., 1., 1., 1., 0., 0., 1., 1., 1., 0., 0., 1., 0., 1.,
           1., 1.],
          [1., 0., 0., 1., 0., 1., 0., 0., 1., 1., 0., 1., 0., 1., 0., 0., 0.,
           1., 1.],
          [0., 0., 1., 1., 0., 1., 1., 0., 0., 1., 0., 0., 0., 0., 1., 1., 1.,
           1., 0.],
          [1., 0., 0., 1., 1., 1., 1., 0., 1., 1., 0., 1., 0., 1., 1., 0., 0.,
           1., 1.],
          [1., 0., 1., 1., 0., 1., 1., 1., 0., 1., 1., 0., 0., 0., 1., 0., 0.,
           1., 1.],
          [1., 0., 0., 1., 1., 0., 1., 0., 1., 1., 0., 1., 1., 0., 0., 1., 1.,
           1., 1.],
          [0., 0., 1., 0., 0., 0., 0., 1., 0., 0., 1., 0., 1., 0., 1., 0., 1.,
           1., 1.],
          [0., 1., 0., 0., 1., 0., 1., 0., 0., 1., 0., 1., 0., 1., 0., 1., 0.,
           1., 1.],
          [0., 1., 0., 0., 1., 0., 0., 1., 0., 1., 0., 0., 1., 1., 0., 0., 0.,
           1., 0.],
          [0., 1., 1., 0., 0., 1., 0., 0., 1., 0., 0., 1., 0., 0., 1., 0., 0.,
           0., 1.],
          [1., 0., 1., 1., 0., 1., 1., 0., 1., 1., 1., 0., 0., 1., 1., 0., 0.,
           1., 0.],
          [1., 1., 0., 1., 0., 1., 0., 0., 1., 0., 0., 1., 0., 0., 0., 0., 0.,
           0., 1.],
          [1., 1., 0., 0., 0., 1., 1., 0., 0., 0., 0., 1., 1., 1., 1., 1., 1.,
           0., 1.],
          [1., 0., 1., 1., 0., 1., 0., 0., 1., 1., 0., 1., 0., 1., 1., 1., 1.,
           1., 1.],
          [1., 1., 1., 1., 1., 1., 0., 1., 0., 0., 0., 1., 1., 1., 1., 1., 1.,
           0., 1.]]]], device='cuda:0'), tensor([[0.4114]], device='cuda:0'))
2026-01-08 17:31:38 - INFO - [ 0.996796   -0.02927063  0.00099933  0.01632562  0.00099933  0.01632562
  0.813581   -0.25477996]
2026-01-08 17:31:38 - INFO - (tensor([[[[0., 1., 1., 0., 0., 1., 1., 1., 0., 1., 0., 1., 0., 1., 1., 1., 1.,
           0., 0.],
          [0., 1., 1., 1., 0., 0., 1., 1., 1., 1., 1., 1., 0., 0., 1., 0., 0.,
           0., 0.],
          [0., 0., 0., 0., 0., 1., 0., 0., 0., 1., 1., 0., 0., 0., 1., 0., 1.,
           0., 1.],
          [0., 0., 0., 0., 0., 0., 1., 0., 0., 0., 1., 1., 1., 0., 0., 0., 0.,
           0., 1.],
          [1., 1., 1., 0., 1., 1., 1., 0., 0., 1., 1., 1., 0., 0., 1., 0., 1.,
           1., 1.],
          [1., 0., 0., 1., 0., 1., 0., 0., 1., 1., 0., 1., 0., 1., 0., 0., 0.,
           1., 1.],
          [0., 0., 1., 1., 0., 1., 1., 0., 0., 1., 0., 0., 0., 0., 1., 1., 1.,
           1., 0.],
          [1., 0., 0., 1., 1., 1., 1., 0., 1., 1., 0., 1., 0., 1., 1., 0., 0.,
           1., 1.],
          [1., 0., 1., 1., 0., 1., 1., 1., 0., 1., 1., 0., 0., 0., 1., 0., 0.,
           1., 1.],
          [1., 0., 0., 1., 1., 0., 1., 0., 1., 1., 0., 1., 1., 0., 0., 1., 1.,
           1., 1.],
          [0., 0., 1., 0., 0., 0., 0., 1., 0., 0., 1., 0., 1., 0., 1., 0., 1.,
           1., 1.],
          [0., 1., 0., 0., 1., 0., 1., 0., 0., 1., 0., 1., 0., 1., 0., 1., 0.,
           1., 1.],
          [0., 1., 0., 0., 1., 0., 0., 1., 0., 1., 0., 0., 1., 1., 0., 0., 0.,
           1., 0.],
          [0., 1., 1., 0., 0., 1., 0., 0., 1., 0., 0., 1., 0., 0., 1., 0., 0.,
           0., 1.],
          [1., 0., 1., 1., 0., 1., 1., 0., 1., 1., 1., 0., 0., 1., 1., 0., 0.,
           1., 0.],
          [1., 1., 0., 1., 0., 1., 0., 0., 1., 0., 0., 1., 0., 0., 0., 0., 0.,
           0., 1.],
          [1., 1., 0., 0., 0., 1., 1., 0., 0., 0., 0., 1., 1., 1., 1., 1., 1.,
           0., 1.],
          [1., 0., 1., 1., 0., 1., 0., 0., 1., 1., 0., 1., 0., 1., 1., 1., 1.,
           1., 1.],
          [1., 1., 1., 1., 1., 1., 0., 1., 0., 0., 0., 1., 1., 1., 1., 1., 1.,
           0., 1.]]]], device='cuda:0'), tensor([[0.4147]], device='cuda:0'))
2026-01-08 17:31:38 - INFO - [ 0.9967653  -0.02930966  0.00101431  0.01632068  0.0010143   0.01632068
  0.8134404  -0.25531757]
2026-01-08 17:31:38 - INFO - (tensor([[[[0., 1., 1., 0., 0., 1., 1., 1., 0., 1., 0., 1., 0., 1., 1., 1., 1.,
           0., 0.],
          [0., 1., 1., 1., 0., 0., 1., 1., 1., 1., 1., 1., 0., 0., 1., 0., 0.,
           0., 0.],
          [0., 0., 0., 0., 0., 1., 0., 0., 0., 1., 1., 0., 0., 0., 1., 0., 1.,
           0., 1.],
          [0., 0., 0., 0., 0., 0., 1., 0., 0., 0., 1., 1., 1., 0., 0., 0., 0.,
           0., 1.],
          [1., 1., 1., 0., 1., 1., 1., 0., 0., 1., 1., 1., 0., 0., 1., 0., 1.,
           1., 1.],
          [1., 0., 0., 1., 0., 1., 0., 0., 1., 1., 0., 1., 0., 1., 0., 0., 0.,
           1., 1.],
          [0., 0., 1., 1., 0., 1., 1., 0., 0., 1., 0., 0., 0., 0., 1., 1., 1.,
           1., 0.],
          [1., 0., 0., 1., 1., 1., 1., 0., 1., 1., 0., 1., 0., 1., 1., 0., 0.,
           1., 1.],
          [1., 0., 1., 1., 0., 1., 1., 1., 0., 1., 1., 0., 0., 0., 1., 0., 0.,
           1., 1.],
          [1., 0., 0., 1., 1., 0., 1., 0., 1., 1., 0., 1., 1., 0., 0., 1., 1.,
           1., 1.],
          [0., 0., 1., 0., 0., 0., 0., 1., 0., 0., 1., 0., 1., 0., 1., 0., 1.,
           1., 1.],
          [0., 1., 0., 0., 1., 0., 1., 0., 0., 1., 0., 1., 0., 1., 0., 1., 0.,
           1., 1.],
          [0., 1., 0., 0., 1., 0., 0., 1., 0., 1., 0., 0., 1., 1., 0., 0., 0.,
           1., 0.],
          [0., 1., 1., 0., 0., 1., 0., 0., 1., 0., 0., 1., 0., 0., 1., 0., 0.,
           0., 1.],
          [1., 0., 1., 1., 0., 1., 1., 0., 1., 1., 1., 0., 0., 1., 1., 0., 0.,
           1., 0.],
          [1., 1., 0., 1., 0., 1., 0., 0., 1., 0., 0., 1., 0., 0., 0., 0., 0.,
           0., 1.],
          [1., 1., 0., 0., 0., 1., 1., 0., 0., 0., 0., 1., 1., 1., 1., 1., 1.,
           0., 1.],
          [1., 0., 1., 1., 0., 1., 0., 0., 1., 1., 0., 1., 0., 1., 1., 1., 1.,
           1., 1.],
          [1., 1., 1., 1., 1., 1., 0., 1., 0., 0., 0., 1., 1., 1., 1., 1., 1.,
           0., 1.]]]], device='cuda:0'), tensor([[0.4181]], device='cuda:0'))
2026-01-08 17:31:38 - INFO - [ 0.9967444  -0.02965542  0.00108004  0.01652882  0.00108006  0.01652882
  0.8127654  -0.25696528]
2026-01-08 17:31:38 - INFO - (tensor([[[[0., 1., 1., 0., 0., 1., 1., 1., 0., 1., 0., 1., 0., 1., 1., 1., 1.,
           0., 0.],
          [0., 1., 1., 1., 0., 0., 1., 1., 1., 1., 1., 1., 0., 0., 1., 0., 0.,
           0., 0.],
          [0., 0., 0., 0., 0., 1., 0., 0., 0., 1., 1., 0., 0., 0., 1., 0., 1.,
           0., 1.],
          [0., 0., 0., 0., 0., 0., 1., 0., 0., 0., 1., 1., 1., 0., 0., 0., 0.,
           0., 1.],
          [1., 1., 1., 0., 1., 1., 1., 0., 0., 1., 1., 1., 0., 0., 1., 0., 1.,
           1., 1.],
          [1., 0., 0., 1., 0., 1., 0., 0., 1., 1., 0., 1., 0., 1., 0., 0., 0.,
           1., 1.],
          [0., 0., 1., 1., 0., 1., 1., 0., 0., 1., 0., 0., 0., 0., 1., 1., 1.,
           1., 0.],
          [1., 0., 0., 1., 1., 1., 1., 0., 1., 1., 0., 1., 0., 1., 1., 0., 0.,
           1., 1.],
          [1., 0., 1., 1., 0., 1., 1., 1., 0., 1., 1., 0., 0., 0., 1., 0., 0.,
           1., 1.],
          [1., 0., 0., 1., 1., 0., 1., 0., 1., 1., 0., 1., 1., 0., 0., 1., 1.,
           1., 1.],
          [0., 0., 1., 0., 0., 0., 0., 1., 0., 0., 1., 0., 1., 0., 1., 0., 1.,
           1., 1.],
          [0., 1., 0., 0., 1., 0., 1., 0., 0., 1., 0., 1., 0., 1., 0., 1., 0.,
           1., 1.],
          [0., 1., 0., 0., 1., 0., 0., 1., 0., 1., 0., 0., 1., 1., 0., 0., 0.,
           1., 0.],
          [0., 1., 1., 0., 0., 1., 0., 0., 1., 0., 0., 1., 0., 0., 1., 0., 0.,
           0., 1.],
          [1., 0., 1., 1., 0., 1., 1., 0., 1., 1., 1., 0., 0., 1., 1., 0., 0.,
           1., 0.],
          [1., 1., 0., 1., 0., 1., 0., 0., 1., 0., 0., 1., 0., 0., 0., 0., 0.,
           0., 1.],
          [1., 1., 0., 0., 0., 1., 1., 0., 0., 0., 0., 1., 1., 1., 1., 1., 1.,
           0., 1.],
          [1., 0., 1., 1., 0., 1., 0., 0., 1., 1., 0., 1., 0., 1., 1., 1., 1.,
           1., 1.],
          [1., 1., 1., 1., 1., 1., 0., 1., 0., 0., 0., 1., 1., 1., 1., 1., 1.,
           0., 1.]]]], device='cuda:0'), tensor([[0.4214]], device='cuda:0'))
2026-01-08 17:31:38 - INFO - [ 0.99672484 -0.03008231  0.00115518  0.01679605  0.00115517  0.01679606
  0.81191534 -0.25904688]
2026-01-08 17:31:38 - INFO - (tensor([[[[0., 1., 1., 0., 0., 1., 1., 1., 0., 1., 0., 1., 0., 1., 1., 1., 1.,
           0., 0.],
          [0., 1., 1., 1., 0., 0., 1., 1., 1., 1., 1., 1., 0., 0., 1., 0., 0.,
           0., 0.],
          [0., 0., 0., 0., 0., 1., 0., 0., 0., 1., 1., 0., 0., 0., 1., 0., 1.,
           0., 1.],
          [0., 0., 0., 0., 0., 0., 1., 0., 0., 0., 1., 1., 1., 0., 0., 0., 0.,
           0., 1.],
          [1., 1., 1., 0., 1., 1., 1., 0., 0., 1., 1., 1., 0., 0., 1., 0., 1.,
           1., 1.],
          [1., 0., 0., 1., 0., 1., 0., 0., 1., 1., 0., 1., 0., 1., 0., 0., 0.,
           1., 1.],
          [0., 0., 1., 1., 0., 1., 1., 0., 0., 1., 0., 0., 0., 0., 1., 1., 1.,
           1., 0.],
          [1., 0., 0., 1., 1., 1., 1., 0., 1., 1., 0., 1., 0., 1., 1., 0., 0.,
           1., 1.],
          [1., 0., 1., 1., 0., 1., 1., 1., 0., 1., 1., 0., 0., 0., 1., 0., 0.,
           1., 1.],
          [1., 0., 0., 1., 1., 0., 1., 0., 1., 1., 0., 1., 1., 0., 0., 1., 1.,
           1., 1.],
          [0., 0., 1., 0., 0., 0., 0., 1., 0., 0., 1., 0., 1., 0., 1., 0., 1.,
           1., 1.],
          [0., 1., 0., 0., 1., 0., 1., 0., 0., 1., 0., 1., 0., 1., 0., 1., 0.,
           1., 1.],
          [0., 1., 0., 0., 1., 0., 0., 1., 0., 1., 0., 0., 1., 1., 0., 0., 0.,
           1., 0.],
          [0., 1., 1., 0., 0., 1., 0., 0., 1., 0., 0., 1., 0., 0., 1., 0., 0.,
           0., 1.],
          [1., 0., 1., 1., 0., 1., 1., 0., 1., 1., 1., 0., 0., 1., 1., 0., 0.,
           1., 0.],
          [1., 1., 0., 1., 0., 1., 0., 0., 1., 0., 0., 1., 0., 0., 0., 0., 0.,
           0., 1.],
          [1., 1., 0., 0., 0., 1., 1., 0., 0., 0., 0., 1., 1., 1., 1., 1., 1.,
           0., 1.],
          [1., 0., 1., 1., 0., 1., 0., 0., 1., 1., 0., 1., 0., 1., 1., 1., 1.,
           1., 1.],
          [1., 1., 1., 1., 1., 1., 0., 1., 0., 0., 0., 1., 1., 1., 1., 1., 1.,
           0., 1.]]]], device='cuda:0'), tensor([[0.4247]], device='cuda:0'))
2026-01-08 17:31:38 - INFO - [ 0.9967055  -0.03036262  0.00120649  0.01698645  0.00120649  0.01698645
  0.8112522  -0.260536  ]
2026-01-08 17:31:38 - INFO - (tensor([[[[0., 1., 1., 0., 0., 1., 1., 1., 0., 1., 0., 1., 0., 1., 1., 1., 1.,
           0., 0.],
          [0., 1., 1., 1., 0., 0., 1., 1., 1., 1., 1., 1., 0., 0., 1., 0., 0.,
           0., 0.],
          [0., 0., 0., 0., 0., 1., 0., 0., 0., 1., 1., 0., 0., 0., 1., 0., 1.,
           0., 1.],
          [0., 0., 0., 0., 0., 0., 1., 0., 0., 0., 1., 1., 1., 0., 0., 0., 0.,
           0., 1.],
          [1., 1., 1., 0., 1., 1., 1., 0., 0., 1., 1., 1., 0., 0., 1., 0., 1.,
           1., 1.],
          [1., 0., 0., 1., 0., 1., 0., 0., 1., 1., 0., 1., 0., 1., 0., 0., 0.,
           1., 1.],
          [0., 0., 1., 1., 0., 1., 1., 0., 0., 1., 0., 0., 0., 0., 1., 1., 1.,
           1., 0.],
          [1., 0., 0., 1., 1., 1., 1., 0., 1., 1., 0., 1., 0., 1., 1., 0., 0.,
           1., 1.],
          [1., 0., 1., 1., 0., 1., 1., 1., 0., 1., 1., 0., 0., 0., 1., 0., 0.,
           1., 1.],
          [1., 0., 0., 1., 1., 0., 1., 0., 1., 1., 0., 1., 1., 0., 0., 1., 1.,
           1., 1.],
          [0., 0., 1., 0., 0., 0., 0., 1., 0., 0., 1., 0., 1., 0., 1., 0., 1.,
           1., 1.],
          [0., 1., 0., 0., 1., 0., 1., 0., 0., 1., 0., 1., 0., 1., 0., 1., 0.,
           1., 1.],
          [0., 1., 0., 0., 1., 0., 0., 1., 0., 1., 0., 0., 1., 1., 0., 0., 0.,
           1., 0.],
          [0., 1., 1., 0., 0., 1., 0., 0., 1., 0., 0., 1., 0., 0., 1., 0., 0.,
           0., 1.],
          [1., 0., 1., 1., 0., 1., 1., 0., 1., 1., 1., 0., 0., 1., 1., 0., 0.,
           1., 0.],
          [1., 1., 0., 1., 0., 1., 0., 0., 1., 0., 0., 1., 0., 0., 0., 0., 0.,
           0., 1.],
          [1., 1., 0., 0., 0., 1., 1., 0., 0., 0., 0., 1., 1., 1., 1., 1., 1.,
           0., 1.],
          [1., 0., 1., 1., 0., 1., 0., 0., 1., 1., 0., 1., 0., 1., 1., 1., 1.,
           1., 1.],
          [1., 1., 1., 1., 1., 1., 0., 1., 0., 0., 0., 1., 1., 1., 1., 1., 1.,
           0., 1.]]]], device='cuda:0'), tensor([[0.4281]], device='cuda:0'))
2026-01-08 17:31:38 - INFO - [ 0.99668086 -0.03053145  0.00124357  0.0171372   0.00124357  0.01713719
  0.81058216 -0.2617563 ]
2026-01-08 17:31:38 - INFO - (tensor([[[[0., 1., 1., 0., 0., 1., 1., 1., 0., 1., 0., 1., 0., 1., 1., 1., 1.,
           0., 0.],
          [0., 1., 1., 1., 0., 0., 1., 1., 1., 1., 1., 1., 0., 0., 1., 0., 0.,
           0., 0.],
          [0., 0., 0., 0., 0., 1., 0., 0., 0., 1., 1., 0., 0., 0., 1., 0., 1.,
           0., 1.],
          [0., 0., 0., 0., 0., 0., 1., 0., 0., 0., 1., 1., 1., 0., 0., 0., 0.,
           0., 1.],
          [1., 1., 1., 0., 1., 1., 1., 0., 0., 1., 1., 1., 0., 0., 1., 0., 1.,
           1., 1.],
          [1., 0., 0., 1., 0., 1., 0., 0., 1., 1., 0., 1., 0., 1., 0., 0., 0.,
           1., 1.],
          [0., 0., 1., 1., 0., 1., 1., 0., 0., 1., 0., 0., 0., 0., 1., 1., 1.,
           1., 0.],
          [1., 0., 0., 1., 1., 1., 1., 0., 1., 1., 0., 1., 0., 1., 1., 0., 0.,
           1., 1.],
          [1., 0., 1., 1., 0., 1., 1., 1., 0., 1., 1., 0., 0., 0., 1., 0., 0.,
           1., 1.],
          [1., 0., 0., 1., 1., 0., 1., 0., 1., 1., 0., 1., 1., 0., 0., 1., 1.,
           1., 1.],
          [0., 0., 1., 0., 0., 0., 0., 1., 0., 0., 1., 0., 1., 0., 1., 0., 1.,
           1., 1.],
          [0., 1., 0., 0., 1., 0., 1., 0., 0., 1., 0., 1., 0., 1., 0., 1., 0.,
           1., 1.],
          [0., 1., 0., 0., 1., 0., 0., 1., 0., 1., 0., 0., 1., 1., 0., 0., 0.,
           1., 0.],
          [0., 1., 1., 0., 0., 1., 0., 0., 1., 0., 0., 1., 0., 0., 1., 0., 0.,
           0., 1.],
          [1., 0., 1., 1., 0., 1., 1., 0., 1., 1., 1., 0., 0., 1., 1., 0., 0.,
           1., 0.],
          [1., 1., 0., 1., 0., 1., 0., 0., 1., 0., 0., 1., 0., 0., 0., 0., 0.,
           0., 1.],
          [1., 1., 0., 0., 0., 1., 1., 0., 0., 0., 0., 1., 1., 1., 1., 1., 1.,
           0., 1.],
          [1., 0., 1., 1., 0., 1., 0., 0., 1., 1., 0., 1., 0., 1., 1., 1., 1.,
           1., 1.],
          [1., 1., 1., 1., 1., 1., 0., 1., 0., 0., 0., 1., 1., 1., 1., 1., 1.,
           0., 1.]]]], device='cuda:0'), tensor([[0.4314]], device='cuda:0'))
2026-01-08 17:31:38 - INFO - [ 0.9966568  -0.03069949  0.00128046  0.01728032  0.00128046  0.01728033
  0.8099384  -0.2629655 ]
2026-01-08 17:31:38 - INFO - (tensor([[[[0., 1., 1., 0., 0., 1., 1., 1., 0., 1., 0., 1., 0., 1., 1., 1., 1.,
           0., 0.],
          [0., 1., 1., 1., 0., 0., 1., 1., 1., 1., 1., 1., 0., 0., 1., 0., 0.,
           0., 0.],
          [0., 0., 0., 0., 0., 1., 0., 0., 0., 1., 1., 0., 0., 0., 1., 0., 1.,
           0., 1.],
          [0., 0., 0., 0., 0., 0., 1., 0., 0., 0., 1., 1., 1., 0., 0., 0., 0.,
           0., 1.],
          [1., 1., 1., 0., 1., 1., 1., 0., 0., 1., 1., 1., 0., 0., 1., 0., 1.,
           1., 1.],
          [1., 0., 0., 1., 0., 1., 0., 0., 1., 1., 0., 1., 0., 1., 0., 0., 0.,
           1., 1.],
          [0., 0., 1., 1., 0., 1., 1., 0., 0., 1., 0., 0., 0., 0., 1., 1., 1.,
           1., 0.],
          [1., 0., 0., 1., 1., 1., 1., 0., 1., 1., 0., 1., 0., 1., 1., 0., 0.,
           1., 1.],
          [1., 0., 1., 1., 0., 1., 1., 1., 0., 1., 1., 0., 0., 0., 1., 0., 0.,
           1., 1.],
          [1., 0., 0., 1., 1., 0., 1., 0., 1., 1., 0., 1., 1., 0., 0., 1., 1.,
           1., 1.],
          [0., 0., 1., 0., 0., 0., 0., 1., 0., 0., 1., 0., 1., 0., 1., 0., 1.,
           1., 1.],
          [0., 1., 0., 0., 1., 0., 1., 0., 0., 1., 0., 1., 0., 1., 0., 1., 0.,
           1., 1.],
          [0., 1., 0., 0., 1., 0., 0., 1., 0., 1., 0., 0., 1., 1., 0., 0., 0.,
           1., 0.],
          [0., 1., 1., 0., 0., 1., 0., 0., 1., 0., 0., 1., 0., 0., 1., 0., 0.,
           0., 1.],
          [1., 0., 1., 1., 0., 1., 1., 0., 1., 1., 1., 0., 0., 1., 1., 0., 0.,
           1., 0.],
          [1., 1., 0., 1., 0., 1., 0., 0., 1., 0., 0., 1., 0., 0., 0., 0., 0.,
           0., 1.],
          [1., 1., 0., 0., 0., 1., 1., 0., 0., 0., 0., 1., 1., 1., 1., 1., 1.,
           0., 1.],
          [1., 0., 1., 1., 0., 1., 0., 0., 1., 1., 0., 1., 0., 1., 1., 1., 1.,
           1., 1.],
          [1., 1., 1., 1., 1., 1., 0., 1., 0., 0., 0., 1., 1., 1., 1., 1., 1.,
           0., 1.]]]], device='cuda:0'), tensor([[0.4348]], device='cuda:0'))
2026-01-08 17:31:38 - INFO - [ 0.99663204 -0.03086666  0.0013192   0.01741418  0.00131921  0.0174142
  0.80931896 -0.26430252]
2026-01-08 17:31:38 - INFO - (tensor([[[[0., 1., 1., 0., 0., 1., 1., 1., 0., 1., 0., 1., 0., 1., 1., 1., 1.,
           0., 0.],
          [0., 1., 1., 1., 0., 0., 1., 1., 1., 1., 1., 1., 0., 0., 1., 0., 0.,
           0., 0.],
          [0., 0., 0., 0., 0., 1., 0., 0., 0., 1., 1., 0., 0., 0., 1., 0., 1.,
           0., 1.],
          [0., 0., 0., 0., 0., 0., 1., 0., 0., 0., 1., 1., 1., 0., 0., 0., 0.,
           0., 1.],
          [1., 1., 1., 0., 1., 1., 1., 0., 0., 1., 1., 1., 0., 0., 1., 0., 1.,
           1., 1.],
          [1., 0., 0., 1., 0., 1., 0., 0., 1., 1., 0., 1., 0., 1., 0., 0., 0.,
           1., 1.],
          [0., 0., 1., 1., 0., 1., 1., 0., 0., 1., 0., 0., 0., 0., 1., 1., 1.,
           1., 0.],
          [1., 0., 0., 1., 1., 1., 1., 0., 1., 1., 0., 1., 0., 1., 1., 0., 0.,
           1., 1.],
          [1., 0., 1., 1., 0., 1., 1., 1., 0., 1., 1., 0., 0., 0., 1., 0., 0.,
           1., 1.],
          [1., 0., 0., 1., 1., 0., 1., 0., 1., 1., 0., 1., 1., 0., 0., 1., 1.,
           1., 1.],
          [0., 0., 1., 0., 0., 0., 0., 1., 0., 0., 1., 0., 1., 0., 1., 0., 1.,
           1., 1.],
          [0., 1., 0., 0., 1., 0., 1., 0., 0., 1., 0., 1., 0., 1., 0., 1., 0.,
           1., 1.],
          [0., 1., 0., 0., 1., 0., 0., 1., 0., 1., 0., 0., 1., 1., 0., 0., 0.,
           1., 0.],
          [0., 1., 1., 0., 0., 1., 0., 0., 1., 0., 0., 1., 0., 0., 1., 0., 0.,
           0., 1.],
          [1., 0., 1., 1., 0., 1., 1., 0., 1., 1., 1., 0., 0., 1., 1., 0., 0.,
           1., 0.],
          [1., 1., 0., 1., 0., 1., 0., 0., 1., 0., 0., 1., 0., 0., 0., 0., 0.,
           0., 1.],
          [1., 1., 0., 0., 0., 1., 1., 0., 0., 0., 0., 1., 1., 1., 1., 1., 1.,
           0., 1.],
          [1., 0., 1., 1., 0., 1., 0., 0., 1., 1., 0., 1., 0., 1., 1., 1., 1.,
           1., 1.],
          [1., 1., 1., 1., 1., 1., 0., 1., 0., 0., 0., 1., 1., 1., 1., 1., 1.,
           0., 1.]]]], device='cuda:0'), tensor([[0.4381]], device='cuda:0'))
2026-01-08 17:31:38 - INFO - [ 0.9966068  -0.03103359  0.00135621  0.01754463  0.00135621  0.01754464
  0.80872047 -0.26558602]
2026-01-08 17:31:38 - INFO - (tensor([[[[0., 1., 1., 0., 0., 1., 1., 1., 0., 1., 0., 1., 0., 1., 1., 1., 1.,
           0., 0.],
          [0., 1., 1., 1., 0., 0., 1., 1., 1., 1., 1., 1., 0., 0., 1., 0., 0.,
           0., 0.],
          [0., 0., 0., 0., 0., 1., 0., 0., 0., 1., 1., 0., 0., 0., 1., 0., 1.,
           0., 1.],
          [0., 0., 0., 0., 0., 0., 1., 0., 0., 0., 1., 1., 1., 0., 0., 0., 0.,
           0., 1.],
          [1., 1., 1., 0., 1., 1., 1., 0., 0., 1., 1., 1., 0., 0., 1., 0., 1.,
           1., 1.],
          [1., 0., 0., 1., 0., 1., 0., 0., 1., 1., 0., 1., 0., 1., 0., 0., 0.,
           1., 1.],
          [0., 0., 1., 1., 0., 1., 1., 0., 0., 1., 0., 0., 0., 0., 1., 1., 1.,
           1., 0.],
          [1., 0., 0., 1., 1., 1., 1., 0., 1., 1., 0., 1., 0., 1., 1., 0., 0.,
           1., 1.],
          [1., 0., 1., 1., 0., 1., 1., 1., 0., 1., 1., 0., 0., 0., 1., 0., 0.,
           1., 1.],
          [1., 0., 0., 1., 1., 0., 1., 0., 1., 1., 0., 1., 1., 0., 0., 1., 1.,
           1., 1.],
          [0., 0., 1., 0., 0., 0., 0., 1., 0., 0., 1., 0., 1., 0., 1., 0., 1.,
           1., 1.],
          [0., 1., 0., 0., 1., 0., 1., 0., 0., 1., 0., 1., 0., 1., 0., 1., 0.,
           1., 1.],
          [0., 1., 0., 0., 1., 0., 0., 1., 0., 1., 0., 0., 1., 1., 0., 0., 0.,
           1., 0.],
          [0., 1., 1., 0., 0., 1., 0., 0., 1., 0., 0., 1., 0., 0., 1., 0., 0.,
           0., 1.],
          [1., 0., 1., 1., 0., 1., 1., 0., 1., 1., 1., 0., 0., 1., 1., 0., 0.,
           1., 0.],
          [1., 1., 0., 1., 0., 1., 0., 0., 1., 0., 0., 1., 0., 0., 0., 0., 0.,
           0., 1.],
          [1., 1., 0., 0., 0., 1., 1., 0., 0., 0., 0., 1., 1., 1., 1., 1., 1.,
           0., 1.],
          [1., 0., 1., 1., 0., 1., 0., 0., 1., 1., 0., 1., 0., 1., 1., 1., 1.,
           1., 1.],
          [1., 1., 1., 1., 1., 1., 0., 1., 0., 0., 0., 1., 1., 1., 1., 1., 1.,
           0., 1.]]]], device='cuda:0'), tensor([[0.4415]], device='cuda:0'))
2026-01-08 17:31:38 - INFO - [ 0.99658173 -0.03119959  0.0013918   0.01766486  0.0013918   0.01766487
  0.8081679  -0.26676702]
2026-01-08 17:31:38 - INFO - (tensor([[[[0., 1., 1., 0., 0., 1., 1., 1., 0., 1., 0., 1., 0., 1., 1., 1., 1.,
           0., 0.],
          [0., 1., 1., 1., 0., 0., 1., 1., 1., 1., 1., 1., 0., 0., 1., 0., 0.,
           0., 0.],
          [0., 0., 0., 0., 0., 1., 0., 0., 0., 1., 1., 0., 0., 0., 1., 0., 1.,
           0., 1.],
          [0., 0., 0., 0., 0., 0., 1., 0., 0., 0., 1., 1., 1., 0., 0., 0., 0.,
           0., 1.],
          [1., 1., 1., 0., 1., 1., 1., 0., 0., 1., 1., 1., 0., 0., 1., 0., 1.,
           1., 1.],
          [1., 0., 0., 1., 0., 1., 0., 0., 1., 1., 0., 1., 0., 1., 0., 0., 0.,
           1., 1.],
          [0., 0., 1., 1., 0., 1., 1., 0., 0., 1., 0., 0., 0., 0., 1., 1., 1.,
           1., 0.],
          [1., 0., 0., 1., 1., 1., 1., 0., 1., 1., 0., 1., 0., 1., 1., 0., 0.,
           1., 1.],
          [1., 0., 1., 1., 0., 1., 1., 1., 0., 1., 1., 0., 0., 0., 1., 0., 0.,
           1., 1.],
          [1., 0., 0., 1., 1., 0., 1., 0., 1., 1., 0., 1., 1., 0., 0., 1., 1.,
           1., 1.],
          [0., 0., 1., 0., 0., 0., 0., 1., 0., 0., 1., 0., 1., 0., 1., 0., 1.,
           1., 1.],
          [0., 1., 0., 0., 1., 0., 1., 0., 0., 1., 0., 1., 0., 1., 0., 1., 0.,
           1., 1.],
          [0., 1., 0., 0., 1., 0., 0., 1., 0., 1., 0., 0., 1., 1., 0., 0., 0.,
           1., 0.],
          [0., 1., 1., 0., 0., 1., 0., 0., 1., 0., 0., 1., 0., 0., 1., 0., 0.,
           0., 1.],
          [1., 0., 1., 1., 0., 1., 1., 0., 1., 1., 1., 0., 0., 1., 1., 0., 0.,
           1., 0.],
          [1., 1., 0., 1., 0., 1., 0., 0., 1., 0., 0., 1., 0., 0., 0., 0., 0.,
           0., 1.],
          [1., 1., 0., 0., 0., 1., 1., 0., 0., 0., 0., 1., 1., 1., 1., 1., 1.,
           0., 1.],
          [1., 0., 1., 1., 0., 1., 0., 0., 1., 1., 0., 1., 0., 1., 1., 1., 1.,
           1., 1.],
          [1., 1., 1., 1., 1., 1., 0., 1., 0., 0., 0., 1., 1., 1., 1., 1., 1.,
           0., 1.]]]], device='cuda:0'), tensor([[0.4448]], device='cuda:0'))
2026-01-08 17:31:38 - INFO - [ 0.9965588  -0.03135646  0.00142531  0.01776318  0.00142531  0.01776318
  0.80770624 -0.26775393]
2026-01-08 17:31:38 - INFO - (tensor([[[[0., 1., 1., 0., 0., 1., 1., 1., 0., 1., 0., 1., 0., 1., 1., 1., 1.,
           0., 0.],
          [0., 1., 1., 1., 0., 0., 1., 1., 1., 1., 1., 1., 0., 0., 1., 0., 0.,
           0., 0.],
          [0., 0., 0., 0., 0., 1., 0., 0., 0., 1., 1., 0., 0., 0., 1., 0., 1.,
           0., 1.],
          [0., 0., 0., 0., 0., 0., 1., 0., 0., 0., 1., 1., 1., 0., 0., 0., 0.,
           0., 1.],
          [1., 1., 1., 0., 1., 1., 1., 0., 0., 1., 1., 1., 0., 0., 1., 0., 1.,
           1., 1.],
          [1., 0., 0., 1., 0., 1., 0., 0., 1., 1., 0., 1., 0., 1., 0., 0., 0.,
           1., 1.],
          [0., 0., 1., 1., 0., 1., 1., 0., 0., 1., 0., 0., 0., 0., 1., 1., 1.,
           1., 0.],
          [1., 0., 0., 1., 1., 1., 1., 0., 1., 1., 0., 1., 0., 1., 1., 0., 0.,
           1., 1.],
          [1., 0., 1., 1., 0., 1., 1., 1., 0., 1., 1., 0., 0., 0., 1., 0., 0.,
           1., 1.],
          [1., 0., 0., 1., 1., 0., 1., 0., 1., 1., 0., 1., 1., 0., 0., 1., 1.,
           1., 1.],
          [0., 0., 1., 0., 0., 0., 0., 1., 0., 0., 1., 0., 1., 0., 1., 0., 1.,
           1., 1.],
          [0., 1., 0., 0., 1., 0., 1., 0., 0., 1., 0., 1., 0., 1., 0., 1., 0.,
           1., 1.],
          [0., 1., 0., 0., 1., 0., 0., 1., 0., 1., 0., 0., 1., 1., 0., 0., 0.,
           1., 0.],
          [0., 1., 1., 0., 0., 1., 0., 0., 1., 0., 0., 1., 0., 0., 1., 0., 0.,
           0., 1.],
          [1., 0., 1., 1., 0., 1., 1., 0., 1., 1., 1., 0., 0., 1., 1., 0., 0.,
           1., 0.],
          [1., 1., 0., 1., 0., 1., 0., 0., 1., 0., 0., 1., 0., 0., 0., 0., 0.,
           0., 1.],
          [1., 1., 0., 0., 0., 1., 1., 0., 0., 0., 0., 1., 1., 1., 1., 1., 1.,
           0., 1.],
          [1., 0., 1., 1., 0., 1., 0., 0., 1., 1., 0., 1., 0., 1., 1., 1., 1.,
           1., 1.],
          [1., 1., 1., 1., 1., 1., 0., 1., 0., 0., 0., 1., 1., 1., 1., 1., 1.,
           0., 1.]]]], device='cuda:0'), tensor([[0.4482]], device='cuda:0'))
2026-01-08 17:31:38 - INFO - [ 0.99651873 -0.03162921  0.00148739  0.01793608  0.0014874   0.01793608
  0.80691177 -0.26958403]
2026-01-08 17:31:38 - INFO - (tensor([[[[0., 1., 1., 0., 0., 1., 1., 1., 0., 1., 0., 1., 0., 1., 1., 1., 1.,
           0., 0.],
          [0., 1., 1., 1., 0., 0., 1., 1., 1., 1., 1., 1., 0., 0., 1., 0., 0.,
           0., 0.],
          [0., 0., 0., 0., 0., 1., 0., 0., 0., 1., 1., 0., 0., 0., 1., 0., 1.,
           0., 1.],
          [0., 0., 0., 0., 0., 0., 1., 0., 0., 0., 1., 1., 1., 0., 0., 0., 0.,
           0., 1.],
          [1., 1., 1., 0., 1., 1., 1., 0., 0., 1., 1., 1., 0., 0., 1., 0., 1.,
           1., 1.],
          [1., 0., 0., 1., 0., 1., 0., 0., 1., 1., 0., 1., 0., 1., 0., 0., 0.,
           1., 1.],
          [0., 0., 1., 1., 0., 1., 1., 0., 0., 1., 0., 0., 0., 0., 1., 1., 1.,
           1., 0.],
          [1., 0., 0., 1., 1., 1., 1., 0., 1., 1., 0., 1., 0., 1., 1., 0., 0.,
           1., 1.],
          [1., 0., 1., 1., 0., 1., 1., 1., 0., 1., 1., 0., 0., 0., 1., 0., 0.,
           1., 1.],
          [1., 0., 0., 1., 1., 0., 1., 0., 1., 1., 0., 1., 1., 0., 0., 1., 1.,
           1., 1.],
          [0., 0., 1., 0., 0., 0., 0., 1., 0., 0., 1., 0., 1., 0., 1., 0., 1.,
           1., 1.],
          [0., 1., 0., 0., 1., 0., 1., 0., 0., 1., 0., 1., 0., 1., 0., 1., 0.,
           1., 1.],
          [0., 1., 0., 0., 1., 0., 0., 1., 0., 1., 0., 0., 1., 1., 0., 0., 0.,
           1., 0.],
          [0., 1., 1., 0., 0., 1., 0., 0., 1., 0., 0., 1., 0., 0., 1., 0., 0.,
           0., 1.],
          [1., 0., 1., 1., 0., 1., 1., 0., 1., 1., 1., 0., 0., 1., 1., 0., 0.,
           1., 0.],
          [1., 1., 0., 1., 0., 1., 0., 0., 1., 0., 0., 1., 0., 0., 0., 0., 0.,
           0., 1.],
          [1., 1., 0., 0., 0., 1., 1., 0., 0., 0., 0., 1., 1., 1., 1., 1., 1.,
           0., 1.],
          [1., 0., 1., 1., 0., 1., 0., 0., 1., 1., 0., 1., 0., 1., 1., 1., 1.,
           1., 1.],
          [1., 1., 1., 1., 1., 1., 0., 1., 0., 0., 0., 1., 1., 1., 1., 1., 1.,
           0., 1.]]]], device='cuda:0'), tensor([[0.4515]], device='cuda:0'))
2026-01-08 17:31:38 - INFO - [ 0.9964805  -0.03189937  0.00154969  0.01811635  0.00154968  0.01811635
  0.80612856 -0.27144334]
2026-01-08 17:31:38 - INFO - (tensor([[[[0., 1., 1., 0., 0., 1., 1., 1., 0., 1., 0., 1., 0., 1., 1., 1., 1.,
           0., 0.],
          [0., 1., 1., 1., 0., 0., 1., 1., 1., 1., 1., 1., 0., 0., 1., 0., 0.,
           0., 0.],
          [0., 0., 0., 0., 0., 1., 0., 0., 0., 1., 1., 0., 0., 0., 1., 0., 1.,
           0., 1.],
          [0., 0., 0., 0., 0., 0., 1., 0., 0., 0., 1., 1., 1., 0., 0., 0., 0.,
           0., 1.],
          [1., 1., 1., 0., 1., 1., 1., 0., 0., 1., 1., 1., 0., 0., 1., 0., 1.,
           1., 1.],
          [1., 0., 0., 1., 0., 1., 0., 0., 1., 1., 0., 1., 0., 1., 0., 0., 0.,
           1., 1.],
          [0., 0., 1., 1., 0., 1., 1., 0., 0., 1., 0., 0., 0., 0., 1., 1., 1.,
           1., 0.],
          [1., 0., 0., 1., 1., 1., 1., 0., 1., 1., 0., 1., 0., 1., 1., 0., 0.,
           1., 1.],
          [1., 0., 1., 1., 0., 1., 1., 1., 0., 1., 1., 0., 0., 0., 1., 0., 0.,
           1., 1.],
          [1., 0., 0., 1., 1., 0., 1., 0., 1., 1., 0., 1., 1., 0., 0., 1., 1.,
           1., 1.],
          [0., 0., 1., 0., 0., 0., 0., 1., 0., 0., 1., 0., 1., 0., 1., 0., 1.,
           1., 1.],
          [0., 1., 0., 0., 1., 0., 1., 0., 0., 1., 0., 1., 0., 1., 0., 1., 0.,
           1., 1.],
          [0., 1., 0., 0., 1., 0., 0., 1., 0., 1., 0., 0., 1., 1., 0., 0., 0.,
           1., 0.],
          [0., 1., 1., 0., 0., 1., 0., 0., 1., 0., 0., 1., 0., 0., 1., 0., 0.,
           0., 1.],
          [1., 0., 1., 1., 0., 1., 1., 0., 1., 1., 1., 0., 0., 1., 1., 0., 0.,
           1., 0.],
          [1., 1., 0., 1., 0., 1., 0., 0., 1., 0., 0., 1., 0., 0., 0., 0., 0.,
           0., 1.],
          [1., 1., 0., 0., 0., 1., 1., 0., 0., 0., 0., 1., 1., 1., 1., 1., 1.,
           0., 1.],
          [1., 0., 1., 1., 0., 1., 0., 0., 1., 1., 0., 1., 0., 1., 1., 1., 1.,
           1., 1.],
          [1., 1., 1., 1., 1., 1., 0., 1., 0., 0., 0., 1., 1., 1., 1., 1., 1.,
           0., 1.]]]], device='cuda:0'), tensor([[0.4548]], device='cuda:0'))
2026-01-08 17:31:38 - INFO - [ 0.9964452  -0.03215764  0.00160934  0.01829206  0.00160933  0.01829207
  0.8053757  -0.27317643]
2026-01-08 17:31:38 - INFO - (tensor([[[[0., 1., 1., 0., 0., 1., 1., 1., 0., 1., 0., 1., 0., 1., 1., 1., 1.,
           0., 0.],
          [0., 1., 1., 1., 0., 0., 1., 1., 1., 1., 1., 1., 0., 0., 1., 0., 0.,
           0., 0.],
          [0., 0., 0., 0., 0., 1., 0., 0., 0., 1., 1., 0., 0., 0., 1., 0., 1.,
           0., 1.],
          [0., 0., 0., 0., 0., 0., 1., 0., 0., 0., 1., 1., 1., 0., 0., 0., 0.,
           0., 1.],
          [1., 1., 1., 0., 1., 1., 1., 0., 0., 1., 1., 1., 0., 0., 1., 0., 1.,
           1., 1.],
          [1., 0., 0., 1., 0., 1., 0., 0., 1., 1., 0., 1., 0., 1., 0., 0., 0.,
           1., 1.],
          [0., 0., 1., 1., 0., 1., 1., 0., 0., 1., 0., 0., 0., 0., 1., 1., 1.,
           1., 0.],
          [1., 0., 0., 1., 1., 1., 1., 0., 1., 1., 0., 1., 0., 1., 1., 0., 0.,
           1., 1.],
          [1., 0., 1., 1., 0., 1., 1., 1., 0., 1., 1., 0., 0., 0., 1., 0., 0.,
           1., 1.],
          [1., 0., 0., 1., 1., 0., 1., 0., 1., 1., 0., 1., 1., 0., 0., 1., 1.,
           1., 1.],
          [0., 0., 1., 0., 0., 0., 0., 1., 0., 0., 1., 0., 1., 0., 1., 0., 1.,
           1., 1.],
          [0., 1., 0., 0., 1., 0., 1., 0., 0., 1., 0., 1., 0., 1., 0., 1., 0.,
           1., 1.],
          [0., 1., 0., 0., 1., 0., 0., 1., 0., 1., 0., 0., 1., 1., 0., 0., 0.,
           1., 0.],
          [0., 1., 1., 0., 0., 1., 0., 0., 1., 0., 0., 1., 0., 0., 1., 0., 0.,
           0., 1.],
          [1., 0., 1., 1., 0., 1., 1., 0., 1., 1., 1., 0., 0., 1., 1., 0., 0.,
           1., 0.],
          [1., 1., 0., 1., 0., 1., 0., 0., 1., 0., 0., 1., 0., 0., 0., 0., 0.,
           0., 1.],
          [1., 1., 0., 0., 0., 1., 1., 0., 0., 0., 0., 1., 1., 1., 1., 1., 1.,
           0., 1.],
          [1., 0., 1., 1., 0., 1., 0., 0., 1., 1., 0., 1., 0., 1., 1., 1., 1.,
           1., 1.],
          [1., 1., 1., 1., 1., 1., 0., 1., 0., 0., 0., 1., 1., 1., 1., 1., 1.,
           0., 1.]]]], device='cuda:0'), tensor([[0.4582]], device='cuda:0'))
2026-01-08 17:31:38 - INFO - [ 0.99641687 -0.03235545  0.00165404  0.01842749  0.00165405  0.0184275
  0.8047373  -0.27454573]
2026-01-08 17:31:38 - INFO - (tensor([[[[0., 1., 1., 0., 0., 1., 1., 1., 0., 1., 0., 1., 0., 1., 1., 1., 1.,
           0., 0.],
          [0., 1., 1., 1., 0., 0., 1., 1., 1., 1., 1., 1., 0., 0., 1., 0., 0.,
           0., 0.],
          [0., 0., 0., 0., 0., 1., 0., 0., 0., 1., 1., 0., 0., 0., 1., 0., 1.,
           0., 1.],
          [0., 0., 0., 0., 0., 0., 1., 0., 0., 0., 1., 1., 1., 0., 0., 0., 0.,
           0., 1.],
          [1., 1., 1., 0., 1., 1., 1., 0., 0., 1., 1., 1., 0., 0., 1., 0., 1.,
           1., 1.],
          [1., 0., 0., 1., 0., 1., 0., 0., 1., 1., 0., 1., 0., 1., 0., 0., 0.,
           1., 1.],
          [0., 0., 1., 1., 0., 1., 1., 0., 0., 1., 0., 0., 0., 0., 1., 1., 1.,
           1., 0.],
          [1., 0., 0., 1., 1., 1., 1., 0., 1., 1., 0., 1., 0., 1., 1., 0., 0.,
           1., 1.],
          [1., 0., 1., 1., 0., 1., 1., 1., 0., 1., 1., 0., 0., 0., 1., 0., 0.,
           1., 1.],
          [1., 0., 0., 1., 1., 0., 1., 0., 1., 1., 0., 1., 1., 0., 0., 1., 1.,
           1., 1.],
          [0., 0., 1., 0., 0., 0., 0., 1., 0., 0., 1., 0., 1., 0., 1., 0., 1.,
           1., 1.],
          [0., 1., 0., 0., 1., 0., 1., 0., 0., 1., 0., 1., 0., 1., 0., 1., 0.,
           1., 1.],
          [0., 1., 0., 0., 1., 0., 0., 1., 0., 1., 0., 0., 1., 1., 0., 0., 0.,
           1., 0.],
          [0., 1., 1., 0., 0., 1., 0., 0., 1., 0., 0., 1., 0., 0., 1., 0., 0.,
           0., 1.],
          [1., 0., 1., 1., 0., 1., 1., 0., 1., 1., 1., 0., 0., 1., 1., 0., 0.,
           1., 0.],
          [1., 1., 0., 1., 0., 1., 0., 0., 1., 0., 0., 1., 0., 0., 0., 0., 0.,
           0., 1.],
          [1., 1., 0., 0., 0., 1., 1., 0., 0., 0., 0., 1., 1., 1., 1., 1., 1.,
           0., 1.],
          [1., 0., 1., 1., 0., 1., 0., 0., 1., 1., 0., 1., 0., 1., 1., 1., 1.,
           1., 1.],
          [1., 1., 1., 1., 1., 1., 0., 1., 0., 0., 0., 1., 1., 1., 1., 1., 1.,
           0., 1.]]]], device='cuda:0'), tensor([[0.4615]], device='cuda:0'))
2026-01-08 17:31:38 - INFO - [ 0.9963894  -0.03254564  0.00169738  0.01855746  0.00169739  0.01855746
  0.8041039  -0.27588993]
2026-01-08 17:31:38 - INFO - (tensor([[[[0., 1., 1., 0., 0., 1., 1., 1., 0., 1., 0., 1., 0., 1., 1., 1., 1.,
           0., 0.],
          [0., 1., 1., 1., 0., 0., 1., 1., 1., 1., 1., 1., 0., 0., 1., 0., 0.,
           0., 0.],
          [0., 0., 0., 0., 0., 1., 0., 0., 0., 1., 1., 0., 0., 0., 1., 0., 1.,
           0., 1.],
          [0., 0., 0., 0., 0., 0., 1., 0., 0., 0., 1., 1., 1., 0., 0., 0., 0.,
           0., 1.],
          [1., 1., 1., 0., 1., 1., 1., 0., 0., 1., 1., 1., 0., 0., 1., 0., 1.,
           1., 1.],
          [1., 0., 0., 1., 0., 1., 0., 0., 1., 1., 0., 1., 0., 1., 0., 0., 0.,
           1., 1.],
          [0., 0., 1., 1., 0., 1., 1., 0., 0., 1., 0., 0., 0., 0., 1., 1., 1.,
           1., 0.],
          [1., 0., 0., 1., 1., 1., 1., 0., 1., 1., 0., 1., 0., 1., 1., 0., 0.,
           1., 1.],
          [1., 0., 1., 1., 0., 1., 1., 1., 0., 1., 1., 0., 0., 0., 1., 0., 0.,
           1., 1.],
          [1., 0., 0., 1., 1., 0., 1., 0., 1., 1., 0., 1., 1., 0., 0., 1., 1.,
           1., 1.],
          [0., 0., 1., 0., 0., 0., 0., 1., 0., 0., 1., 0., 1., 0., 1., 0., 1.,
           1., 1.],
          [0., 1., 0., 0., 1., 0., 1., 0., 0., 1., 0., 1., 0., 1., 0., 1., 0.,
           1., 1.],
          [0., 1., 0., 0., 1., 0., 0., 1., 0., 1., 0., 0., 1., 1., 0., 0., 0.,
           1., 0.],
          [0., 1., 1., 0., 0., 1., 0., 0., 1., 0., 0., 1., 0., 0., 1., 0., 0.,
           0., 1.],
          [1., 0., 1., 1., 0., 1., 1., 0., 1., 1., 1., 0., 0., 1., 1., 0., 0.,
           1., 0.],
          [1., 1., 0., 1., 0., 1., 0., 0., 1., 0., 0., 1., 0., 0., 0., 0., 0.,
           0., 1.],
          [1., 1., 0., 0., 0., 1., 1., 0., 0., 0., 0., 1., 1., 1., 1., 1., 1.,
           0., 1.],
          [1., 0., 1., 1., 0., 1., 0., 0., 1., 1., 0., 1., 0., 1., 1., 1., 1.,
           1., 1.],
          [1., 1., 1., 1., 1., 1., 0., 1., 0., 0., 0., 1., 1., 1., 1., 1., 1.,
           0., 1.]]]], device='cuda:0'), tensor([[0.4649]], device='cuda:0'))
2026-01-08 17:31:38 - INFO - [ 0.99636394 -0.0327301   0.00174011  0.01868555  0.00174011  0.01868555
  0.80347836 -0.27722573]
2026-01-08 17:31:38 - INFO - (tensor([[[[0., 1., 1., 0., 0., 1., 1., 1., 0., 1., 0., 1., 0., 1., 1., 1., 1.,
           0., 0.],
          [0., 1., 1., 1., 0., 0., 1., 1., 1., 1., 1., 1., 0., 0., 1., 0., 0.,
           0., 0.],
          [0., 0., 0., 0., 0., 1., 0., 0., 0., 1., 1., 0., 0., 0., 1., 0., 1.,
           0., 1.],
          [0., 0., 0., 0., 0., 0., 1., 0., 0., 0., 1., 1., 1., 0., 0., 0., 0.,
           0., 1.],
          [1., 1., 1., 0., 1., 1., 1., 0., 0., 1., 1., 1., 0., 0., 1., 0., 1.,
           1., 1.],
          [1., 0., 0., 1., 0., 1., 0., 0., 1., 1., 0., 1., 0., 1., 0., 0., 0.,
           1., 1.],
          [0., 0., 1., 1., 0., 1., 1., 0., 0., 1., 0., 0., 0., 0., 1., 1., 1.,
           1., 0.],
          [1., 0., 0., 1., 1., 1., 1., 0., 1., 1., 0., 1., 0., 1., 1., 0., 0.,
           1., 1.],
          [1., 0., 1., 1., 0., 1., 1., 1., 0., 1., 1., 0., 0., 0., 1., 0., 0.,
           1., 1.],
          [1., 0., 0., 1., 1., 0., 1., 0., 1., 1., 0., 1., 1., 0., 0., 1., 1.,
           1., 1.],
          [0., 0., 1., 0., 0., 0., 0., 1., 0., 0., 1., 0., 1., 0., 1., 0., 1.,
           1., 1.],
          [0., 1., 0., 0., 1., 0., 1., 0., 0., 1., 0., 1., 0., 1., 0., 1., 0.,
           1., 1.],
          [0., 1., 0., 0., 1., 0., 0., 1., 0., 1., 0., 0., 1., 1., 0., 0., 0.,
           1., 0.],
          [0., 1., 1., 0., 0., 1., 0., 0., 1., 0., 0., 1., 0., 0., 1., 0., 0.,
           0., 1.],
          [1., 0., 1., 1., 0., 1., 1., 0., 1., 1., 1., 0., 0., 1., 1., 0., 0.,
           1., 0.],
          [1., 1., 0., 1., 0., 1., 0., 0., 1., 0., 0., 1., 0., 0., 0., 0., 0.,
           0., 1.],
          [1., 1., 0., 0., 0., 1., 1., 0., 0., 0., 0., 1., 1., 1., 1., 1., 1.,
           0., 1.],
          [1., 0., 1., 1., 0., 1., 0., 0., 1., 1., 0., 1., 0., 1., 1., 1., 1.,
           1., 1.],
          [1., 1., 1., 1., 1., 1., 0., 1., 0., 0., 0., 1., 1., 1., 1., 1., 1.,
           0., 1.]]]], device='cuda:0'), tensor([[0.4682]], device='cuda:0'))
2026-01-08 17:31:38 - INFO - [ 0.99633384 -0.03292715  0.00178479  0.01882026  0.00178479  0.01882026
  0.80280817 -0.27866355]
2026-01-08 17:31:38 - INFO - (tensor([[[[0., 1., 1., 0., 0., 1., 1., 1., 0., 1., 0., 1., 0., 1., 1., 1., 1.,
           0., 0.],
          [0., 1., 1., 1., 0., 0., 1., 1., 1., 1., 1., 1., 0., 0., 1., 0., 0.,
           0., 0.],
          [0., 0., 0., 0., 0., 1., 0., 0., 0., 1., 1., 0., 0., 0., 1., 0., 1.,
           0., 1.],
          [0., 0., 0., 0., 0., 0., 1., 0., 0., 0., 1., 1., 1., 0., 0., 0., 0.,
           0., 1.],
          [1., 1., 1., 0., 1., 1., 1., 0., 0., 1., 1., 1., 0., 0., 1., 0., 1.,
           1., 1.],
          [1., 0., 0., 1., 0., 1., 0., 0., 1., 1., 0., 1., 0., 1., 0., 0., 0.,
           1., 1.],
          [0., 0., 1., 1., 0., 1., 1., 0., 0., 1., 0., 0., 0., 0., 1., 1., 1.,
           1., 0.],
          [1., 0., 0., 1., 1., 1., 1., 0., 1., 1., 0., 1., 0., 1., 1., 0., 0.,
           1., 1.],
          [1., 0., 1., 1., 0., 1., 1., 1., 0., 1., 1., 0., 0., 0., 1., 0., 0.,
           1., 1.],
          [1., 0., 0., 1., 1., 0., 1., 0., 1., 1., 0., 1., 1., 0., 0., 1., 1.,
           1., 1.],
          [0., 0., 1., 0., 0., 0., 0., 1., 0., 0., 1., 0., 1., 0., 1., 0., 1.,
           1., 1.],
          [0., 1., 0., 0., 1., 0., 1., 0., 0., 1., 0., 1., 0., 1., 0., 1., 0.,
           1., 1.],
          [0., 1., 0., 0., 1., 0., 0., 1., 0., 1., 0., 0., 1., 1., 0., 0., 0.,
           1., 0.],
          [0., 1., 1., 0., 0., 1., 0., 0., 1., 0., 0., 1., 0., 0., 1., 0., 0.,
           0., 1.],
          [1., 0., 1., 1., 0., 1., 1., 0., 1., 1., 1., 0., 0., 1., 1., 0., 0.,
           1., 0.],
          [1., 1., 0., 1., 0., 1., 0., 0., 1., 0., 0., 1., 0., 0., 0., 0., 0.,
           0., 1.],
          [1., 1., 0., 0., 0., 1., 1., 0., 0., 0., 0., 1., 1., 1., 1., 1., 1.,
           0., 1.],
          [1., 0., 1., 1., 0., 1., 0., 0., 1., 1., 0., 1., 0., 1., 1., 1., 1.,
           1., 1.],
          [1., 1., 1., 1., 1., 1., 0., 1., 0., 0., 0., 1., 1., 1., 1., 1., 1.,
           0., 1.]]]], device='cuda:0'), tensor([[0.4716]], device='cuda:0'))
2026-01-08 17:31:38 - INFO - [ 0.99630046 -0.03312211  0.0018311   0.0189557   0.00183109  0.0189557
  0.8021093  -0.28025845]
2026-01-08 17:31:38 - INFO - (tensor([[[[0., 1., 1., 0., 0., 1., 1., 1., 0., 1., 0., 1., 0., 1., 1., 1., 1.,
           0., 0.],
          [0., 1., 1., 1., 0., 0., 1., 1., 1., 1., 1., 1., 0., 0., 1., 0., 0.,
           0., 0.],
          [0., 0., 0., 0., 0., 1., 0., 0., 0., 1., 1., 0., 0., 0., 1., 0., 1.,
           0., 1.],
          [0., 0., 0., 0., 0., 0., 1., 0., 0., 0., 1., 1., 1., 0., 0., 0., 0.,
           0., 1.],
          [1., 1., 1., 0., 1., 1., 1., 0., 0., 1., 1., 1., 0., 0., 1., 0., 1.,
           1., 1.],
          [1., 0., 0., 1., 0., 1., 0., 0., 1., 1., 0., 1., 0., 1., 0., 0., 0.,
           1., 1.],
          [0., 0., 1., 1., 0., 1., 1., 0., 0., 1., 0., 0., 0., 0., 1., 1., 1.,
           1., 0.],
          [1., 0., 0., 1., 1., 1., 1., 0., 1., 1., 0., 1., 0., 1., 1., 0., 0.,
           1., 1.],
          [1., 0., 1., 1., 0., 1., 1., 1., 0., 1., 1., 0., 0., 0., 1., 0., 0.,
           1., 1.],
          [1., 0., 0., 1., 1., 0., 1., 0., 1., 1., 0., 1., 1., 0., 0., 1., 1.,
           1., 1.],
          [0., 0., 1., 0., 0., 0., 0., 1., 0., 0., 1., 0., 1., 0., 1., 0., 1.,
           1., 1.],
          [0., 1., 0., 0., 1., 0., 1., 0., 0., 1., 0., 1., 0., 1., 0., 1., 0.,
           1., 1.],
          [0., 1., 0., 0., 1., 0., 0., 1., 0., 1., 0., 0., 1., 1., 0., 0., 0.,
           1., 0.],
          [0., 1., 1., 0., 0., 1., 0., 0., 1., 0., 0., 1., 0., 0., 1., 0., 0.,
           0., 1.],
          [1., 0., 1., 1., 0., 1., 1., 0., 1., 1., 1., 0., 0., 1., 1., 0., 0.,
           1., 0.],
          [1., 1., 0., 1., 0., 1., 0., 0., 1., 0., 0., 1., 0., 0., 0., 0., 0.,
           0., 1.],
          [1., 1., 0., 0., 0., 1., 1., 0., 0., 0., 0., 1., 1., 1., 1., 1., 1.,
           0., 1.],
          [1., 0., 1., 1., 0., 1., 0., 0., 1., 1., 0., 1., 0., 1., 1., 1., 1.,
           1., 1.],
          [1., 1., 1., 1., 1., 1., 0., 1., 0., 0., 0., 1., 1., 1., 1., 1., 1.,
           0., 1.]]]], device='cuda:0'), tensor([[0.4749]], device='cuda:0'))
2026-01-08 17:31:38 - INFO - [ 0.99627036 -0.0332966   0.00187147  0.01907986  0.00187147  0.01907987
  0.8014554  -0.28176627]
2026-01-08 17:31:38 - INFO - (tensor([[[[0., 1., 1., 0., 0., 1., 1., 1., 0., 1., 0., 1., 0., 1., 1., 1., 1.,
           0., 0.],
          [0., 1., 1., 1., 0., 0., 1., 1., 1., 1., 1., 1., 0., 0., 1., 0., 0.,
           0., 0.],
          [0., 0., 0., 0., 0., 1., 0., 0., 0., 1., 1., 0., 0., 0., 1., 0., 1.,
           0., 1.],
          [0., 0., 0., 0., 0., 0., 1., 0., 0., 0., 1., 1., 1., 0., 0., 0., 0.,
           0., 1.],
          [1., 1., 1., 0., 1., 1., 1., 0., 0., 1., 1., 1., 0., 0., 1., 0., 1.,
           1., 1.],
          [1., 0., 0., 1., 0., 1., 0., 0., 1., 1., 0., 1., 0., 1., 0., 0., 0.,
           1., 1.],
          [0., 0., 1., 1., 0., 1., 1., 0., 0., 1., 0., 0., 0., 0., 1., 1., 1.,
           1., 0.],
          [1., 0., 0., 1., 1., 1., 1., 0., 1., 1., 0., 1., 0., 1., 1., 0., 0.,
           1., 1.],
          [1., 0., 1., 1., 0., 1., 1., 1., 0., 1., 1., 0., 0., 0., 1., 0., 0.,
           1., 1.],
          [1., 0., 0., 1., 1., 0., 1., 0., 1., 1., 0., 1., 1., 0., 0., 1., 1.,
           1., 1.],
          [0., 0., 1., 0., 0., 0., 0., 1., 0., 0., 1., 0., 1., 0., 1., 0., 1.,
           1., 1.],
          [0., 1., 0., 0., 1., 0., 1., 0., 0., 1., 0., 1., 0., 1., 0., 1., 0.,
           1., 1.],
          [0., 1., 0., 0., 1., 0., 0., 1., 0., 1., 0., 0., 1., 1., 0., 0., 0.,
           1., 0.],
          [0., 1., 1., 0., 0., 1., 0., 0., 1., 0., 0., 1., 0., 0., 1., 0., 0.,
           0., 1.],
          [1., 0., 1., 1., 0., 1., 1., 0., 1., 1., 1., 0., 0., 1., 1., 0., 0.,
           1., 0.],
          [1., 1., 0., 1., 0., 1., 0., 0., 1., 0., 0., 1., 0., 0., 0., 0., 0.,
           0., 1.],
          [1., 1., 0., 0., 0., 1., 1., 0., 0., 0., 0., 1., 1., 1., 1., 1., 1.,
           0., 1.],
          [1., 0., 1., 1., 0., 1., 0., 0., 1., 1., 0., 1., 0., 1., 1., 1., 1.,
           1., 1.],
          [1., 1., 1., 1., 1., 1., 0., 1., 0., 0., 0., 1., 1., 1., 1., 1., 1.,
           0., 1.]]]], device='cuda:0'), tensor([[0.4783]], device='cuda:0'))
2026-01-08 17:31:38 - INFO - [ 0.99624246 -0.03346649  0.00190933  0.01919738  0.00190933  0.01919739
  0.8008473  -0.2831271 ]
2026-01-08 17:31:38 - INFO - (tensor([[[[0., 1., 1., 0., 0., 1., 1., 1., 0., 1., 0., 1., 0., 1., 1., 1., 1.,
           0., 0.],
          [0., 1., 1., 1., 0., 0., 1., 1., 1., 1., 1., 1., 0., 0., 1., 0., 0.,
           0., 0.],
          [0., 0., 0., 0., 0., 1., 0., 0., 0., 1., 1., 0., 0., 0., 1., 0., 1.,
           0., 1.],
          [0., 0., 0., 0., 0., 0., 1., 0., 0., 0., 1., 1., 1., 0., 0., 0., 0.,
           0., 1.],
          [1., 1., 1., 0., 1., 1., 1., 0., 0., 1., 1., 1., 0., 0., 1., 0., 1.,
           1., 1.],
          [1., 0., 0., 1., 0., 1., 0., 0., 1., 1., 0., 1., 0., 1., 0., 0., 0.,
           1., 1.],
          [0., 0., 1., 1., 0., 1., 1., 0., 0., 1., 0., 0., 0., 0., 1., 1., 1.,
           1., 0.],
          [1., 0., 0., 1., 1., 1., 1., 0., 1., 1., 0., 1., 0., 1., 1., 0., 0.,
           1., 1.],
          [1., 0., 1., 1., 0., 1., 1., 1., 0., 1., 1., 0., 0., 0., 1., 0., 0.,
           1., 1.],
          [1., 0., 0., 1., 1., 0., 1., 0., 1., 1., 0., 1., 1., 0., 0., 1., 1.,
           1., 1.],
          [0., 0., 1., 0., 0., 0., 0., 1., 0., 0., 1., 0., 1., 0., 1., 0., 1.,
           1., 1.],
          [0., 1., 0., 0., 1., 0., 1., 0., 0., 1., 0., 1., 0., 1., 0., 1., 0.,
           1., 1.],
          [0., 1., 0., 0., 1., 0., 0., 1., 0., 1., 0., 0., 1., 1., 0., 0., 0.,
           1., 0.],
          [0., 1., 1., 0., 0., 1., 0., 0., 1., 0., 0., 1., 0., 0., 1., 0., 0.,
           0., 1.],
          [1., 0., 1., 1., 0., 1., 1., 0., 1., 1., 1., 0., 0., 1., 1., 0., 0.,
           1., 0.],
          [1., 1., 0., 1., 0., 1., 0., 0., 1., 0., 0., 1., 0., 0., 0., 0., 0.,
           0., 1.],
          [1., 1., 0., 0., 0., 1., 1., 0., 0., 0., 0., 1., 1., 1., 1., 1., 1.,
           0., 1.],
          [1., 0., 1., 1., 0., 1., 0., 0., 1., 1., 0., 1., 0., 1., 1., 1., 1.,
           1., 1.],
          [1., 1., 1., 1., 1., 1., 0., 1., 0., 0., 0., 1., 1., 1., 1., 1., 1.,
           0., 1.]]]], device='cuda:0'), tensor([[0.4816]], device='cuda:0'))
2026-01-08 17:31:38 - INFO - [ 0.99621665 -0.03363829  0.00194936  0.01931759  0.00194936  0.0193176
  0.8002589  -0.28443897]
2026-01-08 17:31:38 - INFO - (tensor([[[[0., 1., 1., 0., 0., 1., 1., 1., 0., 1., 0., 1., 0., 1., 1., 1., 1.,
           0., 0.],
          [0., 1., 1., 1., 0., 0., 1., 1., 1., 1., 1., 1., 0., 0., 1., 0., 0.,
           0., 0.],
          [0., 0., 0., 0., 0., 1., 0., 0., 0., 1., 1., 0., 0., 0., 1., 0., 1.,
           0., 1.],
          [0., 0., 0., 0., 0., 0., 1., 0., 0., 0., 1., 1., 1., 0., 0., 0., 0.,
           0., 1.],
          [1., 1., 1., 0., 1., 1., 1., 0., 0., 1., 1., 1., 0., 0., 1., 0., 1.,
           1., 1.],
          [1., 0., 0., 1., 0., 1., 0., 0., 1., 1., 0., 1., 0., 1., 0., 0., 0.,
           1., 1.],
          [0., 0., 1., 1., 0., 1., 1., 0., 0., 1., 0., 0., 0., 0., 1., 1., 1.,
           1., 0.],
          [1., 0., 0., 1., 1., 1., 1., 0., 1., 1., 0., 1., 0., 1., 1., 0., 0.,
           1., 1.],
          [1., 0., 1., 1., 0., 1., 1., 1., 0., 1., 1., 0., 0., 0., 1., 0., 0.,
           1., 1.],
          [1., 0., 0., 1., 1., 0., 1., 0., 1., 1., 0., 1., 1., 0., 0., 1., 1.,
           1., 1.],
          [0., 0., 1., 0., 0., 0., 0., 1., 0., 0., 1., 0., 1., 0., 1., 0., 1.,
           1., 1.],
          [0., 1., 0., 0., 1., 0., 1., 0., 0., 1., 0., 1., 0., 1., 0., 1., 0.,
           1., 1.],
          [0., 1., 0., 0., 1., 0., 0., 1., 0., 1., 0., 0., 1., 1., 0., 0., 0.,
           1., 0.],
          [0., 1., 1., 0., 0., 1., 0., 0., 1., 0., 0., 1., 0., 0., 1., 0., 0.,
           0., 1.],
          [1., 0., 1., 1., 0., 1., 1., 0., 1., 1., 1., 0., 0., 1., 1., 0., 0.,
           1., 0.],
          [1., 1., 0., 1., 0., 1., 0., 0., 1., 0., 0., 1., 0., 0., 0., 0., 0.,
           0., 1.],
          [1., 1., 0., 0., 0., 1., 1., 0., 0., 0., 0., 1., 1., 1., 1., 1., 1.,
           0., 1.],
          [1., 0., 1., 1., 0., 1., 0., 0., 1., 1., 0., 1., 0., 1., 1., 1., 1.,
           1., 1.],
          [1., 1., 1., 1., 1., 1., 0., 1., 0., 0., 0., 1., 1., 1., 1., 1., 1.,
           0., 1.]]]], device='cuda:0'), tensor([[0.4849]], device='cuda:0'))
2026-01-08 17:31:38 - INFO - [ 0.99619025 -0.03380566  0.00198771  0.01943287  0.00198771  0.01943288
  0.79969656 -0.28567752]
2026-01-08 17:31:38 - INFO - (tensor([[[[0., 1., 1., 0., 0., 1., 1., 1., 0., 1., 0., 1., 0., 1., 1., 1., 1.,
           0., 0.],
          [0., 1., 1., 1., 0., 0., 1., 1., 1., 1., 1., 1., 0., 0., 1., 0., 0.,
           0., 0.],
          [0., 0., 0., 0., 0., 1., 0., 0., 0., 1., 1., 0., 0., 0., 1., 0., 1.,
           0., 1.],
          [0., 0., 0., 0., 0., 0., 1., 0., 0., 0., 1., 1., 1., 0., 0., 0., 0.,
           0., 1.],
          [1., 1., 1., 0., 1., 1., 1., 0., 0., 1., 1., 1., 0., 0., 1., 0., 1.,
           1., 1.],
          [1., 0., 0., 1., 0., 1., 0., 0., 1., 1., 0., 1., 0., 1., 0., 0., 0.,
           1., 1.],
          [0., 0., 1., 1., 0., 1., 1., 0., 0., 1., 0., 0., 0., 0., 1., 1., 1.,
           1., 0.],
          [1., 0., 0., 1., 1., 1., 1., 0., 1., 1., 0., 1., 0., 1., 1., 0., 0.,
           1., 1.],
          [1., 0., 1., 1., 0., 1., 1., 1., 0., 1., 1., 0., 0., 0., 1., 0., 0.,
           1., 1.],
          [1., 0., 0., 1., 1., 0., 1., 0., 1., 1., 0., 1., 1., 0., 0., 1., 1.,
           1., 1.],
          [0., 0., 1., 0., 0., 0., 0., 1., 0., 0., 1., 0., 1., 0., 1., 0., 1.,
           1., 1.],
          [0., 1., 0., 0., 1., 0., 1., 0., 0., 1., 0., 1., 0., 1., 0., 1., 0.,
           1., 1.],
          [0., 1., 0., 0., 1., 0., 0., 1., 0., 1., 0., 0., 1., 1., 0., 0., 0.,
           1., 0.],
          [0., 1., 1., 0., 0., 1., 0., 0., 1., 0., 0., 1., 0., 0., 1., 0., 0.,
           0., 1.],
          [1., 0., 1., 1., 0., 1., 1., 0., 1., 1., 1., 0., 0., 1., 1., 0., 0.,
           1., 0.],
          [1., 1., 0., 1., 0., 1., 0., 0., 1., 0., 0., 1., 0., 0., 0., 0., 0.,
           0., 1.],
          [1., 1., 0., 0., 0., 1., 1., 0., 0., 0., 0., 1., 1., 1., 1., 1., 1.,
           0., 1.],
          [1., 0., 1., 1., 0., 1., 0., 0., 1., 1., 0., 1., 0., 1., 1., 1., 1.,
           1., 1.],
          [1., 1., 1., 1., 1., 1., 0., 1., 0., 0., 0., 1., 1., 1., 1., 1., 1.,
           0., 1.]]]], device='cuda:0'), tensor([[0.4883]], device='cuda:0'))
2026-01-08 17:31:38 - INFO - [ 0.996164   -0.03400329  0.0020374   0.01956723  0.00203741  0.01956723
  0.7990595  -0.28721505]
2026-01-08 17:31:38 - INFO - (tensor([[[[0., 1., 1., 0., 0., 1., 1., 1., 0., 1., 0., 1., 0., 1., 1., 1., 1.,
           0., 0.],
          [0., 1., 1., 1., 0., 0., 1., 1., 1., 1., 1., 1., 0., 0., 1., 0., 0.,
           0., 0.],
          [0., 0., 0., 0., 0., 1., 0., 0., 0., 1., 1., 0., 0., 0., 1., 0., 1.,
           0., 1.],
          [0., 0., 0., 0., 0., 0., 1., 0., 0., 0., 1., 1., 1., 0., 0., 0., 0.,
           0., 1.],
          [1., 1., 1., 0., 1., 1., 1., 0., 0., 1., 1., 1., 0., 0., 1., 0., 1.,
           1., 1.],
          [1., 0., 0., 1., 0., 1., 0., 0., 1., 1., 0., 1., 0., 1., 0., 0., 0.,
           1., 1.],
          [0., 0., 1., 1., 0., 1., 1., 0., 0., 1., 0., 0., 0., 0., 1., 1., 1.,
           1., 0.],
          [1., 0., 0., 1., 1., 1., 1., 0., 1., 1., 0., 1., 0., 1., 1., 0., 0.,
           1., 1.],
          [1., 0., 1., 1., 0., 1., 1., 1., 0., 1., 1., 0., 0., 0., 1., 0., 0.,
           1., 1.],
          [1., 0., 0., 1., 1., 0., 1., 0., 1., 1., 0., 1., 1., 0., 0., 1., 1.,
           1., 1.],
          [0., 0., 1., 0., 0., 0., 0., 1., 0., 0., 1., 0., 1., 0., 1., 0., 1.,
           1., 1.],
          [0., 1., 0., 0., 1., 0., 1., 0., 0., 1., 0., 1., 0., 1., 0., 1., 0.,
           1., 1.],
          [0., 1., 0., 0., 1., 0., 0., 1., 0., 1., 0., 0., 1., 1., 0., 0., 0.,
           1., 0.],
          [0., 1., 1., 0., 0., 1., 0., 0., 1., 0., 0., 1., 0., 0., 1., 0., 0.,
           0., 1.],
          [1., 0., 1., 1., 0., 1., 1., 0., 1., 1., 1., 0., 0., 1., 1., 0., 0.,
           1., 0.],
          [1., 1., 0., 1., 0., 1., 0., 0., 1., 0., 0., 1., 0., 0., 0., 0., 0.,
           0., 1.],
          [1., 1., 0., 0., 0., 1., 1., 0., 0., 0., 0., 1., 1., 1., 1., 1., 1.,
           0., 1.],
          [1., 0., 1., 1., 0., 1., 0., 0., 1., 1., 0., 1., 0., 1., 1., 1., 1.,
           1., 1.],
          [1., 1., 1., 1., 1., 1., 0., 1., 0., 0., 0., 1., 1., 1., 1., 1., 1.,
           0., 1.]]]], device='cuda:0'), tensor([[0.4916]], device='cuda:0'))
2026-01-08 17:31:38 - INFO - [ 0.9961505  -0.03426223  0.00210597  0.01974302  0.00210596  0.01974302
  0.79843247 -0.28880736]
2026-01-08 17:31:38 - INFO - (tensor([[[[0., 1., 1., 0., 0., 1., 1., 1., 0., 1., 0., 1., 0., 1., 1., 1., 1.,
           0., 0.],
          [0., 1., 1., 1., 0., 0., 1., 1., 1., 1., 1., 1., 0., 0., 1., 0., 0.,
           0., 0.],
          [0., 0., 0., 0., 0., 1., 0., 0., 0., 1., 1., 0., 0., 0., 1., 0., 1.,
           0., 1.],
          [0., 0., 0., 0., 0., 0., 1., 0., 0., 0., 1., 1., 1., 0., 0., 0., 0.,
           0., 1.],
          [1., 1., 1., 0., 1., 1., 1., 0., 0., 1., 1., 1., 0., 0., 1., 0., 1.,
           1., 1.],
          [1., 0., 0., 1., 0., 1., 0., 0., 1., 1., 0., 1., 0., 1., 0., 0., 0.,
           1., 1.],
          [0., 0., 1., 1., 0., 1., 1., 0., 0., 1., 0., 0., 0., 0., 1., 1., 1.,
           1., 0.],
          [1., 0., 0., 1., 1., 1., 1., 0., 1., 1., 0., 1., 0., 1., 1., 0., 0.,
           1., 1.],
          [1., 0., 1., 1., 0., 1., 1., 1., 0., 1., 1., 0., 0., 0., 1., 0., 0.,
           1., 1.],
          [1., 0., 0., 1., 1., 0., 1., 0., 1., 1., 0., 1., 1., 0., 0., 1., 1.,
           1., 1.],
          [0., 0., 1., 0., 0., 0., 0., 1., 0., 0., 1., 0., 1., 0., 1., 0., 1.,
           1., 1.],
          [0., 1., 0., 0., 1., 0., 1., 0., 0., 1., 0., 1., 0., 1., 0., 1., 0.,
           1., 1.],
          [0., 1., 0., 0., 1., 0., 0., 1., 0., 1., 0., 0., 1., 1., 0., 0., 0.,
           1., 0.],
          [0., 1., 1., 0., 0., 1., 0., 0., 1., 0., 0., 1., 0., 0., 1., 0., 0.,
           0., 1.],
          [1., 0., 1., 1., 0., 1., 1., 0., 1., 1., 1., 0., 0., 1., 1., 0., 0.,
           1., 0.],
          [1., 1., 0., 1., 0., 1., 0., 0., 1., 0., 0., 1., 0., 0., 0., 0., 0.,
           0., 1.],
          [1., 1., 0., 0., 0., 1., 1., 0., 0., 0., 0., 1., 1., 1., 1., 1., 1.,
           0., 1.],
          [1., 0., 1., 1., 0., 1., 0., 0., 1., 1., 0., 1., 0., 1., 1., 1., 1.,
           1., 1.],
          [1., 1., 1., 1., 1., 1., 0., 1., 0., 0., 0., 1., 1., 1., 1., 1., 1.,
           0., 1.]]]], device='cuda:0'), tensor([[0.4950]], device='cuda:0'))
2026-01-08 17:31:38 - INFO - [ 0.99613816 -0.03449269  0.00216393  0.01989568  0.00216394  0.01989569
  0.7978534  -0.29022965]
2026-01-08 17:31:38 - INFO - (tensor([[[[0., 1., 1., 0., 0., 1., 1., 1., 0., 1., 0., 1., 0., 1., 1., 1., 1.,
           0., 0.],
          [0., 1., 1., 1., 0., 0., 1., 1., 1., 1., 1., 1., 0., 0., 1., 0., 0.,
           0., 0.],
          [0., 0., 0., 0., 0., 1., 0., 0., 0., 1., 1., 0., 0., 0., 1., 0., 1.,
           0., 1.],
          [0., 0., 0., 0., 0., 0., 1., 0., 0., 0., 1., 1., 1., 0., 0., 0., 0.,
           0., 1.],
          [1., 1., 1., 0., 1., 1., 1., 0., 0., 1., 1., 1., 0., 0., 1., 0., 1.,
           1., 1.],
          [1., 0., 0., 1., 0., 1., 0., 0., 1., 1., 0., 1., 0., 1., 0., 0., 0.,
           1., 1.],
          [0., 0., 1., 1., 0., 1., 1., 0., 0., 1., 0., 0., 0., 0., 1., 1., 1.,
           1., 0.],
          [1., 0., 0., 1., 1., 1., 1., 0., 1., 1., 0., 1., 0., 1., 1., 0., 0.,
           1., 1.],
          [1., 0., 1., 1., 0., 1., 1., 1., 0., 1., 1., 0., 0., 0., 1., 0., 0.,
           1., 1.],
          [1., 0., 0., 1., 1., 0., 1., 0., 1., 1., 0., 1., 1., 0., 0., 1., 1.,
           1., 1.],
          [0., 0., 1., 0., 0., 0., 0., 1., 0., 0., 1., 0., 1., 0., 1., 0., 1.,
           1., 1.],
          [0., 1., 0., 0., 1., 0., 1., 0., 0., 1., 0., 1., 0., 1., 0., 1., 0.,
           1., 1.],
          [0., 1., 0., 0., 1., 0., 0., 1., 0., 1., 0., 0., 1., 1., 0., 0., 0.,
           1., 0.],
          [0., 1., 1., 0., 0., 1., 0., 0., 1., 0., 0., 1., 0., 0., 1., 0., 0.,
           0., 1.],
          [1., 0., 1., 1., 0., 1., 1., 0., 1., 1., 1., 0., 0., 1., 1., 0., 0.,
           1., 0.],
          [1., 1., 0., 1., 0., 1., 0., 0., 1., 0., 0., 1., 0., 0., 0., 0., 0.,
           0., 1.],
          [1., 1., 0., 0., 0., 1., 1., 0., 0., 0., 0., 1., 1., 1., 1., 1., 1.,
           0., 1.],
          [1., 0., 1., 1., 0., 1., 0., 0., 1., 1., 0., 1., 0., 1., 1., 1., 1.,
           1., 1.],
          [1., 1., 1., 1., 1., 1., 0., 1., 0., 0., 0., 1., 1., 1., 1., 1., 1.,
           0., 1.]]]], device='cuda:0'), tensor([[0.4983]], device='cuda:0'))
2026-01-08 17:31:39 - INFO - [ 0.99612355 -0.03467918  0.00220766  0.02001525  0.00220765  0.02001525
  0.79735315 -0.29137918]
2026-01-08 17:31:39 - INFO - (tensor([[[[0., 1., 1., 0., 0., 1., 1., 1., 0., 1., 0., 1., 0., 1., 1., 1., 1.,
           0., 0.],
          [0., 1., 1., 1., 0., 0., 1., 1., 1., 1., 1., 1., 0., 0., 1., 0., 0.,
           0., 0.],
          [0., 0., 0., 0., 0., 1., 0., 0., 0., 1., 1., 0., 0., 0., 1., 0., 1.,
           0., 1.],
          [0., 0., 0., 0., 0., 0., 1., 0., 0., 0., 1., 1., 1., 0., 0., 0., 0.,
           0., 1.],
          [1., 1., 1., 0., 1., 1., 1., 0., 0., 1., 1., 1., 0., 0., 1., 0., 1.,
           1., 1.],
          [1., 0., 0., 1., 0., 1., 0., 0., 1., 1., 0., 1., 0., 1., 0., 0., 0.,
           1., 1.],
          [0., 0., 1., 1., 0., 1., 1., 0., 0., 1., 0., 0., 0., 0., 1., 1., 1.,
           1., 0.],
          [1., 0., 0., 1., 1., 1., 1., 0., 1., 1., 0., 1., 0., 1., 1., 0., 0.,
           1., 1.],
          [1., 0., 1., 1., 0., 1., 1., 1., 0., 1., 1., 0., 0., 0., 1., 0., 0.,
           1., 1.],
          [1., 0., 0., 1., 1., 0., 1., 0., 1., 1., 0., 1., 1., 0., 0., 1., 1.,
           1., 1.],
          [0., 0., 1., 0., 0., 0., 0., 1., 0., 0., 1., 0., 1., 0., 1., 0., 1.,
           1., 1.],
          [0., 1., 0., 0., 1., 0., 1., 0., 0., 1., 0., 1., 0., 1., 0., 1., 0.,
           1., 1.],
          [0., 1., 0., 0., 1., 0., 0., 1., 0., 1., 0., 0., 1., 1., 0., 0., 0.,
           1., 0.],
          [0., 1., 1., 0., 0., 1., 0., 0., 1., 0., 0., 1., 0., 0., 1., 0., 0.,
           0., 1.],
          [1., 0., 1., 1., 0., 1., 1., 0., 1., 1., 1., 0., 0., 1., 1., 0., 0.,
           1., 0.],
          [1., 1., 0., 1., 0., 1., 0., 0., 1., 0., 0., 1., 0., 0., 0., 0., 0.,
           0., 1.],
          [1., 1., 0., 0., 0., 1., 1., 0., 0., 0., 0., 1., 1., 1., 1., 1., 1.,
           0., 1.],
          [1., 0., 1., 1., 0., 1., 0., 0., 1., 1., 0., 1., 0., 1., 1., 1., 1.,
           1., 1.],
          [1., 1., 1., 1., 1., 1., 0., 1., 0., 0., 0., 1., 1., 1., 1., 1., 1.,
           0., 1.]]]], device='cuda:0'), tensor([[0.5017]], device='cuda:0'))
2026-01-08 17:31:39 - INFO - [ 0.99610656 -0.03487805  0.00225322  0.02014086  0.00225322  0.02014086
  0.7968429  -0.2925769 ]
2026-01-08 17:31:39 - INFO - (tensor([[[[0., 1., 1., 0., 0., 1., 1., 1., 0., 1., 0., 1., 0., 1., 1., 1., 1.,
           0., 0.],
          [0., 1., 1., 1., 0., 0., 1., 1., 1., 1., 1., 1., 0., 0., 1., 0., 0.,
           0., 0.],
          [0., 0., 0., 0., 0., 1., 0., 0., 0., 1., 1., 0., 0., 0., 1., 0., 1.,
           0., 1.],
          [0., 0., 0., 0., 0., 0., 1., 0., 0., 0., 1., 1., 1., 0., 0., 0., 0.,
           0., 1.],
          [1., 1., 1., 0., 1., 1., 1., 0., 0., 1., 1., 1., 0., 0., 1., 0., 1.,
           1., 1.],
          [1., 0., 0., 1., 0., 1., 0., 0., 1., 1., 0., 1., 0., 1., 0., 0., 0.,
           1., 1.],
          [0., 0., 1., 1., 0., 1., 1., 0., 0., 1., 0., 0., 0., 0., 1., 1., 1.,
           1., 0.],
          [1., 0., 0., 1., 1., 1., 1., 0., 1., 1., 0., 1., 0., 1., 1., 0., 0.,
           1., 1.],
          [1., 0., 1., 1., 0., 1., 1., 1., 0., 1., 1., 0., 0., 0., 1., 0., 0.,
           1., 1.],
          [1., 0., 0., 1., 1., 0., 1., 0., 1., 1., 0., 1., 1., 0., 0., 1., 1.,
           1., 1.],
          [0., 0., 1., 0., 0., 0., 0., 1., 0., 0., 1., 0., 1., 0., 1., 0., 1.,
           1., 1.],
          [0., 1., 0., 0., 1., 0., 1., 0., 0., 1., 0., 1., 0., 1., 0., 1., 0.,
           1., 1.],
          [0., 1., 0., 0., 1., 0., 0., 1., 0., 1., 0., 0., 1., 1., 0., 0., 0.,
           1., 0.],
          [0., 1., 1., 0., 0., 1., 0., 0., 1., 0., 0., 1., 0., 0., 1., 0., 0.,
           0., 1.],
          [1., 0., 1., 1., 0., 1., 1., 0., 1., 1., 1., 0., 0., 1., 1., 0., 0.,
           1., 0.],
          [1., 1., 0., 1., 0., 1., 0., 0., 1., 0., 0., 1., 0., 0., 0., 0., 0.,
           0., 1.],
          [1., 1., 0., 0., 0., 1., 1., 0., 0., 0., 0., 1., 1., 1., 1., 1., 1.,
           0., 1.],
          [1., 0., 1., 1., 0., 1., 0., 0., 1., 1., 0., 1., 0., 1., 1., 1., 1.,
           1., 1.],
          [1., 1., 1., 1., 1., 1., 0., 1., 0., 0., 0., 1., 1., 1., 1., 1., 1.,
           0., 1.]]]], device='cuda:0'), tensor([[0.5050]], device='cuda:0'))
2026-01-08 17:31:39 - INFO - [ 0.99608564 -0.03509059  0.00230268  0.02027402  0.00230268  0.02027402
  0.7963007  -0.2938347 ]
2026-01-08 17:31:39 - INFO - (tensor([[[[0., 1., 1., 0., 0., 1., 1., 1., 0., 1., 0., 1., 0., 1., 1., 1., 1.,
           0., 0.],
          [0., 1., 1., 1., 0., 0., 1., 1., 1., 1., 1., 1., 0., 0., 1., 0., 0.,
           0., 0.],
          [0., 0., 0., 0., 0., 1., 0., 0., 0., 1., 1., 0., 0., 0., 1., 0., 1.,
           0., 1.],
          [0., 0., 0., 0., 0., 0., 1., 0., 0., 0., 1., 1., 1., 0., 0., 0., 0.,
           0., 1.],
          [1., 1., 1., 0., 1., 1., 1., 0., 0., 1., 1., 1., 0., 0., 1., 0., 1.,
           1., 1.],
          [1., 0., 0., 1., 0., 1., 0., 0., 1., 1., 0., 1., 0., 1., 0., 0., 0.,
           1., 1.],
          [0., 0., 1., 1., 0., 1., 1., 0., 0., 1., 0., 0., 0., 0., 1., 1., 1.,
           1., 0.],
          [1., 0., 0., 1., 1., 1., 1., 0., 1., 1., 0., 1., 0., 1., 1., 0., 0.,
           1., 1.],
          [1., 0., 1., 1., 0., 1., 1., 1., 0., 1., 1., 0., 0., 0., 1., 0., 0.,
           1., 1.],
          [1., 0., 0., 1., 1., 0., 1., 0., 1., 1., 0., 1., 1., 0., 0., 1., 1.,
           1., 1.],
          [0., 0., 1., 0., 0., 0., 0., 1., 0., 0., 1., 0., 1., 0., 1., 0., 1.,
           1., 1.],
          [0., 1., 0., 0., 1., 0., 1., 0., 0., 1., 0., 1., 0., 1., 0., 1., 0.,
           1., 1.],
          [0., 1., 0., 0., 1., 0., 0., 1., 0., 1., 0., 0., 1., 1., 0., 0., 0.,
           1., 0.],
          [0., 1., 1., 0., 0., 1., 0., 0., 1., 0., 0., 1., 0., 0., 1., 0., 0.,
           0., 1.],
          [1., 0., 1., 1., 0., 1., 1., 0., 1., 1., 1., 0., 0., 1., 1., 0., 0.,
           1., 0.],
          [1., 1., 0., 1., 0., 1., 0., 0., 1., 0., 0., 1., 0., 0., 0., 0., 0.,
           0., 1.],
          [1., 1., 0., 0., 0., 1., 1., 0., 0., 0., 0., 1., 1., 1., 1., 1., 1.,
           0., 1.],
          [1., 0., 1., 1., 0., 1., 0., 0., 1., 1., 0., 1., 0., 1., 1., 1., 1.,
           1., 1.],
          [1., 1., 1., 1., 1., 1., 0., 1., 0., 0., 0., 1., 1., 1., 1., 1., 1.,
           0., 1.]]]], device='cuda:0'), tensor([[0.5084]], device='cuda:0'))
2026-01-08 17:31:39 - INFO - [ 0.99606603 -0.03532604  0.00235936  0.02042318  0.00235936  0.02042319
  0.7957109  -0.29522723]
2026-01-08 17:31:39 - INFO - (tensor([[[[0., 1., 1., 0., 0., 1., 1., 1., 0., 1., 0., 1., 0., 1., 1., 1., 1.,
           0., 0.],
          [0., 1., 1., 1., 0., 0., 1., 1., 1., 1., 1., 1., 0., 0., 1., 0., 0.,
           0., 0.],
          [0., 0., 0., 0., 0., 1., 0., 0., 0., 1., 1., 0., 0., 0., 1., 0., 1.,
           0., 1.],
          [0., 0., 0., 0., 0., 0., 1., 0., 0., 0., 1., 1., 1., 0., 0., 0., 0.,
           0., 1.],
          [1., 1., 1., 0., 1., 1., 1., 0., 0., 1., 1., 1., 0., 0., 1., 0., 1.,
           1., 1.],
          [1., 0., 0., 1., 0., 1., 0., 0., 1., 1., 0., 1., 0., 1., 0., 0., 0.,
           1., 1.],
          [0., 0., 1., 1., 0., 1., 1., 0., 0., 1., 0., 0., 0., 0., 1., 1., 1.,
           1., 0.],
          [1., 0., 0., 1., 1., 1., 1., 0., 1., 1., 0., 1., 0., 1., 1., 0., 0.,
           1., 1.],
          [1., 0., 1., 1., 0., 1., 1., 1., 0., 1., 1., 0., 0., 0., 1., 0., 0.,
           1., 1.],
          [1., 0., 0., 1., 1., 0., 1., 0., 1., 1., 0., 1., 1., 0., 0., 1., 1.,
           1., 1.],
          [0., 0., 1., 0., 0., 0., 0., 1., 0., 0., 1., 0., 1., 0., 1., 0., 1.,
           1., 1.],
          [0., 1., 0., 0., 1., 0., 1., 0., 0., 1., 0., 1., 0., 1., 0., 1., 0.,
           1., 1.],
          [0., 1., 0., 0., 1., 0., 0., 1., 0., 1., 0., 0., 1., 1., 0., 0., 0.,
           1., 0.],
          [0., 1., 1., 0., 0., 1., 0., 0., 1., 0., 0., 1., 0., 0., 1., 0., 0.,
           0., 1.],
          [1., 0., 1., 1., 0., 1., 1., 0., 1., 1., 1., 0., 0., 1., 1., 0., 0.,
           1., 0.],
          [1., 1., 0., 1., 0., 1., 0., 0., 1., 0., 0., 1., 0., 0., 0., 0., 0.,
           0., 1.],
          [1., 1., 0., 0., 0., 1., 1., 0., 0., 0., 0., 1., 1., 1., 1., 1., 1.,
           0., 1.],
          [1., 0., 1., 1., 0., 1., 0., 0., 1., 1., 0., 1., 0., 1., 1., 1., 1.,
           1., 1.],
          [1., 1., 1., 1., 1., 1., 0., 1., 0., 0., 0., 1., 1., 1., 1., 1., 1.,
           0., 1.]]]], device='cuda:0'), tensor([[0.5117]], device='cuda:0'))
2026-01-08 17:31:39 - INFO - [ 0.9960475  -0.03560015  0.00242537  0.02059654  0.00242538  0.02059655
  0.79502636 -0.2968583 ]
2026-01-08 17:31:39 - INFO - (tensor([[[[0., 1., 1., 0., 0., 1., 1., 1., 0., 1., 0., 1., 0., 1., 1., 1., 1.,
           0., 0.],
          [0., 1., 1., 1., 0., 0., 1., 1., 1., 1., 1., 1., 0., 0., 1., 0., 0.,
           0., 0.],
          [0., 0., 0., 0., 0., 1., 0., 0., 0., 1., 1., 0., 0., 0., 1., 0., 1.,
           0., 1.],
          [0., 0., 0., 0., 0., 0., 1., 0., 0., 0., 1., 1., 1., 0., 0., 0., 0.,
           0., 1.],
          [1., 1., 1., 0., 1., 1., 1., 0., 0., 1., 1., 1., 0., 0., 1., 0., 1.,
           1., 1.],
          [1., 0., 0., 1., 0., 1., 0., 0., 1., 1., 0., 1., 0., 1., 0., 0., 0.,
           1., 1.],
          [0., 0., 1., 1., 0., 1., 1., 0., 0., 1., 0., 0., 0., 0., 1., 1., 1.,
           1., 0.],
          [1., 0., 0., 1., 1., 1., 1., 0., 1., 1., 0., 1., 0., 1., 1., 0., 0.,
           1., 1.],
          [1., 0., 1., 1., 0., 1., 1., 1., 0., 1., 1., 0., 0., 0., 1., 0., 0.,
           1., 1.],
          [1., 0., 0., 1., 1., 0., 1., 0., 1., 1., 0., 1., 1., 0., 0., 1., 1.,
           1., 1.],
          [0., 0., 1., 0., 0., 0., 0., 1., 0., 0., 1., 0., 1., 0., 1., 0., 1.,
           1., 1.],
          [0., 1., 0., 0., 1., 0., 1., 0., 0., 1., 0., 1., 0., 1., 0., 1., 0.,
           1., 1.],
          [0., 1., 0., 0., 1., 0., 0., 1., 0., 1., 0., 0., 1., 1., 0., 0., 0.,
           1., 0.],
          [0., 1., 1., 0., 0., 1., 0., 0., 1., 0., 0., 1., 0., 0., 1., 0., 0.,
           0., 1.],
          [1., 0., 1., 1., 0., 1., 1., 0., 1., 1., 1., 0., 0., 1., 1., 0., 0.,
           1., 0.],
          [1., 1., 0., 1., 0., 1., 0., 0., 1., 0., 0., 1., 0., 0., 0., 0., 0.,
           0., 1.],
          [1., 1., 0., 0., 0., 1., 1., 0., 0., 0., 0., 1., 1., 1., 1., 1., 1.,
           0., 1.],
          [1., 0., 1., 1., 0., 1., 0., 0., 1., 1., 0., 1., 0., 1., 1., 1., 1.,
           1., 1.],
          [1., 1., 1., 1., 1., 1., 0., 1., 0., 0., 0., 1., 1., 1., 1., 1., 1.,
           0., 1.]]]], device='cuda:0'), tensor([[0.5151]], device='cuda:0'))
2026-01-08 17:31:39 - INFO - [ 0.9960314  -0.03587513  0.00249143  0.02077092  0.00249143  0.02077092
  0.7943459  -0.298491  ]
2026-01-08 17:31:39 - INFO - (tensor([[[[0., 1., 1., 0., 0., 1., 1., 1., 0., 1., 0., 1., 0., 1., 1., 1., 1.,
           0., 0.],
          [0., 1., 1., 1., 0., 0., 1., 1., 1., 1., 1., 1., 0., 0., 1., 0., 0.,
           0., 0.],
          [0., 0., 0., 0., 0., 1., 0., 0., 0., 1., 1., 0., 0., 0., 1., 0., 1.,
           0., 1.],
          [0., 0., 0., 0., 0., 0., 1., 0., 0., 0., 1., 1., 1., 0., 0., 0., 0.,
           0., 1.],
          [1., 1., 1., 0., 1., 1., 1., 0., 0., 1., 1., 1., 0., 0., 1., 0., 1.,
           1., 1.],
          [1., 0., 0., 1., 0., 1., 0., 0., 1., 1., 0., 1., 0., 1., 0., 0., 0.,
           1., 1.],
          [0., 0., 1., 1., 0., 1., 1., 0., 0., 1., 0., 0., 0., 0., 1., 1., 1.,
           1., 0.],
          [1., 0., 0., 1., 1., 1., 1., 0., 1., 1., 0., 1., 0., 1., 1., 0., 0.,
           1., 1.],
          [1., 0., 1., 1., 0., 1., 1., 1., 0., 1., 1., 0., 0., 0., 1., 0., 0.,
           1., 1.],
          [1., 0., 0., 1., 1., 0., 1., 0., 1., 1., 0., 1., 1., 0., 0., 1., 1.,
           1., 1.],
          [0., 0., 1., 0., 0., 0., 0., 1., 0., 0., 1., 0., 1., 0., 1., 0., 1.,
           1., 1.],
          [0., 1., 0., 0., 1., 0., 1., 0., 0., 1., 0., 1., 0., 1., 0., 1., 0.,
           1., 1.],
          [0., 1., 0., 0., 1., 0., 0., 1., 0., 1., 0., 0., 1., 1., 0., 0., 0.,
           1., 0.],
          [0., 1., 1., 0., 0., 1., 0., 0., 1., 0., 0., 1., 0., 0., 1., 0., 0.,
           0., 1.],
          [1., 0., 1., 1., 0., 1., 1., 0., 1., 1., 1., 0., 0., 1., 1., 0., 0.,
           1., 0.],
          [1., 1., 0., 1., 0., 1., 0., 0., 1., 0., 0., 1., 0., 0., 0., 0., 0.,
           0., 1.],
          [1., 1., 0., 0., 0., 1., 1., 0., 0., 0., 0., 1., 1., 1., 1., 1., 1.,
           0., 1.],
          [1., 0., 1., 1., 0., 1., 0., 0., 1., 1., 0., 1., 0., 1., 1., 1., 1.,
           1., 1.],
          [1., 1., 1., 1., 1., 1., 0., 1., 0., 0., 0., 1., 1., 1., 1., 1., 1.,
           0., 1.]]]], device='cuda:0'), tensor([[0.5184]], device='cuda:0'))
2026-01-08 17:31:39 - INFO - [ 0.9960289  -0.03612752  0.0025457   0.0209175   0.00254571  0.0209175
  0.79374784 -0.29974994]
2026-01-08 17:31:39 - INFO - (tensor([[[[0., 1., 1., 0., 0., 1., 1., 1., 0., 1., 0., 1., 0., 1., 1., 1., 1.,
           0., 0.],
          [0., 1., 1., 1., 0., 0., 1., 1., 1., 1., 1., 1., 0., 0., 1., 0., 0.,
           0., 0.],
          [0., 0., 0., 0., 0., 1., 0., 0., 0., 1., 1., 0., 0., 0., 1., 0., 1.,
           0., 1.],
          [0., 0., 0., 0., 0., 0., 1., 0., 0., 0., 1., 1., 1., 0., 0., 0., 0.,
           0., 1.],
          [1., 1., 1., 0., 1., 1., 1., 0., 0., 1., 1., 1., 0., 0., 1., 0., 1.,
           1., 1.],
          [1., 0., 0., 1., 0., 1., 0., 0., 1., 1., 0., 1., 0., 1., 0., 0., 0.,
           1., 1.],
          [0., 0., 1., 1., 0., 1., 1., 0., 0., 1., 0., 0., 0., 0., 1., 1., 1.,
           1., 0.],
          [1., 0., 0., 1., 1., 1., 1., 0., 1., 1., 0., 1., 0., 1., 1., 0., 0.,
           1., 1.],
          [1., 0., 1., 1., 0., 1., 1., 1., 0., 1., 1., 0., 0., 0., 1., 0., 0.,
           1., 1.],
          [1., 0., 0., 1., 1., 0., 1., 0., 1., 1., 0., 1., 1., 0., 0., 1., 1.,
           1., 1.],
          [0., 0., 1., 0., 0., 0., 0., 1., 0., 0., 1., 0., 1., 0., 1., 0., 1.,
           1., 1.],
          [0., 1., 0., 0., 1., 0., 1., 0., 0., 1., 0., 1., 0., 1., 0., 1., 0.,
           1., 1.],
          [0., 1., 0., 0., 1., 0., 0., 1., 0., 1., 0., 0., 1., 1., 0., 0., 0.,
           1., 0.],
          [0., 1., 1., 0., 0., 1., 0., 0., 1., 0., 0., 1., 0., 0., 1., 0., 0.,
           0., 1.],
          [1., 0., 1., 1., 0., 1., 1., 0., 1., 1., 1., 0., 0., 1., 1., 0., 0.,
           1., 0.],
          [1., 1., 0., 1., 0., 1., 0., 0., 1., 0., 0., 1., 0., 0., 0., 0., 0.,
           0., 1.],
          [1., 1., 0., 0., 0., 1., 1., 0., 0., 0., 0., 1., 1., 1., 1., 1., 1.,
           0., 1.],
          [1., 0., 1., 1., 0., 1., 0., 0., 1., 1., 0., 1., 0., 1., 1., 1., 1.,
           1., 1.],
          [1., 1., 1., 1., 1., 1., 0., 1., 0., 0., 0., 1., 1., 1., 1., 1., 1.,
           0., 1.]]]], device='cuda:0'), tensor([[0.5217]], device='cuda:0'))
2026-01-08 17:31:39 - INFO - [ 0.99604326 -0.03636915  0.00259933  0.02106059  0.00259934  0.0210606
  0.7932053  -0.3006428 ]
2026-01-08 17:31:39 - INFO - (tensor([[[[0., 1., 1., 0., 0., 1., 1., 1., 0., 1., 0., 1., 0., 1., 1., 1., 1.,
           0., 0.],
          [0., 1., 1., 1., 0., 0., 1., 1., 1., 1., 1., 1., 0., 0., 1., 0., 0.,
           0., 0.],
          [0., 0., 0., 0., 0., 1., 0., 0., 0., 1., 1., 0., 0., 0., 1., 0., 1.,
           0., 1.],
          [0., 0., 0., 0., 0., 0., 1., 0., 0., 0., 1., 1., 1., 0., 0., 0., 0.,
           0., 1.],
          [1., 1., 1., 0., 1., 1., 1., 0., 0., 1., 1., 1., 0., 0., 1., 0., 1.,
           1., 1.],
          [1., 0., 0., 1., 0., 1., 0., 0., 1., 1., 0., 1., 0., 1., 0., 0., 0.,
           1., 1.],
          [0., 0., 1., 1., 0., 1., 1., 0., 0., 1., 0., 0., 0., 0., 1., 1., 1.,
           1., 0.],
          [1., 0., 0., 1., 1., 1., 1., 0., 1., 1., 0., 1., 0., 1., 1., 0., 0.,
           1., 1.],
          [1., 0., 1., 1., 0., 1., 1., 1., 0., 1., 1., 0., 0., 0., 1., 0., 0.,
           1., 1.],
          [1., 0., 0., 1., 1., 0., 1., 0., 1., 1., 0., 1., 1., 0., 0., 1., 1.,
           1., 1.],
          [0., 0., 1., 0., 0., 0., 0., 1., 0., 0., 1., 0., 1., 0., 1., 0., 1.,
           1., 1.],
          [0., 1., 0., 0., 1., 0., 1., 0., 0., 1., 0., 1., 0., 1., 0., 1., 0.,
           1., 1.],
          [0., 1., 0., 0., 1., 0., 0., 1., 0., 1., 0., 0., 1., 1., 0., 0., 0.,
           1., 0.],
          [0., 1., 1., 0., 0., 1., 0., 0., 1., 0., 0., 1., 0., 0., 1., 0., 0.,
           0., 1.],
          [1., 0., 1., 1., 0., 1., 1., 0., 1., 1., 1., 0., 0., 1., 1., 0., 0.,
           1., 0.],
          [1., 1., 0., 1., 0., 1., 0., 0., 1., 0., 0., 1., 0., 0., 0., 0., 0.,
           0., 1.],
          [1., 1., 0., 0., 0., 1., 1., 0., 0., 0., 0., 1., 1., 1., 1., 1., 1.,
           0., 1.],
          [1., 0., 1., 1., 0., 1., 0., 0., 1., 1., 0., 1., 0., 1., 1., 1., 1.,
           1., 1.],
          [1., 1., 1., 1., 1., 1., 0., 1., 0., 0., 0., 1., 1., 1., 1., 1., 1.,
           0., 1.]]]], device='cuda:0'), tensor([[0.5251]], device='cuda:0'))
2026-01-08 17:31:39 - INFO - [ 0.99605274 -0.03665426  0.00266008  0.0212236   0.00266009  0.02122361
  0.7925237  -0.3017891 ]
2026-01-08 17:31:39 - INFO - (tensor([[[[0., 1., 1., 0., 0., 1., 1., 1., 0., 1., 0., 1., 0., 1., 1., 1., 1.,
           0., 0.],
          [0., 1., 1., 1., 0., 0., 1., 1., 1., 1., 1., 1., 0., 0., 1., 0., 0.,
           0., 0.],
          [0., 0., 0., 0., 0., 1., 0., 0., 0., 1., 1., 0., 0., 0., 1., 0., 1.,
           0., 1.],
          [0., 0., 0., 0., 0., 0., 1., 0., 0., 0., 1., 1., 1., 0., 0., 0., 0.,
           0., 1.],
          [1., 1., 1., 0., 1., 1., 1., 0., 0., 1., 1., 1., 0., 0., 1., 0., 1.,
           1., 1.],
          [1., 0., 0., 1., 0., 1., 0., 0., 1., 1., 0., 1., 0., 1., 0., 0., 0.,
           1., 1.],
          [0., 0., 1., 1., 0., 1., 1., 0., 0., 1., 0., 0., 0., 0., 1., 1., 1.,
           1., 0.],
          [1., 0., 0., 1., 1., 1., 1., 0., 1., 1., 0., 1., 0., 1., 1., 0., 0.,
           1., 1.],
          [1., 0., 1., 1., 0., 1., 1., 1., 0., 1., 1., 0., 0., 0., 1., 0., 0.,
           1., 1.],
          [1., 0., 0., 1., 1., 0., 1., 0., 1., 1., 0., 1., 1., 0., 0., 1., 1.,
           1., 1.],
          [0., 0., 1., 0., 0., 0., 0., 1., 0., 0., 1., 0., 1., 0., 1., 0., 1.,
           1., 1.],
          [0., 1., 0., 0., 1., 0., 1., 0., 0., 1., 0., 1., 0., 1., 0., 1., 0.,
           1., 1.],
          [0., 1., 0., 0., 1., 0., 0., 1., 0., 1., 0., 0., 1., 1., 0., 0., 0.,
           1., 0.],
          [0., 1., 1., 0., 0., 1., 0., 0., 1., 0., 0., 1., 0., 0., 1., 0., 0.,
           0., 1.],
          [1., 0., 1., 1., 0., 1., 1., 0., 1., 1., 1., 0., 0., 1., 1., 0., 0.,
           1., 0.],
          [1., 1., 0., 1., 0., 1., 0., 0., 1., 0., 0., 1., 0., 0., 0., 0., 0.,
           0., 1.],
          [1., 1., 0., 0., 0., 1., 1., 0., 0., 0., 0., 1., 1., 1., 1., 1., 1.,
           0., 1.],
          [1., 0., 1., 1., 0., 1., 0., 0., 1., 1., 0., 1., 0., 1., 1., 1., 1.,
           1., 1.],
          [1., 1., 1., 1., 1., 1., 0., 1., 0., 0., 0., 1., 1., 1., 1., 1., 1.,
           0., 1.]]]], device='cuda:0'), tensor([[0.5284]], device='cuda:0'))
2026-01-08 17:31:39 - INFO - [ 0.9960616  -0.03695827  0.00272476  0.0213953   0.00272477  0.0213953
  0.79182386 -0.3029684 ]
2026-01-08 17:31:39 - INFO - (tensor([[[[0., 1., 1., 0., 0., 1., 1., 1., 0., 1., 0., 1., 0., 1., 1., 1., 1.,
           0., 0.],
          [0., 1., 1., 1., 0., 0., 1., 1., 1., 1., 1., 1., 0., 0., 1., 0., 0.,
           0., 0.],
          [0., 0., 0., 0., 0., 1., 0., 0., 0., 1., 1., 0., 0., 0., 1., 0., 1.,
           0., 1.],
          [0., 0., 0., 0., 0., 0., 1., 0., 0., 0., 1., 1., 1., 0., 0., 0., 0.,
           0., 1.],
          [1., 1., 1., 0., 1., 1., 1., 0., 0., 1., 1., 1., 0., 0., 1., 0., 1.,
           1., 1.],
          [1., 0., 0., 1., 0., 1., 0., 0., 1., 1., 0., 1., 0., 1., 0., 0., 0.,
           1., 1.],
          [0., 0., 1., 1., 0., 1., 1., 0., 0., 1., 0., 0., 0., 0., 1., 1., 1.,
           1., 0.],
          [1., 0., 0., 1., 1., 1., 1., 0., 1., 1., 0., 1., 0., 1., 1., 0., 0.,
           1., 1.],
          [1., 0., 1., 1., 0., 1., 1., 1., 0., 1., 1., 0., 0., 0., 1., 0., 0.,
           1., 1.],
          [1., 0., 0., 1., 1., 0., 1., 0., 1., 1., 0., 1., 1., 0., 0., 1., 1.,
           1., 1.],
          [0., 0., 1., 0., 0., 0., 0., 1., 0., 0., 1., 0., 1., 0., 1., 0., 1.,
           1., 1.],
          [0., 1., 0., 0., 1., 0., 1., 0., 0., 1., 0., 1., 0., 1., 0., 1., 0.,
           1., 1.],
          [0., 1., 0., 0., 1., 0., 0., 1., 0., 1., 0., 0., 1., 1., 0., 0., 0.,
           1., 0.],
          [0., 1., 1., 0., 0., 1., 0., 0., 1., 0., 0., 1., 0., 0., 1., 0., 0.,
           0., 1.],
          [1., 0., 1., 1., 0., 1., 1., 0., 1., 1., 1., 0., 0., 1., 1., 0., 0.,
           1., 0.],
          [1., 1., 0., 1., 0., 1., 0., 0., 1., 0., 0., 1., 0., 0., 0., 0., 0.,
           0., 1.],
          [1., 1., 0., 0., 0., 1., 1., 0., 0., 0., 0., 1., 1., 1., 1., 1., 1.,
           0., 1.],
          [1., 0., 1., 1., 0., 1., 0., 0., 1., 1., 0., 1., 0., 1., 1., 1., 1.,
           1., 1.],
          [1., 1., 1., 1., 1., 1., 0., 1., 0., 0., 0., 1., 1., 1., 1., 1., 1.,
           0., 1.]]]], device='cuda:0'), tensor([[0.5318]], device='cuda:0'))
2026-01-08 17:31:39 - INFO - [ 0.9960432  -0.03713537  0.00275641  0.02146774  0.0027564   0.02146774
  0.79095197 -0.3044754 ]
2026-01-08 17:31:39 - INFO - (tensor([[[[0., 1., 1., 0., 0., 1., 1., 1., 0., 1., 0., 1., 0., 1., 1., 1., 1.,
           0., 0.],
          [0., 1., 1., 1., 0., 0., 1., 1., 1., 1., 1., 1., 0., 0., 1., 0., 0.,
           0., 0.],
          [0., 0., 0., 0., 0., 1., 0., 0., 0., 1., 1., 0., 0., 0., 1., 0., 1.,
           0., 1.],
          [0., 0., 0., 0., 0., 0., 1., 0., 0., 0., 1., 1., 1., 0., 0., 0., 0.,
           0., 1.],
          [1., 1., 1., 0., 1., 1., 1., 0., 0., 1., 1., 1., 0., 0., 1., 0., 1.,
           1., 1.],
          [1., 0., 0., 1., 0., 1., 0., 0., 1., 1., 0., 1., 0., 1., 0., 0., 0.,
           1., 1.],
          [0., 0., 1., 1., 0., 1., 1., 0., 0., 1., 0., 0., 0., 0., 1., 1., 1.,
           1., 0.],
          [1., 0., 0., 1., 1., 1., 1., 0., 1., 1., 0., 1., 0., 1., 1., 0., 0.,
           1., 1.],
          [1., 0., 1., 1., 0., 1., 1., 1., 0., 1., 1., 0., 0., 0., 1., 0., 0.,
           1., 1.],
          [1., 0., 0., 1., 1., 0., 1., 0., 1., 1., 0., 1., 1., 0., 0., 1., 1.,
           1., 1.],
          [0., 0., 1., 0., 0., 0., 0., 1., 0., 0., 1., 0., 1., 0., 1., 0., 1.,
           1., 1.],
          [0., 1., 0., 0., 1., 0., 1., 0., 0., 1., 0., 1., 0., 1., 0., 1., 0.,
           1., 1.],
          [0., 1., 0., 0., 1., 0., 0., 1., 0., 1., 0., 0., 1., 1., 0., 0., 0.,
           1., 0.],
          [0., 1., 1., 0., 0., 1., 0., 0., 1., 0., 0., 1., 0., 0., 1., 0., 0.,
           0., 1.],
          [1., 0., 1., 1., 0., 1., 1., 0., 1., 1., 1., 0., 0., 1., 1., 0., 0.,
           1., 0.],
          [1., 1., 0., 1., 0., 1., 0., 0., 1., 0., 0., 1., 0., 0., 0., 0., 0.,
           0., 1.],
          [1., 1., 0., 0., 0., 1., 1., 0., 0., 0., 0., 1., 1., 1., 1., 1., 1.,
           0., 1.],
          [1., 0., 1., 1., 0., 1., 0., 0., 1., 1., 0., 1., 0., 1., 1., 1., 1.,
           1., 1.],
          [1., 1., 1., 1., 1., 1., 0., 1., 0., 0., 0., 1., 1., 1., 1., 1., 1.,
           0., 1.]]]], device='cuda:0'), tensor([[0.5351]], device='cuda:0'))
2026-01-08 17:31:39 - INFO - [ 0.9960195  -0.03727854  0.00277982  0.02151694  0.00277981  0.02151694
  0.79004174 -0.3060584 ]
2026-01-08 17:31:39 - INFO - (tensor([[[[0., 1., 1., 0., 0., 1., 1., 1., 0., 1., 0., 1., 0., 1., 1., 1., 1.,
           0., 0.],
          [0., 1., 1., 1., 0., 0., 1., 1., 1., 1., 1., 1., 0., 0., 1., 0., 0.,
           0., 0.],
          [0., 0., 0., 0., 0., 1., 0., 0., 0., 1., 1., 0., 0., 0., 1., 0., 1.,
           0., 1.],
          [0., 0., 0., 0., 0., 0., 1., 0., 0., 0., 1., 1., 1., 0., 0., 0., 0.,
           0., 1.],
          [1., 1., 1., 0., 1., 1., 1., 0., 0., 1., 1., 1., 0., 0., 1., 0., 1.,
           1., 1.],
          [1., 0., 0., 1., 0., 1., 0., 0., 1., 1., 0., 1., 0., 1., 0., 0., 0.,
           1., 1.],
          [0., 0., 1., 1., 0., 1., 1., 0., 0., 1., 0., 0., 0., 0., 1., 1., 1.,
           1., 0.],
          [1., 0., 0., 1., 1., 1., 1., 0., 1., 1., 0., 1., 0., 1., 1., 0., 0.,
           1., 1.],
          [1., 0., 1., 1., 0., 1., 1., 1., 0., 1., 1., 0., 0., 0., 1., 0., 0.,
           1., 1.],
          [1., 0., 0., 1., 1., 0., 1., 0., 1., 1., 0., 1., 1., 0., 0., 1., 1.,
           1., 1.],
          [0., 0., 1., 0., 0., 0., 0., 1., 0., 0., 1., 0., 1., 0., 1., 0., 1.,
           1., 1.],
          [0., 1., 0., 0., 1., 0., 1., 0., 0., 1., 0., 1., 0., 1., 0., 1., 0.,
           1., 1.],
          [0., 1., 0., 0., 1., 0., 0., 1., 0., 1., 0., 0., 1., 1., 0., 0., 0.,
           1., 0.],
          [0., 1., 1., 0., 0., 1., 0., 0., 1., 0., 0., 1., 0., 0., 1., 0., 0.,
           0., 1.],
          [1., 0., 1., 1., 0., 1., 1., 0., 1., 1., 1., 0., 0., 1., 1., 0., 0.,
           1., 0.],
          [1., 1., 0., 1., 0., 1., 0., 0., 1., 0., 0., 1., 0., 0., 0., 0., 0.,
           0., 1.],
          [1., 1., 0., 0., 0., 1., 1., 0., 0., 0., 0., 1., 1., 1., 1., 1., 1.,
           0., 1.],
          [1., 0., 1., 1., 0., 1., 0., 0., 1., 1., 0., 1., 0., 1., 1., 1., 1.,
           1., 1.],
          [1., 1., 1., 1., 1., 1., 0., 1., 0., 0., 0., 1., 1., 1., 1., 1., 1.,
           0., 1.]]]], device='cuda:0'), tensor([[0.5385]], device='cuda:0'))
2026-01-08 17:31:39 - INFO - [ 0.9959901  -0.03746593  0.00281704  0.02165014  0.00281705  0.02165015
  0.78939    -0.30740693]
2026-01-08 17:31:39 - INFO - (tensor([[[[0., 1., 1., 0., 0., 1., 1., 1., 0., 1., 0., 1., 0., 1., 1., 1., 1.,
           0., 0.],
          [0., 1., 1., 1., 0., 0., 1., 1., 1., 1., 1., 1., 0., 0., 1., 0., 0.,
           0., 0.],
          [0., 0., 0., 0., 0., 1., 0., 0., 0., 1., 1., 0., 0., 0., 1., 0., 1.,
           0., 1.],
          [0., 0., 0., 0., 0., 0., 1., 0., 0., 0., 1., 1., 1., 0., 0., 0., 0.,
           0., 1.],
          [1., 1., 1., 0., 1., 1., 1., 0., 0., 1., 1., 1., 0., 0., 1., 0., 1.,
           1., 1.],
          [1., 0., 0., 1., 0., 1., 0., 0., 1., 1., 0., 1., 0., 1., 0., 0., 0.,
           1., 1.],
          [0., 0., 1., 1., 0., 1., 1., 0., 0., 1., 0., 0., 0., 0., 1., 1., 1.,
           1., 0.],
          [1., 0., 0., 1., 1., 1., 1., 0., 1., 1., 0., 1., 0., 1., 1., 0., 0.,
           1., 1.],
          [1., 0., 1., 1., 0., 1., 1., 1., 0., 1., 1., 0., 0., 0., 1., 0., 0.,
           1., 1.],
          [1., 0., 0., 1., 1., 0., 1., 0., 1., 1., 0., 1., 1., 0., 0., 1., 1.,
           1., 1.],
          [0., 0., 1., 0., 0., 0., 0., 1., 0., 0., 1., 0., 1., 0., 1., 0., 1.,
           1., 1.],
          [0., 1., 0., 0., 1., 0., 1., 0., 0., 1., 0., 1., 0., 1., 0., 1., 0.,
           1., 1.],
          [0., 1., 0., 0., 1., 0., 0., 1., 0., 1., 0., 0., 1., 1., 0., 0., 0.,
           1., 0.],
          [0., 1., 1., 0., 0., 1., 0., 0., 1., 0., 0., 1., 0., 0., 1., 0., 0.,
           0., 1.],
          [1., 0., 1., 1., 0., 1., 1., 0., 1., 1., 1., 0., 0., 1., 1., 0., 0.,
           1., 0.],
          [1., 1., 0., 1., 0., 1., 0., 0., 1., 0., 0., 1., 0., 0., 0., 0., 0.,
           0., 1.],
          [1., 1., 0., 0., 0., 1., 1., 0., 0., 0., 0., 1., 1., 1., 1., 1., 1.,
           0., 1.],
          [1., 0., 1., 1., 0., 1., 0., 0., 1., 1., 0., 1., 0., 1., 1., 1., 1.,
           1., 1.],
          [1., 1., 1., 1., 1., 1., 0., 1., 0., 0., 0., 1., 1., 1., 1., 1., 1.,
           0., 1.]]]], device='cuda:0'), tensor([[0.5418]], device='cuda:0'))
2026-01-08 17:31:39 - INFO - [ 0.99595857 -0.03770953  0.00286659  0.02181683  0.00286659  0.02181682
  0.7885785  -0.30910665]
2026-01-08 17:31:39 - INFO - (tensor([[[[0., 1., 1., 0., 0., 1., 1., 1., 0., 1., 0., 1., 0., 1., 1., 1., 1.,
           0., 0.],
          [0., 1., 1., 1., 0., 0., 1., 1., 1., 1., 1., 1., 0., 0., 1., 0., 0.,
           0., 0.],
          [0., 0., 0., 0., 0., 1., 0., 0., 0., 1., 1., 0., 0., 0., 1., 0., 1.,
           0., 1.],
          [0., 0., 0., 0., 0., 0., 1., 0., 0., 0., 1., 1., 1., 0., 0., 0., 0.,
           0., 1.],
          [1., 1., 1., 0., 1., 1., 1., 0., 0., 1., 1., 1., 0., 0., 1., 0., 1.,
           1., 1.],
          [1., 0., 0., 1., 0., 1., 0., 0., 1., 1., 0., 1., 0., 1., 0., 0., 0.,
           1., 1.],
          [0., 0., 1., 1., 0., 1., 1., 0., 0., 1., 0., 0., 0., 0., 1., 1., 1.,
           1., 0.],
          [1., 0., 0., 1., 1., 1., 1., 0., 1., 1., 0., 1., 0., 1., 1., 0., 0.,
           1., 1.],
          [1., 0., 1., 1., 0., 1., 1., 1., 0., 1., 1., 0., 0., 0., 1., 0., 0.,
           1., 1.],
          [1., 0., 0., 1., 1., 0., 1., 0., 1., 1., 0., 1., 1., 0., 0., 1., 1.,
           1., 1.],
          [0., 0., 1., 0., 0., 0., 0., 1., 0., 0., 1., 0., 1., 0., 1., 0., 1.,
           1., 1.],
          [0., 1., 0., 0., 1., 0., 1., 0., 0., 1., 0., 1., 0., 1., 0., 1., 0.,
           1., 1.],
          [0., 1., 0., 0., 1., 0., 0., 1., 0., 1., 0., 0., 1., 1., 0., 0., 0.,
           1., 0.],
          [0., 1., 1., 0., 0., 1., 0., 0., 1., 0., 0., 1., 0., 0., 1., 0., 0.,
           0., 1.],
          [1., 0., 1., 1., 0., 1., 1., 0., 1., 1., 1., 0., 0., 1., 1., 0., 0.,
           1., 0.],
          [1., 1., 0., 1., 0., 1., 0., 0., 1., 0., 0., 1., 0., 0., 0., 0., 0.,
           0., 1.],
          [1., 1., 0., 0., 0., 1., 1., 0., 0., 0., 0., 1., 1., 1., 1., 1., 1.,
           0., 1.],
          [1., 0., 1., 1., 0., 1., 0., 0., 1., 1., 0., 1., 0., 1., 1., 1., 1.,
           1., 1.],
          [1., 1., 1., 1., 1., 1., 0., 1., 0., 0., 0., 1., 1., 1., 1., 1., 1.,
           0., 1.]]]], device='cuda:0'), tensor([[0.5452]], device='cuda:0'))
2026-01-08 17:31:39 - INFO - [ 0.99592614 -0.03808602  0.00294021  0.02203093  0.0029402   0.02203094
  0.7871291  -0.31199044]
2026-01-08 17:31:39 - INFO - (tensor([[[[0., 1., 1., 0., 0., 1., 1., 1., 0., 1., 0., 1., 0., 1., 1., 1., 1.,
           0., 0.],
          [0., 1., 1., 1., 0., 0., 1., 1., 1., 1., 1., 1., 0., 0., 1., 0., 0.,
           0., 0.],
          [0., 0., 0., 0., 0., 1., 0., 0., 0., 1., 1., 0., 0., 0., 1., 0., 1.,
           0., 1.],
          [0., 0., 0., 0., 0., 0., 1., 0., 0., 0., 1., 1., 1., 0., 0., 0., 0.,
           0., 1.],
          [1., 1., 1., 0., 1., 1., 1., 0., 0., 1., 1., 1., 0., 0., 1., 0., 1.,
           1., 1.],
          [1., 0., 0., 1., 0., 1., 0., 0., 1., 1., 0., 1., 0., 1., 0., 0., 0.,
           1., 1.],
          [0., 0., 1., 1., 0., 1., 1., 0., 0., 1., 0., 0., 0., 0., 1., 1., 1.,
           1., 0.],
          [1., 0., 0., 1., 1., 1., 1., 0., 1., 1., 0., 1., 0., 1., 1., 0., 0.,
           1., 1.],
          [1., 0., 1., 1., 0., 1., 1., 1., 0., 1., 1., 0., 0., 0., 1., 0., 0.,
           1., 1.],
          [1., 0., 0., 1., 1., 0., 1., 0., 1., 1., 0., 1., 1., 0., 0., 1., 1.,
           1., 1.],
          [0., 0., 1., 0., 0., 0., 0., 1., 0., 0., 1., 0., 1., 0., 1., 0., 1.,
           1., 1.],
          [0., 1., 0., 0., 1., 0., 1., 0., 0., 1., 0., 1., 0., 1., 0., 1., 0.,
           1., 1.],
          [0., 1., 0., 0., 1., 0., 0., 1., 0., 1., 0., 0., 1., 1., 0., 0., 0.,
           1., 0.],
          [0., 1., 1., 0., 0., 1., 0., 0., 1., 0., 0., 1., 0., 0., 1., 0., 0.,
           0., 1.],
          [1., 0., 1., 1., 0., 1., 1., 0., 1., 1., 1., 0., 0., 1., 1., 0., 0.,
           1., 0.],
          [1., 1., 0., 1., 0., 1., 0., 0., 1., 0., 0., 1., 0., 0., 0., 0., 0.,
           0., 1.],
          [1., 1., 0., 0., 0., 1., 1., 0., 0., 0., 0., 1., 1., 1., 1., 1., 1.,
           0., 1.],
          [1., 0., 1., 1., 0., 1., 0., 0., 1., 1., 0., 1., 0., 1., 1., 1., 1.,
           1., 1.],
          [1., 1., 1., 1., 1., 1., 0., 1., 0., 0., 0., 1., 1., 1., 1., 1., 1.,
           0., 1.]]]], device='cuda:0'), tensor([[0.5485]], device='cuda:0'))
2026-01-08 17:31:39 - INFO - [ 0.99589485 -0.03842695  0.0030072   0.02224576  0.00300721  0.02224576
  0.7861903  -0.3139232 ]
2026-01-08 17:31:39 - INFO - (tensor([[[[0., 1., 1., 0., 0., 1., 1., 1., 0., 1., 0., 1., 0., 1., 1., 1., 1.,
           0., 0.],
          [0., 1., 1., 1., 0., 0., 1., 1., 1., 1., 1., 1., 0., 0., 1., 0., 0.,
           0., 0.],
          [0., 0., 0., 0., 0., 1., 0., 0., 0., 1., 1., 0., 0., 0., 1., 0., 1.,
           0., 1.],
          [0., 0., 0., 0., 0., 0., 1., 0., 0., 0., 1., 1., 1., 0., 0., 0., 0.,
           0., 1.],
          [1., 1., 1., 0., 1., 1., 1., 0., 0., 1., 1., 1., 0., 0., 1., 0., 1.,
           1., 1.],
          [1., 0., 0., 1., 0., 1., 0., 0., 1., 1., 0., 1., 0., 1., 0., 0., 0.,
           1., 1.],
          [0., 0., 1., 1., 0., 1., 1., 0., 0., 1., 0., 0., 0., 0., 1., 1., 1.,
           1., 0.],
          [1., 0., 0., 1., 1., 1., 1., 0., 1., 1., 0., 1., 0., 1., 1., 0., 0.,
           1., 1.],
          [1., 0., 1., 1., 0., 1., 1., 1., 0., 1., 1., 0., 0., 0., 1., 0., 0.,
           1., 1.],
          [1., 0., 0., 1., 1., 0., 1., 0., 1., 1., 0., 1., 1., 0., 0., 1., 1.,
           1., 1.],
          [0., 0., 1., 0., 0., 0., 0., 1., 0., 0., 1., 0., 1., 0., 1., 0., 1.,
           1., 1.],
          [0., 1., 0., 0., 1., 0., 1., 0., 0., 1., 0., 1., 0., 1., 0., 1., 0.,
           1., 1.],
          [0., 1., 0., 0., 1., 0., 0., 1., 0., 1., 0., 0., 1., 1., 0., 0., 0.,
           1., 0.],
          [0., 1., 1., 0., 0., 1., 0., 0., 1., 0., 0., 1., 0., 0., 1., 0., 0.,
           0., 1.],
          [1., 0., 1., 1., 0., 1., 1., 0., 1., 1., 1., 0., 0., 1., 1., 0., 0.,
           1., 0.],
          [1., 1., 0., 1., 0., 1., 0., 0., 1., 0., 0., 1., 0., 0., 0., 0., 0.,
           0., 1.],
          [1., 1., 0., 0., 0., 1., 1., 0., 0., 0., 0., 1., 1., 1., 1., 1., 1.,
           0., 1.],
          [1., 0., 1., 1., 0., 1., 0., 0., 1., 1., 0., 1., 0., 1., 1., 1., 1.,
           1., 1.],
          [1., 1., 1., 1., 1., 1., 0., 1., 0., 0., 0., 1., 1., 1., 1., 1., 1.,
           0., 1.]]]], device='cuda:0'), tensor([[0.5518]], device='cuda:0'))
2026-01-08 17:31:39 - INFO - [ 0.99588466 -0.03870383  0.00305923  0.02242448  0.00305923  0.02242448
  0.7859372  -0.31458685]
2026-01-08 17:31:39 - INFO - (tensor([[[[0., 1., 1., 0., 0., 1., 1., 1., 0., 1., 0., 1., 0., 1., 1., 1., 1.,
           0., 0.],
          [0., 1., 1., 1., 0., 0., 1., 1., 1., 1., 1., 1., 0., 0., 1., 0., 0.,
           0., 0.],
          [0., 0., 0., 0., 0., 1., 0., 0., 0., 1., 1., 0., 0., 0., 1., 0., 1.,
           0., 1.],
          [0., 0., 0., 0., 0., 0., 1., 0., 0., 0., 1., 1., 1., 0., 0., 0., 0.,
           0., 1.],
          [1., 1., 1., 0., 1., 1., 1., 0., 0., 1., 1., 1., 0., 0., 1., 0., 1.,
           1., 1.],
          [1., 0., 0., 1., 0., 1., 0., 0., 1., 1., 0., 1., 0., 1., 0., 0., 0.,
           1., 1.],
          [0., 0., 1., 1., 0., 1., 1., 0., 0., 1., 0., 0., 0., 0., 1., 1., 1.,
           1., 0.],
          [1., 0., 0., 1., 1., 1., 1., 0., 1., 1., 0., 1., 0., 1., 1., 0., 0.,
           1., 1.],
          [1., 0., 1., 1., 0., 1., 1., 1., 0., 1., 1., 0., 0., 0., 1., 0., 0.,
           1., 1.],
          [1., 0., 0., 1., 1., 0., 1., 0., 1., 1., 0., 1., 1., 0., 0., 1., 1.,
           1., 1.],
          [0., 0., 1., 0., 0., 0., 0., 1., 0., 0., 1., 0., 1., 0., 1., 0., 1.,
           1., 1.],
          [0., 1., 0., 0., 1., 0., 1., 0., 0., 1., 0., 1., 0., 1., 0., 1., 0.,
           1., 1.],
          [0., 1., 0., 0., 1., 0., 0., 1., 0., 1., 0., 0., 1., 1., 0., 0., 0.,
           1., 0.],
          [0., 1., 1., 0., 0., 1., 0., 0., 1., 0., 0., 1., 0., 0., 1., 0., 0.,
           0., 1.],
          [1., 0., 1., 1., 0., 1., 1., 0., 1., 1., 1., 0., 0., 1., 1., 0., 0.,
           1., 0.],
          [1., 1., 0., 1., 0., 1., 0., 0., 1., 0., 0., 1., 0., 0., 0., 0., 0.,
           0., 1.],
          [1., 1., 0., 0., 0., 1., 1., 0., 0., 0., 0., 1., 1., 1., 1., 1., 1.,
           0., 1.],
          [1., 0., 1., 1., 0., 1., 0., 0., 1., 1., 0., 1., 0., 1., 1., 1., 1.,
           1., 1.],
          [1., 1., 1., 1., 1., 1., 0., 1., 0., 0., 0., 1., 1., 1., 1., 1., 1.,
           0., 1.]]]], device='cuda:0'), tensor([[0.5552]], device='cuda:0'))
2026-01-08 17:31:39 - INFO - [ 0.99587303 -0.03886155  0.00308259  0.02254269  0.00308259  0.02254269
  0.7855432  -0.31565568]
2026-01-08 17:31:39 - INFO - (tensor([[[[0., 1., 1., 0., 0., 1., 1., 1., 0., 1., 0., 1., 0., 1., 1., 1., 1.,
           0., 0.],
          [0., 1., 1., 1., 0., 0., 1., 1., 1., 1., 1., 1., 0., 0., 1., 0., 0.,
           0., 0.],
          [0., 0., 0., 0., 0., 1., 0., 0., 0., 1., 1., 0., 0., 0., 1., 0., 1.,
           0., 1.],
          [0., 0., 0., 0., 0., 0., 1., 0., 0., 0., 1., 1., 1., 0., 0., 0., 0.,
           0., 1.],
          [1., 1., 1., 0., 1., 1., 1., 0., 0., 1., 1., 1., 0., 0., 1., 0., 1.,
           1., 1.],
          [1., 0., 0., 1., 0., 1., 0., 0., 1., 1., 0., 1., 0., 1., 0., 0., 0.,
           1., 1.],
          [0., 0., 1., 1., 0., 1., 1., 0., 0., 1., 0., 0., 0., 0., 1., 1., 1.,
           1., 0.],
          [1., 0., 0., 1., 1., 1., 1., 0., 1., 1., 0., 1., 0., 1., 1., 0., 0.,
           1., 1.],
          [1., 0., 1., 1., 0., 1., 1., 1., 0., 1., 1., 0., 0., 0., 1., 0., 0.,
           1., 1.],
          [1., 0., 0., 1., 1., 0., 1., 0., 1., 1., 0., 1., 1., 0., 0., 1., 1.,
           1., 1.],
          [0., 0., 1., 0., 0., 0., 0., 1., 0., 0., 1., 0., 1., 0., 1., 0., 1.,
           1., 1.],
          [0., 1., 0., 0., 1., 0., 1., 0., 0., 1., 0., 1., 0., 1., 0., 1., 0.,
           1., 1.],
          [0., 1., 0., 0., 1., 0., 0., 1., 0., 1., 0., 0., 1., 1., 0., 0., 0.,
           1., 0.],
          [0., 1., 1., 0., 0., 1., 0., 0., 1., 0., 0., 1., 0., 0., 1., 0., 0.,
           0., 1.],
          [1., 0., 1., 1., 0., 1., 1., 0., 1., 1., 1., 0., 0., 1., 1., 0., 0.,
           1., 0.],
          [1., 1., 0., 1., 0., 1., 0., 0., 1., 0., 0., 1., 0., 0., 0., 0., 0.,
           0., 1.],
          [1., 1., 0., 0., 0., 1., 1., 0., 0., 0., 0., 1., 1., 1., 1., 1., 1.,
           0., 1.],
          [1., 0., 1., 1., 0., 1., 0., 0., 1., 1., 0., 1., 0., 1., 1., 1., 1.,
           1., 1.],
          [1., 1., 1., 1., 1., 1., 0., 1., 0., 0., 0., 1., 1., 1., 1., 1., 1.,
           0., 1.]]]], device='cuda:0'), tensor([[0.5585]], device='cuda:0'))
2026-01-08 17:31:39 - INFO - [ 0.99586445 -0.03892102  0.00307725  0.02259966  0.00307726  0.02259966
  0.7850908  -0.31687096]
2026-01-08 17:31:39 - INFO - (tensor([[[[0., 1., 1., 0., 0., 1., 1., 1., 0., 1., 0., 1., 0., 1., 1., 1., 1.,
           0., 0.],
          [0., 1., 1., 1., 0., 0., 1., 1., 1., 1., 1., 1., 0., 0., 1., 0., 0.,
           0., 0.],
          [0., 0., 0., 0., 0., 1., 0., 0., 0., 1., 1., 0., 0., 0., 1., 0., 1.,
           0., 1.],
          [0., 0., 0., 0., 0., 0., 1., 0., 0., 0., 1., 1., 1., 0., 0., 0., 0.,
           0., 1.],
          [1., 1., 1., 0., 1., 1., 1., 0., 0., 1., 1., 1., 0., 0., 1., 0., 1.,
           1., 1.],
          [1., 0., 0., 1., 0., 1., 0., 0., 1., 1., 0., 1., 0., 1., 0., 0., 0.,
           1., 1.],
          [0., 0., 1., 1., 0., 1., 1., 0., 0., 1., 0., 0., 0., 0., 1., 1., 1.,
           1., 0.],
          [1., 0., 0., 1., 1., 1., 1., 0., 1., 1., 0., 1., 0., 1., 1., 0., 0.,
           1., 1.],
          [1., 0., 1., 1., 0., 1., 1., 1., 0., 1., 1., 0., 0., 0., 1., 0., 0.,
           1., 1.],
          [1., 0., 0., 1., 1., 0., 1., 0., 1., 1., 0., 1., 1., 0., 0., 1., 1.,
           1., 1.],
          [0., 0., 1., 0., 0., 0., 0., 1., 0., 0., 1., 0., 1., 0., 1., 0., 1.,
           1., 1.],
          [0., 1., 0., 0., 1., 0., 1., 0., 0., 1., 0., 1., 0., 1., 0., 1., 0.,
           1., 1.],
          [0., 1., 0., 0., 1., 0., 0., 1., 0., 1., 0., 0., 1., 1., 0., 0., 0.,
           1., 0.],
          [0., 1., 1., 0., 0., 1., 0., 0., 1., 0., 0., 1., 0., 0., 1., 0., 0.,
           0., 1.],
          [1., 0., 1., 1., 0., 1., 1., 0., 1., 1., 1., 0., 0., 1., 1., 0., 0.,
           1., 0.],
          [1., 1., 0., 1., 0., 1., 0., 0., 1., 0., 0., 1., 0., 0., 0., 0., 0.,
           0., 1.],
          [1., 1., 0., 0., 0., 1., 1., 0., 0., 0., 0., 1., 1., 1., 1., 1., 1.,
           0., 1.],
          [1., 0., 1., 1., 0., 1., 0., 0., 1., 1., 0., 1., 0., 1., 1., 1., 1.,
           1., 1.],
          [1., 1., 1., 1., 1., 1., 0., 1., 0., 0., 0., 1., 1., 1., 1., 1., 1.,
           0., 1.]]]], device='cuda:0'), tensor([[0.5619]], device='cuda:0'))
2026-01-08 17:31:39 - INFO - [ 0.9958552  -0.03905897  0.00307755  0.02267777  0.00307755  0.02267777
  0.7845086  -0.31832805]
2026-01-08 17:31:39 - INFO - (tensor([[[[0., 1., 1., 0., 0., 1., 1., 1., 0., 1., 0., 1., 0., 1., 1., 1., 1.,
           0., 0.],
          [0., 1., 1., 1., 0., 0., 1., 1., 1., 1., 1., 1., 0., 0., 1., 0., 0.,
           0., 0.],
          [0., 0., 0., 0., 0., 1., 0., 0., 0., 1., 1., 0., 0., 0., 1., 0., 1.,
           0., 1.],
          [0., 0., 0., 0., 0., 0., 1., 0., 0., 0., 1., 1., 1., 0., 0., 0., 0.,
           0., 1.],
          [1., 1., 1., 0., 1., 1., 1., 0., 0., 1., 1., 1., 0., 0., 1., 0., 1.,
           1., 1.],
          [1., 0., 0., 1., 0., 1., 0., 0., 1., 1., 0., 1., 0., 1., 0., 0., 0.,
           1., 1.],
          [0., 0., 1., 1., 0., 1., 1., 0., 0., 1., 0., 0., 0., 0., 1., 1., 1.,
           1., 0.],
          [1., 0., 0., 1., 1., 1., 1., 0., 1., 1., 0., 1., 0., 1., 1., 0., 0.,
           1., 1.],
          [1., 0., 1., 1., 0., 1., 1., 1., 0., 1., 1., 0., 0., 0., 1., 0., 0.,
           1., 1.],
          [1., 0., 0., 1., 1., 0., 1., 0., 1., 1., 0., 1., 1., 0., 0., 1., 1.,
           1., 1.],
          [0., 0., 1., 0., 0., 0., 0., 1., 0., 0., 1., 0., 1., 0., 1., 0., 1.,
           1., 1.],
          [0., 1., 0., 0., 1., 0., 1., 0., 0., 1., 0., 1., 0., 1., 0., 1., 0.,
           1., 1.],
          [0., 1., 0., 0., 1., 0., 0., 1., 0., 1., 0., 0., 1., 1., 0., 0., 0.,
           1., 0.],
          [0., 1., 1., 0., 0., 1., 0., 0., 1., 0., 0., 1., 0., 0., 1., 0., 0.,
           0., 1.],
          [1., 0., 1., 1., 0., 1., 1., 0., 1., 1., 1., 0., 0., 1., 1., 0., 0.,
           1., 0.],
          [1., 1., 0., 1., 0., 1., 0., 0., 1., 0., 0., 1., 0., 0., 0., 0., 0.,
           0., 1.],
          [1., 1., 0., 0., 0., 1., 1., 0., 0., 0., 0., 1., 1., 1., 1., 1., 1.,
           0., 1.],
          [1., 0., 1., 1., 0., 1., 0., 0., 1., 1., 0., 1., 0., 1., 1., 1., 1.,
           1., 1.],
          [1., 1., 1., 1., 1., 1., 0., 1., 0., 0., 0., 1., 1., 1., 1., 1., 1.,
           0., 1.]]]], device='cuda:0'), tensor([[0.5652]], device='cuda:0'))
2026-01-08 17:31:39 - INFO - [ 0.9958355  -0.03923489  0.00309014  0.02277517  0.00309015  0.02277517
  0.78390205 -0.31972235]
2026-01-08 17:31:39 - INFO - (tensor([[[[0., 1., 1., 0., 0., 1., 1., 1., 0., 1., 0., 1., 0., 1., 1., 1., 1.,
           0., 0.],
          [0., 1., 1., 1., 0., 0., 1., 1., 1., 1., 1., 1., 0., 0., 1., 0., 0.,
           0., 0.],
          [0., 0., 0., 0., 0., 1., 0., 0., 0., 1., 1., 0., 0., 0., 1., 0., 1.,
           0., 1.],
          [0., 0., 0., 0., 0., 0., 1., 0., 0., 0., 1., 1., 1., 0., 0., 0., 0.,
           0., 1.],
          [1., 1., 1., 0., 1., 1., 1., 0., 0., 1., 1., 1., 0., 0., 1., 0., 1.,
           1., 1.],
          [1., 0., 0., 1., 0., 1., 0., 0., 1., 1., 0., 1., 0., 1., 0., 0., 0.,
           1., 1.],
          [0., 0., 1., 1., 0., 1., 1., 0., 0., 1., 0., 0., 0., 0., 1., 1., 1.,
           1., 0.],
          [1., 0., 0., 1., 1., 1., 1., 0., 1., 1., 0., 1., 0., 1., 1., 0., 0.,
           1., 1.],
          [1., 0., 1., 1., 0., 1., 1., 1., 0., 1., 1., 0., 0., 0., 1., 0., 0.,
           1., 1.],
          [1., 0., 0., 1., 1., 0., 1., 0., 1., 1., 0., 1., 1., 0., 0., 1., 1.,
           1., 1.],
          [0., 0., 1., 0., 0., 0., 0., 1., 0., 0., 1., 0., 1., 0., 1., 0., 1.,
           1., 1.],
          [0., 1., 0., 0., 1., 0., 1., 0., 0., 1., 0., 1., 0., 1., 0., 1., 0.,
           1., 1.],
          [0., 1., 0., 0., 1., 0., 0., 1., 0., 1., 0., 0., 1., 1., 0., 0., 0.,
           1., 0.],
          [0., 1., 1., 0., 0., 1., 0., 0., 1., 0., 0., 1., 0., 0., 1., 0., 0.,
           0., 1.],
          [1., 0., 1., 1., 0., 1., 1., 0., 1., 1., 1., 0., 0., 1., 1., 0., 0.,
           1., 0.],
          [1., 1., 0., 1., 0., 1., 0., 0., 1., 0., 0., 1., 0., 0., 0., 0., 0.,
           0., 1.],
          [1., 1., 0., 0., 0., 1., 1., 0., 0., 0., 0., 1., 1., 1., 1., 1., 1.,
           0., 1.],
          [1., 0., 1., 1., 0., 1., 0., 0., 1., 1., 0., 1., 0., 1., 1., 1., 1.,
           1., 1.],
          [1., 1., 1., 1., 1., 1., 0., 1., 0., 0., 0., 1., 1., 1., 1., 1., 1.,
           0., 1.]]]], device='cuda:0'), tensor([[0.5686]], device='cuda:0'))
2026-01-08 17:31:39 - INFO - [ 0.99580216 -0.03946734  0.00313036  0.02292361  0.00313036  0.02292361
  0.7831764  -0.32106364]
2026-01-08 17:31:39 - INFO - (tensor([[[[0., 1., 1., 0., 0., 1., 1., 1., 0., 1., 0., 1., 0., 1., 1., 1., 1.,
           0., 0.],
          [0., 1., 1., 1., 0., 0., 1., 1., 1., 1., 1., 1., 0., 0., 1., 0., 0.,
           0., 0.],
          [0., 0., 0., 0., 0., 1., 0., 0., 0., 1., 1., 0., 0., 0., 1., 0., 1.,
           0., 1.],
          [0., 0., 0., 0., 0., 0., 1., 0., 0., 0., 1., 1., 1., 0., 0., 0., 0.,
           0., 1.],
          [1., 1., 1., 0., 1., 1., 1., 0., 0., 1., 1., 1., 0., 0., 1., 0., 1.,
           1., 1.],
          [1., 0., 0., 1., 0., 1., 0., 0., 1., 1., 0., 1., 0., 1., 0., 0., 0.,
           1., 1.],
          [0., 0., 1., 1., 0., 1., 1., 0., 0., 1., 0., 0., 0., 0., 1., 1., 1.,
           1., 0.],
          [1., 0., 0., 1., 1., 1., 1., 0., 1., 1., 0., 1., 0., 1., 1., 0., 0.,
           1., 1.],
          [1., 0., 1., 1., 0., 1., 1., 1., 0., 1., 1., 0., 0., 0., 1., 0., 0.,
           1., 1.],
          [1., 0., 0., 1., 1., 0., 1., 0., 1., 1., 0., 1., 1., 0., 0., 1., 1.,
           1., 1.],
          [0., 0., 1., 0., 0., 0., 0., 1., 0., 0., 1., 0., 1., 0., 1., 0., 1.,
           1., 1.],
          [0., 1., 0., 0., 1., 0., 1., 0., 0., 1., 0., 1., 0., 1., 0., 1., 0.,
           1., 1.],
          [0., 1., 0., 0., 1., 0., 0., 1., 0., 1., 0., 0., 1., 1., 0., 0., 0.,
           1., 0.],
          [0., 1., 1., 0., 0., 1., 0., 0., 1., 0., 0., 1., 0., 0., 1., 0., 0.,
           0., 1.],
          [1., 0., 1., 1., 0., 1., 1., 0., 1., 1., 1., 0., 0., 1., 1., 0., 0.,
           1., 0.],
          [1., 1., 0., 1., 0., 1., 0., 0., 1., 0., 0., 1., 0., 0., 0., 0., 0.,
           0., 1.],
          [1., 1., 0., 0., 0., 1., 1., 0., 0., 0., 0., 1., 1., 1., 1., 1., 1.,
           0., 1.],
          [1., 0., 1., 1., 0., 1., 0., 0., 1., 1., 0., 1., 0., 1., 1., 1., 1.,
           1., 1.],
          [1., 1., 1., 1., 1., 1., 0., 1., 0., 0., 0., 1., 1., 1., 1., 1., 1.,
           0., 1.]]]], device='cuda:0'), tensor([[0.5719]], device='cuda:0'))
2026-01-08 17:31:39 - INFO - [ 0.9957744  -0.03976547  0.00318295  0.02308175  0.00318296  0.02308175
  0.7823473  -0.3226072 ]
2026-01-08 17:31:39 - INFO - (tensor([[[[0., 1., 1., 0., 0., 1., 1., 1., 0., 1., 0., 1., 0., 1., 1., 1., 1.,
           0., 0.],
          [0., 1., 1., 1., 0., 0., 1., 1., 1., 1., 1., 1., 0., 0., 1., 0., 0.,
           0., 0.],
          [0., 0., 0., 0., 0., 1., 0., 0., 0., 1., 1., 0., 0., 0., 1., 0., 1.,
           0., 1.],
          [0., 0., 0., 0., 0., 0., 1., 0., 0., 0., 1., 1., 1., 0., 0., 0., 0.,
           0., 1.],
          [1., 1., 1., 0., 1., 1., 1., 0., 0., 1., 1., 1., 0., 0., 1., 0., 1.,
           1., 1.],
          [1., 0., 0., 1., 0., 1., 0., 0., 1., 1., 0., 1., 0., 1., 0., 0., 0.,
           1., 1.],
          [0., 0., 1., 1., 0., 1., 1., 0., 0., 1., 0., 0., 0., 0., 1., 1., 1.,
           1., 0.],
          [1., 0., 0., 1., 1., 1., 1., 0., 1., 1., 0., 1., 0., 1., 1., 0., 0.,
           1., 1.],
          [1., 0., 1., 1., 0., 1., 1., 1., 0., 1., 1., 0., 0., 0., 1., 0., 0.,
           1., 1.],
          [1., 0., 0., 1., 1., 0., 1., 0., 1., 1., 0., 1., 1., 0., 0., 1., 1.,
           1., 1.],
          [0., 0., 1., 0., 0., 0., 0., 1., 0., 0., 1., 0., 1., 0., 1., 0., 1.,
           1., 1.],
          [0., 1., 0., 0., 1., 0., 1., 0., 0., 1., 0., 1., 0., 1., 0., 1., 0.,
           1., 1.],
          [0., 1., 0., 0., 1., 0., 0., 1., 0., 1., 0., 0., 1., 1., 0., 0., 0.,
           1., 0.],
          [0., 1., 1., 0., 0., 1., 0., 0., 1., 0., 0., 1., 0., 0., 1., 0., 0.,
           0., 1.],
          [1., 0., 1., 1., 0., 1., 1., 0., 1., 1., 1., 0., 0., 1., 1., 0., 0.,
           1., 0.],
          [1., 1., 0., 1., 0., 1., 0., 0., 1., 0., 0., 1., 0., 0., 0., 0., 0.,
           0., 1.],
          [1., 1., 0., 0., 0., 1., 1., 0., 0., 0., 0., 1., 1., 1., 1., 1., 1.,
           0., 1.],
          [1., 0., 1., 1., 0., 1., 0., 0., 1., 1., 0., 1., 0., 1., 1., 1., 1.,
           1., 1.],
          [1., 1., 1., 1., 1., 1., 0., 1., 0., 0., 0., 1., 1., 1., 1., 1., 1.,
           0., 1.]]]], device='cuda:0'), tensor([[0.5753]], device='cuda:0'))
2026-01-08 17:31:39 - INFO - [ 0.99575144 -0.04007931  0.00323871  0.02323528  0.00323871  0.02323527
  0.7815199  -0.32415584]
2026-01-08 17:31:39 - INFO - (tensor([[[[0., 1., 1., 0., 0., 1., 1., 1., 0., 1., 0., 1., 0., 1., 1., 1., 1.,
           0., 0.],
          [0., 1., 1., 1., 0., 0., 1., 1., 1., 1., 1., 1., 0., 0., 1., 0., 0.,
           0., 0.],
          [0., 0., 0., 0., 0., 1., 0., 0., 0., 1., 1., 0., 0., 0., 1., 0., 1.,
           0., 1.],
          [0., 0., 0., 0., 0., 0., 1., 0., 0., 0., 1., 1., 1., 0., 0., 0., 0.,
           0., 1.],
          [1., 1., 1., 0., 1., 1., 1., 0., 0., 1., 1., 1., 0., 0., 1., 0., 1.,
           1., 1.],
          [1., 0., 0., 1., 0., 1., 0., 0., 1., 1., 0., 1., 0., 1., 0., 0., 0.,
           1., 1.],
          [0., 0., 1., 1., 0., 1., 1., 0., 0., 1., 0., 0., 0., 0., 1., 1., 1.,
           1., 0.],
          [1., 0., 0., 1., 1., 1., 1., 0., 1., 1., 0., 1., 0., 1., 1., 0., 0.,
           1., 1.],
          [1., 0., 1., 1., 0., 1., 1., 1., 0., 1., 1., 0., 0., 0., 1., 0., 0.,
           1., 1.],
          [1., 0., 0., 1., 1., 0., 1., 0., 1., 1., 0., 1., 1., 0., 0., 1., 1.,
           1., 1.],
          [0., 0., 1., 0., 0., 0., 0., 1., 0., 0., 1., 0., 1., 0., 1., 0., 1.,
           1., 1.],
          [0., 1., 0., 0., 1., 0., 1., 0., 0., 1., 0., 1., 0., 1., 0., 1., 0.,
           1., 1.],
          [0., 1., 0., 0., 1., 0., 0., 1., 0., 1., 0., 0., 1., 1., 0., 0., 0.,
           1., 0.],
          [0., 1., 1., 0., 0., 1., 0., 0., 1., 0., 0., 1., 0., 0., 1., 0., 0.,
           0., 1.],
          [1., 0., 1., 1., 0., 1., 1., 0., 1., 1., 1., 0., 0., 1., 1., 0., 0.,
           1., 0.],
          [1., 1., 0., 1., 0., 1., 0., 0., 1., 0., 0., 1., 0., 0., 0., 0., 0.,
           0., 1.],
          [1., 1., 0., 0., 0., 1., 1., 0., 0., 0., 0., 1., 1., 1., 1., 1., 1.,
           0., 1.],
          [1., 0., 1., 1., 0., 1., 0., 0., 1., 1., 0., 1., 0., 1., 1., 1., 1.,
           1., 1.],
          [1., 1., 1., 1., 1., 1., 0., 1., 0., 0., 0., 1., 1., 1., 1., 1., 1.,
           0., 1.]]]], device='cuda:0'), tensor([[0.5786]], device='cuda:0'))
2026-01-08 17:31:39 - INFO - [ 0.9957316  -0.04036228  0.00328878  0.02337431  0.00328878  0.02337432
  0.78077275 -0.32556033]
2026-01-08 17:31:39 - INFO - (tensor([[[[0., 1., 1., 0., 0., 1., 1., 1., 0., 1., 0., 1., 0., 1., 1., 1., 1.,
           0., 0.],
          [0., 1., 1., 1., 0., 0., 1., 1., 1., 1., 1., 1., 0., 0., 1., 0., 0.,
           0., 0.],
          [0., 0., 0., 0., 0., 1., 0., 0., 0., 1., 1., 0., 0., 0., 1., 0., 1.,
           0., 1.],
          [0., 0., 0., 0., 0., 0., 1., 0., 0., 0., 1., 1., 1., 0., 0., 0., 0.,
           0., 1.],
          [1., 1., 1., 0., 1., 1., 1., 0., 0., 1., 1., 1., 0., 0., 1., 0., 1.,
           1., 1.],
          [1., 0., 0., 1., 0., 1., 0., 0., 1., 1., 0., 1., 0., 1., 0., 0., 0.,
           1., 1.],
          [0., 0., 1., 1., 0., 1., 1., 0., 0., 1., 0., 0., 0., 0., 1., 1., 1.,
           1., 0.],
          [1., 0., 0., 1., 1., 1., 1., 0., 1., 1., 0., 1., 0., 1., 1., 0., 0.,
           1., 1.],
          [1., 0., 1., 1., 0., 1., 1., 1., 0., 1., 1., 0., 0., 0., 1., 0., 0.,
           1., 1.],
          [1., 0., 0., 1., 1., 0., 1., 0., 1., 1., 0., 1., 1., 0., 0., 1., 1.,
           1., 1.],
          [0., 0., 1., 0., 0., 0., 0., 1., 0., 0., 1., 0., 1., 0., 1., 0., 1.,
           1., 1.],
          [0., 1., 0., 0., 1., 0., 1., 0., 0., 1., 0., 1., 0., 1., 0., 1., 0.,
           1., 1.],
          [0., 1., 0., 0., 1., 0., 0., 1., 0., 1., 0., 0., 1., 1., 0., 0., 0.,
           1., 0.],
          [0., 1., 1., 0., 0., 1., 0., 0., 1., 0., 0., 1., 0., 0., 1., 0., 0.,
           0., 1.],
          [1., 0., 1., 1., 0., 1., 1., 0., 1., 1., 1., 0., 0., 1., 1., 0., 0.,
           1., 0.],
          [1., 1., 0., 1., 0., 1., 0., 0., 1., 0., 0., 1., 0., 0., 0., 0., 0.,
           0., 1.],
          [1., 1., 0., 0., 0., 1., 1., 0., 0., 0., 0., 1., 1., 1., 1., 1., 1.,
           0., 1.],
          [1., 0., 1., 1., 0., 1., 0., 0., 1., 1., 0., 1., 0., 1., 1., 1., 1.,
           1., 1.],
          [1., 1., 1., 1., 1., 1., 0., 1., 0., 0., 0., 1., 1., 1., 1., 1., 1.,
           0., 1.]]]], device='cuda:0'), tensor([[0.5819]], device='cuda:0'))
2026-01-08 17:31:39 - INFO - [ 0.99571043 -0.04062144  0.00333509  0.02350285  0.00333508  0.02350285
  0.78007483 -0.3268691 ]
2026-01-08 17:31:39 - INFO - (tensor([[[[0., 1., 1., 0., 0., 1., 1., 1., 0., 1., 0., 1., 0., 1., 1., 1., 1.,
           0., 0.],
          [0., 1., 1., 1., 0., 0., 1., 1., 1., 1., 1., 1., 0., 0., 1., 0., 0.,
           0., 0.],
          [0., 0., 0., 0., 0., 1., 0., 0., 0., 1., 1., 0., 0., 0., 1., 0., 1.,
           0., 1.],
          [0., 0., 0., 0., 0., 0., 1., 0., 0., 0., 1., 1., 1., 0., 0., 0., 0.,
           0., 1.],
          [1., 1., 1., 0., 1., 1., 1., 0., 0., 1., 1., 1., 0., 0., 1., 0., 1.,
           1., 1.],
          [1., 0., 0., 1., 0., 1., 0., 0., 1., 1., 0., 1., 0., 1., 0., 0., 0.,
           1., 1.],
          [0., 0., 1., 1., 0., 1., 1., 0., 0., 1., 0., 0., 0., 0., 1., 1., 1.,
           1., 0.],
          [1., 0., 0., 1., 1., 1., 1., 0., 1., 1., 0., 1., 0., 1., 1., 0., 0.,
           1., 1.],
          [1., 0., 1., 1., 0., 1., 1., 1., 0., 1., 1., 0., 0., 0., 1., 0., 0.,
           1., 1.],
          [1., 0., 0., 1., 1., 0., 1., 0., 1., 1., 0., 1., 1., 0., 0., 1., 1.,
           1., 1.],
          [0., 0., 1., 0., 0., 0., 0., 1., 0., 0., 1., 0., 1., 0., 1., 0., 1.,
           1., 1.],
          [0., 1., 0., 0., 1., 0., 1., 0., 0., 1., 0., 1., 0., 1., 0., 1., 0.,
           1., 1.],
          [0., 1., 0., 0., 1., 0., 0., 1., 0., 1., 0., 0., 1., 1., 0., 0., 0.,
           1., 0.],
          [0., 1., 1., 0., 0., 1., 0., 0., 1., 0., 0., 1., 0., 0., 1., 0., 0.,
           0., 1.],
          [1., 0., 1., 1., 0., 1., 1., 0., 1., 1., 1., 0., 0., 1., 1., 0., 0.,
           1., 0.],
          [1., 1., 0., 1., 0., 1., 0., 0., 1., 0., 0., 1., 0., 0., 0., 0., 0.,
           0., 1.],
          [1., 1., 0., 0., 0., 1., 1., 0., 0., 0., 0., 1., 1., 1., 1., 1., 1.,
           0., 1.],
          [1., 0., 1., 1., 0., 1., 0., 0., 1., 1., 0., 1., 0., 1., 1., 1., 1.,
           1., 1.],
          [1., 1., 1., 1., 1., 1., 0., 1., 0., 0., 0., 1., 1., 1., 1., 1., 1.,
           0., 1.]]]], device='cuda:0'), tensor([[0.5853]], device='cuda:0'))
2026-01-08 17:31:39 - INFO - [ 0.9956893  -0.04086869  0.00337961  0.02362132  0.00337961  0.0236213
  0.77940226 -0.32813275]
2026-01-08 17:31:39 - INFO - (tensor([[[[0., 1., 1., 0., 0., 1., 1., 1., 0., 1., 0., 1., 0., 1., 1., 1., 1.,
           0., 0.],
          [0., 1., 1., 1., 0., 0., 1., 1., 1., 1., 1., 1., 0., 0., 1., 0., 0.,
           0., 0.],
          [0., 0., 0., 0., 0., 1., 0., 0., 0., 1., 1., 0., 0., 0., 1., 0., 1.,
           0., 1.],
          [0., 0., 0., 0., 0., 0., 1., 0., 0., 0., 1., 1., 1., 0., 0., 0., 0.,
           0., 1.],
          [1., 1., 1., 0., 1., 1., 1., 0., 0., 1., 1., 1., 0., 0., 1., 0., 1.,
           1., 1.],
          [1., 0., 0., 1., 0., 1., 0., 0., 1., 1., 0., 1., 0., 1., 0., 0., 0.,
           1., 1.],
          [0., 0., 1., 1., 0., 1., 1., 0., 0., 1., 0., 0., 0., 0., 1., 1., 1.,
           1., 0.],
          [1., 0., 0., 1., 1., 1., 1., 0., 1., 1., 0., 1., 0., 1., 1., 0., 0.,
           1., 1.],
          [1., 0., 1., 1., 0., 1., 1., 1., 0., 1., 1., 0., 0., 0., 1., 0., 0.,
           1., 1.],
          [1., 0., 0., 1., 1., 0., 1., 0., 1., 1., 0., 1., 1., 0., 0., 1., 1.,
           1., 1.],
          [0., 0., 1., 0., 0., 0., 0., 1., 0., 0., 1., 0., 1., 0., 1., 0., 1.,
           1., 1.],
          [0., 1., 0., 0., 1., 0., 1., 0., 0., 1., 0., 1., 0., 1., 0., 1., 0.,
           1., 1.],
          [0., 1., 0., 0., 1., 0., 0., 1., 0., 1., 0., 0., 1., 1., 0., 0., 0.,
           1., 0.],
          [0., 1., 1., 0., 0., 1., 0., 0., 1., 0., 0., 1., 0., 0., 1., 0., 0.,
           0., 1.],
          [1., 0., 1., 1., 0., 1., 1., 0., 1., 1., 1., 0., 0., 1., 1., 0., 0.,
           1., 0.],
          [1., 1., 0., 1., 0., 1., 0., 0., 1., 0., 0., 1., 0., 0., 0., 0., 0.,
           0., 1.],
          [1., 1., 0., 0., 0., 1., 1., 0., 0., 0., 0., 1., 1., 1., 1., 1., 1.,
           0., 1.],
          [1., 0., 1., 1., 0., 1., 0., 0., 1., 1., 0., 1., 0., 1., 1., 1., 1.,
           1., 1.],
          [1., 1., 1., 1., 1., 1., 0., 1., 0., 0., 0., 1., 1., 1., 1., 1., 1.,
           0., 1.]]]], device='cuda:0'), tensor([[0.5886]], device='cuda:0'))
2026-01-08 17:31:39 - INFO - [ 0.99566853 -0.04111384  0.00342325  0.02373681  0.00342324  0.02373681
  0.7787365  -0.3293891 ]
2026-01-08 17:31:39 - INFO - (tensor([[[[0., 1., 1., 0., 0., 1., 1., 1., 0., 1., 0., 1., 0., 1., 1., 1., 1.,
           0., 0.],
          [0., 1., 1., 1., 0., 0., 1., 1., 1., 1., 1., 1., 0., 0., 1., 0., 0.,
           0., 0.],
          [0., 0., 0., 0., 0., 1., 0., 0., 0., 1., 1., 0., 0., 0., 1., 0., 1.,
           0., 1.],
          [0., 0., 0., 0., 0., 0., 1., 0., 0., 0., 1., 1., 1., 0., 0., 0., 0.,
           0., 1.],
          [1., 1., 1., 0., 1., 1., 1., 0., 0., 1., 1., 1., 0., 0., 1., 0., 1.,
           1., 1.],
          [1., 0., 0., 1., 0., 1., 0., 0., 1., 1., 0., 1., 0., 1., 0., 0., 0.,
           1., 1.],
          [0., 0., 1., 1., 0., 1., 1., 0., 0., 1., 0., 0., 0., 0., 1., 1., 1.,
           1., 0.],
          [1., 0., 0., 1., 1., 1., 1., 0., 1., 1., 0., 1., 0., 1., 1., 0., 0.,
           1., 1.],
          [1., 0., 1., 1., 0., 1., 1., 1., 0., 1., 1., 0., 0., 0., 1., 0., 0.,
           1., 1.],
          [1., 0., 0., 1., 1., 0., 1., 0., 1., 1., 0., 1., 1., 0., 0., 1., 1.,
           1., 1.],
          [0., 0., 1., 0., 0., 0., 0., 1., 0., 0., 1., 0., 1., 0., 1., 0., 1.,
           1., 1.],
          [0., 1., 0., 0., 1., 0., 1., 0., 0., 1., 0., 1., 0., 1., 0., 1., 0.,
           1., 1.],
          [0., 1., 0., 0., 1., 0., 0., 1., 0., 1., 0., 0., 1., 1., 0., 0., 0.,
           1., 0.],
          [0., 1., 1., 0., 0., 1., 0., 0., 1., 0., 0., 1., 0., 0., 1., 0., 0.,
           0., 1.],
          [1., 0., 1., 1., 0., 1., 1., 0., 1., 1., 1., 0., 0., 1., 1., 0., 0.,
           1., 0.],
          [1., 1., 0., 1., 0., 1., 0., 0., 1., 0., 0., 1., 0., 0., 0., 0., 0.,
           0., 1.],
          [1., 1., 0., 0., 0., 1., 1., 0., 0., 0., 0., 1., 1., 1., 1., 1., 1.,
           0., 1.],
          [1., 0., 1., 1., 0., 1., 0., 0., 1., 1., 0., 1., 0., 1., 1., 1., 1.,
           1., 1.],
          [1., 1., 1., 1., 1., 1., 0., 1., 0., 0., 0., 1., 1., 1., 1., 1., 1.,
           0., 1.]]]], device='cuda:0'), tensor([[0.5920]], device='cuda:0'))
2026-01-08 17:31:39 - INFO - [ 0.9956464  -0.04140005  0.00347289  0.02386452  0.00347289  0.02386452
  0.7779439  -0.33088118]
2026-01-08 17:31:39 - INFO - (tensor([[[[0., 1., 1., 0., 0., 1., 1., 1., 0., 1., 0., 1., 0., 1., 1., 1., 1.,
           0., 0.],
          [0., 1., 1., 1., 0., 0., 1., 1., 1., 1., 1., 1., 0., 0., 1., 0., 0.,
           0., 0.],
          [0., 0., 0., 0., 0., 1., 0., 0., 0., 1., 1., 0., 0., 0., 1., 0., 1.,
           0., 1.],
          [0., 0., 0., 0., 0., 0., 1., 0., 0., 0., 1., 1., 1., 0., 0., 0., 0.,
           0., 1.],
          [1., 1., 1., 0., 1., 1., 1., 0., 0., 1., 1., 1., 0., 0., 1., 0., 1.,
           1., 1.],
          [1., 0., 0., 1., 0., 1., 0., 0., 1., 1., 0., 1., 0., 1., 0., 0., 0.,
           1., 1.],
          [0., 0., 1., 1., 0., 1., 1., 0., 0., 1., 0., 0., 0., 0., 1., 1., 1.,
           1., 0.],
          [1., 0., 0., 1., 1., 1., 1., 0., 1., 1., 0., 1., 0., 1., 1., 0., 0.,
           1., 1.],
          [1., 0., 1., 1., 0., 1., 1., 1., 0., 1., 1., 0., 0., 0., 1., 0., 0.,
           1., 1.],
          [1., 0., 0., 1., 1., 0., 1., 0., 1., 1., 0., 1., 1., 0., 0., 1., 1.,
           1., 1.],
          [0., 0., 1., 0., 0., 0., 0., 1., 0., 0., 1., 0., 1., 0., 1., 0., 1.,
           1., 1.],
          [0., 1., 0., 0., 1., 0., 1., 0., 0., 1., 0., 1., 0., 1., 0., 1., 0.,
           1., 1.],
          [0., 1., 0., 0., 1., 0., 0., 1., 0., 1., 0., 0., 1., 1., 0., 0., 0.,
           1., 0.],
          [0., 1., 1., 0., 0., 1., 0., 0., 1., 0., 0., 1., 0., 0., 1., 0., 0.,
           0., 1.],
          [1., 0., 1., 1., 0., 1., 1., 0., 1., 1., 1., 0., 0., 1., 1., 0., 0.,
           1., 0.],
          [1., 1., 0., 1., 0., 1., 0., 0., 1., 0., 0., 1., 0., 0., 0., 0., 0.,
           0., 1.],
          [1., 1., 0., 0., 0., 1., 1., 0., 0., 0., 0., 1., 1., 1., 1., 1., 1.,
           0., 1.],
          [1., 0., 1., 1., 0., 1., 0., 0., 1., 1., 0., 1., 0., 1., 1., 1., 1.,
           1., 1.],
          [1., 1., 1., 1., 1., 1., 0., 1., 0., 0., 0., 1., 1., 1., 1., 1., 1.,
           0., 1.]]]], device='cuda:0'), tensor([[0.5953]], device='cuda:0'))
2026-01-08 17:31:39 - INFO - [ 0.9956273  -0.04167009  0.00351886  0.02398105  0.00351886  0.02398106
  0.77718204 -0.3323236 ]
2026-01-08 17:31:39 - INFO - (tensor([[[[0., 1., 1., 0., 0., 1., 1., 1., 0., 1., 0., 1., 0., 1., 1., 1., 1.,
           0., 0.],
          [0., 1., 1., 1., 0., 0., 1., 1., 1., 1., 1., 1., 0., 0., 1., 0., 0.,
           0., 0.],
          [0., 0., 0., 0., 0., 1., 0., 0., 0., 1., 1., 0., 0., 0., 1., 0., 1.,
           0., 1.],
          [0., 0., 0., 0., 0., 0., 1., 0., 0., 0., 1., 1., 1., 0., 0., 0., 0.,
           0., 1.],
          [1., 1., 1., 0., 1., 1., 1., 0., 0., 1., 1., 1., 0., 0., 1., 0., 1.,
           1., 1.],
          [1., 0., 0., 1., 0., 1., 0., 0., 1., 1., 0., 1., 0., 1., 0., 0., 0.,
           1., 1.],
          [0., 0., 1., 1., 0., 1., 1., 0., 0., 1., 0., 0., 0., 0., 1., 1., 1.,
           1., 0.],
          [1., 0., 0., 1., 1., 1., 1., 0., 1., 1., 0., 1., 0., 1., 1., 0., 0.,
           1., 1.],
          [1., 0., 1., 1., 0., 1., 1., 1., 0., 1., 1., 0., 0., 0., 1., 0., 0.,
           1., 1.],
          [1., 0., 0., 1., 1., 0., 1., 0., 1., 1., 0., 1., 1., 0., 0., 1., 1.,
           1., 1.],
          [0., 0., 1., 0., 0., 0., 0., 1., 0., 0., 1., 0., 1., 0., 1., 0., 1.,
           1., 1.],
          [0., 1., 0., 0., 1., 0., 1., 0., 0., 1., 0., 1., 0., 1., 0., 1., 0.,
           1., 1.],
          [0., 1., 0., 0., 1., 0., 0., 1., 0., 1., 0., 0., 1., 1., 0., 0., 0.,
           1., 0.],
          [0., 1., 1., 0., 0., 1., 0., 0., 1., 0., 0., 1., 0., 0., 1., 0., 0.,
           0., 1.],
          [1., 0., 1., 1., 0., 1., 1., 0., 1., 1., 1., 0., 0., 1., 1., 0., 0.,
           1., 0.],
          [1., 1., 0., 1., 0., 1., 0., 0., 1., 0., 0., 1., 0., 0., 0., 0., 0.,
           0., 1.],
          [1., 1., 0., 0., 0., 1., 1., 0., 0., 0., 0., 1., 1., 1., 1., 1., 1.,
           0., 1.],
          [1., 0., 1., 1., 0., 1., 0., 0., 1., 1., 0., 1., 0., 1., 1., 1., 1.,
           1., 1.],
          [1., 1., 1., 1., 1., 1., 0., 1., 0., 0., 0., 1., 1., 1., 1., 1., 1.,
           0., 1.]]]], device='cuda:0'), tensor([[0.5987]], device='cuda:0'))
2026-01-08 17:31:39 - INFO - [ 0.9956056  -0.04193044  0.00356408  0.02409352  0.00356408  0.02409352
  0.776433   -0.33373258]
2026-01-08 17:31:39 - INFO - (tensor([[[[0., 1., 1., 0., 0., 1., 1., 1., 0., 1., 0., 1., 0., 1., 1., 1., 1.,
           0., 0.],
          [0., 1., 1., 1., 0., 0., 1., 1., 1., 1., 1., 1., 0., 0., 1., 0., 0.,
           0., 0.],
          [0., 0., 0., 0., 0., 1., 0., 0., 0., 1., 1., 0., 0., 0., 1., 0., 1.,
           0., 1.],
          [0., 0., 0., 0., 0., 0., 1., 0., 0., 0., 1., 1., 1., 0., 0., 0., 0.,
           0., 1.],
          [1., 1., 1., 0., 1., 1., 1., 0., 0., 1., 1., 1., 0., 0., 1., 0., 1.,
           1., 1.],
          [1., 0., 0., 1., 0., 1., 0., 0., 1., 1., 0., 1., 0., 1., 0., 0., 0.,
           1., 1.],
          [0., 0., 1., 1., 0., 1., 1., 0., 0., 1., 0., 0., 0., 0., 1., 1., 1.,
           1., 0.],
          [1., 0., 0., 1., 1., 1., 1., 0., 1., 1., 0., 1., 0., 1., 1., 0., 0.,
           1., 1.],
          [1., 0., 1., 1., 0., 1., 1., 1., 0., 1., 1., 0., 0., 0., 1., 0., 0.,
           1., 1.],
          [1., 0., 0., 1., 1., 0., 1., 0., 1., 1., 0., 1., 1., 0., 0., 1., 1.,
           1., 1.],
          [0., 0., 1., 0., 0., 0., 0., 1., 0., 0., 1., 0., 1., 0., 1., 0., 1.,
           1., 1.],
          [0., 1., 0., 0., 1., 0., 1., 0., 0., 1., 0., 1., 0., 1., 0., 1., 0.,
           1., 1.],
          [0., 1., 0., 0., 1., 0., 0., 1., 0., 1., 0., 0., 1., 1., 0., 0., 0.,
           1., 0.],
          [0., 1., 1., 0., 0., 1., 0., 0., 1., 0., 0., 1., 0., 0., 1., 0., 0.,
           0., 1.],
          [1., 0., 1., 1., 0., 1., 1., 0., 1., 1., 1., 0., 0., 1., 1., 0., 0.,
           1., 0.],
          [1., 1., 0., 1., 0., 1., 0., 0., 1., 0., 0., 1., 0., 0., 0., 0., 0.,
           0., 1.],
          [1., 1., 0., 0., 0., 1., 1., 0., 0., 0., 0., 1., 1., 1., 1., 1., 1.,
           0., 1.],
          [1., 0., 1., 1., 0., 1., 0., 0., 1., 1., 0., 1., 0., 1., 1., 1., 1.,
           1., 1.],
          [1., 1., 1., 1., 1., 1., 0., 1., 0., 0., 0., 1., 1., 1., 1., 1., 1.,
           0., 1.]]]], device='cuda:0'), tensor([[0.6020]], device='cuda:0'))
2026-01-08 17:31:39 - INFO - [ 0.9955831  -0.04217848  0.00360736  0.0241998   0.00360736  0.0241998
  0.7757027  -0.33509544]
2026-01-08 17:31:39 - INFO - (tensor([[[[0., 1., 1., 0., 0., 1., 1., 1., 0., 1., 0., 1., 0., 1., 1., 1., 1.,
           0., 0.],
          [0., 1., 1., 1., 0., 0., 1., 1., 1., 1., 1., 1., 0., 0., 1., 0., 0.,
           0., 0.],
          [0., 0., 0., 0., 0., 1., 0., 0., 0., 1., 1., 0., 0., 0., 1., 0., 1.,
           0., 1.],
          [0., 0., 0., 0., 0., 0., 1., 0., 0., 0., 1., 1., 1., 0., 0., 0., 0.,
           0., 1.],
          [1., 1., 1., 0., 1., 1., 1., 0., 0., 1., 1., 1., 0., 0., 1., 0., 1.,
           1., 1.],
          [1., 0., 0., 1., 0., 1., 0., 0., 1., 1., 0., 1., 0., 1., 0., 0., 0.,
           1., 1.],
          [0., 0., 1., 1., 0., 1., 1., 0., 0., 1., 0., 0., 0., 0., 1., 1., 1.,
           1., 0.],
          [1., 0., 0., 1., 1., 1., 1., 0., 1., 1., 0., 1., 0., 1., 1., 0., 0.,
           1., 1.],
          [1., 0., 1., 1., 0., 1., 1., 1., 0., 1., 1., 0., 0., 0., 1., 0., 0.,
           1., 1.],
          [1., 0., 0., 1., 1., 0., 1., 0., 1., 1., 0., 1., 1., 0., 0., 1., 1.,
           1., 1.],
          [0., 0., 1., 0., 0., 0., 0., 1., 0., 0., 1., 0., 1., 0., 1., 0., 1.,
           1., 1.],
          [0., 1., 0., 0., 1., 0., 1., 0., 0., 1., 0., 1., 0., 1., 0., 1., 0.,
           1., 1.],
          [0., 1., 0., 0., 1., 0., 0., 1., 0., 1., 0., 0., 1., 1., 0., 0., 0.,
           1., 0.],
          [0., 1., 1., 0., 0., 1., 0., 0., 1., 0., 0., 1., 0., 0., 1., 0., 0.,
           0., 1.],
          [1., 0., 1., 1., 0., 1., 1., 0., 1., 1., 1., 0., 0., 1., 1., 0., 0.,
           1., 0.],
          [1., 1., 0., 1., 0., 1., 0., 0., 1., 0., 0., 1., 0., 0., 0., 0., 0.,
           0., 1.],
          [1., 1., 0., 0., 0., 1., 1., 0., 0., 0., 0., 1., 1., 1., 1., 1., 1.,
           0., 1.],
          [1., 0., 1., 1., 0., 1., 0., 0., 1., 1., 0., 1., 0., 1., 1., 1., 1.,
           1., 1.],
          [1., 1., 1., 1., 1., 1., 0., 1., 0., 0., 0., 1., 1., 1., 1., 1., 1.,
           0., 1.]]]], device='cuda:0'), tensor([[0.6054]], device='cuda:0'))
2026-01-08 17:31:39 - INFO - [ 0.9955608  -0.04239481  0.00364463  0.02429466  0.00364464  0.02429465
  0.77503943 -0.3363377 ]
2026-01-08 17:31:39 - INFO - (tensor([[[[0., 1., 1., 0., 0., 1., 1., 1., 0., 1., 0., 1., 0., 1., 1., 1., 1.,
           0., 0.],
          [0., 1., 1., 1., 0., 0., 1., 1., 1., 1., 1., 1., 0., 0., 1., 0., 0.,
           0., 0.],
          [0., 0., 0., 0., 0., 1., 0., 0., 0., 1., 1., 0., 0., 0., 1., 0., 1.,
           0., 1.],
          [0., 0., 0., 0., 0., 0., 1., 0., 0., 0., 1., 1., 1., 0., 0., 0., 0.,
           0., 1.],
          [1., 1., 1., 0., 1., 1., 1., 0., 0., 1., 1., 1., 0., 0., 1., 0., 1.,
           1., 1.],
          [1., 0., 0., 1., 0., 1., 0., 0., 1., 1., 0., 1., 0., 1., 0., 0., 0.,
           1., 1.],
          [0., 0., 1., 1., 0., 1., 1., 0., 0., 1., 0., 0., 0., 0., 1., 1., 1.,
           1., 0.],
          [1., 0., 0., 1., 1., 1., 1., 0., 1., 1., 0., 1., 0., 1., 1., 0., 0.,
           1., 1.],
          [1., 0., 1., 1., 0., 1., 1., 1., 0., 1., 1., 0., 0., 0., 1., 0., 0.,
           1., 1.],
          [1., 0., 0., 1., 1., 0., 1., 0., 1., 1., 0., 1., 1., 0., 0., 1., 1.,
           1., 1.],
          [0., 0., 1., 0., 0., 0., 0., 1., 0., 0., 1., 0., 1., 0., 1., 0., 1.,
           1., 1.],
          [0., 1., 0., 0., 1., 0., 1., 0., 0., 1., 0., 1., 0., 1., 0., 1., 0.,
           1., 1.],
          [0., 1., 0., 0., 1., 0., 0., 1., 0., 1., 0., 0., 1., 1., 0., 0., 0.,
           1., 0.],
          [0., 1., 1., 0., 0., 1., 0., 0., 1., 0., 0., 1., 0., 0., 1., 0., 0.,
           0., 1.],
          [1., 0., 1., 1., 0., 1., 1., 0., 1., 1., 1., 0., 0., 1., 1., 0., 0.,
           1., 0.],
          [1., 1., 0., 1., 0., 1., 0., 0., 1., 0., 0., 1., 0., 0., 0., 0., 0.,
           0., 1.],
          [1., 1., 0., 0., 0., 1., 1., 0., 0., 0., 0., 1., 1., 1., 1., 1., 1.,
           0., 1.],
          [1., 0., 1., 1., 0., 1., 0., 0., 1., 1., 0., 1., 0., 1., 1., 1., 1.,
           1., 1.],
          [1., 1., 1., 1., 1., 1., 0., 1., 0., 0., 0., 1., 1., 1., 1., 1., 1.,
           0., 1.]]]], device='cuda:0'), tensor([[0.6087]], device='cuda:0'))
2026-01-08 17:31:39 - INFO - [ 0.9955377  -0.04260422  0.00367672  0.02437703  0.00367673  0.02437703
  0.7743845  -0.33755374]
2026-01-08 17:31:39 - INFO - (tensor([[[[0., 1., 1., 0., 0., 1., 1., 1., 0., 1., 0., 1., 0., 1., 1., 1., 1.,
           0., 0.],
          [0., 1., 1., 1., 0., 0., 1., 1., 1., 1., 1., 1., 0., 0., 1., 0., 0.,
           0., 0.],
          [0., 0., 0., 0., 0., 1., 0., 0., 0., 1., 1., 0., 0., 0., 1., 0., 1.,
           0., 1.],
          [0., 0., 0., 0., 0., 0., 1., 0., 0., 0., 1., 1., 1., 0., 0., 0., 0.,
           0., 1.],
          [1., 1., 1., 0., 1., 1., 1., 0., 0., 1., 1., 1., 0., 0., 1., 0., 1.,
           1., 1.],
          [1., 0., 0., 1., 0., 1., 0., 0., 1., 1., 0., 1., 0., 1., 0., 0., 0.,
           1., 1.],
          [0., 0., 1., 1., 0., 1., 1., 0., 0., 1., 0., 0., 0., 0., 1., 1., 1.,
           1., 0.],
          [1., 0., 0., 1., 1., 1., 1., 0., 1., 1., 0., 1., 0., 1., 1., 0., 0.,
           1., 1.],
          [1., 0., 1., 1., 0., 1., 1., 1., 0., 1., 1., 0., 0., 0., 1., 0., 0.,
           1., 1.],
          [1., 0., 0., 1., 1., 0., 1., 0., 1., 1., 0., 1., 1., 0., 0., 1., 1.,
           1., 1.],
          [0., 0., 1., 0., 0., 0., 0., 1., 0., 0., 1., 0., 1., 0., 1., 0., 1.,
           1., 1.],
          [0., 1., 0., 0., 1., 0., 1., 0., 0., 1., 0., 1., 0., 1., 0., 1., 0.,
           1., 1.],
          [0., 1., 0., 0., 1., 0., 0., 1., 0., 1., 0., 0., 1., 1., 0., 0., 0.,
           1., 0.],
          [0., 1., 1., 0., 0., 1., 0., 0., 1., 0., 0., 1., 0., 0., 1., 0., 0.,
           0., 1.],
          [1., 0., 1., 1., 0., 1., 1., 0., 1., 1., 1., 0., 0., 1., 1., 0., 0.,
           1., 0.],
          [1., 1., 0., 1., 0., 1., 0., 0., 1., 0., 0., 1., 0., 0., 0., 0., 0.,
           0., 1.],
          [1., 1., 0., 0., 0., 1., 1., 0., 0., 0., 0., 1., 1., 1., 1., 1., 1.,
           0., 1.],
          [1., 0., 1., 1., 0., 1., 0., 0., 1., 1., 0., 1., 0., 1., 1., 1., 1.,
           1., 1.],
          [1., 1., 1., 1., 1., 1., 0., 1., 0., 0., 0., 1., 1., 1., 1., 1., 1.,
           0., 1.]]]], device='cuda:0'), tensor([[0.6120]], device='cuda:0'))
2026-01-08 17:31:39 - INFO - [ 0.9955167  -0.04279289  0.00370417  0.0244459   0.00370419  0.02444591
  0.7737349  -0.33862767]
2026-01-08 17:31:39 - INFO - (tensor([[[[0., 1., 1., 0., 0., 1., 1., 1., 0., 1., 0., 1., 0., 1., 1., 1., 1.,
           0., 0.],
          [0., 1., 1., 1., 0., 0., 1., 1., 1., 1., 1., 1., 0., 0., 1., 0., 0.,
           0., 0.],
          [0., 0., 0., 0., 0., 1., 0., 0., 0., 1., 1., 0., 0., 0., 1., 0., 1.,
           0., 1.],
          [0., 0., 0., 0., 0., 0., 1., 0., 0., 0., 1., 1., 1., 0., 0., 0., 0.,
           0., 1.],
          [1., 1., 1., 0., 1., 1., 1., 0., 0., 1., 1., 1., 0., 0., 1., 0., 1.,
           1., 1.],
          [1., 0., 0., 1., 0., 1., 0., 0., 1., 1., 0., 1., 0., 1., 0., 0., 0.,
           1., 1.],
          [0., 0., 1., 1., 0., 1., 1., 0., 0., 1., 0., 0., 0., 0., 1., 1., 1.,
           1., 0.],
          [1., 0., 0., 1., 1., 1., 1., 0., 1., 1., 0., 1., 0., 1., 1., 0., 0.,
           1., 1.],
          [1., 0., 1., 1., 0., 1., 1., 1., 0., 1., 1., 0., 0., 0., 1., 0., 0.,
           1., 1.],
          [1., 0., 0., 1., 1., 0., 1., 0., 1., 1., 0., 1., 1., 0., 0., 1., 1.,
           1., 1.],
          [0., 0., 1., 0., 0., 0., 0., 1., 0., 0., 1., 0., 1., 0., 1., 0., 1.,
           1., 1.],
          [0., 1., 0., 0., 1., 0., 1., 0., 0., 1., 0., 1., 0., 1., 0., 1., 0.,
           1., 1.],
          [0., 1., 0., 0., 1., 0., 0., 1., 0., 1., 0., 0., 1., 1., 0., 0., 0.,
           1., 0.],
          [0., 1., 1., 0., 0., 1., 0., 0., 1., 0., 0., 1., 0., 0., 1., 0., 0.,
           0., 1.],
          [1., 0., 1., 1., 0., 1., 1., 0., 1., 1., 1., 0., 0., 1., 1., 0., 0.,
           1., 0.],
          [1., 1., 0., 1., 0., 1., 0., 0., 1., 0., 0., 1., 0., 0., 0., 0., 0.,
           0., 1.],
          [1., 1., 0., 0., 0., 1., 1., 0., 0., 0., 0., 1., 1., 1., 1., 1., 1.,
           0., 1.],
          [1., 0., 1., 1., 0., 1., 0., 0., 1., 1., 0., 1., 0., 1., 1., 1., 1.,
           1., 1.],
          [1., 1., 1., 1., 1., 1., 0., 1., 0., 0., 0., 1., 1., 1., 1., 1., 1.,
           0., 1.]]]], device='cuda:0'), tensor([[0.6154]], device='cuda:0'))
2026-01-08 17:31:39 - INFO - [ 0.9954946  -0.04298551  0.00373048  0.02450973  0.00373047  0.02450973
  0.7730413  -0.3397805 ]
2026-01-08 17:31:39 - INFO - (tensor([[[[0., 1., 1., 0., 0., 1., 1., 1., 0., 1., 0., 1., 0., 1., 1., 1., 1.,
           0., 0.],
          [0., 1., 1., 1., 0., 0., 1., 1., 1., 1., 1., 1., 0., 0., 1., 0., 0.,
           0., 0.],
          [0., 0., 0., 0., 0., 1., 0., 0., 0., 1., 1., 0., 0., 0., 1., 0., 1.,
           0., 1.],
          [0., 0., 0., 0., 0., 0., 1., 0., 0., 0., 1., 1., 1., 0., 0., 0., 0.,
           0., 1.],
          [1., 1., 1., 0., 1., 1., 1., 0., 0., 1., 1., 1., 0., 0., 1., 0., 1.,
           1., 1.],
          [1., 0., 0., 1., 0., 1., 0., 0., 1., 1., 0., 1., 0., 1., 0., 0., 0.,
           1., 1.],
          [0., 0., 1., 1., 0., 1., 1., 0., 0., 1., 0., 0., 0., 0., 1., 1., 1.,
           1., 0.],
          [1., 0., 0., 1., 1., 1., 1., 0., 1., 1., 0., 1., 0., 1., 1., 0., 0.,
           1., 1.],
          [1., 0., 1., 1., 0., 1., 1., 1., 0., 1., 1., 0., 0., 0., 1., 0., 0.,
           1., 1.],
          [1., 0., 0., 1., 1., 0., 1., 0., 1., 1., 0., 1., 1., 0., 0., 1., 1.,
           1., 1.],
          [0., 0., 1., 0., 0., 0., 0., 1., 0., 0., 1., 0., 1., 0., 1., 0., 1.,
           1., 1.],
          [0., 1., 0., 0., 1., 0., 1., 0., 0., 1., 0., 1., 0., 1., 0., 1., 0.,
           1., 1.],
          [0., 1., 0., 0., 1., 0., 0., 1., 0., 1., 0., 0., 1., 1., 0., 0., 0.,
           1., 0.],
          [0., 1., 1., 0., 0., 1., 0., 0., 1., 0., 0., 1., 0., 0., 1., 0., 0.,
           0., 1.],
          [1., 0., 1., 1., 0., 1., 1., 0., 1., 1., 1., 0., 0., 1., 1., 0., 0.,
           1., 0.],
          [1., 1., 0., 1., 0., 1., 0., 0., 1., 0., 0., 1., 0., 0., 0., 0., 0.,
           0., 1.],
          [1., 1., 0., 0., 0., 1., 1., 0., 0., 0., 0., 1., 1., 1., 1., 1., 1.,
           0., 1.],
          [1., 0., 1., 1., 0., 1., 0., 0., 1., 1., 0., 1., 0., 1., 1., 1., 1.,
           1., 1.],
          [1., 1., 1., 1., 1., 1., 0., 1., 0., 0., 0., 1., 1., 1., 1., 1., 1.,
           0., 1.]]]], device='cuda:0'), tensor([[0.6187]], device='cuda:0'))
2026-01-08 17:31:39 - INFO - [ 0.99546754 -0.04319224  0.00375721  0.02457356  0.00375721  0.02457356
  0.7722891  -0.3410294 ]
2026-01-08 17:31:39 - INFO - (tensor([[[[0., 1., 1., 0., 0., 1., 1., 1., 0., 1., 0., 1., 0., 1., 1., 1., 1.,
           0., 0.],
          [0., 1., 1., 1., 0., 0., 1., 1., 1., 1., 1., 1., 0., 0., 1., 0., 0.,
           0., 0.],
          [0., 0., 0., 0., 0., 1., 0., 0., 0., 1., 1., 0., 0., 0., 1., 0., 1.,
           0., 1.],
          [0., 0., 0., 0., 0., 0., 1., 0., 0., 0., 1., 1., 1., 0., 0., 0., 0.,
           0., 1.],
          [1., 1., 1., 0., 1., 1., 1., 0., 0., 1., 1., 1., 0., 0., 1., 0., 1.,
           1., 1.],
          [1., 0., 0., 1., 0., 1., 0., 0., 1., 1., 0., 1., 0., 1., 0., 0., 0.,
           1., 1.],
          [0., 0., 1., 1., 0., 1., 1., 0., 0., 1., 0., 0., 0., 0., 1., 1., 1.,
           1., 0.],
          [1., 0., 0., 1., 1., 1., 1., 0., 1., 1., 0., 1., 0., 1., 1., 0., 0.,
           1., 1.],
          [1., 0., 1., 1., 0., 1., 1., 1., 0., 1., 1., 0., 0., 0., 1., 0., 0.,
           1., 1.],
          [1., 0., 0., 1., 1., 0., 1., 0., 1., 1., 0., 1., 1., 0., 0., 1., 1.,
           1., 1.],
          [0., 0., 1., 0., 0., 0., 0., 1., 0., 0., 1., 0., 1., 0., 1., 0., 1.,
           1., 1.],
          [0., 1., 0., 0., 1., 0., 1., 0., 0., 1., 0., 1., 0., 1., 0., 1., 0.,
           1., 1.],
          [0., 1., 0., 0., 1., 0., 0., 1., 0., 1., 0., 0., 1., 1., 0., 0., 0.,
           1., 0.],
          [0., 1., 1., 0., 0., 1., 0., 0., 1., 0., 0., 1., 0., 0., 1., 0., 0.,
           0., 1.],
          [1., 0., 1., 1., 0., 1., 1., 0., 1., 1., 1., 0., 0., 1., 1., 0., 0.,
           1., 0.],
          [1., 1., 0., 1., 0., 1., 0., 0., 1., 0., 0., 1., 0., 0., 0., 0., 0.,
           0., 1.],
          [1., 1., 0., 0., 0., 1., 1., 0., 0., 0., 0., 1., 1., 1., 1., 1., 1.,
           0., 1.],
          [1., 0., 1., 1., 0., 1., 0., 0., 1., 1., 0., 1., 0., 1., 1., 1., 1.,
           1., 1.],
          [1., 1., 1., 1., 1., 1., 0., 1., 0., 0., 0., 1., 1., 1., 1., 1., 1.,
           0., 1.]]]], device='cuda:0'), tensor([[0.6221]], device='cuda:0'))
2026-01-08 17:31:39 - INFO - [ 0.99544114 -0.04341981  0.0038015   0.02466316  0.0038015   0.02466315
  0.7715311  -0.34236464]
2026-01-08 17:31:39 - INFO - (tensor([[[[0., 1., 1., 0., 0., 1., 1., 1., 0., 1., 0., 1., 0., 1., 1., 1., 1.,
           0., 0.],
          [0., 1., 1., 1., 0., 0., 1., 1., 1., 1., 1., 1., 0., 0., 1., 0., 0.,
           0., 0.],
          [0., 0., 0., 0., 0., 1., 0., 0., 0., 1., 1., 0., 0., 0., 1., 0., 1.,
           0., 1.],
          [0., 0., 0., 0., 0., 0., 1., 0., 0., 0., 1., 1., 1., 0., 0., 0., 0.,
           0., 1.],
          [1., 1., 1., 0., 1., 1., 1., 0., 0., 1., 1., 1., 0., 0., 1., 0., 1.,
           1., 1.],
          [1., 0., 0., 1., 0., 1., 0., 0., 1., 1., 0., 1., 0., 1., 0., 0., 0.,
           1., 1.],
          [0., 0., 1., 1., 0., 1., 1., 0., 0., 1., 0., 0., 0., 0., 1., 1., 1.,
           1., 0.],
          [1., 0., 0., 1., 1., 1., 1., 0., 1., 1., 0., 1., 0., 1., 1., 0., 0.,
           1., 1.],
          [1., 0., 1., 1., 0., 1., 1., 1., 0., 1., 1., 0., 0., 0., 1., 0., 0.,
           1., 1.],
          [1., 0., 0., 1., 1., 0., 1., 0., 1., 1., 0., 1., 1., 0., 0., 1., 1.,
           1., 1.],
          [0., 0., 1., 0., 0., 0., 0., 1., 0., 0., 1., 0., 1., 0., 1., 0., 1.,
           1., 1.],
          [0., 1., 0., 0., 1., 0., 1., 0., 0., 1., 0., 1., 0., 1., 0., 1., 0.,
           1., 1.],
          [0., 1., 0., 0., 1., 0., 0., 1., 0., 1., 0., 0., 1., 1., 0., 0., 0.,
           1., 0.],
          [0., 1., 1., 0., 0., 1., 0., 0., 1., 0., 0., 1., 0., 0., 1., 0., 0.,
           0., 1.],
          [1., 0., 1., 1., 0., 1., 1., 0., 1., 1., 1., 0., 0., 1., 1., 0., 0.,
           1., 0.],
          [1., 1., 0., 1., 0., 1., 0., 0., 1., 0., 0., 1., 0., 0., 0., 0., 0.,
           0., 1.],
          [1., 1., 0., 0., 0., 1., 1., 0., 0., 0., 0., 1., 1., 1., 1., 1., 1.,
           0., 1.],
          [1., 0., 1., 1., 0., 1., 0., 0., 1., 1., 0., 1., 0., 1., 1., 1., 1.,
           1., 1.],
          [1., 1., 1., 1., 1., 1., 0., 1., 0., 0., 0., 1., 1., 1., 1., 1., 1.,
           0., 1.]]]], device='cuda:0'), tensor([[0.6254]], device='cuda:0'))
2026-01-08 17:31:39 - INFO - [ 0.9954151  -0.04364244  0.00384519  0.02475147  0.0038452   0.02475147
  0.77078855 -0.343672  ]
2026-01-08 17:31:39 - INFO - (tensor([[[[0., 1., 1., 0., 0., 1., 1., 1., 0., 1., 0., 1., 0., 1., 1., 1., 1.,
           0., 0.],
          [0., 1., 1., 1., 0., 0., 1., 1., 1., 1., 1., 1., 0., 0., 1., 0., 0.,
           0., 0.],
          [0., 0., 0., 0., 0., 1., 0., 0., 0., 1., 1., 0., 0., 0., 1., 0., 1.,
           0., 1.],
          [0., 0., 0., 0., 0., 0., 1., 0., 0., 0., 1., 1., 1., 0., 0., 0., 0.,
           0., 1.],
          [1., 1., 1., 0., 1., 1., 1., 0., 0., 1., 1., 1., 0., 0., 1., 0., 1.,
           1., 1.],
          [1., 0., 0., 1., 0., 1., 0., 0., 1., 1., 0., 1., 0., 1., 0., 0., 0.,
           1., 1.],
          [0., 0., 1., 1., 0., 1., 1., 0., 0., 1., 0., 0., 0., 0., 1., 1., 1.,
           1., 0.],
          [1., 0., 0., 1., 1., 1., 1., 0., 1., 1., 0., 1., 0., 1., 1., 0., 0.,
           1., 1.],
          [1., 0., 1., 1., 0., 1., 1., 1., 0., 1., 1., 0., 0., 0., 1., 0., 0.,
           1., 1.],
          [1., 0., 0., 1., 1., 0., 1., 0., 1., 1., 0., 1., 1., 0., 0., 1., 1.,
           1., 1.],
          [0., 0., 1., 0., 0., 0., 0., 1., 0., 0., 1., 0., 1., 0., 1., 0., 1.,
           1., 1.],
          [0., 1., 0., 0., 1., 0., 1., 0., 0., 1., 0., 1., 0., 1., 0., 1., 0.,
           1., 1.],
          [0., 1., 0., 0., 1., 0., 0., 1., 0., 1., 0., 0., 1., 1., 0., 0., 0.,
           1., 0.],
          [0., 1., 1., 0., 0., 1., 0., 0., 1., 0., 0., 1., 0., 0., 1., 0., 0.,
           0., 1.],
          [1., 0., 1., 1., 0., 1., 1., 0., 1., 1., 1., 0., 0., 1., 1., 0., 0.,
           1., 0.],
          [1., 1., 0., 1., 0., 1., 0., 0., 1., 0., 0., 1., 0., 0., 0., 0., 0.,
           0., 1.],
          [1., 1., 0., 0., 0., 1., 1., 0., 0., 0., 0., 1., 1., 1., 1., 1., 1.,
           0., 1.],
          [1., 0., 1., 1., 0., 1., 0., 0., 1., 1., 0., 1., 0., 1., 1., 1., 1.,
           1., 1.],
          [1., 1., 1., 1., 1., 1., 0., 1., 0., 0., 0., 1., 1., 1., 1., 1., 1.,
           0., 1.]]]], device='cuda:0'), tensor([[0.6288]], device='cuda:0'))
2026-01-08 17:31:39 - INFO - [ 0.99538815 -0.0438722   0.00389021  0.0248425   0.00389022  0.02484249
  0.77003074 -0.3450032 ]
2026-01-08 17:31:39 - INFO - (tensor([[[[0., 1., 1., 0., 0., 1., 1., 1., 0., 1., 0., 1., 0., 1., 1., 1., 1.,
           0., 0.],
          [0., 1., 1., 1., 0., 0., 1., 1., 1., 1., 1., 1., 0., 0., 1., 0., 0.,
           0., 0.],
          [0., 0., 0., 0., 0., 1., 0., 0., 0., 1., 1., 0., 0., 0., 1., 0., 1.,
           0., 1.],
          [0., 0., 0., 0., 0., 0., 1., 0., 0., 0., 1., 1., 1., 0., 0., 0., 0.,
           0., 1.],
          [1., 1., 1., 0., 1., 1., 1., 0., 0., 1., 1., 1., 0., 0., 1., 0., 1.,
           1., 1.],
          [1., 0., 0., 1., 0., 1., 0., 0., 1., 1., 0., 1., 0., 1., 0., 0., 0.,
           1., 1.],
          [0., 0., 1., 1., 0., 1., 1., 0., 0., 1., 0., 0., 0., 0., 1., 1., 1.,
           1., 0.],
          [1., 0., 0., 1., 1., 1., 1., 0., 1., 1., 0., 1., 0., 1., 1., 0., 0.,
           1., 1.],
          [1., 0., 1., 1., 0., 1., 1., 1., 0., 1., 1., 0., 0., 0., 1., 0., 0.,
           1., 1.],
          [1., 0., 0., 1., 1., 0., 1., 0., 1., 1., 0., 1., 1., 0., 0., 1., 1.,
           1., 1.],
          [0., 0., 1., 0., 0., 0., 0., 1., 0., 0., 1., 0., 1., 0., 1., 0., 1.,
           1., 1.],
          [0., 1., 0., 0., 1., 0., 1., 0., 0., 1., 0., 1., 0., 1., 0., 1., 0.,
           1., 1.],
          [0., 1., 0., 0., 1., 0., 0., 1., 0., 1., 0., 0., 1., 1., 0., 0., 0.,
           1., 0.],
          [0., 1., 1., 0., 0., 1., 0., 0., 1., 0., 0., 1., 0., 0., 1., 0., 0.,
           0., 1.],
          [1., 0., 1., 1., 0., 1., 1., 0., 1., 1., 1., 0., 0., 1., 1., 0., 0.,
           1., 0.],
          [1., 1., 0., 1., 0., 1., 0., 0., 1., 0., 0., 1., 0., 0., 0., 0., 0.,
           0., 1.],
          [1., 1., 0., 0., 0., 1., 1., 0., 0., 0., 0., 1., 1., 1., 1., 1., 1.,
           0., 1.],
          [1., 0., 1., 1., 0., 1., 0., 0., 1., 1., 0., 1., 0., 1., 1., 1., 1.,
           1., 1.],
          [1., 1., 1., 1., 1., 1., 0., 1., 0., 0., 0., 1., 1., 1., 1., 1., 1.,
           0., 1.]]]], device='cuda:0'), tensor([[0.6321]], device='cuda:0'))
2026-01-08 17:31:39 - INFO - [ 0.9953563  -0.04411016  0.00393663  0.02493533  0.00393663  0.02493533
  0.76924264 -0.3463775 ]
2026-01-08 17:31:39 - INFO - (tensor([[[[0., 1., 1., 0., 0., 1., 1., 1., 0., 1., 0., 1., 0., 1., 1., 1., 1.,
           0., 0.],
          [0., 1., 1., 1., 0., 0., 1., 1., 1., 1., 1., 1., 0., 0., 1., 0., 0.,
           0., 0.],
          [0., 0., 0., 0., 0., 1., 0., 0., 0., 1., 1., 0., 0., 0., 1., 0., 1.,
           0., 1.],
          [0., 0., 0., 0., 0., 0., 1., 0., 0., 0., 1., 1., 1., 0., 0., 0., 0.,
           0., 1.],
          [1., 1., 1., 0., 1., 1., 1., 0., 0., 1., 1., 1., 0., 0., 1., 0., 1.,
           1., 1.],
          [1., 0., 0., 1., 0., 1., 0., 0., 1., 1., 0., 1., 0., 1., 0., 0., 0.,
           1., 1.],
          [0., 0., 1., 1., 0., 1., 1., 0., 0., 1., 0., 0., 0., 0., 1., 1., 1.,
           1., 0.],
          [1., 0., 0., 1., 1., 1., 1., 0., 1., 1., 0., 1., 0., 1., 1., 0., 0.,
           1., 1.],
          [1., 0., 1., 1., 0., 1., 1., 1., 0., 1., 1., 0., 0., 0., 1., 0., 0.,
           1., 1.],
          [1., 0., 0., 1., 1., 0., 1., 0., 1., 1., 0., 1., 1., 0., 0., 1., 1.,
           1., 1.],
          [0., 0., 1., 0., 0., 0., 0., 1., 0., 0., 1., 0., 1., 0., 1., 0., 1.,
           1., 1.],
          [0., 1., 0., 0., 1., 0., 1., 0., 0., 1., 0., 1., 0., 1., 0., 1., 0.,
           1., 1.],
          [0., 1., 0., 0., 1., 0., 0., 1., 0., 1., 0., 0., 1., 1., 0., 0., 0.,
           1., 0.],
          [0., 1., 1., 0., 0., 1., 0., 0., 1., 0., 0., 1., 0., 0., 1., 0., 0.,
           0., 1.],
          [1., 0., 1., 1., 0., 1., 1., 0., 1., 1., 1., 0., 0., 1., 1., 0., 0.,
           1., 0.],
          [1., 1., 0., 1., 0., 1., 0., 0., 1., 0., 0., 1., 0., 0., 0., 0., 0.,
           0., 1.],
          [1., 1., 0., 0., 0., 1., 1., 0., 0., 0., 0., 1., 1., 1., 1., 1., 1.,
           0., 1.],
          [1., 0., 1., 1., 0., 1., 0., 0., 1., 1., 0., 1., 0., 1., 1., 1., 1.,
           1., 1.],
          [1., 1., 1., 1., 1., 1., 0., 1., 0., 0., 0., 1., 1., 1., 1., 1., 1.,
           0., 1.]]]], device='cuda:0'), tensor([[0.6355]], device='cuda:0'))
2026-01-08 17:31:39 - INFO - [ 0.99532217 -0.04435407  0.0039842   0.02502923  0.0039842   0.02502924
  0.76844513 -0.3477711 ]
2026-01-08 17:31:39 - INFO - (tensor([[[[0., 1., 1., 0., 0., 1., 1., 1., 0., 1., 0., 1., 0., 1., 1., 1., 1.,
           0., 0.],
          [0., 1., 1., 1., 0., 0., 1., 1., 1., 1., 1., 1., 0., 0., 1., 0., 0.,
           0., 0.],
          [0., 0., 0., 0., 0., 1., 0., 0., 0., 1., 1., 0., 0., 0., 1., 0., 1.,
           0., 1.],
          [0., 0., 0., 0., 0., 0., 1., 0., 0., 0., 1., 1., 1., 0., 0., 0., 0.,
           0., 1.],
          [1., 1., 1., 0., 1., 1., 1., 0., 0., 1., 1., 1., 0., 0., 1., 0., 1.,
           1., 1.],
          [1., 0., 0., 1., 0., 1., 0., 0., 1., 1., 0., 1., 0., 1., 0., 0., 0.,
           1., 1.],
          [0., 0., 1., 1., 0., 1., 1., 0., 0., 1., 0., 0., 0., 0., 1., 1., 1.,
           1., 0.],
          [1., 0., 0., 1., 1., 1., 1., 0., 1., 1., 0., 1., 0., 1., 1., 0., 0.,
           1., 1.],
          [1., 0., 1., 1., 0., 1., 1., 1., 0., 1., 1., 0., 0., 0., 1., 0., 0.,
           1., 1.],
          [1., 0., 0., 1., 1., 0., 1., 0., 1., 1., 0., 1., 1., 0., 0., 1., 1.,
           1., 1.],
          [0., 0., 1., 0., 0., 0., 0., 1., 0., 0., 1., 0., 1., 0., 1., 0., 1.,
           1., 1.],
          [0., 1., 0., 0., 1., 0., 1., 0., 0., 1., 0., 1., 0., 1., 0., 1., 0.,
           1., 1.],
          [0., 1., 0., 0., 1., 0., 0., 1., 0., 1., 0., 0., 1., 1., 0., 0., 0.,
           1., 0.],
          [0., 1., 1., 0., 0., 1., 0., 0., 1., 0., 0., 1., 0., 0., 1., 0., 0.,
           0., 1.],
          [1., 0., 1., 1., 0., 1., 1., 0., 1., 1., 1., 0., 0., 1., 1., 0., 0.,
           1., 0.],
          [1., 1., 0., 1., 0., 1., 0., 0., 1., 0., 0., 1., 0., 0., 0., 0., 0.,
           0., 1.],
          [1., 1., 0., 0., 0., 1., 1., 0., 0., 0., 0., 1., 1., 1., 1., 1., 1.,
           0., 1.],
          [1., 0., 1., 1., 0., 1., 0., 0., 1., 1., 0., 1., 0., 1., 1., 1., 1.,
           1., 1.],
          [1., 1., 1., 1., 1., 1., 0., 1., 0., 0., 0., 1., 1., 1., 1., 1., 1.,
           0., 1.]]]], device='cuda:0'), tensor([[0.6388]], device='cuda:0'))
2026-01-08 17:31:39 - INFO - [ 0.99529517 -0.044601    0.00403341  0.02512529  0.00403341  0.02512528
  0.76763487 -0.3491929 ]
2026-01-08 17:31:39 - INFO - (tensor([[[[0., 1., 1., 0., 0., 1., 1., 1., 0., 1., 0., 1., 0., 1., 1., 1., 1.,
           0., 0.],
          [0., 1., 1., 1., 0., 0., 1., 1., 1., 1., 1., 1., 0., 0., 1., 0., 0.,
           0., 0.],
          [0., 0., 0., 0., 0., 1., 0., 0., 0., 1., 1., 0., 0., 0., 1., 0., 1.,
           0., 1.],
          [0., 0., 0., 0., 0., 0., 1., 0., 0., 0., 1., 1., 1., 0., 0., 0., 0.,
           0., 1.],
          [1., 1., 1., 0., 1., 1., 1., 0., 0., 1., 1., 1., 0., 0., 1., 0., 1.,
           1., 1.],
          [1., 0., 0., 1., 0., 1., 0., 0., 1., 1., 0., 1., 0., 1., 0., 0., 0.,
           1., 1.],
          [0., 0., 1., 1., 0., 1., 1., 0., 0., 1., 0., 0., 0., 0., 1., 1., 1.,
           1., 0.],
          [1., 0., 0., 1., 1., 1., 1., 0., 1., 1., 0., 1., 0., 1., 1., 0., 0.,
           1., 1.],
          [1., 0., 1., 1., 0., 1., 1., 1., 0., 1., 1., 0., 0., 0., 1., 0., 0.,
           1., 1.],
          [1., 0., 0., 1., 1., 0., 1., 0., 1., 1., 0., 1., 1., 0., 0., 1., 1.,
           1., 1.],
          [0., 0., 1., 0., 0., 0., 0., 1., 0., 0., 1., 0., 1., 0., 1., 0., 1.,
           1., 1.],
          [0., 1., 0., 0., 1., 0., 1., 0., 0., 1., 0., 1., 0., 1., 0., 1., 0.,
           1., 1.],
          [0., 1., 0., 0., 1., 0., 0., 1., 0., 1., 0., 0., 1., 1., 0., 0., 0.,
           1., 0.],
          [0., 1., 1., 0., 0., 1., 0., 0., 1., 0., 0., 1., 0., 0., 1., 0., 0.,
           0., 1.],
          [1., 0., 1., 1., 0., 1., 1., 0., 1., 1., 1., 0., 0., 1., 1., 0., 0.,
           1., 0.],
          [1., 1., 0., 1., 0., 1., 0., 0., 1., 0., 0., 1., 0., 0., 0., 0., 0.,
           0., 1.],
          [1., 1., 0., 0., 0., 1., 1., 0., 0., 0., 0., 1., 1., 1., 1., 1., 1.,
           0., 1.],
          [1., 0., 1., 1., 0., 1., 0., 0., 1., 1., 0., 1., 0., 1., 1., 1., 1.,
           1., 1.],
          [1., 1., 1., 1., 1., 1., 0., 1., 0., 0., 0., 1., 1., 1., 1., 1., 1.,
           0., 1.]]]], device='cuda:0'), tensor([[0.6421]], device='cuda:0'))
2026-01-08 17:31:39 - INFO - [ 0.99528694 -0.04484441  0.00408284  0.02522073  0.00408285  0.02522072
  0.7668395  -0.35058323]
2026-01-08 17:31:39 - INFO - (tensor([[[[0., 1., 1., 0., 0., 1., 1., 1., 0., 1., 0., 1., 0., 1., 1., 1., 1.,
           0., 0.],
          [0., 1., 1., 1., 0., 0., 1., 1., 1., 1., 1., 1., 0., 0., 1., 0., 0.,
           0., 0.],
          [0., 0., 0., 0., 0., 1., 0., 0., 0., 1., 1., 0., 0., 0., 1., 0., 1.,
           0., 1.],
          [0., 0., 0., 0., 0., 0., 1., 0., 0., 0., 1., 1., 1., 0., 0., 0., 0.,
           0., 1.],
          [1., 1., 1., 0., 1., 1., 1., 0., 0., 1., 1., 1., 0., 0., 1., 0., 1.,
           1., 1.],
          [1., 0., 0., 1., 0., 1., 0., 0., 1., 1., 0., 1., 0., 1., 0., 0., 0.,
           1., 1.],
          [0., 0., 1., 1., 0., 1., 1., 0., 0., 1., 0., 0., 0., 0., 1., 1., 1.,
           1., 0.],
          [1., 0., 0., 1., 1., 1., 1., 0., 1., 1., 0., 1., 0., 1., 1., 0., 0.,
           1., 1.],
          [1., 0., 1., 1., 0., 1., 1., 1., 0., 1., 1., 0., 0., 0., 1., 0., 0.,
           1., 1.],
          [1., 0., 0., 1., 1., 0., 1., 0., 1., 1., 0., 1., 1., 0., 0., 1., 1.,
           1., 1.],
          [0., 0., 1., 0., 0., 0., 0., 1., 0., 0., 1., 0., 1., 0., 1., 0., 1.,
           1., 1.],
          [0., 1., 0., 0., 1., 0., 1., 0., 0., 1., 0., 1., 0., 1., 0., 1., 0.,
           1., 1.],
          [0., 1., 0., 0., 1., 0., 0., 1., 0., 1., 0., 0., 1., 1., 0., 0., 0.,
           1., 0.],
          [0., 1., 1., 0., 0., 1., 0., 0., 1., 0., 0., 1., 0., 0., 1., 0., 0.,
           0., 1.],
          [1., 0., 1., 1., 0., 1., 1., 0., 1., 1., 1., 0., 0., 1., 1., 0., 0.,
           1., 0.],
          [1., 1., 0., 1., 0., 1., 0., 0., 1., 0., 0., 1., 0., 0., 0., 0., 0.,
           0., 1.],
          [1., 1., 0., 0., 0., 1., 1., 0., 0., 0., 0., 1., 1., 1., 1., 1., 1.,
           0., 1.],
          [1., 0., 1., 1., 0., 1., 0., 0., 1., 1., 0., 1., 0., 1., 1., 1., 1.,
           1., 1.],
          [1., 1., 1., 1., 1., 1., 0., 1., 0., 0., 0., 1., 1., 1., 1., 1., 1.,
           0., 1.]]]], device='cuda:0'), tensor([[0.6455]], device='cuda:0'))
2026-01-08 17:31:39 - INFO - [ 0.9952803  -0.04509931  0.00413314  0.02532136  0.00413314  0.02532135
  0.7660425  -0.3519903 ]
2026-01-08 17:31:39 - INFO - (tensor([[[[0., 1., 1., 0., 0., 1., 1., 1., 0., 1., 0., 1., 0., 1., 1., 1., 1.,
           0., 0.],
          [0., 1., 1., 1., 0., 0., 1., 1., 1., 1., 1., 1., 0., 0., 1., 0., 0.,
           0., 0.],
          [0., 0., 0., 0., 0., 1., 0., 0., 0., 1., 1., 0., 0., 0., 1., 0., 1.,
           0., 1.],
          [0., 0., 0., 0., 0., 0., 1., 0., 0., 0., 1., 1., 1., 0., 0., 0., 0.,
           0., 1.],
          [1., 1., 1., 0., 1., 1., 1., 0., 0., 1., 1., 1., 0., 0., 1., 0., 1.,
           1., 1.],
          [1., 0., 0., 1., 0., 1., 0., 0., 1., 1., 0., 1., 0., 1., 0., 0., 0.,
           1., 1.],
          [0., 0., 1., 1., 0., 1., 1., 0., 0., 1., 0., 0., 0., 0., 1., 1., 1.,
           1., 0.],
          [1., 0., 0., 1., 1., 1., 1., 0., 1., 1., 0., 1., 0., 1., 1., 0., 0.,
           1., 1.],
          [1., 0., 1., 1., 0., 1., 1., 1., 0., 1., 1., 0., 0., 0., 1., 0., 0.,
           1., 1.],
          [1., 0., 0., 1., 1., 0., 1., 0., 1., 1., 0., 1., 1., 0., 0., 1., 1.,
           1., 1.],
          [0., 0., 1., 0., 0., 0., 0., 1., 0., 0., 1., 0., 1., 0., 1., 0., 1.,
           1., 1.],
          [0., 1., 0., 0., 1., 0., 1., 0., 0., 1., 0., 1., 0., 1., 0., 1., 0.,
           1., 1.],
          [0., 1., 0., 0., 1., 0., 0., 1., 0., 1., 0., 0., 1., 1., 0., 0., 0.,
           1., 0.],
          [0., 1., 1., 0., 0., 1., 0., 0., 1., 0., 0., 1., 0., 0., 1., 0., 0.,
           0., 1.],
          [1., 0., 1., 1., 0., 1., 1., 0., 1., 1., 1., 0., 0., 1., 1., 0., 0.,
           1., 0.],
          [1., 1., 0., 1., 0., 1., 0., 0., 1., 0., 0., 1., 0., 0., 0., 0., 0.,
           0., 1.],
          [1., 1., 0., 0., 0., 1., 1., 0., 0., 0., 0., 1., 1., 1., 1., 1., 1.,
           0., 1.],
          [1., 0., 1., 1., 0., 1., 0., 0., 1., 1., 0., 1., 0., 1., 1., 1., 1.,
           1., 1.],
          [1., 1., 1., 1., 1., 1., 0., 1., 0., 0., 0., 1., 1., 1., 1., 1., 1.,
           0., 1.]]]], device='cuda:0'), tensor([[0.6488]], device='cuda:0'))
2026-01-08 17:31:39 - INFO - [ 0.9952727  -0.04536926  0.00418644  0.02542762  0.00418644  0.02542763
  0.7651977  -0.35346538]
2026-01-08 17:31:39 - INFO - (tensor([[[[0., 1., 1., 0., 0., 1., 1., 1., 0., 1., 0., 1., 0., 1., 1., 1., 1.,
           0., 0.],
          [0., 1., 1., 1., 0., 0., 1., 1., 1., 1., 1., 1., 0., 0., 1., 0., 0.,
           0., 0.],
          [0., 0., 0., 0., 0., 1., 0., 0., 0., 1., 1., 0., 0., 0., 1., 0., 1.,
           0., 1.],
          [0., 0., 0., 0., 0., 0., 1., 0., 0., 0., 1., 1., 1., 0., 0., 0., 0.,
           0., 1.],
          [1., 1., 1., 0., 1., 1., 1., 0., 0., 1., 1., 1., 0., 0., 1., 0., 1.,
           1., 1.],
          [1., 0., 0., 1., 0., 1., 0., 0., 1., 1., 0., 1., 0., 1., 0., 0., 0.,
           1., 1.],
          [0., 0., 1., 1., 0., 1., 1., 0., 0., 1., 0., 0., 0., 0., 1., 1., 1.,
           1., 0.],
          [1., 0., 0., 1., 1., 1., 1., 0., 1., 1., 0., 1., 0., 1., 1., 0., 0.,
           1., 1.],
          [1., 0., 1., 1., 0., 1., 1., 1., 0., 1., 1., 0., 0., 0., 1., 0., 0.,
           1., 1.],
          [1., 0., 0., 1., 1., 0., 1., 0., 1., 1., 0., 1., 1., 0., 0., 1., 1.,
           1., 1.],
          [0., 0., 1., 0., 0., 0., 0., 1., 0., 0., 1., 0., 1., 0., 1., 0., 1.,
           1., 1.],
          [0., 1., 0., 0., 1., 0., 1., 0., 0., 1., 0., 1., 0., 1., 0., 1., 0.,
           1., 1.],
          [0., 1., 0., 0., 1., 0., 0., 1., 0., 1., 0., 0., 1., 1., 0., 0., 0.,
           1., 0.],
          [0., 1., 1., 0., 0., 1., 0., 0., 1., 0., 0., 1., 0., 0., 1., 0., 0.,
           0., 1.],
          [1., 0., 1., 1., 0., 1., 1., 0., 1., 1., 1., 0., 0., 1., 1., 0., 0.,
           1., 0.],
          [1., 1., 0., 1., 0., 1., 0., 0., 1., 0., 0., 1., 0., 0., 0., 0., 0.,
           0., 1.],
          [1., 1., 0., 0., 0., 1., 1., 0., 0., 0., 0., 1., 1., 1., 1., 1., 1.,
           0., 1.],
          [1., 0., 1., 1., 0., 1., 0., 0., 1., 1., 0., 1., 0., 1., 1., 1., 1.,
           1., 1.],
          [1., 1., 1., 1., 1., 1., 0., 1., 0., 0., 0., 1., 1., 1., 1., 1., 1.,
           0., 1.]]]], device='cuda:0'), tensor([[0.6522]], device='cuda:0'))
2026-01-08 17:31:39 - INFO - [ 0.99526477 -0.04550743  0.00422593  0.02550924  0.00422594  0.02550924
  0.76451236 -0.35496327]
2026-01-08 17:31:39 - INFO - (tensor([[[[0., 1., 1., 0., 0., 1., 1., 1., 0., 1., 0., 1., 0., 1., 1., 1., 1.,
           0., 0.],
          [0., 1., 1., 1., 0., 0., 1., 1., 1., 1., 1., 1., 0., 0., 1., 0., 0.,
           0., 0.],
          [0., 0., 0., 0., 0., 1., 0., 0., 0., 1., 1., 0., 0., 0., 1., 0., 1.,
           0., 1.],
          [0., 0., 0., 0., 0., 0., 1., 0., 0., 0., 1., 1., 1., 0., 0., 0., 0.,
           0., 1.],
          [1., 1., 1., 0., 1., 1., 1., 0., 0., 1., 1., 1., 0., 0., 1., 0., 1.,
           1., 1.],
          [1., 0., 0., 1., 0., 1., 0., 0., 1., 1., 0., 1., 0., 1., 0., 0., 0.,
           1., 1.],
          [0., 0., 1., 1., 0., 1., 1., 0., 0., 1., 0., 0., 0., 0., 1., 1., 1.,
           1., 0.],
          [1., 0., 0., 1., 1., 1., 1., 0., 1., 1., 0., 1., 0., 1., 1., 0., 0.,
           1., 1.],
          [1., 0., 1., 1., 0., 1., 1., 1., 0., 1., 1., 0., 0., 0., 1., 0., 0.,
           1., 1.],
          [1., 0., 0., 1., 1., 0., 1., 0., 1., 1., 0., 1., 1., 0., 0., 1., 1.,
           1., 1.],
          [0., 0., 1., 0., 0., 0., 0., 1., 0., 0., 1., 0., 1., 0., 1., 0., 1.,
           1., 1.],
          [0., 1., 0., 0., 1., 0., 1., 0., 0., 1., 0., 1., 0., 1., 0., 1., 0.,
           1., 1.],
          [0., 1., 0., 0., 1., 0., 0., 1., 0., 1., 0., 0., 1., 1., 0., 0., 0.,
           1., 0.],
          [0., 1., 1., 0., 0., 1., 0., 0., 1., 0., 0., 1., 0., 0., 1., 0., 0.,
           0., 1.],
          [1., 0., 1., 1., 0., 1., 1., 0., 1., 1., 1., 0., 0., 1., 1., 0., 0.,
           1., 0.],
          [1., 1., 0., 1., 0., 1., 0., 0., 1., 0., 0., 1., 0., 0., 0., 0., 0.,
           0., 1.],
          [1., 1., 0., 0., 0., 1., 1., 0., 0., 0., 0., 1., 1., 1., 1., 1., 1.,
           0., 1.],
          [1., 0., 1., 1., 0., 1., 0., 0., 1., 1., 0., 1., 0., 1., 1., 1., 1.,
           1., 1.],
          [1., 1., 1., 1., 1., 1., 0., 1., 0., 0., 0., 1., 1., 1., 1., 1., 1.,
           0., 1.]]]], device='cuda:0'), tensor([[0.6555]], device='cuda:0'))
2026-01-08 17:31:39 - INFO - [ 0.99523777 -0.04560757  0.00427109  0.02561642  0.00427108  0.02561642
  0.7637345  -0.35675907]
2026-01-08 17:31:39 - INFO - (tensor([[[[0., 1., 1., 0., 0., 1., 1., 1., 0., 1., 0., 1., 0., 1., 1., 1., 1.,
           0., 0.],
          [0., 1., 1., 1., 0., 0., 1., 1., 1., 1., 1., 1., 0., 0., 1., 0., 0.,
           0., 0.],
          [0., 0., 0., 0., 0., 1., 0., 0., 0., 1., 1., 0., 0., 0., 1., 0., 1.,
           0., 1.],
          [0., 0., 0., 0., 0., 0., 1., 0., 0., 0., 1., 1., 1., 0., 0., 0., 0.,
           0., 1.],
          [1., 1., 1., 0., 1., 1., 1., 0., 0., 1., 1., 1., 0., 0., 1., 0., 1.,
           1., 1.],
          [1., 0., 0., 1., 0., 1., 0., 0., 1., 1., 0., 1., 0., 1., 0., 0., 0.,
           1., 1.],
          [0., 0., 1., 1., 0., 1., 1., 0., 0., 1., 0., 0., 0., 0., 1., 1., 1.,
           1., 0.],
          [1., 0., 0., 1., 1., 1., 1., 0., 1., 1., 0., 1., 0., 1., 1., 0., 0.,
           1., 1.],
          [1., 0., 1., 1., 0., 1., 1., 1., 0., 1., 1., 0., 0., 0., 1., 0., 0.,
           1., 1.],
          [1., 0., 0., 1., 1., 0., 1., 0., 1., 1., 0., 1., 1., 0., 0., 1., 1.,
           1., 1.],
          [0., 0., 1., 0., 0., 0., 0., 1., 0., 0., 1., 0., 1., 0., 1., 0., 1.,
           1., 1.],
          [0., 1., 0., 0., 1., 0., 1., 0., 0., 1., 0., 1., 0., 1., 0., 1., 0.,
           1., 1.],
          [0., 1., 0., 0., 1., 0., 0., 1., 0., 1., 0., 0., 1., 1., 0., 0., 0.,
           1., 0.],
          [0., 1., 1., 0., 0., 1., 0., 0., 1., 0., 0., 1., 0., 0., 1., 0., 0.,
           0., 1.],
          [1., 0., 1., 1., 0., 1., 1., 0., 1., 1., 1., 0., 0., 1., 1., 0., 0.,
           1., 0.],
          [1., 1., 0., 1., 0., 1., 0., 0., 1., 0., 0., 1., 0., 0., 0., 0., 0.,
           0., 1.],
          [1., 1., 0., 0., 0., 1., 1., 0., 0., 0., 0., 1., 1., 1., 1., 1., 1.,
           0., 1.],
          [1., 0., 1., 1., 0., 1., 0., 0., 1., 1., 0., 1., 0., 1., 1., 1., 1.,
           1., 1.],
          [1., 1., 1., 1., 1., 1., 0., 1., 0., 0., 0., 1., 1., 1., 1., 1., 1.,
           0., 1.]]]], device='cuda:0'), tensor([[0.6589]], device='cuda:0'))
2026-01-08 17:31:39 - INFO - [ 0.99520594 -0.04572123  0.00431894  0.02572891  0.00431895  0.02572891
  0.762823   -0.35884628]
2026-01-08 17:31:39 - INFO - (tensor([[[[0., 1., 1., 0., 0., 1., 1., 1., 0., 1., 0., 1., 0., 1., 1., 1., 1.,
           0., 0.],
          [0., 1., 1., 1., 0., 0., 1., 1., 1., 1., 1., 1., 0., 0., 1., 0., 0.,
           0., 0.],
          [0., 0., 0., 0., 0., 1., 0., 0., 0., 1., 1., 0., 0., 0., 1., 0., 1.,
           0., 1.],
          [0., 0., 0., 0., 0., 0., 1., 0., 0., 0., 1., 1., 1., 0., 0., 0., 0.,
           0., 1.],
          [1., 1., 1., 0., 1., 1., 1., 0., 0., 1., 1., 1., 0., 0., 1., 0., 1.,
           1., 1.],
          [1., 0., 0., 1., 0., 1., 0., 0., 1., 1., 0., 1., 0., 1., 0., 0., 0.,
           1., 1.],
          [0., 0., 1., 1., 0., 1., 1., 0., 0., 1., 0., 0., 0., 0., 1., 1., 1.,
           1., 0.],
          [1., 0., 0., 1., 1., 1., 1., 0., 1., 1., 0., 1., 0., 1., 1., 0., 0.,
           1., 1.],
          [1., 0., 1., 1., 0., 1., 1., 1., 0., 1., 1., 0., 0., 0., 1., 0., 0.,
           1., 1.],
          [1., 0., 0., 1., 1., 0., 1., 0., 1., 1., 0., 1., 1., 0., 0., 1., 1.,
           1., 1.],
          [0., 0., 1., 0., 0., 0., 0., 1., 0., 0., 1., 0., 1., 0., 1., 0., 1.,
           1., 1.],
          [0., 1., 0., 0., 1., 0., 1., 0., 0., 1., 0., 1., 0., 1., 0., 1., 0.,
           1., 1.],
          [0., 1., 0., 0., 1., 0., 0., 1., 0., 1., 0., 0., 1., 1., 0., 0., 0.,
           1., 0.],
          [0., 1., 1., 0., 0., 1., 0., 0., 1., 0., 0., 1., 0., 0., 1., 0., 0.,
           0., 1.],
          [1., 0., 1., 1., 0., 1., 1., 0., 1., 1., 1., 0., 0., 1., 1., 0., 0.,
           1., 0.],
          [1., 1., 0., 1., 0., 1., 0., 0., 1., 0., 0., 1., 0., 0., 0., 0., 0.,
           0., 1.],
          [1., 1., 0., 0., 0., 1., 1., 0., 0., 0., 0., 1., 1., 1., 1., 1., 1.,
           0., 1.],
          [1., 0., 1., 1., 0., 1., 0., 0., 1., 1., 0., 1., 0., 1., 1., 1., 1.,
           1., 1.],
          [1., 1., 1., 1., 1., 1., 0., 1., 0., 0., 0., 1., 1., 1., 1., 1., 1.,
           0., 1.]]]], device='cuda:0'), tensor([[0.6622]], device='cuda:0'))
2026-01-08 17:31:39 - INFO - [ 0.995172   -0.04586265  0.00437915  0.02588004  0.00437915  0.02588004
  0.76214737 -0.36008322]
2026-01-08 17:31:39 - INFO -   预测进度: 201/301
2026-01-08 17:31:39 - INFO - (tensor([[[[0., 1., 1., 0., 0., 1., 1., 1., 0., 1., 0., 1., 0., 1., 1., 1., 1.,
           0., 0.],
          [0., 1., 1., 1., 0., 0., 1., 1., 1., 1., 1., 1., 0., 0., 1., 0., 0.,
           0., 0.],
          [0., 0., 0., 0., 0., 1., 0., 0., 0., 1., 1., 0., 0., 0., 1., 0., 1.,
           0., 1.],
          [0., 0., 0., 0., 0., 0., 1., 0., 0., 0., 1., 1., 1., 0., 0., 0., 0.,
           0., 1.],
          [1., 1., 1., 0., 1., 1., 1., 0., 0., 1., 1., 1., 0., 0., 1., 0., 1.,
           1., 1.],
          [1., 0., 0., 1., 0., 1., 0., 0., 1., 1., 0., 1., 0., 1., 0., 0., 0.,
           1., 1.],
          [0., 0., 1., 1., 0., 1., 1., 0., 0., 1., 0., 0., 0., 0., 1., 1., 1.,
           1., 0.],
          [1., 0., 0., 1., 1., 1., 1., 0., 1., 1., 0., 1., 0., 1., 1., 0., 0.,
           1., 1.],
          [1., 0., 1., 1., 0., 1., 1., 1., 0., 1., 1., 0., 0., 0., 1., 0., 0.,
           1., 1.],
          [1., 0., 0., 1., 1., 0., 1., 0., 1., 1., 0., 1., 1., 0., 0., 1., 1.,
           1., 1.],
          [0., 0., 1., 0., 0., 0., 0., 1., 0., 0., 1., 0., 1., 0., 1., 0., 1.,
           1., 1.],
          [0., 1., 0., 0., 1., 0., 1., 0., 0., 1., 0., 1., 0., 1., 0., 1., 0.,
           1., 1.],
          [0., 1., 0., 0., 1., 0., 0., 1., 0., 1., 0., 0., 1., 1., 0., 0., 0.,
           1., 0.],
          [0., 1., 1., 0., 0., 1., 0., 0., 1., 0., 0., 1., 0., 0., 1., 0., 0.,
           0., 1.],
          [1., 0., 1., 1., 0., 1., 1., 0., 1., 1., 1., 0., 0., 1., 1., 0., 0.,
           1., 0.],
          [1., 1., 0., 1., 0., 1., 0., 0., 1., 0., 0., 1., 0., 0., 0., 0., 0.,
           0., 1.],
          [1., 1., 0., 0., 0., 1., 1., 0., 0., 0., 0., 1., 1., 1., 1., 1., 1.,
           0., 1.],
          [1., 0., 1., 1., 0., 1., 0., 0., 1., 1., 0., 1., 0., 1., 1., 1., 1.,
           1., 1.],
          [1., 1., 1., 1., 1., 1., 0., 1., 0., 0., 0., 1., 1., 1., 1., 1., 1.,
           0., 1.]]]], device='cuda:0'), tensor([[0.6656]], device='cuda:0'))
2026-01-08 17:31:39 - INFO - [ 0.9951378  -0.04602548  0.00444192  0.02604164  0.00444192  0.02604164
  0.7615251  -0.36118272]
2026-01-08 17:31:39 - INFO - (tensor([[[[0., 1., 1., 0., 0., 1., 1., 1., 0., 1., 0., 1., 0., 1., 1., 1., 1.,
           0., 0.],
          [0., 1., 1., 1., 0., 0., 1., 1., 1., 1., 1., 1., 0., 0., 1., 0., 0.,
           0., 0.],
          [0., 0., 0., 0., 0., 1., 0., 0., 0., 1., 1., 0., 0., 0., 1., 0., 1.,
           0., 1.],
          [0., 0., 0., 0., 0., 0., 1., 0., 0., 0., 1., 1., 1., 0., 0., 0., 0.,
           0., 1.],
          [1., 1., 1., 0., 1., 1., 1., 0., 0., 1., 1., 1., 0., 0., 1., 0., 1.,
           1., 1.],
          [1., 0., 0., 1., 0., 1., 0., 0., 1., 1., 0., 1., 0., 1., 0., 0., 0.,
           1., 1.],
          [0., 0., 1., 1., 0., 1., 1., 0., 0., 1., 0., 0., 0., 0., 1., 1., 1.,
           1., 0.],
          [1., 0., 0., 1., 1., 1., 1., 0., 1., 1., 0., 1., 0., 1., 1., 0., 0.,
           1., 1.],
          [1., 0., 1., 1., 0., 1., 1., 1., 0., 1., 1., 0., 0., 0., 1., 0., 0.,
           1., 1.],
          [1., 0., 0., 1., 1., 0., 1., 0., 1., 1., 0., 1., 1., 0., 0., 1., 1.,
           1., 1.],
          [0., 0., 1., 0., 0., 0., 0., 1., 0., 0., 1., 0., 1., 0., 1., 0., 1.,
           1., 1.],
          [0., 1., 0., 0., 1., 0., 1., 0., 0., 1., 0., 1., 0., 1., 0., 1., 0.,
           1., 1.],
          [0., 1., 0., 0., 1., 0., 0., 1., 0., 1., 0., 0., 1., 1., 0., 0., 0.,
           1., 0.],
          [0., 1., 1., 0., 0., 1., 0., 0., 1., 0., 0., 1., 0., 0., 1., 0., 0.,
           0., 1.],
          [1., 0., 1., 1., 0., 1., 1., 0., 1., 1., 1., 0., 0., 1., 1., 0., 0.,
           1., 0.],
          [1., 1., 0., 1., 0., 1., 0., 0., 1., 0., 0., 1., 0., 0., 0., 0., 0.,
           0., 1.],
          [1., 1., 0., 0., 0., 1., 1., 0., 0., 0., 0., 1., 1., 1., 1., 1., 1.,
           0., 1.],
          [1., 0., 1., 1., 0., 1., 0., 0., 1., 1., 0., 1., 0., 1., 1., 1., 1.,
           1., 1.],
          [1., 1., 1., 1., 1., 1., 0., 1., 0., 0., 0., 1., 1., 1., 1., 1., 1.,
           0., 1.]]]], device='cuda:0'), tensor([[0.6689]], device='cuda:0'))
2026-01-08 17:31:39 - INFO - [ 0.9951033  -0.04622101  0.00450843  0.02621646  0.00450843  0.02621647
  0.7608638  -0.36246103]
2026-01-08 17:31:39 - INFO - (tensor([[[[0., 1., 1., 0., 0., 1., 1., 1., 0., 1., 0., 1., 0., 1., 1., 1., 1.,
           0., 0.],
          [0., 1., 1., 1., 0., 0., 1., 1., 1., 1., 1., 1., 0., 0., 1., 0., 0.,
           0., 0.],
          [0., 0., 0., 0., 0., 1., 0., 0., 0., 1., 1., 0., 0., 0., 1., 0., 1.,
           0., 1.],
          [0., 0., 0., 0., 0., 0., 1., 0., 0., 0., 1., 1., 1., 0., 0., 0., 0.,
           0., 1.],
          [1., 1., 1., 0., 1., 1., 1., 0., 0., 1., 1., 1., 0., 0., 1., 0., 1.,
           1., 1.],
          [1., 0., 0., 1., 0., 1., 0., 0., 1., 1., 0., 1., 0., 1., 0., 0., 0.,
           1., 1.],
          [0., 0., 1., 1., 0., 1., 1., 0., 0., 1., 0., 0., 0., 0., 1., 1., 1.,
           1., 0.],
          [1., 0., 0., 1., 1., 1., 1., 0., 1., 1., 0., 1., 0., 1., 1., 0., 0.,
           1., 1.],
          [1., 0., 1., 1., 0., 1., 1., 1., 0., 1., 1., 0., 0., 0., 1., 0., 0.,
           1., 1.],
          [1., 0., 0., 1., 1., 0., 1., 0., 1., 1., 0., 1., 1., 0., 0., 1., 1.,
           1., 1.],
          [0., 0., 1., 0., 0., 0., 0., 1., 0., 0., 1., 0., 1., 0., 1., 0., 1.,
           1., 1.],
          [0., 1., 0., 0., 1., 0., 1., 0., 0., 1., 0., 1., 0., 1., 0., 1., 0.,
           1., 1.],
          [0., 1., 0., 0., 1., 0., 0., 1., 0., 1., 0., 0., 1., 1., 0., 0., 0.,
           1., 0.],
          [0., 1., 1., 0., 0., 1., 0., 0., 1., 0., 0., 1., 0., 0., 1., 0., 0.,
           0., 1.],
          [1., 0., 1., 1., 0., 1., 1., 0., 1., 1., 1., 0., 0., 1., 1., 0., 0.,
           1., 0.],
          [1., 1., 0., 1., 0., 1., 0., 0., 1., 0., 0., 1., 0., 0., 0., 0., 0.,
           0., 1.],
          [1., 1., 0., 0., 0., 1., 1., 0., 0., 0., 0., 1., 1., 1., 1., 1., 1.,
           0., 1.],
          [1., 0., 1., 1., 0., 1., 0., 0., 1., 1., 0., 1., 0., 1., 1., 1., 1.,
           1., 1.],
          [1., 1., 1., 1., 1., 1., 0., 1., 0., 0., 0., 1., 1., 1., 1., 1., 1.,
           0., 1.]]]], device='cuda:0'), tensor([[0.6722]], device='cuda:0'))
2026-01-08 17:31:39 - INFO - [ 0.9950786  -0.046361    0.00456169  0.02638023  0.00456169  0.02638023
  0.7602919  -0.36356533]
2026-01-08 17:31:39 - INFO - (tensor([[[[0., 1., 1., 0., 0., 1., 1., 1., 0., 1., 0., 1., 0., 1., 1., 1., 1.,
           0., 0.],
          [0., 1., 1., 1., 0., 0., 1., 1., 1., 1., 1., 1., 0., 0., 1., 0., 0.,
           0., 0.],
          [0., 0., 0., 0., 0., 1., 0., 0., 0., 1., 1., 0., 0., 0., 1., 0., 1.,
           0., 1.],
          [0., 0., 0., 0., 0., 0., 1., 0., 0., 0., 1., 1., 1., 0., 0., 0., 0.,
           0., 1.],
          [1., 1., 1., 0., 1., 1., 1., 0., 0., 1., 1., 1., 0., 0., 1., 0., 1.,
           1., 1.],
          [1., 0., 0., 1., 0., 1., 0., 0., 1., 1., 0., 1., 0., 1., 0., 0., 0.,
           1., 1.],
          [0., 0., 1., 1., 0., 1., 1., 0., 0., 1., 0., 0., 0., 0., 1., 1., 1.,
           1., 0.],
          [1., 0., 0., 1., 1., 1., 1., 0., 1., 1., 0., 1., 0., 1., 1., 0., 0.,
           1., 1.],
          [1., 0., 1., 1., 0., 1., 1., 1., 0., 1., 1., 0., 0., 0., 1., 0., 0.,
           1., 1.],
          [1., 0., 0., 1., 1., 0., 1., 0., 1., 1., 0., 1., 1., 0., 0., 1., 1.,
           1., 1.],
          [0., 0., 1., 0., 0., 0., 0., 1., 0., 0., 1., 0., 1., 0., 1., 0., 1.,
           1., 1.],
          [0., 1., 0., 0., 1., 0., 1., 0., 0., 1., 0., 1., 0., 1., 0., 1., 0.,
           1., 1.],
          [0., 1., 0., 0., 1., 0., 0., 1., 0., 1., 0., 0., 1., 1., 0., 0., 0.,
           1., 0.],
          [0., 1., 1., 0., 0., 1., 0., 0., 1., 0., 0., 1., 0., 0., 1., 0., 0.,
           0., 1.],
          [1., 0., 1., 1., 0., 1., 1., 0., 1., 1., 1., 0., 0., 1., 1., 0., 0.,
           1., 0.],
          [1., 1., 0., 1., 0., 1., 0., 0., 1., 0., 0., 1., 0., 0., 0., 0., 0.,
           0., 1.],
          [1., 1., 0., 0., 0., 1., 1., 0., 0., 0., 0., 1., 1., 1., 1., 1., 1.,
           0., 1.],
          [1., 0., 1., 1., 0., 1., 0., 0., 1., 1., 0., 1., 0., 1., 1., 1., 1.,
           1., 1.],
          [1., 1., 1., 1., 1., 1., 0., 1., 0., 0., 0., 1., 1., 1., 1., 1., 1.,
           0., 1.]]]], device='cuda:0'), tensor([[0.6756]], device='cuda:0'))
2026-01-08 17:31:39 - INFO - [ 0.99506307 -0.04653098  0.00459719  0.02645593  0.00459718  0.02645593
  0.7597663  -0.36456347]
2026-01-08 17:31:39 - INFO - (tensor([[[[0., 1., 1., 0., 0., 1., 1., 1., 0., 1., 0., 1., 0., 1., 1., 1., 1.,
           0., 0.],
          [0., 1., 1., 1., 0., 0., 1., 1., 1., 1., 1., 1., 0., 0., 1., 0., 0.,
           0., 0.],
          [0., 0., 0., 0., 0., 1., 0., 0., 0., 1., 1., 0., 0., 0., 1., 0., 1.,
           0., 1.],
          [0., 0., 0., 0., 0., 0., 1., 0., 0., 0., 1., 1., 1., 0., 0., 0., 0.,
           0., 1.],
          [1., 1., 1., 0., 1., 1., 1., 0., 0., 1., 1., 1., 0., 0., 1., 0., 1.,
           1., 1.],
          [1., 0., 0., 1., 0., 1., 0., 0., 1., 1., 0., 1., 0., 1., 0., 0., 0.,
           1., 1.],
          [0., 0., 1., 1., 0., 1., 1., 0., 0., 1., 0., 0., 0., 0., 1., 1., 1.,
           1., 0.],
          [1., 0., 0., 1., 1., 1., 1., 0., 1., 1., 0., 1., 0., 1., 1., 0., 0.,
           1., 1.],
          [1., 0., 1., 1., 0., 1., 1., 1., 0., 1., 1., 0., 0., 0., 1., 0., 0.,
           1., 1.],
          [1., 0., 0., 1., 1., 0., 1., 0., 1., 1., 0., 1., 1., 0., 0., 1., 1.,
           1., 1.],
          [0., 0., 1., 0., 0., 0., 0., 1., 0., 0., 1., 0., 1., 0., 1., 0., 1.,
           1., 1.],
          [0., 1., 0., 0., 1., 0., 1., 0., 0., 1., 0., 1., 0., 1., 0., 1., 0.,
           1., 1.],
          [0., 1., 0., 0., 1., 0., 0., 1., 0., 1., 0., 0., 1., 1., 0., 0., 0.,
           1., 0.],
          [0., 1., 1., 0., 0., 1., 0., 0., 1., 0., 0., 1., 0., 0., 1., 0., 0.,
           0., 1.],
          [1., 0., 1., 1., 0., 1., 1., 0., 1., 1., 1., 0., 0., 1., 1., 0., 0.,
           1., 0.],
          [1., 1., 0., 1., 0., 1., 0., 0., 1., 0., 0., 1., 0., 0., 0., 0., 0.,
           0., 1.],
          [1., 1., 0., 0., 0., 1., 1., 0., 0., 0., 0., 1., 1., 1., 1., 1., 1.,
           0., 1.],
          [1., 0., 1., 1., 0., 1., 0., 0., 1., 1., 0., 1., 0., 1., 1., 1., 1.,
           1., 1.],
          [1., 1., 1., 1., 1., 1., 0., 1., 0., 0., 0., 1., 1., 1., 1., 1., 1.,
           0., 1.]]]], device='cuda:0'), tensor([[0.6789]], device='cuda:0'))
2026-01-08 17:31:39 - INFO - [ 0.9950406  -0.04677774  0.00463794  0.02654577  0.00463795  0.02654578
  0.7590685  -0.3658652 ]
2026-01-08 17:31:39 - INFO - (tensor([[[[0., 1., 1., 0., 0., 1., 1., 1., 0., 1., 0., 1., 0., 1., 1., 1., 1.,
           0., 0.],
          [0., 1., 1., 1., 0., 0., 1., 1., 1., 1., 1., 1., 0., 0., 1., 0., 0.,
           0., 0.],
          [0., 0., 0., 0., 0., 1., 0., 0., 0., 1., 1., 0., 0., 0., 1., 0., 1.,
           0., 1.],
          [0., 0., 0., 0., 0., 0., 1., 0., 0., 0., 1., 1., 1., 0., 0., 0., 0.,
           0., 1.],
          [1., 1., 1., 0., 1., 1., 1., 0., 0., 1., 1., 1., 0., 0., 1., 0., 1.,
           1., 1.],
          [1., 0., 0., 1., 0., 1., 0., 0., 1., 1., 0., 1., 0., 1., 0., 0., 0.,
           1., 1.],
          [0., 0., 1., 1., 0., 1., 1., 0., 0., 1., 0., 0., 0., 0., 1., 1., 1.,
           1., 0.],
          [1., 0., 0., 1., 1., 1., 1., 0., 1., 1., 0., 1., 0., 1., 1., 0., 0.,
           1., 1.],
          [1., 0., 1., 1., 0., 1., 1., 1., 0., 1., 1., 0., 0., 0., 1., 0., 0.,
           1., 1.],
          [1., 0., 0., 1., 1., 0., 1., 0., 1., 1., 0., 1., 1., 0., 0., 1., 1.,
           1., 1.],
          [0., 0., 1., 0., 0., 0., 0., 1., 0., 0., 1., 0., 1., 0., 1., 0., 1.,
           1., 1.],
          [0., 1., 0., 0., 1., 0., 1., 0., 0., 1., 0., 1., 0., 1., 0., 1., 0.,
           1., 1.],
          [0., 1., 0., 0., 1., 0., 0., 1., 0., 1., 0., 0., 1., 1., 0., 0., 0.,
           1., 0.],
          [0., 1., 1., 0., 0., 1., 0., 0., 1., 0., 0., 1., 0., 0., 1., 0., 0.,
           0., 1.],
          [1., 0., 1., 1., 0., 1., 1., 0., 1., 1., 1., 0., 0., 1., 1., 0., 0.,
           1., 0.],
          [1., 1., 0., 1., 0., 1., 0., 0., 1., 0., 0., 1., 0., 0., 0., 0., 0.,
           0., 1.],
          [1., 1., 0., 0., 0., 1., 1., 0., 0., 0., 0., 1., 1., 1., 1., 1., 1.,
           0., 1.],
          [1., 0., 1., 1., 0., 1., 0., 0., 1., 1., 0., 1., 0., 1., 1., 1., 1.,
           1., 1.],
          [1., 1., 1., 1., 1., 1., 0., 1., 0., 0., 0., 1., 1., 1., 1., 1., 1.,
           0., 1.]]]], device='cuda:0'), tensor([[0.6823]], device='cuda:0'))
2026-01-08 17:31:39 - INFO - [ 0.9950188  -0.04702533  0.00467956  0.02663638  0.00467956  0.02663638
  0.75834477 -0.36721963]
2026-01-08 17:31:39 - INFO - (tensor([[[[0., 1., 1., 0., 0., 1., 1., 1., 0., 1., 0., 1., 0., 1., 1., 1., 1.,
           0., 0.],
          [0., 1., 1., 1., 0., 0., 1., 1., 1., 1., 1., 1., 0., 0., 1., 0., 0.,
           0., 0.],
          [0., 0., 0., 0., 0., 1., 0., 0., 0., 1., 1., 0., 0., 0., 1., 0., 1.,
           0., 1.],
          [0., 0., 0., 0., 0., 0., 1., 0., 0., 0., 1., 1., 1., 0., 0., 0., 0.,
           0., 1.],
          [1., 1., 1., 0., 1., 1., 1., 0., 0., 1., 1., 1., 0., 0., 1., 0., 1.,
           1., 1.],
          [1., 0., 0., 1., 0., 1., 0., 0., 1., 1., 0., 1., 0., 1., 0., 0., 0.,
           1., 1.],
          [0., 0., 1., 1., 0., 1., 1., 0., 0., 1., 0., 0., 0., 0., 1., 1., 1.,
           1., 0.],
          [1., 0., 0., 1., 1., 1., 1., 0., 1., 1., 0., 1., 0., 1., 1., 0., 0.,
           1., 1.],
          [1., 0., 1., 1., 0., 1., 1., 1., 0., 1., 1., 0., 0., 0., 1., 0., 0.,
           1., 1.],
          [1., 0., 0., 1., 1., 0., 1., 0., 1., 1., 0., 1., 1., 0., 0., 1., 1.,
           1., 1.],
          [0., 0., 1., 0., 0., 0., 0., 1., 0., 0., 1., 0., 1., 0., 1., 0., 1.,
           1., 1.],
          [0., 1., 0., 0., 1., 0., 1., 0., 0., 1., 0., 1., 0., 1., 0., 1., 0.,
           1., 1.],
          [0., 1., 0., 0., 1., 0., 0., 1., 0., 1., 0., 0., 1., 1., 0., 0., 0.,
           1., 0.],
          [0., 1., 1., 0., 0., 1., 0., 0., 1., 0., 0., 1., 0., 0., 1., 0., 0.,
           0., 1.],
          [1., 0., 1., 1., 0., 1., 1., 0., 1., 1., 1., 0., 0., 1., 1., 0., 0.,
           1., 0.],
          [1., 1., 0., 1., 0., 1., 0., 0., 1., 0., 0., 1., 0., 0., 0., 0., 0.,
           0., 1.],
          [1., 1., 0., 0., 0., 1., 1., 0., 0., 0., 0., 1., 1., 1., 1., 1., 1.,
           0., 1.],
          [1., 0., 1., 1., 0., 1., 0., 0., 1., 1., 0., 1., 0., 1., 1., 1., 1.,
           1., 1.],
          [1., 1., 1., 1., 1., 1., 0., 1., 0., 0., 0., 1., 1., 1., 1., 1., 1.,
           0., 1.]]]], device='cuda:0'), tensor([[0.6856]], device='cuda:0'))
2026-01-08 17:31:39 - INFO - [ 0.99499625 -0.0472817   0.00472428  0.02673103  0.00472427  0.02673103
  0.7575481  -0.3686829 ]
2026-01-08 17:31:39 - INFO - (tensor([[[[0., 1., 1., 0., 0., 1., 1., 1., 0., 1., 0., 1., 0., 1., 1., 1., 1.,
           0., 0.],
          [0., 1., 1., 1., 0., 0., 1., 1., 1., 1., 1., 1., 0., 0., 1., 0., 0.,
           0., 0.],
          [0., 0., 0., 0., 0., 1., 0., 0., 0., 1., 1., 0., 0., 0., 1., 0., 1.,
           0., 1.],
          [0., 0., 0., 0., 0., 0., 1., 0., 0., 0., 1., 1., 1., 0., 0., 0., 0.,
           0., 1.],
          [1., 1., 1., 0., 1., 1., 1., 0., 0., 1., 1., 1., 0., 0., 1., 0., 1.,
           1., 1.],
          [1., 0., 0., 1., 0., 1., 0., 0., 1., 1., 0., 1., 0., 1., 0., 0., 0.,
           1., 1.],
          [0., 0., 1., 1., 0., 1., 1., 0., 0., 1., 0., 0., 0., 0., 1., 1., 1.,
           1., 0.],
          [1., 0., 0., 1., 1., 1., 1., 0., 1., 1., 0., 1., 0., 1., 1., 0., 0.,
           1., 1.],
          [1., 0., 1., 1., 0., 1., 1., 1., 0., 1., 1., 0., 0., 0., 1., 0., 0.,
           1., 1.],
          [1., 0., 0., 1., 1., 0., 1., 0., 1., 1., 0., 1., 1., 0., 0., 1., 1.,
           1., 1.],
          [0., 0., 1., 0., 0., 0., 0., 1., 0., 0., 1., 0., 1., 0., 1., 0., 1.,
           1., 1.],
          [0., 1., 0., 0., 1., 0., 1., 0., 0., 1., 0., 1., 0., 1., 0., 1., 0.,
           1., 1.],
          [0., 1., 0., 0., 1., 0., 0., 1., 0., 1., 0., 0., 1., 1., 0., 0., 0.,
           1., 0.],
          [0., 1., 1., 0., 0., 1., 0., 0., 1., 0., 0., 1., 0., 0., 1., 0., 0.,
           0., 1.],
          [1., 0., 1., 1., 0., 1., 1., 0., 1., 1., 1., 0., 0., 1., 1., 0., 0.,
           1., 0.],
          [1., 1., 0., 1., 0., 1., 0., 0., 1., 0., 0., 1., 0., 0., 0., 0., 0.,
           0., 1.],
          [1., 1., 0., 0., 0., 1., 1., 0., 0., 0., 0., 1., 1., 1., 1., 1., 1.,
           0., 1.],
          [1., 0., 1., 1., 0., 1., 0., 0., 1., 1., 0., 1., 0., 1., 1., 1., 1.,
           1., 1.],
          [1., 1., 1., 1., 1., 1., 0., 1., 0., 0., 0., 1., 1., 1., 1., 1., 1.,
           0., 1.]]]], device='cuda:0'), tensor([[0.6890]], device='cuda:0'))
2026-01-08 17:31:39 - INFO - [ 0.9949732  -0.04755042  0.00477276  0.0268291   0.00477275  0.0268291
  0.7566642  -0.37029544]
2026-01-08 17:31:39 - INFO - (tensor([[[[0., 1., 1., 0., 0., 1., 1., 1., 0., 1., 0., 1., 0., 1., 1., 1., 1.,
           0., 0.],
          [0., 1., 1., 1., 0., 0., 1., 1., 1., 1., 1., 1., 0., 0., 1., 0., 0.,
           0., 0.],
          [0., 0., 0., 0., 0., 1., 0., 0., 0., 1., 1., 0., 0., 0., 1., 0., 1.,
           0., 1.],
          [0., 0., 0., 0., 0., 0., 1., 0., 0., 0., 1., 1., 1., 0., 0., 0., 0.,
           0., 1.],
          [1., 1., 1., 0., 1., 1., 1., 0., 0., 1., 1., 1., 0., 0., 1., 0., 1.,
           1., 1.],
          [1., 0., 0., 1., 0., 1., 0., 0., 1., 1., 0., 1., 0., 1., 0., 0., 0.,
           1., 1.],
          [0., 0., 1., 1., 0., 1., 1., 0., 0., 1., 0., 0., 0., 0., 1., 1., 1.,
           1., 0.],
          [1., 0., 0., 1., 1., 1., 1., 0., 1., 1., 0., 1., 0., 1., 1., 0., 0.,
           1., 1.],
          [1., 0., 1., 1., 0., 1., 1., 1., 0., 1., 1., 0., 0., 0., 1., 0., 0.,
           1., 1.],
          [1., 0., 0., 1., 1., 0., 1., 0., 1., 1., 0., 1., 1., 0., 0., 1., 1.,
           1., 1.],
          [0., 0., 1., 0., 0., 0., 0., 1., 0., 0., 1., 0., 1., 0., 1., 0., 1.,
           1., 1.],
          [0., 1., 0., 0., 1., 0., 1., 0., 0., 1., 0., 1., 0., 1., 0., 1., 0.,
           1., 1.],
          [0., 1., 0., 0., 1., 0., 0., 1., 0., 1., 0., 0., 1., 1., 0., 0., 0.,
           1., 0.],
          [0., 1., 1., 0., 0., 1., 0., 0., 1., 0., 0., 1., 0., 0., 1., 0., 0.,
           0., 1.],
          [1., 0., 1., 1., 0., 1., 1., 0., 1., 1., 1., 0., 0., 1., 1., 0., 0.,
           1., 0.],
          [1., 1., 0., 1., 0., 1., 0., 0., 1., 0., 0., 1., 0., 0., 0., 0., 0.,
           0., 1.],
          [1., 1., 0., 0., 0., 1., 1., 0., 0., 0., 0., 1., 1., 1., 1., 1., 1.,
           0., 1.],
          [1., 0., 1., 1., 0., 1., 0., 0., 1., 1., 0., 1., 0., 1., 1., 1., 1.,
           1., 1.],
          [1., 1., 1., 1., 1., 1., 0., 1., 0., 0., 0., 1., 1., 1., 1., 1., 1.,
           0., 1.]]]], device='cuda:0'), tensor([[0.6923]], device='cuda:0'))
2026-01-08 17:31:39 - INFO - [ 0.9949478  -0.04784172  0.00482551  0.02693294  0.00482551  0.02693295
  0.7556898  -0.37208557]
2026-01-08 17:31:39 - INFO - (tensor([[[[0., 1., 1., 0., 0., 1., 1., 1., 0., 1., 0., 1., 0., 1., 1., 1., 1.,
           0., 0.],
          [0., 1., 1., 1., 0., 0., 1., 1., 1., 1., 1., 1., 0., 0., 1., 0., 0.,
           0., 0.],
          [0., 0., 0., 0., 0., 1., 0., 0., 0., 1., 1., 0., 0., 0., 1., 0., 1.,
           0., 1.],
          [0., 0., 0., 0., 0., 0., 1., 0., 0., 0., 1., 1., 1., 0., 0., 0., 0.,
           0., 1.],
          [1., 1., 1., 0., 1., 1., 1., 0., 0., 1., 1., 1., 0., 0., 1., 0., 1.,
           1., 1.],
          [1., 0., 0., 1., 0., 1., 0., 0., 1., 1., 0., 1., 0., 1., 0., 0., 0.,
           1., 1.],
          [0., 0., 1., 1., 0., 1., 1., 0., 0., 1., 0., 0., 0., 0., 1., 1., 1.,
           1., 0.],
          [1., 0., 0., 1., 1., 1., 1., 0., 1., 1., 0., 1., 0., 1., 1., 0., 0.,
           1., 1.],
          [1., 0., 1., 1., 0., 1., 1., 1., 0., 1., 1., 0., 0., 0., 1., 0., 0.,
           1., 1.],
          [1., 0., 0., 1., 1., 0., 1., 0., 1., 1., 0., 1., 1., 0., 0., 1., 1.,
           1., 1.],
          [0., 0., 1., 0., 0., 0., 0., 1., 0., 0., 1., 0., 1., 0., 1., 0., 1.,
           1., 1.],
          [0., 1., 0., 0., 1., 0., 1., 0., 0., 1., 0., 1., 0., 1., 0., 1., 0.,
           1., 1.],
          [0., 1., 0., 0., 1., 0., 0., 1., 0., 1., 0., 0., 1., 1., 0., 0., 0.,
           1., 0.],
          [0., 1., 1., 0., 0., 1., 0., 0., 1., 0., 0., 1., 0., 0., 1., 0., 0.,
           0., 1.],
          [1., 0., 1., 1., 0., 1., 1., 0., 1., 1., 1., 0., 0., 1., 1., 0., 0.,
           1., 0.],
          [1., 1., 0., 1., 0., 1., 0., 0., 1., 0., 0., 1., 0., 0., 0., 0., 0.,
           0., 1.],
          [1., 1., 0., 0., 0., 1., 1., 0., 0., 0., 0., 1., 1., 1., 1., 1., 1.,
           0., 1.],
          [1., 0., 1., 1., 0., 1., 0., 0., 1., 1., 0., 1., 0., 1., 1., 1., 1.,
           1., 1.],
          [1., 1., 1., 1., 1., 1., 0., 1., 0., 0., 0., 1., 1., 1., 1., 1., 1.,
           0., 1.]]]], device='cuda:0'), tensor([[0.6957]], device='cuda:0'))
2026-01-08 17:31:39 - INFO - [ 0.99493235 -0.04805153  0.004854    0.02699382  0.00485399  0.02699382
  0.7551098  -0.37326807]
2026-01-08 17:31:39 - INFO - (tensor([[[[0., 1., 1., 0., 0., 1., 1., 1., 0., 1., 0., 1., 0., 1., 1., 1., 1.,
           0., 0.],
          [0., 1., 1., 1., 0., 0., 1., 1., 1., 1., 1., 1., 0., 0., 1., 0., 0.,
           0., 0.],
          [0., 0., 0., 0., 0., 1., 0., 0., 0., 1., 1., 0., 0., 0., 1., 0., 1.,
           0., 1.],
          [0., 0., 0., 0., 0., 0., 1., 0., 0., 0., 1., 1., 1., 0., 0., 0., 0.,
           0., 1.],
          [1., 1., 1., 0., 1., 1., 1., 0., 0., 1., 1., 1., 0., 0., 1., 0., 1.,
           1., 1.],
          [1., 0., 0., 1., 0., 1., 0., 0., 1., 1., 0., 1., 0., 1., 0., 0., 0.,
           1., 1.],
          [0., 0., 1., 1., 0., 1., 1., 0., 0., 1., 0., 0., 0., 0., 1., 1., 1.,
           1., 0.],
          [1., 0., 0., 1., 1., 1., 1., 0., 1., 1., 0., 1., 0., 1., 1., 0., 0.,
           1., 1.],
          [1., 0., 1., 1., 0., 1., 1., 1., 0., 1., 1., 0., 0., 0., 1., 0., 0.,
           1., 1.],
          [1., 0., 0., 1., 1., 0., 1., 0., 1., 1., 0., 1., 1., 0., 0., 1., 1.,
           1., 1.],
          [0., 0., 1., 0., 0., 0., 0., 1., 0., 0., 1., 0., 1., 0., 1., 0., 1.,
           1., 1.],
          [0., 1., 0., 0., 1., 0., 1., 0., 0., 1., 0., 1., 0., 1., 0., 1., 0.,
           1., 1.],
          [0., 1., 0., 0., 1., 0., 0., 1., 0., 1., 0., 0., 1., 1., 0., 0., 0.,
           1., 0.],
          [0., 1., 1., 0., 0., 1., 0., 0., 1., 0., 0., 1., 0., 0., 1., 0., 0.,
           0., 1.],
          [1., 0., 1., 1., 0., 1., 1., 0., 1., 1., 1., 0., 0., 1., 1., 0., 0.,
           1., 0.],
          [1., 1., 0., 1., 0., 1., 0., 0., 1., 0., 0., 1., 0., 0., 0., 0., 0.,
           0., 1.],
          [1., 1., 0., 0., 0., 1., 1., 0., 0., 0., 0., 1., 1., 1., 1., 1., 1.,
           0., 1.],
          [1., 0., 1., 1., 0., 1., 0., 0., 1., 1., 0., 1., 0., 1., 1., 1., 1.,
           1., 1.],
          [1., 1., 1., 1., 1., 1., 0., 1., 0., 0., 0., 1., 1., 1., 1., 1., 1.,
           0., 1.]]]], device='cuda:0'), tensor([[0.6990]], device='cuda:0'))
2026-01-08 17:31:39 - INFO - [ 0.99492115 -0.04821444  0.00487093  0.02703935  0.00487094  0.02703936
  0.75469494 -0.37406027]
2026-01-08 17:31:39 - INFO - (tensor([[[[0., 1., 1., 0., 0., 1., 1., 1., 0., 1., 0., 1., 0., 1., 1., 1., 1.,
           0., 0.],
          [0., 1., 1., 1., 0., 0., 1., 1., 1., 1., 1., 1., 0., 0., 1., 0., 0.,
           0., 0.],
          [0., 0., 0., 0., 0., 1., 0., 0., 0., 1., 1., 0., 0., 0., 1., 0., 1.,
           0., 1.],
          [0., 0., 0., 0., 0., 0., 1., 0., 0., 0., 1., 1., 1., 0., 0., 0., 0.,
           0., 1.],
          [1., 1., 1., 0., 1., 1., 1., 0., 0., 1., 1., 1., 0., 0., 1., 0., 1.,
           1., 1.],
          [1., 0., 0., 1., 0., 1., 0., 0., 1., 1., 0., 1., 0., 1., 0., 0., 0.,
           1., 1.],
          [0., 0., 1., 1., 0., 1., 1., 0., 0., 1., 0., 0., 0., 0., 1., 1., 1.,
           1., 0.],
          [1., 0., 0., 1., 1., 1., 1., 0., 1., 1., 0., 1., 0., 1., 1., 0., 0.,
           1., 1.],
          [1., 0., 1., 1., 0., 1., 1., 1., 0., 1., 1., 0., 0., 0., 1., 0., 0.,
           1., 1.],
          [1., 0., 0., 1., 1., 0., 1., 0., 1., 1., 0., 1., 1., 0., 0., 1., 1.,
           1., 1.],
          [0., 0., 1., 0., 0., 0., 0., 1., 0., 0., 1., 0., 1., 0., 1., 0., 1.,
           1., 1.],
          [0., 1., 0., 0., 1., 0., 1., 0., 0., 1., 0., 1., 0., 1., 0., 1., 0.,
           1., 1.],
          [0., 1., 0., 0., 1., 0., 0., 1., 0., 1., 0., 0., 1., 1., 0., 0., 0.,
           1., 0.],
          [0., 1., 1., 0., 0., 1., 0., 0., 1., 0., 0., 1., 0., 0., 1., 0., 0.,
           0., 1.],
          [1., 0., 1., 1., 0., 1., 1., 0., 1., 1., 1., 0., 0., 1., 1., 0., 0.,
           1., 0.],
          [1., 1., 0., 1., 0., 1., 0., 0., 1., 0., 0., 1., 0., 0., 0., 0., 0.,
           0., 1.],
          [1., 1., 0., 0., 0., 1., 1., 0., 0., 0., 0., 1., 1., 1., 1., 1., 1.,
           0., 1.],
          [1., 0., 1., 1., 0., 1., 0., 0., 1., 1., 0., 1., 0., 1., 1., 1., 1.,
           1., 1.],
          [1., 1., 1., 1., 1., 1., 0., 1., 0., 0., 0., 1., 1., 1., 1., 1., 1.,
           0., 1.]]]], device='cuda:0'), tensor([[0.7023]], device='cuda:0'))
2026-01-08 17:31:39 - INFO - [ 0.9949031  -0.04841461  0.0049012   0.02711521  0.00490119  0.02711521
  0.75402296 -0.37506998]
2026-01-08 17:31:39 - INFO - (tensor([[[[0., 1., 1., 0., 0., 1., 1., 1., 0., 1., 0., 1., 0., 1., 1., 1., 1.,
           0., 0.],
          [0., 1., 1., 1., 0., 0., 1., 1., 1., 1., 1., 1., 0., 0., 1., 0., 0.,
           0., 0.],
          [0., 0., 0., 0., 0., 1., 0., 0., 0., 1., 1., 0., 0., 0., 1., 0., 1.,
           0., 1.],
          [0., 0., 0., 0., 0., 0., 1., 0., 0., 0., 1., 1., 1., 0., 0., 0., 0.,
           0., 1.],
          [1., 1., 1., 0., 1., 1., 1., 0., 0., 1., 1., 1., 0., 0., 1., 0., 1.,
           1., 1.],
          [1., 0., 0., 1., 0., 1., 0., 0., 1., 1., 0., 1., 0., 1., 0., 0., 0.,
           1., 1.],
          [0., 0., 1., 1., 0., 1., 1., 0., 0., 1., 0., 0., 0., 0., 1., 1., 1.,
           1., 0.],
          [1., 0., 0., 1., 1., 1., 1., 0., 1., 1., 0., 1., 0., 1., 1., 0., 0.,
           1., 1.],
          [1., 0., 1., 1., 0., 1., 1., 1., 0., 1., 1., 0., 0., 0., 1., 0., 0.,
           1., 1.],
          [1., 0., 0., 1., 1., 0., 1., 0., 1., 1., 0., 1., 1., 0., 0., 1., 1.,
           1., 1.],
          [0., 0., 1., 0., 0., 0., 0., 1., 0., 0., 1., 0., 1., 0., 1., 0., 1.,
           1., 1.],
          [0., 1., 0., 0., 1., 0., 1., 0., 0., 1., 0., 1., 0., 1., 0., 1., 0.,
           1., 1.],
          [0., 1., 0., 0., 1., 0., 0., 1., 0., 1., 0., 0., 1., 1., 0., 0., 0.,
           1., 0.],
          [0., 1., 1., 0., 0., 1., 0., 0., 1., 0., 0., 1., 0., 0., 1., 0., 0.,
           0., 1.],
          [1., 0., 1., 1., 0., 1., 1., 0., 1., 1., 1., 0., 0., 1., 1., 0., 0.,
           1., 0.],
          [1., 1., 0., 1., 0., 1., 0., 0., 1., 0., 0., 1., 0., 0., 0., 0., 0.,
           0., 1.],
          [1., 1., 0., 0., 0., 1., 1., 0., 0., 0., 0., 1., 1., 1., 1., 1., 1.,
           0., 1.],
          [1., 0., 1., 1., 0., 1., 0., 0., 1., 1., 0., 1., 0., 1., 1., 1., 1.,
           1., 1.],
          [1., 1., 1., 1., 1., 1., 0., 1., 0., 0., 0., 1., 1., 1., 1., 1., 1.,
           0., 1.]]]], device='cuda:0'), tensor([[0.7057]], device='cuda:0'))
2026-01-08 17:31:39 - INFO - [ 0.9948835  -0.04862466  0.00497657  0.02726964  0.00497659  0.02726964
  0.7531563  -0.3768529 ]
2026-01-08 17:31:39 - INFO - (tensor([[[[0., 1., 1., 0., 0., 1., 1., 1., 0., 1., 0., 1., 0., 1., 1., 1., 1.,
           0., 0.],
          [0., 1., 1., 1., 0., 0., 1., 1., 1., 1., 1., 1., 0., 0., 1., 0., 0.,
           0., 0.],
          [0., 0., 0., 0., 0., 1., 0., 0., 0., 1., 1., 0., 0., 0., 1., 0., 1.,
           0., 1.],
          [0., 0., 0., 0., 0., 0., 1., 0., 0., 0., 1., 1., 1., 0., 0., 0., 0.,
           0., 1.],
          [1., 1., 1., 0., 1., 1., 1., 0., 0., 1., 1., 1., 0., 0., 1., 0., 1.,
           1., 1.],
          [1., 0., 0., 1., 0., 1., 0., 0., 1., 1., 0., 1., 0., 1., 0., 0., 0.,
           1., 1.],
          [0., 0., 1., 1., 0., 1., 1., 0., 0., 1., 0., 0., 0., 0., 1., 1., 1.,
           1., 0.],
          [1., 0., 0., 1., 1., 1., 1., 0., 1., 1., 0., 1., 0., 1., 1., 0., 0.,
           1., 1.],
          [1., 0., 1., 1., 0., 1., 1., 1., 0., 1., 1., 0., 0., 0., 1., 0., 0.,
           1., 1.],
          [1., 0., 0., 1., 1., 0., 1., 0., 1., 1., 0., 1., 1., 0., 0., 1., 1.,
           1., 1.],
          [0., 0., 1., 0., 0., 0., 0., 1., 0., 0., 1., 0., 1., 0., 1., 0., 1.,
           1., 1.],
          [0., 1., 0., 0., 1., 0., 1., 0., 0., 1., 0., 1., 0., 1., 0., 1., 0.,
           1., 1.],
          [0., 1., 0., 0., 1., 0., 0., 1., 0., 1., 0., 0., 1., 1., 0., 0., 0.,
           1., 0.],
          [0., 1., 1., 0., 0., 1., 0., 0., 1., 0., 0., 1., 0., 0., 1., 0., 0.,
           0., 1.],
          [1., 0., 1., 1., 0., 1., 1., 0., 1., 1., 1., 0., 0., 1., 1., 0., 0.,
           1., 0.],
          [1., 1., 0., 1., 0., 1., 0., 0., 1., 0., 0., 1., 0., 0., 0., 0., 0.,
           0., 1.],
          [1., 1., 0., 0., 0., 1., 1., 0., 0., 0., 0., 1., 1., 1., 1., 1., 1.,
           0., 1.],
          [1., 0., 1., 1., 0., 1., 0., 0., 1., 1., 0., 1., 0., 1., 1., 1., 1.,
           1., 1.],
          [1., 1., 1., 1., 1., 1., 0., 1., 0., 0., 0., 1., 1., 1., 1., 1., 1.,
           0., 1.]]]], device='cuda:0'), tensor([[0.7090]], device='cuda:0'))
2026-01-08 17:31:39 - INFO - [ 0.99486476 -0.04883946  0.00505106  0.02742421  0.00505107  0.02742421
  0.7522776  -0.37862277]
2026-01-08 17:31:39 - INFO - (tensor([[[[0., 1., 1., 0., 0., 1., 1., 1., 0., 1., 0., 1., 0., 1., 1., 1., 1.,
           0., 0.],
          [0., 1., 1., 1., 0., 0., 1., 1., 1., 1., 1., 1., 0., 0., 1., 0., 0.,
           0., 0.],
          [0., 0., 0., 0., 0., 1., 0., 0., 0., 1., 1., 0., 0., 0., 1., 0., 1.,
           0., 1.],
          [0., 0., 0., 0., 0., 0., 1., 0., 0., 0., 1., 1., 1., 0., 0., 0., 0.,
           0., 1.],
          [1., 1., 1., 0., 1., 1., 1., 0., 0., 1., 1., 1., 0., 0., 1., 0., 1.,
           1., 1.],
          [1., 0., 0., 1., 0., 1., 0., 0., 1., 1., 0., 1., 0., 1., 0., 0., 0.,
           1., 1.],
          [0., 0., 1., 1., 0., 1., 1., 0., 0., 1., 0., 0., 0., 0., 1., 1., 1.,
           1., 0.],
          [1., 0., 0., 1., 1., 1., 1., 0., 1., 1., 0., 1., 0., 1., 1., 0., 0.,
           1., 1.],
          [1., 0., 1., 1., 0., 1., 1., 1., 0., 1., 1., 0., 0., 0., 1., 0., 0.,
           1., 1.],
          [1., 0., 0., 1., 1., 0., 1., 0., 1., 1., 0., 1., 1., 0., 0., 1., 1.,
           1., 1.],
          [0., 0., 1., 0., 0., 0., 0., 1., 0., 0., 1., 0., 1., 0., 1., 0., 1.,
           1., 1.],
          [0., 1., 0., 0., 1., 0., 1., 0., 0., 1., 0., 1., 0., 1., 0., 1., 0.,
           1., 1.],
          [0., 1., 0., 0., 1., 0., 0., 1., 0., 1., 0., 0., 1., 1., 0., 0., 0.,
           1., 0.],
          [0., 1., 1., 0., 0., 1., 0., 0., 1., 0., 0., 1., 0., 0., 1., 0., 0.,
           0., 1.],
          [1., 0., 1., 1., 0., 1., 1., 0., 1., 1., 1., 0., 0., 1., 1., 0., 0.,
           1., 0.],
          [1., 1., 0., 1., 0., 1., 0., 0., 1., 0., 0., 1., 0., 0., 0., 0., 0.,
           0., 1.],
          [1., 1., 0., 0., 0., 1., 1., 0., 0., 0., 0., 1., 1., 1., 1., 1., 1.,
           0., 1.],
          [1., 0., 1., 1., 0., 1., 0., 0., 1., 1., 0., 1., 0., 1., 1., 1., 1.,
           1., 1.],
          [1., 1., 1., 1., 1., 1., 0., 1., 0., 0., 0., 1., 1., 1., 1., 1., 1.,
           0., 1.]]]], device='cuda:0'), tensor([[0.7124]], device='cuda:0'))
2026-01-08 17:31:39 - INFO - [ 0.99484694 -0.04905067  0.00512257  0.02757248  0.00512259  0.02757248
  0.75141054 -0.38034895]
2026-01-08 17:31:39 - INFO - (tensor([[[[0., 1., 1., 0., 0., 1., 1., 1., 0., 1., 0., 1., 0., 1., 1., 1., 1.,
           0., 0.],
          [0., 1., 1., 1., 0., 0., 1., 1., 1., 1., 1., 1., 0., 0., 1., 0., 0.,
           0., 0.],
          [0., 0., 0., 0., 0., 1., 0., 0., 0., 1., 1., 0., 0., 0., 1., 0., 1.,
           0., 1.],
          [0., 0., 0., 0., 0., 0., 1., 0., 0., 0., 1., 1., 1., 0., 0., 0., 0.,
           0., 1.],
          [1., 1., 1., 0., 1., 1., 1., 0., 0., 1., 1., 1., 0., 0., 1., 0., 1.,
           1., 1.],
          [1., 0., 0., 1., 0., 1., 0., 0., 1., 1., 0., 1., 0., 1., 0., 0., 0.,
           1., 1.],
          [0., 0., 1., 1., 0., 1., 1., 0., 0., 1., 0., 0., 0., 0., 1., 1., 1.,
           1., 0.],
          [1., 0., 0., 1., 1., 1., 1., 0., 1., 1., 0., 1., 0., 1., 1., 0., 0.,
           1., 1.],
          [1., 0., 1., 1., 0., 1., 1., 1., 0., 1., 1., 0., 0., 0., 1., 0., 0.,
           1., 1.],
          [1., 0., 0., 1., 1., 0., 1., 0., 1., 1., 0., 1., 1., 0., 0., 1., 1.,
           1., 1.],
          [0., 0., 1., 0., 0., 0., 0., 1., 0., 0., 1., 0., 1., 0., 1., 0., 1.,
           1., 1.],
          [0., 1., 0., 0., 1., 0., 1., 0., 0., 1., 0., 1., 0., 1., 0., 1., 0.,
           1., 1.],
          [0., 1., 0., 0., 1., 0., 0., 1., 0., 1., 0., 0., 1., 1., 0., 0., 0.,
           1., 0.],
          [0., 1., 1., 0., 0., 1., 0., 0., 1., 0., 0., 1., 0., 0., 1., 0., 0.,
           0., 1.],
          [1., 0., 1., 1., 0., 1., 1., 0., 1., 1., 1., 0., 0., 1., 1., 0., 0.,
           1., 0.],
          [1., 1., 0., 1., 0., 1., 0., 0., 1., 0., 0., 1., 0., 0., 0., 0., 0.,
           0., 1.],
          [1., 1., 0., 0., 0., 1., 1., 0., 0., 0., 0., 1., 1., 1., 1., 1., 1.,
           0., 1.],
          [1., 0., 1., 1., 0., 1., 0., 0., 1., 1., 0., 1., 0., 1., 1., 1., 1.,
           1., 1.],
          [1., 1., 1., 1., 1., 1., 0., 1., 0., 0., 0., 1., 1., 1., 1., 1., 1.,
           0., 1.]]]], device='cuda:0'), tensor([[0.7157]], device='cuda:0'))
2026-01-08 17:31:39 - INFO - [ 0.9948318  -0.04925889  0.00518801  0.02770949  0.00518801  0.02770949
  0.75058496 -0.3819568 ]
2026-01-08 17:31:39 - INFO - (tensor([[[[0., 1., 1., 0., 0., 1., 1., 1., 0., 1., 0., 1., 0., 1., 1., 1., 1.,
           0., 0.],
          [0., 1., 1., 1., 0., 0., 1., 1., 1., 1., 1., 1., 0., 0., 1., 0., 0.,
           0., 0.],
          [0., 0., 0., 0., 0., 1., 0., 0., 0., 1., 1., 0., 0., 0., 1., 0., 1.,
           0., 1.],
          [0., 0., 0., 0., 0., 0., 1., 0., 0., 0., 1., 1., 1., 0., 0., 0., 0.,
           0., 1.],
          [1., 1., 1., 0., 1., 1., 1., 0., 0., 1., 1., 1., 0., 0., 1., 0., 1.,
           1., 1.],
          [1., 0., 0., 1., 0., 1., 0., 0., 1., 1., 0., 1., 0., 1., 0., 0., 0.,
           1., 1.],
          [0., 0., 1., 1., 0., 1., 1., 0., 0., 1., 0., 0., 0., 0., 1., 1., 1.,
           1., 0.],
          [1., 0., 0., 1., 1., 1., 1., 0., 1., 1., 0., 1., 0., 1., 1., 0., 0.,
           1., 1.],
          [1., 0., 1., 1., 0., 1., 1., 1., 0., 1., 1., 0., 0., 0., 1., 0., 0.,
           1., 1.],
          [1., 0., 0., 1., 1., 0., 1., 0., 1., 1., 0., 1., 1., 0., 0., 1., 1.,
           1., 1.],
          [0., 0., 1., 0., 0., 0., 0., 1., 0., 0., 1., 0., 1., 0., 1., 0., 1.,
           1., 1.],
          [0., 1., 0., 0., 1., 0., 1., 0., 0., 1., 0., 1., 0., 1., 0., 1., 0.,
           1., 1.],
          [0., 1., 0., 0., 1., 0., 0., 1., 0., 1., 0., 0., 1., 1., 0., 0., 0.,
           1., 0.],
          [0., 1., 1., 0., 0., 1., 0., 0., 1., 0., 0., 1., 0., 0., 1., 0., 0.,
           0., 1.],
          [1., 0., 1., 1., 0., 1., 1., 0., 1., 1., 1., 0., 0., 1., 1., 0., 0.,
           1., 0.],
          [1., 1., 0., 1., 0., 1., 0., 0., 1., 0., 0., 1., 0., 0., 0., 0., 0.,
           0., 1.],
          [1., 1., 0., 0., 0., 1., 1., 0., 0., 0., 0., 1., 1., 1., 1., 1., 1.,
           0., 1.],
          [1., 0., 1., 1., 0., 1., 0., 0., 1., 1., 0., 1., 0., 1., 1., 1., 1.,
           1., 1.],
          [1., 1., 1., 1., 1., 1., 0., 1., 0., 0., 0., 1., 1., 1., 1., 1., 1.,
           0., 1.]]]], device='cuda:0'), tensor([[0.7191]], device='cuda:0'))
2026-01-08 17:31:39 - INFO - [ 0.99481905 -0.04946614  0.0052519   0.02784815  0.0052519   0.02784816
  0.74979544 -0.38348266]
2026-01-08 17:31:39 - INFO - (tensor([[[[0., 1., 1., 0., 0., 1., 1., 1., 0., 1., 0., 1., 0., 1., 1., 1., 1.,
           0., 0.],
          [0., 1., 1., 1., 0., 0., 1., 1., 1., 1., 1., 1., 0., 0., 1., 0., 0.,
           0., 0.],
          [0., 0., 0., 0., 0., 1., 0., 0., 0., 1., 1., 0., 0., 0., 1., 0., 1.,
           0., 1.],
          [0., 0., 0., 0., 0., 0., 1., 0., 0., 0., 1., 1., 1., 0., 0., 0., 0.,
           0., 1.],
          [1., 1., 1., 0., 1., 1., 1., 0., 0., 1., 1., 1., 0., 0., 1., 0., 1.,
           1., 1.],
          [1., 0., 0., 1., 0., 1., 0., 0., 1., 1., 0., 1., 0., 1., 0., 0., 0.,
           1., 1.],
          [0., 0., 1., 1., 0., 1., 1., 0., 0., 1., 0., 0., 0., 0., 1., 1., 1.,
           1., 0.],
          [1., 0., 0., 1., 1., 1., 1., 0., 1., 1., 0., 1., 0., 1., 1., 0., 0.,
           1., 1.],
          [1., 0., 1., 1., 0., 1., 1., 1., 0., 1., 1., 0., 0., 0., 1., 0., 0.,
           1., 1.],
          [1., 0., 0., 1., 1., 0., 1., 0., 1., 1., 0., 1., 1., 0., 0., 1., 1.,
           1., 1.],
          [0., 0., 1., 0., 0., 0., 0., 1., 0., 0., 1., 0., 1., 0., 1., 0., 1.,
           1., 1.],
          [0., 1., 0., 0., 1., 0., 1., 0., 0., 1., 0., 1., 0., 1., 0., 1., 0.,
           1., 1.],
          [0., 1., 0., 0., 1., 0., 0., 1., 0., 1., 0., 0., 1., 1., 0., 0., 0.,
           1., 0.],
          [0., 1., 1., 0., 0., 1., 0., 0., 1., 0., 0., 1., 0., 0., 1., 0., 0.,
           0., 1.],
          [1., 0., 1., 1., 0., 1., 1., 0., 1., 1., 1., 0., 0., 1., 1., 0., 0.,
           1., 0.],
          [1., 1., 0., 1., 0., 1., 0., 0., 1., 0., 0., 1., 0., 0., 0., 0., 0.,
           0., 1.],
          [1., 1., 0., 0., 0., 1., 1., 0., 0., 0., 0., 1., 1., 1., 1., 1., 1.,
           0., 1.],
          [1., 0., 1., 1., 0., 1., 0., 0., 1., 1., 0., 1., 0., 1., 1., 1., 1.,
           1., 1.],
          [1., 1., 1., 1., 1., 1., 0., 1., 0., 0., 0., 1., 1., 1., 1., 1., 1.,
           0., 1.]]]], device='cuda:0'), tensor([[0.7224]], device='cuda:0'))
2026-01-08 17:31:39 - INFO - [ 0.99480855 -0.04967376  0.00531191  0.0279782   0.00531191  0.02797819
  0.74904203 -0.38492453]
2026-01-08 17:31:39 - INFO - (tensor([[[[0., 1., 1., 0., 0., 1., 1., 1., 0., 1., 0., 1., 0., 1., 1., 1., 1.,
           0., 0.],
          [0., 1., 1., 1., 0., 0., 1., 1., 1., 1., 1., 1., 0., 0., 1., 0., 0.,
           0., 0.],
          [0., 0., 0., 0., 0., 1., 0., 0., 0., 1., 1., 0., 0., 0., 1., 0., 1.,
           0., 1.],
          [0., 0., 0., 0., 0., 0., 1., 0., 0., 0., 1., 1., 1., 0., 0., 0., 0.,
           0., 1.],
          [1., 1., 1., 0., 1., 1., 1., 0., 0., 1., 1., 1., 0., 0., 1., 0., 1.,
           1., 1.],
          [1., 0., 0., 1., 0., 1., 0., 0., 1., 1., 0., 1., 0., 1., 0., 0., 0.,
           1., 1.],
          [0., 0., 1., 1., 0., 1., 1., 0., 0., 1., 0., 0., 0., 0., 1., 1., 1.,
           1., 0.],
          [1., 0., 0., 1., 1., 1., 1., 0., 1., 1., 0., 1., 0., 1., 1., 0., 0.,
           1., 1.],
          [1., 0., 1., 1., 0., 1., 1., 1., 0., 1., 1., 0., 0., 0., 1., 0., 0.,
           1., 1.],
          [1., 0., 0., 1., 1., 0., 1., 0., 1., 1., 0., 1., 1., 0., 0., 1., 1.,
           1., 1.],
          [0., 0., 1., 0., 0., 0., 0., 1., 0., 0., 1., 0., 1., 0., 1., 0., 1.,
           1., 1.],
          [0., 1., 0., 0., 1., 0., 1., 0., 0., 1., 0., 1., 0., 1., 0., 1., 0.,
           1., 1.],
          [0., 1., 0., 0., 1., 0., 0., 1., 0., 1., 0., 0., 1., 1., 0., 0., 0.,
           1., 0.],
          [0., 1., 1., 0., 0., 1., 0., 0., 1., 0., 0., 1., 0., 0., 1., 0., 0.,
           0., 1.],
          [1., 0., 1., 1., 0., 1., 1., 0., 1., 1., 1., 0., 0., 1., 1., 0., 0.,
           1., 0.],
          [1., 1., 0., 1., 0., 1., 0., 0., 1., 0., 0., 1., 0., 0., 0., 0., 0.,
           0., 1.],
          [1., 1., 0., 0., 0., 1., 1., 0., 0., 0., 0., 1., 1., 1., 1., 1., 1.,
           0., 1.],
          [1., 0., 1., 1., 0., 1., 0., 0., 1., 1., 0., 1., 0., 1., 1., 1., 1.,
           1., 1.],
          [1., 1., 1., 1., 1., 1., 0., 1., 0., 0., 0., 1., 1., 1., 1., 1., 1.,
           0., 1.]]]], device='cuda:0'), tensor([[0.7258]], device='cuda:0'))
2026-01-08 17:31:39 - INFO - [ 0.9948006  -0.04986522  0.00536467  0.02809261  0.00536467  0.02809261
  0.7483495  -0.38625243]
2026-01-08 17:31:39 - INFO - (tensor([[[[0., 1., 1., 0., 0., 1., 1., 1., 0., 1., 0., 1., 0., 1., 1., 1., 1.,
           0., 0.],
          [0., 1., 1., 1., 0., 0., 1., 1., 1., 1., 1., 1., 0., 0., 1., 0., 0.,
           0., 0.],
          [0., 0., 0., 0., 0., 1., 0., 0., 0., 1., 1., 0., 0., 0., 1., 0., 1.,
           0., 1.],
          [0., 0., 0., 0., 0., 0., 1., 0., 0., 0., 1., 1., 1., 0., 0., 0., 0.,
           0., 1.],
          [1., 1., 1., 0., 1., 1., 1., 0., 0., 1., 1., 1., 0., 0., 1., 0., 1.,
           1., 1.],
          [1., 0., 0., 1., 0., 1., 0., 0., 1., 1., 0., 1., 0., 1., 0., 0., 0.,
           1., 1.],
          [0., 0., 1., 1., 0., 1., 1., 0., 0., 1., 0., 0., 0., 0., 1., 1., 1.,
           1., 0.],
          [1., 0., 0., 1., 1., 1., 1., 0., 1., 1., 0., 1., 0., 1., 1., 0., 0.,
           1., 1.],
          [1., 0., 1., 1., 0., 1., 1., 1., 0., 1., 1., 0., 0., 0., 1., 0., 0.,
           1., 1.],
          [1., 0., 0., 1., 1., 0., 1., 0., 1., 1., 0., 1., 1., 0., 0., 1., 1.,
           1., 1.],
          [0., 0., 1., 0., 0., 0., 0., 1., 0., 0., 1., 0., 1., 0., 1., 0., 1.,
           1., 1.],
          [0., 1., 0., 0., 1., 0., 1., 0., 0., 1., 0., 1., 0., 1., 0., 1., 0.,
           1., 1.],
          [0., 1., 0., 0., 1., 0., 0., 1., 0., 1., 0., 0., 1., 1., 0., 0., 0.,
           1., 0.],
          [0., 1., 1., 0., 0., 1., 0., 0., 1., 0., 0., 1., 0., 0., 1., 0., 0.,
           0., 1.],
          [1., 0., 1., 1., 0., 1., 1., 0., 1., 1., 1., 0., 0., 1., 1., 0., 0.,
           1., 0.],
          [1., 1., 0., 1., 0., 1., 0., 0., 1., 0., 0., 1., 0., 0., 0., 0., 0.,
           0., 1.],
          [1., 1., 0., 0., 0., 1., 1., 0., 0., 0., 0., 1., 1., 1., 1., 1., 1.,
           0., 1.],
          [1., 0., 1., 1., 0., 1., 0., 0., 1., 1., 0., 1., 0., 1., 1., 1., 1.,
           1., 1.],
          [1., 1., 1., 1., 1., 1., 0., 1., 0., 0., 0., 1., 1., 1., 1., 1., 1.,
           0., 1.]]]], device='cuda:0'), tensor([[0.7291]], device='cuda:0'))
2026-01-08 17:31:39 - INFO - [ 0.99478763 -0.05006662  0.00542247  0.02821272  0.00542247  0.02821272
  0.74760234 -0.38767657]
2026-01-08 17:31:39 - INFO - (tensor([[[[0., 1., 1., 0., 0., 1., 1., 1., 0., 1., 0., 1., 0., 1., 1., 1., 1.,
           0., 0.],
          [0., 1., 1., 1., 0., 0., 1., 1., 1., 1., 1., 1., 0., 0., 1., 0., 0.,
           0., 0.],
          [0., 0., 0., 0., 0., 1., 0., 0., 0., 1., 1., 0., 0., 0., 1., 0., 1.,
           0., 1.],
          [0., 0., 0., 0., 0., 0., 1., 0., 0., 0., 1., 1., 1., 0., 0., 0., 0.,
           0., 1.],
          [1., 1., 1., 0., 1., 1., 1., 0., 0., 1., 1., 1., 0., 0., 1., 0., 1.,
           1., 1.],
          [1., 0., 0., 1., 0., 1., 0., 0., 1., 1., 0., 1., 0., 1., 0., 0., 0.,
           1., 1.],
          [0., 0., 1., 1., 0., 1., 1., 0., 0., 1., 0., 0., 0., 0., 1., 1., 1.,
           1., 0.],
          [1., 0., 0., 1., 1., 1., 1., 0., 1., 1., 0., 1., 0., 1., 1., 0., 0.,
           1., 1.],
          [1., 0., 1., 1., 0., 1., 1., 1., 0., 1., 1., 0., 0., 0., 1., 0., 0.,
           1., 1.],
          [1., 0., 0., 1., 1., 0., 1., 0., 1., 1., 0., 1., 1., 0., 0., 1., 1.,
           1., 1.],
          [0., 0., 1., 0., 0., 0., 0., 1., 0., 0., 1., 0., 1., 0., 1., 0., 1.,
           1., 1.],
          [0., 1., 0., 0., 1., 0., 1., 0., 0., 1., 0., 1., 0., 1., 0., 1., 0.,
           1., 1.],
          [0., 1., 0., 0., 1., 0., 0., 1., 0., 1., 0., 0., 1., 1., 0., 0., 0.,
           1., 0.],
          [0., 1., 1., 0., 0., 1., 0., 0., 1., 0., 0., 1., 0., 0., 1., 0., 0.,
           0., 1.],
          [1., 0., 1., 1., 0., 1., 1., 0., 1., 1., 1., 0., 0., 1., 1., 0., 0.,
           1., 0.],
          [1., 1., 0., 1., 0., 1., 0., 0., 1., 0., 0., 1., 0., 0., 0., 0., 0.,
           0., 1.],
          [1., 1., 0., 0., 0., 1., 1., 0., 0., 0., 0., 1., 1., 1., 1., 1., 1.,
           0., 1.],
          [1., 0., 1., 1., 0., 1., 0., 0., 1., 1., 0., 1., 0., 1., 1., 1., 1.,
           1., 1.],
          [1., 1., 1., 1., 1., 1., 0., 1., 0., 0., 0., 1., 1., 1., 1., 1., 1.,
           0., 1.]]]], device='cuda:0'), tensor([[0.7324]], device='cuda:0'))
2026-01-08 17:31:39 - INFO - [ 0.99476653 -0.05029479  0.00549268  0.02835278  0.00549267  0.02835277
  0.7467014  -0.38933545]
2026-01-08 17:31:39 - INFO - (tensor([[[[0., 1., 1., 0., 0., 1., 1., 1., 0., 1., 0., 1., 0., 1., 1., 1., 1.,
           0., 0.],
          [0., 1., 1., 1., 0., 0., 1., 1., 1., 1., 1., 1., 0., 0., 1., 0., 0.,
           0., 0.],
          [0., 0., 0., 0., 0., 1., 0., 0., 0., 1., 1., 0., 0., 0., 1., 0., 1.,
           0., 1.],
          [0., 0., 0., 0., 0., 0., 1., 0., 0., 0., 1., 1., 1., 0., 0., 0., 0.,
           0., 1.],
          [1., 1., 1., 0., 1., 1., 1., 0., 0., 1., 1., 1., 0., 0., 1., 0., 1.,
           1., 1.],
          [1., 0., 0., 1., 0., 1., 0., 0., 1., 1., 0., 1., 0., 1., 0., 0., 0.,
           1., 1.],
          [0., 0., 1., 1., 0., 1., 1., 0., 0., 1., 0., 0., 0., 0., 1., 1., 1.,
           1., 0.],
          [1., 0., 0., 1., 1., 1., 1., 0., 1., 1., 0., 1., 0., 1., 1., 0., 0.,
           1., 1.],
          [1., 0., 1., 1., 0., 1., 1., 1., 0., 1., 1., 0., 0., 0., 1., 0., 0.,
           1., 1.],
          [1., 0., 0., 1., 1., 0., 1., 0., 1., 1., 0., 1., 1., 0., 0., 1., 1.,
           1., 1.],
          [0., 0., 1., 0., 0., 0., 0., 1., 0., 0., 1., 0., 1., 0., 1., 0., 1.,
           1., 1.],
          [0., 1., 0., 0., 1., 0., 1., 0., 0., 1., 0., 1., 0., 1., 0., 1., 0.,
           1., 1.],
          [0., 1., 0., 0., 1., 0., 0., 1., 0., 1., 0., 0., 1., 1., 0., 0., 0.,
           1., 0.],
          [0., 1., 1., 0., 0., 1., 0., 0., 1., 0., 0., 1., 0., 0., 1., 0., 0.,
           0., 1.],
          [1., 0., 1., 1., 0., 1., 1., 0., 1., 1., 1., 0., 0., 1., 1., 0., 0.,
           1., 0.],
          [1., 1., 0., 1., 0., 1., 0., 0., 1., 0., 0., 1., 0., 0., 0., 0., 0.,
           0., 1.],
          [1., 1., 0., 0., 0., 1., 1., 0., 0., 0., 0., 1., 1., 1., 1., 1., 1.,
           0., 1.],
          [1., 0., 1., 1., 0., 1., 0., 0., 1., 1., 0., 1., 0., 1., 1., 1., 1.,
           1., 1.],
          [1., 1., 1., 1., 1., 1., 0., 1., 0., 0., 0., 1., 1., 1., 1., 1., 1.,
           0., 1.]]]], device='cuda:0'), tensor([[0.7358]], device='cuda:0'))
2026-01-08 17:31:39 - INFO - [ 0.9947453  -0.05051909  0.00556092  0.02848506  0.00556093  0.02848506
  0.745817   -0.3909659 ]
2026-01-08 17:31:39 - INFO - (tensor([[[[0., 1., 1., 0., 0., 1., 1., 1., 0., 1., 0., 1., 0., 1., 1., 1., 1.,
           0., 0.],
          [0., 1., 1., 1., 0., 0., 1., 1., 1., 1., 1., 1., 0., 0., 1., 0., 0.,
           0., 0.],
          [0., 0., 0., 0., 0., 1., 0., 0., 0., 1., 1., 0., 0., 0., 1., 0., 1.,
           0., 1.],
          [0., 0., 0., 0., 0., 0., 1., 0., 0., 0., 1., 1., 1., 0., 0., 0., 0.,
           0., 1.],
          [1., 1., 1., 0., 1., 1., 1., 0., 0., 1., 1., 1., 0., 0., 1., 0., 1.,
           1., 1.],
          [1., 0., 0., 1., 0., 1., 0., 0., 1., 1., 0., 1., 0., 1., 0., 0., 0.,
           1., 1.],
          [0., 0., 1., 1., 0., 1., 1., 0., 0., 1., 0., 0., 0., 0., 1., 1., 1.,
           1., 0.],
          [1., 0., 0., 1., 1., 1., 1., 0., 1., 1., 0., 1., 0., 1., 1., 0., 0.,
           1., 1.],
          [1., 0., 1., 1., 0., 1., 1., 1., 0., 1., 1., 0., 0., 0., 1., 0., 0.,
           1., 1.],
          [1., 0., 0., 1., 1., 0., 1., 0., 1., 1., 0., 1., 1., 0., 0., 1., 1.,
           1., 1.],
          [0., 0., 1., 0., 0., 0., 0., 1., 0., 0., 1., 0., 1., 0., 1., 0., 1.,
           1., 1.],
          [0., 1., 0., 0., 1., 0., 1., 0., 0., 1., 0., 1., 0., 1., 0., 1., 0.,
           1., 1.],
          [0., 1., 0., 0., 1., 0., 0., 1., 0., 1., 0., 0., 1., 1., 0., 0., 0.,
           1., 0.],
          [0., 1., 1., 0., 0., 1., 0., 0., 1., 0., 0., 1., 0., 0., 1., 0., 0.,
           0., 1.],
          [1., 0., 1., 1., 0., 1., 1., 0., 1., 1., 1., 0., 0., 1., 1., 0., 0.,
           1., 0.],
          [1., 1., 0., 1., 0., 1., 0., 0., 1., 0., 0., 1., 0., 0., 0., 0., 0.,
           0., 1.],
          [1., 1., 0., 0., 0., 1., 1., 0., 0., 0., 0., 1., 1., 1., 1., 1., 1.,
           0., 1.],
          [1., 0., 1., 1., 0., 1., 0., 0., 1., 1., 0., 1., 0., 1., 1., 1., 1.,
           1., 1.],
          [1., 1., 1., 1., 1., 1., 0., 1., 0., 0., 0., 1., 1., 1., 1., 1., 1.,
           0., 1.]]]], device='cuda:0'), tensor([[0.7391]], device='cuda:0'))
2026-01-08 17:31:39 - INFO - [ 0.9947228  -0.05075378  0.00563515  0.02862406  0.00563515  0.02862406
  0.7448853  -0.39271054]
2026-01-08 17:31:39 - INFO - (tensor([[[[0., 1., 1., 0., 0., 1., 1., 1., 0., 1., 0., 1., 0., 1., 1., 1., 1.,
           0., 0.],
          [0., 1., 1., 1., 0., 0., 1., 1., 1., 1., 1., 1., 0., 0., 1., 0., 0.,
           0., 0.],
          [0., 0., 0., 0., 0., 1., 0., 0., 0., 1., 1., 0., 0., 0., 1., 0., 1.,
           0., 1.],
          [0., 0., 0., 0., 0., 0., 1., 0., 0., 0., 1., 1., 1., 0., 0., 0., 0.,
           0., 1.],
          [1., 1., 1., 0., 1., 1., 1., 0., 0., 1., 1., 1., 0., 0., 1., 0., 1.,
           1., 1.],
          [1., 0., 0., 1., 0., 1., 0., 0., 1., 1., 0., 1., 0., 1., 0., 0., 0.,
           1., 1.],
          [0., 0., 1., 1., 0., 1., 1., 0., 0., 1., 0., 0., 0., 0., 1., 1., 1.,
           1., 0.],
          [1., 0., 0., 1., 1., 1., 1., 0., 1., 1., 0., 1., 0., 1., 1., 0., 0.,
           1., 1.],
          [1., 0., 1., 1., 0., 1., 1., 1., 0., 1., 1., 0., 0., 0., 1., 0., 0.,
           1., 1.],
          [1., 0., 0., 1., 1., 0., 1., 0., 1., 1., 0., 1., 1., 0., 0., 1., 1.,
           1., 1.],
          [0., 0., 1., 0., 0., 0., 0., 1., 0., 0., 1., 0., 1., 0., 1., 0., 1.,
           1., 1.],
          [0., 1., 0., 0., 1., 0., 1., 0., 0., 1., 0., 1., 0., 1., 0., 1., 0.,
           1., 1.],
          [0., 1., 0., 0., 1., 0., 0., 1., 0., 1., 0., 0., 1., 1., 0., 0., 0.,
           1., 0.],
          [0., 1., 1., 0., 0., 1., 0., 0., 1., 0., 0., 1., 0., 0., 1., 0., 0.,
           0., 1.],
          [1., 0., 1., 1., 0., 1., 1., 0., 1., 1., 1., 0., 0., 1., 1., 0., 0.,
           1., 0.],
          [1., 1., 0., 1., 0., 1., 0., 0., 1., 0., 0., 1., 0., 0., 0., 0., 0.,
           0., 1.],
          [1., 1., 0., 0., 0., 1., 1., 0., 0., 0., 0., 1., 1., 1., 1., 1., 1.,
           0., 1.],
          [1., 0., 1., 1., 0., 1., 0., 0., 1., 1., 0., 1., 0., 1., 1., 1., 1.,
           1., 1.],
          [1., 1., 1., 1., 1., 1., 0., 1., 0., 0., 0., 1., 1., 1., 1., 1., 1.,
           0., 1.]]]], device='cuda:0'), tensor([[0.7425]], device='cuda:0'))
2026-01-08 17:31:39 - INFO - [ 0.9947047  -0.05095093  0.00569318  0.02873422  0.00569319  0.02873421
  0.74407375 -0.3941787 ]
2026-01-08 17:31:39 - INFO - (tensor([[[[0., 1., 1., 0., 0., 1., 1., 1., 0., 1., 0., 1., 0., 1., 1., 1., 1.,
           0., 0.],
          [0., 1., 1., 1., 0., 0., 1., 1., 1., 1., 1., 1., 0., 0., 1., 0., 0.,
           0., 0.],
          [0., 0., 0., 0., 0., 1., 0., 0., 0., 1., 1., 0., 0., 0., 1., 0., 1.,
           0., 1.],
          [0., 0., 0., 0., 0., 0., 1., 0., 0., 0., 1., 1., 1., 0., 0., 0., 0.,
           0., 1.],
          [1., 1., 1., 0., 1., 1., 1., 0., 0., 1., 1., 1., 0., 0., 1., 0., 1.,
           1., 1.],
          [1., 0., 0., 1., 0., 1., 0., 0., 1., 1., 0., 1., 0., 1., 0., 0., 0.,
           1., 1.],
          [0., 0., 1., 1., 0., 1., 1., 0., 0., 1., 0., 0., 0., 0., 1., 1., 1.,
           1., 0.],
          [1., 0., 0., 1., 1., 1., 1., 0., 1., 1., 0., 1., 0., 1., 1., 0., 0.,
           1., 1.],
          [1., 0., 1., 1., 0., 1., 1., 1., 0., 1., 1., 0., 0., 0., 1., 0., 0.,
           1., 1.],
          [1., 0., 0., 1., 1., 0., 1., 0., 1., 1., 0., 1., 1., 0., 0., 1., 1.,
           1., 1.],
          [0., 0., 1., 0., 0., 0., 0., 1., 0., 0., 1., 0., 1., 0., 1., 0., 1.,
           1., 1.],
          [0., 1., 0., 0., 1., 0., 1., 0., 0., 1., 0., 1., 0., 1., 0., 1., 0.,
           1., 1.],
          [0., 1., 0., 0., 1., 0., 0., 1., 0., 1., 0., 0., 1., 1., 0., 0., 0.,
           1., 0.],
          [0., 1., 1., 0., 0., 1., 0., 0., 1., 0., 0., 1., 0., 0., 1., 0., 0.,
           0., 1.],
          [1., 0., 1., 1., 0., 1., 1., 0., 1., 1., 1., 0., 0., 1., 1., 0., 0.,
           1., 0.],
          [1., 1., 0., 1., 0., 1., 0., 0., 1., 0., 0., 1., 0., 0., 0., 0., 0.,
           0., 1.],
          [1., 1., 0., 0., 0., 1., 1., 0., 0., 0., 0., 1., 1., 1., 1., 1., 1.,
           0., 1.],
          [1., 0., 1., 1., 0., 1., 0., 0., 1., 1., 0., 1., 0., 1., 1., 1., 1.,
           1., 1.],
          [1., 1., 1., 1., 1., 1., 0., 1., 0., 0., 0., 1., 1., 1., 1., 1., 1.,
           0., 1.]]]], device='cuda:0'), tensor([[0.7458]], device='cuda:0'))
2026-01-08 17:31:39 - INFO - [ 0.994692   -0.05111322  0.00574     0.02882809  0.00574     0.0288281
  0.7433497  -0.3954306 ]
2026-01-08 17:31:39 - INFO - (tensor([[[[0., 1., 1., 0., 0., 1., 1., 1., 0., 1., 0., 1., 0., 1., 1., 1., 1.,
           0., 0.],
          [0., 1., 1., 1., 0., 0., 1., 1., 1., 1., 1., 1., 0., 0., 1., 0., 0.,
           0., 0.],
          [0., 0., 0., 0., 0., 1., 0., 0., 0., 1., 1., 0., 0., 0., 1., 0., 1.,
           0., 1.],
          [0., 0., 0., 0., 0., 0., 1., 0., 0., 0., 1., 1., 1., 0., 0., 0., 0.,
           0., 1.],
          [1., 1., 1., 0., 1., 1., 1., 0., 0., 1., 1., 1., 0., 0., 1., 0., 1.,
           1., 1.],
          [1., 0., 0., 1., 0., 1., 0., 0., 1., 1., 0., 1., 0., 1., 0., 0., 0.,
           1., 1.],
          [0., 0., 1., 1., 0., 1., 1., 0., 0., 1., 0., 0., 0., 0., 1., 1., 1.,
           1., 0.],
          [1., 0., 0., 1., 1., 1., 1., 0., 1., 1., 0., 1., 0., 1., 1., 0., 0.,
           1., 1.],
          [1., 0., 1., 1., 0., 1., 1., 1., 0., 1., 1., 0., 0., 0., 1., 0., 0.,
           1., 1.],
          [1., 0., 0., 1., 1., 0., 1., 0., 1., 1., 0., 1., 1., 0., 0., 1., 1.,
           1., 1.],
          [0., 0., 1., 0., 0., 0., 0., 1., 0., 0., 1., 0., 1., 0., 1., 0., 1.,
           1., 1.],
          [0., 1., 0., 0., 1., 0., 1., 0., 0., 1., 0., 1., 0., 1., 0., 1., 0.,
           1., 1.],
          [0., 1., 0., 0., 1., 0., 0., 1., 0., 1., 0., 0., 1., 1., 0., 0., 0.,
           1., 0.],
          [0., 1., 1., 0., 0., 1., 0., 0., 1., 0., 0., 1., 0., 0., 1., 0., 0.,
           0., 1.],
          [1., 0., 1., 1., 0., 1., 1., 0., 1., 1., 1., 0., 0., 1., 1., 0., 0.,
           1., 0.],
          [1., 1., 0., 1., 0., 1., 0., 0., 1., 0., 0., 1., 0., 0., 0., 0., 0.,
           0., 1.],
          [1., 1., 0., 0., 0., 1., 1., 0., 0., 0., 0., 1., 1., 1., 1., 1., 1.,
           0., 1.],
          [1., 0., 1., 1., 0., 1., 0., 0., 1., 1., 0., 1., 0., 1., 1., 1., 1.,
           1., 1.],
          [1., 1., 1., 1., 1., 1., 0., 1., 0., 0., 0., 1., 1., 1., 1., 1., 1.,
           0., 1.]]]], device='cuda:0'), tensor([[0.7492]], device='cuda:0'))
2026-01-08 17:31:39 - INFO - [ 0.99468005 -0.05127596  0.00578905  0.02892934  0.00578905  0.02892933
  0.742628   -0.39668712]
2026-01-08 17:31:39 - INFO - (tensor([[[[0., 1., 1., 0., 0., 1., 1., 1., 0., 1., 0., 1., 0., 1., 1., 1., 1.,
           0., 0.],
          [0., 1., 1., 1., 0., 0., 1., 1., 1., 1., 1., 1., 0., 0., 1., 0., 0.,
           0., 0.],
          [0., 0., 0., 0., 0., 1., 0., 0., 0., 1., 1., 0., 0., 0., 1., 0., 1.,
           0., 1.],
          [0., 0., 0., 0., 0., 0., 1., 0., 0., 0., 1., 1., 1., 0., 0., 0., 0.,
           0., 1.],
          [1., 1., 1., 0., 1., 1., 1., 0., 0., 1., 1., 1., 0., 0., 1., 0., 1.,
           1., 1.],
          [1., 0., 0., 1., 0., 1., 0., 0., 1., 1., 0., 1., 0., 1., 0., 0., 0.,
           1., 1.],
          [0., 0., 1., 1., 0., 1., 1., 0., 0., 1., 0., 0., 0., 0., 1., 1., 1.,
           1., 0.],
          [1., 0., 0., 1., 1., 1., 1., 0., 1., 1., 0., 1., 0., 1., 1., 0., 0.,
           1., 1.],
          [1., 0., 1., 1., 0., 1., 1., 1., 0., 1., 1., 0., 0., 0., 1., 0., 0.,
           1., 1.],
          [1., 0., 0., 1., 1., 0., 1., 0., 1., 1., 0., 1., 1., 0., 0., 1., 1.,
           1., 1.],
          [0., 0., 1., 0., 0., 0., 0., 1., 0., 0., 1., 0., 1., 0., 1., 0., 1.,
           1., 1.],
          [0., 1., 0., 0., 1., 0., 1., 0., 0., 1., 0., 1., 0., 1., 0., 1., 0.,
           1., 1.],
          [0., 1., 0., 0., 1., 0., 0., 1., 0., 1., 0., 0., 1., 1., 0., 0., 0.,
           1., 0.],
          [0., 1., 1., 0., 0., 1., 0., 0., 1., 0., 0., 1., 0., 0., 1., 0., 0.,
           0., 1.],
          [1., 0., 1., 1., 0., 1., 1., 0., 1., 1., 1., 0., 0., 1., 1., 0., 0.,
           1., 0.],
          [1., 1., 0., 1., 0., 1., 0., 0., 1., 0., 0., 1., 0., 0., 0., 0., 0.,
           0., 1.],
          [1., 1., 0., 0., 0., 1., 1., 0., 0., 0., 0., 1., 1., 1., 1., 1., 1.,
           0., 1.],
          [1., 0., 1., 1., 0., 1., 0., 0., 1., 1., 0., 1., 0., 1., 1., 1., 1.,
           1., 1.],
          [1., 1., 1., 1., 1., 1., 0., 1., 0., 0., 0., 1., 1., 1., 1., 1., 1.,
           0., 1.]]]], device='cuda:0'), tensor([[0.7525]], device='cuda:0'))
2026-01-08 17:31:39 - INFO - [ 0.9946635  -0.05144718  0.00583551  0.02902774  0.00583552  0.02902773
  0.74189454 -0.3979062 ]
2026-01-08 17:31:39 - INFO - (tensor([[[[0., 1., 1., 0., 0., 1., 1., 1., 0., 1., 0., 1., 0., 1., 1., 1., 1.,
           0., 0.],
          [0., 1., 1., 1., 0., 0., 1., 1., 1., 1., 1., 1., 0., 0., 1., 0., 0.,
           0., 0.],
          [0., 0., 0., 0., 0., 1., 0., 0., 0., 1., 1., 0., 0., 0., 1., 0., 1.,
           0., 1.],
          [0., 0., 0., 0., 0., 0., 1., 0., 0., 0., 1., 1., 1., 0., 0., 0., 0.,
           0., 1.],
          [1., 1., 1., 0., 1., 1., 1., 0., 0., 1., 1., 1., 0., 0., 1., 0., 1.,
           1., 1.],
          [1., 0., 0., 1., 0., 1., 0., 0., 1., 1., 0., 1., 0., 1., 0., 0., 0.,
           1., 1.],
          [0., 0., 1., 1., 0., 1., 1., 0., 0., 1., 0., 0., 0., 0., 1., 1., 1.,
           1., 0.],
          [1., 0., 0., 1., 1., 1., 1., 0., 1., 1., 0., 1., 0., 1., 1., 0., 0.,
           1., 1.],
          [1., 0., 1., 1., 0., 1., 1., 1., 0., 1., 1., 0., 0., 0., 1., 0., 0.,
           1., 1.],
          [1., 0., 0., 1., 1., 0., 1., 0., 1., 1., 0., 1., 1., 0., 0., 1., 1.,
           1., 1.],
          [0., 0., 1., 0., 0., 0., 0., 1., 0., 0., 1., 0., 1., 0., 1., 0., 1.,
           1., 1.],
          [0., 1., 0., 0., 1., 0., 1., 0., 0., 1., 0., 1., 0., 1., 0., 1., 0.,
           1., 1.],
          [0., 1., 0., 0., 1., 0., 0., 1., 0., 1., 0., 0., 1., 1., 0., 0., 0.,
           1., 0.],
          [0., 1., 1., 0., 0., 1., 0., 0., 1., 0., 0., 1., 0., 0., 1., 0., 0.,
           0., 1.],
          [1., 0., 1., 1., 0., 1., 1., 0., 1., 1., 1., 0., 0., 1., 1., 0., 0.,
           1., 0.],
          [1., 1., 0., 1., 0., 1., 0., 0., 1., 0., 0., 1., 0., 0., 0., 0., 0.,
           0., 1.],
          [1., 1., 0., 0., 0., 1., 1., 0., 0., 0., 0., 1., 1., 1., 1., 1., 1.,
           0., 1.],
          [1., 0., 1., 1., 0., 1., 0., 0., 1., 1., 0., 1., 0., 1., 1., 1., 1.,
           1., 1.],
          [1., 1., 1., 1., 1., 1., 0., 1., 0., 0., 0., 1., 1., 1., 1., 1., 1.,
           0., 1.]]]], device='cuda:0'), tensor([[0.7559]], device='cuda:0'))
2026-01-08 17:31:39 - INFO - [ 0.9946473  -0.05161697  0.00588012  0.02911882  0.00588011  0.02911882
  0.74115884 -0.3991097 ]
2026-01-08 17:31:39 - INFO - (tensor([[[[0., 1., 1., 0., 0., 1., 1., 1., 0., 1., 0., 1., 0., 1., 1., 1., 1.,
           0., 0.],
          [0., 1., 1., 1., 0., 0., 1., 1., 1., 1., 1., 1., 0., 0., 1., 0., 0.,
           0., 0.],
          [0., 0., 0., 0., 0., 1., 0., 0., 0., 1., 1., 0., 0., 0., 1., 0., 1.,
           0., 1.],
          [0., 0., 0., 0., 0., 0., 1., 0., 0., 0., 1., 1., 1., 0., 0., 0., 0.,
           0., 1.],
          [1., 1., 1., 0., 1., 1., 1., 0., 0., 1., 1., 1., 0., 0., 1., 0., 1.,
           1., 1.],
          [1., 0., 0., 1., 0., 1., 0., 0., 1., 1., 0., 1., 0., 1., 0., 0., 0.,
           1., 1.],
          [0., 0., 1., 1., 0., 1., 1., 0., 0., 1., 0., 0., 0., 0., 1., 1., 1.,
           1., 0.],
          [1., 0., 0., 1., 1., 1., 1., 0., 1., 1., 0., 1., 0., 1., 1., 0., 0.,
           1., 1.],
          [1., 0., 1., 1., 0., 1., 1., 1., 0., 1., 1., 0., 0., 0., 1., 0., 0.,
           1., 1.],
          [1., 0., 0., 1., 1., 0., 1., 0., 1., 1., 0., 1., 1., 0., 0., 1., 1.,
           1., 1.],
          [0., 0., 1., 0., 0., 0., 0., 1., 0., 0., 1., 0., 1., 0., 1., 0., 1.,
           1., 1.],
          [0., 1., 0., 0., 1., 0., 1., 0., 0., 1., 0., 1., 0., 1., 0., 1., 0.,
           1., 1.],
          [0., 1., 0., 0., 1., 0., 0., 1., 0., 1., 0., 0., 1., 1., 0., 0., 0.,
           1., 0.],
          [0., 1., 1., 0., 0., 1., 0., 0., 1., 0., 0., 1., 0., 0., 1., 0., 0.,
           0., 1.],
          [1., 0., 1., 1., 0., 1., 1., 0., 1., 1., 1., 0., 0., 1., 1., 0., 0.,
           1., 0.],
          [1., 1., 0., 1., 0., 1., 0., 0., 1., 0., 0., 1., 0., 0., 0., 0., 0.,
           0., 1.],
          [1., 1., 0., 0., 0., 1., 1., 0., 0., 0., 0., 1., 1., 1., 1., 1., 1.,
           0., 1.],
          [1., 0., 1., 1., 0., 1., 0., 0., 1., 1., 0., 1., 0., 1., 1., 1., 1.,
           1., 1.],
          [1., 1., 1., 1., 1., 1., 0., 1., 0., 0., 0., 1., 1., 1., 1., 1., 1.,
           0., 1.]]]], device='cuda:0'), tensor([[0.7592]], device='cuda:0'))
2026-01-08 17:31:39 - INFO - [ 0.99463004 -0.05179243  0.00592619  0.02921102  0.0059262   0.02921102
  0.74040306 -0.40035003]
2026-01-08 17:31:39 - INFO - (tensor([[[[0., 1., 1., 0., 0., 1., 1., 1., 0., 1., 0., 1., 0., 1., 1., 1., 1.,
           0., 0.],
          [0., 1., 1., 1., 0., 0., 1., 1., 1., 1., 1., 1., 0., 0., 1., 0., 0.,
           0., 0.],
          [0., 0., 0., 0., 0., 1., 0., 0., 0., 1., 1., 0., 0., 0., 1., 0., 1.,
           0., 1.],
          [0., 0., 0., 0., 0., 0., 1., 0., 0., 0., 1., 1., 1., 0., 0., 0., 0.,
           0., 1.],
          [1., 1., 1., 0., 1., 1., 1., 0., 0., 1., 1., 1., 0., 0., 1., 0., 1.,
           1., 1.],
          [1., 0., 0., 1., 0., 1., 0., 0., 1., 1., 0., 1., 0., 1., 0., 0., 0.,
           1., 1.],
          [0., 0., 1., 1., 0., 1., 1., 0., 0., 1., 0., 0., 0., 0., 1., 1., 1.,
           1., 0.],
          [1., 0., 0., 1., 1., 1., 1., 0., 1., 1., 0., 1., 0., 1., 1., 0., 0.,
           1., 1.],
          [1., 0., 1., 1., 0., 1., 1., 1., 0., 1., 1., 0., 0., 0., 1., 0., 0.,
           1., 1.],
          [1., 0., 0., 1., 1., 0., 1., 0., 1., 1., 0., 1., 1., 0., 0., 1., 1.,
           1., 1.],
          [0., 0., 1., 0., 0., 0., 0., 1., 0., 0., 1., 0., 1., 0., 1., 0., 1.,
           1., 1.],
          [0., 1., 0., 0., 1., 0., 1., 0., 0., 1., 0., 1., 0., 1., 0., 1., 0.,
           1., 1.],
          [0., 1., 0., 0., 1., 0., 0., 1., 0., 1., 0., 0., 1., 1., 0., 0., 0.,
           1., 0.],
          [0., 1., 1., 0., 0., 1., 0., 0., 1., 0., 0., 1., 0., 0., 1., 0., 0.,
           0., 1.],
          [1., 0., 1., 1., 0., 1., 1., 0., 1., 1., 1., 0., 0., 1., 1., 0., 0.,
           1., 0.],
          [1., 1., 0., 1., 0., 1., 0., 0., 1., 0., 0., 1., 0., 0., 0., 0., 0.,
           0., 1.],
          [1., 1., 0., 0., 0., 1., 1., 0., 0., 0., 0., 1., 1., 1., 1., 1., 1.,
           0., 1.],
          [1., 0., 1., 1., 0., 1., 0., 0., 1., 1., 0., 1., 0., 1., 1., 1., 1.,
           1., 1.],
          [1., 1., 1., 1., 1., 1., 0., 1., 0., 0., 0., 1., 1., 1., 1., 1., 1.,
           0., 1.]]]], device='cuda:0'), tensor([[0.7625]], device='cuda:0'))
2026-01-08 17:31:39 - INFO - [ 0.994614   -0.05197255  0.00597143  0.02930017  0.00597144  0.02930016
  0.73964375 -0.4016064 ]
2026-01-08 17:31:39 - INFO - (tensor([[[[0., 1., 1., 0., 0., 1., 1., 1., 0., 1., 0., 1., 0., 1., 1., 1., 1.,
           0., 0.],
          [0., 1., 1., 1., 0., 0., 1., 1., 1., 1., 1., 1., 0., 0., 1., 0., 0.,
           0., 0.],
          [0., 0., 0., 0., 0., 1., 0., 0., 0., 1., 1., 0., 0., 0., 1., 0., 1.,
           0., 1.],
          [0., 0., 0., 0., 0., 0., 1., 0., 0., 0., 1., 1., 1., 0., 0., 0., 0.,
           0., 1.],
          [1., 1., 1., 0., 1., 1., 1., 0., 0., 1., 1., 1., 0., 0., 1., 0., 1.,
           1., 1.],
          [1., 0., 0., 1., 0., 1., 0., 0., 1., 1., 0., 1., 0., 1., 0., 0., 0.,
           1., 1.],
          [0., 0., 1., 1., 0., 1., 1., 0., 0., 1., 0., 0., 0., 0., 1., 1., 1.,
           1., 0.],
          [1., 0., 0., 1., 1., 1., 1., 0., 1., 1., 0., 1., 0., 1., 1., 0., 0.,
           1., 1.],
          [1., 0., 1., 1., 0., 1., 1., 1., 0., 1., 1., 0., 0., 0., 1., 0., 0.,
           1., 1.],
          [1., 0., 0., 1., 1., 0., 1., 0., 1., 1., 0., 1., 1., 0., 0., 1., 1.,
           1., 1.],
          [0., 0., 1., 0., 0., 0., 0., 1., 0., 0., 1., 0., 1., 0., 1., 0., 1.,
           1., 1.],
          [0., 1., 0., 0., 1., 0., 1., 0., 0., 1., 0., 1., 0., 1., 0., 1., 0.,
           1., 1.],
          [0., 1., 0., 0., 1., 0., 0., 1., 0., 1., 0., 0., 1., 1., 0., 0., 0.,
           1., 0.],
          [0., 1., 1., 0., 0., 1., 0., 0., 1., 0., 0., 1., 0., 0., 1., 0., 0.,
           0., 1.],
          [1., 0., 1., 1., 0., 1., 1., 0., 1., 1., 1., 0., 0., 1., 1., 0., 0.,
           1., 0.],
          [1., 1., 0., 1., 0., 1., 0., 0., 1., 0., 0., 1., 0., 0., 0., 0., 0.,
           0., 1.],
          [1., 1., 0., 0., 0., 1., 1., 0., 0., 0., 0., 1., 1., 1., 1., 1., 1.,
           0., 1.],
          [1., 0., 1., 1., 0., 1., 0., 0., 1., 1., 0., 1., 0., 1., 1., 1., 1.,
           1., 1.],
          [1., 1., 1., 1., 1., 1., 0., 1., 0., 0., 0., 1., 1., 1., 1., 1., 1.,
           0., 1.]]]], device='cuda:0'), tensor([[0.7659]], device='cuda:0'))
2026-01-08 17:31:39 - INFO - [ 0.9946093  -0.0521669   0.00601499  0.02938102  0.00601499  0.02938102
  0.7388996  -0.40297547]
2026-01-08 17:31:39 - INFO - (tensor([[[[0., 1., 1., 0., 0., 1., 1., 1., 0., 1., 0., 1., 0., 1., 1., 1., 1.,
           0., 0.],
          [0., 1., 1., 1., 0., 0., 1., 1., 1., 1., 1., 1., 0., 0., 1., 0., 0.,
           0., 0.],
          [0., 0., 0., 0., 0., 1., 0., 0., 0., 1., 1., 0., 0., 0., 1., 0., 1.,
           0., 1.],
          [0., 0., 0., 0., 0., 0., 1., 0., 0., 0., 1., 1., 1., 0., 0., 0., 0.,
           0., 1.],
          [1., 1., 1., 0., 1., 1., 1., 0., 0., 1., 1., 1., 0., 0., 1., 0., 1.,
           1., 1.],
          [1., 0., 0., 1., 0., 1., 0., 0., 1., 1., 0., 1., 0., 1., 0., 0., 0.,
           1., 1.],
          [0., 0., 1., 1., 0., 1., 1., 0., 0., 1., 0., 0., 0., 0., 1., 1., 1.,
           1., 0.],
          [1., 0., 0., 1., 1., 1., 1., 0., 1., 1., 0., 1., 0., 1., 1., 0., 0.,
           1., 1.],
          [1., 0., 1., 1., 0., 1., 1., 1., 0., 1., 1., 0., 0., 0., 1., 0., 0.,
           1., 1.],
          [1., 0., 0., 1., 1., 0., 1., 0., 1., 1., 0., 1., 1., 0., 0., 1., 1.,
           1., 1.],
          [0., 0., 1., 0., 0., 0., 0., 1., 0., 0., 1., 0., 1., 0., 1., 0., 1.,
           1., 1.],
          [0., 1., 0., 0., 1., 0., 1., 0., 0., 1., 0., 1., 0., 1., 0., 1., 0.,
           1., 1.],
          [0., 1., 0., 0., 1., 0., 0., 1., 0., 1., 0., 0., 1., 1., 0., 0., 0.,
           1., 0.],
          [0., 1., 1., 0., 0., 1., 0., 0., 1., 0., 0., 1., 0., 0., 1., 0., 0.,
           0., 1.],
          [1., 0., 1., 1., 0., 1., 1., 0., 1., 1., 1., 0., 0., 1., 1., 0., 0.,
           1., 0.],
          [1., 1., 0., 1., 0., 1., 0., 0., 1., 0., 0., 1., 0., 0., 0., 0., 0.,
           0., 1.],
          [1., 1., 0., 0., 0., 1., 1., 0., 0., 0., 0., 1., 1., 1., 1., 1., 1.,
           0., 1.],
          [1., 0., 1., 1., 0., 1., 0., 0., 1., 1., 0., 1., 0., 1., 1., 1., 1.,
           1., 1.],
          [1., 1., 1., 1., 1., 1., 0., 1., 0., 0., 0., 1., 1., 1., 1., 1., 1.,
           0., 1.]]]], device='cuda:0'), tensor([[0.7692]], device='cuda:0'))
2026-01-08 17:31:39 - INFO - [ 0.99460286 -0.0523578   0.00605764  0.02946187  0.00605764  0.02946187
  0.7381638  -0.4043226 ]
2026-01-08 17:31:39 - INFO - (tensor([[[[0., 1., 1., 0., 0., 1., 1., 1., 0., 1., 0., 1., 0., 1., 1., 1., 1.,
           0., 0.],
          [0., 1., 1., 1., 0., 0., 1., 1., 1., 1., 1., 1., 0., 0., 1., 0., 0.,
           0., 0.],
          [0., 0., 0., 0., 0., 1., 0., 0., 0., 1., 1., 0., 0., 0., 1., 0., 1.,
           0., 1.],
          [0., 0., 0., 0., 0., 0., 1., 0., 0., 0., 1., 1., 1., 0., 0., 0., 0.,
           0., 1.],
          [1., 1., 1., 0., 1., 1., 1., 0., 0., 1., 1., 1., 0., 0., 1., 0., 1.,
           1., 1.],
          [1., 0., 0., 1., 0., 1., 0., 0., 1., 1., 0., 1., 0., 1., 0., 0., 0.,
           1., 1.],
          [0., 0., 1., 1., 0., 1., 1., 0., 0., 1., 0., 0., 0., 0., 1., 1., 1.,
           1., 0.],
          [1., 0., 0., 1., 1., 1., 1., 0., 1., 1., 0., 1., 0., 1., 1., 0., 0.,
           1., 1.],
          [1., 0., 1., 1., 0., 1., 1., 1., 0., 1., 1., 0., 0., 0., 1., 0., 0.,
           1., 1.],
          [1., 0., 0., 1., 1., 0., 1., 0., 1., 1., 0., 1., 1., 0., 0., 1., 1.,
           1., 1.],
          [0., 0., 1., 0., 0., 0., 0., 1., 0., 0., 1., 0., 1., 0., 1., 0., 1.,
           1., 1.],
          [0., 1., 0., 0., 1., 0., 1., 0., 0., 1., 0., 1., 0., 1., 0., 1., 0.,
           1., 1.],
          [0., 1., 0., 0., 1., 0., 0., 1., 0., 1., 0., 0., 1., 1., 0., 0., 0.,
           1., 0.],
          [0., 1., 1., 0., 0., 1., 0., 0., 1., 0., 0., 1., 0., 0., 1., 0., 0.,
           0., 1.],
          [1., 0., 1., 1., 0., 1., 1., 0., 1., 1., 1., 0., 0., 1., 1., 0., 0.,
           1., 0.],
          [1., 1., 0., 1., 0., 1., 0., 0., 1., 0., 0., 1., 0., 0., 0., 0., 0.,
           0., 1.],
          [1., 1., 0., 0., 0., 1., 1., 0., 0., 0., 0., 1., 1., 1., 1., 1., 1.,
           0., 1.],
          [1., 0., 1., 1., 0., 1., 0., 0., 1., 1., 0., 1., 0., 1., 1., 1., 1.,
           1., 1.],
          [1., 1., 1., 1., 1., 1., 0., 1., 0., 0., 0., 1., 1., 1., 1., 1., 1.,
           0., 1.]]]], device='cuda:0'), tensor([[0.7726]], device='cuda:0'))
2026-01-08 17:31:39 - INFO - [ 0.99459195 -0.0525457   0.00609984  0.02954204  0.00609984  0.02954204
  0.73742604 -0.40565726]
2026-01-08 17:31:39 - INFO - (tensor([[[[0., 1., 1., 0., 0., 1., 1., 1., 0., 1., 0., 1., 0., 1., 1., 1., 1.,
           0., 0.],
          [0., 1., 1., 1., 0., 0., 1., 1., 1., 1., 1., 1., 0., 0., 1., 0., 0.,
           0., 0.],
          [0., 0., 0., 0., 0., 1., 0., 0., 0., 1., 1., 0., 0., 0., 1., 0., 1.,
           0., 1.],
          [0., 0., 0., 0., 0., 0., 1., 0., 0., 0., 1., 1., 1., 0., 0., 0., 0.,
           0., 1.],
          [1., 1., 1., 0., 1., 1., 1., 0., 0., 1., 1., 1., 0., 0., 1., 0., 1.,
           1., 1.],
          [1., 0., 0., 1., 0., 1., 0., 0., 1., 1., 0., 1., 0., 1., 0., 0., 0.,
           1., 1.],
          [0., 0., 1., 1., 0., 1., 1., 0., 0., 1., 0., 0., 0., 0., 1., 1., 1.,
           1., 0.],
          [1., 0., 0., 1., 1., 1., 1., 0., 1., 1., 0., 1., 0., 1., 1., 0., 0.,
           1., 1.],
          [1., 0., 1., 1., 0., 1., 1., 1., 0., 1., 1., 0., 0., 0., 1., 0., 0.,
           1., 1.],
          [1., 0., 0., 1., 1., 0., 1., 0., 1., 1., 0., 1., 1., 0., 0., 1., 1.,
           1., 1.],
          [0., 0., 1., 0., 0., 0., 0., 1., 0., 0., 1., 0., 1., 0., 1., 0., 1.,
           1., 1.],
          [0., 1., 0., 0., 1., 0., 1., 0., 0., 1., 0., 1., 0., 1., 0., 1., 0.,
           1., 1.],
          [0., 1., 0., 0., 1., 0., 0., 1., 0., 1., 0., 0., 1., 1., 0., 0., 0.,
           1., 0.],
          [0., 1., 1., 0., 0., 1., 0., 0., 1., 0., 0., 1., 0., 0., 1., 0., 0.,
           0., 1.],
          [1., 0., 1., 1., 0., 1., 1., 0., 1., 1., 1., 0., 0., 1., 1., 0., 0.,
           1., 0.],
          [1., 1., 0., 1., 0., 1., 0., 0., 1., 0., 0., 1., 0., 0., 0., 0., 0.,
           0., 1.],
          [1., 1., 0., 0., 0., 1., 1., 0., 0., 0., 0., 1., 1., 1., 1., 1., 1.,
           0., 1.],
          [1., 0., 1., 1., 0., 1., 0., 0., 1., 1., 0., 1., 0., 1., 1., 1., 1.,
           1., 1.],
          [1., 1., 1., 1., 1., 1., 0., 1., 0., 0., 0., 1., 1., 1., 1., 1., 1.,
           0., 1.]]]], device='cuda:0'), tensor([[0.7759]], device='cuda:0'))
2026-01-08 17:31:39 - INFO - [ 0.9945805  -0.05273005  0.00614063  0.02961967  0.00614064  0.02961966
  0.73669946 -0.4069489 ]
2026-01-08 17:31:39 - INFO - (tensor([[[[0., 1., 1., 0., 0., 1., 1., 1., 0., 1., 0., 1., 0., 1., 1., 1., 1.,
           0., 0.],
          [0., 1., 1., 1., 0., 0., 1., 1., 1., 1., 1., 1., 0., 0., 1., 0., 0.,
           0., 0.],
          [0., 0., 0., 0., 0., 1., 0., 0., 0., 1., 1., 0., 0., 0., 1., 0., 1.,
           0., 1.],
          [0., 0., 0., 0., 0., 0., 1., 0., 0., 0., 1., 1., 1., 0., 0., 0., 0.,
           0., 1.],
          [1., 1., 1., 0., 1., 1., 1., 0., 0., 1., 1., 1., 0., 0., 1., 0., 1.,
           1., 1.],
          [1., 0., 0., 1., 0., 1., 0., 0., 1., 1., 0., 1., 0., 1., 0., 0., 0.,
           1., 1.],
          [0., 0., 1., 1., 0., 1., 1., 0., 0., 1., 0., 0., 0., 0., 1., 1., 1.,
           1., 0.],
          [1., 0., 0., 1., 1., 1., 1., 0., 1., 1., 0., 1., 0., 1., 1., 0., 0.,
           1., 1.],
          [1., 0., 1., 1., 0., 1., 1., 1., 0., 1., 1., 0., 0., 0., 1., 0., 0.,
           1., 1.],
          [1., 0., 0., 1., 1., 0., 1., 0., 1., 1., 0., 1., 1., 0., 0., 1., 1.,
           1., 1.],
          [0., 0., 1., 0., 0., 0., 0., 1., 0., 0., 1., 0., 1., 0., 1., 0., 1.,
           1., 1.],
          [0., 1., 0., 0., 1., 0., 1., 0., 0., 1., 0., 1., 0., 1., 0., 1., 0.,
           1., 1.],
          [0., 1., 0., 0., 1., 0., 0., 1., 0., 1., 0., 0., 1., 1., 0., 0., 0.,
           1., 0.],
          [0., 1., 1., 0., 0., 1., 0., 0., 1., 0., 0., 1., 0., 0., 1., 0., 0.,
           0., 1.],
          [1., 0., 1., 1., 0., 1., 1., 0., 1., 1., 1., 0., 0., 1., 1., 0., 0.,
           1., 0.],
          [1., 1., 0., 1., 0., 1., 0., 0., 1., 0., 0., 1., 0., 0., 0., 0., 0.,
           0., 1.],
          [1., 1., 0., 0., 0., 1., 1., 0., 0., 0., 0., 1., 1., 1., 1., 1., 1.,
           0., 1.],
          [1., 0., 1., 1., 0., 1., 0., 0., 1., 1., 0., 1., 0., 1., 1., 1., 1.,
           1., 1.],
          [1., 1., 1., 1., 1., 1., 0., 1., 0., 0., 0., 1., 1., 1., 1., 1., 1.,
           0., 1.]]]], device='cuda:0'), tensor([[0.7793]], device='cuda:0'))
2026-01-08 17:31:39 - INFO - [ 0.99456894 -0.05290922  0.00617979  0.02969318  0.00617979  0.02969318
  0.7359824  -0.40821692]
2026-01-08 17:31:39 - INFO - (tensor([[[[0., 1., 1., 0., 0., 1., 1., 1., 0., 1., 0., 1., 0., 1., 1., 1., 1.,
           0., 0.],
          [0., 1., 1., 1., 0., 0., 1., 1., 1., 1., 1., 1., 0., 0., 1., 0., 0.,
           0., 0.],
          [0., 0., 0., 0., 0., 1., 0., 0., 0., 1., 1., 0., 0., 0., 1., 0., 1.,
           0., 1.],
          [0., 0., 0., 0., 0., 0., 1., 0., 0., 0., 1., 1., 1., 0., 0., 0., 0.,
           0., 1.],
          [1., 1., 1., 0., 1., 1., 1., 0., 0., 1., 1., 1., 0., 0., 1., 0., 1.,
           1., 1.],
          [1., 0., 0., 1., 0., 1., 0., 0., 1., 1., 0., 1., 0., 1., 0., 0., 0.,
           1., 1.],
          [0., 0., 1., 1., 0., 1., 1., 0., 0., 1., 0., 0., 0., 0., 1., 1., 1.,
           1., 0.],
          [1., 0., 0., 1., 1., 1., 1., 0., 1., 1., 0., 1., 0., 1., 1., 0., 0.,
           1., 1.],
          [1., 0., 1., 1., 0., 1., 1., 1., 0., 1., 1., 0., 0., 0., 1., 0., 0.,
           1., 1.],
          [1., 0., 0., 1., 1., 0., 1., 0., 1., 1., 0., 1., 1., 0., 0., 1., 1.,
           1., 1.],
          [0., 0., 1., 0., 0., 0., 0., 1., 0., 0., 1., 0., 1., 0., 1., 0., 1.,
           1., 1.],
          [0., 1., 0., 0., 1., 0., 1., 0., 0., 1., 0., 1., 0., 1., 0., 1., 0.,
           1., 1.],
          [0., 1., 0., 0., 1., 0., 0., 1., 0., 1., 0., 0., 1., 1., 0., 0., 0.,
           1., 0.],
          [0., 1., 1., 0., 0., 1., 0., 0., 1., 0., 0., 1., 0., 0., 1., 0., 0.,
           0., 1.],
          [1., 0., 1., 1., 0., 1., 1., 0., 1., 1., 1., 0., 0., 1., 1., 0., 0.,
           1., 0.],
          [1., 1., 0., 1., 0., 1., 0., 0., 1., 0., 0., 1., 0., 0., 0., 0., 0.,
           0., 1.],
          [1., 1., 0., 0., 0., 1., 1., 0., 0., 0., 0., 1., 1., 1., 1., 1., 1.,
           0., 1.],
          [1., 0., 1., 1., 0., 1., 0., 0., 1., 1., 0., 1., 0., 1., 1., 1., 1.,
           1., 1.],
          [1., 1., 1., 1., 1., 1., 0., 1., 0., 0., 0., 1., 1., 1., 1., 1., 1.,
           0., 1.]]]], device='cuda:0'), tensor([[0.7826]], device='cuda:0'))
2026-01-08 17:31:39 - INFO - [ 0.99452436 -0.0532458   0.00627527  0.02985494  0.00627526  0.02985494
  0.73457104 -0.41060832]
2026-01-08 17:31:39 - INFO - (tensor([[[[0., 1., 1., 0., 0., 1., 1., 1., 0., 1., 0., 1., 0., 1., 1., 1., 1.,
           0., 0.],
          [0., 1., 1., 1., 0., 0., 1., 1., 1., 1., 1., 1., 0., 0., 1., 0., 0.,
           0., 0.],
          [0., 0., 0., 0., 0., 1., 0., 0., 0., 1., 1., 0., 0., 0., 1., 0., 1.,
           0., 1.],
          [0., 0., 0., 0., 0., 0., 1., 0., 0., 0., 1., 1., 1., 0., 0., 0., 0.,
           0., 1.],
          [1., 1., 1., 0., 1., 1., 1., 0., 0., 1., 1., 1., 0., 0., 1., 0., 1.,
           1., 1.],
          [1., 0., 0., 1., 0., 1., 0., 0., 1., 1., 0., 1., 0., 1., 0., 0., 0.,
           1., 1.],
          [0., 0., 1., 1., 0., 1., 1., 0., 0., 1., 0., 0., 0., 0., 1., 1., 1.,
           1., 0.],
          [1., 0., 0., 1., 1., 1., 1., 0., 1., 1., 0., 1., 0., 1., 1., 0., 0.,
           1., 1.],
          [1., 0., 1., 1., 0., 1., 1., 1., 0., 1., 1., 0., 0., 0., 1., 0., 0.,
           1., 1.],
          [1., 0., 0., 1., 1., 0., 1., 0., 1., 1., 0., 1., 1., 0., 0., 1., 1.,
           1., 1.],
          [0., 0., 1., 0., 0., 0., 0., 1., 0., 0., 1., 0., 1., 0., 1., 0., 1.,
           1., 1.],
          [0., 1., 0., 0., 1., 0., 1., 0., 0., 1., 0., 1., 0., 1., 0., 1., 0.,
           1., 1.],
          [0., 1., 0., 0., 1., 0., 0., 1., 0., 1., 0., 0., 1., 1., 0., 0., 0.,
           1., 0.],
          [0., 1., 1., 0., 0., 1., 0., 0., 1., 0., 0., 1., 0., 0., 1., 0., 0.,
           0., 1.],
          [1., 0., 1., 1., 0., 1., 1., 0., 1., 1., 1., 0., 0., 1., 1., 0., 0.,
           1., 0.],
          [1., 1., 0., 1., 0., 1., 0., 0., 1., 0., 0., 1., 0., 0., 0., 0., 0.,
           0., 1.],
          [1., 1., 0., 0., 0., 1., 1., 0., 0., 0., 0., 1., 1., 1., 1., 1., 1.,
           0., 1.],
          [1., 0., 1., 1., 0., 1., 0., 0., 1., 1., 0., 1., 0., 1., 1., 1., 1.,
           1., 1.],
          [1., 1., 1., 1., 1., 1., 0., 1., 0., 0., 0., 1., 1., 1., 1., 1., 1.,
           0., 1.]]]], device='cuda:0'), tensor([[0.7860]], device='cuda:0'))
2026-01-08 17:31:39 - INFO - [ 0.9945015  -0.05348478  0.00633496  0.0299497   0.00633495  0.0299497
  0.7336179  -0.41214335]
2026-01-08 17:31:39 - INFO - (tensor([[[[0., 1., 1., 0., 0., 1., 1., 1., 0., 1., 0., 1., 0., 1., 1., 1., 1.,
           0., 0.],
          [0., 1., 1., 1., 0., 0., 1., 1., 1., 1., 1., 1., 0., 0., 1., 0., 0.,
           0., 0.],
          [0., 0., 0., 0., 0., 1., 0., 0., 0., 1., 1., 0., 0., 0., 1., 0., 1.,
           0., 1.],
          [0., 0., 0., 0., 0., 0., 1., 0., 0., 0., 1., 1., 1., 0., 0., 0., 0.,
           0., 1.],
          [1., 1., 1., 0., 1., 1., 1., 0., 0., 1., 1., 1., 0., 0., 1., 0., 1.,
           1., 1.],
          [1., 0., 0., 1., 0., 1., 0., 0., 1., 1., 0., 1., 0., 1., 0., 0., 0.,
           1., 1.],
          [0., 0., 1., 1., 0., 1., 1., 0., 0., 1., 0., 0., 0., 0., 1., 1., 1.,
           1., 0.],
          [1., 0., 0., 1., 1., 1., 1., 0., 1., 1., 0., 1., 0., 1., 1., 0., 0.,
           1., 1.],
          [1., 0., 1., 1., 0., 1., 1., 1., 0., 1., 1., 0., 0., 0., 1., 0., 0.,
           1., 1.],
          [1., 0., 0., 1., 1., 0., 1., 0., 1., 1., 0., 1., 1., 0., 0., 1., 1.,
           1., 1.],
          [0., 0., 1., 0., 0., 0., 0., 1., 0., 0., 1., 0., 1., 0., 1., 0., 1.,
           1., 1.],
          [0., 1., 0., 0., 1., 0., 1., 0., 0., 1., 0., 1., 0., 1., 0., 1., 0.,
           1., 1.],
          [0., 1., 0., 0., 1., 0., 0., 1., 0., 1., 0., 0., 1., 1., 0., 0., 0.,
           1., 0.],
          [0., 1., 1., 0., 0., 1., 0., 0., 1., 0., 0., 1., 0., 0., 1., 0., 0.,
           0., 1.],
          [1., 0., 1., 1., 0., 1., 1., 0., 1., 1., 1., 0., 0., 1., 1., 0., 0.,
           1., 0.],
          [1., 1., 0., 1., 0., 1., 0., 0., 1., 0., 0., 1., 0., 0., 0., 0., 0.,
           0., 1.],
          [1., 1., 0., 0., 0., 1., 1., 0., 0., 0., 0., 1., 1., 1., 1., 1., 1.,
           0., 1.],
          [1., 0., 1., 1., 0., 1., 0., 0., 1., 1., 0., 1., 0., 1., 1., 1., 1.,
           1., 1.],
          [1., 1., 1., 1., 1., 1., 0., 1., 0., 0., 0., 1., 1., 1., 1., 1., 1.,
           0., 1.]]]], device='cuda:0'), tensor([[0.7893]], device='cuda:0'))
2026-01-08 17:31:39 - INFO - [ 0.99447757 -0.05372857  0.00639413  0.03004081  0.00639411  0.03004081
  0.73268324 -0.41363132]
2026-01-08 17:31:39 - INFO - (tensor([[[[0., 1., 1., 0., 0., 1., 1., 1., 0., 1., 0., 1., 0., 1., 1., 1., 1.,
           0., 0.],
          [0., 1., 1., 1., 0., 0., 1., 1., 1., 1., 1., 1., 0., 0., 1., 0., 0.,
           0., 0.],
          [0., 0., 0., 0., 0., 1., 0., 0., 0., 1., 1., 0., 0., 0., 1., 0., 1.,
           0., 1.],
          [0., 0., 0., 0., 0., 0., 1., 0., 0., 0., 1., 1., 1., 0., 0., 0., 0.,
           0., 1.],
          [1., 1., 1., 0., 1., 1., 1., 0., 0., 1., 1., 1., 0., 0., 1., 0., 1.,
           1., 1.],
          [1., 0., 0., 1., 0., 1., 0., 0., 1., 1., 0., 1., 0., 1., 0., 0., 0.,
           1., 1.],
          [0., 0., 1., 1., 0., 1., 1., 0., 0., 1., 0., 0., 0., 0., 1., 1., 1.,
           1., 0.],
          [1., 0., 0., 1., 1., 1., 1., 0., 1., 1., 0., 1., 0., 1., 1., 0., 0.,
           1., 1.],
          [1., 0., 1., 1., 0., 1., 1., 1., 0., 1., 1., 0., 0., 0., 1., 0., 0.,
           1., 1.],
          [1., 0., 0., 1., 1., 0., 1., 0., 1., 1., 0., 1., 1., 0., 0., 1., 1.,
           1., 1.],
          [0., 0., 1., 0., 0., 0., 0., 1., 0., 0., 1., 0., 1., 0., 1., 0., 1.,
           1., 1.],
          [0., 1., 0., 0., 1., 0., 1., 0., 0., 1., 0., 1., 0., 1., 0., 1., 0.,
           1., 1.],
          [0., 1., 0., 0., 1., 0., 0., 1., 0., 1., 0., 0., 1., 1., 0., 0., 0.,
           1., 0.],
          [0., 1., 1., 0., 0., 1., 0., 0., 1., 0., 0., 1., 0., 0., 1., 0., 0.,
           0., 1.],
          [1., 0., 1., 1., 0., 1., 1., 0., 1., 1., 1., 0., 0., 1., 1., 0., 0.,
           1., 0.],
          [1., 1., 0., 1., 0., 1., 0., 0., 1., 0., 0., 1., 0., 0., 0., 0., 0.,
           0., 1.],
          [1., 1., 0., 0., 0., 1., 1., 0., 0., 0., 0., 1., 1., 1., 1., 1., 1.,
           0., 1.],
          [1., 0., 1., 1., 0., 1., 0., 0., 1., 1., 0., 1., 0., 1., 1., 1., 1.,
           1., 1.],
          [1., 1., 1., 1., 1., 1., 0., 1., 0., 0., 0., 1., 1., 1., 1., 1., 1.,
           0., 1.]]]], device='cuda:0'), tensor([[0.7926]], device='cuda:0'))
2026-01-08 17:31:39 - INFO - [ 0.9944555  -0.05395695  0.00645234  0.03012409  0.00645236  0.03012409
  0.73179734 -0.4150442 ]
2026-01-08 17:31:39 - INFO - (tensor([[[[0., 1., 1., 0., 0., 1., 1., 1., 0., 1., 0., 1., 0., 1., 1., 1., 1.,
           0., 0.],
          [0., 1., 1., 1., 0., 0., 1., 1., 1., 1., 1., 1., 0., 0., 1., 0., 0.,
           0., 0.],
          [0., 0., 0., 0., 0., 1., 0., 0., 0., 1., 1., 0., 0., 0., 1., 0., 1.,
           0., 1.],
          [0., 0., 0., 0., 0., 0., 1., 0., 0., 0., 1., 1., 1., 0., 0., 0., 0.,
           0., 1.],
          [1., 1., 1., 0., 1., 1., 1., 0., 0., 1., 1., 1., 0., 0., 1., 0., 1.,
           1., 1.],
          [1., 0., 0., 1., 0., 1., 0., 0., 1., 1., 0., 1., 0., 1., 0., 0., 0.,
           1., 1.],
          [0., 0., 1., 1., 0., 1., 1., 0., 0., 1., 0., 0., 0., 0., 1., 1., 1.,
           1., 0.],
          [1., 0., 0., 1., 1., 1., 1., 0., 1., 1., 0., 1., 0., 1., 1., 0., 0.,
           1., 1.],
          [1., 0., 1., 1., 0., 1., 1., 1., 0., 1., 1., 0., 0., 0., 1., 0., 0.,
           1., 1.],
          [1., 0., 0., 1., 1., 0., 1., 0., 1., 1., 0., 1., 1., 0., 0., 1., 1.,
           1., 1.],
          [0., 0., 1., 0., 0., 0., 0., 1., 0., 0., 1., 0., 1., 0., 1., 0., 1.,
           1., 1.],
          [0., 1., 0., 0., 1., 0., 1., 0., 0., 1., 0., 1., 0., 1., 0., 1., 0.,
           1., 1.],
          [0., 1., 0., 0., 1., 0., 0., 1., 0., 1., 0., 0., 1., 1., 0., 0., 0.,
           1., 0.],
          [0., 1., 1., 0., 0., 1., 0., 0., 1., 0., 0., 1., 0., 0., 1., 0., 0.,
           0., 1.],
          [1., 0., 1., 1., 0., 1., 1., 0., 1., 1., 1., 0., 0., 1., 1., 0., 0.,
           1., 0.],
          [1., 1., 0., 1., 0., 1., 0., 0., 1., 0., 0., 1., 0., 0., 0., 0., 0.,
           0., 1.],
          [1., 1., 0., 0., 0., 1., 1., 0., 0., 0., 0., 1., 1., 1., 1., 1., 1.,
           0., 1.],
          [1., 0., 1., 1., 0., 1., 0., 0., 1., 1., 0., 1., 0., 1., 1., 1., 1.,
           1., 1.],
          [1., 1., 1., 1., 1., 1., 0., 1., 0., 0., 0., 1., 1., 1., 1., 1., 1.,
           0., 1.]]]], device='cuda:0'), tensor([[0.7960]], device='cuda:0'))
2026-01-08 17:31:39 - INFO - [ 0.9944289  -0.05417627  0.00651697  0.03021456  0.00651698  0.03021456
  0.7309042  -0.41647366]
2026-01-08 17:31:39 - INFO - (tensor([[[[0., 1., 1., 0., 0., 1., 1., 1., 0., 1., 0., 1., 0., 1., 1., 1., 1.,
           0., 0.],
          [0., 1., 1., 1., 0., 0., 1., 1., 1., 1., 1., 1., 0., 0., 1., 0., 0.,
           0., 0.],
          [0., 0., 0., 0., 0., 1., 0., 0., 0., 1., 1., 0., 0., 0., 1., 0., 1.,
           0., 1.],
          [0., 0., 0., 0., 0., 0., 1., 0., 0., 0., 1., 1., 1., 0., 0., 0., 0.,
           0., 1.],
          [1., 1., 1., 0., 1., 1., 1., 0., 0., 1., 1., 1., 0., 0., 1., 0., 1.,
           1., 1.],
          [1., 0., 0., 1., 0., 1., 0., 0., 1., 1., 0., 1., 0., 1., 0., 0., 0.,
           1., 1.],
          [0., 0., 1., 1., 0., 1., 1., 0., 0., 1., 0., 0., 0., 0., 1., 1., 1.,
           1., 0.],
          [1., 0., 0., 1., 1., 1., 1., 0., 1., 1., 0., 1., 0., 1., 1., 0., 0.,
           1., 1.],
          [1., 0., 1., 1., 0., 1., 1., 1., 0., 1., 1., 0., 0., 0., 1., 0., 0.,
           1., 1.],
          [1., 0., 0., 1., 1., 0., 1., 0., 1., 1., 0., 1., 1., 0., 0., 1., 1.,
           1., 1.],
          [0., 0., 1., 0., 0., 0., 0., 1., 0., 0., 1., 0., 1., 0., 1., 0., 1.,
           1., 1.],
          [0., 1., 0., 0., 1., 0., 1., 0., 0., 1., 0., 1., 0., 1., 0., 1., 0.,
           1., 1.],
          [0., 1., 0., 0., 1., 0., 0., 1., 0., 1., 0., 0., 1., 1., 0., 0., 0.,
           1., 0.],
          [0., 1., 1., 0., 0., 1., 0., 0., 1., 0., 0., 1., 0., 0., 1., 0., 0.,
           0., 1.],
          [1., 0., 1., 1., 0., 1., 1., 0., 1., 1., 1., 0., 0., 1., 1., 0., 0.,
           1., 0.],
          [1., 1., 0., 1., 0., 1., 0., 0., 1., 0., 0., 1., 0., 0., 0., 0., 0.,
           0., 1.],
          [1., 1., 0., 0., 0., 1., 1., 0., 0., 0., 0., 1., 1., 1., 1., 1., 1.,
           0., 1.],
          [1., 0., 1., 1., 0., 1., 0., 0., 1., 1., 0., 1., 0., 1., 1., 1., 1.,
           1., 1.],
          [1., 1., 1., 1., 1., 1., 0., 1., 0., 0., 0., 1., 1., 1., 1., 1., 1.,
           0., 1.]]]], device='cuda:0'), tensor([[0.7993]], device='cuda:0'))
2026-01-08 17:31:39 - INFO - [ 0.99440414 -0.05438885  0.00657995  0.03030371  0.00657996  0.03030372
  0.7300445  -0.4178497 ]
2026-01-08 17:31:39 - INFO - (tensor([[[[0., 1., 1., 0., 0., 1., 1., 1., 0., 1., 0., 1., 0., 1., 1., 1., 1.,
           0., 0.],
          [0., 1., 1., 1., 0., 0., 1., 1., 1., 1., 1., 1., 0., 0., 1., 0., 0.,
           0., 0.],
          [0., 0., 0., 0., 0., 1., 0., 0., 0., 1., 1., 0., 0., 0., 1., 0., 1.,
           0., 1.],
          [0., 0., 0., 0., 0., 0., 1., 0., 0., 0., 1., 1., 1., 0., 0., 0., 0.,
           0., 1.],
          [1., 1., 1., 0., 1., 1., 1., 0., 0., 1., 1., 1., 0., 0., 1., 0., 1.,
           1., 1.],
          [1., 0., 0., 1., 0., 1., 0., 0., 1., 1., 0., 1., 0., 1., 0., 0., 0.,
           1., 1.],
          [0., 0., 1., 1., 0., 1., 1., 0., 0., 1., 0., 0., 0., 0., 1., 1., 1.,
           1., 0.],
          [1., 0., 0., 1., 1., 1., 1., 0., 1., 1., 0., 1., 0., 1., 1., 0., 0.,
           1., 1.],
          [1., 0., 1., 1., 0., 1., 1., 1., 0., 1., 1., 0., 0., 0., 1., 0., 0.,
           1., 1.],
          [1., 0., 0., 1., 1., 0., 1., 0., 1., 1., 0., 1., 1., 0., 0., 1., 1.,
           1., 1.],
          [0., 0., 1., 0., 0., 0., 0., 1., 0., 0., 1., 0., 1., 0., 1., 0., 1.,
           1., 1.],
          [0., 1., 0., 0., 1., 0., 1., 0., 0., 1., 0., 1., 0., 1., 0., 1., 0.,
           1., 1.],
          [0., 1., 0., 0., 1., 0., 0., 1., 0., 1., 0., 0., 1., 1., 0., 0., 0.,
           1., 0.],
          [0., 1., 1., 0., 0., 1., 0., 0., 1., 0., 0., 1., 0., 0., 1., 0., 0.,
           0., 1.],
          [1., 0., 1., 1., 0., 1., 1., 0., 1., 1., 1., 0., 0., 1., 1., 0., 0.,
           1., 0.],
          [1., 1., 0., 1., 0., 1., 0., 0., 1., 0., 0., 1., 0., 0., 0., 0., 0.,
           0., 1.],
          [1., 1., 0., 0., 0., 1., 1., 0., 0., 0., 0., 1., 1., 1., 1., 1., 1.,
           0., 1.],
          [1., 0., 1., 1., 0., 1., 0., 0., 1., 1., 0., 1., 0., 1., 1., 1., 1.,
           1., 1.],
          [1., 1., 1., 1., 1., 1., 0., 1., 0., 0., 0., 1., 1., 1., 1., 1., 1.,
           0., 1.]]]], device='cuda:0'), tensor([[0.8027]], device='cuda:0'))
2026-01-08 17:31:39 - INFO - [ 0.9943819  -0.054592    0.00663942  0.03038755  0.00663943  0.03038755
  0.7292352  -0.41914862]
2026-01-08 17:31:39 - INFO - (tensor([[[[0., 1., 1., 0., 0., 1., 1., 1., 0., 1., 0., 1., 0., 1., 1., 1., 1.,
           0., 0.],
          [0., 1., 1., 1., 0., 0., 1., 1., 1., 1., 1., 1., 0., 0., 1., 0., 0.,
           0., 0.],
          [0., 0., 0., 0., 0., 1., 0., 0., 0., 1., 1., 0., 0., 0., 1., 0., 1.,
           0., 1.],
          [0., 0., 0., 0., 0., 0., 1., 0., 0., 0., 1., 1., 1., 0., 0., 0., 0.,
           0., 1.],
          [1., 1., 1., 0., 1., 1., 1., 0., 0., 1., 1., 1., 0., 0., 1., 0., 1.,
           1., 1.],
          [1., 0., 0., 1., 0., 1., 0., 0., 1., 1., 0., 1., 0., 1., 0., 0., 0.,
           1., 1.],
          [0., 0., 1., 1., 0., 1., 1., 0., 0., 1., 0., 0., 0., 0., 1., 1., 1.,
           1., 0.],
          [1., 0., 0., 1., 1., 1., 1., 0., 1., 1., 0., 1., 0., 1., 1., 0., 0.,
           1., 1.],
          [1., 0., 1., 1., 0., 1., 1., 1., 0., 1., 1., 0., 0., 0., 1., 0., 0.,
           1., 1.],
          [1., 0., 0., 1., 1., 0., 1., 0., 1., 1., 0., 1., 1., 0., 0., 1., 1.,
           1., 1.],
          [0., 0., 1., 0., 0., 0., 0., 1., 0., 0., 1., 0., 1., 0., 1., 0., 1.,
           1., 1.],
          [0., 1., 0., 0., 1., 0., 1., 0., 0., 1., 0., 1., 0., 1., 0., 1., 0.,
           1., 1.],
          [0., 1., 0., 0., 1., 0., 0., 1., 0., 1., 0., 0., 1., 1., 0., 0., 0.,
           1., 0.],
          [0., 1., 1., 0., 0., 1., 0., 0., 1., 0., 0., 1., 0., 0., 1., 0., 0.,
           0., 1.],
          [1., 0., 1., 1., 0., 1., 1., 0., 1., 1., 1., 0., 0., 1., 1., 0., 0.,
           1., 0.],
          [1., 1., 0., 1., 0., 1., 0., 0., 1., 0., 0., 1., 0., 0., 0., 0., 0.,
           0., 1.],
          [1., 1., 0., 0., 0., 1., 1., 0., 0., 0., 0., 1., 1., 1., 1., 1., 1.,
           0., 1.],
          [1., 0., 1., 1., 0., 1., 0., 0., 1., 1., 0., 1., 0., 1., 1., 1., 1.,
           1., 1.],
          [1., 1., 1., 1., 1., 1., 0., 1., 0., 0., 0., 1., 1., 1., 1., 1., 1.,
           0., 1.]]]], device='cuda:0'), tensor([[0.8060]], device='cuda:0'))
2026-01-08 17:31:39 - INFO - [ 0.9943628  -0.0547819   0.00669614  0.03046882  0.00669614  0.03046883
  0.72848034 -0.42037693]
2026-01-08 17:31:39 - INFO - (tensor([[[[0., 1., 1., 0., 0., 1., 1., 1., 0., 1., 0., 1., 0., 1., 1., 1., 1.,
           0., 0.],
          [0., 1., 1., 1., 0., 0., 1., 1., 1., 1., 1., 1., 0., 0., 1., 0., 0.,
           0., 0.],
          [0., 0., 0., 0., 0., 1., 0., 0., 0., 1., 1., 0., 0., 0., 1., 0., 1.,
           0., 1.],
          [0., 0., 0., 0., 0., 0., 1., 0., 0., 0., 1., 1., 1., 0., 0., 0., 0.,
           0., 1.],
          [1., 1., 1., 0., 1., 1., 1., 0., 0., 1., 1., 1., 0., 0., 1., 0., 1.,
           1., 1.],
          [1., 0., 0., 1., 0., 1., 0., 0., 1., 1., 0., 1., 0., 1., 0., 0., 0.,
           1., 1.],
          [0., 0., 1., 1., 0., 1., 1., 0., 0., 1., 0., 0., 0., 0., 1., 1., 1.,
           1., 0.],
          [1., 0., 0., 1., 1., 1., 1., 0., 1., 1., 0., 1., 0., 1., 1., 0., 0.,
           1., 1.],
          [1., 0., 1., 1., 0., 1., 1., 1., 0., 1., 1., 0., 0., 0., 1., 0., 0.,
           1., 1.],
          [1., 0., 0., 1., 1., 0., 1., 0., 1., 1., 0., 1., 1., 0., 0., 1., 1.,
           1., 1.],
          [0., 0., 1., 0., 0., 0., 0., 1., 0., 0., 1., 0., 1., 0., 1., 0., 1.,
           1., 1.],
          [0., 1., 0., 0., 1., 0., 1., 0., 0., 1., 0., 1., 0., 1., 0., 1., 0.,
           1., 1.],
          [0., 1., 0., 0., 1., 0., 0., 1., 0., 1., 0., 0., 1., 1., 0., 0., 0.,
           1., 0.],
          [0., 1., 1., 0., 0., 1., 0., 0., 1., 0., 0., 1., 0., 0., 1., 0., 0.,
           0., 1.],
          [1., 0., 1., 1., 0., 1., 1., 0., 1., 1., 1., 0., 0., 1., 1., 0., 0.,
           1., 0.],
          [1., 1., 0., 1., 0., 1., 0., 0., 1., 0., 0., 1., 0., 0., 0., 0., 0.,
           0., 1.],
          [1., 1., 0., 0., 0., 1., 1., 0., 0., 0., 0., 1., 1., 1., 1., 1., 1.,
           0., 1.],
          [1., 0., 1., 1., 0., 1., 0., 0., 1., 1., 0., 1., 0., 1., 1., 1., 1.,
           1., 1.],
          [1., 1., 1., 1., 1., 1., 0., 1., 0., 0., 0., 1., 1., 1., 1., 1., 1.,
           0., 1.]]]], device='cuda:0'), tensor([[0.8094]], device='cuda:0'))
2026-01-08 17:31:39 - INFO - [ 0.9943466  -0.05496517  0.00675421  0.03054981  0.00675422  0.03054981
  0.72772384 -0.42162034]
2026-01-08 17:31:39 - INFO - (tensor([[[[0., 1., 1., 0., 0., 1., 1., 1., 0., 1., 0., 1., 0., 1., 1., 1., 1.,
           0., 0.],
          [0., 1., 1., 1., 0., 0., 1., 1., 1., 1., 1., 1., 0., 0., 1., 0., 0.,
           0., 0.],
          [0., 0., 0., 0., 0., 1., 0., 0., 0., 1., 1., 0., 0., 0., 1., 0., 1.,
           0., 1.],
          [0., 0., 0., 0., 0., 0., 1., 0., 0., 0., 1., 1., 1., 0., 0., 0., 0.,
           0., 1.],
          [1., 1., 1., 0., 1., 1., 1., 0., 0., 1., 1., 1., 0., 0., 1., 0., 1.,
           1., 1.],
          [1., 0., 0., 1., 0., 1., 0., 0., 1., 1., 0., 1., 0., 1., 0., 0., 0.,
           1., 1.],
          [0., 0., 1., 1., 0., 1., 1., 0., 0., 1., 0., 0., 0., 0., 1., 1., 1.,
           1., 0.],
          [1., 0., 0., 1., 1., 1., 1., 0., 1., 1., 0., 1., 0., 1., 1., 0., 0.,
           1., 1.],
          [1., 0., 1., 1., 0., 1., 1., 1., 0., 1., 1., 0., 0., 0., 1., 0., 0.,
           1., 1.],
          [1., 0., 0., 1., 1., 0., 1., 0., 1., 1., 0., 1., 1., 0., 0., 1., 1.,
           1., 1.],
          [0., 0., 1., 0., 0., 0., 0., 1., 0., 0., 1., 0., 1., 0., 1., 0., 1.,
           1., 1.],
          [0., 1., 0., 0., 1., 0., 1., 0., 0., 1., 0., 1., 0., 1., 0., 1., 0.,
           1., 1.],
          [0., 1., 0., 0., 1., 0., 0., 1., 0., 1., 0., 0., 1., 1., 0., 0., 0.,
           1., 0.],
          [0., 1., 1., 0., 0., 1., 0., 0., 1., 0., 0., 1., 0., 0., 1., 0., 0.,
           0., 1.],
          [1., 0., 1., 1., 0., 1., 1., 0., 1., 1., 1., 0., 0., 1., 1., 0., 0.,
           1., 0.],
          [1., 1., 0., 1., 0., 1., 0., 0., 1., 0., 0., 1., 0., 0., 0., 0., 0.,
           0., 1.],
          [1., 1., 0., 0., 0., 1., 1., 0., 0., 0., 0., 1., 1., 1., 1., 1., 1.,
           0., 1.],
          [1., 0., 1., 1., 0., 1., 0., 0., 1., 1., 0., 1., 0., 1., 1., 1., 1.,
           1., 1.],
          [1., 1., 1., 1., 1., 1., 0., 1., 0., 0., 0., 1., 1., 1., 1., 1., 1.,
           0., 1.]]]], device='cuda:0'), tensor([[0.8127]], device='cuda:0'))
2026-01-08 17:31:39 - INFO - [ 0.9943343  -0.05512879  0.00680262  0.0306165   0.00680261  0.0306165
  0.7270625  -0.4226988 ]
2026-01-08 17:31:39 - INFO - (tensor([[[[0., 1., 1., 0., 0., 1., 1., 1., 0., 1., 0., 1., 0., 1., 1., 1., 1.,
           0., 0.],
          [0., 1., 1., 1., 0., 0., 1., 1., 1., 1., 1., 1., 0., 0., 1., 0., 0.,
           0., 0.],
          [0., 0., 0., 0., 0., 1., 0., 0., 0., 1., 1., 0., 0., 0., 1., 0., 1.,
           0., 1.],
          [0., 0., 0., 0., 0., 0., 1., 0., 0., 0., 1., 1., 1., 0., 0., 0., 0.,
           0., 1.],
          [1., 1., 1., 0., 1., 1., 1., 0., 0., 1., 1., 1., 0., 0., 1., 0., 1.,
           1., 1.],
          [1., 0., 0., 1., 0., 1., 0., 0., 1., 1., 0., 1., 0., 1., 0., 0., 0.,
           1., 1.],
          [0., 0., 1., 1., 0., 1., 1., 0., 0., 1., 0., 0., 0., 0., 1., 1., 1.,
           1., 0.],
          [1., 0., 0., 1., 1., 1., 1., 0., 1., 1., 0., 1., 0., 1., 1., 0., 0.,
           1., 1.],
          [1., 0., 1., 1., 0., 1., 1., 1., 0., 1., 1., 0., 0., 0., 1., 0., 0.,
           1., 1.],
          [1., 0., 0., 1., 1., 0., 1., 0., 1., 1., 0., 1., 1., 0., 0., 1., 1.,
           1., 1.],
          [0., 0., 1., 0., 0., 0., 0., 1., 0., 0., 1., 0., 1., 0., 1., 0., 1.,
           1., 1.],
          [0., 1., 0., 0., 1., 0., 1., 0., 0., 1., 0., 1., 0., 1., 0., 1., 0.,
           1., 1.],
          [0., 1., 0., 0., 1., 0., 0., 1., 0., 1., 0., 0., 1., 1., 0., 0., 0.,
           1., 0.],
          [0., 1., 1., 0., 0., 1., 0., 0., 1., 0., 0., 1., 0., 0., 1., 0., 0.,
           0., 1.],
          [1., 0., 1., 1., 0., 1., 1., 0., 1., 1., 1., 0., 0., 1., 1., 0., 0.,
           1., 0.],
          [1., 1., 0., 1., 0., 1., 0., 0., 1., 0., 0., 1., 0., 0., 0., 0., 0.,
           0., 1.],
          [1., 1., 0., 0., 0., 1., 1., 0., 0., 0., 0., 1., 1., 1., 1., 1., 1.,
           0., 1.],
          [1., 0., 1., 1., 0., 1., 0., 0., 1., 1., 0., 1., 0., 1., 1., 1., 1.,
           1., 1.],
          [1., 1., 1., 1., 1., 1., 0., 1., 0., 0., 0., 1., 1., 1., 1., 1., 1.,
           0., 1.]]]], device='cuda:0'), tensor([[0.8161]], device='cuda:0'))
2026-01-08 17:31:39 - INFO - [ 0.9943204  -0.05530102  0.00684746  0.03069178  0.00684745  0.03069179
  0.7263296  -0.4237781 ]
2026-01-08 17:31:39 - INFO - (tensor([[[[0., 1., 1., 0., 0., 1., 1., 1., 0., 1., 0., 1., 0., 1., 1., 1., 1.,
           0., 0.],
          [0., 1., 1., 1., 0., 0., 1., 1., 1., 1., 1., 1., 0., 0., 1., 0., 0.,
           0., 0.],
          [0., 0., 0., 0., 0., 1., 0., 0., 0., 1., 1., 0., 0., 0., 1., 0., 1.,
           0., 1.],
          [0., 0., 0., 0., 0., 0., 1., 0., 0., 0., 1., 1., 1., 0., 0., 0., 0.,
           0., 1.],
          [1., 1., 1., 0., 1., 1., 1., 0., 0., 1., 1., 1., 0., 0., 1., 0., 1.,
           1., 1.],
          [1., 0., 0., 1., 0., 1., 0., 0., 1., 1., 0., 1., 0., 1., 0., 0., 0.,
           1., 1.],
          [0., 0., 1., 1., 0., 1., 1., 0., 0., 1., 0., 0., 0., 0., 1., 1., 1.,
           1., 0.],
          [1., 0., 0., 1., 1., 1., 1., 0., 1., 1., 0., 1., 0., 1., 1., 0., 0.,
           1., 1.],
          [1., 0., 1., 1., 0., 1., 1., 1., 0., 1., 1., 0., 0., 0., 1., 0., 0.,
           1., 1.],
          [1., 0., 0., 1., 1., 0., 1., 0., 1., 1., 0., 1., 1., 0., 0., 1., 1.,
           1., 1.],
          [0., 0., 1., 0., 0., 0., 0., 1., 0., 0., 1., 0., 1., 0., 1., 0., 1.,
           1., 1.],
          [0., 1., 0., 0., 1., 0., 1., 0., 0., 1., 0., 1., 0., 1., 0., 1., 0.,
           1., 1.],
          [0., 1., 0., 0., 1., 0., 0., 1., 0., 1., 0., 0., 1., 1., 0., 0., 0.,
           1., 0.],
          [0., 1., 1., 0., 0., 1., 0., 0., 1., 0., 0., 1., 0., 0., 1., 0., 0.,
           0., 1.],
          [1., 0., 1., 1., 0., 1., 1., 0., 1., 1., 1., 0., 0., 1., 1., 0., 0.,
           1., 0.],
          [1., 1., 0., 1., 0., 1., 0., 0., 1., 0., 0., 1., 0., 0., 0., 0., 0.,
           0., 1.],
          [1., 1., 0., 0., 0., 1., 1., 0., 0., 0., 0., 1., 1., 1., 1., 1., 1.,
           0., 1.],
          [1., 0., 1., 1., 0., 1., 0., 0., 1., 1., 0., 1., 0., 1., 1., 1., 1.,
           1., 1.],
          [1., 1., 1., 1., 1., 1., 0., 1., 0., 0., 0., 1., 1., 1., 1., 1., 1.,
           0., 1.]]]], device='cuda:0'), tensor([[0.8194]], device='cuda:0'))
2026-01-08 17:31:39 - INFO - [ 0.9942971  -0.05553034  0.00691149  0.03081526  0.00691149  0.03081526
  0.7252827  -0.42528278]
2026-01-08 17:31:39 - INFO - (tensor([[[[0., 1., 1., 0., 0., 1., 1., 1., 0., 1., 0., 1., 0., 1., 1., 1., 1.,
           0., 0.],
          [0., 1., 1., 1., 0., 0., 1., 1., 1., 1., 1., 1., 0., 0., 1., 0., 0.,
           0., 0.],
          [0., 0., 0., 0., 0., 1., 0., 0., 0., 1., 1., 0., 0., 0., 1., 0., 1.,
           0., 1.],
          [0., 0., 0., 0., 0., 0., 1., 0., 0., 0., 1., 1., 1., 0., 0., 0., 0.,
           0., 1.],
          [1., 1., 1., 0., 1., 1., 1., 0., 0., 1., 1., 1., 0., 0., 1., 0., 1.,
           1., 1.],
          [1., 0., 0., 1., 0., 1., 0., 0., 1., 1., 0., 1., 0., 1., 0., 0., 0.,
           1., 1.],
          [0., 0., 1., 1., 0., 1., 1., 0., 0., 1., 0., 0., 0., 0., 1., 1., 1.,
           1., 0.],
          [1., 0., 0., 1., 1., 1., 1., 0., 1., 1., 0., 1., 0., 1., 1., 0., 0.,
           1., 1.],
          [1., 0., 1., 1., 0., 1., 1., 1., 0., 1., 1., 0., 0., 0., 1., 0., 0.,
           1., 1.],
          [1., 0., 0., 1., 1., 0., 1., 0., 1., 1., 0., 1., 1., 0., 0., 1., 1.,
           1., 1.],
          [0., 0., 1., 0., 0., 0., 0., 1., 0., 0., 1., 0., 1., 0., 1., 0., 1.,
           1., 1.],
          [0., 1., 0., 0., 1., 0., 1., 0., 0., 1., 0., 1., 0., 1., 0., 1., 0.,
           1., 1.],
          [0., 1., 0., 0., 1., 0., 0., 1., 0., 1., 0., 0., 1., 1., 0., 0., 0.,
           1., 0.],
          [0., 1., 1., 0., 0., 1., 0., 0., 1., 0., 0., 1., 0., 0., 1., 0., 0.,
           0., 1.],
          [1., 0., 1., 1., 0., 1., 1., 0., 1., 1., 1., 0., 0., 1., 1., 0., 0.,
           1., 0.],
          [1., 1., 0., 1., 0., 1., 0., 0., 1., 0., 0., 1., 0., 0., 0., 0., 0.,
           0., 1.],
          [1., 1., 0., 0., 0., 1., 1., 0., 0., 0., 0., 1., 1., 1., 1., 1., 1.,
           0., 1.],
          [1., 0., 1., 1., 0., 1., 0., 0., 1., 1., 0., 1., 0., 1., 1., 1., 1.,
           1., 1.],
          [1., 1., 1., 1., 1., 1., 0., 1., 0., 0., 0., 1., 1., 1., 1., 1., 1.,
           0., 1.]]]], device='cuda:0'), tensor([[0.8227]], device='cuda:0'))
2026-01-08 17:31:39 - INFO - [ 0.99427426 -0.05576779  0.00697535  0.03093664  0.00697536  0.03093665
  0.7242066  -0.4268092 ]
2026-01-08 17:31:39 - INFO - (tensor([[[[0., 1., 1., 0., 0., 1., 1., 1., 0., 1., 0., 1., 0., 1., 1., 1., 1.,
           0., 0.],
          [0., 1., 1., 1., 0., 0., 1., 1., 1., 1., 1., 1., 0., 0., 1., 0., 0.,
           0., 0.],
          [0., 0., 0., 0., 0., 1., 0., 0., 0., 1., 1., 0., 0., 0., 1., 0., 1.,
           0., 1.],
          [0., 0., 0., 0., 0., 0., 1., 0., 0., 0., 1., 1., 1., 0., 0., 0., 0.,
           0., 1.],
          [1., 1., 1., 0., 1., 1., 1., 0., 0., 1., 1., 1., 0., 0., 1., 0., 1.,
           1., 1.],
          [1., 0., 0., 1., 0., 1., 0., 0., 1., 1., 0., 1., 0., 1., 0., 0., 0.,
           1., 1.],
          [0., 0., 1., 1., 0., 1., 1., 0., 0., 1., 0., 0., 0., 0., 1., 1., 1.,
           1., 0.],
          [1., 0., 0., 1., 1., 1., 1., 0., 1., 1., 0., 1., 0., 1., 1., 0., 0.,
           1., 1.],
          [1., 0., 1., 1., 0., 1., 1., 1., 0., 1., 1., 0., 0., 0., 1., 0., 0.,
           1., 1.],
          [1., 0., 0., 1., 1., 0., 1., 0., 1., 1., 0., 1., 1., 0., 0., 1., 1.,
           1., 1.],
          [0., 0., 1., 0., 0., 0., 0., 1., 0., 0., 1., 0., 1., 0., 1., 0., 1.,
           1., 1.],
          [0., 1., 0., 0., 1., 0., 1., 0., 0., 1., 0., 1., 0., 1., 0., 1., 0.,
           1., 1.],
          [0., 1., 0., 0., 1., 0., 0., 1., 0., 1., 0., 0., 1., 1., 0., 0., 0.,
           1., 0.],
          [0., 1., 1., 0., 0., 1., 0., 0., 1., 0., 0., 1., 0., 0., 1., 0., 0.,
           0., 1.],
          [1., 0., 1., 1., 0., 1., 1., 0., 1., 1., 1., 0., 0., 1., 1., 0., 0.,
           1., 0.],
          [1., 1., 0., 1., 0., 1., 0., 0., 1., 0., 0., 1., 0., 0., 0., 0., 0.,
           0., 1.],
          [1., 1., 0., 0., 0., 1., 1., 0., 0., 0., 0., 1., 1., 1., 1., 1., 1.,
           0., 1.],
          [1., 0., 1., 1., 0., 1., 0., 0., 1., 1., 0., 1., 0., 1., 1., 1., 1.,
           1., 1.],
          [1., 1., 1., 1., 1., 1., 0., 1., 0., 0., 0., 1., 1., 1., 1., 1., 1.,
           0., 1.]]]], device='cuda:0'), tensor([[0.8261]], device='cuda:0'))
2026-01-08 17:31:39 - INFO - [ 0.99425334 -0.0559965   0.00703439  0.03104922  0.0070344   0.03104921
  0.7231762  -0.42820573]
2026-01-08 17:31:39 - INFO - (tensor([[[[0., 1., 1., 0., 0., 1., 1., 1., 0., 1., 0., 1., 0., 1., 1., 1., 1.,
           0., 0.],
          [0., 1., 1., 1., 0., 0., 1., 1., 1., 1., 1., 1., 0., 0., 1., 0., 0.,
           0., 0.],
          [0., 0., 0., 0., 0., 1., 0., 0., 0., 1., 1., 0., 0., 0., 1., 0., 1.,
           0., 1.],
          [0., 0., 0., 0., 0., 0., 1., 0., 0., 0., 1., 1., 1., 0., 0., 0., 0.,
           0., 1.],
          [1., 1., 1., 0., 1., 1., 1., 0., 0., 1., 1., 1., 0., 0., 1., 0., 1.,
           1., 1.],
          [1., 0., 0., 1., 0., 1., 0., 0., 1., 1., 0., 1., 0., 1., 0., 0., 0.,
           1., 1.],
          [0., 0., 1., 1., 0., 1., 1., 0., 0., 1., 0., 0., 0., 0., 1., 1., 1.,
           1., 0.],
          [1., 0., 0., 1., 1., 1., 1., 0., 1., 1., 0., 1., 0., 1., 1., 0., 0.,
           1., 1.],
          [1., 0., 1., 1., 0., 1., 1., 1., 0., 1., 1., 0., 0., 0., 1., 0., 0.,
           1., 1.],
          [1., 0., 0., 1., 1., 0., 1., 0., 1., 1., 0., 1., 1., 0., 0., 1., 1.,
           1., 1.],
          [0., 0., 1., 0., 0., 0., 0., 1., 0., 0., 1., 0., 1., 0., 1., 0., 1.,
           1., 1.],
          [0., 1., 0., 0., 1., 0., 1., 0., 0., 1., 0., 1., 0., 1., 0., 1., 0.,
           1., 1.],
          [0., 1., 0., 0., 1., 0., 0., 1., 0., 1., 0., 0., 1., 1., 0., 0., 0.,
           1., 0.],
          [0., 1., 1., 0., 0., 1., 0., 0., 1., 0., 0., 1., 0., 0., 1., 0., 0.,
           0., 1.],
          [1., 0., 1., 1., 0., 1., 1., 0., 1., 1., 1., 0., 0., 1., 1., 0., 0.,
           1., 0.],
          [1., 1., 0., 1., 0., 1., 0., 0., 1., 0., 0., 1., 0., 0., 0., 0., 0.,
           0., 1.],
          [1., 1., 0., 0., 0., 1., 1., 0., 0., 0., 0., 1., 1., 1., 1., 1., 1.,
           0., 1.],
          [1., 0., 1., 1., 0., 1., 0., 0., 1., 1., 0., 1., 0., 1., 1., 1., 1.,
           1., 1.],
          [1., 1., 1., 1., 1., 1., 0., 1., 0., 0., 0., 1., 1., 1., 1., 1., 1.,
           0., 1.]]]], device='cuda:0'), tensor([[0.8294]], device='cuda:0'))
2026-01-08 17:31:39 - INFO - [ 0.9942395  -0.05615878  0.00707241  0.03111396  0.00707242  0.03111397
  0.72244376 -0.42916086]
2026-01-08 17:31:39 - INFO - (tensor([[[[0., 1., 1., 0., 0., 1., 1., 1., 0., 1., 0., 1., 0., 1., 1., 1., 1.,
           0., 0.],
          [0., 1., 1., 1., 0., 0., 1., 1., 1., 1., 1., 1., 0., 0., 1., 0., 0.,
           0., 0.],
          [0., 0., 0., 0., 0., 1., 0., 0., 0., 1., 1., 0., 0., 0., 1., 0., 1.,
           0., 1.],
          [0., 0., 0., 0., 0., 0., 1., 0., 0., 0., 1., 1., 1., 0., 0., 0., 0.,
           0., 1.],
          [1., 1., 1., 0., 1., 1., 1., 0., 0., 1., 1., 1., 0., 0., 1., 0., 1.,
           1., 1.],
          [1., 0., 0., 1., 0., 1., 0., 0., 1., 1., 0., 1., 0., 1., 0., 0., 0.,
           1., 1.],
          [0., 0., 1., 1., 0., 1., 1., 0., 0., 1., 0., 0., 0., 0., 1., 1., 1.,
           1., 0.],
          [1., 0., 0., 1., 1., 1., 1., 0., 1., 1., 0., 1., 0., 1., 1., 0., 0.,
           1., 1.],
          [1., 0., 1., 1., 0., 1., 1., 1., 0., 1., 1., 0., 0., 0., 1., 0., 0.,
           1., 1.],
          [1., 0., 0., 1., 1., 0., 1., 0., 1., 1., 0., 1., 1., 0., 0., 1., 1.,
           1., 1.],
          [0., 0., 1., 0., 0., 0., 0., 1., 0., 0., 1., 0., 1., 0., 1., 0., 1.,
           1., 1.],
          [0., 1., 0., 0., 1., 0., 1., 0., 0., 1., 0., 1., 0., 1., 0., 1., 0.,
           1., 1.],
          [0., 1., 0., 0., 1., 0., 0., 1., 0., 1., 0., 0., 1., 1., 0., 0., 0.,
           1., 0.],
          [0., 1., 1., 0., 0., 1., 0., 0., 1., 0., 0., 1., 0., 0., 1., 0., 0.,
           0., 1.],
          [1., 0., 1., 1., 0., 1., 1., 0., 1., 1., 1., 0., 0., 1., 1., 0., 0.,
           1., 0.],
          [1., 1., 0., 1., 0., 1., 0., 0., 1., 0., 0., 1., 0., 0., 0., 0., 0.,
           0., 1.],
          [1., 1., 0., 0., 0., 1., 1., 0., 0., 0., 0., 1., 1., 1., 1., 1., 1.,
           0., 1.],
          [1., 0., 1., 1., 0., 1., 0., 0., 1., 1., 0., 1., 0., 1., 1., 1., 1.,
           1., 1.],
          [1., 1., 1., 1., 1., 1., 0., 1., 0., 0., 0., 1., 1., 1., 1., 1., 1.,
           0., 1.]]]], device='cuda:0'), tensor([[0.8328]], device='cuda:0'))
2026-01-08 17:31:39 - INFO - [ 0.99423116 -0.05630793  0.00711174  0.03117727  0.00711175  0.03117727
  0.72176063 -0.43010637]
2026-01-08 17:31:39 - INFO - (tensor([[[[0., 1., 1., 0., 0., 1., 1., 1., 0., 1., 0., 1., 0., 1., 1., 1., 1.,
           0., 0.],
          [0., 1., 1., 1., 0., 0., 1., 1., 1., 1., 1., 1., 0., 0., 1., 0., 0.,
           0., 0.],
          [0., 0., 0., 0., 0., 1., 0., 0., 0., 1., 1., 0., 0., 0., 1., 0., 1.,
           0., 1.],
          [0., 0., 0., 0., 0., 0., 1., 0., 0., 0., 1., 1., 1., 0., 0., 0., 0.,
           0., 1.],
          [1., 1., 1., 0., 1., 1., 1., 0., 0., 1., 1., 1., 0., 0., 1., 0., 1.,
           1., 1.],
          [1., 0., 0., 1., 0., 1., 0., 0., 1., 1., 0., 1., 0., 1., 0., 0., 0.,
           1., 1.],
          [0., 0., 1., 1., 0., 1., 1., 0., 0., 1., 0., 0., 0., 0., 1., 1., 1.,
           1., 0.],
          [1., 0., 0., 1., 1., 1., 1., 0., 1., 1., 0., 1., 0., 1., 1., 0., 0.,
           1., 1.],
          [1., 0., 1., 1., 0., 1., 1., 1., 0., 1., 1., 0., 0., 0., 1., 0., 0.,
           1., 1.],
          [1., 0., 0., 1., 1., 0., 1., 0., 1., 1., 0., 1., 1., 0., 0., 1., 1.,
           1., 1.],
          [0., 0., 1., 0., 0., 0., 0., 1., 0., 0., 1., 0., 1., 0., 1., 0., 1.,
           1., 1.],
          [0., 1., 0., 0., 1., 0., 1., 0., 0., 1., 0., 1., 0., 1., 0., 1., 0.,
           1., 1.],
          [0., 1., 0., 0., 1., 0., 0., 1., 0., 1., 0., 0., 1., 1., 0., 0., 0.,
           1., 0.],
          [0., 1., 1., 0., 0., 1., 0., 0., 1., 0., 0., 1., 0., 0., 1., 0., 0.,
           0., 1.],
          [1., 0., 1., 1., 0., 1., 1., 0., 1., 1., 1., 0., 0., 1., 1., 0., 0.,
           1., 0.],
          [1., 1., 0., 1., 0., 1., 0., 0., 1., 0., 0., 1., 0., 0., 0., 0., 0.,
           0., 1.],
          [1., 1., 0., 0., 0., 1., 1., 0., 0., 0., 0., 1., 1., 1., 1., 1., 1.,
           0., 1.],
          [1., 0., 1., 1., 0., 1., 0., 0., 1., 1., 0., 1., 0., 1., 1., 1., 1.,
           1., 1.],
          [1., 1., 1., 1., 1., 1., 0., 1., 0., 0., 0., 1., 1., 1., 1., 1., 1.,
           0., 1.]]]], device='cuda:0'), tensor([[0.8361]], device='cuda:0'))
2026-01-08 17:31:39 - INFO - [ 0.9942246  -0.05646674  0.00715359  0.03124164  0.00715359  0.03124164
  0.7210578  -0.43112838]
2026-01-08 17:31:39 - INFO - (tensor([[[[0., 1., 1., 0., 0., 1., 1., 1., 0., 1., 0., 1., 0., 1., 1., 1., 1.,
           0., 0.],
          [0., 1., 1., 1., 0., 0., 1., 1., 1., 1., 1., 1., 0., 0., 1., 0., 0.,
           0., 0.],
          [0., 0., 0., 0., 0., 1., 0., 0., 0., 1., 1., 0., 0., 0., 1., 0., 1.,
           0., 1.],
          [0., 0., 0., 0., 0., 0., 1., 0., 0., 0., 1., 1., 1., 0., 0., 0., 0.,
           0., 1.],
          [1., 1., 1., 0., 1., 1., 1., 0., 0., 1., 1., 1., 0., 0., 1., 0., 1.,
           1., 1.],
          [1., 0., 0., 1., 0., 1., 0., 0., 1., 1., 0., 1., 0., 1., 0., 0., 0.,
           1., 1.],
          [0., 0., 1., 1., 0., 1., 1., 0., 0., 1., 0., 0., 0., 0., 1., 1., 1.,
           1., 0.],
          [1., 0., 0., 1., 1., 1., 1., 0., 1., 1., 0., 1., 0., 1., 1., 0., 0.,
           1., 1.],
          [1., 0., 1., 1., 0., 1., 1., 1., 0., 1., 1., 0., 0., 0., 1., 0., 0.,
           1., 1.],
          [1., 0., 0., 1., 1., 0., 1., 0., 1., 1., 0., 1., 1., 0., 0., 1., 1.,
           1., 1.],
          [0., 0., 1., 0., 0., 0., 0., 1., 0., 0., 1., 0., 1., 0., 1., 0., 1.,
           1., 1.],
          [0., 1., 0., 0., 1., 0., 1., 0., 0., 1., 0., 1., 0., 1., 0., 1., 0.,
           1., 1.],
          [0., 1., 0., 0., 1., 0., 0., 1., 0., 1., 0., 0., 1., 1., 0., 0., 0.,
           1., 0.],
          [0., 1., 1., 0., 0., 1., 0., 0., 1., 0., 0., 1., 0., 0., 1., 0., 0.,
           0., 1.],
          [1., 0., 1., 1., 0., 1., 1., 0., 1., 1., 1., 0., 0., 1., 1., 0., 0.,
           1., 0.],
          [1., 1., 0., 1., 0., 1., 0., 0., 1., 0., 0., 1., 0., 0., 0., 0., 0.,
           0., 1.],
          [1., 1., 0., 0., 0., 1., 1., 0., 0., 0., 0., 1., 1., 1., 1., 1., 1.,
           0., 1.],
          [1., 0., 1., 1., 0., 1., 0., 0., 1., 1., 0., 1., 0., 1., 1., 1., 1.,
           1., 1.],
          [1., 1., 1., 1., 1., 1., 0., 1., 0., 0., 0., 1., 1., 1., 1., 1., 1.,
           0., 1.]]]], device='cuda:0'), tensor([[0.8395]], device='cuda:0'))
2026-01-08 17:31:39 - INFO - [ 0.9942203  -0.0566556   0.00720204  0.03131545  0.00720204  0.03131545
  0.72025996 -0.43235442]
2026-01-08 17:31:39 - INFO - (tensor([[[[0., 1., 1., 0., 0., 1., 1., 1., 0., 1., 0., 1., 0., 1., 1., 1., 1.,
           0., 0.],
          [0., 1., 1., 1., 0., 0., 1., 1., 1., 1., 1., 1., 0., 0., 1., 0., 0.,
           0., 0.],
          [0., 0., 0., 0., 0., 1., 0., 0., 0., 1., 1., 0., 0., 0., 1., 0., 1.,
           0., 1.],
          [0., 0., 0., 0., 0., 0., 1., 0., 0., 0., 1., 1., 1., 0., 0., 0., 0.,
           0., 1.],
          [1., 1., 1., 0., 1., 1., 1., 0., 0., 1., 1., 1., 0., 0., 1., 0., 1.,
           1., 1.],
          [1., 0., 0., 1., 0., 1., 0., 0., 1., 1., 0., 1., 0., 1., 0., 0., 0.,
           1., 1.],
          [0., 0., 1., 1., 0., 1., 1., 0., 0., 1., 0., 0., 0., 0., 1., 1., 1.,
           1., 0.],
          [1., 0., 0., 1., 1., 1., 1., 0., 1., 1., 0., 1., 0., 1., 1., 0., 0.,
           1., 1.],
          [1., 0., 1., 1., 0., 1., 1., 1., 0., 1., 1., 0., 0., 0., 1., 0., 0.,
           1., 1.],
          [1., 0., 0., 1., 1., 0., 1., 0., 1., 1., 0., 1., 1., 0., 0., 1., 1.,
           1., 1.],
          [0., 0., 1., 0., 0., 0., 0., 1., 0., 0., 1., 0., 1., 0., 1., 0., 1.,
           1., 1.],
          [0., 1., 0., 0., 1., 0., 1., 0., 0., 1., 0., 1., 0., 1., 0., 1., 0.,
           1., 1.],
          [0., 1., 0., 0., 1., 0., 0., 1., 0., 1., 0., 0., 1., 1., 0., 0., 0.,
           1., 0.],
          [0., 1., 1., 0., 0., 1., 0., 0., 1., 0., 0., 1., 0., 0., 1., 0., 0.,
           0., 1.],
          [1., 0., 1., 1., 0., 1., 1., 0., 1., 1., 1., 0., 0., 1., 1., 0., 0.,
           1., 0.],
          [1., 1., 0., 1., 0., 1., 0., 0., 1., 0., 0., 1., 0., 0., 0., 0., 0.,
           0., 1.],
          [1., 1., 0., 0., 0., 1., 1., 0., 0., 0., 0., 1., 1., 1., 1., 1., 1.,
           0., 1.],
          [1., 0., 1., 1., 0., 1., 0., 0., 1., 1., 0., 1., 0., 1., 1., 1., 1.,
           1., 1.],
          [1., 1., 1., 1., 1., 1., 0., 1., 0., 0., 0., 1., 1., 1., 1., 1., 1.,
           0., 1.]]]], device='cuda:0'), tensor([[0.8428]], device='cuda:0'))
2026-01-08 17:31:39 - INFO - [ 0.99421644 -0.05687848  0.00725794  0.03140066  0.00725793  0.03140067
  0.71934795 -0.43376267]
2026-01-08 17:31:39 - INFO - (tensor([[[[0., 1., 1., 0., 0., 1., 1., 1., 0., 1., 0., 1., 0., 1., 1., 1., 1.,
           0., 0.],
          [0., 1., 1., 1., 0., 0., 1., 1., 1., 1., 1., 1., 0., 0., 1., 0., 0.,
           0., 0.],
          [0., 0., 0., 0., 0., 1., 0., 0., 0., 1., 1., 0., 0., 0., 1., 0., 1.,
           0., 1.],
          [0., 0., 0., 0., 0., 0., 1., 0., 0., 0., 1., 1., 1., 0., 0., 0., 0.,
           0., 1.],
          [1., 1., 1., 0., 1., 1., 1., 0., 0., 1., 1., 1., 0., 0., 1., 0., 1.,
           1., 1.],
          [1., 0., 0., 1., 0., 1., 0., 0., 1., 1., 0., 1., 0., 1., 0., 0., 0.,
           1., 1.],
          [0., 0., 1., 1., 0., 1., 1., 0., 0., 1., 0., 0., 0., 0., 1., 1., 1.,
           1., 0.],
          [1., 0., 0., 1., 1., 1., 1., 0., 1., 1., 0., 1., 0., 1., 1., 0., 0.,
           1., 1.],
          [1., 0., 1., 1., 0., 1., 1., 1., 0., 1., 1., 0., 0., 0., 1., 0., 0.,
           1., 1.],
          [1., 0., 0., 1., 1., 0., 1., 0., 1., 1., 0., 1., 1., 0., 0., 1., 1.,
           1., 1.],
          [0., 0., 1., 0., 0., 0., 0., 1., 0., 0., 1., 0., 1., 0., 1., 0., 1.,
           1., 1.],
          [0., 1., 0., 0., 1., 0., 1., 0., 0., 1., 0., 1., 0., 1., 0., 1., 0.,
           1., 1.],
          [0., 1., 0., 0., 1., 0., 0., 1., 0., 1., 0., 0., 1., 1., 0., 0., 0.,
           1., 0.],
          [0., 1., 1., 0., 0., 1., 0., 0., 1., 0., 0., 1., 0., 0., 1., 0., 0.,
           0., 1.],
          [1., 0., 1., 1., 0., 1., 1., 0., 1., 1., 1., 0., 0., 1., 1., 0., 0.,
           1., 0.],
          [1., 1., 0., 1., 0., 1., 0., 0., 1., 0., 0., 1., 0., 0., 0., 0., 0.,
           0., 1.],
          [1., 1., 0., 0., 0., 1., 1., 0., 0., 0., 0., 1., 1., 1., 1., 1., 1.,
           0., 1.],
          [1., 0., 1., 1., 0., 1., 0., 0., 1., 1., 0., 1., 0., 1., 1., 1., 1.,
           1., 1.],
          [1., 1., 1., 1., 1., 1., 0., 1., 0., 0., 0., 1., 1., 1., 1., 1., 1.,
           0., 1.]]]], device='cuda:0'), tensor([[0.8462]], device='cuda:0'))
2026-01-08 17:31:39 - INFO - [ 0.9942129  -0.05708784  0.00730837  0.03148437  0.00730837  0.03148437
  0.7184613  -0.4351206 ]
2026-01-08 17:31:39 - INFO - (tensor([[[[0., 1., 1., 0., 0., 1., 1., 1., 0., 1., 0., 1., 0., 1., 1., 1., 1.,
           0., 0.],
          [0., 1., 1., 1., 0., 0., 1., 1., 1., 1., 1., 1., 0., 0., 1., 0., 0.,
           0., 0.],
          [0., 0., 0., 0., 0., 1., 0., 0., 0., 1., 1., 0., 0., 0., 1., 0., 1.,
           0., 1.],
          [0., 0., 0., 0., 0., 0., 1., 0., 0., 0., 1., 1., 1., 0., 0., 0., 0.,
           0., 1.],
          [1., 1., 1., 0., 1., 1., 1., 0., 0., 1., 1., 1., 0., 0., 1., 0., 1.,
           1., 1.],
          [1., 0., 0., 1., 0., 1., 0., 0., 1., 1., 0., 1., 0., 1., 0., 0., 0.,
           1., 1.],
          [0., 0., 1., 1., 0., 1., 1., 0., 0., 1., 0., 0., 0., 0., 1., 1., 1.,
           1., 0.],
          [1., 0., 0., 1., 1., 1., 1., 0., 1., 1., 0., 1., 0., 1., 1., 0., 0.,
           1., 1.],
          [1., 0., 1., 1., 0., 1., 1., 1., 0., 1., 1., 0., 0., 0., 1., 0., 0.,
           1., 1.],
          [1., 0., 0., 1., 1., 0., 1., 0., 1., 1., 0., 1., 1., 0., 0., 1., 1.,
           1., 1.],
          [0., 0., 1., 0., 0., 0., 0., 1., 0., 0., 1., 0., 1., 0., 1., 0., 1.,
           1., 1.],
          [0., 1., 0., 0., 1., 0., 1., 0., 0., 1., 0., 1., 0., 1., 0., 1., 0.,
           1., 1.],
          [0., 1., 0., 0., 1., 0., 0., 1., 0., 1., 0., 0., 1., 1., 0., 0., 0.,
           1., 0.],
          [0., 1., 1., 0., 0., 1., 0., 0., 1., 0., 0., 1., 0., 0., 1., 0., 0.,
           0., 1.],
          [1., 0., 1., 1., 0., 1., 1., 0., 1., 1., 1., 0., 0., 1., 1., 0., 0.,
           1., 0.],
          [1., 1., 0., 1., 0., 1., 0., 0., 1., 0., 0., 1., 0., 0., 0., 0., 0.,
           0., 1.],
          [1., 1., 0., 0., 0., 1., 1., 0., 0., 0., 0., 1., 1., 1., 1., 1., 1.,
           0., 1.],
          [1., 0., 1., 1., 0., 1., 0., 0., 1., 1., 0., 1., 0., 1., 1., 1., 1.,
           1., 1.],
          [1., 1., 1., 1., 1., 1., 0., 1., 0., 0., 0., 1., 1., 1., 1., 1., 1.,
           0., 1.]]]], device='cuda:0'), tensor([[0.8495]], device='cuda:0'))
2026-01-08 17:31:39 - INFO - [ 0.9942079  -0.0572698   0.00735382  0.03156263  0.00735382  0.03156262
  0.71768856 -0.4362774 ]
2026-01-08 17:31:39 - INFO - (tensor([[[[0., 1., 1., 0., 0., 1., 1., 1., 0., 1., 0., 1., 0., 1., 1., 1., 1.,
           0., 0.],
          [0., 1., 1., 1., 0., 0., 1., 1., 1., 1., 1., 1., 0., 0., 1., 0., 0.,
           0., 0.],
          [0., 0., 0., 0., 0., 1., 0., 0., 0., 1., 1., 0., 0., 0., 1., 0., 1.,
           0., 1.],
          [0., 0., 0., 0., 0., 0., 1., 0., 0., 0., 1., 1., 1., 0., 0., 0., 0.,
           0., 1.],
          [1., 1., 1., 0., 1., 1., 1., 0., 0., 1., 1., 1., 0., 0., 1., 0., 1.,
           1., 1.],
          [1., 0., 0., 1., 0., 1., 0., 0., 1., 1., 0., 1., 0., 1., 0., 0., 0.,
           1., 1.],
          [0., 0., 1., 1., 0., 1., 1., 0., 0., 1., 0., 0., 0., 0., 1., 1., 1.,
           1., 0.],
          [1., 0., 0., 1., 1., 1., 1., 0., 1., 1., 0., 1., 0., 1., 1., 0., 0.,
           1., 1.],
          [1., 0., 1., 1., 0., 1., 1., 1., 0., 1., 1., 0., 0., 0., 1., 0., 0.,
           1., 1.],
          [1., 0., 0., 1., 1., 0., 1., 0., 1., 1., 0., 1., 1., 0., 0., 1., 1.,
           1., 1.],
          [0., 0., 1., 0., 0., 0., 0., 1., 0., 0., 1., 0., 1., 0., 1., 0., 1.,
           1., 1.],
          [0., 1., 0., 0., 1., 0., 1., 0., 0., 1., 0., 1., 0., 1., 0., 1., 0.,
           1., 1.],
          [0., 1., 0., 0., 1., 0., 0., 1., 0., 1., 0., 0., 1., 1., 0., 0., 0.,
           1., 0.],
          [0., 1., 1., 0., 0., 1., 0., 0., 1., 0., 0., 1., 0., 0., 1., 0., 0.,
           0., 1.],
          [1., 0., 1., 1., 0., 1., 1., 0., 1., 1., 1., 0., 0., 1., 1., 0., 0.,
           1., 0.],
          [1., 1., 0., 1., 0., 1., 0., 0., 1., 0., 0., 1., 0., 0., 0., 0., 0.,
           0., 1.],
          [1., 1., 0., 0., 0., 1., 1., 0., 0., 0., 0., 1., 1., 1., 1., 1., 1.,
           0., 1.],
          [1., 0., 1., 1., 0., 1., 0., 0., 1., 1., 0., 1., 0., 1., 1., 1., 1.,
           1., 1.],
          [1., 1., 1., 1., 1., 1., 0., 1., 0., 0., 0., 1., 1., 1., 1., 1., 1.,
           0., 1.]]]], device='cuda:0'), tensor([[0.8528]], device='cuda:0'))
2026-01-08 17:31:39 - INFO - [ 0.9942028  -0.05741311  0.00739134  0.03162815  0.00739135  0.03162815
  0.7170607  -0.43718112]
2026-01-08 17:31:39 - INFO - (tensor([[[[0., 1., 1., 0., 0., 1., 1., 1., 0., 1., 0., 1., 0., 1., 1., 1., 1.,
           0., 0.],
          [0., 1., 1., 1., 0., 0., 1., 1., 1., 1., 1., 1., 0., 0., 1., 0., 0.,
           0., 0.],
          [0., 0., 0., 0., 0., 1., 0., 0., 0., 1., 1., 0., 0., 0., 1., 0., 1.,
           0., 1.],
          [0., 0., 0., 0., 0., 0., 1., 0., 0., 0., 1., 1., 1., 0., 0., 0., 0.,
           0., 1.],
          [1., 1., 1., 0., 1., 1., 1., 0., 0., 1., 1., 1., 0., 0., 1., 0., 1.,
           1., 1.],
          [1., 0., 0., 1., 0., 1., 0., 0., 1., 1., 0., 1., 0., 1., 0., 0., 0.,
           1., 1.],
          [0., 0., 1., 1., 0., 1., 1., 0., 0., 1., 0., 0., 0., 0., 1., 1., 1.,
           1., 0.],
          [1., 0., 0., 1., 1., 1., 1., 0., 1., 1., 0., 1., 0., 1., 1., 0., 0.,
           1., 1.],
          [1., 0., 1., 1., 0., 1., 1., 1., 0., 1., 1., 0., 0., 0., 1., 0., 0.,
           1., 1.],
          [1., 0., 0., 1., 1., 0., 1., 0., 1., 1., 0., 1., 1., 0., 0., 1., 1.,
           1., 1.],
          [0., 0., 1., 0., 0., 0., 0., 1., 0., 0., 1., 0., 1., 0., 1., 0., 1.,
           1., 1.],
          [0., 1., 0., 0., 1., 0., 1., 0., 0., 1., 0., 1., 0., 1., 0., 1., 0.,
           1., 1.],
          [0., 1., 0., 0., 1., 0., 0., 1., 0., 1., 0., 0., 1., 1., 0., 0., 0.,
           1., 0.],
          [0., 1., 1., 0., 0., 1., 0., 0., 1., 0., 0., 1., 0., 0., 1., 0., 0.,
           0., 1.],
          [1., 0., 1., 1., 0., 1., 1., 0., 1., 1., 1., 0., 0., 1., 1., 0., 0.,
           1., 0.],
          [1., 1., 0., 1., 0., 1., 0., 0., 1., 0., 0., 1., 0., 0., 0., 0., 0.,
           0., 1.],
          [1., 1., 0., 0., 0., 1., 1., 0., 0., 0., 0., 1., 1., 1., 1., 1., 1.,
           0., 1.],
          [1., 0., 1., 1., 0., 1., 0., 0., 1., 1., 0., 1., 0., 1., 1., 1., 1.,
           1., 1.],
          [1., 1., 1., 1., 1., 1., 0., 1., 0., 0., 0., 1., 1., 1., 1., 1., 1.,
           0., 1.]]]], device='cuda:0'), tensor([[0.8562]], device='cuda:0'))
2026-01-08 17:31:39 - INFO - [ 0.99419487 -0.05758043  0.00743508  0.03170044  0.00743509  0.03170045
  0.71632326 -0.43825206]
2026-01-08 17:31:39 - INFO - (tensor([[[[0., 1., 1., 0., 0., 1., 1., 1., 0., 1., 0., 1., 0., 1., 1., 1., 1.,
           0., 0.],
          [0., 1., 1., 1., 0., 0., 1., 1., 1., 1., 1., 1., 0., 0., 1., 0., 0.,
           0., 0.],
          [0., 0., 0., 0., 0., 1., 0., 0., 0., 1., 1., 0., 0., 0., 1., 0., 1.,
           0., 1.],
          [0., 0., 0., 0., 0., 0., 1., 0., 0., 0., 1., 1., 1., 0., 0., 0., 0.,
           0., 1.],
          [1., 1., 1., 0., 1., 1., 1., 0., 0., 1., 1., 1., 0., 0., 1., 0., 1.,
           1., 1.],
          [1., 0., 0., 1., 0., 1., 0., 0., 1., 1., 0., 1., 0., 1., 0., 0., 0.,
           1., 1.],
          [0., 0., 1., 1., 0., 1., 1., 0., 0., 1., 0., 0., 0., 0., 1., 1., 1.,
           1., 0.],
          [1., 0., 0., 1., 1., 1., 1., 0., 1., 1., 0., 1., 0., 1., 1., 0., 0.,
           1., 1.],
          [1., 0., 1., 1., 0., 1., 1., 1., 0., 1., 1., 0., 0., 0., 1., 0., 0.,
           1., 1.],
          [1., 0., 0., 1., 1., 0., 1., 0., 1., 1., 0., 1., 1., 0., 0., 1., 1.,
           1., 1.],
          [0., 0., 1., 0., 0., 0., 0., 1., 0., 0., 1., 0., 1., 0., 1., 0., 1.,
           1., 1.],
          [0., 1., 0., 0., 1., 0., 1., 0., 0., 1., 0., 1., 0., 1., 0., 1., 0.,
           1., 1.],
          [0., 1., 0., 0., 1., 0., 0., 1., 0., 1., 0., 0., 1., 1., 0., 0., 0.,
           1., 0.],
          [0., 1., 1., 0., 0., 1., 0., 0., 1., 0., 0., 1., 0., 0., 1., 0., 0.,
           0., 1.],
          [1., 0., 1., 1., 0., 1., 1., 0., 1., 1., 1., 0., 0., 1., 1., 0., 0.,
           1., 0.],
          [1., 1., 0., 1., 0., 1., 0., 0., 1., 0., 0., 1., 0., 0., 0., 0., 0.,
           0., 1.],
          [1., 1., 0., 0., 0., 1., 1., 0., 0., 0., 0., 1., 1., 1., 1., 1., 1.,
           0., 1.],
          [1., 0., 1., 1., 0., 1., 0., 0., 1., 1., 0., 1., 0., 1., 1., 1., 1.,
           1., 1.],
          [1., 1., 1., 1., 1., 1., 0., 1., 0., 0., 0., 1., 1., 1., 1., 1., 1.,
           0., 1.]]]], device='cuda:0'), tensor([[0.8595]], device='cuda:0'))
2026-01-08 17:31:39 - INFO - [ 0.99418485 -0.05776098  0.00748135  0.03177258  0.00748135  0.03177258
  0.7155349  -0.4394047 ]
2026-01-08 17:31:39 - INFO - (tensor([[[[0., 1., 1., 0., 0., 1., 1., 1., 0., 1., 0., 1., 0., 1., 1., 1., 1.,
           0., 0.],
          [0., 1., 1., 1., 0., 0., 1., 1., 1., 1., 1., 1., 0., 0., 1., 0., 0.,
           0., 0.],
          [0., 0., 0., 0., 0., 1., 0., 0., 0., 1., 1., 0., 0., 0., 1., 0., 1.,
           0., 1.],
          [0., 0., 0., 0., 0., 0., 1., 0., 0., 0., 1., 1., 1., 0., 0., 0., 0.,
           0., 1.],
          [1., 1., 1., 0., 1., 1., 1., 0., 0., 1., 1., 1., 0., 0., 1., 0., 1.,
           1., 1.],
          [1., 0., 0., 1., 0., 1., 0., 0., 1., 1., 0., 1., 0., 1., 0., 0., 0.,
           1., 1.],
          [0., 0., 1., 1., 0., 1., 1., 0., 0., 1., 0., 0., 0., 0., 1., 1., 1.,
           1., 0.],
          [1., 0., 0., 1., 1., 1., 1., 0., 1., 1., 0., 1., 0., 1., 1., 0., 0.,
           1., 1.],
          [1., 0., 1., 1., 0., 1., 1., 1., 0., 1., 1., 0., 0., 0., 1., 0., 0.,
           1., 1.],
          [1., 0., 0., 1., 1., 0., 1., 0., 1., 1., 0., 1., 1., 0., 0., 1., 1.,
           1., 1.],
          [0., 0., 1., 0., 0., 0., 0., 1., 0., 0., 1., 0., 1., 0., 1., 0., 1.,
           1., 1.],
          [0., 1., 0., 0., 1., 0., 1., 0., 0., 1., 0., 1., 0., 1., 0., 1., 0.,
           1., 1.],
          [0., 1., 0., 0., 1., 0., 0., 1., 0., 1., 0., 0., 1., 1., 0., 0., 0.,
           1., 0.],
          [0., 1., 1., 0., 0., 1., 0., 0., 1., 0., 0., 1., 0., 0., 1., 0., 0.,
           0., 1.],
          [1., 0., 1., 1., 0., 1., 1., 0., 1., 1., 1., 0., 0., 1., 1., 0., 0.,
           1., 0.],
          [1., 1., 0., 1., 0., 1., 0., 0., 1., 0., 0., 1., 0., 0., 0., 0., 0.,
           0., 1.],
          [1., 1., 0., 0., 0., 1., 1., 0., 0., 0., 0., 1., 1., 1., 1., 1., 1.,
           0., 1.],
          [1., 0., 1., 1., 0., 1., 0., 0., 1., 1., 0., 1., 0., 1., 1., 1., 1.,
           1., 1.],
          [1., 1., 1., 1., 1., 1., 0., 1., 0., 0., 0., 1., 1., 1., 1., 1., 1.,
           0., 1.]]]], device='cuda:0'), tensor([[0.8629]], device='cuda:0'))
2026-01-08 17:31:39 - INFO - [ 0.99417436 -0.05794813  0.00752896  0.03184668  0.00752896  0.03184668
  0.71472657 -0.44058368]
2026-01-08 17:31:39 - INFO - (tensor([[[[0., 1., 1., 0., 0., 1., 1., 1., 0., 1., 0., 1., 0., 1., 1., 1., 1.,
           0., 0.],
          [0., 1., 1., 1., 0., 0., 1., 1., 1., 1., 1., 1., 0., 0., 1., 0., 0.,
           0., 0.],
          [0., 0., 0., 0., 0., 1., 0., 0., 0., 1., 1., 0., 0., 0., 1., 0., 1.,
           0., 1.],
          [0., 0., 0., 0., 0., 0., 1., 0., 0., 0., 1., 1., 1., 0., 0., 0., 0.,
           0., 1.],
          [1., 1., 1., 0., 1., 1., 1., 0., 0., 1., 1., 1., 0., 0., 1., 0., 1.,
           1., 1.],
          [1., 0., 0., 1., 0., 1., 0., 0., 1., 1., 0., 1., 0., 1., 0., 0., 0.,
           1., 1.],
          [0., 0., 1., 1., 0., 1., 1., 0., 0., 1., 0., 0., 0., 0., 1., 1., 1.,
           1., 0.],
          [1., 0., 0., 1., 1., 1., 1., 0., 1., 1., 0., 1., 0., 1., 1., 0., 0.,
           1., 1.],
          [1., 0., 1., 1., 0., 1., 1., 1., 0., 1., 1., 0., 0., 0., 1., 0., 0.,
           1., 1.],
          [1., 0., 0., 1., 1., 0., 1., 0., 1., 1., 0., 1., 1., 0., 0., 1., 1.,
           1., 1.],
          [0., 0., 1., 0., 0., 0., 0., 1., 0., 0., 1., 0., 1., 0., 1., 0., 1.,
           1., 1.],
          [0., 1., 0., 0., 1., 0., 1., 0., 0., 1., 0., 1., 0., 1., 0., 1., 0.,
           1., 1.],
          [0., 1., 0., 0., 1., 0., 0., 1., 0., 1., 0., 0., 1., 1., 0., 0., 0.,
           1., 0.],
          [0., 1., 1., 0., 0., 1., 0., 0., 1., 0., 0., 1., 0., 0., 1., 0., 0.,
           0., 1.],
          [1., 0., 1., 1., 0., 1., 1., 0., 1., 1., 1., 0., 0., 1., 1., 0., 0.,
           1., 0.],
          [1., 1., 0., 1., 0., 1., 0., 0., 1., 0., 0., 1., 0., 0., 0., 0., 0.,
           0., 1.],
          [1., 1., 0., 0., 0., 1., 1., 0., 0., 0., 0., 1., 1., 1., 1., 1., 1.,
           0., 1.],
          [1., 0., 1., 1., 0., 1., 0., 0., 1., 1., 0., 1., 0., 1., 1., 1., 1.,
           1., 1.],
          [1., 1., 1., 1., 1., 1., 0., 1., 0., 0., 0., 1., 1., 1., 1., 1., 1.,
           0., 1.]]]], device='cuda:0'), tensor([[0.8662]], device='cuda:0'))
2026-01-08 17:31:39 - INFO - [ 0.994162   -0.05815752  0.00758402  0.03193013  0.00758402  0.03193013
  0.7138114  -0.44193065]
2026-01-08 17:31:39 - INFO - (tensor([[[[0., 1., 1., 0., 0., 1., 1., 1., 0., 1., 0., 1., 0., 1., 1., 1., 1.,
           0., 0.],
          [0., 1., 1., 1., 0., 0., 1., 1., 1., 1., 1., 1., 0., 0., 1., 0., 0.,
           0., 0.],
          [0., 0., 0., 0., 0., 1., 0., 0., 0., 1., 1., 0., 0., 0., 1., 0., 1.,
           0., 1.],
          [0., 0., 0., 0., 0., 0., 1., 0., 0., 0., 1., 1., 1., 0., 0., 0., 0.,
           0., 1.],
          [1., 1., 1., 0., 1., 1., 1., 0., 0., 1., 1., 1., 0., 0., 1., 0., 1.,
           1., 1.],
          [1., 0., 0., 1., 0., 1., 0., 0., 1., 1., 0., 1., 0., 1., 0., 0., 0.,
           1., 1.],
          [0., 0., 1., 1., 0., 1., 1., 0., 0., 1., 0., 0., 0., 0., 1., 1., 1.,
           1., 0.],
          [1., 0., 0., 1., 1., 1., 1., 0., 1., 1., 0., 1., 0., 1., 1., 0., 0.,
           1., 1.],
          [1., 0., 1., 1., 0., 1., 1., 1., 0., 1., 1., 0., 0., 0., 1., 0., 0.,
           1., 1.],
          [1., 0., 0., 1., 1., 0., 1., 0., 1., 1., 0., 1., 1., 0., 0., 1., 1.,
           1., 1.],
          [0., 0., 1., 0., 0., 0., 0., 1., 0., 0., 1., 0., 1., 0., 1., 0., 1.,
           1., 1.],
          [0., 1., 0., 0., 1., 0., 1., 0., 0., 1., 0., 1., 0., 1., 0., 1., 0.,
           1., 1.],
          [0., 1., 0., 0., 1., 0., 0., 1., 0., 1., 0., 0., 1., 1., 0., 0., 0.,
           1., 0.],
          [0., 1., 1., 0., 0., 1., 0., 0., 1., 0., 0., 1., 0., 0., 1., 0., 0.,
           0., 1.],
          [1., 0., 1., 1., 0., 1., 1., 0., 1., 1., 1., 0., 0., 1., 1., 0., 0.,
           1., 0.],
          [1., 1., 0., 1., 0., 1., 0., 0., 1., 0., 0., 1., 0., 0., 0., 0., 0.,
           0., 1.],
          [1., 1., 0., 0., 0., 1., 1., 0., 0., 0., 0., 1., 1., 1., 1., 1., 1.,
           0., 1.],
          [1., 0., 1., 1., 0., 1., 0., 0., 1., 1., 0., 1., 0., 1., 1., 1., 1.,
           1., 1.],
          [1., 1., 1., 1., 1., 1., 0., 1., 0., 0., 0., 1., 1., 1., 1., 1., 1.,
           0., 1.]]]], device='cuda:0'), tensor([[0.8696]], device='cuda:0'))
2026-01-08 17:31:39 - INFO - [ 0.99415034 -0.05835733  0.00763521  0.03200661  0.0076352   0.03200661
  0.712936   -0.44319355]
2026-01-08 17:31:39 - INFO - (tensor([[[[0., 1., 1., 0., 0., 1., 1., 1., 0., 1., 0., 1., 0., 1., 1., 1., 1.,
           0., 0.],
          [0., 1., 1., 1., 0., 0., 1., 1., 1., 1., 1., 1., 0., 0., 1., 0., 0.,
           0., 0.],
          [0., 0., 0., 0., 0., 1., 0., 0., 0., 1., 1., 0., 0., 0., 1., 0., 1.,
           0., 1.],
          [0., 0., 0., 0., 0., 0., 1., 0., 0., 0., 1., 1., 1., 0., 0., 0., 0.,
           0., 1.],
          [1., 1., 1., 0., 1., 1., 1., 0., 0., 1., 1., 1., 0., 0., 1., 0., 1.,
           1., 1.],
          [1., 0., 0., 1., 0., 1., 0., 0., 1., 1., 0., 1., 0., 1., 0., 0., 0.,
           1., 1.],
          [0., 0., 1., 1., 0., 1., 1., 0., 0., 1., 0., 0., 0., 0., 1., 1., 1.,
           1., 0.],
          [1., 0., 0., 1., 1., 1., 1., 0., 1., 1., 0., 1., 0., 1., 1., 0., 0.,
           1., 1.],
          [1., 0., 1., 1., 0., 1., 1., 1., 0., 1., 1., 0., 0., 0., 1., 0., 0.,
           1., 1.],
          [1., 0., 0., 1., 1., 0., 1., 0., 1., 1., 0., 1., 1., 0., 0., 1., 1.,
           1., 1.],
          [0., 0., 1., 0., 0., 0., 0., 1., 0., 0., 1., 0., 1., 0., 1., 0., 1.,
           1., 1.],
          [0., 1., 0., 0., 1., 0., 1., 0., 0., 1., 0., 1., 0., 1., 0., 1., 0.,
           1., 1.],
          [0., 1., 0., 0., 1., 0., 0., 1., 0., 1., 0., 0., 1., 1., 0., 0., 0.,
           1., 0.],
          [0., 1., 1., 0., 0., 1., 0., 0., 1., 0., 0., 1., 0., 0., 1., 0., 0.,
           0., 1.],
          [1., 0., 1., 1., 0., 1., 1., 0., 1., 1., 1., 0., 0., 1., 1., 0., 0.,
           1., 0.],
          [1., 1., 0., 1., 0., 1., 0., 0., 1., 0., 0., 1., 0., 0., 0., 0., 0.,
           0., 1.],
          [1., 1., 0., 0., 0., 1., 1., 0., 0., 0., 0., 1., 1., 1., 1., 1., 1.,
           0., 1.],
          [1., 0., 1., 1., 0., 1., 0., 0., 1., 1., 0., 1., 0., 1., 1., 1., 1.,
           1., 1.],
          [1., 1., 1., 1., 1., 1., 0., 1., 0., 0., 0., 1., 1., 1., 1., 1., 1.,
           0., 1.]]]], device='cuda:0'), tensor([[0.8729]], device='cuda:0'))
2026-01-08 17:31:39 - INFO - [ 0.9941346  -0.05858677  0.00769388  0.03209196  0.00769389  0.03209196
  0.7119104  -0.44467336]
2026-01-08 17:31:39 - INFO - (tensor([[[[0., 1., 1., 0., 0., 1., 1., 1., 0., 1., 0., 1., 0., 1., 1., 1., 1.,
           0., 0.],
          [0., 1., 1., 1., 0., 0., 1., 1., 1., 1., 1., 1., 0., 0., 1., 0., 0.,
           0., 0.],
          [0., 0., 0., 0., 0., 1., 0., 0., 0., 1., 1., 0., 0., 0., 1., 0., 1.,
           0., 1.],
          [0., 0., 0., 0., 0., 0., 1., 0., 0., 0., 1., 1., 1., 0., 0., 0., 0.,
           0., 1.],
          [1., 1., 1., 0., 1., 1., 1., 0., 0., 1., 1., 1., 0., 0., 1., 0., 1.,
           1., 1.],
          [1., 0., 0., 1., 0., 1., 0., 0., 1., 1., 0., 1., 0., 1., 0., 0., 0.,
           1., 1.],
          [0., 0., 1., 1., 0., 1., 1., 0., 0., 1., 0., 0., 0., 0., 1., 1., 1.,
           1., 0.],
          [1., 0., 0., 1., 1., 1., 1., 0., 1., 1., 0., 1., 0., 1., 1., 0., 0.,
           1., 1.],
          [1., 0., 1., 1., 0., 1., 1., 1., 0., 1., 1., 0., 0., 0., 1., 0., 0.,
           1., 1.],
          [1., 0., 0., 1., 1., 0., 1., 0., 1., 1., 0., 1., 1., 0., 0., 1., 1.,
           1., 1.],
          [0., 0., 1., 0., 0., 0., 0., 1., 0., 0., 1., 0., 1., 0., 1., 0., 1.,
           1., 1.],
          [0., 1., 0., 0., 1., 0., 1., 0., 0., 1., 0., 1., 0., 1., 0., 1., 0.,
           1., 1.],
          [0., 1., 0., 0., 1., 0., 0., 1., 0., 1., 0., 0., 1., 1., 0., 0., 0.,
           1., 0.],
          [0., 1., 1., 0., 0., 1., 0., 0., 1., 0., 0., 1., 0., 0., 1., 0., 0.,
           0., 1.],
          [1., 0., 1., 1., 0., 1., 1., 0., 1., 1., 1., 0., 0., 1., 1., 0., 0.,
           1., 0.],
          [1., 1., 0., 1., 0., 1., 0., 0., 1., 0., 0., 1., 0., 0., 0., 0., 0.,
           0., 1.],
          [1., 1., 0., 0., 0., 1., 1., 0., 0., 0., 0., 1., 1., 1., 1., 1., 1.,
           0., 1.],
          [1., 0., 1., 1., 0., 1., 0., 0., 1., 1., 0., 1., 0., 1., 1., 1., 1.,
           1., 1.],
          [1., 1., 1., 1., 1., 1., 0., 1., 0., 0., 0., 1., 1., 1., 1., 1., 1.,
           0., 1.]]]], device='cuda:0'), tensor([[0.8763]], device='cuda:0'))
2026-01-08 17:31:39 - INFO - [ 0.9941202  -0.05885649  0.00775522  0.03218312  0.00775522  0.03218312
  0.710837   -0.44622734]
2026-01-08 17:31:39 - INFO - (tensor([[[[0., 1., 1., 0., 0., 1., 1., 1., 0., 1., 0., 1., 0., 1., 1., 1., 1.,
           0., 0.],
          [0., 1., 1., 1., 0., 0., 1., 1., 1., 1., 1., 1., 0., 0., 1., 0., 0.,
           0., 0.],
          [0., 0., 0., 0., 0., 1., 0., 0., 0., 1., 1., 0., 0., 0., 1., 0., 1.,
           0., 1.],
          [0., 0., 0., 0., 0., 0., 1., 0., 0., 0., 1., 1., 1., 0., 0., 0., 0.,
           0., 1.],
          [1., 1., 1., 0., 1., 1., 1., 0., 0., 1., 1., 1., 0., 0., 1., 0., 1.,
           1., 1.],
          [1., 0., 0., 1., 0., 1., 0., 0., 1., 1., 0., 1., 0., 1., 0., 0., 0.,
           1., 1.],
          [0., 0., 1., 1., 0., 1., 1., 0., 0., 1., 0., 0., 0., 0., 1., 1., 1.,
           1., 0.],
          [1., 0., 0., 1., 1., 1., 1., 0., 1., 1., 0., 1., 0., 1., 1., 0., 0.,
           1., 1.],
          [1., 0., 1., 1., 0., 1., 1., 1., 0., 1., 1., 0., 0., 0., 1., 0., 0.,
           1., 1.],
          [1., 0., 0., 1., 1., 0., 1., 0., 1., 1., 0., 1., 1., 0., 0., 1., 1.,
           1., 1.],
          [0., 0., 1., 0., 0., 0., 0., 1., 0., 0., 1., 0., 1., 0., 1., 0., 1.,
           1., 1.],
          [0., 1., 0., 0., 1., 0., 1., 0., 0., 1., 0., 1., 0., 1., 0., 1., 0.,
           1., 1.],
          [0., 1., 0., 0., 1., 0., 0., 1., 0., 1., 0., 0., 1., 1., 0., 0., 0.,
           1., 0.],
          [0., 1., 1., 0., 0., 1., 0., 0., 1., 0., 0., 1., 0., 0., 1., 0., 0.,
           0., 1.],
          [1., 0., 1., 1., 0., 1., 1., 0., 1., 1., 1., 0., 0., 1., 1., 0., 0.,
           1., 0.],
          [1., 1., 0., 1., 0., 1., 0., 0., 1., 0., 0., 1., 0., 0., 0., 0., 0.,
           0., 1.],
          [1., 1., 0., 0., 0., 1., 1., 0., 0., 0., 0., 1., 1., 1., 1., 1., 1.,
           0., 1.],
          [1., 0., 1., 1., 0., 1., 0., 0., 1., 1., 0., 1., 0., 1., 1., 1., 1.,
           1., 1.],
          [1., 1., 1., 1., 1., 1., 0., 1., 0., 0., 0., 1., 1., 1., 1., 1., 1.,
           0., 1.]]]], device='cuda:0'), tensor([[0.8796]], device='cuda:0'))
2026-01-08 17:31:39 - INFO - [ 0.99410665 -0.05920056  0.0078255   0.03229329  0.00782551  0.03229329
  0.7096945  -0.44791162]
2026-01-08 17:31:39 - INFO - (tensor([[[[0., 1., 1., 0., 0., 1., 1., 1., 0., 1., 0., 1., 0., 1., 1., 1., 1.,
           0., 0.],
          [0., 1., 1., 1., 0., 0., 1., 1., 1., 1., 1., 1., 0., 0., 1., 0., 0.,
           0., 0.],
          [0., 0., 0., 0., 0., 1., 0., 0., 0., 1., 1., 0., 0., 0., 1., 0., 1.,
           0., 1.],
          [0., 0., 0., 0., 0., 0., 1., 0., 0., 0., 1., 1., 1., 0., 0., 0., 0.,
           0., 1.],
          [1., 1., 1., 0., 1., 1., 1., 0., 0., 1., 1., 1., 0., 0., 1., 0., 1.,
           1., 1.],
          [1., 0., 0., 1., 0., 1., 0., 0., 1., 1., 0., 1., 0., 1., 0., 0., 0.,
           1., 1.],
          [0., 0., 1., 1., 0., 1., 1., 0., 0., 1., 0., 0., 0., 0., 1., 1., 1.,
           1., 0.],
          [1., 0., 0., 1., 1., 1., 1., 0., 1., 1., 0., 1., 0., 1., 1., 0., 0.,
           1., 1.],
          [1., 0., 1., 1., 0., 1., 1., 1., 0., 1., 1., 0., 0., 0., 1., 0., 0.,
           1., 1.],
          [1., 0., 0., 1., 1., 0., 1., 0., 1., 1., 0., 1., 1., 0., 0., 1., 1.,
           1., 1.],
          [0., 0., 1., 0., 0., 0., 0., 1., 0., 0., 1., 0., 1., 0., 1., 0., 1.,
           1., 1.],
          [0., 1., 0., 0., 1., 0., 1., 0., 0., 1., 0., 1., 0., 1., 0., 1., 0.,
           1., 1.],
          [0., 1., 0., 0., 1., 0., 0., 1., 0., 1., 0., 0., 1., 1., 0., 0., 0.,
           1., 0.],
          [0., 1., 1., 0., 0., 1., 0., 0., 1., 0., 0., 1., 0., 0., 1., 0., 0.,
           0., 1.],
          [1., 0., 1., 1., 0., 1., 1., 0., 1., 1., 1., 0., 0., 1., 1., 0., 0.,
           1., 0.],
          [1., 1., 0., 1., 0., 1., 0., 0., 1., 0., 0., 1., 0., 0., 0., 0., 0.,
           0., 1.],
          [1., 1., 0., 0., 0., 1., 1., 0., 0., 0., 0., 1., 1., 1., 1., 1., 1.,
           0., 1.],
          [1., 0., 1., 1., 0., 1., 0., 0., 1., 1., 0., 1., 0., 1., 1., 1., 1.,
           1., 1.],
          [1., 1., 1., 1., 1., 1., 0., 1., 0., 0., 0., 1., 1., 1., 1., 1., 1.,
           0., 1.]]]], device='cuda:0'), tensor([[0.8829]], device='cuda:0'))
2026-01-08 17:31:39 - INFO - [ 0.99409306 -0.05955441  0.00789624  0.03240758  0.00789624  0.03240758
  0.70852447 -0.44968128]
2026-01-08 17:31:39 - INFO - (tensor([[[[0., 1., 1., 0., 0., 1., 1., 1., 0., 1., 0., 1., 0., 1., 1., 1., 1.,
           0., 0.],
          [0., 1., 1., 1., 0., 0., 1., 1., 1., 1., 1., 1., 0., 0., 1., 0., 0.,
           0., 0.],
          [0., 0., 0., 0., 0., 1., 0., 0., 0., 1., 1., 0., 0., 0., 1., 0., 1.,
           0., 1.],
          [0., 0., 0., 0., 0., 0., 1., 0., 0., 0., 1., 1., 1., 0., 0., 0., 0.,
           0., 1.],
          [1., 1., 1., 0., 1., 1., 1., 0., 0., 1., 1., 1., 0., 0., 1., 0., 1.,
           1., 1.],
          [1., 0., 0., 1., 0., 1., 0., 0., 1., 1., 0., 1., 0., 1., 0., 0., 0.,
           1., 1.],
          [0., 0., 1., 1., 0., 1., 1., 0., 0., 1., 0., 0., 0., 0., 1., 1., 1.,
           1., 0.],
          [1., 0., 0., 1., 1., 1., 1., 0., 1., 1., 0., 1., 0., 1., 1., 0., 0.,
           1., 1.],
          [1., 0., 1., 1., 0., 1., 1., 1., 0., 1., 1., 0., 0., 0., 1., 0., 0.,
           1., 1.],
          [1., 0., 0., 1., 1., 0., 1., 0., 1., 1., 0., 1., 1., 0., 0., 1., 1.,
           1., 1.],
          [0., 0., 1., 0., 0., 0., 0., 1., 0., 0., 1., 0., 1., 0., 1., 0., 1.,
           1., 1.],
          [0., 1., 0., 0., 1., 0., 1., 0., 0., 1., 0., 1., 0., 1., 0., 1., 0.,
           1., 1.],
          [0., 1., 0., 0., 1., 0., 0., 1., 0., 1., 0., 0., 1., 1., 0., 0., 0.,
           1., 0.],
          [0., 1., 1., 0., 0., 1., 0., 0., 1., 0., 0., 1., 0., 0., 1., 0., 0.,
           0., 1.],
          [1., 0., 1., 1., 0., 1., 1., 0., 1., 1., 1., 0., 0., 1., 1., 0., 0.,
           1., 0.],
          [1., 1., 0., 1., 0., 1., 0., 0., 1., 0., 0., 1., 0., 0., 0., 0., 0.,
           0., 1.],
          [1., 1., 0., 0., 0., 1., 1., 0., 0., 0., 0., 1., 1., 1., 1., 1., 1.,
           0., 1.],
          [1., 0., 1., 1., 0., 1., 0., 0., 1., 1., 0., 1., 0., 1., 1., 1., 1.,
           1., 1.],
          [1., 1., 1., 1., 1., 1., 0., 1., 0., 0., 0., 1., 1., 1., 1., 1., 1.,
           0., 1.]]]], device='cuda:0'), tensor([[0.8863]], device='cuda:0'))
2026-01-08 17:31:39 - INFO - [ 0.9940969  -0.05964708  0.00792653  0.03245946  0.00792653  0.03245947
  0.7080482  -0.4506684 ]
2026-01-08 17:31:39 - INFO - (tensor([[[[0., 1., 1., 0., 0., 1., 1., 1., 0., 1., 0., 1., 0., 1., 1., 1., 1.,
           0., 0.],
          [0., 1., 1., 1., 0., 0., 1., 1., 1., 1., 1., 1., 0., 0., 1., 0., 0.,
           0., 0.],
          [0., 0., 0., 0., 0., 1., 0., 0., 0., 1., 1., 0., 0., 0., 1., 0., 1.,
           0., 1.],
          [0., 0., 0., 0., 0., 0., 1., 0., 0., 0., 1., 1., 1., 0., 0., 0., 0.,
           0., 1.],
          [1., 1., 1., 0., 1., 1., 1., 0., 0., 1., 1., 1., 0., 0., 1., 0., 1.,
           1., 1.],
          [1., 0., 0., 1., 0., 1., 0., 0., 1., 1., 0., 1., 0., 1., 0., 0., 0.,
           1., 1.],
          [0., 0., 1., 1., 0., 1., 1., 0., 0., 1., 0., 0., 0., 0., 1., 1., 1.,
           1., 0.],
          [1., 0., 0., 1., 1., 1., 1., 0., 1., 1., 0., 1., 0., 1., 1., 0., 0.,
           1., 1.],
          [1., 0., 1., 1., 0., 1., 1., 1., 0., 1., 1., 0., 0., 0., 1., 0., 0.,
           1., 1.],
          [1., 0., 0., 1., 1., 0., 1., 0., 1., 1., 0., 1., 1., 0., 0., 1., 1.,
           1., 1.],
          [0., 0., 1., 0., 0., 0., 0., 1., 0., 0., 1., 0., 1., 0., 1., 0., 1.,
           1., 1.],
          [0., 1., 0., 0., 1., 0., 1., 0., 0., 1., 0., 1., 0., 1., 0., 1., 0.,
           1., 1.],
          [0., 1., 0., 0., 1., 0., 0., 1., 0., 1., 0., 0., 1., 1., 0., 0., 0.,
           1., 0.],
          [0., 1., 1., 0., 0., 1., 0., 0., 1., 0., 0., 1., 0., 0., 1., 0., 0.,
           0., 1.],
          [1., 0., 1., 1., 0., 1., 1., 0., 1., 1., 1., 0., 0., 1., 1., 0., 0.,
           1., 0.],
          [1., 1., 0., 1., 0., 1., 0., 0., 1., 0., 0., 1., 0., 0., 0., 0., 0.,
           0., 1.],
          [1., 1., 0., 0., 0., 1., 1., 0., 0., 0., 0., 1., 1., 1., 1., 1., 1.,
           0., 1.],
          [1., 0., 1., 1., 0., 1., 0., 0., 1., 1., 0., 1., 0., 1., 1., 1., 1.,
           1., 1.],
          [1., 1., 1., 1., 1., 1., 0., 1., 0., 0., 0., 1., 1., 1., 1., 1., 1.,
           0., 1.]]]], device='cuda:0'), tensor([[0.8896]], device='cuda:0'))
2026-01-08 17:31:39 - INFO - [ 0.9940939  -0.05963787  0.00795283  0.03245356  0.00795283  0.03245356
  0.7077846  -0.45110998]
2026-01-08 17:31:39 - INFO - (tensor([[[[0., 1., 1., 0., 0., 1., 1., 1., 0., 1., 0., 1., 0., 1., 1., 1., 1.,
           0., 0.],
          [0., 1., 1., 1., 0., 0., 1., 1., 1., 1., 1., 1., 0., 0., 1., 0., 0.,
           0., 0.],
          [0., 0., 0., 0., 0., 1., 0., 0., 0., 1., 1., 0., 0., 0., 1., 0., 1.,
           0., 1.],
          [0., 0., 0., 0., 0., 0., 1., 0., 0., 0., 1., 1., 1., 0., 0., 0., 0.,
           0., 1.],
          [1., 1., 1., 0., 1., 1., 1., 0., 0., 1., 1., 1., 0., 0., 1., 0., 1.,
           1., 1.],
          [1., 0., 0., 1., 0., 1., 0., 0., 1., 1., 0., 1., 0., 1., 0., 0., 0.,
           1., 1.],
          [0., 0., 1., 1., 0., 1., 1., 0., 0., 1., 0., 0., 0., 0., 1., 1., 1.,
           1., 0.],
          [1., 0., 0., 1., 1., 1., 1., 0., 1., 1., 0., 1., 0., 1., 1., 0., 0.,
           1., 1.],
          [1., 0., 1., 1., 0., 1., 1., 1., 0., 1., 1., 0., 0., 0., 1., 0., 0.,
           1., 1.],
          [1., 0., 0., 1., 1., 0., 1., 0., 1., 1., 0., 1., 1., 0., 0., 1., 1.,
           1., 1.],
          [0., 0., 1., 0., 0., 0., 0., 1., 0., 0., 1., 0., 1., 0., 1., 0., 1.,
           1., 1.],
          [0., 1., 0., 0., 1., 0., 1., 0., 0., 1., 0., 1., 0., 1., 0., 1., 0.,
           1., 1.],
          [0., 1., 0., 0., 1., 0., 0., 1., 0., 1., 0., 0., 1., 1., 0., 0., 0.,
           1., 0.],
          [0., 1., 1., 0., 0., 1., 0., 0., 1., 0., 0., 1., 0., 0., 1., 0., 0.,
           0., 1.],
          [1., 0., 1., 1., 0., 1., 1., 0., 1., 1., 1., 0., 0., 1., 1., 0., 0.,
           1., 0.],
          [1., 1., 0., 1., 0., 1., 0., 0., 1., 0., 0., 1., 0., 0., 0., 0., 0.,
           0., 1.],
          [1., 1., 0., 0., 0., 1., 1., 0., 0., 0., 0., 1., 1., 1., 1., 1., 1.,
           0., 1.],
          [1., 0., 1., 1., 0., 1., 0., 0., 1., 1., 0., 1., 0., 1., 1., 1., 1.,
           1., 1.],
          [1., 1., 1., 1., 1., 1., 0., 1., 0., 0., 0., 1., 1., 1., 1., 1., 1.,
           0., 1.]]]], device='cuda:0'), tensor([[0.8930]], device='cuda:0'))
2026-01-08 17:31:39 - INFO - [ 0.9940735  -0.05974844  0.00802894  0.03253685  0.00802895  0.03253683
  0.7070612  -0.45233497]
2026-01-08 17:31:39 - INFO - (tensor([[[[0., 1., 1., 0., 0., 1., 1., 1., 0., 1., 0., 1., 0., 1., 1., 1., 1.,
           0., 0.],
          [0., 1., 1., 1., 0., 0., 1., 1., 1., 1., 1., 1., 0., 0., 1., 0., 0.,
           0., 0.],
          [0., 0., 0., 0., 0., 1., 0., 0., 0., 1., 1., 0., 0., 0., 1., 0., 1.,
           0., 1.],
          [0., 0., 0., 0., 0., 0., 1., 0., 0., 0., 1., 1., 1., 0., 0., 0., 0.,
           0., 1.],
          [1., 1., 1., 0., 1., 1., 1., 0., 0., 1., 1., 1., 0., 0., 1., 0., 1.,
           1., 1.],
          [1., 0., 0., 1., 0., 1., 0., 0., 1., 1., 0., 1., 0., 1., 0., 0., 0.,
           1., 1.],
          [0., 0., 1., 1., 0., 1., 1., 0., 0., 1., 0., 0., 0., 0., 1., 1., 1.,
           1., 0.],
          [1., 0., 0., 1., 1., 1., 1., 0., 1., 1., 0., 1., 0., 1., 1., 0., 0.,
           1., 1.],
          [1., 0., 1., 1., 0., 1., 1., 1., 0., 1., 1., 0., 0., 0., 1., 0., 0.,
           1., 1.],
          [1., 0., 0., 1., 1., 0., 1., 0., 1., 1., 0., 1., 1., 0., 0., 1., 1.,
           1., 1.],
          [0., 0., 1., 0., 0., 0., 0., 1., 0., 0., 1., 0., 1., 0., 1., 0., 1.,
           1., 1.],
          [0., 1., 0., 0., 1., 0., 1., 0., 0., 1., 0., 1., 0., 1., 0., 1., 0.,
           1., 1.],
          [0., 1., 0., 0., 1., 0., 0., 1., 0., 1., 0., 0., 1., 1., 0., 0., 0.,
           1., 0.],
          [0., 1., 1., 0., 0., 1., 0., 0., 1., 0., 0., 1., 0., 0., 1., 0., 0.,
           0., 1.],
          [1., 0., 1., 1., 0., 1., 1., 0., 1., 1., 1., 0., 0., 1., 1., 0., 0.,
           1., 0.],
          [1., 1., 0., 1., 0., 1., 0., 0., 1., 0., 0., 1., 0., 0., 0., 0., 0.,
           0., 1.],
          [1., 1., 0., 0., 0., 1., 1., 0., 0., 0., 0., 1., 1., 1., 1., 1., 1.,
           0., 1.],
          [1., 0., 1., 1., 0., 1., 0., 0., 1., 1., 0., 1., 0., 1., 1., 1., 1.,
           1., 1.],
          [1., 1., 1., 1., 1., 1., 0., 1., 0., 0., 0., 1., 1., 1., 1., 1., 1.,
           0., 1.]]]], device='cuda:0'), tensor([[0.8963]], device='cuda:0'))
2026-01-08 17:31:39 - INFO - [ 0.9940481  -0.05988804  0.00812535  0.03265433  0.00812535  0.03265433
  0.70615774 -0.45370564]
2026-01-08 17:31:39 - INFO - (tensor([[[[0., 1., 1., 0., 0., 1., 1., 1., 0., 1., 0., 1., 0., 1., 1., 1., 1.,
           0., 0.],
          [0., 1., 1., 1., 0., 0., 1., 1., 1., 1., 1., 1., 0., 0., 1., 0., 0.,
           0., 0.],
          [0., 0., 0., 0., 0., 1., 0., 0., 0., 1., 1., 0., 0., 0., 1., 0., 1.,
           0., 1.],
          [0., 0., 0., 0., 0., 0., 1., 0., 0., 0., 1., 1., 1., 0., 0., 0., 0.,
           0., 1.],
          [1., 1., 1., 0., 1., 1., 1., 0., 0., 1., 1., 1., 0., 0., 1., 0., 1.,
           1., 1.],
          [1., 0., 0., 1., 0., 1., 0., 0., 1., 1., 0., 1., 0., 1., 0., 0., 0.,
           1., 1.],
          [0., 0., 1., 1., 0., 1., 1., 0., 0., 1., 0., 0., 0., 0., 1., 1., 1.,
           1., 0.],
          [1., 0., 0., 1., 1., 1., 1., 0., 1., 1., 0., 1., 0., 1., 1., 0., 0.,
           1., 1.],
          [1., 0., 1., 1., 0., 1., 1., 1., 0., 1., 1., 0., 0., 0., 1., 0., 0.,
           1., 1.],
          [1., 0., 0., 1., 1., 0., 1., 0., 1., 1., 0., 1., 1., 0., 0., 1., 1.,
           1., 1.],
          [0., 0., 1., 0., 0., 0., 0., 1., 0., 0., 1., 0., 1., 0., 1., 0., 1.,
           1., 1.],
          [0., 1., 0., 0., 1., 0., 1., 0., 0., 1., 0., 1., 0., 1., 0., 1., 0.,
           1., 1.],
          [0., 1., 0., 0., 1., 0., 0., 1., 0., 1., 0., 0., 1., 1., 0., 0., 0.,
           1., 0.],
          [0., 1., 1., 0., 0., 1., 0., 0., 1., 0., 0., 1., 0., 0., 1., 0., 0.,
           0., 1.],
          [1., 0., 1., 1., 0., 1., 1., 0., 1., 1., 1., 0., 0., 1., 1., 0., 0.,
           1., 0.],
          [1., 1., 0., 1., 0., 1., 0., 0., 1., 0., 0., 1., 0., 0., 0., 0., 0.,
           0., 1.],
          [1., 1., 0., 0., 0., 1., 1., 0., 0., 0., 0., 1., 1., 1., 1., 1., 1.,
           0., 1.],
          [1., 0., 1., 1., 0., 1., 0., 0., 1., 1., 0., 1., 0., 1., 1., 1., 1.,
           1., 1.],
          [1., 1., 1., 1., 1., 1., 0., 1., 0., 0., 0., 1., 1., 1., 1., 1., 1.,
           0., 1.]]]], device='cuda:0'), tensor([[0.8997]], device='cuda:0'))
2026-01-08 17:31:39 - INFO - [ 0.99402285 -0.06005482  0.00822993  0.03278227  0.00822992  0.03278228
  0.705243   -0.45502704]
2026-01-08 17:31:39 - INFO - (tensor([[[[0., 1., 1., 0., 0., 1., 1., 1., 0., 1., 0., 1., 0., 1., 1., 1., 1.,
           0., 0.],
          [0., 1., 1., 1., 0., 0., 1., 1., 1., 1., 1., 1., 0., 0., 1., 0., 0.,
           0., 0.],
          [0., 0., 0., 0., 0., 1., 0., 0., 0., 1., 1., 0., 0., 0., 1., 0., 1.,
           0., 1.],
          [0., 0., 0., 0., 0., 0., 1., 0., 0., 0., 1., 1., 1., 0., 0., 0., 0.,
           0., 1.],
          [1., 1., 1., 0., 1., 1., 1., 0., 0., 1., 1., 1., 0., 0., 1., 0., 1.,
           1., 1.],
          [1., 0., 0., 1., 0., 1., 0., 0., 1., 1., 0., 1., 0., 1., 0., 0., 0.,
           1., 1.],
          [0., 0., 1., 1., 0., 1., 1., 0., 0., 1., 0., 0., 0., 0., 1., 1., 1.,
           1., 0.],
          [1., 0., 0., 1., 1., 1., 1., 0., 1., 1., 0., 1., 0., 1., 1., 0., 0.,
           1., 1.],
          [1., 0., 1., 1., 0., 1., 1., 1., 0., 1., 1., 0., 0., 0., 1., 0., 0.,
           1., 1.],
          [1., 0., 0., 1., 1., 0., 1., 0., 1., 1., 0., 1., 1., 0., 0., 1., 1.,
           1., 1.],
          [0., 0., 1., 0., 0., 0., 0., 1., 0., 0., 1., 0., 1., 0., 1., 0., 1.,
           1., 1.],
          [0., 1., 0., 0., 1., 0., 1., 0., 0., 1., 0., 1., 0., 1., 0., 1., 0.,
           1., 1.],
          [0., 1., 0., 0., 1., 0., 0., 1., 0., 1., 0., 0., 1., 1., 0., 0., 0.,
           1., 0.],
          [0., 1., 1., 0., 0., 1., 0., 0., 1., 0., 0., 1., 0., 0., 1., 0., 0.,
           0., 1.],
          [1., 0., 1., 1., 0., 1., 1., 0., 1., 1., 1., 0., 0., 1., 1., 0., 0.,
           1., 0.],
          [1., 1., 0., 1., 0., 1., 0., 0., 1., 0., 0., 1., 0., 0., 0., 0., 0.,
           0., 1.],
          [1., 1., 0., 0., 0., 1., 1., 0., 0., 0., 0., 1., 1., 1., 1., 1., 1.,
           0., 1.],
          [1., 0., 1., 1., 0., 1., 0., 0., 1., 1., 0., 1., 0., 1., 1., 1., 1.,
           1., 1.],
          [1., 1., 1., 1., 1., 1., 0., 1., 0., 0., 0., 1., 1., 1., 1., 1., 1.,
           0., 1.]]]], device='cuda:0'), tensor([[0.9030]], device='cuda:0'))
2026-01-08 17:31:39 - INFO - [ 0.993996   -0.060263    0.00833699  0.03291441  0.00833699  0.0329144
  0.70430124 -0.45635688]
2026-01-08 17:31:39 - INFO - (tensor([[[[0., 1., 1., 0., 0., 1., 1., 1., 0., 1., 0., 1., 0., 1., 1., 1., 1.,
           0., 0.],
          [0., 1., 1., 1., 0., 0., 1., 1., 1., 1., 1., 1., 0., 0., 1., 0., 0.,
           0., 0.],
          [0., 0., 0., 0., 0., 1., 0., 0., 0., 1., 1., 0., 0., 0., 1., 0., 1.,
           0., 1.],
          [0., 0., 0., 0., 0., 0., 1., 0., 0., 0., 1., 1., 1., 0., 0., 0., 0.,
           0., 1.],
          [1., 1., 1., 0., 1., 1., 1., 0., 0., 1., 1., 1., 0., 0., 1., 0., 1.,
           1., 1.],
          [1., 0., 0., 1., 0., 1., 0., 0., 1., 1., 0., 1., 0., 1., 0., 0., 0.,
           1., 1.],
          [0., 0., 1., 1., 0., 1., 1., 0., 0., 1., 0., 0., 0., 0., 1., 1., 1.,
           1., 0.],
          [1., 0., 0., 1., 1., 1., 1., 0., 1., 1., 0., 1., 0., 1., 1., 0., 0.,
           1., 1.],
          [1., 0., 1., 1., 0., 1., 1., 1., 0., 1., 1., 0., 0., 0., 1., 0., 0.,
           1., 1.],
          [1., 0., 0., 1., 1., 0., 1., 0., 1., 1., 0., 1., 1., 0., 0., 1., 1.,
           1., 1.],
          [0., 0., 1., 0., 0., 0., 0., 1., 0., 0., 1., 0., 1., 0., 1., 0., 1.,
           1., 1.],
          [0., 1., 0., 0., 1., 0., 1., 0., 0., 1., 0., 1., 0., 1., 0., 1., 0.,
           1., 1.],
          [0., 1., 0., 0., 1., 0., 0., 1., 0., 1., 0., 0., 1., 1., 0., 0., 0.,
           1., 0.],
          [0., 1., 1., 0., 0., 1., 0., 0., 1., 0., 0., 1., 0., 0., 1., 0., 0.,
           0., 1.],
          [1., 0., 1., 1., 0., 1., 1., 0., 1., 1., 1., 0., 0., 1., 1., 0., 0.,
           1., 0.],
          [1., 1., 0., 1., 0., 1., 0., 0., 1., 0., 0., 1., 0., 0., 0., 0., 0.,
           0., 1.],
          [1., 1., 0., 0., 0., 1., 1., 0., 0., 0., 0., 1., 1., 1., 1., 1., 1.,
           0., 1.],
          [1., 0., 1., 1., 0., 1., 0., 0., 1., 1., 0., 1., 0., 1., 1., 1., 1.,
           1., 1.],
          [1., 1., 1., 1., 1., 1., 0., 1., 0., 0., 0., 1., 1., 1., 1., 1., 1.,
           0., 1.]]]], device='cuda:0'), tensor([[0.9064]], device='cuda:0'))
2026-01-08 17:31:39 - INFO - [ 0.99396944 -0.06047573  0.00844928  0.03305586  0.00844928  0.03305586
  0.70333606 -0.4577334 ]
2026-01-08 17:31:39 - INFO - (tensor([[[[0., 1., 1., 0., 0., 1., 1., 1., 0., 1., 0., 1., 0., 1., 1., 1., 1.,
           0., 0.],
          [0., 1., 1., 1., 0., 0., 1., 1., 1., 1., 1., 1., 0., 0., 1., 0., 0.,
           0., 0.],
          [0., 0., 0., 0., 0., 1., 0., 0., 0., 1., 1., 0., 0., 0., 1., 0., 1.,
           0., 1.],
          [0., 0., 0., 0., 0., 0., 1., 0., 0., 0., 1., 1., 1., 0., 0., 0., 0.,
           0., 1.],
          [1., 1., 1., 0., 1., 1., 1., 0., 0., 1., 1., 1., 0., 0., 1., 0., 1.,
           1., 1.],
          [1., 0., 0., 1., 0., 1., 0., 0., 1., 1., 0., 1., 0., 1., 0., 0., 0.,
           1., 1.],
          [0., 0., 1., 1., 0., 1., 1., 0., 0., 1., 0., 0., 0., 0., 1., 1., 1.,
           1., 0.],
          [1., 0., 0., 1., 1., 1., 1., 0., 1., 1., 0., 1., 0., 1., 1., 0., 0.,
           1., 1.],
          [1., 0., 1., 1., 0., 1., 1., 1., 0., 1., 1., 0., 0., 0., 1., 0., 0.,
           1., 1.],
          [1., 0., 0., 1., 1., 0., 1., 0., 1., 1., 0., 1., 1., 0., 0., 1., 1.,
           1., 1.],
          [0., 0., 1., 0., 0., 0., 0., 1., 0., 0., 1., 0., 1., 0., 1., 0., 1.,
           1., 1.],
          [0., 1., 0., 0., 1., 0., 1., 0., 0., 1., 0., 1., 0., 1., 0., 1., 0.,
           1., 1.],
          [0., 1., 0., 0., 1., 0., 0., 1., 0., 1., 0., 0., 1., 1., 0., 0., 0.,
           1., 0.],
          [0., 1., 1., 0., 0., 1., 0., 0., 1., 0., 0., 1., 0., 0., 1., 0., 0.,
           0., 1.],
          [1., 0., 1., 1., 0., 1., 1., 0., 1., 1., 1., 0., 0., 1., 1., 0., 0.,
           1., 0.],
          [1., 1., 0., 1., 0., 1., 0., 0., 1., 0., 0., 1., 0., 0., 0., 0., 0.,
           0., 1.],
          [1., 1., 0., 0., 0., 1., 1., 0., 0., 0., 0., 1., 1., 1., 1., 1., 1.,
           0., 1.],
          [1., 0., 1., 1., 0., 1., 0., 0., 1., 1., 0., 1., 0., 1., 1., 1., 1.,
           1., 1.],
          [1., 1., 1., 1., 1., 1., 0., 1., 0., 0., 0., 1., 1., 1., 1., 1., 1.,
           0., 1.]]]], device='cuda:0'), tensor([[0.9097]], device='cuda:0'))
2026-01-08 17:31:39 - INFO - [ 0.9939442  -0.06070412  0.00857429  0.03321923  0.00857429  0.03321923
  0.7023289  -0.45923808]
2026-01-08 17:31:39 - INFO - (tensor([[[[0., 1., 1., 0., 0., 1., 1., 1., 0., 1., 0., 1., 0., 1., 1., 1., 1.,
           0., 0.],
          [0., 1., 1., 1., 0., 0., 1., 1., 1., 1., 1., 1., 0., 0., 1., 0., 0.,
           0., 0.],
          [0., 0., 0., 0., 0., 1., 0., 0., 0., 1., 1., 0., 0., 0., 1., 0., 1.,
           0., 1.],
          [0., 0., 0., 0., 0., 0., 1., 0., 0., 0., 1., 1., 1., 0., 0., 0., 0.,
           0., 1.],
          [1., 1., 1., 0., 1., 1., 1., 0., 0., 1., 1., 1., 0., 0., 1., 0., 1.,
           1., 1.],
          [1., 0., 0., 1., 0., 1., 0., 0., 1., 1., 0., 1., 0., 1., 0., 0., 0.,
           1., 1.],
          [0., 0., 1., 1., 0., 1., 1., 0., 0., 1., 0., 0., 0., 0., 1., 1., 1.,
           1., 0.],
          [1., 0., 0., 1., 1., 1., 1., 0., 1., 1., 0., 1., 0., 1., 1., 0., 0.,
           1., 1.],
          [1., 0., 1., 1., 0., 1., 1., 1., 0., 1., 1., 0., 0., 0., 1., 0., 0.,
           1., 1.],
          [1., 0., 0., 1., 1., 0., 1., 0., 1., 1., 0., 1., 1., 0., 0., 1., 1.,
           1., 1.],
          [0., 0., 1., 0., 0., 0., 0., 1., 0., 0., 1., 0., 1., 0., 1., 0., 1.,
           1., 1.],
          [0., 1., 0., 0., 1., 0., 1., 0., 0., 1., 0., 1., 0., 1., 0., 1., 0.,
           1., 1.],
          [0., 1., 0., 0., 1., 0., 0., 1., 0., 1., 0., 0., 1., 1., 0., 0., 0.,
           1., 0.],
          [0., 1., 1., 0., 0., 1., 0., 0., 1., 0., 0., 1., 0., 0., 1., 0., 0.,
           0., 1.],
          [1., 0., 1., 1., 0., 1., 1., 0., 1., 1., 1., 0., 0., 1., 1., 0., 0.,
           1., 0.],
          [1., 1., 0., 1., 0., 1., 0., 0., 1., 0., 0., 1., 0., 0., 0., 0., 0.,
           0., 1.],
          [1., 1., 0., 0., 0., 1., 1., 0., 0., 0., 0., 1., 1., 1., 1., 1., 1.,
           0., 1.],
          [1., 0., 1., 1., 0., 1., 0., 0., 1., 1., 0., 1., 0., 1., 1., 1., 1.,
           1., 1.],
          [1., 1., 1., 1., 1., 1., 0., 1., 0., 0., 0., 1., 1., 1., 1., 1., 1.,
           0., 1.]]]], device='cuda:0'), tensor([[0.9130]], device='cuda:0'))
2026-01-08 17:31:39 - INFO - [ 0.9939187  -0.0609419   0.00870557  0.03339143  0.00870557  0.03339142
  0.7012914  -0.46078378]
2026-01-08 17:31:39 - INFO - (tensor([[[[0., 1., 1., 0., 0., 1., 1., 1., 0., 1., 0., 1., 0., 1., 1., 1., 1.,
           0., 0.],
          [0., 1., 1., 1., 0., 0., 1., 1., 1., 1., 1., 1., 0., 0., 1., 0., 0.,
           0., 0.],
          [0., 0., 0., 0., 0., 1., 0., 0., 0., 1., 1., 0., 0., 0., 1., 0., 1.,
           0., 1.],
          [0., 0., 0., 0., 0., 0., 1., 0., 0., 0., 1., 1., 1., 0., 0., 0., 0.,
           0., 1.],
          [1., 1., 1., 0., 1., 1., 1., 0., 0., 1., 1., 1., 0., 0., 1., 0., 1.,
           1., 1.],
          [1., 0., 0., 1., 0., 1., 0., 0., 1., 1., 0., 1., 0., 1., 0., 0., 0.,
           1., 1.],
          [0., 0., 1., 1., 0., 1., 1., 0., 0., 1., 0., 0., 0., 0., 1., 1., 1.,
           1., 0.],
          [1., 0., 0., 1., 1., 1., 1., 0., 1., 1., 0., 1., 0., 1., 1., 0., 0.,
           1., 1.],
          [1., 0., 1., 1., 0., 1., 1., 1., 0., 1., 1., 0., 0., 0., 1., 0., 0.,
           1., 1.],
          [1., 0., 0., 1., 1., 0., 1., 0., 1., 1., 0., 1., 1., 0., 0., 1., 1.,
           1., 1.],
          [0., 0., 1., 0., 0., 0., 0., 1., 0., 0., 1., 0., 1., 0., 1., 0., 1.,
           1., 1.],
          [0., 1., 0., 0., 1., 0., 1., 0., 0., 1., 0., 1., 0., 1., 0., 1., 0.,
           1., 1.],
          [0., 1., 0., 0., 1., 0., 0., 1., 0., 1., 0., 0., 1., 1., 0., 0., 0.,
           1., 0.],
          [0., 1., 1., 0., 0., 1., 0., 0., 1., 0., 0., 1., 0., 0., 1., 0., 0.,
           0., 1.],
          [1., 0., 1., 1., 0., 1., 1., 0., 1., 1., 1., 0., 0., 1., 1., 0., 0.,
           1., 0.],
          [1., 1., 0., 1., 0., 1., 0., 0., 1., 0., 0., 1., 0., 0., 0., 0., 0.,
           0., 1.],
          [1., 1., 0., 0., 0., 1., 1., 0., 0., 0., 0., 1., 1., 1., 1., 1., 1.,
           0., 1.],
          [1., 0., 1., 1., 0., 1., 0., 0., 1., 1., 0., 1., 0., 1., 1., 1., 1.,
           1., 1.],
          [1., 1., 1., 1., 1., 1., 0., 1., 0., 0., 0., 1., 1., 1., 1., 1., 1.,
           0., 1.]]]], device='cuda:0'), tensor([[0.9164]], device='cuda:0'))
2026-01-08 17:31:39 - INFO - [ 0.99389356 -0.06119665  0.0088336   0.03355677  0.00883359  0.03355677
  0.70022905 -0.4623511 ]
2026-01-08 17:31:39 - INFO - (tensor([[[[0., 1., 1., 0., 0., 1., 1., 1., 0., 1., 0., 1., 0., 1., 1., 1., 1.,
           0., 0.],
          [0., 1., 1., 1., 0., 0., 1., 1., 1., 1., 1., 1., 0., 0., 1., 0., 0.,
           0., 0.],
          [0., 0., 0., 0., 0., 1., 0., 0., 0., 1., 1., 0., 0., 0., 1., 0., 1.,
           0., 1.],
          [0., 0., 0., 0., 0., 0., 1., 0., 0., 0., 1., 1., 1., 0., 0., 0., 0.,
           0., 1.],
          [1., 1., 1., 0., 1., 1., 1., 0., 0., 1., 1., 1., 0., 0., 1., 0., 1.,
           1., 1.],
          [1., 0., 0., 1., 0., 1., 0., 0., 1., 1., 0., 1., 0., 1., 0., 0., 0.,
           1., 1.],
          [0., 0., 1., 1., 0., 1., 1., 0., 0., 1., 0., 0., 0., 0., 1., 1., 1.,
           1., 0.],
          [1., 0., 0., 1., 1., 1., 1., 0., 1., 1., 0., 1., 0., 1., 1., 0., 0.,
           1., 1.],
          [1., 0., 1., 1., 0., 1., 1., 1., 0., 1., 1., 0., 0., 0., 1., 0., 0.,
           1., 1.],
          [1., 0., 0., 1., 1., 0., 1., 0., 1., 1., 0., 1., 1., 0., 0., 1., 1.,
           1., 1.],
          [0., 0., 1., 0., 0., 0., 0., 1., 0., 0., 1., 0., 1., 0., 1., 0., 1.,
           1., 1.],
          [0., 1., 0., 0., 1., 0., 1., 0., 0., 1., 0., 1., 0., 1., 0., 1., 0.,
           1., 1.],
          [0., 1., 0., 0., 1., 0., 0., 1., 0., 1., 0., 0., 1., 1., 0., 0., 0.,
           1., 0.],
          [0., 1., 1., 0., 0., 1., 0., 0., 1., 0., 0., 1., 0., 0., 1., 0., 0.,
           0., 1.],
          [1., 0., 1., 1., 0., 1., 1., 0., 1., 1., 1., 0., 0., 1., 1., 0., 0.,
           1., 0.],
          [1., 1., 0., 1., 0., 1., 0., 0., 1., 0., 0., 1., 0., 0., 0., 0., 0.,
           0., 1.],
          [1., 1., 0., 0., 0., 1., 1., 0., 0., 0., 0., 1., 1., 1., 1., 1., 1.,
           0., 1.],
          [1., 0., 1., 1., 0., 1., 0., 0., 1., 1., 0., 1., 0., 1., 1., 1., 1.,
           1., 1.],
          [1., 1., 1., 1., 1., 1., 0., 1., 0., 0., 0., 1., 1., 1., 1., 1., 1.,
           0., 1.]]]], device='cuda:0'), tensor([[0.9197]], device='cuda:0'))
2026-01-08 17:31:39 - INFO - [ 0.99389297 -0.06138201  0.00892489  0.03367506  0.00892488  0.03367506
  0.69953054 -0.4636319 ]
2026-01-08 17:31:39 - INFO - (tensor([[[[0., 1., 1., 0., 0., 1., 1., 1., 0., 1., 0., 1., 0., 1., 1., 1., 1.,
           0., 0.],
          [0., 1., 1., 1., 0., 0., 1., 1., 1., 1., 1., 1., 0., 0., 1., 0., 0.,
           0., 0.],
          [0., 0., 0., 0., 0., 1., 0., 0., 0., 1., 1., 0., 0., 0., 1., 0., 1.,
           0., 1.],
          [0., 0., 0., 0., 0., 0., 1., 0., 0., 0., 1., 1., 1., 0., 0., 0., 0.,
           0., 1.],
          [1., 1., 1., 0., 1., 1., 1., 0., 0., 1., 1., 1., 0., 0., 1., 0., 1.,
           1., 1.],
          [1., 0., 0., 1., 0., 1., 0., 0., 1., 1., 0., 1., 0., 1., 0., 0., 0.,
           1., 1.],
          [0., 0., 1., 1., 0., 1., 1., 0., 0., 1., 0., 0., 0., 0., 1., 1., 1.,
           1., 0.],
          [1., 0., 0., 1., 1., 1., 1., 0., 1., 1., 0., 1., 0., 1., 1., 0., 0.,
           1., 1.],
          [1., 0., 1., 1., 0., 1., 1., 1., 0., 1., 1., 0., 0., 0., 1., 0., 0.,
           1., 1.],
          [1., 0., 0., 1., 1., 0., 1., 0., 1., 1., 0., 1., 1., 0., 0., 1., 1.,
           1., 1.],
          [0., 0., 1., 0., 0., 0., 0., 1., 0., 0., 1., 0., 1., 0., 1., 0., 1.,
           1., 1.],
          [0., 1., 0., 0., 1., 0., 1., 0., 0., 1., 0., 1., 0., 1., 0., 1., 0.,
           1., 1.],
          [0., 1., 0., 0., 1., 0., 0., 1., 0., 1., 0., 0., 1., 1., 0., 0., 0.,
           1., 0.],
          [0., 1., 1., 0., 0., 1., 0., 0., 1., 0., 0., 1., 0., 0., 1., 0., 0.,
           0., 1.],
          [1., 0., 1., 1., 0., 1., 1., 0., 1., 1., 1., 0., 0., 1., 1., 0., 0.,
           1., 0.],
          [1., 1., 0., 1., 0., 1., 0., 0., 1., 0., 0., 1., 0., 0., 0., 0., 0.,
           0., 1.],
          [1., 1., 0., 0., 0., 1., 1., 0., 0., 0., 0., 1., 1., 1., 1., 1., 1.,
           0., 1.],
          [1., 0., 1., 1., 0., 1., 0., 0., 1., 1., 0., 1., 0., 1., 1., 1., 1.,
           1., 1.],
          [1., 1., 1., 1., 1., 1., 0., 1., 0., 0., 0., 1., 1., 1., 1., 1., 1.,
           0., 1.]]]], device='cuda:0'), tensor([[0.9231]], device='cuda:0'))
2026-01-08 17:31:39 - INFO - [ 0.9938907  -0.06157884  0.00902807  0.03380604  0.00902807  0.03380604
  0.6987548  -0.46504262]
2026-01-08 17:31:39 - INFO - (tensor([[[[0., 1., 1., 0., 0., 1., 1., 1., 0., 1., 0., 1., 0., 1., 1., 1., 1.,
           0., 0.],
          [0., 1., 1., 1., 0., 0., 1., 1., 1., 1., 1., 1., 0., 0., 1., 0., 0.,
           0., 0.],
          [0., 0., 0., 0., 0., 1., 0., 0., 0., 1., 1., 0., 0., 0., 1., 0., 1.,
           0., 1.],
          [0., 0., 0., 0., 0., 0., 1., 0., 0., 0., 1., 1., 1., 0., 0., 0., 0.,
           0., 1.],
          [1., 1., 1., 0., 1., 1., 1., 0., 0., 1., 1., 1., 0., 0., 1., 0., 1.,
           1., 1.],
          [1., 0., 0., 1., 0., 1., 0., 0., 1., 1., 0., 1., 0., 1., 0., 0., 0.,
           1., 1.],
          [0., 0., 1., 1., 0., 1., 1., 0., 0., 1., 0., 0., 0., 0., 1., 1., 1.,
           1., 0.],
          [1., 0., 0., 1., 1., 1., 1., 0., 1., 1., 0., 1., 0., 1., 1., 0., 0.,
           1., 1.],
          [1., 0., 1., 1., 0., 1., 1., 1., 0., 1., 1., 0., 0., 0., 1., 0., 0.,
           1., 1.],
          [1., 0., 0., 1., 1., 0., 1., 0., 1., 1., 0., 1., 1., 0., 0., 1., 1.,
           1., 1.],
          [0., 0., 1., 0., 0., 0., 0., 1., 0., 0., 1., 0., 1., 0., 1., 0., 1.,
           1., 1.],
          [0., 1., 0., 0., 1., 0., 1., 0., 0., 1., 0., 1., 0., 1., 0., 1., 0.,
           1., 1.],
          [0., 1., 0., 0., 1., 0., 0., 1., 0., 1., 0., 0., 1., 1., 0., 0., 0.,
           1., 0.],
          [0., 1., 1., 0., 0., 1., 0., 0., 1., 0., 0., 1., 0., 0., 1., 0., 0.,
           0., 1.],
          [1., 0., 1., 1., 0., 1., 1., 0., 1., 1., 1., 0., 0., 1., 1., 0., 0.,
           1., 0.],
          [1., 1., 0., 1., 0., 1., 0., 0., 1., 0., 0., 1., 0., 0., 0., 0., 0.,
           0., 1.],
          [1., 1., 0., 0., 0., 1., 1., 0., 0., 0., 0., 1., 1., 1., 1., 1., 1.,
           0., 1.],
          [1., 0., 1., 1., 0., 1., 0., 0., 1., 1., 0., 1., 0., 1., 1., 1., 1.,
           1., 1.],
          [1., 1., 1., 1., 1., 1., 0., 1., 0., 0., 0., 1., 1., 1., 1., 1., 1.,
           0., 1.]]]], device='cuda:0'), tensor([[0.9264]], device='cuda:0'))
2026-01-08 17:31:39 - INFO - [ 0.9938869  -0.06178848  0.00914717  0.0339628   0.00914717  0.03396281
  0.6978467  -0.46663734]
2026-01-08 17:31:39 - INFO - (tensor([[[[0., 1., 1., 0., 0., 1., 1., 1., 0., 1., 0., 1., 0., 1., 1., 1., 1.,
           0., 0.],
          [0., 1., 1., 1., 0., 0., 1., 1., 1., 1., 1., 1., 0., 0., 1., 0., 0.,
           0., 0.],
          [0., 0., 0., 0., 0., 1., 0., 0., 0., 1., 1., 0., 0., 0., 1., 0., 1.,
           0., 1.],
          [0., 0., 0., 0., 0., 0., 1., 0., 0., 0., 1., 1., 1., 0., 0., 0., 0.,
           0., 1.],
          [1., 1., 1., 0., 1., 1., 1., 0., 0., 1., 1., 1., 0., 0., 1., 0., 1.,
           1., 1.],
          [1., 0., 0., 1., 0., 1., 0., 0., 1., 1., 0., 1., 0., 1., 0., 0., 0.,
           1., 1.],
          [0., 0., 1., 1., 0., 1., 1., 0., 0., 1., 0., 0., 0., 0., 1., 1., 1.,
           1., 0.],
          [1., 0., 0., 1., 1., 1., 1., 0., 1., 1., 0., 1., 0., 1., 1., 0., 0.,
           1., 1.],
          [1., 0., 1., 1., 0., 1., 1., 1., 0., 1., 1., 0., 0., 0., 1., 0., 0.,
           1., 1.],
          [1., 0., 0., 1., 1., 0., 1., 0., 1., 1., 0., 1., 1., 0., 0., 1., 1.,
           1., 1.],
          [0., 0., 1., 0., 0., 0., 0., 1., 0., 0., 1., 0., 1., 0., 1., 0., 1.,
           1., 1.],
          [0., 1., 0., 0., 1., 0., 1., 0., 0., 1., 0., 1., 0., 1., 0., 1., 0.,
           1., 1.],
          [0., 1., 0., 0., 1., 0., 0., 1., 0., 1., 0., 0., 1., 1., 0., 0., 0.,
           1., 0.],
          [0., 1., 1., 0., 0., 1., 0., 0., 1., 0., 0., 1., 0., 0., 1., 0., 0.,
           0., 1.],
          [1., 0., 1., 1., 0., 1., 1., 0., 1., 1., 1., 0., 0., 1., 1., 0., 0.,
           1., 0.],
          [1., 1., 0., 1., 0., 1., 0., 0., 1., 0., 0., 1., 0., 0., 0., 0., 0.,
           0., 1.],
          [1., 1., 0., 0., 0., 1., 1., 0., 0., 0., 0., 1., 1., 1., 1., 1., 1.,
           0., 1.],
          [1., 0., 1., 1., 0., 1., 0., 0., 1., 1., 0., 1., 0., 1., 1., 1., 1.,
           1., 1.],
          [1., 1., 1., 1., 1., 1., 0., 1., 0., 0., 0., 1., 1., 1., 1., 1., 1.,
           0., 1.]]]], device='cuda:0'), tensor([[0.9298]], device='cuda:0'))
2026-01-08 17:31:39 - INFO - [ 0.9938785  -0.06200458  0.0092772   0.03413675  0.00927721  0.03413676
  0.69687164 -0.4683362 ]
2026-01-08 17:31:39 - INFO - (tensor([[[[0., 1., 1., 0., 0., 1., 1., 1., 0., 1., 0., 1., 0., 1., 1., 1., 1.,
           0., 0.],
          [0., 1., 1., 1., 0., 0., 1., 1., 1., 1., 1., 1., 0., 0., 1., 0., 0.,
           0., 0.],
          [0., 0., 0., 0., 0., 1., 0., 0., 0., 1., 1., 0., 0., 0., 1., 0., 1.,
           0., 1.],
          [0., 0., 0., 0., 0., 0., 1., 0., 0., 0., 1., 1., 1., 0., 0., 0., 0.,
           0., 1.],
          [1., 1., 1., 0., 1., 1., 1., 0., 0., 1., 1., 1., 0., 0., 1., 0., 1.,
           1., 1.],
          [1., 0., 0., 1., 0., 1., 0., 0., 1., 1., 0., 1., 0., 1., 0., 0., 0.,
           1., 1.],
          [0., 0., 1., 1., 0., 1., 1., 0., 0., 1., 0., 0., 0., 0., 1., 1., 1.,
           1., 0.],
          [1., 0., 0., 1., 1., 1., 1., 0., 1., 1., 0., 1., 0., 1., 1., 0., 0.,
           1., 1.],
          [1., 0., 1., 1., 0., 1., 1., 1., 0., 1., 1., 0., 0., 0., 1., 0., 0.,
           1., 1.],
          [1., 0., 0., 1., 1., 0., 1., 0., 1., 1., 0., 1., 1., 0., 0., 1., 1.,
           1., 1.],
          [0., 0., 1., 0., 0., 0., 0., 1., 0., 0., 1., 0., 1., 0., 1., 0., 1.,
           1., 1.],
          [0., 1., 0., 0., 1., 0., 1., 0., 0., 1., 0., 1., 0., 1., 0., 1., 0.,
           1., 1.],
          [0., 1., 0., 0., 1., 0., 0., 1., 0., 1., 0., 0., 1., 1., 0., 0., 0.,
           1., 0.],
          [0., 1., 1., 0., 0., 1., 0., 0., 1., 0., 0., 1., 0., 0., 1., 0., 0.,
           0., 1.],
          [1., 0., 1., 1., 0., 1., 1., 0., 1., 1., 1., 0., 0., 1., 1., 0., 0.,
           1., 0.],
          [1., 1., 0., 1., 0., 1., 0., 0., 1., 0., 0., 1., 0., 0., 0., 0., 0.,
           0., 1.],
          [1., 1., 0., 0., 0., 1., 1., 0., 0., 0., 0., 1., 1., 1., 1., 1., 1.,
           0., 1.],
          [1., 0., 1., 1., 0., 1., 0., 0., 1., 1., 0., 1., 0., 1., 1., 1., 1.,
           1., 1.],
          [1., 1., 1., 1., 1., 1., 0., 1., 0., 0., 0., 1., 1., 1., 1., 1., 1.,
           0., 1.]]]], device='cuda:0'), tensor([[0.9331]], device='cuda:0'))
2026-01-08 17:31:39 - INFO - [ 0.9938669  -0.06221966  0.00941576  0.03433118  0.00941576  0.03433117
  0.6958432  -0.47009042]
2026-01-08 17:31:39 - INFO - (tensor([[[[0., 1., 1., 0., 0., 1., 1., 1., 0., 1., 0., 1., 0., 1., 1., 1., 1.,
           0., 0.],
          [0., 1., 1., 1., 0., 0., 1., 1., 1., 1., 1., 1., 0., 0., 1., 0., 0.,
           0., 0.],
          [0., 0., 0., 0., 0., 1., 0., 0., 0., 1., 1., 0., 0., 0., 1., 0., 1.,
           0., 1.],
          [0., 0., 0., 0., 0., 0., 1., 0., 0., 0., 1., 1., 1., 0., 0., 0., 0.,
           0., 1.],
          [1., 1., 1., 0., 1., 1., 1., 0., 0., 1., 1., 1., 0., 0., 1., 0., 1.,
           1., 1.],
          [1., 0., 0., 1., 0., 1., 0., 0., 1., 1., 0., 1., 0., 1., 0., 0., 0.,
           1., 1.],
          [0., 0., 1., 1., 0., 1., 1., 0., 0., 1., 0., 0., 0., 0., 1., 1., 1.,
           1., 0.],
          [1., 0., 0., 1., 1., 1., 1., 0., 1., 1., 0., 1., 0., 1., 1., 0., 0.,
           1., 1.],
          [1., 0., 1., 1., 0., 1., 1., 1., 0., 1., 1., 0., 0., 0., 1., 0., 0.,
           1., 1.],
          [1., 0., 0., 1., 1., 0., 1., 0., 1., 1., 0., 1., 1., 0., 0., 1., 1.,
           1., 1.],
          [0., 0., 1., 0., 0., 0., 0., 1., 0., 0., 1., 0., 1., 0., 1., 0., 1.,
           1., 1.],
          [0., 1., 0., 0., 1., 0., 1., 0., 0., 1., 0., 1., 0., 1., 0., 1., 0.,
           1., 1.],
          [0., 1., 0., 0., 1., 0., 0., 1., 0., 1., 0., 0., 1., 1., 0., 0., 0.,
           1., 0.],
          [0., 1., 1., 0., 0., 1., 0., 0., 1., 0., 0., 1., 0., 0., 1., 0., 0.,
           0., 1.],
          [1., 0., 1., 1., 0., 1., 1., 0., 1., 1., 1., 0., 0., 1., 1., 0., 0.,
           1., 0.],
          [1., 1., 0., 1., 0., 1., 0., 0., 1., 0., 0., 1., 0., 0., 0., 0., 0.,
           0., 1.],
          [1., 1., 0., 0., 0., 1., 1., 0., 0., 0., 0., 1., 1., 1., 1., 1., 1.,
           0., 1.],
          [1., 0., 1., 1., 0., 1., 0., 0., 1., 1., 0., 1., 0., 1., 1., 1., 1.,
           1., 1.],
          [1., 1., 1., 1., 1., 1., 0., 1., 0., 0., 0., 1., 1., 1., 1., 1., 1.,
           0., 1.]]]], device='cuda:0'), tensor([[0.9365]], device='cuda:0'))
2026-01-08 17:31:39 - INFO - [ 0.99386275 -0.0624287   0.0095309   0.0344895   0.00953091  0.03448951
  0.6949804  -0.47158167]
2026-01-08 17:31:39 - INFO - (tensor([[[[0., 1., 1., 0., 0., 1., 1., 1., 0., 1., 0., 1., 0., 1., 1., 1., 1.,
           0., 0.],
          [0., 1., 1., 1., 0., 0., 1., 1., 1., 1., 1., 1., 0., 0., 1., 0., 0.,
           0., 0.],
          [0., 0., 0., 0., 0., 1., 0., 0., 0., 1., 1., 0., 0., 0., 1., 0., 1.,
           0., 1.],
          [0., 0., 0., 0., 0., 0., 1., 0., 0., 0., 1., 1., 1., 0., 0., 0., 0.,
           0., 1.],
          [1., 1., 1., 0., 1., 1., 1., 0., 0., 1., 1., 1., 0., 0., 1., 0., 1.,
           1., 1.],
          [1., 0., 0., 1., 0., 1., 0., 0., 1., 1., 0., 1., 0., 1., 0., 0., 0.,
           1., 1.],
          [0., 0., 1., 1., 0., 1., 1., 0., 0., 1., 0., 0., 0., 0., 1., 1., 1.,
           1., 0.],
          [1., 0., 0., 1., 1., 1., 1., 0., 1., 1., 0., 1., 0., 1., 1., 0., 0.,
           1., 1.],
          [1., 0., 1., 1., 0., 1., 1., 1., 0., 1., 1., 0., 0., 0., 1., 0., 0.,
           1., 1.],
          [1., 0., 0., 1., 1., 0., 1., 0., 1., 1., 0., 1., 1., 0., 0., 1., 1.,
           1., 1.],
          [0., 0., 1., 0., 0., 0., 0., 1., 0., 0., 1., 0., 1., 0., 1., 0., 1.,
           1., 1.],
          [0., 1., 0., 0., 1., 0., 1., 0., 0., 1., 0., 1., 0., 1., 0., 1., 0.,
           1., 1.],
          [0., 1., 0., 0., 1., 0., 0., 1., 0., 1., 0., 0., 1., 1., 0., 0., 0.,
           1., 0.],
          [0., 1., 1., 0., 0., 1., 0., 0., 1., 0., 0., 1., 0., 0., 1., 0., 0.,
           0., 1.],
          [1., 0., 1., 1., 0., 1., 1., 0., 1., 1., 1., 0., 0., 1., 1., 0., 0.,
           1., 0.],
          [1., 1., 0., 1., 0., 1., 0., 0., 1., 0., 0., 1., 0., 0., 0., 0., 0.,
           0., 1.],
          [1., 1., 0., 0., 0., 1., 1., 0., 0., 0., 0., 1., 1., 1., 1., 1., 1.,
           0., 1.],
          [1., 0., 1., 1., 0., 1., 0., 0., 1., 1., 0., 1., 0., 1., 1., 1., 1.,
           1., 1.],
          [1., 1., 1., 1., 1., 1., 0., 1., 0., 0., 0., 1., 1., 1., 1., 1., 1.,
           0., 1.]]]], device='cuda:0'), tensor([[0.9398]], device='cuda:0'))
2026-01-08 17:31:39 - INFO - [ 0.9938664  -0.06262435  0.00962987  0.03462156  0.00962988  0.03462155
  0.6942221  -0.47291896]
2026-01-08 17:31:39 - INFO - (tensor([[[[0., 1., 1., 0., 0., 1., 1., 1., 0., 1., 0., 1., 0., 1., 1., 1., 1.,
           0., 0.],
          [0., 1., 1., 1., 0., 0., 1., 1., 1., 1., 1., 1., 0., 0., 1., 0., 0.,
           0., 0.],
          [0., 0., 0., 0., 0., 1., 0., 0., 0., 1., 1., 0., 0., 0., 1., 0., 1.,
           0., 1.],
          [0., 0., 0., 0., 0., 0., 1., 0., 0., 0., 1., 1., 1., 0., 0., 0., 0.,
           0., 1.],
          [1., 1., 1., 0., 1., 1., 1., 0., 0., 1., 1., 1., 0., 0., 1., 0., 1.,
           1., 1.],
          [1., 0., 0., 1., 0., 1., 0., 0., 1., 1., 0., 1., 0., 1., 0., 0., 0.,
           1., 1.],
          [0., 0., 1., 1., 0., 1., 1., 0., 0., 1., 0., 0., 0., 0., 1., 1., 1.,
           1., 0.],
          [1., 0., 0., 1., 1., 1., 1., 0., 1., 1., 0., 1., 0., 1., 1., 0., 0.,
           1., 1.],
          [1., 0., 1., 1., 0., 1., 1., 1., 0., 1., 1., 0., 0., 0., 1., 0., 0.,
           1., 1.],
          [1., 0., 0., 1., 1., 0., 1., 0., 1., 1., 0., 1., 1., 0., 0., 1., 1.,
           1., 1.],
          [0., 0., 1., 0., 0., 0., 0., 1., 0., 0., 1., 0., 1., 0., 1., 0., 1.,
           1., 1.],
          [0., 1., 0., 0., 1., 0., 1., 0., 0., 1., 0., 1., 0., 1., 0., 1., 0.,
           1., 1.],
          [0., 1., 0., 0., 1., 0., 0., 1., 0., 1., 0., 0., 1., 1., 0., 0., 0.,
           1., 0.],
          [0., 1., 1., 0., 0., 1., 0., 0., 1., 0., 0., 1., 0., 0., 1., 0., 0.,
           0., 1.],
          [1., 0., 1., 1., 0., 1., 1., 0., 1., 1., 1., 0., 0., 1., 1., 0., 0.,
           1., 0.],
          [1., 1., 0., 1., 0., 1., 0., 0., 1., 0., 0., 1., 0., 0., 0., 0., 0.,
           0., 1.],
          [1., 1., 0., 0., 0., 1., 1., 0., 0., 0., 0., 1., 1., 1., 1., 1., 1.,
           0., 1.],
          [1., 0., 1., 1., 0., 1., 0., 0., 1., 1., 0., 1., 0., 1., 1., 1., 1.,
           1., 1.],
          [1., 1., 1., 1., 1., 1., 0., 1., 0., 0., 0., 1., 1., 1., 1., 1., 1.,
           0., 1.]]]], device='cuda:0'), tensor([[0.9431]], device='cuda:0'))
2026-01-08 17:31:39 - INFO - [ 0.9938663  -0.06282857  0.00974294  0.03475803  0.00974292  0.03475802
  0.6933267  -0.47444668]
2026-01-08 17:31:39 - INFO - (tensor([[[[0., 1., 1., 0., 0., 1., 1., 1., 0., 1., 0., 1., 0., 1., 1., 1., 1.,
           0., 0.],
          [0., 1., 1., 1., 0., 0., 1., 1., 1., 1., 1., 1., 0., 0., 1., 0., 0.,
           0., 0.],
          [0., 0., 0., 0., 0., 1., 0., 0., 0., 1., 1., 0., 0., 0., 1., 0., 1.,
           0., 1.],
          [0., 0., 0., 0., 0., 0., 1., 0., 0., 0., 1., 1., 1., 0., 0., 0., 0.,
           0., 1.],
          [1., 1., 1., 0., 1., 1., 1., 0., 0., 1., 1., 1., 0., 0., 1., 0., 1.,
           1., 1.],
          [1., 0., 0., 1., 0., 1., 0., 0., 1., 1., 0., 1., 0., 1., 0., 0., 0.,
           1., 1.],
          [0., 0., 1., 1., 0., 1., 1., 0., 0., 1., 0., 0., 0., 0., 1., 1., 1.,
           1., 0.],
          [1., 0., 0., 1., 1., 1., 1., 0., 1., 1., 0., 1., 0., 1., 1., 0., 0.,
           1., 1.],
          [1., 0., 1., 1., 0., 1., 1., 1., 0., 1., 1., 0., 0., 0., 1., 0., 0.,
           1., 1.],
          [1., 0., 0., 1., 1., 0., 1., 0., 1., 1., 0., 1., 1., 0., 0., 1., 1.,
           1., 1.],
          [0., 0., 1., 0., 0., 0., 0., 1., 0., 0., 1., 0., 1., 0., 1., 0., 1.,
           1., 1.],
          [0., 1., 0., 0., 1., 0., 1., 0., 0., 1., 0., 1., 0., 1., 0., 1., 0.,
           1., 1.],
          [0., 1., 0., 0., 1., 0., 0., 1., 0., 1., 0., 0., 1., 1., 0., 0., 0.,
           1., 0.],
          [0., 1., 1., 0., 0., 1., 0., 0., 1., 0., 0., 1., 0., 0., 1., 0., 0.,
           0., 1.],
          [1., 0., 1., 1., 0., 1., 1., 0., 1., 1., 1., 0., 0., 1., 1., 0., 0.,
           1., 0.],
          [1., 1., 0., 1., 0., 1., 0., 0., 1., 0., 0., 1., 0., 0., 0., 0., 0.,
           0., 1.],
          [1., 1., 0., 0., 0., 1., 1., 0., 0., 0., 0., 1., 1., 1., 1., 1., 1.,
           0., 1.],
          [1., 0., 1., 1., 0., 1., 0., 0., 1., 1., 0., 1., 0., 1., 1., 1., 1.,
           1., 1.],
          [1., 1., 1., 1., 1., 1., 0., 1., 0., 0., 0., 1., 1., 1., 1., 1., 1.,
           0., 1.]]]], device='cuda:0'), tensor([[0.9465]], device='cuda:0'))
2026-01-08 17:31:39 - INFO - [ 0.9938604  -0.06306513  0.00986356  0.03490287  0.00986356  0.03490287
  0.69223565 -0.47619215]
2026-01-08 17:31:39 - INFO - (tensor([[[[0., 1., 1., 0., 0., 1., 1., 1., 0., 1., 0., 1., 0., 1., 1., 1., 1.,
           0., 0.],
          [0., 1., 1., 1., 0., 0., 1., 1., 1., 1., 1., 1., 0., 0., 1., 0., 0.,
           0., 0.],
          [0., 0., 0., 0., 0., 1., 0., 0., 0., 1., 1., 0., 0., 0., 1., 0., 1.,
           0., 1.],
          [0., 0., 0., 0., 0., 0., 1., 0., 0., 0., 1., 1., 1., 0., 0., 0., 0.,
           0., 1.],
          [1., 1., 1., 0., 1., 1., 1., 0., 0., 1., 1., 1., 0., 0., 1., 0., 1.,
           1., 1.],
          [1., 0., 0., 1., 0., 1., 0., 0., 1., 1., 0., 1., 0., 1., 0., 0., 0.,
           1., 1.],
          [0., 0., 1., 1., 0., 1., 1., 0., 0., 1., 0., 0., 0., 0., 1., 1., 1.,
           1., 0.],
          [1., 0., 0., 1., 1., 1., 1., 0., 1., 1., 0., 1., 0., 1., 1., 0., 0.,
           1., 1.],
          [1., 0., 1., 1., 0., 1., 1., 1., 0., 1., 1., 0., 0., 0., 1., 0., 0.,
           1., 1.],
          [1., 0., 0., 1., 1., 0., 1., 0., 1., 1., 0., 1., 1., 0., 0., 1., 1.,
           1., 1.],
          [0., 0., 1., 0., 0., 0., 0., 1., 0., 0., 1., 0., 1., 0., 1., 0., 1.,
           1., 1.],
          [0., 1., 0., 0., 1., 0., 1., 0., 0., 1., 0., 1., 0., 1., 0., 1., 0.,
           1., 1.],
          [0., 1., 0., 0., 1., 0., 0., 1., 0., 1., 0., 0., 1., 1., 0., 0., 0.,
           1., 0.],
          [0., 1., 1., 0., 0., 1., 0., 0., 1., 0., 0., 1., 0., 0., 1., 0., 0.,
           0., 1.],
          [1., 0., 1., 1., 0., 1., 1., 0., 1., 1., 1., 0., 0., 1., 1., 0., 0.,
           1., 0.],
          [1., 1., 0., 1., 0., 1., 0., 0., 1., 0., 0., 1., 0., 0., 0., 0., 0.,
           0., 1.],
          [1., 1., 0., 0., 0., 1., 1., 0., 0., 0., 0., 1., 1., 1., 1., 1., 1.,
           0., 1.],
          [1., 0., 1., 1., 0., 1., 0., 0., 1., 1., 0., 1., 0., 1., 1., 1., 1.,
           1., 1.],
          [1., 1., 1., 1., 1., 1., 0., 1., 0., 0., 0., 1., 1., 1., 1., 1., 1.,
           0., 1.]]]], device='cuda:0'), tensor([[0.9498]], device='cuda:0'))
2026-01-08 17:31:39 - INFO - [ 0.9938549  -0.06331003  0.00998561  0.03505424  0.00998562  0.03505426
  0.6911427  -0.47794387]
2026-01-08 17:31:39 - INFO - (tensor([[[[0., 1., 1., 0., 0., 1., 1., 1., 0., 1., 0., 1., 0., 1., 1., 1., 1.,
           0., 0.],
          [0., 1., 1., 1., 0., 0., 1., 1., 1., 1., 1., 1., 0., 0., 1., 0., 0.,
           0., 0.],
          [0., 0., 0., 0., 0., 1., 0., 0., 0., 1., 1., 0., 0., 0., 1., 0., 1.,
           0., 1.],
          [0., 0., 0., 0., 0., 0., 1., 0., 0., 0., 1., 1., 1., 0., 0., 0., 0.,
           0., 1.],
          [1., 1., 1., 0., 1., 1., 1., 0., 0., 1., 1., 1., 0., 0., 1., 0., 1.,
           1., 1.],
          [1., 0., 0., 1., 0., 1., 0., 0., 1., 1., 0., 1., 0., 1., 0., 0., 0.,
           1., 1.],
          [0., 0., 1., 1., 0., 1., 1., 0., 0., 1., 0., 0., 0., 0., 1., 1., 1.,
           1., 0.],
          [1., 0., 0., 1., 1., 1., 1., 0., 1., 1., 0., 1., 0., 1., 1., 0., 0.,
           1., 1.],
          [1., 0., 1., 1., 0., 1., 1., 1., 0., 1., 1., 0., 0., 0., 1., 0., 0.,
           1., 1.],
          [1., 0., 0., 1., 1., 0., 1., 0., 1., 1., 0., 1., 1., 0., 0., 1., 1.,
           1., 1.],
          [0., 0., 1., 0., 0., 0., 0., 1., 0., 0., 1., 0., 1., 0., 1., 0., 1.,
           1., 1.],
          [0., 1., 0., 0., 1., 0., 1., 0., 0., 1., 0., 1., 0., 1., 0., 1., 0.,
           1., 1.],
          [0., 1., 0., 0., 1., 0., 0., 1., 0., 1., 0., 0., 1., 1., 0., 0., 0.,
           1., 0.],
          [0., 1., 1., 0., 0., 1., 0., 0., 1., 0., 0., 1., 0., 0., 1., 0., 0.,
           0., 1.],
          [1., 0., 1., 1., 0., 1., 1., 0., 1., 1., 1., 0., 0., 1., 1., 0., 0.,
           1., 0.],
          [1., 1., 0., 1., 0., 1., 0., 0., 1., 0., 0., 1., 0., 0., 0., 0., 0.,
           0., 1.],
          [1., 1., 0., 0., 0., 1., 1., 0., 0., 0., 0., 1., 1., 1., 1., 1., 1.,
           0., 1.],
          [1., 0., 1., 1., 0., 1., 0., 0., 1., 1., 0., 1., 0., 1., 1., 1., 1.,
           1., 1.],
          [1., 1., 1., 1., 1., 1., 0., 1., 0., 0., 0., 1., 1., 1., 1., 1., 1.,
           0., 1.]]]], device='cuda:0'), tensor([[0.9532]], device='cuda:0'))
2026-01-08 17:31:39 - INFO - [ 0.9938578  -0.06352219  0.0100823   0.03518026  0.01008229  0.03518026
  0.6902978  -0.4793533 ]
2026-01-08 17:31:39 - INFO - (tensor([[[[0., 1., 1., 0., 0., 1., 1., 1., 0., 1., 0., 1., 0., 1., 1., 1., 1.,
           0., 0.],
          [0., 1., 1., 1., 0., 0., 1., 1., 1., 1., 1., 1., 0., 0., 1., 0., 0.,
           0., 0.],
          [0., 0., 0., 0., 0., 1., 0., 0., 0., 1., 1., 0., 0., 0., 1., 0., 1.,
           0., 1.],
          [0., 0., 0., 0., 0., 0., 1., 0., 0., 0., 1., 1., 1., 0., 0., 0., 0.,
           0., 1.],
          [1., 1., 1., 0., 1., 1., 1., 0., 0., 1., 1., 1., 0., 0., 1., 0., 1.,
           1., 1.],
          [1., 0., 0., 1., 0., 1., 0., 0., 1., 1., 0., 1., 0., 1., 0., 0., 0.,
           1., 1.],
          [0., 0., 1., 1., 0., 1., 1., 0., 0., 1., 0., 0., 0., 0., 1., 1., 1.,
           1., 0.],
          [1., 0., 0., 1., 1., 1., 1., 0., 1., 1., 0., 1., 0., 1., 1., 0., 0.,
           1., 1.],
          [1., 0., 1., 1., 0., 1., 1., 1., 0., 1., 1., 0., 0., 0., 1., 0., 0.,
           1., 1.],
          [1., 0., 0., 1., 1., 0., 1., 0., 1., 1., 0., 1., 1., 0., 0., 1., 1.,
           1., 1.],
          [0., 0., 1., 0., 0., 0., 0., 1., 0., 0., 1., 0., 1., 0., 1., 0., 1.,
           1., 1.],
          [0., 1., 0., 0., 1., 0., 1., 0., 0., 1., 0., 1., 0., 1., 0., 1., 0.,
           1., 1.],
          [0., 1., 0., 0., 1., 0., 0., 1., 0., 1., 0., 0., 1., 1., 0., 0., 0.,
           1., 0.],
          [0., 1., 1., 0., 0., 1., 0., 0., 1., 0., 0., 1., 0., 0., 1., 0., 0.,
           0., 1.],
          [1., 0., 1., 1., 0., 1., 1., 0., 1., 1., 1., 0., 0., 1., 1., 0., 0.,
           1., 0.],
          [1., 1., 0., 1., 0., 1., 0., 0., 1., 0., 0., 1., 0., 0., 0., 0., 0.,
           0., 1.],
          [1., 1., 0., 0., 0., 1., 1., 0., 0., 0., 0., 1., 1., 1., 1., 1., 1.,
           0., 1.],
          [1., 0., 1., 1., 0., 1., 0., 0., 1., 1., 0., 1., 0., 1., 1., 1., 1.,
           1., 1.],
          [1., 1., 1., 1., 1., 1., 0., 1., 0., 0., 0., 1., 1., 1., 1., 1., 1.,
           0., 1.]]]], device='cuda:0'), tensor([[0.9565]], device='cuda:0'))
2026-01-08 17:31:39 - INFO - [ 0.9938599  -0.06373211  0.01017358  0.03529618  0.01017359  0.03529618
  0.6895019  -0.48068488]
2026-01-08 17:31:39 - INFO - (tensor([[[[0., 1., 1., 0., 0., 1., 1., 1., 0., 1., 0., 1., 0., 1., 1., 1., 1.,
           0., 0.],
          [0., 1., 1., 1., 0., 0., 1., 1., 1., 1., 1., 1., 0., 0., 1., 0., 0.,
           0., 0.],
          [0., 0., 0., 0., 0., 1., 0., 0., 0., 1., 1., 0., 0., 0., 1., 0., 1.,
           0., 1.],
          [0., 0., 0., 0., 0., 0., 1., 0., 0., 0., 1., 1., 1., 0., 0., 0., 0.,
           0., 1.],
          [1., 1., 1., 0., 1., 1., 1., 0., 0., 1., 1., 1., 0., 0., 1., 0., 1.,
           1., 1.],
          [1., 0., 0., 1., 0., 1., 0., 0., 1., 1., 0., 1., 0., 1., 0., 0., 0.,
           1., 1.],
          [0., 0., 1., 1., 0., 1., 1., 0., 0., 1., 0., 0., 0., 0., 1., 1., 1.,
           1., 0.],
          [1., 0., 0., 1., 1., 1., 1., 0., 1., 1., 0., 1., 0., 1., 1., 0., 0.,
           1., 1.],
          [1., 0., 1., 1., 0., 1., 1., 1., 0., 1., 1., 0., 0., 0., 1., 0., 0.,
           1., 1.],
          [1., 0., 0., 1., 1., 0., 1., 0., 1., 1., 0., 1., 1., 0., 0., 1., 1.,
           1., 1.],
          [0., 0., 1., 0., 0., 0., 0., 1., 0., 0., 1., 0., 1., 0., 1., 0., 1.,
           1., 1.],
          [0., 1., 0., 0., 1., 0., 1., 0., 0., 1., 0., 1., 0., 1., 0., 1., 0.,
           1., 1.],
          [0., 1., 0., 0., 1., 0., 0., 1., 0., 1., 0., 0., 1., 1., 0., 0., 0.,
           1., 0.],
          [0., 1., 1., 0., 0., 1., 0., 0., 1., 0., 0., 1., 0., 0., 1., 0., 0.,
           0., 1.],
          [1., 0., 1., 1., 0., 1., 1., 0., 1., 1., 1., 0., 0., 1., 1., 0., 0.,
           1., 0.],
          [1., 1., 0., 1., 0., 1., 0., 0., 1., 0., 0., 1., 0., 0., 0., 0., 0.,
           0., 1.],
          [1., 1., 0., 0., 0., 1., 1., 0., 0., 0., 0., 1., 1., 1., 1., 1., 1.,
           0., 1.],
          [1., 0., 1., 1., 0., 1., 0., 0., 1., 1., 0., 1., 0., 1., 1., 1., 1.,
           1., 1.],
          [1., 1., 1., 1., 1., 1., 0., 1., 0., 0., 0., 1., 1., 1., 1., 1., 1.,
           0., 1.]]]], device='cuda:0'), tensor([[0.9599]], device='cuda:0'))
2026-01-08 17:31:39 - INFO - [ 0.9938586  -0.06395964  0.01027528  0.03542284  0.01027528  0.03542284
  0.68861365 -0.4821311 ]
2026-01-08 17:31:40 - INFO - (tensor([[[[0., 1., 1., 0., 0., 1., 1., 1., 0., 1., 0., 1., 0., 1., 1., 1., 1.,
           0., 0.],
          [0., 1., 1., 1., 0., 0., 1., 1., 1., 1., 1., 1., 0., 0., 1., 0., 0.,
           0., 0.],
          [0., 0., 0., 0., 0., 1., 0., 0., 0., 1., 1., 0., 0., 0., 1., 0., 1.,
           0., 1.],
          [0., 0., 0., 0., 0., 0., 1., 0., 0., 0., 1., 1., 1., 0., 0., 0., 0.,
           0., 1.],
          [1., 1., 1., 0., 1., 1., 1., 0., 0., 1., 1., 1., 0., 0., 1., 0., 1.,
           1., 1.],
          [1., 0., 0., 1., 0., 1., 0., 0., 1., 1., 0., 1., 0., 1., 0., 0., 0.,
           1., 1.],
          [0., 0., 1., 1., 0., 1., 1., 0., 0., 1., 0., 0., 0., 0., 1., 1., 1.,
           1., 0.],
          [1., 0., 0., 1., 1., 1., 1., 0., 1., 1., 0., 1., 0., 1., 1., 0., 0.,
           1., 1.],
          [1., 0., 1., 1., 0., 1., 1., 1., 0., 1., 1., 0., 0., 0., 1., 0., 0.,
           1., 1.],
          [1., 0., 0., 1., 1., 0., 1., 0., 1., 1., 0., 1., 1., 0., 0., 1., 1.,
           1., 1.],
          [0., 0., 1., 0., 0., 0., 0., 1., 0., 0., 1., 0., 1., 0., 1., 0., 1.,
           1., 1.],
          [0., 1., 0., 0., 1., 0., 1., 0., 0., 1., 0., 1., 0., 1., 0., 1., 0.,
           1., 1.],
          [0., 1., 0., 0., 1., 0., 0., 1., 0., 1., 0., 0., 1., 1., 0., 0., 0.,
           1., 0.],
          [0., 1., 1., 0., 0., 1., 0., 0., 1., 0., 0., 1., 0., 0., 1., 0., 0.,
           0., 1.],
          [1., 0., 1., 1., 0., 1., 1., 0., 1., 1., 1., 0., 0., 1., 1., 0., 0.,
           1., 0.],
          [1., 1., 0., 1., 0., 1., 0., 0., 1., 0., 0., 1., 0., 0., 0., 0., 0.,
           0., 1.],
          [1., 1., 0., 0., 0., 1., 1., 0., 0., 0., 0., 1., 1., 1., 1., 1., 1.,
           0., 1.],
          [1., 0., 1., 1., 0., 1., 0., 0., 1., 1., 0., 1., 0., 1., 1., 1., 1.,
           1., 1.],
          [1., 1., 1., 1., 1., 1., 0., 1., 0., 0., 0., 1., 1., 1., 1., 1., 1.,
           0., 1.]]]], device='cuda:0'), tensor([[0.9632]], device='cuda:0'))
2026-01-08 17:31:40 - INFO - [ 0.9938561  -0.06423414  0.01039723  0.03557716  0.01039722  0.03557716
  0.6875326  -0.48386934]
2026-01-08 17:31:40 - INFO - (tensor([[[[0., 1., 1., 0., 0., 1., 1., 1., 0., 1., 0., 1., 0., 1., 1., 1., 1.,
           0., 0.],
          [0., 1., 1., 1., 0., 0., 1., 1., 1., 1., 1., 1., 0., 0., 1., 0., 0.,
           0., 0.],
          [0., 0., 0., 0., 0., 1., 0., 0., 0., 1., 1., 0., 0., 0., 1., 0., 1.,
           0., 1.],
          [0., 0., 0., 0., 0., 0., 1., 0., 0., 0., 1., 1., 1., 0., 0., 0., 0.,
           0., 1.],
          [1., 1., 1., 0., 1., 1., 1., 0., 0., 1., 1., 1., 0., 0., 1., 0., 1.,
           1., 1.],
          [1., 0., 0., 1., 0., 1., 0., 0., 1., 1., 0., 1., 0., 1., 0., 0., 0.,
           1., 1.],
          [0., 0., 1., 1., 0., 1., 1., 0., 0., 1., 0., 0., 0., 0., 1., 1., 1.,
           1., 0.],
          [1., 0., 0., 1., 1., 1., 1., 0., 1., 1., 0., 1., 0., 1., 1., 0., 0.,
           1., 1.],
          [1., 0., 1., 1., 0., 1., 1., 1., 0., 1., 1., 0., 0., 0., 1., 0., 0.,
           1., 1.],
          [1., 0., 0., 1., 1., 0., 1., 0., 1., 1., 0., 1., 1., 0., 0., 1., 1.,
           1., 1.],
          [0., 0., 1., 0., 0., 0., 0., 1., 0., 0., 1., 0., 1., 0., 1., 0., 1.,
           1., 1.],
          [0., 1., 0., 0., 1., 0., 1., 0., 0., 1., 0., 1., 0., 1., 0., 1., 0.,
           1., 1.],
          [0., 1., 0., 0., 1., 0., 0., 1., 0., 1., 0., 0., 1., 1., 0., 0., 0.,
           1., 0.],
          [0., 1., 1., 0., 0., 1., 0., 0., 1., 0., 0., 1., 0., 0., 1., 0., 0.,
           0., 1.],
          [1., 0., 1., 1., 0., 1., 1., 0., 1., 1., 1., 0., 0., 1., 1., 0., 0.,
           1., 0.],
          [1., 1., 0., 1., 0., 1., 0., 0., 1., 0., 0., 1., 0., 0., 0., 0., 0.,
           0., 1.],
          [1., 1., 0., 0., 0., 1., 1., 0., 0., 0., 0., 1., 1., 1., 1., 1., 1.,
           0., 1.],
          [1., 0., 1., 1., 0., 1., 0., 0., 1., 1., 0., 1., 0., 1., 1., 1., 1.,
           1., 1.],
          [1., 1., 1., 1., 1., 1., 0., 1., 0., 0., 0., 1., 1., 1., 1., 1., 1.,
           0., 1.]]]], device='cuda:0'), tensor([[0.9666]], device='cuda:0'))
2026-01-08 17:31:40 - INFO - [ 0.99385476 -0.06451255  0.01052726  0.03574277  0.01052726  0.03574278
  0.686448   -0.4856222 ]
2026-01-08 17:31:40 - INFO - (tensor([[[[0., 1., 1., 0., 0., 1., 1., 1., 0., 1., 0., 1., 0., 1., 1., 1., 1.,
           0., 0.],
          [0., 1., 1., 1., 0., 0., 1., 1., 1., 1., 1., 1., 0., 0., 1., 0., 0.,
           0., 0.],
          [0., 0., 0., 0., 0., 1., 0., 0., 0., 1., 1., 0., 0., 0., 1., 0., 1.,
           0., 1.],
          [0., 0., 0., 0., 0., 0., 1., 0., 0., 0., 1., 1., 1., 0., 0., 0., 0.,
           0., 1.],
          [1., 1., 1., 0., 1., 1., 1., 0., 0., 1., 1., 1., 0., 0., 1., 0., 1.,
           1., 1.],
          [1., 0., 0., 1., 0., 1., 0., 0., 1., 1., 0., 1., 0., 1., 0., 0., 0.,
           1., 1.],
          [0., 0., 1., 1., 0., 1., 1., 0., 0., 1., 0., 0., 0., 0., 1., 1., 1.,
           1., 0.],
          [1., 0., 0., 1., 1., 1., 1., 0., 1., 1., 0., 1., 0., 1., 1., 0., 0.,
           1., 1.],
          [1., 0., 1., 1., 0., 1., 1., 1., 0., 1., 1., 0., 0., 0., 1., 0., 0.,
           1., 1.],
          [1., 0., 0., 1., 1., 0., 1., 0., 1., 1., 0., 1., 1., 0., 0., 1., 1.,
           1., 1.],
          [0., 0., 1., 0., 0., 0., 0., 1., 0., 0., 1., 0., 1., 0., 1., 0., 1.,
           1., 1.],
          [0., 1., 0., 0., 1., 0., 1., 0., 0., 1., 0., 1., 0., 1., 0., 1., 0.,
           1., 1.],
          [0., 1., 0., 0., 1., 0., 0., 1., 0., 1., 0., 0., 1., 1., 0., 0., 0.,
           1., 0.],
          [0., 1., 1., 0., 0., 1., 0., 0., 1., 0., 0., 1., 0., 0., 1., 0., 0.,
           0., 1.],
          [1., 0., 1., 1., 0., 1., 1., 0., 1., 1., 1., 0., 0., 1., 1., 0., 0.,
           1., 0.],
          [1., 1., 0., 1., 0., 1., 0., 0., 1., 0., 0., 1., 0., 0., 0., 0., 0.,
           0., 1.],
          [1., 1., 0., 0., 0., 1., 1., 0., 0., 0., 0., 1., 1., 1., 1., 1., 1.,
           0., 1.],
          [1., 0., 1., 1., 0., 1., 0., 0., 1., 1., 0., 1., 0., 1., 1., 1., 1.,
           1., 1.],
          [1., 1., 1., 1., 1., 1., 0., 1., 0., 0., 0., 1., 1., 1., 1., 1., 1.,
           0., 1.]]]], device='cuda:0'), tensor([[0.9699]], device='cuda:0'))
2026-01-08 17:31:40 - INFO - [ 0.99385357 -0.06479897  0.01066062  0.03591312  0.01066063  0.03591313
  0.68533075 -0.48742315]
2026-01-08 17:31:40 - INFO - (tensor([[[[0., 1., 1., 0., 0., 1., 1., 1., 0., 1., 0., 1., 0., 1., 1., 1., 1.,
           0., 0.],
          [0., 1., 1., 1., 0., 0., 1., 1., 1., 1., 1., 1., 0., 0., 1., 0., 0.,
           0., 0.],
          [0., 0., 0., 0., 0., 1., 0., 0., 0., 1., 1., 0., 0., 0., 1., 0., 1.,
           0., 1.],
          [0., 0., 0., 0., 0., 0., 1., 0., 0., 0., 1., 1., 1., 0., 0., 0., 0.,
           0., 1.],
          [1., 1., 1., 0., 1., 1., 1., 0., 0., 1., 1., 1., 0., 0., 1., 0., 1.,
           1., 1.],
          [1., 0., 0., 1., 0., 1., 0., 0., 1., 1., 0., 1., 0., 1., 0., 0., 0.,
           1., 1.],
          [0., 0., 1., 1., 0., 1., 1., 0., 0., 1., 0., 0., 0., 0., 1., 1., 1.,
           1., 0.],
          [1., 0., 0., 1., 1., 1., 1., 0., 1., 1., 0., 1., 0., 1., 1., 0., 0.,
           1., 1.],
          [1., 0., 1., 1., 0., 1., 1., 1., 0., 1., 1., 0., 0., 0., 1., 0., 0.,
           1., 1.],
          [1., 0., 0., 1., 1., 0., 1., 0., 1., 1., 0., 1., 1., 0., 0., 1., 1.,
           1., 1.],
          [0., 0., 1., 0., 0., 0., 0., 1., 0., 0., 1., 0., 1., 0., 1., 0., 1.,
           1., 1.],
          [0., 1., 0., 0., 1., 0., 1., 0., 0., 1., 0., 1., 0., 1., 0., 1., 0.,
           1., 1.],
          [0., 1., 0., 0., 1., 0., 0., 1., 0., 1., 0., 0., 1., 1., 0., 0., 0.,
           1., 0.],
          [0., 1., 1., 0., 0., 1., 0., 0., 1., 0., 0., 1., 0., 0., 1., 0., 0.,
           0., 1.],
          [1., 0., 1., 1., 0., 1., 1., 0., 1., 1., 1., 0., 0., 1., 1., 0., 0.,
           1., 0.],
          [1., 1., 0., 1., 0., 1., 0., 0., 1., 0., 0., 1., 0., 0., 0., 0., 0.,
           0., 1.],
          [1., 1., 0., 0., 0., 1., 1., 0., 0., 0., 0., 1., 1., 1., 1., 1., 1.,
           0., 1.],
          [1., 0., 1., 1., 0., 1., 0., 0., 1., 1., 0., 1., 0., 1., 1., 1., 1.,
           1., 1.],
          [1., 1., 1., 1., 1., 1., 0., 1., 0., 0., 0., 1., 1., 1., 1., 1., 1.,
           0., 1.]]]], device='cuda:0'), tensor([[0.9732]], device='cuda:0'))
2026-01-08 17:31:40 - INFO - [ 0.9938524  -0.06505636  0.01077612  0.03606729  0.01077612  0.03606728
  0.68433553 -0.48906684]
2026-01-08 17:31:40 - INFO - (tensor([[[[0., 1., 1., 0., 0., 1., 1., 1., 0., 1., 0., 1., 0., 1., 1., 1., 1.,
           0., 0.],
          [0., 1., 1., 1., 0., 0., 1., 1., 1., 1., 1., 1., 0., 0., 1., 0., 0.,
           0., 0.],
          [0., 0., 0., 0., 0., 1., 0., 0., 0., 1., 1., 0., 0., 0., 1., 0., 1.,
           0., 1.],
          [0., 0., 0., 0., 0., 0., 1., 0., 0., 0., 1., 1., 1., 0., 0., 0., 0.,
           0., 1.],
          [1., 1., 1., 0., 1., 1., 1., 0., 0., 1., 1., 1., 0., 0., 1., 0., 1.,
           1., 1.],
          [1., 0., 0., 1., 0., 1., 0., 0., 1., 1., 0., 1., 0., 1., 0., 0., 0.,
           1., 1.],
          [0., 0., 1., 1., 0., 1., 1., 0., 0., 1., 0., 0., 0., 0., 1., 1., 1.,
           1., 0.],
          [1., 0., 0., 1., 1., 1., 1., 0., 1., 1., 0., 1., 0., 1., 1., 0., 0.,
           1., 1.],
          [1., 0., 1., 1., 0., 1., 1., 1., 0., 1., 1., 0., 0., 0., 1., 0., 0.,
           1., 1.],
          [1., 0., 0., 1., 1., 0., 1., 0., 1., 1., 0., 1., 1., 0., 0., 1., 1.,
           1., 1.],
          [0., 0., 1., 0., 0., 0., 0., 1., 0., 0., 1., 0., 1., 0., 1., 0., 1.,
           1., 1.],
          [0., 1., 0., 0., 1., 0., 1., 0., 0., 1., 0., 1., 0., 1., 0., 1., 0.,
           1., 1.],
          [0., 1., 0., 0., 1., 0., 0., 1., 0., 1., 0., 0., 1., 1., 0., 0., 0.,
           1., 0.],
          [0., 1., 1., 0., 0., 1., 0., 0., 1., 0., 0., 1., 0., 0., 1., 0., 0.,
           0., 1.],
          [1., 0., 1., 1., 0., 1., 1., 0., 1., 1., 1., 0., 0., 1., 1., 0., 0.,
           1., 0.],
          [1., 1., 0., 1., 0., 1., 0., 0., 1., 0., 0., 1., 0., 0., 0., 0., 0.,
           0., 1.],
          [1., 1., 0., 0., 0., 1., 1., 0., 0., 0., 0., 1., 1., 1., 1., 1., 1.,
           0., 1.],
          [1., 0., 1., 1., 0., 1., 0., 0., 1., 1., 0., 1., 0., 1., 1., 1., 1.,
           1., 1.],
          [1., 1., 1., 1., 1., 1., 0., 1., 0., 0., 0., 1., 1., 1., 1., 1., 1.,
           0., 1.]]]], device='cuda:0'), tensor([[0.9766]], device='cuda:0'))
2026-01-08 17:31:40 - INFO - [ 0.99383473 -0.06519261  0.0108179   0.03613532  0.0108179   0.03613531
  0.6838665  -0.4899849 ]
2026-01-08 17:31:40 - INFO - (tensor([[[[0., 1., 1., 0., 0., 1., 1., 1., 0., 1., 0., 1., 0., 1., 1., 1., 1.,
           0., 0.],
          [0., 1., 1., 1., 0., 0., 1., 1., 1., 1., 1., 1., 0., 0., 1., 0., 0.,
           0., 0.],
          [0., 0., 0., 0., 0., 1., 0., 0., 0., 1., 1., 0., 0., 0., 1., 0., 1.,
           0., 1.],
          [0., 0., 0., 0., 0., 0., 1., 0., 0., 0., 1., 1., 1., 0., 0., 0., 0.,
           0., 1.],
          [1., 1., 1., 0., 1., 1., 1., 0., 0., 1., 1., 1., 0., 0., 1., 0., 1.,
           1., 1.],
          [1., 0., 0., 1., 0., 1., 0., 0., 1., 1., 0., 1., 0., 1., 0., 0., 0.,
           1., 1.],
          [0., 0., 1., 1., 0., 1., 1., 0., 0., 1., 0., 0., 0., 0., 1., 1., 1.,
           1., 0.],
          [1., 0., 0., 1., 1., 1., 1., 0., 1., 1., 0., 1., 0., 1., 1., 0., 0.,
           1., 1.],
          [1., 0., 1., 1., 0., 1., 1., 1., 0., 1., 1., 0., 0., 0., 1., 0., 0.,
           1., 1.],
          [1., 0., 0., 1., 1., 0., 1., 0., 1., 1., 0., 1., 1., 0., 0., 1., 1.,
           1., 1.],
          [0., 0., 1., 0., 0., 0., 0., 1., 0., 0., 1., 0., 1., 0., 1., 0., 1.,
           1., 1.],
          [0., 1., 0., 0., 1., 0., 1., 0., 0., 1., 0., 1., 0., 1., 0., 1., 0.,
           1., 1.],
          [0., 1., 0., 0., 1., 0., 0., 1., 0., 1., 0., 0., 1., 1., 0., 0., 0.,
           1., 0.],
          [0., 1., 1., 0., 0., 1., 0., 0., 1., 0., 0., 1., 0., 0., 1., 0., 0.,
           0., 1.],
          [1., 0., 1., 1., 0., 1., 1., 0., 1., 1., 1., 0., 0., 1., 1., 0., 0.,
           1., 0.],
          [1., 1., 0., 1., 0., 1., 0., 0., 1., 0., 0., 1., 0., 0., 0., 0., 0.,
           0., 1.],
          [1., 1., 0., 0., 0., 1., 1., 0., 0., 0., 0., 1., 1., 1., 1., 1., 1.,
           0., 1.],
          [1., 0., 1., 1., 0., 1., 0., 0., 1., 1., 0., 1., 0., 1., 1., 1., 1.,
           1., 1.],
          [1., 1., 1., 1., 1., 1., 0., 1., 0., 0., 0., 1., 1., 1., 1., 1., 1.,
           0., 1.]]]], device='cuda:0'), tensor([[0.9799]], device='cuda:0'))
2026-01-08 17:31:40 - INFO - [ 0.9938156  -0.06536307  0.0108804   0.03623368  0.0108804   0.03623367
  0.6832433  -0.4911882 ]
2026-01-08 17:31:40 - INFO - (tensor([[[[0., 1., 1., 0., 0., 1., 1., 1., 0., 1., 0., 1., 0., 1., 1., 1., 1.,
           0., 0.],
          [0., 1., 1., 1., 0., 0., 1., 1., 1., 1., 1., 1., 0., 0., 1., 0., 0.,
           0., 0.],
          [0., 0., 0., 0., 0., 1., 0., 0., 0., 1., 1., 0., 0., 0., 1., 0., 1.,
           0., 1.],
          [0., 0., 0., 0., 0., 0., 1., 0., 0., 0., 1., 1., 1., 0., 0., 0., 0.,
           0., 1.],
          [1., 1., 1., 0., 1., 1., 1., 0., 0., 1., 1., 1., 0., 0., 1., 0., 1.,
           1., 1.],
          [1., 0., 0., 1., 0., 1., 0., 0., 1., 1., 0., 1., 0., 1., 0., 0., 0.,
           1., 1.],
          [0., 0., 1., 1., 0., 1., 1., 0., 0., 1., 0., 0., 0., 0., 1., 1., 1.,
           1., 0.],
          [1., 0., 0., 1., 1., 1., 1., 0., 1., 1., 0., 1., 0., 1., 1., 0., 0.,
           1., 1.],
          [1., 0., 1., 1., 0., 1., 1., 1., 0., 1., 1., 0., 0., 0., 1., 0., 0.,
           1., 1.],
          [1., 0., 0., 1., 1., 0., 1., 0., 1., 1., 0., 1., 1., 0., 0., 1., 1.,
           1., 1.],
          [0., 0., 1., 0., 0., 0., 0., 1., 0., 0., 1., 0., 1., 0., 1., 0., 1.,
           1., 1.],
          [0., 1., 0., 0., 1., 0., 1., 0., 0., 1., 0., 1., 0., 1., 0., 1., 0.,
           1., 1.],
          [0., 1., 0., 0., 1., 0., 0., 1., 0., 1., 0., 0., 1., 1., 0., 0., 0.,
           1., 0.],
          [0., 1., 1., 0., 0., 1., 0., 0., 1., 0., 0., 1., 0., 0., 1., 0., 0.,
           0., 1.],
          [1., 0., 1., 1., 0., 1., 1., 0., 1., 1., 1., 0., 0., 1., 1., 0., 0.,
           1., 0.],
          [1., 1., 0., 1., 0., 1., 0., 0., 1., 0., 0., 1., 0., 0., 0., 0., 0.,
           0., 1.],
          [1., 1., 0., 0., 0., 1., 1., 0., 0., 0., 0., 1., 1., 1., 1., 1., 1.,
           0., 1.],
          [1., 0., 1., 1., 0., 1., 0., 0., 1., 1., 0., 1., 0., 1., 1., 1., 1.,
           1., 1.],
          [1., 1., 1., 1., 1., 1., 0., 1., 0., 0., 0., 1., 1., 1., 1., 1., 1.,
           0., 1.]]]], device='cuda:0'), tensor([[0.9833]], device='cuda:0'))
2026-01-08 17:31:40 - INFO - [ 0.9937977  -0.0656706   0.01101212  0.03643708  0.01101213  0.03643706
  0.6820198  -0.49339315]
2026-01-08 17:31:40 - INFO - (tensor([[[[0., 1., 1., 0., 0., 1., 1., 1., 0., 1., 0., 1., 0., 1., 1., 1., 1.,
           0., 0.],
          [0., 1., 1., 1., 0., 0., 1., 1., 1., 1., 1., 1., 0., 0., 1., 0., 0.,
           0., 0.],
          [0., 0., 0., 0., 0., 1., 0., 0., 0., 1., 1., 0., 0., 0., 1., 0., 1.,
           0., 1.],
          [0., 0., 0., 0., 0., 0., 1., 0., 0., 0., 1., 1., 1., 0., 0., 0., 0.,
           0., 1.],
          [1., 1., 1., 0., 1., 1., 1., 0., 0., 1., 1., 1., 0., 0., 1., 0., 1.,
           1., 1.],
          [1., 0., 0., 1., 0., 1., 0., 0., 1., 1., 0., 1., 0., 1., 0., 0., 0.,
           1., 1.],
          [0., 0., 1., 1., 0., 1., 1., 0., 0., 1., 0., 0., 0., 0., 1., 1., 1.,
           1., 0.],
          [1., 0., 0., 1., 1., 1., 1., 0., 1., 1., 0., 1., 0., 1., 1., 0., 0.,
           1., 1.],
          [1., 0., 1., 1., 0., 1., 1., 1., 0., 1., 1., 0., 0., 0., 1., 0., 0.,
           1., 1.],
          [1., 0., 0., 1., 1., 0., 1., 0., 1., 1., 0., 1., 1., 0., 0., 1., 1.,
           1., 1.],
          [0., 0., 1., 0., 0., 0., 0., 1., 0., 0., 1., 0., 1., 0., 1., 0., 1.,
           1., 1.],
          [0., 1., 0., 0., 1., 0., 1., 0., 0., 1., 0., 1., 0., 1., 0., 1., 0.,
           1., 1.],
          [0., 1., 0., 0., 1., 0., 0., 1., 0., 1., 0., 0., 1., 1., 0., 0., 0.,
           1., 0.],
          [0., 1., 1., 0., 0., 1., 0., 0., 1., 0., 0., 1., 0., 0., 1., 0., 0.,
           0., 1.],
          [1., 0., 1., 1., 0., 1., 1., 0., 1., 1., 1., 0., 0., 1., 1., 0., 0.,
           1., 0.],
          [1., 1., 0., 1., 0., 1., 0., 0., 1., 0., 0., 1., 0., 0., 0., 0., 0.,
           0., 1.],
          [1., 1., 0., 0., 0., 1., 1., 0., 0., 0., 0., 1., 1., 1., 1., 1., 1.,
           0., 1.],
          [1., 0., 1., 1., 0., 1., 0., 0., 1., 1., 0., 1., 0., 1., 1., 1., 1.,
           1., 1.],
          [1., 1., 1., 1., 1., 1., 0., 1., 0., 0., 0., 1., 1., 1., 1., 1., 1.,
           0., 1.]]]], device='cuda:0'), tensor([[0.9866]], device='cuda:0'))
2026-01-08 17:31:40 - INFO - [ 0.9937772  -0.06596272  0.0111104   0.03658071  0.01111041  0.03658071
  0.68086976 -0.49517348]
2026-01-08 17:31:40 - INFO - (tensor([[[[0., 1., 1., 0., 0., 1., 1., 1., 0., 1., 0., 1., 0., 1., 1., 1., 1.,
           0., 0.],
          [0., 1., 1., 1., 0., 0., 1., 1., 1., 1., 1., 1., 0., 0., 1., 0., 0.,
           0., 0.],
          [0., 0., 0., 0., 0., 1., 0., 0., 0., 1., 1., 0., 0., 0., 1., 0., 1.,
           0., 1.],
          [0., 0., 0., 0., 0., 0., 1., 0., 0., 0., 1., 1., 1., 0., 0., 0., 0.,
           0., 1.],
          [1., 1., 1., 0., 1., 1., 1., 0., 0., 1., 1., 1., 0., 0., 1., 0., 1.,
           1., 1.],
          [1., 0., 0., 1., 0., 1., 0., 0., 1., 1., 0., 1., 0., 1., 0., 0., 0.,
           1., 1.],
          [0., 0., 1., 1., 0., 1., 1., 0., 0., 1., 0., 0., 0., 0., 1., 1., 1.,
           1., 0.],
          [1., 0., 0., 1., 1., 1., 1., 0., 1., 1., 0., 1., 0., 1., 1., 0., 0.,
           1., 1.],
          [1., 0., 1., 1., 0., 1., 1., 1., 0., 1., 1., 0., 0., 0., 1., 0., 0.,
           1., 1.],
          [1., 0., 0., 1., 1., 0., 1., 0., 1., 1., 0., 1., 1., 0., 0., 1., 1.,
           1., 1.],
          [0., 0., 1., 0., 0., 0., 0., 1., 0., 0., 1., 0., 1., 0., 1., 0., 1.,
           1., 1.],
          [0., 1., 0., 0., 1., 0., 1., 0., 0., 1., 0., 1., 0., 1., 0., 1., 0.,
           1., 1.],
          [0., 1., 0., 0., 1., 0., 0., 1., 0., 1., 0., 0., 1., 1., 0., 0., 0.,
           1., 0.],
          [0., 1., 1., 0., 0., 1., 0., 0., 1., 0., 0., 1., 0., 0., 1., 0., 0.,
           0., 1.],
          [1., 0., 1., 1., 0., 1., 1., 0., 1., 1., 1., 0., 0., 1., 1., 0., 0.,
           1., 0.],
          [1., 1., 0., 1., 0., 1., 0., 0., 1., 0., 0., 1., 0., 0., 0., 0., 0.,
           0., 1.],
          [1., 1., 0., 0., 0., 1., 1., 0., 0., 0., 0., 1., 1., 1., 1., 1., 1.,
           0., 1.],
          [1., 0., 1., 1., 0., 1., 0., 0., 1., 1., 0., 1., 0., 1., 1., 1., 1.,
           1., 1.],
          [1., 1., 1., 1., 1., 1., 0., 1., 0., 0., 0., 1., 1., 1., 1., 1., 1.,
           0., 1.]]]], device='cuda:0'), tensor([[0.9900]], device='cuda:0'))
2026-01-08 17:31:40 - INFO - [ 0.9937538  -0.0662354   0.01118137  0.03667751  0.01118136  0.0366775
  0.67980933 -0.49663103]
2026-01-08 17:31:40 - INFO - (tensor([[[[0., 1., 1., 0., 0., 1., 1., 1., 0., 1., 0., 1., 0., 1., 1., 1., 1.,
           0., 0.],
          [0., 1., 1., 1., 0., 0., 1., 1., 1., 1., 1., 1., 0., 0., 1., 0., 0.,
           0., 0.],
          [0., 0., 0., 0., 0., 1., 0., 0., 0., 1., 1., 0., 0., 0., 1., 0., 1.,
           0., 1.],
          [0., 0., 0., 0., 0., 0., 1., 0., 0., 0., 1., 1., 1., 0., 0., 0., 0.,
           0., 1.],
          [1., 1., 1., 0., 1., 1., 1., 0., 0., 1., 1., 1., 0., 0., 1., 0., 1.,
           1., 1.],
          [1., 0., 0., 1., 0., 1., 0., 0., 1., 1., 0., 1., 0., 1., 0., 0., 0.,
           1., 1.],
          [0., 0., 1., 1., 0., 1., 1., 0., 0., 1., 0., 0., 0., 0., 1., 1., 1.,
           1., 0.],
          [1., 0., 0., 1., 1., 1., 1., 0., 1., 1., 0., 1., 0., 1., 1., 0., 0.,
           1., 1.],
          [1., 0., 1., 1., 0., 1., 1., 1., 0., 1., 1., 0., 0., 0., 1., 0., 0.,
           1., 1.],
          [1., 0., 0., 1., 1., 0., 1., 0., 1., 1., 0., 1., 1., 0., 0., 1., 1.,
           1., 1.],
          [0., 0., 1., 0., 0., 0., 0., 1., 0., 0., 1., 0., 1., 0., 1., 0., 1.,
           1., 1.],
          [0., 1., 0., 0., 1., 0., 1., 0., 0., 1., 0., 1., 0., 1., 0., 1., 0.,
           1., 1.],
          [0., 1., 0., 0., 1., 0., 0., 1., 0., 1., 0., 0., 1., 1., 0., 0., 0.,
           1., 0.],
          [0., 1., 1., 0., 0., 1., 0., 0., 1., 0., 0., 1., 0., 0., 1., 0., 0.,
           0., 1.],
          [1., 0., 1., 1., 0., 1., 1., 0., 1., 1., 1., 0., 0., 1., 1., 0., 0.,
           1., 0.],
          [1., 1., 0., 1., 0., 1., 0., 0., 1., 0., 0., 1., 0., 0., 0., 0., 0.,
           0., 1.],
          [1., 1., 0., 0., 0., 1., 1., 0., 0., 0., 0., 1., 1., 1., 1., 1., 1.,
           0., 1.],
          [1., 0., 1., 1., 0., 1., 0., 0., 1., 1., 0., 1., 0., 1., 1., 1., 1.,
           1., 1.],
          [1., 1., 1., 1., 1., 1., 0., 1., 0., 0., 0., 1., 1., 1., 1., 1., 1.,
           0., 1.]]]], device='cuda:0'), tensor([[0.9933]], device='cuda:0'))
2026-01-08 17:31:40 - INFO - [ 0.99372756 -0.06650424  0.01124078  0.03676213  0.0112408   0.03676212
  0.6788113  -0.49798083]
2026-01-08 17:31:40 - INFO - (tensor([[[[0., 1., 1., 0., 0., 1., 1., 1., 0., 1., 0., 1., 0., 1., 1., 1., 1.,
           0., 0.],
          [0., 1., 1., 1., 0., 0., 1., 1., 1., 1., 1., 1., 0., 0., 1., 0., 0.,
           0., 0.],
          [0., 0., 0., 0., 0., 1., 0., 0., 0., 1., 1., 0., 0., 0., 1., 0., 1.,
           0., 1.],
          [0., 0., 0., 0., 0., 0., 1., 0., 0., 0., 1., 1., 1., 0., 0., 0., 0.,
           0., 1.],
          [1., 1., 1., 0., 1., 1., 1., 0., 0., 1., 1., 1., 0., 0., 1., 0., 1.,
           1., 1.],
          [1., 0., 0., 1., 0., 1., 0., 0., 1., 1., 0., 1., 0., 1., 0., 0., 0.,
           1., 1.],
          [0., 0., 1., 1., 0., 1., 1., 0., 0., 1., 0., 0., 0., 0., 1., 1., 1.,
           1., 0.],
          [1., 0., 0., 1., 1., 1., 1., 0., 1., 1., 0., 1., 0., 1., 1., 0., 0.,
           1., 1.],
          [1., 0., 1., 1., 0., 1., 1., 1., 0., 1., 1., 0., 0., 0., 1., 0., 0.,
           1., 1.],
          [1., 0., 0., 1., 1., 0., 1., 0., 1., 1., 0., 1., 1., 0., 0., 1., 1.,
           1., 1.],
          [0., 0., 1., 0., 0., 0., 0., 1., 0., 0., 1., 0., 1., 0., 1., 0., 1.,
           1., 1.],
          [0., 1., 0., 0., 1., 0., 1., 0., 0., 1., 0., 1., 0., 1., 0., 1., 0.,
           1., 1.],
          [0., 1., 0., 0., 1., 0., 0., 1., 0., 1., 0., 0., 1., 1., 0., 0., 0.,
           1., 0.],
          [0., 1., 1., 0., 0., 1., 0., 0., 1., 0., 0., 1., 0., 0., 1., 0., 0.,
           0., 1.],
          [1., 0., 1., 1., 0., 1., 1., 0., 1., 1., 1., 0., 0., 1., 1., 0., 0.,
           1., 0.],
          [1., 1., 0., 1., 0., 1., 0., 0., 1., 0., 0., 1., 0., 0., 0., 0., 0.,
           0., 1.],
          [1., 1., 0., 0., 0., 1., 1., 0., 0., 0., 0., 1., 1., 1., 1., 1., 1.,
           0., 1.],
          [1., 0., 1., 1., 0., 1., 0., 0., 1., 1., 0., 1., 0., 1., 1., 1., 1.,
           1., 1.],
          [1., 1., 1., 1., 1., 1., 0., 1., 0., 0., 0., 1., 1., 1., 1., 1., 1.,
           0., 1.]]]], device='cuda:0'), tensor([[0.9967]], device='cuda:0'))
2026-01-08 17:31:40 - INFO - [ 0.9937008  -0.06677061  0.01129911  0.03684378  0.0112991   0.03684379
  0.6778504  -0.49931258]
2026-01-08 17:31:40 - INFO -   预测进度: 301/301
2026-01-08 17:31:40 - INFO - (tensor([[[[0., 1., 1., 0., 0., 1., 1., 1., 0., 1., 0., 1., 0., 1., 1., 1., 1.,
           0., 0.],
          [0., 1., 1., 1., 0., 0., 1., 1., 1., 1., 1., 1., 0., 0., 1., 0., 0.,
           0., 0.],
          [0., 0., 0., 0., 0., 1., 0., 0., 0., 1., 1., 0., 0., 0., 1., 0., 1.,
           0., 1.],
          [0., 0., 0., 0., 0., 0., 1., 0., 0., 0., 1., 1., 1., 0., 0., 0., 0.,
           0., 1.],
          [1., 1., 1., 0., 1., 1., 1., 0., 0., 1., 1., 1., 0., 0., 1., 0., 1.,
           1., 1.],
          [1., 0., 0., 1., 0., 1., 0., 0., 1., 1., 0., 1., 0., 1., 0., 0., 0.,
           1., 1.],
          [0., 0., 1., 1., 0., 1., 1., 0., 0., 1., 0., 0., 0., 0., 1., 1., 1.,
           1., 0.],
          [1., 0., 0., 1., 1., 1., 1., 0., 1., 1., 0., 1., 0., 1., 1., 0., 0.,
           1., 1.],
          [1., 0., 1., 1., 0., 1., 1., 1., 0., 1., 1., 0., 0., 0., 1., 0., 0.,
           1., 1.],
          [1., 0., 0., 1., 1., 0., 1., 0., 1., 1., 0., 1., 1., 0., 0., 1., 1.,
           1., 1.],
          [0., 0., 1., 0., 0., 0., 0., 1., 0., 0., 1., 0., 1., 0., 1., 0., 1.,
           1., 1.],
          [0., 1., 0., 0., 1., 0., 1., 0., 0., 1., 0., 1., 0., 1., 0., 1., 0.,
           1., 1.],
          [0., 1., 0., 0., 1., 0., 0., 1., 0., 1., 0., 0., 1., 1., 0., 0., 0.,
           1., 0.],
          [0., 1., 1., 0., 0., 1., 0., 0., 1., 0., 0., 1., 0., 0., 1., 0., 0.,
           0., 1.],
          [1., 0., 1., 1., 0., 1., 1., 0., 1., 1., 1., 0., 0., 1., 1., 0., 0.,
           1., 0.],
          [1., 1., 0., 1., 0., 1., 0., 0., 1., 0., 0., 1., 0., 0., 0., 0., 0.,
           0., 1.],
          [1., 1., 0., 0., 0., 1., 1., 0., 0., 0., 0., 1., 1., 1., 1., 1., 1.,
           0., 1.],
          [1., 0., 1., 1., 0., 1., 0., 0., 1., 1., 0., 1., 0., 1., 1., 1., 1.,
           1., 1.],
          [1., 1., 1., 1., 1., 1., 0., 1., 0., 0., 0., 1., 1., 1., 1., 1., 1.,
           0., 1.]]]], device='cuda:0'), tensor([[1.]], device='cuda:0'))
2026-01-08 17:31:40 - INFO - [ 0.99367285 -0.067037    0.01135931  0.03693092  0.0113593   0.03693091
  0.6768873  -0.5006498 ]
2026-01-08 17:31:40 - INFO - {'S11_real': array([0.99989098, 0.99983835, 0.99979913, 0.99977142, 0.99974692,
       0.99971783, 0.99969721, 0.99967879, 0.99966317, 0.99964887,
       0.99963206, 0.9996084 , 0.99957961, 0.99955285, 0.99951953,
       0.99949342, 0.99946809, 0.99944365, 0.99942166, 0.99939781,
       0.99937361, 0.999345  , 0.9993189 , 0.99929285, 0.99926347,
       0.9992432 , 0.99923527, 0.99923211, 0.99923134, 0.99922025,
       0.999192  , 0.99916542, 0.99914342, 0.99912357, 0.99909681,
       0.99906486, 0.99903566, 0.99900782, 0.99898136, 0.99895751,
       0.9989208 , 0.99889159, 0.99886739, 0.99884105, 0.99881041,
       0.99878025, 0.99875194, 0.99872339, 0.99869758, 0.99867618,
       0.99865609, 0.99863315, 0.99860567, 0.99858499, 0.99856883,
       0.99854875, 0.99852717, 0.99850577, 0.9984827 , 0.99846011,
       0.99844998, 0.99843121, 0.99841201, 0.99839246, 0.99837118,
       0.99835581, 0.99833733, 0.99831867, 0.99829942, 0.99827868,
       0.99826258, 0.99824697, 0.99822688, 0.99820793, 0.99818367,
       0.99816555, 0.99814469, 0.99811548, 0.99808162, 0.99805361,
       0.9980371 , 0.99801916, 0.99799782, 0.99797118, 0.99794328,
       0.99791509, 0.99788827, 0.99785948, 0.99780226, 0.99774671,
       0.99770832, 0.99766815, 0.99762672, 0.99758512, 0.99754715,
       0.99751294, 0.99747902, 0.99745697, 0.99744791, 0.99744618,
       0.99744564, 0.99743789, 0.99743283, 0.99742705, 0.9974165 ,
       0.99740458, 0.99738681, 0.99736816, 0.99735093, 0.99732846,
       0.99729931, 0.99727368, 0.99725151, 0.99723017, 0.99721146,
       0.997181  , 0.99713749, 0.9970957 , 0.99705821, 0.99702048,
       0.99697298, 0.99692911, 0.99688166, 0.99683678, 0.99679601,
       0.99676532, 0.99674439, 0.99672484, 0.99670547, 0.99668086,
       0.99665678, 0.99663204, 0.99660683, 0.99658173, 0.99655879,
       0.99651873, 0.99648052, 0.99644518, 0.99641687, 0.99638939,
       0.99636394, 0.99633384, 0.99630046, 0.99627036, 0.99624246,
       0.99621665, 0.99619025, 0.99616402, 0.99615049, 0.99613816,
       0.99612355, 0.99610656, 0.99608564, 0.99606603, 0.9960475 ,
       0.9960314 , 0.9960289 , 0.99604326, 0.99605274, 0.99606162,
       0.99604321, 0.99601948, 0.9959901 , 0.99595857, 0.99592614,
       0.99589485, 0.99588466, 0.99587303, 0.99586445, 0.99585521,
       0.99583548, 0.99580216, 0.99577439, 0.99575144, 0.99573159,
       0.99571043, 0.99568927, 0.99566853, 0.99564642, 0.99562728,
       0.99560559, 0.99558312, 0.99556082, 0.9955377 , 0.99551672,
       0.9954946 , 0.99546754, 0.99544114, 0.99541509, 0.99538815,
       0.99535632, 0.99532217, 0.99529517, 0.99528694, 0.99528033,
       0.9952727 , 0.99526477, 0.99523777, 0.99520594, 0.99517202,
       0.99513781, 0.9951033 , 0.99507862, 0.99506307, 0.9950406 ,
       0.99501878, 0.99499625, 0.99497318, 0.99494779, 0.99493235,
       0.99492115, 0.99490309, 0.99488348, 0.99486476, 0.99484694,
       0.9948318 , 0.99481905, 0.99480855, 0.99480063, 0.99478763,
       0.99476653, 0.99474531, 0.99472278, 0.99470472, 0.99469203,
       0.99468005, 0.99466348, 0.99464732, 0.99463004, 0.99461401,
       0.9946093 , 0.99460286, 0.99459195, 0.99458051, 0.99456894,
       0.99452436, 0.99450147, 0.99447757, 0.99445552, 0.99442887,
       0.99440414, 0.9943819 , 0.99436277, 0.99434662, 0.99433428,
       0.99432039, 0.99429709, 0.99427426, 0.99425334, 0.99423951,
       0.99423116, 0.99422461, 0.99422032, 0.99421644, 0.99421293,
       0.99420792, 0.99420279, 0.99419487, 0.99418485, 0.99417436,
       0.99416202, 0.99415034, 0.9941346 , 0.99412018, 0.99410665,
       0.99409306, 0.99409688, 0.99409389, 0.99407351, 0.99404812,
       0.99402285, 0.99399602, 0.99396944, 0.99394423, 0.99391872,
       0.99389356, 0.99389297, 0.9938907 , 0.99388689, 0.99387848,
       0.99386692, 0.99386275, 0.99386638, 0.99386632, 0.99386042,
       0.99385488, 0.9938578 , 0.99385989, 0.99385858, 0.99385607,
       0.99385476, 0.99385357, 0.99385238, 0.99383473, 0.9938156 ,
       0.99379772, 0.99377722, 0.99375379, 0.99372756, 0.9937008 ,
       0.99367285]), 'S11_imag': array([ 0.00098934, -0.00034771, -0.00131982, -0.00139705, -0.00116908,
       -0.00114314, -0.00130462, -0.00142077, -0.00168657, -0.00207965,
       -0.00242343, -0.0026652 , -0.00286352, -0.00313867, -0.00351036,
       -0.0037919 , -0.004052  , -0.00428151, -0.00447297, -0.00466102,
       -0.00482643, -0.00499823, -0.0051355 , -0.00529041, -0.00552887,
       -0.00586176, -0.00617923, -0.0064445 , -0.0067073 , -0.00696017,
       -0.00726524, -0.00753027, -0.00768744, -0.00781502, -0.00817293,
       -0.00859439, -0.00892734, -0.00921747, -0.0094609 , -0.00964524,
       -0.0100139 , -0.01026336, -0.01044085, -0.01065388, -0.01087415,
       -0.01107696, -0.01126471, -0.01145692, -0.0116408 , -0.01179643,
       -0.01193767, -0.0121066 , -0.01232101, -0.0124876 , -0.01263297,
       -0.01282608, -0.01304501, -0.01325327, -0.01346131, -0.01366367,
       -0.01389271, -0.0141898 , -0.01449447, -0.01480044, -0.01513001,
       -0.01533068, -0.01564491, -0.01596285, -0.01628138, -0.0166014 ,
       -0.01690514, -0.01723183, -0.01751669, -0.01764752, -0.01775531,
       -0.01791291, -0.01808315, -0.01829716, -0.01854866, -0.01880021,
       -0.01902742, -0.01925706, -0.01949724, -0.0197348 , -0.01995715,
       -0.02017005, -0.0203683 , -0.02056349, -0.02085981, -0.02114396,
       -0.0213428 , -0.0215457 , -0.02176121, -0.02197652, -0.02217292,
       -0.02235232, -0.02252673, -0.02294122, -0.02339893, -0.0238698 ,
       -0.0243172 , -0.0246661 , -0.02491107, -0.0251314 , -0.02529293,
       -0.02543932, -0.02557146, -0.02567528, -0.02575971, -0.02581898,
       -0.02611189, -0.02649055, -0.0268616 , -0.02712879, -0.02740066,
       -0.02771627, -0.02789634, -0.02805908, -0.02822627, -0.02845822,
       -0.02870063, -0.02887642, -0.02902121, -0.02916021, -0.02927063,
       -0.02930966, -0.02965542, -0.03008231, -0.03036262, -0.03053145,
       -0.03069949, -0.03086666, -0.03103359, -0.03119959, -0.03135646,
       -0.03162921, -0.03189937, -0.03215764, -0.03235545, -0.03254564,
       -0.0327301 , -0.03292715, -0.03312211, -0.0332966 , -0.03346649,
       -0.03363829, -0.03380566, -0.03400329, -0.03426223, -0.03449269,
       -0.03467918, -0.03487805, -0.03509059, -0.03532604, -0.03560015,
       -0.03587513, -0.03612752, -0.03636915, -0.03665426, -0.03695827,
       -0.03713537, -0.03727854, -0.03746593, -0.03770953, -0.03808602,
       -0.03842695, -0.03870383, -0.03886155, -0.03892102, -0.03905897,
       -0.03923489, -0.03946734, -0.03976547, -0.04007931, -0.04036228,
       -0.04062144, -0.04086869, -0.04111384, -0.04140005, -0.04167009,
       -0.04193044, -0.04217848, -0.04239481, -0.04260422, -0.04279289,
       -0.04298551, -0.04319224, -0.04341981, -0.04364244, -0.0438722 ,
       -0.04411016, -0.04435407, -0.044601  , -0.04484441, -0.04509931,
       -0.04536926, -0.04550743, -0.04560757, -0.04572123, -0.04586265,
       -0.04602548, -0.04622101, -0.046361  , -0.04653098, -0.04677774,
       -0.04702533, -0.0472817 , -0.04755042, -0.04784172, -0.04805153,
       -0.04821444, -0.04841461, -0.04862466, -0.04883946, -0.04905067,
       -0.04925889, -0.04946614, -0.04967376, -0.04986522, -0.05006662,
       -0.05029479, -0.05051909, -0.05075378, -0.05095093, -0.05111322,
       -0.05127596, -0.05144718, -0.05161697, -0.05179243, -0.05197255,
       -0.0521669 , -0.0523578 , -0.0525457 , -0.05273005, -0.05290922,
       -0.0532458 , -0.05348478, -0.05372857, -0.05395695, -0.05417627,
       -0.05438885, -0.054592  , -0.0547819 , -0.05496517, -0.05512879,
       -0.05530102, -0.05553034, -0.05576779, -0.0559965 , -0.05615878,
       -0.05630793, -0.05646674, -0.0566556 , -0.05687848, -0.05708784,
       -0.0572698 , -0.05741311, -0.05758043, -0.05776098, -0.05794813,
       -0.05815752, -0.05835733, -0.05858677, -0.05885649, -0.05920056,
       -0.05955441, -0.05964708, -0.05963787, -0.05974844, -0.05988804,
       -0.06005482, -0.060263  , -0.06047573, -0.06070412, -0.0609419 ,
       -0.06119665, -0.06138201, -0.06157884, -0.06178848, -0.06200458,
       -0.06221966, -0.0624287 , -0.06262435, -0.06282857, -0.06306513,
       -0.06331003, -0.06352219, -0.06373211, -0.06395964, -0.06423414,
       -0.06451255, -0.06479897, -0.06505636, -0.06519261, -0.06536307,
       -0.0656706 , -0.06596272, -0.0662354 , -0.06650424, -0.06677061,
       -0.067037  ]), 'S21_real': array([ 4.09885281e-04,  3.11865471e-04,  2.61380337e-04,  1.37462281e-04,
        1.09895132e-04,  1.06594525e-04,  1.83179043e-04,  2.46941112e-04,
        2.45734118e-04,  2.23024748e-04,  1.80839561e-04,  1.18895434e-04,
        6.66370615e-05,  5.69513068e-05,  3.60524282e-05,  2.18963251e-05,
        7.83707947e-06, -9.82079655e-06, -3.66279855e-05, -6.26081601e-05,
       -8.99443403e-05, -1.20052136e-04, -1.44631602e-04, -1.89722516e-04,
       -2.66694464e-04, -3.53516050e-04, -4.23186430e-04, -4.61162039e-04,
       -4.90293780e-04, -5.22040704e-04, -5.59897104e-04, -5.87665418e-04,
       -6.29753747e-04, -6.78473036e-04, -7.48702209e-04, -8.19981855e-04,
       -8.73707933e-04, -9.16675432e-04, -9.53101262e-04, -9.81450663e-04,
       -9.73553106e-04, -9.79379402e-04, -9.80854617e-04, -9.85988067e-04,
       -9.76026698e-04, -9.63815197e-04, -9.49919864e-04, -9.39384743e-04,
       -9.27314803e-04, -9.10133822e-04, -8.95187957e-04, -8.87029571e-04,
       -8.89331801e-04, -8.82454915e-04, -8.65840120e-04, -8.45976931e-04,
       -8.38824373e-04, -8.49039061e-04, -8.64111586e-04, -8.96201236e-04,
       -9.14395554e-04, -9.39690217e-04, -9.65499028e-04, -9.82322381e-04,
       -9.58726450e-04, -9.16802092e-04, -8.63776309e-04, -8.10825091e-04,
       -7.57531147e-04, -7.04587321e-04, -6.71417336e-04, -6.39849226e-04,
       -6.07357302e-04, -5.76698163e-04, -5.48616925e-04, -5.21765032e-04,
       -4.91709390e-04, -4.62182768e-04, -4.45612677e-04, -4.26598795e-04,
       -4.12867375e-04, -4.00633522e-04, -3.88667890e-04, -3.85575899e-04,
       -3.94598552e-04, -4.01326426e-04, -3.95254203e-04, -3.86279979e-04,
       -3.76106211e-04, -3.63574334e-04, -3.37828882e-04, -3.10414471e-04,
       -2.80627050e-04, -2.51461752e-04, -2.25109048e-04, -1.91316940e-04,
       -1.49969943e-04, -1.08719803e-04, -6.30775467e-05, -1.26557425e-05,
        3.80529091e-05,  9.08961520e-05,  1.75948255e-04,  2.58593820e-04,
        3.17185186e-04,  3.66161548e-04,  4.11535584e-04,  4.52763372e-04,
        4.96207678e-04,  5.40978217e-04,  5.90081268e-04,  6.34188706e-04,
        6.77994336e-04,  6.94314833e-04,  7.09867920e-04,  7.25156511e-04,
        7.38940085e-04,  7.71994528e-04,  8.04810610e-04,  8.48787604e-04,
        8.88189999e-04,  9.19646351e-04,  9.47783410e-04,  9.75417614e-04,
        9.99333919e-04,  1.01430586e-03,  1.08004222e-03,  1.15518132e-03,
        1.20648590e-03,  1.24357478e-03,  1.28045888e-03,  1.31919805e-03,
        1.35621254e-03,  1.39180385e-03,  1.42531283e-03,  1.48739095e-03,
        1.54968502e-03,  1.60933798e-03,  1.65403762e-03,  1.69738126e-03,
        1.74010650e-03,  1.78479124e-03,  1.83110009e-03,  1.87147094e-03,
        1.90932723e-03,  1.94935908e-03,  1.98770710e-03,  2.03740224e-03,
        2.10597343e-03,  2.16393475e-03,  2.20765849e-03,  2.25322228e-03,
        2.30267900e-03,  2.35935883e-03,  2.42537446e-03,  2.49143457e-03,
        2.54570041e-03,  2.59933318e-03,  2.66007730e-03,  2.72475905e-03,
        2.75640888e-03,  2.77981837e-03,  2.81704124e-03,  2.86658714e-03,
        2.94020586e-03,  3.00719705e-03,  3.05922772e-03,  3.08259251e-03,
        3.07725416e-03,  3.07754846e-03,  3.09013622e-03,  3.13035771e-03,
        3.18295462e-03,  3.23871034e-03,  3.28878150e-03,  3.33508640e-03,
        3.37960687e-03,  3.42324818e-03,  3.47289070e-03,  3.51886032e-03,
        3.56408092e-03,  3.60735715e-03,  3.64463194e-03,  3.67672485e-03,
        3.70417233e-03,  3.73048009e-03,  3.75721231e-03,  3.80149786e-03,
        3.84518760e-03,  3.89021449e-03,  3.93663440e-03,  3.98419844e-03,
        4.03341232e-03,  4.08283854e-03,  4.13313648e-03,  4.18644445e-03,
        4.22593206e-03,  4.27108910e-03,  4.31893580e-03,  4.37915046e-03,
        4.44191648e-03,  4.50843386e-03,  4.56168968e-03,  4.59718704e-03,
        4.63794498e-03,  4.67956299e-03,  4.72428044e-03,  4.77276370e-03,
        4.82550915e-03,  4.85399552e-03,  4.87092650e-03,  4.90119774e-03,
        4.97657340e-03,  5.05105872e-03,  5.12257498e-03,  5.18800784e-03,
        5.25189843e-03,  5.31190773e-03,  5.36467461e-03,  5.42247482e-03,
        5.49268303e-03,  5.56092476e-03,  5.63514885e-03,  5.69317583e-03,
        5.73999761e-03,  5.78904664e-03,  5.83551079e-03,  5.88011555e-03,
        5.92618855e-03,  5.97142708e-03,  6.01498876e-03,  6.05764193e-03,
        6.09984063e-03,  6.14063442e-03,  6.17978955e-03,  6.27526501e-03,
        6.33495674e-03,  6.39412692e-03,  6.45233598e-03,  6.51697442e-03,
        6.57994766e-03,  6.63941912e-03,  6.69613807e-03,  6.75421255e-03,
        6.80262456e-03,  6.84745982e-03,  6.91148732e-03,  6.97535416e-03,
        7.03439349e-03,  7.07241194e-03,  7.11174170e-03,  7.15359300e-03,
        7.20203808e-03,  7.25794025e-03,  7.30836717e-03,  7.35382037e-03,
        7.39133963e-03,  7.43507966e-03,  7.48135243e-03,  7.52895884e-03,
        7.58401584e-03,  7.63520552e-03,  7.69388303e-03,  7.75521994e-03,
        7.82550406e-03,  7.89623614e-03,  7.92652834e-03,  7.95282703e-03,
        8.02894495e-03,  8.12534895e-03,  8.22993275e-03,  8.33699107e-03,
        8.44927784e-03,  8.57428927e-03,  8.70557409e-03,  8.83360207e-03,
        8.92488752e-03,  9.02806967e-03,  9.14717186e-03,  9.27720312e-03,
        9.41576436e-03,  9.53089539e-03,  9.62987449e-03,  9.74294171e-03,
        9.86355543e-03,  9.98561364e-03,  1.00822970e-02,  1.01735797e-02,
        1.02752848e-02,  1.03972303e-02,  1.05272578e-02,  1.06606157e-02,
        1.07761240e-02,  1.08179022e-02,  1.08803976e-02,  1.10121155e-02,
        1.11103989e-02,  1.11813722e-02,  1.12407831e-02,  1.12991063e-02,
        1.13593135e-02]), 'S21_imag': array([-5.90980053e-05, -6.43171370e-05, -8.41543078e-06,  2.22858042e-04,
        3.02936882e-04,  3.63465369e-04,  3.41240317e-04,  3.29129398e-04,
        3.34575772e-04,  3.57162178e-04,  5.33483864e-04,  5.26919903e-04,
        5.52538724e-04,  7.01311859e-04,  9.31095041e-04,  1.11409230e-03,
        1.28796254e-03,  1.43523421e-03,  1.54663122e-03,  1.64129434e-03,
        1.73066009e-03,  1.81709405e-03,  1.90221658e-03,  1.96673837e-03,
        2.01961864e-03,  2.08658050e-03,  2.19301903e-03,  2.34484626e-03,
        2.54773535e-03,  2.72636930e-03,  2.93339323e-03,  3.12798563e-03,
        3.21926922e-03,  3.27753229e-03,  3.44650936e-03,  3.65198264e-03,
        3.81895527e-03,  3.97763168e-03,  4.11436986e-03,  4.21943609e-03,
        4.54810122e-03,  4.72381944e-03,  4.83023329e-03,  5.01271989e-03,
        5.26539981e-03,  5.51145524e-03,  5.73611679e-03,  5.96170872e-03,
        6.13514474e-03,  6.24800147e-03,  6.35165768e-03,  6.47577923e-03,
        6.63731201e-03,  6.75046258e-03,  6.83600223e-03,  6.94556534e-03,
        7.05994479e-03,  7.15803402e-03,  7.24310428e-03,  7.28521636e-03,
        7.32877012e-03,  7.44692981e-03,  7.56577495e-03,  7.66405743e-03,
        7.86832534e-03,  8.02920293e-03,  8.19523539e-03,  8.36254563e-03,
        8.52937438e-03,  8.69879872e-03,  8.83412082e-03,  8.97840504e-03,
        9.12454352e-03,  9.24482290e-03,  9.37914569e-03,  9.50157363e-03,
        9.63308662e-03,  9.79896542e-03,  9.96072777e-03,  1.01104919e-02,
        1.02340579e-02,  1.03534525e-02,  1.04751112e-02,  1.05756046e-02,
        1.06525896e-02,  1.07258689e-02,  1.08101293e-02,  1.08959870e-02,
        1.10657951e-02,  1.12402178e-02,  1.14222346e-02,  1.16055869e-02,
        1.17857214e-02,  1.19643612e-02,  1.21272262e-02,  1.22898854e-02,
        1.24570206e-02,  1.26493908e-02,  1.28588034e-02,  1.30468430e-02,
        1.32280840e-02,  1.33989519e-02,  1.36181004e-02,  1.38376541e-02,
        1.40255727e-02,  1.41921053e-02,  1.43453656e-02,  1.44841112e-02,
        1.46143017e-02,  1.47333471e-02,  1.49030937e-02,  1.50809176e-02,
        1.52602531e-02,  1.53683843e-02,  1.54753635e-02,  1.55851627e-02,
        1.56931356e-02,  1.57663543e-02,  1.58425793e-02,  1.59732793e-02,
        1.61039140e-02,  1.61852520e-02,  1.62422154e-02,  1.62927285e-02,
        1.63256172e-02,  1.63206831e-02,  1.65288188e-02,  1.67960487e-02,
        1.69864502e-02,  1.71371978e-02,  1.72803216e-02,  1.74141843e-02,
        1.75446328e-02,  1.76648628e-02,  1.77631807e-02,  1.79360751e-02,
        1.81163475e-02,  1.82920583e-02,  1.84274949e-02,  1.85574554e-02,
        1.86855458e-02,  1.88202616e-02,  1.89556982e-02,  1.90798584e-02,
        1.91973783e-02,  1.93175934e-02,  1.94328725e-02,  1.95672307e-02,
        1.97430160e-02,  1.98956840e-02,  2.00152490e-02,  2.01408602e-02,
        2.02740245e-02,  2.04231832e-02,  2.05965415e-02,  2.07709186e-02,
        2.09174976e-02,  2.10605897e-02,  2.12236028e-02,  2.13952977e-02,
        2.14677360e-02,  2.15169396e-02,  2.16501411e-02,  2.18168255e-02,
        2.20309272e-02,  2.22457554e-02,  2.24244837e-02,  2.25426946e-02,
        2.25996599e-02,  2.26777680e-02,  2.27751713e-02,  2.29236111e-02,
        2.30817478e-02,  2.32352763e-02,  2.33743116e-02,  2.35028453e-02,
        2.36213189e-02,  2.37368084e-02,  2.38645170e-02,  2.39810515e-02,
        2.40935236e-02,  2.41998006e-02,  2.42946576e-02,  2.43770275e-02,
        2.44459044e-02,  2.45097317e-02,  2.45735571e-02,  2.46631578e-02,
        2.47514676e-02,  2.48424988e-02,  2.49353275e-02,  2.50292327e-02,
        2.51252856e-02,  2.52207257e-02,  2.53213570e-02,  2.54276227e-02,
        2.55092420e-02,  2.56164242e-02,  2.57289056e-02,  2.58800443e-02,
        2.60416418e-02,  2.62164623e-02,  2.63802279e-02,  2.64559332e-02,
        2.65457723e-02,  2.66363751e-02,  2.67310329e-02,  2.68290956e-02,
        2.69329436e-02,  2.69938204e-02,  2.70393547e-02,  2.71152128e-02,
        2.72696372e-02,  2.74242107e-02,  2.75724810e-02,  2.77094860e-02,
        2.78481487e-02,  2.79781986e-02,  2.80926134e-02,  2.82127205e-02,
        2.83527765e-02,  2.84850597e-02,  2.86240559e-02,  2.87342183e-02,
        2.88280938e-02,  2.89293360e-02,  2.90277358e-02,  2.91188229e-02,
        2.92110201e-02,  2.93001719e-02,  2.93810237e-02,  2.94618662e-02,
        2.95420401e-02,  2.96196658e-02,  2.96931788e-02,  2.98549403e-02,
        2.99497023e-02,  3.00408080e-02,  3.01240887e-02,  3.02145611e-02,
        3.03037148e-02,  3.03875469e-02,  3.04688234e-02,  3.05498112e-02,
        3.06164976e-02,  3.06917820e-02,  3.08152568e-02,  3.09366435e-02,
        3.10492180e-02,  3.11139617e-02,  3.11772674e-02,  3.12416367e-02,
        3.13154459e-02,  3.14006619e-02,  3.14843692e-02,  3.15626264e-02,
        3.16281542e-02,  3.17004435e-02,  3.17725800e-02,  3.18466835e-02,
        3.19301262e-02,  3.20066102e-02,  3.20919603e-02,  3.21831219e-02,
        3.22932899e-02,  3.24075818e-02,  3.24594639e-02,  3.24535556e-02,
        3.25368457e-02,  3.26543264e-02,  3.27822678e-02,  3.29144076e-02,
        3.30558605e-02,  3.32192294e-02,  3.33914347e-02,  3.35567668e-02,
        3.36750597e-02,  3.38060409e-02,  3.39627974e-02,  3.41367535e-02,
        3.43311802e-02,  3.44895013e-02,  3.46215628e-02,  3.47580276e-02,
        3.49028707e-02,  3.50542441e-02,  3.51802558e-02,  3.52961794e-02,
        3.54228429e-02,  3.55771594e-02,  3.57427746e-02,  3.59131210e-02,
        3.60672921e-02,  3.61353159e-02,  3.62336822e-02,  3.64370756e-02,
        3.65807116e-02,  3.66775058e-02,  3.67621332e-02,  3.68437767e-02,
        3.69309187e-02]), 'S12_real': array([ 4.09838714e-04,  3.11878510e-04,  2.61371024e-04,  1.37423165e-04,
        1.09878369e-04,  1.06600113e-04,  1.83177181e-04,  2.46939249e-04,
        2.45747156e-04,  2.23007984e-04,  1.80830248e-04,  1.18893571e-04,
        6.66351989e-05,  5.69494441e-05,  3.60580161e-05,  2.19019130e-05,
        7.83521682e-06, -9.81520861e-06, -3.66298482e-05, -6.26100227e-05,
       -8.99536535e-05, -1.20039098e-04, -1.44640915e-04, -1.89724378e-04,
       -2.66696326e-04, -3.53525364e-04, -4.23195743e-04, -4.61163901e-04,
       -4.90303093e-04, -5.22050017e-04, -5.59898966e-04, -5.87652379e-04,
       -6.29763061e-04, -6.78452547e-04, -7.48704071e-04, -8.19976267e-04,
       -8.73717247e-04, -9.16677294e-04, -9.53095674e-04, -9.81445075e-04,
       -9.73540067e-04, -9.79373814e-04, -9.80849029e-04, -9.85982479e-04,
       -9.76028561e-04, -9.63817060e-04, -9.49936628e-04, -9.39386606e-04,
       -9.27316665e-04, -9.10135685e-04, -8.95189820e-04, -8.87031434e-04,
       -8.89326213e-04, -8.82449327e-04, -8.65834532e-04, -8.45978793e-04,
       -8.38833686e-04, -8.49048374e-04, -8.64098547e-04, -8.96218000e-04,
       -9.14382515e-04, -9.39677178e-04, -9.65500891e-04, -9.82331694e-04,
       -9.58720862e-04, -9.16803954e-04, -8.63778172e-04, -8.10826954e-04,
       -7.57533009e-04, -7.04574282e-04, -6.71426649e-04, -6.39843638e-04,
       -6.07366615e-04, -5.76700026e-04, -5.48618787e-04, -5.21759444e-04,
       -4.91711253e-04, -4.62184631e-04, -4.45607089e-04, -4.26585757e-04,
       -4.12869238e-04, -4.00635385e-04, -3.88662302e-04, -3.85570311e-04,
       -3.94600414e-04, -4.01328289e-04, -3.95252340e-04, -3.86285566e-04,
       -3.76108073e-04, -3.63561296e-04, -3.37815844e-04, -3.10408883e-04,
       -2.80621462e-04, -2.51456164e-04, -2.25110911e-04, -1.91318803e-04,
       -1.49960630e-04, -1.08721666e-04, -6.30794093e-05, -1.26464292e-05,
        3.80473211e-05,  9.08868387e-05,  1.75946392e-04,  2.58599408e-04,
        3.17190774e-04,  3.66174587e-04,  4.11537447e-04,  4.52761509e-04,
        4.96216991e-04,  5.40968904e-04,  5.90083131e-04,  6.34190568e-04,
        6.78003649e-04,  6.94324146e-04,  7.09866057e-04,  7.25162099e-04,
        7.38945673e-04,  7.71992665e-04,  8.04808747e-04,  8.48789467e-04,
        8.88188137e-04,  9.19640763e-04,  9.47788998e-04,  9.75419476e-04,
        9.99332056e-04,  1.01430400e-03,  1.08005898e-03,  1.15517201e-03,
        1.20649149e-03,  1.24356546e-03,  1.28046446e-03,  1.31920737e-03,
        1.35621068e-03,  1.39180198e-03,  1.42531097e-03,  1.48740027e-03,
        1.54968316e-03,  1.60932867e-03,  1.65404694e-03,  1.69738685e-03,
        1.74011209e-03,  1.78478938e-03,  1.83108705e-03,  1.87146536e-03,
        1.90933282e-03,  1.94936467e-03,  1.98770524e-03,  2.03740783e-03,
        2.10596039e-03,  2.16393662e-03,  2.20765290e-03,  2.25322042e-03,
        2.30267714e-03,  2.35936069e-03,  2.42538005e-03,  2.49143271e-03,
        2.54570600e-03,  2.59933504e-03,  2.66008661e-03,  2.72477209e-03,
        2.75639957e-03,  2.77981278e-03,  2.81704683e-03,  2.86658900e-03,
        2.94020399e-03,  3.00721382e-03,  3.05922586e-03,  3.08258692e-03,
        3.07725603e-03,  3.07755405e-03,  3.09014553e-03,  3.13036330e-03,
        3.18295648e-03,  3.23870848e-03,  3.28878337e-03,  3.33508453e-03,
        3.37960874e-03,  3.42324260e-03,  3.47289257e-03,  3.51886218e-03,
        3.56407906e-03,  3.60736274e-03,  3.64464126e-03,  3.67673044e-03,
        3.70418536e-03,  3.73047078e-03,  3.75721045e-03,  3.80150345e-03,
        3.84520064e-03,  3.89022008e-03,  3.93663254e-03,  3.98419658e-03,
        4.03341418e-03,  4.08285158e-03,  4.13314207e-03,  4.18643886e-03,
        4.22593765e-03,  4.27107979e-03,  4.31894511e-03,  4.37914860e-03,
        4.44192206e-03,  4.50843200e-03,  4.56168782e-03,  4.59718145e-03,
        4.63795057e-03,  4.67956485e-03,  4.72427486e-03,  4.77275439e-03,
        4.82550729e-03,  4.85399365e-03,  4.87093953e-03,  4.90118843e-03,
        4.97658644e-03,  5.05106803e-03,  5.12258802e-03,  5.18800598e-03,
        5.25190029e-03,  5.31190587e-03,  5.36467275e-03,  5.42246923e-03,
        5.49267372e-03,  5.56093408e-03,  5.63515071e-03,  5.69318514e-03,
        5.73999574e-03,  5.78905223e-03,  5.83551638e-03,  5.88010997e-03,
        5.92619786e-03,  5.97143639e-03,  6.01499062e-03,  6.05764380e-03,
        6.09983504e-03,  6.14063628e-03,  6.17979141e-03,  6.27526315e-03,
        6.33495487e-03,  6.39411015e-03,  6.45235647e-03,  6.51697628e-03,
        6.57995697e-03,  6.63943216e-03,  6.69613993e-03,  6.75421814e-03,
        6.80261152e-03,  6.84745423e-03,  6.91148546e-03,  6.97535602e-03,
        7.03439908e-03,  7.07241753e-03,  7.11174728e-03,  7.15358742e-03,
        7.20204366e-03,  7.25793466e-03,  7.30837276e-03,  7.35381851e-03,
        7.39134522e-03,  7.43508525e-03,  7.48135056e-03,  7.52896443e-03,
        7.58402143e-03,  7.63520366e-03,  7.69388862e-03,  7.75521807e-03,
        7.82550965e-03,  7.89624173e-03,  7.92652648e-03,  7.95282517e-03,
        8.02895054e-03,  8.12534709e-03,  8.22992343e-03,  8.33698921e-03,
        8.44927598e-03,  8.57429486e-03,  8.70557223e-03,  8.83358531e-03,
        8.92487820e-03,  9.02806781e-03,  9.14717000e-03,  9.27720871e-03,
        9.41576250e-03,  9.53090843e-03,  9.62988008e-03,  9.74292494e-03,
        9.86356102e-03,  9.98561922e-03,  1.00822877e-02,  1.01735927e-02,
        1.02752754e-02,  1.03972210e-02,  1.05272634e-02,  1.06606288e-02,
        1.07761221e-02,  1.08179003e-02,  1.08803958e-02,  1.10121286e-02,
        1.11104120e-02,  1.11813555e-02,  1.12407962e-02,  1.12991044e-02,
        1.13593042e-02]), 'S12_imag': array([-5.91017306e-05, -6.43171370e-05, -8.41915607e-06,  2.22861767e-04,
        3.02940607e-04,  3.63465369e-04,  3.41236591e-04,  3.29136848e-04,
        3.34568322e-04,  3.57158453e-04,  5.33487590e-04,  5.26927353e-04,
        5.52538724e-04,  7.01315585e-04,  9.31098766e-04,  1.11409230e-03,
        1.28796627e-03,  1.43523421e-03,  1.54663494e-03,  1.64129434e-03,
        1.73066382e-03,  1.81709777e-03,  1.90221285e-03,  1.96673465e-03,
        2.01961864e-03,  2.08658422e-03,  2.19302648e-03,  2.34485371e-03,
        2.54773907e-03,  2.72636930e-03,  2.93339696e-03,  3.12797818e-03,
        3.21927294e-03,  3.27753602e-03,  3.44650936e-03,  3.65199009e-03,
        3.81896272e-03,  3.97764286e-03,  4.11436986e-03,  4.21943236e-03,
        4.54809749e-03,  4.72382316e-03,  4.83022584e-03,  5.01271617e-03,
        5.26540354e-03,  5.51146269e-03,  5.73611306e-03,  5.96170872e-03,
        6.13514101e-03,  6.24799775e-03,  6.35166513e-03,  6.47578295e-03,
        6.63730456e-03,  6.75045885e-03,  6.83600223e-03,  6.94556907e-03,
        7.05994852e-03,  7.15803029e-03,  7.24310428e-03,  7.28521263e-03,
        7.32876640e-03,  7.44693354e-03,  7.56577868e-03,  7.66405370e-03,
        7.86832906e-03,  8.02920293e-03,  8.19524284e-03,  8.36254563e-03,
        8.52937438e-03,  8.69879127e-03,  8.83412082e-03,  8.97840131e-03,
        9.12455097e-03,  9.24483407e-03,  9.37915687e-03,  9.50158108e-03,
        9.63309407e-03,  9.79896914e-03,  9.96072777e-03,  1.01104882e-02,
        1.02340505e-02,  1.03534525e-02,  1.04751112e-02,  1.05756121e-02,
        1.06525933e-02,  1.07258689e-02,  1.08101331e-02,  1.08959908e-02,
        1.10657988e-02,  1.12402216e-02,  1.14222271e-02,  1.16055943e-02,
        1.17857289e-02,  1.19643575e-02,  1.21272299e-02,  1.22898892e-02,
        1.24570169e-02,  1.26493983e-02,  1.28588071e-02,  1.30468430e-02,
        1.32280802e-02,  1.33989556e-02,  1.36181042e-02,  1.38376616e-02,
        1.40255727e-02,  1.41921053e-02,  1.43453693e-02,  1.44841075e-02,
        1.46143055e-02,  1.47333434e-02,  1.49030900e-02,  1.50809176e-02,
        1.52602494e-02,  1.53683769e-02,  1.54753560e-02,  1.55851627e-02,
        1.56931393e-02,  1.57663580e-02,  1.58425756e-02,  1.59732830e-02,
        1.61039177e-02,  1.61852520e-02,  1.62422154e-02,  1.62927322e-02,
        1.63256247e-02,  1.63206793e-02,  1.65288225e-02,  1.67960562e-02,
        1.69864502e-02,  1.71371941e-02,  1.72803290e-02,  1.74141955e-02,
        1.75446440e-02,  1.76648702e-02,  1.77631844e-02,  1.79360788e-02,
        1.81163549e-02,  1.82920657e-02,  1.84274986e-02,  1.85574628e-02,
        1.86855458e-02,  1.88202616e-02,  1.89557020e-02,  1.90798659e-02,
        1.91973932e-02,  1.93175972e-02,  1.94328800e-02,  1.95672270e-02,
        1.97430160e-02,  1.98956914e-02,  2.00152528e-02,  2.01408602e-02,
        2.02740245e-02,  2.04231869e-02,  2.05965489e-02,  2.07709186e-02,
        2.09174976e-02,  2.10606009e-02,  2.12236065e-02,  2.13952977e-02,
        2.14677360e-02,  2.15169396e-02,  2.16501523e-02,  2.18168218e-02,
        2.20309384e-02,  2.22457554e-02,  2.24244837e-02,  2.25426946e-02,
        2.25996636e-02,  2.26777680e-02,  2.27751713e-02,  2.29236111e-02,
        2.30817478e-02,  2.32352726e-02,  2.33743191e-02,  2.35028490e-02,
        2.36213040e-02,  2.37368084e-02,  2.38645207e-02,  2.39810627e-02,
        2.40935236e-02,  2.41998043e-02,  2.42946539e-02,  2.43770313e-02,
        2.44459081e-02,  2.45097280e-02,  2.45735571e-02,  2.46631540e-02,
        2.47514676e-02,  2.48424914e-02,  2.49353349e-02,  2.50292402e-02,
        2.51252819e-02,  2.52207220e-02,  2.53213532e-02,  2.54276302e-02,
        2.55092420e-02,  2.56164242e-02,  2.57289093e-02,  2.58800443e-02,
        2.60416381e-02,  2.62164697e-02,  2.63802316e-02,  2.64559332e-02,
        2.65457798e-02,  2.66363788e-02,  2.67310292e-02,  2.68290993e-02,
        2.69329511e-02,  2.69938204e-02,  2.70393621e-02,  2.71152090e-02,
        2.72696409e-02,  2.74242070e-02,  2.75724847e-02,  2.77094897e-02,
        2.78481599e-02,  2.79781912e-02,  2.80926060e-02,  2.82127243e-02,
        2.83527691e-02,  2.84850635e-02,  2.86240596e-02,  2.87342146e-02,
        2.88280975e-02,  2.89293323e-02,  2.90277321e-02,  2.91188229e-02,
        2.92110164e-02,  2.93001607e-02,  2.93810237e-02,  2.94618662e-02,
        2.95420364e-02,  2.96196621e-02,  2.96931788e-02,  2.98549365e-02,
        2.99496986e-02,  3.00408117e-02,  3.01240925e-02,  3.02145574e-02,
        3.03037185e-02,  3.03875506e-02,  3.04688271e-02,  3.05498075e-02,
        3.06165013e-02,  3.06917857e-02,  3.08152605e-02,  3.09366472e-02,
        3.10492143e-02,  3.11139654e-02,  3.11772712e-02,  3.12416404e-02,
        3.13154496e-02,  3.14006656e-02,  3.14843729e-02,  3.15626226e-02,
        3.16281505e-02,  3.17004472e-02,  3.17725837e-02,  3.18466797e-02,
        3.19301300e-02,  3.20066139e-02,  3.20919566e-02,  3.21831182e-02,
        3.22932862e-02,  3.24075781e-02,  3.24594676e-02,  3.24535593e-02,
        3.25368270e-02,  3.26543301e-02,  3.27822790e-02,  3.29144038e-02,
        3.30558643e-02,  3.32192332e-02,  3.33914235e-02,  3.35567705e-02,
        3.36750634e-02,  3.38060372e-02,  3.39628085e-02,  3.41367573e-02,
        3.43311690e-02,  3.44895124e-02,  3.46215516e-02,  3.47580239e-02,
        3.49028669e-02,  3.50542553e-02,  3.51802595e-02,  3.52961831e-02,
        3.54228392e-02,  3.55771631e-02,  3.57427783e-02,  3.59131321e-02,
        3.60672809e-02,  3.61353122e-02,  3.62336710e-02,  3.64370644e-02,
        3.65807079e-02,  3.66775021e-02,  3.67621221e-02,  3.68437879e-02,
        3.69309075e-02]), 'S22_real': array([0.99961549, 0.99934322, 0.99889517, 0.99830943, 0.99753839,
       0.99655372, 0.99536973, 0.99398297, 0.99219668, 0.99011648,
       0.98777252, 0.98530084, 0.98254043, 0.98017335, 0.9777199 ,
       0.97559816, 0.97335052, 0.97089732, 0.96821767, 0.96539944,
       0.96223968, 0.9587658 , 0.9551931 , 0.95122808, 0.94669187,
       0.94266891, 0.93964547, 0.93645877, 0.9329713 , 0.92974007,
       0.92631555, 0.92303717, 0.92019099, 0.91751838, 0.91374981,
       0.91014481, 0.9073016 , 0.9046694 , 0.90234065, 0.90044421,
       0.89736903, 0.89505565, 0.89317179, 0.89106441, 0.88853246,
       0.88610935, 0.88389379, 0.88159746, 0.87990469, 0.87874466,
       0.87757623, 0.87619805, 0.87441349, 0.87310028, 0.87207907,
       0.87086964, 0.86955357, 0.86823297, 0.86688763, 0.86558557,
       0.86454642, 0.86316264, 0.86175084, 0.86042643, 0.85870171,
       0.85764468, 0.85654169, 0.85541332, 0.85426491, 0.85312074,
       0.85226291, 0.85141063, 0.85046846, 0.84964228, 0.84882194,
       0.84812427, 0.84732616, 0.84617805, 0.84544945, 0.84484541,
       0.84419495, 0.84354216, 0.84288675, 0.84222466, 0.84156674,
       0.84093887, 0.8403216 , 0.8396827 , 0.83864439, 0.83764088,
       0.83685768, 0.83607161, 0.83530784, 0.83455348, 0.83385479,
       0.83317912, 0.83249927, 0.83166552, 0.83084059, 0.83006924,
       0.82933682, 0.82864249, 0.82796866, 0.82719851, 0.82633591,
       0.82551837, 0.82471776, 0.82394946, 0.82317591, 0.82242131,
       0.82160175, 0.82097632, 0.82039952, 0.81991631, 0.81941593,
       0.81870502, 0.81792271, 0.81731147, 0.81667519, 0.8159954 ,
       0.81532794, 0.81481135, 0.81435531, 0.8139289 , 0.81358099,
       0.81344038, 0.81276542, 0.81191534, 0.81125218, 0.81058216,
       0.80993837, 0.80931896, 0.80872047, 0.80816787, 0.80770624,
       0.80691177, 0.80612856, 0.8053757 , 0.80473733, 0.80410391,
       0.80347836, 0.80280817, 0.8021093 , 0.80145538, 0.80084729,
       0.80025887, 0.79969656, 0.79905951, 0.79843247, 0.79785341,
       0.79735315, 0.79684287, 0.79630071, 0.79571092, 0.79502636,
       0.79434592, 0.79374784, 0.79320532, 0.79252368, 0.79182386,
       0.79095197, 0.79004174, 0.78939003, 0.78857851, 0.7871291 ,
       0.78619027, 0.78593719, 0.7855432 , 0.7850908 , 0.78450859,
       0.78390205, 0.78317642, 0.78234732, 0.78151989, 0.78077275,
       0.78007483, 0.77940226, 0.77873647, 0.77794391, 0.77718204,
       0.77643299, 0.77570271, 0.77503943, 0.7743845 , 0.77373493,
       0.77304131, 0.7722891 , 0.77153111, 0.77078855, 0.77003074,
       0.76924264, 0.76844513, 0.76763487, 0.7668395 , 0.76604247,
       0.76519769, 0.76451236, 0.76373452, 0.76282299, 0.76214737,
       0.76152509, 0.76086378, 0.76029187, 0.75976628, 0.75906849,
       0.75834477, 0.75754809, 0.75666422, 0.7556898 , 0.75510979,
       0.75469494, 0.75402296, 0.7531563 , 0.75227761, 0.75141054,
       0.75058496, 0.74979544, 0.74904203, 0.74834949, 0.74760234,
       0.74670142, 0.74581701, 0.74488533, 0.74407375, 0.74334967,
       0.74262798, 0.74189454, 0.74115884, 0.74040306, 0.73964375,
       0.73889959, 0.73816383, 0.73742604, 0.73669946, 0.73598242,
       0.73457104, 0.7336179 , 0.73268324, 0.73179734, 0.73090422,
       0.73004448, 0.72923517, 0.72848034, 0.72772384, 0.72706252,
       0.72632962, 0.72528273, 0.72420663, 0.72317618, 0.72244376,
       0.72176063, 0.72105777, 0.72025996, 0.71934795, 0.71846128,
       0.71768856, 0.71706069, 0.71632326, 0.71553493, 0.71472657,
       0.7138114 , 0.71293598, 0.71191043, 0.71083701, 0.7096945 ,
       0.70852447, 0.70804822, 0.70778459, 0.70706117, 0.70615774,
       0.70524299, 0.70430124, 0.70333606, 0.70232892, 0.70129138,
       0.70022905, 0.69953054, 0.69875479, 0.69784671, 0.69687164,
       0.69584322, 0.69498038, 0.69422209, 0.69332671, 0.69223565,
       0.69114268, 0.69029778, 0.68950188, 0.68861365, 0.6875326 ,
       0.68644798, 0.68533075, 0.68433553, 0.6838665 , 0.68324327,
       0.68201983, 0.68086976, 0.67980933, 0.67881131, 0.67785043,
       0.67688727]), 'S22_imag': array([-0.00550018, -0.00801949, -0.01124902, -0.01788878, -0.02379342,
       -0.03077546, -0.03730703, -0.04302398, -0.04893878, -0.05445779,
       -0.06099091, -0.06630027, -0.07156867, -0.07624668, -0.08151113,
       -0.0858353 , -0.09000056, -0.09403815, -0.09767362, -0.10103446,
       -0.10449443, -0.10793335, -0.11089199, -0.1140138 , -0.11752896,
       -0.12050175, -0.12329993, -0.12623402, -0.12923765, -0.13202153,
       -0.13489613, -0.13754496, -0.1394735 , -0.14109363, -0.14356695,
       -0.14592433, -0.14772072, -0.14932902, -0.15070426, -0.15176119,
       -0.15381502, -0.15523557, -0.15637006, -0.15773965, -0.15934181,
       -0.16083634, -0.16219623, -0.16360171, -0.16474268, -0.1655751 ,
       -0.16635405, -0.1671927 , -0.16815639, -0.16888925, -0.16957821,
       -0.17049785, -0.17148378, -0.1723945 , -0.17327963, -0.17416033,
       -0.17489213, -0.17584957, -0.17680255, -0.17780194, -0.17958142,
       -0.18084791, -0.18213883, -0.18343505, -0.18473776, -0.18603753,
       -0.18700932, -0.18801446, -0.18904732, -0.18994835, -0.19085525,
       -0.19170946, -0.19265196, -0.19370435, -0.19481228, -0.19582881,
       -0.19665705, -0.19747128, -0.19828941, -0.19919844, -0.20017245,
       -0.20114611, -0.20226651, -0.20341016, -0.20497146, -0.20643318,
       -0.20782097, -0.20922522, -0.21062592, -0.21201615, -0.21329407,
       -0.21464354, -0.21609387, -0.21787724, -0.21975686, -0.22156642,
       -0.2232953 , -0.22488151, -0.22648005, -0.22819671, -0.22971725,
       -0.23108236, -0.23239875, -0.2336604 , -0.23491442, -0.23607264,
       -0.23737429, -0.23846385, -0.23951577, -0.2403903 , -0.24126281,
       -0.24242692, -0.24428633, -0.24571052, -0.24713638, -0.24876672,
       -0.25042447, -0.25173172, -0.25286445, -0.25390249, -0.25477996,
       -0.25531757, -0.25696528, -0.25904688, -0.26053599, -0.2617563 ,
       -0.2629655 , -0.26430252, -0.26558602, -0.26676702, -0.26775393,
       -0.26958403, -0.27144334, -0.27317643, -0.27454573, -0.27588993,
       -0.27722573, -0.27866355, -0.28025845, -0.28176627, -0.2831271 ,
       -0.28443897, -0.28567752, -0.28721505, -0.28880736, -0.29022965,
       -0.29137918, -0.29257691, -0.29383469, -0.29522723, -0.29685831,
       -0.298491  , -0.29974994, -0.30064279, -0.3017891 , -0.30296841,
       -0.3044754 , -0.30605841, -0.30740693, -0.30910665, -0.31199044,
       -0.31392321, -0.31458685, -0.31565568, -0.31687096, -0.31832805,
       -0.31972235, -0.32106364, -0.32260719, -0.32415584, -0.32556033,
       -0.3268691 , -0.32813275, -0.3293891 , -0.33088118, -0.33232361,
       -0.33373258, -0.33509544, -0.33633769, -0.33755374, -0.33862767,
       -0.33978051, -0.34102941, -0.34236464, -0.34367201, -0.34500319,
       -0.34637749, -0.34777111, -0.34919289, -0.35058323, -0.35199031,
       -0.35346538, -0.35496327, -0.35675907, -0.35884628, -0.36008322,
       -0.36118272, -0.36246103, -0.36356533, -0.36456347, -0.3658652 ,
       -0.36721963, -0.36868289, -0.37029544, -0.37208557, -0.37326807,
       -0.37406027, -0.37506998, -0.3768529 , -0.37862277, -0.38034895,
       -0.38195679, -0.38348266, -0.38492453, -0.38625243, -0.38767657,
       -0.38933545, -0.39096591, -0.39271054, -0.39417869, -0.39543059,
       -0.39668712, -0.39790621, -0.39910969, -0.40035003, -0.40160641,
       -0.40297547, -0.40432259, -0.40565726, -0.40694889, -0.40821692,
       -0.41060832, -0.41214335, -0.41363132, -0.41504419, -0.41647366,
       -0.41784969, -0.41914862, -0.42037693, -0.42162034, -0.4226988 ,
       -0.42377809, -0.42528278, -0.42680919, -0.42820573, -0.42916086,
       -0.43010637, -0.43112838, -0.43235442, -0.43376267, -0.43512061,
       -0.43627739, -0.43718112, -0.43825206, -0.4394047 , -0.44058368,
       -0.44193065, -0.44319355, -0.44467336, -0.44622734, -0.44791162,
       -0.44968128, -0.45066839, -0.45110998, -0.45233497, -0.45370564,
       -0.45502704, -0.45635688, -0.45773339, -0.45923808, -0.46078378,
       -0.46235111, -0.4636319 , -0.46504262, -0.46663734, -0.46833619,
       -0.47009042, -0.47158167, -0.47291896, -0.47444668, -0.47619215,
       -0.47794387, -0.47935331, -0.48068488, -0.48213109, -0.48386934,
       -0.4856222 , -0.48742315, -0.48906684, -0.4899849 , -0.4911882 ,
       -0.49339315, -0.49517348, -0.49663103, -0.49798083, -0.49931258,
       -0.50064981])}
2026-01-08 17:31:40 - INFO - 预测完成!
2026-01-08 17:31:40 - INFO - 计算幅度和相位...
2026-01-08 17:31:40 - INFO -   S11: 幅度范围 [0.9958, 0.9999], 相位范围 [-3.9°, 0.1°]
2026-01-08 17:31:40 - INFO -   S21: 幅度范围 [0.0003, 0.0386], 相位范围 [-11.7°, 103.1°]
2026-01-08 17:31:40 - INFO -   S12: 幅度范围 [0.0003, 0.0386], 相位范围 [-11.7°, 103.1°]
2026-01-08 17:31:40 - INFO -   S22: 幅度范围 [0.8391, 0.9996], 相位范围 [-36.5°, -0.3°]
2026-01-08 17:31:40 - INFO - 
计算预测误差...
2026-01-08 17:31:40 - INFO -   S11_real:
2026-01-08 17:31:40 - INFO -     绝对误差 - 均值: 0.000685, 最大: 0.001461
2026-01-08 17:31:40 - INFO -     相对误差 - 均值: 0.07%, 最大: 0.15%
2026-01-08 17:31:40 - INFO -   S11_imag:
2026-01-08 17:31:40 - INFO -     绝对误差 - 均值: 0.002783, 最大: 0.005289
2026-01-08 17:31:40 - INFO -     相对误差 - 均值: 9.60%, 最大: 124.61%
2026-01-08 17:31:40 - INFO -   S21_real:
2026-01-08 17:31:40 - INFO -     绝对误差 - 均值: 0.000683, 最大: 0.001198
2026-01-08 17:31:40 - INFO -     相对误差 - 均值: 169.55%, 最大: 11005.07%
2026-01-08 17:31:40 - INFO -   S21_imag:
2026-01-08 17:31:40 - INFO -     绝对误差 - 均值: 0.001783, 最大: 0.003230
2026-01-08 17:31:40 - INFO -     相对误差 - 均值: 13.40%, 最大: 268.65%
2026-01-08 17:31:40 - INFO -   S12_real:
2026-01-08 17:31:40 - INFO -     绝对误差 - 均值: 0.000683, 最大: 0.001199
2026-01-08 17:31:40 - INFO -     相对误差 - 均值: 169.55%, 最大: 11005.53%
2026-01-08 17:31:40 - INFO -   S12_imag:
2026-01-08 17:31:40 - INFO -     绝对误差 - 均值: 0.001783, 最大: 0.003230
2026-01-08 17:31:40 - INFO -     相对误差 - 均值: 13.40%, 最大: 268.65%
2026-01-08 17:31:40 - INFO -   S22_real:
2026-01-08 17:31:40 - INFO -     绝对误差 - 均值: 0.010827, 最大: 0.013838
2026-01-08 17:31:40 - INFO -     相对误差 - 均值: 1.40%, 最大: 2.02%
2026-01-08 17:31:40 - INFO -   S22_imag:
2026-01-08 17:31:40 - INFO -     绝对误差 - 均值: 0.007366, 最大: 0.013209
2026-01-08 17:31:40 - INFO -     相对误差 - 均值: 3.15%, 最大: 22.60%
2026-01-08 17:31:40 - INFO - 
开始绘制S参数对比图，保存到: s_param_evaluation_results
2026-01-08 17:31:41 - INFO - 实部/虚部对比图已保存: s_param_evaluation_results/s_param_real_imag_comparison.png
2026-01-08 17:31:42 - INFO - dB对比图已保存: s_param_evaluation_results/s_param_db_comparison.png
2026-01-08 17:31:42 - INFO - 
绘制误差分析图...
2026-01-08 17:31:42 - INFO - 绝对误差图已保存: s_param_evaluation_results/absolute_error_vs_frequency.png
2026-01-08 17:31:43 - INFO - 相对误差分布图已保存: s_param_evaluation_results/relative_error_distribution.png
2026-01-08 17:31:43 - INFO - 
创建评估总结报告...
2026-01-08 17:31:43 - INFO - 评估报告已保存: s_param_evaluation_results/evaluation_report.txt
2026-01-08 17:31:43 - INFO - ================================================================================
S参数模型预测评估报告
================================================================================

生成时间: 2026-01-08 17:31:43

频率范围: 0.00 GHz 到 30.00 GHz
频率点数: 301

S11 误差统计:
  real绝对误差: 均值=0.000685, 最大=0.001461
  real相对误差: 均值=0.07%, 最大=0.15%
  imag绝对误差: 均值=0.002783, 最大=0.005289
  imag相对误差: 均值=9.57%, 最大=124.61%

S21 误差统计:
  real绝对误差: 均值=0.000683, 最大=0.001198
  real相对误差: 均值=73.15%, 最大=966.26%
  imag绝对误差: 均值=0.001783, 最大=0.003230
  imag相对误差: 均值=13.36%, 最大=268.65%

S12 误差统计:
  real绝对误差: 均值=0.000683, 最大=0.001199
  real相对误差: 均值=73.15%, 最大=966.27%
  imag绝对误差: 均值=0.001783, 最大=0.003230
  imag相对误差: 均值=13.36%, 最大=268.65%

S22 误差统计:
  real绝对误差: 均值=0.010827, 最大=0.013838
  real相对误差: 均值=1.40%, 最大=2.02%
  imag绝对误差: 均值=0.007366, 最大=0.013209
  imag相对误差: 均值=3.14%, 最大=22.60%


S参数dB误差统计:
  S11: RMSE=0.01 dB, MAE=0.00 dB
  S21: RMSE=10.06 dB, MAE=1.57 dB
  S12: RMSE=10.06 dB, MAE=1.57 dB
  S22: RMSE=0.08 dB, MAE=0.07 dB


总体性能评估:
  整体绝对误差: 均值=0.003324, 最大=0.013838
2026-01-08 17:31:43 - INFO - 
================================================================================
2026-01-08 17:31:43 - INFO - 评估完成!
2026-01-08 17:31:43 - INFO - 所有结果已保存到: s_param_evaluation_results
2026-01-08 17:31:43 - INFO - ================================================================================
2026-01-08 17:31:43 - INFO - 
程序运行完成，日志已保存到: logs/training_20260108_173133.log
2026-01-08 17:31:43 - INFO - ============================================================
