2026-01-08 17:09:29 - INFO - 日志文件保存到: logs/training_20260108_170929.log
2026-01-08 17:09:29 - INFO - 选择模型类型 (1: CnnNet, 2: ResidualNet): 
2026-01-08 17:09:30 - INFO - 选择运行模式 (1: 仅训练神经网络, 2: 仅运行遗传算法, 3: 测试S参数曲线: 
2026-01-08 17:09:32 - ERROR - /home/hhabu/work_src/DL_IOMN_src/example/main.py:553: FutureWarning: You are using `torch.load` with `weights_only=False` (the current default value), which uses the default pickle module implicitly. It is possible to construct malicious pickle data which will execute arbitrary code during unpickling (See https://github.com/pytorch/pytorch/blob/main/SECURITY.md#untrusted-models for more details). In a future release, the default value for `weights_only` will be flipped to `True`. This limits the functions that could be executed during unpickling. Arbitrary objects will no longer be allowed to be loaded via this mode unless they are explicitly allowlisted by the user via `torch.serialization.add_safe_globals`. We recommend you start setting `weights_only=True` for any use case where you don't have full control of the loaded file. Please open an issue on GitHub for any issues related to this experimental feature.
  checkpoint = torch.load(model_path)

2026-01-08 17:09:32 - INFO - 
==================================================
2026-01-08 17:09:32 - INFO - 创建空白模型：
2026-01-08 17:09:32 - INFO - 
==================================================
2026-01-08 17:09:32 - INFO - 
==================================================
2026-01-08 17:09:32 - INFO - 模型加载：
2026-01-08 17:09:32 - INFO - 
==================================================
2026-01-08 17:09:32 - INFO - ModelManager初始化完成，使用设备: cuda
2026-01-08 17:09:32 - INFO - 检查点目录: frequency_checkpoints/best_model.pth
2026-01-08 17:09:32 - INFO - 
================================================================================
2026-01-08 17:09:32 - INFO - 开始完整的S参数模型评估
2026-01-08 17:09:32 - INFO - ================================================================================
2026-01-08 17:09:32 - INFO - 加载真实数据: s_params_varification.txt
2026-01-08 17:09:32 - INFO - 数据加载成功，形状: (301, 10)
2026-01-08 17:09:32 - INFO - 列名: ['ID', 'Freq(Hz)', 'S11_real', 'S11_imag', 'S21_real', 'S21_imag', 'S12_real', 'S12_imag', 'S22_real', 'S22_imag']
2026-01-08 17:09:32 - INFO - 频率范围: 0.00e+00 Hz 到 3.00e+10 Hz
2026-01-08 17:09:32 - INFO - 频率范围: 0.00 GHz 到 30.00 GHz
2026-01-08 17:09:32 - INFO - 数据点数: 301
2026-01-08 17:09:32 - INFO - 开始预测 301 个频率点的S参数...
2026-01-08 17:09:32 - INFO -   预测进度: 1/301
2026-01-08 17:09:32 - INFO - (tensor([[[[1., 0., 0., 1., 0., 0., 1., 1., 0., 0., 1., 1., 0., 1., 1., 0., 0.,
           0., 1.],
          [1., 0., 1., 1., 0., 1., 0., 0., 1., 0., 0., 1., 0., 0., 0., 0., 0.,
           1., 0.],
          [0., 1., 0., 0., 0., 0., 0., 1., 0., 0., 1., 0., 0., 1., 1., 0., 0.,
           0., 0.],
          [1., 1., 0., 1., 0., 1., 1., 0., 1., 1., 0., 1., 0., 0., 1., 0., 0.,
           1., 1.],
          [1., 0., 0., 0., 0., 0., 1., 0., 0., 0., 0., 1., 1., 1., 0., 1., 1.,
           0., 1.],
          [1., 0., 0., 0., 1., 1., 1., 1., 0., 0., 1., 1., 0., 1., 1., 1., 1.,
           1., 0.],
          [0., 1., 0., 0., 1., 1., 0., 0., 1., 1., 1., 0., 0., 0., 0., 0., 1.,
           0., 1.],
          [1., 0., 1., 1., 0., 1., 1., 1., 1., 0., 0., 1., 0., 1., 0., 1., 0.,
           0., 0.],
          [0., 1., 0., 1., 0., 1., 1., 0., 0., 0., 0., 0., 1., 1., 1., 0., 1.,
           1., 0.],
          [1., 1., 0., 0., 1., 1., 0., 1., 1., 0., 1., 1., 1., 0., 0., 0., 1.,
           1., 1.],
          [0., 0., 1., 0., 0., 1., 1., 0., 1., 0., 1., 0., 0., 1., 0., 0., 0.,
           0., 0.],
          [1., 0., 1., 1., 1., 1., 0., 1., 0., 0., 1., 1., 1., 0., 0., 0., 1.,
           1., 0.],
          [1., 0., 0., 1., 0., 1., 1., 0., 1., 1., 1., 1., 1., 1., 1., 1., 0.,
           1., 1.],
          [0., 0., 0., 0., 1., 1., 0., 1., 1., 1., 1., 0., 1., 1., 0., 1., 1.,
           0., 1.],
          [1., 0., 1., 1., 0., 1., 0., 0., 1., 0., 0., 0., 0., 0., 1., 0., 0.,
           1., 0.],
          [1., 1., 0., 0., 1., 0., 0., 0., 0., 1., 0., 0., 1., 0., 0., 0., 1.,
           1., 1.],
          [1., 1., 1., 0., 0., 1., 1., 0., 0., 1., 0., 0., 1., 0., 1., 0., 1.,
           0., 0.],
          [0., 1., 0., 0., 1., 0., 0., 1., 1., 1., 0., 1., 1., 0., 1., 0., 0.,
           1., 1.],
          [1., 0., 0., 0., 1., 1., 0., 1., 1., 0., 1., 0., 0., 0., 1., 1., 0.,
           1., 0.]]]], device='cuda:0'), tensor([[-0.0033]], device='cuda:0'))
2026-01-08 17:09:33 - INFO - [ 9.9944121e-01 -6.1137434e-03  5.0027570e-04  8.1311911e-05
  5.0022913e-04  8.1304461e-05  9.9984652e-01  1.5437230e-04]
2026-01-08 17:09:33 - INFO - (tensor([[[[1., 0., 0., 1., 0., 0., 1., 1., 0., 0., 1., 1., 0., 1., 1., 0., 0.,
           0., 1.],
          [1., 0., 1., 1., 0., 1., 0., 0., 1., 0., 0., 1., 0., 0., 0., 0., 0.,
           1., 0.],
          [0., 1., 0., 0., 0., 0., 0., 1., 0., 0., 1., 0., 0., 1., 1., 0., 0.,
           0., 0.],
          [1., 1., 0., 1., 0., 1., 1., 0., 1., 1., 0., 1., 0., 0., 1., 0., 0.,
           1., 1.],
          [1., 0., 0., 0., 0., 0., 1., 0., 0., 0., 0., 1., 1., 1., 0., 1., 1.,
           0., 1.],
          [1., 0., 0., 0., 1., 1., 1., 1., 0., 0., 1., 1., 0., 1., 1., 1., 1.,
           1., 0.],
          [0., 1., 0., 0., 1., 1., 0., 0., 1., 1., 1., 0., 0., 0., 0., 0., 1.,
           0., 1.],
          [1., 0., 1., 1., 0., 1., 1., 1., 1., 0., 0., 1., 0., 1., 0., 1., 0.,
           0., 0.],
          [0., 1., 0., 1., 0., 1., 1., 0., 0., 0., 0., 0., 1., 1., 1., 0., 1.,
           1., 0.],
          [1., 1., 0., 0., 1., 1., 0., 1., 1., 0., 1., 1., 1., 0., 0., 0., 1.,
           1., 1.],
          [0., 0., 1., 0., 0., 1., 1., 0., 1., 0., 1., 0., 0., 1., 0., 0., 0.,
           0., 0.],
          [1., 0., 1., 1., 1., 1., 0., 1., 0., 0., 1., 1., 1., 0., 0., 0., 1.,
           1., 0.],
          [1., 0., 0., 1., 0., 1., 1., 0., 1., 1., 1., 1., 1., 1., 1., 1., 0.,
           1., 1.],
          [0., 0., 0., 0., 1., 1., 0., 1., 1., 1., 1., 0., 1., 1., 0., 1., 1.,
           0., 1.],
          [1., 0., 1., 1., 0., 1., 0., 0., 1., 0., 0., 0., 0., 0., 1., 0., 0.,
           1., 0.],
          [1., 1., 0., 0., 1., 0., 0., 0., 0., 1., 0., 0., 1., 0., 0., 0., 1.,
           1., 1.],
          [1., 1., 1., 0., 0., 1., 1., 0., 0., 1., 0., 0., 1., 0., 1., 0., 1.,
           0., 0.],
          [0., 1., 0., 0., 1., 0., 0., 1., 1., 1., 0., 1., 1., 0., 1., 0., 0.,
           1., 1.],
          [1., 0., 0., 0., 1., 1., 0., 1., 1., 0., 1., 0., 0., 0., 1., 1., 0.,
           1., 0.]]]], device='cuda:0'), tensor([[0.]], device='cuda:0'))
2026-01-08 17:09:33 - INFO - [ 9.9910098e-01 -9.5529594e-03  4.7927999e-04  2.3876503e-04
  4.7927067e-04  2.3875758e-04  9.9979496e-01 -3.4260750e-04]
2026-01-08 17:09:33 - INFO - (tensor([[[[1., 0., 0., 1., 0., 0., 1., 1., 0., 0., 1., 1., 0., 1., 1., 0., 0.,
           0., 1.],
          [1., 0., 1., 1., 0., 1., 0., 0., 1., 0., 0., 1., 0., 0., 0., 0., 0.,
           1., 0.],
          [0., 1., 0., 0., 0., 0., 0., 1., 0., 0., 1., 0., 0., 1., 1., 0., 0.,
           0., 0.],
          [1., 1., 0., 1., 0., 1., 1., 0., 1., 1., 0., 1., 0., 0., 1., 0., 0.,
           1., 1.],
          [1., 0., 0., 0., 0., 0., 1., 0., 0., 0., 0., 1., 1., 1., 0., 1., 1.,
           0., 1.],
          [1., 0., 0., 0., 1., 1., 1., 1., 0., 0., 1., 1., 0., 1., 1., 1., 1.,
           1., 0.],
          [0., 1., 0., 0., 1., 1., 0., 0., 1., 1., 1., 0., 0., 0., 0., 0., 1.,
           0., 1.],
          [1., 0., 1., 1., 0., 1., 1., 1., 1., 0., 0., 1., 0., 1., 0., 1., 0.,
           0., 0.],
          [0., 1., 0., 1., 0., 1., 1., 0., 0., 0., 0., 0., 1., 1., 1., 0., 1.,
           1., 0.],
          [1., 1., 0., 0., 1., 1., 0., 1., 1., 0., 1., 1., 1., 0., 0., 0., 1.,
           1., 1.],
          [0., 0., 1., 0., 0., 1., 1., 0., 1., 0., 1., 0., 0., 1., 0., 0., 0.,
           0., 0.],
          [1., 0., 1., 1., 1., 1., 0., 1., 0., 0., 1., 1., 1., 0., 0., 0., 1.,
           1., 0.],
          [1., 0., 0., 1., 0., 1., 1., 0., 1., 1., 1., 1., 1., 1., 1., 1., 0.,
           1., 1.],
          [0., 0., 0., 0., 1., 1., 0., 1., 1., 1., 1., 0., 1., 1., 0., 1., 1.,
           0., 1.],
          [1., 0., 1., 1., 0., 1., 0., 0., 1., 0., 0., 0., 0., 0., 1., 0., 0.,
           1., 0.],
          [1., 1., 0., 0., 1., 0., 0., 0., 0., 1., 0., 0., 1., 0., 0., 0., 1.,
           1., 1.],
          [1., 1., 1., 0., 0., 1., 1., 0., 0., 1., 0., 0., 1., 0., 1., 0., 1.,
           0., 0.],
          [0., 1., 0., 0., 1., 0., 0., 1., 1., 1., 0., 1., 1., 0., 1., 0., 0.,
           1., 1.],
          [1., 0., 0., 0., 1., 1., 0., 1., 1., 0., 1., 0., 0., 0., 1., 1., 0.,
           1., 0.]]]], device='cuda:0'), tensor([[0.0033]], device='cuda:0'))
2026-01-08 17:09:33 - INFO - [ 9.9853987e-01 -1.5412771e-02  5.4213306e-04  2.2833422e-04
  5.4213119e-04  2.2834167e-04  9.9973053e-01 -9.9664519e-04]
2026-01-08 17:09:33 - INFO - (tensor([[[[1., 0., 0., 1., 0., 0., 1., 1., 0., 0., 1., 1., 0., 1., 1., 0., 0.,
           0., 1.],
          [1., 0., 1., 1., 0., 1., 0., 0., 1., 0., 0., 1., 0., 0., 0., 0., 0.,
           1., 0.],
          [0., 1., 0., 0., 0., 0., 0., 1., 0., 0., 1., 0., 0., 1., 1., 0., 0.,
           0., 0.],
          [1., 1., 0., 1., 0., 1., 1., 0., 1., 1., 0., 1., 0., 0., 1., 0., 0.,
           1., 1.],
          [1., 0., 0., 0., 0., 0., 1., 0., 0., 0., 0., 1., 1., 1., 0., 1., 1.,
           0., 1.],
          [1., 0., 0., 0., 1., 1., 1., 1., 0., 0., 1., 1., 0., 1., 1., 1., 1.,
           1., 0.],
          [0., 1., 0., 0., 1., 1., 0., 0., 1., 1., 1., 0., 0., 0., 0., 0., 1.,
           0., 1.],
          [1., 0., 1., 1., 0., 1., 1., 1., 1., 0., 0., 1., 0., 1., 0., 1., 0.,
           0., 0.],
          [0., 1., 0., 1., 0., 1., 1., 0., 0., 0., 0., 0., 1., 1., 1., 0., 1.,
           1., 0.],
          [1., 1., 0., 0., 1., 1., 0., 1., 1., 0., 1., 1., 1., 0., 0., 0., 1.,
           1., 1.],
          [0., 0., 1., 0., 0., 1., 1., 0., 1., 0., 1., 0., 0., 1., 0., 0., 0.,
           0., 0.],
          [1., 0., 1., 1., 1., 1., 0., 1., 0., 0., 1., 1., 1., 0., 0., 0., 1.,
           1., 0.],
          [1., 0., 0., 1., 0., 1., 1., 0., 1., 1., 1., 1., 1., 1., 1., 1., 0.,
           1., 1.],
          [0., 0., 0., 0., 1., 1., 0., 1., 1., 1., 1., 0., 1., 1., 0., 1., 1.,
           0., 1.],
          [1., 0., 1., 1., 0., 1., 0., 0., 1., 0., 0., 0., 0., 0., 1., 0., 0.,
           1., 0.],
          [1., 1., 0., 0., 1., 0., 0., 0., 0., 1., 0., 0., 1., 0., 0., 0., 1.,
           1., 1.],
          [1., 1., 1., 0., 0., 1., 1., 0., 0., 1., 0., 0., 1., 0., 1., 0., 1.,
           0., 0.],
          [0., 1., 0., 0., 1., 0., 0., 1., 1., 1., 0., 1., 1., 0., 1., 0., 0.,
           1., 1.],
          [1., 0., 0., 0., 1., 1., 0., 1., 1., 0., 1., 0., 0., 0., 1., 1., 0.,
           1., 0.]]]], device='cuda:0'), tensor([[0.0067]], device='cuda:0'))
2026-01-08 17:09:33 - INFO - [ 9.9766749e-01 -2.5621390e-02  5.5981328e-04  4.5583022e-04
  5.5979652e-04  4.5582649e-04  9.9968129e-01 -1.5248347e-03]
2026-01-08 17:09:33 - INFO - (tensor([[[[1., 0., 0., 1., 0., 0., 1., 1., 0., 0., 1., 1., 0., 1., 1., 0., 0.,
           0., 1.],
          [1., 0., 1., 1., 0., 1., 0., 0., 1., 0., 0., 1., 0., 0., 0., 0., 0.,
           1., 0.],
          [0., 1., 0., 0., 0., 0., 0., 1., 0., 0., 1., 0., 0., 1., 1., 0., 0.,
           0., 0.],
          [1., 1., 0., 1., 0., 1., 1., 0., 1., 1., 0., 1., 0., 0., 1., 0., 0.,
           1., 1.],
          [1., 0., 0., 0., 0., 0., 1., 0., 0., 0., 0., 1., 1., 1., 0., 1., 1.,
           0., 1.],
          [1., 0., 0., 0., 1., 1., 1., 1., 0., 0., 1., 1., 0., 1., 1., 1., 1.,
           1., 0.],
          [0., 1., 0., 0., 1., 1., 0., 0., 1., 1., 1., 0., 0., 0., 0., 0., 1.,
           0., 1.],
          [1., 0., 1., 1., 0., 1., 1., 1., 1., 0., 0., 1., 0., 1., 0., 1., 0.,
           0., 0.],
          [0., 1., 0., 1., 0., 1., 1., 0., 0., 0., 0., 0., 1., 1., 1., 0., 1.,
           1., 0.],
          [1., 1., 0., 0., 1., 1., 0., 1., 1., 0., 1., 1., 1., 0., 0., 0., 1.,
           1., 1.],
          [0., 0., 1., 0., 0., 1., 1., 0., 1., 0., 1., 0., 0., 1., 0., 0., 0.,
           0., 0.],
          [1., 0., 1., 1., 1., 1., 0., 1., 0., 0., 1., 1., 1., 0., 0., 0., 1.,
           1., 0.],
          [1., 0., 0., 1., 0., 1., 1., 0., 1., 1., 1., 1., 1., 1., 1., 1., 0.,
           1., 1.],
          [0., 0., 0., 0., 1., 1., 0., 1., 1., 1., 1., 0., 1., 1., 0., 1., 1.,
           0., 1.],
          [1., 0., 1., 1., 0., 1., 0., 0., 1., 0., 0., 0., 0., 0., 1., 0., 0.,
           1., 0.],
          [1., 1., 0., 0., 1., 0., 0., 0., 0., 1., 0., 0., 1., 0., 0., 0., 1.,
           1., 1.],
          [1., 1., 1., 0., 0., 1., 1., 0., 0., 1., 0., 0., 1., 0., 1., 0., 1.,
           0., 0.],
          [0., 1., 0., 0., 1., 0., 0., 1., 1., 1., 0., 1., 1., 0., 1., 0., 0.,
           1., 1.],
          [1., 0., 0., 0., 1., 1., 0., 1., 1., 0., 1., 0., 0., 0., 1., 1., 0.,
           1., 0.]]]], device='cuda:0'), tensor([[0.0100]], device='cuda:0'))
2026-01-08 17:09:33 - INFO - [ 9.9648660e-01 -3.1981796e-02  4.6678536e-04  4.1325015e-04
  4.6678350e-04  4.1323897e-04  9.9963397e-01 -1.8877514e-03]
2026-01-08 17:09:33 - INFO - (tensor([[[[1., 0., 0., 1., 0., 0., 1., 1., 0., 0., 1., 1., 0., 1., 1., 0., 0.,
           0., 1.],
          [1., 0., 1., 1., 0., 1., 0., 0., 1., 0., 0., 1., 0., 0., 0., 0., 0.,
           1., 0.],
          [0., 1., 0., 0., 0., 0., 0., 1., 0., 0., 1., 0., 0., 1., 1., 0., 0.,
           0., 0.],
          [1., 1., 0., 1., 0., 1., 1., 0., 1., 1., 0., 1., 0., 0., 1., 0., 0.,
           1., 1.],
          [1., 0., 0., 0., 0., 0., 1., 0., 0., 0., 0., 1., 1., 1., 0., 1., 1.,
           0., 1.],
          [1., 0., 0., 0., 1., 1., 1., 1., 0., 0., 1., 1., 0., 1., 1., 1., 1.,
           1., 0.],
          [0., 1., 0., 0., 1., 1., 0., 0., 1., 1., 1., 0., 0., 0., 0., 0., 1.,
           0., 1.],
          [1., 0., 1., 1., 0., 1., 1., 1., 1., 0., 0., 1., 0., 1., 0., 1., 0.,
           0., 0.],
          [0., 1., 0., 1., 0., 1., 1., 0., 0., 0., 0., 0., 1., 1., 1., 0., 1.,
           1., 0.],
          [1., 1., 0., 0., 1., 1., 0., 1., 1., 0., 1., 1., 1., 0., 0., 0., 1.,
           1., 1.],
          [0., 0., 1., 0., 0., 1., 1., 0., 1., 0., 1., 0., 0., 1., 0., 0., 0.,
           0., 0.],
          [1., 0., 1., 1., 1., 1., 0., 1., 0., 0., 1., 1., 1., 0., 0., 0., 1.,
           1., 0.],
          [1., 0., 0., 1., 0., 1., 1., 0., 1., 1., 1., 1., 1., 1., 1., 1., 0.,
           1., 1.],
          [0., 0., 0., 0., 1., 1., 0., 1., 1., 1., 1., 0., 1., 1., 0., 1., 1.,
           0., 1.],
          [1., 0., 1., 1., 0., 1., 0., 0., 1., 0., 0., 0., 0., 0., 1., 0., 0.,
           1., 0.],
          [1., 1., 0., 0., 1., 0., 0., 0., 0., 1., 0., 0., 1., 0., 0., 0., 1.,
           1., 1.],
          [1., 1., 1., 0., 0., 1., 1., 0., 0., 1., 0., 0., 1., 0., 1., 0., 1.,
           0., 0.],
          [0., 1., 0., 0., 1., 0., 0., 1., 1., 1., 0., 1., 1., 0., 1., 0., 0.,
           1., 1.],
          [1., 0., 0., 0., 1., 1., 0., 1., 1., 0., 1., 0., 0., 0., 1., 1., 0.,
           1., 0.]]]], device='cuda:0'), tensor([[0.0134]], device='cuda:0'))
2026-01-08 17:09:33 - INFO - [ 9.9491227e-01 -3.8671106e-02  4.2474174e-04  3.9058548e-04
  4.2475478e-04  3.9057803e-04  9.9958295e-01 -2.2154003e-03]
2026-01-08 17:09:33 - INFO - (tensor([[[[1., 0., 0., 1., 0., 0., 1., 1., 0., 0., 1., 1., 0., 1., 1., 0., 0.,
           0., 1.],
          [1., 0., 1., 1., 0., 1., 0., 0., 1., 0., 0., 1., 0., 0., 0., 0., 0.,
           1., 0.],
          [0., 1., 0., 0., 0., 0., 0., 1., 0., 0., 1., 0., 0., 1., 1., 0., 0.,
           0., 0.],
          [1., 1., 0., 1., 0., 1., 1., 0., 1., 1., 0., 1., 0., 0., 1., 0., 0.,
           1., 1.],
          [1., 0., 0., 0., 0., 0., 1., 0., 0., 0., 0., 1., 1., 1., 0., 1., 1.,
           0., 1.],
          [1., 0., 0., 0., 1., 1., 1., 1., 0., 0., 1., 1., 0., 1., 1., 1., 1.,
           1., 0.],
          [0., 1., 0., 0., 1., 1., 0., 0., 1., 1., 1., 0., 0., 0., 0., 0., 1.,
           0., 1.],
          [1., 0., 1., 1., 0., 1., 1., 1., 1., 0., 0., 1., 0., 1., 0., 1., 0.,
           0., 0.],
          [0., 1., 0., 1., 0., 1., 1., 0., 0., 0., 0., 0., 1., 1., 1., 0., 1.,
           1., 0.],
          [1., 1., 0., 0., 1., 1., 0., 1., 1., 0., 1., 1., 1., 0., 0., 0., 1.,
           1., 1.],
          [0., 0., 1., 0., 0., 1., 1., 0., 1., 0., 1., 0., 0., 1., 0., 0., 0.,
           0., 0.],
          [1., 0., 1., 1., 1., 1., 0., 1., 0., 0., 1., 1., 1., 0., 0., 0., 1.,
           1., 0.],
          [1., 0., 0., 1., 0., 1., 1., 0., 1., 1., 1., 1., 1., 1., 1., 1., 0.,
           1., 1.],
          [0., 0., 0., 0., 1., 1., 0., 1., 1., 1., 1., 0., 1., 1., 0., 1., 1.,
           0., 1.],
          [1., 0., 1., 1., 0., 1., 0., 0., 1., 0., 0., 0., 0., 0., 1., 0., 0.,
           1., 0.],
          [1., 1., 0., 0., 1., 0., 0., 0., 0., 1., 0., 0., 1., 0., 0., 0., 1.,
           1., 1.],
          [1., 1., 1., 0., 0., 1., 1., 0., 0., 1., 0., 0., 1., 0., 1., 0., 1.,
           0., 0.],
          [0., 1., 0., 0., 1., 0., 0., 1., 1., 1., 0., 1., 1., 0., 1., 0., 0.,
           1., 1.],
          [1., 0., 0., 0., 1., 1., 0., 1., 1., 0., 1., 0., 0., 0., 1., 1., 0.,
           1., 0.]]]], device='cuda:0'), tensor([[0.0167]], device='cuda:0'))
2026-01-08 17:09:33 - INFO - [ 9.9341947e-01 -4.5232438e-02  3.7783288e-04  4.0995699e-04
  3.7782357e-04  4.0994954e-04  9.9954963e-01 -2.5188124e-03]
2026-01-08 17:09:33 - INFO - (tensor([[[[1., 0., 0., 1., 0., 0., 1., 1., 0., 0., 1., 1., 0., 1., 1., 0., 0.,
           0., 1.],
          [1., 0., 1., 1., 0., 1., 0., 0., 1., 0., 0., 1., 0., 0., 0., 0., 0.,
           1., 0.],
          [0., 1., 0., 0., 0., 0., 0., 1., 0., 0., 1., 0., 0., 1., 1., 0., 0.,
           0., 0.],
          [1., 1., 0., 1., 0., 1., 1., 0., 1., 1., 0., 1., 0., 0., 1., 0., 0.,
           1., 1.],
          [1., 0., 0., 0., 0., 0., 1., 0., 0., 0., 0., 1., 1., 1., 0., 1., 1.,
           0., 1.],
          [1., 0., 0., 0., 1., 1., 1., 1., 0., 0., 1., 1., 0., 1., 1., 1., 1.,
           1., 0.],
          [0., 1., 0., 0., 1., 1., 0., 0., 1., 1., 1., 0., 0., 0., 0., 0., 1.,
           0., 1.],
          [1., 0., 1., 1., 0., 1., 1., 1., 1., 0., 0., 1., 0., 1., 0., 1., 0.,
           0., 0.],
          [0., 1., 0., 1., 0., 1., 1., 0., 0., 0., 0., 0., 1., 1., 1., 0., 1.,
           1., 0.],
          [1., 1., 0., 0., 1., 1., 0., 1., 1., 0., 1., 1., 1., 0., 0., 0., 1.,
           1., 1.],
          [0., 0., 1., 0., 0., 1., 1., 0., 1., 0., 1., 0., 0., 1., 0., 0., 0.,
           0., 0.],
          [1., 0., 1., 1., 1., 1., 0., 1., 0., 0., 1., 1., 1., 0., 0., 0., 1.,
           1., 0.],
          [1., 0., 0., 1., 0., 1., 1., 0., 1., 1., 1., 1., 1., 1., 1., 1., 0.,
           1., 1.],
          [0., 0., 0., 0., 1., 1., 0., 1., 1., 1., 1., 0., 1., 1., 0., 1., 1.,
           0., 1.],
          [1., 0., 1., 1., 0., 1., 0., 0., 1., 0., 0., 0., 0., 0., 1., 0., 0.,
           1., 0.],
          [1., 1., 0., 0., 1., 0., 0., 0., 0., 1., 0., 0., 1., 0., 0., 0., 1.,
           1., 1.],
          [1., 1., 1., 0., 0., 1., 1., 0., 0., 1., 0., 0., 1., 0., 1., 0., 1.,
           0., 0.],
          [0., 1., 0., 0., 1., 0., 0., 1., 1., 1., 0., 1., 1., 0., 1., 0., 0.,
           1., 1.],
          [1., 0., 0., 0., 1., 1., 0., 1., 1., 0., 1., 0., 0., 0., 1., 1., 0.,
           1., 0.]]]], device='cuda:0'), tensor([[0.0201]], device='cuda:0'))
2026-01-08 17:09:33 - INFO - [ 9.9180448e-01 -5.1202226e-02  2.6611146e-04  4.7427413e-04
  2.6611332e-04  4.7427785e-04  9.9952245e-01 -2.7985128e-03]
2026-01-08 17:09:33 - INFO - (tensor([[[[1., 0., 0., 1., 0., 0., 1., 1., 0., 0., 1., 1., 0., 1., 1., 0., 0.,
           0., 1.],
          [1., 0., 1., 1., 0., 1., 0., 0., 1., 0., 0., 1., 0., 0., 0., 0., 0.,
           1., 0.],
          [0., 1., 0., 0., 0., 0., 0., 1., 0., 0., 1., 0., 0., 1., 1., 0., 0.,
           0., 0.],
          [1., 1., 0., 1., 0., 1., 1., 0., 1., 1., 0., 1., 0., 0., 1., 0., 0.,
           1., 1.],
          [1., 0., 0., 0., 0., 0., 1., 0., 0., 0., 0., 1., 1., 1., 0., 1., 1.,
           0., 1.],
          [1., 0., 0., 0., 1., 1., 1., 1., 0., 0., 1., 1., 0., 1., 1., 1., 1.,
           1., 0.],
          [0., 1., 0., 0., 1., 1., 0., 0., 1., 1., 1., 0., 0., 0., 0., 0., 1.,
           0., 1.],
          [1., 0., 1., 1., 0., 1., 1., 1., 1., 0., 0., 1., 0., 1., 0., 1., 0.,
           0., 0.],
          [0., 1., 0., 1., 0., 1., 1., 0., 0., 0., 0., 0., 1., 1., 1., 0., 1.,
           1., 0.],
          [1., 1., 0., 0., 1., 1., 0., 1., 1., 0., 1., 1., 1., 0., 0., 0., 1.,
           1., 1.],
          [0., 0., 1., 0., 0., 1., 1., 0., 1., 0., 1., 0., 0., 1., 0., 0., 0.,
           0., 0.],
          [1., 0., 1., 1., 1., 1., 0., 1., 0., 0., 1., 1., 1., 0., 0., 0., 1.,
           1., 0.],
          [1., 0., 0., 1., 0., 1., 1., 0., 1., 1., 1., 1., 1., 1., 1., 1., 0.,
           1., 1.],
          [0., 0., 0., 0., 1., 1., 0., 1., 1., 1., 1., 0., 1., 1., 0., 1., 1.,
           0., 1.],
          [1., 0., 1., 1., 0., 1., 0., 0., 1., 0., 0., 0., 0., 0., 1., 0., 0.,
           1., 0.],
          [1., 1., 0., 0., 1., 0., 0., 0., 0., 1., 0., 0., 1., 0., 0., 0., 1.,
           1., 1.],
          [1., 1., 1., 0., 0., 1., 1., 0., 0., 1., 0., 0., 1., 0., 1., 0., 1.,
           0., 0.],
          [0., 1., 0., 0., 1., 0., 0., 1., 1., 1., 0., 1., 1., 0., 1., 0., 0.,
           1., 1.],
          [1., 0., 0., 0., 1., 1., 0., 1., 1., 0., 1., 0., 0., 0., 1., 1., 0.,
           1., 0.]]]], device='cuda:0'), tensor([[0.0234]], device='cuda:0'))
2026-01-08 17:09:33 - INFO - [ 9.8983330e-01 -5.7320751e-02  9.0646558e-05  5.7000289e-04
  9.0655871e-05  5.7000661e-04  9.9949843e-01 -3.0914447e-03]
2026-01-08 17:09:33 - INFO - (tensor([[[[1., 0., 0., 1., 0., 0., 1., 1., 0., 0., 1., 1., 0., 1., 1., 0., 0.,
           0., 1.],
          [1., 0., 1., 1., 0., 1., 0., 0., 1., 0., 0., 1., 0., 0., 0., 0., 0.,
           1., 0.],
          [0., 1., 0., 0., 0., 0., 0., 1., 0., 0., 1., 0., 0., 1., 1., 0., 0.,
           0., 0.],
          [1., 1., 0., 1., 0., 1., 1., 0., 1., 1., 0., 1., 0., 0., 1., 0., 0.,
           1., 1.],
          [1., 0., 0., 0., 0., 0., 1., 0., 0., 0., 0., 1., 1., 1., 0., 1., 1.,
           0., 1.],
          [1., 0., 0., 0., 1., 1., 1., 1., 0., 0., 1., 1., 0., 1., 1., 1., 1.,
           1., 0.],
          [0., 1., 0., 0., 1., 1., 0., 0., 1., 1., 1., 0., 0., 0., 0., 0., 1.,
           0., 1.],
          [1., 0., 1., 1., 0., 1., 1., 1., 1., 0., 0., 1., 0., 1., 0., 1., 0.,
           0., 0.],
          [0., 1., 0., 1., 0., 1., 1., 0., 0., 0., 0., 0., 1., 1., 1., 0., 1.,
           1., 0.],
          [1., 1., 0., 0., 1., 1., 0., 1., 1., 0., 1., 1., 1., 0., 0., 0., 1.,
           1., 1.],
          [0., 0., 1., 0., 0., 1., 1., 0., 1., 0., 1., 0., 0., 1., 0., 0., 0.,
           0., 0.],
          [1., 0., 1., 1., 1., 1., 0., 1., 0., 0., 1., 1., 1., 0., 0., 0., 1.,
           1., 0.],
          [1., 0., 0., 1., 0., 1., 1., 0., 1., 1., 1., 1., 1., 1., 1., 1., 0.,
           1., 1.],
          [0., 0., 0., 0., 1., 1., 0., 1., 1., 1., 1., 0., 1., 1., 0., 1., 1.,
           0., 1.],
          [1., 0., 1., 1., 0., 1., 0., 0., 1., 0., 0., 0., 0., 0., 1., 0., 0.,
           1., 0.],
          [1., 1., 0., 0., 1., 0., 0., 0., 0., 1., 0., 0., 1., 0., 0., 0., 1.,
           1., 1.],
          [1., 1., 1., 0., 0., 1., 1., 0., 0., 1., 0., 0., 1., 0., 1., 0., 1.,
           0., 0.],
          [0., 1., 0., 0., 1., 0., 0., 1., 1., 1., 0., 1., 1., 0., 1., 0., 0.,
           1., 1.],
          [1., 0., 0., 0., 1., 1., 0., 1., 1., 0., 1., 0., 0., 0., 1., 1., 0.,
           1., 0.]]]], device='cuda:0'), tensor([[0.0268]], device='cuda:0'))
2026-01-08 17:09:33 - INFO - [ 9.8733681e-01 -6.3647009e-02 -1.0148529e-04  6.5290171e-04
 -1.0148715e-04  6.5290544e-04  9.9947733e-01 -3.4520042e-03]
2026-01-08 17:09:33 - INFO - (tensor([[[[1., 0., 0., 1., 0., 0., 1., 1., 0., 0., 1., 1., 0., 1., 1., 0., 0.,
           0., 1.],
          [1., 0., 1., 1., 0., 1., 0., 0., 1., 0., 0., 1., 0., 0., 0., 0., 0.,
           1., 0.],
          [0., 1., 0., 0., 0., 0., 0., 1., 0., 0., 1., 0., 0., 1., 1., 0., 0.,
           0., 0.],
          [1., 1., 0., 1., 0., 1., 1., 0., 1., 1., 0., 1., 0., 0., 1., 0., 0.,
           1., 1.],
          [1., 0., 0., 0., 0., 0., 1., 0., 0., 0., 0., 1., 1., 1., 0., 1., 1.,
           0., 1.],
          [1., 0., 0., 0., 1., 1., 1., 1., 0., 0., 1., 1., 0., 1., 1., 1., 1.,
           1., 0.],
          [0., 1., 0., 0., 1., 1., 0., 0., 1., 1., 1., 0., 0., 0., 0., 0., 1.,
           0., 1.],
          [1., 0., 1., 1., 0., 1., 1., 1., 1., 0., 0., 1., 0., 1., 0., 1., 0.,
           0., 0.],
          [0., 1., 0., 1., 0., 1., 1., 0., 0., 0., 0., 0., 1., 1., 1., 0., 1.,
           1., 0.],
          [1., 1., 0., 0., 1., 1., 0., 1., 1., 0., 1., 1., 1., 0., 0., 0., 1.,
           1., 1.],
          [0., 0., 1., 0., 0., 1., 1., 0., 1., 0., 1., 0., 0., 1., 0., 0., 0.,
           0., 0.],
          [1., 0., 1., 1., 1., 1., 0., 1., 0., 0., 1., 1., 1., 0., 0., 0., 1.,
           1., 0.],
          [1., 0., 0., 1., 0., 1., 1., 0., 1., 1., 1., 1., 1., 1., 1., 1., 0.,
           1., 1.],
          [0., 0., 0., 0., 1., 1., 0., 1., 1., 1., 1., 0., 1., 1., 0., 1., 1.,
           0., 1.],
          [1., 0., 1., 1., 0., 1., 0., 0., 1., 0., 0., 0., 0., 0., 1., 0., 0.,
           1., 0.],
          [1., 1., 0., 0., 1., 0., 0., 0., 0., 1., 0., 0., 1., 0., 0., 0., 1.,
           1., 1.],
          [1., 1., 1., 0., 0., 1., 1., 0., 0., 1., 0., 0., 1., 0., 1., 0., 1.,
           0., 0.],
          [0., 1., 0., 0., 1., 0., 0., 1., 1., 1., 0., 1., 1., 0., 1., 0., 0.,
           1., 1.],
          [1., 0., 0., 0., 1., 1., 0., 1., 1., 0., 1., 0., 0., 0., 1., 1., 0.,
           1., 0.]]]], device='cuda:0'), tensor([[0.0301]], device='cuda:0'))
2026-01-08 17:09:33 - INFO - [ 9.8457980e-01 -6.9167681e-02 -2.8839055e-04  7.4393663e-04
 -2.8838497e-04  7.4393291e-04  9.9945462e-01 -3.7769161e-03]
2026-01-08 17:09:33 - INFO - (tensor([[[[1., 0., 0., 1., 0., 0., 1., 1., 0., 0., 1., 1., 0., 1., 1., 0., 0.,
           0., 1.],
          [1., 0., 1., 1., 0., 1., 0., 0., 1., 0., 0., 1., 0., 0., 0., 0., 0.,
           1., 0.],
          [0., 1., 0., 0., 0., 0., 0., 1., 0., 0., 1., 0., 0., 1., 1., 0., 0.,
           0., 0.],
          [1., 1., 0., 1., 0., 1., 1., 0., 1., 1., 0., 1., 0., 0., 1., 0., 0.,
           1., 1.],
          [1., 0., 0., 0., 0., 0., 1., 0., 0., 0., 0., 1., 1., 1., 0., 1., 1.,
           0., 1.],
          [1., 0., 0., 0., 1., 1., 1., 1., 0., 0., 1., 1., 0., 1., 1., 1., 1.,
           1., 0.],
          [0., 1., 0., 0., 1., 1., 0., 0., 1., 1., 1., 0., 0., 0., 0., 0., 1.,
           0., 1.],
          [1., 0., 1., 1., 0., 1., 1., 1., 1., 0., 0., 1., 0., 1., 0., 1., 0.,
           0., 0.],
          [0., 1., 0., 1., 0., 1., 1., 0., 0., 0., 0., 0., 1., 1., 1., 0., 1.,
           1., 0.],
          [1., 1., 0., 0., 1., 1., 0., 1., 1., 0., 1., 1., 1., 0., 0., 0., 1.,
           1., 1.],
          [0., 0., 1., 0., 0., 1., 1., 0., 1., 0., 1., 0., 0., 1., 0., 0., 0.,
           0., 0.],
          [1., 0., 1., 1., 1., 1., 0., 1., 0., 0., 1., 1., 1., 0., 0., 0., 1.,
           1., 0.],
          [1., 0., 0., 1., 0., 1., 1., 0., 1., 1., 1., 1., 1., 1., 1., 1., 0.,
           1., 1.],
          [0., 0., 0., 0., 1., 1., 0., 1., 1., 1., 1., 0., 1., 1., 0., 1., 1.,
           0., 1.],
          [1., 0., 1., 1., 0., 1., 0., 0., 1., 0., 0., 0., 0., 0., 1., 0., 0.,
           1., 0.],
          [1., 1., 0., 0., 1., 0., 0., 0., 0., 1., 0., 0., 1., 0., 0., 0., 1.,
           1., 1.],
          [1., 1., 1., 0., 0., 1., 1., 0., 0., 1., 0., 0., 1., 0., 1., 0., 1.,
           0., 0.],
          [0., 1., 0., 0., 1., 0., 0., 1., 1., 1., 0., 1., 1., 0., 1., 0., 0.,
           1., 1.],
          [1., 0., 0., 0., 1., 1., 0., 1., 1., 0., 1., 0., 0., 0., 1., 1., 0.,
           1., 0.]]]], device='cuda:0'), tensor([[0.0334]], device='cuda:0'))
2026-01-08 17:09:33 - INFO - [ 9.8160750e-01 -7.4926004e-02 -4.4003219e-04  8.9844665e-04
 -4.4003405e-04  8.9844293e-04  9.9942660e-01 -4.0172050e-03]
2026-01-08 17:09:33 - INFO - (tensor([[[[1., 0., 0., 1., 0., 0., 1., 1., 0., 0., 1., 1., 0., 1., 1., 0., 0.,
           0., 1.],
          [1., 0., 1., 1., 0., 1., 0., 0., 1., 0., 0., 1., 0., 0., 0., 0., 0.,
           1., 0.],
          [0., 1., 0., 0., 0., 0., 0., 1., 0., 0., 1., 0., 0., 1., 1., 0., 0.,
           0., 0.],
          [1., 1., 0., 1., 0., 1., 1., 0., 1., 1., 0., 1., 0., 0., 1., 0., 0.,
           1., 1.],
          [1., 0., 0., 0., 0., 0., 1., 0., 0., 0., 0., 1., 1., 1., 0., 1., 1.,
           0., 1.],
          [1., 0., 0., 0., 1., 1., 1., 1., 0., 0., 1., 1., 0., 1., 1., 1., 1.,
           1., 0.],
          [0., 1., 0., 0., 1., 1., 0., 0., 1., 1., 1., 0., 0., 0., 0., 0., 1.,
           0., 1.],
          [1., 0., 1., 1., 0., 1., 1., 1., 1., 0., 0., 1., 0., 1., 0., 1., 0.,
           0., 0.],
          [0., 1., 0., 1., 0., 1., 1., 0., 0., 0., 0., 0., 1., 1., 1., 0., 1.,
           1., 0.],
          [1., 1., 0., 0., 1., 1., 0., 1., 1., 0., 1., 1., 1., 0., 0., 0., 1.,
           1., 1.],
          [0., 0., 1., 0., 0., 1., 1., 0., 1., 0., 1., 0., 0., 1., 0., 0., 0.,
           0., 0.],
          [1., 0., 1., 1., 1., 1., 0., 1., 0., 0., 1., 1., 1., 0., 0., 0., 1.,
           1., 0.],
          [1., 0., 0., 1., 0., 1., 1., 0., 1., 1., 1., 1., 1., 1., 1., 1., 0.,
           1., 1.],
          [0., 0., 0., 0., 1., 1., 0., 1., 1., 1., 1., 0., 1., 1., 0., 1., 1.,
           0., 1.],
          [1., 0., 1., 1., 0., 1., 0., 0., 1., 0., 0., 0., 0., 0., 1., 0., 0.,
           1., 0.],
          [1., 1., 0., 0., 1., 0., 0., 0., 0., 1., 0., 0., 1., 0., 0., 0., 1.,
           1., 1.],
          [1., 1., 1., 0., 0., 1., 1., 0., 0., 1., 0., 0., 1., 0., 1., 0., 1.,
           0., 0.],
          [0., 1., 0., 0., 1., 0., 0., 1., 1., 1., 0., 1., 1., 0., 1., 0., 0.,
           1., 1.],
          [1., 0., 0., 0., 1., 1., 0., 1., 1., 0., 1., 0., 0., 0., 1., 1., 0.,
           1., 0.]]]], device='cuda:0'), tensor([[0.0368]], device='cuda:0'))
2026-01-08 17:09:33 - INFO - [ 9.7816479e-01 -8.0571398e-02 -5.6901289e-04  9.7204343e-04
 -5.6900730e-04  9.7204343e-04  9.9939543e-01 -4.2809620e-03]
2026-01-08 17:09:33 - INFO - (tensor([[[[1., 0., 0., 1., 0., 0., 1., 1., 0., 0., 1., 1., 0., 1., 1., 0., 0.,
           0., 1.],
          [1., 0., 1., 1., 0., 1., 0., 0., 1., 0., 0., 1., 0., 0., 0., 0., 0.,
           1., 0.],
          [0., 1., 0., 0., 0., 0., 0., 1., 0., 0., 1., 0., 0., 1., 1., 0., 0.,
           0., 0.],
          [1., 1., 0., 1., 0., 1., 1., 0., 1., 1., 0., 1., 0., 0., 1., 0., 0.,
           1., 1.],
          [1., 0., 0., 0., 0., 0., 1., 0., 0., 0., 0., 1., 1., 1., 0., 1., 1.,
           0., 1.],
          [1., 0., 0., 0., 1., 1., 1., 1., 0., 0., 1., 1., 0., 1., 1., 1., 1.,
           1., 0.],
          [0., 1., 0., 0., 1., 1., 0., 0., 1., 1., 1., 0., 0., 0., 0., 0., 1.,
           0., 1.],
          [1., 0., 1., 1., 0., 1., 1., 1., 1., 0., 0., 1., 0., 1., 0., 1., 0.,
           0., 0.],
          [0., 1., 0., 1., 0., 1., 1., 0., 0., 0., 0., 0., 1., 1., 1., 0., 1.,
           1., 0.],
          [1., 1., 0., 0., 1., 1., 0., 1., 1., 0., 1., 1., 1., 0., 0., 0., 1.,
           1., 1.],
          [0., 0., 1., 0., 0., 1., 1., 0., 1., 0., 1., 0., 0., 1., 0., 0., 0.,
           0., 0.],
          [1., 0., 1., 1., 1., 1., 0., 1., 0., 0., 1., 1., 1., 0., 0., 0., 1.,
           1., 0.],
          [1., 0., 0., 1., 0., 1., 1., 0., 1., 1., 1., 1., 1., 1., 1., 1., 0.,
           1., 1.],
          [0., 0., 0., 0., 1., 1., 0., 1., 1., 1., 1., 0., 1., 1., 0., 1., 1.,
           0., 1.],
          [1., 0., 1., 1., 0., 1., 0., 0., 1., 0., 0., 0., 0., 0., 1., 0., 0.,
           1., 0.],
          [1., 1., 0., 0., 1., 0., 0., 0., 0., 1., 0., 0., 1., 0., 0., 0., 1.,
           1., 1.],
          [1., 1., 1., 0., 0., 1., 1., 0., 0., 1., 0., 0., 1., 0., 1., 0., 1.,
           0., 0.],
          [0., 1., 0., 0., 1., 0., 0., 1., 1., 1., 0., 1., 1., 0., 1., 0., 0.,
           1., 1.],
          [1., 0., 0., 0., 1., 1., 0., 1., 1., 0., 1., 0., 0., 0., 1., 1., 0.,
           1., 0.]]]], device='cuda:0'), tensor([[0.0401]], device='cuda:0'))
2026-01-08 17:09:33 - INFO - [ 9.7483152e-01 -8.4917925e-02 -6.6422008e-04  1.0625456e-03
 -6.6421449e-04  1.0625456e-03  9.9936372e-01 -4.6218452e-03]
2026-01-08 17:09:33 - INFO - (tensor([[[[1., 0., 0., 1., 0., 0., 1., 1., 0., 0., 1., 1., 0., 1., 1., 0., 0.,
           0., 1.],
          [1., 0., 1., 1., 0., 1., 0., 0., 1., 0., 0., 1., 0., 0., 0., 0., 0.,
           1., 0.],
          [0., 1., 0., 0., 0., 0., 0., 1., 0., 0., 1., 0., 0., 1., 1., 0., 0.,
           0., 0.],
          [1., 1., 0., 1., 0., 1., 1., 0., 1., 1., 0., 1., 0., 0., 1., 0., 0.,
           1., 1.],
          [1., 0., 0., 0., 0., 0., 1., 0., 0., 0., 0., 1., 1., 1., 0., 1., 1.,
           0., 1.],
          [1., 0., 0., 0., 1., 1., 1., 1., 0., 0., 1., 1., 0., 1., 1., 1., 1.,
           1., 0.],
          [0., 1., 0., 0., 1., 1., 0., 0., 1., 1., 1., 0., 0., 0., 0., 0., 1.,
           0., 1.],
          [1., 0., 1., 1., 0., 1., 1., 1., 1., 0., 0., 1., 0., 1., 0., 1., 0.,
           0., 0.],
          [0., 1., 0., 1., 0., 1., 1., 0., 0., 0., 0., 0., 1., 1., 1., 0., 1.,
           1., 0.],
          [1., 1., 0., 0., 1., 1., 0., 1., 1., 0., 1., 1., 1., 0., 0., 0., 1.,
           1., 1.],
          [0., 0., 1., 0., 0., 1., 1., 0., 1., 0., 1., 0., 0., 1., 0., 0., 0.,
           0., 0.],
          [1., 0., 1., 1., 1., 1., 0., 1., 0., 0., 1., 1., 1., 0., 0., 0., 1.,
           1., 0.],
          [1., 0., 0., 1., 0., 1., 1., 0., 1., 1., 1., 1., 1., 1., 1., 1., 0.,
           1., 1.],
          [0., 0., 0., 0., 1., 1., 0., 1., 1., 1., 1., 0., 1., 1., 0., 1., 1.,
           0., 1.],
          [1., 0., 1., 1., 0., 1., 0., 0., 1., 0., 0., 0., 0., 0., 1., 0., 0.,
           1., 0.],
          [1., 1., 0., 0., 1., 0., 0., 0., 0., 1., 0., 0., 1., 0., 0., 0., 1.,
           1., 1.],
          [1., 1., 1., 0., 0., 1., 1., 0., 0., 1., 0., 0., 1., 0., 1., 0., 1.,
           0., 0.],
          [0., 1., 0., 0., 1., 0., 0., 1., 1., 1., 0., 1., 1., 0., 1., 0., 0.,
           1., 1.],
          [1., 0., 0., 0., 1., 1., 0., 1., 1., 0., 1., 0., 0., 0., 1., 1., 0.,
           1., 0.]]]], device='cuda:0'), tensor([[0.0435]], device='cuda:0'))
2026-01-08 17:09:33 - INFO - [ 9.7158974e-01 -9.0183623e-02 -7.5554929e-04  1.3066188e-03
 -7.5555115e-04  1.3066188e-03  9.9932969e-01 -5.0806636e-03]
2026-01-08 17:09:33 - INFO - (tensor([[[[1., 0., 0., 1., 0., 0., 1., 1., 0., 0., 1., 1., 0., 1., 1., 0., 0.,
           0., 1.],
          [1., 0., 1., 1., 0., 1., 0., 0., 1., 0., 0., 1., 0., 0., 0., 0., 0.,
           1., 0.],
          [0., 1., 0., 0., 0., 0., 0., 1., 0., 0., 1., 0., 0., 1., 1., 0., 0.,
           0., 0.],
          [1., 1., 0., 1., 0., 1., 1., 0., 1., 1., 0., 1., 0., 0., 1., 0., 0.,
           1., 1.],
          [1., 0., 0., 0., 0., 0., 1., 0., 0., 0., 0., 1., 1., 1., 0., 1., 1.,
           0., 1.],
          [1., 0., 0., 0., 1., 1., 1., 1., 0., 0., 1., 1., 0., 1., 1., 1., 1.,
           1., 0.],
          [0., 1., 0., 0., 1., 1., 0., 0., 1., 1., 1., 0., 0., 0., 0., 0., 1.,
           0., 1.],
          [1., 0., 1., 1., 0., 1., 1., 1., 1., 0., 0., 1., 0., 1., 0., 1., 0.,
           0., 0.],
          [0., 1., 0., 1., 0., 1., 1., 0., 0., 0., 0., 0., 1., 1., 1., 0., 1.,
           1., 0.],
          [1., 1., 0., 0., 1., 1., 0., 1., 1., 0., 1., 1., 1., 0., 0., 0., 1.,
           1., 1.],
          [0., 0., 1., 0., 0., 1., 1., 0., 1., 0., 1., 0., 0., 1., 0., 0., 0.,
           0., 0.],
          [1., 0., 1., 1., 1., 1., 0., 1., 0., 0., 1., 1., 1., 0., 0., 0., 1.,
           1., 0.],
          [1., 0., 0., 1., 0., 1., 1., 0., 1., 1., 1., 1., 1., 1., 1., 1., 0.,
           1., 1.],
          [0., 0., 0., 0., 1., 1., 0., 1., 1., 1., 1., 0., 1., 1., 0., 1., 1.,
           0., 1.],
          [1., 0., 1., 1., 0., 1., 0., 0., 1., 0., 0., 0., 0., 0., 1., 0., 0.,
           1., 0.],
          [1., 1., 0., 0., 1., 0., 0., 0., 0., 1., 0., 0., 1., 0., 0., 0., 1.,
           1., 1.],
          [1., 1., 1., 0., 0., 1., 1., 0., 0., 1., 0., 0., 1., 0., 1., 0., 1.,
           0., 0.],
          [0., 1., 0., 0., 1., 0., 0., 1., 1., 1., 0., 1., 1., 0., 1., 0., 0.,
           1., 1.],
          [1., 0., 0., 0., 1., 1., 0., 1., 1., 0., 1., 0., 0., 0., 1., 1., 0.,
           1., 0.]]]], device='cuda:0'), tensor([[0.0468]], device='cuda:0'))
2026-01-08 17:09:33 - INFO - [ 9.6870029e-01 -9.5018096e-02 -7.8404025e-04  1.5121277e-03
 -7.8403467e-04  1.5121351e-03  9.9930328e-01 -5.3884089e-03]
2026-01-08 17:09:33 - INFO - (tensor([[[[1., 0., 0., 1., 0., 0., 1., 1., 0., 0., 1., 1., 0., 1., 1., 0., 0.,
           0., 1.],
          [1., 0., 1., 1., 0., 1., 0., 0., 1., 0., 0., 1., 0., 0., 0., 0., 0.,
           1., 0.],
          [0., 1., 0., 0., 0., 0., 0., 1., 0., 0., 1., 0., 0., 1., 1., 0., 0.,
           0., 0.],
          [1., 1., 0., 1., 0., 1., 1., 0., 1., 1., 0., 1., 0., 0., 1., 0., 0.,
           1., 1.],
          [1., 0., 0., 0., 0., 0., 1., 0., 0., 0., 0., 1., 1., 1., 0., 1., 1.,
           0., 1.],
          [1., 0., 0., 0., 1., 1., 1., 1., 0., 0., 1., 1., 0., 1., 1., 1., 1.,
           1., 0.],
          [0., 1., 0., 0., 1., 1., 0., 0., 1., 1., 1., 0., 0., 0., 0., 0., 1.,
           0., 1.],
          [1., 0., 1., 1., 0., 1., 1., 1., 1., 0., 0., 1., 0., 1., 0., 1., 0.,
           0., 0.],
          [0., 1., 0., 1., 0., 1., 1., 0., 0., 0., 0., 0., 1., 1., 1., 0., 1.,
           1., 0.],
          [1., 1., 0., 0., 1., 1., 0., 1., 1., 0., 1., 1., 1., 0., 0., 0., 1.,
           1., 1.],
          [0., 0., 1., 0., 0., 1., 1., 0., 1., 0., 1., 0., 0., 1., 0., 0., 0.,
           0., 0.],
          [1., 0., 1., 1., 1., 1., 0., 1., 0., 0., 1., 1., 1., 0., 0., 0., 1.,
           1., 0.],
          [1., 0., 0., 1., 0., 1., 1., 0., 1., 1., 1., 1., 1., 1., 1., 1., 0.,
           1., 1.],
          [0., 0., 0., 0., 1., 1., 0., 1., 1., 1., 1., 0., 1., 1., 0., 1., 1.,
           0., 1.],
          [1., 0., 1., 1., 0., 1., 0., 0., 1., 0., 0., 0., 0., 0., 1., 0., 0.,
           1., 0.],
          [1., 1., 0., 0., 1., 0., 0., 0., 0., 1., 0., 0., 1., 0., 0., 0., 1.,
           1., 1.],
          [1., 1., 1., 0., 0., 1., 1., 0., 0., 1., 0., 0., 1., 0., 1., 0., 1.,
           0., 0.],
          [0., 1., 0., 0., 1., 0., 0., 1., 1., 1., 0., 1., 1., 0., 1., 0., 0.,
           1., 1.],
          [1., 0., 0., 0., 1., 1., 0., 1., 1., 0., 1., 0., 0., 0., 1., 1., 0.,
           1., 0.]]]], device='cuda:0'), tensor([[0.0502]], device='cuda:0'))
2026-01-08 17:09:33 - INFO - [ 9.6532488e-01 -1.0033265e-01 -8.2555861e-04  1.7437955e-03
 -8.2555303e-04  1.7437955e-03  9.9927169e-01 -5.6904797e-03]
2026-01-08 17:09:33 - INFO - (tensor([[[[1., 0., 0., 1., 0., 0., 1., 1., 0., 0., 1., 1., 0., 1., 1., 0., 0.,
           0., 1.],
          [1., 0., 1., 1., 0., 1., 0., 0., 1., 0., 0., 1., 0., 0., 0., 0., 0.,
           1., 0.],
          [0., 1., 0., 0., 0., 0., 0., 1., 0., 0., 1., 0., 0., 1., 1., 0., 0.,
           0., 0.],
          [1., 1., 0., 1., 0., 1., 1., 0., 1., 1., 0., 1., 0., 0., 1., 0., 0.,
           1., 1.],
          [1., 0., 0., 0., 0., 0., 1., 0., 0., 0., 0., 1., 1., 1., 0., 1., 1.,
           0., 1.],
          [1., 0., 0., 0., 1., 1., 1., 1., 0., 0., 1., 1., 0., 1., 1., 1., 1.,
           1., 0.],
          [0., 1., 0., 0., 1., 1., 0., 0., 1., 1., 1., 0., 0., 0., 0., 0., 1.,
           0., 1.],
          [1., 0., 1., 1., 0., 1., 1., 1., 1., 0., 0., 1., 0., 1., 0., 1., 0.,
           0., 0.],
          [0., 1., 0., 1., 0., 1., 1., 0., 0., 0., 0., 0., 1., 1., 1., 0., 1.,
           1., 0.],
          [1., 1., 0., 0., 1., 1., 0., 1., 1., 0., 1., 1., 1., 0., 0., 0., 1.,
           1., 1.],
          [0., 0., 1., 0., 0., 1., 1., 0., 1., 0., 1., 0., 0., 1., 0., 0., 0.,
           0., 0.],
          [1., 0., 1., 1., 1., 1., 0., 1., 0., 0., 1., 1., 1., 0., 0., 0., 1.,
           1., 0.],
          [1., 0., 0., 1., 0., 1., 1., 0., 1., 1., 1., 1., 1., 1., 1., 1., 0.,
           1., 1.],
          [0., 0., 0., 0., 1., 1., 0., 1., 1., 1., 1., 0., 1., 1., 0., 1., 1.,
           0., 1.],
          [1., 0., 1., 1., 0., 1., 0., 0., 1., 0., 0., 0., 0., 0., 1., 0., 0.,
           1., 0.],
          [1., 1., 0., 0., 1., 0., 0., 0., 0., 1., 0., 0., 1., 0., 0., 0., 1.,
           1., 1.],
          [1., 1., 1., 0., 0., 1., 1., 0., 0., 1., 0., 0., 1., 0., 1., 0., 1.,
           0., 0.],
          [0., 1., 0., 0., 1., 0., 0., 1., 1., 1., 0., 1., 1., 0., 1., 0., 0.,
           1., 1.],
          [1., 0., 0., 0., 1., 1., 0., 1., 1., 0., 1., 0., 0., 0., 1., 1., 0.,
           1., 0.]]]], device='cuda:0'), tensor([[0.0535]], device='cuda:0'))
2026-01-08 17:09:33 - INFO - [ 9.6180910e-01 -1.0510646e-01 -8.4927375e-04  1.9818929e-03
 -8.4927934e-04  1.9818966e-03  9.9923831e-01 -5.9664771e-03]
2026-01-08 17:09:33 - INFO - (tensor([[[[1., 0., 0., 1., 0., 0., 1., 1., 0., 0., 1., 1., 0., 1., 1., 0., 0.,
           0., 1.],
          [1., 0., 1., 1., 0., 1., 0., 0., 1., 0., 0., 1., 0., 0., 0., 0., 0.,
           1., 0.],
          [0., 1., 0., 0., 0., 0., 0., 1., 0., 0., 1., 0., 0., 1., 1., 0., 0.,
           0., 0.],
          [1., 1., 0., 1., 0., 1., 1., 0., 1., 1., 0., 1., 0., 0., 1., 0., 0.,
           1., 1.],
          [1., 0., 0., 0., 0., 0., 1., 0., 0., 0., 0., 1., 1., 1., 0., 1., 1.,
           0., 1.],
          [1., 0., 0., 0., 1., 1., 1., 1., 0., 0., 1., 1., 0., 1., 1., 1., 1.,
           1., 0.],
          [0., 1., 0., 0., 1., 1., 0., 0., 1., 1., 1., 0., 0., 0., 0., 0., 1.,
           0., 1.],
          [1., 0., 1., 1., 0., 1., 1., 1., 1., 0., 0., 1., 0., 1., 0., 1., 0.,
           0., 0.],
          [0., 1., 0., 1., 0., 1., 1., 0., 0., 0., 0., 0., 1., 1., 1., 0., 1.,
           1., 0.],
          [1., 1., 0., 0., 1., 1., 0., 1., 1., 0., 1., 1., 1., 0., 0., 0., 1.,
           1., 1.],
          [0., 0., 1., 0., 0., 1., 1., 0., 1., 0., 1., 0., 0., 1., 0., 0., 0.,
           0., 0.],
          [1., 0., 1., 1., 1., 1., 0., 1., 0., 0., 1., 1., 1., 0., 0., 0., 1.,
           1., 0.],
          [1., 0., 0., 1., 0., 1., 1., 0., 1., 1., 1., 1., 1., 1., 1., 1., 0.,
           1., 1.],
          [0., 0., 0., 0., 1., 1., 0., 1., 1., 1., 1., 0., 1., 1., 0., 1., 1.,
           0., 1.],
          [1., 0., 1., 1., 0., 1., 0., 0., 1., 0., 0., 0., 0., 0., 1., 0., 0.,
           1., 0.],
          [1., 1., 0., 0., 1., 0., 0., 0., 0., 1., 0., 0., 1., 0., 0., 0., 1.,
           1., 1.],
          [1., 1., 1., 0., 0., 1., 1., 0., 0., 1., 0., 0., 1., 0., 1., 0., 1.,
           0., 0.],
          [0., 1., 0., 0., 1., 0., 0., 1., 1., 1., 0., 1., 1., 0., 1., 0., 0.,
           1., 1.],
          [1., 0., 0., 0., 1., 1., 0., 1., 1., 0., 1., 0., 0., 0., 1., 1., 0.,
           1., 0.]]]], device='cuda:0'), tensor([[0.0569]], device='cuda:0'))
2026-01-08 17:09:33 - INFO - [ 9.5849103e-01 -1.0919409e-01 -8.8298763e-04  2.2354610e-03
 -8.8298949e-04  2.2354648e-03  9.9919719e-01 -6.2374854e-03]
2026-01-08 17:09:33 - INFO - (tensor([[[[1., 0., 0., 1., 0., 0., 1., 1., 0., 0., 1., 1., 0., 1., 1., 0., 0.,
           0., 1.],
          [1., 0., 1., 1., 0., 1., 0., 0., 1., 0., 0., 1., 0., 0., 0., 0., 0.,
           1., 0.],
          [0., 1., 0., 0., 0., 0., 0., 1., 0., 0., 1., 0., 0., 1., 1., 0., 0.,
           0., 0.],
          [1., 1., 0., 1., 0., 1., 1., 0., 1., 1., 0., 1., 0., 0., 1., 0., 0.,
           1., 1.],
          [1., 0., 0., 0., 0., 0., 1., 0., 0., 0., 0., 1., 1., 1., 0., 1., 1.,
           0., 1.],
          [1., 0., 0., 0., 1., 1., 1., 1., 0., 0., 1., 1., 0., 1., 1., 1., 1.,
           1., 0.],
          [0., 1., 0., 0., 1., 1., 0., 0., 1., 1., 1., 0., 0., 0., 0., 0., 1.,
           0., 1.],
          [1., 0., 1., 1., 0., 1., 1., 1., 1., 0., 0., 1., 0., 1., 0., 1., 0.,
           0., 0.],
          [0., 1., 0., 1., 0., 1., 1., 0., 0., 0., 0., 0., 1., 1., 1., 0., 1.,
           1., 0.],
          [1., 1., 0., 0., 1., 1., 0., 1., 1., 0., 1., 1., 1., 0., 0., 0., 1.,
           1., 1.],
          [0., 0., 1., 0., 0., 1., 1., 0., 1., 0., 1., 0., 0., 1., 0., 0., 0.,
           0., 0.],
          [1., 0., 1., 1., 1., 1., 0., 1., 0., 0., 1., 1., 1., 0., 0., 0., 1.,
           1., 0.],
          [1., 0., 0., 1., 0., 1., 1., 0., 1., 1., 1., 1., 1., 1., 1., 1., 0.,
           1., 1.],
          [0., 0., 0., 0., 1., 1., 0., 1., 1., 1., 1., 0., 1., 1., 0., 1., 1.,
           0., 1.],
          [1., 0., 1., 1., 0., 1., 0., 0., 1., 0., 0., 0., 0., 0., 1., 0., 0.,
           1., 0.],
          [1., 1., 0., 0., 1., 0., 0., 0., 0., 1., 0., 0., 1., 0., 0., 0., 1.,
           1., 1.],
          [1., 1., 1., 0., 0., 1., 1., 0., 0., 1., 0., 0., 1., 0., 1., 0., 1.,
           0., 0.],
          [0., 1., 0., 0., 1., 0., 0., 1., 1., 1., 0., 1., 1., 0., 1., 0., 0.,
           1., 1.],
          [1., 0., 0., 0., 1., 1., 0., 1., 1., 0., 1., 0., 0., 0., 1., 1., 0.,
           1., 0.]]]], device='cuda:0'), tensor([[0.0602]], device='cuda:0'))
2026-01-08 17:09:33 - INFO - [ 9.5521003e-01 -1.1291594e-01 -9.1956253e-04  2.4778941e-03
 -9.1956439e-04  2.4778941e-03  9.9915761e-01 -6.4821490e-03]
2026-01-08 17:09:33 - INFO - (tensor([[[[1., 0., 0., 1., 0., 0., 1., 1., 0., 0., 1., 1., 0., 1., 1., 0., 0.,
           0., 1.],
          [1., 0., 1., 1., 0., 1., 0., 0., 1., 0., 0., 1., 0., 0., 0., 0., 0.,
           1., 0.],
          [0., 1., 0., 0., 0., 0., 0., 1., 0., 0., 1., 0., 0., 1., 1., 0., 0.,
           0., 0.],
          [1., 1., 0., 1., 0., 1., 1., 0., 1., 1., 0., 1., 0., 0., 1., 0., 0.,
           1., 1.],
          [1., 0., 0., 0., 0., 0., 1., 0., 0., 0., 0., 1., 1., 1., 0., 1., 1.,
           0., 1.],
          [1., 0., 0., 0., 1., 1., 1., 1., 0., 0., 1., 1., 0., 1., 1., 1., 1.,
           1., 0.],
          [0., 1., 0., 0., 1., 1., 0., 0., 1., 1., 1., 0., 0., 0., 0., 0., 1.,
           0., 1.],
          [1., 0., 1., 1., 0., 1., 1., 1., 1., 0., 0., 1., 0., 1., 0., 1., 0.,
           0., 0.],
          [0., 1., 0., 1., 0., 1., 1., 0., 0., 0., 0., 0., 1., 1., 1., 0., 1.,
           1., 0.],
          [1., 1., 0., 0., 1., 1., 0., 1., 1., 0., 1., 1., 1., 0., 0., 0., 1.,
           1., 1.],
          [0., 0., 1., 0., 0., 1., 1., 0., 1., 0., 1., 0., 0., 1., 0., 0., 0.,
           0., 0.],
          [1., 0., 1., 1., 1., 1., 0., 1., 0., 0., 1., 1., 1., 0., 0., 0., 1.,
           1., 0.],
          [1., 0., 0., 1., 0., 1., 1., 0., 1., 1., 1., 1., 1., 1., 1., 1., 0.,
           1., 1.],
          [0., 0., 0., 0., 1., 1., 0., 1., 1., 1., 1., 0., 1., 1., 0., 1., 1.,
           0., 1.],
          [1., 0., 1., 1., 0., 1., 0., 0., 1., 0., 0., 0., 0., 0., 1., 0., 0.,
           1., 0.],
          [1., 1., 0., 0., 1., 0., 0., 0., 0., 1., 0., 0., 1., 0., 0., 0., 1.,
           1., 1.],
          [1., 1., 1., 0., 0., 1., 1., 0., 0., 1., 0., 0., 1., 0., 1., 0., 1.,
           0., 0.],
          [0., 1., 0., 0., 1., 0., 0., 1., 1., 1., 0., 1., 1., 0., 1., 0., 0.,
           1., 1.],
          [1., 0., 0., 0., 1., 1., 0., 1., 1., 0., 1., 0., 0., 0., 1., 1., 0.,
           1., 0.]]]], device='cuda:0'), tensor([[0.0635]], device='cuda:0'))
2026-01-08 17:09:33 - INFO - [ 9.5192891e-01 -1.1632596e-01 -9.7655941e-04  2.7135171e-03
 -9.7656128e-04  2.7135133e-03  9.9911267e-01 -6.7685889e-03]
2026-01-08 17:09:33 - INFO - (tensor([[[[1., 0., 0., 1., 0., 0., 1., 1., 0., 0., 1., 1., 0., 1., 1., 0., 0.,
           0., 1.],
          [1., 0., 1., 1., 0., 1., 0., 0., 1., 0., 0., 1., 0., 0., 0., 0., 0.,
           1., 0.],
          [0., 1., 0., 0., 0., 0., 0., 1., 0., 0., 1., 0., 0., 1., 1., 0., 0.,
           0., 0.],
          [1., 1., 0., 1., 0., 1., 1., 0., 1., 1., 0., 1., 0., 0., 1., 0., 0.,
           1., 1.],
          [1., 0., 0., 0., 0., 0., 1., 0., 0., 0., 0., 1., 1., 1., 0., 1., 1.,
           0., 1.],
          [1., 0., 0., 0., 1., 1., 1., 1., 0., 0., 1., 1., 0., 1., 1., 1., 1.,
           1., 0.],
          [0., 1., 0., 0., 1., 1., 0., 0., 1., 1., 1., 0., 0., 0., 0., 0., 1.,
           0., 1.],
          [1., 0., 1., 1., 0., 1., 1., 1., 1., 0., 0., 1., 0., 1., 0., 1., 0.,
           0., 0.],
          [0., 1., 0., 1., 0., 1., 1., 0., 0., 0., 0., 0., 1., 1., 1., 0., 1.,
           1., 0.],
          [1., 1., 0., 0., 1., 1., 0., 1., 1., 0., 1., 1., 1., 0., 0., 0., 1.,
           1., 1.],
          [0., 0., 1., 0., 0., 1., 1., 0., 1., 0., 1., 0., 0., 1., 0., 0., 0.,
           0., 0.],
          [1., 0., 1., 1., 1., 1., 0., 1., 0., 0., 1., 1., 1., 0., 0., 0., 1.,
           1., 0.],
          [1., 0., 0., 1., 0., 1., 1., 0., 1., 1., 1., 1., 1., 1., 1., 1., 0.,
           1., 1.],
          [0., 0., 0., 0., 1., 1., 0., 1., 1., 1., 1., 0., 1., 1., 0., 1., 1.,
           0., 1.],
          [1., 0., 1., 1., 0., 1., 0., 0., 1., 0., 0., 0., 0., 0., 1., 0., 0.,
           1., 0.],
          [1., 1., 0., 0., 1., 0., 0., 0., 0., 1., 0., 0., 1., 0., 0., 0., 1.,
           1., 1.],
          [1., 1., 1., 0., 0., 1., 1., 0., 0., 1., 0., 0., 1., 0., 1., 0., 1.,
           0., 0.],
          [0., 1., 0., 0., 1., 0., 0., 1., 1., 1., 0., 1., 1., 0., 1., 0., 0.,
           1., 1.],
          [1., 0., 0., 0., 1., 1., 0., 1., 1., 0., 1., 0., 0., 0., 1., 1., 0.,
           1., 0.]]]], device='cuda:0'), tensor([[0.0669]], device='cuda:0'))
2026-01-08 17:09:33 - INFO - [ 0.9484817  -0.11968553 -0.00103249  0.00292991 -0.0010325   0.0029299
  0.9990675  -0.00714658]
2026-01-08 17:09:33 - INFO - (tensor([[[[1., 0., 0., 1., 0., 0., 1., 1., 0., 0., 1., 1., 0., 1., 1., 0., 0.,
           0., 1.],
          [1., 0., 1., 1., 0., 1., 0., 0., 1., 0., 0., 1., 0., 0., 0., 0., 0.,
           1., 0.],
          [0., 1., 0., 0., 0., 0., 0., 1., 0., 0., 1., 0., 0., 1., 1., 0., 0.,
           0., 0.],
          [1., 1., 0., 1., 0., 1., 1., 0., 1., 1., 0., 1., 0., 0., 1., 0., 0.,
           1., 1.],
          [1., 0., 0., 0., 0., 0., 1., 0., 0., 0., 0., 1., 1., 1., 0., 1., 1.,
           0., 1.],
          [1., 0., 0., 0., 1., 1., 1., 1., 0., 0., 1., 1., 0., 1., 1., 1., 1.,
           1., 0.],
          [0., 1., 0., 0., 1., 1., 0., 0., 1., 1., 1., 0., 0., 0., 0., 0., 1.,
           0., 1.],
          [1., 0., 1., 1., 0., 1., 1., 1., 1., 0., 0., 1., 0., 1., 0., 1., 0.,
           0., 0.],
          [0., 1., 0., 1., 0., 1., 1., 0., 0., 0., 0., 0., 1., 1., 1., 0., 1.,
           1., 0.],
          [1., 1., 0., 0., 1., 1., 0., 1., 1., 0., 1., 1., 1., 0., 0., 0., 1.,
           1., 1.],
          [0., 0., 1., 0., 0., 1., 1., 0., 1., 0., 1., 0., 0., 1., 0., 0., 0.,
           0., 0.],
          [1., 0., 1., 1., 1., 1., 0., 1., 0., 0., 1., 1., 1., 0., 0., 0., 1.,
           1., 0.],
          [1., 0., 0., 1., 0., 1., 1., 0., 1., 1., 1., 1., 1., 1., 1., 1., 0.,
           1., 1.],
          [0., 0., 0., 0., 1., 1., 0., 1., 1., 1., 1., 0., 1., 1., 0., 1., 1.,
           0., 1.],
          [1., 0., 1., 1., 0., 1., 0., 0., 1., 0., 0., 0., 0., 0., 1., 0., 0.,
           1., 0.],
          [1., 1., 0., 0., 1., 0., 0., 0., 0., 1., 0., 0., 1., 0., 0., 0., 1.,
           1., 1.],
          [1., 1., 1., 0., 0., 1., 1., 0., 0., 1., 0., 0., 1., 0., 1., 0., 1.,
           0., 0.],
          [0., 1., 0., 0., 1., 0., 0., 1., 1., 1., 0., 1., 1., 0., 1., 0., 0.,
           1., 1.],
          [1., 0., 0., 0., 1., 1., 0., 1., 1., 0., 1., 0., 0., 0., 1., 1., 0.,
           1., 0.]]]], device='cuda:0'), tensor([[0.0702]], device='cuda:0'))
2026-01-08 17:09:33 - INFO - [ 0.94518304 -0.12268799 -0.0010681   0.00310753 -0.0010681   0.00310753
  0.9990367  -0.00746861]
2026-01-08 17:09:33 - INFO - (tensor([[[[1., 0., 0., 1., 0., 0., 1., 1., 0., 0., 1., 1., 0., 1., 1., 0., 0.,
           0., 1.],
          [1., 0., 1., 1., 0., 1., 0., 0., 1., 0., 0., 1., 0., 0., 0., 0., 0.,
           1., 0.],
          [0., 1., 0., 0., 0., 0., 0., 1., 0., 0., 1., 0., 0., 1., 1., 0., 0.,
           0., 0.],
          [1., 1., 0., 1., 0., 1., 1., 0., 1., 1., 0., 1., 0., 0., 1., 0., 0.,
           1., 1.],
          [1., 0., 0., 0., 0., 0., 1., 0., 0., 0., 0., 1., 1., 1., 0., 1., 1.,
           0., 1.],
          [1., 0., 0., 0., 1., 1., 1., 1., 0., 0., 1., 1., 0., 1., 1., 1., 1.,
           1., 0.],
          [0., 1., 0., 0., 1., 1., 0., 0., 1., 1., 1., 0., 0., 0., 0., 0., 1.,
           0., 1.],
          [1., 0., 1., 1., 0., 1., 1., 1., 1., 0., 0., 1., 0., 1., 0., 1., 0.,
           0., 0.],
          [0., 1., 0., 1., 0., 1., 1., 0., 0., 0., 0., 0., 1., 1., 1., 0., 1.,
           1., 0.],
          [1., 1., 0., 0., 1., 1., 0., 1., 1., 0., 1., 1., 1., 0., 0., 0., 1.,
           1., 1.],
          [0., 0., 1., 0., 0., 1., 1., 0., 1., 0., 1., 0., 0., 1., 0., 0., 0.,
           0., 0.],
          [1., 0., 1., 1., 1., 1., 0., 1., 0., 0., 1., 1., 1., 0., 0., 0., 1.,
           1., 0.],
          [1., 0., 0., 1., 0., 1., 1., 0., 1., 1., 1., 1., 1., 1., 1., 1., 0.,
           1., 1.],
          [0., 0., 0., 0., 1., 1., 0., 1., 1., 1., 1., 0., 1., 1., 0., 1., 1.,
           0., 1.],
          [1., 0., 1., 1., 0., 1., 0., 0., 1., 0., 0., 0., 0., 0., 1., 0., 0.,
           1., 0.],
          [1., 1., 0., 0., 1., 0., 0., 0., 0., 1., 0., 0., 1., 0., 0., 0., 1.,
           1., 1.],
          [1., 1., 1., 0., 0., 1., 1., 0., 0., 1., 0., 0., 1., 0., 1., 0., 1.,
           0., 0.],
          [0., 1., 0., 0., 1., 0., 0., 1., 1., 1., 0., 1., 1., 0., 1., 0., 0.,
           1., 1.],
          [1., 0., 0., 0., 1., 1., 0., 1., 1., 0., 1., 0., 0., 0., 1., 1., 0.,
           1., 0.]]]], device='cuda:0'), tensor([[0.0736]], device='cuda:0'))
2026-01-08 17:09:33 - INFO - [ 0.9415279  -0.12578072 -0.00110265  0.00327809 -0.00110265  0.00327809
  0.99900097 -0.00779188]
2026-01-08 17:09:33 - INFO - (tensor([[[[1., 0., 0., 1., 0., 0., 1., 1., 0., 0., 1., 1., 0., 1., 1., 0., 0.,
           0., 1.],
          [1., 0., 1., 1., 0., 1., 0., 0., 1., 0., 0., 1., 0., 0., 0., 0., 0.,
           1., 0.],
          [0., 1., 0., 0., 0., 0., 0., 1., 0., 0., 1., 0., 0., 1., 1., 0., 0.,
           0., 0.],
          [1., 1., 0., 1., 0., 1., 1., 0., 1., 1., 0., 1., 0., 0., 1., 0., 0.,
           1., 1.],
          [1., 0., 0., 0., 0., 0., 1., 0., 0., 0., 0., 1., 1., 1., 0., 1., 1.,
           0., 1.],
          [1., 0., 0., 0., 1., 1., 1., 1., 0., 0., 1., 1., 0., 1., 1., 1., 1.,
           1., 0.],
          [0., 1., 0., 0., 1., 1., 0., 0., 1., 1., 1., 0., 0., 0., 0., 0., 1.,
           0., 1.],
          [1., 0., 1., 1., 0., 1., 1., 1., 1., 0., 0., 1., 0., 1., 0., 1., 0.,
           0., 0.],
          [0., 1., 0., 1., 0., 1., 1., 0., 0., 0., 0., 0., 1., 1., 1., 0., 1.,
           1., 0.],
          [1., 1., 0., 0., 1., 1., 0., 1., 1., 0., 1., 1., 1., 0., 0., 0., 1.,
           1., 1.],
          [0., 0., 1., 0., 0., 1., 1., 0., 1., 0., 1., 0., 0., 1., 0., 0., 0.,
           0., 0.],
          [1., 0., 1., 1., 1., 1., 0., 1., 0., 0., 1., 1., 1., 0., 0., 0., 1.,
           1., 0.],
          [1., 0., 0., 1., 0., 1., 1., 0., 1., 1., 1., 1., 1., 1., 1., 1., 0.,
           1., 1.],
          [0., 0., 0., 0., 1., 1., 0., 1., 1., 1., 1., 0., 1., 1., 0., 1., 1.,
           0., 1.],
          [1., 0., 1., 1., 0., 1., 0., 0., 1., 0., 0., 0., 0., 0., 1., 0., 0.,
           1., 0.],
          [1., 1., 0., 0., 1., 0., 0., 0., 0., 1., 0., 0., 1., 0., 0., 0., 1.,
           1., 1.],
          [1., 1., 1., 0., 0., 1., 1., 0., 0., 1., 0., 0., 1., 0., 1., 0., 1.,
           0., 0.],
          [0., 1., 0., 0., 1., 0., 0., 1., 1., 1., 0., 1., 1., 0., 1., 0., 0.,
           1., 1.],
          [1., 0., 0., 0., 1., 1., 0., 1., 1., 0., 1., 0., 0., 0., 1., 1., 0.,
           1., 0.]]]], device='cuda:0'), tensor([[0.0769]], device='cuda:0'))
2026-01-08 17:09:33 - INFO - [ 0.9379364  -0.12863465 -0.00114205  0.00342833 -0.00114205  0.00342833
  0.9989655  -0.0081495 ]
2026-01-08 17:09:33 - INFO - (tensor([[[[1., 0., 0., 1., 0., 0., 1., 1., 0., 0., 1., 1., 0., 1., 1., 0., 0.,
           0., 1.],
          [1., 0., 1., 1., 0., 1., 0., 0., 1., 0., 0., 1., 0., 0., 0., 0., 0.,
           1., 0.],
          [0., 1., 0., 0., 0., 0., 0., 1., 0., 0., 1., 0., 0., 1., 1., 0., 0.,
           0., 0.],
          [1., 1., 0., 1., 0., 1., 1., 0., 1., 1., 0., 1., 0., 0., 1., 0., 0.,
           1., 1.],
          [1., 0., 0., 0., 0., 0., 1., 0., 0., 0., 0., 1., 1., 1., 0., 1., 1.,
           0., 1.],
          [1., 0., 0., 0., 1., 1., 1., 1., 0., 0., 1., 1., 0., 1., 1., 1., 1.,
           1., 0.],
          [0., 1., 0., 0., 1., 1., 0., 0., 1., 1., 1., 0., 0., 0., 0., 0., 1.,
           0., 1.],
          [1., 0., 1., 1., 0., 1., 1., 1., 1., 0., 0., 1., 0., 1., 0., 1., 0.,
           0., 0.],
          [0., 1., 0., 1., 0., 1., 1., 0., 0., 0., 0., 0., 1., 1., 1., 0., 1.,
           1., 0.],
          [1., 1., 0., 0., 1., 1., 0., 1., 1., 0., 1., 1., 1., 0., 0., 0., 1.,
           1., 1.],
          [0., 0., 1., 0., 0., 1., 1., 0., 1., 0., 1., 0., 0., 1., 0., 0., 0.,
           0., 0.],
          [1., 0., 1., 1., 1., 1., 0., 1., 0., 0., 1., 1., 1., 0., 0., 0., 1.,
           1., 0.],
          [1., 0., 0., 1., 0., 1., 1., 0., 1., 1., 1., 1., 1., 1., 1., 1., 0.,
           1., 1.],
          [0., 0., 0., 0., 1., 1., 0., 1., 1., 1., 1., 0., 1., 1., 0., 1., 1.,
           0., 1.],
          [1., 0., 1., 1., 0., 1., 0., 0., 1., 0., 0., 0., 0., 0., 1., 0., 0.,
           1., 0.],
          [1., 1., 0., 0., 1., 0., 0., 0., 0., 1., 0., 0., 1., 0., 0., 0., 1.,
           1., 1.],
          [1., 1., 1., 0., 0., 1., 1., 0., 0., 1., 0., 0., 1., 0., 1., 0., 1.,
           0., 0.],
          [0., 1., 0., 0., 1., 0., 0., 1., 1., 1., 0., 1., 1., 0., 1., 0., 0.,
           1., 1.],
          [1., 0., 0., 0., 1., 1., 0., 1., 1., 0., 1., 0., 0., 0., 1., 1., 0.,
           1., 0.]]]], device='cuda:0'), tensor([[0.0803]], device='cuda:0'))
2026-01-08 17:09:33 - INFO - [ 0.9340209  -0.13165615 -0.00122047  0.00355452 -0.00122048  0.00355452
  0.9989168  -0.00865638]
2026-01-08 17:09:33 - INFO - (tensor([[[[1., 0., 0., 1., 0., 0., 1., 1., 0., 0., 1., 1., 0., 1., 1., 0., 0.,
           0., 1.],
          [1., 0., 1., 1., 0., 1., 0., 0., 1., 0., 0., 1., 0., 0., 0., 0., 0.,
           1., 0.],
          [0., 1., 0., 0., 0., 0., 0., 1., 0., 0., 1., 0., 0., 1., 1., 0., 0.,
           0., 0.],
          [1., 1., 0., 1., 0., 1., 1., 0., 1., 1., 0., 1., 0., 0., 1., 0., 0.,
           1., 1.],
          [1., 0., 0., 0., 0., 0., 1., 0., 0., 0., 0., 1., 1., 1., 0., 1., 1.,
           0., 1.],
          [1., 0., 0., 0., 1., 1., 1., 1., 0., 0., 1., 1., 0., 1., 1., 1., 1.,
           1., 0.],
          [0., 1., 0., 0., 1., 1., 0., 0., 1., 1., 1., 0., 0., 0., 0., 0., 1.,
           0., 1.],
          [1., 0., 1., 1., 0., 1., 1., 1., 1., 0., 0., 1., 0., 1., 0., 1., 0.,
           0., 0.],
          [0., 1., 0., 1., 0., 1., 1., 0., 0., 0., 0., 0., 1., 1., 1., 0., 1.,
           1., 0.],
          [1., 1., 0., 0., 1., 1., 0., 1., 1., 0., 1., 1., 1., 0., 0., 0., 1.,
           1., 1.],
          [0., 0., 1., 0., 0., 1., 1., 0., 1., 0., 1., 0., 0., 1., 0., 0., 0.,
           0., 0.],
          [1., 0., 1., 1., 1., 1., 0., 1., 0., 0., 1., 1., 1., 0., 0., 0., 1.,
           1., 0.],
          [1., 0., 0., 1., 0., 1., 1., 0., 1., 1., 1., 1., 1., 1., 1., 1., 0.,
           1., 1.],
          [0., 0., 0., 0., 1., 1., 0., 1., 1., 1., 1., 0., 1., 1., 0., 1., 1.,
           0., 1.],
          [1., 0., 1., 1., 0., 1., 0., 0., 1., 0., 0., 0., 0., 0., 1., 0., 0.,
           1., 0.],
          [1., 1., 0., 0., 1., 0., 0., 0., 0., 1., 0., 0., 1., 0., 0., 0., 1.,
           1., 1.],
          [1., 1., 1., 0., 0., 1., 1., 0., 0., 1., 0., 0., 1., 0., 1., 0., 1.,
           0., 0.],
          [0., 1., 0., 0., 1., 0., 0., 1., 1., 1., 0., 1., 1., 0., 1., 0., 0.,
           1., 1.],
          [1., 0., 0., 0., 1., 1., 0., 1., 1., 0., 1., 0., 0., 0., 1., 1., 0.,
           1., 0.]]]], device='cuda:0'), tensor([[0.0836]], device='cuda:0'))
2026-01-08 17:09:33 - INFO - [ 0.9312438  -0.1338705  -0.00128588  0.00367242 -0.00128589  0.00367242
  0.9988792  -0.00908362]
2026-01-08 17:09:33 - INFO - (tensor([[[[1., 0., 0., 1., 0., 0., 1., 1., 0., 0., 1., 1., 0., 1., 1., 0., 0.,
           0., 1.],
          [1., 0., 1., 1., 0., 1., 0., 0., 1., 0., 0., 1., 0., 0., 0., 0., 0.,
           1., 0.],
          [0., 1., 0., 0., 0., 0., 0., 1., 0., 0., 1., 0., 0., 1., 1., 0., 0.,
           0., 0.],
          [1., 1., 0., 1., 0., 1., 1., 0., 1., 1., 0., 1., 0., 0., 1., 0., 0.,
           1., 1.],
          [1., 0., 0., 0., 0., 0., 1., 0., 0., 0., 0., 1., 1., 1., 0., 1., 1.,
           0., 1.],
          [1., 0., 0., 0., 1., 1., 1., 1., 0., 0., 1., 1., 0., 1., 1., 1., 1.,
           1., 0.],
          [0., 1., 0., 0., 1., 1., 0., 0., 1., 1., 1., 0., 0., 0., 0., 0., 1.,
           0., 1.],
          [1., 0., 1., 1., 0., 1., 1., 1., 1., 0., 0., 1., 0., 1., 0., 1., 0.,
           0., 0.],
          [0., 1., 0., 1., 0., 1., 1., 0., 0., 0., 0., 0., 1., 1., 1., 0., 1.,
           1., 0.],
          [1., 1., 0., 0., 1., 1., 0., 1., 1., 0., 1., 1., 1., 0., 0., 0., 1.,
           1., 1.],
          [0., 0., 1., 0., 0., 1., 1., 0., 1., 0., 1., 0., 0., 1., 0., 0., 0.,
           0., 0.],
          [1., 0., 1., 1., 1., 1., 0., 1., 0., 0., 1., 1., 1., 0., 0., 0., 1.,
           1., 0.],
          [1., 0., 0., 1., 0., 1., 1., 0., 1., 1., 1., 1., 1., 1., 1., 1., 0.,
           1., 1.],
          [0., 0., 0., 0., 1., 1., 0., 1., 1., 1., 1., 0., 1., 1., 0., 1., 1.,
           0., 1.],
          [1., 0., 1., 1., 0., 1., 0., 0., 1., 0., 0., 0., 0., 0., 1., 0., 0.,
           1., 0.],
          [1., 1., 0., 0., 1., 0., 0., 0., 0., 1., 0., 0., 1., 0., 0., 0., 1.,
           1., 1.],
          [1., 1., 1., 0., 0., 1., 1., 0., 0., 1., 0., 0., 1., 0., 1., 0., 1.,
           0., 0.],
          [0., 1., 0., 0., 1., 0., 0., 1., 1., 1., 0., 1., 1., 0., 1., 0., 0.,
           1., 1.],
          [1., 0., 0., 0., 1., 1., 0., 1., 1., 0., 1., 0., 0., 0., 1., 1., 0.,
           1., 0.]]]], device='cuda:0'), tensor([[0.0870]], device='cuda:0'))
2026-01-08 17:09:33 - INFO - [ 0.92892486 -0.13571045 -0.00134875  0.00379575 -0.00134875  0.00379575
  0.998847   -0.00951878]
2026-01-08 17:09:33 - INFO - (tensor([[[[1., 0., 0., 1., 0., 0., 1., 1., 0., 0., 1., 1., 0., 1., 1., 0., 0.,
           0., 1.],
          [1., 0., 1., 1., 0., 1., 0., 0., 1., 0., 0., 1., 0., 0., 0., 0., 0.,
           1., 0.],
          [0., 1., 0., 0., 0., 0., 0., 1., 0., 0., 1., 0., 0., 1., 1., 0., 0.,
           0., 0.],
          [1., 1., 0., 1., 0., 1., 1., 0., 1., 1., 0., 1., 0., 0., 1., 0., 0.,
           1., 1.],
          [1., 0., 0., 0., 0., 0., 1., 0., 0., 0., 0., 1., 1., 1., 0., 1., 1.,
           0., 1.],
          [1., 0., 0., 0., 1., 1., 1., 1., 0., 0., 1., 1., 0., 1., 1., 1., 1.,
           1., 0.],
          [0., 1., 0., 0., 1., 1., 0., 0., 1., 1., 1., 0., 0., 0., 0., 0., 1.,
           0., 1.],
          [1., 0., 1., 1., 0., 1., 1., 1., 1., 0., 0., 1., 0., 1., 0., 1., 0.,
           0., 0.],
          [0., 1., 0., 1., 0., 1., 1., 0., 0., 0., 0., 0., 1., 1., 1., 0., 1.,
           1., 0.],
          [1., 1., 0., 0., 1., 1., 0., 1., 1., 0., 1., 1., 1., 0., 0., 0., 1.,
           1., 1.],
          [0., 0., 1., 0., 0., 1., 1., 0., 1., 0., 1., 0., 0., 1., 0., 0., 0.,
           0., 0.],
          [1., 0., 1., 1., 1., 1., 0., 1., 0., 0., 1., 1., 1., 0., 0., 0., 1.,
           1., 0.],
          [1., 0., 0., 1., 0., 1., 1., 0., 1., 1., 1., 1., 1., 1., 1., 1., 0.,
           1., 1.],
          [0., 0., 0., 0., 1., 1., 0., 1., 1., 1., 1., 0., 1., 1., 0., 1., 1.,
           0., 1.],
          [1., 0., 1., 1., 0., 1., 0., 0., 1., 0., 0., 0., 0., 0., 1., 0., 0.,
           1., 0.],
          [1., 1., 0., 0., 1., 0., 0., 0., 0., 1., 0., 0., 1., 0., 0., 0., 1.,
           1., 1.],
          [1., 1., 1., 0., 0., 1., 1., 0., 0., 1., 0., 0., 1., 0., 1., 0., 1.,
           0., 0.],
          [0., 1., 0., 0., 1., 0., 0., 1., 1., 1., 0., 1., 1., 0., 1., 0., 0.,
           1., 1.],
          [1., 0., 0., 0., 1., 1., 0., 1., 1., 0., 1., 0., 0., 0., 1., 1., 0.,
           1., 0.]]]], device='cuda:0'), tensor([[0.0903]], device='cuda:0'))
2026-01-08 17:09:33 - INFO - [ 0.92630684 -0.13771428 -0.00141225  0.0039369  -0.00141224  0.0039369
  0.998814   -0.00995982]
2026-01-08 17:09:33 - INFO - (tensor([[[[1., 0., 0., 1., 0., 0., 1., 1., 0., 0., 1., 1., 0., 1., 1., 0., 0.,
           0., 1.],
          [1., 0., 1., 1., 0., 1., 0., 0., 1., 0., 0., 1., 0., 0., 0., 0., 0.,
           1., 0.],
          [0., 1., 0., 0., 0., 0., 0., 1., 0., 0., 1., 0., 0., 1., 1., 0., 0.,
           0., 0.],
          [1., 1., 0., 1., 0., 1., 1., 0., 1., 1., 0., 1., 0., 0., 1., 0., 0.,
           1., 1.],
          [1., 0., 0., 0., 0., 0., 1., 0., 0., 0., 0., 1., 1., 1., 0., 1., 1.,
           0., 1.],
          [1., 0., 0., 0., 1., 1., 1., 1., 0., 0., 1., 1., 0., 1., 1., 1., 1.,
           1., 0.],
          [0., 1., 0., 0., 1., 1., 0., 0., 1., 1., 1., 0., 0., 0., 0., 0., 1.,
           0., 1.],
          [1., 0., 1., 1., 0., 1., 1., 1., 1., 0., 0., 1., 0., 1., 0., 1., 0.,
           0., 0.],
          [0., 1., 0., 1., 0., 1., 1., 0., 0., 0., 0., 0., 1., 1., 1., 0., 1.,
           1., 0.],
          [1., 1., 0., 0., 1., 1., 0., 1., 1., 0., 1., 1., 1., 0., 0., 0., 1.,
           1., 1.],
          [0., 0., 1., 0., 0., 1., 1., 0., 1., 0., 1., 0., 0., 1., 0., 0., 0.,
           0., 0.],
          [1., 0., 1., 1., 1., 1., 0., 1., 0., 0., 1., 1., 1., 0., 0., 0., 1.,
           1., 0.],
          [1., 0., 0., 1., 0., 1., 1., 0., 1., 1., 1., 1., 1., 1., 1., 1., 0.,
           1., 1.],
          [0., 0., 0., 0., 1., 1., 0., 1., 1., 1., 1., 0., 1., 1., 0., 1., 1.,
           0., 1.],
          [1., 0., 1., 1., 0., 1., 0., 0., 1., 0., 0., 0., 0., 0., 1., 0., 0.,
           1., 0.],
          [1., 1., 0., 0., 1., 0., 0., 0., 0., 1., 0., 0., 1., 0., 0., 0., 1.,
           1., 1.],
          [1., 1., 1., 0., 0., 1., 1., 0., 0., 1., 0., 0., 1., 0., 1., 0., 1.,
           0., 0.],
          [0., 1., 0., 0., 1., 0., 0., 1., 1., 1., 0., 1., 1., 0., 1., 0., 0.,
           1., 1.],
          [1., 0., 0., 0., 1., 1., 0., 1., 1., 0., 1., 0., 0., 0., 1., 1., 0.,
           1., 0.]]]], device='cuda:0'), tensor([[0.0936]], device='cuda:0'))
2026-01-08 17:09:33 - INFO - [ 0.9233784  -0.13986316 -0.00148439  0.00410508 -0.0014844   0.00410508
  0.9987752  -0.01040556]
2026-01-08 17:09:33 - INFO - (tensor([[[[1., 0., 0., 1., 0., 0., 1., 1., 0., 0., 1., 1., 0., 1., 1., 0., 0.,
           0., 1.],
          [1., 0., 1., 1., 0., 1., 0., 0., 1., 0., 0., 1., 0., 0., 0., 0., 0.,
           1., 0.],
          [0., 1., 0., 0., 0., 0., 0., 1., 0., 0., 1., 0., 0., 1., 1., 0., 0.,
           0., 0.],
          [1., 1., 0., 1., 0., 1., 1., 0., 1., 1., 0., 1., 0., 0., 1., 0., 0.,
           1., 1.],
          [1., 0., 0., 0., 0., 0., 1., 0., 0., 0., 0., 1., 1., 1., 0., 1., 1.,
           0., 1.],
          [1., 0., 0., 0., 1., 1., 1., 1., 0., 0., 1., 1., 0., 1., 1., 1., 1.,
           1., 0.],
          [0., 1., 0., 0., 1., 1., 0., 0., 1., 1., 1., 0., 0., 0., 0., 0., 1.,
           0., 1.],
          [1., 0., 1., 1., 0., 1., 1., 1., 1., 0., 0., 1., 0., 1., 0., 1., 0.,
           0., 0.],
          [0., 1., 0., 1., 0., 1., 1., 0., 0., 0., 0., 0., 1., 1., 1., 0., 1.,
           1., 0.],
          [1., 1., 0., 0., 1., 1., 0., 1., 1., 0., 1., 1., 1., 0., 0., 0., 1.,
           1., 1.],
          [0., 0., 1., 0., 0., 1., 1., 0., 1., 0., 1., 0., 0., 1., 0., 0., 0.,
           0., 0.],
          [1., 0., 1., 1., 1., 1., 0., 1., 0., 0., 1., 1., 1., 0., 0., 0., 1.,
           1., 0.],
          [1., 0., 0., 1., 0., 1., 1., 0., 1., 1., 1., 1., 1., 1., 1., 1., 0.,
           1., 1.],
          [0., 0., 0., 0., 1., 1., 0., 1., 1., 1., 1., 0., 1., 1., 0., 1., 1.,
           0., 1.],
          [1., 0., 1., 1., 0., 1., 0., 0., 1., 0., 0., 0., 0., 0., 1., 0., 0.,
           1., 0.],
          [1., 1., 0., 0., 1., 0., 0., 0., 0., 1., 0., 0., 1., 0., 0., 0., 1.,
           1., 1.],
          [1., 1., 1., 0., 0., 1., 1., 0., 0., 1., 0., 0., 1., 0., 1., 0., 1.,
           0., 0.],
          [0., 1., 0., 0., 1., 0., 0., 1., 1., 1., 0., 1., 1., 0., 1., 0., 0.,
           1., 1.],
          [1., 0., 0., 0., 1., 1., 0., 1., 1., 0., 1., 0., 0., 0., 1., 1., 0.,
           1., 0.]]]], device='cuda:0'), tensor([[0.0970]], device='cuda:0'))
2026-01-08 17:09:33 - INFO - [ 0.92025495 -0.1421493  -0.00156031  0.00430033 -0.00156031  0.00430033
  0.9987288  -0.0109462 ]
2026-01-08 17:09:33 - INFO - (tensor([[[[1., 0., 0., 1., 0., 0., 1., 1., 0., 0., 1., 1., 0., 1., 1., 0., 0.,
           0., 1.],
          [1., 0., 1., 1., 0., 1., 0., 0., 1., 0., 0., 1., 0., 0., 0., 0., 0.,
           1., 0.],
          [0., 1., 0., 0., 0., 0., 0., 1., 0., 0., 1., 0., 0., 1., 1., 0., 0.,
           0., 0.],
          [1., 1., 0., 1., 0., 1., 1., 0., 1., 1., 0., 1., 0., 0., 1., 0., 0.,
           1., 1.],
          [1., 0., 0., 0., 0., 0., 1., 0., 0., 0., 0., 1., 1., 1., 0., 1., 1.,
           0., 1.],
          [1., 0., 0., 0., 1., 1., 1., 1., 0., 0., 1., 1., 0., 1., 1., 1., 1.,
           1., 0.],
          [0., 1., 0., 0., 1., 1., 0., 0., 1., 1., 1., 0., 0., 0., 0., 0., 1.,
           0., 1.],
          [1., 0., 1., 1., 0., 1., 1., 1., 1., 0., 0., 1., 0., 1., 0., 1., 0.,
           0., 0.],
          [0., 1., 0., 1., 0., 1., 1., 0., 0., 0., 0., 0., 1., 1., 1., 0., 1.,
           1., 0.],
          [1., 1., 0., 0., 1., 1., 0., 1., 1., 0., 1., 1., 1., 0., 0., 0., 1.,
           1., 1.],
          [0., 0., 1., 0., 0., 1., 1., 0., 1., 0., 1., 0., 0., 1., 0., 0., 0.,
           0., 0.],
          [1., 0., 1., 1., 1., 1., 0., 1., 0., 0., 1., 1., 1., 0., 0., 0., 1.,
           1., 0.],
          [1., 0., 0., 1., 0., 1., 1., 0., 1., 1., 1., 1., 1., 1., 1., 1., 0.,
           1., 1.],
          [0., 0., 0., 0., 1., 1., 0., 1., 1., 1., 1., 0., 1., 1., 0., 1., 1.,
           0., 1.],
          [1., 0., 1., 1., 0., 1., 0., 0., 1., 0., 0., 0., 0., 0., 1., 0., 0.,
           1., 0.],
          [1., 1., 0., 0., 1., 0., 0., 0., 0., 1., 0., 0., 1., 0., 0., 0., 1.,
           1., 1.],
          [1., 1., 1., 0., 0., 1., 1., 0., 0., 1., 0., 0., 1., 0., 1., 0., 1.,
           0., 0.],
          [0., 1., 0., 0., 1., 0., 0., 1., 1., 1., 0., 1., 1., 0., 1., 0., 0.,
           1., 1.],
          [1., 0., 0., 0., 1., 1., 0., 1., 1., 0., 1., 0., 0., 0., 1., 1., 0.,
           1., 0.]]]], device='cuda:0'), tensor([[0.1003]], device='cuda:0'))
2026-01-08 17:09:33 - INFO - [ 0.91653836 -0.14493226 -0.00160355  0.00476873 -0.00160355  0.00476873
  0.99867195 -0.01154794]
2026-01-08 17:09:33 - INFO - (tensor([[[[1., 0., 0., 1., 0., 0., 1., 1., 0., 0., 1., 1., 0., 1., 1., 0., 0.,
           0., 1.],
          [1., 0., 1., 1., 0., 1., 0., 0., 1., 0., 0., 1., 0., 0., 0., 0., 0.,
           1., 0.],
          [0., 1., 0., 0., 0., 0., 0., 1., 0., 0., 1., 0., 0., 1., 1., 0., 0.,
           0., 0.],
          [1., 1., 0., 1., 0., 1., 1., 0., 1., 1., 0., 1., 0., 0., 1., 0., 0.,
           1., 1.],
          [1., 0., 0., 0., 0., 0., 1., 0., 0., 0., 0., 1., 1., 1., 0., 1., 1.,
           0., 1.],
          [1., 0., 0., 0., 1., 1., 1., 1., 0., 0., 1., 1., 0., 1., 1., 1., 1.,
           1., 0.],
          [0., 1., 0., 0., 1., 1., 0., 0., 1., 1., 1., 0., 0., 0., 0., 0., 1.,
           0., 1.],
          [1., 0., 1., 1., 0., 1., 1., 1., 1., 0., 0., 1., 0., 1., 0., 1., 0.,
           0., 0.],
          [0., 1., 0., 1., 0., 1., 1., 0., 0., 0., 0., 0., 1., 1., 1., 0., 1.,
           1., 0.],
          [1., 1., 0., 0., 1., 1., 0., 1., 1., 0., 1., 1., 1., 0., 0., 0., 1.,
           1., 1.],
          [0., 0., 1., 0., 0., 1., 1., 0., 1., 0., 1., 0., 0., 1., 0., 0., 0.,
           0., 0.],
          [1., 0., 1., 1., 1., 1., 0., 1., 0., 0., 1., 1., 1., 0., 0., 0., 1.,
           1., 0.],
          [1., 0., 0., 1., 0., 1., 1., 0., 1., 1., 1., 1., 1., 1., 1., 1., 0.,
           1., 1.],
          [0., 0., 0., 0., 1., 1., 0., 1., 1., 1., 1., 0., 1., 1., 0., 1., 1.,
           0., 1.],
          [1., 0., 1., 1., 0., 1., 0., 0., 1., 0., 0., 0., 0., 0., 1., 0., 0.,
           1., 0.],
          [1., 1., 0., 0., 1., 0., 0., 0., 0., 1., 0., 0., 1., 0., 0., 0., 1.,
           1., 1.],
          [1., 1., 1., 0., 0., 1., 1., 0., 0., 1., 0., 0., 1., 0., 1., 0., 1.,
           0., 0.],
          [0., 1., 0., 0., 1., 0., 0., 1., 1., 1., 0., 1., 1., 0., 1., 0., 0.,
           1., 1.],
          [1., 0., 0., 0., 1., 1., 0., 1., 1., 0., 1., 0., 0., 0., 1., 1., 0.,
           1., 0.]]]], device='cuda:0'), tensor([[0.1037]], device='cuda:0'))
2026-01-08 17:09:33 - INFO - [ 0.9131957  -0.14754452 -0.00167094  0.00518912 -0.00167094  0.00518912
  0.99862105 -0.01201438]
2026-01-08 17:09:33 - INFO - (tensor([[[[1., 0., 0., 1., 0., 0., 1., 1., 0., 0., 1., 1., 0., 1., 1., 0., 0.,
           0., 1.],
          [1., 0., 1., 1., 0., 1., 0., 0., 1., 0., 0., 1., 0., 0., 0., 0., 0.,
           1., 0.],
          [0., 1., 0., 0., 0., 0., 0., 1., 0., 0., 1., 0., 0., 1., 1., 0., 0.,
           0., 0.],
          [1., 1., 0., 1., 0., 1., 1., 0., 1., 1., 0., 1., 0., 0., 1., 0., 0.,
           1., 1.],
          [1., 0., 0., 0., 0., 0., 1., 0., 0., 0., 0., 1., 1., 1., 0., 1., 1.,
           0., 1.],
          [1., 0., 0., 0., 1., 1., 1., 1., 0., 0., 1., 1., 0., 1., 1., 1., 1.,
           1., 0.],
          [0., 1., 0., 0., 1., 1., 0., 0., 1., 1., 1., 0., 0., 0., 0., 0., 1.,
           0., 1.],
          [1., 0., 1., 1., 0., 1., 1., 1., 1., 0., 0., 1., 0., 1., 0., 1., 0.,
           0., 0.],
          [0., 1., 0., 1., 0., 1., 1., 0., 0., 0., 0., 0., 1., 1., 1., 0., 1.,
           1., 0.],
          [1., 1., 0., 0., 1., 1., 0., 1., 1., 0., 1., 1., 1., 0., 0., 0., 1.,
           1., 1.],
          [0., 0., 1., 0., 0., 1., 1., 0., 1., 0., 1., 0., 0., 1., 0., 0., 0.,
           0., 0.],
          [1., 0., 1., 1., 1., 1., 0., 1., 0., 0., 1., 1., 1., 0., 0., 0., 1.,
           1., 0.],
          [1., 0., 0., 1., 0., 1., 1., 0., 1., 1., 1., 1., 1., 1., 1., 1., 0.,
           1., 1.],
          [0., 0., 0., 0., 1., 1., 0., 1., 1., 1., 1., 0., 1., 1., 0., 1., 1.,
           0., 1.],
          [1., 0., 1., 1., 0., 1., 0., 0., 1., 0., 0., 0., 0., 0., 1., 0., 0.,
           1., 0.],
          [1., 1., 0., 0., 1., 0., 0., 0., 0., 1., 0., 0., 1., 0., 0., 0., 1.,
           1., 1.],
          [1., 1., 1., 0., 0., 1., 1., 0., 0., 1., 0., 0., 1., 0., 1., 0., 1.,
           0., 0.],
          [0., 1., 0., 0., 1., 0., 0., 1., 1., 1., 0., 1., 1., 0., 1., 0., 0.,
           1., 1.],
          [1., 0., 0., 0., 1., 1., 0., 1., 1., 0., 1., 0., 0., 0., 1., 1., 0.,
           1., 0.]]]], device='cuda:0'), tensor([[0.1070]], device='cuda:0'))
2026-01-08 17:09:33 - INFO - [ 0.9108113  -0.14920455 -0.0017524   0.00536607 -0.00175241  0.00536607
  0.99858737 -0.01229554]
2026-01-08 17:09:33 - INFO - (tensor([[[[1., 0., 0., 1., 0., 0., 1., 1., 0., 0., 1., 1., 0., 1., 1., 0., 0.,
           0., 1.],
          [1., 0., 1., 1., 0., 1., 0., 0., 1., 0., 0., 1., 0., 0., 0., 0., 0.,
           1., 0.],
          [0., 1., 0., 0., 0., 0., 0., 1., 0., 0., 1., 0., 0., 1., 1., 0., 0.,
           0., 0.],
          [1., 1., 0., 1., 0., 1., 1., 0., 1., 1., 0., 1., 0., 0., 1., 0., 0.,
           1., 1.],
          [1., 0., 0., 0., 0., 0., 1., 0., 0., 0., 0., 1., 1., 1., 0., 1., 1.,
           0., 1.],
          [1., 0., 0., 0., 1., 1., 1., 1., 0., 0., 1., 1., 0., 1., 1., 1., 1.,
           1., 0.],
          [0., 1., 0., 0., 1., 1., 0., 0., 1., 1., 1., 0., 0., 0., 0., 0., 1.,
           0., 1.],
          [1., 0., 1., 1., 0., 1., 1., 1., 1., 0., 0., 1., 0., 1., 0., 1., 0.,
           0., 0.],
          [0., 1., 0., 1., 0., 1., 1., 0., 0., 0., 0., 0., 1., 1., 1., 0., 1.,
           1., 0.],
          [1., 1., 0., 0., 1., 1., 0., 1., 1., 0., 1., 1., 1., 0., 0., 0., 1.,
           1., 1.],
          [0., 0., 1., 0., 0., 1., 1., 0., 1., 0., 1., 0., 0., 1., 0., 0., 0.,
           0., 0.],
          [1., 0., 1., 1., 1., 1., 0., 1., 0., 0., 1., 1., 1., 0., 0., 0., 1.,
           1., 0.],
          [1., 0., 0., 1., 0., 1., 1., 0., 1., 1., 1., 1., 1., 1., 1., 1., 0.,
           1., 1.],
          [0., 0., 0., 0., 1., 1., 0., 1., 1., 1., 1., 0., 1., 1., 0., 1., 1.,
           0., 1.],
          [1., 0., 1., 1., 0., 1., 0., 0., 1., 0., 0., 0., 0., 0., 1., 0., 0.,
           1., 0.],
          [1., 1., 0., 0., 1., 0., 0., 0., 0., 1., 0., 0., 1., 0., 0., 0., 1.,
           1., 1.],
          [1., 1., 1., 0., 0., 1., 1., 0., 0., 1., 0., 0., 1., 0., 1., 0., 1.,
           0., 0.],
          [0., 1., 0., 0., 1., 0., 0., 1., 1., 1., 0., 1., 1., 0., 1., 0., 0.,
           1., 1.],
          [1., 0., 0., 0., 1., 1., 0., 1., 1., 0., 1., 0., 0., 0., 1., 1., 0.,
           1., 0.]]]], device='cuda:0'), tensor([[0.1104]], device='cuda:0'))
2026-01-08 17:09:33 - INFO - [ 0.9083228  -0.15084359 -0.00183292  0.00556178 -0.00183292  0.00556178
  0.9985519  -0.01260493]
2026-01-08 17:09:33 - INFO - (tensor([[[[1., 0., 0., 1., 0., 0., 1., 1., 0., 0., 1., 1., 0., 1., 1., 0., 0.,
           0., 1.],
          [1., 0., 1., 1., 0., 1., 0., 0., 1., 0., 0., 1., 0., 0., 0., 0., 0.,
           1., 0.],
          [0., 1., 0., 0., 0., 0., 0., 1., 0., 0., 1., 0., 0., 1., 1., 0., 0.,
           0., 0.],
          [1., 1., 0., 1., 0., 1., 1., 0., 1., 1., 0., 1., 0., 0., 1., 0., 0.,
           1., 1.],
          [1., 0., 0., 0., 0., 0., 1., 0., 0., 0., 0., 1., 1., 1., 0., 1., 1.,
           0., 1.],
          [1., 0., 0., 0., 1., 1., 1., 1., 0., 0., 1., 1., 0., 1., 1., 1., 1.,
           1., 0.],
          [0., 1., 0., 0., 1., 1., 0., 0., 1., 1., 1., 0., 0., 0., 0., 0., 1.,
           0., 1.],
          [1., 0., 1., 1., 0., 1., 1., 1., 1., 0., 0., 1., 0., 1., 0., 1., 0.,
           0., 0.],
          [0., 1., 0., 1., 0., 1., 1., 0., 0., 0., 0., 0., 1., 1., 1., 0., 1.,
           1., 0.],
          [1., 1., 0., 0., 1., 1., 0., 1., 1., 0., 1., 1., 1., 0., 0., 0., 1.,
           1., 1.],
          [0., 0., 1., 0., 0., 1., 1., 0., 1., 0., 1., 0., 0., 1., 0., 0., 0.,
           0., 0.],
          [1., 0., 1., 1., 1., 1., 0., 1., 0., 0., 1., 1., 1., 0., 0., 0., 1.,
           1., 0.],
          [1., 0., 0., 1., 0., 1., 1., 0., 1., 1., 1., 1., 1., 1., 1., 1., 0.,
           1., 1.],
          [0., 0., 0., 0., 1., 1., 0., 1., 1., 1., 1., 0., 1., 1., 0., 1., 1.,
           0., 1.],
          [1., 0., 1., 1., 0., 1., 0., 0., 1., 0., 0., 0., 0., 0., 1., 0., 0.,
           1., 0.],
          [1., 1., 0., 0., 1., 0., 0., 0., 0., 1., 0., 0., 1., 0., 0., 0., 1.,
           1., 1.],
          [1., 1., 1., 0., 0., 1., 1., 0., 0., 1., 0., 0., 1., 0., 1., 0., 1.,
           0., 0.],
          [0., 1., 0., 0., 1., 0., 0., 1., 1., 1., 0., 1., 1., 0., 1., 0., 0.,
           1., 1.],
          [1., 0., 0., 0., 1., 1., 0., 1., 1., 0., 1., 0., 0., 0., 1., 1., 0.,
           1., 0.]]]], device='cuda:0'), tensor([[0.1137]], device='cuda:0'))
2026-01-08 17:09:33 - INFO - [ 0.9050977  -0.15288585 -0.00186106  0.00608249 -0.00186107  0.0060825
  0.9985036  -0.01303946]
2026-01-08 17:09:33 - INFO - (tensor([[[[1., 0., 0., 1., 0., 0., 1., 1., 0., 0., 1., 1., 0., 1., 1., 0., 0.,
           0., 1.],
          [1., 0., 1., 1., 0., 1., 0., 0., 1., 0., 0., 1., 0., 0., 0., 0., 0.,
           1., 0.],
          [0., 1., 0., 0., 0., 0., 0., 1., 0., 0., 1., 0., 0., 1., 1., 0., 0.,
           0., 0.],
          [1., 1., 0., 1., 0., 1., 1., 0., 1., 1., 0., 1., 0., 0., 1., 0., 0.,
           1., 1.],
          [1., 0., 0., 0., 0., 0., 1., 0., 0., 0., 0., 1., 1., 1., 0., 1., 1.,
           0., 1.],
          [1., 0., 0., 0., 1., 1., 1., 1., 0., 0., 1., 1., 0., 1., 1., 1., 1.,
           1., 0.],
          [0., 1., 0., 0., 1., 1., 0., 0., 1., 1., 1., 0., 0., 0., 0., 0., 1.,
           0., 1.],
          [1., 0., 1., 1., 0., 1., 1., 1., 1., 0., 0., 1., 0., 1., 0., 1., 0.,
           0., 0.],
          [0., 1., 0., 1., 0., 1., 1., 0., 0., 0., 0., 0., 1., 1., 1., 0., 1.,
           1., 0.],
          [1., 1., 0., 0., 1., 1., 0., 1., 1., 0., 1., 1., 1., 0., 0., 0., 1.,
           1., 1.],
          [0., 0., 1., 0., 0., 1., 1., 0., 1., 0., 1., 0., 0., 1., 0., 0., 0.,
           0., 0.],
          [1., 0., 1., 1., 1., 1., 0., 1., 0., 0., 1., 1., 1., 0., 0., 0., 1.,
           1., 0.],
          [1., 0., 0., 1., 0., 1., 1., 0., 1., 1., 1., 1., 1., 1., 1., 1., 0.,
           1., 1.],
          [0., 0., 0., 0., 1., 1., 0., 1., 1., 1., 1., 0., 1., 1., 0., 1., 1.,
           0., 1.],
          [1., 0., 1., 1., 0., 1., 0., 0., 1., 0., 0., 0., 0., 0., 1., 0., 0.,
           1., 0.],
          [1., 1., 0., 0., 1., 0., 0., 0., 0., 1., 0., 0., 1., 0., 0., 0., 1.,
           1., 1.],
          [1., 1., 1., 0., 0., 1., 1., 0., 0., 1., 0., 0., 1., 0., 1., 0., 1.,
           0., 0.],
          [0., 1., 0., 0., 1., 0., 0., 1., 1., 1., 0., 1., 1., 0., 1., 0., 0.,
           1., 1.],
          [1., 0., 0., 0., 1., 1., 0., 1., 1., 0., 1., 0., 0., 0., 1., 1., 0.,
           1., 0.]]]], device='cuda:0'), tensor([[0.1171]], device='cuda:0'))
2026-01-08 17:09:33 - INFO - [ 0.9019889  -0.15479681 -0.00181068  0.0066061  -0.00181068  0.0066061
  0.9984527  -0.01342677]
2026-01-08 17:09:33 - INFO - (tensor([[[[1., 0., 0., 1., 0., 0., 1., 1., 0., 0., 1., 1., 0., 1., 1., 0., 0.,
           0., 1.],
          [1., 0., 1., 1., 0., 1., 0., 0., 1., 0., 0., 1., 0., 0., 0., 0., 0.,
           1., 0.],
          [0., 1., 0., 0., 0., 0., 0., 1., 0., 0., 1., 0., 0., 1., 1., 0., 0.,
           0., 0.],
          [1., 1., 0., 1., 0., 1., 1., 0., 1., 1., 0., 1., 0., 0., 1., 0., 0.,
           1., 1.],
          [1., 0., 0., 0., 0., 0., 1., 0., 0., 0., 0., 1., 1., 1., 0., 1., 1.,
           0., 1.],
          [1., 0., 0., 0., 1., 1., 1., 1., 0., 0., 1., 1., 0., 1., 1., 1., 1.,
           1., 0.],
          [0., 1., 0., 0., 1., 1., 0., 0., 1., 1., 1., 0., 0., 0., 0., 0., 1.,
           0., 1.],
          [1., 0., 1., 1., 0., 1., 1., 1., 1., 0., 0., 1., 0., 1., 0., 1., 0.,
           0., 0.],
          [0., 1., 0., 1., 0., 1., 1., 0., 0., 0., 0., 0., 1., 1., 1., 0., 1.,
           1., 0.],
          [1., 1., 0., 0., 1., 1., 0., 1., 1., 0., 1., 1., 1., 0., 0., 0., 1.,
           1., 1.],
          [0., 0., 1., 0., 0., 1., 1., 0., 1., 0., 1., 0., 0., 1., 0., 0., 0.,
           0., 0.],
          [1., 0., 1., 1., 1., 1., 0., 1., 0., 0., 1., 1., 1., 0., 0., 0., 1.,
           1., 0.],
          [1., 0., 0., 1., 0., 1., 1., 0., 1., 1., 1., 1., 1., 1., 1., 1., 0.,
           1., 1.],
          [0., 0., 0., 0., 1., 1., 0., 1., 1., 1., 1., 0., 1., 1., 0., 1., 1.,
           0., 1.],
          [1., 0., 1., 1., 0., 1., 0., 0., 1., 0., 0., 0., 0., 0., 1., 0., 0.,
           1., 0.],
          [1., 1., 0., 0., 1., 0., 0., 0., 0., 1., 0., 0., 1., 0., 0., 0., 1.,
           1., 1.],
          [1., 1., 1., 0., 0., 1., 1., 0., 0., 1., 0., 0., 1., 0., 1., 0., 1.,
           0., 0.],
          [0., 1., 0., 0., 1., 0., 0., 1., 1., 1., 0., 1., 1., 0., 1., 0., 0.,
           1., 1.],
          [1., 0., 0., 0., 1., 1., 0., 1., 1., 0., 1., 0., 0., 0., 1., 1., 0.,
           1., 0.]]]], device='cuda:0'), tensor([[0.1204]], device='cuda:0'))
2026-01-08 17:09:33 - INFO - [ 0.8994192  -0.15632431 -0.0017768   0.00700572 -0.0017768   0.00700572
  0.9984069  -0.01374578]
2026-01-08 17:09:33 - INFO - (tensor([[[[1., 0., 0., 1., 0., 0., 1., 1., 0., 0., 1., 1., 0., 1., 1., 0., 0.,
           0., 1.],
          [1., 0., 1., 1., 0., 1., 0., 0., 1., 0., 0., 1., 0., 0., 0., 0., 0.,
           1., 0.],
          [0., 1., 0., 0., 0., 0., 0., 1., 0., 0., 1., 0., 0., 1., 1., 0., 0.,
           0., 0.],
          [1., 1., 0., 1., 0., 1., 1., 0., 1., 1., 0., 1., 0., 0., 1., 0., 0.,
           1., 1.],
          [1., 0., 0., 0., 0., 0., 1., 0., 0., 0., 0., 1., 1., 1., 0., 1., 1.,
           0., 1.],
          [1., 0., 0., 0., 1., 1., 1., 1., 0., 0., 1., 1., 0., 1., 1., 1., 1.,
           1., 0.],
          [0., 1., 0., 0., 1., 1., 0., 0., 1., 1., 1., 0., 0., 0., 0., 0., 1.,
           0., 1.],
          [1., 0., 1., 1., 0., 1., 1., 1., 1., 0., 0., 1., 0., 1., 0., 1., 0.,
           0., 0.],
          [0., 1., 0., 1., 0., 1., 1., 0., 0., 0., 0., 0., 1., 1., 1., 0., 1.,
           1., 0.],
          [1., 1., 0., 0., 1., 1., 0., 1., 1., 0., 1., 1., 1., 0., 0., 0., 1.,
           1., 1.],
          [0., 0., 1., 0., 0., 1., 1., 0., 1., 0., 1., 0., 0., 1., 0., 0., 0.,
           0., 0.],
          [1., 0., 1., 1., 1., 1., 0., 1., 0., 0., 1., 1., 1., 0., 0., 0., 1.,
           1., 0.],
          [1., 0., 0., 1., 0., 1., 1., 0., 1., 1., 1., 1., 1., 1., 1., 1., 0.,
           1., 1.],
          [0., 0., 0., 0., 1., 1., 0., 1., 1., 1., 1., 0., 1., 1., 0., 1., 1.,
           0., 1.],
          [1., 0., 1., 1., 0., 1., 0., 0., 1., 0., 0., 0., 0., 0., 1., 0., 0.,
           1., 0.],
          [1., 1., 0., 0., 1., 0., 0., 0., 0., 1., 0., 0., 1., 0., 0., 0., 1.,
           1., 1.],
          [1., 1., 1., 0., 0., 1., 1., 0., 0., 1., 0., 0., 1., 0., 1., 0., 1.,
           0., 0.],
          [0., 1., 0., 0., 1., 0., 0., 1., 1., 1., 0., 1., 1., 0., 1., 0., 0.,
           1., 1.],
          [1., 0., 0., 0., 1., 1., 0., 1., 1., 0., 1., 0., 0., 0., 1., 1., 0.,
           1., 0.]]]], device='cuda:0'), tensor([[0.1237]], device='cuda:0'))
2026-01-08 17:09:33 - INFO - [ 0.89701045 -0.15771392 -0.00174909  0.00736578 -0.00174909  0.00736579
  0.99836314 -0.01404056]
2026-01-08 17:09:33 - INFO - (tensor([[[[1., 0., 0., 1., 0., 0., 1., 1., 0., 0., 1., 1., 0., 1., 1., 0., 0.,
           0., 1.],
          [1., 0., 1., 1., 0., 1., 0., 0., 1., 0., 0., 1., 0., 0., 0., 0., 0.,
           1., 0.],
          [0., 1., 0., 0., 0., 0., 0., 1., 0., 0., 1., 0., 0., 1., 1., 0., 0.,
           0., 0.],
          [1., 1., 0., 1., 0., 1., 1., 0., 1., 1., 0., 1., 0., 0., 1., 0., 0.,
           1., 1.],
          [1., 0., 0., 0., 0., 0., 1., 0., 0., 0., 0., 1., 1., 1., 0., 1., 1.,
           0., 1.],
          [1., 0., 0., 0., 1., 1., 1., 1., 0., 0., 1., 1., 0., 1., 1., 1., 1.,
           1., 0.],
          [0., 1., 0., 0., 1., 1., 0., 0., 1., 1., 1., 0., 0., 0., 0., 0., 1.,
           0., 1.],
          [1., 0., 1., 1., 0., 1., 1., 1., 1., 0., 0., 1., 0., 1., 0., 1., 0.,
           0., 0.],
          [0., 1., 0., 1., 0., 1., 1., 0., 0., 0., 0., 0., 1., 1., 1., 0., 1.,
           1., 0.],
          [1., 1., 0., 0., 1., 1., 0., 1., 1., 0., 1., 1., 1., 0., 0., 0., 1.,
           1., 1.],
          [0., 0., 1., 0., 0., 1., 1., 0., 1., 0., 1., 0., 0., 1., 0., 0., 0.,
           0., 0.],
          [1., 0., 1., 1., 1., 1., 0., 1., 0., 0., 1., 1., 1., 0., 0., 0., 1.,
           1., 0.],
          [1., 0., 0., 1., 0., 1., 1., 0., 1., 1., 1., 1., 1., 1., 1., 1., 0.,
           1., 1.],
          [0., 0., 0., 0., 1., 1., 0., 1., 1., 1., 1., 0., 1., 1., 0., 1., 1.,
           0., 1.],
          [1., 0., 1., 1., 0., 1., 0., 0., 1., 0., 0., 0., 0., 0., 1., 0., 0.,
           1., 0.],
          [1., 1., 0., 0., 1., 0., 0., 0., 0., 1., 0., 0., 1., 0., 0., 0., 1.,
           1., 1.],
          [1., 1., 1., 0., 0., 1., 1., 0., 0., 1., 0., 0., 1., 0., 1., 0., 1.,
           0., 0.],
          [0., 1., 0., 0., 1., 0., 0., 1., 1., 1., 0., 1., 1., 0., 1., 0., 0.,
           1., 1.],
          [1., 0., 0., 0., 1., 1., 0., 1., 1., 0., 1., 0., 0., 0., 1., 1., 0.,
           1., 0.]]]], device='cuda:0'), tensor([[0.1271]], device='cuda:0'))
2026-01-08 17:09:33 - INFO - [ 0.89489704 -0.1588892  -0.00173503  0.00766309 -0.00173503  0.0076631
  0.99832416 -0.01429103]
2026-01-08 17:09:33 - INFO - (tensor([[[[1., 0., 0., 1., 0., 0., 1., 1., 0., 0., 1., 1., 0., 1., 1., 0., 0.,
           0., 1.],
          [1., 0., 1., 1., 0., 1., 0., 0., 1., 0., 0., 1., 0., 0., 0., 0., 0.,
           1., 0.],
          [0., 1., 0., 0., 0., 0., 0., 1., 0., 0., 1., 0., 0., 1., 1., 0., 0.,
           0., 0.],
          [1., 1., 0., 1., 0., 1., 1., 0., 1., 1., 0., 1., 0., 0., 1., 0., 0.,
           1., 1.],
          [1., 0., 0., 0., 0., 0., 1., 0., 0., 0., 0., 1., 1., 1., 0., 1., 1.,
           0., 1.],
          [1., 0., 0., 0., 1., 1., 1., 1., 0., 0., 1., 1., 0., 1., 1., 1., 1.,
           1., 0.],
          [0., 1., 0., 0., 1., 1., 0., 0., 1., 1., 1., 0., 0., 0., 0., 0., 1.,
           0., 1.],
          [1., 0., 1., 1., 0., 1., 1., 1., 1., 0., 0., 1., 0., 1., 0., 1., 0.,
           0., 0.],
          [0., 1., 0., 1., 0., 1., 1., 0., 0., 0., 0., 0., 1., 1., 1., 0., 1.,
           1., 0.],
          [1., 1., 0., 0., 1., 1., 0., 1., 1., 0., 1., 1., 1., 0., 0., 0., 1.,
           1., 1.],
          [0., 0., 1., 0., 0., 1., 1., 0., 1., 0., 1., 0., 0., 1., 0., 0., 0.,
           0., 0.],
          [1., 0., 1., 1., 1., 1., 0., 1., 0., 0., 1., 1., 1., 0., 0., 0., 1.,
           1., 0.],
          [1., 0., 0., 1., 0., 1., 1., 0., 1., 1., 1., 1., 1., 1., 1., 1., 0.,
           1., 1.],
          [0., 0., 0., 0., 1., 1., 0., 1., 1., 1., 1., 0., 1., 1., 0., 1., 1.,
           0., 1.],
          [1., 0., 1., 1., 0., 1., 0., 0., 1., 0., 0., 0., 0., 0., 1., 0., 0.,
           1., 0.],
          [1., 1., 0., 0., 1., 0., 0., 0., 0., 1., 0., 0., 1., 0., 0., 0., 1.,
           1., 1.],
          [1., 1., 1., 0., 0., 1., 1., 0., 0., 1., 0., 0., 1., 0., 1., 0., 1.,
           0., 0.],
          [0., 1., 0., 0., 1., 0., 0., 1., 1., 1., 0., 1., 1., 0., 1., 0., 0.,
           1., 1.],
          [1., 0., 0., 0., 1., 1., 0., 1., 1., 0., 1., 0., 0., 0., 1., 1., 0.,
           1., 0.]]]], device='cuda:0'), tensor([[0.1304]], device='cuda:0'))
2026-01-08 17:09:33 - INFO - [ 0.8916338  -0.16104762 -0.00173257  0.00811311 -0.00173256  0.00811311
  0.99826795 -0.01492762]
2026-01-08 17:09:33 - INFO - (tensor([[[[1., 0., 0., 1., 0., 0., 1., 1., 0., 0., 1., 1., 0., 1., 1., 0., 0.,
           0., 1.],
          [1., 0., 1., 1., 0., 1., 0., 0., 1., 0., 0., 1., 0., 0., 0., 0., 0.,
           1., 0.],
          [0., 1., 0., 0., 0., 0., 0., 1., 0., 0., 1., 0., 0., 1., 1., 0., 0.,
           0., 0.],
          [1., 1., 0., 1., 0., 1., 1., 0., 1., 1., 0., 1., 0., 0., 1., 0., 0.,
           1., 1.],
          [1., 0., 0., 0., 0., 0., 1., 0., 0., 0., 0., 1., 1., 1., 0., 1., 1.,
           0., 1.],
          [1., 0., 0., 0., 1., 1., 1., 1., 0., 0., 1., 1., 0., 1., 1., 1., 1.,
           1., 0.],
          [0., 1., 0., 0., 1., 1., 0., 0., 1., 1., 1., 0., 0., 0., 0., 0., 1.,
           0., 1.],
          [1., 0., 1., 1., 0., 1., 1., 1., 1., 0., 0., 1., 0., 1., 0., 1., 0.,
           0., 0.],
          [0., 1., 0., 1., 0., 1., 1., 0., 0., 0., 0., 0., 1., 1., 1., 0., 1.,
           1., 0.],
          [1., 1., 0., 0., 1., 1., 0., 1., 1., 0., 1., 1., 1., 0., 0., 0., 1.,
           1., 1.],
          [0., 0., 1., 0., 0., 1., 1., 0., 1., 0., 1., 0., 0., 1., 0., 0., 0.,
           0., 0.],
          [1., 0., 1., 1., 1., 1., 0., 1., 0., 0., 1., 1., 1., 0., 0., 0., 1.,
           1., 0.],
          [1., 0., 0., 1., 0., 1., 1., 0., 1., 1., 1., 1., 1., 1., 1., 1., 0.,
           1., 1.],
          [0., 0., 0., 0., 1., 1., 0., 1., 1., 1., 1., 0., 1., 1., 0., 1., 1.,
           0., 1.],
          [1., 0., 1., 1., 0., 1., 0., 0., 1., 0., 0., 0., 0., 0., 1., 0., 0.,
           1., 0.],
          [1., 1., 0., 0., 1., 0., 0., 0., 0., 1., 0., 0., 1., 0., 0., 0., 1.,
           1., 1.],
          [1., 1., 1., 0., 0., 1., 1., 0., 0., 1., 0., 0., 1., 0., 1., 0., 1.,
           0., 0.],
          [0., 1., 0., 0., 1., 0., 0., 1., 1., 1., 0., 1., 1., 0., 1., 0., 0.,
           1., 1.],
          [1., 0., 0., 0., 1., 1., 0., 1., 1., 0., 1., 0., 0., 0., 1., 1., 0.,
           1., 0.]]]], device='cuda:0'), tensor([[0.1338]], device='cuda:0'))
2026-01-08 17:09:33 - INFO - [ 0.8892265  -0.16273282 -0.00171747  0.00844496 -0.00171747  0.00844495
  0.99822354 -0.01544472]
2026-01-08 17:09:33 - INFO - (tensor([[[[1., 0., 0., 1., 0., 0., 1., 1., 0., 0., 1., 1., 0., 1., 1., 0., 0.,
           0., 1.],
          [1., 0., 1., 1., 0., 1., 0., 0., 1., 0., 0., 1., 0., 0., 0., 0., 0.,
           1., 0.],
          [0., 1., 0., 0., 0., 0., 0., 1., 0., 0., 1., 0., 0., 1., 1., 0., 0.,
           0., 0.],
          [1., 1., 0., 1., 0., 1., 1., 0., 1., 1., 0., 1., 0., 0., 1., 0., 0.,
           1., 1.],
          [1., 0., 0., 0., 0., 0., 1., 0., 0., 0., 0., 1., 1., 1., 0., 1., 1.,
           0., 1.],
          [1., 0., 0., 0., 1., 1., 1., 1., 0., 0., 1., 1., 0., 1., 1., 1., 1.,
           1., 0.],
          [0., 1., 0., 0., 1., 1., 0., 0., 1., 1., 1., 0., 0., 0., 0., 0., 1.,
           0., 1.],
          [1., 0., 1., 1., 0., 1., 1., 1., 1., 0., 0., 1., 0., 1., 0., 1., 0.,
           0., 0.],
          [0., 1., 0., 1., 0., 1., 1., 0., 0., 0., 0., 0., 1., 1., 1., 0., 1.,
           1., 0.],
          [1., 1., 0., 0., 1., 1., 0., 1., 1., 0., 1., 1., 1., 0., 0., 0., 1.,
           1., 1.],
          [0., 0., 1., 0., 0., 1., 1., 0., 1., 0., 1., 0., 0., 1., 0., 0., 0.,
           0., 0.],
          [1., 0., 1., 1., 1., 1., 0., 1., 0., 0., 1., 1., 1., 0., 0., 0., 1.,
           1., 0.],
          [1., 0., 0., 1., 0., 1., 1., 0., 1., 1., 1., 1., 1., 1., 1., 1., 0.,
           1., 1.],
          [0., 0., 0., 0., 1., 1., 0., 1., 1., 1., 1., 0., 1., 1., 0., 1., 1.,
           0., 1.],
          [1., 0., 1., 1., 0., 1., 0., 0., 1., 0., 0., 0., 0., 0., 1., 0., 0.,
           1., 0.],
          [1., 1., 0., 0., 1., 0., 0., 0., 0., 1., 0., 0., 1., 0., 0., 0., 1.,
           1., 1.],
          [1., 1., 1., 0., 0., 1., 1., 0., 0., 1., 0., 0., 1., 0., 1., 0., 1.,
           0., 0.],
          [0., 1., 0., 0., 1., 0., 0., 1., 1., 1., 0., 1., 1., 0., 1., 0., 0.,
           1., 1.],
          [1., 0., 0., 0., 1., 1., 0., 1., 1., 0., 1., 0., 0., 0., 1., 1., 0.,
           1., 0.]]]], device='cuda:0'), tensor([[0.1371]], device='cuda:0'))
2026-01-08 17:09:33 - INFO - [ 0.8870865  -0.16393846 -0.00173067  0.00869241 -0.00173067  0.0086924
  0.9981787  -0.01586156]
2026-01-08 17:09:33 - INFO - (tensor([[[[1., 0., 0., 1., 0., 0., 1., 1., 0., 0., 1., 1., 0., 1., 1., 0., 0.,
           0., 1.],
          [1., 0., 1., 1., 0., 1., 0., 0., 1., 0., 0., 1., 0., 0., 0., 0., 0.,
           1., 0.],
          [0., 1., 0., 0., 0., 0., 0., 1., 0., 0., 1., 0., 0., 1., 1., 0., 0.,
           0., 0.],
          [1., 1., 0., 1., 0., 1., 1., 0., 1., 1., 0., 1., 0., 0., 1., 0., 0.,
           1., 1.],
          [1., 0., 0., 0., 0., 0., 1., 0., 0., 0., 0., 1., 1., 1., 0., 1., 1.,
           0., 1.],
          [1., 0., 0., 0., 1., 1., 1., 1., 0., 0., 1., 1., 0., 1., 1., 1., 1.,
           1., 0.],
          [0., 1., 0., 0., 1., 1., 0., 0., 1., 1., 1., 0., 0., 0., 0., 0., 1.,
           0., 1.],
          [1., 0., 1., 1., 0., 1., 1., 1., 1., 0., 0., 1., 0., 1., 0., 1., 0.,
           0., 0.],
          [0., 1., 0., 1., 0., 1., 1., 0., 0., 0., 0., 0., 1., 1., 1., 0., 1.,
           1., 0.],
          [1., 1., 0., 0., 1., 1., 0., 1., 1., 0., 1., 1., 1., 0., 0., 0., 1.,
           1., 1.],
          [0., 0., 1., 0., 0., 1., 1., 0., 1., 0., 1., 0., 0., 1., 0., 0., 0.,
           0., 0.],
          [1., 0., 1., 1., 1., 1., 0., 1., 0., 0., 1., 1., 1., 0., 0., 0., 1.,
           1., 0.],
          [1., 0., 0., 1., 0., 1., 1., 0., 1., 1., 1., 1., 1., 1., 1., 1., 0.,
           1., 1.],
          [0., 0., 0., 0., 1., 1., 0., 1., 1., 1., 1., 0., 1., 1., 0., 1., 1.,
           0., 1.],
          [1., 0., 1., 1., 0., 1., 0., 0., 1., 0., 0., 0., 0., 0., 1., 0., 0.,
           1., 0.],
          [1., 1., 0., 0., 1., 0., 0., 0., 0., 1., 0., 0., 1., 0., 0., 0., 1.,
           1., 1.],
          [1., 1., 1., 0., 0., 1., 1., 0., 0., 1., 0., 0., 1., 0., 1., 0., 1.,
           0., 0.],
          [0., 1., 0., 0., 1., 0., 0., 1., 1., 1., 0., 1., 1., 0., 1., 0., 0.,
           1., 1.],
          [1., 0., 0., 0., 1., 1., 0., 1., 1., 0., 1., 0., 0., 0., 1., 1., 0.,
           1., 0.]]]], device='cuda:0'), tensor([[0.1405]], device='cuda:0'))
2026-01-08 17:09:33 - INFO - [ 0.88490534 -0.16521712 -0.00172566  0.00896233 -0.00172566  0.00896233
  0.9981329  -0.01627577]
2026-01-08 17:09:33 - INFO - (tensor([[[[1., 0., 0., 1., 0., 0., 1., 1., 0., 0., 1., 1., 0., 1., 1., 0., 0.,
           0., 1.],
          [1., 0., 1., 1., 0., 1., 0., 0., 1., 0., 0., 1., 0., 0., 0., 0., 0.,
           1., 0.],
          [0., 1., 0., 0., 0., 0., 0., 1., 0., 0., 1., 0., 0., 1., 1., 0., 0.,
           0., 0.],
          [1., 1., 0., 1., 0., 1., 1., 0., 1., 1., 0., 1., 0., 0., 1., 0., 0.,
           1., 1.],
          [1., 0., 0., 0., 0., 0., 1., 0., 0., 0., 0., 1., 1., 1., 0., 1., 1.,
           0., 1.],
          [1., 0., 0., 0., 1., 1., 1., 1., 0., 0., 1., 1., 0., 1., 1., 1., 1.,
           1., 0.],
          [0., 1., 0., 0., 1., 1., 0., 0., 1., 1., 1., 0., 0., 0., 0., 0., 1.,
           0., 1.],
          [1., 0., 1., 1., 0., 1., 1., 1., 1., 0., 0., 1., 0., 1., 0., 1., 0.,
           0., 0.],
          [0., 1., 0., 1., 0., 1., 1., 0., 0., 0., 0., 0., 1., 1., 1., 0., 1.,
           1., 0.],
          [1., 1., 0., 0., 1., 1., 0., 1., 1., 0., 1., 1., 1., 0., 0., 0., 1.,
           1., 1.],
          [0., 0., 1., 0., 0., 1., 1., 0., 1., 0., 1., 0., 0., 1., 0., 0., 0.,
           0., 0.],
          [1., 0., 1., 1., 1., 1., 0., 1., 0., 0., 1., 1., 1., 0., 0., 0., 1.,
           1., 0.],
          [1., 0., 0., 1., 0., 1., 1., 0., 1., 1., 1., 1., 1., 1., 1., 1., 0.,
           1., 1.],
          [0., 0., 0., 0., 1., 1., 0., 1., 1., 1., 1., 0., 1., 1., 0., 1., 1.,
           0., 1.],
          [1., 0., 1., 1., 0., 1., 0., 0., 1., 0., 0., 0., 0., 0., 1., 0., 0.,
           1., 0.],
          [1., 1., 0., 0., 1., 0., 0., 0., 0., 1., 0., 0., 1., 0., 0., 0., 1.,
           1., 1.],
          [1., 1., 1., 0., 0., 1., 1., 0., 0., 1., 0., 0., 1., 0., 1., 0., 1.,
           0., 0.],
          [0., 1., 0., 0., 1., 0., 0., 1., 1., 1., 0., 1., 1., 0., 1., 0., 0.,
           1., 1.],
          [1., 0., 0., 0., 1., 1., 0., 1., 1., 0., 1., 0., 0., 0., 1., 1., 0.,
           1., 0.]]]], device='cuda:0'), tensor([[0.1438]], device='cuda:0'))
2026-01-08 17:09:33 - INFO - [ 0.88294643 -0.16642925 -0.00170111  0.00921647 -0.00170111  0.00921647
  0.9980899  -0.0166434 ]
2026-01-08 17:09:33 - INFO - (tensor([[[[1., 0., 0., 1., 0., 0., 1., 1., 0., 0., 1., 1., 0., 1., 1., 0., 0.,
           0., 1.],
          [1., 0., 1., 1., 0., 1., 0., 0., 1., 0., 0., 1., 0., 0., 0., 0., 0.,
           1., 0.],
          [0., 1., 0., 0., 0., 0., 0., 1., 0., 0., 1., 0., 0., 1., 1., 0., 0.,
           0., 0.],
          [1., 1., 0., 1., 0., 1., 1., 0., 1., 1., 0., 1., 0., 0., 1., 0., 0.,
           1., 1.],
          [1., 0., 0., 0., 0., 0., 1., 0., 0., 0., 0., 1., 1., 1., 0., 1., 1.,
           0., 1.],
          [1., 0., 0., 0., 1., 1., 1., 1., 0., 0., 1., 1., 0., 1., 1., 1., 1.,
           1., 0.],
          [0., 1., 0., 0., 1., 1., 0., 0., 1., 1., 1., 0., 0., 0., 0., 0., 1.,
           0., 1.],
          [1., 0., 1., 1., 0., 1., 1., 1., 1., 0., 0., 1., 0., 1., 0., 1., 0.,
           0., 0.],
          [0., 1., 0., 1., 0., 1., 1., 0., 0., 0., 0., 0., 1., 1., 1., 0., 1.,
           1., 0.],
          [1., 1., 0., 0., 1., 1., 0., 1., 1., 0., 1., 1., 1., 0., 0., 0., 1.,
           1., 1.],
          [0., 0., 1., 0., 0., 1., 1., 0., 1., 0., 1., 0., 0., 1., 0., 0., 0.,
           0., 0.],
          [1., 0., 1., 1., 1., 1., 0., 1., 0., 0., 1., 1., 1., 0., 0., 0., 1.,
           1., 0.],
          [1., 0., 0., 1., 0., 1., 1., 0., 1., 1., 1., 1., 1., 1., 1., 1., 0.,
           1., 1.],
          [0., 0., 0., 0., 1., 1., 0., 1., 1., 1., 1., 0., 1., 1., 0., 1., 1.,
           0., 1.],
          [1., 0., 1., 1., 0., 1., 0., 0., 1., 0., 0., 0., 0., 0., 1., 0., 0.,
           1., 0.],
          [1., 1., 0., 0., 1., 0., 0., 0., 0., 1., 0., 0., 1., 0., 0., 0., 1.,
           1., 1.],
          [1., 1., 1., 0., 0., 1., 1., 0., 0., 1., 0., 0., 1., 0., 1., 0., 1.,
           0., 0.],
          [0., 1., 0., 0., 1., 0., 0., 1., 1., 1., 0., 1., 1., 0., 1., 0., 0.,
           1., 1.],
          [1., 0., 0., 0., 1., 1., 0., 1., 1., 0., 1., 0., 0., 0., 1., 1., 0.,
           1., 0.]]]], device='cuda:0'), tensor([[0.1472]], device='cuda:0'))
2026-01-08 17:09:33 - INFO - [ 0.88078594 -0.16775629 -0.00166854  0.00949803 -0.00166855  0.00949803
  0.9980425  -0.01699494]
2026-01-08 17:09:33 - INFO - (tensor([[[[1., 0., 0., 1., 0., 0., 1., 1., 0., 0., 1., 1., 0., 1., 1., 0., 0.,
           0., 1.],
          [1., 0., 1., 1., 0., 1., 0., 0., 1., 0., 0., 1., 0., 0., 0., 0., 0.,
           1., 0.],
          [0., 1., 0., 0., 0., 0., 0., 1., 0., 0., 1., 0., 0., 1., 1., 0., 0.,
           0., 0.],
          [1., 1., 0., 1., 0., 1., 1., 0., 1., 1., 0., 1., 0., 0., 1., 0., 0.,
           1., 1.],
          [1., 0., 0., 0., 0., 0., 1., 0., 0., 0., 0., 1., 1., 1., 0., 1., 1.,
           0., 1.],
          [1., 0., 0., 0., 1., 1., 1., 1., 0., 0., 1., 1., 0., 1., 1., 1., 1.,
           1., 0.],
          [0., 1., 0., 0., 1., 1., 0., 0., 1., 1., 1., 0., 0., 0., 0., 0., 1.,
           0., 1.],
          [1., 0., 1., 1., 0., 1., 1., 1., 1., 0., 0., 1., 0., 1., 0., 1., 0.,
           0., 0.],
          [0., 1., 0., 1., 0., 1., 1., 0., 0., 0., 0., 0., 1., 1., 1., 0., 1.,
           1., 0.],
          [1., 1., 0., 0., 1., 1., 0., 1., 1., 0., 1., 1., 1., 0., 0., 0., 1.,
           1., 1.],
          [0., 0., 1., 0., 0., 1., 1., 0., 1., 0., 1., 0., 0., 1., 0., 0., 0.,
           0., 0.],
          [1., 0., 1., 1., 1., 1., 0., 1., 0., 0., 1., 1., 1., 0., 0., 0., 1.,
           1., 0.],
          [1., 0., 0., 1., 0., 1., 1., 0., 1., 1., 1., 1., 1., 1., 1., 1., 0.,
           1., 1.],
          [0., 0., 0., 0., 1., 1., 0., 1., 1., 1., 1., 0., 1., 1., 0., 1., 1.,
           0., 1.],
          [1., 0., 1., 1., 0., 1., 0., 0., 1., 0., 0., 0., 0., 0., 1., 0., 0.,
           1., 0.],
          [1., 1., 0., 0., 1., 0., 0., 0., 0., 1., 0., 0., 1., 0., 0., 0., 1.,
           1., 1.],
          [1., 1., 1., 0., 0., 1., 1., 0., 0., 1., 0., 0., 1., 0., 1., 0., 1.,
           0., 0.],
          [0., 1., 0., 0., 1., 0., 0., 1., 1., 1., 0., 1., 1., 0., 1., 0., 0.,
           1., 1.],
          [1., 0., 0., 0., 1., 1., 0., 1., 1., 0., 1., 0., 0., 0., 1., 1., 0.,
           1., 0.]]]], device='cuda:0'), tensor([[0.1505]], device='cuda:0'))
2026-01-08 17:09:33 - INFO - [ 0.8783723  -0.16922083 -0.00163288  0.00981558 -0.00163289  0.00981558
  0.9979906  -0.01733425]
2026-01-08 17:09:33 - INFO - (tensor([[[[1., 0., 0., 1., 0., 0., 1., 1., 0., 0., 1., 1., 0., 1., 1., 0., 0.,
           0., 1.],
          [1., 0., 1., 1., 0., 1., 0., 0., 1., 0., 0., 1., 0., 0., 0., 0., 0.,
           1., 0.],
          [0., 1., 0., 0., 0., 0., 0., 1., 0., 0., 1., 0., 0., 1., 1., 0., 0.,
           0., 0.],
          [1., 1., 0., 1., 0., 1., 1., 0., 1., 1., 0., 1., 0., 0., 1., 0., 0.,
           1., 1.],
          [1., 0., 0., 0., 0., 0., 1., 0., 0., 0., 0., 1., 1., 1., 0., 1., 1.,
           0., 1.],
          [1., 0., 0., 0., 1., 1., 1., 1., 0., 0., 1., 1., 0., 1., 1., 1., 1.,
           1., 0.],
          [0., 1., 0., 0., 1., 1., 0., 0., 1., 1., 1., 0., 0., 0., 0., 0., 1.,
           0., 1.],
          [1., 0., 1., 1., 0., 1., 1., 1., 1., 0., 0., 1., 0., 1., 0., 1., 0.,
           0., 0.],
          [0., 1., 0., 1., 0., 1., 1., 0., 0., 0., 0., 0., 1., 1., 1., 0., 1.,
           1., 0.],
          [1., 1., 0., 0., 1., 1., 0., 1., 1., 0., 1., 1., 1., 0., 0., 0., 1.,
           1., 1.],
          [0., 0., 1., 0., 0., 1., 1., 0., 1., 0., 1., 0., 0., 1., 0., 0., 0.,
           0., 0.],
          [1., 0., 1., 1., 1., 1., 0., 1., 0., 0., 1., 1., 1., 0., 0., 0., 1.,
           1., 0.],
          [1., 0., 0., 1., 0., 1., 1., 0., 1., 1., 1., 1., 1., 1., 1., 1., 0.,
           1., 1.],
          [0., 0., 0., 0., 1., 1., 0., 1., 1., 1., 1., 0., 1., 1., 0., 1., 1.,
           0., 1.],
          [1., 0., 1., 1., 0., 1., 0., 0., 1., 0., 0., 0., 0., 0., 1., 0., 0.,
           1., 0.],
          [1., 1., 0., 0., 1., 0., 0., 0., 0., 1., 0., 0., 1., 0., 0., 0., 1.,
           1., 1.],
          [1., 1., 1., 0., 0., 1., 1., 0., 0., 1., 0., 0., 1., 0., 1., 0., 1.,
           0., 0.],
          [0., 1., 0., 0., 1., 0., 0., 1., 1., 1., 0., 1., 1., 0., 1., 0., 0.,
           1., 1.],
          [1., 0., 0., 0., 1., 1., 0., 1., 1., 0., 1., 0., 0., 0., 1., 1., 0.,
           1., 0.]]]], device='cuda:0'), tensor([[0.1538]], device='cuda:0'))
2026-01-08 17:09:33 - INFO - [ 0.8755932  -0.17086588 -0.00159805  0.0101733  -0.00159805  0.0101733
  0.997934   -0.01771191]
2026-01-08 17:09:33 - INFO - (tensor([[[[1., 0., 0., 1., 0., 0., 1., 1., 0., 0., 1., 1., 0., 1., 1., 0., 0.,
           0., 1.],
          [1., 0., 1., 1., 0., 1., 0., 0., 1., 0., 0., 1., 0., 0., 0., 0., 0.,
           1., 0.],
          [0., 1., 0., 0., 0., 0., 0., 1., 0., 0., 1., 0., 0., 1., 1., 0., 0.,
           0., 0.],
          [1., 1., 0., 1., 0., 1., 1., 0., 1., 1., 0., 1., 0., 0., 1., 0., 0.,
           1., 1.],
          [1., 0., 0., 0., 0., 0., 1., 0., 0., 0., 0., 1., 1., 1., 0., 1., 1.,
           0., 1.],
          [1., 0., 0., 0., 1., 1., 1., 1., 0., 0., 1., 1., 0., 1., 1., 1., 1.,
           1., 0.],
          [0., 1., 0., 0., 1., 1., 0., 0., 1., 1., 1., 0., 0., 0., 0., 0., 1.,
           0., 1.],
          [1., 0., 1., 1., 0., 1., 1., 1., 1., 0., 0., 1., 0., 1., 0., 1., 0.,
           0., 0.],
          [0., 1., 0., 1., 0., 1., 1., 0., 0., 0., 0., 0., 1., 1., 1., 0., 1.,
           1., 0.],
          [1., 1., 0., 0., 1., 1., 0., 1., 1., 0., 1., 1., 1., 0., 0., 0., 1.,
           1., 1.],
          [0., 0., 1., 0., 0., 1., 1., 0., 1., 0., 1., 0., 0., 1., 0., 0., 0.,
           0., 0.],
          [1., 0., 1., 1., 1., 1., 0., 1., 0., 0., 1., 1., 1., 0., 0., 0., 1.,
           1., 0.],
          [1., 0., 0., 1., 0., 1., 1., 0., 1., 1., 1., 1., 1., 1., 1., 1., 0.,
           1., 1.],
          [0., 0., 0., 0., 1., 1., 0., 1., 1., 1., 1., 0., 1., 1., 0., 1., 1.,
           0., 1.],
          [1., 0., 1., 1., 0., 1., 0., 0., 1., 0., 0., 0., 0., 0., 1., 0., 0.,
           1., 0.],
          [1., 1., 0., 0., 1., 0., 0., 0., 0., 1., 0., 0., 1., 0., 0., 0., 1.,
           1., 1.],
          [1., 1., 1., 0., 0., 1., 1., 0., 0., 1., 0., 0., 1., 0., 1., 0., 1.,
           0., 0.],
          [0., 1., 0., 0., 1., 0., 0., 1., 1., 1., 0., 1., 1., 0., 1., 0., 0.,
           1., 1.],
          [1., 0., 0., 0., 1., 1., 0., 1., 1., 0., 1., 0., 0., 0., 1., 1., 0.,
           1., 0.]]]], device='cuda:0'), tensor([[0.1572]], device='cuda:0'))
2026-01-08 17:09:33 - INFO - [ 0.8736714  -0.17210995 -0.00159421  0.01039623 -0.00159422  0.01039622
  0.99788475 -0.0180266 ]
2026-01-08 17:09:33 - INFO - (tensor([[[[1., 0., 0., 1., 0., 0., 1., 1., 0., 0., 1., 1., 0., 1., 1., 0., 0.,
           0., 1.],
          [1., 0., 1., 1., 0., 1., 0., 0., 1., 0., 0., 1., 0., 0., 0., 0., 0.,
           1., 0.],
          [0., 1., 0., 0., 0., 0., 0., 1., 0., 0., 1., 0., 0., 1., 1., 0., 0.,
           0., 0.],
          [1., 1., 0., 1., 0., 1., 1., 0., 1., 1., 0., 1., 0., 0., 1., 0., 0.,
           1., 1.],
          [1., 0., 0., 0., 0., 0., 1., 0., 0., 0., 0., 1., 1., 1., 0., 1., 1.,
           0., 1.],
          [1., 0., 0., 0., 1., 1., 1., 1., 0., 0., 1., 1., 0., 1., 1., 1., 1.,
           1., 0.],
          [0., 1., 0., 0., 1., 1., 0., 0., 1., 1., 1., 0., 0., 0., 0., 0., 1.,
           0., 1.],
          [1., 0., 1., 1., 0., 1., 1., 1., 1., 0., 0., 1., 0., 1., 0., 1., 0.,
           0., 0.],
          [0., 1., 0., 1., 0., 1., 1., 0., 0., 0., 0., 0., 1., 1., 1., 0., 1.,
           1., 0.],
          [1., 1., 0., 0., 1., 1., 0., 1., 1., 0., 1., 1., 1., 0., 0., 0., 1.,
           1., 1.],
          [0., 0., 1., 0., 0., 1., 1., 0., 1., 0., 1., 0., 0., 1., 0., 0., 0.,
           0., 0.],
          [1., 0., 1., 1., 1., 1., 0., 1., 0., 0., 1., 1., 1., 0., 0., 0., 1.,
           1., 0.],
          [1., 0., 0., 1., 0., 1., 1., 0., 1., 1., 1., 1., 1., 1., 1., 1., 0.,
           1., 1.],
          [0., 0., 0., 0., 1., 1., 0., 1., 1., 1., 1., 0., 1., 1., 0., 1., 1.,
           0., 1.],
          [1., 0., 1., 1., 0., 1., 0., 0., 1., 0., 0., 0., 0., 0., 1., 0., 0.,
           1., 0.],
          [1., 1., 0., 0., 1., 0., 0., 0., 0., 1., 0., 0., 1., 0., 0., 0., 1.,
           1., 1.],
          [1., 1., 1., 0., 0., 1., 1., 0., 0., 1., 0., 0., 1., 0., 1., 0., 1.,
           0., 0.],
          [0., 1., 0., 0., 1., 0., 0., 1., 1., 1., 0., 1., 1., 0., 1., 0., 0.,
           1., 1.],
          [1., 0., 0., 0., 1., 1., 0., 1., 1., 0., 1., 0., 0., 0., 1., 1., 0.,
           1., 0.]]]], device='cuda:0'), tensor([[0.1605]], device='cuda:0'))
2026-01-08 17:09:33 - INFO - [ 0.8722296  -0.17315415 -0.001595    0.01057211 -0.00159501  0.01057211
  0.9978371  -0.01833876]
2026-01-08 17:09:33 - INFO - (tensor([[[[1., 0., 0., 1., 0., 0., 1., 1., 0., 0., 1., 1., 0., 1., 1., 0., 0.,
           0., 1.],
          [1., 0., 1., 1., 0., 1., 0., 0., 1., 0., 0., 1., 0., 0., 0., 0., 0.,
           1., 0.],
          [0., 1., 0., 0., 0., 0., 0., 1., 0., 0., 1., 0., 0., 1., 1., 0., 0.,
           0., 0.],
          [1., 1., 0., 1., 0., 1., 1., 0., 1., 1., 0., 1., 0., 0., 1., 0., 0.,
           1., 1.],
          [1., 0., 0., 0., 0., 0., 1., 0., 0., 0., 0., 1., 1., 1., 0., 1., 1.,
           0., 1.],
          [1., 0., 0., 0., 1., 1., 1., 1., 0., 0., 1., 1., 0., 1., 1., 1., 1.,
           1., 0.],
          [0., 1., 0., 0., 1., 1., 0., 0., 1., 1., 1., 0., 0., 0., 0., 0., 1.,
           0., 1.],
          [1., 0., 1., 1., 0., 1., 1., 1., 1., 0., 0., 1., 0., 1., 0., 1., 0.,
           0., 0.],
          [0., 1., 0., 1., 0., 1., 1., 0., 0., 0., 0., 0., 1., 1., 1., 0., 1.,
           1., 0.],
          [1., 1., 0., 0., 1., 1., 0., 1., 1., 0., 1., 1., 1., 0., 0., 0., 1.,
           1., 1.],
          [0., 0., 1., 0., 0., 1., 1., 0., 1., 0., 1., 0., 0., 1., 0., 0., 0.,
           0., 0.],
          [1., 0., 1., 1., 1., 1., 0., 1., 0., 0., 1., 1., 1., 0., 0., 0., 1.,
           1., 0.],
          [1., 0., 0., 1., 0., 1., 1., 0., 1., 1., 1., 1., 1., 1., 1., 1., 0.,
           1., 1.],
          [0., 0., 0., 0., 1., 1., 0., 1., 1., 1., 1., 0., 1., 1., 0., 1., 1.,
           0., 1.],
          [1., 0., 1., 1., 0., 1., 0., 0., 1., 0., 0., 0., 0., 0., 1., 0., 0.,
           1., 0.],
          [1., 1., 0., 0., 1., 0., 0., 0., 0., 1., 0., 0., 1., 0., 0., 0., 1.,
           1., 1.],
          [1., 1., 1., 0., 0., 1., 1., 0., 0., 1., 0., 0., 1., 0., 1., 0., 1.,
           0., 0.],
          [0., 1., 0., 0., 1., 0., 0., 1., 1., 1., 0., 1., 1., 0., 1., 0., 0.,
           1., 1.],
          [1., 0., 0., 0., 1., 1., 0., 1., 1., 0., 1., 0., 0., 0., 1., 1., 0.,
           1., 0.]]]], device='cuda:0'), tensor([[0.1639]], device='cuda:0'))
2026-01-08 17:09:33 - INFO - [ 0.87091196 -0.17406632 -0.00160034  0.01072505 -0.00160035  0.01072505
  0.99779165 -0.01860735]
2026-01-08 17:09:33 - INFO - (tensor([[[[1., 0., 0., 1., 0., 0., 1., 1., 0., 0., 1., 1., 0., 1., 1., 0., 0.,
           0., 1.],
          [1., 0., 1., 1., 0., 1., 0., 0., 1., 0., 0., 1., 0., 0., 0., 0., 0.,
           1., 0.],
          [0., 1., 0., 0., 0., 0., 0., 1., 0., 0., 1., 0., 0., 1., 1., 0., 0.,
           0., 0.],
          [1., 1., 0., 1., 0., 1., 1., 0., 1., 1., 0., 1., 0., 0., 1., 0., 0.,
           1., 1.],
          [1., 0., 0., 0., 0., 0., 1., 0., 0., 0., 0., 1., 1., 1., 0., 1., 1.,
           0., 1.],
          [1., 0., 0., 0., 1., 1., 1., 1., 0., 0., 1., 1., 0., 1., 1., 1., 1.,
           1., 0.],
          [0., 1., 0., 0., 1., 1., 0., 0., 1., 1., 1., 0., 0., 0., 0., 0., 1.,
           0., 1.],
          [1., 0., 1., 1., 0., 1., 1., 1., 1., 0., 0., 1., 0., 1., 0., 1., 0.,
           0., 0.],
          [0., 1., 0., 1., 0., 1., 1., 0., 0., 0., 0., 0., 1., 1., 1., 0., 1.,
           1., 0.],
          [1., 1., 0., 0., 1., 1., 0., 1., 1., 0., 1., 1., 1., 0., 0., 0., 1.,
           1., 1.],
          [0., 0., 1., 0., 0., 1., 1., 0., 1., 0., 1., 0., 0., 1., 0., 0., 0.,
           0., 0.],
          [1., 0., 1., 1., 1., 1., 0., 1., 0., 0., 1., 1., 1., 0., 0., 0., 1.,
           1., 0.],
          [1., 0., 0., 1., 0., 1., 1., 0., 1., 1., 1., 1., 1., 1., 1., 1., 0.,
           1., 1.],
          [0., 0., 0., 0., 1., 1., 0., 1., 1., 1., 1., 0., 1., 1., 0., 1., 1.,
           0., 1.],
          [1., 0., 1., 1., 0., 1., 0., 0., 1., 0., 0., 0., 0., 0., 1., 0., 0.,
           1., 0.],
          [1., 1., 0., 0., 1., 0., 0., 0., 0., 1., 0., 0., 1., 0., 0., 0., 1.,
           1., 1.],
          [1., 1., 1., 0., 0., 1., 1., 0., 0., 1., 0., 0., 1., 0., 1., 0., 1.,
           0., 0.],
          [0., 1., 0., 0., 1., 0., 0., 1., 1., 1., 0., 1., 1., 0., 1., 0., 0.,
           1., 1.],
          [1., 0., 0., 0., 1., 1., 0., 1., 1., 0., 1., 0., 0., 0., 1., 1., 0.,
           1., 0.]]]], device='cuda:0'), tensor([[0.1672]], device='cuda:0'))
2026-01-08 17:09:33 - INFO - [ 0.8694098  -0.17510709 -0.00160871  0.01090075 -0.00160871  0.01090075
  0.9977414  -0.01891586]
2026-01-08 17:09:33 - INFO - (tensor([[[[1., 0., 0., 1., 0., 0., 1., 1., 0., 0., 1., 1., 0., 1., 1., 0., 0.,
           0., 1.],
          [1., 0., 1., 1., 0., 1., 0., 0., 1., 0., 0., 1., 0., 0., 0., 0., 0.,
           1., 0.],
          [0., 1., 0., 0., 0., 0., 0., 1., 0., 0., 1., 0., 0., 1., 1., 0., 0.,
           0., 0.],
          [1., 1., 0., 1., 0., 1., 1., 0., 1., 1., 0., 1., 0., 0., 1., 0., 0.,
           1., 1.],
          [1., 0., 0., 0., 0., 0., 1., 0., 0., 0., 0., 1., 1., 1., 0., 1., 1.,
           0., 1.],
          [1., 0., 0., 0., 1., 1., 1., 1., 0., 0., 1., 1., 0., 1., 1., 1., 1.,
           1., 0.],
          [0., 1., 0., 0., 1., 1., 0., 0., 1., 1., 1., 0., 0., 0., 0., 0., 1.,
           0., 1.],
          [1., 0., 1., 1., 0., 1., 1., 1., 1., 0., 0., 1., 0., 1., 0., 1., 0.,
           0., 0.],
          [0., 1., 0., 1., 0., 1., 1., 0., 0., 0., 0., 0., 1., 1., 1., 0., 1.,
           1., 0.],
          [1., 1., 0., 0., 1., 1., 0., 1., 1., 0., 1., 1., 1., 0., 0., 0., 1.,
           1., 1.],
          [0., 0., 1., 0., 0., 1., 1., 0., 1., 0., 1., 0., 0., 1., 0., 0., 0.,
           0., 0.],
          [1., 0., 1., 1., 1., 1., 0., 1., 0., 0., 1., 1., 1., 0., 0., 0., 1.,
           1., 0.],
          [1., 0., 0., 1., 0., 1., 1., 0., 1., 1., 1., 1., 1., 1., 1., 1., 0.,
           1., 1.],
          [0., 0., 0., 0., 1., 1., 0., 1., 1., 1., 1., 0., 1., 1., 0., 1., 1.,
           0., 1.],
          [1., 0., 1., 1., 0., 1., 0., 0., 1., 0., 0., 0., 0., 0., 1., 0., 0.,
           1., 0.],
          [1., 1., 0., 0., 1., 0., 0., 0., 0., 1., 0., 0., 1., 0., 0., 0., 1.,
           1., 1.],
          [1., 1., 1., 0., 0., 1., 1., 0., 0., 1., 0., 0., 1., 0., 1., 0., 1.,
           0., 0.],
          [0., 1., 0., 0., 1., 0., 0., 1., 1., 1., 0., 1., 1., 0., 1., 0., 0.,
           1., 1.],
          [1., 0., 0., 0., 1., 1., 0., 1., 1., 0., 1., 0., 0., 0., 1., 1., 0.,
           1., 0.]]]], device='cuda:0'), tensor([[0.1706]], device='cuda:0'))
2026-01-08 17:09:33 - INFO - [ 0.8674998  -0.17640546 -0.00162968  0.01111788 -0.00162968  0.01111788
  0.9976784  -0.01931624]
2026-01-08 17:09:33 - INFO - (tensor([[[[1., 0., 0., 1., 0., 0., 1., 1., 0., 0., 1., 1., 0., 1., 1., 0., 0.,
           0., 1.],
          [1., 0., 1., 1., 0., 1., 0., 0., 1., 0., 0., 1., 0., 0., 0., 0., 0.,
           1., 0.],
          [0., 1., 0., 0., 0., 0., 0., 1., 0., 0., 1., 0., 0., 1., 1., 0., 0.,
           0., 0.],
          [1., 1., 0., 1., 0., 1., 1., 0., 1., 1., 0., 1., 0., 0., 1., 0., 0.,
           1., 1.],
          [1., 0., 0., 0., 0., 0., 1., 0., 0., 0., 0., 1., 1., 1., 0., 1., 1.,
           0., 1.],
          [1., 0., 0., 0., 1., 1., 1., 1., 0., 0., 1., 1., 0., 1., 1., 1., 1.,
           1., 0.],
          [0., 1., 0., 0., 1., 1., 0., 0., 1., 1., 1., 0., 0., 0., 0., 0., 1.,
           0., 1.],
          [1., 0., 1., 1., 0., 1., 1., 1., 1., 0., 0., 1., 0., 1., 0., 1., 0.,
           0., 0.],
          [0., 1., 0., 1., 0., 1., 1., 0., 0., 0., 0., 0., 1., 1., 1., 0., 1.,
           1., 0.],
          [1., 1., 0., 0., 1., 1., 0., 1., 1., 0., 1., 1., 1., 0., 0., 0., 1.,
           1., 1.],
          [0., 0., 1., 0., 0., 1., 1., 0., 1., 0., 1., 0., 0., 1., 0., 0., 0.,
           0., 0.],
          [1., 0., 1., 1., 1., 1., 0., 1., 0., 0., 1., 1., 1., 0., 0., 0., 1.,
           1., 0.],
          [1., 0., 0., 1., 0., 1., 1., 0., 1., 1., 1., 1., 1., 1., 1., 1., 0.,
           1., 1.],
          [0., 0., 0., 0., 1., 1., 0., 1., 1., 1., 1., 0., 1., 1., 0., 1., 1.,
           0., 1.],
          [1., 0., 1., 1., 0., 1., 0., 0., 1., 0., 0., 0., 0., 0., 1., 0., 0.,
           1., 0.],
          [1., 1., 0., 0., 1., 0., 0., 0., 0., 1., 0., 0., 1., 0., 0., 0., 1.,
           1., 1.],
          [1., 1., 1., 0., 0., 1., 1., 0., 0., 1., 0., 0., 1., 0., 1., 0., 1.,
           0., 0.],
          [0., 1., 0., 0., 1., 0., 0., 1., 1., 1., 0., 1., 1., 0., 1., 0., 0.,
           1., 1.],
          [1., 0., 0., 0., 1., 1., 0., 1., 1., 0., 1., 0., 0., 0., 1., 1., 0.,
           1., 0.]]]], device='cuda:0'), tensor([[0.1739]], device='cuda:0'))
2026-01-08 17:09:33 - INFO - [ 0.86608154 -0.17749105 -0.00163972  0.0112609  -0.00163971  0.0112609
  0.99763244 -0.01964852]
2026-01-08 17:09:33 - INFO - (tensor([[[[1., 0., 0., 1., 0., 0., 1., 1., 0., 0., 1., 1., 0., 1., 1., 0., 0.,
           0., 1.],
          [1., 0., 1., 1., 0., 1., 0., 0., 1., 0., 0., 1., 0., 0., 0., 0., 0.,
           1., 0.],
          [0., 1., 0., 0., 0., 0., 0., 1., 0., 0., 1., 0., 0., 1., 1., 0., 0.,
           0., 0.],
          [1., 1., 0., 1., 0., 1., 1., 0., 1., 1., 0., 1., 0., 0., 1., 0., 0.,
           1., 1.],
          [1., 0., 0., 0., 0., 0., 1., 0., 0., 0., 0., 1., 1., 1., 0., 1., 1.,
           0., 1.],
          [1., 0., 0., 0., 1., 1., 1., 1., 0., 0., 1., 1., 0., 1., 1., 1., 1.,
           1., 0.],
          [0., 1., 0., 0., 1., 1., 0., 0., 1., 1., 1., 0., 0., 0., 0., 0., 1.,
           0., 1.],
          [1., 0., 1., 1., 0., 1., 1., 1., 1., 0., 0., 1., 0., 1., 0., 1., 0.,
           0., 0.],
          [0., 1., 0., 1., 0., 1., 1., 0., 0., 0., 0., 0., 1., 1., 1., 0., 1.,
           1., 0.],
          [1., 1., 0., 0., 1., 1., 0., 1., 1., 0., 1., 1., 1., 0., 0., 0., 1.,
           1., 1.],
          [0., 0., 1., 0., 0., 1., 1., 0., 1., 0., 1., 0., 0., 1., 0., 0., 0.,
           0., 0.],
          [1., 0., 1., 1., 1., 1., 0., 1., 0., 0., 1., 1., 1., 0., 0., 0., 1.,
           1., 0.],
          [1., 0., 0., 1., 0., 1., 1., 0., 1., 1., 1., 1., 1., 1., 1., 1., 0.,
           1., 1.],
          [0., 0., 0., 0., 1., 1., 0., 1., 1., 1., 1., 0., 1., 1., 0., 1., 1.,
           0., 1.],
          [1., 0., 1., 1., 0., 1., 0., 0., 1., 0., 0., 0., 0., 0., 1., 0., 0.,
           1., 0.],
          [1., 1., 0., 0., 1., 0., 0., 0., 0., 1., 0., 0., 1., 0., 0., 0., 1.,
           1., 1.],
          [1., 1., 1., 0., 0., 1., 1., 0., 0., 1., 0., 0., 1., 0., 1., 0., 1.,
           0., 0.],
          [0., 1., 0., 0., 1., 0., 0., 1., 1., 1., 0., 1., 1., 0., 1., 0., 0.,
           1., 1.],
          [1., 0., 0., 0., 1., 1., 0., 1., 1., 0., 1., 0., 0., 0., 1., 1., 0.,
           1., 0.]]]], device='cuda:0'), tensor([[0.1773]], device='cuda:0'))
2026-01-08 17:09:33 - INFO - [ 0.8649123  -0.17848173 -0.00164236  0.01138825 -0.00164236  0.01138825
  0.9975957  -0.01994589]
2026-01-08 17:09:33 - INFO - (tensor([[[[1., 0., 0., 1., 0., 0., 1., 1., 0., 0., 1., 1., 0., 1., 1., 0., 0.,
           0., 1.],
          [1., 0., 1., 1., 0., 1., 0., 0., 1., 0., 0., 1., 0., 0., 0., 0., 0.,
           1., 0.],
          [0., 1., 0., 0., 0., 0., 0., 1., 0., 0., 1., 0., 0., 1., 1., 0., 0.,
           0., 0.],
          [1., 1., 0., 1., 0., 1., 1., 0., 1., 1., 0., 1., 0., 0., 1., 0., 0.,
           1., 1.],
          [1., 0., 0., 0., 0., 0., 1., 0., 0., 0., 0., 1., 1., 1., 0., 1., 1.,
           0., 1.],
          [1., 0., 0., 0., 1., 1., 1., 1., 0., 0., 1., 1., 0., 1., 1., 1., 1.,
           1., 0.],
          [0., 1., 0., 0., 1., 1., 0., 0., 1., 1., 1., 0., 0., 0., 0., 0., 1.,
           0., 1.],
          [1., 0., 1., 1., 0., 1., 1., 1., 1., 0., 0., 1., 0., 1., 0., 1., 0.,
           0., 0.],
          [0., 1., 0., 1., 0., 1., 1., 0., 0., 0., 0., 0., 1., 1., 1., 0., 1.,
           1., 0.],
          [1., 1., 0., 0., 1., 1., 0., 1., 1., 0., 1., 1., 1., 0., 0., 0., 1.,
           1., 1.],
          [0., 0., 1., 0., 0., 1., 1., 0., 1., 0., 1., 0., 0., 1., 0., 0., 0.,
           0., 0.],
          [1., 0., 1., 1., 1., 1., 0., 1., 0., 0., 1., 1., 1., 0., 0., 0., 1.,
           1., 0.],
          [1., 0., 0., 1., 0., 1., 1., 0., 1., 1., 1., 1., 1., 1., 1., 1., 0.,
           1., 1.],
          [0., 0., 0., 0., 1., 1., 0., 1., 1., 1., 1., 0., 1., 1., 0., 1., 1.,
           0., 1.],
          [1., 0., 1., 1., 0., 1., 0., 0., 1., 0., 0., 0., 0., 0., 1., 0., 0.,
           1., 0.],
          [1., 1., 0., 0., 1., 0., 0., 0., 0., 1., 0., 0., 1., 0., 0., 0., 1.,
           1., 1.],
          [1., 1., 1., 0., 0., 1., 1., 0., 0., 1., 0., 0., 1., 0., 1., 0., 1.,
           0., 0.],
          [0., 1., 0., 0., 1., 0., 0., 1., 1., 1., 0., 1., 1., 0., 1., 0., 0.,
           1., 1.],
          [1., 0., 0., 0., 1., 1., 0., 1., 1., 0., 1., 0., 0., 0., 1., 1., 0.,
           1., 0.]]]], device='cuda:0'), tensor([[0.1806]], device='cuda:0'))
2026-01-08 17:09:33 - INFO - [ 0.86369574 -0.17950179 -0.00164326  0.01152135 -0.00164326  0.01152135
  0.9975586  -0.02025695]
2026-01-08 17:09:33 - INFO - (tensor([[[[1., 0., 0., 1., 0., 0., 1., 1., 0., 0., 1., 1., 0., 1., 1., 0., 0.,
           0., 1.],
          [1., 0., 1., 1., 0., 1., 0., 0., 1., 0., 0., 1., 0., 0., 0., 0., 0.,
           1., 0.],
          [0., 1., 0., 0., 0., 0., 0., 1., 0., 0., 1., 0., 0., 1., 1., 0., 0.,
           0., 0.],
          [1., 1., 0., 1., 0., 1., 1., 0., 1., 1., 0., 1., 0., 0., 1., 0., 0.,
           1., 1.],
          [1., 0., 0., 0., 0., 0., 1., 0., 0., 0., 0., 1., 1., 1., 0., 1., 1.,
           0., 1.],
          [1., 0., 0., 0., 1., 1., 1., 1., 0., 0., 1., 1., 0., 1., 1., 1., 1.,
           1., 0.],
          [0., 1., 0., 0., 1., 1., 0., 0., 1., 1., 1., 0., 0., 0., 0., 0., 1.,
           0., 1.],
          [1., 0., 1., 1., 0., 1., 1., 1., 1., 0., 0., 1., 0., 1., 0., 1., 0.,
           0., 0.],
          [0., 1., 0., 1., 0., 1., 1., 0., 0., 0., 0., 0., 1., 1., 1., 0., 1.,
           1., 0.],
          [1., 1., 0., 0., 1., 1., 0., 1., 1., 0., 1., 1., 1., 0., 0., 0., 1.,
           1., 1.],
          [0., 0., 1., 0., 0., 1., 1., 0., 1., 0., 1., 0., 0., 1., 0., 0., 0.,
           0., 0.],
          [1., 0., 1., 1., 1., 1., 0., 1., 0., 0., 1., 1., 1., 0., 0., 0., 1.,
           1., 0.],
          [1., 0., 0., 1., 0., 1., 1., 0., 1., 1., 1., 1., 1., 1., 1., 1., 0.,
           1., 1.],
          [0., 0., 0., 0., 1., 1., 0., 1., 1., 1., 1., 0., 1., 1., 0., 1., 1.,
           0., 1.],
          [1., 0., 1., 1., 0., 1., 0., 0., 1., 0., 0., 0., 0., 0., 1., 0., 0.,
           1., 0.],
          [1., 1., 0., 0., 1., 0., 0., 0., 0., 1., 0., 0., 1., 0., 0., 0., 1.,
           1., 1.],
          [1., 1., 1., 0., 0., 1., 1., 0., 0., 1., 0., 0., 1., 0., 1., 0., 1.,
           0., 0.],
          [0., 1., 0., 0., 1., 0., 0., 1., 1., 1., 0., 1., 1., 0., 1., 0., 0.,
           1., 1.],
          [1., 0., 0., 0., 1., 1., 0., 1., 1., 0., 1., 0., 0., 0., 1., 1., 0.,
           1., 0.]]]], device='cuda:0'), tensor([[0.1839]], device='cuda:0'))
2026-01-08 17:09:33 - INFO - [ 0.86225295 -0.18072675 -0.0016377   0.01170829 -0.00163771  0.01170829
  0.9975167  -0.02063248]
2026-01-08 17:09:33 - INFO - (tensor([[[[1., 0., 0., 1., 0., 0., 1., 1., 0., 0., 1., 1., 0., 1., 1., 0., 0.,
           0., 1.],
          [1., 0., 1., 1., 0., 1., 0., 0., 1., 0., 0., 1., 0., 0., 0., 0., 0.,
           1., 0.],
          [0., 1., 0., 0., 0., 0., 0., 1., 0., 0., 1., 0., 0., 1., 1., 0., 0.,
           0., 0.],
          [1., 1., 0., 1., 0., 1., 1., 0., 1., 1., 0., 1., 0., 0., 1., 0., 0.,
           1., 1.],
          [1., 0., 0., 0., 0., 0., 1., 0., 0., 0., 0., 1., 1., 1., 0., 1., 1.,
           0., 1.],
          [1., 0., 0., 0., 1., 1., 1., 1., 0., 0., 1., 1., 0., 1., 1., 1., 1.,
           1., 0.],
          [0., 1., 0., 0., 1., 1., 0., 0., 1., 1., 1., 0., 0., 0., 0., 0., 1.,
           0., 1.],
          [1., 0., 1., 1., 0., 1., 1., 1., 1., 0., 0., 1., 0., 1., 0., 1., 0.,
           0., 0.],
          [0., 1., 0., 1., 0., 1., 1., 0., 0., 0., 0., 0., 1., 1., 1., 0., 1.,
           1., 0.],
          [1., 1., 0., 0., 1., 1., 0., 1., 1., 0., 1., 1., 1., 0., 0., 0., 1.,
           1., 1.],
          [0., 0., 1., 0., 0., 1., 1., 0., 1., 0., 1., 0., 0., 1., 0., 0., 0.,
           0., 0.],
          [1., 0., 1., 1., 1., 1., 0., 1., 0., 0., 1., 1., 1., 0., 0., 0., 1.,
           1., 0.],
          [1., 0., 0., 1., 0., 1., 1., 0., 1., 1., 1., 1., 1., 1., 1., 1., 0.,
           1., 1.],
          [0., 0., 0., 0., 1., 1., 0., 1., 1., 1., 1., 0., 1., 1., 0., 1., 1.,
           0., 1.],
          [1., 0., 1., 1., 0., 1., 0., 0., 1., 0., 0., 0., 0., 0., 1., 0., 0.,
           1., 0.],
          [1., 1., 0., 0., 1., 0., 0., 0., 0., 1., 0., 0., 1., 0., 0., 0., 1.,
           1., 1.],
          [1., 1., 1., 0., 0., 1., 1., 0., 0., 1., 0., 0., 1., 0., 1., 0., 1.,
           0., 0.],
          [0., 1., 0., 0., 1., 0., 0., 1., 1., 1., 0., 1., 1., 0., 1., 0., 0.,
           1., 1.],
          [1., 0., 0., 0., 1., 1., 0., 1., 1., 0., 1., 0., 0., 0., 1., 1., 0.,
           1., 0.]]]], device='cuda:0'), tensor([[0.1873]], device='cuda:0'))
2026-01-08 17:09:33 - INFO - [ 0.8608689  -0.1821044  -0.00162638  0.01190873 -0.00162638  0.01190873
  0.99747884 -0.02098098]
2026-01-08 17:09:33 - INFO - (tensor([[[[1., 0., 0., 1., 0., 0., 1., 1., 0., 0., 1., 1., 0., 1., 1., 0., 0.,
           0., 1.],
          [1., 0., 1., 1., 0., 1., 0., 0., 1., 0., 0., 1., 0., 0., 0., 0., 0.,
           1., 0.],
          [0., 1., 0., 0., 0., 0., 0., 1., 0., 0., 1., 0., 0., 1., 1., 0., 0.,
           0., 0.],
          [1., 1., 0., 1., 0., 1., 1., 0., 1., 1., 0., 1., 0., 0., 1., 0., 0.,
           1., 1.],
          [1., 0., 0., 0., 0., 0., 1., 0., 0., 0., 0., 1., 1., 1., 0., 1., 1.,
           0., 1.],
          [1., 0., 0., 0., 1., 1., 1., 1., 0., 0., 1., 1., 0., 1., 1., 1., 1.,
           1., 0.],
          [0., 1., 0., 0., 1., 1., 0., 0., 1., 1., 1., 0., 0., 0., 0., 0., 1.,
           0., 1.],
          [1., 0., 1., 1., 0., 1., 1., 1., 1., 0., 0., 1., 0., 1., 0., 1., 0.,
           0., 0.],
          [0., 1., 0., 1., 0., 1., 1., 0., 0., 0., 0., 0., 1., 1., 1., 0., 1.,
           1., 0.],
          [1., 1., 0., 0., 1., 1., 0., 1., 1., 0., 1., 1., 1., 0., 0., 0., 1.,
           1., 1.],
          [0., 0., 1., 0., 0., 1., 1., 0., 1., 0., 1., 0., 0., 1., 0., 0., 0.,
           0., 0.],
          [1., 0., 1., 1., 1., 1., 0., 1., 0., 0., 1., 1., 1., 0., 0., 0., 1.,
           1., 0.],
          [1., 0., 0., 1., 0., 1., 1., 0., 1., 1., 1., 1., 1., 1., 1., 1., 0.,
           1., 1.],
          [0., 0., 0., 0., 1., 1., 0., 1., 1., 1., 1., 0., 1., 1., 0., 1., 1.,
           0., 1.],
          [1., 0., 1., 1., 0., 1., 0., 0., 1., 0., 0., 0., 0., 0., 1., 0., 0.,
           1., 0.],
          [1., 1., 0., 0., 1., 0., 0., 0., 0., 1., 0., 0., 1., 0., 0., 0., 1.,
           1., 1.],
          [1., 1., 1., 0., 0., 1., 1., 0., 0., 1., 0., 0., 1., 0., 1., 0., 1.,
           0., 0.],
          [0., 1., 0., 0., 1., 0., 0., 1., 1., 1., 0., 1., 1., 0., 1., 0., 0.,
           1., 1.],
          [1., 0., 0., 0., 1., 1., 0., 1., 1., 0., 1., 0., 0., 0., 1., 1., 0.,
           1., 0.]]]], device='cuda:0'), tensor([[0.1906]], device='cuda:0'))
2026-01-08 17:09:33 - INFO - [ 0.85941756 -0.18352845 -0.00161399  0.01211537 -0.00161399  0.01211536
  0.9974404  -0.02134805]
2026-01-08 17:09:33 - INFO - (tensor([[[[1., 0., 0., 1., 0., 0., 1., 1., 0., 0., 1., 1., 0., 1., 1., 0., 0.,
           0., 1.],
          [1., 0., 1., 1., 0., 1., 0., 0., 1., 0., 0., 1., 0., 0., 0., 0., 0.,
           1., 0.],
          [0., 1., 0., 0., 0., 0., 0., 1., 0., 0., 1., 0., 0., 1., 1., 0., 0.,
           0., 0.],
          [1., 1., 0., 1., 0., 1., 1., 0., 1., 1., 0., 1., 0., 0., 1., 0., 0.,
           1., 1.],
          [1., 0., 0., 0., 0., 0., 1., 0., 0., 0., 0., 1., 1., 1., 0., 1., 1.,
           0., 1.],
          [1., 0., 0., 0., 1., 1., 1., 1., 0., 0., 1., 1., 0., 1., 1., 1., 1.,
           1., 0.],
          [0., 1., 0., 0., 1., 1., 0., 0., 1., 1., 1., 0., 0., 0., 0., 0., 1.,
           0., 1.],
          [1., 0., 1., 1., 0., 1., 1., 1., 1., 0., 0., 1., 0., 1., 0., 1., 0.,
           0., 0.],
          [0., 1., 0., 1., 0., 1., 1., 0., 0., 0., 0., 0., 1., 1., 1., 0., 1.,
           1., 0.],
          [1., 1., 0., 0., 1., 1., 0., 1., 1., 0., 1., 1., 1., 0., 0., 0., 1.,
           1., 1.],
          [0., 0., 1., 0., 0., 1., 1., 0., 1., 0., 1., 0., 0., 1., 0., 0., 0.,
           0., 0.],
          [1., 0., 1., 1., 1., 1., 0., 1., 0., 0., 1., 1., 1., 0., 0., 0., 1.,
           1., 0.],
          [1., 0., 0., 1., 0., 1., 1., 0., 1., 1., 1., 1., 1., 1., 1., 1., 0.,
           1., 1.],
          [0., 0., 0., 0., 1., 1., 0., 1., 1., 1., 1., 0., 1., 1., 0., 1., 1.,
           0., 1.],
          [1., 0., 1., 1., 0., 1., 0., 0., 1., 0., 0., 0., 0., 0., 1., 0., 0.,
           1., 0.],
          [1., 1., 0., 0., 1., 0., 0., 0., 0., 1., 0., 0., 1., 0., 0., 0., 1.,
           1., 1.],
          [1., 1., 1., 0., 0., 1., 1., 0., 0., 1., 0., 0., 1., 0., 1., 0., 1.,
           0., 0.],
          [0., 1., 0., 0., 1., 0., 0., 1., 1., 1., 0., 1., 1., 0., 1., 0., 0.,
           1., 1.],
          [1., 0., 0., 0., 1., 1., 0., 1., 1., 0., 1., 0., 0., 0., 1., 1., 0.,
           1., 0.]]]], device='cuda:0'), tensor([[0.1940]], device='cuda:0'))
2026-01-08 17:09:33 - INFO - [ 0.8584485  -0.18452483 -0.00160084  0.01227673 -0.00160083  0.01227672
  0.997435   -0.02169346]
2026-01-08 17:09:33 - INFO - (tensor([[[[1., 0., 0., 1., 0., 0., 1., 1., 0., 0., 1., 1., 0., 1., 1., 0., 0.,
           0., 1.],
          [1., 0., 1., 1., 0., 1., 0., 0., 1., 0., 0., 1., 0., 0., 0., 0., 0.,
           1., 0.],
          [0., 1., 0., 0., 0., 0., 0., 1., 0., 0., 1., 0., 0., 1., 1., 0., 0.,
           0., 0.],
          [1., 1., 0., 1., 0., 1., 1., 0., 1., 1., 0., 1., 0., 0., 1., 0., 0.,
           1., 1.],
          [1., 0., 0., 0., 0., 0., 1., 0., 0., 0., 0., 1., 1., 1., 0., 1., 1.,
           0., 1.],
          [1., 0., 0., 0., 1., 1., 1., 1., 0., 0., 1., 1., 0., 1., 1., 1., 1.,
           1., 0.],
          [0., 1., 0., 0., 1., 1., 0., 0., 1., 1., 1., 0., 0., 0., 0., 0., 1.,
           0., 1.],
          [1., 0., 1., 1., 0., 1., 1., 1., 1., 0., 0., 1., 0., 1., 0., 1., 0.,
           0., 0.],
          [0., 1., 0., 1., 0., 1., 1., 0., 0., 0., 0., 0., 1., 1., 1., 0., 1.,
           1., 0.],
          [1., 1., 0., 0., 1., 1., 0., 1., 1., 0., 1., 1., 1., 0., 0., 0., 1.,
           1., 1.],
          [0., 0., 1., 0., 0., 1., 1., 0., 1., 0., 1., 0., 0., 1., 0., 0., 0.,
           0., 0.],
          [1., 0., 1., 1., 1., 1., 0., 1., 0., 0., 1., 1., 1., 0., 0., 0., 1.,
           1., 0.],
          [1., 0., 0., 1., 0., 1., 1., 0., 1., 1., 1., 1., 1., 1., 1., 1., 0.,
           1., 1.],
          [0., 0., 0., 0., 1., 1., 0., 1., 1., 1., 1., 0., 1., 1., 0., 1., 1.,
           0., 1.],
          [1., 0., 1., 1., 0., 1., 0., 0., 1., 0., 0., 0., 0., 0., 1., 0., 0.,
           1., 0.],
          [1., 1., 0., 0., 1., 0., 0., 0., 0., 1., 0., 0., 1., 0., 0., 0., 1.,
           1., 1.],
          [1., 1., 1., 0., 0., 1., 1., 0., 0., 1., 0., 0., 1., 0., 1., 0., 1.,
           0., 0.],
          [0., 1., 0., 0., 1., 0., 0., 1., 1., 1., 0., 1., 1., 0., 1., 0., 0.,
           1., 1.],
          [1., 0., 0., 0., 1., 1., 0., 1., 1., 0., 1., 0., 0., 0., 1., 1., 0.,
           1., 0.]]]], device='cuda:0'), tensor([[0.1973]], device='cuda:0'))
2026-01-08 17:09:33 - INFO - [ 0.85723245 -0.18567277 -0.00157641  0.0124719  -0.00157641  0.0124719
  0.9974113  -0.02211279]
2026-01-08 17:09:33 - INFO - (tensor([[[[1., 0., 0., 1., 0., 0., 1., 1., 0., 0., 1., 1., 0., 1., 1., 0., 0.,
           0., 1.],
          [1., 0., 1., 1., 0., 1., 0., 0., 1., 0., 0., 1., 0., 0., 0., 0., 0.,
           1., 0.],
          [0., 1., 0., 0., 0., 0., 0., 1., 0., 0., 1., 0., 0., 1., 1., 0., 0.,
           0., 0.],
          [1., 1., 0., 1., 0., 1., 1., 0., 1., 1., 0., 1., 0., 0., 1., 0., 0.,
           1., 1.],
          [1., 0., 0., 0., 0., 0., 1., 0., 0., 0., 0., 1., 1., 1., 0., 1., 1.,
           0., 1.],
          [1., 0., 0., 0., 1., 1., 1., 1., 0., 0., 1., 1., 0., 1., 1., 1., 1.,
           1., 0.],
          [0., 1., 0., 0., 1., 1., 0., 0., 1., 1., 1., 0., 0., 0., 0., 0., 1.,
           0., 1.],
          [1., 0., 1., 1., 0., 1., 1., 1., 1., 0., 0., 1., 0., 1., 0., 1., 0.,
           0., 0.],
          [0., 1., 0., 1., 0., 1., 1., 0., 0., 0., 0., 0., 1., 1., 1., 0., 1.,
           1., 0.],
          [1., 1., 0., 0., 1., 1., 0., 1., 1., 0., 1., 1., 1., 0., 0., 0., 1.,
           1., 1.],
          [0., 0., 1., 0., 0., 1., 1., 0., 1., 0., 1., 0., 0., 1., 0., 0., 0.,
           0., 0.],
          [1., 0., 1., 1., 1., 1., 0., 1., 0., 0., 1., 1., 1., 0., 0., 0., 1.,
           1., 0.],
          [1., 0., 0., 1., 0., 1., 1., 0., 1., 1., 1., 1., 1., 1., 1., 1., 0.,
           1., 1.],
          [0., 0., 0., 0., 1., 1., 0., 1., 1., 1., 1., 0., 1., 1., 0., 1., 1.,
           0., 1.],
          [1., 0., 1., 1., 0., 1., 0., 0., 1., 0., 0., 0., 0., 0., 1., 0., 0.,
           1., 0.],
          [1., 1., 0., 0., 1., 0., 0., 0., 0., 1., 0., 0., 1., 0., 0., 0., 1.,
           1., 1.],
          [1., 1., 1., 0., 0., 1., 1., 0., 0., 1., 0., 0., 1., 0., 1., 0., 1.,
           0., 0.],
          [0., 1., 0., 0., 1., 0., 0., 1., 1., 1., 0., 1., 1., 0., 1., 0., 0.,
           1., 1.],
          [1., 0., 0., 0., 1., 1., 0., 1., 1., 0., 1., 0., 0., 0., 1., 1., 0.,
           1., 0.]]]], device='cuda:0'), tensor([[0.2007]], device='cuda:0'))
2026-01-08 17:09:33 - INFO - [ 0.8557713  -0.18689403 -0.00153678  0.01269034 -0.00153678  0.01269034
  0.99736035 -0.02258969]
2026-01-08 17:09:33 - INFO - (tensor([[[[1., 0., 0., 1., 0., 0., 1., 1., 0., 0., 1., 1., 0., 1., 1., 0., 0.,
           0., 1.],
          [1., 0., 1., 1., 0., 1., 0., 0., 1., 0., 0., 1., 0., 0., 0., 0., 0.,
           1., 0.],
          [0., 1., 0., 0., 0., 0., 0., 1., 0., 0., 1., 0., 0., 1., 1., 0., 0.,
           0., 0.],
          [1., 1., 0., 1., 0., 1., 1., 0., 1., 1., 0., 1., 0., 0., 1., 0., 0.,
           1., 1.],
          [1., 0., 0., 0., 0., 0., 1., 0., 0., 0., 0., 1., 1., 1., 0., 1., 1.,
           0., 1.],
          [1., 0., 0., 0., 1., 1., 1., 1., 0., 0., 1., 1., 0., 1., 1., 1., 1.,
           1., 0.],
          [0., 1., 0., 0., 1., 1., 0., 0., 1., 1., 1., 0., 0., 0., 0., 0., 1.,
           0., 1.],
          [1., 0., 1., 1., 0., 1., 1., 1., 1., 0., 0., 1., 0., 1., 0., 1., 0.,
           0., 0.],
          [0., 1., 0., 1., 0., 1., 1., 0., 0., 0., 0., 0., 1., 1., 1., 0., 1.,
           1., 0.],
          [1., 1., 0., 0., 1., 1., 0., 1., 1., 0., 1., 1., 1., 0., 0., 0., 1.,
           1., 1.],
          [0., 0., 1., 0., 0., 1., 1., 0., 1., 0., 1., 0., 0., 1., 0., 0., 0.,
           0., 0.],
          [1., 0., 1., 1., 1., 1., 0., 1., 0., 0., 1., 1., 1., 0., 0., 0., 1.,
           1., 0.],
          [1., 0., 0., 1., 0., 1., 1., 0., 1., 1., 1., 1., 1., 1., 1., 1., 0.,
           1., 1.],
          [0., 0., 0., 0., 1., 1., 0., 1., 1., 1., 1., 0., 1., 1., 0., 1., 1.,
           0., 1.],
          [1., 0., 1., 1., 0., 1., 0., 0., 1., 0., 0., 0., 0., 0., 1., 0., 0.,
           1., 0.],
          [1., 1., 0., 0., 1., 0., 0., 0., 0., 1., 0., 0., 1., 0., 0., 0., 1.,
           1., 1.],
          [1., 1., 1., 0., 0., 1., 1., 0., 0., 1., 0., 0., 1., 0., 1., 0., 1.,
           0., 0.],
          [0., 1., 0., 0., 1., 0., 0., 1., 1., 1., 0., 1., 1., 0., 1., 0., 0.,
           1., 1.],
          [1., 0., 0., 0., 1., 1., 0., 1., 1., 0., 1., 0., 0., 0., 1., 1., 0.,
           1., 0.]]]], device='cuda:0'), tensor([[0.2040]], device='cuda:0'))
2026-01-08 17:09:33 - INFO - [ 0.85427254 -0.18814184 -0.00149681  0.01291371 -0.00149681  0.01291371
  0.9973074  -0.02307545]
2026-01-08 17:09:33 - INFO - (tensor([[[[1., 0., 0., 1., 0., 0., 1., 1., 0., 0., 1., 1., 0., 1., 1., 0., 0.,
           0., 1.],
          [1., 0., 1., 1., 0., 1., 0., 0., 1., 0., 0., 1., 0., 0., 0., 0., 0.,
           1., 0.],
          [0., 1., 0., 0., 0., 0., 0., 1., 0., 0., 1., 0., 0., 1., 1., 0., 0.,
           0., 0.],
          [1., 1., 0., 1., 0., 1., 1., 0., 1., 1., 0., 1., 0., 0., 1., 0., 0.,
           1., 1.],
          [1., 0., 0., 0., 0., 0., 1., 0., 0., 0., 0., 1., 1., 1., 0., 1., 1.,
           0., 1.],
          [1., 0., 0., 0., 1., 1., 1., 1., 0., 0., 1., 1., 0., 1., 1., 1., 1.,
           1., 0.],
          [0., 1., 0., 0., 1., 1., 0., 0., 1., 1., 1., 0., 0., 0., 0., 0., 1.,
           0., 1.],
          [1., 0., 1., 1., 0., 1., 1., 1., 1., 0., 0., 1., 0., 1., 0., 1., 0.,
           0., 0.],
          [0., 1., 0., 1., 0., 1., 1., 0., 0., 0., 0., 0., 1., 1., 1., 0., 1.,
           1., 0.],
          [1., 1., 0., 0., 1., 1., 0., 1., 1., 0., 1., 1., 1., 0., 0., 0., 1.,
           1., 1.],
          [0., 0., 1., 0., 0., 1., 1., 0., 1., 0., 1., 0., 0., 1., 0., 0., 0.,
           0., 0.],
          [1., 0., 1., 1., 1., 1., 0., 1., 0., 0., 1., 1., 1., 0., 0., 0., 1.,
           1., 0.],
          [1., 0., 0., 1., 0., 1., 1., 0., 1., 1., 1., 1., 1., 1., 1., 1., 0.,
           1., 1.],
          [0., 0., 0., 0., 1., 1., 0., 1., 1., 1., 1., 0., 1., 1., 0., 1., 1.,
           0., 1.],
          [1., 0., 1., 1., 0., 1., 0., 0., 1., 0., 0., 0., 0., 0., 1., 0., 0.,
           1., 0.],
          [1., 1., 0., 0., 1., 0., 0., 0., 0., 1., 0., 0., 1., 0., 0., 0., 1.,
           1., 1.],
          [1., 1., 1., 0., 0., 1., 1., 0., 0., 1., 0., 0., 1., 0., 1., 0., 1.,
           0., 0.],
          [0., 1., 0., 0., 1., 0., 0., 1., 1., 1., 0., 1., 1., 0., 1., 0., 0.,
           1., 1.],
          [1., 0., 0., 0., 1., 1., 0., 1., 1., 0., 1., 0., 0., 0., 1., 1., 0.,
           1., 0.]]]], device='cuda:0'), tensor([[0.2074]], device='cuda:0'))
2026-01-08 17:09:33 - INFO - [ 0.8527097  -0.18947671 -0.00145616  0.01315071 -0.00145617  0.01315071
  0.9972548  -0.02357416]
2026-01-08 17:09:33 - INFO - (tensor([[[[1., 0., 0., 1., 0., 0., 1., 1., 0., 0., 1., 1., 0., 1., 1., 0., 0.,
           0., 1.],
          [1., 0., 1., 1., 0., 1., 0., 0., 1., 0., 0., 1., 0., 0., 0., 0., 0.,
           1., 0.],
          [0., 1., 0., 0., 0., 0., 0., 1., 0., 0., 1., 0., 0., 1., 1., 0., 0.,
           0., 0.],
          [1., 1., 0., 1., 0., 1., 1., 0., 1., 1., 0., 1., 0., 0., 1., 0., 0.,
           1., 1.],
          [1., 0., 0., 0., 0., 0., 1., 0., 0., 0., 0., 1., 1., 1., 0., 1., 1.,
           0., 1.],
          [1., 0., 0., 0., 1., 1., 1., 1., 0., 0., 1., 1., 0., 1., 1., 1., 1.,
           1., 0.],
          [0., 1., 0., 0., 1., 1., 0., 0., 1., 1., 1., 0., 0., 0., 0., 0., 1.,
           0., 1.],
          [1., 0., 1., 1., 0., 1., 1., 1., 1., 0., 0., 1., 0., 1., 0., 1., 0.,
           0., 0.],
          [0., 1., 0., 1., 0., 1., 1., 0., 0., 0., 0., 0., 1., 1., 1., 0., 1.,
           1., 0.],
          [1., 1., 0., 0., 1., 1., 0., 1., 1., 0., 1., 1., 1., 0., 0., 0., 1.,
           1., 1.],
          [0., 0., 1., 0., 0., 1., 1., 0., 1., 0., 1., 0., 0., 1., 0., 0., 0.,
           0., 0.],
          [1., 0., 1., 1., 1., 1., 0., 1., 0., 0., 1., 1., 1., 0., 0., 0., 1.,
           1., 0.],
          [1., 0., 0., 1., 0., 1., 1., 0., 1., 1., 1., 1., 1., 1., 1., 1., 0.,
           1., 1.],
          [0., 0., 0., 0., 1., 1., 0., 1., 1., 1., 1., 0., 1., 1., 0., 1., 1.,
           0., 1.],
          [1., 0., 1., 1., 0., 1., 0., 0., 1., 0., 0., 0., 0., 0., 1., 0., 0.,
           1., 0.],
          [1., 1., 0., 0., 1., 0., 0., 0., 0., 1., 0., 0., 1., 0., 0., 0., 1.,
           1., 1.],
          [1., 1., 1., 0., 0., 1., 1., 0., 0., 1., 0., 0., 1., 0., 1., 0., 1.,
           0., 0.],
          [0., 1., 0., 0., 1., 0., 0., 1., 1., 1., 0., 1., 1., 0., 1., 0., 0.,
           1., 1.],
          [1., 0., 0., 0., 1., 1., 0., 1., 1., 0., 1., 0., 0., 0., 1., 1., 0.,
           1., 0.]]]], device='cuda:0'), tensor([[0.2107]], device='cuda:0'))
2026-01-08 17:09:33 - INFO - [ 0.8514118  -0.19077547 -0.00143304  0.01335535 -0.00143304  0.01335535
  0.99722034 -0.02376486]
2026-01-08 17:09:33 - INFO - (tensor([[[[1., 0., 0., 1., 0., 0., 1., 1., 0., 0., 1., 1., 0., 1., 1., 0., 0.,
           0., 1.],
          [1., 0., 1., 1., 0., 1., 0., 0., 1., 0., 0., 1., 0., 0., 0., 0., 0.,
           1., 0.],
          [0., 1., 0., 0., 0., 0., 0., 1., 0., 0., 1., 0., 0., 1., 1., 0., 0.,
           0., 0.],
          [1., 1., 0., 1., 0., 1., 1., 0., 1., 1., 0., 1., 0., 0., 1., 0., 0.,
           1., 1.],
          [1., 0., 0., 0., 0., 0., 1., 0., 0., 0., 0., 1., 1., 1., 0., 1., 1.,
           0., 1.],
          [1., 0., 0., 0., 1., 1., 1., 1., 0., 0., 1., 1., 0., 1., 1., 1., 1.,
           1., 0.],
          [0., 1., 0., 0., 1., 1., 0., 0., 1., 1., 1., 0., 0., 0., 0., 0., 1.,
           0., 1.],
          [1., 0., 1., 1., 0., 1., 1., 1., 1., 0., 0., 1., 0., 1., 0., 1., 0.,
           0., 0.],
          [0., 1., 0., 1., 0., 1., 1., 0., 0., 0., 0., 0., 1., 1., 1., 0., 1.,
           1., 0.],
          [1., 1., 0., 0., 1., 1., 0., 1., 1., 0., 1., 1., 1., 0., 0., 0., 1.,
           1., 1.],
          [0., 0., 1., 0., 0., 1., 1., 0., 1., 0., 1., 0., 0., 1., 0., 0., 0.,
           0., 0.],
          [1., 0., 1., 1., 1., 1., 0., 1., 0., 0., 1., 1., 1., 0., 0., 0., 1.,
           1., 0.],
          [1., 0., 0., 1., 0., 1., 1., 0., 1., 1., 1., 1., 1., 1., 1., 1., 0.,
           1., 1.],
          [0., 0., 0., 0., 1., 1., 0., 1., 1., 1., 1., 0., 1., 1., 0., 1., 1.,
           0., 1.],
          [1., 0., 1., 1., 0., 1., 0., 0., 1., 0., 0., 0., 0., 0., 1., 0., 0.,
           1., 0.],
          [1., 1., 0., 0., 1., 0., 0., 0., 0., 1., 0., 0., 1., 0., 0., 0., 1.,
           1., 1.],
          [1., 1., 1., 0., 0., 1., 1., 0., 0., 1., 0., 0., 1., 0., 1., 0., 1.,
           0., 0.],
          [0., 1., 0., 0., 1., 0., 0., 1., 1., 1., 0., 1., 1., 0., 1., 0., 0.,
           1., 1.],
          [1., 0., 0., 0., 1., 1., 0., 1., 1., 0., 1., 0., 0., 0., 1., 1., 0.,
           1., 0.]]]], device='cuda:0'), tensor([[0.2140]], device='cuda:0'))
2026-01-08 17:09:33 - INFO - [ 0.8502845  -0.19190685 -0.00141285  0.01353573 -0.00141285  0.01353573
  0.9971812  -0.02395336]
2026-01-08 17:09:33 - INFO - (tensor([[[[1., 0., 0., 1., 0., 0., 1., 1., 0., 0., 1., 1., 0., 1., 1., 0., 0.,
           0., 1.],
          [1., 0., 1., 1., 0., 1., 0., 0., 1., 0., 0., 1., 0., 0., 0., 0., 0.,
           1., 0.],
          [0., 1., 0., 0., 0., 0., 0., 1., 0., 0., 1., 0., 0., 1., 1., 0., 0.,
           0., 0.],
          [1., 1., 0., 1., 0., 1., 1., 0., 1., 1., 0., 1., 0., 0., 1., 0., 0.,
           1., 1.],
          [1., 0., 0., 0., 0., 0., 1., 0., 0., 0., 0., 1., 1., 1., 0., 1., 1.,
           0., 1.],
          [1., 0., 0., 0., 1., 1., 1., 1., 0., 0., 1., 1., 0., 1., 1., 1., 1.,
           1., 0.],
          [0., 1., 0., 0., 1., 1., 0., 0., 1., 1., 1., 0., 0., 0., 0., 0., 1.,
           0., 1.],
          [1., 0., 1., 1., 0., 1., 1., 1., 1., 0., 0., 1., 0., 1., 0., 1., 0.,
           0., 0.],
          [0., 1., 0., 1., 0., 1., 1., 0., 0., 0., 0., 0., 1., 1., 1., 0., 1.,
           1., 0.],
          [1., 1., 0., 0., 1., 1., 0., 1., 1., 0., 1., 1., 1., 0., 0., 0., 1.,
           1., 1.],
          [0., 0., 1., 0., 0., 1., 1., 0., 1., 0., 1., 0., 0., 1., 0., 0., 0.,
           0., 0.],
          [1., 0., 1., 1., 1., 1., 0., 1., 0., 0., 1., 1., 1., 0., 0., 0., 1.,
           1., 0.],
          [1., 0., 0., 1., 0., 1., 1., 0., 1., 1., 1., 1., 1., 1., 1., 1., 0.,
           1., 1.],
          [0., 0., 0., 0., 1., 1., 0., 1., 1., 1., 1., 0., 1., 1., 0., 1., 1.,
           0., 1.],
          [1., 0., 1., 1., 0., 1., 0., 0., 1., 0., 0., 0., 0., 0., 1., 0., 0.,
           1., 0.],
          [1., 1., 0., 0., 1., 0., 0., 0., 0., 1., 0., 0., 1., 0., 0., 0., 1.,
           1., 1.],
          [1., 1., 1., 0., 0., 1., 1., 0., 0., 1., 0., 0., 1., 0., 1., 0., 1.,
           0., 0.],
          [0., 1., 0., 0., 1., 0., 0., 1., 1., 1., 0., 1., 1., 0., 1., 0., 0.,
           1., 1.],
          [1., 0., 0., 0., 1., 1., 0., 1., 1., 0., 1., 0., 0., 0., 1., 1., 0.,
           1., 0.]]]], device='cuda:0'), tensor([[0.2174]], device='cuda:0'))
2026-01-08 17:09:33 - INFO - [ 0.8491366  -0.19307299 -0.00138773  0.01372881 -0.00138773  0.01372882
  0.9971319  -0.02428061]
2026-01-08 17:09:33 - INFO - (tensor([[[[1., 0., 0., 1., 0., 0., 1., 1., 0., 0., 1., 1., 0., 1., 1., 0., 0.,
           0., 1.],
          [1., 0., 1., 1., 0., 1., 0., 0., 1., 0., 0., 1., 0., 0., 0., 0., 0.,
           1., 0.],
          [0., 1., 0., 0., 0., 0., 0., 1., 0., 0., 1., 0., 0., 1., 1., 0., 0.,
           0., 0.],
          [1., 1., 0., 1., 0., 1., 1., 0., 1., 1., 0., 1., 0., 0., 1., 0., 0.,
           1., 1.],
          [1., 0., 0., 0., 0., 0., 1., 0., 0., 0., 0., 1., 1., 1., 0., 1., 1.,
           0., 1.],
          [1., 0., 0., 0., 1., 1., 1., 1., 0., 0., 1., 1., 0., 1., 1., 1., 1.,
           1., 0.],
          [0., 1., 0., 0., 1., 1., 0., 0., 1., 1., 1., 0., 0., 0., 0., 0., 1.,
           0., 1.],
          [1., 0., 1., 1., 0., 1., 1., 1., 1., 0., 0., 1., 0., 1., 0., 1., 0.,
           0., 0.],
          [0., 1., 0., 1., 0., 1., 1., 0., 0., 0., 0., 0., 1., 1., 1., 0., 1.,
           1., 0.],
          [1., 1., 0., 0., 1., 1., 0., 1., 1., 0., 1., 1., 1., 0., 0., 0., 1.,
           1., 1.],
          [0., 0., 1., 0., 0., 1., 1., 0., 1., 0., 1., 0., 0., 1., 0., 0., 0.,
           0., 0.],
          [1., 0., 1., 1., 1., 1., 0., 1., 0., 0., 1., 1., 1., 0., 0., 0., 1.,
           1., 0.],
          [1., 0., 0., 1., 0., 1., 1., 0., 1., 1., 1., 1., 1., 1., 1., 1., 0.,
           1., 1.],
          [0., 0., 0., 0., 1., 1., 0., 1., 1., 1., 1., 0., 1., 1., 0., 1., 1.,
           0., 1.],
          [1., 0., 1., 1., 0., 1., 0., 0., 1., 0., 0., 0., 0., 0., 1., 0., 0.,
           1., 0.],
          [1., 1., 0., 0., 1., 0., 0., 0., 0., 1., 0., 0., 1., 0., 0., 0., 1.,
           1., 1.],
          [1., 1., 1., 0., 0., 1., 1., 0., 0., 1., 0., 0., 1., 0., 1., 0., 1.,
           0., 0.],
          [0., 1., 0., 0., 1., 0., 0., 1., 1., 1., 0., 1., 1., 0., 1., 0., 0.,
           1., 1.],
          [1., 0., 0., 0., 1., 1., 0., 1., 1., 0., 1., 0., 0., 0., 1., 1., 0.,
           1., 0.]]]], device='cuda:0'), tensor([[0.2207]], device='cuda:0'))
2026-01-08 17:09:33 - INFO - [ 0.8479709  -0.19425248 -0.00136277  0.01392492 -0.00136278  0.01392492
  0.9970812  -0.02461271]
2026-01-08 17:09:33 - INFO - (tensor([[[[1., 0., 0., 1., 0., 0., 1., 1., 0., 0., 1., 1., 0., 1., 1., 0., 0.,
           0., 1.],
          [1., 0., 1., 1., 0., 1., 0., 0., 1., 0., 0., 1., 0., 0., 0., 0., 0.,
           1., 0.],
          [0., 1., 0., 0., 0., 0., 0., 1., 0., 0., 1., 0., 0., 1., 1., 0., 0.,
           0., 0.],
          [1., 1., 0., 1., 0., 1., 1., 0., 1., 1., 0., 1., 0., 0., 1., 0., 0.,
           1., 1.],
          [1., 0., 0., 0., 0., 0., 1., 0., 0., 0., 0., 1., 1., 1., 0., 1., 1.,
           0., 1.],
          [1., 0., 0., 0., 1., 1., 1., 1., 0., 0., 1., 1., 0., 1., 1., 1., 1.,
           1., 0.],
          [0., 1., 0., 0., 1., 1., 0., 0., 1., 1., 1., 0., 0., 0., 0., 0., 1.,
           0., 1.],
          [1., 0., 1., 1., 0., 1., 1., 1., 1., 0., 0., 1., 0., 1., 0., 1., 0.,
           0., 0.],
          [0., 1., 0., 1., 0., 1., 1., 0., 0., 0., 0., 0., 1., 1., 1., 0., 1.,
           1., 0.],
          [1., 1., 0., 0., 1., 1., 0., 1., 1., 0., 1., 1., 1., 0., 0., 0., 1.,
           1., 1.],
          [0., 0., 1., 0., 0., 1., 1., 0., 1., 0., 1., 0., 0., 1., 0., 0., 0.,
           0., 0.],
          [1., 0., 1., 1., 1., 1., 0., 1., 0., 0., 1., 1., 1., 0., 0., 0., 1.,
           1., 0.],
          [1., 0., 0., 1., 0., 1., 1., 0., 1., 1., 1., 1., 1., 1., 1., 1., 0.,
           1., 1.],
          [0., 0., 0., 0., 1., 1., 0., 1., 1., 1., 1., 0., 1., 1., 0., 1., 1.,
           0., 1.],
          [1., 0., 1., 1., 0., 1., 0., 0., 1., 0., 0., 0., 0., 0., 1., 0., 0.,
           1., 0.],
          [1., 1., 0., 0., 1., 0., 0., 0., 0., 1., 0., 0., 1., 0., 0., 0., 1.,
           1., 1.],
          [1., 1., 1., 0., 0., 1., 1., 0., 0., 1., 0., 0., 1., 0., 1., 0., 1.,
           0., 0.],
          [0., 1., 0., 0., 1., 0., 0., 1., 1., 1., 0., 1., 1., 0., 1., 0., 0.,
           1., 1.],
          [1., 0., 0., 0., 1., 1., 0., 1., 1., 0., 1., 0., 0., 0., 1., 1., 0.,
           1., 0.]]]], device='cuda:0'), tensor([[0.2241]], device='cuda:0'))
2026-01-08 17:09:33 - INFO - [ 0.84677076 -0.19545181 -0.00133776  0.01412442 -0.00133775  0.01412442
  0.99702865 -0.02495156]
2026-01-08 17:09:33 - INFO - (tensor([[[[1., 0., 0., 1., 0., 0., 1., 1., 0., 0., 1., 1., 0., 1., 1., 0., 0.,
           0., 1.],
          [1., 0., 1., 1., 0., 1., 0., 0., 1., 0., 0., 1., 0., 0., 0., 0., 0.,
           1., 0.],
          [0., 1., 0., 0., 0., 0., 0., 1., 0., 0., 1., 0., 0., 1., 1., 0., 0.,
           0., 0.],
          [1., 1., 0., 1., 0., 1., 1., 0., 1., 1., 0., 1., 0., 0., 1., 0., 0.,
           1., 1.],
          [1., 0., 0., 0., 0., 0., 1., 0., 0., 0., 0., 1., 1., 1., 0., 1., 1.,
           0., 1.],
          [1., 0., 0., 0., 1., 1., 1., 1., 0., 0., 1., 1., 0., 1., 1., 1., 1.,
           1., 0.],
          [0., 1., 0., 0., 1., 1., 0., 0., 1., 1., 1., 0., 0., 0., 0., 0., 1.,
           0., 1.],
          [1., 0., 1., 1., 0., 1., 1., 1., 1., 0., 0., 1., 0., 1., 0., 1., 0.,
           0., 0.],
          [0., 1., 0., 1., 0., 1., 1., 0., 0., 0., 0., 0., 1., 1., 1., 0., 1.,
           1., 0.],
          [1., 1., 0., 0., 1., 1., 0., 1., 1., 0., 1., 1., 1., 0., 0., 0., 1.,
           1., 1.],
          [0., 0., 1., 0., 0., 1., 1., 0., 1., 0., 1., 0., 0., 1., 0., 0., 0.,
           0., 0.],
          [1., 0., 1., 1., 1., 1., 0., 1., 0., 0., 1., 1., 1., 0., 0., 0., 1.,
           1., 0.],
          [1., 0., 0., 1., 0., 1., 1., 0., 1., 1., 1., 1., 1., 1., 1., 1., 0.,
           1., 1.],
          [0., 0., 0., 0., 1., 1., 0., 1., 1., 1., 1., 0., 1., 1., 0., 1., 1.,
           0., 1.],
          [1., 0., 1., 1., 0., 1., 0., 0., 1., 0., 0., 0., 0., 0., 1., 0., 0.,
           1., 0.],
          [1., 1., 0., 0., 1., 0., 0., 0., 0., 1., 0., 0., 1., 0., 0., 0., 1.,
           1., 1.],
          [1., 1., 1., 0., 0., 1., 1., 0., 0., 1., 0., 0., 1., 0., 1., 0., 1.,
           0., 0.],
          [0., 1., 0., 0., 1., 0., 0., 1., 1., 1., 0., 1., 1., 0., 1., 0., 0.,
           1., 1.],
          [1., 0., 0., 0., 1., 1., 0., 1., 1., 0., 1., 0., 0., 0., 1., 1., 0.,
           1., 0.]]]], device='cuda:0'), tensor([[0.2274]], device='cuda:0'))
2026-01-08 17:09:33 - INFO - [ 0.8455285  -0.19667979 -0.00131265  0.01433198 -0.00131265  0.01433198
  0.996971   -0.02531086]
2026-01-08 17:09:33 - INFO - (tensor([[[[1., 0., 0., 1., 0., 0., 1., 1., 0., 0., 1., 1., 0., 1., 1., 0., 0.,
           0., 1.],
          [1., 0., 1., 1., 0., 1., 0., 0., 1., 0., 0., 1., 0., 0., 0., 0., 0.,
           1., 0.],
          [0., 1., 0., 0., 0., 0., 0., 1., 0., 0., 1., 0., 0., 1., 1., 0., 0.,
           0., 0.],
          [1., 1., 0., 1., 0., 1., 1., 0., 1., 1., 0., 1., 0., 0., 1., 0., 0.,
           1., 1.],
          [1., 0., 0., 0., 0., 0., 1., 0., 0., 0., 0., 1., 1., 1., 0., 1., 1.,
           0., 1.],
          [1., 0., 0., 0., 1., 1., 1., 1., 0., 0., 1., 1., 0., 1., 1., 1., 1.,
           1., 0.],
          [0., 1., 0., 0., 1., 1., 0., 0., 1., 1., 1., 0., 0., 0., 0., 0., 1.,
           0., 1.],
          [1., 0., 1., 1., 0., 1., 1., 1., 1., 0., 0., 1., 0., 1., 0., 1., 0.,
           0., 0.],
          [0., 1., 0., 1., 0., 1., 1., 0., 0., 0., 0., 0., 1., 1., 1., 0., 1.,
           1., 0.],
          [1., 1., 0., 0., 1., 1., 0., 1., 1., 0., 1., 1., 1., 0., 0., 0., 1.,
           1., 1.],
          [0., 0., 1., 0., 0., 1., 1., 0., 1., 0., 1., 0., 0., 1., 0., 0., 0.,
           0., 0.],
          [1., 0., 1., 1., 1., 1., 0., 1., 0., 0., 1., 1., 1., 0., 0., 0., 1.,
           1., 0.],
          [1., 0., 0., 1., 0., 1., 1., 0., 1., 1., 1., 1., 1., 1., 1., 1., 0.,
           1., 1.],
          [0., 0., 0., 0., 1., 1., 0., 1., 1., 1., 1., 0., 1., 1., 0., 1., 1.,
           0., 1.],
          [1., 0., 1., 1., 0., 1., 0., 0., 1., 0., 0., 0., 0., 0., 1., 0., 0.,
           1., 0.],
          [1., 1., 0., 0., 1., 0., 0., 0., 0., 1., 0., 0., 1., 0., 0., 0., 1.,
           1., 1.],
          [1., 1., 1., 0., 0., 1., 1., 0., 0., 1., 0., 0., 1., 0., 1., 0., 1.,
           0., 0.],
          [0., 1., 0., 0., 1., 0., 0., 1., 1., 1., 0., 1., 1., 0., 1., 0., 0.,
           1., 1.],
          [1., 0., 0., 0., 1., 1., 0., 1., 1., 0., 1., 0., 0., 0., 1., 1., 0.,
           1., 0.]]]], device='cuda:0'), tensor([[0.2308]], device='cuda:0'))
2026-01-08 17:09:33 - INFO - [ 0.844226   -0.19796023 -0.00128535  0.01454957 -0.00128535  0.01454958
  0.99690926 -0.02569108]
2026-01-08 17:09:33 - INFO - (tensor([[[[1., 0., 0., 1., 0., 0., 1., 1., 0., 0., 1., 1., 0., 1., 1., 0., 0.,
           0., 1.],
          [1., 0., 1., 1., 0., 1., 0., 0., 1., 0., 0., 1., 0., 0., 0., 0., 0.,
           1., 0.],
          [0., 1., 0., 0., 0., 0., 0., 1., 0., 0., 1., 0., 0., 1., 1., 0., 0.,
           0., 0.],
          [1., 1., 0., 1., 0., 1., 1., 0., 1., 1., 0., 1., 0., 0., 1., 0., 0.,
           1., 1.],
          [1., 0., 0., 0., 0., 0., 1., 0., 0., 0., 0., 1., 1., 1., 0., 1., 1.,
           0., 1.],
          [1., 0., 0., 0., 1., 1., 1., 1., 0., 0., 1., 1., 0., 1., 1., 1., 1.,
           1., 0.],
          [0., 1., 0., 0., 1., 1., 0., 0., 1., 1., 1., 0., 0., 0., 0., 0., 1.,
           0., 1.],
          [1., 0., 1., 1., 0., 1., 1., 1., 1., 0., 0., 1., 0., 1., 0., 1., 0.,
           0., 0.],
          [0., 1., 0., 1., 0., 1., 1., 0., 0., 0., 0., 0., 1., 1., 1., 0., 1.,
           1., 0.],
          [1., 1., 0., 0., 1., 1., 0., 1., 1., 0., 1., 1., 1., 0., 0., 0., 1.,
           1., 1.],
          [0., 0., 1., 0., 0., 1., 1., 0., 1., 0., 1., 0., 0., 1., 0., 0., 0.,
           0., 0.],
          [1., 0., 1., 1., 1., 1., 0., 1., 0., 0., 1., 1., 1., 0., 0., 0., 1.,
           1., 0.],
          [1., 0., 0., 1., 0., 1., 1., 0., 1., 1., 1., 1., 1., 1., 1., 1., 0.,
           1., 1.],
          [0., 0., 0., 0., 1., 1., 0., 1., 1., 1., 1., 0., 1., 1., 0., 1., 1.,
           0., 1.],
          [1., 0., 1., 1., 0., 1., 0., 0., 1., 0., 0., 0., 0., 0., 1., 0., 0.,
           1., 0.],
          [1., 1., 0., 0., 1., 0., 0., 0., 0., 1., 0., 0., 1., 0., 0., 0., 1.,
           1., 1.],
          [1., 1., 1., 0., 0., 1., 1., 0., 0., 1., 0., 0., 1., 0., 1., 0., 1.,
           0., 0.],
          [0., 1., 0., 0., 1., 0., 0., 1., 1., 1., 0., 1., 1., 0., 1., 0., 0.,
           1., 1.],
          [1., 0., 0., 0., 1., 1., 0., 1., 1., 0., 1., 0., 0., 0., 1., 1., 0.,
           1., 0.]]]], device='cuda:0'), tensor([[0.2341]], device='cuda:0'))
2026-01-08 17:09:33 - INFO - [ 0.84289974 -0.19926661 -0.00125655  0.01476926 -0.00125655  0.01476925
  0.9968469  -0.02608112]
2026-01-08 17:09:33 - INFO - (tensor([[[[1., 0., 0., 1., 0., 0., 1., 1., 0., 0., 1., 1., 0., 1., 1., 0., 0.,
           0., 1.],
          [1., 0., 1., 1., 0., 1., 0., 0., 1., 0., 0., 1., 0., 0., 0., 0., 0.,
           1., 0.],
          [0., 1., 0., 0., 0., 0., 0., 1., 0., 0., 1., 0., 0., 1., 1., 0., 0.,
           0., 0.],
          [1., 1., 0., 1., 0., 1., 1., 0., 1., 1., 0., 1., 0., 0., 1., 0., 0.,
           1., 1.],
          [1., 0., 0., 0., 0., 0., 1., 0., 0., 0., 0., 1., 1., 1., 0., 1., 1.,
           0., 1.],
          [1., 0., 0., 0., 1., 1., 1., 1., 0., 0., 1., 1., 0., 1., 1., 1., 1.,
           1., 0.],
          [0., 1., 0., 0., 1., 1., 0., 0., 1., 1., 1., 0., 0., 0., 0., 0., 1.,
           0., 1.],
          [1., 0., 1., 1., 0., 1., 1., 1., 1., 0., 0., 1., 0., 1., 0., 1., 0.,
           0., 0.],
          [0., 1., 0., 1., 0., 1., 1., 0., 0., 0., 0., 0., 1., 1., 1., 0., 1.,
           1., 0.],
          [1., 1., 0., 0., 1., 1., 0., 1., 1., 0., 1., 1., 1., 0., 0., 0., 1.,
           1., 1.],
          [0., 0., 1., 0., 0., 1., 1., 0., 1., 0., 1., 0., 0., 1., 0., 0., 0.,
           0., 0.],
          [1., 0., 1., 1., 1., 1., 0., 1., 0., 0., 1., 1., 1., 0., 0., 0., 1.,
           1., 0.],
          [1., 0., 0., 1., 0., 1., 1., 0., 1., 1., 1., 1., 1., 1., 1., 1., 0.,
           1., 1.],
          [0., 0., 0., 0., 1., 1., 0., 1., 1., 1., 1., 0., 1., 1., 0., 1., 1.,
           0., 1.],
          [1., 0., 1., 1., 0., 1., 0., 0., 1., 0., 0., 0., 0., 0., 1., 0., 0.,
           1., 0.],
          [1., 1., 0., 0., 1., 0., 0., 0., 0., 1., 0., 0., 1., 0., 0., 0., 1.,
           1., 1.],
          [1., 1., 1., 0., 0., 1., 1., 0., 0., 1., 0., 0., 1., 0., 1., 0., 1.,
           0., 0.],
          [0., 1., 0., 0., 1., 0., 0., 1., 1., 1., 0., 1., 1., 0., 1., 0., 0.,
           1., 1.],
          [1., 0., 0., 0., 1., 1., 0., 1., 1., 0., 1., 0., 0., 0., 1., 1., 0.,
           1., 0.]]]], device='cuda:0'), tensor([[0.2375]], device='cuda:0'))
2026-01-08 17:09:33 - INFO - [ 0.8419379  -0.20051605 -0.00120806  0.01500977 -0.00120806  0.01500977
  0.99679774 -0.02646269]
2026-01-08 17:09:33 - INFO - (tensor([[[[1., 0., 0., 1., 0., 0., 1., 1., 0., 0., 1., 1., 0., 1., 1., 0., 0.,
           0., 1.],
          [1., 0., 1., 1., 0., 1., 0., 0., 1., 0., 0., 1., 0., 0., 0., 0., 0.,
           1., 0.],
          [0., 1., 0., 0., 0., 0., 0., 1., 0., 0., 1., 0., 0., 1., 1., 0., 0.,
           0., 0.],
          [1., 1., 0., 1., 0., 1., 1., 0., 1., 1., 0., 1., 0., 0., 1., 0., 0.,
           1., 1.],
          [1., 0., 0., 0., 0., 0., 1., 0., 0., 0., 0., 1., 1., 1., 0., 1., 1.,
           0., 1.],
          [1., 0., 0., 0., 1., 1., 1., 1., 0., 0., 1., 1., 0., 1., 1., 1., 1.,
           1., 0.],
          [0., 1., 0., 0., 1., 1., 0., 0., 1., 1., 1., 0., 0., 0., 0., 0., 1.,
           0., 1.],
          [1., 0., 1., 1., 0., 1., 1., 1., 1., 0., 0., 1., 0., 1., 0., 1., 0.,
           0., 0.],
          [0., 1., 0., 1., 0., 1., 1., 0., 0., 0., 0., 0., 1., 1., 1., 0., 1.,
           1., 0.],
          [1., 1., 0., 0., 1., 1., 0., 1., 1., 0., 1., 1., 1., 0., 0., 0., 1.,
           1., 1.],
          [0., 0., 1., 0., 0., 1., 1., 0., 1., 0., 1., 0., 0., 1., 0., 0., 0.,
           0., 0.],
          [1., 0., 1., 1., 1., 1., 0., 1., 0., 0., 1., 1., 1., 0., 0., 0., 1.,
           1., 0.],
          [1., 0., 0., 1., 0., 1., 1., 0., 1., 1., 1., 1., 1., 1., 1., 1., 0.,
           1., 1.],
          [0., 0., 0., 0., 1., 1., 0., 1., 1., 1., 1., 0., 1., 1., 0., 1., 1.,
           0., 1.],
          [1., 0., 1., 1., 0., 1., 0., 0., 1., 0., 0., 0., 0., 0., 1., 0., 0.,
           1., 0.],
          [1., 1., 0., 0., 1., 0., 0., 0., 0., 1., 0., 0., 1., 0., 0., 0., 1.,
           1., 1.],
          [1., 1., 1., 0., 0., 1., 1., 0., 0., 1., 0., 0., 1., 0., 1., 0., 1.,
           0., 0.],
          [0., 1., 0., 0., 1., 0., 0., 1., 1., 1., 0., 1., 1., 0., 1., 0., 0.,
           1., 1.],
          [1., 0., 0., 0., 1., 1., 0., 1., 1., 0., 1., 0., 0., 0., 1., 1., 0.,
           1., 0.]]]], device='cuda:0'), tensor([[0.2408]], device='cuda:0'))
2026-01-08 17:09:33 - INFO - [ 0.84105515 -0.20182922 -0.0011501   0.01527006 -0.0011501   0.01527005
  0.9967449  -0.02687842]
2026-01-08 17:09:33 - INFO - (tensor([[[[1., 0., 0., 1., 0., 0., 1., 1., 0., 0., 1., 1., 0., 1., 1., 0., 0.,
           0., 1.],
          [1., 0., 1., 1., 0., 1., 0., 0., 1., 0., 0., 1., 0., 0., 0., 0., 0.,
           1., 0.],
          [0., 1., 0., 0., 0., 0., 0., 1., 0., 0., 1., 0., 0., 1., 1., 0., 0.,
           0., 0.],
          [1., 1., 0., 1., 0., 1., 1., 0., 1., 1., 0., 1., 0., 0., 1., 0., 0.,
           1., 1.],
          [1., 0., 0., 0., 0., 0., 1., 0., 0., 0., 0., 1., 1., 1., 0., 1., 1.,
           0., 1.],
          [1., 0., 0., 0., 1., 1., 1., 1., 0., 0., 1., 1., 0., 1., 1., 1., 1.,
           1., 0.],
          [0., 1., 0., 0., 1., 1., 0., 0., 1., 1., 1., 0., 0., 0., 0., 0., 1.,
           0., 1.],
          [1., 0., 1., 1., 0., 1., 1., 1., 1., 0., 0., 1., 0., 1., 0., 1., 0.,
           0., 0.],
          [0., 1., 0., 1., 0., 1., 1., 0., 0., 0., 0., 0., 1., 1., 1., 0., 1.,
           1., 0.],
          [1., 1., 0., 0., 1., 1., 0., 1., 1., 0., 1., 1., 1., 0., 0., 0., 1.,
           1., 1.],
          [0., 0., 1., 0., 0., 1., 1., 0., 1., 0., 1., 0., 0., 1., 0., 0., 0.,
           0., 0.],
          [1., 0., 1., 1., 1., 1., 0., 1., 0., 0., 1., 1., 1., 0., 0., 0., 1.,
           1., 0.],
          [1., 0., 0., 1., 0., 1., 1., 0., 1., 1., 1., 1., 1., 1., 1., 1., 0.,
           1., 1.],
          [0., 0., 0., 0., 1., 1., 0., 1., 1., 1., 1., 0., 1., 1., 0., 1., 1.,
           0., 1.],
          [1., 0., 1., 1., 0., 1., 0., 0., 1., 0., 0., 0., 0., 0., 1., 0., 0.,
           1., 0.],
          [1., 1., 0., 0., 1., 0., 0., 0., 0., 1., 0., 0., 1., 0., 0., 0., 1.,
           1., 1.],
          [1., 1., 1., 0., 0., 1., 1., 0., 0., 1., 0., 0., 1., 0., 1., 0., 1.,
           0., 0.],
          [0., 1., 0., 0., 1., 0., 0., 1., 1., 1., 0., 1., 1., 0., 1., 0., 0.,
           1., 1.],
          [1., 0., 0., 0., 1., 1., 0., 1., 1., 0., 1., 0., 0., 0., 1., 1., 0.,
           1., 0.]]]], device='cuda:0'), tensor([[0.2441]], device='cuda:0'))
2026-01-08 17:09:33 - INFO - [ 0.84019744 -0.20305458 -0.00109521  0.01551792 -0.00109521  0.01551793
  0.99669844 -0.02727779]
2026-01-08 17:09:33 - INFO - (tensor([[[[1., 0., 0., 1., 0., 0., 1., 1., 0., 0., 1., 1., 0., 1., 1., 0., 0.,
           0., 1.],
          [1., 0., 1., 1., 0., 1., 0., 0., 1., 0., 0., 1., 0., 0., 0., 0., 0.,
           1., 0.],
          [0., 1., 0., 0., 0., 0., 0., 1., 0., 0., 1., 0., 0., 1., 1., 0., 0.,
           0., 0.],
          [1., 1., 0., 1., 0., 1., 1., 0., 1., 1., 0., 1., 0., 0., 1., 0., 0.,
           1., 1.],
          [1., 0., 0., 0., 0., 0., 1., 0., 0., 0., 0., 1., 1., 1., 0., 1., 1.,
           0., 1.],
          [1., 0., 0., 0., 1., 1., 1., 1., 0., 0., 1., 1., 0., 1., 1., 1., 1.,
           1., 0.],
          [0., 1., 0., 0., 1., 1., 0., 0., 1., 1., 1., 0., 0., 0., 0., 0., 1.,
           0., 1.],
          [1., 0., 1., 1., 0., 1., 1., 1., 1., 0., 0., 1., 0., 1., 0., 1., 0.,
           0., 0.],
          [0., 1., 0., 1., 0., 1., 1., 0., 0., 0., 0., 0., 1., 1., 1., 0., 1.,
           1., 0.],
          [1., 1., 0., 0., 1., 1., 0., 1., 1., 0., 1., 1., 1., 0., 0., 0., 1.,
           1., 1.],
          [0., 0., 1., 0., 0., 1., 1., 0., 1., 0., 1., 0., 0., 1., 0., 0., 0.,
           0., 0.],
          [1., 0., 1., 1., 1., 1., 0., 1., 0., 0., 1., 1., 1., 0., 0., 0., 1.,
           1., 0.],
          [1., 0., 0., 1., 0., 1., 1., 0., 1., 1., 1., 1., 1., 1., 1., 1., 0.,
           1., 1.],
          [0., 0., 0., 0., 1., 1., 0., 1., 1., 1., 1., 0., 1., 1., 0., 1., 1.,
           0., 1.],
          [1., 0., 1., 1., 0., 1., 0., 0., 1., 0., 0., 0., 0., 0., 1., 0., 0.,
           1., 0.],
          [1., 1., 0., 0., 1., 0., 0., 0., 0., 1., 0., 0., 1., 0., 0., 0., 1.,
           1., 1.],
          [1., 1., 1., 0., 0., 1., 1., 0., 0., 1., 0., 0., 1., 0., 1., 0., 1.,
           0., 0.],
          [0., 1., 0., 0., 1., 0., 0., 1., 1., 1., 0., 1., 1., 0., 1., 0., 0.,
           1., 1.],
          [1., 0., 0., 0., 1., 1., 0., 1., 1., 0., 1., 0., 0., 0., 1., 1., 0.,
           1., 0.]]]], device='cuda:0'), tensor([[0.2475]], device='cuda:0'))
2026-01-08 17:09:33 - INFO - [ 0.83935213 -0.20424338 -0.00104386  0.0157578  -0.00104385  0.0157578
  0.99665827 -0.02766464]
2026-01-08 17:09:33 - INFO - (tensor([[[[1., 0., 0., 1., 0., 0., 1., 1., 0., 0., 1., 1., 0., 1., 1., 0., 0.,
           0., 1.],
          [1., 0., 1., 1., 0., 1., 0., 0., 1., 0., 0., 1., 0., 0., 0., 0., 0.,
           1., 0.],
          [0., 1., 0., 0., 0., 0., 0., 1., 0., 0., 1., 0., 0., 1., 1., 0., 0.,
           0., 0.],
          [1., 1., 0., 1., 0., 1., 1., 0., 1., 1., 0., 1., 0., 0., 1., 0., 0.,
           1., 1.],
          [1., 0., 0., 0., 0., 0., 1., 0., 0., 0., 0., 1., 1., 1., 0., 1., 1.,
           0., 1.],
          [1., 0., 0., 0., 1., 1., 1., 1., 0., 0., 1., 1., 0., 1., 1., 1., 1.,
           1., 0.],
          [0., 1., 0., 0., 1., 1., 0., 0., 1., 1., 1., 0., 0., 0., 0., 0., 1.,
           0., 1.],
          [1., 0., 1., 1., 0., 1., 1., 1., 1., 0., 0., 1., 0., 1., 0., 1., 0.,
           0., 0.],
          [0., 1., 0., 1., 0., 1., 1., 0., 0., 0., 0., 0., 1., 1., 1., 0., 1.,
           1., 0.],
          [1., 1., 0., 0., 1., 1., 0., 1., 1., 0., 1., 1., 1., 0., 0., 0., 1.,
           1., 1.],
          [0., 0., 1., 0., 0., 1., 1., 0., 1., 0., 1., 0., 0., 1., 0., 0., 0.,
           0., 0.],
          [1., 0., 1., 1., 1., 1., 0., 1., 0., 0., 1., 1., 1., 0., 0., 0., 1.,
           1., 0.],
          [1., 0., 0., 1., 0., 1., 1., 0., 1., 1., 1., 1., 1., 1., 1., 1., 0.,
           1., 1.],
          [0., 0., 0., 0., 1., 1., 0., 1., 1., 1., 1., 0., 1., 1., 0., 1., 1.,
           0., 1.],
          [1., 0., 1., 1., 0., 1., 0., 0., 1., 0., 0., 0., 0., 0., 1., 0., 0.,
           1., 0.],
          [1., 1., 0., 0., 1., 0., 0., 0., 0., 1., 0., 0., 1., 0., 0., 0., 1.,
           1., 1.],
          [1., 1., 1., 0., 0., 1., 1., 0., 0., 1., 0., 0., 1., 0., 1., 0., 1.,
           0., 0.],
          [0., 1., 0., 0., 1., 0., 0., 1., 1., 1., 0., 1., 1., 0., 1., 0., 0.,
           1., 1.],
          [1., 0., 0., 0., 1., 1., 0., 1., 1., 0., 1., 0., 0., 0., 1., 1., 0.,
           1., 0.]]]], device='cuda:0'), tensor([[0.2508]], device='cuda:0'))
2026-01-08 17:09:33 - INFO - [ 0.8384762  -0.20545758 -0.00099751  0.01599027 -0.0009975   0.01599027
  0.99661136 -0.02799127]
2026-01-08 17:09:33 - INFO - (tensor([[[[1., 0., 0., 1., 0., 0., 1., 1., 0., 0., 1., 1., 0., 1., 1., 0., 0.,
           0., 1.],
          [1., 0., 1., 1., 0., 1., 0., 0., 1., 0., 0., 1., 0., 0., 0., 0., 0.,
           1., 0.],
          [0., 1., 0., 0., 0., 0., 0., 1., 0., 0., 1., 0., 0., 1., 1., 0., 0.,
           0., 0.],
          [1., 1., 0., 1., 0., 1., 1., 0., 1., 1., 0., 1., 0., 0., 1., 0., 0.,
           1., 1.],
          [1., 0., 0., 0., 0., 0., 1., 0., 0., 0., 0., 1., 1., 1., 0., 1., 1.,
           0., 1.],
          [1., 0., 0., 0., 1., 1., 1., 1., 0., 0., 1., 1., 0., 1., 1., 1., 1.,
           1., 0.],
          [0., 1., 0., 0., 1., 1., 0., 0., 1., 1., 1., 0., 0., 0., 0., 0., 1.,
           0., 1.],
          [1., 0., 1., 1., 0., 1., 1., 1., 1., 0., 0., 1., 0., 1., 0., 1., 0.,
           0., 0.],
          [0., 1., 0., 1., 0., 1., 1., 0., 0., 0., 0., 0., 1., 1., 1., 0., 1.,
           1., 0.],
          [1., 1., 0., 0., 1., 1., 0., 1., 1., 0., 1., 1., 1., 0., 0., 0., 1.,
           1., 1.],
          [0., 0., 1., 0., 0., 1., 1., 0., 1., 0., 1., 0., 0., 1., 0., 0., 0.,
           0., 0.],
          [1., 0., 1., 1., 1., 1., 0., 1., 0., 0., 1., 1., 1., 0., 0., 0., 1.,
           1., 0.],
          [1., 0., 0., 1., 0., 1., 1., 0., 1., 1., 1., 1., 1., 1., 1., 1., 0.,
           1., 1.],
          [0., 0., 0., 0., 1., 1., 0., 1., 1., 1., 1., 0., 1., 1., 0., 1., 1.,
           0., 1.],
          [1., 0., 1., 1., 0., 1., 0., 0., 1., 0., 0., 0., 0., 0., 1., 0., 0.,
           1., 0.],
          [1., 1., 0., 0., 1., 0., 0., 0., 0., 1., 0., 0., 1., 0., 0., 0., 1.,
           1., 1.],
          [1., 1., 1., 0., 0., 1., 1., 0., 0., 1., 0., 0., 1., 0., 1., 0., 1.,
           0., 0.],
          [0., 1., 0., 0., 1., 0., 0., 1., 1., 1., 0., 1., 1., 0., 1., 0., 0.,
           1., 1.],
          [1., 0., 0., 0., 1., 1., 0., 1., 1., 0., 1., 0., 0., 0., 1., 1., 0.,
           1., 0.]]]], device='cuda:0'), tensor([[0.2542]], device='cuda:0'))
2026-01-08 17:09:33 - INFO - [ 8.3753169e-01 -2.0678617e-01 -9.4724883e-04  1.6240520e-02
 -9.4723952e-04  1.6240517e-02  9.9655932e-01 -2.8347963e-02]
2026-01-08 17:09:33 - INFO - (tensor([[[[1., 0., 0., 1., 0., 0., 1., 1., 0., 0., 1., 1., 0., 1., 1., 0., 0.,
           0., 1.],
          [1., 0., 1., 1., 0., 1., 0., 0., 1., 0., 0., 1., 0., 0., 0., 0., 0.,
           1., 0.],
          [0., 1., 0., 0., 0., 0., 0., 1., 0., 0., 1., 0., 0., 1., 1., 0., 0.,
           0., 0.],
          [1., 1., 0., 1., 0., 1., 1., 0., 1., 1., 0., 1., 0., 0., 1., 0., 0.,
           1., 1.],
          [1., 0., 0., 0., 0., 0., 1., 0., 0., 0., 0., 1., 1., 1., 0., 1., 1.,
           0., 1.],
          [1., 0., 0., 0., 1., 1., 1., 1., 0., 0., 1., 1., 0., 1., 1., 1., 1.,
           1., 0.],
          [0., 1., 0., 0., 1., 1., 0., 0., 1., 1., 1., 0., 0., 0., 0., 0., 1.,
           0., 1.],
          [1., 0., 1., 1., 0., 1., 1., 1., 1., 0., 0., 1., 0., 1., 0., 1., 0.,
           0., 0.],
          [0., 1., 0., 1., 0., 1., 1., 0., 0., 0., 0., 0., 1., 1., 1., 0., 1.,
           1., 0.],
          [1., 1., 0., 0., 1., 1., 0., 1., 1., 0., 1., 1., 1., 0., 0., 0., 1.,
           1., 1.],
          [0., 0., 1., 0., 0., 1., 1., 0., 1., 0., 1., 0., 0., 1., 0., 0., 0.,
           0., 0.],
          [1., 0., 1., 1., 1., 1., 0., 1., 0., 0., 1., 1., 1., 0., 0., 0., 1.,
           1., 0.],
          [1., 0., 0., 1., 0., 1., 1., 0., 1., 1., 1., 1., 1., 1., 1., 1., 0.,
           1., 1.],
          [0., 0., 0., 0., 1., 1., 0., 1., 1., 1., 1., 0., 1., 1., 0., 1., 1.,
           0., 1.],
          [1., 0., 1., 1., 0., 1., 0., 0., 1., 0., 0., 0., 0., 0., 1., 0., 0.,
           1., 0.],
          [1., 1., 0., 0., 1., 0., 0., 0., 0., 1., 0., 0., 1., 0., 0., 0., 1.,
           1., 1.],
          [1., 1., 1., 0., 0., 1., 1., 0., 0., 1., 0., 0., 1., 0., 1., 0., 1.,
           0., 0.],
          [0., 1., 0., 0., 1., 0., 0., 1., 1., 1., 0., 1., 1., 0., 1., 0., 0.,
           1., 1.],
          [1., 0., 0., 0., 1., 1., 0., 1., 1., 0., 1., 0., 0., 0., 1., 1., 0.,
           1., 0.]]]], device='cuda:0'), tensor([[0.2575]], device='cuda:0'))
2026-01-08 17:09:33 - INFO - [ 8.3676064e-01 -2.0810470e-01 -8.9427154e-04  1.6468538e-02
 -8.9426595e-04  1.6468534e-02  9.9650002e-01 -2.8399063e-02]
2026-01-08 17:09:33 - INFO - (tensor([[[[1., 0., 0., 1., 0., 0., 1., 1., 0., 0., 1., 1., 0., 1., 1., 0., 0.,
           0., 1.],
          [1., 0., 1., 1., 0., 1., 0., 0., 1., 0., 0., 1., 0., 0., 0., 0., 0.,
           1., 0.],
          [0., 1., 0., 0., 0., 0., 0., 1., 0., 0., 1., 0., 0., 1., 1., 0., 0.,
           0., 0.],
          [1., 1., 0., 1., 0., 1., 1., 0., 1., 1., 0., 1., 0., 0., 1., 0., 0.,
           1., 1.],
          [1., 0., 0., 0., 0., 0., 1., 0., 0., 0., 0., 1., 1., 1., 0., 1., 1.,
           0., 1.],
          [1., 0., 0., 0., 1., 1., 1., 1., 0., 0., 1., 1., 0., 1., 1., 1., 1.,
           1., 0.],
          [0., 1., 0., 0., 1., 1., 0., 0., 1., 1., 1., 0., 0., 0., 0., 0., 1.,
           0., 1.],
          [1., 0., 1., 1., 0., 1., 1., 1., 1., 0., 0., 1., 0., 1., 0., 1., 0.,
           0., 0.],
          [0., 1., 0., 1., 0., 1., 1., 0., 0., 0., 0., 0., 1., 1., 1., 0., 1.,
           1., 0.],
          [1., 1., 0., 0., 1., 1., 0., 1., 1., 0., 1., 1., 1., 0., 0., 0., 1.,
           1., 1.],
          [0., 0., 1., 0., 0., 1., 1., 0., 1., 0., 1., 0., 0., 1., 0., 0., 0.,
           0., 0.],
          [1., 0., 1., 1., 1., 1., 0., 1., 0., 0., 1., 1., 1., 0., 0., 0., 1.,
           1., 0.],
          [1., 0., 0., 1., 0., 1., 1., 0., 1., 1., 1., 1., 1., 1., 1., 1., 0.,
           1., 1.],
          [0., 0., 0., 0., 1., 1., 0., 1., 1., 1., 1., 0., 1., 1., 0., 1., 1.,
           0., 1.],
          [1., 0., 1., 1., 0., 1., 0., 0., 1., 0., 0., 0., 0., 0., 1., 0., 0.,
           1., 0.],
          [1., 1., 0., 0., 1., 0., 0., 0., 0., 1., 0., 0., 1., 0., 0., 0., 1.,
           1., 1.],
          [1., 1., 1., 0., 0., 1., 1., 0., 0., 1., 0., 0., 1., 0., 1., 0., 1.,
           0., 0.],
          [0., 1., 0., 0., 1., 0., 0., 1., 1., 1., 0., 1., 1., 0., 1., 0., 0.,
           1., 1.],
          [1., 0., 0., 0., 1., 1., 0., 1., 1., 0., 1., 0., 0., 0., 1., 1., 0.,
           1., 0.]]]], device='cuda:0'), tensor([[0.2609]], device='cuda:0'))
2026-01-08 17:09:33 - INFO - [ 8.3605254e-01 -2.0934390e-01 -8.4015803e-04  1.6687915e-02
 -8.4015989e-04  1.6687915e-02  9.9644214e-01 -2.8548677e-02]
2026-01-08 17:09:33 - INFO - (tensor([[[[1., 0., 0., 1., 0., 0., 1., 1., 0., 0., 1., 1., 0., 1., 1., 0., 0.,
           0., 1.],
          [1., 0., 1., 1., 0., 1., 0., 0., 1., 0., 0., 1., 0., 0., 0., 0., 0.,
           1., 0.],
          [0., 1., 0., 0., 0., 0., 0., 1., 0., 0., 1., 0., 0., 1., 1., 0., 0.,
           0., 0.],
          [1., 1., 0., 1., 0., 1., 1., 0., 1., 1., 0., 1., 0., 0., 1., 0., 0.,
           1., 1.],
          [1., 0., 0., 0., 0., 0., 1., 0., 0., 0., 0., 1., 1., 1., 0., 1., 1.,
           0., 1.],
          [1., 0., 0., 0., 1., 1., 1., 1., 0., 0., 1., 1., 0., 1., 1., 1., 1.,
           1., 0.],
          [0., 1., 0., 0., 1., 1., 0., 0., 1., 1., 1., 0., 0., 0., 0., 0., 1.,
           0., 1.],
          [1., 0., 1., 1., 0., 1., 1., 1., 1., 0., 0., 1., 0., 1., 0., 1., 0.,
           0., 0.],
          [0., 1., 0., 1., 0., 1., 1., 0., 0., 0., 0., 0., 1., 1., 1., 0., 1.,
           1., 0.],
          [1., 1., 0., 0., 1., 1., 0., 1., 1., 0., 1., 1., 1., 0., 0., 0., 1.,
           1., 1.],
          [0., 0., 1., 0., 0., 1., 1., 0., 1., 0., 1., 0., 0., 1., 0., 0., 0.,
           0., 0.],
          [1., 0., 1., 1., 1., 1., 0., 1., 0., 0., 1., 1., 1., 0., 0., 0., 1.,
           1., 0.],
          [1., 0., 0., 1., 0., 1., 1., 0., 1., 1., 1., 1., 1., 1., 1., 1., 0.,
           1., 1.],
          [0., 0., 0., 0., 1., 1., 0., 1., 1., 1., 1., 0., 1., 1., 0., 1., 1.,
           0., 1.],
          [1., 0., 1., 1., 0., 1., 0., 0., 1., 0., 0., 0., 0., 0., 1., 0., 0.,
           1., 0.],
          [1., 1., 0., 0., 1., 0., 0., 0., 0., 1., 0., 0., 1., 0., 0., 0., 1.,
           1., 1.],
          [1., 1., 1., 0., 0., 1., 1., 0., 0., 1., 0., 0., 1., 0., 1., 0., 1.,
           0., 0.],
          [0., 1., 0., 0., 1., 0., 0., 1., 1., 1., 0., 1., 1., 0., 1., 0., 0.,
           1., 1.],
          [1., 0., 0., 0., 1., 1., 0., 1., 1., 0., 1., 0., 0., 0., 1., 1., 0.,
           1., 0.]]]], device='cuda:0'), tensor([[0.2642]], device='cuda:0'))
2026-01-08 17:09:33 - INFO - [ 8.3543223e-01 -2.1041004e-01 -7.9393463e-04  1.6880399e-02
 -7.9393276e-04  1.6880399e-02  9.9640757e-01 -2.8796641e-02]
2026-01-08 17:09:33 - INFO - (tensor([[[[1., 0., 0., 1., 0., 0., 1., 1., 0., 0., 1., 1., 0., 1., 1., 0., 0.,
           0., 1.],
          [1., 0., 1., 1., 0., 1., 0., 0., 1., 0., 0., 1., 0., 0., 0., 0., 0.,
           1., 0.],
          [0., 1., 0., 0., 0., 0., 0., 1., 0., 0., 1., 0., 0., 1., 1., 0., 0.,
           0., 0.],
          [1., 1., 0., 1., 0., 1., 1., 0., 1., 1., 0., 1., 0., 0., 1., 0., 0.,
           1., 1.],
          [1., 0., 0., 0., 0., 0., 1., 0., 0., 0., 0., 1., 1., 1., 0., 1., 1.,
           0., 1.],
          [1., 0., 0., 0., 1., 1., 1., 1., 0., 0., 1., 1., 0., 1., 1., 1., 1.,
           1., 0.],
          [0., 1., 0., 0., 1., 1., 0., 0., 1., 1., 1., 0., 0., 0., 0., 0., 1.,
           0., 1.],
          [1., 0., 1., 1., 0., 1., 1., 1., 1., 0., 0., 1., 0., 1., 0., 1., 0.,
           0., 0.],
          [0., 1., 0., 1., 0., 1., 1., 0., 0., 0., 0., 0., 1., 1., 1., 0., 1.,
           1., 0.],
          [1., 1., 0., 0., 1., 1., 0., 1., 1., 0., 1., 1., 1., 0., 0., 0., 1.,
           1., 1.],
          [0., 0., 1., 0., 0., 1., 1., 0., 1., 0., 1., 0., 0., 1., 0., 0., 0.,
           0., 0.],
          [1., 0., 1., 1., 1., 1., 0., 1., 0., 0., 1., 1., 1., 0., 0., 0., 1.,
           1., 0.],
          [1., 0., 0., 1., 0., 1., 1., 0., 1., 1., 1., 1., 1., 1., 1., 1., 0.,
           1., 1.],
          [0., 0., 0., 0., 1., 1., 0., 1., 1., 1., 1., 0., 1., 1., 0., 1., 1.,
           0., 1.],
          [1., 0., 1., 1., 0., 1., 0., 0., 1., 0., 0., 0., 0., 0., 1., 0., 0.,
           1., 0.],
          [1., 1., 0., 0., 1., 0., 0., 0., 0., 1., 0., 0., 1., 0., 0., 0., 1.,
           1., 1.],
          [1., 1., 1., 0., 0., 1., 1., 0., 0., 1., 0., 0., 1., 0., 1., 0., 1.,
           0., 0.],
          [0., 1., 0., 0., 1., 0., 0., 1., 1., 1., 0., 1., 1., 0., 1., 0., 0.,
           1., 1.],
          [1., 0., 0., 0., 1., 1., 0., 1., 1., 0., 1., 0., 0., 0., 1., 1., 0.,
           1., 0.]]]], device='cuda:0'), tensor([[0.2676]], device='cuda:0'))
2026-01-08 17:09:33 - INFO - [ 8.3481336e-01 -2.1145627e-01 -7.4668683e-04  1.7072743e-02
 -7.4668124e-04  1.7072750e-02  9.9637347e-01 -2.9044373e-02]
2026-01-08 17:09:33 - INFO - (tensor([[[[1., 0., 0., 1., 0., 0., 1., 1., 0., 0., 1., 1., 0., 1., 1., 0., 0.,
           0., 1.],
          [1., 0., 1., 1., 0., 1., 0., 0., 1., 0., 0., 1., 0., 0., 0., 0., 0.,
           1., 0.],
          [0., 1., 0., 0., 0., 0., 0., 1., 0., 0., 1., 0., 0., 1., 1., 0., 0.,
           0., 0.],
          [1., 1., 0., 1., 0., 1., 1., 0., 1., 1., 0., 1., 0., 0., 1., 0., 0.,
           1., 1.],
          [1., 0., 0., 0., 0., 0., 1., 0., 0., 0., 0., 1., 1., 1., 0., 1., 1.,
           0., 1.],
          [1., 0., 0., 0., 1., 1., 1., 1., 0., 0., 1., 1., 0., 1., 1., 1., 1.,
           1., 0.],
          [0., 1., 0., 0., 1., 1., 0., 0., 1., 1., 1., 0., 0., 0., 0., 0., 1.,
           0., 1.],
          [1., 0., 1., 1., 0., 1., 1., 1., 1., 0., 0., 1., 0., 1., 0., 1., 0.,
           0., 0.],
          [0., 1., 0., 1., 0., 1., 1., 0., 0., 0., 0., 0., 1., 1., 1., 0., 1.,
           1., 0.],
          [1., 1., 0., 0., 1., 1., 0., 1., 1., 0., 1., 1., 1., 0., 0., 0., 1.,
           1., 1.],
          [0., 0., 1., 0., 0., 1., 1., 0., 1., 0., 1., 0., 0., 1., 0., 0., 0.,
           0., 0.],
          [1., 0., 1., 1., 1., 1., 0., 1., 0., 0., 1., 1., 1., 0., 0., 0., 1.,
           1., 0.],
          [1., 0., 0., 1., 0., 1., 1., 0., 1., 1., 1., 1., 1., 1., 1., 1., 0.,
           1., 1.],
          [0., 0., 0., 0., 1., 1., 0., 1., 1., 1., 1., 0., 1., 1., 0., 1., 1.,
           0., 1.],
          [1., 0., 1., 1., 0., 1., 0., 0., 1., 0., 0., 0., 0., 0., 1., 0., 0.,
           1., 0.],
          [1., 1., 0., 0., 1., 0., 0., 0., 0., 1., 0., 0., 1., 0., 0., 0., 1.,
           1., 1.],
          [1., 1., 1., 0., 0., 1., 1., 0., 0., 1., 0., 0., 1., 0., 1., 0., 1.,
           0., 0.],
          [0., 1., 0., 0., 1., 0., 0., 1., 1., 1., 0., 1., 1., 0., 1., 0., 0.,
           1., 1.],
          [1., 0., 0., 0., 1., 1., 0., 1., 1., 0., 1., 0., 0., 0., 1., 1., 0.,
           1., 0.]]]], device='cuda:0'), tensor([[0.2709]], device='cuda:0'))
2026-01-08 17:09:33 - INFO - [ 8.3418542e-01 -2.1252082e-01 -6.9739006e-04  1.7269507e-02
 -6.9738820e-04  1.7269507e-02  9.9633408e-01 -2.9304076e-02]
2026-01-08 17:09:33 - INFO - (tensor([[[[1., 0., 0., 1., 0., 0., 1., 1., 0., 0., 1., 1., 0., 1., 1., 0., 0.,
           0., 1.],
          [1., 0., 1., 1., 0., 1., 0., 0., 1., 0., 0., 1., 0., 0., 0., 0., 0.,
           1., 0.],
          [0., 1., 0., 0., 0., 0., 0., 1., 0., 0., 1., 0., 0., 1., 1., 0., 0.,
           0., 0.],
          [1., 1., 0., 1., 0., 1., 1., 0., 1., 1., 0., 1., 0., 0., 1., 0., 0.,
           1., 1.],
          [1., 0., 0., 0., 0., 0., 1., 0., 0., 0., 0., 1., 1., 1., 0., 1., 1.,
           0., 1.],
          [1., 0., 0., 0., 1., 1., 1., 1., 0., 0., 1., 1., 0., 1., 1., 1., 1.,
           1., 0.],
          [0., 1., 0., 0., 1., 1., 0., 0., 1., 1., 1., 0., 0., 0., 0., 0., 1.,
           0., 1.],
          [1., 0., 1., 1., 0., 1., 1., 1., 1., 0., 0., 1., 0., 1., 0., 1., 0.,
           0., 0.],
          [0., 1., 0., 1., 0., 1., 1., 0., 0., 0., 0., 0., 1., 1., 1., 0., 1.,
           1., 0.],
          [1., 1., 0., 0., 1., 1., 0., 1., 1., 0., 1., 1., 1., 0., 0., 0., 1.,
           1., 1.],
          [0., 0., 1., 0., 0., 1., 1., 0., 1., 0., 1., 0., 0., 1., 0., 0., 0.,
           0., 0.],
          [1., 0., 1., 1., 1., 1., 0., 1., 0., 0., 1., 1., 1., 0., 0., 0., 1.,
           1., 0.],
          [1., 0., 0., 1., 0., 1., 1., 0., 1., 1., 1., 1., 1., 1., 1., 1., 0.,
           1., 1.],
          [0., 0., 0., 0., 1., 1., 0., 1., 1., 1., 1., 0., 1., 1., 0., 1., 1.,
           0., 1.],
          [1., 0., 1., 1., 0., 1., 0., 0., 1., 0., 0., 0., 0., 0., 1., 0., 0.,
           1., 0.],
          [1., 1., 0., 0., 1., 0., 0., 0., 0., 1., 0., 0., 1., 0., 0., 0., 1.,
           1., 1.],
          [1., 1., 1., 0., 0., 1., 1., 0., 0., 1., 0., 0., 1., 0., 1., 0., 1.,
           0., 0.],
          [0., 1., 0., 0., 1., 0., 0., 1., 1., 1., 0., 1., 1., 0., 1., 0., 0.,
           1., 1.],
          [1., 0., 0., 0., 1., 1., 0., 1., 1., 0., 1., 0., 0., 0., 1., 1., 0.,
           1., 0.]]]], device='cuda:0'), tensor([[0.2742]], device='cuda:0'))
2026-01-08 17:09:33 - INFO - [ 8.3355176e-01 -2.1361732e-01 -6.4381666e-04  1.7473729e-02
 -6.4381480e-04  1.7473729e-02  9.9629039e-01 -2.9574269e-02]
2026-01-08 17:09:33 - INFO - (tensor([[[[1., 0., 0., 1., 0., 0., 1., 1., 0., 0., 1., 1., 0., 1., 1., 0., 0.,
           0., 1.],
          [1., 0., 1., 1., 0., 1., 0., 0., 1., 0., 0., 1., 0., 0., 0., 0., 0.,
           1., 0.],
          [0., 1., 0., 0., 0., 0., 0., 1., 0., 0., 1., 0., 0., 1., 1., 0., 0.,
           0., 0.],
          [1., 1., 0., 1., 0., 1., 1., 0., 1., 1., 0., 1., 0., 0., 1., 0., 0.,
           1., 1.],
          [1., 0., 0., 0., 0., 0., 1., 0., 0., 0., 0., 1., 1., 1., 0., 1., 1.,
           0., 1.],
          [1., 0., 0., 0., 1., 1., 1., 1., 0., 0., 1., 1., 0., 1., 1., 1., 1.,
           1., 0.],
          [0., 1., 0., 0., 1., 1., 0., 0., 1., 1., 1., 0., 0., 0., 0., 0., 1.,
           0., 1.],
          [1., 0., 1., 1., 0., 1., 1., 1., 1., 0., 0., 1., 0., 1., 0., 1., 0.,
           0., 0.],
          [0., 1., 0., 1., 0., 1., 1., 0., 0., 0., 0., 0., 1., 1., 1., 0., 1.,
           1., 0.],
          [1., 1., 0., 0., 1., 1., 0., 1., 1., 0., 1., 1., 1., 0., 0., 0., 1.,
           1., 1.],
          [0., 0., 1., 0., 0., 1., 1., 0., 1., 0., 1., 0., 0., 1., 0., 0., 0.,
           0., 0.],
          [1., 0., 1., 1., 1., 1., 0., 1., 0., 0., 1., 1., 1., 0., 0., 0., 1.,
           1., 0.],
          [1., 0., 0., 1., 0., 1., 1., 0., 1., 1., 1., 1., 1., 1., 1., 1., 0.,
           1., 1.],
          [0., 0., 0., 0., 1., 1., 0., 1., 1., 1., 1., 0., 1., 1., 0., 1., 1.,
           0., 1.],
          [1., 0., 1., 1., 0., 1., 0., 0., 1., 0., 0., 0., 0., 0., 1., 0., 0.,
           1., 0.],
          [1., 1., 0., 0., 1., 0., 0., 0., 0., 1., 0., 0., 1., 0., 0., 0., 1.,
           1., 1.],
          [1., 1., 1., 0., 0., 1., 1., 0., 0., 1., 0., 0., 1., 0., 1., 0., 1.,
           0., 0.],
          [0., 1., 0., 0., 1., 0., 0., 1., 1., 1., 0., 1., 1., 0., 1., 0., 0.,
           1., 1.],
          [1., 0., 0., 0., 1., 1., 0., 1., 1., 0., 1., 0., 0., 0., 1., 1., 0.,
           1., 0.]]]], device='cuda:0'), tensor([[0.2776]], device='cuda:0'))
2026-01-08 17:09:33 - INFO - [ 8.3292305e-01 -2.1472117e-01 -5.8969943e-04  1.7680662e-02
 -5.8970501e-04  1.7680665e-02  9.9624598e-01 -2.9847166e-02]
2026-01-08 17:09:33 - INFO - (tensor([[[[1., 0., 0., 1., 0., 0., 1., 1., 0., 0., 1., 1., 0., 1., 1., 0., 0.,
           0., 1.],
          [1., 0., 1., 1., 0., 1., 0., 0., 1., 0., 0., 1., 0., 0., 0., 0., 0.,
           1., 0.],
          [0., 1., 0., 0., 0., 0., 0., 1., 0., 0., 1., 0., 0., 1., 1., 0., 0.,
           0., 0.],
          [1., 1., 0., 1., 0., 1., 1., 0., 1., 1., 0., 1., 0., 0., 1., 0., 0.,
           1., 1.],
          [1., 0., 0., 0., 0., 0., 1., 0., 0., 0., 0., 1., 1., 1., 0., 1., 1.,
           0., 1.],
          [1., 0., 0., 0., 1., 1., 1., 1., 0., 0., 1., 1., 0., 1., 1., 1., 1.,
           1., 0.],
          [0., 1., 0., 0., 1., 1., 0., 0., 1., 1., 1., 0., 0., 0., 0., 0., 1.,
           0., 1.],
          [1., 0., 1., 1., 0., 1., 1., 1., 1., 0., 0., 1., 0., 1., 0., 1., 0.,
           0., 0.],
          [0., 1., 0., 1., 0., 1., 1., 0., 0., 0., 0., 0., 1., 1., 1., 0., 1.,
           1., 0.],
          [1., 1., 0., 0., 1., 1., 0., 1., 1., 0., 1., 1., 1., 0., 0., 0., 1.,
           1., 1.],
          [0., 0., 1., 0., 0., 1., 1., 0., 1., 0., 1., 0., 0., 1., 0., 0., 0.,
           0., 0.],
          [1., 0., 1., 1., 1., 1., 0., 1., 0., 0., 1., 1., 1., 0., 0., 0., 1.,
           1., 0.],
          [1., 0., 0., 1., 0., 1., 1., 0., 1., 1., 1., 1., 1., 1., 1., 1., 0.,
           1., 1.],
          [0., 0., 0., 0., 1., 1., 0., 1., 1., 1., 1., 0., 1., 1., 0., 1., 1.,
           0., 1.],
          [1., 0., 1., 1., 0., 1., 0., 0., 1., 0., 0., 0., 0., 0., 1., 0., 0.,
           1., 0.],
          [1., 1., 0., 0., 1., 0., 0., 0., 0., 1., 0., 0., 1., 0., 0., 0., 1.,
           1., 1.],
          [1., 1., 1., 0., 0., 1., 1., 0., 0., 1., 0., 0., 1., 0., 1., 0., 1.,
           0., 0.],
          [0., 1., 0., 0., 1., 0., 0., 1., 1., 1., 0., 1., 1., 0., 1., 0., 0.,
           1., 1.],
          [1., 0., 0., 0., 1., 1., 0., 1., 1., 0., 1., 0., 0., 0., 1., 1., 0.,
           1., 0.]]]], device='cuda:0'), tensor([[0.2809]], device='cuda:0'))
2026-01-08 17:09:33 - INFO - [ 8.3233237e-01 -2.1582773e-01 -5.1328627e-04  1.7930601e-02
 -5.1328813e-04  1.7930605e-02  9.9620277e-01 -3.0104442e-02]
2026-01-08 17:09:33 - INFO - (tensor([[[[1., 0., 0., 1., 0., 0., 1., 1., 0., 0., 1., 1., 0., 1., 1., 0., 0.,
           0., 1.],
          [1., 0., 1., 1., 0., 1., 0., 0., 1., 0., 0., 1., 0., 0., 0., 0., 0.,
           1., 0.],
          [0., 1., 0., 0., 0., 0., 0., 1., 0., 0., 1., 0., 0., 1., 1., 0., 0.,
           0., 0.],
          [1., 1., 0., 1., 0., 1., 1., 0., 1., 1., 0., 1., 0., 0., 1., 0., 0.,
           1., 1.],
          [1., 0., 0., 0., 0., 0., 1., 0., 0., 0., 0., 1., 1., 1., 0., 1., 1.,
           0., 1.],
          [1., 0., 0., 0., 1., 1., 1., 1., 0., 0., 1., 1., 0., 1., 1., 1., 1.,
           1., 0.],
          [0., 1., 0., 0., 1., 1., 0., 0., 1., 1., 1., 0., 0., 0., 0., 0., 1.,
           0., 1.],
          [1., 0., 1., 1., 0., 1., 1., 1., 1., 0., 0., 1., 0., 1., 0., 1., 0.,
           0., 0.],
          [0., 1., 0., 1., 0., 1., 1., 0., 0., 0., 0., 0., 1., 1., 1., 0., 1.,
           1., 0.],
          [1., 1., 0., 0., 1., 1., 0., 1., 1., 0., 1., 1., 1., 0., 0., 0., 1.,
           1., 1.],
          [0., 0., 1., 0., 0., 1., 1., 0., 1., 0., 1., 0., 0., 1., 0., 0., 0.,
           0., 0.],
          [1., 0., 1., 1., 1., 1., 0., 1., 0., 0., 1., 1., 1., 0., 0., 0., 1.,
           1., 0.],
          [1., 0., 0., 1., 0., 1., 1., 0., 1., 1., 1., 1., 1., 1., 1., 1., 0.,
           1., 1.],
          [0., 0., 0., 0., 1., 1., 0., 1., 1., 1., 1., 0., 1., 1., 0., 1., 1.,
           0., 1.],
          [1., 0., 1., 1., 0., 1., 0., 0., 1., 0., 0., 0., 0., 0., 1., 0., 0.,
           1., 0.],
          [1., 1., 0., 0., 1., 0., 0., 0., 0., 1., 0., 0., 1., 0., 0., 0., 1.,
           1., 1.],
          [1., 1., 1., 0., 0., 1., 1., 0., 0., 1., 0., 0., 1., 0., 1., 0., 1.,
           0., 0.],
          [0., 1., 0., 0., 1., 0., 0., 1., 1., 1., 0., 1., 1., 0., 1., 0., 0.,
           1., 1.],
          [1., 0., 0., 0., 1., 1., 0., 1., 1., 0., 1., 0., 0., 0., 1., 1., 0.,
           1., 0.]]]], device='cuda:0'), tensor([[0.2843]], device='cuda:0'))
2026-01-08 17:09:33 - INFO - [ 8.3177853e-01 -2.1694508e-01 -4.0972696e-04  1.8228360e-02
 -4.0973254e-04  1.8228352e-02  9.9616253e-01 -3.0337689e-02]
2026-01-08 17:09:33 - INFO - (tensor([[[[1., 0., 0., 1., 0., 0., 1., 1., 0., 0., 1., 1., 0., 1., 1., 0., 0.,
           0., 1.],
          [1., 0., 1., 1., 0., 1., 0., 0., 1., 0., 0., 1., 0., 0., 0., 0., 0.,
           1., 0.],
          [0., 1., 0., 0., 0., 0., 0., 1., 0., 0., 1., 0., 0., 1., 1., 0., 0.,
           0., 0.],
          [1., 1., 0., 1., 0., 1., 1., 0., 1., 1., 0., 1., 0., 0., 1., 0., 0.,
           1., 1.],
          [1., 0., 0., 0., 0., 0., 1., 0., 0., 0., 0., 1., 1., 1., 0., 1., 1.,
           0., 1.],
          [1., 0., 0., 0., 1., 1., 1., 1., 0., 0., 1., 1., 0., 1., 1., 1., 1.,
           1., 0.],
          [0., 1., 0., 0., 1., 1., 0., 0., 1., 1., 1., 0., 0., 0., 0., 0., 1.,
           0., 1.],
          [1., 0., 1., 1., 0., 1., 1., 1., 1., 0., 0., 1., 0., 1., 0., 1., 0.,
           0., 0.],
          [0., 1., 0., 1., 0., 1., 1., 0., 0., 0., 0., 0., 1., 1., 1., 0., 1.,
           1., 0.],
          [1., 1., 0., 0., 1., 1., 0., 1., 1., 0., 1., 1., 1., 0., 0., 0., 1.,
           1., 1.],
          [0., 0., 1., 0., 0., 1., 1., 0., 1., 0., 1., 0., 0., 1., 0., 0., 0.,
           0., 0.],
          [1., 0., 1., 1., 1., 1., 0., 1., 0., 0., 1., 1., 1., 0., 0., 0., 1.,
           1., 0.],
          [1., 0., 0., 1., 0., 1., 1., 0., 1., 1., 1., 1., 1., 1., 1., 1., 0.,
           1., 1.],
          [0., 0., 0., 0., 1., 1., 0., 1., 1., 1., 1., 0., 1., 1., 0., 1., 1.,
           0., 1.],
          [1., 0., 1., 1., 0., 1., 0., 0., 1., 0., 0., 0., 0., 0., 1., 0., 0.,
           1., 0.],
          [1., 1., 0., 0., 1., 0., 0., 0., 0., 1., 0., 0., 1., 0., 0., 0., 1.,
           1., 1.],
          [1., 1., 1., 0., 0., 1., 1., 0., 0., 1., 0., 0., 1., 0., 1., 0., 1.,
           0., 0.],
          [0., 1., 0., 0., 1., 0., 0., 1., 1., 1., 0., 1., 1., 0., 1., 0., 0.,
           1., 1.],
          [1., 0., 0., 0., 1., 1., 0., 1., 1., 0., 1., 0., 0., 0., 1., 1., 0.,
           1., 0.]]]], device='cuda:0'), tensor([[0.2876]], device='cuda:0'))
2026-01-08 17:09:33 - INFO - [ 8.3118927e-01 -2.1811761e-01 -3.0241255e-04  1.8543268e-02
 -3.0240323e-04  1.8543264e-02  9.9611437e-01 -3.0608585e-02]
2026-01-08 17:09:33 - INFO - (tensor([[[[1., 0., 0., 1., 0., 0., 1., 1., 0., 0., 1., 1., 0., 1., 1., 0., 0.,
           0., 1.],
          [1., 0., 1., 1., 0., 1., 0., 0., 1., 0., 0., 1., 0., 0., 0., 0., 0.,
           1., 0.],
          [0., 1., 0., 0., 0., 0., 0., 1., 0., 0., 1., 0., 0., 1., 1., 0., 0.,
           0., 0.],
          [1., 1., 0., 1., 0., 1., 1., 0., 1., 1., 0., 1., 0., 0., 1., 0., 0.,
           1., 1.],
          [1., 0., 0., 0., 0., 0., 1., 0., 0., 0., 0., 1., 1., 1., 0., 1., 1.,
           0., 1.],
          [1., 0., 0., 0., 1., 1., 1., 1., 0., 0., 1., 1., 0., 1., 1., 1., 1.,
           1., 0.],
          [0., 1., 0., 0., 1., 1., 0., 0., 1., 1., 1., 0., 0., 0., 0., 0., 1.,
           0., 1.],
          [1., 0., 1., 1., 0., 1., 1., 1., 1., 0., 0., 1., 0., 1., 0., 1., 0.,
           0., 0.],
          [0., 1., 0., 1., 0., 1., 1., 0., 0., 0., 0., 0., 1., 1., 1., 0., 1.,
           1., 0.],
          [1., 1., 0., 0., 1., 1., 0., 1., 1., 0., 1., 1., 1., 0., 0., 0., 1.,
           1., 1.],
          [0., 0., 1., 0., 0., 1., 1., 0., 1., 0., 1., 0., 0., 1., 0., 0., 0.,
           0., 0.],
          [1., 0., 1., 1., 1., 1., 0., 1., 0., 0., 1., 1., 1., 0., 0., 0., 1.,
           1., 0.],
          [1., 0., 0., 1., 0., 1., 1., 0., 1., 1., 1., 1., 1., 1., 1., 1., 0.,
           1., 1.],
          [0., 0., 0., 0., 1., 1., 0., 1., 1., 1., 1., 0., 1., 1., 0., 1., 1.,
           0., 1.],
          [1., 0., 1., 1., 0., 1., 0., 0., 1., 0., 0., 0., 0., 0., 1., 0., 0.,
           1., 0.],
          [1., 1., 0., 0., 1., 0., 0., 0., 0., 1., 0., 0., 1., 0., 0., 0., 1.,
           1., 1.],
          [1., 1., 1., 0., 0., 1., 1., 0., 0., 1., 0., 0., 1., 0., 1., 0., 1.,
           0., 0.],
          [0., 1., 0., 0., 1., 0., 0., 1., 1., 1., 0., 1., 1., 0., 1., 0., 0.,
           1., 1.],
          [1., 0., 0., 0., 1., 1., 0., 1., 1., 0., 1., 0., 0., 0., 1., 1., 0.,
           1., 0.]]]], device='cuda:0'), tensor([[0.2910]], device='cuda:0'))
2026-01-08 17:09:33 - INFO - [ 8.3002639e-01 -2.2026975e-01 -1.5119929e-04  1.9019494e-02
 -1.5119743e-04  1.9019483e-02  9.9601132e-01 -3.1037947e-02]
2026-01-08 17:09:33 - INFO - (tensor([[[[1., 0., 0., 1., 0., 0., 1., 1., 0., 0., 1., 1., 0., 1., 1., 0., 0.,
           0., 1.],
          [1., 0., 1., 1., 0., 1., 0., 0., 1., 0., 0., 1., 0., 0., 0., 0., 0.,
           1., 0.],
          [0., 1., 0., 0., 0., 0., 0., 1., 0., 0., 1., 0., 0., 1., 1., 0., 0.,
           0., 0.],
          [1., 1., 0., 1., 0., 1., 1., 0., 1., 1., 0., 1., 0., 0., 1., 0., 0.,
           1., 1.],
          [1., 0., 0., 0., 0., 0., 1., 0., 0., 0., 0., 1., 1., 1., 0., 1., 1.,
           0., 1.],
          [1., 0., 0., 0., 1., 1., 1., 1., 0., 0., 1., 1., 0., 1., 1., 1., 1.,
           1., 0.],
          [0., 1., 0., 0., 1., 1., 0., 0., 1., 1., 1., 0., 0., 0., 0., 0., 1.,
           0., 1.],
          [1., 0., 1., 1., 0., 1., 1., 1., 1., 0., 0., 1., 0., 1., 0., 1., 0.,
           0., 0.],
          [0., 1., 0., 1., 0., 1., 1., 0., 0., 0., 0., 0., 1., 1., 1., 0., 1.,
           1., 0.],
          [1., 1., 0., 0., 1., 1., 0., 1., 1., 0., 1., 1., 1., 0., 0., 0., 1.,
           1., 1.],
          [0., 0., 1., 0., 0., 1., 1., 0., 1., 0., 1., 0., 0., 1., 0., 0., 0.,
           0., 0.],
          [1., 0., 1., 1., 1., 1., 0., 1., 0., 0., 1., 1., 1., 0., 0., 0., 1.,
           1., 0.],
          [1., 0., 0., 1., 0., 1., 1., 0., 1., 1., 1., 1., 1., 1., 1., 1., 0.,
           1., 1.],
          [0., 0., 0., 0., 1., 1., 0., 1., 1., 1., 1., 0., 1., 1., 0., 1., 1.,
           0., 1.],
          [1., 0., 1., 1., 0., 1., 0., 0., 1., 0., 0., 0., 0., 0., 1., 0., 0.,
           1., 0.],
          [1., 1., 0., 0., 1., 0., 0., 0., 0., 1., 0., 0., 1., 0., 0., 0., 1.,
           1., 1.],
          [1., 1., 1., 0., 0., 1., 1., 0., 0., 1., 0., 0., 1., 0., 1., 0., 1.,
           0., 0.],
          [0., 1., 0., 0., 1., 0., 0., 1., 1., 1., 0., 1., 1., 0., 1., 0., 0.,
           1., 1.],
          [1., 0., 0., 0., 1., 1., 0., 1., 1., 0., 1., 0., 0., 0., 1., 1., 0.,
           1., 0.]]]], device='cuda:0'), tensor([[0.2943]], device='cuda:0'))
2026-01-08 17:09:33 - INFO - [ 8.2898426e-01 -2.2213529e-01 -1.7461367e-05  1.9433964e-02
 -1.7459504e-05  1.9433964e-02  9.9592304e-01 -3.1390321e-02]
2026-01-08 17:09:33 - INFO - (tensor([[[[1., 0., 0., 1., 0., 0., 1., 1., 0., 0., 1., 1., 0., 1., 1., 0., 0.,
           0., 1.],
          [1., 0., 1., 1., 0., 1., 0., 0., 1., 0., 0., 1., 0., 0., 0., 0., 0.,
           1., 0.],
          [0., 1., 0., 0., 0., 0., 0., 1., 0., 0., 1., 0., 0., 1., 1., 0., 0.,
           0., 0.],
          [1., 1., 0., 1., 0., 1., 1., 0., 1., 1., 0., 1., 0., 0., 1., 0., 0.,
           1., 1.],
          [1., 0., 0., 0., 0., 0., 1., 0., 0., 0., 0., 1., 1., 1., 0., 1., 1.,
           0., 1.],
          [1., 0., 0., 0., 1., 1., 1., 1., 0., 0., 1., 1., 0., 1., 1., 1., 1.,
           1., 0.],
          [0., 1., 0., 0., 1., 1., 0., 0., 1., 1., 1., 0., 0., 0., 0., 0., 1.,
           0., 1.],
          [1., 0., 1., 1., 0., 1., 1., 1., 1., 0., 0., 1., 0., 1., 0., 1., 0.,
           0., 0.],
          [0., 1., 0., 1., 0., 1., 1., 0., 0., 0., 0., 0., 1., 1., 1., 0., 1.,
           1., 0.],
          [1., 1., 0., 0., 1., 1., 0., 1., 1., 0., 1., 1., 1., 0., 0., 0., 1.,
           1., 1.],
          [0., 0., 1., 0., 0., 1., 1., 0., 1., 0., 1., 0., 0., 1., 0., 0., 0.,
           0., 0.],
          [1., 0., 1., 1., 1., 1., 0., 1., 0., 0., 1., 1., 1., 0., 0., 0., 1.,
           1., 0.],
          [1., 0., 0., 1., 0., 1., 1., 0., 1., 1., 1., 1., 1., 1., 1., 1., 0.,
           1., 1.],
          [0., 0., 0., 0., 1., 1., 0., 1., 1., 1., 1., 0., 1., 1., 0., 1., 1.,
           0., 1.],
          [1., 0., 1., 1., 0., 1., 0., 0., 1., 0., 0., 0., 0., 0., 1., 0., 0.,
           1., 0.],
          [1., 1., 0., 0., 1., 0., 0., 0., 0., 1., 0., 0., 1., 0., 0., 0., 1.,
           1., 1.],
          [1., 1., 1., 0., 0., 1., 1., 0., 0., 1., 0., 0., 1., 0., 1., 0., 1.,
           0., 0.],
          [0., 1., 0., 0., 1., 0., 0., 1., 1., 1., 0., 1., 1., 0., 1., 0., 0.,
           1., 1.],
          [1., 0., 0., 0., 1., 1., 0., 1., 1., 0., 1., 0., 0., 0., 1., 1., 0.,
           1., 0.]]]], device='cuda:0'), tensor([[0.2977]], device='cuda:0'))
2026-01-08 17:09:33 - INFO - [ 8.2820284e-01 -2.2341134e-01  8.1657432e-05  1.9723328e-02
  8.1655569e-05  1.9723328e-02  9.9587244e-01 -3.1572878e-02]
2026-01-08 17:09:33 - INFO - (tensor([[[[1., 0., 0., 1., 0., 0., 1., 1., 0., 0., 1., 1., 0., 1., 1., 0., 0.,
           0., 1.],
          [1., 0., 1., 1., 0., 1., 0., 0., 1., 0., 0., 1., 0., 0., 0., 0., 0.,
           1., 0.],
          [0., 1., 0., 0., 0., 0., 0., 1., 0., 0., 1., 0., 0., 1., 1., 0., 0.,
           0., 0.],
          [1., 1., 0., 1., 0., 1., 1., 0., 1., 1., 0., 1., 0., 0., 1., 0., 0.,
           1., 1.],
          [1., 0., 0., 0., 0., 0., 1., 0., 0., 0., 0., 1., 1., 1., 0., 1., 1.,
           0., 1.],
          [1., 0., 0., 0., 1., 1., 1., 1., 0., 0., 1., 1., 0., 1., 1., 1., 1.,
           1., 0.],
          [0., 1., 0., 0., 1., 1., 0., 0., 1., 1., 1., 0., 0., 0., 0., 0., 1.,
           0., 1.],
          [1., 0., 1., 1., 0., 1., 1., 1., 1., 0., 0., 1., 0., 1., 0., 1., 0.,
           0., 0.],
          [0., 1., 0., 1., 0., 1., 1., 0., 0., 0., 0., 0., 1., 1., 1., 0., 1.,
           1., 0.],
          [1., 1., 0., 0., 1., 1., 0., 1., 1., 0., 1., 1., 1., 0., 0., 0., 1.,
           1., 1.],
          [0., 0., 1., 0., 0., 1., 1., 0., 1., 0., 1., 0., 0., 1., 0., 0., 0.,
           0., 0.],
          [1., 0., 1., 1., 1., 1., 0., 1., 0., 0., 1., 1., 1., 0., 0., 0., 1.,
           1., 0.],
          [1., 0., 0., 1., 0., 1., 1., 0., 1., 1., 1., 1., 1., 1., 1., 1., 0.,
           1., 1.],
          [0., 0., 0., 0., 1., 1., 0., 1., 1., 1., 1., 0., 1., 1., 0., 1., 1.,
           0., 1.],
          [1., 0., 1., 1., 0., 1., 0., 0., 1., 0., 0., 0., 0., 0., 1., 0., 0.,
           1., 0.],
          [1., 1., 0., 0., 1., 0., 0., 0., 0., 1., 0., 0., 1., 0., 0., 0., 1.,
           1., 1.],
          [1., 1., 1., 0., 0., 1., 1., 0., 0., 1., 0., 0., 1., 0., 1., 0., 1.,
           0., 0.],
          [0., 1., 0., 0., 1., 0., 0., 1., 1., 1., 0., 1., 1., 0., 1., 0., 0.,
           1., 1.],
          [1., 0., 0., 0., 1., 1., 0., 1., 1., 0., 1., 0., 0., 0., 1., 1., 0.,
           1., 0.]]]], device='cuda:0'), tensor([[0.3010]], device='cuda:0'))
2026-01-08 17:09:33 - INFO - [ 8.2741678e-01 -2.2468694e-01  1.8078741e-04  2.0012921e-02
  1.8078927e-04  2.0012917e-02  9.9582094e-01 -3.1756010e-02]
2026-01-08 17:09:33 - INFO - (tensor([[[[1., 0., 0., 1., 0., 0., 1., 1., 0., 0., 1., 1., 0., 1., 1., 0., 0.,
           0., 1.],
          [1., 0., 1., 1., 0., 1., 0., 0., 1., 0., 0., 1., 0., 0., 0., 0., 0.,
           1., 0.],
          [0., 1., 0., 0., 0., 0., 0., 1., 0., 0., 1., 0., 0., 1., 1., 0., 0.,
           0., 0.],
          [1., 1., 0., 1., 0., 1., 1., 0., 1., 1., 0., 1., 0., 0., 1., 0., 0.,
           1., 1.],
          [1., 0., 0., 0., 0., 0., 1., 0., 0., 0., 0., 1., 1., 1., 0., 1., 1.,
           0., 1.],
          [1., 0., 0., 0., 1., 1., 1., 1., 0., 0., 1., 1., 0., 1., 1., 1., 1.,
           1., 0.],
          [0., 1., 0., 0., 1., 1., 0., 0., 1., 1., 1., 0., 0., 0., 0., 0., 1.,
           0., 1.],
          [1., 0., 1., 1., 0., 1., 1., 1., 1., 0., 0., 1., 0., 1., 0., 1., 0.,
           0., 0.],
          [0., 1., 0., 1., 0., 1., 1., 0., 0., 0., 0., 0., 1., 1., 1., 0., 1.,
           1., 0.],
          [1., 1., 0., 0., 1., 1., 0., 1., 1., 0., 1., 1., 1., 0., 0., 0., 1.,
           1., 1.],
          [0., 0., 1., 0., 0., 1., 1., 0., 1., 0., 1., 0., 0., 1., 0., 0., 0.,
           0., 0.],
          [1., 0., 1., 1., 1., 1., 0., 1., 0., 0., 1., 1., 1., 0., 0., 0., 1.,
           1., 0.],
          [1., 0., 0., 1., 0., 1., 1., 0., 1., 1., 1., 1., 1., 1., 1., 1., 0.,
           1., 1.],
          [0., 0., 0., 0., 1., 1., 0., 1., 1., 1., 1., 0., 1., 1., 0., 1., 1.,
           0., 1.],
          [1., 0., 1., 1., 0., 1., 0., 0., 1., 0., 0., 0., 0., 0., 1., 0., 0.,
           1., 0.],
          [1., 1., 0., 0., 1., 0., 0., 0., 0., 1., 0., 0., 1., 0., 0., 0., 1.,
           1., 1.],
          [1., 1., 1., 0., 0., 1., 1., 0., 0., 1., 0., 0., 1., 0., 1., 0., 1.,
           0., 0.],
          [0., 1., 0., 0., 1., 0., 0., 1., 1., 1., 0., 1., 1., 0., 1., 0., 0.,
           1., 1.],
          [1., 0., 0., 0., 1., 1., 0., 1., 1., 0., 1., 0., 0., 0., 1., 1., 0.,
           1., 0.]]]], device='cuda:0'), tensor([[0.3043]], device='cuda:0'))
2026-01-08 17:09:33 - INFO - [ 8.2662743e-01 -2.2595835e-01  2.7954113e-04  2.0301405e-02
  2.7954299e-04  2.0301409e-02  9.9576926e-01 -3.1937174e-02]
2026-01-08 17:09:33 - INFO - (tensor([[[[1., 0., 0., 1., 0., 0., 1., 1., 0., 0., 1., 1., 0., 1., 1., 0., 0.,
           0., 1.],
          [1., 0., 1., 1., 0., 1., 0., 0., 1., 0., 0., 1., 0., 0., 0., 0., 0.,
           1., 0.],
          [0., 1., 0., 0., 0., 0., 0., 1., 0., 0., 1., 0., 0., 1., 1., 0., 0.,
           0., 0.],
          [1., 1., 0., 1., 0., 1., 1., 0., 1., 1., 0., 1., 0., 0., 1., 0., 0.,
           1., 1.],
          [1., 0., 0., 0., 0., 0., 1., 0., 0., 0., 0., 1., 1., 1., 0., 1., 1.,
           0., 1.],
          [1., 0., 0., 0., 1., 1., 1., 1., 0., 0., 1., 1., 0., 1., 1., 1., 1.,
           1., 0.],
          [0., 1., 0., 0., 1., 1., 0., 0., 1., 1., 1., 0., 0., 0., 0., 0., 1.,
           0., 1.],
          [1., 0., 1., 1., 0., 1., 1., 1., 1., 0., 0., 1., 0., 1., 0., 1., 0.,
           0., 0.],
          [0., 1., 0., 1., 0., 1., 1., 0., 0., 0., 0., 0., 1., 1., 1., 0., 1.,
           1., 0.],
          [1., 1., 0., 0., 1., 1., 0., 1., 1., 0., 1., 1., 1., 0., 0., 0., 1.,
           1., 1.],
          [0., 0., 1., 0., 0., 1., 1., 0., 1., 0., 1., 0., 0., 1., 0., 0., 0.,
           0., 0.],
          [1., 0., 1., 1., 1., 1., 0., 1., 0., 0., 1., 1., 1., 0., 0., 0., 1.,
           1., 0.],
          [1., 0., 0., 1., 0., 1., 1., 0., 1., 1., 1., 1., 1., 1., 1., 1., 0.,
           1., 1.],
          [0., 0., 0., 0., 1., 1., 0., 1., 1., 1., 1., 0., 1., 1., 0., 1., 1.,
           0., 1.],
          [1., 0., 1., 1., 0., 1., 0., 0., 1., 0., 0., 0., 0., 0., 1., 0., 0.,
           1., 0.],
          [1., 1., 0., 0., 1., 0., 0., 0., 0., 1., 0., 0., 1., 0., 0., 0., 1.,
           1., 1.],
          [1., 1., 1., 0., 0., 1., 1., 0., 0., 1., 0., 0., 1., 0., 1., 0., 1.,
           0., 0.],
          [0., 1., 0., 0., 1., 0., 0., 1., 1., 1., 0., 1., 1., 0., 1., 0., 0.,
           1., 1.],
          [1., 0., 0., 0., 1., 1., 0., 1., 1., 0., 1., 0., 0., 0., 1., 1., 0.,
           1., 0.]]]], device='cuda:0'), tensor([[0.3077]], device='cuda:0'))
2026-01-08 17:09:33 - INFO - [ 8.2583463e-01 -2.2722770e-01  3.7812346e-04  2.0589795e-02
  3.7812159e-04  2.0589795e-02  9.9571711e-01 -3.2118082e-02]
2026-01-08 17:09:33 - INFO - (tensor([[[[1., 0., 0., 1., 0., 0., 1., 1., 0., 0., 1., 1., 0., 1., 1., 0., 0.,
           0., 1.],
          [1., 0., 1., 1., 0., 1., 0., 0., 1., 0., 0., 1., 0., 0., 0., 0., 0.,
           1., 0.],
          [0., 1., 0., 0., 0., 0., 0., 1., 0., 0., 1., 0., 0., 1., 1., 0., 0.,
           0., 0.],
          [1., 1., 0., 1., 0., 1., 1., 0., 1., 1., 0., 1., 0., 0., 1., 0., 0.,
           1., 1.],
          [1., 0., 0., 0., 0., 0., 1., 0., 0., 0., 0., 1., 1., 1., 0., 1., 1.,
           0., 1.],
          [1., 0., 0., 0., 1., 1., 1., 1., 0., 0., 1., 1., 0., 1., 1., 1., 1.,
           1., 0.],
          [0., 1., 0., 0., 1., 1., 0., 0., 1., 1., 1., 0., 0., 0., 0., 0., 1.,
           0., 1.],
          [1., 0., 1., 1., 0., 1., 1., 1., 1., 0., 0., 1., 0., 1., 0., 1., 0.,
           0., 0.],
          [0., 1., 0., 1., 0., 1., 1., 0., 0., 0., 0., 0., 1., 1., 1., 0., 1.,
           1., 0.],
          [1., 1., 0., 0., 1., 1., 0., 1., 1., 0., 1., 1., 1., 0., 0., 0., 1.,
           1., 1.],
          [0., 0., 1., 0., 0., 1., 1., 0., 1., 0., 1., 0., 0., 1., 0., 0., 0.,
           0., 0.],
          [1., 0., 1., 1., 1., 1., 0., 1., 0., 0., 1., 1., 1., 0., 0., 0., 1.,
           1., 0.],
          [1., 0., 0., 1., 0., 1., 1., 0., 1., 1., 1., 1., 1., 1., 1., 1., 0.,
           1., 1.],
          [0., 0., 0., 0., 1., 1., 0., 1., 1., 1., 1., 0., 1., 1., 0., 1., 1.,
           0., 1.],
          [1., 0., 1., 1., 0., 1., 0., 0., 1., 0., 0., 0., 0., 0., 1., 0., 0.,
           1., 0.],
          [1., 1., 0., 0., 1., 0., 0., 0., 0., 1., 0., 0., 1., 0., 0., 0., 1.,
           1., 1.],
          [1., 1., 1., 0., 0., 1., 1., 0., 0., 1., 0., 0., 1., 0., 1., 0., 1.,
           0., 0.],
          [0., 1., 0., 0., 1., 0., 0., 1., 1., 1., 0., 1., 1., 0., 1., 0., 0.,
           1., 1.],
          [1., 0., 0., 0., 1., 1., 0., 1., 1., 0., 1., 0., 0., 0., 1., 1., 0.,
           1., 0.]]]], device='cuda:0'), tensor([[0.3110]], device='cuda:0'))
2026-01-08 17:09:33 - INFO - [ 8.2504433e-01 -2.2848645e-01  4.7597566e-04  2.0876097e-02
  4.7598124e-04  2.0876100e-02  9.9566489e-01 -3.2297287e-02]
2026-01-08 17:09:33 - INFO - (tensor([[[[1., 0., 0., 1., 0., 0., 1., 1., 0., 0., 1., 1., 0., 1., 1., 0., 0.,
           0., 1.],
          [1., 0., 1., 1., 0., 1., 0., 0., 1., 0., 0., 1., 0., 0., 0., 0., 0.,
           1., 0.],
          [0., 1., 0., 0., 0., 0., 0., 1., 0., 0., 1., 0., 0., 1., 1., 0., 0.,
           0., 0.],
          [1., 1., 0., 1., 0., 1., 1., 0., 1., 1., 0., 1., 0., 0., 1., 0., 0.,
           1., 1.],
          [1., 0., 0., 0., 0., 0., 1., 0., 0., 0., 0., 1., 1., 1., 0., 1., 1.,
           0., 1.],
          [1., 0., 0., 0., 1., 1., 1., 1., 0., 0., 1., 1., 0., 1., 1., 1., 1.,
           1., 0.],
          [0., 1., 0., 0., 1., 1., 0., 0., 1., 1., 1., 0., 0., 0., 0., 0., 1.,
           0., 1.],
          [1., 0., 1., 1., 0., 1., 1., 1., 1., 0., 0., 1., 0., 1., 0., 1., 0.,
           0., 0.],
          [0., 1., 0., 1., 0., 1., 1., 0., 0., 0., 0., 0., 1., 1., 1., 0., 1.,
           1., 0.],
          [1., 1., 0., 0., 1., 1., 0., 1., 1., 0., 1., 1., 1., 0., 0., 0., 1.,
           1., 1.],
          [0., 0., 1., 0., 0., 1., 1., 0., 1., 0., 1., 0., 0., 1., 0., 0., 0.,
           0., 0.],
          [1., 0., 1., 1., 1., 1., 0., 1., 0., 0., 1., 1., 1., 0., 0., 0., 1.,
           1., 0.],
          [1., 0., 0., 1., 0., 1., 1., 0., 1., 1., 1., 1., 1., 1., 1., 1., 0.,
           1., 1.],
          [0., 0., 0., 0., 1., 1., 0., 1., 1., 1., 1., 0., 1., 1., 0., 1., 1.,
           0., 1.],
          [1., 0., 1., 1., 0., 1., 0., 0., 1., 0., 0., 0., 0., 0., 1., 0., 0.,
           1., 0.],
          [1., 1., 0., 0., 1., 0., 0., 0., 0., 1., 0., 0., 1., 0., 0., 0., 1.,
           1., 1.],
          [1., 1., 1., 0., 0., 1., 1., 0., 0., 1., 0., 0., 1., 0., 1., 0., 1.,
           0., 0.],
          [0., 1., 0., 0., 1., 0., 0., 1., 1., 1., 0., 1., 1., 0., 1., 0., 0.,
           1., 1.],
          [1., 0., 0., 0., 1., 1., 0., 1., 1., 0., 1., 0., 0., 0., 1., 1., 0.,
           1., 0.]]]], device='cuda:0'), tensor([[0.3144]], device='cuda:0'))
2026-01-08 17:09:33 - INFO - [ 8.2430011e-01 -2.2966827e-01  5.6807598e-04  2.1148248e-02
  5.6808529e-04  2.1148248e-02  9.9561703e-01 -3.2462332e-02]
2026-01-08 17:09:33 - INFO - (tensor([[[[1., 0., 0., 1., 0., 0., 1., 1., 0., 0., 1., 1., 0., 1., 1., 0., 0.,
           0., 1.],
          [1., 0., 1., 1., 0., 1., 0., 0., 1., 0., 0., 1., 0., 0., 0., 0., 0.,
           1., 0.],
          [0., 1., 0., 0., 0., 0., 0., 1., 0., 0., 1., 0., 0., 1., 1., 0., 0.,
           0., 0.],
          [1., 1., 0., 1., 0., 1., 1., 0., 1., 1., 0., 1., 0., 0., 1., 0., 0.,
           1., 1.],
          [1., 0., 0., 0., 0., 0., 1., 0., 0., 0., 0., 1., 1., 1., 0., 1., 1.,
           0., 1.],
          [1., 0., 0., 0., 1., 1., 1., 1., 0., 0., 1., 1., 0., 1., 1., 1., 1.,
           1., 0.],
          [0., 1., 0., 0., 1., 1., 0., 0., 1., 1., 1., 0., 0., 0., 0., 0., 1.,
           0., 1.],
          [1., 0., 1., 1., 0., 1., 1., 1., 1., 0., 0., 1., 0., 1., 0., 1., 0.,
           0., 0.],
          [0., 1., 0., 1., 0., 1., 1., 0., 0., 0., 0., 0., 1., 1., 1., 0., 1.,
           1., 0.],
          [1., 1., 0., 0., 1., 1., 0., 1., 1., 0., 1., 1., 1., 0., 0., 0., 1.,
           1., 1.],
          [0., 0., 1., 0., 0., 1., 1., 0., 1., 0., 1., 0., 0., 1., 0., 0., 0.,
           0., 0.],
          [1., 0., 1., 1., 1., 1., 0., 1., 0., 0., 1., 1., 1., 0., 0., 0., 1.,
           1., 0.],
          [1., 0., 0., 1., 0., 1., 1., 0., 1., 1., 1., 1., 1., 1., 1., 1., 0.,
           1., 1.],
          [0., 0., 0., 0., 1., 1., 0., 1., 1., 1., 1., 0., 1., 1., 0., 1., 1.,
           0., 1.],
          [1., 0., 1., 1., 0., 1., 0., 0., 1., 0., 0., 0., 0., 0., 1., 0., 0.,
           1., 0.],
          [1., 1., 0., 0., 1., 0., 0., 0., 0., 1., 0., 0., 1., 0., 0., 0., 1.,
           1., 1.],
          [1., 1., 1., 0., 0., 1., 1., 0., 0., 1., 0., 0., 1., 0., 1., 0., 1.,
           0., 0.],
          [0., 1., 0., 0., 1., 0., 0., 1., 1., 1., 0., 1., 1., 0., 1., 0., 0.,
           1., 1.],
          [1., 0., 0., 0., 1., 1., 0., 1., 1., 0., 1., 0., 0., 0., 1., 1., 0.,
           1., 0.]]]], device='cuda:0'), tensor([[0.3177]], device='cuda:0'))
2026-01-08 17:09:33 - INFO - [ 8.2344824e-01 -2.3118675e-01  6.6796585e-04  2.1432232e-02
  6.6797144e-04  2.1432225e-02  9.9556965e-01 -3.2812115e-02]
2026-01-08 17:09:33 - INFO - (tensor([[[[1., 0., 0., 1., 0., 0., 1., 1., 0., 0., 1., 1., 0., 1., 1., 0., 0.,
           0., 1.],
          [1., 0., 1., 1., 0., 1., 0., 0., 1., 0., 0., 1., 0., 0., 0., 0., 0.,
           1., 0.],
          [0., 1., 0., 0., 0., 0., 0., 1., 0., 0., 1., 0., 0., 1., 1., 0., 0.,
           0., 0.],
          [1., 1., 0., 1., 0., 1., 1., 0., 1., 1., 0., 1., 0., 0., 1., 0., 0.,
           1., 1.],
          [1., 0., 0., 0., 0., 0., 1., 0., 0., 0., 0., 1., 1., 1., 0., 1., 1.,
           0., 1.],
          [1., 0., 0., 0., 1., 1., 1., 1., 0., 0., 1., 1., 0., 1., 1., 1., 1.,
           1., 0.],
          [0., 1., 0., 0., 1., 1., 0., 0., 1., 1., 1., 0., 0., 0., 0., 0., 1.,
           0., 1.],
          [1., 0., 1., 1., 0., 1., 1., 1., 1., 0., 0., 1., 0., 1., 0., 1., 0.,
           0., 0.],
          [0., 1., 0., 1., 0., 1., 1., 0., 0., 0., 0., 0., 1., 1., 1., 0., 1.,
           1., 0.],
          [1., 1., 0., 0., 1., 1., 0., 1., 1., 0., 1., 1., 1., 0., 0., 0., 1.,
           1., 1.],
          [0., 0., 1., 0., 0., 1., 1., 0., 1., 0., 1., 0., 0., 1., 0., 0., 0.,
           0., 0.],
          [1., 0., 1., 1., 1., 1., 0., 1., 0., 0., 1., 1., 1., 0., 0., 0., 1.,
           1., 0.],
          [1., 0., 0., 1., 0., 1., 1., 0., 1., 1., 1., 1., 1., 1., 1., 1., 0.,
           1., 1.],
          [0., 0., 0., 0., 1., 1., 0., 1., 1., 1., 1., 0., 1., 1., 0., 1., 1.,
           0., 1.],
          [1., 0., 1., 1., 0., 1., 0., 0., 1., 0., 0., 0., 0., 0., 1., 0., 0.,
           1., 0.],
          [1., 1., 0., 0., 1., 0., 0., 0., 0., 1., 0., 0., 1., 0., 0., 0., 1.,
           1., 1.],
          [1., 1., 1., 0., 0., 1., 1., 0., 0., 1., 0., 0., 1., 0., 1., 0., 1.,
           0., 0.],
          [0., 1., 0., 0., 1., 0., 0., 1., 1., 1., 0., 1., 1., 0., 1., 0., 0.,
           1., 1.],
          [1., 0., 0., 0., 1., 1., 0., 1., 1., 0., 1., 0., 0., 0., 1., 1., 0.,
           1., 0.]]]], device='cuda:0'), tensor([[0.3211]], device='cuda:0'))
2026-01-08 17:09:33 - INFO - [ 8.2256806e-01 -2.3287544e-01  7.7335426e-04  2.1707280e-02
  7.7335612e-04  2.1707283e-02  9.9554324e-01 -3.3295374e-02]
2026-01-08 17:09:33 - INFO - (tensor([[[[1., 0., 0., 1., 0., 0., 1., 1., 0., 0., 1., 1., 0., 1., 1., 0., 0.,
           0., 1.],
          [1., 0., 1., 1., 0., 1., 0., 0., 1., 0., 0., 1., 0., 0., 0., 0., 0.,
           1., 0.],
          [0., 1., 0., 0., 0., 0., 0., 1., 0., 0., 1., 0., 0., 1., 1., 0., 0.,
           0., 0.],
          [1., 1., 0., 1., 0., 1., 1., 0., 1., 1., 0., 1., 0., 0., 1., 0., 0.,
           1., 1.],
          [1., 0., 0., 0., 0., 0., 1., 0., 0., 0., 0., 1., 1., 1., 0., 1., 1.,
           0., 1.],
          [1., 0., 0., 0., 1., 1., 1., 1., 0., 0., 1., 1., 0., 1., 1., 1., 1.,
           1., 0.],
          [0., 1., 0., 0., 1., 1., 0., 0., 1., 1., 1., 0., 0., 0., 0., 0., 1.,
           0., 1.],
          [1., 0., 1., 1., 0., 1., 1., 1., 1., 0., 0., 1., 0., 1., 0., 1., 0.,
           0., 0.],
          [0., 1., 0., 1., 0., 1., 1., 0., 0., 0., 0., 0., 1., 1., 1., 0., 1.,
           1., 0.],
          [1., 1., 0., 0., 1., 1., 0., 1., 1., 0., 1., 1., 1., 0., 0., 0., 1.,
           1., 1.],
          [0., 0., 1., 0., 0., 1., 1., 0., 1., 0., 1., 0., 0., 1., 0., 0., 0.,
           0., 0.],
          [1., 0., 1., 1., 1., 1., 0., 1., 0., 0., 1., 1., 1., 0., 0., 0., 1.,
           1., 0.],
          [1., 0., 0., 1., 0., 1., 1., 0., 1., 1., 1., 1., 1., 1., 1., 1., 0.,
           1., 1.],
          [0., 0., 0., 0., 1., 1., 0., 1., 1., 1., 1., 0., 1., 1., 0., 1., 1.,
           0., 1.],
          [1., 0., 1., 1., 0., 1., 0., 0., 1., 0., 0., 0., 0., 0., 1., 0., 0.,
           1., 0.],
          [1., 1., 0., 0., 1., 0., 0., 0., 0., 1., 0., 0., 1., 0., 0., 0., 1.,
           1., 1.],
          [1., 1., 1., 0., 0., 1., 1., 0., 0., 1., 0., 0., 1., 0., 1., 0., 1.,
           0., 0.],
          [0., 1., 0., 0., 1., 0., 0., 1., 1., 1., 0., 1., 1., 0., 1., 0., 0.,
           1., 1.],
          [1., 0., 0., 0., 1., 1., 0., 1., 1., 0., 1., 0., 0., 0., 1., 1., 0.,
           1., 0.]]]], device='cuda:0'), tensor([[0.3244]], device='cuda:0'))
2026-01-08 17:09:33 - INFO - [ 8.2173634e-01 -2.3447801e-01  8.7675336e-04  2.1966958e-02
  8.7675895e-04  2.1966962e-02  9.9553502e-01 -3.3751387e-02]
2026-01-08 17:09:33 - INFO - (tensor([[[[1., 0., 0., 1., 0., 0., 1., 1., 0., 0., 1., 1., 0., 1., 1., 0., 0.,
           0., 1.],
          [1., 0., 1., 1., 0., 1., 0., 0., 1., 0., 0., 1., 0., 0., 0., 0., 0.,
           1., 0.],
          [0., 1., 0., 0., 0., 0., 0., 1., 0., 0., 1., 0., 0., 1., 1., 0., 0.,
           0., 0.],
          [1., 1., 0., 1., 0., 1., 1., 0., 1., 1., 0., 1., 0., 0., 1., 0., 0.,
           1., 1.],
          [1., 0., 0., 0., 0., 0., 1., 0., 0., 0., 0., 1., 1., 1., 0., 1., 1.,
           0., 1.],
          [1., 0., 0., 0., 1., 1., 1., 1., 0., 0., 1., 1., 0., 1., 1., 1., 1.,
           1., 0.],
          [0., 1., 0., 0., 1., 1., 0., 0., 1., 1., 1., 0., 0., 0., 0., 0., 1.,
           0., 1.],
          [1., 0., 1., 1., 0., 1., 1., 1., 1., 0., 0., 1., 0., 1., 0., 1., 0.,
           0., 0.],
          [0., 1., 0., 1., 0., 1., 1., 0., 0., 0., 0., 0., 1., 1., 1., 0., 1.,
           1., 0.],
          [1., 1., 0., 0., 1., 1., 0., 1., 1., 0., 1., 1., 1., 0., 0., 0., 1.,
           1., 1.],
          [0., 0., 1., 0., 0., 1., 1., 0., 1., 0., 1., 0., 0., 1., 0., 0., 0.,
           0., 0.],
          [1., 0., 1., 1., 1., 1., 0., 1., 0., 0., 1., 1., 1., 0., 0., 0., 1.,
           1., 0.],
          [1., 0., 0., 1., 0., 1., 1., 0., 1., 1., 1., 1., 1., 1., 1., 1., 0.,
           1., 1.],
          [0., 0., 0., 0., 1., 1., 0., 1., 1., 1., 1., 0., 1., 1., 0., 1., 1.,
           0., 1.],
          [1., 0., 1., 1., 0., 1., 0., 0., 1., 0., 0., 0., 0., 0., 1., 0., 0.,
           1., 0.],
          [1., 1., 0., 0., 1., 0., 0., 0., 0., 1., 0., 0., 1., 0., 0., 0., 1.,
           1., 1.],
          [1., 1., 1., 0., 0., 1., 1., 0., 0., 1., 0., 0., 1., 0., 1., 0., 1.,
           0., 0.],
          [0., 1., 0., 0., 1., 0., 0., 1., 1., 1., 0., 1., 1., 0., 1., 0., 0.,
           1., 1.],
          [1., 0., 0., 0., 1., 1., 0., 1., 1., 0., 1., 0., 0., 0., 1., 1., 0.,
           1., 0.]]]], device='cuda:0'), tensor([[0.3278]], device='cuda:0'))
2026-01-08 17:09:33 - INFO - [ 8.2093090e-01 -2.3600410e-01  9.7488862e-04  2.2208905e-02
  9.7489794e-04  2.2208905e-02  9.9552697e-01 -3.4191065e-02]
2026-01-08 17:09:33 - INFO -   预测进度: 101/301
2026-01-08 17:09:33 - INFO - (tensor([[[[1., 0., 0., 1., 0., 0., 1., 1., 0., 0., 1., 1., 0., 1., 1., 0., 0.,
           0., 1.],
          [1., 0., 1., 1., 0., 1., 0., 0., 1., 0., 0., 1., 0., 0., 0., 0., 0.,
           1., 0.],
          [0., 1., 0., 0., 0., 0., 0., 1., 0., 0., 1., 0., 0., 1., 1., 0., 0.,
           0., 0.],
          [1., 1., 0., 1., 0., 1., 1., 0., 1., 1., 0., 1., 0., 0., 1., 0., 0.,
           1., 1.],
          [1., 0., 0., 0., 0., 0., 1., 0., 0., 0., 0., 1., 1., 1., 0., 1., 1.,
           0., 1.],
          [1., 0., 0., 0., 1., 1., 1., 1., 0., 0., 1., 1., 0., 1., 1., 1., 1.,
           1., 0.],
          [0., 1., 0., 0., 1., 1., 0., 0., 1., 1., 1., 0., 0., 0., 0., 0., 1.,
           0., 1.],
          [1., 0., 1., 1., 0., 1., 1., 1., 1., 0., 0., 1., 0., 1., 0., 1., 0.,
           0., 0.],
          [0., 1., 0., 1., 0., 1., 1., 0., 0., 0., 0., 0., 1., 1., 1., 0., 1.,
           1., 0.],
          [1., 1., 0., 0., 1., 1., 0., 1., 1., 0., 1., 1., 1., 0., 0., 0., 1.,
           1., 1.],
          [0., 0., 1., 0., 0., 1., 1., 0., 1., 0., 1., 0., 0., 1., 0., 0., 0.,
           0., 0.],
          [1., 0., 1., 1., 1., 1., 0., 1., 0., 0., 1., 1., 1., 0., 0., 0., 1.,
           1., 0.],
          [1., 0., 0., 1., 0., 1., 1., 0., 1., 1., 1., 1., 1., 1., 1., 1., 0.,
           1., 1.],
          [0., 0., 0., 0., 1., 1., 0., 1., 1., 1., 1., 0., 1., 1., 0., 1., 1.,
           0., 1.],
          [1., 0., 1., 1., 0., 1., 0., 0., 1., 0., 0., 0., 0., 0., 1., 0., 0.,
           1., 0.],
          [1., 1., 0., 0., 1., 0., 0., 0., 0., 1., 0., 0., 1., 0., 0., 0., 1.,
           1., 1.],
          [1., 1., 1., 0., 0., 1., 1., 0., 0., 1., 0., 0., 1., 0., 1., 0., 1.,
           0., 0.],
          [0., 1., 0., 0., 1., 0., 0., 1., 1., 1., 0., 1., 1., 0., 1., 0., 0.,
           1., 1.],
          [1., 0., 0., 0., 1., 1., 0., 1., 1., 0., 1., 0., 0., 0., 1., 1., 0.,
           1., 0.]]]], device='cuda:0'), tensor([[0.3311]], device='cuda:0'))
2026-01-08 17:09:33 - INFO - [ 0.8201873  -0.23743089  0.00106879  0.02244483  0.00106879  0.02244483
  0.99552    -0.0346198 ]
2026-01-08 17:09:33 - INFO - (tensor([[[[1., 0., 0., 1., 0., 0., 1., 1., 0., 0., 1., 1., 0., 1., 1., 0., 0.,
           0., 1.],
          [1., 0., 1., 1., 0., 1., 0., 0., 1., 0., 0., 1., 0., 0., 0., 0., 0.,
           1., 0.],
          [0., 1., 0., 0., 0., 0., 0., 1., 0., 0., 1., 0., 0., 1., 1., 0., 0.,
           0., 0.],
          [1., 1., 0., 1., 0., 1., 1., 0., 1., 1., 0., 1., 0., 0., 1., 0., 0.,
           1., 1.],
          [1., 0., 0., 0., 0., 0., 1., 0., 0., 0., 0., 1., 1., 1., 0., 1., 1.,
           0., 1.],
          [1., 0., 0., 0., 1., 1., 1., 1., 0., 0., 1., 1., 0., 1., 1., 1., 1.,
           1., 0.],
          [0., 1., 0., 0., 1., 1., 0., 0., 1., 1., 1., 0., 0., 0., 0., 0., 1.,
           0., 1.],
          [1., 0., 1., 1., 0., 1., 1., 1., 1., 0., 0., 1., 0., 1., 0., 1., 0.,
           0., 0.],
          [0., 1., 0., 1., 0., 1., 1., 0., 0., 0., 0., 0., 1., 1., 1., 0., 1.,
           1., 0.],
          [1., 1., 0., 0., 1., 1., 0., 1., 1., 0., 1., 1., 1., 0., 0., 0., 1.,
           1., 1.],
          [0., 0., 1., 0., 0., 1., 1., 0., 1., 0., 1., 0., 0., 1., 0., 0., 0.,
           0., 0.],
          [1., 0., 1., 1., 1., 1., 0., 1., 0., 0., 1., 1., 1., 0., 0., 0., 1.,
           1., 0.],
          [1., 0., 0., 1., 0., 1., 1., 0., 1., 1., 1., 1., 1., 1., 1., 1., 0.,
           1., 1.],
          [0., 0., 0., 0., 1., 1., 0., 1., 1., 1., 1., 0., 1., 1., 0., 1., 1.,
           0., 1.],
          [1., 0., 1., 1., 0., 1., 0., 0., 1., 0., 0., 0., 0., 0., 1., 0., 0.,
           1., 0.],
          [1., 1., 0., 0., 1., 0., 0., 0., 0., 1., 0., 0., 1., 0., 0., 0., 1.,
           1., 1.],
          [1., 1., 1., 0., 0., 1., 1., 0., 0., 1., 0., 0., 1., 0., 1., 0., 1.,
           0., 0.],
          [0., 1., 0., 0., 1., 0., 0., 1., 1., 1., 0., 1., 1., 0., 1., 0., 0.,
           1., 1.],
          [1., 0., 0., 0., 1., 1., 0., 1., 1., 0., 1., 0., 0., 0., 1., 1., 0.,
           1., 0.]]]], device='cuda:0'), tensor([[0.3344]], device='cuda:0'))
2026-01-08 17:09:33 - INFO - [ 0.81952137 -0.23870777  0.00115657  0.02266016  0.00115657  0.02266016
  0.9955176  -0.0349944 ]
2026-01-08 17:09:33 - INFO - (tensor([[[[1., 0., 0., 1., 0., 0., 1., 1., 0., 0., 1., 1., 0., 1., 1., 0., 0.,
           0., 1.],
          [1., 0., 1., 1., 0., 1., 0., 0., 1., 0., 0., 1., 0., 0., 0., 0., 0.,
           1., 0.],
          [0., 1., 0., 0., 0., 0., 0., 1., 0., 0., 1., 0., 0., 1., 1., 0., 0.,
           0., 0.],
          [1., 1., 0., 1., 0., 1., 1., 0., 1., 1., 0., 1., 0., 0., 1., 0., 0.,
           1., 1.],
          [1., 0., 0., 0., 0., 0., 1., 0., 0., 0., 0., 1., 1., 1., 0., 1., 1.,
           0., 1.],
          [1., 0., 0., 0., 1., 1., 1., 1., 0., 0., 1., 1., 0., 1., 1., 1., 1.,
           1., 0.],
          [0., 1., 0., 0., 1., 1., 0., 0., 1., 1., 1., 0., 0., 0., 0., 0., 1.,
           0., 1.],
          [1., 0., 1., 1., 0., 1., 1., 1., 1., 0., 0., 1., 0., 1., 0., 1., 0.,
           0., 0.],
          [0., 1., 0., 1., 0., 1., 1., 0., 0., 0., 0., 0., 1., 1., 1., 0., 1.,
           1., 0.],
          [1., 1., 0., 0., 1., 1., 0., 1., 1., 0., 1., 1., 1., 0., 0., 0., 1.,
           1., 1.],
          [0., 0., 1., 0., 0., 1., 1., 0., 1., 0., 1., 0., 0., 1., 0., 0., 0.,
           0., 0.],
          [1., 0., 1., 1., 1., 1., 0., 1., 0., 0., 1., 1., 1., 0., 0., 0., 1.,
           1., 0.],
          [1., 0., 0., 1., 0., 1., 1., 0., 1., 1., 1., 1., 1., 1., 1., 1., 0.,
           1., 1.],
          [0., 0., 0., 0., 1., 1., 0., 1., 1., 1., 1., 0., 1., 1., 0., 1., 1.,
           0., 1.],
          [1., 0., 1., 1., 0., 1., 0., 0., 1., 0., 0., 0., 0., 0., 1., 0., 0.,
           1., 0.],
          [1., 1., 0., 0., 1., 0., 0., 0., 0., 1., 0., 0., 1., 0., 0., 0., 1.,
           1., 1.],
          [1., 1., 1., 0., 0., 1., 1., 0., 0., 1., 0., 0., 1., 0., 1., 0., 1.,
           0., 0.],
          [0., 1., 0., 0., 1., 0., 0., 1., 1., 1., 0., 1., 1., 0., 1., 0., 0.,
           1., 1.],
          [1., 0., 0., 0., 1., 1., 0., 1., 1., 0., 1., 0., 0., 0., 1., 1., 0.,
           1., 0.]]]], device='cuda:0'), tensor([[0.3378]], device='cuda:0'))
2026-01-08 17:09:33 - INFO - [ 0.8188534  -0.2400147   0.00124511  0.02288244  0.00124511  0.02288244
  0.9955114  -0.03538434]
2026-01-08 17:09:33 - INFO - (tensor([[[[1., 0., 0., 1., 0., 0., 1., 1., 0., 0., 1., 1., 0., 1., 1., 0., 0.,
           0., 1.],
          [1., 0., 1., 1., 0., 1., 0., 0., 1., 0., 0., 1., 0., 0., 0., 0., 0.,
           1., 0.],
          [0., 1., 0., 0., 0., 0., 0., 1., 0., 0., 1., 0., 0., 1., 1., 0., 0.,
           0., 0.],
          [1., 1., 0., 1., 0., 1., 1., 0., 1., 1., 0., 1., 0., 0., 1., 0., 0.,
           1., 1.],
          [1., 0., 0., 0., 0., 0., 1., 0., 0., 0., 0., 1., 1., 1., 0., 1., 1.,
           0., 1.],
          [1., 0., 0., 0., 1., 1., 1., 1., 0., 0., 1., 1., 0., 1., 1., 1., 1.,
           1., 0.],
          [0., 1., 0., 0., 1., 1., 0., 0., 1., 1., 1., 0., 0., 0., 0., 0., 1.,
           0., 1.],
          [1., 0., 1., 1., 0., 1., 1., 1., 1., 0., 0., 1., 0., 1., 0., 1., 0.,
           0., 0.],
          [0., 1., 0., 1., 0., 1., 1., 0., 0., 0., 0., 0., 1., 1., 1., 0., 1.,
           1., 0.],
          [1., 1., 0., 0., 1., 1., 0., 1., 1., 0., 1., 1., 1., 0., 0., 0., 1.,
           1., 1.],
          [0., 0., 1., 0., 0., 1., 1., 0., 1., 0., 1., 0., 0., 1., 0., 0., 0.,
           0., 0.],
          [1., 0., 1., 1., 1., 1., 0., 1., 0., 0., 1., 1., 1., 0., 0., 0., 1.,
           1., 0.],
          [1., 0., 0., 1., 0., 1., 1., 0., 1., 1., 1., 1., 1., 1., 1., 1., 0.,
           1., 1.],
          [0., 0., 0., 0., 1., 1., 0., 1., 1., 1., 1., 0., 1., 1., 0., 1., 1.,
           0., 1.],
          [1., 0., 1., 1., 0., 1., 0., 0., 1., 0., 0., 0., 0., 0., 1., 0., 0.,
           1., 0.],
          [1., 1., 0., 0., 1., 0., 0., 0., 0., 1., 0., 0., 1., 0., 0., 0., 1.,
           1., 1.],
          [1., 1., 1., 0., 0., 1., 1., 0., 0., 1., 0., 0., 1., 0., 1., 0., 1.,
           0., 0.],
          [0., 1., 0., 0., 1., 0., 0., 1., 1., 1., 0., 1., 1., 0., 1., 0., 0.,
           1., 1.],
          [1., 0., 0., 0., 1., 1., 0., 1., 1., 0., 1., 0., 0., 0., 1., 1., 0.,
           1., 0.]]]], device='cuda:0'), tensor([[0.3411]], device='cuda:0'))
2026-01-08 17:09:33 - INFO - [ 0.81820333 -0.24130866  0.00133321  0.02310403  0.00133321  0.02310402
  0.9954996  -0.0357475 ]
2026-01-08 17:09:33 - INFO - (tensor([[[[1., 0., 0., 1., 0., 0., 1., 1., 0., 0., 1., 1., 0., 1., 1., 0., 0.,
           0., 1.],
          [1., 0., 1., 1., 0., 1., 0., 0., 1., 0., 0., 1., 0., 0., 0., 0., 0.,
           1., 0.],
          [0., 1., 0., 0., 0., 0., 0., 1., 0., 0., 1., 0., 0., 1., 1., 0., 0.,
           0., 0.],
          [1., 1., 0., 1., 0., 1., 1., 0., 1., 1., 0., 1., 0., 0., 1., 0., 0.,
           1., 1.],
          [1., 0., 0., 0., 0., 0., 1., 0., 0., 0., 0., 1., 1., 1., 0., 1., 1.,
           0., 1.],
          [1., 0., 0., 0., 1., 1., 1., 1., 0., 0., 1., 1., 0., 1., 1., 1., 1.,
           1., 0.],
          [0., 1., 0., 0., 1., 1., 0., 0., 1., 1., 1., 0., 0., 0., 0., 0., 1.,
           0., 1.],
          [1., 0., 1., 1., 0., 1., 1., 1., 1., 0., 0., 1., 0., 1., 0., 1., 0.,
           0., 0.],
          [0., 1., 0., 1., 0., 1., 1., 0., 0., 0., 0., 0., 1., 1., 1., 0., 1.,
           1., 0.],
          [1., 1., 0., 0., 1., 1., 0., 1., 1., 0., 1., 1., 1., 0., 0., 0., 1.,
           1., 1.],
          [0., 0., 1., 0., 0., 1., 1., 0., 1., 0., 1., 0., 0., 1., 0., 0., 0.,
           0., 0.],
          [1., 0., 1., 1., 1., 1., 0., 1., 0., 0., 1., 1., 1., 0., 0., 0., 1.,
           1., 0.],
          [1., 0., 0., 1., 0., 1., 1., 0., 1., 1., 1., 1., 1., 1., 1., 1., 0.,
           1., 1.],
          [0., 0., 0., 0., 1., 1., 0., 1., 1., 1., 1., 0., 1., 1., 0., 1., 1.,
           0., 1.],
          [1., 0., 1., 1., 0., 1., 0., 0., 1., 0., 0., 0., 0., 0., 1., 0., 0.,
           1., 0.],
          [1., 1., 0., 0., 1., 0., 0., 0., 0., 1., 0., 0., 1., 0., 0., 0., 1.,
           1., 1.],
          [1., 1., 1., 0., 0., 1., 1., 0., 0., 1., 0., 0., 1., 0., 1., 0., 1.,
           0., 0.],
          [0., 1., 0., 0., 1., 0., 0., 1., 1., 1., 0., 1., 1., 0., 1., 0., 0.,
           1., 1.],
          [1., 0., 0., 0., 1., 1., 0., 1., 1., 0., 1., 0., 0., 0., 1., 1., 0.,
           1., 0.]]]], device='cuda:0'), tensor([[0.3445]], device='cuda:0'))
2026-01-08 17:09:33 - INFO - [ 0.81741834 -0.24254215  0.00140704  0.02334596  0.00140704  0.02334596
  0.9954471  -0.03614317]
2026-01-08 17:09:33 - INFO - (tensor([[[[1., 0., 0., 1., 0., 0., 1., 1., 0., 0., 1., 1., 0., 1., 1., 0., 0.,
           0., 1.],
          [1., 0., 1., 1., 0., 1., 0., 0., 1., 0., 0., 1., 0., 0., 0., 0., 0.,
           1., 0.],
          [0., 1., 0., 0., 0., 0., 0., 1., 0., 0., 1., 0., 0., 1., 1., 0., 0.,
           0., 0.],
          [1., 1., 0., 1., 0., 1., 1., 0., 1., 1., 0., 1., 0., 0., 1., 0., 0.,
           1., 1.],
          [1., 0., 0., 0., 0., 0., 1., 0., 0., 0., 0., 1., 1., 1., 0., 1., 1.,
           0., 1.],
          [1., 0., 0., 0., 1., 1., 1., 1., 0., 0., 1., 1., 0., 1., 1., 1., 1.,
           1., 0.],
          [0., 1., 0., 0., 1., 1., 0., 0., 1., 1., 1., 0., 0., 0., 0., 0., 1.,
           0., 1.],
          [1., 0., 1., 1., 0., 1., 1., 1., 1., 0., 0., 1., 0., 1., 0., 1., 0.,
           0., 0.],
          [0., 1., 0., 1., 0., 1., 1., 0., 0., 0., 0., 0., 1., 1., 1., 0., 1.,
           1., 0.],
          [1., 1., 0., 0., 1., 1., 0., 1., 1., 0., 1., 1., 1., 0., 0., 0., 1.,
           1., 1.],
          [0., 0., 1., 0., 0., 1., 1., 0., 1., 0., 1., 0., 0., 1., 0., 0., 0.,
           0., 0.],
          [1., 0., 1., 1., 1., 1., 0., 1., 0., 0., 1., 1., 1., 0., 0., 0., 1.,
           1., 0.],
          [1., 0., 0., 1., 0., 1., 1., 0., 1., 1., 1., 1., 1., 1., 1., 1., 0.,
           1., 1.],
          [0., 0., 0., 0., 1., 1., 0., 1., 1., 1., 1., 0., 1., 1., 0., 1., 1.,
           0., 1.],
          [1., 0., 1., 1., 0., 1., 0., 0., 1., 0., 0., 0., 0., 0., 1., 0., 0.,
           1., 0.],
          [1., 1., 0., 0., 1., 0., 0., 0., 0., 1., 0., 0., 1., 0., 0., 0., 1.,
           1., 1.],
          [1., 1., 1., 0., 0., 1., 1., 0., 0., 1., 0., 0., 1., 0., 1., 0., 1.,
           0., 0.],
          [0., 1., 0., 0., 1., 0., 0., 1., 1., 1., 0., 1., 1., 0., 1., 0., 0.,
           1., 1.],
          [1., 0., 0., 0., 1., 1., 0., 1., 1., 0., 1., 0., 0., 0., 1., 1., 0.,
           1., 0.]]]], device='cuda:0'), tensor([[0.3478]], device='cuda:0'))
2026-01-08 17:09:33 - INFO - [ 0.81669945 -0.24353833  0.00144611  0.02350314  0.0014461   0.02350313
  0.99539506 -0.03640357]
2026-01-08 17:09:33 - INFO - (tensor([[[[1., 0., 0., 1., 0., 0., 1., 1., 0., 0., 1., 1., 0., 1., 1., 0., 0.,
           0., 1.],
          [1., 0., 1., 1., 0., 1., 0., 0., 1., 0., 0., 1., 0., 0., 0., 0., 0.,
           1., 0.],
          [0., 1., 0., 0., 0., 0., 0., 1., 0., 0., 1., 0., 0., 1., 1., 0., 0.,
           0., 0.],
          [1., 1., 0., 1., 0., 1., 1., 0., 1., 1., 0., 1., 0., 0., 1., 0., 0.,
           1., 1.],
          [1., 0., 0., 0., 0., 0., 1., 0., 0., 0., 0., 1., 1., 1., 0., 1., 1.,
           0., 1.],
          [1., 0., 0., 0., 1., 1., 1., 1., 0., 0., 1., 1., 0., 1., 1., 1., 1.,
           1., 0.],
          [0., 1., 0., 0., 1., 1., 0., 0., 1., 1., 1., 0., 0., 0., 0., 0., 1.,
           0., 1.],
          [1., 0., 1., 1., 0., 1., 1., 1., 1., 0., 0., 1., 0., 1., 0., 1., 0.,
           0., 0.],
          [0., 1., 0., 1., 0., 1., 1., 0., 0., 0., 0., 0., 1., 1., 1., 0., 1.,
           1., 0.],
          [1., 1., 0., 0., 1., 1., 0., 1., 1., 0., 1., 1., 1., 0., 0., 0., 1.,
           1., 1.],
          [0., 0., 1., 0., 0., 1., 1., 0., 1., 0., 1., 0., 0., 1., 0., 0., 0.,
           0., 0.],
          [1., 0., 1., 1., 1., 1., 0., 1., 0., 0., 1., 1., 1., 0., 0., 0., 1.,
           1., 0.],
          [1., 0., 0., 1., 0., 1., 1., 0., 1., 1., 1., 1., 1., 1., 1., 1., 0.,
           1., 1.],
          [0., 0., 0., 0., 1., 1., 0., 1., 1., 1., 1., 0., 1., 1., 0., 1., 1.,
           0., 1.],
          [1., 0., 1., 1., 0., 1., 0., 0., 1., 0., 0., 0., 0., 0., 1., 0., 0.,
           1., 0.],
          [1., 1., 0., 0., 1., 0., 0., 0., 0., 1., 0., 0., 1., 0., 0., 0., 1.,
           1., 1.],
          [1., 1., 1., 0., 0., 1., 1., 0., 0., 1., 0., 0., 1., 0., 1., 0., 1.,
           0., 0.],
          [0., 1., 0., 0., 1., 0., 0., 1., 1., 1., 0., 1., 1., 0., 1., 0., 0.,
           1., 1.],
          [1., 0., 0., 0., 1., 1., 0., 1., 1., 0., 1., 0., 0., 0., 1., 1., 0.,
           1., 0.]]]], device='cuda:0'), tensor([[0.3512]], device='cuda:0'))
2026-01-08 17:09:33 - INFO - [ 0.81600124 -0.24445587  0.00147335  0.02363627  0.00147336  0.02363626
  0.9953428  -0.03661909]
2026-01-08 17:09:33 - INFO - (tensor([[[[1., 0., 0., 1., 0., 0., 1., 1., 0., 0., 1., 1., 0., 1., 1., 0., 0.,
           0., 1.],
          [1., 0., 1., 1., 0., 1., 0., 0., 1., 0., 0., 1., 0., 0., 0., 0., 0.,
           1., 0.],
          [0., 1., 0., 0., 0., 0., 0., 1., 0., 0., 1., 0., 0., 1., 1., 0., 0.,
           0., 0.],
          [1., 1., 0., 1., 0., 1., 1., 0., 1., 1., 0., 1., 0., 0., 1., 0., 0.,
           1., 1.],
          [1., 0., 0., 0., 0., 0., 1., 0., 0., 0., 0., 1., 1., 1., 0., 1., 1.,
           0., 1.],
          [1., 0., 0., 0., 1., 1., 1., 1., 0., 0., 1., 1., 0., 1., 1., 1., 1.,
           1., 0.],
          [0., 1., 0., 0., 1., 1., 0., 0., 1., 1., 1., 0., 0., 0., 0., 0., 1.,
           0., 1.],
          [1., 0., 1., 1., 0., 1., 1., 1., 1., 0., 0., 1., 0., 1., 0., 1., 0.,
           0., 0.],
          [0., 1., 0., 1., 0., 1., 1., 0., 0., 0., 0., 0., 1., 1., 1., 0., 1.,
           1., 0.],
          [1., 1., 0., 0., 1., 1., 0., 1., 1., 0., 1., 1., 1., 0., 0., 0., 1.,
           1., 1.],
          [0., 0., 1., 0., 0., 1., 1., 0., 1., 0., 1., 0., 0., 1., 0., 0., 0.,
           0., 0.],
          [1., 0., 1., 1., 1., 1., 0., 1., 0., 0., 1., 1., 1., 0., 0., 0., 1.,
           1., 0.],
          [1., 0., 0., 1., 0., 1., 1., 0., 1., 1., 1., 1., 1., 1., 1., 1., 0.,
           1., 1.],
          [0., 0., 0., 0., 1., 1., 0., 1., 1., 1., 1., 0., 1., 1., 0., 1., 1.,
           0., 1.],
          [1., 0., 1., 1., 0., 1., 0., 0., 1., 0., 0., 0., 0., 0., 1., 0., 0.,
           1., 0.],
          [1., 1., 0., 0., 1., 0., 0., 0., 0., 1., 0., 0., 1., 0., 0., 0., 1.,
           1., 1.],
          [1., 1., 1., 0., 0., 1., 1., 0., 0., 1., 0., 0., 1., 0., 1., 0., 1.,
           0., 0.],
          [0., 1., 0., 0., 1., 0., 0., 1., 1., 1., 0., 1., 1., 0., 1., 0., 0.,
           1., 1.],
          [1., 0., 0., 0., 1., 1., 0., 1., 1., 0., 1., 0., 0., 0., 1., 1., 0.,
           1., 0.]]]], device='cuda:0'), tensor([[0.3545]], device='cuda:0'))
2026-01-08 17:09:33 - INFO - [ 0.8153026  -0.24542941  0.00150529  0.02377998  0.00150528  0.02377998
  0.99529064 -0.03682677]
2026-01-08 17:09:33 - INFO - (tensor([[[[1., 0., 0., 1., 0., 0., 1., 1., 0., 0., 1., 1., 0., 1., 1., 0., 0.,
           0., 1.],
          [1., 0., 1., 1., 0., 1., 0., 0., 1., 0., 0., 1., 0., 0., 0., 0., 0.,
           1., 0.],
          [0., 1., 0., 0., 0., 0., 0., 1., 0., 0., 1., 0., 0., 1., 1., 0., 0.,
           0., 0.],
          [1., 1., 0., 1., 0., 1., 1., 0., 1., 1., 0., 1., 0., 0., 1., 0., 0.,
           1., 1.],
          [1., 0., 0., 0., 0., 0., 1., 0., 0., 0., 0., 1., 1., 1., 0., 1., 1.,
           0., 1.],
          [1., 0., 0., 0., 1., 1., 1., 1., 0., 0., 1., 1., 0., 1., 1., 1., 1.,
           1., 0.],
          [0., 1., 0., 0., 1., 1., 0., 0., 1., 1., 1., 0., 0., 0., 0., 0., 1.,
           0., 1.],
          [1., 0., 1., 1., 0., 1., 1., 1., 1., 0., 0., 1., 0., 1., 0., 1., 0.,
           0., 0.],
          [0., 1., 0., 1., 0., 1., 1., 0., 0., 0., 0., 0., 1., 1., 1., 0., 1.,
           1., 0.],
          [1., 1., 0., 0., 1., 1., 0., 1., 1., 0., 1., 1., 1., 0., 0., 0., 1.,
           1., 1.],
          [0., 0., 1., 0., 0., 1., 1., 0., 1., 0., 1., 0., 0., 1., 0., 0., 0.,
           0., 0.],
          [1., 0., 1., 1., 1., 1., 0., 1., 0., 0., 1., 1., 1., 0., 0., 0., 1.,
           1., 0.],
          [1., 0., 0., 1., 0., 1., 1., 0., 1., 1., 1., 1., 1., 1., 1., 1., 0.,
           1., 1.],
          [0., 0., 0., 0., 1., 1., 0., 1., 1., 1., 1., 0., 1., 1., 0., 1., 1.,
           0., 1.],
          [1., 0., 1., 1., 0., 1., 0., 0., 1., 0., 0., 0., 0., 0., 1., 0., 0.,
           1., 0.],
          [1., 1., 0., 0., 1., 0., 0., 0., 0., 1., 0., 0., 1., 0., 0., 0., 1.,
           1., 1.],
          [1., 1., 1., 0., 0., 1., 1., 0., 0., 1., 0., 0., 1., 0., 1., 0., 1.,
           0., 0.],
          [0., 1., 0., 0., 1., 0., 0., 1., 1., 1., 0., 1., 1., 0., 1., 0., 0.,
           1., 1.],
          [1., 0., 0., 0., 1., 1., 0., 1., 1., 0., 1., 0., 0., 0., 1., 1., 0.,
           1., 0.]]]], device='cuda:0'), tensor([[0.3579]], device='cuda:0'))
2026-01-08 17:09:33 - INFO - [ 0.81460994 -0.24657404  0.00154474  0.02396893  0.00154474  0.02396893
  0.9952455  -0.03721747]
2026-01-08 17:09:33 - INFO - (tensor([[[[1., 0., 0., 1., 0., 0., 1., 1., 0., 0., 1., 1., 0., 1., 1., 0., 0.,
           0., 1.],
          [1., 0., 1., 1., 0., 1., 0., 0., 1., 0., 0., 1., 0., 0., 0., 0., 0.,
           1., 0.],
          [0., 1., 0., 0., 0., 0., 0., 1., 0., 0., 1., 0., 0., 1., 1., 0., 0.,
           0., 0.],
          [1., 1., 0., 1., 0., 1., 1., 0., 1., 1., 0., 1., 0., 0., 1., 0., 0.,
           1., 1.],
          [1., 0., 0., 0., 0., 0., 1., 0., 0., 0., 0., 1., 1., 1., 0., 1., 1.,
           0., 1.],
          [1., 0., 0., 0., 1., 1., 1., 1., 0., 0., 1., 1., 0., 1., 1., 1., 1.,
           1., 0.],
          [0., 1., 0., 0., 1., 1., 0., 0., 1., 1., 1., 0., 0., 0., 0., 0., 1.,
           0., 1.],
          [1., 0., 1., 1., 0., 1., 1., 1., 1., 0., 0., 1., 0., 1., 0., 1., 0.,
           0., 0.],
          [0., 1., 0., 1., 0., 1., 1., 0., 0., 0., 0., 0., 1., 1., 1., 0., 1.,
           1., 0.],
          [1., 1., 0., 0., 1., 1., 0., 1., 1., 0., 1., 1., 1., 0., 0., 0., 1.,
           1., 1.],
          [0., 0., 1., 0., 0., 1., 1., 0., 1., 0., 1., 0., 0., 1., 0., 0., 0.,
           0., 0.],
          [1., 0., 1., 1., 1., 1., 0., 1., 0., 0., 1., 1., 1., 0., 0., 0., 1.,
           1., 0.],
          [1., 0., 0., 1., 0., 1., 1., 0., 1., 1., 1., 1., 1., 1., 1., 1., 0.,
           1., 1.],
          [0., 0., 0., 0., 1., 1., 0., 1., 1., 1., 1., 0., 1., 1., 0., 1., 1.,
           0., 1.],
          [1., 0., 1., 1., 0., 1., 0., 0., 1., 0., 0., 0., 0., 0., 1., 0., 0.,
           1., 0.],
          [1., 1., 0., 0., 1., 0., 0., 0., 0., 1., 0., 0., 1., 0., 0., 0., 1.,
           1., 1.],
          [1., 1., 1., 0., 0., 1., 1., 0., 0., 1., 0., 0., 1., 0., 1., 0., 1.,
           0., 0.],
          [0., 1., 0., 0., 1., 0., 0., 1., 1., 1., 0., 1., 1., 0., 1., 0., 0.,
           1., 1.],
          [1., 0., 0., 0., 1., 1., 0., 1., 1., 0., 1., 0., 0., 0., 1., 1., 0.,
           1., 0.]]]], device='cuda:0'), tensor([[0.3612]], device='cuda:0'))
2026-01-08 17:09:33 - INFO - [ 0.8138399  -0.24815013  0.00158949  0.02417171  0.00158949  0.02417171
  0.9951909  -0.03766971]
2026-01-08 17:09:33 - INFO - (tensor([[[[1., 0., 0., 1., 0., 0., 1., 1., 0., 0., 1., 1., 0., 1., 1., 0., 0.,
           0., 1.],
          [1., 0., 1., 1., 0., 1., 0., 0., 1., 0., 0., 1., 0., 0., 0., 0., 0.,
           1., 0.],
          [0., 1., 0., 0., 0., 0., 0., 1., 0., 0., 1., 0., 0., 1., 1., 0., 0.,
           0., 0.],
          [1., 1., 0., 1., 0., 1., 1., 0., 1., 1., 0., 1., 0., 0., 1., 0., 0.,
           1., 1.],
          [1., 0., 0., 0., 0., 0., 1., 0., 0., 0., 0., 1., 1., 1., 0., 1., 1.,
           0., 1.],
          [1., 0., 0., 0., 1., 1., 1., 1., 0., 0., 1., 1., 0., 1., 1., 1., 1.,
           1., 0.],
          [0., 1., 0., 0., 1., 1., 0., 0., 1., 1., 1., 0., 0., 0., 0., 0., 1.,
           0., 1.],
          [1., 0., 1., 1., 0., 1., 1., 1., 1., 0., 0., 1., 0., 1., 0., 1., 0.,
           0., 0.],
          [0., 1., 0., 1., 0., 1., 1., 0., 0., 0., 0., 0., 1., 1., 1., 0., 1.,
           1., 0.],
          [1., 1., 0., 0., 1., 1., 0., 1., 1., 0., 1., 1., 1., 0., 0., 0., 1.,
           1., 1.],
          [0., 0., 1., 0., 0., 1., 1., 0., 1., 0., 1., 0., 0., 1., 0., 0., 0.,
           0., 0.],
          [1., 0., 1., 1., 1., 1., 0., 1., 0., 0., 1., 1., 1., 0., 0., 0., 1.,
           1., 0.],
          [1., 0., 0., 1., 0., 1., 1., 0., 1., 1., 1., 1., 1., 1., 1., 1., 0.,
           1., 1.],
          [0., 0., 0., 0., 1., 1., 0., 1., 1., 1., 1., 0., 1., 1., 0., 1., 1.,
           0., 1.],
          [1., 0., 1., 1., 0., 1., 0., 0., 1., 0., 0., 0., 0., 0., 1., 0., 0.,
           1., 0.],
          [1., 1., 0., 0., 1., 0., 0., 0., 0., 1., 0., 0., 1., 0., 0., 0., 1.,
           1., 1.],
          [1., 1., 1., 0., 0., 1., 1., 0., 0., 1., 0., 0., 1., 0., 1., 0., 1.,
           0., 0.],
          [0., 1., 0., 0., 1., 0., 0., 1., 1., 1., 0., 1., 1., 0., 1., 0., 0.,
           1., 1.],
          [1., 0., 0., 0., 1., 1., 0., 1., 1., 0., 1., 0., 0., 0., 1., 1., 0.,
           1., 0.]]]], device='cuda:0'), tensor([[0.3645]], device='cuda:0'))
2026-01-08 17:09:33 - INFO - [ 0.8129755  -0.24994288  0.00163842  0.02439142  0.00163843  0.02439141
  0.99512136 -0.03819525]
2026-01-08 17:09:33 - INFO - (tensor([[[[1., 0., 0., 1., 0., 0., 1., 1., 0., 0., 1., 1., 0., 1., 1., 0., 0.,
           0., 1.],
          [1., 0., 1., 1., 0., 1., 0., 0., 1., 0., 0., 1., 0., 0., 0., 0., 0.,
           1., 0.],
          [0., 1., 0., 0., 0., 0., 0., 1., 0., 0., 1., 0., 0., 1., 1., 0., 0.,
           0., 0.],
          [1., 1., 0., 1., 0., 1., 1., 0., 1., 1., 0., 1., 0., 0., 1., 0., 0.,
           1., 1.],
          [1., 0., 0., 0., 0., 0., 1., 0., 0., 0., 0., 1., 1., 1., 0., 1., 1.,
           0., 1.],
          [1., 0., 0., 0., 1., 1., 1., 1., 0., 0., 1., 1., 0., 1., 1., 1., 1.,
           1., 0.],
          [0., 1., 0., 0., 1., 1., 0., 0., 1., 1., 1., 0., 0., 0., 0., 0., 1.,
           0., 1.],
          [1., 0., 1., 1., 0., 1., 1., 1., 1., 0., 0., 1., 0., 1., 0., 1., 0.,
           0., 0.],
          [0., 1., 0., 1., 0., 1., 1., 0., 0., 0., 0., 0., 1., 1., 1., 0., 1.,
           1., 0.],
          [1., 1., 0., 0., 1., 1., 0., 1., 1., 0., 1., 1., 1., 0., 0., 0., 1.,
           1., 1.],
          [0., 0., 1., 0., 0., 1., 1., 0., 1., 0., 1., 0., 0., 1., 0., 0., 0.,
           0., 0.],
          [1., 0., 1., 1., 1., 1., 0., 1., 0., 0., 1., 1., 1., 0., 0., 0., 1.,
           1., 0.],
          [1., 0., 0., 1., 0., 1., 1., 0., 1., 1., 1., 1., 1., 1., 1., 1., 0.,
           1., 1.],
          [0., 0., 0., 0., 1., 1., 0., 1., 1., 1., 1., 0., 1., 1., 0., 1., 1.,
           0., 1.],
          [1., 0., 1., 1., 0., 1., 0., 0., 1., 0., 0., 0., 0., 0., 1., 0., 0.,
           1., 0.],
          [1., 1., 0., 0., 1., 0., 0., 0., 0., 1., 0., 0., 1., 0., 0., 0., 1.,
           1., 1.],
          [1., 1., 1., 0., 0., 1., 1., 0., 0., 1., 0., 0., 1., 0., 1., 0., 1.,
           0., 0.],
          [0., 1., 0., 0., 1., 0., 0., 1., 1., 1., 0., 1., 1., 0., 1., 0., 0.,
           1., 1.],
          [1., 0., 0., 0., 1., 1., 0., 1., 1., 0., 1., 0., 0., 0., 1., 1., 0.,
           1., 0.]]]], device='cuda:0'), tensor([[0.3679]], device='cuda:0'))
2026-01-08 17:09:33 - INFO - [ 0.81227803 -0.25141373  0.00167325  0.02455716  0.00167325  0.02455716
  0.9950762  -0.0386025 ]
2026-01-08 17:09:33 - INFO - (tensor([[[[1., 0., 0., 1., 0., 0., 1., 1., 0., 0., 1., 1., 0., 1., 1., 0., 0.,
           0., 1.],
          [1., 0., 1., 1., 0., 1., 0., 0., 1., 0., 0., 1., 0., 0., 0., 0., 0.,
           1., 0.],
          [0., 1., 0., 0., 0., 0., 0., 1., 0., 0., 1., 0., 0., 1., 1., 0., 0.,
           0., 0.],
          [1., 1., 0., 1., 0., 1., 1., 0., 1., 1., 0., 1., 0., 0., 1., 0., 0.,
           1., 1.],
          [1., 0., 0., 0., 0., 0., 1., 0., 0., 0., 0., 1., 1., 1., 0., 1., 1.,
           0., 1.],
          [1., 0., 0., 0., 1., 1., 1., 1., 0., 0., 1., 1., 0., 1., 1., 1., 1.,
           1., 0.],
          [0., 1., 0., 0., 1., 1., 0., 0., 1., 1., 1., 0., 0., 0., 0., 0., 1.,
           0., 1.],
          [1., 0., 1., 1., 0., 1., 1., 1., 1., 0., 0., 1., 0., 1., 0., 1., 0.,
           0., 0.],
          [0., 1., 0., 1., 0., 1., 1., 0., 0., 0., 0., 0., 1., 1., 1., 0., 1.,
           1., 0.],
          [1., 1., 0., 0., 1., 1., 0., 1., 1., 0., 1., 1., 1., 0., 0., 0., 1.,
           1., 1.],
          [0., 0., 1., 0., 0., 1., 1., 0., 1., 0., 1., 0., 0., 1., 0., 0., 0.,
           0., 0.],
          [1., 0., 1., 1., 1., 1., 0., 1., 0., 0., 1., 1., 1., 0., 0., 0., 1.,
           1., 0.],
          [1., 0., 0., 1., 0., 1., 1., 0., 1., 1., 1., 1., 1., 1., 1., 1., 0.,
           1., 1.],
          [0., 0., 0., 0., 1., 1., 0., 1., 1., 1., 1., 0., 1., 1., 0., 1., 1.,
           0., 1.],
          [1., 0., 1., 1., 0., 1., 0., 0., 1., 0., 0., 0., 0., 0., 1., 0., 0.,
           1., 0.],
          [1., 1., 0., 0., 1., 0., 0., 0., 0., 1., 0., 0., 1., 0., 0., 0., 1.,
           1., 1.],
          [1., 1., 1., 0., 0., 1., 1., 0., 0., 1., 0., 0., 1., 0., 1., 0., 1.,
           0., 0.],
          [0., 1., 0., 0., 1., 0., 0., 1., 1., 1., 0., 1., 1., 0., 1., 0., 0.,
           1., 1.],
          [1., 0., 0., 0., 1., 1., 0., 1., 1., 0., 1., 0., 0., 0., 1., 1., 0.,
           1., 0.]]]], device='cuda:0'), tensor([[0.3712]], device='cuda:0'))
2026-01-08 17:09:33 - INFO - [ 0.81161547 -0.252841    0.00171208  0.02472732  0.00171208  0.02472732
  0.9950388  -0.03898892]
2026-01-08 17:09:33 - INFO - (tensor([[[[1., 0., 0., 1., 0., 0., 1., 1., 0., 0., 1., 1., 0., 1., 1., 0., 0.,
           0., 1.],
          [1., 0., 1., 1., 0., 1., 0., 0., 1., 0., 0., 1., 0., 0., 0., 0., 0.,
           1., 0.],
          [0., 1., 0., 0., 0., 0., 0., 1., 0., 0., 1., 0., 0., 1., 1., 0., 0.,
           0., 0.],
          [1., 1., 0., 1., 0., 1., 1., 0., 1., 1., 0., 1., 0., 0., 1., 0., 0.,
           1., 1.],
          [1., 0., 0., 0., 0., 0., 1., 0., 0., 0., 0., 1., 1., 1., 0., 1., 1.,
           0., 1.],
          [1., 0., 0., 0., 1., 1., 1., 1., 0., 0., 1., 1., 0., 1., 1., 1., 1.,
           1., 0.],
          [0., 1., 0., 0., 1., 1., 0., 0., 1., 1., 1., 0., 0., 0., 0., 0., 1.,
           0., 1.],
          [1., 0., 1., 1., 0., 1., 1., 1., 1., 0., 0., 1., 0., 1., 0., 1., 0.,
           0., 0.],
          [0., 1., 0., 1., 0., 1., 1., 0., 0., 0., 0., 0., 1., 1., 1., 0., 1.,
           1., 0.],
          [1., 1., 0., 0., 1., 1., 0., 1., 1., 0., 1., 1., 1., 0., 0., 0., 1.,
           1., 1.],
          [0., 0., 1., 0., 0., 1., 1., 0., 1., 0., 1., 0., 0., 1., 0., 0., 0.,
           0., 0.],
          [1., 0., 1., 1., 1., 1., 0., 1., 0., 0., 1., 1., 1., 0., 0., 0., 1.,
           1., 0.],
          [1., 0., 0., 1., 0., 1., 1., 0., 1., 1., 1., 1., 1., 1., 1., 1., 0.,
           1., 1.],
          [0., 0., 0., 0., 1., 1., 0., 1., 1., 1., 1., 0., 1., 1., 0., 1., 1.,
           0., 1.],
          [1., 0., 1., 1., 0., 1., 0., 0., 1., 0., 0., 0., 0., 0., 1., 0., 0.,
           1., 0.],
          [1., 1., 0., 0., 1., 0., 0., 0., 0., 1., 0., 0., 1., 0., 0., 0., 1.,
           1., 1.],
          [1., 1., 1., 0., 0., 1., 1., 0., 0., 1., 0., 0., 1., 0., 1., 0., 1.,
           0., 0.],
          [0., 1., 0., 0., 1., 0., 0., 1., 1., 1., 0., 1., 1., 0., 1., 0., 0.,
           1., 1.],
          [1., 0., 0., 0., 1., 1., 0., 1., 1., 0., 1., 0., 0., 0., 1., 1., 0.,
           1., 0.]]]], device='cuda:0'), tensor([[0.3746]], device='cuda:0'))
2026-01-08 17:09:33 - INFO - [ 0.8109661  -0.25418738  0.00174486  0.02488889  0.00174485  0.02488889
  0.9949957  -0.03932988]
2026-01-08 17:09:33 - INFO - (tensor([[[[1., 0., 0., 1., 0., 0., 1., 1., 0., 0., 1., 1., 0., 1., 1., 0., 0.,
           0., 1.],
          [1., 0., 1., 1., 0., 1., 0., 0., 1., 0., 0., 1., 0., 0., 0., 0., 0.,
           1., 0.],
          [0., 1., 0., 0., 0., 0., 0., 1., 0., 0., 1., 0., 0., 1., 1., 0., 0.,
           0., 0.],
          [1., 1., 0., 1., 0., 1., 1., 0., 1., 1., 0., 1., 0., 0., 1., 0., 0.,
           1., 1.],
          [1., 0., 0., 0., 0., 0., 1., 0., 0., 0., 0., 1., 1., 1., 0., 1., 1.,
           0., 1.],
          [1., 0., 0., 0., 1., 1., 1., 1., 0., 0., 1., 1., 0., 1., 1., 1., 1.,
           1., 0.],
          [0., 1., 0., 0., 1., 1., 0., 0., 1., 1., 1., 0., 0., 0., 0., 0., 1.,
           0., 1.],
          [1., 0., 1., 1., 0., 1., 1., 1., 1., 0., 0., 1., 0., 1., 0., 1., 0.,
           0., 0.],
          [0., 1., 0., 1., 0., 1., 1., 0., 0., 0., 0., 0., 1., 1., 1., 0., 1.,
           1., 0.],
          [1., 1., 0., 0., 1., 1., 0., 1., 1., 0., 1., 1., 1., 0., 0., 0., 1.,
           1., 1.],
          [0., 0., 1., 0., 0., 1., 1., 0., 1., 0., 1., 0., 0., 1., 0., 0., 0.,
           0., 0.],
          [1., 0., 1., 1., 1., 1., 0., 1., 0., 0., 1., 1., 1., 0., 0., 0., 1.,
           1., 0.],
          [1., 0., 0., 1., 0., 1., 1., 0., 1., 1., 1., 1., 1., 1., 1., 1., 0.,
           1., 1.],
          [0., 0., 0., 0., 1., 1., 0., 1., 1., 1., 1., 0., 1., 1., 0., 1., 1.,
           0., 1.],
          [1., 0., 1., 1., 0., 1., 0., 0., 1., 0., 0., 0., 0., 0., 1., 0., 0.,
           1., 0.],
          [1., 1., 0., 0., 1., 0., 0., 0., 0., 1., 0., 0., 1., 0., 0., 0., 1.,
           1., 1.],
          [1., 1., 1., 0., 0., 1., 1., 0., 0., 1., 0., 0., 1., 0., 1., 0., 1.,
           0., 0.],
          [0., 1., 0., 0., 1., 0., 0., 1., 1., 1., 0., 1., 1., 0., 1., 0., 0.,
           1., 1.],
          [1., 0., 0., 0., 1., 1., 0., 1., 1., 0., 1., 0., 0., 0., 1., 1., 0.,
           1., 0.]]]], device='cuda:0'), tensor([[0.3779]], device='cuda:0'))
2026-01-08 17:09:33 - INFO - [ 0.8100612  -0.2557662   0.00178615  0.02511085  0.00178615  0.02511085
  0.9949183  -0.0396373 ]
2026-01-08 17:09:33 - INFO - (tensor([[[[1., 0., 0., 1., 0., 0., 1., 1., 0., 0., 1., 1., 0., 1., 1., 0., 0.,
           0., 1.],
          [1., 0., 1., 1., 0., 1., 0., 0., 1., 0., 0., 1., 0., 0., 0., 0., 0.,
           1., 0.],
          [0., 1., 0., 0., 0., 0., 0., 1., 0., 0., 1., 0., 0., 1., 1., 0., 0.,
           0., 0.],
          [1., 1., 0., 1., 0., 1., 1., 0., 1., 1., 0., 1., 0., 0., 1., 0., 0.,
           1., 1.],
          [1., 0., 0., 0., 0., 0., 1., 0., 0., 0., 0., 1., 1., 1., 0., 1., 1.,
           0., 1.],
          [1., 0., 0., 0., 1., 1., 1., 1., 0., 0., 1., 1., 0., 1., 1., 1., 1.,
           1., 0.],
          [0., 1., 0., 0., 1., 1., 0., 0., 1., 1., 1., 0., 0., 0., 0., 0., 1.,
           0., 1.],
          [1., 0., 1., 1., 0., 1., 1., 1., 1., 0., 0., 1., 0., 1., 0., 1., 0.,
           0., 0.],
          [0., 1., 0., 1., 0., 1., 1., 0., 0., 0., 0., 0., 1., 1., 1., 0., 1.,
           1., 0.],
          [1., 1., 0., 0., 1., 1., 0., 1., 1., 0., 1., 1., 1., 0., 0., 0., 1.,
           1., 1.],
          [0., 0., 1., 0., 0., 1., 1., 0., 1., 0., 1., 0., 0., 1., 0., 0., 0.,
           0., 0.],
          [1., 0., 1., 1., 1., 1., 0., 1., 0., 0., 1., 1., 1., 0., 0., 0., 1.,
           1., 0.],
          [1., 0., 0., 1., 0., 1., 1., 0., 1., 1., 1., 1., 1., 1., 1., 1., 0.,
           1., 1.],
          [0., 0., 0., 0., 1., 1., 0., 1., 1., 1., 1., 0., 1., 1., 0., 1., 1.,
           0., 1.],
          [1., 0., 1., 1., 0., 1., 0., 0., 1., 0., 0., 0., 0., 0., 1., 0., 0.,
           1., 0.],
          [1., 1., 0., 0., 1., 0., 0., 0., 0., 1., 0., 0., 1., 0., 0., 0., 1.,
           1., 1.],
          [1., 1., 1., 0., 0., 1., 1., 0., 0., 1., 0., 0., 1., 0., 1., 0., 1.,
           0., 0.],
          [0., 1., 0., 0., 1., 0., 0., 1., 1., 1., 0., 1., 1., 0., 1., 0., 0.,
           1., 1.],
          [1., 0., 0., 0., 1., 1., 0., 1., 1., 0., 1., 0., 0., 0., 1., 1., 0.,
           1., 0.]]]], device='cuda:0'), tensor([[0.3813]], device='cuda:0'))
2026-01-08 17:09:33 - INFO - [ 0.8090636  -0.2576528   0.00186172  0.0254041   0.00186173  0.0254041
  0.9948521  -0.04001015]
2026-01-08 17:09:33 - INFO - (tensor([[[[1., 0., 0., 1., 0., 0., 1., 1., 0., 0., 1., 1., 0., 1., 1., 0., 0.,
           0., 1.],
          [1., 0., 1., 1., 0., 1., 0., 0., 1., 0., 0., 1., 0., 0., 0., 0., 0.,
           1., 0.],
          [0., 1., 0., 0., 0., 0., 0., 1., 0., 0., 1., 0., 0., 1., 1., 0., 0.,
           0., 0.],
          [1., 1., 0., 1., 0., 1., 1., 0., 1., 1., 0., 1., 0., 0., 1., 0., 0.,
           1., 1.],
          [1., 0., 0., 0., 0., 0., 1., 0., 0., 0., 0., 1., 1., 1., 0., 1., 1.,
           0., 1.],
          [1., 0., 0., 0., 1., 1., 1., 1., 0., 0., 1., 1., 0., 1., 1., 1., 1.,
           1., 0.],
          [0., 1., 0., 0., 1., 1., 0., 0., 1., 1., 1., 0., 0., 0., 0., 0., 1.,
           0., 1.],
          [1., 0., 1., 1., 0., 1., 1., 1., 1., 0., 0., 1., 0., 1., 0., 1., 0.,
           0., 0.],
          [0., 1., 0., 1., 0., 1., 1., 0., 0., 0., 0., 0., 1., 1., 1., 0., 1.,
           1., 0.],
          [1., 1., 0., 0., 1., 1., 0., 1., 1., 0., 1., 1., 1., 0., 0., 0., 1.,
           1., 1.],
          [0., 0., 1., 0., 0., 1., 1., 0., 1., 0., 1., 0., 0., 1., 0., 0., 0.,
           0., 0.],
          [1., 0., 1., 1., 1., 1., 0., 1., 0., 0., 1., 1., 1., 0., 0., 0., 1.,
           1., 0.],
          [1., 0., 0., 1., 0., 1., 1., 0., 1., 1., 1., 1., 1., 1., 1., 1., 0.,
           1., 1.],
          [0., 0., 0., 0., 1., 1., 0., 1., 1., 1., 1., 0., 1., 1., 0., 1., 1.,
           0., 1.],
          [1., 0., 1., 1., 0., 1., 0., 0., 1., 0., 0., 0., 0., 0., 1., 0., 0.,
           1., 0.],
          [1., 1., 0., 0., 1., 0., 0., 0., 0., 1., 0., 0., 1., 0., 0., 0., 1.,
           1., 1.],
          [1., 1., 1., 0., 0., 1., 1., 0., 0., 1., 0., 0., 1., 0., 1., 0., 1.,
           0., 0.],
          [0., 1., 0., 0., 1., 0., 0., 1., 1., 1., 0., 1., 1., 0., 1., 0., 0.,
           1., 1.],
          [1., 0., 0., 0., 1., 1., 0., 1., 1., 0., 1., 0., 0., 0., 1., 1., 0.,
           1., 0.]]]], device='cuda:0'), tensor([[0.3846]], device='cuda:0'))
2026-01-08 17:09:33 - INFO - [ 0.8082628  -0.25924402  0.00191806  0.02563366  0.00191805  0.02563366
  0.99479836 -0.04029256]
2026-01-08 17:09:33 - INFO - (tensor([[[[1., 0., 0., 1., 0., 0., 1., 1., 0., 0., 1., 1., 0., 1., 1., 0., 0.,
           0., 1.],
          [1., 0., 1., 1., 0., 1., 0., 0., 1., 0., 0., 1., 0., 0., 0., 0., 0.,
           1., 0.],
          [0., 1., 0., 0., 0., 0., 0., 1., 0., 0., 1., 0., 0., 1., 1., 0., 0.,
           0., 0.],
          [1., 1., 0., 1., 0., 1., 1., 0., 1., 1., 0., 1., 0., 0., 1., 0., 0.,
           1., 1.],
          [1., 0., 0., 0., 0., 0., 1., 0., 0., 0., 0., 1., 1., 1., 0., 1., 1.,
           0., 1.],
          [1., 0., 0., 0., 1., 1., 1., 1., 0., 0., 1., 1., 0., 1., 1., 1., 1.,
           1., 0.],
          [0., 1., 0., 0., 1., 1., 0., 0., 1., 1., 1., 0., 0., 0., 0., 0., 1.,
           0., 1.],
          [1., 0., 1., 1., 0., 1., 1., 1., 1., 0., 0., 1., 0., 1., 0., 1., 0.,
           0., 0.],
          [0., 1., 0., 1., 0., 1., 1., 0., 0., 0., 0., 0., 1., 1., 1., 0., 1.,
           1., 0.],
          [1., 1., 0., 0., 1., 1., 0., 1., 1., 0., 1., 1., 1., 0., 0., 0., 1.,
           1., 1.],
          [0., 0., 1., 0., 0., 1., 1., 0., 1., 0., 1., 0., 0., 1., 0., 0., 0.,
           0., 0.],
          [1., 0., 1., 1., 1., 1., 0., 1., 0., 0., 1., 1., 1., 0., 0., 0., 1.,
           1., 0.],
          [1., 0., 0., 1., 0., 1., 1., 0., 1., 1., 1., 1., 1., 1., 1., 1., 0.,
           1., 1.],
          [0., 0., 0., 0., 1., 1., 0., 1., 1., 1., 1., 0., 1., 1., 0., 1., 1.,
           0., 1.],
          [1., 0., 1., 1., 0., 1., 0., 0., 1., 0., 0., 0., 0., 0., 1., 0., 0.,
           1., 0.],
          [1., 1., 0., 0., 1., 0., 0., 0., 0., 1., 0., 0., 1., 0., 0., 0., 1.,
           1., 1.],
          [1., 1., 1., 0., 0., 1., 1., 0., 0., 1., 0., 0., 1., 0., 1., 0., 1.,
           0., 0.],
          [0., 1., 0., 0., 1., 0., 0., 1., 1., 1., 0., 1., 1., 0., 1., 0., 0.,
           1., 1.],
          [1., 0., 0., 0., 1., 1., 0., 1., 1., 0., 1., 0., 0., 0., 1., 1., 0.,
           1., 0.]]]], device='cuda:0'), tensor([[0.3880]], device='cuda:0'))
2026-01-08 17:09:33 - INFO - [ 0.8075199  -0.2607127   0.00196483  0.02583644  0.00196485  0.02583644
  0.99473953 -0.04054405]
2026-01-08 17:09:33 - INFO - (tensor([[[[1., 0., 0., 1., 0., 0., 1., 1., 0., 0., 1., 1., 0., 1., 1., 0., 0.,
           0., 1.],
          [1., 0., 1., 1., 0., 1., 0., 0., 1., 0., 0., 1., 0., 0., 0., 0., 0.,
           1., 0.],
          [0., 1., 0., 0., 0., 0., 0., 1., 0., 0., 1., 0., 0., 1., 1., 0., 0.,
           0., 0.],
          [1., 1., 0., 1., 0., 1., 1., 0., 1., 1., 0., 1., 0., 0., 1., 0., 0.,
           1., 1.],
          [1., 0., 0., 0., 0., 0., 1., 0., 0., 0., 0., 1., 1., 1., 0., 1., 1.,
           0., 1.],
          [1., 0., 0., 0., 1., 1., 1., 1., 0., 0., 1., 1., 0., 1., 1., 1., 1.,
           1., 0.],
          [0., 1., 0., 0., 1., 1., 0., 0., 1., 1., 1., 0., 0., 0., 0., 0., 1.,
           0., 1.],
          [1., 0., 1., 1., 0., 1., 1., 1., 1., 0., 0., 1., 0., 1., 0., 1., 0.,
           0., 0.],
          [0., 1., 0., 1., 0., 1., 1., 0., 0., 0., 0., 0., 1., 1., 1., 0., 1.,
           1., 0.],
          [1., 1., 0., 0., 1., 1., 0., 1., 1., 0., 1., 1., 1., 0., 0., 0., 1.,
           1., 1.],
          [0., 0., 1., 0., 0., 1., 1., 0., 1., 0., 1., 0., 0., 1., 0., 0., 0.,
           0., 0.],
          [1., 0., 1., 1., 1., 1., 0., 1., 0., 0., 1., 1., 1., 0., 0., 0., 1.,
           1., 0.],
          [1., 0., 0., 1., 0., 1., 1., 0., 1., 1., 1., 1., 1., 1., 1., 1., 0.,
           1., 1.],
          [0., 0., 0., 0., 1., 1., 0., 1., 1., 1., 1., 0., 1., 1., 0., 1., 1.,
           0., 1.],
          [1., 0., 1., 1., 0., 1., 0., 0., 1., 0., 0., 0., 0., 0., 1., 0., 0.,
           1., 0.],
          [1., 1., 0., 0., 1., 0., 0., 0., 0., 1., 0., 0., 1., 0., 0., 0., 1.,
           1., 1.],
          [1., 1., 1., 0., 0., 1., 1., 0., 0., 1., 0., 0., 1., 0., 1., 0., 1.,
           0., 0.],
          [0., 1., 0., 0., 1., 0., 0., 1., 1., 1., 0., 1., 1., 0., 1., 0., 0.,
           1., 1.],
          [1., 0., 0., 0., 1., 1., 0., 1., 1., 0., 1., 0., 0., 0., 1., 1., 0.,
           1., 0.]]]], device='cuda:0'), tensor([[0.3913]], device='cuda:0'))
2026-01-08 17:09:33 - INFO - [ 0.8067925  -0.2621693   0.00201106  0.02604525  0.00201107  0.02604525
  0.9946862  -0.04079028]
2026-01-08 17:09:33 - INFO - (tensor([[[[1., 0., 0., 1., 0., 0., 1., 1., 0., 0., 1., 1., 0., 1., 1., 0., 0.,
           0., 1.],
          [1., 0., 1., 1., 0., 1., 0., 0., 1., 0., 0., 1., 0., 0., 0., 0., 0.,
           1., 0.],
          [0., 1., 0., 0., 0., 0., 0., 1., 0., 0., 1., 0., 0., 1., 1., 0., 0.,
           0., 0.],
          [1., 1., 0., 1., 0., 1., 1., 0., 1., 1., 0., 1., 0., 0., 1., 0., 0.,
           1., 1.],
          [1., 0., 0., 0., 0., 0., 1., 0., 0., 0., 0., 1., 1., 1., 0., 1., 1.,
           0., 1.],
          [1., 0., 0., 0., 1., 1., 1., 1., 0., 0., 1., 1., 0., 1., 1., 1., 1.,
           1., 0.],
          [0., 1., 0., 0., 1., 1., 0., 0., 1., 1., 1., 0., 0., 0., 0., 0., 1.,
           0., 1.],
          [1., 0., 1., 1., 0., 1., 1., 1., 1., 0., 0., 1., 0., 1., 0., 1., 0.,
           0., 0.],
          [0., 1., 0., 1., 0., 1., 1., 0., 0., 0., 0., 0., 1., 1., 1., 0., 1.,
           1., 0.],
          [1., 1., 0., 0., 1., 1., 0., 1., 1., 0., 1., 1., 1., 0., 0., 0., 1.,
           1., 1.],
          [0., 0., 1., 0., 0., 1., 1., 0., 1., 0., 1., 0., 0., 1., 0., 0., 0.,
           0., 0.],
          [1., 0., 1., 1., 1., 1., 0., 1., 0., 0., 1., 1., 1., 0., 0., 0., 1.,
           1., 0.],
          [1., 0., 0., 1., 0., 1., 1., 0., 1., 1., 1., 1., 1., 1., 1., 1., 0.,
           1., 1.],
          [0., 0., 0., 0., 1., 1., 0., 1., 1., 1., 1., 0., 1., 1., 0., 1., 1.,
           0., 1.],
          [1., 0., 1., 1., 0., 1., 0., 0., 1., 0., 0., 0., 0., 0., 1., 0., 0.,
           1., 0.],
          [1., 1., 0., 0., 1., 0., 0., 0., 0., 1., 0., 0., 1., 0., 0., 0., 1.,
           1., 1.],
          [1., 1., 1., 0., 0., 1., 1., 0., 0., 1., 0., 0., 1., 0., 1., 0., 1.,
           0., 0.],
          [0., 1., 0., 0., 1., 0., 0., 1., 1., 1., 0., 1., 1., 0., 1., 0., 0.,
           1., 1.],
          [1., 0., 0., 0., 1., 1., 0., 1., 1., 0., 1., 0., 0., 0., 1., 1., 0.,
           1., 0.]]]], device='cuda:0'), tensor([[0.3946]], device='cuda:0'))
2026-01-08 17:09:33 - INFO - [ 0.80592597 -0.2639395   0.00208097  0.02632025  0.00208097  0.02632025
  0.9946381  -0.04111971]
2026-01-08 17:09:33 - INFO - (tensor([[[[1., 0., 0., 1., 0., 0., 1., 1., 0., 0., 1., 1., 0., 1., 1., 0., 0.,
           0., 1.],
          [1., 0., 1., 1., 0., 1., 0., 0., 1., 0., 0., 1., 0., 0., 0., 0., 0.,
           1., 0.],
          [0., 1., 0., 0., 0., 0., 0., 1., 0., 0., 1., 0., 0., 1., 1., 0., 0.,
           0., 0.],
          [1., 1., 0., 1., 0., 1., 1., 0., 1., 1., 0., 1., 0., 0., 1., 0., 0.,
           1., 1.],
          [1., 0., 0., 0., 0., 0., 1., 0., 0., 0., 0., 1., 1., 1., 0., 1., 1.,
           0., 1.],
          [1., 0., 0., 0., 1., 1., 1., 1., 0., 0., 1., 1., 0., 1., 1., 1., 1.,
           1., 0.],
          [0., 1., 0., 0., 1., 1., 0., 0., 1., 1., 1., 0., 0., 0., 0., 0., 1.,
           0., 1.],
          [1., 0., 1., 1., 0., 1., 1., 1., 1., 0., 0., 1., 0., 1., 0., 1., 0.,
           0., 0.],
          [0., 1., 0., 1., 0., 1., 1., 0., 0., 0., 0., 0., 1., 1., 1., 0., 1.,
           1., 0.],
          [1., 1., 0., 0., 1., 1., 0., 1., 1., 0., 1., 1., 1., 0., 0., 0., 1.,
           1., 1.],
          [0., 0., 1., 0., 0., 1., 1., 0., 1., 0., 1., 0., 0., 1., 0., 0., 0.,
           0., 0.],
          [1., 0., 1., 1., 1., 1., 0., 1., 0., 0., 1., 1., 1., 0., 0., 0., 1.,
           1., 0.],
          [1., 0., 0., 1., 0., 1., 1., 0., 1., 1., 1., 1., 1., 1., 1., 1., 0.,
           1., 1.],
          [0., 0., 0., 0., 1., 1., 0., 1., 1., 1., 1., 0., 1., 1., 0., 1., 1.,
           0., 1.],
          [1., 0., 1., 1., 0., 1., 0., 0., 1., 0., 0., 0., 0., 0., 1., 0., 0.,
           1., 0.],
          [1., 1., 0., 0., 1., 0., 0., 0., 0., 1., 0., 0., 1., 0., 0., 0., 1.,
           1., 1.],
          [1., 1., 1., 0., 0., 1., 1., 0., 0., 1., 0., 0., 1., 0., 1., 0., 1.,
           0., 0.],
          [0., 1., 0., 0., 1., 0., 0., 1., 1., 1., 0., 1., 1., 0., 1., 0., 0.,
           1., 1.],
          [1., 0., 0., 0., 1., 1., 0., 1., 1., 0., 1., 0., 0., 0., 1., 1., 0.,
           1., 0.]]]], device='cuda:0'), tensor([[0.3980]], device='cuda:0'))
2026-01-08 17:09:33 - INFO - [ 0.8051456  -0.26549834  0.00213825  0.02655607  0.00213824  0.02655607
  0.99458253 -0.04140082]
2026-01-08 17:09:33 - INFO - (tensor([[[[1., 0., 0., 1., 0., 0., 1., 1., 0., 0., 1., 1., 0., 1., 1., 0., 0.,
           0., 1.],
          [1., 0., 1., 1., 0., 1., 0., 0., 1., 0., 0., 1., 0., 0., 0., 0., 0.,
           1., 0.],
          [0., 1., 0., 0., 0., 0., 0., 1., 0., 0., 1., 0., 0., 1., 1., 0., 0.,
           0., 0.],
          [1., 1., 0., 1., 0., 1., 1., 0., 1., 1., 0., 1., 0., 0., 1., 0., 0.,
           1., 1.],
          [1., 0., 0., 0., 0., 0., 1., 0., 0., 0., 0., 1., 1., 1., 0., 1., 1.,
           0., 1.],
          [1., 0., 0., 0., 1., 1., 1., 1., 0., 0., 1., 1., 0., 1., 1., 1., 1.,
           1., 0.],
          [0., 1., 0., 0., 1., 1., 0., 0., 1., 1., 1., 0., 0., 0., 0., 0., 1.,
           0., 1.],
          [1., 0., 1., 1., 0., 1., 1., 1., 1., 0., 0., 1., 0., 1., 0., 1., 0.,
           0., 0.],
          [0., 1., 0., 1., 0., 1., 1., 0., 0., 0., 0., 0., 1., 1., 1., 0., 1.,
           1., 0.],
          [1., 1., 0., 0., 1., 1., 0., 1., 1., 0., 1., 1., 1., 0., 0., 0., 1.,
           1., 1.],
          [0., 0., 1., 0., 0., 1., 1., 0., 1., 0., 1., 0., 0., 1., 0., 0., 0.,
           0., 0.],
          [1., 0., 1., 1., 1., 1., 0., 1., 0., 0., 1., 1., 1., 0., 0., 0., 1.,
           1., 0.],
          [1., 0., 0., 1., 0., 1., 1., 0., 1., 1., 1., 1., 1., 1., 1., 1., 0.,
           1., 1.],
          [0., 0., 0., 0., 1., 1., 0., 1., 1., 1., 1., 0., 1., 1., 0., 1., 1.,
           0., 1.],
          [1., 0., 1., 1., 0., 1., 0., 0., 1., 0., 0., 0., 0., 0., 1., 0., 0.,
           1., 0.],
          [1., 1., 0., 0., 1., 0., 0., 0., 0., 1., 0., 0., 1., 0., 0., 0., 1.,
           1., 1.],
          [1., 1., 1., 0., 0., 1., 1., 0., 0., 1., 0., 0., 1., 0., 1., 0., 1.,
           0., 0.],
          [0., 1., 0., 0., 1., 0., 0., 1., 1., 1., 0., 1., 1., 0., 1., 0., 0.,
           1., 1.],
          [1., 0., 0., 0., 1., 1., 0., 1., 1., 0., 1., 0., 0., 0., 1., 1., 0.,
           1., 0.]]]], device='cuda:0'), tensor([[0.4013]], device='cuda:0'))
2026-01-08 17:09:33 - INFO - [ 0.80446655 -0.2668446   0.00220488  0.02674454  0.00220489  0.02674454
  0.9945233  -0.04162004]
2026-01-08 17:09:33 - INFO - (tensor([[[[1., 0., 0., 1., 0., 0., 1., 1., 0., 0., 1., 1., 0., 1., 1., 0., 0.,
           0., 1.],
          [1., 0., 1., 1., 0., 1., 0., 0., 1., 0., 0., 1., 0., 0., 0., 0., 0.,
           1., 0.],
          [0., 1., 0., 0., 0., 0., 0., 1., 0., 0., 1., 0., 0., 1., 1., 0., 0.,
           0., 0.],
          [1., 1., 0., 1., 0., 1., 1., 0., 1., 1., 0., 1., 0., 0., 1., 0., 0.,
           1., 1.],
          [1., 0., 0., 0., 0., 0., 1., 0., 0., 0., 0., 1., 1., 1., 0., 1., 1.,
           0., 1.],
          [1., 0., 0., 0., 1., 1., 1., 1., 0., 0., 1., 1., 0., 1., 1., 1., 1.,
           1., 0.],
          [0., 1., 0., 0., 1., 1., 0., 0., 1., 1., 1., 0., 0., 0., 0., 0., 1.,
           0., 1.],
          [1., 0., 1., 1., 0., 1., 1., 1., 1., 0., 0., 1., 0., 1., 0., 1., 0.,
           0., 0.],
          [0., 1., 0., 1., 0., 1., 1., 0., 0., 0., 0., 0., 1., 1., 1., 0., 1.,
           1., 0.],
          [1., 1., 0., 0., 1., 1., 0., 1., 1., 0., 1., 1., 1., 0., 0., 0., 1.,
           1., 1.],
          [0., 0., 1., 0., 0., 1., 1., 0., 1., 0., 1., 0., 0., 1., 0., 0., 0.,
           0., 0.],
          [1., 0., 1., 1., 1., 1., 0., 1., 0., 0., 1., 1., 1., 0., 0., 0., 1.,
           1., 0.],
          [1., 0., 0., 1., 0., 1., 1., 0., 1., 1., 1., 1., 1., 1., 1., 1., 0.,
           1., 1.],
          [0., 0., 0., 0., 1., 1., 0., 1., 1., 1., 1., 0., 1., 1., 0., 1., 1.,
           0., 1.],
          [1., 0., 1., 1., 0., 1., 0., 0., 1., 0., 0., 0., 0., 0., 1., 0., 0.,
           1., 0.],
          [1., 1., 0., 0., 1., 0., 0., 0., 0., 1., 0., 0., 1., 0., 0., 0., 1.,
           1., 1.],
          [1., 1., 1., 0., 0., 1., 1., 0., 0., 1., 0., 0., 1., 0., 1., 0., 1.,
           0., 0.],
          [0., 1., 0., 0., 1., 0., 0., 1., 1., 1., 0., 1., 1., 0., 1., 0., 0.,
           1., 1.],
          [1., 0., 0., 0., 1., 1., 0., 1., 1., 0., 1., 0., 0., 0., 1., 1., 0.,
           1., 0.]]]], device='cuda:0'), tensor([[0.4047]], device='cuda:0'))
2026-01-08 17:09:33 - INFO - [ 0.80390626 -0.26797187  0.00226968  0.02688677  0.00226968  0.02688677
  0.99447584 -0.04177377]
2026-01-08 17:09:33 - INFO - (tensor([[[[1., 0., 0., 1., 0., 0., 1., 1., 0., 0., 1., 1., 0., 1., 1., 0., 0.,
           0., 1.],
          [1., 0., 1., 1., 0., 1., 0., 0., 1., 0., 0., 1., 0., 0., 0., 0., 0.,
           1., 0.],
          [0., 1., 0., 0., 0., 0., 0., 1., 0., 0., 1., 0., 0., 1., 1., 0., 0.,
           0., 0.],
          [1., 1., 0., 1., 0., 1., 1., 0., 1., 1., 0., 1., 0., 0., 1., 0., 0.,
           1., 1.],
          [1., 0., 0., 0., 0., 0., 1., 0., 0., 0., 0., 1., 1., 1., 0., 1., 1.,
           0., 1.],
          [1., 0., 0., 0., 1., 1., 1., 1., 0., 0., 1., 1., 0., 1., 1., 1., 1.,
           1., 0.],
          [0., 1., 0., 0., 1., 1., 0., 0., 1., 1., 1., 0., 0., 0., 0., 0., 1.,
           0., 1.],
          [1., 0., 1., 1., 0., 1., 1., 1., 1., 0., 0., 1., 0., 1., 0., 1., 0.,
           0., 0.],
          [0., 1., 0., 1., 0., 1., 1., 0., 0., 0., 0., 0., 1., 1., 1., 0., 1.,
           1., 0.],
          [1., 1., 0., 0., 1., 1., 0., 1., 1., 0., 1., 1., 1., 0., 0., 0., 1.,
           1., 1.],
          [0., 0., 1., 0., 0., 1., 1., 0., 1., 0., 1., 0., 0., 1., 0., 0., 0.,
           0., 0.],
          [1., 0., 1., 1., 1., 1., 0., 1., 0., 0., 1., 1., 1., 0., 0., 0., 1.,
           1., 0.],
          [1., 0., 0., 1., 0., 1., 1., 0., 1., 1., 1., 1., 1., 1., 1., 1., 0.,
           1., 1.],
          [0., 0., 0., 0., 1., 1., 0., 1., 1., 1., 1., 0., 1., 1., 0., 1., 1.,
           0., 1.],
          [1., 0., 1., 1., 0., 1., 0., 0., 1., 0., 0., 0., 0., 0., 1., 0., 0.,
           1., 0.],
          [1., 1., 0., 0., 1., 0., 0., 0., 0., 1., 0., 0., 1., 0., 0., 0., 1.,
           1., 1.],
          [1., 1., 1., 0., 0., 1., 1., 0., 0., 1., 0., 0., 1., 0., 1., 0., 1.,
           0., 0.],
          [0., 1., 0., 0., 1., 0., 0., 1., 1., 1., 0., 1., 1., 0., 1., 0., 0.,
           1., 1.],
          [1., 0., 0., 0., 1., 1., 0., 1., 1., 0., 1., 0., 0., 0., 1., 1., 0.,
           1., 0.]]]], device='cuda:0'), tensor([[0.4080]], device='cuda:0'))
2026-01-08 17:09:33 - INFO - [ 0.8033806  -0.2690703   0.00232636  0.02699666  0.00232637  0.02699666
  0.9944382  -0.04186686]
2026-01-08 17:09:33 - INFO - (tensor([[[[1., 0., 0., 1., 0., 0., 1., 1., 0., 0., 1., 1., 0., 1., 1., 0., 0.,
           0., 1.],
          [1., 0., 1., 1., 0., 1., 0., 0., 1., 0., 0., 1., 0., 0., 0., 0., 0.,
           1., 0.],
          [0., 1., 0., 0., 0., 0., 0., 1., 0., 0., 1., 0., 0., 1., 1., 0., 0.,
           0., 0.],
          [1., 1., 0., 1., 0., 1., 1., 0., 1., 1., 0., 1., 0., 0., 1., 0., 0.,
           1., 1.],
          [1., 0., 0., 0., 0., 0., 1., 0., 0., 0., 0., 1., 1., 1., 0., 1., 1.,
           0., 1.],
          [1., 0., 0., 0., 1., 1., 1., 1., 0., 0., 1., 1., 0., 1., 1., 1., 1.,
           1., 0.],
          [0., 1., 0., 0., 1., 1., 0., 0., 1., 1., 1., 0., 0., 0., 0., 0., 1.,
           0., 1.],
          [1., 0., 1., 1., 0., 1., 1., 1., 1., 0., 0., 1., 0., 1., 0., 1., 0.,
           0., 0.],
          [0., 1., 0., 1., 0., 1., 1., 0., 0., 0., 0., 0., 1., 1., 1., 0., 1.,
           1., 0.],
          [1., 1., 0., 0., 1., 1., 0., 1., 1., 0., 1., 1., 1., 0., 0., 0., 1.,
           1., 1.],
          [0., 0., 1., 0., 0., 1., 1., 0., 1., 0., 1., 0., 0., 1., 0., 0., 0.,
           0., 0.],
          [1., 0., 1., 1., 1., 1., 0., 1., 0., 0., 1., 1., 1., 0., 0., 0., 1.,
           1., 0.],
          [1., 0., 0., 1., 0., 1., 1., 0., 1., 1., 1., 1., 1., 1., 1., 1., 0.,
           1., 1.],
          [0., 0., 0., 0., 1., 1., 0., 1., 1., 1., 1., 0., 1., 1., 0., 1., 1.,
           0., 1.],
          [1., 0., 1., 1., 0., 1., 0., 0., 1., 0., 0., 0., 0., 0., 1., 0., 0.,
           1., 0.],
          [1., 1., 0., 0., 1., 0., 0., 0., 0., 1., 0., 0., 1., 0., 0., 0., 1.,
           1., 1.],
          [1., 1., 1., 0., 0., 1., 1., 0., 0., 1., 0., 0., 1., 0., 1., 0., 1.,
           0., 0.],
          [0., 1., 0., 0., 1., 0., 0., 1., 1., 1., 0., 1., 1., 0., 1., 0., 0.,
           1., 1.],
          [1., 0., 0., 0., 1., 1., 0., 1., 1., 0., 1., 0., 0., 0., 1., 1., 0.,
           1., 0.]]]], device='cuda:0'), tensor([[0.4114]], device='cuda:0'))
2026-01-08 17:09:33 - INFO - [ 0.8029422  -0.27000597  0.00237749  0.02708866  0.00237749  0.02708866
  0.99441004 -0.04203743]
2026-01-08 17:09:33 - INFO - (tensor([[[[1., 0., 0., 1., 0., 0., 1., 1., 0., 0., 1., 1., 0., 1., 1., 0., 0.,
           0., 1.],
          [1., 0., 1., 1., 0., 1., 0., 0., 1., 0., 0., 1., 0., 0., 0., 0., 0.,
           1., 0.],
          [0., 1., 0., 0., 0., 0., 0., 1., 0., 0., 1., 0., 0., 1., 1., 0., 0.,
           0., 0.],
          [1., 1., 0., 1., 0., 1., 1., 0., 1., 1., 0., 1., 0., 0., 1., 0., 0.,
           1., 1.],
          [1., 0., 0., 0., 0., 0., 1., 0., 0., 0., 0., 1., 1., 1., 0., 1., 1.,
           0., 1.],
          [1., 0., 0., 0., 1., 1., 1., 1., 0., 0., 1., 1., 0., 1., 1., 1., 1.,
           1., 0.],
          [0., 1., 0., 0., 1., 1., 0., 0., 1., 1., 1., 0., 0., 0., 0., 0., 1.,
           0., 1.],
          [1., 0., 1., 1., 0., 1., 1., 1., 1., 0., 0., 1., 0., 1., 0., 1., 0.,
           0., 0.],
          [0., 1., 0., 1., 0., 1., 1., 0., 0., 0., 0., 0., 1., 1., 1., 0., 1.,
           1., 0.],
          [1., 1., 0., 0., 1., 1., 0., 1., 1., 0., 1., 1., 1., 0., 0., 0., 1.,
           1., 1.],
          [0., 0., 1., 0., 0., 1., 1., 0., 1., 0., 1., 0., 0., 1., 0., 0., 0.,
           0., 0.],
          [1., 0., 1., 1., 1., 1., 0., 1., 0., 0., 1., 1., 1., 0., 0., 0., 1.,
           1., 0.],
          [1., 0., 0., 1., 0., 1., 1., 0., 1., 1., 1., 1., 1., 1., 1., 1., 0.,
           1., 1.],
          [0., 0., 0., 0., 1., 1., 0., 1., 1., 1., 1., 0., 1., 1., 0., 1., 1.,
           0., 1.],
          [1., 0., 1., 1., 0., 1., 0., 0., 1., 0., 0., 0., 0., 0., 1., 0., 0.,
           1., 0.],
          [1., 1., 0., 0., 1., 0., 0., 0., 0., 1., 0., 0., 1., 0., 0., 0., 1.,
           1., 1.],
          [1., 1., 1., 0., 0., 1., 1., 0., 0., 1., 0., 0., 1., 0., 1., 0., 1.,
           0., 0.],
          [0., 1., 0., 0., 1., 0., 0., 1., 1., 1., 0., 1., 1., 0., 1., 0., 0.,
           1., 1.],
          [1., 0., 0., 0., 1., 1., 0., 1., 1., 0., 1., 0., 0., 0., 1., 1., 0.,
           1., 0.]]]], device='cuda:0'), tensor([[0.4147]], device='cuda:0'))
2026-01-08 17:09:33 - INFO - [ 0.8026084  -0.27087218  0.00243268  0.02717712  0.00243269  0.02717712
  0.99439824 -0.04220387]
2026-01-08 17:09:33 - INFO - (tensor([[[[1., 0., 0., 1., 0., 0., 1., 1., 0., 0., 1., 1., 0., 1., 1., 0., 0.,
           0., 1.],
          [1., 0., 1., 1., 0., 1., 0., 0., 1., 0., 0., 1., 0., 0., 0., 0., 0.,
           1., 0.],
          [0., 1., 0., 0., 0., 0., 0., 1., 0., 0., 1., 0., 0., 1., 1., 0., 0.,
           0., 0.],
          [1., 1., 0., 1., 0., 1., 1., 0., 1., 1., 0., 1., 0., 0., 1., 0., 0.,
           1., 1.],
          [1., 0., 0., 0., 0., 0., 1., 0., 0., 0., 0., 1., 1., 1., 0., 1., 1.,
           0., 1.],
          [1., 0., 0., 0., 1., 1., 1., 1., 0., 0., 1., 1., 0., 1., 1., 1., 1.,
           1., 0.],
          [0., 1., 0., 0., 1., 1., 0., 0., 1., 1., 1., 0., 0., 0., 0., 0., 1.,
           0., 1.],
          [1., 0., 1., 1., 0., 1., 1., 1., 1., 0., 0., 1., 0., 1., 0., 1., 0.,
           0., 0.],
          [0., 1., 0., 1., 0., 1., 1., 0., 0., 0., 0., 0., 1., 1., 1., 0., 1.,
           1., 0.],
          [1., 1., 0., 0., 1., 1., 0., 1., 1., 0., 1., 1., 1., 0., 0., 0., 1.,
           1., 1.],
          [0., 0., 1., 0., 0., 1., 1., 0., 1., 0., 1., 0., 0., 1., 0., 0., 0.,
           0., 0.],
          [1., 0., 1., 1., 1., 1., 0., 1., 0., 0., 1., 1., 1., 0., 0., 0., 1.,
           1., 0.],
          [1., 0., 0., 1., 0., 1., 1., 0., 1., 1., 1., 1., 1., 1., 1., 1., 0.,
           1., 1.],
          [0., 0., 0., 0., 1., 1., 0., 1., 1., 1., 1., 0., 1., 1., 0., 1., 1.,
           0., 1.],
          [1., 0., 1., 1., 0., 1., 0., 0., 1., 0., 0., 0., 0., 0., 1., 0., 0.,
           1., 0.],
          [1., 1., 0., 0., 1., 0., 0., 0., 0., 1., 0., 0., 1., 0., 0., 0., 1.,
           1., 1.],
          [1., 1., 1., 0., 0., 1., 1., 0., 0., 1., 0., 0., 1., 0., 1., 0., 1.,
           0., 0.],
          [0., 1., 0., 0., 1., 0., 0., 1., 1., 1., 0., 1., 1., 0., 1., 0., 0.,
           1., 1.],
          [1., 0., 0., 0., 1., 1., 0., 1., 1., 0., 1., 0., 0., 0., 1., 1., 0.,
           1., 0.]]]], device='cuda:0'), tensor([[0.4181]], device='cuda:0'))
2026-01-08 17:09:33 - INFO - [ 0.80156755 -0.27337363  0.00254535  0.02747379  0.00254535  0.02747379
  0.99442065 -0.04264845]
2026-01-08 17:09:33 - INFO - (tensor([[[[1., 0., 0., 1., 0., 0., 1., 1., 0., 0., 1., 1., 0., 1., 1., 0., 0.,
           0., 1.],
          [1., 0., 1., 1., 0., 1., 0., 0., 1., 0., 0., 1., 0., 0., 0., 0., 0.,
           1., 0.],
          [0., 1., 0., 0., 0., 0., 0., 1., 0., 0., 1., 0., 0., 1., 1., 0., 0.,
           0., 0.],
          [1., 1., 0., 1., 0., 1., 1., 0., 1., 1., 0., 1., 0., 0., 1., 0., 0.,
           1., 1.],
          [1., 0., 0., 0., 0., 0., 1., 0., 0., 0., 0., 1., 1., 1., 0., 1., 1.,
           0., 1.],
          [1., 0., 0., 0., 1., 1., 1., 1., 0., 0., 1., 1., 0., 1., 1., 1., 1.,
           1., 0.],
          [0., 1., 0., 0., 1., 1., 0., 0., 1., 1., 1., 0., 0., 0., 0., 0., 1.,
           0., 1.],
          [1., 0., 1., 1., 0., 1., 1., 1., 1., 0., 0., 1., 0., 1., 0., 1., 0.,
           0., 0.],
          [0., 1., 0., 1., 0., 1., 1., 0., 0., 0., 0., 0., 1., 1., 1., 0., 1.,
           1., 0.],
          [1., 1., 0., 0., 1., 1., 0., 1., 1., 0., 1., 1., 1., 0., 0., 0., 1.,
           1., 1.],
          [0., 0., 1., 0., 0., 1., 1., 0., 1., 0., 1., 0., 0., 1., 0., 0., 0.,
           0., 0.],
          [1., 0., 1., 1., 1., 1., 0., 1., 0., 0., 1., 1., 1., 0., 0., 0., 1.,
           1., 0.],
          [1., 0., 0., 1., 0., 1., 1., 0., 1., 1., 1., 1., 1., 1., 1., 1., 0.,
           1., 1.],
          [0., 0., 0., 0., 1., 1., 0., 1., 1., 1., 1., 0., 1., 1., 0., 1., 1.,
           0., 1.],
          [1., 0., 1., 1., 0., 1., 0., 0., 1., 0., 0., 0., 0., 0., 1., 0., 0.,
           1., 0.],
          [1., 1., 0., 0., 1., 0., 0., 0., 0., 1., 0., 0., 1., 0., 0., 0., 1.,
           1., 1.],
          [1., 1., 1., 0., 0., 1., 1., 0., 0., 1., 0., 0., 1., 0., 1., 0., 1.,
           0., 0.],
          [0., 1., 0., 0., 1., 0., 0., 1., 1., 1., 0., 1., 1., 0., 1., 0., 0.,
           1., 1.],
          [1., 0., 0., 0., 1., 1., 0., 1., 1., 0., 1., 0., 0., 0., 1., 1., 0.,
           1., 0.]]]], device='cuda:0'), tensor([[0.4214]], device='cuda:0'))
2026-01-08 17:09:33 - INFO - [ 0.80051786 -0.27579853  0.00265653  0.02776805  0.00265654  0.02776805
  0.9944462  -0.04310979]
2026-01-08 17:09:33 - INFO - (tensor([[[[1., 0., 0., 1., 0., 0., 1., 1., 0., 0., 1., 1., 0., 1., 1., 0., 0.,
           0., 1.],
          [1., 0., 1., 1., 0., 1., 0., 0., 1., 0., 0., 1., 0., 0., 0., 0., 0.,
           1., 0.],
          [0., 1., 0., 0., 0., 0., 0., 1., 0., 0., 1., 0., 0., 1., 1., 0., 0.,
           0., 0.],
          [1., 1., 0., 1., 0., 1., 1., 0., 1., 1., 0., 1., 0., 0., 1., 0., 0.,
           1., 1.],
          [1., 0., 0., 0., 0., 0., 1., 0., 0., 0., 0., 1., 1., 1., 0., 1., 1.,
           0., 1.],
          [1., 0., 0., 0., 1., 1., 1., 1., 0., 0., 1., 1., 0., 1., 1., 1., 1.,
           1., 0.],
          [0., 1., 0., 0., 1., 1., 0., 0., 1., 1., 1., 0., 0., 0., 0., 0., 1.,
           0., 1.],
          [1., 0., 1., 1., 0., 1., 1., 1., 1., 0., 0., 1., 0., 1., 0., 1., 0.,
           0., 0.],
          [0., 1., 0., 1., 0., 1., 1., 0., 0., 0., 0., 0., 1., 1., 1., 0., 1.,
           1., 0.],
          [1., 1., 0., 0., 1., 1., 0., 1., 1., 0., 1., 1., 1., 0., 0., 0., 1.,
           1., 1.],
          [0., 0., 1., 0., 0., 1., 1., 0., 1., 0., 1., 0., 0., 1., 0., 0., 0.,
           0., 0.],
          [1., 0., 1., 1., 1., 1., 0., 1., 0., 0., 1., 1., 1., 0., 0., 0., 1.,
           1., 0.],
          [1., 0., 0., 1., 0., 1., 1., 0., 1., 1., 1., 1., 1., 1., 1., 1., 0.,
           1., 1.],
          [0., 0., 0., 0., 1., 1., 0., 1., 1., 1., 1., 0., 1., 1., 0., 1., 1.,
           0., 1.],
          [1., 0., 1., 1., 0., 1., 0., 0., 1., 0., 0., 0., 0., 0., 1., 0., 0.,
           1., 0.],
          [1., 1., 0., 0., 1., 0., 0., 0., 0., 1., 0., 0., 1., 0., 0., 0., 1.,
           1., 1.],
          [1., 1., 1., 0., 0., 1., 1., 0., 0., 1., 0., 0., 1., 0., 1., 0., 1.,
           0., 0.],
          [0., 1., 0., 0., 1., 0., 0., 1., 1., 1., 0., 1., 1., 0., 1., 0., 0.,
           1., 1.],
          [1., 0., 0., 0., 1., 1., 0., 1., 1., 0., 1., 0., 0., 0., 1., 1., 0.,
           1., 0.]]]], device='cuda:0'), tensor([[0.4247]], device='cuda:0'))
2026-01-08 17:09:33 - INFO - [ 0.7997782  -0.27762538  0.00276755  0.02802101  0.00276755  0.02802102
  0.9944482  -0.04353509]
2026-01-08 17:09:33 - INFO - (tensor([[[[1., 0., 0., 1., 0., 0., 1., 1., 0., 0., 1., 1., 0., 1., 1., 0., 0.,
           0., 1.],
          [1., 0., 1., 1., 0., 1., 0., 0., 1., 0., 0., 1., 0., 0., 0., 0., 0.,
           1., 0.],
          [0., 1., 0., 0., 0., 0., 0., 1., 0., 0., 1., 0., 0., 1., 1., 0., 0.,
           0., 0.],
          [1., 1., 0., 1., 0., 1., 1., 0., 1., 1., 0., 1., 0., 0., 1., 0., 0.,
           1., 1.],
          [1., 0., 0., 0., 0., 0., 1., 0., 0., 0., 0., 1., 1., 1., 0., 1., 1.,
           0., 1.],
          [1., 0., 0., 0., 1., 1., 1., 1., 0., 0., 1., 1., 0., 1., 1., 1., 1.,
           1., 0.],
          [0., 1., 0., 0., 1., 1., 0., 0., 1., 1., 1., 0., 0., 0., 0., 0., 1.,
           0., 1.],
          [1., 0., 1., 1., 0., 1., 1., 1., 1., 0., 0., 1., 0., 1., 0., 1., 0.,
           0., 0.],
          [0., 1., 0., 1., 0., 1., 1., 0., 0., 0., 0., 0., 1., 1., 1., 0., 1.,
           1., 0.],
          [1., 1., 0., 0., 1., 1., 0., 1., 1., 0., 1., 1., 1., 0., 0., 0., 1.,
           1., 1.],
          [0., 0., 1., 0., 0., 1., 1., 0., 1., 0., 1., 0., 0., 1., 0., 0., 0.,
           0., 0.],
          [1., 0., 1., 1., 1., 1., 0., 1., 0., 0., 1., 1., 1., 0., 0., 0., 1.,
           1., 0.],
          [1., 0., 0., 1., 0., 1., 1., 0., 1., 1., 1., 1., 1., 1., 1., 1., 0.,
           1., 1.],
          [0., 0., 0., 0., 1., 1., 0., 1., 1., 1., 1., 0., 1., 1., 0., 1., 1.,
           0., 1.],
          [1., 0., 1., 1., 0., 1., 0., 0., 1., 0., 0., 0., 0., 0., 1., 0., 0.,
           1., 0.],
          [1., 1., 0., 0., 1., 0., 0., 0., 0., 1., 0., 0., 1., 0., 0., 0., 1.,
           1., 1.],
          [1., 1., 1., 0., 0., 1., 1., 0., 0., 1., 0., 0., 1., 0., 1., 0., 1.,
           0., 0.],
          [0., 1., 0., 0., 1., 0., 0., 1., 1., 1., 0., 1., 1., 0., 1., 0., 0.,
           1., 1.],
          [1., 0., 0., 0., 1., 1., 0., 1., 1., 0., 1., 0., 0., 0., 1., 1., 0.,
           1., 0.]]]], device='cuda:0'), tensor([[0.4281]], device='cuda:0'))
2026-01-08 17:09:33 - INFO - [ 0.799143   -0.27895084  0.00283638  0.0281936   0.00283638  0.0281936
  0.99440455 -0.04391047]
2026-01-08 17:09:33 - INFO - (tensor([[[[1., 0., 0., 1., 0., 0., 1., 1., 0., 0., 1., 1., 0., 1., 1., 0., 0.,
           0., 1.],
          [1., 0., 1., 1., 0., 1., 0., 0., 1., 0., 0., 1., 0., 0., 0., 0., 0.,
           1., 0.],
          [0., 1., 0., 0., 0., 0., 0., 1., 0., 0., 1., 0., 0., 1., 1., 0., 0.,
           0., 0.],
          [1., 1., 0., 1., 0., 1., 1., 0., 1., 1., 0., 1., 0., 0., 1., 0., 0.,
           1., 1.],
          [1., 0., 0., 0., 0., 0., 1., 0., 0., 0., 0., 1., 1., 1., 0., 1., 1.,
           0., 1.],
          [1., 0., 0., 0., 1., 1., 1., 1., 0., 0., 1., 1., 0., 1., 1., 1., 1.,
           1., 0.],
          [0., 1., 0., 0., 1., 1., 0., 0., 1., 1., 1., 0., 0., 0., 0., 0., 1.,
           0., 1.],
          [1., 0., 1., 1., 0., 1., 1., 1., 1., 0., 0., 1., 0., 1., 0., 1., 0.,
           0., 0.],
          [0., 1., 0., 1., 0., 1., 1., 0., 0., 0., 0., 0., 1., 1., 1., 0., 1.,
           1., 0.],
          [1., 1., 0., 0., 1., 1., 0., 1., 1., 0., 1., 1., 1., 0., 0., 0., 1.,
           1., 1.],
          [0., 0., 1., 0., 0., 1., 1., 0., 1., 0., 1., 0., 0., 1., 0., 0., 0.,
           0., 0.],
          [1., 0., 1., 1., 1., 1., 0., 1., 0., 0., 1., 1., 1., 0., 0., 0., 1.,
           1., 0.],
          [1., 0., 0., 1., 0., 1., 1., 0., 1., 1., 1., 1., 1., 1., 1., 1., 0.,
           1., 1.],
          [0., 0., 0., 0., 1., 1., 0., 1., 1., 1., 1., 0., 1., 1., 0., 1., 1.,
           0., 1.],
          [1., 0., 1., 1., 0., 1., 0., 0., 1., 0., 0., 0., 0., 0., 1., 0., 0.,
           1., 0.],
          [1., 1., 0., 0., 1., 0., 0., 0., 0., 1., 0., 0., 1., 0., 0., 0., 1.,
           1., 1.],
          [1., 1., 1., 0., 0., 1., 1., 0., 0., 1., 0., 0., 1., 0., 1., 0., 1.,
           0., 0.],
          [0., 1., 0., 0., 1., 0., 0., 1., 1., 1., 0., 1., 1., 0., 1., 0., 0.,
           1., 1.],
          [1., 0., 0., 0., 1., 1., 0., 1., 1., 0., 1., 0., 0., 0., 1., 1., 0.,
           1., 0.]]]], device='cuda:0'), tensor([[0.4314]], device='cuda:0'))
2026-01-08 17:09:33 - INFO - [ 0.7985074  -0.28026715  0.00290593  0.02837181  0.00290593  0.02837182
  0.99435765 -0.04429077]
2026-01-08 17:09:33 - INFO - (tensor([[[[1., 0., 0., 1., 0., 0., 1., 1., 0., 0., 1., 1., 0., 1., 1., 0., 0.,
           0., 1.],
          [1., 0., 1., 1., 0., 1., 0., 0., 1., 0., 0., 1., 0., 0., 0., 0., 0.,
           1., 0.],
          [0., 1., 0., 0., 0., 0., 0., 1., 0., 0., 1., 0., 0., 1., 1., 0., 0.,
           0., 0.],
          [1., 1., 0., 1., 0., 1., 1., 0., 1., 1., 0., 1., 0., 0., 1., 0., 0.,
           1., 1.],
          [1., 0., 0., 0., 0., 0., 1., 0., 0., 0., 0., 1., 1., 1., 0., 1., 1.,
           0., 1.],
          [1., 0., 0., 0., 1., 1., 1., 1., 0., 0., 1., 1., 0., 1., 1., 1., 1.,
           1., 0.],
          [0., 1., 0., 0., 1., 1., 0., 0., 1., 1., 1., 0., 0., 0., 0., 0., 1.,
           0., 1.],
          [1., 0., 1., 1., 0., 1., 1., 1., 1., 0., 0., 1., 0., 1., 0., 1., 0.,
           0., 0.],
          [0., 1., 0., 1., 0., 1., 1., 0., 0., 0., 0., 0., 1., 1., 1., 0., 1.,
           1., 0.],
          [1., 1., 0., 0., 1., 1., 0., 1., 1., 0., 1., 1., 1., 0., 0., 0., 1.,
           1., 1.],
          [0., 0., 1., 0., 0., 1., 1., 0., 1., 0., 1., 0., 0., 1., 0., 0., 0.,
           0., 0.],
          [1., 0., 1., 1., 1., 1., 0., 1., 0., 0., 1., 1., 1., 0., 0., 0., 1.,
           1., 0.],
          [1., 0., 0., 1., 0., 1., 1., 0., 1., 1., 1., 1., 1., 1., 1., 1., 0.,
           1., 1.],
          [0., 0., 0., 0., 1., 1., 0., 1., 1., 1., 1., 0., 1., 1., 0., 1., 1.,
           0., 1.],
          [1., 0., 1., 1., 0., 1., 0., 0., 1., 0., 0., 0., 0., 0., 1., 0., 0.,
           1., 0.],
          [1., 1., 0., 0., 1., 0., 0., 0., 0., 1., 0., 0., 1., 0., 0., 0., 1.,
           1., 1.],
          [1., 1., 1., 0., 0., 1., 1., 0., 0., 1., 0., 0., 1., 0., 1., 0., 1.,
           0., 0.],
          [0., 1., 0., 0., 1., 0., 0., 1., 1., 1., 0., 1., 1., 0., 1., 0., 0.,
           1., 1.],
          [1., 0., 0., 0., 1., 1., 0., 1., 1., 0., 1., 0., 0., 0., 1., 1., 0.,
           1., 0.]]]], device='cuda:0'), tensor([[0.4348]], device='cuda:0'))
2026-01-08 17:09:33 - INFO - [ 0.7978902  -0.28152657  0.00297206  0.02854497  0.00297207  0.02854497
  0.9943119  -0.04465432]
2026-01-08 17:09:33 - INFO - (tensor([[[[1., 0., 0., 1., 0., 0., 1., 1., 0., 0., 1., 1., 0., 1., 1., 0., 0.,
           0., 1.],
          [1., 0., 1., 1., 0., 1., 0., 0., 1., 0., 0., 1., 0., 0., 0., 0., 0.,
           1., 0.],
          [0., 1., 0., 0., 0., 0., 0., 1., 0., 0., 1., 0., 0., 1., 1., 0., 0.,
           0., 0.],
          [1., 1., 0., 1., 0., 1., 1., 0., 1., 1., 0., 1., 0., 0., 1., 0., 0.,
           1., 1.],
          [1., 0., 0., 0., 0., 0., 1., 0., 0., 0., 0., 1., 1., 1., 0., 1., 1.,
           0., 1.],
          [1., 0., 0., 0., 1., 1., 1., 1., 0., 0., 1., 1., 0., 1., 1., 1., 1.,
           1., 0.],
          [0., 1., 0., 0., 1., 1., 0., 0., 1., 1., 1., 0., 0., 0., 0., 0., 1.,
           0., 1.],
          [1., 0., 1., 1., 0., 1., 1., 1., 1., 0., 0., 1., 0., 1., 0., 1., 0.,
           0., 0.],
          [0., 1., 0., 1., 0., 1., 1., 0., 0., 0., 0., 0., 1., 1., 1., 0., 1.,
           1., 0.],
          [1., 1., 0., 0., 1., 1., 0., 1., 1., 0., 1., 1., 1., 0., 0., 0., 1.,
           1., 1.],
          [0., 0., 1., 0., 0., 1., 1., 0., 1., 0., 1., 0., 0., 1., 0., 0., 0.,
           0., 0.],
          [1., 0., 1., 1., 1., 1., 0., 1., 0., 0., 1., 1., 1., 0., 0., 0., 1.,
           1., 0.],
          [1., 0., 0., 1., 0., 1., 1., 0., 1., 1., 1., 1., 1., 1., 1., 1., 0.,
           1., 1.],
          [0., 0., 0., 0., 1., 1., 0., 1., 1., 1., 1., 0., 1., 1., 0., 1., 1.,
           0., 1.],
          [1., 0., 1., 1., 0., 1., 0., 0., 1., 0., 0., 0., 0., 0., 1., 0., 0.,
           1., 0.],
          [1., 1., 0., 0., 1., 0., 0., 0., 0., 1., 0., 0., 1., 0., 0., 0., 1.,
           1., 1.],
          [1., 1., 1., 0., 0., 1., 1., 0., 0., 1., 0., 0., 1., 0., 1., 0., 1.,
           0., 0.],
          [0., 1., 0., 0., 1., 0., 0., 1., 1., 1., 0., 1., 1., 0., 1., 0., 0.,
           1., 1.],
          [1., 0., 0., 0., 1., 1., 0., 1., 1., 0., 1., 0., 0., 0., 1., 1., 0.,
           1., 0.]]]], device='cuda:0'), tensor([[0.4381]], device='cuda:0'))
2026-01-08 17:09:33 - INFO - [ 0.7972947  -0.2827332   0.00303702  0.02872249  0.00303702  0.02872249
  0.9942706  -0.04499556]
2026-01-08 17:09:33 - INFO - (tensor([[[[1., 0., 0., 1., 0., 0., 1., 1., 0., 0., 1., 1., 0., 1., 1., 0., 0.,
           0., 1.],
          [1., 0., 1., 1., 0., 1., 0., 0., 1., 0., 0., 1., 0., 0., 0., 0., 0.,
           1., 0.],
          [0., 1., 0., 0., 0., 0., 0., 1., 0., 0., 1., 0., 0., 1., 1., 0., 0.,
           0., 0.],
          [1., 1., 0., 1., 0., 1., 1., 0., 1., 1., 0., 1., 0., 0., 1., 0., 0.,
           1., 1.],
          [1., 0., 0., 0., 0., 0., 1., 0., 0., 0., 0., 1., 1., 1., 0., 1., 1.,
           0., 1.],
          [1., 0., 0., 0., 1., 1., 1., 1., 0., 0., 1., 1., 0., 1., 1., 1., 1.,
           1., 0.],
          [0., 1., 0., 0., 1., 1., 0., 0., 1., 1., 1., 0., 0., 0., 0., 0., 1.,
           0., 1.],
          [1., 0., 1., 1., 0., 1., 1., 1., 1., 0., 0., 1., 0., 1., 0., 1., 0.,
           0., 0.],
          [0., 1., 0., 1., 0., 1., 1., 0., 0., 0., 0., 0., 1., 1., 1., 0., 1.,
           1., 0.],
          [1., 1., 0., 0., 1., 1., 0., 1., 1., 0., 1., 1., 1., 0., 0., 0., 1.,
           1., 1.],
          [0., 0., 1., 0., 0., 1., 1., 0., 1., 0., 1., 0., 0., 1., 0., 0., 0.,
           0., 0.],
          [1., 0., 1., 1., 1., 1., 0., 1., 0., 0., 1., 1., 1., 0., 0., 0., 1.,
           1., 0.],
          [1., 0., 0., 1., 0., 1., 1., 0., 1., 1., 1., 1., 1., 1., 1., 1., 0.,
           1., 1.],
          [0., 0., 0., 0., 1., 1., 0., 1., 1., 1., 1., 0., 1., 1., 0., 1., 1.,
           0., 1.],
          [1., 0., 1., 1., 0., 1., 0., 0., 1., 0., 0., 0., 0., 0., 1., 0., 0.,
           1., 0.],
          [1., 1., 0., 0., 1., 0., 0., 0., 0., 1., 0., 0., 1., 0., 0., 0., 1.,
           1., 1.],
          [1., 1., 1., 0., 0., 1., 1., 0., 0., 1., 0., 0., 1., 0., 1., 0., 1.,
           0., 0.],
          [0., 1., 0., 0., 1., 0., 0., 1., 1., 1., 0., 1., 1., 0., 1., 0., 0.,
           1., 1.],
          [1., 0., 0., 0., 1., 1., 0., 1., 1., 0., 1., 0., 0., 0., 1., 1., 0.,
           1., 0.]]]], device='cuda:0'), tensor([[0.4415]], device='cuda:0'))
2026-01-08 17:09:34 - INFO - [ 0.79652804 -0.2843229   0.00312836  0.02898382  0.00312836  0.02898382
  0.99421287 -0.04538749]
2026-01-08 17:09:34 - INFO - (tensor([[[[1., 0., 0., 1., 0., 0., 1., 1., 0., 0., 1., 1., 0., 1., 1., 0., 0.,
           0., 1.],
          [1., 0., 1., 1., 0., 1., 0., 0., 1., 0., 0., 1., 0., 0., 0., 0., 0.,
           1., 0.],
          [0., 1., 0., 0., 0., 0., 0., 1., 0., 0., 1., 0., 0., 1., 1., 0., 0.,
           0., 0.],
          [1., 1., 0., 1., 0., 1., 1., 0., 1., 1., 0., 1., 0., 0., 1., 0., 0.,
           1., 1.],
          [1., 0., 0., 0., 0., 0., 1., 0., 0., 0., 0., 1., 1., 1., 0., 1., 1.,
           0., 1.],
          [1., 0., 0., 0., 1., 1., 1., 1., 0., 0., 1., 1., 0., 1., 1., 1., 1.,
           1., 0.],
          [0., 1., 0., 0., 1., 1., 0., 0., 1., 1., 1., 0., 0., 0., 0., 0., 1.,
           0., 1.],
          [1., 0., 1., 1., 0., 1., 1., 1., 1., 0., 0., 1., 0., 1., 0., 1., 0.,
           0., 0.],
          [0., 1., 0., 1., 0., 1., 1., 0., 0., 0., 0., 0., 1., 1., 1., 0., 1.,
           1., 0.],
          [1., 1., 0., 0., 1., 1., 0., 1., 1., 0., 1., 1., 1., 0., 0., 0., 1.,
           1., 1.],
          [0., 0., 1., 0., 0., 1., 1., 0., 1., 0., 1., 0., 0., 1., 0., 0., 0.,
           0., 0.],
          [1., 0., 1., 1., 1., 1., 0., 1., 0., 0., 1., 1., 1., 0., 0., 0., 1.,
           1., 0.],
          [1., 0., 0., 1., 0., 1., 1., 0., 1., 1., 1., 1., 1., 1., 1., 1., 0.,
           1., 1.],
          [0., 0., 0., 0., 1., 1., 0., 1., 1., 1., 1., 0., 1., 1., 0., 1., 1.,
           0., 1.],
          [1., 0., 1., 1., 0., 1., 0., 0., 1., 0., 0., 0., 0., 0., 1., 0., 0.,
           1., 0.],
          [1., 1., 0., 0., 1., 0., 0., 0., 0., 1., 0., 0., 1., 0., 0., 0., 1.,
           1., 1.],
          [1., 1., 1., 0., 0., 1., 1., 0., 0., 1., 0., 0., 1., 0., 1., 0., 1.,
           0., 0.],
          [0., 1., 0., 0., 1., 0., 0., 1., 1., 1., 0., 1., 1., 0., 1., 0., 0.,
           1., 1.],
          [1., 0., 0., 0., 1., 1., 0., 1., 1., 0., 1., 0., 0., 0., 1., 1., 0.,
           1., 0.]]]], device='cuda:0'), tensor([[0.4448]], device='cuda:0'))
2026-01-08 17:09:34 - INFO - [ 0.7956898  -0.28604054  0.00322722  0.02928113  0.00322723  0.02928113
  0.99414504 -0.04577626]
2026-01-08 17:09:34 - INFO - (tensor([[[[1., 0., 0., 1., 0., 0., 1., 1., 0., 0., 1., 1., 0., 1., 1., 0., 0.,
           0., 1.],
          [1., 0., 1., 1., 0., 1., 0., 0., 1., 0., 0., 1., 0., 0., 0., 0., 0.,
           1., 0.],
          [0., 1., 0., 0., 0., 0., 0., 1., 0., 0., 1., 0., 0., 1., 1., 0., 0.,
           0., 0.],
          [1., 1., 0., 1., 0., 1., 1., 0., 1., 1., 0., 1., 0., 0., 1., 0., 0.,
           1., 1.],
          [1., 0., 0., 0., 0., 0., 1., 0., 0., 0., 0., 1., 1., 1., 0., 1., 1.,
           0., 1.],
          [1., 0., 0., 0., 1., 1., 1., 1., 0., 0., 1., 1., 0., 1., 1., 1., 1.,
           1., 0.],
          [0., 1., 0., 0., 1., 1., 0., 0., 1., 1., 1., 0., 0., 0., 0., 0., 1.,
           0., 1.],
          [1., 0., 1., 1., 0., 1., 1., 1., 1., 0., 0., 1., 0., 1., 0., 1., 0.,
           0., 0.],
          [0., 1., 0., 1., 0., 1., 1., 0., 0., 0., 0., 0., 1., 1., 1., 0., 1.,
           1., 0.],
          [1., 1., 0., 0., 1., 1., 0., 1., 1., 0., 1., 1., 1., 0., 0., 0., 1.,
           1., 1.],
          [0., 0., 1., 0., 0., 1., 1., 0., 1., 0., 1., 0., 0., 1., 0., 0., 0.,
           0., 0.],
          [1., 0., 1., 1., 1., 1., 0., 1., 0., 0., 1., 1., 1., 0., 0., 0., 1.,
           1., 0.],
          [1., 0., 0., 1., 0., 1., 1., 0., 1., 1., 1., 1., 1., 1., 1., 1., 0.,
           1., 1.],
          [0., 0., 0., 0., 1., 1., 0., 1., 1., 1., 1., 0., 1., 1., 0., 1., 1.,
           0., 1.],
          [1., 0., 1., 1., 0., 1., 0., 0., 1., 0., 0., 0., 0., 0., 1., 0., 0.,
           1., 0.],
          [1., 1., 0., 0., 1., 0., 0., 0., 0., 1., 0., 0., 1., 0., 0., 0., 1.,
           1., 1.],
          [1., 1., 1., 0., 0., 1., 1., 0., 0., 1., 0., 0., 1., 0., 1., 0., 1.,
           0., 0.],
          [0., 1., 0., 0., 1., 0., 0., 1., 1., 1., 0., 1., 1., 0., 1., 0., 0.,
           1., 1.],
          [1., 0., 0., 0., 1., 1., 0., 1., 1., 0., 1., 0., 0., 0., 1., 1., 0.,
           1., 0.]]]], device='cuda:0'), tensor([[0.4482]], device='cuda:0'))
2026-01-08 17:09:34 - INFO - [ 0.79488534 -0.28767866  0.0033228   0.02956464  0.00332281  0.02956464
  0.99408376 -0.04614612]
2026-01-08 17:09:34 - INFO - (tensor([[[[1., 0., 0., 1., 0., 0., 1., 1., 0., 0., 1., 1., 0., 1., 1., 0., 0.,
           0., 1.],
          [1., 0., 1., 1., 0., 1., 0., 0., 1., 0., 0., 1., 0., 0., 0., 0., 0.,
           1., 0.],
          [0., 1., 0., 0., 0., 0., 0., 1., 0., 0., 1., 0., 0., 1., 1., 0., 0.,
           0., 0.],
          [1., 1., 0., 1., 0., 1., 1., 0., 1., 1., 0., 1., 0., 0., 1., 0., 0.,
           1., 1.],
          [1., 0., 0., 0., 0., 0., 1., 0., 0., 0., 0., 1., 1., 1., 0., 1., 1.,
           0., 1.],
          [1., 0., 0., 0., 1., 1., 1., 1., 0., 0., 1., 1., 0., 1., 1., 1., 1.,
           1., 0.],
          [0., 1., 0., 0., 1., 1., 0., 0., 1., 1., 1., 0., 0., 0., 0., 0., 1.,
           0., 1.],
          [1., 0., 1., 1., 0., 1., 1., 1., 1., 0., 0., 1., 0., 1., 0., 1., 0.,
           0., 0.],
          [0., 1., 0., 1., 0., 1., 1., 0., 0., 0., 0., 0., 1., 1., 1., 0., 1.,
           1., 0.],
          [1., 1., 0., 0., 1., 1., 0., 1., 1., 0., 1., 1., 1., 0., 0., 0., 1.,
           1., 1.],
          [0., 0., 1., 0., 0., 1., 1., 0., 1., 0., 1., 0., 0., 1., 0., 0., 0.,
           0., 0.],
          [1., 0., 1., 1., 1., 1., 0., 1., 0., 0., 1., 1., 1., 0., 0., 0., 1.,
           1., 0.],
          [1., 0., 0., 1., 0., 1., 1., 0., 1., 1., 1., 1., 1., 1., 1., 1., 0.,
           1., 1.],
          [0., 0., 0., 0., 1., 1., 0., 1., 1., 1., 1., 0., 1., 1., 0., 1., 1.,
           0., 1.],
          [1., 0., 1., 1., 0., 1., 0., 0., 1., 0., 0., 0., 0., 0., 1., 0., 0.,
           1., 0.],
          [1., 1., 0., 0., 1., 0., 0., 0., 0., 1., 0., 0., 1., 0., 0., 0., 1.,
           1., 1.],
          [1., 1., 1., 0., 0., 1., 1., 0., 0., 1., 0., 0., 1., 0., 1., 0., 1.,
           0., 0.],
          [0., 1., 0., 0., 1., 0., 0., 1., 1., 1., 0., 1., 1., 0., 1., 0., 0.,
           1., 1.],
          [1., 0., 0., 0., 1., 1., 0., 1., 1., 0., 1., 0., 0., 0., 1., 1., 0.,
           1., 0.]]]], device='cuda:0'), tensor([[0.4515]], device='cuda:0'))
2026-01-08 17:09:34 - INFO - [ 0.79408526 -0.28931156  0.00342003  0.02984825  0.00342004  0.02984825
  0.9940261  -0.04650772]
2026-01-08 17:09:34 - INFO - (tensor([[[[1., 0., 0., 1., 0., 0., 1., 1., 0., 0., 1., 1., 0., 1., 1., 0., 0.,
           0., 1.],
          [1., 0., 1., 1., 0., 1., 0., 0., 1., 0., 0., 1., 0., 0., 0., 0., 0.,
           1., 0.],
          [0., 1., 0., 0., 0., 0., 0., 1., 0., 0., 1., 0., 0., 1., 1., 0., 0.,
           0., 0.],
          [1., 1., 0., 1., 0., 1., 1., 0., 1., 1., 0., 1., 0., 0., 1., 0., 0.,
           1., 1.],
          [1., 0., 0., 0., 0., 0., 1., 0., 0., 0., 0., 1., 1., 1., 0., 1., 1.,
           0., 1.],
          [1., 0., 0., 0., 1., 1., 1., 1., 0., 0., 1., 1., 0., 1., 1., 1., 1.,
           1., 0.],
          [0., 1., 0., 0., 1., 1., 0., 0., 1., 1., 1., 0., 0., 0., 0., 0., 1.,
           0., 1.],
          [1., 0., 1., 1., 0., 1., 1., 1., 1., 0., 0., 1., 0., 1., 0., 1., 0.,
           0., 0.],
          [0., 1., 0., 1., 0., 1., 1., 0., 0., 0., 0., 0., 1., 1., 1., 0., 1.,
           1., 0.],
          [1., 1., 0., 0., 1., 1., 0., 1., 1., 0., 1., 1., 1., 0., 0., 0., 1.,
           1., 1.],
          [0., 0., 1., 0., 0., 1., 1., 0., 1., 0., 1., 0., 0., 1., 0., 0., 0.,
           0., 0.],
          [1., 0., 1., 1., 1., 1., 0., 1., 0., 0., 1., 1., 1., 0., 0., 0., 1.,
           1., 0.],
          [1., 0., 0., 1., 0., 1., 1., 0., 1., 1., 1., 1., 1., 1., 1., 1., 0.,
           1., 1.],
          [0., 0., 0., 0., 1., 1., 0., 1., 1., 1., 1., 0., 1., 1., 0., 1., 1.,
           0., 1.],
          [1., 0., 1., 1., 0., 1., 0., 0., 1., 0., 0., 0., 0., 0., 1., 0., 0.,
           1., 0.],
          [1., 1., 0., 0., 1., 0., 0., 0., 0., 1., 0., 0., 1., 0., 0., 0., 1.,
           1., 1.],
          [1., 1., 1., 0., 0., 1., 1., 0., 0., 1., 0., 0., 1., 0., 1., 0., 1.,
           0., 0.],
          [0., 1., 0., 0., 1., 0., 0., 1., 1., 1., 0., 1., 1., 0., 1., 0., 0.,
           1., 1.],
          [1., 0., 0., 0., 1., 1., 0., 1., 1., 0., 1., 0., 0., 0., 1., 1., 0.,
           1., 0.]]]], device='cuda:0'), tensor([[0.4548]], device='cuda:0'))
2026-01-08 17:09:34 - INFO - [ 0.79337835 -0.29072583  0.00350359  0.03009441  0.0035036   0.03009441
  0.99397355 -0.04682424]
2026-01-08 17:09:34 - INFO - (tensor([[[[1., 0., 0., 1., 0., 0., 1., 1., 0., 0., 1., 1., 0., 1., 1., 0., 0.,
           0., 1.],
          [1., 0., 1., 1., 0., 1., 0., 0., 1., 0., 0., 1., 0., 0., 0., 0., 0.,
           1., 0.],
          [0., 1., 0., 0., 0., 0., 0., 1., 0., 0., 1., 0., 0., 1., 1., 0., 0.,
           0., 0.],
          [1., 1., 0., 1., 0., 1., 1., 0., 1., 1., 0., 1., 0., 0., 1., 0., 0.,
           1., 1.],
          [1., 0., 0., 0., 0., 0., 1., 0., 0., 0., 0., 1., 1., 1., 0., 1., 1.,
           0., 1.],
          [1., 0., 0., 0., 1., 1., 1., 1., 0., 0., 1., 1., 0., 1., 1., 1., 1.,
           1., 0.],
          [0., 1., 0., 0., 1., 1., 0., 0., 1., 1., 1., 0., 0., 0., 0., 0., 1.,
           0., 1.],
          [1., 0., 1., 1., 0., 1., 1., 1., 1., 0., 0., 1., 0., 1., 0., 1., 0.,
           0., 0.],
          [0., 1., 0., 1., 0., 1., 1., 0., 0., 0., 0., 0., 1., 1., 1., 0., 1.,
           1., 0.],
          [1., 1., 0., 0., 1., 1., 0., 1., 1., 0., 1., 1., 1., 0., 0., 0., 1.,
           1., 1.],
          [0., 0., 1., 0., 0., 1., 1., 0., 1., 0., 1., 0., 0., 1., 0., 0., 0.,
           0., 0.],
          [1., 0., 1., 1., 1., 1., 0., 1., 0., 0., 1., 1., 1., 0., 0., 0., 1.,
           1., 0.],
          [1., 0., 0., 1., 0., 1., 1., 0., 1., 1., 1., 1., 1., 1., 1., 1., 0.,
           1., 1.],
          [0., 0., 0., 0., 1., 1., 0., 1., 1., 1., 1., 0., 1., 1., 0., 1., 1.,
           0., 1.],
          [1., 0., 1., 1., 0., 1., 0., 0., 1., 0., 0., 0., 0., 0., 1., 0., 0.,
           1., 0.],
          [1., 1., 0., 0., 1., 0., 0., 0., 0., 1., 0., 0., 1., 0., 0., 0., 1.,
           1., 1.],
          [1., 1., 1., 0., 0., 1., 1., 0., 0., 1., 0., 0., 1., 0., 1., 0., 1.,
           0., 0.],
          [0., 1., 0., 0., 1., 0., 0., 1., 1., 1., 0., 1., 1., 0., 1., 0., 0.,
           1., 1.],
          [1., 0., 0., 0., 1., 1., 0., 1., 1., 0., 1., 0., 0., 0., 1., 1., 0.,
           1., 0.]]]], device='cuda:0'), tensor([[0.4582]], device='cuda:0'))
2026-01-08 17:09:34 - INFO - [ 0.79278684 -0.29188088  0.00357081  0.03029245  0.00357081  0.03029245
  0.9939349  -0.0470786 ]
2026-01-08 17:09:34 - INFO - (tensor([[[[1., 0., 0., 1., 0., 0., 1., 1., 0., 0., 1., 1., 0., 1., 1., 0., 0.,
           0., 1.],
          [1., 0., 1., 1., 0., 1., 0., 0., 1., 0., 0., 1., 0., 0., 0., 0., 0.,
           1., 0.],
          [0., 1., 0., 0., 0., 0., 0., 1., 0., 0., 1., 0., 0., 1., 1., 0., 0.,
           0., 0.],
          [1., 1., 0., 1., 0., 1., 1., 0., 1., 1., 0., 1., 0., 0., 1., 0., 0.,
           1., 1.],
          [1., 0., 0., 0., 0., 0., 1., 0., 0., 0., 0., 1., 1., 1., 0., 1., 1.,
           0., 1.],
          [1., 0., 0., 0., 1., 1., 1., 1., 0., 0., 1., 1., 0., 1., 1., 1., 1.,
           1., 0.],
          [0., 1., 0., 0., 1., 1., 0., 0., 1., 1., 1., 0., 0., 0., 0., 0., 1.,
           0., 1.],
          [1., 0., 1., 1., 0., 1., 1., 1., 1., 0., 0., 1., 0., 1., 0., 1., 0.,
           0., 0.],
          [0., 1., 0., 1., 0., 1., 1., 0., 0., 0., 0., 0., 1., 1., 1., 0., 1.,
           1., 0.],
          [1., 1., 0., 0., 1., 1., 0., 1., 1., 0., 1., 1., 1., 0., 0., 0., 1.,
           1., 1.],
          [0., 0., 1., 0., 0., 1., 1., 0., 1., 0., 1., 0., 0., 1., 0., 0., 0.,
           0., 0.],
          [1., 0., 1., 1., 1., 1., 0., 1., 0., 0., 1., 1., 1., 0., 0., 0., 1.,
           1., 0.],
          [1., 0., 0., 1., 0., 1., 1., 0., 1., 1., 1., 1., 1., 1., 1., 1., 0.,
           1., 1.],
          [0., 0., 0., 0., 1., 1., 0., 1., 1., 1., 1., 0., 1., 1., 0., 1., 1.,
           0., 1.],
          [1., 0., 1., 1., 0., 1., 0., 0., 1., 0., 0., 0., 0., 0., 1., 0., 0.,
           1., 0.],
          [1., 1., 0., 0., 1., 0., 0., 0., 0., 1., 0., 0., 1., 0., 0., 0., 1.,
           1., 1.],
          [1., 1., 1., 0., 0., 1., 1., 0., 0., 1., 0., 0., 1., 0., 1., 0., 1.,
           0., 0.],
          [0., 1., 0., 0., 1., 0., 0., 1., 1., 1., 0., 1., 1., 0., 1., 0., 0.,
           1., 1.],
          [1., 0., 0., 0., 1., 1., 0., 1., 1., 0., 1., 0., 0., 0., 1., 1., 0.,
           1., 0.]]]], device='cuda:0'), tensor([[0.4615]], device='cuda:0'))
2026-01-08 17:09:34 - INFO - [ 0.7921916  -0.29305845  0.00364008  0.03049771  0.00364008  0.03049771
  0.9938961  -0.04734455]
2026-01-08 17:09:34 - INFO - (tensor([[[[1., 0., 0., 1., 0., 0., 1., 1., 0., 0., 1., 1., 0., 1., 1., 0., 0.,
           0., 1.],
          [1., 0., 1., 1., 0., 1., 0., 0., 1., 0., 0., 1., 0., 0., 0., 0., 0.,
           1., 0.],
          [0., 1., 0., 0., 0., 0., 0., 1., 0., 0., 1., 0., 0., 1., 1., 0., 0.,
           0., 0.],
          [1., 1., 0., 1., 0., 1., 1., 0., 1., 1., 0., 1., 0., 0., 1., 0., 0.,
           1., 1.],
          [1., 0., 0., 0., 0., 0., 1., 0., 0., 0., 0., 1., 1., 1., 0., 1., 1.,
           0., 1.],
          [1., 0., 0., 0., 1., 1., 1., 1., 0., 0., 1., 1., 0., 1., 1., 1., 1.,
           1., 0.],
          [0., 1., 0., 0., 1., 1., 0., 0., 1., 1., 1., 0., 0., 0., 0., 0., 1.,
           0., 1.],
          [1., 0., 1., 1., 0., 1., 1., 1., 1., 0., 0., 1., 0., 1., 0., 1., 0.,
           0., 0.],
          [0., 1., 0., 1., 0., 1., 1., 0., 0., 0., 0., 0., 1., 1., 1., 0., 1.,
           1., 0.],
          [1., 1., 0., 0., 1., 1., 0., 1., 1., 0., 1., 1., 1., 0., 0., 0., 1.,
           1., 1.],
          [0., 0., 1., 0., 0., 1., 1., 0., 1., 0., 1., 0., 0., 1., 0., 0., 0.,
           0., 0.],
          [1., 0., 1., 1., 1., 1., 0., 1., 0., 0., 1., 1., 1., 0., 0., 0., 1.,
           1., 0.],
          [1., 0., 0., 1., 0., 1., 1., 0., 1., 1., 1., 1., 1., 1., 1., 1., 0.,
           1., 1.],
          [0., 0., 0., 0., 1., 1., 0., 1., 1., 1., 1., 0., 1., 1., 0., 1., 1.,
           0., 1.],
          [1., 0., 1., 1., 0., 1., 0., 0., 1., 0., 0., 0., 0., 0., 1., 0., 0.,
           1., 0.],
          [1., 1., 0., 0., 1., 0., 0., 0., 0., 1., 0., 0., 1., 0., 0., 0., 1.,
           1., 1.],
          [1., 1., 1., 0., 0., 1., 1., 0., 0., 1., 0., 0., 1., 0., 1., 0., 1.,
           0., 0.],
          [0., 1., 0., 0., 1., 0., 0., 1., 1., 1., 0., 1., 1., 0., 1., 0., 0.,
           1., 1.],
          [1., 0., 0., 0., 1., 1., 0., 1., 1., 0., 1., 0., 0., 0., 1., 1., 0.,
           1., 0.]]]], device='cuda:0'), tensor([[0.4649]], device='cuda:0'))
2026-01-08 17:09:34 - INFO - [ 0.7915791  -0.29433092  0.00371194  0.03071014  0.00371196  0.03071013
  0.9938624  -0.04762582]
2026-01-08 17:09:34 - INFO - (tensor([[[[1., 0., 0., 1., 0., 0., 1., 1., 0., 0., 1., 1., 0., 1., 1., 0., 0.,
           0., 1.],
          [1., 0., 1., 1., 0., 1., 0., 0., 1., 0., 0., 1., 0., 0., 0., 0., 0.,
           1., 0.],
          [0., 1., 0., 0., 0., 0., 0., 1., 0., 0., 1., 0., 0., 1., 1., 0., 0.,
           0., 0.],
          [1., 1., 0., 1., 0., 1., 1., 0., 1., 1., 0., 1., 0., 0., 1., 0., 0.,
           1., 1.],
          [1., 0., 0., 0., 0., 0., 1., 0., 0., 0., 0., 1., 1., 1., 0., 1., 1.,
           0., 1.],
          [1., 0., 0., 0., 1., 1., 1., 1., 0., 0., 1., 1., 0., 1., 1., 1., 1.,
           1., 0.],
          [0., 1., 0., 0., 1., 1., 0., 0., 1., 1., 1., 0., 0., 0., 0., 0., 1.,
           0., 1.],
          [1., 0., 1., 1., 0., 1., 1., 1., 1., 0., 0., 1., 0., 1., 0., 1., 0.,
           0., 0.],
          [0., 1., 0., 1., 0., 1., 1., 0., 0., 0., 0., 0., 1., 1., 1., 0., 1.,
           1., 0.],
          [1., 1., 0., 0., 1., 1., 0., 1., 1., 0., 1., 1., 1., 0., 0., 0., 1.,
           1., 1.],
          [0., 0., 1., 0., 0., 1., 1., 0., 1., 0., 1., 0., 0., 1., 0., 0., 0.,
           0., 0.],
          [1., 0., 1., 1., 1., 1., 0., 1., 0., 0., 1., 1., 1., 0., 0., 0., 1.,
           1., 0.],
          [1., 0., 0., 1., 0., 1., 1., 0., 1., 1., 1., 1., 1., 1., 1., 1., 0.,
           1., 1.],
          [0., 0., 0., 0., 1., 1., 0., 1., 1., 1., 1., 0., 1., 1., 0., 1., 1.,
           0., 1.],
          [1., 0., 1., 1., 0., 1., 0., 0., 1., 0., 0., 0., 0., 0., 1., 0., 0.,
           1., 0.],
          [1., 1., 0., 0., 1., 0., 0., 0., 0., 1., 0., 0., 1., 0., 0., 0., 1.,
           1., 1.],
          [1., 1., 1., 0., 0., 1., 1., 0., 0., 1., 0., 0., 1., 0., 1., 0., 1.,
           0., 0.],
          [0., 1., 0., 0., 1., 0., 0., 1., 1., 1., 0., 1., 1., 0., 1., 0., 0.,
           1., 1.],
          [1., 0., 0., 0., 1., 1., 0., 1., 1., 0., 1., 0., 0., 0., 1., 1., 0.,
           1., 0.]]]], device='cuda:0'), tensor([[0.4682]], device='cuda:0'))
2026-01-08 17:09:34 - INFO - [ 0.7909639  -0.29564515  0.00378742  0.03093123  0.00378742  0.03093124
  0.99383175 -0.04791265]
2026-01-08 17:09:34 - INFO - (tensor([[[[1., 0., 0., 1., 0., 0., 1., 1., 0., 0., 1., 1., 0., 1., 1., 0., 0.,
           0., 1.],
          [1., 0., 1., 1., 0., 1., 0., 0., 1., 0., 0., 1., 0., 0., 0., 0., 0.,
           1., 0.],
          [0., 1., 0., 0., 0., 0., 0., 1., 0., 0., 1., 0., 0., 1., 1., 0., 0.,
           0., 0.],
          [1., 1., 0., 1., 0., 1., 1., 0., 1., 1., 0., 1., 0., 0., 1., 0., 0.,
           1., 1.],
          [1., 0., 0., 0., 0., 0., 1., 0., 0., 0., 0., 1., 1., 1., 0., 1., 1.,
           0., 1.],
          [1., 0., 0., 0., 1., 1., 1., 1., 0., 0., 1., 1., 0., 1., 1., 1., 1.,
           1., 0.],
          [0., 1., 0., 0., 1., 1., 0., 0., 1., 1., 1., 0., 0., 0., 0., 0., 1.,
           0., 1.],
          [1., 0., 1., 1., 0., 1., 1., 1., 1., 0., 0., 1., 0., 1., 0., 1., 0.,
           0., 0.],
          [0., 1., 0., 1., 0., 1., 1., 0., 0., 0., 0., 0., 1., 1., 1., 0., 1.,
           1., 0.],
          [1., 1., 0., 0., 1., 1., 0., 1., 1., 0., 1., 1., 1., 0., 0., 0., 1.,
           1., 1.],
          [0., 0., 1., 0., 0., 1., 1., 0., 1., 0., 1., 0., 0., 1., 0., 0., 0.,
           0., 0.],
          [1., 0., 1., 1., 1., 1., 0., 1., 0., 0., 1., 1., 1., 0., 0., 0., 1.,
           1., 0.],
          [1., 0., 0., 1., 0., 1., 1., 0., 1., 1., 1., 1., 1., 1., 1., 1., 0.,
           1., 1.],
          [0., 0., 0., 0., 1., 1., 0., 1., 1., 1., 1., 0., 1., 1., 0., 1., 1.,
           0., 1.],
          [1., 0., 1., 1., 0., 1., 0., 0., 1., 0., 0., 0., 0., 0., 1., 0., 0.,
           1., 0.],
          [1., 1., 0., 0., 1., 0., 0., 0., 0., 1., 0., 0., 1., 0., 0., 0., 1.,
           1., 1.],
          [1., 1., 1., 0., 0., 1., 1., 0., 0., 1., 0., 0., 1., 0., 1., 0., 1.,
           0., 0.],
          [0., 1., 0., 0., 1., 0., 0., 1., 1., 1., 0., 1., 1., 0., 1., 0., 0.,
           1., 1.],
          [1., 0., 0., 0., 1., 1., 0., 1., 1., 0., 1., 0., 0., 0., 1., 1., 0.,
           1., 0.]]]], device='cuda:0'), tensor([[0.4716]], device='cuda:0'))
2026-01-08 17:09:34 - INFO - [ 0.7902976  -0.29709324  0.00387237  0.03117681  0.00387236  0.03117681
  0.9937972  -0.04821998]
2026-01-08 17:09:34 - INFO - (tensor([[[[1., 0., 0., 1., 0., 0., 1., 1., 0., 0., 1., 1., 0., 1., 1., 0., 0.,
           0., 1.],
          [1., 0., 1., 1., 0., 1., 0., 0., 1., 0., 0., 1., 0., 0., 0., 0., 0.,
           1., 0.],
          [0., 1., 0., 0., 0., 0., 0., 1., 0., 0., 1., 0., 0., 1., 1., 0., 0.,
           0., 0.],
          [1., 1., 0., 1., 0., 1., 1., 0., 1., 1., 0., 1., 0., 0., 1., 0., 0.,
           1., 1.],
          [1., 0., 0., 0., 0., 0., 1., 0., 0., 0., 0., 1., 1., 1., 0., 1., 1.,
           0., 1.],
          [1., 0., 0., 0., 1., 1., 1., 1., 0., 0., 1., 1., 0., 1., 1., 1., 1.,
           1., 0.],
          [0., 1., 0., 0., 1., 1., 0., 0., 1., 1., 1., 0., 0., 0., 0., 0., 1.,
           0., 1.],
          [1., 0., 1., 1., 0., 1., 1., 1., 1., 0., 0., 1., 0., 1., 0., 1., 0.,
           0., 0.],
          [0., 1., 0., 1., 0., 1., 1., 0., 0., 0., 0., 0., 1., 1., 1., 0., 1.,
           1., 0.],
          [1., 1., 0., 0., 1., 1., 0., 1., 1., 0., 1., 1., 1., 0., 0., 0., 1.,
           1., 1.],
          [0., 0., 1., 0., 0., 1., 1., 0., 1., 0., 1., 0., 0., 1., 0., 0., 0.,
           0., 0.],
          [1., 0., 1., 1., 1., 1., 0., 1., 0., 0., 1., 1., 1., 0., 0., 0., 1.,
           1., 0.],
          [1., 0., 0., 1., 0., 1., 1., 0., 1., 1., 1., 1., 1., 1., 1., 1., 0.,
           1., 1.],
          [0., 0., 0., 0., 1., 1., 0., 1., 1., 1., 1., 0., 1., 1., 0., 1., 1.,
           0., 1.],
          [1., 0., 1., 1., 0., 1., 0., 0., 1., 0., 0., 0., 0., 0., 1., 0., 0.,
           1., 0.],
          [1., 1., 0., 0., 1., 0., 0., 0., 0., 1., 0., 0., 1., 0., 0., 0., 1.,
           1., 1.],
          [1., 1., 1., 0., 0., 1., 1., 0., 0., 1., 0., 0., 1., 0., 1., 0., 1.,
           0., 0.],
          [0., 1., 0., 0., 1., 0., 0., 1., 1., 1., 0., 1., 1., 0., 1., 0., 0.,
           1., 1.],
          [1., 0., 0., 0., 1., 1., 0., 1., 1., 0., 1., 0., 0., 0., 1., 1., 0.,
           1., 0.]]]], device='cuda:0'), tensor([[0.4749]], device='cuda:0'))
2026-01-08 17:09:34 - INFO - [ 0.78958607 -0.2986221   0.00396084  0.03142601  0.00396085  0.03142601
  0.99375534 -0.0485457 ]
2026-01-08 17:09:34 - INFO - (tensor([[[[1., 0., 0., 1., 0., 0., 1., 1., 0., 0., 1., 1., 0., 1., 1., 0., 0.,
           0., 1.],
          [1., 0., 1., 1., 0., 1., 0., 0., 1., 0., 0., 1., 0., 0., 0., 0., 0.,
           1., 0.],
          [0., 1., 0., 0., 0., 0., 0., 1., 0., 0., 1., 0., 0., 1., 1., 0., 0.,
           0., 0.],
          [1., 1., 0., 1., 0., 1., 1., 0., 1., 1., 0., 1., 0., 0., 1., 0., 0.,
           1., 1.],
          [1., 0., 0., 0., 0., 0., 1., 0., 0., 0., 0., 1., 1., 1., 0., 1., 1.,
           0., 1.],
          [1., 0., 0., 0., 1., 1., 1., 1., 0., 0., 1., 1., 0., 1., 1., 1., 1.,
           1., 0.],
          [0., 1., 0., 0., 1., 1., 0., 0., 1., 1., 1., 0., 0., 0., 0., 0., 1.,
           0., 1.],
          [1., 0., 1., 1., 0., 1., 1., 1., 1., 0., 0., 1., 0., 1., 0., 1., 0.,
           0., 0.],
          [0., 1., 0., 1., 0., 1., 1., 0., 0., 0., 0., 0., 1., 1., 1., 0., 1.,
           1., 0.],
          [1., 1., 0., 0., 1., 1., 0., 1., 1., 0., 1., 1., 1., 0., 0., 0., 1.,
           1., 1.],
          [0., 0., 1., 0., 0., 1., 1., 0., 1., 0., 1., 0., 0., 1., 0., 0., 0.,
           0., 0.],
          [1., 0., 1., 1., 1., 1., 0., 1., 0., 0., 1., 1., 1., 0., 0., 0., 1.,
           1., 0.],
          [1., 0., 0., 1., 0., 1., 1., 0., 1., 1., 1., 1., 1., 1., 1., 1., 0.,
           1., 1.],
          [0., 0., 0., 0., 1., 1., 0., 1., 1., 1., 1., 0., 1., 1., 0., 1., 1.,
           0., 1.],
          [1., 0., 1., 1., 0., 1., 0., 0., 1., 0., 0., 0., 0., 0., 1., 0., 0.,
           1., 0.],
          [1., 1., 0., 0., 1., 0., 0., 0., 0., 1., 0., 0., 1., 0., 0., 0., 1.,
           1., 1.],
          [1., 1., 1., 0., 0., 1., 1., 0., 0., 1., 0., 0., 1., 0., 1., 0., 1.,
           0., 0.],
          [0., 1., 0., 0., 1., 0., 0., 1., 1., 1., 0., 1., 1., 0., 1., 0., 0.,
           1., 1.],
          [1., 0., 0., 0., 1., 1., 0., 1., 1., 0., 1., 0., 0., 0., 1., 1., 0.,
           1., 0.]]]], device='cuda:0'), tensor([[0.4783]], device='cuda:0'))
2026-01-08 17:09:34 - INFO - [ 0.7888839  -0.30013636  0.00405161  0.03165082  0.00405162  0.03165082
  0.99371696 -0.04890907]
2026-01-08 17:09:34 - INFO - (tensor([[[[1., 0., 0., 1., 0., 0., 1., 1., 0., 0., 1., 1., 0., 1., 1., 0., 0.,
           0., 1.],
          [1., 0., 1., 1., 0., 1., 0., 0., 1., 0., 0., 1., 0., 0., 0., 0., 0.,
           1., 0.],
          [0., 1., 0., 0., 0., 0., 0., 1., 0., 0., 1., 0., 0., 1., 1., 0., 0.,
           0., 0.],
          [1., 1., 0., 1., 0., 1., 1., 0., 1., 1., 0., 1., 0., 0., 1., 0., 0.,
           1., 1.],
          [1., 0., 0., 0., 0., 0., 1., 0., 0., 0., 0., 1., 1., 1., 0., 1., 1.,
           0., 1.],
          [1., 0., 0., 0., 1., 1., 1., 1., 0., 0., 1., 1., 0., 1., 1., 1., 1.,
           1., 0.],
          [0., 1., 0., 0., 1., 1., 0., 0., 1., 1., 1., 0., 0., 0., 0., 0., 1.,
           0., 1.],
          [1., 0., 1., 1., 0., 1., 1., 1., 1., 0., 0., 1., 0., 1., 0., 1., 0.,
           0., 0.],
          [0., 1., 0., 1., 0., 1., 1., 0., 0., 0., 0., 0., 1., 1., 1., 0., 1.,
           1., 0.],
          [1., 1., 0., 0., 1., 1., 0., 1., 1., 0., 1., 1., 1., 0., 0., 0., 1.,
           1., 1.],
          [0., 0., 1., 0., 0., 1., 1., 0., 1., 0., 1., 0., 0., 1., 0., 0., 0.,
           0., 0.],
          [1., 0., 1., 1., 1., 1., 0., 1., 0., 0., 1., 1., 1., 0., 0., 0., 1.,
           1., 0.],
          [1., 0., 0., 1., 0., 1., 1., 0., 1., 1., 1., 1., 1., 1., 1., 1., 0.,
           1., 1.],
          [0., 0., 0., 0., 1., 1., 0., 1., 1., 1., 1., 0., 1., 1., 0., 1., 1.,
           0., 1.],
          [1., 0., 1., 1., 0., 1., 0., 0., 1., 0., 0., 0., 0., 0., 1., 0., 0.,
           1., 0.],
          [1., 1., 0., 0., 1., 0., 0., 0., 0., 1., 0., 0., 1., 0., 0., 0., 1.,
           1., 1.],
          [1., 1., 1., 0., 0., 1., 1., 0., 0., 1., 0., 0., 1., 0., 1., 0., 1.,
           0., 0.],
          [0., 1., 0., 0., 1., 0., 0., 1., 1., 1., 0., 1., 1., 0., 1., 0., 0.,
           1., 1.],
          [1., 0., 0., 0., 1., 1., 0., 1., 1., 0., 1., 0., 0., 0., 1., 1., 0.,
           1., 0.]]]], device='cuda:0'), tensor([[0.4816]], device='cuda:0'))
2026-01-08 17:09:34 - INFO - [ 0.78826493 -0.3014312   0.00412722  0.0318456   0.00412722  0.03184559
  0.9936856  -0.04923092]
2026-01-08 17:09:34 - INFO - (tensor([[[[1., 0., 0., 1., 0., 0., 1., 1., 0., 0., 1., 1., 0., 1., 1., 0., 0.,
           0., 1.],
          [1., 0., 1., 1., 0., 1., 0., 0., 1., 0., 0., 1., 0., 0., 0., 0., 0.,
           1., 0.],
          [0., 1., 0., 0., 0., 0., 0., 1., 0., 0., 1., 0., 0., 1., 1., 0., 0.,
           0., 0.],
          [1., 1., 0., 1., 0., 1., 1., 0., 1., 1., 0., 1., 0., 0., 1., 0., 0.,
           1., 1.],
          [1., 0., 0., 0., 0., 0., 1., 0., 0., 0., 0., 1., 1., 1., 0., 1., 1.,
           0., 1.],
          [1., 0., 0., 0., 1., 1., 1., 1., 0., 0., 1., 1., 0., 1., 1., 1., 1.,
           1., 0.],
          [0., 1., 0., 0., 1., 1., 0., 0., 1., 1., 1., 0., 0., 0., 0., 0., 1.,
           0., 1.],
          [1., 0., 1., 1., 0., 1., 1., 1., 1., 0., 0., 1., 0., 1., 0., 1., 0.,
           0., 0.],
          [0., 1., 0., 1., 0., 1., 1., 0., 0., 0., 0., 0., 1., 1., 1., 0., 1.,
           1., 0.],
          [1., 1., 0., 0., 1., 1., 0., 1., 1., 0., 1., 1., 1., 0., 0., 0., 1.,
           1., 1.],
          [0., 0., 1., 0., 0., 1., 1., 0., 1., 0., 1., 0., 0., 1., 0., 0., 0.,
           0., 0.],
          [1., 0., 1., 1., 1., 1., 0., 1., 0., 0., 1., 1., 1., 0., 0., 0., 1.,
           1., 0.],
          [1., 0., 0., 1., 0., 1., 1., 0., 1., 1., 1., 1., 1., 1., 1., 1., 0.,
           1., 1.],
          [0., 0., 0., 0., 1., 1., 0., 1., 1., 1., 1., 0., 1., 1., 0., 1., 1.,
           0., 1.],
          [1., 0., 1., 1., 0., 1., 0., 0., 1., 0., 0., 0., 0., 0., 1., 0., 0.,
           1., 0.],
          [1., 1., 0., 0., 1., 0., 0., 0., 0., 1., 0., 0., 1., 0., 0., 0., 1.,
           1., 1.],
          [1., 1., 1., 0., 0., 1., 1., 0., 0., 1., 0., 0., 1., 0., 1., 0., 1.,
           0., 0.],
          [0., 1., 0., 0., 1., 0., 0., 1., 1., 1., 0., 1., 1., 0., 1., 0., 0.,
           1., 1.],
          [1., 0., 0., 0., 1., 1., 0., 1., 1., 0., 1., 0., 0., 0., 1., 1., 0.,
           1., 0.]]]], device='cuda:0'), tensor([[0.4849]], device='cuda:0'))
2026-01-08 17:09:34 - INFO - [ 0.78765374 -0.3027243   0.00420402  0.03204437  0.00420401  0.03204437
  0.9936525  -0.04955641]
2026-01-08 17:09:34 - INFO - (tensor([[[[1., 0., 0., 1., 0., 0., 1., 1., 0., 0., 1., 1., 0., 1., 1., 0., 0.,
           0., 1.],
          [1., 0., 1., 1., 0., 1., 0., 0., 1., 0., 0., 1., 0., 0., 0., 0., 0.,
           1., 0.],
          [0., 1., 0., 0., 0., 0., 0., 1., 0., 0., 1., 0., 0., 1., 1., 0., 0.,
           0., 0.],
          [1., 1., 0., 1., 0., 1., 1., 0., 1., 1., 0., 1., 0., 0., 1., 0., 0.,
           1., 1.],
          [1., 0., 0., 0., 0., 0., 1., 0., 0., 0., 0., 1., 1., 1., 0., 1., 1.,
           0., 1.],
          [1., 0., 0., 0., 1., 1., 1., 1., 0., 0., 1., 1., 0., 1., 1., 1., 1.,
           1., 0.],
          [0., 1., 0., 0., 1., 1., 0., 0., 1., 1., 1., 0., 0., 0., 0., 0., 1.,
           0., 1.],
          [1., 0., 1., 1., 0., 1., 1., 1., 1., 0., 0., 1., 0., 1., 0., 1., 0.,
           0., 0.],
          [0., 1., 0., 1., 0., 1., 1., 0., 0., 0., 0., 0., 1., 1., 1., 0., 1.,
           1., 0.],
          [1., 1., 0., 0., 1., 1., 0., 1., 1., 0., 1., 1., 1., 0., 0., 0., 1.,
           1., 1.],
          [0., 0., 1., 0., 0., 1., 1., 0., 1., 0., 1., 0., 0., 1., 0., 0., 0.,
           0., 0.],
          [1., 0., 1., 1., 1., 1., 0., 1., 0., 0., 1., 1., 1., 0., 0., 0., 1.,
           1., 0.],
          [1., 0., 0., 1., 0., 1., 1., 0., 1., 1., 1., 1., 1., 1., 1., 1., 0.,
           1., 1.],
          [0., 0., 0., 0., 1., 1., 0., 1., 1., 1., 1., 0., 1., 1., 0., 1., 1.,
           0., 1.],
          [1., 0., 1., 1., 0., 1., 0., 0., 1., 0., 0., 0., 0., 0., 1., 0., 0.,
           1., 0.],
          [1., 1., 0., 0., 1., 0., 0., 0., 0., 1., 0., 0., 1., 0., 0., 0., 1.,
           1., 1.],
          [1., 1., 1., 0., 0., 1., 1., 0., 0., 1., 0., 0., 1., 0., 1., 0., 1.,
           0., 0.],
          [0., 1., 0., 0., 1., 0., 0., 1., 1., 1., 0., 1., 1., 0., 1., 0., 0.,
           1., 1.],
          [1., 0., 0., 0., 1., 1., 0., 1., 1., 0., 1., 0., 0., 0., 1., 1., 0.,
           1., 0.]]]], device='cuda:0'), tensor([[0.4883]], device='cuda:0'))
2026-01-08 17:09:34 - INFO - [ 0.7870612  -0.30398202  0.00428263  0.03224289  0.00428263  0.03224291
  0.9936174  -0.04987518]
2026-01-08 17:09:34 - INFO - (tensor([[[[1., 0., 0., 1., 0., 0., 1., 1., 0., 0., 1., 1., 0., 1., 1., 0., 0.,
           0., 1.],
          [1., 0., 1., 1., 0., 1., 0., 0., 1., 0., 0., 1., 0., 0., 0., 0., 0.,
           1., 0.],
          [0., 1., 0., 0., 0., 0., 0., 1., 0., 0., 1., 0., 0., 1., 1., 0., 0.,
           0., 0.],
          [1., 1., 0., 1., 0., 1., 1., 0., 1., 1., 0., 1., 0., 0., 1., 0., 0.,
           1., 1.],
          [1., 0., 0., 0., 0., 0., 1., 0., 0., 0., 0., 1., 1., 1., 0., 1., 1.,
           0., 1.],
          [1., 0., 0., 0., 1., 1., 1., 1., 0., 0., 1., 1., 0., 1., 1., 1., 1.,
           1., 0.],
          [0., 1., 0., 0., 1., 1., 0., 0., 1., 1., 1., 0., 0., 0., 0., 0., 1.,
           0., 1.],
          [1., 0., 1., 1., 0., 1., 1., 1., 1., 0., 0., 1., 0., 1., 0., 1., 0.,
           0., 0.],
          [0., 1., 0., 1., 0., 1., 1., 0., 0., 0., 0., 0., 1., 1., 1., 0., 1.,
           1., 0.],
          [1., 1., 0., 0., 1., 1., 0., 1., 1., 0., 1., 1., 1., 0., 0., 0., 1.,
           1., 1.],
          [0., 0., 1., 0., 0., 1., 1., 0., 1., 0., 1., 0., 0., 1., 0., 0., 0.,
           0., 0.],
          [1., 0., 1., 1., 1., 1., 0., 1., 0., 0., 1., 1., 1., 0., 0., 0., 1.,
           1., 0.],
          [1., 0., 0., 1., 0., 1., 1., 0., 1., 1., 1., 1., 1., 1., 1., 1., 0.,
           1., 1.],
          [0., 0., 0., 0., 1., 1., 0., 1., 1., 1., 1., 0., 1., 1., 0., 1., 1.,
           0., 1.],
          [1., 0., 1., 1., 0., 1., 0., 0., 1., 0., 0., 0., 0., 0., 1., 0., 0.,
           1., 0.],
          [1., 1., 0., 0., 1., 0., 0., 0., 0., 1., 0., 0., 1., 0., 0., 0., 1.,
           1., 1.],
          [1., 1., 1., 0., 0., 1., 1., 0., 0., 1., 0., 0., 1., 0., 1., 0., 1.,
           0., 0.],
          [0., 1., 0., 0., 1., 0., 0., 1., 1., 1., 0., 1., 1., 0., 1., 0., 0.,
           1., 1.],
          [1., 0., 0., 0., 1., 1., 0., 1., 1., 0., 1., 0., 0., 0., 1., 1., 0.,
           1., 0.]]]], device='cuda:0'), tensor([[0.4916]], device='cuda:0'))
2026-01-08 17:09:34 - INFO - [ 0.78646886 -0.30524406  0.00437231  0.03245579  0.00437231  0.03245578
  0.9935784  -0.05019907]
2026-01-08 17:09:34 - INFO - (tensor([[[[1., 0., 0., 1., 0., 0., 1., 1., 0., 0., 1., 1., 0., 1., 1., 0., 0.,
           0., 1.],
          [1., 0., 1., 1., 0., 1., 0., 0., 1., 0., 0., 1., 0., 0., 0., 0., 0.,
           1., 0.],
          [0., 1., 0., 0., 0., 0., 0., 1., 0., 0., 1., 0., 0., 1., 1., 0., 0.,
           0., 0.],
          [1., 1., 0., 1., 0., 1., 1., 0., 1., 1., 0., 1., 0., 0., 1., 0., 0.,
           1., 1.],
          [1., 0., 0., 0., 0., 0., 1., 0., 0., 0., 0., 1., 1., 1., 0., 1., 1.,
           0., 1.],
          [1., 0., 0., 0., 1., 1., 1., 1., 0., 0., 1., 1., 0., 1., 1., 1., 1.,
           1., 0.],
          [0., 1., 0., 0., 1., 1., 0., 0., 1., 1., 1., 0., 0., 0., 0., 0., 1.,
           0., 1.],
          [1., 0., 1., 1., 0., 1., 1., 1., 1., 0., 0., 1., 0., 1., 0., 1., 0.,
           0., 0.],
          [0., 1., 0., 1., 0., 1., 1., 0., 0., 0., 0., 0., 1., 1., 1., 0., 1.,
           1., 0.],
          [1., 1., 0., 0., 1., 1., 0., 1., 1., 0., 1., 1., 1., 0., 0., 0., 1.,
           1., 1.],
          [0., 0., 1., 0., 0., 1., 1., 0., 1., 0., 1., 0., 0., 1., 0., 0., 0.,
           0., 0.],
          [1., 0., 1., 1., 1., 1., 0., 1., 0., 0., 1., 1., 1., 0., 0., 0., 1.,
           1., 0.],
          [1., 0., 0., 1., 0., 1., 1., 0., 1., 1., 1., 1., 1., 1., 1., 1., 0.,
           1., 1.],
          [0., 0., 0., 0., 1., 1., 0., 1., 1., 1., 1., 0., 1., 1., 0., 1., 1.,
           0., 1.],
          [1., 0., 1., 1., 0., 1., 0., 0., 1., 0., 0., 0., 0., 0., 1., 0., 0.,
           1., 0.],
          [1., 1., 0., 0., 1., 0., 0., 0., 0., 1., 0., 0., 1., 0., 0., 0., 1.,
           1., 1.],
          [1., 1., 1., 0., 0., 1., 1., 0., 0., 1., 0., 0., 1., 0., 1., 0., 1.,
           0., 0.],
          [0., 1., 0., 0., 1., 0., 0., 1., 1., 1., 0., 1., 1., 0., 1., 0., 0.,
           1., 1.],
          [1., 0., 0., 0., 1., 1., 0., 1., 1., 0., 1., 0., 0., 0., 1., 1., 0.,
           1., 0.]]]], device='cuda:0'), tensor([[0.4950]], device='cuda:0'))
2026-01-08 17:09:34 - INFO - [ 0.78584015 -0.3066282   0.00445901  0.03265733  0.00445902  0.03265733
  0.99353826 -0.05052955]
2026-01-08 17:09:34 - INFO - (tensor([[[[1., 0., 0., 1., 0., 0., 1., 1., 0., 0., 1., 1., 0., 1., 1., 0., 0.,
           0., 1.],
          [1., 0., 1., 1., 0., 1., 0., 0., 1., 0., 0., 1., 0., 0., 0., 0., 0.,
           1., 0.],
          [0., 1., 0., 0., 0., 0., 0., 1., 0., 0., 1., 0., 0., 1., 1., 0., 0.,
           0., 0.],
          [1., 1., 0., 1., 0., 1., 1., 0., 1., 1., 0., 1., 0., 0., 1., 0., 0.,
           1., 1.],
          [1., 0., 0., 0., 0., 0., 1., 0., 0., 0., 0., 1., 1., 1., 0., 1., 1.,
           0., 1.],
          [1., 0., 0., 0., 1., 1., 1., 1., 0., 0., 1., 1., 0., 1., 1., 1., 1.,
           1., 0.],
          [0., 1., 0., 0., 1., 1., 0., 0., 1., 1., 1., 0., 0., 0., 0., 0., 1.,
           0., 1.],
          [1., 0., 1., 1., 0., 1., 1., 1., 1., 0., 0., 1., 0., 1., 0., 1., 0.,
           0., 0.],
          [0., 1., 0., 1., 0., 1., 1., 0., 0., 0., 0., 0., 1., 1., 1., 0., 1.,
           1., 0.],
          [1., 1., 0., 0., 1., 1., 0., 1., 1., 0., 1., 1., 1., 0., 0., 0., 1.,
           1., 1.],
          [0., 0., 1., 0., 0., 1., 1., 0., 1., 0., 1., 0., 0., 1., 0., 0., 0.,
           0., 0.],
          [1., 0., 1., 1., 1., 1., 0., 1., 0., 0., 1., 1., 1., 0., 0., 0., 1.,
           1., 0.],
          [1., 0., 0., 1., 0., 1., 1., 0., 1., 1., 1., 1., 1., 1., 1., 1., 0.,
           1., 1.],
          [0., 0., 0., 0., 1., 1., 0., 1., 1., 1., 1., 0., 1., 1., 0., 1., 1.,
           0., 1.],
          [1., 0., 1., 1., 0., 1., 0., 0., 1., 0., 0., 0., 0., 0., 1., 0., 0.,
           1., 0.],
          [1., 1., 0., 0., 1., 0., 0., 0., 0., 1., 0., 0., 1., 0., 0., 0., 1.,
           1., 1.],
          [1., 1., 1., 0., 0., 1., 1., 0., 0., 1., 0., 0., 1., 0., 1., 0., 1.,
           0., 0.],
          [0., 1., 0., 0., 1., 0., 0., 1., 1., 1., 0., 1., 1., 0., 1., 0., 0.,
           1., 1.],
          [1., 0., 0., 0., 1., 1., 0., 1., 1., 0., 1., 0., 0., 0., 1., 1., 0.,
           1., 0.]]]], device='cuda:0'), tensor([[0.4983]], device='cuda:0'))
2026-01-08 17:09:34 - INFO - [ 0.78525114 -0.30802026  0.00452019  0.03279784  0.0045202   0.03279785
  0.9934993  -0.05081173]
2026-01-08 17:09:34 - INFO - (tensor([[[[1., 0., 0., 1., 0., 0., 1., 1., 0., 0., 1., 1., 0., 1., 1., 0., 0.,
           0., 1.],
          [1., 0., 1., 1., 0., 1., 0., 0., 1., 0., 0., 1., 0., 0., 0., 0., 0.,
           1., 0.],
          [0., 1., 0., 0., 0., 0., 0., 1., 0., 0., 1., 0., 0., 1., 1., 0., 0.,
           0., 0.],
          [1., 1., 0., 1., 0., 1., 1., 0., 1., 1., 0., 1., 0., 0., 1., 0., 0.,
           1., 1.],
          [1., 0., 0., 0., 0., 0., 1., 0., 0., 0., 0., 1., 1., 1., 0., 1., 1.,
           0., 1.],
          [1., 0., 0., 0., 1., 1., 1., 1., 0., 0., 1., 1., 0., 1., 1., 1., 1.,
           1., 0.],
          [0., 1., 0., 0., 1., 1., 0., 0., 1., 1., 1., 0., 0., 0., 0., 0., 1.,
           0., 1.],
          [1., 0., 1., 1., 0., 1., 1., 1., 1., 0., 0., 1., 0., 1., 0., 1., 0.,
           0., 0.],
          [0., 1., 0., 1., 0., 1., 1., 0., 0., 0., 0., 0., 1., 1., 1., 0., 1.,
           1., 0.],
          [1., 1., 0., 0., 1., 1., 0., 1., 1., 0., 1., 1., 1., 0., 0., 0., 1.,
           1., 1.],
          [0., 0., 1., 0., 0., 1., 1., 0., 1., 0., 1., 0., 0., 1., 0., 0., 0.,
           0., 0.],
          [1., 0., 1., 1., 1., 1., 0., 1., 0., 0., 1., 1., 1., 0., 0., 0., 1.,
           1., 0.],
          [1., 0., 0., 1., 0., 1., 1., 0., 1., 1., 1., 1., 1., 1., 1., 1., 0.,
           1., 1.],
          [0., 0., 0., 0., 1., 1., 0., 1., 1., 1., 1., 0., 1., 1., 0., 1., 1.,
           0., 1.],
          [1., 0., 1., 1., 0., 1., 0., 0., 1., 0., 0., 0., 0., 0., 1., 0., 0.,
           1., 0.],
          [1., 1., 0., 0., 1., 0., 0., 0., 0., 1., 0., 0., 1., 0., 0., 0., 1.,
           1., 1.],
          [1., 1., 1., 0., 0., 1., 1., 0., 0., 1., 0., 0., 1., 0., 1., 0., 1.,
           0., 0.],
          [0., 1., 0., 0., 1., 0., 0., 1., 1., 1., 0., 1., 1., 0., 1., 0., 0.,
           1., 1.],
          [1., 0., 0., 0., 1., 1., 0., 1., 1., 0., 1., 0., 0., 0., 1., 1., 0.,
           1., 0.]]]], device='cuda:0'), tensor([[0.5017]], device='cuda:0'))
2026-01-08 17:09:34 - INFO - [ 0.78468055 -0.30936357  0.00458074  0.03293886  0.00458074  0.03293886
  0.9934598  -0.05109081]
2026-01-08 17:09:34 - INFO - (tensor([[[[1., 0., 0., 1., 0., 0., 1., 1., 0., 0., 1., 1., 0., 1., 1., 0., 0.,
           0., 1.],
          [1., 0., 1., 1., 0., 1., 0., 0., 1., 0., 0., 1., 0., 0., 0., 0., 0.,
           1., 0.],
          [0., 1., 0., 0., 0., 0., 0., 1., 0., 0., 1., 0., 0., 1., 1., 0., 0.,
           0., 0.],
          [1., 1., 0., 1., 0., 1., 1., 0., 1., 1., 0., 1., 0., 0., 1., 0., 0.,
           1., 1.],
          [1., 0., 0., 0., 0., 0., 1., 0., 0., 0., 0., 1., 1., 1., 0., 1., 1.,
           0., 1.],
          [1., 0., 0., 0., 1., 1., 1., 1., 0., 0., 1., 1., 0., 1., 1., 1., 1.,
           1., 0.],
          [0., 1., 0., 0., 1., 1., 0., 0., 1., 1., 1., 0., 0., 0., 0., 0., 1.,
           0., 1.],
          [1., 0., 1., 1., 0., 1., 1., 1., 1., 0., 0., 1., 0., 1., 0., 1., 0.,
           0., 0.],
          [0., 1., 0., 1., 0., 1., 1., 0., 0., 0., 0., 0., 1., 1., 1., 0., 1.,
           1., 0.],
          [1., 1., 0., 0., 1., 1., 0., 1., 1., 0., 1., 1., 1., 0., 0., 0., 1.,
           1., 1.],
          [0., 0., 1., 0., 0., 1., 1., 0., 1., 0., 1., 0., 0., 1., 0., 0., 0.,
           0., 0.],
          [1., 0., 1., 1., 1., 1., 0., 1., 0., 0., 1., 1., 1., 0., 0., 0., 1.,
           1., 0.],
          [1., 0., 0., 1., 0., 1., 1., 0., 1., 1., 1., 1., 1., 1., 1., 1., 0.,
           1., 1.],
          [0., 0., 0., 0., 1., 1., 0., 1., 1., 1., 1., 0., 1., 1., 0., 1., 1.,
           0., 1.],
          [1., 0., 1., 1., 0., 1., 0., 0., 1., 0., 0., 0., 0., 0., 1., 0., 0.,
           1., 0.],
          [1., 1., 0., 0., 1., 0., 0., 0., 0., 1., 0., 0., 1., 0., 0., 0., 1.,
           1., 1.],
          [1., 1., 1., 0., 0., 1., 1., 0., 0., 1., 0., 0., 1., 0., 1., 0., 1.,
           0., 0.],
          [0., 1., 0., 0., 1., 0., 0., 1., 1., 1., 0., 1., 1., 0., 1., 0., 0.,
           1., 1.],
          [1., 0., 0., 0., 1., 1., 0., 1., 1., 0., 1., 0., 0., 0., 1., 1., 0.,
           1., 0.]]]], device='cuda:0'), tensor([[0.5050]], device='cuda:0'))
2026-01-08 17:09:34 - INFO - [ 0.78408056 -0.310774    0.00464385  0.0330871   0.00464384  0.03308709
  0.9934186  -0.05138168]
2026-01-08 17:09:34 - INFO - (tensor([[[[1., 0., 0., 1., 0., 0., 1., 1., 0., 0., 1., 1., 0., 1., 1., 0., 0.,
           0., 1.],
          [1., 0., 1., 1., 0., 1., 0., 0., 1., 0., 0., 1., 0., 0., 0., 0., 0.,
           1., 0.],
          [0., 1., 0., 0., 0., 0., 0., 1., 0., 0., 1., 0., 0., 1., 1., 0., 0.,
           0., 0.],
          [1., 1., 0., 1., 0., 1., 1., 0., 1., 1., 0., 1., 0., 0., 1., 0., 0.,
           1., 1.],
          [1., 0., 0., 0., 0., 0., 1., 0., 0., 0., 0., 1., 1., 1., 0., 1., 1.,
           0., 1.],
          [1., 0., 0., 0., 1., 1., 1., 1., 0., 0., 1., 1., 0., 1., 1., 1., 1.,
           1., 0.],
          [0., 1., 0., 0., 1., 1., 0., 0., 1., 1., 1., 0., 0., 0., 0., 0., 1.,
           0., 1.],
          [1., 0., 1., 1., 0., 1., 1., 1., 1., 0., 0., 1., 0., 1., 0., 1., 0.,
           0., 0.],
          [0., 1., 0., 1., 0., 1., 1., 0., 0., 0., 0., 0., 1., 1., 1., 0., 1.,
           1., 0.],
          [1., 1., 0., 0., 1., 1., 0., 1., 1., 0., 1., 1., 1., 0., 0., 0., 1.,
           1., 1.],
          [0., 0., 1., 0., 0., 1., 1., 0., 1., 0., 1., 0., 0., 1., 0., 0., 0.,
           0., 0.],
          [1., 0., 1., 1., 1., 1., 0., 1., 0., 0., 1., 1., 1., 0., 0., 0., 1.,
           1., 0.],
          [1., 0., 0., 1., 0., 1., 1., 0., 1., 1., 1., 1., 1., 1., 1., 1., 0.,
           1., 1.],
          [0., 0., 0., 0., 1., 1., 0., 1., 1., 1., 1., 0., 1., 1., 0., 1., 1.,
           0., 1.],
          [1., 0., 1., 1., 0., 1., 0., 0., 1., 0., 0., 0., 0., 0., 1., 0., 0.,
           1., 0.],
          [1., 1., 0., 0., 1., 0., 0., 0., 0., 1., 0., 0., 1., 0., 0., 0., 1.,
           1., 1.],
          [1., 1., 1., 0., 0., 1., 1., 0., 0., 1., 0., 0., 1., 0., 1., 0., 1.,
           0., 0.],
          [0., 1., 0., 0., 1., 0., 0., 1., 1., 1., 0., 1., 1., 0., 1., 0., 0.,
           1., 1.],
          [1., 0., 0., 0., 1., 1., 0., 1., 1., 0., 1., 0., 0., 0., 1., 1., 0.,
           1., 0.]]]], device='cuda:0'), tensor([[0.5084]], device='cuda:0'))
2026-01-08 17:09:34 - INFO - [ 0.7833897  -0.31240785  0.00471783  0.03325767  0.00471784  0.03325768
  0.993377   -0.05171117]
2026-01-08 17:09:34 - INFO - (tensor([[[[1., 0., 0., 1., 0., 0., 1., 1., 0., 0., 1., 1., 0., 1., 1., 0., 0.,
           0., 1.],
          [1., 0., 1., 1., 0., 1., 0., 0., 1., 0., 0., 1., 0., 0., 0., 0., 0.,
           1., 0.],
          [0., 1., 0., 0., 0., 0., 0., 1., 0., 0., 1., 0., 0., 1., 1., 0., 0.,
           0., 0.],
          [1., 1., 0., 1., 0., 1., 1., 0., 1., 1., 0., 1., 0., 0., 1., 0., 0.,
           1., 1.],
          [1., 0., 0., 0., 0., 0., 1., 0., 0., 0., 0., 1., 1., 1., 0., 1., 1.,
           0., 1.],
          [1., 0., 0., 0., 1., 1., 1., 1., 0., 0., 1., 1., 0., 1., 1., 1., 1.,
           1., 0.],
          [0., 1., 0., 0., 1., 1., 0., 0., 1., 1., 1., 0., 0., 0., 0., 0., 1.,
           0., 1.],
          [1., 0., 1., 1., 0., 1., 1., 1., 1., 0., 0., 1., 0., 1., 0., 1., 0.,
           0., 0.],
          [0., 1., 0., 1., 0., 1., 1., 0., 0., 0., 0., 0., 1., 1., 1., 0., 1.,
           1., 0.],
          [1., 1., 0., 0., 1., 1., 0., 1., 1., 0., 1., 1., 1., 0., 0., 0., 1.,
           1., 1.],
          [0., 0., 1., 0., 0., 1., 1., 0., 1., 0., 1., 0., 0., 1., 0., 0., 0.,
           0., 0.],
          [1., 0., 1., 1., 1., 1., 0., 1., 0., 0., 1., 1., 1., 0., 0., 0., 1.,
           1., 0.],
          [1., 0., 0., 1., 0., 1., 1., 0., 1., 1., 1., 1., 1., 1., 1., 1., 0.,
           1., 1.],
          [0., 0., 0., 0., 1., 1., 0., 1., 1., 1., 1., 0., 1., 1., 0., 1., 1.,
           0., 1.],
          [1., 0., 1., 1., 0., 1., 0., 0., 1., 0., 0., 0., 0., 0., 1., 0., 0.,
           1., 0.],
          [1., 1., 0., 0., 1., 0., 0., 0., 0., 1., 0., 0., 1., 0., 0., 0., 1.,
           1., 1.],
          [1., 1., 1., 0., 0., 1., 1., 0., 0., 1., 0., 0., 1., 0., 1., 0., 1.,
           0., 0.],
          [0., 1., 0., 0., 1., 0., 0., 1., 1., 1., 0., 1., 1., 0., 1., 0., 0.,
           1., 1.],
          [1., 0., 0., 0., 1., 1., 0., 1., 1., 0., 1., 0., 0., 0., 1., 1., 0.,
           1., 0.]]]], device='cuda:0'), tensor([[0.5117]], device='cuda:0'))
2026-01-08 17:09:34 - INFO - [ 0.7826952  -0.3140624   0.00479418  0.03343273  0.00479419  0.03343274
  0.9933386  -0.05204455]
2026-01-08 17:09:34 - INFO - (tensor([[[[1., 0., 0., 1., 0., 0., 1., 1., 0., 0., 1., 1., 0., 1., 1., 0., 0.,
           0., 1.],
          [1., 0., 1., 1., 0., 1., 0., 0., 1., 0., 0., 1., 0., 0., 0., 0., 0.,
           1., 0.],
          [0., 1., 0., 0., 0., 0., 0., 1., 0., 0., 1., 0., 0., 1., 1., 0., 0.,
           0., 0.],
          [1., 1., 0., 1., 0., 1., 1., 0., 1., 1., 0., 1., 0., 0., 1., 0., 0.,
           1., 1.],
          [1., 0., 0., 0., 0., 0., 1., 0., 0., 0., 0., 1., 1., 1., 0., 1., 1.,
           0., 1.],
          [1., 0., 0., 0., 1., 1., 1., 1., 0., 0., 1., 1., 0., 1., 1., 1., 1.,
           1., 0.],
          [0., 1., 0., 0., 1., 1., 0., 0., 1., 1., 1., 0., 0., 0., 0., 0., 1.,
           0., 1.],
          [1., 0., 1., 1., 0., 1., 1., 1., 1., 0., 0., 1., 0., 1., 0., 1., 0.,
           0., 0.],
          [0., 1., 0., 1., 0., 1., 1., 0., 0., 0., 0., 0., 1., 1., 1., 0., 1.,
           1., 0.],
          [1., 1., 0., 0., 1., 1., 0., 1., 1., 0., 1., 1., 1., 0., 0., 0., 1.,
           1., 1.],
          [0., 0., 1., 0., 0., 1., 1., 0., 1., 0., 1., 0., 0., 1., 0., 0., 0.,
           0., 0.],
          [1., 0., 1., 1., 1., 1., 0., 1., 0., 0., 1., 1., 1., 0., 0., 0., 1.,
           1., 0.],
          [1., 0., 0., 1., 0., 1., 1., 0., 1., 1., 1., 1., 1., 1., 1., 1., 0.,
           1., 1.],
          [0., 0., 0., 0., 1., 1., 0., 1., 1., 1., 1., 0., 1., 1., 0., 1., 1.,
           0., 1.],
          [1., 0., 1., 1., 0., 1., 0., 0., 1., 0., 0., 0., 0., 0., 1., 0., 0.,
           1., 0.],
          [1., 1., 0., 0., 1., 0., 0., 0., 0., 1., 0., 0., 1., 0., 0., 0., 1.,
           1., 1.],
          [1., 1., 1., 0., 0., 1., 1., 0., 0., 1., 0., 0., 1., 0., 1., 0., 1.,
           0., 0.],
          [0., 1., 0., 0., 1., 0., 0., 1., 1., 1., 0., 1., 1., 0., 1., 0., 0.,
           1., 1.],
          [1., 0., 0., 0., 1., 1., 0., 1., 1., 0., 1., 0., 0., 0., 1., 1., 0.,
           1., 0.]]]], device='cuda:0'), tensor([[0.5151]], device='cuda:0'))
2026-01-08 17:09:34 - INFO - [ 0.78202456 -0.3156716   0.00486952  0.03360533  0.00486951  0.03360532
  0.99330014 -0.05237238]
2026-01-08 17:09:34 - INFO - (tensor([[[[1., 0., 0., 1., 0., 0., 1., 1., 0., 0., 1., 1., 0., 1., 1., 0., 0.,
           0., 1.],
          [1., 0., 1., 1., 0., 1., 0., 0., 1., 0., 0., 1., 0., 0., 0., 0., 0.,
           1., 0.],
          [0., 1., 0., 0., 0., 0., 0., 1., 0., 0., 1., 0., 0., 1., 1., 0., 0.,
           0., 0.],
          [1., 1., 0., 1., 0., 1., 1., 0., 1., 1., 0., 1., 0., 0., 1., 0., 0.,
           1., 1.],
          [1., 0., 0., 0., 0., 0., 1., 0., 0., 0., 0., 1., 1., 1., 0., 1., 1.,
           0., 1.],
          [1., 0., 0., 0., 1., 1., 1., 1., 0., 0., 1., 1., 0., 1., 1., 1., 1.,
           1., 0.],
          [0., 1., 0., 0., 1., 1., 0., 0., 1., 1., 1., 0., 0., 0., 0., 0., 1.,
           0., 1.],
          [1., 0., 1., 1., 0., 1., 1., 1., 1., 0., 0., 1., 0., 1., 0., 1., 0.,
           0., 0.],
          [0., 1., 0., 1., 0., 1., 1., 0., 0., 0., 0., 0., 1., 1., 1., 0., 1.,
           1., 0.],
          [1., 1., 0., 0., 1., 1., 0., 1., 1., 0., 1., 1., 1., 0., 0., 0., 1.,
           1., 1.],
          [0., 0., 1., 0., 0., 1., 1., 0., 1., 0., 1., 0., 0., 1., 0., 0., 0.,
           0., 0.],
          [1., 0., 1., 1., 1., 1., 0., 1., 0., 0., 1., 1., 1., 0., 0., 0., 1.,
           1., 0.],
          [1., 0., 0., 1., 0., 1., 1., 0., 1., 1., 1., 1., 1., 1., 1., 1., 0.,
           1., 1.],
          [0., 0., 0., 0., 1., 1., 0., 1., 1., 1., 1., 0., 1., 1., 0., 1., 1.,
           0., 1.],
          [1., 0., 1., 1., 0., 1., 0., 0., 1., 0., 0., 0., 0., 0., 1., 0., 0.,
           1., 0.],
          [1., 1., 0., 0., 1., 0., 0., 0., 0., 1., 0., 0., 1., 0., 0., 0., 1.,
           1., 1.],
          [1., 1., 1., 0., 0., 1., 1., 0., 0., 1., 0., 0., 1., 0., 1., 0., 1.,
           0., 0.],
          [0., 1., 0., 0., 1., 0., 0., 1., 1., 1., 0., 1., 1., 0., 1., 0., 0.,
           1., 1.],
          [1., 0., 0., 0., 1., 1., 0., 1., 1., 0., 1., 0., 0., 0., 1., 1., 0.,
           1., 0.]]]], device='cuda:0'), tensor([[0.5184]], device='cuda:0'))
2026-01-08 17:09:34 - INFO - [ 0.7813583  -0.31728178  0.00494478  0.03377306  0.00494478  0.03377306
  0.99326295 -0.05269606]
2026-01-08 17:09:34 - INFO - (tensor([[[[1., 0., 0., 1., 0., 0., 1., 1., 0., 0., 1., 1., 0., 1., 1., 0., 0.,
           0., 1.],
          [1., 0., 1., 1., 0., 1., 0., 0., 1., 0., 0., 1., 0., 0., 0., 0., 0.,
           1., 0.],
          [0., 1., 0., 0., 0., 0., 0., 1., 0., 0., 1., 0., 0., 1., 1., 0., 0.,
           0., 0.],
          [1., 1., 0., 1., 0., 1., 1., 0., 1., 1., 0., 1., 0., 0., 1., 0., 0.,
           1., 1.],
          [1., 0., 0., 0., 0., 0., 1., 0., 0., 0., 0., 1., 1., 1., 0., 1., 1.,
           0., 1.],
          [1., 0., 0., 0., 1., 1., 1., 1., 0., 0., 1., 1., 0., 1., 1., 1., 1.,
           1., 0.],
          [0., 1., 0., 0., 1., 1., 0., 0., 1., 1., 1., 0., 0., 0., 0., 0., 1.,
           0., 1.],
          [1., 0., 1., 1., 0., 1., 1., 1., 1., 0., 0., 1., 0., 1., 0., 1., 0.,
           0., 0.],
          [0., 1., 0., 1., 0., 1., 1., 0., 0., 0., 0., 0., 1., 1., 1., 0., 1.,
           1., 0.],
          [1., 1., 0., 0., 1., 1., 0., 1., 1., 0., 1., 1., 1., 0., 0., 0., 1.,
           1., 1.],
          [0., 0., 1., 0., 0., 1., 1., 0., 1., 0., 1., 0., 0., 1., 0., 0., 0.,
           0., 0.],
          [1., 0., 1., 1., 1., 1., 0., 1., 0., 0., 1., 1., 1., 0., 0., 0., 1.,
           1., 0.],
          [1., 0., 0., 1., 0., 1., 1., 0., 1., 1., 1., 1., 1., 1., 1., 1., 0.,
           1., 1.],
          [0., 0., 0., 0., 1., 1., 0., 1., 1., 1., 1., 0., 1., 1., 0., 1., 1.,
           0., 1.],
          [1., 0., 1., 1., 0., 1., 0., 0., 1., 0., 0., 0., 0., 0., 1., 0., 0.,
           1., 0.],
          [1., 1., 0., 0., 1., 0., 0., 0., 0., 1., 0., 0., 1., 0., 0., 0., 1.,
           1., 1.],
          [1., 1., 1., 0., 0., 1., 1., 0., 0., 1., 0., 0., 1., 0., 1., 0., 1.,
           0., 0.],
          [0., 1., 0., 0., 1., 0., 0., 1., 1., 1., 0., 1., 1., 0., 1., 0., 0.,
           1., 1.],
          [1., 0., 0., 0., 1., 1., 0., 1., 1., 0., 1., 0., 0., 0., 1., 1., 0.,
           1., 0.]]]], device='cuda:0'), tensor([[0.5217]], device='cuda:0'))
2026-01-08 17:09:34 - INFO - [ 0.7806935  -0.31879288  0.00501723  0.03392577  0.00501723  0.03392576
  0.9932383  -0.05300596]
2026-01-08 17:09:34 - INFO - (tensor([[[[1., 0., 0., 1., 0., 0., 1., 1., 0., 0., 1., 1., 0., 1., 1., 0., 0.,
           0., 1.],
          [1., 0., 1., 1., 0., 1., 0., 0., 1., 0., 0., 1., 0., 0., 0., 0., 0.,
           1., 0.],
          [0., 1., 0., 0., 0., 0., 0., 1., 0., 0., 1., 0., 0., 1., 1., 0., 0.,
           0., 0.],
          [1., 1., 0., 1., 0., 1., 1., 0., 1., 1., 0., 1., 0., 0., 1., 0., 0.,
           1., 1.],
          [1., 0., 0., 0., 0., 0., 1., 0., 0., 0., 0., 1., 1., 1., 0., 1., 1.,
           0., 1.],
          [1., 0., 0., 0., 1., 1., 1., 1., 0., 0., 1., 1., 0., 1., 1., 1., 1.,
           1., 0.],
          [0., 1., 0., 0., 1., 1., 0., 0., 1., 1., 1., 0., 0., 0., 0., 0., 1.,
           0., 1.],
          [1., 0., 1., 1., 0., 1., 1., 1., 1., 0., 0., 1., 0., 1., 0., 1., 0.,
           0., 0.],
          [0., 1., 0., 1., 0., 1., 1., 0., 0., 0., 0., 0., 1., 1., 1., 0., 1.,
           1., 0.],
          [1., 1., 0., 0., 1., 1., 0., 1., 1., 0., 1., 1., 1., 0., 0., 0., 1.,
           1., 1.],
          [0., 0., 1., 0., 0., 1., 1., 0., 1., 0., 1., 0., 0., 1., 0., 0., 0.,
           0., 0.],
          [1., 0., 1., 1., 1., 1., 0., 1., 0., 0., 1., 1., 1., 0., 0., 0., 1.,
           1., 0.],
          [1., 0., 0., 1., 0., 1., 1., 0., 1., 1., 1., 1., 1., 1., 1., 1., 0.,
           1., 1.],
          [0., 0., 0., 0., 1., 1., 0., 1., 1., 1., 1., 0., 1., 1., 0., 1., 1.,
           0., 1.],
          [1., 0., 1., 1., 0., 1., 0., 0., 1., 0., 0., 0., 0., 0., 1., 0., 0.,
           1., 0.],
          [1., 1., 0., 0., 1., 0., 0., 0., 0., 1., 0., 0., 1., 0., 0., 0., 1.,
           1., 1.],
          [1., 1., 1., 0., 0., 1., 1., 0., 0., 1., 0., 0., 1., 0., 1., 0., 1.,
           0., 0.],
          [0., 1., 0., 0., 1., 0., 0., 1., 1., 1., 0., 1., 1., 0., 1., 0., 0.,
           1., 1.],
          [1., 0., 0., 0., 1., 1., 0., 1., 1., 0., 1., 0., 0., 0., 1., 1., 0.,
           1., 0.]]]], device='cuda:0'), tensor([[0.5251]], device='cuda:0'))
2026-01-08 17:09:34 - INFO - [ 0.7800039  -0.3198555   0.00507561  0.03403481  0.00507562  0.03403482
  0.9932495  -0.05328433]
2026-01-08 17:09:34 - INFO - (tensor([[[[1., 0., 0., 1., 0., 0., 1., 1., 0., 0., 1., 1., 0., 1., 1., 0., 0.,
           0., 1.],
          [1., 0., 1., 1., 0., 1., 0., 0., 1., 0., 0., 1., 0., 0., 0., 0., 0.,
           1., 0.],
          [0., 1., 0., 0., 0., 0., 0., 1., 0., 0., 1., 0., 0., 1., 1., 0., 0.,
           0., 0.],
          [1., 1., 0., 1., 0., 1., 1., 0., 1., 1., 0., 1., 0., 0., 1., 0., 0.,
           1., 1.],
          [1., 0., 0., 0., 0., 0., 1., 0., 0., 0., 0., 1., 1., 1., 0., 1., 1.,
           0., 1.],
          [1., 0., 0., 0., 1., 1., 1., 1., 0., 0., 1., 1., 0., 1., 1., 1., 1.,
           1., 0.],
          [0., 1., 0., 0., 1., 1., 0., 0., 1., 1., 1., 0., 0., 0., 0., 0., 1.,
           0., 1.],
          [1., 0., 1., 1., 0., 1., 1., 1., 1., 0., 0., 1., 0., 1., 0., 1., 0.,
           0., 0.],
          [0., 1., 0., 1., 0., 1., 1., 0., 0., 0., 0., 0., 1., 1., 1., 0., 1.,
           1., 0.],
          [1., 1., 0., 0., 1., 1., 0., 1., 1., 0., 1., 1., 1., 0., 0., 0., 1.,
           1., 1.],
          [0., 0., 1., 0., 0., 1., 1., 0., 1., 0., 1., 0., 0., 1., 0., 0., 0.,
           0., 0.],
          [1., 0., 1., 1., 1., 1., 0., 1., 0., 0., 1., 1., 1., 0., 0., 0., 1.,
           1., 0.],
          [1., 0., 0., 1., 0., 1., 1., 0., 1., 1., 1., 1., 1., 1., 1., 1., 0.,
           1., 1.],
          [0., 0., 0., 0., 1., 1., 0., 1., 1., 1., 1., 0., 1., 1., 0., 1., 1.,
           0., 1.],
          [1., 0., 1., 1., 0., 1., 0., 0., 1., 0., 0., 0., 0., 0., 1., 0., 0.,
           1., 0.],
          [1., 1., 0., 0., 1., 0., 0., 0., 0., 1., 0., 0., 1., 0., 0., 0., 1.,
           1., 1.],
          [1., 1., 1., 0., 0., 1., 1., 0., 0., 1., 0., 0., 1., 0., 1., 0., 1.,
           0., 0.],
          [0., 1., 0., 0., 1., 0., 0., 1., 1., 1., 0., 1., 1., 0., 1., 0., 0.,
           1., 1.],
          [1., 0., 0., 0., 1., 1., 0., 1., 1., 0., 1., 0., 0., 0., 1., 1., 0.,
           1., 0.]]]], device='cuda:0'), tensor([[0.5284]], device='cuda:0'))
2026-01-08 17:09:34 - INFO - [ 0.7792957  -0.320948    0.00513612  0.03414804  0.00513613  0.03414803
  0.9932629  -0.05356605]
2026-01-08 17:09:34 - INFO - (tensor([[[[1., 0., 0., 1., 0., 0., 1., 1., 0., 0., 1., 1., 0., 1., 1., 0., 0.,
           0., 1.],
          [1., 0., 1., 1., 0., 1., 0., 0., 1., 0., 0., 1., 0., 0., 0., 0., 0.,
           1., 0.],
          [0., 1., 0., 0., 0., 0., 0., 1., 0., 0., 1., 0., 0., 1., 1., 0., 0.,
           0., 0.],
          [1., 1., 0., 1., 0., 1., 1., 0., 1., 1., 0., 1., 0., 0., 1., 0., 0.,
           1., 1.],
          [1., 0., 0., 0., 0., 0., 1., 0., 0., 0., 0., 1., 1., 1., 0., 1., 1.,
           0., 1.],
          [1., 0., 0., 0., 1., 1., 1., 1., 0., 0., 1., 1., 0., 1., 1., 1., 1.,
           1., 0.],
          [0., 1., 0., 0., 1., 1., 0., 0., 1., 1., 1., 0., 0., 0., 0., 0., 1.,
           0., 1.],
          [1., 0., 1., 1., 0., 1., 1., 1., 1., 0., 0., 1., 0., 1., 0., 1., 0.,
           0., 0.],
          [0., 1., 0., 1., 0., 1., 1., 0., 0., 0., 0., 0., 1., 1., 1., 0., 1.,
           1., 0.],
          [1., 1., 0., 0., 1., 1., 0., 1., 1., 0., 1., 1., 1., 0., 0., 0., 1.,
           1., 1.],
          [0., 0., 1., 0., 0., 1., 1., 0., 1., 0., 1., 0., 0., 1., 0., 0., 0.,
           0., 0.],
          [1., 0., 1., 1., 1., 1., 0., 1., 0., 0., 1., 1., 1., 0., 0., 0., 1.,
           1., 0.],
          [1., 0., 0., 1., 0., 1., 1., 0., 1., 1., 1., 1., 1., 1., 1., 1., 0.,
           1., 1.],
          [0., 0., 0., 0., 1., 1., 0., 1., 1., 1., 1., 0., 1., 1., 0., 1., 1.,
           0., 1.],
          [1., 0., 1., 1., 0., 1., 0., 0., 1., 0., 0., 0., 0., 0., 1., 0., 0.,
           1., 0.],
          [1., 1., 0., 0., 1., 0., 0., 0., 0., 1., 0., 0., 1., 0., 0., 0., 1.,
           1., 1.],
          [1., 1., 1., 0., 0., 1., 1., 0., 0., 1., 0., 0., 1., 0., 1., 0., 1.,
           0., 0.],
          [0., 1., 0., 0., 1., 0., 0., 1., 1., 1., 0., 1., 1., 0., 1., 0., 0.,
           1., 1.],
          [1., 0., 0., 0., 1., 1., 0., 1., 1., 0., 1., 0., 0., 0., 1., 1., 0.,
           1., 0.]]]], device='cuda:0'), tensor([[0.5318]], device='cuda:0'))
2026-01-08 17:09:34 - INFO - [ 0.77847815 -0.32230532  0.00517578  0.03424631  0.00517578  0.03424631
  0.99324596 -0.05388058]
2026-01-08 17:09:34 - INFO - (tensor([[[[1., 0., 0., 1., 0., 0., 1., 1., 0., 0., 1., 1., 0., 1., 1., 0., 0.,
           0., 1.],
          [1., 0., 1., 1., 0., 1., 0., 0., 1., 0., 0., 1., 0., 0., 0., 0., 0.,
           1., 0.],
          [0., 1., 0., 0., 0., 0., 0., 1., 0., 0., 1., 0., 0., 1., 1., 0., 0.,
           0., 0.],
          [1., 1., 0., 1., 0., 1., 1., 0., 1., 1., 0., 1., 0., 0., 1., 0., 0.,
           1., 1.],
          [1., 0., 0., 0., 0., 0., 1., 0., 0., 0., 0., 1., 1., 1., 0., 1., 1.,
           0., 1.],
          [1., 0., 0., 0., 1., 1., 1., 1., 0., 0., 1., 1., 0., 1., 1., 1., 1.,
           1., 0.],
          [0., 1., 0., 0., 1., 1., 0., 0., 1., 1., 1., 0., 0., 0., 0., 0., 1.,
           0., 1.],
          [1., 0., 1., 1., 0., 1., 1., 1., 1., 0., 0., 1., 0., 1., 0., 1., 0.,
           0., 0.],
          [0., 1., 0., 1., 0., 1., 1., 0., 0., 0., 0., 0., 1., 1., 1., 0., 1.,
           1., 0.],
          [1., 1., 0., 0., 1., 1., 0., 1., 1., 0., 1., 1., 1., 0., 0., 0., 1.,
           1., 1.],
          [0., 0., 1., 0., 0., 1., 1., 0., 1., 0., 1., 0., 0., 1., 0., 0., 0.,
           0., 0.],
          [1., 0., 1., 1., 1., 1., 0., 1., 0., 0., 1., 1., 1., 0., 0., 0., 1.,
           1., 0.],
          [1., 0., 0., 1., 0., 1., 1., 0., 1., 1., 1., 1., 1., 1., 1., 1., 0.,
           1., 1.],
          [0., 0., 0., 0., 1., 1., 0., 1., 1., 1., 1., 0., 1., 1., 0., 1., 1.,
           0., 1.],
          [1., 0., 1., 1., 0., 1., 0., 0., 1., 0., 0., 0., 0., 0., 1., 0., 0.,
           1., 0.],
          [1., 1., 0., 0., 1., 0., 0., 0., 0., 1., 0., 0., 1., 0., 0., 0., 1.,
           1., 1.],
          [1., 1., 1., 0., 0., 1., 1., 0., 0., 1., 0., 0., 1., 0., 1., 0., 1.,
           0., 0.],
          [0., 1., 0., 0., 1., 0., 0., 1., 1., 1., 0., 1., 1., 0., 1., 0., 0.,
           1., 1.],
          [1., 0., 0., 0., 1., 1., 0., 1., 1., 0., 1., 0., 0., 0., 1., 1., 0.,
           1., 0.]]]], device='cuda:0'), tensor([[0.5351]], device='cuda:0'))
2026-01-08 17:09:34 - INFO - [ 0.77760166 -0.32383797  0.0051946   0.0343549   0.0051946   0.03435489
  0.9932128  -0.05420883]
2026-01-08 17:09:34 - INFO - (tensor([[[[1., 0., 0., 1., 0., 0., 1., 1., 0., 0., 1., 1., 0., 1., 1., 0., 0.,
           0., 1.],
          [1., 0., 1., 1., 0., 1., 0., 0., 1., 0., 0., 1., 0., 0., 0., 0., 0.,
           1., 0.],
          [0., 1., 0., 0., 0., 0., 0., 1., 0., 0., 1., 0., 0., 1., 1., 0., 0.,
           0., 0.],
          [1., 1., 0., 1., 0., 1., 1., 0., 1., 1., 0., 1., 0., 0., 1., 0., 0.,
           1., 1.],
          [1., 0., 0., 0., 0., 0., 1., 0., 0., 0., 0., 1., 1., 1., 0., 1., 1.,
           0., 1.],
          [1., 0., 0., 0., 1., 1., 1., 1., 0., 0., 1., 1., 0., 1., 1., 1., 1.,
           1., 0.],
          [0., 1., 0., 0., 1., 1., 0., 0., 1., 1., 1., 0., 0., 0., 0., 0., 1.,
           0., 1.],
          [1., 0., 1., 1., 0., 1., 1., 1., 1., 0., 0., 1., 0., 1., 0., 1., 0.,
           0., 0.],
          [0., 1., 0., 1., 0., 1., 1., 0., 0., 0., 0., 0., 1., 1., 1., 0., 1.,
           1., 0.],
          [1., 1., 0., 0., 1., 1., 0., 1., 1., 0., 1., 1., 1., 0., 0., 0., 1.,
           1., 1.],
          [0., 0., 1., 0., 0., 1., 1., 0., 1., 0., 1., 0., 0., 1., 0., 0., 0.,
           0., 0.],
          [1., 0., 1., 1., 1., 1., 0., 1., 0., 0., 1., 1., 1., 0., 0., 0., 1.,
           1., 0.],
          [1., 0., 0., 1., 0., 1., 1., 0., 1., 1., 1., 1., 1., 1., 1., 1., 0.,
           1., 1.],
          [0., 0., 0., 0., 1., 1., 0., 1., 1., 1., 1., 0., 1., 1., 0., 1., 1.,
           0., 1.],
          [1., 0., 1., 1., 0., 1., 0., 0., 1., 0., 0., 0., 0., 0., 1., 0., 0.,
           1., 0.],
          [1., 1., 0., 0., 1., 0., 0., 0., 0., 1., 0., 0., 1., 0., 0., 0., 1.,
           1., 1.],
          [1., 1., 1., 0., 0., 1., 1., 0., 0., 1., 0., 0., 1., 0., 1., 0., 1.,
           0., 0.],
          [0., 1., 0., 0., 1., 0., 0., 1., 1., 1., 0., 1., 1., 0., 1., 0., 0.,
           1., 1.],
          [1., 0., 0., 0., 1., 1., 0., 1., 1., 0., 1., 0., 0., 0., 1., 1., 0.,
           1., 0.]]]], device='cuda:0'), tensor([[0.5385]], device='cuda:0'))
2026-01-08 17:09:34 - INFO - [ 0.77678996 -0.32555652  0.00525132  0.03448856  0.00525133  0.03448856
  0.9931641  -0.0544928 ]
2026-01-08 17:09:34 - INFO - (tensor([[[[1., 0., 0., 1., 0., 0., 1., 1., 0., 0., 1., 1., 0., 1., 1., 0., 0.,
           0., 1.],
          [1., 0., 1., 1., 0., 1., 0., 0., 1., 0., 0., 1., 0., 0., 0., 0., 0.,
           1., 0.],
          [0., 1., 0., 0., 0., 0., 0., 1., 0., 0., 1., 0., 0., 1., 1., 0., 0.,
           0., 0.],
          [1., 1., 0., 1., 0., 1., 1., 0., 1., 1., 0., 1., 0., 0., 1., 0., 0.,
           1., 1.],
          [1., 0., 0., 0., 0., 0., 1., 0., 0., 0., 0., 1., 1., 1., 0., 1., 1.,
           0., 1.],
          [1., 0., 0., 0., 1., 1., 1., 1., 0., 0., 1., 1., 0., 1., 1., 1., 1.,
           1., 0.],
          [0., 1., 0., 0., 1., 1., 0., 0., 1., 1., 1., 0., 0., 0., 0., 0., 1.,
           0., 1.],
          [1., 0., 1., 1., 0., 1., 1., 1., 1., 0., 0., 1., 0., 1., 0., 1., 0.,
           0., 0.],
          [0., 1., 0., 1., 0., 1., 1., 0., 0., 0., 0., 0., 1., 1., 1., 0., 1.,
           1., 0.],
          [1., 1., 0., 0., 1., 1., 0., 1., 1., 0., 1., 1., 1., 0., 0., 0., 1.,
           1., 1.],
          [0., 0., 1., 0., 0., 1., 1., 0., 1., 0., 1., 0., 0., 1., 0., 0., 0.,
           0., 0.],
          [1., 0., 1., 1., 1., 1., 0., 1., 0., 0., 1., 1., 1., 0., 0., 0., 1.,
           1., 0.],
          [1., 0., 0., 1., 0., 1., 1., 0., 1., 1., 1., 1., 1., 1., 1., 1., 0.,
           1., 1.],
          [0., 0., 0., 0., 1., 1., 0., 1., 1., 1., 1., 0., 1., 1., 0., 1., 1.,
           0., 1.],
          [1., 0., 1., 1., 0., 1., 0., 0., 1., 0., 0., 0., 0., 0., 1., 0., 0.,
           1., 0.],
          [1., 1., 0., 0., 1., 0., 0., 0., 0., 1., 0., 0., 1., 0., 0., 0., 1.,
           1., 1.],
          [1., 1., 1., 0., 0., 1., 1., 0., 0., 1., 0., 0., 1., 0., 1., 0., 1.,
           0., 0.],
          [0., 1., 0., 0., 1., 0., 0., 1., 1., 1., 0., 1., 1., 0., 1., 0., 0.,
           1., 1.],
          [1., 0., 0., 0., 1., 1., 0., 1., 1., 0., 1., 0., 0., 0., 1., 1., 0.,
           1., 0.]]]], device='cuda:0'), tensor([[0.5418]], device='cuda:0'))
2026-01-08 17:09:34 - INFO - [ 0.77584374 -0.3276026   0.00532544  0.03464684  0.00532544  0.03464685
  0.9931205  -0.05480816]
2026-01-08 17:09:34 - INFO - (tensor([[[[1., 0., 0., 1., 0., 0., 1., 1., 0., 0., 1., 1., 0., 1., 1., 0., 0.,
           0., 1.],
          [1., 0., 1., 1., 0., 1., 0., 0., 1., 0., 0., 1., 0., 0., 0., 0., 0.,
           1., 0.],
          [0., 1., 0., 0., 0., 0., 0., 1., 0., 0., 1., 0., 0., 1., 1., 0., 0.,
           0., 0.],
          [1., 1., 0., 1., 0., 1., 1., 0., 1., 1., 0., 1., 0., 0., 1., 0., 0.,
           1., 1.],
          [1., 0., 0., 0., 0., 0., 1., 0., 0., 0., 0., 1., 1., 1., 0., 1., 1.,
           0., 1.],
          [1., 0., 0., 0., 1., 1., 1., 1., 0., 0., 1., 1., 0., 1., 1., 1., 1.,
           1., 0.],
          [0., 1., 0., 0., 1., 1., 0., 0., 1., 1., 1., 0., 0., 0., 0., 0., 1.,
           0., 1.],
          [1., 0., 1., 1., 0., 1., 1., 1., 1., 0., 0., 1., 0., 1., 0., 1., 0.,
           0., 0.],
          [0., 1., 0., 1., 0., 1., 1., 0., 0., 0., 0., 0., 1., 1., 1., 0., 1.,
           1., 0.],
          [1., 1., 0., 0., 1., 1., 0., 1., 1., 0., 1., 1., 1., 0., 0., 0., 1.,
           1., 1.],
          [0., 0., 1., 0., 0., 1., 1., 0., 1., 0., 1., 0., 0., 1., 0., 0., 0.,
           0., 0.],
          [1., 0., 1., 1., 1., 1., 0., 1., 0., 0., 1., 1., 1., 0., 0., 0., 1.,
           1., 0.],
          [1., 0., 0., 1., 0., 1., 1., 0., 1., 1., 1., 1., 1., 1., 1., 1., 0.,
           1., 1.],
          [0., 0., 0., 0., 1., 1., 0., 1., 1., 1., 1., 0., 1., 1., 0., 1., 1.,
           0., 1.],
          [1., 0., 1., 1., 0., 1., 0., 0., 1., 0., 0., 0., 0., 0., 1., 0., 0.,
           1., 0.],
          [1., 1., 0., 0., 1., 0., 0., 0., 0., 1., 0., 0., 1., 0., 0., 0., 1.,
           1., 1.],
          [1., 1., 1., 0., 0., 1., 1., 0., 0., 1., 0., 0., 1., 0., 1., 0., 1.,
           0., 0.],
          [0., 1., 0., 0., 1., 0., 0., 1., 1., 1., 0., 1., 1., 0., 1., 0., 0.,
           1., 1.],
          [1., 0., 0., 0., 1., 1., 0., 1., 1., 0., 1., 0., 0., 0., 1., 1., 0.,
           1., 0.]]]], device='cuda:0'), tensor([[0.5452]], device='cuda:0'))
2026-01-08 17:09:34 - INFO - [ 0.7742087  -0.3309185   0.00543322  0.03489532  0.00543323  0.03489532
  0.9930817  -0.0553262 ]
2026-01-08 17:09:34 - INFO - (tensor([[[[1., 0., 0., 1., 0., 0., 1., 1., 0., 0., 1., 1., 0., 1., 1., 0., 0.,
           0., 1.],
          [1., 0., 1., 1., 0., 1., 0., 0., 1., 0., 0., 1., 0., 0., 0., 0., 0.,
           1., 0.],
          [0., 1., 0., 0., 0., 0., 0., 1., 0., 0., 1., 0., 0., 1., 1., 0., 0.,
           0., 0.],
          [1., 1., 0., 1., 0., 1., 1., 0., 1., 1., 0., 1., 0., 0., 1., 0., 0.,
           1., 1.],
          [1., 0., 0., 0., 0., 0., 1., 0., 0., 0., 0., 1., 1., 1., 0., 1., 1.,
           0., 1.],
          [1., 0., 0., 0., 1., 1., 1., 1., 0., 0., 1., 1., 0., 1., 1., 1., 1.,
           1., 0.],
          [0., 1., 0., 0., 1., 1., 0., 0., 1., 1., 1., 0., 0., 0., 0., 0., 1.,
           0., 1.],
          [1., 0., 1., 1., 0., 1., 1., 1., 1., 0., 0., 1., 0., 1., 0., 1., 0.,
           0., 0.],
          [0., 1., 0., 1., 0., 1., 1., 0., 0., 0., 0., 0., 1., 1., 1., 0., 1.,
           1., 0.],
          [1., 1., 0., 0., 1., 1., 0., 1., 1., 0., 1., 1., 1., 0., 0., 0., 1.,
           1., 1.],
          [0., 0., 1., 0., 0., 1., 1., 0., 1., 0., 1., 0., 0., 1., 0., 0., 0.,
           0., 0.],
          [1., 0., 1., 1., 1., 1., 0., 1., 0., 0., 1., 1., 1., 0., 0., 0., 1.,
           1., 0.],
          [1., 0., 0., 1., 0., 1., 1., 0., 1., 1., 1., 1., 1., 1., 1., 1., 0.,
           1., 1.],
          [0., 0., 0., 0., 1., 1., 0., 1., 1., 1., 1., 0., 1., 1., 0., 1., 1.,
           0., 1.],
          [1., 0., 1., 1., 0., 1., 0., 0., 1., 0., 0., 0., 0., 0., 1., 0., 0.,
           1., 0.],
          [1., 1., 0., 0., 1., 0., 0., 0., 0., 1., 0., 0., 1., 0., 0., 0., 1.,
           1., 1.],
          [1., 1., 1., 0., 0., 1., 1., 0., 0., 1., 0., 0., 1., 0., 1., 0., 1.,
           0., 0.],
          [0., 1., 0., 0., 1., 0., 0., 1., 1., 1., 0., 1., 1., 0., 1., 0., 0.,
           1., 1.],
          [1., 0., 0., 0., 1., 1., 0., 1., 1., 0., 1., 0., 0., 0., 1., 1., 0.,
           1., 0.]]]], device='cuda:0'), tensor([[0.5485]], device='cuda:0'))
2026-01-08 17:09:34 - INFO - [ 0.7736512  -0.3321923   0.0055181   0.03508413  0.0055181   0.03508412
  0.99303836 -0.05554934]
2026-01-08 17:09:34 - INFO - (tensor([[[[1., 0., 0., 1., 0., 0., 1., 1., 0., 0., 1., 1., 0., 1., 1., 0., 0.,
           0., 1.],
          [1., 0., 1., 1., 0., 1., 0., 0., 1., 0., 0., 1., 0., 0., 0., 0., 0.,
           1., 0.],
          [0., 1., 0., 0., 0., 0., 0., 1., 0., 0., 1., 0., 0., 1., 1., 0., 0.,
           0., 0.],
          [1., 1., 0., 1., 0., 1., 1., 0., 1., 1., 0., 1., 0., 0., 1., 0., 0.,
           1., 1.],
          [1., 0., 0., 0., 0., 0., 1., 0., 0., 0., 0., 1., 1., 1., 0., 1., 1.,
           0., 1.],
          [1., 0., 0., 0., 1., 1., 1., 1., 0., 0., 1., 1., 0., 1., 1., 1., 1.,
           1., 0.],
          [0., 1., 0., 0., 1., 1., 0., 0., 1., 1., 1., 0., 0., 0., 0., 0., 1.,
           0., 1.],
          [1., 0., 1., 1., 0., 1., 1., 1., 1., 0., 0., 1., 0., 1., 0., 1., 0.,
           0., 0.],
          [0., 1., 0., 1., 0., 1., 1., 0., 0., 0., 0., 0., 1., 1., 1., 0., 1.,
           1., 0.],
          [1., 1., 0., 0., 1., 1., 0., 1., 1., 0., 1., 1., 1., 0., 0., 0., 1.,
           1., 1.],
          [0., 0., 1., 0., 0., 1., 1., 0., 1., 0., 1., 0., 0., 1., 0., 0., 0.,
           0., 0.],
          [1., 0., 1., 1., 1., 1., 0., 1., 0., 0., 1., 1., 1., 0., 0., 0., 1.,
           1., 0.],
          [1., 0., 0., 1., 0., 1., 1., 0., 1., 1., 1., 1., 1., 1., 1., 1., 0.,
           1., 1.],
          [0., 0., 0., 0., 1., 1., 0., 1., 1., 1., 1., 0., 1., 1., 0., 1., 1.,
           0., 1.],
          [1., 0., 1., 1., 0., 1., 0., 0., 1., 0., 0., 0., 0., 0., 1., 0., 0.,
           1., 0.],
          [1., 1., 0., 0., 1., 0., 0., 0., 0., 1., 0., 0., 1., 0., 0., 0., 1.,
           1., 1.],
          [1., 1., 1., 0., 0., 1., 1., 0., 0., 1., 0., 0., 1., 0., 1., 0., 1.,
           0., 0.],
          [0., 1., 0., 0., 1., 0., 0., 1., 1., 1., 0., 1., 1., 0., 1., 0., 0.,
           1., 1.],
          [1., 0., 0., 0., 1., 1., 0., 1., 1., 0., 1., 0., 0., 0., 1., 1., 0.,
           1., 0.]]]], device='cuda:0'), tensor([[0.5518]], device='cuda:0'))
2026-01-08 17:09:34 - INFO - [ 0.77321297 -0.33324546  0.00563052  0.03531635  0.00563052  0.03531636
  0.9929866  -0.05574294]
2026-01-08 17:09:34 - INFO - (tensor([[[[1., 0., 0., 1., 0., 0., 1., 1., 0., 0., 1., 1., 0., 1., 1., 0., 0.,
           0., 1.],
          [1., 0., 1., 1., 0., 1., 0., 0., 1., 0., 0., 1., 0., 0., 0., 0., 0.,
           1., 0.],
          [0., 1., 0., 0., 0., 0., 0., 1., 0., 0., 1., 0., 0., 1., 1., 0., 0.,
           0., 0.],
          [1., 1., 0., 1., 0., 1., 1., 0., 1., 1., 0., 1., 0., 0., 1., 0., 0.,
           1., 1.],
          [1., 0., 0., 0., 0., 0., 1., 0., 0., 0., 0., 1., 1., 1., 0., 1., 1.,
           0., 1.],
          [1., 0., 0., 0., 1., 1., 1., 1., 0., 0., 1., 1., 0., 1., 1., 1., 1.,
           1., 0.],
          [0., 1., 0., 0., 1., 1., 0., 0., 1., 1., 1., 0., 0., 0., 0., 0., 1.,
           0., 1.],
          [1., 0., 1., 1., 0., 1., 1., 1., 1., 0., 0., 1., 0., 1., 0., 1., 0.,
           0., 0.],
          [0., 1., 0., 1., 0., 1., 1., 0., 0., 0., 0., 0., 1., 1., 1., 0., 1.,
           1., 0.],
          [1., 1., 0., 0., 1., 1., 0., 1., 1., 0., 1., 1., 1., 0., 0., 0., 1.,
           1., 1.],
          [0., 0., 1., 0., 0., 1., 1., 0., 1., 0., 1., 0., 0., 1., 0., 0., 0.,
           0., 0.],
          [1., 0., 1., 1., 1., 1., 0., 1., 0., 0., 1., 1., 1., 0., 0., 0., 1.,
           1., 0.],
          [1., 0., 0., 1., 0., 1., 1., 0., 1., 1., 1., 1., 1., 1., 1., 1., 0.,
           1., 1.],
          [0., 0., 0., 0., 1., 1., 0., 1., 1., 1., 1., 0., 1., 1., 0., 1., 1.,
           0., 1.],
          [1., 0., 1., 1., 0., 1., 0., 0., 1., 0., 0., 0., 0., 0., 1., 0., 0.,
           1., 0.],
          [1., 1., 0., 0., 1., 0., 0., 0., 0., 1., 0., 0., 1., 0., 0., 0., 1.,
           1., 1.],
          [1., 1., 1., 0., 0., 1., 1., 0., 0., 1., 0., 0., 1., 0., 1., 0., 1.,
           0., 0.],
          [0., 1., 0., 0., 1., 0., 0., 1., 1., 1., 0., 1., 1., 0., 1., 0., 0.,
           1., 1.],
          [1., 0., 0., 0., 1., 1., 0., 1., 1., 0., 1., 0., 0., 0., 1., 1., 0.,
           1., 0.]]]], device='cuda:0'), tensor([[0.5552]], device='cuda:0'))
2026-01-08 17:09:34 - INFO - [ 0.77256614 -0.33471528  0.00574453  0.0355515   0.00574453  0.03555151
  0.99297917 -0.05597745]
2026-01-08 17:09:34 - INFO - (tensor([[[[1., 0., 0., 1., 0., 0., 1., 1., 0., 0., 1., 1., 0., 1., 1., 0., 0.,
           0., 1.],
          [1., 0., 1., 1., 0., 1., 0., 0., 1., 0., 0., 1., 0., 0., 0., 0., 0.,
           1., 0.],
          [0., 1., 0., 0., 0., 0., 0., 1., 0., 0., 1., 0., 0., 1., 1., 0., 0.,
           0., 0.],
          [1., 1., 0., 1., 0., 1., 1., 0., 1., 1., 0., 1., 0., 0., 1., 0., 0.,
           1., 1.],
          [1., 0., 0., 0., 0., 0., 1., 0., 0., 0., 0., 1., 1., 1., 0., 1., 1.,
           0., 1.],
          [1., 0., 0., 0., 1., 1., 1., 1., 0., 0., 1., 1., 0., 1., 1., 1., 1.,
           1., 0.],
          [0., 1., 0., 0., 1., 1., 0., 0., 1., 1., 1., 0., 0., 0., 0., 0., 1.,
           0., 1.],
          [1., 0., 1., 1., 0., 1., 1., 1., 1., 0., 0., 1., 0., 1., 0., 1., 0.,
           0., 0.],
          [0., 1., 0., 1., 0., 1., 1., 0., 0., 0., 0., 0., 1., 1., 1., 0., 1.,
           1., 0.],
          [1., 1., 0., 0., 1., 1., 0., 1., 1., 0., 1., 1., 1., 0., 0., 0., 1.,
           1., 1.],
          [0., 0., 1., 0., 0., 1., 1., 0., 1., 0., 1., 0., 0., 1., 0., 0., 0.,
           0., 0.],
          [1., 0., 1., 1., 1., 1., 0., 1., 0., 0., 1., 1., 1., 0., 0., 0., 1.,
           1., 0.],
          [1., 0., 0., 1., 0., 1., 1., 0., 1., 1., 1., 1., 1., 1., 1., 1., 0.,
           1., 1.],
          [0., 0., 0., 0., 1., 1., 0., 1., 1., 1., 1., 0., 1., 1., 0., 1., 1.,
           0., 1.],
          [1., 0., 1., 1., 0., 1., 0., 0., 1., 0., 0., 0., 0., 0., 1., 0., 0.,
           1., 0.],
          [1., 1., 0., 0., 1., 0., 0., 0., 0., 1., 0., 0., 1., 0., 0., 0., 1.,
           1., 1.],
          [1., 1., 1., 0., 0., 1., 1., 0., 0., 1., 0., 0., 1., 0., 1., 0., 1.,
           0., 0.],
          [0., 1., 0., 0., 1., 0., 0., 1., 1., 1., 0., 1., 1., 0., 1., 0., 0.,
           1., 1.],
          [1., 0., 0., 0., 1., 1., 0., 1., 1., 0., 1., 0., 0., 0., 1., 1., 0.,
           1., 0.]]]], device='cuda:0'), tensor([[0.5585]], device='cuda:0'))
2026-01-08 17:09:34 - INFO - [ 0.7718648  -0.3363424   0.00587138  0.03581296  0.00587138  0.03581296
  0.99298173 -0.05623263]
2026-01-08 17:09:34 - INFO - (tensor([[[[1., 0., 0., 1., 0., 0., 1., 1., 0., 0., 1., 1., 0., 1., 1., 0., 0.,
           0., 1.],
          [1., 0., 1., 1., 0., 1., 0., 0., 1., 0., 0., 1., 0., 0., 0., 0., 0.,
           1., 0.],
          [0., 1., 0., 0., 0., 0., 0., 1., 0., 0., 1., 0., 0., 1., 1., 0., 0.,
           0., 0.],
          [1., 1., 0., 1., 0., 1., 1., 0., 1., 1., 0., 1., 0., 0., 1., 0., 0.,
           1., 1.],
          [1., 0., 0., 0., 0., 0., 1., 0., 0., 0., 0., 1., 1., 1., 0., 1., 1.,
           0., 1.],
          [1., 0., 0., 0., 1., 1., 1., 1., 0., 0., 1., 1., 0., 1., 1., 1., 1.,
           1., 0.],
          [0., 1., 0., 0., 1., 1., 0., 0., 1., 1., 1., 0., 0., 0., 0., 0., 1.,
           0., 1.],
          [1., 0., 1., 1., 0., 1., 1., 1., 1., 0., 0., 1., 0., 1., 0., 1., 0.,
           0., 0.],
          [0., 1., 0., 1., 0., 1., 1., 0., 0., 0., 0., 0., 1., 1., 1., 0., 1.,
           1., 0.],
          [1., 1., 0., 0., 1., 1., 0., 1., 1., 0., 1., 1., 1., 0., 0., 0., 1.,
           1., 1.],
          [0., 0., 1., 0., 0., 1., 1., 0., 1., 0., 1., 0., 0., 1., 0., 0., 0.,
           0., 0.],
          [1., 0., 1., 1., 1., 1., 0., 1., 0., 0., 1., 1., 1., 0., 0., 0., 1.,
           1., 0.],
          [1., 0., 0., 1., 0., 1., 1., 0., 1., 1., 1., 1., 1., 1., 1., 1., 0.,
           1., 1.],
          [0., 0., 0., 0., 1., 1., 0., 1., 1., 1., 1., 0., 1., 1., 0., 1., 1.,
           0., 1.],
          [1., 0., 1., 1., 0., 1., 0., 0., 1., 0., 0., 0., 0., 0., 1., 0., 0.,
           1., 0.],
          [1., 1., 0., 0., 1., 0., 0., 0., 0., 1., 0., 0., 1., 0., 0., 0., 1.,
           1., 1.],
          [1., 1., 1., 0., 0., 1., 1., 0., 0., 1., 0., 0., 1., 0., 1., 0., 1.,
           0., 0.],
          [0., 1., 0., 0., 1., 0., 0., 1., 1., 1., 0., 1., 1., 0., 1., 0., 0.,
           1., 1.],
          [1., 0., 0., 0., 1., 1., 0., 1., 1., 0., 1., 0., 0., 0., 1., 1., 0.,
           1., 0.]]]], device='cuda:0'), tensor([[0.5619]], device='cuda:0'))
2026-01-08 17:09:34 - INFO - [ 0.77116716 -0.33798224  0.00601209  0.03609604  0.00601209  0.03609603
  0.9929784  -0.05651105]
2026-01-08 17:09:34 - INFO - (tensor([[[[1., 0., 0., 1., 0., 0., 1., 1., 0., 0., 1., 1., 0., 1., 1., 0., 0.,
           0., 1.],
          [1., 0., 1., 1., 0., 1., 0., 0., 1., 0., 0., 1., 0., 0., 0., 0., 0.,
           1., 0.],
          [0., 1., 0., 0., 0., 0., 0., 1., 0., 0., 1., 0., 0., 1., 1., 0., 0.,
           0., 0.],
          [1., 1., 0., 1., 0., 1., 1., 0., 1., 1., 0., 1., 0., 0., 1., 0., 0.,
           1., 1.],
          [1., 0., 0., 0., 0., 0., 1., 0., 0., 0., 0., 1., 1., 1., 0., 1., 1.,
           0., 1.],
          [1., 0., 0., 0., 1., 1., 1., 1., 0., 0., 1., 1., 0., 1., 1., 1., 1.,
           1., 0.],
          [0., 1., 0., 0., 1., 1., 0., 0., 1., 1., 1., 0., 0., 0., 0., 0., 1.,
           0., 1.],
          [1., 0., 1., 1., 0., 1., 1., 1., 1., 0., 0., 1., 0., 1., 0., 1., 0.,
           0., 0.],
          [0., 1., 0., 1., 0., 1., 1., 0., 0., 0., 0., 0., 1., 1., 1., 0., 1.,
           1., 0.],
          [1., 1., 0., 0., 1., 1., 0., 1., 1., 0., 1., 1., 1., 0., 0., 0., 1.,
           1., 1.],
          [0., 0., 1., 0., 0., 1., 1., 0., 1., 0., 1., 0., 0., 1., 0., 0., 0.,
           0., 0.],
          [1., 0., 1., 1., 1., 1., 0., 1., 0., 0., 1., 1., 1., 0., 0., 0., 1.,
           1., 0.],
          [1., 0., 0., 1., 0., 1., 1., 0., 1., 1., 1., 1., 1., 1., 1., 1., 0.,
           1., 1.],
          [0., 0., 0., 0., 1., 1., 0., 1., 1., 1., 1., 0., 1., 1., 0., 1., 1.,
           0., 1.],
          [1., 0., 1., 1., 0., 1., 0., 0., 1., 0., 0., 0., 0., 0., 1., 0., 0.,
           1., 0.],
          [1., 1., 0., 0., 1., 0., 0., 0., 0., 1., 0., 0., 1., 0., 0., 0., 1.,
           1., 1.],
          [1., 1., 1., 0., 0., 1., 1., 0., 0., 1., 0., 0., 1., 0., 1., 0., 1.,
           0., 0.],
          [0., 1., 0., 0., 1., 0., 0., 1., 1., 1., 0., 1., 1., 0., 1., 0., 0.,
           1., 1.],
          [1., 0., 0., 0., 1., 1., 0., 1., 1., 0., 1., 0., 0., 0., 1., 1., 0.,
           1., 0.]]]], device='cuda:0'), tensor([[0.5652]], device='cuda:0'))
2026-01-08 17:09:34 - INFO - [ 0.77041763 -0.33958578  0.00614271  0.03637183  0.00614271  0.03637182
  0.9929625  -0.05680411]
2026-01-08 17:09:34 - INFO - (tensor([[[[1., 0., 0., 1., 0., 0., 1., 1., 0., 0., 1., 1., 0., 1., 1., 0., 0.,
           0., 1.],
          [1., 0., 1., 1., 0., 1., 0., 0., 1., 0., 0., 1., 0., 0., 0., 0., 0.,
           1., 0.],
          [0., 1., 0., 0., 0., 0., 0., 1., 0., 0., 1., 0., 0., 1., 1., 0., 0.,
           0., 0.],
          [1., 1., 0., 1., 0., 1., 1., 0., 1., 1., 0., 1., 0., 0., 1., 0., 0.,
           1., 1.],
          [1., 0., 0., 0., 0., 0., 1., 0., 0., 0., 0., 1., 1., 1., 0., 1., 1.,
           0., 1.],
          [1., 0., 0., 0., 1., 1., 1., 1., 0., 0., 1., 1., 0., 1., 1., 1., 1.,
           1., 0.],
          [0., 1., 0., 0., 1., 1., 0., 0., 1., 1., 1., 0., 0., 0., 0., 0., 1.,
           0., 1.],
          [1., 0., 1., 1., 0., 1., 1., 1., 1., 0., 0., 1., 0., 1., 0., 1., 0.,
           0., 0.],
          [0., 1., 0., 1., 0., 1., 1., 0., 0., 0., 0., 0., 1., 1., 1., 0., 1.,
           1., 0.],
          [1., 1., 0., 0., 1., 1., 0., 1., 1., 0., 1., 1., 1., 0., 0., 0., 1.,
           1., 1.],
          [0., 0., 1., 0., 0., 1., 1., 0., 1., 0., 1., 0., 0., 1., 0., 0., 0.,
           0., 0.],
          [1., 0., 1., 1., 1., 1., 0., 1., 0., 0., 1., 1., 1., 0., 0., 0., 1.,
           1., 0.],
          [1., 0., 0., 1., 0., 1., 1., 0., 1., 1., 1., 1., 1., 1., 1., 1., 0.,
           1., 1.],
          [0., 0., 0., 0., 1., 1., 0., 1., 1., 1., 1., 0., 1., 1., 0., 1., 1.,
           0., 1.],
          [1., 0., 1., 1., 0., 1., 0., 0., 1., 0., 0., 0., 0., 0., 1., 0., 0.,
           1., 0.],
          [1., 1., 0., 0., 1., 0., 0., 0., 0., 1., 0., 0., 1., 0., 0., 0., 1.,
           1., 1.],
          [1., 1., 1., 0., 0., 1., 1., 0., 0., 1., 0., 0., 1., 0., 1., 0., 1.,
           0., 0.],
          [0., 1., 0., 0., 1., 0., 0., 1., 1., 1., 0., 1., 1., 0., 1., 0., 0.,
           1., 1.],
          [1., 0., 0., 0., 1., 1., 0., 1., 1., 0., 1., 0., 0., 0., 1., 1., 0.,
           1., 0.]]]], device='cuda:0'), tensor([[0.5686]], device='cuda:0'))
2026-01-08 17:09:34 - INFO - [ 0.7697096  -0.3408897   0.00622525  0.03656182  0.00622525  0.03656181
  0.99292135 -0.05703373]
2026-01-08 17:09:34 - INFO - (tensor([[[[1., 0., 0., 1., 0., 0., 1., 1., 0., 0., 1., 1., 0., 1., 1., 0., 0.,
           0., 1.],
          [1., 0., 1., 1., 0., 1., 0., 0., 1., 0., 0., 1., 0., 0., 0., 0., 0.,
           1., 0.],
          [0., 1., 0., 0., 0., 0., 0., 1., 0., 0., 1., 0., 0., 1., 1., 0., 0.,
           0., 0.],
          [1., 1., 0., 1., 0., 1., 1., 0., 1., 1., 0., 1., 0., 0., 1., 0., 0.,
           1., 1.],
          [1., 0., 0., 0., 0., 0., 1., 0., 0., 0., 0., 1., 1., 1., 0., 1., 1.,
           0., 1.],
          [1., 0., 0., 0., 1., 1., 1., 1., 0., 0., 1., 1., 0., 1., 1., 1., 1.,
           1., 0.],
          [0., 1., 0., 0., 1., 1., 0., 0., 1., 1., 1., 0., 0., 0., 0., 0., 1.,
           0., 1.],
          [1., 0., 1., 1., 0., 1., 1., 1., 1., 0., 0., 1., 0., 1., 0., 1., 0.,
           0., 0.],
          [0., 1., 0., 1., 0., 1., 1., 0., 0., 0., 0., 0., 1., 1., 1., 0., 1.,
           1., 0.],
          [1., 1., 0., 0., 1., 1., 0., 1., 1., 0., 1., 1., 1., 0., 0., 0., 1.,
           1., 1.],
          [0., 0., 1., 0., 0., 1., 1., 0., 1., 0., 1., 0., 0., 1., 0., 0., 0.,
           0., 0.],
          [1., 0., 1., 1., 1., 1., 0., 1., 0., 0., 1., 1., 1., 0., 0., 0., 1.,
           1., 0.],
          [1., 0., 0., 1., 0., 1., 1., 0., 1., 1., 1., 1., 1., 1., 1., 1., 0.,
           1., 1.],
          [0., 0., 0., 0., 1., 1., 0., 1., 1., 1., 1., 0., 1., 1., 0., 1., 1.,
           0., 1.],
          [1., 0., 1., 1., 0., 1., 0., 0., 1., 0., 0., 0., 0., 0., 1., 0., 0.,
           1., 0.],
          [1., 1., 0., 0., 1., 0., 0., 0., 0., 1., 0., 0., 1., 0., 0., 0., 1.,
           1., 1.],
          [1., 1., 1., 0., 0., 1., 1., 0., 0., 1., 0., 0., 1., 0., 1., 0., 1.,
           0., 0.],
          [0., 1., 0., 0., 1., 0., 0., 1., 1., 1., 0., 1., 1., 0., 1., 0., 0.,
           1., 1.],
          [1., 0., 0., 0., 1., 1., 0., 1., 1., 0., 1., 0., 0., 0., 1., 1., 0.,
           1., 0.]]]], device='cuda:0'), tensor([[0.5719]], device='cuda:0'))
2026-01-08 17:09:34 - INFO - [ 0.7690717  -0.3420354   0.00630022  0.03673517  0.00630022  0.03673517
  0.9928867  -0.05724545]
2026-01-08 17:09:34 - INFO - (tensor([[[[1., 0., 0., 1., 0., 0., 1., 1., 0., 0., 1., 1., 0., 1., 1., 0., 0.,
           0., 1.],
          [1., 0., 1., 1., 0., 1., 0., 0., 1., 0., 0., 1., 0., 0., 0., 0., 0.,
           1., 0.],
          [0., 1., 0., 0., 0., 0., 0., 1., 0., 0., 1., 0., 0., 1., 1., 0., 0.,
           0., 0.],
          [1., 1., 0., 1., 0., 1., 1., 0., 1., 1., 0., 1., 0., 0., 1., 0., 0.,
           1., 1.],
          [1., 0., 0., 0., 0., 0., 1., 0., 0., 0., 0., 1., 1., 1., 0., 1., 1.,
           0., 1.],
          [1., 0., 0., 0., 1., 1., 1., 1., 0., 0., 1., 1., 0., 1., 1., 1., 1.,
           1., 0.],
          [0., 1., 0., 0., 1., 1., 0., 0., 1., 1., 1., 0., 0., 0., 0., 0., 1.,
           0., 1.],
          [1., 0., 1., 1., 0., 1., 1., 1., 1., 0., 0., 1., 0., 1., 0., 1., 0.,
           0., 0.],
          [0., 1., 0., 1., 0., 1., 1., 0., 0., 0., 0., 0., 1., 1., 1., 0., 1.,
           1., 0.],
          [1., 1., 0., 0., 1., 1., 0., 1., 1., 0., 1., 1., 1., 0., 0., 0., 1.,
           1., 1.],
          [0., 0., 1., 0., 0., 1., 1., 0., 1., 0., 1., 0., 0., 1., 0., 0., 0.,
           0., 0.],
          [1., 0., 1., 1., 1., 1., 0., 1., 0., 0., 1., 1., 1., 0., 0., 0., 1.,
           1., 0.],
          [1., 0., 0., 1., 0., 1., 1., 0., 1., 1., 1., 1., 1., 1., 1., 1., 0.,
           1., 1.],
          [0., 0., 0., 0., 1., 1., 0., 1., 1., 1., 1., 0., 1., 1., 0., 1., 1.,
           0., 1.],
          [1., 0., 1., 1., 0., 1., 0., 0., 1., 0., 0., 0., 0., 0., 1., 0., 0.,
           1., 0.],
          [1., 1., 0., 0., 1., 0., 0., 0., 0., 1., 0., 0., 1., 0., 0., 0., 1.,
           1., 1.],
          [1., 1., 1., 0., 0., 1., 1., 0., 0., 1., 0., 0., 1., 0., 1., 0., 1.,
           0., 0.],
          [0., 1., 0., 0., 1., 0., 0., 1., 1., 1., 0., 1., 1., 0., 1., 0., 0.,
           1., 1.],
          [1., 0., 0., 0., 1., 1., 0., 1., 1., 0., 1., 0., 0., 0., 1., 1., 0.,
           1., 0.]]]], device='cuda:0'), tensor([[0.5753]], device='cuda:0'))
2026-01-08 17:09:34 - INFO - [ 0.7681478  -0.34357354  0.00639214  0.03694141  0.00639214  0.0369414
  0.99286395 -0.05760625]
2026-01-08 17:09:34 - INFO - (tensor([[[[1., 0., 0., 1., 0., 0., 1., 1., 0., 0., 1., 1., 0., 1., 1., 0., 0.,
           0., 1.],
          [1., 0., 1., 1., 0., 1., 0., 0., 1., 0., 0., 1., 0., 0., 0., 0., 0.,
           1., 0.],
          [0., 1., 0., 0., 0., 0., 0., 1., 0., 0., 1., 0., 0., 1., 1., 0., 0.,
           0., 0.],
          [1., 1., 0., 1., 0., 1., 1., 0., 1., 1., 0., 1., 0., 0., 1., 0., 0.,
           1., 1.],
          [1., 0., 0., 0., 0., 0., 1., 0., 0., 0., 0., 1., 1., 1., 0., 1., 1.,
           0., 1.],
          [1., 0., 0., 0., 1., 1., 1., 1., 0., 0., 1., 1., 0., 1., 1., 1., 1.,
           1., 0.],
          [0., 1., 0., 0., 1., 1., 0., 0., 1., 1., 1., 0., 0., 0., 0., 0., 1.,
           0., 1.],
          [1., 0., 1., 1., 0., 1., 1., 1., 1., 0., 0., 1., 0., 1., 0., 1., 0.,
           0., 0.],
          [0., 1., 0., 1., 0., 1., 1., 0., 0., 0., 0., 0., 1., 1., 1., 0., 1.,
           1., 0.],
          [1., 1., 0., 0., 1., 1., 0., 1., 1., 0., 1., 1., 1., 0., 0., 0., 1.,
           1., 1.],
          [0., 0., 1., 0., 0., 1., 1., 0., 1., 0., 1., 0., 0., 1., 0., 0., 0.,
           0., 0.],
          [1., 0., 1., 1., 1., 1., 0., 1., 0., 0., 1., 1., 1., 0., 0., 0., 1.,
           1., 0.],
          [1., 0., 0., 1., 0., 1., 1., 0., 1., 1., 1., 1., 1., 1., 1., 1., 0.,
           1., 1.],
          [0., 0., 0., 0., 1., 1., 0., 1., 1., 1., 1., 0., 1., 1., 0., 1., 1.,
           0., 1.],
          [1., 0., 1., 1., 0., 1., 0., 0., 1., 0., 0., 0., 0., 0., 1., 0., 0.,
           1., 0.],
          [1., 1., 0., 0., 1., 0., 0., 0., 0., 1., 0., 0., 1., 0., 0., 0., 1.,
           1., 1.],
          [1., 1., 1., 0., 0., 1., 1., 0., 0., 1., 0., 0., 1., 0., 1., 0., 1.,
           0., 0.],
          [0., 1., 0., 0., 1., 0., 0., 1., 1., 1., 0., 1., 1., 0., 1., 0., 0.,
           1., 1.],
          [1., 0., 0., 0., 1., 1., 0., 1., 1., 0., 1., 0., 0., 0., 1., 1., 0.,
           1., 0.]]]], device='cuda:0'), tensor([[0.5786]], device='cuda:0'))
2026-01-08 17:09:34 - INFO - [ 0.7672772  -0.34500632  0.00648096  0.03713999  0.00648096  0.03713999
  0.99284196 -0.0579484 ]
2026-01-08 17:09:34 - INFO - (tensor([[[[1., 0., 0., 1., 0., 0., 1., 1., 0., 0., 1., 1., 0., 1., 1., 0., 0.,
           0., 1.],
          [1., 0., 1., 1., 0., 1., 0., 0., 1., 0., 0., 1., 0., 0., 0., 0., 0.,
           1., 0.],
          [0., 1., 0., 0., 0., 0., 0., 1., 0., 0., 1., 0., 0., 1., 1., 0., 0.,
           0., 0.],
          [1., 1., 0., 1., 0., 1., 1., 0., 1., 1., 0., 1., 0., 0., 1., 0., 0.,
           1., 1.],
          [1., 0., 0., 0., 0., 0., 1., 0., 0., 0., 0., 1., 1., 1., 0., 1., 1.,
           0., 1.],
          [1., 0., 0., 0., 1., 1., 1., 1., 0., 0., 1., 1., 0., 1., 1., 1., 1.,
           1., 0.],
          [0., 1., 0., 0., 1., 1., 0., 0., 1., 1., 1., 0., 0., 0., 0., 0., 1.,
           0., 1.],
          [1., 0., 1., 1., 0., 1., 1., 1., 1., 0., 0., 1., 0., 1., 0., 1., 0.,
           0., 0.],
          [0., 1., 0., 1., 0., 1., 1., 0., 0., 0., 0., 0., 1., 1., 1., 0., 1.,
           1., 0.],
          [1., 1., 0., 0., 1., 1., 0., 1., 1., 0., 1., 1., 1., 0., 0., 0., 1.,
           1., 1.],
          [0., 0., 1., 0., 0., 1., 1., 0., 1., 0., 1., 0., 0., 1., 0., 0., 0.,
           0., 0.],
          [1., 0., 1., 1., 1., 1., 0., 1., 0., 0., 1., 1., 1., 0., 0., 0., 1.,
           1., 0.],
          [1., 0., 0., 1., 0., 1., 1., 0., 1., 1., 1., 1., 1., 1., 1., 1., 0.,
           1., 1.],
          [0., 0., 0., 0., 1., 1., 0., 1., 1., 1., 1., 0., 1., 1., 0., 1., 1.,
           0., 1.],
          [1., 0., 1., 1., 0., 1., 0., 0., 1., 0., 0., 0., 0., 0., 1., 0., 0.,
           1., 0.],
          [1., 1., 0., 0., 1., 0., 0., 0., 0., 1., 0., 0., 1., 0., 0., 0., 1.,
           1., 1.],
          [1., 1., 1., 0., 0., 1., 1., 0., 0., 1., 0., 0., 1., 0., 1., 0., 1.,
           0., 0.],
          [0., 1., 0., 0., 1., 0., 0., 1., 1., 1., 0., 1., 1., 0., 1., 0., 0.,
           1., 1.],
          [1., 0., 0., 0., 1., 1., 0., 1., 1., 0., 1., 0., 0., 0., 1., 1., 0.,
           1., 0.]]]], device='cuda:0'), tensor([[0.5819]], device='cuda:0'))
2026-01-08 17:09:34 - INFO - [ 0.76646036 -0.34633884  0.00656612  0.03732977  0.00656611  0.03732977
  0.9928199  -0.0582738 ]
2026-01-08 17:09:34 - INFO - (tensor([[[[1., 0., 0., 1., 0., 0., 1., 1., 0., 0., 1., 1., 0., 1., 1., 0., 0.,
           0., 1.],
          [1., 0., 1., 1., 0., 1., 0., 0., 1., 0., 0., 1., 0., 0., 0., 0., 0.,
           1., 0.],
          [0., 1., 0., 0., 0., 0., 0., 1., 0., 0., 1., 0., 0., 1., 1., 0., 0.,
           0., 0.],
          [1., 1., 0., 1., 0., 1., 1., 0., 1., 1., 0., 1., 0., 0., 1., 0., 0.,
           1., 1.],
          [1., 0., 0., 0., 0., 0., 1., 0., 0., 0., 0., 1., 1., 1., 0., 1., 1.,
           0., 1.],
          [1., 0., 0., 0., 1., 1., 1., 1., 0., 0., 1., 1., 0., 1., 1., 1., 1.,
           1., 0.],
          [0., 1., 0., 0., 1., 1., 0., 0., 1., 1., 1., 0., 0., 0., 0., 0., 1.,
           0., 1.],
          [1., 0., 1., 1., 0., 1., 1., 1., 1., 0., 0., 1., 0., 1., 0., 1., 0.,
           0., 0.],
          [0., 1., 0., 1., 0., 1., 1., 0., 0., 0., 0., 0., 1., 1., 1., 0., 1.,
           1., 0.],
          [1., 1., 0., 0., 1., 1., 0., 1., 1., 0., 1., 1., 1., 0., 0., 0., 1.,
           1., 1.],
          [0., 0., 1., 0., 0., 1., 1., 0., 1., 0., 1., 0., 0., 1., 0., 0., 0.,
           0., 0.],
          [1., 0., 1., 1., 1., 1., 0., 1., 0., 0., 1., 1., 1., 0., 0., 0., 1.,
           1., 0.],
          [1., 0., 0., 1., 0., 1., 1., 0., 1., 1., 1., 1., 1., 1., 1., 1., 0.,
           1., 1.],
          [0., 0., 0., 0., 1., 1., 0., 1., 1., 1., 1., 0., 1., 1., 0., 1., 1.,
           0., 1.],
          [1., 0., 1., 1., 0., 1., 0., 0., 1., 0., 0., 0., 0., 0., 1., 0., 0.,
           1., 0.],
          [1., 1., 0., 0., 1., 0., 0., 0., 0., 1., 0., 0., 1., 0., 0., 0., 1.,
           1., 1.],
          [1., 1., 1., 0., 0., 1., 1., 0., 0., 1., 0., 0., 1., 0., 1., 0., 1.,
           0., 0.],
          [0., 1., 0., 0., 1., 0., 0., 1., 1., 1., 0., 1., 1., 0., 1., 0., 0.,
           1., 1.],
          [1., 0., 0., 0., 1., 1., 0., 1., 1., 0., 1., 0., 0., 0., 1., 1., 0.,
           1., 0.]]]], device='cuda:0'), tensor([[0.5853]], device='cuda:0'))
2026-01-08 17:09:34 - INFO - [ 0.7656496  -0.34767646  0.00665089  0.03751669  0.00665088  0.03751669
  0.9928016  -0.05859014]
2026-01-08 17:09:34 - INFO - (tensor([[[[1., 0., 0., 1., 0., 0., 1., 1., 0., 0., 1., 1., 0., 1., 1., 0., 0.,
           0., 1.],
          [1., 0., 1., 1., 0., 1., 0., 0., 1., 0., 0., 1., 0., 0., 0., 0., 0.,
           1., 0.],
          [0., 1., 0., 0., 0., 0., 0., 1., 0., 0., 1., 0., 0., 1., 1., 0., 0.,
           0., 0.],
          [1., 1., 0., 1., 0., 1., 1., 0., 1., 1., 0., 1., 0., 0., 1., 0., 0.,
           1., 1.],
          [1., 0., 0., 0., 0., 0., 1., 0., 0., 0., 0., 1., 1., 1., 0., 1., 1.,
           0., 1.],
          [1., 0., 0., 0., 1., 1., 1., 1., 0., 0., 1., 1., 0., 1., 1., 1., 1.,
           1., 0.],
          [0., 1., 0., 0., 1., 1., 0., 0., 1., 1., 1., 0., 0., 0., 0., 0., 1.,
           0., 1.],
          [1., 0., 1., 1., 0., 1., 1., 1., 1., 0., 0., 1., 0., 1., 0., 1., 0.,
           0., 0.],
          [0., 1., 0., 1., 0., 1., 1., 0., 0., 0., 0., 0., 1., 1., 1., 0., 1.,
           1., 0.],
          [1., 1., 0., 0., 1., 1., 0., 1., 1., 0., 1., 1., 1., 0., 0., 0., 1.,
           1., 1.],
          [0., 0., 1., 0., 0., 1., 1., 0., 1., 0., 1., 0., 0., 1., 0., 0., 0.,
           0., 0.],
          [1., 0., 1., 1., 1., 1., 0., 1., 0., 0., 1., 1., 1., 0., 0., 0., 1.,
           1., 0.],
          [1., 0., 0., 1., 0., 1., 1., 0., 1., 1., 1., 1., 1., 1., 1., 1., 0.,
           1., 1.],
          [0., 0., 0., 0., 1., 1., 0., 1., 1., 1., 1., 0., 1., 1., 0., 1., 1.,
           0., 1.],
          [1., 0., 1., 1., 0., 1., 0., 0., 1., 0., 0., 0., 0., 0., 1., 0., 0.,
           1., 0.],
          [1., 1., 0., 0., 1., 0., 0., 0., 0., 1., 0., 0., 1., 0., 0., 0., 1.,
           1., 1.],
          [1., 1., 1., 0., 0., 1., 1., 0., 0., 1., 0., 0., 1., 0., 1., 0., 1.,
           0., 0.],
          [0., 1., 0., 0., 1., 0., 0., 1., 1., 1., 0., 1., 1., 0., 1., 0., 0.,
           1., 1.],
          [1., 0., 0., 0., 1., 1., 0., 1., 1., 0., 1., 0., 0., 0., 1., 1., 0.,
           1., 0.]]]], device='cuda:0'), tensor([[0.5886]], device='cuda:0'))
2026-01-08 17:09:34 - INFO - [ 0.76482147 -0.34904698  0.00673903  0.03770716  0.00673903  0.03770717
  0.99278784 -0.05890972]
2026-01-08 17:09:34 - INFO - (tensor([[[[1., 0., 0., 1., 0., 0., 1., 1., 0., 0., 1., 1., 0., 1., 1., 0., 0.,
           0., 1.],
          [1., 0., 1., 1., 0., 1., 0., 0., 1., 0., 0., 1., 0., 0., 0., 0., 0.,
           1., 0.],
          [0., 1., 0., 0., 0., 0., 0., 1., 0., 0., 1., 0., 0., 1., 1., 0., 0.,
           0., 0.],
          [1., 1., 0., 1., 0., 1., 1., 0., 1., 1., 0., 1., 0., 0., 1., 0., 0.,
           1., 1.],
          [1., 0., 0., 0., 0., 0., 1., 0., 0., 0., 0., 1., 1., 1., 0., 1., 1.,
           0., 1.],
          [1., 0., 0., 0., 1., 1., 1., 1., 0., 0., 1., 1., 0., 1., 1., 1., 1.,
           1., 0.],
          [0., 1., 0., 0., 1., 1., 0., 0., 1., 1., 1., 0., 0., 0., 0., 0., 1.,
           0., 1.],
          [1., 0., 1., 1., 0., 1., 1., 1., 1., 0., 0., 1., 0., 1., 0., 1., 0.,
           0., 0.],
          [0., 1., 0., 1., 0., 1., 1., 0., 0., 0., 0., 0., 1., 1., 1., 0., 1.,
           1., 0.],
          [1., 1., 0., 0., 1., 1., 0., 1., 1., 0., 1., 1., 1., 0., 0., 0., 1.,
           1., 1.],
          [0., 0., 1., 0., 0., 1., 1., 0., 1., 0., 1., 0., 0., 1., 0., 0., 0.,
           0., 0.],
          [1., 0., 1., 1., 1., 1., 0., 1., 0., 0., 1., 1., 1., 0., 0., 0., 1.,
           1., 0.],
          [1., 0., 0., 1., 0., 1., 1., 0., 1., 1., 1., 1., 1., 1., 1., 1., 0.,
           1., 1.],
          [0., 0., 0., 0., 1., 1., 0., 1., 1., 1., 1., 0., 1., 1., 0., 1., 1.,
           0., 1.],
          [1., 0., 1., 1., 0., 1., 0., 0., 1., 0., 0., 0., 0., 0., 1., 0., 0.,
           1., 0.],
          [1., 1., 0., 0., 1., 0., 0., 0., 0., 1., 0., 0., 1., 0., 0., 0., 1.,
           1., 1.],
          [1., 1., 1., 0., 0., 1., 1., 0., 0., 1., 0., 0., 1., 0., 1., 0., 1.,
           0., 0.],
          [0., 1., 0., 0., 1., 0., 0., 1., 1., 1., 0., 1., 1., 0., 1., 0., 0.,
           1., 1.],
          [1., 0., 0., 0., 1., 1., 0., 1., 1., 0., 1., 0., 0., 0., 1., 1., 0.,
           1., 0.]]]], device='cuda:0'), tensor([[0.5920]], device='cuda:0'))
2026-01-08 17:09:34 - INFO - [ 0.7638474  -0.35061926  0.00684016  0.03792675  0.00684016  0.03792675
  0.99276483 -0.05928963]
2026-01-08 17:09:34 - INFO - (tensor([[[[1., 0., 0., 1., 0., 0., 1., 1., 0., 0., 1., 1., 0., 1., 1., 0., 0.,
           0., 1.],
          [1., 0., 1., 1., 0., 1., 0., 0., 1., 0., 0., 1., 0., 0., 0., 0., 0.,
           1., 0.],
          [0., 1., 0., 0., 0., 0., 0., 1., 0., 0., 1., 0., 0., 1., 1., 0., 0.,
           0., 0.],
          [1., 1., 0., 1., 0., 1., 1., 0., 1., 1., 0., 1., 0., 0., 1., 0., 0.,
           1., 1.],
          [1., 0., 0., 0., 0., 0., 1., 0., 0., 0., 0., 1., 1., 1., 0., 1., 1.,
           0., 1.],
          [1., 0., 0., 0., 1., 1., 1., 1., 0., 0., 1., 1., 0., 1., 1., 1., 1.,
           1., 0.],
          [0., 1., 0., 0., 1., 1., 0., 0., 1., 1., 1., 0., 0., 0., 0., 0., 1.,
           0., 1.],
          [1., 0., 1., 1., 0., 1., 1., 1., 1., 0., 0., 1., 0., 1., 0., 1., 0.,
           0., 0.],
          [0., 1., 0., 1., 0., 1., 1., 0., 0., 0., 0., 0., 1., 1., 1., 0., 1.,
           1., 0.],
          [1., 1., 0., 0., 1., 1., 0., 1., 1., 0., 1., 1., 1., 0., 0., 0., 1.,
           1., 1.],
          [0., 0., 1., 0., 0., 1., 1., 0., 1., 0., 1., 0., 0., 1., 0., 0., 0.,
           0., 0.],
          [1., 0., 1., 1., 1., 1., 0., 1., 0., 0., 1., 1., 1., 0., 0., 0., 1.,
           1., 0.],
          [1., 0., 0., 1., 0., 1., 1., 0., 1., 1., 1., 1., 1., 1., 1., 1., 0.,
           1., 1.],
          [0., 0., 0., 0., 1., 1., 0., 1., 1., 1., 1., 0., 1., 1., 0., 1., 1.,
           0., 1.],
          [1., 0., 1., 1., 0., 1., 0., 0., 1., 0., 0., 0., 0., 0., 1., 0., 0.,
           1., 0.],
          [1., 1., 0., 0., 1., 0., 0., 0., 0., 1., 0., 0., 1., 0., 0., 0., 1.,
           1., 1.],
          [1., 1., 1., 0., 0., 1., 1., 0., 0., 1., 0., 0., 1., 0., 1., 0., 1.,
           0., 0.],
          [0., 1., 0., 0., 1., 0., 0., 1., 1., 1., 0., 1., 1., 0., 1., 0., 0.,
           1., 1.],
          [1., 0., 0., 0., 1., 1., 0., 1., 1., 0., 1., 0., 0., 0., 1., 1., 0.,
           1., 0.]]]], device='cuda:0'), tensor([[0.5953]], device='cuda:0'))
2026-01-08 17:09:34 - INFO - [ 0.76284766 -0.3522357   0.00694673  0.0381528   0.00694673  0.0381528
  0.99274415 -0.05967645]
2026-01-08 17:09:34 - INFO - (tensor([[[[1., 0., 0., 1., 0., 0., 1., 1., 0., 0., 1., 1., 0., 1., 1., 0., 0.,
           0., 1.],
          [1., 0., 1., 1., 0., 1., 0., 0., 1., 0., 0., 1., 0., 0., 0., 0., 0.,
           1., 0.],
          [0., 1., 0., 0., 0., 0., 0., 1., 0., 0., 1., 0., 0., 1., 1., 0., 0.,
           0., 0.],
          [1., 1., 0., 1., 0., 1., 1., 0., 1., 1., 0., 1., 0., 0., 1., 0., 0.,
           1., 1.],
          [1., 0., 0., 0., 0., 0., 1., 0., 0., 0., 0., 1., 1., 1., 0., 1., 1.,
           0., 1.],
          [1., 0., 0., 0., 1., 1., 1., 1., 0., 0., 1., 1., 0., 1., 1., 1., 1.,
           1., 0.],
          [0., 1., 0., 0., 1., 1., 0., 0., 1., 1., 1., 0., 0., 0., 0., 0., 1.,
           0., 1.],
          [1., 0., 1., 1., 0., 1., 1., 1., 1., 0., 0., 1., 0., 1., 0., 1., 0.,
           0., 0.],
          [0., 1., 0., 1., 0., 1., 1., 0., 0., 0., 0., 0., 1., 1., 1., 0., 1.,
           1., 0.],
          [1., 1., 0., 0., 1., 1., 0., 1., 1., 0., 1., 1., 1., 0., 0., 0., 1.,
           1., 1.],
          [0., 0., 1., 0., 0., 1., 1., 0., 1., 0., 1., 0., 0., 1., 0., 0., 0.,
           0., 0.],
          [1., 0., 1., 1., 1., 1., 0., 1., 0., 0., 1., 1., 1., 0., 0., 0., 1.,
           1., 0.],
          [1., 0., 0., 1., 0., 1., 1., 0., 1., 1., 1., 1., 1., 1., 1., 1., 0.,
           1., 1.],
          [0., 0., 0., 0., 1., 1., 0., 1., 1., 1., 1., 0., 1., 1., 0., 1., 1.,
           0., 1.],
          [1., 0., 1., 1., 0., 1., 0., 0., 1., 0., 0., 0., 0., 0., 1., 0., 0.,
           1., 0.],
          [1., 1., 0., 0., 1., 0., 0., 0., 0., 1., 0., 0., 1., 0., 0., 0., 1.,
           1., 1.],
          [1., 1., 1., 0., 0., 1., 1., 0., 0., 1., 0., 0., 1., 0., 1., 0., 1.,
           0., 0.],
          [0., 1., 0., 0., 1., 0., 0., 1., 1., 1., 0., 1., 1., 0., 1., 0., 0.,
           1., 1.],
          [1., 0., 0., 0., 1., 1., 0., 1., 1., 0., 1., 0., 0., 0., 1., 1., 0.,
           1., 0.]]]], device='cuda:0'), tensor([[0.5987]], device='cuda:0'))
2026-01-08 17:09:34 - INFO - [ 0.76201296 -0.35362536  0.00705703  0.03835024  0.00705703  0.03835023
  0.99272555 -0.05997727]
2026-01-08 17:09:34 - INFO - (tensor([[[[1., 0., 0., 1., 0., 0., 1., 1., 0., 0., 1., 1., 0., 1., 1., 0., 0.,
           0., 1.],
          [1., 0., 1., 1., 0., 1., 0., 0., 1., 0., 0., 1., 0., 0., 0., 0., 0.,
           1., 0.],
          [0., 1., 0., 0., 0., 0., 0., 1., 0., 0., 1., 0., 0., 1., 1., 0., 0.,
           0., 0.],
          [1., 1., 0., 1., 0., 1., 1., 0., 1., 1., 0., 1., 0., 0., 1., 0., 0.,
           1., 1.],
          [1., 0., 0., 0., 0., 0., 1., 0., 0., 0., 0., 1., 1., 1., 0., 1., 1.,
           0., 1.],
          [1., 0., 0., 0., 1., 1., 1., 1., 0., 0., 1., 1., 0., 1., 1., 1., 1.,
           1., 0.],
          [0., 1., 0., 0., 1., 1., 0., 0., 1., 1., 1., 0., 0., 0., 0., 0., 1.,
           0., 1.],
          [1., 0., 1., 1., 0., 1., 1., 1., 1., 0., 0., 1., 0., 1., 0., 1., 0.,
           0., 0.],
          [0., 1., 0., 1., 0., 1., 1., 0., 0., 0., 0., 0., 1., 1., 1., 0., 1.,
           1., 0.],
          [1., 1., 0., 0., 1., 1., 0., 1., 1., 0., 1., 1., 1., 0., 0., 0., 1.,
           1., 1.],
          [0., 0., 1., 0., 0., 1., 1., 0., 1., 0., 1., 0., 0., 1., 0., 0., 0.,
           0., 0.],
          [1., 0., 1., 1., 1., 1., 0., 1., 0., 0., 1., 1., 1., 0., 0., 0., 1.,
           1., 0.],
          [1., 0., 0., 1., 0., 1., 1., 0., 1., 1., 1., 1., 1., 1., 1., 1., 0.,
           1., 1.],
          [0., 0., 0., 0., 1., 1., 0., 1., 1., 1., 1., 0., 1., 1., 0., 1., 1.,
           0., 1.],
          [1., 0., 1., 1., 0., 1., 0., 0., 1., 0., 0., 0., 0., 0., 1., 0., 0.,
           1., 0.],
          [1., 1., 0., 0., 1., 0., 0., 0., 0., 1., 0., 0., 1., 0., 0., 0., 1.,
           1., 1.],
          [1., 1., 1., 0., 0., 1., 1., 0., 0., 1., 0., 0., 1., 0., 1., 0., 1.,
           0., 0.],
          [0., 1., 0., 0., 1., 0., 0., 1., 1., 1., 0., 1., 1., 0., 1., 0., 0.,
           1., 1.],
          [1., 0., 0., 0., 1., 1., 0., 1., 1., 0., 1., 0., 0., 0., 1., 1., 0.,
           1., 0.]]]], device='cuda:0'), tensor([[0.6020]], device='cuda:0'))
2026-01-08 17:09:34 - INFO - [ 0.7612244  -0.35500398  0.00715294  0.0385183   0.00715295  0.0385183
  0.9927064  -0.06023816]
2026-01-08 17:09:34 - INFO - (tensor([[[[1., 0., 0., 1., 0., 0., 1., 1., 0., 0., 1., 1., 0., 1., 1., 0., 0.,
           0., 1.],
          [1., 0., 1., 1., 0., 1., 0., 0., 1., 0., 0., 1., 0., 0., 0., 0., 0.,
           1., 0.],
          [0., 1., 0., 0., 0., 0., 0., 1., 0., 0., 1., 0., 0., 1., 1., 0., 0.,
           0., 0.],
          [1., 1., 0., 1., 0., 1., 1., 0., 1., 1., 0., 1., 0., 0., 1., 0., 0.,
           1., 1.],
          [1., 0., 0., 0., 0., 0., 1., 0., 0., 0., 0., 1., 1., 1., 0., 1., 1.,
           0., 1.],
          [1., 0., 0., 0., 1., 1., 1., 1., 0., 0., 1., 1., 0., 1., 1., 1., 1.,
           1., 0.],
          [0., 1., 0., 0., 1., 1., 0., 0., 1., 1., 1., 0., 0., 0., 0., 0., 1.,
           0., 1.],
          [1., 0., 1., 1., 0., 1., 1., 1., 1., 0., 0., 1., 0., 1., 0., 1., 0.,
           0., 0.],
          [0., 1., 0., 1., 0., 1., 1., 0., 0., 0., 0., 0., 1., 1., 1., 0., 1.,
           1., 0.],
          [1., 1., 0., 0., 1., 1., 0., 1., 1., 0., 1., 1., 1., 0., 0., 0., 1.,
           1., 1.],
          [0., 0., 1., 0., 0., 1., 1., 0., 1., 0., 1., 0., 0., 1., 0., 0., 0.,
           0., 0.],
          [1., 0., 1., 1., 1., 1., 0., 1., 0., 0., 1., 1., 1., 0., 0., 0., 1.,
           1., 0.],
          [1., 0., 0., 1., 0., 1., 1., 0., 1., 1., 1., 1., 1., 1., 1., 1., 0.,
           1., 1.],
          [0., 0., 0., 0., 1., 1., 0., 1., 1., 1., 1., 0., 1., 1., 0., 1., 1.,
           0., 1.],
          [1., 0., 1., 1., 0., 1., 0., 0., 1., 0., 0., 0., 0., 0., 1., 0., 0.,
           1., 0.],
          [1., 1., 0., 0., 1., 0., 0., 0., 0., 1., 0., 0., 1., 0., 0., 0., 1.,
           1., 1.],
          [1., 1., 1., 0., 0., 1., 1., 0., 0., 1., 0., 0., 1., 0., 1., 0., 1.,
           0., 0.],
          [0., 1., 0., 0., 1., 0., 0., 1., 1., 1., 0., 1., 1., 0., 1., 0., 0.,
           1., 1.],
          [1., 0., 0., 0., 1., 1., 0., 1., 1., 0., 1., 0., 0., 0., 1., 1., 0.,
           1., 0.]]]], device='cuda:0'), tensor([[0.6054]], device='cuda:0'))
2026-01-08 17:09:34 - INFO - [ 0.7605015  -0.35627574  0.00724585  0.03868032  0.00724585  0.03868031
  0.99268484 -0.06047235]
2026-01-08 17:09:34 - INFO - (tensor([[[[1., 0., 0., 1., 0., 0., 1., 1., 0., 0., 1., 1., 0., 1., 1., 0., 0.,
           0., 1.],
          [1., 0., 1., 1., 0., 1., 0., 0., 1., 0., 0., 1., 0., 0., 0., 0., 0.,
           1., 0.],
          [0., 1., 0., 0., 0., 0., 0., 1., 0., 0., 1., 0., 0., 1., 1., 0., 0.,
           0., 0.],
          [1., 1., 0., 1., 0., 1., 1., 0., 1., 1., 0., 1., 0., 0., 1., 0., 0.,
           1., 1.],
          [1., 0., 0., 0., 0., 0., 1., 0., 0., 0., 0., 1., 1., 1., 0., 1., 1.,
           0., 1.],
          [1., 0., 0., 0., 1., 1., 1., 1., 0., 0., 1., 1., 0., 1., 1., 1., 1.,
           1., 0.],
          [0., 1., 0., 0., 1., 1., 0., 0., 1., 1., 1., 0., 0., 0., 0., 0., 1.,
           0., 1.],
          [1., 0., 1., 1., 0., 1., 1., 1., 1., 0., 0., 1., 0., 1., 0., 1., 0.,
           0., 0.],
          [0., 1., 0., 1., 0., 1., 1., 0., 0., 0., 0., 0., 1., 1., 1., 0., 1.,
           1., 0.],
          [1., 1., 0., 0., 1., 1., 0., 1., 1., 0., 1., 1., 1., 0., 0., 0., 1.,
           1., 1.],
          [0., 0., 1., 0., 0., 1., 1., 0., 1., 0., 1., 0., 0., 1., 0., 0., 0.,
           0., 0.],
          [1., 0., 1., 1., 1., 1., 0., 1., 0., 0., 1., 1., 1., 0., 0., 0., 1.,
           1., 0.],
          [1., 0., 0., 1., 0., 1., 1., 0., 1., 1., 1., 1., 1., 1., 1., 1., 0.,
           1., 1.],
          [0., 0., 0., 0., 1., 1., 0., 1., 1., 1., 1., 0., 1., 1., 0., 1., 1.,
           0., 1.],
          [1., 0., 1., 1., 0., 1., 0., 0., 1., 0., 0., 0., 0., 0., 1., 0., 0.,
           1., 0.],
          [1., 1., 0., 0., 1., 0., 0., 0., 0., 1., 0., 0., 1., 0., 0., 0., 1.,
           1., 1.],
          [1., 1., 1., 0., 0., 1., 1., 0., 0., 1., 0., 0., 1., 0., 1., 0., 1.,
           0., 0.],
          [0., 1., 0., 0., 1., 0., 0., 1., 1., 1., 0., 1., 1., 0., 1., 0., 0.,
           1., 1.],
          [1., 0., 0., 0., 1., 1., 0., 1., 1., 0., 1., 0., 0., 0., 1., 1., 0.,
           1., 0.]]]], device='cuda:0'), tensor([[0.6087]], device='cuda:0'))
2026-01-08 17:09:34 - INFO - [ 0.759768   -0.35755435  0.00734148  0.03884892  0.00734149  0.03884893
  0.9926548  -0.06071302]
2026-01-08 17:09:34 - INFO - (tensor([[[[1., 0., 0., 1., 0., 0., 1., 1., 0., 0., 1., 1., 0., 1., 1., 0., 0.,
           0., 1.],
          [1., 0., 1., 1., 0., 1., 0., 0., 1., 0., 0., 1., 0., 0., 0., 0., 0.,
           1., 0.],
          [0., 1., 0., 0., 0., 0., 0., 1., 0., 0., 1., 0., 0., 1., 1., 0., 0.,
           0., 0.],
          [1., 1., 0., 1., 0., 1., 1., 0., 1., 1., 0., 1., 0., 0., 1., 0., 0.,
           1., 1.],
          [1., 0., 0., 0., 0., 0., 1., 0., 0., 0., 0., 1., 1., 1., 0., 1., 1.,
           0., 1.],
          [1., 0., 0., 0., 1., 1., 1., 1., 0., 0., 1., 1., 0., 1., 1., 1., 1.,
           1., 0.],
          [0., 1., 0., 0., 1., 1., 0., 0., 1., 1., 1., 0., 0., 0., 0., 0., 1.,
           0., 1.],
          [1., 0., 1., 1., 0., 1., 1., 1., 1., 0., 0., 1., 0., 1., 0., 1., 0.,
           0., 0.],
          [0., 1., 0., 1., 0., 1., 1., 0., 0., 0., 0., 0., 1., 1., 1., 0., 1.,
           1., 0.],
          [1., 1., 0., 0., 1., 1., 0., 1., 1., 0., 1., 1., 1., 0., 0., 0., 1.,
           1., 1.],
          [0., 0., 1., 0., 0., 1., 1., 0., 1., 0., 1., 0., 0., 1., 0., 0., 0.,
           0., 0.],
          [1., 0., 1., 1., 1., 1., 0., 1., 0., 0., 1., 1., 1., 0., 0., 0., 1.,
           1., 0.],
          [1., 0., 0., 1., 0., 1., 1., 0., 1., 1., 1., 1., 1., 1., 1., 1., 0.,
           1., 1.],
          [0., 0., 0., 0., 1., 1., 0., 1., 1., 1., 1., 0., 1., 1., 0., 1., 1.,
           0., 1.],
          [1., 0., 1., 1., 0., 1., 0., 0., 1., 0., 0., 0., 0., 0., 1., 0., 0.,
           1., 0.],
          [1., 1., 0., 0., 1., 0., 0., 0., 0., 1., 0., 0., 1., 0., 0., 0., 1.,
           1., 1.],
          [1., 1., 1., 0., 0., 1., 1., 0., 0., 1., 0., 0., 1., 0., 1., 0., 1.,
           0., 0.],
          [0., 1., 0., 0., 1., 0., 0., 1., 1., 1., 0., 1., 1., 0., 1., 0., 0.,
           1., 1.],
          [1., 0., 0., 0., 1., 1., 0., 1., 1., 0., 1., 0., 0., 0., 1., 1., 0.,
           1., 0.]]]], device='cuda:0'), tensor([[0.6120]], device='cuda:0'))
2026-01-08 17:09:34 - INFO - [ 0.75904125 -0.3588291   0.00743889  0.03901949  0.00743889  0.03901948
  0.99262255 -0.06094973]
2026-01-08 17:09:34 - INFO - (tensor([[[[1., 0., 0., 1., 0., 0., 1., 1., 0., 0., 1., 1., 0., 1., 1., 0., 0.,
           0., 1.],
          [1., 0., 1., 1., 0., 1., 0., 0., 1., 0., 0., 1., 0., 0., 0., 0., 0.,
           1., 0.],
          [0., 1., 0., 0., 0., 0., 0., 1., 0., 0., 1., 0., 0., 1., 1., 0., 0.,
           0., 0.],
          [1., 1., 0., 1., 0., 1., 1., 0., 1., 1., 0., 1., 0., 0., 1., 0., 0.,
           1., 1.],
          [1., 0., 0., 0., 0., 0., 1., 0., 0., 0., 0., 1., 1., 1., 0., 1., 1.,
           0., 1.],
          [1., 0., 0., 0., 1., 1., 1., 1., 0., 0., 1., 1., 0., 1., 1., 1., 1.,
           1., 0.],
          [0., 1., 0., 0., 1., 1., 0., 0., 1., 1., 1., 0., 0., 0., 0., 0., 1.,
           0., 1.],
          [1., 0., 1., 1., 0., 1., 1., 1., 1., 0., 0., 1., 0., 1., 0., 1., 0.,
           0., 0.],
          [0., 1., 0., 1., 0., 1., 1., 0., 0., 0., 0., 0., 1., 1., 1., 0., 1.,
           1., 0.],
          [1., 1., 0., 0., 1., 1., 0., 1., 1., 0., 1., 1., 1., 0., 0., 0., 1.,
           1., 1.],
          [0., 0., 1., 0., 0., 1., 1., 0., 1., 0., 1., 0., 0., 1., 0., 0., 0.,
           0., 0.],
          [1., 0., 1., 1., 1., 1., 0., 1., 0., 0., 1., 1., 1., 0., 0., 0., 1.,
           1., 0.],
          [1., 0., 0., 1., 0., 1., 1., 0., 1., 1., 1., 1., 1., 1., 1., 1., 0.,
           1., 1.],
          [0., 0., 0., 0., 1., 1., 0., 1., 1., 1., 1., 0., 1., 1., 0., 1., 1.,
           0., 1.],
          [1., 0., 1., 1., 0., 1., 0., 0., 1., 0., 0., 0., 0., 0., 1., 0., 0.,
           1., 0.],
          [1., 1., 0., 0., 1., 0., 0., 0., 0., 1., 0., 0., 1., 0., 0., 0., 1.,
           1., 1.],
          [1., 1., 1., 0., 0., 1., 1., 0., 0., 1., 0., 0., 1., 0., 1., 0., 1.,
           0., 0.],
          [0., 1., 0., 0., 1., 0., 0., 1., 1., 1., 0., 1., 1., 0., 1., 0., 0.,
           1., 1.],
          [1., 0., 0., 0., 1., 1., 0., 1., 1., 0., 1., 0., 0., 0., 1., 1., 0.,
           1., 0.]]]], device='cuda:0'), tensor([[0.6154]], device='cuda:0'))
2026-01-08 17:09:34 - INFO - [ 0.75826824 -0.36018574  0.00754392  0.03920355  0.00754392  0.03920356
  0.99258596 -0.06120138]
2026-01-08 17:09:34 - INFO - (tensor([[[[1., 0., 0., 1., 0., 0., 1., 1., 0., 0., 1., 1., 0., 1., 1., 0., 0.,
           0., 1.],
          [1., 0., 1., 1., 0., 1., 0., 0., 1., 0., 0., 1., 0., 0., 0., 0., 0.,
           1., 0.],
          [0., 1., 0., 0., 0., 0., 0., 1., 0., 0., 1., 0., 0., 1., 1., 0., 0.,
           0., 0.],
          [1., 1., 0., 1., 0., 1., 1., 0., 1., 1., 0., 1., 0., 0., 1., 0., 0.,
           1., 1.],
          [1., 0., 0., 0., 0., 0., 1., 0., 0., 0., 0., 1., 1., 1., 0., 1., 1.,
           0., 1.],
          [1., 0., 0., 0., 1., 1., 1., 1., 0., 0., 1., 1., 0., 1., 1., 1., 1.,
           1., 0.],
          [0., 1., 0., 0., 1., 1., 0., 0., 1., 1., 1., 0., 0., 0., 0., 0., 1.,
           0., 1.],
          [1., 0., 1., 1., 0., 1., 1., 1., 1., 0., 0., 1., 0., 1., 0., 1., 0.,
           0., 0.],
          [0., 1., 0., 1., 0., 1., 1., 0., 0., 0., 0., 0., 1., 1., 1., 0., 1.,
           1., 0.],
          [1., 1., 0., 0., 1., 1., 0., 1., 1., 0., 1., 1., 1., 0., 0., 0., 1.,
           1., 1.],
          [0., 0., 1., 0., 0., 1., 1., 0., 1., 0., 1., 0., 0., 1., 0., 0., 0.,
           0., 0.],
          [1., 0., 1., 1., 1., 1., 0., 1., 0., 0., 1., 1., 1., 0., 0., 0., 1.,
           1., 0.],
          [1., 0., 0., 1., 0., 1., 1., 0., 1., 1., 1., 1., 1., 1., 1., 1., 0.,
           1., 1.],
          [0., 0., 0., 0., 1., 1., 0., 1., 1., 1., 1., 0., 1., 1., 0., 1., 1.,
           0., 1.],
          [1., 0., 1., 1., 0., 1., 0., 0., 1., 0., 0., 0., 0., 0., 1., 0., 0.,
           1., 0.],
          [1., 1., 0., 0., 1., 0., 0., 0., 0., 1., 0., 0., 1., 0., 0., 0., 1.,
           1., 1.],
          [1., 1., 1., 0., 0., 1., 1., 0., 0., 1., 0., 0., 1., 0., 1., 0., 1.,
           0., 0.],
          [0., 1., 0., 0., 1., 0., 0., 1., 1., 1., 0., 1., 1., 0., 1., 0., 0.,
           1., 1.],
          [1., 0., 0., 0., 1., 1., 0., 1., 1., 0., 1., 0., 0., 0., 1., 1., 0.,
           1., 0.]]]], device='cuda:0'), tensor([[0.6187]], device='cuda:0'))
2026-01-08 17:09:34 - INFO - [ 0.7574438  -0.36163032  0.00765455  0.0393983   0.00765454  0.03939829
  0.99254614 -0.06146922]
2026-01-08 17:09:34 - INFO - (tensor([[[[1., 0., 0., 1., 0., 0., 1., 1., 0., 0., 1., 1., 0., 1., 1., 0., 0.,
           0., 1.],
          [1., 0., 1., 1., 0., 1., 0., 0., 1., 0., 0., 1., 0., 0., 0., 0., 0.,
           1., 0.],
          [0., 1., 0., 0., 0., 0., 0., 1., 0., 0., 1., 0., 0., 1., 1., 0., 0.,
           0., 0.],
          [1., 1., 0., 1., 0., 1., 1., 0., 1., 1., 0., 1., 0., 0., 1., 0., 0.,
           1., 1.],
          [1., 0., 0., 0., 0., 0., 1., 0., 0., 0., 0., 1., 1., 1., 0., 1., 1.,
           0., 1.],
          [1., 0., 0., 0., 1., 1., 1., 1., 0., 0., 1., 1., 0., 1., 1., 1., 1.,
           1., 0.],
          [0., 1., 0., 0., 1., 1., 0., 0., 1., 1., 1., 0., 0., 0., 0., 0., 1.,
           0., 1.],
          [1., 0., 1., 1., 0., 1., 1., 1., 1., 0., 0., 1., 0., 1., 0., 1., 0.,
           0., 0.],
          [0., 1., 0., 1., 0., 1., 1., 0., 0., 0., 0., 0., 1., 1., 1., 0., 1.,
           1., 0.],
          [1., 1., 0., 0., 1., 1., 0., 1., 1., 0., 1., 1., 1., 0., 0., 0., 1.,
           1., 1.],
          [0., 0., 1., 0., 0., 1., 1., 0., 1., 0., 1., 0., 0., 1., 0., 0., 0.,
           0., 0.],
          [1., 0., 1., 1., 1., 1., 0., 1., 0., 0., 1., 1., 1., 0., 0., 0., 1.,
           1., 0.],
          [1., 0., 0., 1., 0., 1., 1., 0., 1., 1., 1., 1., 1., 1., 1., 1., 0.,
           1., 1.],
          [0., 0., 0., 0., 1., 1., 0., 1., 1., 1., 1., 0., 1., 1., 0., 1., 1.,
           0., 1.],
          [1., 0., 1., 1., 0., 1., 0., 0., 1., 0., 0., 0., 0., 0., 1., 0., 0.,
           1., 0.],
          [1., 1., 0., 0., 1., 0., 0., 0., 0., 1., 0., 0., 1., 0., 0., 0., 1.,
           1., 1.],
          [1., 1., 1., 0., 0., 1., 1., 0., 0., 1., 0., 0., 1., 0., 1., 0., 1.,
           0., 0.],
          [0., 1., 0., 0., 1., 0., 0., 1., 1., 1., 0., 1., 1., 0., 1., 0., 0.,
           1., 1.],
          [1., 0., 0., 0., 1., 1., 0., 1., 1., 0., 1., 0., 0., 0., 1., 1., 0.,
           1., 0.]]]], device='cuda:0'), tensor([[0.6221]], device='cuda:0'))
2026-01-08 17:09:34 - INFO - [ 0.75657284 -0.36315128  0.0077701   0.03960019  0.0077701   0.03960019
  0.9925084  -0.06173978]
2026-01-08 17:09:34 - INFO - (tensor([[[[1., 0., 0., 1., 0., 0., 1., 1., 0., 0., 1., 1., 0., 1., 1., 0., 0.,
           0., 1.],
          [1., 0., 1., 1., 0., 1., 0., 0., 1., 0., 0., 1., 0., 0., 0., 0., 0.,
           1., 0.],
          [0., 1., 0., 0., 0., 0., 0., 1., 0., 0., 1., 0., 0., 1., 1., 0., 0.,
           0., 0.],
          [1., 1., 0., 1., 0., 1., 1., 0., 1., 1., 0., 1., 0., 0., 1., 0., 0.,
           1., 1.],
          [1., 0., 0., 0., 0., 0., 1., 0., 0., 0., 0., 1., 1., 1., 0., 1., 1.,
           0., 1.],
          [1., 0., 0., 0., 1., 1., 1., 1., 0., 0., 1., 1., 0., 1., 1., 1., 1.,
           1., 0.],
          [0., 1., 0., 0., 1., 1., 0., 0., 1., 1., 1., 0., 0., 0., 0., 0., 1.,
           0., 1.],
          [1., 0., 1., 1., 0., 1., 1., 1., 1., 0., 0., 1., 0., 1., 0., 1., 0.,
           0., 0.],
          [0., 1., 0., 1., 0., 1., 1., 0., 0., 0., 0., 0., 1., 1., 1., 0., 1.,
           1., 0.],
          [1., 1., 0., 0., 1., 1., 0., 1., 1., 0., 1., 1., 1., 0., 0., 0., 1.,
           1., 1.],
          [0., 0., 1., 0., 0., 1., 1., 0., 1., 0., 1., 0., 0., 1., 0., 0., 0.,
           0., 0.],
          [1., 0., 1., 1., 1., 1., 0., 1., 0., 0., 1., 1., 1., 0., 0., 0., 1.,
           1., 0.],
          [1., 0., 0., 1., 0., 1., 1., 0., 1., 1., 1., 1., 1., 1., 1., 1., 0.,
           1., 1.],
          [0., 0., 0., 0., 1., 1., 0., 1., 1., 1., 1., 0., 1., 1., 0., 1., 1.,
           0., 1.],
          [1., 0., 1., 1., 0., 1., 0., 0., 1., 0., 0., 0., 0., 0., 1., 0., 0.,
           1., 0.],
          [1., 1., 0., 0., 1., 0., 0., 0., 0., 1., 0., 0., 1., 0., 0., 0., 1.,
           1., 1.],
          [1., 1., 1., 0., 0., 1., 1., 0., 0., 1., 0., 0., 1., 0., 1., 0., 1.,
           0., 0.],
          [0., 1., 0., 0., 1., 0., 0., 1., 1., 1., 0., 1., 1., 0., 1., 0., 0.,
           1., 1.],
          [1., 0., 0., 0., 1., 1., 0., 1., 1., 0., 1., 0., 0., 0., 1., 1., 0.,
           1., 0.]]]], device='cuda:0'), tensor([[0.6254]], device='cuda:0'))
2026-01-08 17:09:34 - INFO - [ 0.7556829  -0.36470214  0.00788728  0.03980524  0.00788729  0.03980524
  0.99247295 -0.06201063]
2026-01-08 17:09:34 - INFO - (tensor([[[[1., 0., 0., 1., 0., 0., 1., 1., 0., 0., 1., 1., 0., 1., 1., 0., 0.,
           0., 1.],
          [1., 0., 1., 1., 0., 1., 0., 0., 1., 0., 0., 1., 0., 0., 0., 0., 0.,
           1., 0.],
          [0., 1., 0., 0., 0., 0., 0., 1., 0., 0., 1., 0., 0., 1., 1., 0., 0.,
           0., 0.],
          [1., 1., 0., 1., 0., 1., 1., 0., 1., 1., 0., 1., 0., 0., 1., 0., 0.,
           1., 1.],
          [1., 0., 0., 0., 0., 0., 1., 0., 0., 0., 0., 1., 1., 1., 0., 1., 1.,
           0., 1.],
          [1., 0., 0., 0., 1., 1., 1., 1., 0., 0., 1., 1., 0., 1., 1., 1., 1.,
           1., 0.],
          [0., 1., 0., 0., 1., 1., 0., 0., 1., 1., 1., 0., 0., 0., 0., 0., 1.,
           0., 1.],
          [1., 0., 1., 1., 0., 1., 1., 1., 1., 0., 0., 1., 0., 1., 0., 1., 0.,
           0., 0.],
          [0., 1., 0., 1., 0., 1., 1., 0., 0., 0., 0., 0., 1., 1., 1., 0., 1.,
           1., 0.],
          [1., 1., 0., 0., 1., 1., 0., 1., 1., 0., 1., 1., 1., 0., 0., 0., 1.,
           1., 1.],
          [0., 0., 1., 0., 0., 1., 1., 0., 1., 0., 1., 0., 0., 1., 0., 0., 0.,
           0., 0.],
          [1., 0., 1., 1., 1., 1., 0., 1., 0., 0., 1., 1., 1., 0., 0., 0., 1.,
           1., 0.],
          [1., 0., 0., 1., 0., 1., 1., 0., 1., 1., 1., 1., 1., 1., 1., 1., 0.,
           1., 1.],
          [0., 0., 0., 0., 1., 1., 0., 1., 1., 1., 1., 0., 1., 1., 0., 1., 1.,
           0., 1.],
          [1., 0., 1., 1., 0., 1., 0., 0., 1., 0., 0., 0., 0., 0., 1., 0., 0.,
           1., 0.],
          [1., 1., 0., 0., 1., 0., 0., 0., 0., 1., 0., 0., 1., 0., 0., 0., 1.,
           1., 1.],
          [1., 1., 1., 0., 0., 1., 1., 0., 0., 1., 0., 0., 1., 0., 1., 0., 1.,
           0., 0.],
          [0., 1., 0., 0., 1., 0., 0., 1., 1., 1., 0., 1., 1., 0., 1., 0., 0.,
           1., 1.],
          [1., 0., 0., 0., 1., 1., 0., 1., 1., 0., 1., 0., 0., 0., 1., 1., 0.,
           1., 0.]]]], device='cuda:0'), tensor([[0.6288]], device='cuda:0'))
2026-01-08 17:09:34 - INFO - [ 0.75479645 -0.3662525   0.00800373  0.04000876  0.00800373  0.04000876
  0.99243164 -0.06228056]
2026-01-08 17:09:34 - INFO - (tensor([[[[1., 0., 0., 1., 0., 0., 1., 1., 0., 0., 1., 1., 0., 1., 1., 0., 0.,
           0., 1.],
          [1., 0., 1., 1., 0., 1., 0., 0., 1., 0., 0., 1., 0., 0., 0., 0., 0.,
           1., 0.],
          [0., 1., 0., 0., 0., 0., 0., 1., 0., 0., 1., 0., 0., 1., 1., 0., 0.,
           0., 0.],
          [1., 1., 0., 1., 0., 1., 1., 0., 1., 1., 0., 1., 0., 0., 1., 0., 0.,
           1., 1.],
          [1., 0., 0., 0., 0., 0., 1., 0., 0., 0., 0., 1., 1., 1., 0., 1., 1.,
           0., 1.],
          [1., 0., 0., 0., 1., 1., 1., 1., 0., 0., 1., 1., 0., 1., 1., 1., 1.,
           1., 0.],
          [0., 1., 0., 0., 1., 1., 0., 0., 1., 1., 1., 0., 0., 0., 0., 0., 1.,
           0., 1.],
          [1., 0., 1., 1., 0., 1., 1., 1., 1., 0., 0., 1., 0., 1., 0., 1., 0.,
           0., 0.],
          [0., 1., 0., 1., 0., 1., 1., 0., 0., 0., 0., 0., 1., 1., 1., 0., 1.,
           1., 0.],
          [1., 1., 0., 0., 1., 1., 0., 1., 1., 0., 1., 1., 1., 0., 0., 0., 1.,
           1., 1.],
          [0., 0., 1., 0., 0., 1., 1., 0., 1., 0., 1., 0., 0., 1., 0., 0., 0.,
           0., 0.],
          [1., 0., 1., 1., 1., 1., 0., 1., 0., 0., 1., 1., 1., 0., 0., 0., 1.,
           1., 0.],
          [1., 0., 0., 1., 0., 1., 1., 0., 1., 1., 1., 1., 1., 1., 1., 1., 0.,
           1., 1.],
          [0., 0., 0., 0., 1., 1., 0., 1., 1., 1., 1., 0., 1., 1., 0., 1., 1.,
           0., 1.],
          [1., 0., 1., 1., 0., 1., 0., 0., 1., 0., 0., 0., 0., 0., 1., 0., 0.,
           1., 0.],
          [1., 1., 0., 0., 1., 0., 0., 0., 0., 1., 0., 0., 1., 0., 0., 0., 1.,
           1., 1.],
          [1., 1., 1., 0., 0., 1., 1., 0., 0., 1., 0., 0., 1., 0., 1., 0., 1.,
           0., 0.],
          [0., 1., 0., 0., 1., 0., 0., 1., 1., 1., 0., 1., 1., 0., 1., 0., 0.,
           1., 1.],
          [1., 0., 0., 0., 1., 1., 0., 1., 1., 0., 1., 0., 0., 0., 1., 1., 0.,
           1., 0.]]]], device='cuda:0'), tensor([[0.6321]], device='cuda:0'))
2026-01-08 17:09:34 - INFO - [ 0.7539505  -0.36773497  0.00811573  0.0402077   0.00811573  0.0402077
  0.99239445 -0.06253462]
2026-01-08 17:09:34 - INFO - (tensor([[[[1., 0., 0., 1., 0., 0., 1., 1., 0., 0., 1., 1., 0., 1., 1., 0., 0.,
           0., 1.],
          [1., 0., 1., 1., 0., 1., 0., 0., 1., 0., 0., 1., 0., 0., 0., 0., 0.,
           1., 0.],
          [0., 1., 0., 0., 0., 0., 0., 1., 0., 0., 1., 0., 0., 1., 1., 0., 0.,
           0., 0.],
          [1., 1., 0., 1., 0., 1., 1., 0., 1., 1., 0., 1., 0., 0., 1., 0., 0.,
           1., 1.],
          [1., 0., 0., 0., 0., 0., 1., 0., 0., 0., 0., 1., 1., 1., 0., 1., 1.,
           0., 1.],
          [1., 0., 0., 0., 1., 1., 1., 1., 0., 0., 1., 1., 0., 1., 1., 1., 1.,
           1., 0.],
          [0., 1., 0., 0., 1., 1., 0., 0., 1., 1., 1., 0., 0., 0., 0., 0., 1.,
           0., 1.],
          [1., 0., 1., 1., 0., 1., 1., 1., 1., 0., 0., 1., 0., 1., 0., 1., 0.,
           0., 0.],
          [0., 1., 0., 1., 0., 1., 1., 0., 0., 0., 0., 0., 1., 1., 1., 0., 1.,
           1., 0.],
          [1., 1., 0., 0., 1., 1., 0., 1., 1., 0., 1., 1., 1., 0., 0., 0., 1.,
           1., 1.],
          [0., 0., 1., 0., 0., 1., 1., 0., 1., 0., 1., 0., 0., 1., 0., 0., 0.,
           0., 0.],
          [1., 0., 1., 1., 1., 1., 0., 1., 0., 0., 1., 1., 1., 0., 0., 0., 1.,
           1., 0.],
          [1., 0., 0., 1., 0., 1., 1., 0., 1., 1., 1., 1., 1., 1., 1., 1., 0.,
           1., 1.],
          [0., 0., 0., 0., 1., 1., 0., 1., 1., 1., 1., 0., 1., 1., 0., 1., 1.,
           0., 1.],
          [1., 0., 1., 1., 0., 1., 0., 0., 1., 0., 0., 0., 0., 0., 1., 0., 0.,
           1., 0.],
          [1., 1., 0., 0., 1., 0., 0., 0., 0., 1., 0., 0., 1., 0., 0., 0., 1.,
           1., 1.],
          [1., 1., 1., 0., 0., 1., 1., 0., 0., 1., 0., 0., 1., 0., 1., 0., 1.,
           0., 0.],
          [0., 1., 0., 0., 1., 0., 0., 1., 1., 1., 0., 1., 1., 0., 1., 0., 0.,
           1., 1.],
          [1., 0., 0., 0., 1., 1., 0., 1., 1., 0., 1., 0., 0., 0., 1., 1., 0.,
           1., 0.]]]], device='cuda:0'), tensor([[0.6355]], device='cuda:0'))
2026-01-08 17:09:34 - INFO - [ 0.7531118  -0.36919755  0.00822748  0.04040819  0.00822749  0.0404082
  0.992358   -0.0627824 ]
2026-01-08 17:09:34 - INFO - (tensor([[[[1., 0., 0., 1., 0., 0., 1., 1., 0., 0., 1., 1., 0., 1., 1., 0., 0.,
           0., 1.],
          [1., 0., 1., 1., 0., 1., 0., 0., 1., 0., 0., 1., 0., 0., 0., 0., 0.,
           1., 0.],
          [0., 1., 0., 0., 0., 0., 0., 1., 0., 0., 1., 0., 0., 1., 1., 0., 0.,
           0., 0.],
          [1., 1., 0., 1., 0., 1., 1., 0., 1., 1., 0., 1., 0., 0., 1., 0., 0.,
           1., 1.],
          [1., 0., 0., 0., 0., 0., 1., 0., 0., 0., 0., 1., 1., 1., 0., 1., 1.,
           0., 1.],
          [1., 0., 0., 0., 1., 1., 1., 1., 0., 0., 1., 1., 0., 1., 1., 1., 1.,
           1., 0.],
          [0., 1., 0., 0., 1., 1., 0., 0., 1., 1., 1., 0., 0., 0., 0., 0., 1.,
           0., 1.],
          [1., 0., 1., 1., 0., 1., 1., 1., 1., 0., 0., 1., 0., 1., 0., 1., 0.,
           0., 0.],
          [0., 1., 0., 1., 0., 1., 1., 0., 0., 0., 0., 0., 1., 1., 1., 0., 1.,
           1., 0.],
          [1., 1., 0., 0., 1., 1., 0., 1., 1., 0., 1., 1., 1., 0., 0., 0., 1.,
           1., 1.],
          [0., 0., 1., 0., 0., 1., 1., 0., 1., 0., 1., 0., 0., 1., 0., 0., 0.,
           0., 0.],
          [1., 0., 1., 1., 1., 1., 0., 1., 0., 0., 1., 1., 1., 0., 0., 0., 1.,
           1., 0.],
          [1., 0., 0., 1., 0., 1., 1., 0., 1., 1., 1., 1., 1., 1., 1., 1., 0.,
           1., 1.],
          [0., 0., 0., 0., 1., 1., 0., 1., 1., 1., 1., 0., 1., 1., 0., 1., 1.,
           0., 1.],
          [1., 0., 1., 1., 0., 1., 0., 0., 1., 0., 0., 0., 0., 0., 1., 0., 0.,
           1., 0.],
          [1., 1., 0., 0., 1., 0., 0., 0., 0., 1., 0., 0., 1., 0., 0., 0., 1.,
           1., 1.],
          [1., 1., 1., 0., 0., 1., 1., 0., 0., 1., 0., 0., 1., 0., 1., 0., 1.,
           0., 0.],
          [0., 1., 0., 0., 1., 0., 0., 1., 1., 1., 0., 1., 1., 0., 1., 0., 0.,
           1., 1.],
          [1., 0., 0., 0., 1., 1., 0., 1., 1., 0., 1., 0., 0., 0., 1., 1., 0.,
           1., 0.]]]], device='cuda:0'), tensor([[0.6388]], device='cuda:0'))
2026-01-08 17:09:34 - INFO - [ 0.7522614  -0.3706776   0.0083397   0.04060957  0.0083397   0.04060957
  0.9923212  -0.06303166]
2026-01-08 17:09:34 - INFO - (tensor([[[[1., 0., 0., 1., 0., 0., 1., 1., 0., 0., 1., 1., 0., 1., 1., 0., 0.,
           0., 1.],
          [1., 0., 1., 1., 0., 1., 0., 0., 1., 0., 0., 1., 0., 0., 0., 0., 0.,
           1., 0.],
          [0., 1., 0., 0., 0., 0., 0., 1., 0., 0., 1., 0., 0., 1., 1., 0., 0.,
           0., 0.],
          [1., 1., 0., 1., 0., 1., 1., 0., 1., 1., 0., 1., 0., 0., 1., 0., 0.,
           1., 1.],
          [1., 0., 0., 0., 0., 0., 1., 0., 0., 0., 0., 1., 1., 1., 0., 1., 1.,
           0., 1.],
          [1., 0., 0., 0., 1., 1., 1., 1., 0., 0., 1., 1., 0., 1., 1., 1., 1.,
           1., 0.],
          [0., 1., 0., 0., 1., 1., 0., 0., 1., 1., 1., 0., 0., 0., 0., 0., 1.,
           0., 1.],
          [1., 0., 1., 1., 0., 1., 1., 1., 1., 0., 0., 1., 0., 1., 0., 1., 0.,
           0., 0.],
          [0., 1., 0., 1., 0., 1., 1., 0., 0., 0., 0., 0., 1., 1., 1., 0., 1.,
           1., 0.],
          [1., 1., 0., 0., 1., 1., 0., 1., 1., 0., 1., 1., 1., 0., 0., 0., 1.,
           1., 1.],
          [0., 0., 1., 0., 0., 1., 1., 0., 1., 0., 1., 0., 0., 1., 0., 0., 0.,
           0., 0.],
          [1., 0., 1., 1., 1., 1., 0., 1., 0., 0., 1., 1., 1., 0., 0., 0., 1.,
           1., 0.],
          [1., 0., 0., 1., 0., 1., 1., 0., 1., 1., 1., 1., 1., 1., 1., 1., 0.,
           1., 1.],
          [0., 0., 0., 0., 1., 1., 0., 1., 1., 1., 1., 0., 1., 1., 0., 1., 1.,
           0., 1.],
          [1., 0., 1., 1., 0., 1., 0., 0., 1., 0., 0., 0., 0., 0., 1., 0., 0.,
           1., 0.],
          [1., 1., 0., 0., 1., 0., 0., 0., 0., 1., 0., 0., 1., 0., 0., 0., 1.,
           1., 1.],
          [1., 1., 1., 0., 0., 1., 1., 0., 0., 1., 0., 0., 1., 0., 1., 0., 1.,
           0., 0.],
          [0., 1., 0., 0., 1., 0., 0., 1., 1., 1., 0., 1., 1., 0., 1., 0., 0.,
           1., 1.],
          [1., 0., 0., 0., 1., 1., 0., 1., 1., 0., 1., 0., 0., 0., 1., 1., 0.,
           1., 0.]]]], device='cuda:0'), tensor([[0.6421]], device='cuda:0'))
2026-01-08 17:09:34 - INFO - [ 0.7513824  -0.37221026  0.00845622  0.04081488  0.00845621  0.04081489
  0.99227846 -0.06329406]
2026-01-08 17:09:34 - INFO - (tensor([[[[1., 0., 0., 1., 0., 0., 1., 1., 0., 0., 1., 1., 0., 1., 1., 0., 0.,
           0., 1.],
          [1., 0., 1., 1., 0., 1., 0., 0., 1., 0., 0., 1., 0., 0., 0., 0., 0.,
           1., 0.],
          [0., 1., 0., 0., 0., 0., 0., 1., 0., 0., 1., 0., 0., 1., 1., 0., 0.,
           0., 0.],
          [1., 1., 0., 1., 0., 1., 1., 0., 1., 1., 0., 1., 0., 0., 1., 0., 0.,
           1., 1.],
          [1., 0., 0., 0., 0., 0., 1., 0., 0., 0., 0., 1., 1., 1., 0., 1., 1.,
           0., 1.],
          [1., 0., 0., 0., 1., 1., 1., 1., 0., 0., 1., 1., 0., 1., 1., 1., 1.,
           1., 0.],
          [0., 1., 0., 0., 1., 1., 0., 0., 1., 1., 1., 0., 0., 0., 0., 0., 1.,
           0., 1.],
          [1., 0., 1., 1., 0., 1., 1., 1., 1., 0., 0., 1., 0., 1., 0., 1., 0.,
           0., 0.],
          [0., 1., 0., 1., 0., 1., 1., 0., 0., 0., 0., 0., 1., 1., 1., 0., 1.,
           1., 0.],
          [1., 1., 0., 0., 1., 1., 0., 1., 1., 0., 1., 1., 1., 0., 0., 0., 1.,
           1., 1.],
          [0., 0., 1., 0., 0., 1., 1., 0., 1., 0., 1., 0., 0., 1., 0., 0., 0.,
           0., 0.],
          [1., 0., 1., 1., 1., 1., 0., 1., 0., 0., 1., 1., 1., 0., 0., 0., 1.,
           1., 0.],
          [1., 0., 0., 1., 0., 1., 1., 0., 1., 1., 1., 1., 1., 1., 1., 1., 0.,
           1., 1.],
          [0., 0., 0., 0., 1., 1., 0., 1., 1., 1., 1., 0., 1., 1., 0., 1., 1.,
           0., 1.],
          [1., 0., 1., 1., 0., 1., 0., 0., 1., 0., 0., 0., 0., 0., 1., 0., 0.,
           1., 0.],
          [1., 1., 0., 0., 1., 0., 0., 0., 0., 1., 0., 0., 1., 0., 0., 0., 1.,
           1., 1.],
          [1., 1., 1., 0., 0., 1., 1., 0., 0., 1., 0., 0., 1., 0., 1., 0., 1.,
           0., 0.],
          [0., 1., 0., 0., 1., 0., 0., 1., 1., 1., 0., 1., 1., 0., 1., 0., 0.,
           1., 1.],
          [1., 0., 0., 0., 1., 1., 0., 1., 1., 0., 1., 0., 0., 0., 1., 1., 0.,
           1., 0.]]]], device='cuda:0'), tensor([[0.6455]], device='cuda:0'))
2026-01-08 17:09:34 - INFO - [ 0.750475   -0.37377128  0.00857686  0.04102821  0.00857686  0.04102822
  0.992234   -0.06359693]
2026-01-08 17:09:34 - INFO - (tensor([[[[1., 0., 0., 1., 0., 0., 1., 1., 0., 0., 1., 1., 0., 1., 1., 0., 0.,
           0., 1.],
          [1., 0., 1., 1., 0., 1., 0., 0., 1., 0., 0., 1., 0., 0., 0., 0., 0.,
           1., 0.],
          [0., 1., 0., 0., 0., 0., 0., 1., 0., 0., 1., 0., 0., 1., 1., 0., 0.,
           0., 0.],
          [1., 1., 0., 1., 0., 1., 1., 0., 1., 1., 0., 1., 0., 0., 1., 0., 0.,
           1., 1.],
          [1., 0., 0., 0., 0., 0., 1., 0., 0., 0., 0., 1., 1., 1., 0., 1., 1.,
           0., 1.],
          [1., 0., 0., 0., 1., 1., 1., 1., 0., 0., 1., 1., 0., 1., 1., 1., 1.,
           1., 0.],
          [0., 1., 0., 0., 1., 1., 0., 0., 1., 1., 1., 0., 0., 0., 0., 0., 1.,
           0., 1.],
          [1., 0., 1., 1., 0., 1., 1., 1., 1., 0., 0., 1., 0., 1., 0., 1., 0.,
           0., 0.],
          [0., 1., 0., 1., 0., 1., 1., 0., 0., 0., 0., 0., 1., 1., 1., 0., 1.,
           1., 0.],
          [1., 1., 0., 0., 1., 1., 0., 1., 1., 0., 1., 1., 1., 0., 0., 0., 1.,
           1., 1.],
          [0., 0., 1., 0., 0., 1., 1., 0., 1., 0., 1., 0., 0., 1., 0., 0., 0.,
           0., 0.],
          [1., 0., 1., 1., 1., 1., 0., 1., 0., 0., 1., 1., 1., 0., 0., 0., 1.,
           1., 0.],
          [1., 0., 0., 1., 0., 1., 1., 0., 1., 1., 1., 1., 1., 1., 1., 1., 0.,
           1., 1.],
          [0., 0., 0., 0., 1., 1., 0., 1., 1., 1., 1., 0., 1., 1., 0., 1., 1.,
           0., 1.],
          [1., 0., 1., 1., 0., 1., 0., 0., 1., 0., 0., 0., 0., 0., 1., 0., 0.,
           1., 0.],
          [1., 1., 0., 0., 1., 0., 0., 0., 0., 1., 0., 0., 1., 0., 0., 0., 1.,
           1., 1.],
          [1., 1., 1., 0., 0., 1., 1., 0., 0., 1., 0., 0., 1., 0., 1., 0., 1.,
           0., 0.],
          [0., 1., 0., 0., 1., 0., 0., 1., 1., 1., 0., 1., 1., 0., 1., 0., 0.,
           1., 1.],
          [1., 0., 0., 0., 1., 1., 0., 1., 1., 0., 1., 0., 0., 0., 1., 1., 0.,
           1., 0.]]]], device='cuda:0'), tensor([[0.6488]], device='cuda:0'))
2026-01-08 17:09:34 - INFO - [ 0.7495183  -0.37538278  0.00870589  0.04126085  0.0087059   0.04126085
  0.99218535 -0.06398616]
2026-01-08 17:09:34 - INFO - (tensor([[[[1., 0., 0., 1., 0., 0., 1., 1., 0., 0., 1., 1., 0., 1., 1., 0., 0.,
           0., 1.],
          [1., 0., 1., 1., 0., 1., 0., 0., 1., 0., 0., 1., 0., 0., 0., 0., 0.,
           1., 0.],
          [0., 1., 0., 0., 0., 0., 0., 1., 0., 0., 1., 0., 0., 1., 1., 0., 0.,
           0., 0.],
          [1., 1., 0., 1., 0., 1., 1., 0., 1., 1., 0., 1., 0., 0., 1., 0., 0.,
           1., 1.],
          [1., 0., 0., 0., 0., 0., 1., 0., 0., 0., 0., 1., 1., 1., 0., 1., 1.,
           0., 1.],
          [1., 0., 0., 0., 1., 1., 1., 1., 0., 0., 1., 1., 0., 1., 1., 1., 1.,
           1., 0.],
          [0., 1., 0., 0., 1., 1., 0., 0., 1., 1., 1., 0., 0., 0., 0., 0., 1.,
           0., 1.],
          [1., 0., 1., 1., 0., 1., 1., 1., 1., 0., 0., 1., 0., 1., 0., 1., 0.,
           0., 0.],
          [0., 1., 0., 1., 0., 1., 1., 0., 0., 0., 0., 0., 1., 1., 1., 0., 1.,
           1., 0.],
          [1., 1., 0., 0., 1., 1., 0., 1., 1., 0., 1., 1., 1., 0., 0., 0., 1.,
           1., 1.],
          [0., 0., 1., 0., 0., 1., 1., 0., 1., 0., 1., 0., 0., 1., 0., 0., 0.,
           0., 0.],
          [1., 0., 1., 1., 1., 1., 0., 1., 0., 0., 1., 1., 1., 0., 0., 0., 1.,
           1., 0.],
          [1., 0., 0., 1., 0., 1., 1., 0., 1., 1., 1., 1., 1., 1., 1., 1., 0.,
           1., 1.],
          [0., 0., 0., 0., 1., 1., 0., 1., 1., 1., 1., 0., 1., 1., 0., 1., 1.,
           0., 1.],
          [1., 0., 1., 1., 0., 1., 0., 0., 1., 0., 0., 0., 0., 0., 1., 0., 0.,
           1., 0.],
          [1., 1., 0., 0., 1., 0., 0., 0., 0., 1., 0., 0., 1., 0., 0., 0., 1.,
           1., 1.],
          [1., 1., 1., 0., 0., 1., 1., 0., 0., 1., 0., 0., 1., 0., 1., 0., 1.,
           0., 0.],
          [0., 1., 0., 0., 1., 0., 0., 1., 1., 1., 0., 1., 1., 0., 1., 0., 0.,
           1., 1.],
          [1., 0., 0., 0., 1., 1., 0., 1., 1., 0., 1., 0., 0., 0., 1., 1., 0.,
           1., 0.]]]], device='cuda:0'), tensor([[0.6522]], device='cuda:0'))
2026-01-08 17:09:34 - INFO - [ 0.74851537 -0.37713262  0.00884376  0.04151087  0.00884377  0.04151087
  0.99212265 -0.06439555]
2026-01-08 17:09:34 - INFO - (tensor([[[[1., 0., 0., 1., 0., 0., 1., 1., 0., 0., 1., 1., 0., 1., 1., 0., 0.,
           0., 1.],
          [1., 0., 1., 1., 0., 1., 0., 0., 1., 0., 0., 1., 0., 0., 0., 0., 0.,
           1., 0.],
          [0., 1., 0., 0., 0., 0., 0., 1., 0., 0., 1., 0., 0., 1., 1., 0., 0.,
           0., 0.],
          [1., 1., 0., 1., 0., 1., 1., 0., 1., 1., 0., 1., 0., 0., 1., 0., 0.,
           1., 1.],
          [1., 0., 0., 0., 0., 0., 1., 0., 0., 0., 0., 1., 1., 1., 0., 1., 1.,
           0., 1.],
          [1., 0., 0., 0., 1., 1., 1., 1., 0., 0., 1., 1., 0., 1., 1., 1., 1.,
           1., 0.],
          [0., 1., 0., 0., 1., 1., 0., 0., 1., 1., 1., 0., 0., 0., 0., 0., 1.,
           0., 1.],
          [1., 0., 1., 1., 0., 1., 1., 1., 1., 0., 0., 1., 0., 1., 0., 1., 0.,
           0., 0.],
          [0., 1., 0., 1., 0., 1., 1., 0., 0., 0., 0., 0., 1., 1., 1., 0., 1.,
           1., 0.],
          [1., 1., 0., 0., 1., 1., 0., 1., 1., 0., 1., 1., 1., 0., 0., 0., 1.,
           1., 1.],
          [0., 0., 1., 0., 0., 1., 1., 0., 1., 0., 1., 0., 0., 1., 0., 0., 0.,
           0., 0.],
          [1., 0., 1., 1., 1., 1., 0., 1., 0., 0., 1., 1., 1., 0., 0., 0., 1.,
           1., 0.],
          [1., 0., 0., 1., 0., 1., 1., 0., 1., 1., 1., 1., 1., 1., 1., 1., 0.,
           1., 1.],
          [0., 0., 0., 0., 1., 1., 0., 1., 1., 1., 1., 0., 1., 1., 0., 1., 1.,
           0., 1.],
          [1., 0., 1., 1., 0., 1., 0., 0., 1., 0., 0., 0., 0., 0., 1., 0., 0.,
           1., 0.],
          [1., 1., 0., 0., 1., 0., 0., 0., 0., 1., 0., 0., 1., 0., 0., 0., 1.,
           1., 1.],
          [1., 1., 1., 0., 0., 1., 1., 0., 0., 1., 0., 0., 1., 0., 1., 0., 1.,
           0., 0.],
          [0., 1., 0., 0., 1., 0., 0., 1., 1., 1., 0., 1., 1., 0., 1., 0., 0.,
           1., 1.],
          [1., 0., 0., 0., 1., 1., 0., 1., 1., 0., 1., 0., 0., 0., 1., 1., 0.,
           1., 0.]]]], device='cuda:0'), tensor([[0.6555]], device='cuda:0'))
2026-01-08 17:09:34 - INFO - [ 0.74765325 -0.37861678  0.00896106  0.04174044  0.00896107  0.04174044
  0.9920066  -0.06465949]
2026-01-08 17:09:34 - INFO - (tensor([[[[1., 0., 0., 1., 0., 0., 1., 1., 0., 0., 1., 1., 0., 1., 1., 0., 0.,
           0., 1.],
          [1., 0., 1., 1., 0., 1., 0., 0., 1., 0., 0., 1., 0., 0., 0., 0., 0.,
           1., 0.],
          [0., 1., 0., 0., 0., 0., 0., 1., 0., 0., 1., 0., 0., 1., 1., 0., 0.,
           0., 0.],
          [1., 1., 0., 1., 0., 1., 1., 0., 1., 1., 0., 1., 0., 0., 1., 0., 0.,
           1., 1.],
          [1., 0., 0., 0., 0., 0., 1., 0., 0., 0., 0., 1., 1., 1., 0., 1., 1.,
           0., 1.],
          [1., 0., 0., 0., 1., 1., 1., 1., 0., 0., 1., 1., 0., 1., 1., 1., 1.,
           1., 0.],
          [0., 1., 0., 0., 1., 1., 0., 0., 1., 1., 1., 0., 0., 0., 0., 0., 1.,
           0., 1.],
          [1., 0., 1., 1., 0., 1., 1., 1., 1., 0., 0., 1., 0., 1., 0., 1., 0.,
           0., 0.],
          [0., 1., 0., 1., 0., 1., 1., 0., 0., 0., 0., 0., 1., 1., 1., 0., 1.,
           1., 0.],
          [1., 1., 0., 0., 1., 1., 0., 1., 1., 0., 1., 1., 1., 0., 0., 0., 1.,
           1., 1.],
          [0., 0., 1., 0., 0., 1., 1., 0., 1., 0., 1., 0., 0., 1., 0., 0., 0.,
           0., 0.],
          [1., 0., 1., 1., 1., 1., 0., 1., 0., 0., 1., 1., 1., 0., 0., 0., 1.,
           1., 0.],
          [1., 0., 0., 1., 0., 1., 1., 0., 1., 1., 1., 1., 1., 1., 1., 1., 0.,
           1., 1.],
          [0., 0., 0., 0., 1., 1., 0., 1., 1., 1., 1., 0., 1., 1., 0., 1., 1.,
           0., 1.],
          [1., 0., 1., 1., 0., 1., 0., 0., 1., 0., 0., 0., 0., 0., 1., 0., 0.,
           1., 0.],
          [1., 1., 0., 0., 1., 0., 0., 0., 0., 1., 0., 0., 1., 0., 0., 0., 1.,
           1., 1.],
          [1., 1., 1., 0., 0., 1., 1., 0., 0., 1., 0., 0., 1., 0., 1., 0., 1.,
           0., 0.],
          [0., 1., 0., 0., 1., 0., 0., 1., 1., 1., 0., 1., 1., 0., 1., 0., 0.,
           1., 1.],
          [1., 0., 0., 0., 1., 1., 0., 1., 1., 0., 1., 0., 0., 0., 1., 1., 0.,
           1., 0.]]]], device='cuda:0'), tensor([[0.6589]], device='cuda:0'))
2026-01-08 17:09:34 - INFO - [ 0.7468052  -0.3798208   0.00906543  0.04195093  0.00906543  0.04195093
  0.9918766  -0.06485538]
2026-01-08 17:09:34 - INFO - (tensor([[[[1., 0., 0., 1., 0., 0., 1., 1., 0., 0., 1., 1., 0., 1., 1., 0., 0.,
           0., 1.],
          [1., 0., 1., 1., 0., 1., 0., 0., 1., 0., 0., 1., 0., 0., 0., 0., 0.,
           1., 0.],
          [0., 1., 0., 0., 0., 0., 0., 1., 0., 0., 1., 0., 0., 1., 1., 0., 0.,
           0., 0.],
          [1., 1., 0., 1., 0., 1., 1., 0., 1., 1., 0., 1., 0., 0., 1., 0., 0.,
           1., 1.],
          [1., 0., 0., 0., 0., 0., 1., 0., 0., 0., 0., 1., 1., 1., 0., 1., 1.,
           0., 1.],
          [1., 0., 0., 0., 1., 1., 1., 1., 0., 0., 1., 1., 0., 1., 1., 1., 1.,
           1., 0.],
          [0., 1., 0., 0., 1., 1., 0., 0., 1., 1., 1., 0., 0., 0., 0., 0., 1.,
           0., 1.],
          [1., 0., 1., 1., 0., 1., 1., 1., 1., 0., 0., 1., 0., 1., 0., 1., 0.,
           0., 0.],
          [0., 1., 0., 1., 0., 1., 1., 0., 0., 0., 0., 0., 1., 1., 1., 0., 1.,
           1., 0.],
          [1., 1., 0., 0., 1., 1., 0., 1., 1., 0., 1., 1., 1., 0., 0., 0., 1.,
           1., 1.],
          [0., 0., 1., 0., 0., 1., 1., 0., 1., 0., 1., 0., 0., 1., 0., 0., 0.,
           0., 0.],
          [1., 0., 1., 1., 1., 1., 0., 1., 0., 0., 1., 1., 1., 0., 0., 0., 1.,
           1., 0.],
          [1., 0., 0., 1., 0., 1., 1., 0., 1., 1., 1., 1., 1., 1., 1., 1., 0.,
           1., 1.],
          [0., 0., 0., 0., 1., 1., 0., 1., 1., 1., 1., 0., 1., 1., 0., 1., 1.,
           0., 1.],
          [1., 0., 1., 1., 0., 1., 0., 0., 1., 0., 0., 0., 0., 0., 1., 0., 0.,
           1., 0.],
          [1., 1., 0., 0., 1., 0., 0., 0., 0., 1., 0., 0., 1., 0., 0., 0., 1.,
           1., 1.],
          [1., 1., 1., 0., 0., 1., 1., 0., 0., 1., 0., 0., 1., 0., 1., 0., 1.,
           0., 0.],
          [0., 1., 0., 0., 1., 0., 0., 1., 1., 1., 0., 1., 1., 0., 1., 0., 0.,
           1., 1.],
          [1., 0., 0., 0., 1., 1., 0., 1., 1., 0., 1., 0., 0., 0., 1., 1., 0.,
           1., 0.]]]], device='cuda:0'), tensor([[0.6622]], device='cuda:0'))
2026-01-08 17:09:34 - INFO - [ 0.74597126 -0.3810503   0.0092001   0.04216078  0.0092001   0.04216077
  0.9917619  -0.06506121]
2026-01-08 17:09:34 - INFO -   预测进度: 201/301
2026-01-08 17:09:34 - INFO - (tensor([[[[1., 0., 0., 1., 0., 0., 1., 1., 0., 0., 1., 1., 0., 1., 1., 0., 0.,
           0., 1.],
          [1., 0., 1., 1., 0., 1., 0., 0., 1., 0., 0., 1., 0., 0., 0., 0., 0.,
           1., 0.],
          [0., 1., 0., 0., 0., 0., 0., 1., 0., 0., 1., 0., 0., 1., 1., 0., 0.,
           0., 0.],
          [1., 1., 0., 1., 0., 1., 1., 0., 1., 1., 0., 1., 0., 0., 1., 0., 0.,
           1., 1.],
          [1., 0., 0., 0., 0., 0., 1., 0., 0., 0., 0., 1., 1., 1., 0., 1., 1.,
           0., 1.],
          [1., 0., 0., 0., 1., 1., 1., 1., 0., 0., 1., 1., 0., 1., 1., 1., 1.,
           1., 0.],
          [0., 1., 0., 0., 1., 1., 0., 0., 1., 1., 1., 0., 0., 0., 0., 0., 1.,
           0., 1.],
          [1., 0., 1., 1., 0., 1., 1., 1., 1., 0., 0., 1., 0., 1., 0., 1., 0.,
           0., 0.],
          [0., 1., 0., 1., 0., 1., 1., 0., 0., 0., 0., 0., 1., 1., 1., 0., 1.,
           1., 0.],
          [1., 1., 0., 0., 1., 1., 0., 1., 1., 0., 1., 1., 1., 0., 0., 0., 1.,
           1., 1.],
          [0., 0., 1., 0., 0., 1., 1., 0., 1., 0., 1., 0., 0., 1., 0., 0., 0.,
           0., 0.],
          [1., 0., 1., 1., 1., 1., 0., 1., 0., 0., 1., 1., 1., 0., 0., 0., 1.,
           1., 0.],
          [1., 0., 0., 1., 0., 1., 1., 0., 1., 1., 1., 1., 1., 1., 1., 1., 0.,
           1., 1.],
          [0., 0., 0., 0., 1., 1., 0., 1., 1., 1., 1., 0., 1., 1., 0., 1., 1.,
           0., 1.],
          [1., 0., 1., 1., 0., 1., 0., 0., 1., 0., 0., 0., 0., 0., 1., 0., 0.,
           1., 0.],
          [1., 1., 0., 0., 1., 0., 0., 0., 0., 1., 0., 0., 1., 0., 0., 0., 1.,
           1., 1.],
          [1., 1., 1., 0., 0., 1., 1., 0., 0., 1., 0., 0., 1., 0., 1., 0., 1.,
           0., 0.],
          [0., 1., 0., 0., 1., 0., 0., 1., 1., 1., 0., 1., 1., 0., 1., 0., 0.,
           1., 1.],
          [1., 0., 0., 0., 1., 1., 0., 1., 1., 0., 1., 0., 0., 0., 1., 1., 0.,
           1., 0.]]]], device='cuda:0'), tensor([[0.6656]], device='cuda:0'))
2026-01-08 17:09:34 - INFO - [ 0.74519885 -0.38226357  0.00937039  0.0423608   0.00937039  0.0423608
  0.99167407 -0.06526785]
2026-01-08 17:09:34 - INFO - (tensor([[[[1., 0., 0., 1., 0., 0., 1., 1., 0., 0., 1., 1., 0., 1., 1., 0., 0.,
           0., 1.],
          [1., 0., 1., 1., 0., 1., 0., 0., 1., 0., 0., 1., 0., 0., 0., 0., 0.,
           1., 0.],
          [0., 1., 0., 0., 0., 0., 0., 1., 0., 0., 1., 0., 0., 1., 1., 0., 0.,
           0., 0.],
          [1., 1., 0., 1., 0., 1., 1., 0., 1., 1., 0., 1., 0., 0., 1., 0., 0.,
           1., 1.],
          [1., 0., 0., 0., 0., 0., 1., 0., 0., 0., 0., 1., 1., 1., 0., 1., 1.,
           0., 1.],
          [1., 0., 0., 0., 1., 1., 1., 1., 0., 0., 1., 1., 0., 1., 1., 1., 1.,
           1., 0.],
          [0., 1., 0., 0., 1., 1., 0., 0., 1., 1., 1., 0., 0., 0., 0., 0., 1.,
           0., 1.],
          [1., 0., 1., 1., 0., 1., 1., 1., 1., 0., 0., 1., 0., 1., 0., 1., 0.,
           0., 0.],
          [0., 1., 0., 1., 0., 1., 1., 0., 0., 0., 0., 0., 1., 1., 1., 0., 1.,
           1., 0.],
          [1., 1., 0., 0., 1., 1., 0., 1., 1., 0., 1., 1., 1., 0., 0., 0., 1.,
           1., 1.],
          [0., 0., 1., 0., 0., 1., 1., 0., 1., 0., 1., 0., 0., 1., 0., 0., 0.,
           0., 0.],
          [1., 0., 1., 1., 1., 1., 0., 1., 0., 0., 1., 1., 1., 0., 0., 0., 1.,
           1., 0.],
          [1., 0., 0., 1., 0., 1., 1., 0., 1., 1., 1., 1., 1., 1., 1., 1., 0.,
           1., 1.],
          [0., 0., 0., 0., 1., 1., 0., 1., 1., 1., 1., 0., 1., 1., 0., 1., 1.,
           0., 1.],
          [1., 0., 1., 1., 0., 1., 0., 0., 1., 0., 0., 0., 0., 0., 1., 0., 0.,
           1., 0.],
          [1., 1., 0., 0., 1., 0., 0., 0., 0., 1., 0., 0., 1., 0., 0., 0., 1.,
           1., 1.],
          [1., 1., 1., 0., 0., 1., 1., 0., 0., 1., 0., 0., 1., 0., 1., 0., 1.,
           0., 0.],
          [0., 1., 0., 0., 1., 0., 0., 1., 1., 1., 0., 1., 1., 0., 1., 0., 0.,
           1., 1.],
          [1., 0., 0., 0., 1., 1., 0., 1., 1., 0., 1., 0., 0., 0., 1., 1., 0.,
           1., 0.]]]], device='cuda:0'), tensor([[0.6689]], device='cuda:0'))
2026-01-08 17:09:34 - INFO - [ 0.74452686 -0.38346073  0.00945402  0.04252278  0.00945402  0.04252278
  0.9916026  -0.06546808]
2026-01-08 17:09:34 - INFO - (tensor([[[[1., 0., 0., 1., 0., 0., 1., 1., 0., 0., 1., 1., 0., 1., 1., 0., 0.,
           0., 1.],
          [1., 0., 1., 1., 0., 1., 0., 0., 1., 0., 0., 1., 0., 0., 0., 0., 0.,
           1., 0.],
          [0., 1., 0., 0., 0., 0., 0., 1., 0., 0., 1., 0., 0., 1., 1., 0., 0.,
           0., 0.],
          [1., 1., 0., 1., 0., 1., 1., 0., 1., 1., 0., 1., 0., 0., 1., 0., 0.,
           1., 1.],
          [1., 0., 0., 0., 0., 0., 1., 0., 0., 0., 0., 1., 1., 1., 0., 1., 1.,
           0., 1.],
          [1., 0., 0., 0., 1., 1., 1., 1., 0., 0., 1., 1., 0., 1., 1., 1., 1.,
           1., 0.],
          [0., 1., 0., 0., 1., 1., 0., 0., 1., 1., 1., 0., 0., 0., 0., 0., 1.,
           0., 1.],
          [1., 0., 1., 1., 0., 1., 1., 1., 1., 0., 0., 1., 0., 1., 0., 1., 0.,
           0., 0.],
          [0., 1., 0., 1., 0., 1., 1., 0., 0., 0., 0., 0., 1., 1., 1., 0., 1.,
           1., 0.],
          [1., 1., 0., 0., 1., 1., 0., 1., 1., 0., 1., 1., 1., 0., 0., 0., 1.,
           1., 1.],
          [0., 0., 1., 0., 0., 1., 1., 0., 1., 0., 1., 0., 0., 1., 0., 0., 0.,
           0., 0.],
          [1., 0., 1., 1., 1., 1., 0., 1., 0., 0., 1., 1., 1., 0., 0., 0., 1.,
           1., 0.],
          [1., 0., 0., 1., 0., 1., 1., 0., 1., 1., 1., 1., 1., 1., 1., 1., 0.,
           1., 1.],
          [0., 0., 0., 0., 1., 1., 0., 1., 1., 1., 1., 0., 1., 1., 0., 1., 1.,
           0., 1.],
          [1., 0., 1., 1., 0., 1., 0., 0., 1., 0., 0., 0., 0., 0., 1., 0., 0.,
           1., 0.],
          [1., 1., 0., 0., 1., 0., 0., 0., 0., 1., 0., 0., 1., 0., 0., 0., 1.,
           1., 1.],
          [1., 1., 1., 0., 0., 1., 1., 0., 0., 1., 0., 0., 1., 0., 1., 0., 1.,
           0., 0.],
          [0., 1., 0., 0., 1., 0., 0., 1., 1., 1., 0., 1., 1., 0., 1., 0., 0.,
           1., 1.],
          [1., 0., 0., 0., 1., 1., 0., 1., 1., 0., 1., 0., 0., 0., 1., 1., 0.,
           1., 0.]]]], device='cuda:0'), tensor([[0.6722]], device='cuda:0'))
2026-01-08 17:09:34 - INFO - [ 0.7438991  -0.3846733   0.00949419  0.04259767  0.0094942   0.04259767
  0.99155474 -0.06564965]
2026-01-08 17:09:34 - INFO - (tensor([[[[1., 0., 0., 1., 0., 0., 1., 1., 0., 0., 1., 1., 0., 1., 1., 0., 0.,
           0., 1.],
          [1., 0., 1., 1., 0., 1., 0., 0., 1., 0., 0., 1., 0., 0., 0., 0., 0.,
           1., 0.],
          [0., 1., 0., 0., 0., 0., 0., 1., 0., 0., 1., 0., 0., 1., 1., 0., 0.,
           0., 0.],
          [1., 1., 0., 1., 0., 1., 1., 0., 1., 1., 0., 1., 0., 0., 1., 0., 0.,
           1., 1.],
          [1., 0., 0., 0., 0., 0., 1., 0., 0., 0., 0., 1., 1., 1., 0., 1., 1.,
           0., 1.],
          [1., 0., 0., 0., 1., 1., 1., 1., 0., 0., 1., 1., 0., 1., 1., 1., 1.,
           1., 0.],
          [0., 1., 0., 0., 1., 1., 0., 0., 1., 1., 1., 0., 0., 0., 0., 0., 1.,
           0., 1.],
          [1., 0., 1., 1., 0., 1., 1., 1., 1., 0., 0., 1., 0., 1., 0., 1., 0.,
           0., 0.],
          [0., 1., 0., 1., 0., 1., 1., 0., 0., 0., 0., 0., 1., 1., 1., 0., 1.,
           1., 0.],
          [1., 1., 0., 0., 1., 1., 0., 1., 1., 0., 1., 1., 1., 0., 0., 0., 1.,
           1., 1.],
          [0., 0., 1., 0., 0., 1., 1., 0., 1., 0., 1., 0., 0., 1., 0., 0., 0.,
           0., 0.],
          [1., 0., 1., 1., 1., 1., 0., 1., 0., 0., 1., 1., 1., 0., 0., 0., 1.,
           1., 0.],
          [1., 0., 0., 1., 0., 1., 1., 0., 1., 1., 1., 1., 1., 1., 1., 1., 0.,
           1., 1.],
          [0., 0., 0., 0., 1., 1., 0., 1., 1., 1., 1., 0., 1., 1., 0., 1., 1.,
           0., 1.],
          [1., 0., 1., 1., 0., 1., 0., 0., 1., 0., 0., 0., 0., 0., 1., 0., 0.,
           1., 0.],
          [1., 1., 0., 0., 1., 0., 0., 0., 0., 1., 0., 0., 1., 0., 0., 0., 1.,
           1., 1.],
          [1., 1., 1., 0., 0., 1., 1., 0., 0., 1., 0., 0., 1., 0., 1., 0., 1.,
           0., 0.],
          [0., 1., 0., 0., 1., 0., 0., 1., 1., 1., 0., 1., 1., 0., 1., 0., 0.,
           1., 1.],
          [1., 0., 0., 0., 1., 1., 0., 1., 1., 0., 1., 0., 0., 0., 1., 1., 0.,
           1., 0.]]]], device='cuda:0'), tensor([[0.6756]], device='cuda:0'))
2026-01-08 17:09:34 - INFO - [ 0.74308217 -0.38600942  0.00956058  0.04271943  0.00956057  0.04271943
  0.9915154  -0.06597056]
2026-01-08 17:09:34 - INFO - (tensor([[[[1., 0., 0., 1., 0., 0., 1., 1., 0., 0., 1., 1., 0., 1., 1., 0., 0.,
           0., 1.],
          [1., 0., 1., 1., 0., 1., 0., 0., 1., 0., 0., 1., 0., 0., 0., 0., 0.,
           1., 0.],
          [0., 1., 0., 0., 0., 0., 0., 1., 0., 0., 1., 0., 0., 1., 1., 0., 0.,
           0., 0.],
          [1., 1., 0., 1., 0., 1., 1., 0., 1., 1., 0., 1., 0., 0., 1., 0., 0.,
           1., 1.],
          [1., 0., 0., 0., 0., 0., 1., 0., 0., 0., 0., 1., 1., 1., 0., 1., 1.,
           0., 1.],
          [1., 0., 0., 0., 1., 1., 1., 1., 0., 0., 1., 1., 0., 1., 1., 1., 1.,
           1., 0.],
          [0., 1., 0., 0., 1., 1., 0., 0., 1., 1., 1., 0., 0., 0., 0., 0., 1.,
           0., 1.],
          [1., 0., 1., 1., 0., 1., 1., 1., 1., 0., 0., 1., 0., 1., 0., 1., 0.,
           0., 0.],
          [0., 1., 0., 1., 0., 1., 1., 0., 0., 0., 0., 0., 1., 1., 1., 0., 1.,
           1., 0.],
          [1., 1., 0., 0., 1., 1., 0., 1., 1., 0., 1., 1., 1., 0., 0., 0., 1.,
           1., 1.],
          [0., 0., 1., 0., 0., 1., 1., 0., 1., 0., 1., 0., 0., 1., 0., 0., 0.,
           0., 0.],
          [1., 0., 1., 1., 1., 1., 0., 1., 0., 0., 1., 1., 1., 0., 0., 0., 1.,
           1., 0.],
          [1., 0., 0., 1., 0., 1., 1., 0., 1., 1., 1., 1., 1., 1., 1., 1., 0.,
           1., 1.],
          [0., 0., 0., 0., 1., 1., 0., 1., 1., 1., 1., 0., 1., 1., 0., 1., 1.,
           0., 1.],
          [1., 0., 1., 1., 0., 1., 0., 0., 1., 0., 0., 0., 0., 0., 1., 0., 0.,
           1., 0.],
          [1., 1., 0., 0., 1., 0., 0., 0., 0., 1., 0., 0., 1., 0., 0., 0., 1.,
           1., 1.],
          [1., 1., 1., 0., 0., 1., 1., 0., 0., 1., 0., 0., 1., 0., 1., 0., 1.,
           0., 0.],
          [0., 1., 0., 0., 1., 0., 0., 1., 1., 1., 0., 1., 1., 0., 1., 0., 0.,
           1., 1.],
          [1., 0., 0., 0., 1., 1., 0., 1., 1., 0., 1., 0., 0., 0., 1., 1., 0.,
           1., 0.]]]], device='cuda:0'), tensor([[0.6789]], device='cuda:0'))
2026-01-08 17:09:34 - INFO - [ 0.7420813  -0.38745937  0.00965343  0.04288881  0.00965342  0.04288881
  0.9914842  -0.06643359]
2026-01-08 17:09:34 - INFO - (tensor([[[[1., 0., 0., 1., 0., 0., 1., 1., 0., 0., 1., 1., 0., 1., 1., 0., 0.,
           0., 1.],
          [1., 0., 1., 1., 0., 1., 0., 0., 1., 0., 0., 1., 0., 0., 0., 0., 0.,
           1., 0.],
          [0., 1., 0., 0., 0., 0., 0., 1., 0., 0., 1., 0., 0., 1., 1., 0., 0.,
           0., 0.],
          [1., 1., 0., 1., 0., 1., 1., 0., 1., 1., 0., 1., 0., 0., 1., 0., 0.,
           1., 1.],
          [1., 0., 0., 0., 0., 0., 1., 0., 0., 0., 0., 1., 1., 1., 0., 1., 1.,
           0., 1.],
          [1., 0., 0., 0., 1., 1., 1., 1., 0., 0., 1., 1., 0., 1., 1., 1., 1.,
           1., 0.],
          [0., 1., 0., 0., 1., 1., 0., 0., 1., 1., 1., 0., 0., 0., 0., 0., 1.,
           0., 1.],
          [1., 0., 1., 1., 0., 1., 1., 1., 1., 0., 0., 1., 0., 1., 0., 1., 0.,
           0., 0.],
          [0., 1., 0., 1., 0., 1., 1., 0., 0., 0., 0., 0., 1., 1., 1., 0., 1.,
           1., 0.],
          [1., 1., 0., 0., 1., 1., 0., 1., 1., 0., 1., 1., 1., 0., 0., 0., 1.,
           1., 1.],
          [0., 0., 1., 0., 0., 1., 1., 0., 1., 0., 1., 0., 0., 1., 0., 0., 0.,
           0., 0.],
          [1., 0., 1., 1., 1., 1., 0., 1., 0., 0., 1., 1., 1., 0., 0., 0., 1.,
           1., 0.],
          [1., 0., 0., 1., 0., 1., 1., 0., 1., 1., 1., 1., 1., 1., 1., 1., 0.,
           1., 1.],
          [0., 0., 0., 0., 1., 1., 0., 1., 1., 1., 1., 0., 1., 1., 0., 1., 1.,
           0., 1.],
          [1., 0., 1., 1., 0., 1., 0., 0., 1., 0., 0., 0., 0., 0., 1., 0., 0.,
           1., 0.],
          [1., 1., 0., 0., 1., 0., 0., 0., 0., 1., 0., 0., 1., 0., 0., 0., 1.,
           1., 1.],
          [1., 1., 1., 0., 0., 1., 1., 0., 0., 1., 0., 0., 1., 0., 1., 0., 1.,
           0., 0.],
          [0., 1., 0., 0., 1., 0., 0., 1., 1., 1., 0., 1., 1., 0., 1., 0., 0.,
           1., 1.],
          [1., 0., 0., 0., 1., 1., 0., 1., 1., 0., 1., 0., 0., 0., 1., 1., 0.,
           1., 0.]]]], device='cuda:0'), tensor([[0.6823]], device='cuda:0'))
2026-01-08 17:09:34 - INFO - [ 0.7408997  -0.38920128  0.00975987  0.04308208  0.00975987  0.04308208
  0.99144155 -0.06696118]
2026-01-08 17:09:34 - INFO - (tensor([[[[1., 0., 0., 1., 0., 0., 1., 1., 0., 0., 1., 1., 0., 1., 1., 0., 0.,
           0., 1.],
          [1., 0., 1., 1., 0., 1., 0., 0., 1., 0., 0., 1., 0., 0., 0., 0., 0.,
           1., 0.],
          [0., 1., 0., 0., 0., 0., 0., 1., 0., 0., 1., 0., 0., 1., 1., 0., 0.,
           0., 0.],
          [1., 1., 0., 1., 0., 1., 1., 0., 1., 1., 0., 1., 0., 0., 1., 0., 0.,
           1., 1.],
          [1., 0., 0., 0., 0., 0., 1., 0., 0., 0., 0., 1., 1., 1., 0., 1., 1.,
           0., 1.],
          [1., 0., 0., 0., 1., 1., 1., 1., 0., 0., 1., 1., 0., 1., 1., 1., 1.,
           1., 0.],
          [0., 1., 0., 0., 1., 1., 0., 0., 1., 1., 1., 0., 0., 0., 0., 0., 1.,
           0., 1.],
          [1., 0., 1., 1., 0., 1., 1., 1., 1., 0., 0., 1., 0., 1., 0., 1., 0.,
           0., 0.],
          [0., 1., 0., 1., 0., 1., 1., 0., 0., 0., 0., 0., 1., 1., 1., 0., 1.,
           1., 0.],
          [1., 1., 0., 0., 1., 1., 0., 1., 1., 0., 1., 1., 1., 0., 0., 0., 1.,
           1., 1.],
          [0., 0., 1., 0., 0., 1., 1., 0., 1., 0., 1., 0., 0., 1., 0., 0., 0.,
           0., 0.],
          [1., 0., 1., 1., 1., 1., 0., 1., 0., 0., 1., 1., 1., 0., 0., 0., 1.,
           1., 0.],
          [1., 0., 0., 1., 0., 1., 1., 0., 1., 1., 1., 1., 1., 1., 1., 1., 0.,
           1., 1.],
          [0., 0., 0., 0., 1., 1., 0., 1., 1., 1., 1., 0., 1., 1., 0., 1., 1.,
           0., 1.],
          [1., 0., 1., 1., 0., 1., 0., 0., 1., 0., 0., 0., 0., 0., 1., 0., 0.,
           1., 0.],
          [1., 1., 0., 0., 1., 0., 0., 0., 0., 1., 0., 0., 1., 0., 0., 0., 1.,
           1., 1.],
          [1., 1., 1., 0., 0., 1., 1., 0., 0., 1., 0., 0., 1., 0., 1., 0., 1.,
           0., 0.],
          [0., 1., 0., 0., 1., 0., 0., 1., 1., 1., 0., 1., 1., 0., 1., 0., 0.,
           1., 1.],
          [1., 0., 0., 0., 1., 1., 0., 1., 1., 0., 1., 0., 0., 0., 1., 1., 0.,
           1., 0.]]]], device='cuda:0'), tensor([[0.6856]], device='cuda:0'))
2026-01-08 17:09:34 - INFO - [ 0.73967093 -0.39101914  0.00987003  0.04328336  0.00987003  0.04328335
  0.99139494 -0.06751039]
2026-01-08 17:09:34 - INFO - (tensor([[[[1., 0., 0., 1., 0., 0., 1., 1., 0., 0., 1., 1., 0., 1., 1., 0., 0.,
           0., 1.],
          [1., 0., 1., 1., 0., 1., 0., 0., 1., 0., 0., 1., 0., 0., 0., 0., 0.,
           1., 0.],
          [0., 1., 0., 0., 0., 0., 0., 1., 0., 0., 1., 0., 0., 1., 1., 0., 0.,
           0., 0.],
          [1., 1., 0., 1., 0., 1., 1., 0., 1., 1., 0., 1., 0., 0., 1., 0., 0.,
           1., 1.],
          [1., 0., 0., 0., 0., 0., 1., 0., 0., 0., 0., 1., 1., 1., 0., 1., 1.,
           0., 1.],
          [1., 0., 0., 0., 1., 1., 1., 1., 0., 0., 1., 1., 0., 1., 1., 1., 1.,
           1., 0.],
          [0., 1., 0., 0., 1., 1., 0., 0., 1., 1., 1., 0., 0., 0., 0., 0., 1.,
           0., 1.],
          [1., 0., 1., 1., 0., 1., 1., 1., 1., 0., 0., 1., 0., 1., 0., 1., 0.,
           0., 0.],
          [0., 1., 0., 1., 0., 1., 1., 0., 0., 0., 0., 0., 1., 1., 1., 0., 1.,
           1., 0.],
          [1., 1., 0., 0., 1., 1., 0., 1., 1., 0., 1., 1., 1., 0., 0., 0., 1.,
           1., 1.],
          [0., 0., 1., 0., 0., 1., 1., 0., 1., 0., 1., 0., 0., 1., 0., 0., 0.,
           0., 0.],
          [1., 0., 1., 1., 1., 1., 0., 1., 0., 0., 1., 1., 1., 0., 0., 0., 1.,
           1., 0.],
          [1., 0., 0., 1., 0., 1., 1., 0., 1., 1., 1., 1., 1., 1., 1., 1., 0.,
           1., 1.],
          [0., 0., 0., 0., 1., 1., 0., 1., 1., 1., 1., 0., 1., 1., 0., 1., 1.,
           0., 1.],
          [1., 0., 1., 1., 0., 1., 0., 0., 1., 0., 0., 0., 0., 0., 1., 0., 0.,
           1., 0.],
          [1., 1., 0., 0., 1., 0., 0., 0., 0., 1., 0., 0., 1., 0., 0., 0., 1.,
           1., 1.],
          [1., 1., 1., 0., 0., 1., 1., 0., 0., 1., 0., 0., 1., 0., 1., 0., 1.,
           0., 0.],
          [0., 1., 0., 0., 1., 0., 0., 1., 1., 1., 0., 1., 1., 0., 1., 0., 0.,
           1., 1.],
          [1., 0., 0., 0., 1., 1., 0., 1., 1., 0., 1., 0., 0., 0., 1., 1., 0.,
           1., 0.]]]], device='cuda:0'), tensor([[0.6890]], device='cuda:0'))
2026-01-08 17:09:34 - INFO - [ 0.73829293 -0.39332277  0.01002337  0.04353981  0.01002338  0.04353981
  0.9913369  -0.06805944]
2026-01-08 17:09:34 - INFO - (tensor([[[[1., 0., 0., 1., 0., 0., 1., 1., 0., 0., 1., 1., 0., 1., 1., 0., 0.,
           0., 1.],
          [1., 0., 1., 1., 0., 1., 0., 0., 1., 0., 0., 1., 0., 0., 0., 0., 0.,
           1., 0.],
          [0., 1., 0., 0., 0., 0., 0., 1., 0., 0., 1., 0., 0., 1., 1., 0., 0.,
           0., 0.],
          [1., 1., 0., 1., 0., 1., 1., 0., 1., 1., 0., 1., 0., 0., 1., 0., 0.,
           1., 1.],
          [1., 0., 0., 0., 0., 0., 1., 0., 0., 0., 0., 1., 1., 1., 0., 1., 1.,
           0., 1.],
          [1., 0., 0., 0., 1., 1., 1., 1., 0., 0., 1., 1., 0., 1., 1., 1., 1.,
           1., 0.],
          [0., 1., 0., 0., 1., 1., 0., 0., 1., 1., 1., 0., 0., 0., 0., 0., 1.,
           0., 1.],
          [1., 0., 1., 1., 0., 1., 1., 1., 1., 0., 0., 1., 0., 1., 0., 1., 0.,
           0., 0.],
          [0., 1., 0., 1., 0., 1., 1., 0., 0., 0., 0., 0., 1., 1., 1., 0., 1.,
           1., 0.],
          [1., 1., 0., 0., 1., 1., 0., 1., 1., 0., 1., 1., 1., 0., 0., 0., 1.,
           1., 1.],
          [0., 0., 1., 0., 0., 1., 1., 0., 1., 0., 1., 0., 0., 1., 0., 0., 0.,
           0., 0.],
          [1., 0., 1., 1., 1., 1., 0., 1., 0., 0., 1., 1., 1., 0., 0., 0., 1.,
           1., 0.],
          [1., 0., 0., 1., 0., 1., 1., 0., 1., 1., 1., 1., 1., 1., 1., 1., 0.,
           1., 1.],
          [0., 0., 0., 0., 1., 1., 0., 1., 1., 1., 1., 0., 1., 1., 0., 1., 1.,
           0., 1.],
          [1., 0., 1., 1., 0., 1., 0., 0., 1., 0., 0., 0., 0., 0., 1., 0., 0.,
           1., 0.],
          [1., 1., 0., 0., 1., 0., 0., 0., 0., 1., 0., 0., 1., 0., 0., 0., 1.,
           1., 1.],
          [1., 1., 1., 0., 0., 1., 1., 0., 0., 1., 0., 0., 1., 0., 1., 0., 1.,
           0., 0.],
          [0., 1., 0., 0., 1., 0., 0., 1., 1., 1., 0., 1., 1., 0., 1., 0., 0.,
           1., 1.],
          [1., 0., 0., 0., 1., 1., 0., 1., 1., 0., 1., 0., 0., 0., 1., 1., 0.,
           1., 0.]]]], device='cuda:0'), tensor([[0.6923]], device='cuda:0'))
2026-01-08 17:09:34 - INFO - [ 0.7372536  -0.39524284  0.01016073  0.04376603  0.01016073  0.04376602
  0.9912848  -0.0684578 ]
2026-01-08 17:09:34 - INFO - (tensor([[[[1., 0., 0., 1., 0., 0., 1., 1., 0., 0., 1., 1., 0., 1., 1., 0., 0.,
           0., 1.],
          [1., 0., 1., 1., 0., 1., 0., 0., 1., 0., 0., 1., 0., 0., 0., 0., 0.,
           1., 0.],
          [0., 1., 0., 0., 0., 0., 0., 1., 0., 0., 1., 0., 0., 1., 1., 0., 0.,
           0., 0.],
          [1., 1., 0., 1., 0., 1., 1., 0., 1., 1., 0., 1., 0., 0., 1., 0., 0.,
           1., 1.],
          [1., 0., 0., 0., 0., 0., 1., 0., 0., 0., 0., 1., 1., 1., 0., 1., 1.,
           0., 1.],
          [1., 0., 0., 0., 1., 1., 1., 1., 0., 0., 1., 1., 0., 1., 1., 1., 1.,
           1., 0.],
          [0., 1., 0., 0., 1., 1., 0., 0., 1., 1., 1., 0., 0., 0., 0., 0., 1.,
           0., 1.],
          [1., 0., 1., 1., 0., 1., 1., 1., 1., 0., 0., 1., 0., 1., 0., 1., 0.,
           0., 0.],
          [0., 1., 0., 1., 0., 1., 1., 0., 0., 0., 0., 0., 1., 1., 1., 0., 1.,
           1., 0.],
          [1., 1., 0., 0., 1., 1., 0., 1., 1., 0., 1., 1., 1., 0., 0., 0., 1.,
           1., 1.],
          [0., 0., 1., 0., 0., 1., 1., 0., 1., 0., 1., 0., 0., 1., 0., 0., 0.,
           0., 0.],
          [1., 0., 1., 1., 1., 1., 0., 1., 0., 0., 1., 1., 1., 0., 0., 0., 1.,
           1., 0.],
          [1., 0., 0., 1., 0., 1., 1., 0., 1., 1., 1., 1., 1., 1., 1., 1., 0.,
           1., 1.],
          [0., 0., 0., 0., 1., 1., 0., 1., 1., 1., 1., 0., 1., 1., 0., 1., 1.,
           0., 1.],
          [1., 0., 1., 1., 0., 1., 0., 0., 1., 0., 0., 0., 0., 0., 1., 0., 0.,
           1., 0.],
          [1., 1., 0., 0., 1., 0., 0., 0., 0., 1., 0., 0., 1., 0., 0., 0., 1.,
           1., 1.],
          [1., 1., 1., 0., 0., 1., 1., 0., 0., 1., 0., 0., 1., 0., 1., 0., 1.,
           0., 0.],
          [0., 1., 0., 0., 1., 0., 0., 1., 1., 1., 0., 1., 1., 0., 1., 0., 0.,
           1., 1.],
          [1., 0., 0., 0., 1., 1., 0., 1., 1., 0., 1., 0., 0., 0., 1., 1., 0.,
           1., 0.]]]], device='cuda:0'), tensor([[0.6957]], device='cuda:0'))
2026-01-08 17:09:34 - INFO - [ 0.73666227 -0.39646402  0.01025585  0.04393147  0.01025585  0.04393147
  0.9912388  -0.06871215]
2026-01-08 17:09:34 - INFO - (tensor([[[[1., 0., 0., 1., 0., 0., 1., 1., 0., 0., 1., 1., 0., 1., 1., 0., 0.,
           0., 1.],
          [1., 0., 1., 1., 0., 1., 0., 0., 1., 0., 0., 1., 0., 0., 0., 0., 0.,
           1., 0.],
          [0., 1., 0., 0., 0., 0., 0., 1., 0., 0., 1., 0., 0., 1., 1., 0., 0.,
           0., 0.],
          [1., 1., 0., 1., 0., 1., 1., 0., 1., 1., 0., 1., 0., 0., 1., 0., 0.,
           1., 1.],
          [1., 0., 0., 0., 0., 0., 1., 0., 0., 0., 0., 1., 1., 1., 0., 1., 1.,
           0., 1.],
          [1., 0., 0., 0., 1., 1., 1., 1., 0., 0., 1., 1., 0., 1., 1., 1., 1.,
           1., 0.],
          [0., 1., 0., 0., 1., 1., 0., 0., 1., 1., 1., 0., 0., 0., 0., 0., 1.,
           0., 1.],
          [1., 0., 1., 1., 0., 1., 1., 1., 1., 0., 0., 1., 0., 1., 0., 1., 0.,
           0., 0.],
          [0., 1., 0., 1., 0., 1., 1., 0., 0., 0., 0., 0., 1., 1., 1., 0., 1.,
           1., 0.],
          [1., 1., 0., 0., 1., 1., 0., 1., 1., 0., 1., 1., 1., 0., 0., 0., 1.,
           1., 1.],
          [0., 0., 1., 0., 0., 1., 1., 0., 1., 0., 1., 0., 0., 1., 0., 0., 0.,
           0., 0.],
          [1., 0., 1., 1., 1., 1., 0., 1., 0., 0., 1., 1., 1., 0., 0., 0., 1.,
           1., 0.],
          [1., 0., 0., 1., 0., 1., 1., 0., 1., 1., 1., 1., 1., 1., 1., 1., 0.,
           1., 1.],
          [0., 0., 0., 0., 1., 1., 0., 1., 1., 1., 1., 0., 1., 1., 0., 1., 1.,
           0., 1.],
          [1., 0., 1., 1., 0., 1., 0., 0., 1., 0., 0., 0., 0., 0., 1., 0., 0.,
           1., 0.],
          [1., 1., 0., 0., 1., 0., 0., 0., 0., 1., 0., 0., 1., 0., 0., 0., 1.,
           1., 1.],
          [1., 1., 1., 0., 0., 1., 1., 0., 0., 1., 0., 0., 1., 0., 1., 0., 1.,
           0., 0.],
          [0., 1., 0., 0., 1., 0., 0., 1., 1., 1., 0., 1., 1., 0., 1., 0., 0.,
           1., 1.],
          [1., 0., 0., 0., 1., 1., 0., 1., 1., 0., 1., 0., 0., 0., 1., 1., 0.,
           1., 0.]]]], device='cuda:0'), tensor([[0.6990]], device='cuda:0'))
2026-01-08 17:09:34 - INFO - [ 0.73596454 -0.397796    0.0103634   0.04411497  0.0103634   0.04411497
  0.9911903  -0.06899107]
2026-01-08 17:09:34 - INFO - (tensor([[[[1., 0., 0., 1., 0., 0., 1., 1., 0., 0., 1., 1., 0., 1., 1., 0., 0.,
           0., 1.],
          [1., 0., 1., 1., 0., 1., 0., 0., 1., 0., 0., 1., 0., 0., 0., 0., 0.,
           1., 0.],
          [0., 1., 0., 0., 0., 0., 0., 1., 0., 0., 1., 0., 0., 1., 1., 0., 0.,
           0., 0.],
          [1., 1., 0., 1., 0., 1., 1., 0., 1., 1., 0., 1., 0., 0., 1., 0., 0.,
           1., 1.],
          [1., 0., 0., 0., 0., 0., 1., 0., 0., 0., 0., 1., 1., 1., 0., 1., 1.,
           0., 1.],
          [1., 0., 0., 0., 1., 1., 1., 1., 0., 0., 1., 1., 0., 1., 1., 1., 1.,
           1., 0.],
          [0., 1., 0., 0., 1., 1., 0., 0., 1., 1., 1., 0., 0., 0., 0., 0., 1.,
           0., 1.],
          [1., 0., 1., 1., 0., 1., 1., 1., 1., 0., 0., 1., 0., 1., 0., 1., 0.,
           0., 0.],
          [0., 1., 0., 1., 0., 1., 1., 0., 0., 0., 0., 0., 1., 1., 1., 0., 1.,
           1., 0.],
          [1., 1., 0., 0., 1., 1., 0., 1., 1., 0., 1., 1., 1., 0., 0., 0., 1.,
           1., 1.],
          [0., 0., 1., 0., 0., 1., 1., 0., 1., 0., 1., 0., 0., 1., 0., 0., 0.,
           0., 0.],
          [1., 0., 1., 1., 1., 1., 0., 1., 0., 0., 1., 1., 1., 0., 0., 0., 1.,
           1., 0.],
          [1., 0., 0., 1., 0., 1., 1., 0., 1., 1., 1., 1., 1., 1., 1., 1., 0.,
           1., 1.],
          [0., 0., 0., 0., 1., 1., 0., 1., 1., 1., 1., 0., 1., 1., 0., 1., 1.,
           0., 1.],
          [1., 0., 1., 1., 0., 1., 0., 0., 1., 0., 0., 0., 0., 0., 1., 0., 0.,
           1., 0.],
          [1., 1., 0., 0., 1., 0., 0., 0., 0., 1., 0., 0., 1., 0., 0., 0., 1.,
           1., 1.],
          [1., 1., 1., 0., 0., 1., 1., 0., 0., 1., 0., 0., 1., 0., 1., 0., 1.,
           0., 0.],
          [0., 1., 0., 0., 1., 0., 0., 1., 1., 1., 0., 1., 1., 0., 1., 0., 0.,
           1., 1.],
          [1., 0., 0., 0., 1., 1., 0., 1., 1., 0., 1., 0., 0., 0., 1., 1., 0.,
           1., 0.]]]], device='cuda:0'), tensor([[0.7023]], device='cuda:0'))
2026-01-08 17:09:34 - INFO - [ 0.7350967  -0.39930525  0.01048977  0.04432232  0.01048977  0.04432231
  0.9911387  -0.06929865]
2026-01-08 17:09:34 - INFO - (tensor([[[[1., 0., 0., 1., 0., 0., 1., 1., 0., 0., 1., 1., 0., 1., 1., 0., 0.,
           0., 1.],
          [1., 0., 1., 1., 0., 1., 0., 0., 1., 0., 0., 1., 0., 0., 0., 0., 0.,
           1., 0.],
          [0., 1., 0., 0., 0., 0., 0., 1., 0., 0., 1., 0., 0., 1., 1., 0., 0.,
           0., 0.],
          [1., 1., 0., 1., 0., 1., 1., 0., 1., 1., 0., 1., 0., 0., 1., 0., 0.,
           1., 1.],
          [1., 0., 0., 0., 0., 0., 1., 0., 0., 0., 0., 1., 1., 1., 0., 1., 1.,
           0., 1.],
          [1., 0., 0., 0., 1., 1., 1., 1., 0., 0., 1., 1., 0., 1., 1., 1., 1.,
           1., 0.],
          [0., 1., 0., 0., 1., 1., 0., 0., 1., 1., 1., 0., 0., 0., 0., 0., 1.,
           0., 1.],
          [1., 0., 1., 1., 0., 1., 1., 1., 1., 0., 0., 1., 0., 1., 0., 1., 0.,
           0., 0.],
          [0., 1., 0., 1., 0., 1., 1., 0., 0., 0., 0., 0., 1., 1., 1., 0., 1.,
           1., 0.],
          [1., 1., 0., 0., 1., 1., 0., 1., 1., 0., 1., 1., 1., 0., 0., 0., 1.,
           1., 1.],
          [0., 0., 1., 0., 0., 1., 1., 0., 1., 0., 1., 0., 0., 1., 0., 0., 0.,
           0., 0.],
          [1., 0., 1., 1., 1., 1., 0., 1., 0., 0., 1., 1., 1., 0., 0., 0., 1.,
           1., 0.],
          [1., 0., 0., 1., 0., 1., 1., 0., 1., 1., 1., 1., 1., 1., 1., 1., 0.,
           1., 1.],
          [0., 0., 0., 0., 1., 1., 0., 1., 1., 1., 1., 0., 1., 1., 0., 1., 1.,
           0., 1.],
          [1., 0., 1., 1., 0., 1., 0., 0., 1., 0., 0., 0., 0., 0., 1., 0., 0.,
           1., 0.],
          [1., 1., 0., 0., 1., 0., 0., 0., 0., 1., 0., 0., 1., 0., 0., 0., 1.,
           1., 1.],
          [1., 1., 1., 0., 0., 1., 1., 0., 0., 1., 0., 0., 1., 0., 1., 0., 1.,
           0., 0.],
          [0., 1., 0., 0., 1., 0., 0., 1., 1., 1., 0., 1., 1., 0., 1., 0., 0.,
           1., 1.],
          [1., 0., 0., 0., 1., 1., 0., 1., 1., 0., 1., 0., 0., 0., 1., 1., 0.,
           1., 0.]]]], device='cuda:0'), tensor([[0.7057]], device='cuda:0'))
2026-01-08 17:09:34 - INFO - [ 0.7342396  -0.40078232  0.01061348  0.0445272   0.01061348  0.04452719
  0.9910864  -0.06960887]
2026-01-08 17:09:34 - INFO - (tensor([[[[1., 0., 0., 1., 0., 0., 1., 1., 0., 0., 1., 1., 0., 1., 1., 0., 0.,
           0., 1.],
          [1., 0., 1., 1., 0., 1., 0., 0., 1., 0., 0., 1., 0., 0., 0., 0., 0.,
           1., 0.],
          [0., 1., 0., 0., 0., 0., 0., 1., 0., 0., 1., 0., 0., 1., 1., 0., 0.,
           0., 0.],
          [1., 1., 0., 1., 0., 1., 1., 0., 1., 1., 0., 1., 0., 0., 1., 0., 0.,
           1., 1.],
          [1., 0., 0., 0., 0., 0., 1., 0., 0., 0., 0., 1., 1., 1., 0., 1., 1.,
           0., 1.],
          [1., 0., 0., 0., 1., 1., 1., 1., 0., 0., 1., 1., 0., 1., 1., 1., 1.,
           1., 0.],
          [0., 1., 0., 0., 1., 1., 0., 0., 1., 1., 1., 0., 0., 0., 0., 0., 1.,
           0., 1.],
          [1., 0., 1., 1., 0., 1., 1., 1., 1., 0., 0., 1., 0., 1., 0., 1., 0.,
           0., 0.],
          [0., 1., 0., 1., 0., 1., 1., 0., 0., 0., 0., 0., 1., 1., 1., 0., 1.,
           1., 0.],
          [1., 1., 0., 0., 1., 1., 0., 1., 1., 0., 1., 1., 1., 0., 0., 0., 1.,
           1., 1.],
          [0., 0., 1., 0., 0., 1., 1., 0., 1., 0., 1., 0., 0., 1., 0., 0., 0.,
           0., 0.],
          [1., 0., 1., 1., 1., 1., 0., 1., 0., 0., 1., 1., 1., 0., 0., 0., 1.,
           1., 0.],
          [1., 0., 0., 1., 0., 1., 1., 0., 1., 1., 1., 1., 1., 1., 1., 1., 0.,
           1., 1.],
          [0., 0., 0., 0., 1., 1., 0., 1., 1., 1., 1., 0., 1., 1., 0., 1., 1.,
           0., 1.],
          [1., 0., 1., 1., 0., 1., 0., 0., 1., 0., 0., 0., 0., 0., 1., 0., 0.,
           1., 0.],
          [1., 1., 0., 0., 1., 0., 0., 0., 0., 1., 0., 0., 1., 0., 0., 0., 1.,
           1., 1.],
          [1., 1., 1., 0., 0., 1., 1., 0., 0., 1., 0., 0., 1., 0., 1., 0., 1.,
           0., 0.],
          [0., 1., 0., 0., 1., 0., 0., 1., 1., 1., 0., 1., 1., 0., 1., 0., 0.,
           1., 1.],
          [1., 0., 0., 0., 1., 1., 0., 1., 1., 0., 1., 0., 0., 0., 1., 1., 0.,
           1., 0.]]]], device='cuda:0'), tensor([[0.7090]], device='cuda:0'))
2026-01-08 17:09:34 - INFO - [ 0.7333759  -0.40225622  0.01074091  0.04474447  0.01074091  0.04474446
  0.9910346  -0.06991563]
2026-01-08 17:09:34 - INFO - (tensor([[[[1., 0., 0., 1., 0., 0., 1., 1., 0., 0., 1., 1., 0., 1., 1., 0., 0.,
           0., 1.],
          [1., 0., 1., 1., 0., 1., 0., 0., 1., 0., 0., 1., 0., 0., 0., 0., 0.,
           1., 0.],
          [0., 1., 0., 0., 0., 0., 0., 1., 0., 0., 1., 0., 0., 1., 1., 0., 0.,
           0., 0.],
          [1., 1., 0., 1., 0., 1., 1., 0., 1., 1., 0., 1., 0., 0., 1., 0., 0.,
           1., 1.],
          [1., 0., 0., 0., 0., 0., 1., 0., 0., 0., 0., 1., 1., 1., 0., 1., 1.,
           0., 1.],
          [1., 0., 0., 0., 1., 1., 1., 1., 0., 0., 1., 1., 0., 1., 1., 1., 1.,
           1., 0.],
          [0., 1., 0., 0., 1., 1., 0., 0., 1., 1., 1., 0., 0., 0., 0., 0., 1.,
           0., 1.],
          [1., 0., 1., 1., 0., 1., 1., 1., 1., 0., 0., 1., 0., 1., 0., 1., 0.,
           0., 0.],
          [0., 1., 0., 1., 0., 1., 1., 0., 0., 0., 0., 0., 1., 1., 1., 0., 1.,
           1., 0.],
          [1., 1., 0., 0., 1., 1., 0., 1., 1., 0., 1., 1., 1., 0., 0., 0., 1.,
           1., 1.],
          [0., 0., 1., 0., 0., 1., 1., 0., 1., 0., 1., 0., 0., 1., 0., 0., 0.,
           0., 0.],
          [1., 0., 1., 1., 1., 1., 0., 1., 0., 0., 1., 1., 1., 0., 0., 0., 1.,
           1., 0.],
          [1., 0., 0., 1., 0., 1., 1., 0., 1., 1., 1., 1., 1., 1., 1., 1., 0.,
           1., 1.],
          [0., 0., 0., 0., 1., 1., 0., 1., 1., 1., 1., 0., 1., 1., 0., 1., 1.,
           0., 1.],
          [1., 0., 1., 1., 0., 1., 0., 0., 1., 0., 0., 0., 0., 0., 1., 0., 0.,
           1., 0.],
          [1., 1., 0., 0., 1., 0., 0., 0., 0., 1., 0., 0., 1., 0., 0., 0., 1.,
           1., 1.],
          [1., 1., 1., 0., 0., 1., 1., 0., 0., 1., 0., 0., 1., 0., 1., 0., 1.,
           0., 0.],
          [0., 1., 0., 0., 1., 0., 0., 1., 1., 1., 0., 1., 1., 0., 1., 0., 0.,
           1., 1.],
          [1., 0., 0., 0., 1., 1., 0., 1., 1., 0., 1., 0., 0., 0., 1., 1., 0.,
           1., 0.]]]], device='cuda:0'), tensor([[0.7124]], device='cuda:0'))
2026-01-08 17:09:34 - INFO - [ 0.7324993  -0.4037452   0.01086779  0.04496232  0.0108678   0.04496232
  0.99098486 -0.07021892]
2026-01-08 17:09:34 - INFO - (tensor([[[[1., 0., 0., 1., 0., 0., 1., 1., 0., 0., 1., 1., 0., 1., 1., 0., 0.,
           0., 1.],
          [1., 0., 1., 1., 0., 1., 0., 0., 1., 0., 0., 1., 0., 0., 0., 0., 0.,
           1., 0.],
          [0., 1., 0., 0., 0., 0., 0., 1., 0., 0., 1., 0., 0., 1., 1., 0., 0.,
           0., 0.],
          [1., 1., 0., 1., 0., 1., 1., 0., 1., 1., 0., 1., 0., 0., 1., 0., 0.,
           1., 1.],
          [1., 0., 0., 0., 0., 0., 1., 0., 0., 0., 0., 1., 1., 1., 0., 1., 1.,
           0., 1.],
          [1., 0., 0., 0., 1., 1., 1., 1., 0., 0., 1., 1., 0., 1., 1., 1., 1.,
           1., 0.],
          [0., 1., 0., 0., 1., 1., 0., 0., 1., 1., 1., 0., 0., 0., 0., 0., 1.,
           0., 1.],
          [1., 0., 1., 1., 0., 1., 1., 1., 1., 0., 0., 1., 0., 1., 0., 1., 0.,
           0., 0.],
          [0., 1., 0., 1., 0., 1., 1., 0., 0., 0., 0., 0., 1., 1., 1., 0., 1.,
           1., 0.],
          [1., 1., 0., 0., 1., 1., 0., 1., 1., 0., 1., 1., 1., 0., 0., 0., 1.,
           1., 1.],
          [0., 0., 1., 0., 0., 1., 1., 0., 1., 0., 1., 0., 0., 1., 0., 0., 0.,
           0., 0.],
          [1., 0., 1., 1., 1., 1., 0., 1., 0., 0., 1., 1., 1., 0., 0., 0., 1.,
           1., 0.],
          [1., 0., 0., 1., 0., 1., 1., 0., 1., 1., 1., 1., 1., 1., 1., 1., 0.,
           1., 1.],
          [0., 0., 0., 0., 1., 1., 0., 1., 1., 1., 1., 0., 1., 1., 0., 1., 1.,
           0., 1.],
          [1., 0., 1., 1., 0., 1., 0., 0., 1., 0., 0., 0., 0., 0., 1., 0., 0.,
           1., 0.],
          [1., 1., 0., 0., 1., 0., 0., 0., 0., 1., 0., 0., 1., 0., 0., 0., 1.,
           1., 1.],
          [1., 1., 1., 0., 0., 1., 1., 0., 0., 1., 0., 0., 1., 0., 1., 0., 1.,
           0., 0.],
          [0., 1., 0., 0., 1., 0., 0., 1., 1., 1., 0., 1., 1., 0., 1., 0., 0.,
           1., 1.],
          [1., 0., 0., 0., 1., 1., 0., 1., 1., 0., 1., 0., 0., 0., 1., 1., 0.,
           1., 0.]]]], device='cuda:0'), tensor([[0.7157]], device='cuda:0'))
2026-01-08 17:09:34 - INFO - [ 0.7315991  -0.40524396  0.0109957   0.04518379  0.0109957   0.04518379
  0.9909226  -0.07051198]
2026-01-08 17:09:34 - INFO - (tensor([[[[1., 0., 0., 1., 0., 0., 1., 1., 0., 0., 1., 1., 0., 1., 1., 0., 0.,
           0., 1.],
          [1., 0., 1., 1., 0., 1., 0., 0., 1., 0., 0., 1., 0., 0., 0., 0., 0.,
           1., 0.],
          [0., 1., 0., 0., 0., 0., 0., 1., 0., 0., 1., 0., 0., 1., 1., 0., 0.,
           0., 0.],
          [1., 1., 0., 1., 0., 1., 1., 0., 1., 1., 0., 1., 0., 0., 1., 0., 0.,
           1., 1.],
          [1., 0., 0., 0., 0., 0., 1., 0., 0., 0., 0., 1., 1., 1., 0., 1., 1.,
           0., 1.],
          [1., 0., 0., 0., 1., 1., 1., 1., 0., 0., 1., 1., 0., 1., 1., 1., 1.,
           1., 0.],
          [0., 1., 0., 0., 1., 1., 0., 0., 1., 1., 1., 0., 0., 0., 0., 0., 1.,
           0., 1.],
          [1., 0., 1., 1., 0., 1., 1., 1., 1., 0., 0., 1., 0., 1., 0., 1., 0.,
           0., 0.],
          [0., 1., 0., 1., 0., 1., 1., 0., 0., 0., 0., 0., 1., 1., 1., 0., 1.,
           1., 0.],
          [1., 1., 0., 0., 1., 1., 0., 1., 1., 0., 1., 1., 1., 0., 0., 0., 1.,
           1., 1.],
          [0., 0., 1., 0., 0., 1., 1., 0., 1., 0., 1., 0., 0., 1., 0., 0., 0.,
           0., 0.],
          [1., 0., 1., 1., 1., 1., 0., 1., 0., 0., 1., 1., 1., 0., 0., 0., 1.,
           1., 0.],
          [1., 0., 0., 1., 0., 1., 1., 0., 1., 1., 1., 1., 1., 1., 1., 1., 0.,
           1., 1.],
          [0., 0., 0., 0., 1., 1., 0., 1., 1., 1., 1., 0., 1., 1., 0., 1., 1.,
           0., 1.],
          [1., 0., 1., 1., 0., 1., 0., 0., 1., 0., 0., 0., 0., 0., 1., 0., 0.,
           1., 0.],
          [1., 1., 0., 0., 1., 0., 0., 0., 0., 1., 0., 0., 1., 0., 0., 0., 1.,
           1., 1.],
          [1., 1., 1., 0., 0., 1., 1., 0., 0., 1., 0., 0., 1., 0., 1., 0., 1.,
           0., 0.],
          [0., 1., 0., 0., 1., 0., 0., 1., 1., 1., 0., 1., 1., 0., 1., 0., 0.,
           1., 1.],
          [1., 0., 0., 0., 1., 1., 0., 1., 1., 0., 1., 0., 0., 0., 1., 1., 0.,
           1., 0.]]]], device='cuda:0'), tensor([[0.7191]], device='cuda:0'))
2026-01-08 17:09:34 - INFO - [ 0.7307342  -0.4066741   0.01111653  0.0453938   0.01111652  0.04539379
  0.9908541  -0.07078684]
2026-01-08 17:09:34 - INFO - (tensor([[[[1., 0., 0., 1., 0., 0., 1., 1., 0., 0., 1., 1., 0., 1., 1., 0., 0.,
           0., 1.],
          [1., 0., 1., 1., 0., 1., 0., 0., 1., 0., 0., 1., 0., 0., 0., 0., 0.,
           1., 0.],
          [0., 1., 0., 0., 0., 0., 0., 1., 0., 0., 1., 0., 0., 1., 1., 0., 0.,
           0., 0.],
          [1., 1., 0., 1., 0., 1., 1., 0., 1., 1., 0., 1., 0., 0., 1., 0., 0.,
           1., 1.],
          [1., 0., 0., 0., 0., 0., 1., 0., 0., 0., 0., 1., 1., 1., 0., 1., 1.,
           0., 1.],
          [1., 0., 0., 0., 1., 1., 1., 1., 0., 0., 1., 1., 0., 1., 1., 1., 1.,
           1., 0.],
          [0., 1., 0., 0., 1., 1., 0., 0., 1., 1., 1., 0., 0., 0., 0., 0., 1.,
           0., 1.],
          [1., 0., 1., 1., 0., 1., 1., 1., 1., 0., 0., 1., 0., 1., 0., 1., 0.,
           0., 0.],
          [0., 1., 0., 1., 0., 1., 1., 0., 0., 0., 0., 0., 1., 1., 1., 0., 1.,
           1., 0.],
          [1., 1., 0., 0., 1., 1., 0., 1., 1., 0., 1., 1., 1., 0., 0., 0., 1.,
           1., 1.],
          [0., 0., 1., 0., 0., 1., 1., 0., 1., 0., 1., 0., 0., 1., 0., 0., 0.,
           0., 0.],
          [1., 0., 1., 1., 1., 1., 0., 1., 0., 0., 1., 1., 1., 0., 0., 0., 1.,
           1., 0.],
          [1., 0., 0., 1., 0., 1., 1., 0., 1., 1., 1., 1., 1., 1., 1., 1., 0.,
           1., 1.],
          [0., 0., 0., 0., 1., 1., 0., 1., 1., 1., 1., 0., 1., 1., 0., 1., 1.,
           0., 1.],
          [1., 0., 1., 1., 0., 1., 0., 0., 1., 0., 0., 0., 0., 0., 1., 0., 0.,
           1., 0.],
          [1., 1., 0., 0., 1., 0., 0., 0., 0., 1., 0., 0., 1., 0., 0., 0., 1.,
           1., 1.],
          [1., 1., 1., 0., 0., 1., 1., 0., 0., 1., 0., 0., 1., 0., 1., 0., 1.,
           0., 0.],
          [0., 1., 0., 0., 1., 0., 0., 1., 1., 1., 0., 1., 1., 0., 1., 0., 0.,
           1., 1.],
          [1., 0., 0., 0., 1., 1., 0., 1., 1., 0., 1., 0., 0., 0., 1., 1., 0.,
           1., 0.]]]], device='cuda:0'), tensor([[0.7224]], device='cuda:0'))
2026-01-08 17:09:34 - INFO - [ 0.72994006 -0.40799174  0.01122403  0.04558503  0.01122402  0.04558502
  0.9907907  -0.07103752]
2026-01-08 17:09:34 - INFO - (tensor([[[[1., 0., 0., 1., 0., 0., 1., 1., 0., 0., 1., 1., 0., 1., 1., 0., 0.,
           0., 1.],
          [1., 0., 1., 1., 0., 1., 0., 0., 1., 0., 0., 1., 0., 0., 0., 0., 0.,
           1., 0.],
          [0., 1., 0., 0., 0., 0., 0., 1., 0., 0., 1., 0., 0., 1., 1., 0., 0.,
           0., 0.],
          [1., 1., 0., 1., 0., 1., 1., 0., 1., 1., 0., 1., 0., 0., 1., 0., 0.,
           1., 1.],
          [1., 0., 0., 0., 0., 0., 1., 0., 0., 0., 0., 1., 1., 1., 0., 1., 1.,
           0., 1.],
          [1., 0., 0., 0., 1., 1., 1., 1., 0., 0., 1., 1., 0., 1., 1., 1., 1.,
           1., 0.],
          [0., 1., 0., 0., 1., 1., 0., 0., 1., 1., 1., 0., 0., 0., 0., 0., 1.,
           0., 1.],
          [1., 0., 1., 1., 0., 1., 1., 1., 1., 0., 0., 1., 0., 1., 0., 1., 0.,
           0., 0.],
          [0., 1., 0., 1., 0., 1., 1., 0., 0., 0., 0., 0., 1., 1., 1., 0., 1.,
           1., 0.],
          [1., 1., 0., 0., 1., 1., 0., 1., 1., 0., 1., 1., 1., 0., 0., 0., 1.,
           1., 1.],
          [0., 0., 1., 0., 0., 1., 1., 0., 1., 0., 1., 0., 0., 1., 0., 0., 0.,
           0., 0.],
          [1., 0., 1., 1., 1., 1., 0., 1., 0., 0., 1., 1., 1., 0., 0., 0., 1.,
           1., 0.],
          [1., 0., 0., 1., 0., 1., 1., 0., 1., 1., 1., 1., 1., 1., 1., 1., 0.,
           1., 1.],
          [0., 0., 0., 0., 1., 1., 0., 1., 1., 1., 1., 0., 1., 1., 0., 1., 1.,
           0., 1.],
          [1., 0., 1., 1., 0., 1., 0., 0., 1., 0., 0., 0., 0., 0., 1., 0., 0.,
           1., 0.],
          [1., 1., 0., 0., 1., 0., 0., 0., 0., 1., 0., 0., 1., 0., 0., 0., 1.,
           1., 1.],
          [1., 1., 1., 0., 0., 1., 1., 0., 0., 1., 0., 0., 1., 0., 1., 0., 1.,
           0., 0.],
          [0., 1., 0., 0., 1., 0., 0., 1., 1., 1., 0., 1., 1., 0., 1., 0., 0.,
           1., 1.],
          [1., 0., 0., 0., 1., 1., 0., 1., 1., 0., 1., 0., 0., 0., 1., 1., 0.,
           1., 0.]]]], device='cuda:0'), tensor([[0.7258]], device='cuda:0'))
2026-01-08 17:09:34 - INFO - [ 0.72918785 -0.40924153  0.01132315  0.04576193  0.01132315  0.04576192
  0.9907294  -0.07126755]
2026-01-08 17:09:34 - INFO - (tensor([[[[1., 0., 0., 1., 0., 0., 1., 1., 0., 0., 1., 1., 0., 1., 1., 0., 0.,
           0., 1.],
          [1., 0., 1., 1., 0., 1., 0., 0., 1., 0., 0., 1., 0., 0., 0., 0., 0.,
           1., 0.],
          [0., 1., 0., 0., 0., 0., 0., 1., 0., 0., 1., 0., 0., 1., 1., 0., 0.,
           0., 0.],
          [1., 1., 0., 1., 0., 1., 1., 0., 1., 1., 0., 1., 0., 0., 1., 0., 0.,
           1., 1.],
          [1., 0., 0., 0., 0., 0., 1., 0., 0., 0., 0., 1., 1., 1., 0., 1., 1.,
           0., 1.],
          [1., 0., 0., 0., 1., 1., 1., 1., 0., 0., 1., 1., 0., 1., 1., 1., 1.,
           1., 0.],
          [0., 1., 0., 0., 1., 1., 0., 0., 1., 1., 1., 0., 0., 0., 0., 0., 1.,
           0., 1.],
          [1., 0., 1., 1., 0., 1., 1., 1., 1., 0., 0., 1., 0., 1., 0., 1., 0.,
           0., 0.],
          [0., 1., 0., 1., 0., 1., 1., 0., 0., 0., 0., 0., 1., 1., 1., 0., 1.,
           1., 0.],
          [1., 1., 0., 0., 1., 1., 0., 1., 1., 0., 1., 1., 1., 0., 0., 0., 1.,
           1., 1.],
          [0., 0., 1., 0., 0., 1., 1., 0., 1., 0., 1., 0., 0., 1., 0., 0., 0.,
           0., 0.],
          [1., 0., 1., 1., 1., 1., 0., 1., 0., 0., 1., 1., 1., 0., 0., 0., 1.,
           1., 0.],
          [1., 0., 0., 1., 0., 1., 1., 0., 1., 1., 1., 1., 1., 1., 1., 1., 0.,
           1., 1.],
          [0., 0., 0., 0., 1., 1., 0., 1., 1., 1., 1., 0., 1., 1., 0., 1., 1.,
           0., 1.],
          [1., 0., 1., 1., 0., 1., 0., 0., 1., 0., 0., 0., 0., 0., 1., 0., 0.,
           1., 0.],
          [1., 1., 0., 0., 1., 0., 0., 0., 0., 1., 0., 0., 1., 0., 0., 0., 1.,
           1., 1.],
          [1., 1., 1., 0., 0., 1., 1., 0., 0., 1., 0., 0., 1., 0., 1., 0., 1.,
           0., 0.],
          [0., 1., 0., 0., 1., 0., 0., 1., 1., 1., 0., 1., 1., 0., 1., 0., 0.,
           1., 1.],
          [1., 0., 0., 0., 1., 1., 0., 1., 1., 0., 1., 0., 0., 0., 1., 1., 0.,
           1., 0.]]]], device='cuda:0'), tensor([[0.7291]], device='cuda:0'))
2026-01-08 17:09:34 - INFO - [ 0.7284578  -0.4104513   0.01141699  0.04593415  0.01141698  0.04593415
  0.99067175 -0.07148737]
2026-01-08 17:09:34 - INFO - (tensor([[[[1., 0., 0., 1., 0., 0., 1., 1., 0., 0., 1., 1., 0., 1., 1., 0., 0.,
           0., 1.],
          [1., 0., 1., 1., 0., 1., 0., 0., 1., 0., 0., 1., 0., 0., 0., 0., 0.,
           1., 0.],
          [0., 1., 0., 0., 0., 0., 0., 1., 0., 0., 1., 0., 0., 1., 1., 0., 0.,
           0., 0.],
          [1., 1., 0., 1., 0., 1., 1., 0., 1., 1., 0., 1., 0., 0., 1., 0., 0.,
           1., 1.],
          [1., 0., 0., 0., 0., 0., 1., 0., 0., 0., 0., 1., 1., 1., 0., 1., 1.,
           0., 1.],
          [1., 0., 0., 0., 1., 1., 1., 1., 0., 0., 1., 1., 0., 1., 1., 1., 1.,
           1., 0.],
          [0., 1., 0., 0., 1., 1., 0., 0., 1., 1., 1., 0., 0., 0., 0., 0., 1.,
           0., 1.],
          [1., 0., 1., 1., 0., 1., 1., 1., 1., 0., 0., 1., 0., 1., 0., 1., 0.,
           0., 0.],
          [0., 1., 0., 1., 0., 1., 1., 0., 0., 0., 0., 0., 1., 1., 1., 0., 1.,
           1., 0.],
          [1., 1., 0., 0., 1., 1., 0., 1., 1., 0., 1., 1., 1., 0., 0., 0., 1.,
           1., 1.],
          [0., 0., 1., 0., 0., 1., 1., 0., 1., 0., 1., 0., 0., 1., 0., 0., 0.,
           0., 0.],
          [1., 0., 1., 1., 1., 1., 0., 1., 0., 0., 1., 1., 1., 0., 0., 0., 1.,
           1., 0.],
          [1., 0., 0., 1., 0., 1., 1., 0., 1., 1., 1., 1., 1., 1., 1., 1., 0.,
           1., 1.],
          [0., 0., 0., 0., 1., 1., 0., 1., 1., 1., 1., 0., 1., 1., 0., 1., 1.,
           0., 1.],
          [1., 0., 1., 1., 0., 1., 0., 0., 1., 0., 0., 0., 0., 0., 1., 0., 0.,
           1., 0.],
          [1., 1., 0., 0., 1., 0., 0., 0., 0., 1., 0., 0., 1., 0., 0., 0., 1.,
           1., 1.],
          [1., 1., 1., 0., 0., 1., 1., 0., 0., 1., 0., 0., 1., 0., 1., 0., 1.,
           0., 0.],
          [0., 1., 0., 0., 1., 0., 0., 1., 1., 1., 0., 1., 1., 0., 1., 0., 0.,
           1., 1.],
          [1., 0., 0., 0., 1., 1., 0., 1., 1., 0., 1., 0., 0., 0., 1., 1., 0.,
           1., 0.]]]], device='cuda:0'), tensor([[0.7324]], device='cuda:0'))
2026-01-08 17:09:34 - INFO - [ 0.7276453  -0.41178602  0.01152175  0.04611794  0.01152174  0.04611794
  0.9906148  -0.07174028]
2026-01-08 17:09:34 - INFO - (tensor([[[[1., 0., 0., 1., 0., 0., 1., 1., 0., 0., 1., 1., 0., 1., 1., 0., 0.,
           0., 1.],
          [1., 0., 1., 1., 0., 1., 0., 0., 1., 0., 0., 1., 0., 0., 0., 0., 0.,
           1., 0.],
          [0., 1., 0., 0., 0., 0., 0., 1., 0., 0., 1., 0., 0., 1., 1., 0., 0.,
           0., 0.],
          [1., 1., 0., 1., 0., 1., 1., 0., 1., 1., 0., 1., 0., 0., 1., 0., 0.,
           1., 1.],
          [1., 0., 0., 0., 0., 0., 1., 0., 0., 0., 0., 1., 1., 1., 0., 1., 1.,
           0., 1.],
          [1., 0., 0., 0., 1., 1., 1., 1., 0., 0., 1., 1., 0., 1., 1., 1., 1.,
           1., 0.],
          [0., 1., 0., 0., 1., 1., 0., 0., 1., 1., 1., 0., 0., 0., 0., 0., 1.,
           0., 1.],
          [1., 0., 1., 1., 0., 1., 1., 1., 1., 0., 0., 1., 0., 1., 0., 1., 0.,
           0., 0.],
          [0., 1., 0., 1., 0., 1., 1., 0., 0., 0., 0., 0., 1., 1., 1., 0., 1.,
           1., 0.],
          [1., 1., 0., 0., 1., 1., 0., 1., 1., 0., 1., 1., 1., 0., 0., 0., 1.,
           1., 1.],
          [0., 0., 1., 0., 0., 1., 1., 0., 1., 0., 1., 0., 0., 1., 0., 0., 0.,
           0., 0.],
          [1., 0., 1., 1., 1., 1., 0., 1., 0., 0., 1., 1., 1., 0., 0., 0., 1.,
           1., 0.],
          [1., 0., 0., 1., 0., 1., 1., 0., 1., 1., 1., 1., 1., 1., 1., 1., 0.,
           1., 1.],
          [0., 0., 0., 0., 1., 1., 0., 1., 1., 1., 1., 0., 1., 1., 0., 1., 1.,
           0., 1.],
          [1., 0., 1., 1., 0., 1., 0., 0., 1., 0., 0., 0., 0., 0., 1., 0., 0.,
           1., 0.],
          [1., 1., 0., 0., 1., 0., 0., 0., 0., 1., 0., 0., 1., 0., 0., 0., 1.,
           1., 1.],
          [1., 1., 1., 0., 0., 1., 1., 0., 0., 1., 0., 0., 1., 0., 1., 0., 1.,
           0., 0.],
          [0., 1., 0., 0., 1., 0., 0., 1., 1., 1., 0., 1., 1., 0., 1., 0., 0.,
           1., 1.],
          [1., 0., 0., 0., 1., 1., 0., 1., 1., 0., 1., 0., 0., 0., 1., 1., 0.,
           1., 0.]]]], device='cuda:0'), tensor([[0.7358]], device='cuda:0'))
2026-01-08 17:09:34 - INFO - [ 0.7267042  -0.4133098   0.01165016  0.04632705  0.01165017  0.04632705
  0.9905448  -0.07203709]
2026-01-08 17:09:34 - INFO - (tensor([[[[1., 0., 0., 1., 0., 0., 1., 1., 0., 0., 1., 1., 0., 1., 1., 0., 0.,
           0., 1.],
          [1., 0., 1., 1., 0., 1., 0., 0., 1., 0., 0., 1., 0., 0., 0., 0., 0.,
           1., 0.],
          [0., 1., 0., 0., 0., 0., 0., 1., 0., 0., 1., 0., 0., 1., 1., 0., 0.,
           0., 0.],
          [1., 1., 0., 1., 0., 1., 1., 0., 1., 1., 0., 1., 0., 0., 1., 0., 0.,
           1., 1.],
          [1., 0., 0., 0., 0., 0., 1., 0., 0., 0., 0., 1., 1., 1., 0., 1., 1.,
           0., 1.],
          [1., 0., 0., 0., 1., 1., 1., 1., 0., 0., 1., 1., 0., 1., 1., 1., 1.,
           1., 0.],
          [0., 1., 0., 0., 1., 1., 0., 0., 1., 1., 1., 0., 0., 0., 0., 0., 1.,
           0., 1.],
          [1., 0., 1., 1., 0., 1., 1., 1., 1., 0., 0., 1., 0., 1., 0., 1., 0.,
           0., 0.],
          [0., 1., 0., 1., 0., 1., 1., 0., 0., 0., 0., 0., 1., 1., 1., 0., 1.,
           1., 0.],
          [1., 1., 0., 0., 1., 1., 0., 1., 1., 0., 1., 1., 1., 0., 0., 0., 1.,
           1., 1.],
          [0., 0., 1., 0., 0., 1., 1., 0., 1., 0., 1., 0., 0., 1., 0., 0., 0.,
           0., 0.],
          [1., 0., 1., 1., 1., 1., 0., 1., 0., 0., 1., 1., 1., 0., 0., 0., 1.,
           1., 0.],
          [1., 0., 0., 1., 0., 1., 1., 0., 1., 1., 1., 1., 1., 1., 1., 1., 0.,
           1., 1.],
          [0., 0., 0., 0., 1., 1., 0., 1., 1., 1., 1., 0., 1., 1., 0., 1., 1.,
           0., 1.],
          [1., 0., 1., 1., 0., 1., 0., 0., 1., 0., 0., 0., 0., 0., 1., 0., 0.,
           1., 0.],
          [1., 1., 0., 0., 1., 0., 0., 0., 0., 1., 0., 0., 1., 0., 0., 0., 1.,
           1., 1.],
          [1., 1., 1., 0., 0., 1., 1., 0., 0., 1., 0., 0., 1., 0., 1., 0., 1.,
           0., 0.],
          [0., 1., 0., 0., 1., 0., 0., 1., 1., 1., 0., 1., 1., 0., 1., 0., 0.,
           1., 1.],
          [1., 0., 0., 0., 1., 1., 0., 1., 1., 0., 1., 0., 0., 0., 1., 1., 0.,
           1., 0.]]]], device='cuda:0'), tensor([[0.7391]], device='cuda:0'))
2026-01-08 17:09:34 - INFO - [ 0.72576904 -0.41481113  0.01177724  0.04653312  0.01177724  0.04653312
  0.99047875 -0.07232426]
2026-01-08 17:09:34 - INFO - (tensor([[[[1., 0., 0., 1., 0., 0., 1., 1., 0., 0., 1., 1., 0., 1., 1., 0., 0.,
           0., 1.],
          [1., 0., 1., 1., 0., 1., 0., 0., 1., 0., 0., 1., 0., 0., 0., 0., 0.,
           1., 0.],
          [0., 1., 0., 0., 0., 0., 0., 1., 0., 0., 1., 0., 0., 1., 1., 0., 0.,
           0., 0.],
          [1., 1., 0., 1., 0., 1., 1., 0., 1., 1., 0., 1., 0., 0., 1., 0., 0.,
           1., 1.],
          [1., 0., 0., 0., 0., 0., 1., 0., 0., 0., 0., 1., 1., 1., 0., 1., 1.,
           0., 1.],
          [1., 0., 0., 0., 1., 1., 1., 1., 0., 0., 1., 1., 0., 1., 1., 1., 1.,
           1., 0.],
          [0., 1., 0., 0., 1., 1., 0., 0., 1., 1., 1., 0., 0., 0., 0., 0., 1.,
           0., 1.],
          [1., 0., 1., 1., 0., 1., 1., 1., 1., 0., 0., 1., 0., 1., 0., 1., 0.,
           0., 0.],
          [0., 1., 0., 1., 0., 1., 1., 0., 0., 0., 0., 0., 1., 1., 1., 0., 1.,
           1., 0.],
          [1., 1., 0., 0., 1., 1., 0., 1., 1., 0., 1., 1., 1., 0., 0., 0., 1.,
           1., 1.],
          [0., 0., 1., 0., 0., 1., 1., 0., 1., 0., 1., 0., 0., 1., 0., 0., 0.,
           0., 0.],
          [1., 0., 1., 1., 1., 1., 0., 1., 0., 0., 1., 1., 1., 0., 0., 0., 1.,
           1., 0.],
          [1., 0., 0., 1., 0., 1., 1., 0., 1., 1., 1., 1., 1., 1., 1., 1., 0.,
           1., 1.],
          [0., 0., 0., 0., 1., 1., 0., 1., 1., 1., 1., 0., 1., 1., 0., 1., 1.,
           0., 1.],
          [1., 0., 1., 1., 0., 1., 0., 0., 1., 0., 0., 0., 0., 0., 1., 0., 0.,
           1., 0.],
          [1., 1., 0., 0., 1., 0., 0., 0., 0., 1., 0., 0., 1., 0., 0., 0., 1.,
           1., 1.],
          [1., 1., 1., 0., 0., 1., 1., 0., 0., 1., 0., 0., 1., 0., 1., 0., 1.,
           0., 0.],
          [0., 1., 0., 0., 1., 0., 0., 1., 1., 1., 0., 1., 1., 0., 1., 0., 0.,
           1., 1.],
          [1., 0., 0., 0., 1., 1., 0., 1., 1., 0., 1., 0., 0., 0., 1., 1., 0.,
           1., 0.]]]], device='cuda:0'), tensor([[0.7425]], device='cuda:0'))
2026-01-08 17:09:34 - INFO - [ 0.72496307 -0.41610828  0.01188291  0.04671722  0.01188292  0.04671722
  0.99041677 -0.07256982]
2026-01-08 17:09:34 - INFO - (tensor([[[[1., 0., 0., 1., 0., 0., 1., 1., 0., 0., 1., 1., 0., 1., 1., 0., 0.,
           0., 1.],
          [1., 0., 1., 1., 0., 1., 0., 0., 1., 0., 0., 1., 0., 0., 0., 0., 0.,
           1., 0.],
          [0., 1., 0., 0., 0., 0., 0., 1., 0., 0., 1., 0., 0., 1., 1., 0., 0.,
           0., 0.],
          [1., 1., 0., 1., 0., 1., 1., 0., 1., 1., 0., 1., 0., 0., 1., 0., 0.,
           1., 1.],
          [1., 0., 0., 0., 0., 0., 1., 0., 0., 0., 0., 1., 1., 1., 0., 1., 1.,
           0., 1.],
          [1., 0., 0., 0., 1., 1., 1., 1., 0., 0., 1., 1., 0., 1., 1., 1., 1.,
           1., 0.],
          [0., 1., 0., 0., 1., 1., 0., 0., 1., 1., 1., 0., 0., 0., 0., 0., 1.,
           0., 1.],
          [1., 0., 1., 1., 0., 1., 1., 1., 1., 0., 0., 1., 0., 1., 0., 1., 0.,
           0., 0.],
          [0., 1., 0., 1., 0., 1., 1., 0., 0., 0., 0., 0., 1., 1., 1., 0., 1.,
           1., 0.],
          [1., 1., 0., 0., 1., 1., 0., 1., 1., 0., 1., 1., 1., 0., 0., 0., 1.,
           1., 1.],
          [0., 0., 1., 0., 0., 1., 1., 0., 1., 0., 1., 0., 0., 1., 0., 0., 0.,
           0., 0.],
          [1., 0., 1., 1., 1., 1., 0., 1., 0., 0., 1., 1., 1., 0., 0., 0., 1.,
           1., 0.],
          [1., 0., 0., 1., 0., 1., 1., 0., 1., 1., 1., 1., 1., 1., 1., 1., 0.,
           1., 1.],
          [0., 0., 0., 0., 1., 1., 0., 1., 1., 1., 1., 0., 1., 1., 0., 1., 1.,
           0., 1.],
          [1., 0., 1., 1., 0., 1., 0., 0., 1., 0., 0., 0., 0., 0., 1., 0., 0.,
           1., 0.],
          [1., 1., 0., 0., 1., 0., 0., 0., 0., 1., 0., 0., 1., 0., 0., 0., 1.,
           1., 1.],
          [1., 1., 1., 0., 0., 1., 1., 0., 0., 1., 0., 0., 1., 0., 1., 0., 1.,
           0., 0.],
          [0., 1., 0., 0., 1., 0., 0., 1., 1., 1., 0., 1., 1., 0., 1., 0., 0.,
           1., 1.],
          [1., 0., 0., 0., 1., 1., 0., 1., 1., 0., 1., 0., 0., 0., 1., 1., 0.,
           1., 0.]]]], device='cuda:0'), tensor([[0.7458]], device='cuda:0'))
2026-01-08 17:09:34 - INFO - [ 0.724131   -0.41762418  0.01201306  0.04691184  0.01201306  0.04691184
  0.9903537  -0.07290259]
2026-01-08 17:09:34 - INFO - (tensor([[[[1., 0., 0., 1., 0., 0., 1., 1., 0., 0., 1., 1., 0., 1., 1., 0., 0.,
           0., 1.],
          [1., 0., 1., 1., 0., 1., 0., 0., 1., 0., 0., 1., 0., 0., 0., 0., 0.,
           1., 0.],
          [0., 1., 0., 0., 0., 0., 0., 1., 0., 0., 1., 0., 0., 1., 1., 0., 0.,
           0., 0.],
          [1., 1., 0., 1., 0., 1., 1., 0., 1., 1., 0., 1., 0., 0., 1., 0., 0.,
           1., 1.],
          [1., 0., 0., 0., 0., 0., 1., 0., 0., 0., 0., 1., 1., 1., 0., 1., 1.,
           0., 1.],
          [1., 0., 0., 0., 1., 1., 1., 1., 0., 0., 1., 1., 0., 1., 1., 1., 1.,
           1., 0.],
          [0., 1., 0., 0., 1., 1., 0., 0., 1., 1., 1., 0., 0., 0., 0., 0., 1.,
           0., 1.],
          [1., 0., 1., 1., 0., 1., 1., 1., 1., 0., 0., 1., 0., 1., 0., 1., 0.,
           0., 0.],
          [0., 1., 0., 1., 0., 1., 1., 0., 0., 0., 0., 0., 1., 1., 1., 0., 1.,
           1., 0.],
          [1., 1., 0., 0., 1., 1., 0., 1., 1., 0., 1., 1., 1., 0., 0., 0., 1.,
           1., 1.],
          [0., 0., 1., 0., 0., 1., 1., 0., 1., 0., 1., 0., 0., 1., 0., 0., 0.,
           0., 0.],
          [1., 0., 1., 1., 1., 1., 0., 1., 0., 0., 1., 1., 1., 0., 0., 0., 1.,
           1., 0.],
          [1., 0., 0., 1., 0., 1., 1., 0., 1., 1., 1., 1., 1., 1., 1., 1., 0.,
           1., 1.],
          [0., 0., 0., 0., 1., 1., 0., 1., 1., 1., 1., 0., 1., 1., 0., 1., 1.,
           0., 1.],
          [1., 0., 1., 1., 0., 1., 0., 0., 1., 0., 0., 0., 0., 0., 1., 0., 0.,
           1., 0.],
          [1., 1., 0., 0., 1., 0., 0., 0., 0., 1., 0., 0., 1., 0., 0., 0., 1.,
           1., 1.],
          [1., 1., 1., 0., 0., 1., 1., 0., 0., 1., 0., 0., 1., 0., 1., 0., 1.,
           0., 0.],
          [0., 1., 0., 0., 1., 0., 0., 1., 1., 1., 0., 1., 1., 0., 1., 0., 0.,
           1., 1.],
          [1., 0., 0., 0., 1., 1., 0., 1., 1., 0., 1., 0., 0., 0., 1., 1., 0.,
           1., 0.]]]], device='cuda:0'), tensor([[0.7492]], device='cuda:0'))
2026-01-08 17:09:34 - INFO - [ 0.72327197 -0.4191733   0.01215855  0.04712076  0.01215855  0.04712076
  0.99027073 -0.07325973]
2026-01-08 17:09:34 - INFO - (tensor([[[[1., 0., 0., 1., 0., 0., 1., 1., 0., 0., 1., 1., 0., 1., 1., 0., 0.,
           0., 1.],
          [1., 0., 1., 1., 0., 1., 0., 0., 1., 0., 0., 1., 0., 0., 0., 0., 0.,
           1., 0.],
          [0., 1., 0., 0., 0., 0., 0., 1., 0., 0., 1., 0., 0., 1., 1., 0., 0.,
           0., 0.],
          [1., 1., 0., 1., 0., 1., 1., 0., 1., 1., 0., 1., 0., 0., 1., 0., 0.,
           1., 1.],
          [1., 0., 0., 0., 0., 0., 1., 0., 0., 0., 0., 1., 1., 1., 0., 1., 1.,
           0., 1.],
          [1., 0., 0., 0., 1., 1., 1., 1., 0., 0., 1., 1., 0., 1., 1., 1., 1.,
           1., 0.],
          [0., 1., 0., 0., 1., 1., 0., 0., 1., 1., 1., 0., 0., 0., 0., 0., 1.,
           0., 1.],
          [1., 0., 1., 1., 0., 1., 1., 1., 1., 0., 0., 1., 0., 1., 0., 1., 0.,
           0., 0.],
          [0., 1., 0., 1., 0., 1., 1., 0., 0., 0., 0., 0., 1., 1., 1., 0., 1.,
           1., 0.],
          [1., 1., 0., 0., 1., 1., 0., 1., 1., 0., 1., 1., 1., 0., 0., 0., 1.,
           1., 1.],
          [0., 0., 1., 0., 0., 1., 1., 0., 1., 0., 1., 0., 0., 1., 0., 0., 0.,
           0., 0.],
          [1., 0., 1., 1., 1., 1., 0., 1., 0., 0., 1., 1., 1., 0., 0., 0., 1.,
           1., 0.],
          [1., 0., 0., 1., 0., 1., 1., 0., 1., 1., 1., 1., 1., 1., 1., 1., 0.,
           1., 1.],
          [0., 0., 0., 0., 1., 1., 0., 1., 1., 1., 1., 0., 1., 1., 0., 1., 1.,
           0., 1.],
          [1., 0., 1., 1., 0., 1., 0., 0., 1., 0., 0., 0., 0., 0., 1., 0., 0.,
           1., 0.],
          [1., 1., 0., 0., 1., 0., 0., 0., 0., 1., 0., 0., 1., 0., 0., 0., 1.,
           1., 1.],
          [1., 1., 1., 0., 0., 1., 1., 0., 0., 1., 0., 0., 1., 0., 1., 0., 1.,
           0., 0.],
          [0., 1., 0., 0., 1., 0., 0., 1., 1., 1., 0., 1., 1., 0., 1., 0., 0.,
           1., 1.],
          [1., 0., 0., 0., 1., 1., 0., 1., 1., 0., 1., 0., 0., 0., 1., 1., 0.,
           1., 0.]]]], device='cuda:0'), tensor([[0.7525]], device='cuda:0'))
2026-01-08 17:09:34 - INFO - [ 0.7224172  -0.42065284  0.01230138  0.04732308  0.01230138  0.04732307
  0.9901959  -0.0736012 ]
2026-01-08 17:09:34 - INFO - (tensor([[[[1., 0., 0., 1., 0., 0., 1., 1., 0., 0., 1., 1., 0., 1., 1., 0., 0.,
           0., 1.],
          [1., 0., 1., 1., 0., 1., 0., 0., 1., 0., 0., 1., 0., 0., 0., 0., 0.,
           1., 0.],
          [0., 1., 0., 0., 0., 0., 0., 1., 0., 0., 1., 0., 0., 1., 1., 0., 0.,
           0., 0.],
          [1., 1., 0., 1., 0., 1., 1., 0., 1., 1., 0., 1., 0., 0., 1., 0., 0.,
           1., 1.],
          [1., 0., 0., 0., 0., 0., 1., 0., 0., 0., 0., 1., 1., 1., 0., 1., 1.,
           0., 1.],
          [1., 0., 0., 0., 1., 1., 1., 1., 0., 0., 1., 1., 0., 1., 1., 1., 1.,
           1., 0.],
          [0., 1., 0., 0., 1., 1., 0., 0., 1., 1., 1., 0., 0., 0., 0., 0., 1.,
           0., 1.],
          [1., 0., 1., 1., 0., 1., 1., 1., 1., 0., 0., 1., 0., 1., 0., 1., 0.,
           0., 0.],
          [0., 1., 0., 1., 0., 1., 1., 0., 0., 0., 0., 0., 1., 1., 1., 0., 1.,
           1., 0.],
          [1., 1., 0., 0., 1., 1., 0., 1., 1., 0., 1., 1., 1., 0., 0., 0., 1.,
           1., 1.],
          [0., 0., 1., 0., 0., 1., 1., 0., 1., 0., 1., 0., 0., 1., 0., 0., 0.,
           0., 0.],
          [1., 0., 1., 1., 1., 1., 0., 1., 0., 0., 1., 1., 1., 0., 0., 0., 1.,
           1., 0.],
          [1., 0., 0., 1., 0., 1., 1., 0., 1., 1., 1., 1., 1., 1., 1., 1., 0.,
           1., 1.],
          [0., 0., 0., 0., 1., 1., 0., 1., 1., 1., 1., 0., 1., 1., 0., 1., 1.,
           0., 1.],
          [1., 0., 1., 1., 0., 1., 0., 0., 1., 0., 0., 0., 0., 0., 1., 0., 0.,
           1., 0.],
          [1., 1., 0., 0., 1., 0., 0., 0., 0., 1., 0., 0., 1., 0., 0., 0., 1.,
           1., 1.],
          [1., 1., 1., 0., 0., 1., 1., 0., 0., 1., 0., 0., 1., 0., 1., 0., 1.,
           0., 0.],
          [0., 1., 0., 0., 1., 0., 0., 1., 1., 1., 0., 1., 1., 0., 1., 0., 0.,
           1., 1.],
          [1., 0., 0., 0., 1., 1., 0., 1., 1., 0., 1., 0., 0., 0., 1., 1., 0.,
           1., 0.]]]], device='cuda:0'), tensor([[0.7559]], device='cuda:0'))
2026-01-08 17:09:34 - INFO - [ 0.721555   -0.4220658   0.0124338   0.04750472  0.01243381  0.04750472
  0.9901615  -0.07392136]
2026-01-08 17:09:34 - INFO - (tensor([[[[1., 0., 0., 1., 0., 0., 1., 1., 0., 0., 1., 1., 0., 1., 1., 0., 0.,
           0., 1.],
          [1., 0., 1., 1., 0., 1., 0., 0., 1., 0., 0., 1., 0., 0., 0., 0., 0.,
           1., 0.],
          [0., 1., 0., 0., 0., 0., 0., 1., 0., 0., 1., 0., 0., 1., 1., 0., 0.,
           0., 0.],
          [1., 1., 0., 1., 0., 1., 1., 0., 1., 1., 0., 1., 0., 0., 1., 0., 0.,
           1., 1.],
          [1., 0., 0., 0., 0., 0., 1., 0., 0., 0., 0., 1., 1., 1., 0., 1., 1.,
           0., 1.],
          [1., 0., 0., 0., 1., 1., 1., 1., 0., 0., 1., 1., 0., 1., 1., 1., 1.,
           1., 0.],
          [0., 1., 0., 0., 1., 1., 0., 0., 1., 1., 1., 0., 0., 0., 0., 0., 1.,
           0., 1.],
          [1., 0., 1., 1., 0., 1., 1., 1., 1., 0., 0., 1., 0., 1., 0., 1., 0.,
           0., 0.],
          [0., 1., 0., 1., 0., 1., 1., 0., 0., 0., 0., 0., 1., 1., 1., 0., 1.,
           1., 0.],
          [1., 1., 0., 0., 1., 1., 0., 1., 1., 0., 1., 1., 1., 0., 0., 0., 1.,
           1., 1.],
          [0., 0., 1., 0., 0., 1., 1., 0., 1., 0., 1., 0., 0., 1., 0., 0., 0.,
           0., 0.],
          [1., 0., 1., 1., 1., 1., 0., 1., 0., 0., 1., 1., 1., 0., 0., 0., 1.,
           1., 0.],
          [1., 0., 0., 1., 0., 1., 1., 0., 1., 1., 1., 1., 1., 1., 1., 1., 0.,
           1., 1.],
          [0., 0., 0., 0., 1., 1., 0., 1., 1., 1., 1., 0., 1., 1., 0., 1., 1.,
           0., 1.],
          [1., 0., 1., 1., 0., 1., 0., 0., 1., 0., 0., 0., 0., 0., 1., 0., 0.,
           1., 0.],
          [1., 1., 0., 0., 1., 0., 0., 0., 0., 1., 0., 0., 1., 0., 0., 0., 1.,
           1., 1.],
          [1., 1., 1., 0., 0., 1., 1., 0., 0., 1., 0., 0., 1., 0., 1., 0., 1.,
           0., 0.],
          [0., 1., 0., 0., 1., 0., 0., 1., 1., 1., 0., 1., 1., 0., 1., 0., 0.,
           1., 1.],
          [1., 0., 0., 0., 1., 1., 0., 1., 1., 0., 1., 0., 0., 0., 1., 1., 0.,
           1., 0.]]]], device='cuda:0'), tensor([[0.7592]], device='cuda:0'))
2026-01-08 17:09:34 - INFO - [ 0.72066003 -0.4235323   0.01255075  0.04767179  0.01255075  0.04767179
  0.9901364  -0.07424653]
2026-01-08 17:09:34 - INFO - (tensor([[[[1., 0., 0., 1., 0., 0., 1., 1., 0., 0., 1., 1., 0., 1., 1., 0., 0.,
           0., 1.],
          [1., 0., 1., 1., 0., 1., 0., 0., 1., 0., 0., 1., 0., 0., 0., 0., 0.,
           1., 0.],
          [0., 1., 0., 0., 0., 0., 0., 1., 0., 0., 1., 0., 0., 1., 1., 0., 0.,
           0., 0.],
          [1., 1., 0., 1., 0., 1., 1., 0., 1., 1., 0., 1., 0., 0., 1., 0., 0.,
           1., 1.],
          [1., 0., 0., 0., 0., 0., 1., 0., 0., 0., 0., 1., 1., 1., 0., 1., 1.,
           0., 1.],
          [1., 0., 0., 0., 1., 1., 1., 1., 0., 0., 1., 1., 0., 1., 1., 1., 1.,
           1., 0.],
          [0., 1., 0., 0., 1., 1., 0., 0., 1., 1., 1., 0., 0., 0., 0., 0., 1.,
           0., 1.],
          [1., 0., 1., 1., 0., 1., 1., 1., 1., 0., 0., 1., 0., 1., 0., 1., 0.,
           0., 0.],
          [0., 1., 0., 1., 0., 1., 1., 0., 0., 0., 0., 0., 1., 1., 1., 0., 1.,
           1., 0.],
          [1., 1., 0., 0., 1., 1., 0., 1., 1., 0., 1., 1., 1., 0., 0., 0., 1.,
           1., 1.],
          [0., 0., 1., 0., 0., 1., 1., 0., 1., 0., 1., 0., 0., 1., 0., 0., 0.,
           0., 0.],
          [1., 0., 1., 1., 1., 1., 0., 1., 0., 0., 1., 1., 1., 0., 0., 0., 1.,
           1., 0.],
          [1., 0., 0., 1., 0., 1., 1., 0., 1., 1., 1., 1., 1., 1., 1., 1., 0.,
           1., 1.],
          [0., 0., 0., 0., 1., 1., 0., 1., 1., 1., 1., 0., 1., 1., 0., 1., 1.,
           0., 1.],
          [1., 0., 1., 1., 0., 1., 0., 0., 1., 0., 0., 0., 0., 0., 1., 0., 0.,
           1., 0.],
          [1., 1., 0., 0., 1., 0., 0., 0., 0., 1., 0., 0., 1., 0., 0., 0., 1.,
           1., 1.],
          [1., 1., 1., 0., 0., 1., 1., 0., 0., 1., 0., 0., 1., 0., 1., 0., 1.,
           0., 0.],
          [0., 1., 0., 0., 1., 0., 0., 1., 1., 1., 0., 1., 1., 0., 1., 0., 0.,
           1., 1.],
          [1., 0., 0., 0., 1., 1., 0., 1., 1., 0., 1., 0., 0., 0., 1., 1., 0.,
           1., 0.]]]], device='cuda:0'), tensor([[0.7625]], device='cuda:0'))
2026-01-08 17:09:34 - INFO - [ 0.71978    -0.42498118  0.01266587  0.04783487  0.01266586  0.04783486
  0.9901141  -0.0745543 ]
2026-01-08 17:09:34 - INFO - (tensor([[[[1., 0., 0., 1., 0., 0., 1., 1., 0., 0., 1., 1., 0., 1., 1., 0., 0.,
           0., 1.],
          [1., 0., 1., 1., 0., 1., 0., 0., 1., 0., 0., 1., 0., 0., 0., 0., 0.,
           1., 0.],
          [0., 1., 0., 0., 0., 0., 0., 1., 0., 0., 1., 0., 0., 1., 1., 0., 0.,
           0., 0.],
          [1., 1., 0., 1., 0., 1., 1., 0., 1., 1., 0., 1., 0., 0., 1., 0., 0.,
           1., 1.],
          [1., 0., 0., 0., 0., 0., 1., 0., 0., 0., 0., 1., 1., 1., 0., 1., 1.,
           0., 1.],
          [1., 0., 0., 0., 1., 1., 1., 1., 0., 0., 1., 1., 0., 1., 1., 1., 1.,
           1., 0.],
          [0., 1., 0., 0., 1., 1., 0., 0., 1., 1., 1., 0., 0., 0., 0., 0., 1.,
           0., 1.],
          [1., 0., 1., 1., 0., 1., 1., 1., 1., 0., 0., 1., 0., 1., 0., 1., 0.,
           0., 0.],
          [0., 1., 0., 1., 0., 1., 1., 0., 0., 0., 0., 0., 1., 1., 1., 0., 1.,
           1., 0.],
          [1., 1., 0., 0., 1., 1., 0., 1., 1., 0., 1., 1., 1., 0., 0., 0., 1.,
           1., 1.],
          [0., 0., 1., 0., 0., 1., 1., 0., 1., 0., 1., 0., 0., 1., 0., 0., 0.,
           0., 0.],
          [1., 0., 1., 1., 1., 1., 0., 1., 0., 0., 1., 1., 1., 0., 0., 0., 1.,
           1., 0.],
          [1., 0., 0., 1., 0., 1., 1., 0., 1., 1., 1., 1., 1., 1., 1., 1., 0.,
           1., 1.],
          [0., 0., 0., 0., 1., 1., 0., 1., 1., 1., 1., 0., 1., 1., 0., 1., 1.,
           0., 1.],
          [1., 0., 1., 1., 0., 1., 0., 0., 1., 0., 0., 0., 0., 0., 1., 0., 0.,
           1., 0.],
          [1., 1., 0., 0., 1., 0., 0., 0., 0., 1., 0., 0., 1., 0., 0., 0., 1.,
           1., 1.],
          [1., 1., 1., 0., 0., 1., 1., 0., 0., 1., 0., 0., 1., 0., 1., 0., 1.,
           0., 0.],
          [0., 1., 0., 0., 1., 0., 0., 1., 1., 1., 0., 1., 1., 0., 1., 0., 0.,
           1., 1.],
          [1., 0., 0., 0., 1., 1., 0., 1., 1., 0., 1., 0., 0., 0., 1., 1., 0.,
           1., 0.]]]], device='cuda:0'), tensor([[0.7659]], device='cuda:0'))
2026-01-08 17:09:34 - INFO - [ 0.71893454 -0.42636406  0.01277608  0.04799198  0.01277608  0.04799198
  0.9900934  -0.07484854]
2026-01-08 17:09:34 - INFO - (tensor([[[[1., 0., 0., 1., 0., 0., 1., 1., 0., 0., 1., 1., 0., 1., 1., 0., 0.,
           0., 1.],
          [1., 0., 1., 1., 0., 1., 0., 0., 1., 0., 0., 1., 0., 0., 0., 0., 0.,
           1., 0.],
          [0., 1., 0., 0., 0., 0., 0., 1., 0., 0., 1., 0., 0., 1., 1., 0., 0.,
           0., 0.],
          [1., 1., 0., 1., 0., 1., 1., 0., 1., 1., 0., 1., 0., 0., 1., 0., 0.,
           1., 1.],
          [1., 0., 0., 0., 0., 0., 1., 0., 0., 0., 0., 1., 1., 1., 0., 1., 1.,
           0., 1.],
          [1., 0., 0., 0., 1., 1., 1., 1., 0., 0., 1., 1., 0., 1., 1., 1., 1.,
           1., 0.],
          [0., 1., 0., 0., 1., 1., 0., 0., 1., 1., 1., 0., 0., 0., 0., 0., 1.,
           0., 1.],
          [1., 0., 1., 1., 0., 1., 1., 1., 1., 0., 0., 1., 0., 1., 0., 1., 0.,
           0., 0.],
          [0., 1., 0., 1., 0., 1., 1., 0., 0., 0., 0., 0., 1., 1., 1., 0., 1.,
           1., 0.],
          [1., 1., 0., 0., 1., 1., 0., 1., 1., 0., 1., 1., 1., 0., 0., 0., 1.,
           1., 1.],
          [0., 0., 1., 0., 0., 1., 1., 0., 1., 0., 1., 0., 0., 1., 0., 0., 0.,
           0., 0.],
          [1., 0., 1., 1., 1., 1., 0., 1., 0., 0., 1., 1., 1., 0., 0., 0., 1.,
           1., 0.],
          [1., 0., 0., 1., 0., 1., 1., 0., 1., 1., 1., 1., 1., 1., 1., 1., 0.,
           1., 1.],
          [0., 0., 0., 0., 1., 1., 0., 1., 1., 1., 1., 0., 1., 1., 0., 1., 1.,
           0., 1.],
          [1., 0., 1., 1., 0., 1., 0., 0., 1., 0., 0., 0., 0., 0., 1., 0., 0.,
           1., 0.],
          [1., 1., 0., 0., 1., 0., 0., 0., 0., 1., 0., 0., 1., 0., 0., 0., 1.,
           1., 1.],
          [1., 1., 1., 0., 0., 1., 1., 0., 0., 1., 0., 0., 1., 0., 1., 0., 1.,
           0., 0.],
          [0., 1., 0., 0., 1., 0., 0., 1., 1., 1., 0., 1., 1., 0., 1., 0., 0.,
           1., 1.],
          [1., 0., 0., 0., 1., 1., 0., 1., 1., 0., 1., 0., 0., 0., 1., 1., 0.,
           1., 0.]]]], device='cuda:0'), tensor([[0.7692]], device='cuda:0'))
2026-01-08 17:09:34 - INFO - [ 0.7180917  -0.4277383   0.01288736  0.04815046  0.01288737  0.04815045
  0.9900718  -0.07514736]
2026-01-08 17:09:34 - INFO - (tensor([[[[1., 0., 0., 1., 0., 0., 1., 1., 0., 0., 1., 1., 0., 1., 1., 0., 0.,
           0., 1.],
          [1., 0., 1., 1., 0., 1., 0., 0., 1., 0., 0., 1., 0., 0., 0., 0., 0.,
           1., 0.],
          [0., 1., 0., 0., 0., 0., 0., 1., 0., 0., 1., 0., 0., 1., 1., 0., 0.,
           0., 0.],
          [1., 1., 0., 1., 0., 1., 1., 0., 1., 1., 0., 1., 0., 0., 1., 0., 0.,
           1., 1.],
          [1., 0., 0., 0., 0., 0., 1., 0., 0., 0., 0., 1., 1., 1., 0., 1., 1.,
           0., 1.],
          [1., 0., 0., 0., 1., 1., 1., 1., 0., 0., 1., 1., 0., 1., 1., 1., 1.,
           1., 0.],
          [0., 1., 0., 0., 1., 1., 0., 0., 1., 1., 1., 0., 0., 0., 0., 0., 1.,
           0., 1.],
          [1., 0., 1., 1., 0., 1., 1., 1., 1., 0., 0., 1., 0., 1., 0., 1., 0.,
           0., 0.],
          [0., 1., 0., 1., 0., 1., 1., 0., 0., 0., 0., 0., 1., 1., 1., 0., 1.,
           1., 0.],
          [1., 1., 0., 0., 1., 1., 0., 1., 1., 0., 1., 1., 1., 0., 0., 0., 1.,
           1., 1.],
          [0., 0., 1., 0., 0., 1., 1., 0., 1., 0., 1., 0., 0., 1., 0., 0., 0.,
           0., 0.],
          [1., 0., 1., 1., 1., 1., 0., 1., 0., 0., 1., 1., 1., 0., 0., 0., 1.,
           1., 0.],
          [1., 0., 0., 1., 0., 1., 1., 0., 1., 1., 1., 1., 1., 1., 1., 1., 0.,
           1., 1.],
          [0., 0., 0., 0., 1., 1., 0., 1., 1., 1., 1., 0., 1., 1., 0., 1., 1.,
           0., 1.],
          [1., 0., 1., 1., 0., 1., 0., 0., 1., 0., 0., 0., 0., 0., 1., 0., 0.,
           1., 0.],
          [1., 1., 0., 0., 1., 0., 0., 0., 0., 1., 0., 0., 1., 0., 0., 0., 1.,
           1., 1.],
          [1., 1., 1., 0., 0., 1., 1., 0., 0., 1., 0., 0., 1., 0., 1., 0., 1.,
           0., 0.],
          [0., 1., 0., 0., 1., 0., 0., 1., 1., 1., 0., 1., 1., 0., 1., 0., 0.,
           1., 1.],
          [1., 0., 0., 0., 1., 1., 0., 1., 1., 0., 1., 0., 0., 0., 1., 1., 0.,
           1., 0.]]]], device='cuda:0'), tensor([[0.7726]], device='cuda:0'))
2026-01-08 17:09:34 - INFO - [ 0.71725535 -0.42909595  0.01299771  0.04830796  0.01299771  0.04830796
  0.99005204 -0.07544258]
2026-01-08 17:09:34 - INFO - (tensor([[[[1., 0., 0., 1., 0., 0., 1., 1., 0., 0., 1., 1., 0., 1., 1., 0., 0.,
           0., 1.],
          [1., 0., 1., 1., 0., 1., 0., 0., 1., 0., 0., 1., 0., 0., 0., 0., 0.,
           1., 0.],
          [0., 1., 0., 0., 0., 0., 0., 1., 0., 0., 1., 0., 0., 1., 1., 0., 0.,
           0., 0.],
          [1., 1., 0., 1., 0., 1., 1., 0., 1., 1., 0., 1., 0., 0., 1., 0., 0.,
           1., 1.],
          [1., 0., 0., 0., 0., 0., 1., 0., 0., 0., 0., 1., 1., 1., 0., 1., 1.,
           0., 1.],
          [1., 0., 0., 0., 1., 1., 1., 1., 0., 0., 1., 1., 0., 1., 1., 1., 1.,
           1., 0.],
          [0., 1., 0., 0., 1., 1., 0., 0., 1., 1., 1., 0., 0., 0., 0., 0., 1.,
           0., 1.],
          [1., 0., 1., 1., 0., 1., 1., 1., 1., 0., 0., 1., 0., 1., 0., 1., 0.,
           0., 0.],
          [0., 1., 0., 1., 0., 1., 1., 0., 0., 0., 0., 0., 1., 1., 1., 0., 1.,
           1., 0.],
          [1., 1., 0., 0., 1., 1., 0., 1., 1., 0., 1., 1., 1., 0., 0., 0., 1.,
           1., 1.],
          [0., 0., 1., 0., 0., 1., 1., 0., 1., 0., 1., 0., 0., 1., 0., 0., 0.,
           0., 0.],
          [1., 0., 1., 1., 1., 1., 0., 1., 0., 0., 1., 1., 1., 0., 0., 0., 1.,
           1., 0.],
          [1., 0., 0., 1., 0., 1., 1., 0., 1., 1., 1., 1., 1., 1., 1., 1., 0.,
           1., 1.],
          [0., 0., 0., 0., 1., 1., 0., 1., 1., 1., 1., 0., 1., 1., 0., 1., 1.,
           0., 1.],
          [1., 0., 1., 1., 0., 1., 0., 0., 1., 0., 0., 0., 0., 0., 1., 0., 0.,
           1., 0.],
          [1., 1., 0., 0., 1., 0., 0., 0., 0., 1., 0., 0., 1., 0., 0., 0., 1.,
           1., 1.],
          [1., 1., 1., 0., 0., 1., 1., 0., 0., 1., 0., 0., 1., 0., 1., 0., 1.,
           0., 0.],
          [0., 1., 0., 0., 1., 0., 0., 1., 1., 1., 0., 1., 1., 0., 1., 0., 0.,
           1., 1.],
          [1., 0., 0., 0., 1., 1., 0., 1., 1., 0., 1., 0., 0., 0., 1., 1., 0.,
           1., 0.]]]], device='cuda:0'), tensor([[0.7759]], device='cuda:0'))
2026-01-08 17:09:34 - INFO - [ 0.71644425 -0.43040377  0.01310512  0.04846207  0.01310512  0.04846206
  0.990035   -0.07572327]
2026-01-08 17:09:34 - INFO - (tensor([[[[1., 0., 0., 1., 0., 0., 1., 1., 0., 0., 1., 1., 0., 1., 1., 0., 0.,
           0., 1.],
          [1., 0., 1., 1., 0., 1., 0., 0., 1., 0., 0., 1., 0., 0., 0., 0., 0.,
           1., 0.],
          [0., 1., 0., 0., 0., 0., 0., 1., 0., 0., 1., 0., 0., 1., 1., 0., 0.,
           0., 0.],
          [1., 1., 0., 1., 0., 1., 1., 0., 1., 1., 0., 1., 0., 0., 1., 0., 0.,
           1., 1.],
          [1., 0., 0., 0., 0., 0., 1., 0., 0., 0., 0., 1., 1., 1., 0., 1., 1.,
           0., 1.],
          [1., 0., 0., 0., 1., 1., 1., 1., 0., 0., 1., 1., 0., 1., 1., 1., 1.,
           1., 0.],
          [0., 1., 0., 0., 1., 1., 0., 0., 1., 1., 1., 0., 0., 0., 0., 0., 1.,
           0., 1.],
          [1., 0., 1., 1., 0., 1., 1., 1., 1., 0., 0., 1., 0., 1., 0., 1., 0.,
           0., 0.],
          [0., 1., 0., 1., 0., 1., 1., 0., 0., 0., 0., 0., 1., 1., 1., 0., 1.,
           1., 0.],
          [1., 1., 0., 0., 1., 1., 0., 1., 1., 0., 1., 1., 1., 0., 0., 0., 1.,
           1., 1.],
          [0., 0., 1., 0., 0., 1., 1., 0., 1., 0., 1., 0., 0., 1., 0., 0., 0.,
           0., 0.],
          [1., 0., 1., 1., 1., 1., 0., 1., 0., 0., 1., 1., 1., 0., 0., 0., 1.,
           1., 0.],
          [1., 0., 0., 1., 0., 1., 1., 0., 1., 1., 1., 1., 1., 1., 1., 1., 0.,
           1., 1.],
          [0., 0., 0., 0., 1., 1., 0., 1., 1., 1., 1., 0., 1., 1., 0., 1., 1.,
           0., 1.],
          [1., 0., 1., 1., 0., 1., 0., 0., 1., 0., 0., 0., 0., 0., 1., 0., 0.,
           1., 0.],
          [1., 1., 0., 0., 1., 0., 0., 0., 0., 1., 0., 0., 1., 0., 0., 0., 1.,
           1., 1.],
          [1., 1., 1., 0., 0., 1., 1., 0., 0., 1., 0., 0., 1., 0., 1., 0., 1.,
           0., 0.],
          [0., 1., 0., 0., 1., 0., 0., 1., 1., 1., 0., 1., 1., 0., 1., 0., 0.,
           1., 1.],
          [1., 0., 0., 0., 1., 1., 0., 1., 1., 0., 1., 0., 0., 0., 1., 1., 0.,
           1., 0.]]]], device='cuda:0'), tensor([[0.7793]], device='cuda:0'))
2026-01-08 17:09:34 - INFO - [ 0.71564835 -0.43167734  0.01321104  0.04861379  0.01321105  0.04861379
  0.9900174  -0.07599778]
2026-01-08 17:09:34 - INFO - (tensor([[[[1., 0., 0., 1., 0., 0., 1., 1., 0., 0., 1., 1., 0., 1., 1., 0., 0.,
           0., 1.],
          [1., 0., 1., 1., 0., 1., 0., 0., 1., 0., 0., 1., 0., 0., 0., 0., 0.,
           1., 0.],
          [0., 1., 0., 0., 0., 0., 0., 1., 0., 0., 1., 0., 0., 1., 1., 0., 0.,
           0., 0.],
          [1., 1., 0., 1., 0., 1., 1., 0., 1., 1., 0., 1., 0., 0., 1., 0., 0.,
           1., 1.],
          [1., 0., 0., 0., 0., 0., 1., 0., 0., 0., 0., 1., 1., 1., 0., 1., 1.,
           0., 1.],
          [1., 0., 0., 0., 1., 1., 1., 1., 0., 0., 1., 1., 0., 1., 1., 1., 1.,
           1., 0.],
          [0., 1., 0., 0., 1., 1., 0., 0., 1., 1., 1., 0., 0., 0., 0., 0., 1.,
           0., 1.],
          [1., 0., 1., 1., 0., 1., 1., 1., 1., 0., 0., 1., 0., 1., 0., 1., 0.,
           0., 0.],
          [0., 1., 0., 1., 0., 1., 1., 0., 0., 0., 0., 0., 1., 1., 1., 0., 1.,
           1., 0.],
          [1., 1., 0., 0., 1., 1., 0., 1., 1., 0., 1., 1., 1., 0., 0., 0., 1.,
           1., 1.],
          [0., 0., 1., 0., 0., 1., 1., 0., 1., 0., 1., 0., 0., 1., 0., 0., 0.,
           0., 0.],
          [1., 0., 1., 1., 1., 1., 0., 1., 0., 0., 1., 1., 1., 0., 0., 0., 1.,
           1., 0.],
          [1., 0., 0., 1., 0., 1., 1., 0., 1., 1., 1., 1., 1., 1., 1., 1., 0.,
           1., 1.],
          [0., 0., 0., 0., 1., 1., 0., 1., 1., 1., 1., 0., 1., 1., 0., 1., 1.,
           0., 1.],
          [1., 0., 1., 1., 0., 1., 0., 0., 1., 0., 0., 0., 0., 0., 1., 0., 0.,
           1., 0.],
          [1., 1., 0., 0., 1., 0., 0., 0., 0., 1., 0., 0., 1., 0., 0., 0., 1.,
           1., 1.],
          [1., 1., 1., 0., 0., 1., 1., 0., 0., 1., 0., 0., 1., 0., 1., 0., 1.,
           0., 0.],
          [0., 1., 0., 0., 1., 0., 0., 1., 1., 1., 0., 1., 1., 0., 1., 0., 0.,
           1., 1.],
          [1., 0., 0., 0., 1., 1., 0., 1., 1., 0., 1., 0., 0., 0., 1., 1., 0.,
           1., 0.]]]], device='cuda:0'), tensor([[0.7826]], device='cuda:0'))
2026-01-08 17:09:34 - INFO - [ 0.7141471  -0.43409055  0.01343747  0.04892549  0.01343747  0.0489255
  0.9899437  -0.07651559]
2026-01-08 17:09:34 - INFO - (tensor([[[[1., 0., 0., 1., 0., 0., 1., 1., 0., 0., 1., 1., 0., 1., 1., 0., 0.,
           0., 1.],
          [1., 0., 1., 1., 0., 1., 0., 0., 1., 0., 0., 1., 0., 0., 0., 0., 0.,
           1., 0.],
          [0., 1., 0., 0., 0., 0., 0., 1., 0., 0., 1., 0., 0., 1., 1., 0., 0.,
           0., 0.],
          [1., 1., 0., 1., 0., 1., 1., 0., 1., 1., 0., 1., 0., 0., 1., 0., 0.,
           1., 1.],
          [1., 0., 0., 0., 0., 0., 1., 0., 0., 0., 0., 1., 1., 1., 0., 1., 1.,
           0., 1.],
          [1., 0., 0., 0., 1., 1., 1., 1., 0., 0., 1., 1., 0., 1., 1., 1., 1.,
           1., 0.],
          [0., 1., 0., 0., 1., 1., 0., 0., 1., 1., 1., 0., 0., 0., 0., 0., 1.,
           0., 1.],
          [1., 0., 1., 1., 0., 1., 1., 1., 1., 0., 0., 1., 0., 1., 0., 1., 0.,
           0., 0.],
          [0., 1., 0., 1., 0., 1., 1., 0., 0., 0., 0., 0., 1., 1., 1., 0., 1.,
           1., 0.],
          [1., 1., 0., 0., 1., 1., 0., 1., 1., 0., 1., 1., 1., 0., 0., 0., 1.,
           1., 1.],
          [0., 0., 1., 0., 0., 1., 1., 0., 1., 0., 1., 0., 0., 1., 0., 0., 0.,
           0., 0.],
          [1., 0., 1., 1., 1., 1., 0., 1., 0., 0., 1., 1., 1., 0., 0., 0., 1.,
           1., 0.],
          [1., 0., 0., 1., 0., 1., 1., 0., 1., 1., 1., 1., 1., 1., 1., 1., 0.,
           1., 1.],
          [0., 0., 0., 0., 1., 1., 0., 1., 1., 1., 1., 0., 1., 1., 0., 1., 1.,
           0., 1.],
          [1., 0., 1., 1., 0., 1., 0., 0., 1., 0., 0., 0., 0., 0., 1., 0., 0.,
           1., 0.],
          [1., 1., 0., 0., 1., 0., 0., 0., 0., 1., 0., 0., 1., 0., 0., 0., 1.,
           1., 1.],
          [1., 1., 1., 0., 0., 1., 1., 0., 0., 1., 0., 0., 1., 0., 1., 0., 1.,
           0., 0.],
          [0., 1., 0., 0., 1., 0., 0., 1., 1., 1., 0., 1., 1., 0., 1., 0., 0.,
           1., 1.],
          [1., 0., 0., 0., 1., 1., 0., 1., 1., 0., 1., 0., 0., 0., 1., 1., 0.,
           1., 0.]]]], device='cuda:0'), tensor([[0.7860]], device='cuda:0'))
2026-01-08 17:09:34 - INFO - [ 0.7130588  -0.43581966  0.01359995  0.04916884  0.01359995  0.04916885
  0.98988485 -0.07689318]
2026-01-08 17:09:34 - INFO - (tensor([[[[1., 0., 0., 1., 0., 0., 1., 1., 0., 0., 1., 1., 0., 1., 1., 0., 0.,
           0., 1.],
          [1., 0., 1., 1., 0., 1., 0., 0., 1., 0., 0., 1., 0., 0., 0., 0., 0.,
           1., 0.],
          [0., 1., 0., 0., 0., 0., 0., 1., 0., 0., 1., 0., 0., 1., 1., 0., 0.,
           0., 0.],
          [1., 1., 0., 1., 0., 1., 1., 0., 1., 1., 0., 1., 0., 0., 1., 0., 0.,
           1., 1.],
          [1., 0., 0., 0., 0., 0., 1., 0., 0., 0., 0., 1., 1., 1., 0., 1., 1.,
           0., 1.],
          [1., 0., 0., 0., 1., 1., 1., 1., 0., 0., 1., 1., 0., 1., 1., 1., 1.,
           1., 0.],
          [0., 1., 0., 0., 1., 1., 0., 0., 1., 1., 1., 0., 0., 0., 0., 0., 1.,
           0., 1.],
          [1., 0., 1., 1., 0., 1., 1., 1., 1., 0., 0., 1., 0., 1., 0., 1., 0.,
           0., 0.],
          [0., 1., 0., 1., 0., 1., 1., 0., 0., 0., 0., 0., 1., 1., 1., 0., 1.,
           1., 0.],
          [1., 1., 0., 0., 1., 1., 0., 1., 1., 0., 1., 1., 1., 0., 0., 0., 1.,
           1., 1.],
          [0., 0., 1., 0., 0., 1., 1., 0., 1., 0., 1., 0., 0., 1., 0., 0., 0.,
           0., 0.],
          [1., 0., 1., 1., 1., 1., 0., 1., 0., 0., 1., 1., 1., 0., 0., 0., 1.,
           1., 0.],
          [1., 0., 0., 1., 0., 1., 1., 0., 1., 1., 1., 1., 1., 1., 1., 1., 0.,
           1., 1.],
          [0., 0., 0., 0., 1., 1., 0., 1., 1., 1., 1., 0., 1., 1., 0., 1., 1.,
           0., 1.],
          [1., 0., 1., 1., 0., 1., 0., 0., 1., 0., 0., 0., 0., 0., 1., 0., 0.,
           1., 0.],
          [1., 1., 0., 0., 1., 0., 0., 0., 0., 1., 0., 0., 1., 0., 0., 0., 1.,
           1., 1.],
          [1., 1., 1., 0., 0., 1., 1., 0., 0., 1., 0., 0., 1., 0., 1., 0., 1.,
           0., 0.],
          [0., 1., 0., 0., 1., 0., 0., 1., 1., 1., 0., 1., 1., 0., 1., 0., 0.,
           1., 1.],
          [1., 0., 0., 0., 1., 1., 0., 1., 1., 0., 1., 0., 0., 0., 1., 1., 0.,
           1., 0.]]]], device='cuda:0'), tensor([[0.7893]], device='cuda:0'))
2026-01-08 17:09:34 - INFO - [ 0.7118997  -0.4376666   0.01376352  0.0494114   0.01376351  0.04941141
  0.98982763 -0.07729225]
2026-01-08 17:09:34 - INFO - (tensor([[[[1., 0., 0., 1., 0., 0., 1., 1., 0., 0., 1., 1., 0., 1., 1., 0., 0.,
           0., 1.],
          [1., 0., 1., 1., 0., 1., 0., 0., 1., 0., 0., 1., 0., 0., 0., 0., 0.,
           1., 0.],
          [0., 1., 0., 0., 0., 0., 0., 1., 0., 0., 1., 0., 0., 1., 1., 0., 0.,
           0., 0.],
          [1., 1., 0., 1., 0., 1., 1., 0., 1., 1., 0., 1., 0., 0., 1., 0., 0.,
           1., 1.],
          [1., 0., 0., 0., 0., 0., 1., 0., 0., 0., 0., 1., 1., 1., 0., 1., 1.,
           0., 1.],
          [1., 0., 0., 0., 1., 1., 1., 1., 0., 0., 1., 1., 0., 1., 1., 1., 1.,
           1., 0.],
          [0., 1., 0., 0., 1., 1., 0., 0., 1., 1., 1., 0., 0., 0., 0., 0., 1.,
           0., 1.],
          [1., 0., 1., 1., 0., 1., 1., 1., 1., 0., 0., 1., 0., 1., 0., 1., 0.,
           0., 0.],
          [0., 1., 0., 1., 0., 1., 1., 0., 0., 0., 0., 0., 1., 1., 1., 0., 1.,
           1., 0.],
          [1., 1., 0., 0., 1., 1., 0., 1., 1., 0., 1., 1., 1., 0., 0., 0., 1.,
           1., 1.],
          [0., 0., 1., 0., 0., 1., 1., 0., 1., 0., 1., 0., 0., 1., 0., 0., 0.,
           0., 0.],
          [1., 0., 1., 1., 1., 1., 0., 1., 0., 0., 1., 1., 1., 0., 0., 0., 1.,
           1., 0.],
          [1., 0., 0., 1., 0., 1., 1., 0., 1., 1., 1., 1., 1., 1., 1., 1., 0.,
           1., 1.],
          [0., 0., 0., 0., 1., 1., 0., 1., 1., 1., 1., 0., 1., 1., 0., 1., 1.,
           0., 1.],
          [1., 0., 1., 1., 0., 1., 0., 0., 1., 0., 0., 0., 0., 0., 1., 0., 0.,
           1., 0.],
          [1., 1., 0., 0., 1., 0., 0., 0., 0., 1., 0., 0., 1., 0., 0., 0., 1.,
           1., 1.],
          [1., 1., 1., 0., 0., 1., 1., 0., 0., 1., 0., 0., 1., 0., 1., 0., 1.,
           0., 0.],
          [0., 1., 0., 0., 1., 0., 0., 1., 1., 1., 0., 1., 1., 0., 1., 0., 0.,
           1., 1.],
          [1., 0., 0., 0., 1., 1., 0., 1., 1., 0., 1., 0., 0., 0., 1., 1., 0.,
           1., 0.]]]], device='cuda:0'), tensor([[0.7926]], device='cuda:0'))
2026-01-08 17:09:34 - INFO - [ 0.7107867  -0.43949836  0.01389996  0.049618    0.01389996  0.049618
  0.9897896  -0.07770561]
2026-01-08 17:09:34 - INFO - (tensor([[[[1., 0., 0., 1., 0., 0., 1., 1., 0., 0., 1., 1., 0., 1., 1., 0., 0.,
           0., 1.],
          [1., 0., 1., 1., 0., 1., 0., 0., 1., 0., 0., 1., 0., 0., 0., 0., 0.,
           1., 0.],
          [0., 1., 0., 0., 0., 0., 0., 1., 0., 0., 1., 0., 0., 1., 1., 0., 0.,
           0., 0.],
          [1., 1., 0., 1., 0., 1., 1., 0., 1., 1., 0., 1., 0., 0., 1., 0., 0.,
           1., 1.],
          [1., 0., 0., 0., 0., 0., 1., 0., 0., 0., 0., 1., 1., 1., 0., 1., 1.,
           0., 1.],
          [1., 0., 0., 0., 1., 1., 1., 1., 0., 0., 1., 1., 0., 1., 1., 1., 1.,
           1., 0.],
          [0., 1., 0., 0., 1., 1., 0., 0., 1., 1., 1., 0., 0., 0., 0., 0., 1.,
           0., 1.],
          [1., 0., 1., 1., 0., 1., 1., 1., 1., 0., 0., 1., 0., 1., 0., 1., 0.,
           0., 0.],
          [0., 1., 0., 1., 0., 1., 1., 0., 0., 0., 0., 0., 1., 1., 1., 0., 1.,
           1., 0.],
          [1., 1., 0., 0., 1., 1., 0., 1., 1., 0., 1., 1., 1., 0., 0., 0., 1.,
           1., 1.],
          [0., 0., 1., 0., 0., 1., 1., 0., 1., 0., 1., 0., 0., 1., 0., 0., 0.,
           0., 0.],
          [1., 0., 1., 1., 1., 1., 0., 1., 0., 0., 1., 1., 1., 0., 0., 0., 1.,
           1., 0.],
          [1., 0., 0., 1., 0., 1., 1., 0., 1., 1., 1., 1., 1., 1., 1., 1., 0.,
           1., 1.],
          [0., 0., 0., 0., 1., 1., 0., 1., 1., 1., 1., 0., 1., 1., 0., 1., 1.,
           0., 1.],
          [1., 0., 1., 1., 0., 1., 0., 0., 1., 0., 0., 0., 0., 0., 1., 0., 0.,
           1., 0.],
          [1., 1., 0., 0., 1., 0., 0., 0., 0., 1., 0., 0., 1., 0., 0., 0., 1.,
           1., 1.],
          [1., 1., 1., 0., 0., 1., 1., 0., 0., 1., 0., 0., 1., 0., 1., 0., 1.,
           0., 0.],
          [0., 1., 0., 0., 1., 0., 0., 1., 1., 1., 0., 1., 1., 0., 1., 0., 0.,
           1., 1.],
          [1., 0., 0., 0., 1., 1., 0., 1., 1., 0., 1., 0., 0., 0., 1., 1., 0.,
           1., 0.]]]], device='cuda:0'), tensor([[0.7960]], device='cuda:0'))
2026-01-08 17:09:34 - INFO - [ 0.7097119  -0.44125572  0.01403053  0.04981688  0.01403052  0.04981689
  0.9897546  -0.07810136]
2026-01-08 17:09:34 - INFO - (tensor([[[[1., 0., 0., 1., 0., 0., 1., 1., 0., 0., 1., 1., 0., 1., 1., 0., 0.,
           0., 1.],
          [1., 0., 1., 1., 0., 1., 0., 0., 1., 0., 0., 1., 0., 0., 0., 0., 0.,
           1., 0.],
          [0., 1., 0., 0., 0., 0., 0., 1., 0., 0., 1., 0., 0., 1., 1., 0., 0.,
           0., 0.],
          [1., 1., 0., 1., 0., 1., 1., 0., 1., 1., 0., 1., 0., 0., 1., 0., 0.,
           1., 1.],
          [1., 0., 0., 0., 0., 0., 1., 0., 0., 0., 0., 1., 1., 1., 0., 1., 1.,
           0., 1.],
          [1., 0., 0., 0., 1., 1., 1., 1., 0., 0., 1., 1., 0., 1., 1., 1., 1.,
           1., 0.],
          [0., 1., 0., 0., 1., 1., 0., 0., 1., 1., 1., 0., 0., 0., 0., 0., 1.,
           0., 1.],
          [1., 0., 1., 1., 0., 1., 1., 1., 1., 0., 0., 1., 0., 1., 0., 1., 0.,
           0., 0.],
          [0., 1., 0., 1., 0., 1., 1., 0., 0., 0., 0., 0., 1., 1., 1., 0., 1.,
           1., 0.],
          [1., 1., 0., 0., 1., 1., 0., 1., 1., 0., 1., 1., 1., 0., 0., 0., 1.,
           1., 1.],
          [0., 0., 1., 0., 0., 1., 1., 0., 1., 0., 1., 0., 0., 1., 0., 0., 0.,
           0., 0.],
          [1., 0., 1., 1., 1., 1., 0., 1., 0., 0., 1., 1., 1., 0., 0., 0., 1.,
           1., 0.],
          [1., 0., 0., 1., 0., 1., 1., 0., 1., 1., 1., 1., 1., 1., 1., 1., 0.,
           1., 1.],
          [0., 0., 0., 0., 1., 1., 0., 1., 1., 1., 1., 0., 1., 1., 0., 1., 1.,
           0., 1.],
          [1., 0., 1., 1., 0., 1., 0., 0., 1., 0., 0., 0., 0., 0., 1., 0., 0.,
           1., 0.],
          [1., 1., 0., 0., 1., 0., 0., 0., 0., 1., 0., 0., 1., 0., 0., 0., 1.,
           1., 1.],
          [1., 1., 1., 0., 0., 1., 1., 0., 0., 1., 0., 0., 1., 0., 1., 0., 1.,
           0., 0.],
          [0., 1., 0., 0., 1., 0., 0., 1., 1., 1., 0., 1., 1., 0., 1., 0., 0.,
           1., 1.],
          [1., 0., 0., 0., 1., 1., 0., 1., 1., 0., 1., 0., 0., 0., 1., 1., 0.,
           1., 0.]]]], device='cuda:0'), tensor([[0.7993]], device='cuda:0'))
2026-01-08 17:09:34 - INFO - [ 0.70868194 -0.44293654  0.01415439  0.05000541  0.01415438  0.05000541
  0.9897227  -0.07847277]
2026-01-08 17:09:34 - INFO - (tensor([[[[1., 0., 0., 1., 0., 0., 1., 1., 0., 0., 1., 1., 0., 1., 1., 0., 0.,
           0., 1.],
          [1., 0., 1., 1., 0., 1., 0., 0., 1., 0., 0., 1., 0., 0., 0., 0., 0.,
           1., 0.],
          [0., 1., 0., 0., 0., 0., 0., 1., 0., 0., 1., 0., 0., 1., 1., 0., 0.,
           0., 0.],
          [1., 1., 0., 1., 0., 1., 1., 0., 1., 1., 0., 1., 0., 0., 1., 0., 0.,
           1., 1.],
          [1., 0., 0., 0., 0., 0., 1., 0., 0., 0., 0., 1., 1., 1., 0., 1., 1.,
           0., 1.],
          [1., 0., 0., 0., 1., 1., 1., 1., 0., 0., 1., 1., 0., 1., 1., 1., 1.,
           1., 0.],
          [0., 1., 0., 0., 1., 1., 0., 0., 1., 1., 1., 0., 0., 0., 0., 0., 1.,
           0., 1.],
          [1., 0., 1., 1., 0., 1., 1., 1., 1., 0., 0., 1., 0., 1., 0., 1., 0.,
           0., 0.],
          [0., 1., 0., 1., 0., 1., 1., 0., 0., 0., 0., 0., 1., 1., 1., 0., 1.,
           1., 0.],
          [1., 1., 0., 0., 1., 1., 0., 1., 1., 0., 1., 1., 1., 0., 0., 0., 1.,
           1., 1.],
          [0., 0., 1., 0., 0., 1., 1., 0., 1., 0., 1., 0., 0., 1., 0., 0., 0.,
           0., 0.],
          [1., 0., 1., 1., 1., 1., 0., 1., 0., 0., 1., 1., 1., 0., 0., 0., 1.,
           1., 0.],
          [1., 0., 0., 1., 0., 1., 1., 0., 1., 1., 1., 1., 1., 1., 1., 1., 0.,
           1., 1.],
          [0., 0., 0., 0., 1., 1., 0., 1., 1., 1., 1., 0., 1., 1., 0., 1., 1.,
           0., 1.],
          [1., 0., 1., 1., 0., 1., 0., 0., 1., 0., 0., 0., 0., 0., 1., 0., 0.,
           1., 0.],
          [1., 1., 0., 0., 1., 0., 0., 0., 0., 1., 0., 0., 1., 0., 0., 0., 1.,
           1., 1.],
          [1., 1., 1., 0., 0., 1., 1., 0., 0., 1., 0., 0., 1., 0., 1., 0., 1.,
           0., 0.],
          [0., 1., 0., 0., 1., 0., 0., 1., 1., 1., 0., 1., 1., 0., 1., 0., 0.,
           1., 1.],
          [1., 0., 0., 0., 1., 1., 0., 1., 1., 0., 1., 0., 0., 0., 1., 1., 0.,
           1., 0.]]]], device='cuda:0'), tensor([[0.8027]], device='cuda:0'))
2026-01-08 17:09:34 - INFO - [ 0.70773447 -0.44448328  0.0142668   0.05017535  0.01426679  0.05017535
  0.98969525 -0.07880882]
2026-01-08 17:09:34 - INFO - (tensor([[[[1., 0., 0., 1., 0., 0., 1., 1., 0., 0., 1., 1., 0., 1., 1., 0., 0.,
           0., 1.],
          [1., 0., 1., 1., 0., 1., 0., 0., 1., 0., 0., 1., 0., 0., 0., 0., 0.,
           1., 0.],
          [0., 1., 0., 0., 0., 0., 0., 1., 0., 0., 1., 0., 0., 1., 1., 0., 0.,
           0., 0.],
          [1., 1., 0., 1., 0., 1., 1., 0., 1., 1., 0., 1., 0., 0., 1., 0., 0.,
           1., 1.],
          [1., 0., 0., 0., 0., 0., 1., 0., 0., 0., 0., 1., 1., 1., 0., 1., 1.,
           0., 1.],
          [1., 0., 0., 0., 1., 1., 1., 1., 0., 0., 1., 1., 0., 1., 1., 1., 1.,
           1., 0.],
          [0., 1., 0., 0., 1., 1., 0., 0., 1., 1., 1., 0., 0., 0., 0., 0., 1.,
           0., 1.],
          [1., 0., 1., 1., 0., 1., 1., 1., 1., 0., 0., 1., 0., 1., 0., 1., 0.,
           0., 0.],
          [0., 1., 0., 1., 0., 1., 1., 0., 0., 0., 0., 0., 1., 1., 1., 0., 1.,
           1., 0.],
          [1., 1., 0., 0., 1., 1., 0., 1., 1., 0., 1., 1., 1., 0., 0., 0., 1.,
           1., 1.],
          [0., 0., 1., 0., 0., 1., 1., 0., 1., 0., 1., 0., 0., 1., 0., 0., 0.,
           0., 0.],
          [1., 0., 1., 1., 1., 1., 0., 1., 0., 0., 1., 1., 1., 0., 0., 0., 1.,
           1., 0.],
          [1., 0., 0., 1., 0., 1., 1., 0., 1., 1., 1., 1., 1., 1., 1., 1., 0.,
           1., 1.],
          [0., 0., 0., 0., 1., 1., 0., 1., 1., 1., 1., 0., 1., 1., 0., 1., 1.,
           0., 1.],
          [1., 0., 1., 1., 0., 1., 0., 0., 1., 0., 0., 0., 0., 0., 1., 0., 0.,
           1., 0.],
          [1., 1., 0., 0., 1., 0., 0., 0., 0., 1., 0., 0., 1., 0., 0., 0., 1.,
           1., 1.],
          [1., 1., 1., 0., 0., 1., 1., 0., 0., 1., 0., 0., 1., 0., 1., 0., 1.,
           0., 0.],
          [0., 1., 0., 0., 1., 0., 0., 1., 1., 1., 0., 1., 1., 0., 1., 0., 0.,
           1., 1.],
          [1., 0., 0., 0., 1., 1., 0., 1., 1., 0., 1., 0., 0., 0., 1., 1., 0.,
           1., 0.]]]], device='cuda:0'), tensor([[0.8060]], device='cuda:0'))
2026-01-08 17:09:34 - INFO - [ 0.70683545 -0.44595435  0.01437113  0.05033246  0.01437114  0.05033247
  0.9896753  -0.07911906]
2026-01-08 17:09:34 - INFO - (tensor([[[[1., 0., 0., 1., 0., 0., 1., 1., 0., 0., 1., 1., 0., 1., 1., 0., 0.,
           0., 1.],
          [1., 0., 1., 1., 0., 1., 0., 0., 1., 0., 0., 1., 0., 0., 0., 0., 0.,
           1., 0.],
          [0., 1., 0., 0., 0., 0., 0., 1., 0., 0., 1., 0., 0., 1., 1., 0., 0.,
           0., 0.],
          [1., 1., 0., 1., 0., 1., 1., 0., 1., 1., 0., 1., 0., 0., 1., 0., 0.,
           1., 1.],
          [1., 0., 0., 0., 0., 0., 1., 0., 0., 0., 0., 1., 1., 1., 0., 1., 1.,
           0., 1.],
          [1., 0., 0., 0., 1., 1., 1., 1., 0., 0., 1., 1., 0., 1., 1., 1., 1.,
           1., 0.],
          [0., 1., 0., 0., 1., 1., 0., 0., 1., 1., 1., 0., 0., 0., 0., 0., 1.,
           0., 1.],
          [1., 0., 1., 1., 0., 1., 1., 1., 1., 0., 0., 1., 0., 1., 0., 1., 0.,
           0., 0.],
          [0., 1., 0., 1., 0., 1., 1., 0., 0., 0., 0., 0., 1., 1., 1., 0., 1.,
           1., 0.],
          [1., 1., 0., 0., 1., 1., 0., 1., 1., 0., 1., 1., 1., 0., 0., 0., 1.,
           1., 1.],
          [0., 0., 1., 0., 0., 1., 1., 0., 1., 0., 1., 0., 0., 1., 0., 0., 0.,
           0., 0.],
          [1., 0., 1., 1., 1., 1., 0., 1., 0., 0., 1., 1., 1., 0., 0., 0., 1.,
           1., 0.],
          [1., 0., 0., 1., 0., 1., 1., 0., 1., 1., 1., 1., 1., 1., 1., 1., 0.,
           1., 1.],
          [0., 0., 0., 0., 1., 1., 0., 1., 1., 1., 1., 0., 1., 1., 0., 1., 1.,
           0., 1.],
          [1., 0., 1., 1., 0., 1., 0., 0., 1., 0., 0., 0., 0., 0., 1., 0., 0.,
           1., 0.],
          [1., 1., 0., 0., 1., 0., 0., 0., 0., 1., 0., 0., 1., 0., 0., 0., 1.,
           1., 1.],
          [1., 1., 1., 0., 0., 1., 1., 0., 0., 1., 0., 0., 1., 0., 1., 0., 1.,
           0., 0.],
          [0., 1., 0., 0., 1., 0., 0., 1., 1., 1., 0., 1., 1., 0., 1., 0., 0.,
           1., 1.],
          [1., 0., 0., 0., 1., 1., 0., 1., 1., 0., 1., 0., 0., 0., 1., 1., 0.,
           1., 0.]]]], device='cuda:0'), tensor([[0.8094]], device='cuda:0'))
2026-01-08 17:09:34 - INFO - [ 0.7058625  -0.44754547  0.01448548  0.05050064  0.01448549  0.05050065
  0.989653   -0.07945906]
2026-01-08 17:09:34 - INFO - (tensor([[[[1., 0., 0., 1., 0., 0., 1., 1., 0., 0., 1., 1., 0., 1., 1., 0., 0.,
           0., 1.],
          [1., 0., 1., 1., 0., 1., 0., 0., 1., 0., 0., 1., 0., 0., 0., 0., 0.,
           1., 0.],
          [0., 1., 0., 0., 0., 0., 0., 1., 0., 0., 1., 0., 0., 1., 1., 0., 0.,
           0., 0.],
          [1., 1., 0., 1., 0., 1., 1., 0., 1., 1., 0., 1., 0., 0., 1., 0., 0.,
           1., 1.],
          [1., 0., 0., 0., 0., 0., 1., 0., 0., 0., 0., 1., 1., 1., 0., 1., 1.,
           0., 1.],
          [1., 0., 0., 0., 1., 1., 1., 1., 0., 0., 1., 1., 0., 1., 1., 1., 1.,
           1., 0.],
          [0., 1., 0., 0., 1., 1., 0., 0., 1., 1., 1., 0., 0., 0., 0., 0., 1.,
           0., 1.],
          [1., 0., 1., 1., 0., 1., 1., 1., 1., 0., 0., 1., 0., 1., 0., 1., 0.,
           0., 0.],
          [0., 1., 0., 1., 0., 1., 1., 0., 0., 0., 0., 0., 1., 1., 1., 0., 1.,
           1., 0.],
          [1., 1., 0., 0., 1., 1., 0., 1., 1., 0., 1., 1., 1., 0., 0., 0., 1.,
           1., 1.],
          [0., 0., 1., 0., 0., 1., 1., 0., 1., 0., 1., 0., 0., 1., 0., 0., 0.,
           0., 0.],
          [1., 0., 1., 1., 1., 1., 0., 1., 0., 0., 1., 1., 1., 0., 0., 0., 1.,
           1., 0.],
          [1., 0., 0., 1., 0., 1., 1., 0., 1., 1., 1., 1., 1., 1., 1., 1., 0.,
           1., 1.],
          [0., 0., 0., 0., 1., 1., 0., 1., 1., 1., 1., 0., 1., 1., 0., 1., 1.,
           0., 1.],
          [1., 0., 1., 1., 0., 1., 0., 0., 1., 0., 0., 0., 0., 0., 1., 0., 0.,
           1., 0.],
          [1., 1., 0., 0., 1., 0., 0., 0., 0., 1., 0., 0., 1., 0., 0., 0., 1.,
           1., 1.],
          [1., 1., 1., 0., 0., 1., 1., 0., 0., 1., 0., 0., 1., 0., 1., 0., 1.,
           0., 0.],
          [0., 1., 0., 0., 1., 0., 0., 1., 1., 1., 0., 1., 1., 0., 1., 0., 0.,
           1., 1.],
          [1., 0., 0., 0., 1., 1., 0., 1., 1., 0., 1., 0., 0., 0., 1., 1., 0.,
           1., 0.]]]], device='cuda:0'), tensor([[0.8127]], device='cuda:0'))
2026-01-08 17:09:34 - INFO - [ 0.70496094 -0.4490139   0.01458716  0.05065165  0.01458716  0.05065165
  0.98963815 -0.07975952]
2026-01-08 17:09:34 - INFO - (tensor([[[[1., 0., 0., 1., 0., 0., 1., 1., 0., 0., 1., 1., 0., 1., 1., 0., 0.,
           0., 1.],
          [1., 0., 1., 1., 0., 1., 0., 0., 1., 0., 0., 1., 0., 0., 0., 0., 0.,
           1., 0.],
          [0., 1., 0., 0., 0., 0., 0., 1., 0., 0., 1., 0., 0., 1., 1., 0., 0.,
           0., 0.],
          [1., 1., 0., 1., 0., 1., 1., 0., 1., 1., 0., 1., 0., 0., 1., 0., 0.,
           1., 1.],
          [1., 0., 0., 0., 0., 0., 1., 0., 0., 0., 0., 1., 1., 1., 0., 1., 1.,
           0., 1.],
          [1., 0., 0., 0., 1., 1., 1., 1., 0., 0., 1., 1., 0., 1., 1., 1., 1.,
           1., 0.],
          [0., 1., 0., 0., 1., 1., 0., 0., 1., 1., 1., 0., 0., 0., 0., 0., 1.,
           0., 1.],
          [1., 0., 1., 1., 0., 1., 1., 1., 1., 0., 0., 1., 0., 1., 0., 1., 0.,
           0., 0.],
          [0., 1., 0., 1., 0., 1., 1., 0., 0., 0., 0., 0., 1., 1., 1., 0., 1.,
           1., 0.],
          [1., 1., 0., 0., 1., 1., 0., 1., 1., 0., 1., 1., 1., 0., 0., 0., 1.,
           1., 1.],
          [0., 0., 1., 0., 0., 1., 1., 0., 1., 0., 1., 0., 0., 1., 0., 0., 0.,
           0., 0.],
          [1., 0., 1., 1., 1., 1., 0., 1., 0., 0., 1., 1., 1., 0., 0., 0., 1.,
           1., 0.],
          [1., 0., 0., 1., 0., 1., 1., 0., 1., 1., 1., 1., 1., 1., 1., 1., 0.,
           1., 1.],
          [0., 0., 0., 0., 1., 1., 0., 1., 1., 1., 1., 0., 1., 1., 0., 1., 1.,
           0., 1.],
          [1., 0., 1., 1., 0., 1., 0., 0., 1., 0., 0., 0., 0., 0., 1., 0., 0.,
           1., 0.],
          [1., 1., 0., 0., 1., 0., 0., 0., 0., 1., 0., 0., 1., 0., 0., 0., 1.,
           1., 1.],
          [1., 1., 1., 0., 0., 1., 1., 0., 0., 1., 0., 0., 1., 0., 1., 0., 1.,
           0., 0.],
          [0., 1., 0., 0., 1., 0., 0., 1., 1., 1., 0., 1., 1., 0., 1., 0., 0.,
           1., 1.],
          [1., 0., 0., 0., 1., 1., 0., 1., 1., 0., 1., 0., 0., 0., 1., 1., 0.,
           1., 0.]]]], device='cuda:0'), tensor([[0.8161]], device='cuda:0'))
2026-01-08 17:09:34 - INFO - [ 0.70390546 -0.45068645  0.01469719  0.05082213  0.01469717  0.05082212
  0.9896147  -0.08009866]
2026-01-08 17:09:34 - INFO - (tensor([[[[1., 0., 0., 1., 0., 0., 1., 1., 0., 0., 1., 1., 0., 1., 1., 0., 0.,
           0., 1.],
          [1., 0., 1., 1., 0., 1., 0., 0., 1., 0., 0., 1., 0., 0., 0., 0., 0.,
           1., 0.],
          [0., 1., 0., 0., 0., 0., 0., 1., 0., 0., 1., 0., 0., 1., 1., 0., 0.,
           0., 0.],
          [1., 1., 0., 1., 0., 1., 1., 0., 1., 1., 0., 1., 0., 0., 1., 0., 0.,
           1., 1.],
          [1., 0., 0., 0., 0., 0., 1., 0., 0., 0., 0., 1., 1., 1., 0., 1., 1.,
           0., 1.],
          [1., 0., 0., 0., 1., 1., 1., 1., 0., 0., 1., 1., 0., 1., 1., 1., 1.,
           1., 0.],
          [0., 1., 0., 0., 1., 1., 0., 0., 1., 1., 1., 0., 0., 0., 0., 0., 1.,
           0., 1.],
          [1., 0., 1., 1., 0., 1., 1., 1., 1., 0., 0., 1., 0., 1., 0., 1., 0.,
           0., 0.],
          [0., 1., 0., 1., 0., 1., 1., 0., 0., 0., 0., 0., 1., 1., 1., 0., 1.,
           1., 0.],
          [1., 1., 0., 0., 1., 1., 0., 1., 1., 0., 1., 1., 1., 0., 0., 0., 1.,
           1., 1.],
          [0., 0., 1., 0., 0., 1., 1., 0., 1., 0., 1., 0., 0., 1., 0., 0., 0.,
           0., 0.],
          [1., 0., 1., 1., 1., 1., 0., 1., 0., 0., 1., 1., 1., 0., 0., 0., 1.,
           1., 0.],
          [1., 0., 0., 1., 0., 1., 1., 0., 1., 1., 1., 1., 1., 1., 1., 1., 0.,
           1., 1.],
          [0., 0., 0., 0., 1., 1., 0., 1., 1., 1., 1., 0., 1., 1., 0., 1., 1.,
           0., 1.],
          [1., 0., 1., 1., 0., 1., 0., 0., 1., 0., 0., 0., 0., 0., 1., 0., 0.,
           1., 0.],
          [1., 1., 0., 0., 1., 0., 0., 0., 0., 1., 0., 0., 1., 0., 0., 0., 1.,
           1., 1.],
          [1., 1., 1., 0., 0., 1., 1., 0., 0., 1., 0., 0., 1., 0., 1., 0., 1.,
           0., 0.],
          [0., 1., 0., 0., 1., 0., 0., 1., 1., 1., 0., 1., 1., 0., 1., 0., 0.,
           1., 1.],
          [1., 0., 0., 0., 1., 1., 0., 1., 1., 0., 1., 0., 0., 0., 1., 1., 0.,
           1., 0.]]]], device='cuda:0'), tensor([[0.8194]], device='cuda:0'))
2026-01-08 17:09:34 - INFO - [ 0.70275486 -0.45248777  0.01481542  0.05100697  0.01481542  0.05100697
  0.98959196 -0.08048044]
2026-01-08 17:09:34 - INFO - (tensor([[[[1., 0., 0., 1., 0., 0., 1., 1., 0., 0., 1., 1., 0., 1., 1., 0., 0.,
           0., 1.],
          [1., 0., 1., 1., 0., 1., 0., 0., 1., 0., 0., 1., 0., 0., 0., 0., 0.,
           1., 0.],
          [0., 1., 0., 0., 0., 0., 0., 1., 0., 0., 1., 0., 0., 1., 1., 0., 0.,
           0., 0.],
          [1., 1., 0., 1., 0., 1., 1., 0., 1., 1., 0., 1., 0., 0., 1., 0., 0.,
           1., 1.],
          [1., 0., 0., 0., 0., 0., 1., 0., 0., 0., 0., 1., 1., 1., 0., 1., 1.,
           0., 1.],
          [1., 0., 0., 0., 1., 1., 1., 1., 0., 0., 1., 1., 0., 1., 1., 1., 1.,
           1., 0.],
          [0., 1., 0., 0., 1., 1., 0., 0., 1., 1., 1., 0., 0., 0., 0., 0., 1.,
           0., 1.],
          [1., 0., 1., 1., 0., 1., 1., 1., 1., 0., 0., 1., 0., 1., 0., 1., 0.,
           0., 0.],
          [0., 1., 0., 1., 0., 1., 1., 0., 0., 0., 0., 0., 1., 1., 1., 0., 1.,
           1., 0.],
          [1., 1., 0., 0., 1., 1., 0., 1., 1., 0., 1., 1., 1., 0., 0., 0., 1.,
           1., 1.],
          [0., 0., 1., 0., 0., 1., 1., 0., 1., 0., 1., 0., 0., 1., 0., 0., 0.,
           0., 0.],
          [1., 0., 1., 1., 1., 1., 0., 1., 0., 0., 1., 1., 1., 0., 0., 0., 1.,
           1., 0.],
          [1., 0., 0., 1., 0., 1., 1., 0., 1., 1., 1., 1., 1., 1., 1., 1., 0.,
           1., 1.],
          [0., 0., 0., 0., 1., 1., 0., 1., 1., 1., 1., 0., 1., 1., 0., 1., 1.,
           0., 1.],
          [1., 0., 1., 1., 0., 1., 0., 0., 1., 0., 0., 0., 0., 0., 1., 0., 0.,
           1., 0.],
          [1., 1., 0., 0., 1., 0., 0., 0., 0., 1., 0., 0., 1., 0., 0., 0., 1.,
           1., 1.],
          [1., 1., 1., 0., 0., 1., 1., 0., 0., 1., 0., 0., 1., 0., 1., 0., 1.,
           0., 0.],
          [0., 1., 0., 0., 1., 0., 0., 1., 1., 1., 0., 1., 1., 0., 1., 0., 0.,
           1., 1.],
          [1., 0., 0., 0., 1., 1., 0., 1., 1., 0., 1., 0., 0., 0., 1., 1., 0.,
           1., 0.]]]], device='cuda:0'), tensor([[0.8227]], device='cuda:0'))
2026-01-08 17:09:34 - INFO - [ 0.701603   -0.4543094   0.01493912  0.05119393  0.01493912  0.05119393
  0.9895787  -0.0808716 ]
2026-01-08 17:09:34 - INFO - (tensor([[[[1., 0., 0., 1., 0., 0., 1., 1., 0., 0., 1., 1., 0., 1., 1., 0., 0.,
           0., 1.],
          [1., 0., 1., 1., 0., 1., 0., 0., 1., 0., 0., 1., 0., 0., 0., 0., 0.,
           1., 0.],
          [0., 1., 0., 0., 0., 0., 0., 1., 0., 0., 1., 0., 0., 1., 1., 0., 0.,
           0., 0.],
          [1., 1., 0., 1., 0., 1., 1., 0., 1., 1., 0., 1., 0., 0., 1., 0., 0.,
           1., 1.],
          [1., 0., 0., 0., 0., 0., 1., 0., 0., 0., 0., 1., 1., 1., 0., 1., 1.,
           0., 1.],
          [1., 0., 0., 0., 1., 1., 1., 1., 0., 0., 1., 1., 0., 1., 1., 1., 1.,
           1., 0.],
          [0., 1., 0., 0., 1., 1., 0., 0., 1., 1., 1., 0., 0., 0., 0., 0., 1.,
           0., 1.],
          [1., 0., 1., 1., 0., 1., 1., 1., 1., 0., 0., 1., 0., 1., 0., 1., 0.,
           0., 0.],
          [0., 1., 0., 1., 0., 1., 1., 0., 0., 0., 0., 0., 1., 1., 1., 0., 1.,
           1., 0.],
          [1., 1., 0., 0., 1., 1., 0., 1., 1., 0., 1., 1., 1., 0., 0., 0., 1.,
           1., 1.],
          [0., 0., 1., 0., 0., 1., 1., 0., 1., 0., 1., 0., 0., 1., 0., 0., 0.,
           0., 0.],
          [1., 0., 1., 1., 1., 1., 0., 1., 0., 0., 1., 1., 1., 0., 0., 0., 1.,
           1., 0.],
          [1., 0., 0., 1., 0., 1., 1., 0., 1., 1., 1., 1., 1., 1., 1., 1., 0.,
           1., 1.],
          [0., 0., 0., 0., 1., 1., 0., 1., 1., 1., 1., 0., 1., 1., 0., 1., 1.,
           0., 1.],
          [1., 0., 1., 1., 0., 1., 0., 0., 1., 0., 0., 0., 0., 0., 1., 0., 0.,
           1., 0.],
          [1., 1., 0., 0., 1., 0., 0., 0., 0., 1., 0., 0., 1., 0., 0., 0., 1.,
           1., 1.],
          [1., 1., 1., 0., 0., 1., 1., 0., 0., 1., 0., 0., 1., 0., 1., 0., 1.,
           0., 0.],
          [0., 1., 0., 0., 1., 0., 0., 1., 1., 1., 0., 1., 1., 0., 1., 0., 0.,
           1., 1.],
          [1., 0., 0., 0., 1., 1., 0., 1., 1., 0., 1., 0., 0., 0., 1., 1., 0.,
           1., 0.]]]], device='cuda:0'), tensor([[0.8261]], device='cuda:0'))
2026-01-08 17:09:34 - INFO - [ 0.70065415 -0.45571756  0.01503239  0.05134489  0.01503239  0.05134488
  0.98957396 -0.08118796]
2026-01-08 17:09:34 - INFO - (tensor([[[[1., 0., 0., 1., 0., 0., 1., 1., 0., 0., 1., 1., 0., 1., 1., 0., 0.,
           0., 1.],
          [1., 0., 1., 1., 0., 1., 0., 0., 1., 0., 0., 1., 0., 0., 0., 0., 0.,
           1., 0.],
          [0., 1., 0., 0., 0., 0., 0., 1., 0., 0., 1., 0., 0., 1., 1., 0., 0.,
           0., 0.],
          [1., 1., 0., 1., 0., 1., 1., 0., 1., 1., 0., 1., 0., 0., 1., 0., 0.,
           1., 1.],
          [1., 0., 0., 0., 0., 0., 1., 0., 0., 0., 0., 1., 1., 1., 0., 1., 1.,
           0., 1.],
          [1., 0., 0., 0., 1., 1., 1., 1., 0., 0., 1., 1., 0., 1., 1., 1., 1.,
           1., 0.],
          [0., 1., 0., 0., 1., 1., 0., 0., 1., 1., 1., 0., 0., 0., 0., 0., 1.,
           0., 1.],
          [1., 0., 1., 1., 0., 1., 1., 1., 1., 0., 0., 1., 0., 1., 0., 1., 0.,
           0., 0.],
          [0., 1., 0., 1., 0., 1., 1., 0., 0., 0., 0., 0., 1., 1., 1., 0., 1.,
           1., 0.],
          [1., 1., 0., 0., 1., 1., 0., 1., 1., 0., 1., 1., 1., 0., 0., 0., 1.,
           1., 1.],
          [0., 0., 1., 0., 0., 1., 1., 0., 1., 0., 1., 0., 0., 1., 0., 0., 0.,
           0., 0.],
          [1., 0., 1., 1., 1., 1., 0., 1., 0., 0., 1., 1., 1., 0., 0., 0., 1.,
           1., 0.],
          [1., 0., 0., 1., 0., 1., 1., 0., 1., 1., 1., 1., 1., 1., 1., 1., 0.,
           1., 1.],
          [0., 0., 0., 0., 1., 1., 0., 1., 1., 1., 1., 0., 1., 1., 0., 1., 1.,
           0., 1.],
          [1., 0., 1., 1., 0., 1., 0., 0., 1., 0., 0., 0., 0., 0., 1., 0., 0.,
           1., 0.],
          [1., 1., 0., 0., 1., 0., 0., 0., 0., 1., 0., 0., 1., 0., 0., 0., 1.,
           1., 1.],
          [1., 1., 1., 0., 0., 1., 1., 0., 0., 1., 0., 0., 1., 0., 1., 0., 1.,
           0., 0.],
          [0., 1., 0., 0., 1., 0., 0., 1., 1., 1., 0., 1., 1., 0., 1., 0., 0.,
           1., 1.],
          [1., 0., 0., 0., 1., 1., 0., 1., 1., 0., 1., 0., 0., 0., 1., 1., 0.,
           1., 0.]]]], device='cuda:0'), tensor([[0.8294]], device='cuda:0'))
2026-01-08 17:09:34 - INFO - [ 0.6999014  -0.45681632  0.01510704  0.05146499  0.01510704  0.05146499
  0.98956996 -0.08143549]
2026-01-08 17:09:34 - INFO - (tensor([[[[1., 0., 0., 1., 0., 0., 1., 1., 0., 0., 1., 1., 0., 1., 1., 0., 0.,
           0., 1.],
          [1., 0., 1., 1., 0., 1., 0., 0., 1., 0., 0., 1., 0., 0., 0., 0., 0.,
           1., 0.],
          [0., 1., 0., 0., 0., 0., 0., 1., 0., 0., 1., 0., 0., 1., 1., 0., 0.,
           0., 0.],
          [1., 1., 0., 1., 0., 1., 1., 0., 1., 1., 0., 1., 0., 0., 1., 0., 0.,
           1., 1.],
          [1., 0., 0., 0., 0., 0., 1., 0., 0., 0., 0., 1., 1., 1., 0., 1., 1.,
           0., 1.],
          [1., 0., 0., 0., 1., 1., 1., 1., 0., 0., 1., 1., 0., 1., 1., 1., 1.,
           1., 0.],
          [0., 1., 0., 0., 1., 1., 0., 0., 1., 1., 1., 0., 0., 0., 0., 0., 1.,
           0., 1.],
          [1., 0., 1., 1., 0., 1., 1., 1., 1., 0., 0., 1., 0., 1., 0., 1., 0.,
           0., 0.],
          [0., 1., 0., 1., 0., 1., 1., 0., 0., 0., 0., 0., 1., 1., 1., 0., 1.,
           1., 0.],
          [1., 1., 0., 0., 1., 1., 0., 1., 1., 0., 1., 1., 1., 0., 0., 0., 1.,
           1., 1.],
          [0., 0., 1., 0., 0., 1., 1., 0., 1., 0., 1., 0., 0., 1., 0., 0., 0.,
           0., 0.],
          [1., 0., 1., 1., 1., 1., 0., 1., 0., 0., 1., 1., 1., 0., 0., 0., 1.,
           1., 0.],
          [1., 0., 0., 1., 0., 1., 1., 0., 1., 1., 1., 1., 1., 1., 1., 1., 0.,
           1., 1.],
          [0., 0., 0., 0., 1., 1., 0., 1., 1., 1., 1., 0., 1., 1., 0., 1., 1.,
           0., 1.],
          [1., 0., 1., 1., 0., 1., 0., 0., 1., 0., 0., 0., 0., 0., 1., 0., 0.,
           1., 0.],
          [1., 1., 0., 0., 1., 0., 0., 0., 0., 1., 0., 0., 1., 0., 0., 0., 1.,
           1., 1.],
          [1., 1., 1., 0., 0., 1., 1., 0., 0., 1., 0., 0., 1., 0., 1., 0., 1.,
           0., 0.],
          [0., 1., 0., 0., 1., 0., 0., 1., 1., 1., 0., 1., 1., 0., 1., 0., 0.,
           1., 1.],
          [1., 0., 0., 0., 1., 1., 0., 1., 1., 0., 1., 0., 0., 0., 1., 1., 0.,
           1., 0.]]]], device='cuda:0'), tensor([[0.8328]], device='cuda:0'))
2026-01-08 17:09:34 - INFO - [ 0.6991894  -0.45786422  0.01518021  0.05157914  0.0151802   0.05157915
  0.989566   -0.08167011]
2026-01-08 17:09:34 - INFO - (tensor([[[[1., 0., 0., 1., 0., 0., 1., 1., 0., 0., 1., 1., 0., 1., 1., 0., 0.,
           0., 1.],
          [1., 0., 1., 1., 0., 1., 0., 0., 1., 0., 0., 1., 0., 0., 0., 0., 0.,
           1., 0.],
          [0., 1., 0., 0., 0., 0., 0., 1., 0., 0., 1., 0., 0., 1., 1., 0., 0.,
           0., 0.],
          [1., 1., 0., 1., 0., 1., 1., 0., 1., 1., 0., 1., 0., 0., 1., 0., 0.,
           1., 1.],
          [1., 0., 0., 0., 0., 0., 1., 0., 0., 0., 0., 1., 1., 1., 0., 1., 1.,
           0., 1.],
          [1., 0., 0., 0., 1., 1., 1., 1., 0., 0., 1., 1., 0., 1., 1., 1., 1.,
           1., 0.],
          [0., 1., 0., 0., 1., 1., 0., 0., 1., 1., 1., 0., 0., 0., 0., 0., 1.,
           0., 1.],
          [1., 0., 1., 1., 0., 1., 1., 1., 1., 0., 0., 1., 0., 1., 0., 1., 0.,
           0., 0.],
          [0., 1., 0., 1., 0., 1., 1., 0., 0., 0., 0., 0., 1., 1., 1., 0., 1.,
           1., 0.],
          [1., 1., 0., 0., 1., 1., 0., 1., 1., 0., 1., 1., 1., 0., 0., 0., 1.,
           1., 1.],
          [0., 0., 1., 0., 0., 1., 1., 0., 1., 0., 1., 0., 0., 1., 0., 0., 0.,
           0., 0.],
          [1., 0., 1., 1., 1., 1., 0., 1., 0., 0., 1., 1., 1., 0., 0., 0., 1.,
           1., 0.],
          [1., 0., 0., 1., 0., 1., 1., 0., 1., 1., 1., 1., 1., 1., 1., 1., 0.,
           1., 1.],
          [0., 0., 0., 0., 1., 1., 0., 1., 1., 1., 1., 0., 1., 1., 0., 1., 1.,
           0., 1.],
          [1., 0., 1., 1., 0., 1., 0., 0., 1., 0., 0., 0., 0., 0., 1., 0., 0.,
           1., 0.],
          [1., 1., 0., 0., 1., 0., 0., 0., 0., 1., 0., 0., 1., 0., 0., 0., 1.,
           1., 1.],
          [1., 1., 1., 0., 0., 1., 1., 0., 0., 1., 0., 0., 1., 0., 1., 0., 1.,
           0., 0.],
          [0., 1., 0., 0., 1., 0., 0., 1., 1., 1., 0., 1., 1., 0., 1., 0., 0.,
           1., 1.],
          [1., 0., 0., 0., 1., 1., 0., 1., 1., 0., 1., 0., 0., 0., 1., 1., 0.,
           1., 0.]]]], device='cuda:0'), tensor([[0.8361]], device='cuda:0'))
2026-01-08 17:09:34 - INFO - [ 0.6983732  -0.4590594   0.01526459  0.05170824  0.01526459  0.05170824
  0.9895606  -0.08193143]
2026-01-08 17:09:34 - INFO - (tensor([[[[1., 0., 0., 1., 0., 0., 1., 1., 0., 0., 1., 1., 0., 1., 1., 0., 0.,
           0., 1.],
          [1., 0., 1., 1., 0., 1., 0., 0., 1., 0., 0., 1., 0., 0., 0., 0., 0.,
           1., 0.],
          [0., 1., 0., 0., 0., 0., 0., 1., 0., 0., 1., 0., 0., 1., 1., 0., 0.,
           0., 0.],
          [1., 1., 0., 1., 0., 1., 1., 0., 1., 1., 0., 1., 0., 0., 1., 0., 0.,
           1., 1.],
          [1., 0., 0., 0., 0., 0., 1., 0., 0., 0., 0., 1., 1., 1., 0., 1., 1.,
           0., 1.],
          [1., 0., 0., 0., 1., 1., 1., 1., 0., 0., 1., 1., 0., 1., 1., 1., 1.,
           1., 0.],
          [0., 1., 0., 0., 1., 1., 0., 0., 1., 1., 1., 0., 0., 0., 0., 0., 1.,
           0., 1.],
          [1., 0., 1., 1., 0., 1., 1., 1., 1., 0., 0., 1., 0., 1., 0., 1., 0.,
           0., 0.],
          [0., 1., 0., 1., 0., 1., 1., 0., 0., 0., 0., 0., 1., 1., 1., 0., 1.,
           1., 0.],
          [1., 1., 0., 0., 1., 1., 0., 1., 1., 0., 1., 1., 1., 0., 0., 0., 1.,
           1., 1.],
          [0., 0., 1., 0., 0., 1., 1., 0., 1., 0., 1., 0., 0., 1., 0., 0., 0.,
           0., 0.],
          [1., 0., 1., 1., 1., 1., 0., 1., 0., 0., 1., 1., 1., 0., 0., 0., 1.,
           1., 0.],
          [1., 0., 0., 1., 0., 1., 1., 0., 1., 1., 1., 1., 1., 1., 1., 1., 0.,
           1., 1.],
          [0., 0., 0., 0., 1., 1., 0., 1., 1., 1., 1., 0., 1., 1., 0., 1., 1.,
           0., 1.],
          [1., 0., 1., 1., 0., 1., 0., 0., 1., 0., 0., 0., 0., 0., 1., 0., 0.,
           1., 0.],
          [1., 1., 0., 0., 1., 0., 0., 0., 0., 1., 0., 0., 1., 0., 0., 0., 1.,
           1., 1.],
          [1., 1., 1., 0., 0., 1., 1., 0., 0., 1., 0., 0., 1., 0., 1., 0., 1.,
           0., 0.],
          [0., 1., 0., 0., 1., 0., 0., 1., 1., 1., 0., 1., 1., 0., 1., 0., 0.,
           1., 1.],
          [1., 0., 0., 0., 1., 1., 0., 1., 1., 0., 1., 0., 0., 0., 1., 1., 0.,
           1., 0.]]]], device='cuda:0'), tensor([[0.8395]], device='cuda:0'))
2026-01-08 17:09:34 - INFO - [ 0.6973618  -0.46052223  0.0153669   0.05186845  0.0153669   0.05186845
  0.98954713 -0.08224411]
2026-01-08 17:09:34 - INFO - (tensor([[[[1., 0., 0., 1., 0., 0., 1., 1., 0., 0., 1., 1., 0., 1., 1., 0., 0.,
           0., 1.],
          [1., 0., 1., 1., 0., 1., 0., 0., 1., 0., 0., 1., 0., 0., 0., 0., 0.,
           1., 0.],
          [0., 1., 0., 0., 0., 0., 0., 1., 0., 0., 1., 0., 0., 1., 1., 0., 0.,
           0., 0.],
          [1., 1., 0., 1., 0., 1., 1., 0., 1., 1., 0., 1., 0., 0., 1., 0., 0.,
           1., 1.],
          [1., 0., 0., 0., 0., 0., 1., 0., 0., 0., 0., 1., 1., 1., 0., 1., 1.,
           0., 1.],
          [1., 0., 0., 0., 1., 1., 1., 1., 0., 0., 1., 1., 0., 1., 1., 1., 1.,
           1., 0.],
          [0., 1., 0., 0., 1., 1., 0., 0., 1., 1., 1., 0., 0., 0., 0., 0., 1.,
           0., 1.],
          [1., 0., 1., 1., 0., 1., 1., 1., 1., 0., 0., 1., 0., 1., 0., 1., 0.,
           0., 0.],
          [0., 1., 0., 1., 0., 1., 1., 0., 0., 0., 0., 0., 1., 1., 1., 0., 1.,
           1., 0.],
          [1., 1., 0., 0., 1., 1., 0., 1., 1., 0., 1., 1., 1., 0., 0., 0., 1.,
           1., 1.],
          [0., 0., 1., 0., 0., 1., 1., 0., 1., 0., 1., 0., 0., 1., 0., 0., 0.,
           0., 0.],
          [1., 0., 1., 1., 1., 1., 0., 1., 0., 0., 1., 1., 1., 0., 0., 0., 1.,
           1., 0.],
          [1., 0., 0., 1., 0., 1., 1., 0., 1., 1., 1., 1., 1., 1., 1., 1., 0.,
           1., 1.],
          [0., 0., 0., 0., 1., 1., 0., 1., 1., 1., 1., 0., 1., 1., 0., 1., 1.,
           0., 1.],
          [1., 0., 1., 1., 0., 1., 0., 0., 1., 0., 0., 0., 0., 0., 1., 0., 0.,
           1., 0.],
          [1., 1., 0., 0., 1., 0., 0., 0., 0., 1., 0., 0., 1., 0., 0., 0., 1.,
           1., 1.],
          [1., 1., 1., 0., 0., 1., 1., 0., 0., 1., 0., 0., 1., 0., 1., 0., 1.,
           0., 0.],
          [0., 1., 0., 0., 1., 0., 0., 1., 1., 1., 0., 1., 1., 0., 1., 0., 0.,
           1., 1.],
          [1., 0., 0., 0., 1., 1., 0., 1., 1., 0., 1., 0., 0., 0., 1., 1., 0.,
           1., 0.]]]], device='cuda:0'), tensor([[0.8428]], device='cuda:0'))
2026-01-08 17:09:34 - INFO - [ 0.69619477 -0.46219182  0.01547993  0.05205515  0.01547993  0.05205516
  0.98952323 -0.08261371]
2026-01-08 17:09:34 - INFO - (tensor([[[[1., 0., 0., 1., 0., 0., 1., 1., 0., 0., 1., 1., 0., 1., 1., 0., 0.,
           0., 1.],
          [1., 0., 1., 1., 0., 1., 0., 0., 1., 0., 0., 1., 0., 0., 0., 0., 0.,
           1., 0.],
          [0., 1., 0., 0., 0., 0., 0., 1., 0., 0., 1., 0., 0., 1., 1., 0., 0.,
           0., 0.],
          [1., 1., 0., 1., 0., 1., 1., 0., 1., 1., 0., 1., 0., 0., 1., 0., 0.,
           1., 1.],
          [1., 0., 0., 0., 0., 0., 1., 0., 0., 0., 0., 1., 1., 1., 0., 1., 1.,
           0., 1.],
          [1., 0., 0., 0., 1., 1., 1., 1., 0., 0., 1., 1., 0., 1., 1., 1., 1.,
           1., 0.],
          [0., 1., 0., 0., 1., 1., 0., 0., 1., 1., 1., 0., 0., 0., 0., 0., 1.,
           0., 1.],
          [1., 0., 1., 1., 0., 1., 1., 1., 1., 0., 0., 1., 0., 1., 0., 1., 0.,
           0., 0.],
          [0., 1., 0., 1., 0., 1., 1., 0., 0., 0., 0., 0., 1., 1., 1., 0., 1.,
           1., 0.],
          [1., 1., 0., 0., 1., 1., 0., 1., 1., 0., 1., 1., 1., 0., 0., 0., 1.,
           1., 1.],
          [0., 0., 1., 0., 0., 1., 1., 0., 1., 0., 1., 0., 0., 1., 0., 0., 0.,
           0., 0.],
          [1., 0., 1., 1., 1., 1., 0., 1., 0., 0., 1., 1., 1., 0., 0., 0., 1.,
           1., 0.],
          [1., 0., 0., 1., 0., 1., 1., 0., 1., 1., 1., 1., 1., 1., 1., 1., 0.,
           1., 1.],
          [0., 0., 0., 0., 1., 1., 0., 1., 1., 1., 1., 0., 1., 1., 0., 1., 1.,
           0., 1.],
          [1., 0., 1., 1., 0., 1., 0., 0., 1., 0., 0., 0., 0., 0., 1., 0., 0.,
           1., 0.],
          [1., 1., 0., 0., 1., 0., 0., 0., 0., 1., 0., 0., 1., 0., 0., 0., 1.,
           1., 1.],
          [1., 1., 1., 0., 0., 1., 1., 0., 0., 1., 0., 0., 1., 0., 1., 0., 1.,
           0., 0.],
          [0., 1., 0., 0., 1., 0., 0., 1., 1., 1., 0., 1., 1., 0., 1., 0., 0.,
           1., 1.],
          [1., 0., 0., 0., 1., 1., 0., 1., 1., 0., 1., 0., 0., 0., 1., 1., 0.,
           1., 0.]]]], device='cuda:0'), tensor([[0.8462]], device='cuda:0'))
2026-01-08 17:09:34 - INFO - [ 0.6951464  -0.4636901   0.015582    0.05222204  0.01558201  0.05222204
  0.98950094 -0.0829473 ]
2026-01-08 17:09:34 - INFO - (tensor([[[[1., 0., 0., 1., 0., 0., 1., 1., 0., 0., 1., 1., 0., 1., 1., 0., 0.,
           0., 1.],
          [1., 0., 1., 1., 0., 1., 0., 0., 1., 0., 0., 1., 0., 0., 0., 0., 0.,
           1., 0.],
          [0., 1., 0., 0., 0., 0., 0., 1., 0., 0., 1., 0., 0., 1., 1., 0., 0.,
           0., 0.],
          [1., 1., 0., 1., 0., 1., 1., 0., 1., 1., 0., 1., 0., 0., 1., 0., 0.,
           1., 1.],
          [1., 0., 0., 0., 0., 0., 1., 0., 0., 0., 0., 1., 1., 1., 0., 1., 1.,
           0., 1.],
          [1., 0., 0., 0., 1., 1., 1., 1., 0., 0., 1., 1., 0., 1., 1., 1., 1.,
           1., 0.],
          [0., 1., 0., 0., 1., 1., 0., 0., 1., 1., 1., 0., 0., 0., 0., 0., 1.,
           0., 1.],
          [1., 0., 1., 1., 0., 1., 1., 1., 1., 0., 0., 1., 0., 1., 0., 1., 0.,
           0., 0.],
          [0., 1., 0., 1., 0., 1., 1., 0., 0., 0., 0., 0., 1., 1., 1., 0., 1.,
           1., 0.],
          [1., 1., 0., 0., 1., 1., 0., 1., 1., 0., 1., 1., 1., 0., 0., 0., 1.,
           1., 1.],
          [0., 0., 1., 0., 0., 1., 1., 0., 1., 0., 1., 0., 0., 1., 0., 0., 0.,
           0., 0.],
          [1., 0., 1., 1., 1., 1., 0., 1., 0., 0., 1., 1., 1., 0., 0., 0., 1.,
           1., 0.],
          [1., 0., 0., 1., 0., 1., 1., 0., 1., 1., 1., 1., 1., 1., 1., 1., 0.,
           1., 1.],
          [0., 0., 0., 0., 1., 1., 0., 1., 1., 1., 1., 0., 1., 1., 0., 1., 1.,
           0., 1.],
          [1., 0., 1., 1., 0., 1., 0., 0., 1., 0., 0., 0., 0., 0., 1., 0., 0.,
           1., 0.],
          [1., 1., 0., 0., 1., 0., 0., 0., 0., 1., 0., 0., 1., 0., 0., 0., 1.,
           1., 1.],
          [1., 1., 1., 0., 0., 1., 1., 0., 0., 1., 0., 0., 1., 0., 1., 0., 1.,
           0., 0.],
          [0., 1., 0., 0., 1., 0., 0., 1., 1., 1., 0., 1., 1., 0., 1., 0., 0.,
           1., 1.],
          [1., 0., 0., 0., 1., 1., 0., 1., 1., 0., 1., 0., 0., 0., 1., 1., 0.,
           1., 0.]]]], device='cuda:0'), tensor([[0.8495]], device='cuda:0'))
2026-01-08 17:09:34 - INFO - [ 0.69424987 -0.46497288  0.0156726   0.05236672  0.0156726   0.05236672
  0.9894799  -0.08324543]
2026-01-08 17:09:34 - INFO - (tensor([[[[1., 0., 0., 1., 0., 0., 1., 1., 0., 0., 1., 1., 0., 1., 1., 0., 0.,
           0., 1.],
          [1., 0., 1., 1., 0., 1., 0., 0., 1., 0., 0., 1., 0., 0., 0., 0., 0.,
           1., 0.],
          [0., 1., 0., 0., 0., 0., 0., 1., 0., 0., 1., 0., 0., 1., 1., 0., 0.,
           0., 0.],
          [1., 1., 0., 1., 0., 1., 1., 0., 1., 1., 0., 1., 0., 0., 1., 0., 0.,
           1., 1.],
          [1., 0., 0., 0., 0., 0., 1., 0., 0., 0., 0., 1., 1., 1., 0., 1., 1.,
           0., 1.],
          [1., 0., 0., 0., 1., 1., 1., 1., 0., 0., 1., 1., 0., 1., 1., 1., 1.,
           1., 0.],
          [0., 1., 0., 0., 1., 1., 0., 0., 1., 1., 1., 0., 0., 0., 0., 0., 1.,
           0., 1.],
          [1., 0., 1., 1., 0., 1., 1., 1., 1., 0., 0., 1., 0., 1., 0., 1., 0.,
           0., 0.],
          [0., 1., 0., 1., 0., 1., 1., 0., 0., 0., 0., 0., 1., 1., 1., 0., 1.,
           1., 0.],
          [1., 1., 0., 0., 1., 1., 0., 1., 1., 0., 1., 1., 1., 0., 0., 0., 1.,
           1., 1.],
          [0., 0., 1., 0., 0., 1., 1., 0., 1., 0., 1., 0., 0., 1., 0., 0., 0.,
           0., 0.],
          [1., 0., 1., 1., 1., 1., 0., 1., 0., 0., 1., 1., 1., 0., 0., 0., 1.,
           1., 0.],
          [1., 0., 0., 1., 0., 1., 1., 0., 1., 1., 1., 1., 1., 1., 1., 1., 0.,
           1., 1.],
          [0., 0., 0., 0., 1., 1., 0., 1., 1., 1., 1., 0., 1., 1., 0., 1., 1.,
           0., 1.],
          [1., 0., 1., 1., 0., 1., 0., 0., 1., 0., 0., 0., 0., 0., 1., 0., 0.,
           1., 0.],
          [1., 1., 0., 0., 1., 0., 0., 0., 0., 1., 0., 0., 1., 0., 0., 0., 1.,
           1., 1.],
          [1., 1., 1., 0., 0., 1., 1., 0., 0., 1., 0., 0., 1., 0., 1., 0., 1.,
           0., 0.],
          [0., 1., 0., 0., 1., 0., 0., 1., 1., 1., 0., 1., 1., 0., 1., 0., 0.,
           1., 1.],
          [1., 0., 0., 0., 1., 1., 0., 1., 1., 0., 1., 0., 0., 0., 1., 1., 0.,
           1., 0.]]]], device='cuda:0'), tensor([[0.8528]], device='cuda:0'))
2026-01-08 17:09:34 - INFO - [ 0.6933833  -0.46620896  0.01575954  0.05250395  0.01575954  0.05250397
  0.9894619  -0.08352174]
2026-01-08 17:09:34 - INFO - (tensor([[[[1., 0., 0., 1., 0., 0., 1., 1., 0., 0., 1., 1., 0., 1., 1., 0., 0.,
           0., 1.],
          [1., 0., 1., 1., 0., 1., 0., 0., 1., 0., 0., 1., 0., 0., 0., 0., 0.,
           1., 0.],
          [0., 1., 0., 0., 0., 0., 0., 1., 0., 0., 1., 0., 0., 1., 1., 0., 0.,
           0., 0.],
          [1., 1., 0., 1., 0., 1., 1., 0., 1., 1., 0., 1., 0., 0., 1., 0., 0.,
           1., 1.],
          [1., 0., 0., 0., 0., 0., 1., 0., 0., 0., 0., 1., 1., 1., 0., 1., 1.,
           0., 1.],
          [1., 0., 0., 0., 1., 1., 1., 1., 0., 0., 1., 1., 0., 1., 1., 1., 1.,
           1., 0.],
          [0., 1., 0., 0., 1., 1., 0., 0., 1., 1., 1., 0., 0., 0., 0., 0., 1.,
           0., 1.],
          [1., 0., 1., 1., 0., 1., 1., 1., 1., 0., 0., 1., 0., 1., 0., 1., 0.,
           0., 0.],
          [0., 1., 0., 1., 0., 1., 1., 0., 0., 0., 0., 0., 1., 1., 1., 0., 1.,
           1., 0.],
          [1., 1., 0., 0., 1., 1., 0., 1., 1., 0., 1., 1., 1., 0., 0., 0., 1.,
           1., 1.],
          [0., 0., 1., 0., 0., 1., 1., 0., 1., 0., 1., 0., 0., 1., 0., 0., 0.,
           0., 0.],
          [1., 0., 1., 1., 1., 1., 0., 1., 0., 0., 1., 1., 1., 0., 0., 0., 1.,
           1., 0.],
          [1., 0., 0., 1., 0., 1., 1., 0., 1., 1., 1., 1., 1., 1., 1., 1., 0.,
           1., 1.],
          [0., 0., 0., 0., 1., 1., 0., 1., 1., 1., 1., 0., 1., 1., 0., 1., 1.,
           0., 1.],
          [1., 0., 1., 1., 0., 1., 0., 0., 1., 0., 0., 0., 0., 0., 1., 0., 0.,
           1., 0.],
          [1., 1., 0., 0., 1., 0., 0., 0., 0., 1., 0., 0., 1., 0., 0., 0., 1.,
           1., 1.],
          [1., 1., 1., 0., 0., 1., 1., 0., 0., 1., 0., 0., 1., 0., 1., 0., 1.,
           0., 0.],
          [0., 1., 0., 0., 1., 0., 0., 1., 1., 1., 0., 1., 1., 0., 1., 0., 0.,
           1., 1.],
          [1., 0., 0., 0., 1., 1., 0., 1., 1., 0., 1., 0., 0., 0., 1., 1., 0.,
           1., 0.]]]], device='cuda:0'), tensor([[0.8562]], device='cuda:0'))
2026-01-08 17:09:34 - INFO - [ 0.6924972  -0.46747643  0.0158504   0.0526445   0.0158504   0.05264449
  0.9894401  -0.08380578]
2026-01-08 17:09:34 - INFO - (tensor([[[[1., 0., 0., 1., 0., 0., 1., 1., 0., 0., 1., 1., 0., 1., 1., 0., 0.,
           0., 1.],
          [1., 0., 1., 1., 0., 1., 0., 0., 1., 0., 0., 1., 0., 0., 0., 0., 0.,
           1., 0.],
          [0., 1., 0., 0., 0., 0., 0., 1., 0., 0., 1., 0., 0., 1., 1., 0., 0.,
           0., 0.],
          [1., 1., 0., 1., 0., 1., 1., 0., 1., 1., 0., 1., 0., 0., 1., 0., 0.,
           1., 1.],
          [1., 0., 0., 0., 0., 0., 1., 0., 0., 0., 0., 1., 1., 1., 0., 1., 1.,
           0., 1.],
          [1., 0., 0., 0., 1., 1., 1., 1., 0., 0., 1., 1., 0., 1., 1., 1., 1.,
           1., 0.],
          [0., 1., 0., 0., 1., 1., 0., 0., 1., 1., 1., 0., 0., 0., 0., 0., 1.,
           0., 1.],
          [1., 0., 1., 1., 0., 1., 1., 1., 1., 0., 0., 1., 0., 1., 0., 1., 0.,
           0., 0.],
          [0., 1., 0., 1., 0., 1., 1., 0., 0., 0., 0., 0., 1., 1., 1., 0., 1.,
           1., 0.],
          [1., 1., 0., 0., 1., 1., 0., 1., 1., 0., 1., 1., 1., 0., 0., 0., 1.,
           1., 1.],
          [0., 0., 1., 0., 0., 1., 1., 0., 1., 0., 1., 0., 0., 1., 0., 0., 0.,
           0., 0.],
          [1., 0., 1., 1., 1., 1., 0., 1., 0., 0., 1., 1., 1., 0., 0., 0., 1.,
           1., 0.],
          [1., 0., 0., 1., 0., 1., 1., 0., 1., 1., 1., 1., 1., 1., 1., 1., 0.,
           1., 1.],
          [0., 0., 0., 0., 1., 1., 0., 1., 1., 1., 1., 0., 1., 1., 0., 1., 1.,
           0., 1.],
          [1., 0., 1., 1., 0., 1., 0., 0., 1., 0., 0., 0., 0., 0., 1., 0., 0.,
           1., 0.],
          [1., 1., 0., 0., 1., 0., 0., 0., 0., 1., 0., 0., 1., 0., 0., 0., 1.,
           1., 1.],
          [1., 1., 1., 0., 0., 1., 1., 0., 0., 1., 0., 0., 1., 0., 1., 0., 1.,
           0., 0.],
          [0., 1., 0., 0., 1., 0., 0., 1., 1., 1., 0., 1., 1., 0., 1., 0., 0.,
           1., 1.],
          [1., 0., 0., 0., 1., 1., 0., 1., 1., 0., 1., 0., 0., 0., 1., 1., 0.,
           1., 0.]]]], device='cuda:0'), tensor([[0.8595]], device='cuda:0'))
2026-01-08 17:09:34 - INFO - [ 0.6915006  -0.46890786  0.01595853  0.05281142  0.01595853  0.05281142
  0.9894105  -0.08412603]
2026-01-08 17:09:34 - INFO - (tensor([[[[1., 0., 0., 1., 0., 0., 1., 1., 0., 0., 1., 1., 0., 1., 1., 0., 0.,
           0., 1.],
          [1., 0., 1., 1., 0., 1., 0., 0., 1., 0., 0., 1., 0., 0., 0., 0., 0.,
           1., 0.],
          [0., 1., 0., 0., 0., 0., 0., 1., 0., 0., 1., 0., 0., 1., 1., 0., 0.,
           0., 0.],
          [1., 1., 0., 1., 0., 1., 1., 0., 1., 1., 0., 1., 0., 0., 1., 0., 0.,
           1., 1.],
          [1., 0., 0., 0., 0., 0., 1., 0., 0., 0., 0., 1., 1., 1., 0., 1., 1.,
           0., 1.],
          [1., 0., 0., 0., 1., 1., 1., 1., 0., 0., 1., 1., 0., 1., 1., 1., 1.,
           1., 0.],
          [0., 1., 0., 0., 1., 1., 0., 0., 1., 1., 1., 0., 0., 0., 0., 0., 1.,
           0., 1.],
          [1., 0., 1., 1., 0., 1., 1., 1., 1., 0., 0., 1., 0., 1., 0., 1., 0.,
           0., 0.],
          [0., 1., 0., 1., 0., 1., 1., 0., 0., 0., 0., 0., 1., 1., 1., 0., 1.,
           1., 0.],
          [1., 1., 0., 0., 1., 1., 0., 1., 1., 0., 1., 1., 1., 0., 0., 0., 1.,
           1., 1.],
          [0., 0., 1., 0., 0., 1., 1., 0., 1., 0., 1., 0., 0., 1., 0., 0., 0.,
           0., 0.],
          [1., 0., 1., 1., 1., 1., 0., 1., 0., 0., 1., 1., 1., 0., 0., 0., 1.,
           1., 0.],
          [1., 0., 0., 1., 0., 1., 1., 0., 1., 1., 1., 1., 1., 1., 1., 1., 0.,
           1., 1.],
          [0., 0., 0., 0., 1., 1., 0., 1., 1., 1., 1., 0., 1., 1., 0., 1., 1.,
           0., 1.],
          [1., 0., 1., 1., 0., 1., 0., 0., 1., 0., 0., 0., 0., 0., 1., 0., 0.,
           1., 0.],
          [1., 1., 0., 0., 1., 0., 0., 0., 0., 1., 0., 0., 1., 0., 0., 0., 1.,
           1., 1.],
          [1., 1., 1., 0., 0., 1., 1., 0., 0., 1., 0., 0., 1., 0., 1., 0., 1.,
           0., 0.],
          [0., 1., 0., 0., 1., 0., 0., 1., 1., 1., 0., 1., 1., 0., 1., 0., 0.,
           1., 1.],
          [1., 0., 0., 0., 1., 1., 0., 1., 1., 0., 1., 0., 0., 0., 1., 1., 0.,
           1., 0.]]]], device='cuda:0'), tensor([[0.8629]], device='cuda:0'))
2026-01-08 17:09:34 - INFO - [ 0.69046855 -0.47037733  0.01606966  0.05298431  0.01606966  0.0529843
  0.98938257 -0.08444422]
2026-01-08 17:09:34 - INFO - (tensor([[[[1., 0., 0., 1., 0., 0., 1., 1., 0., 0., 1., 1., 0., 1., 1., 0., 0.,
           0., 1.],
          [1., 0., 1., 1., 0., 1., 0., 0., 1., 0., 0., 1., 0., 0., 0., 0., 0.,
           1., 0.],
          [0., 1., 0., 0., 0., 0., 0., 1., 0., 0., 1., 0., 0., 1., 1., 0., 0.,
           0., 0.],
          [1., 1., 0., 1., 0., 1., 1., 0., 1., 1., 0., 1., 0., 0., 1., 0., 0.,
           1., 1.],
          [1., 0., 0., 0., 0., 0., 1., 0., 0., 0., 0., 1., 1., 1., 0., 1., 1.,
           0., 1.],
          [1., 0., 0., 0., 1., 1., 1., 1., 0., 0., 1., 1., 0., 1., 1., 1., 1.,
           1., 0.],
          [0., 1., 0., 0., 1., 1., 0., 0., 1., 1., 1., 0., 0., 0., 0., 0., 1.,
           0., 1.],
          [1., 0., 1., 1., 0., 1., 1., 1., 1., 0., 0., 1., 0., 1., 0., 1., 0.,
           0., 0.],
          [0., 1., 0., 1., 0., 1., 1., 0., 0., 0., 0., 0., 1., 1., 1., 0., 1.,
           1., 0.],
          [1., 1., 0., 0., 1., 1., 0., 1., 1., 0., 1., 1., 1., 0., 0., 0., 1.,
           1., 1.],
          [0., 0., 1., 0., 0., 1., 1., 0., 1., 0., 1., 0., 0., 1., 0., 0., 0.,
           0., 0.],
          [1., 0., 1., 1., 1., 1., 0., 1., 0., 0., 1., 1., 1., 0., 0., 0., 1.,
           1., 0.],
          [1., 0., 0., 1., 0., 1., 1., 0., 1., 1., 1., 1., 1., 1., 1., 1., 0.,
           1., 1.],
          [0., 0., 0., 0., 1., 1., 0., 1., 1., 1., 1., 0., 1., 1., 0., 1., 1.,
           0., 1.],
          [1., 0., 1., 1., 0., 1., 0., 0., 1., 0., 0., 0., 0., 0., 1., 0., 0.,
           1., 0.],
          [1., 1., 0., 0., 1., 0., 0., 0., 0., 1., 0., 0., 1., 0., 0., 0., 1.,
           1., 1.],
          [1., 1., 1., 0., 0., 1., 1., 0., 0., 1., 0., 0., 1., 0., 1., 0., 1.,
           0., 0.],
          [0., 1., 0., 0., 1., 0., 0., 1., 1., 1., 0., 1., 1., 0., 1., 0., 0.,
           1., 1.],
          [1., 0., 0., 0., 1., 1., 0., 1., 1., 0., 1., 0., 0., 0., 1., 1., 0.,
           1., 0.]]]], device='cuda:0'), tensor([[0.8662]], device='cuda:0'))
2026-01-08 17:09:34 - INFO - [ 0.68934447 -0.47196904  0.01619103  0.0531734   0.01619102  0.05317339
  0.9893514  -0.08479475]
2026-01-08 17:09:34 - INFO - (tensor([[[[1., 0., 0., 1., 0., 0., 1., 1., 0., 0., 1., 1., 0., 1., 1., 0., 0.,
           0., 1.],
          [1., 0., 1., 1., 0., 1., 0., 0., 1., 0., 0., 1., 0., 0., 0., 0., 0.,
           1., 0.],
          [0., 1., 0., 0., 0., 0., 0., 1., 0., 0., 1., 0., 0., 1., 1., 0., 0.,
           0., 0.],
          [1., 1., 0., 1., 0., 1., 1., 0., 1., 1., 0., 1., 0., 0., 1., 0., 0.,
           1., 1.],
          [1., 0., 0., 0., 0., 0., 1., 0., 0., 0., 0., 1., 1., 1., 0., 1., 1.,
           0., 1.],
          [1., 0., 0., 0., 1., 1., 1., 1., 0., 0., 1., 1., 0., 1., 1., 1., 1.,
           1., 0.],
          [0., 1., 0., 0., 1., 1., 0., 0., 1., 1., 1., 0., 0., 0., 0., 0., 1.,
           0., 1.],
          [1., 0., 1., 1., 0., 1., 1., 1., 1., 0., 0., 1., 0., 1., 0., 1., 0.,
           0., 0.],
          [0., 1., 0., 1., 0., 1., 1., 0., 0., 0., 0., 0., 1., 1., 1., 0., 1.,
           1., 0.],
          [1., 1., 0., 0., 1., 1., 0., 1., 1., 0., 1., 1., 1., 0., 0., 0., 1.,
           1., 1.],
          [0., 0., 1., 0., 0., 1., 1., 0., 1., 0., 1., 0., 0., 1., 0., 0., 0.,
           0., 0.],
          [1., 0., 1., 1., 1., 1., 0., 1., 0., 0., 1., 1., 1., 0., 0., 0., 1.,
           1., 0.],
          [1., 0., 0., 1., 0., 1., 1., 0., 1., 1., 1., 1., 1., 1., 1., 1., 0.,
           1., 1.],
          [0., 0., 0., 0., 1., 1., 0., 1., 1., 1., 1., 0., 1., 1., 0., 1., 1.,
           0., 1.],
          [1., 0., 1., 1., 0., 1., 0., 0., 1., 0., 0., 0., 0., 0., 1., 0., 0.,
           1., 0.],
          [1., 1., 0., 0., 1., 0., 0., 0., 0., 1., 0., 0., 1., 0., 0., 0., 1.,
           1., 1.],
          [1., 1., 1., 0., 0., 1., 1., 0., 0., 1., 0., 0., 1., 0., 1., 0., 1.,
           0., 0.],
          [0., 1., 0., 0., 1., 0., 0., 1., 1., 1., 0., 1., 1., 0., 1., 0., 0.,
           1., 1.],
          [1., 0., 0., 0., 1., 1., 0., 1., 1., 0., 1., 0., 0., 0., 1., 1., 0.,
           1., 0.]]]], device='cuda:0'), tensor([[0.8696]], device='cuda:0'))
2026-01-08 17:09:34 - INFO - [ 0.688179   -0.4736025   0.01631322  0.05336166  0.01631322  0.05336167
  0.98932457 -0.0851456 ]
2026-01-08 17:09:34 - INFO - (tensor([[[[1., 0., 0., 1., 0., 0., 1., 1., 0., 0., 1., 1., 0., 1., 1., 0., 0.,
           0., 1.],
          [1., 0., 1., 1., 0., 1., 0., 0., 1., 0., 0., 1., 0., 0., 0., 0., 0.,
           1., 0.],
          [0., 1., 0., 0., 0., 0., 0., 1., 0., 0., 1., 0., 0., 1., 1., 0., 0.,
           0., 0.],
          [1., 1., 0., 1., 0., 1., 1., 0., 1., 1., 0., 1., 0., 0., 1., 0., 0.,
           1., 1.],
          [1., 0., 0., 0., 0., 0., 1., 0., 0., 0., 0., 1., 1., 1., 0., 1., 1.,
           0., 1.],
          [1., 0., 0., 0., 1., 1., 1., 1., 0., 0., 1., 1., 0., 1., 1., 1., 1.,
           1., 0.],
          [0., 1., 0., 0., 1., 1., 0., 0., 1., 1., 1., 0., 0., 0., 0., 0., 1.,
           0., 1.],
          [1., 0., 1., 1., 0., 1., 1., 1., 1., 0., 0., 1., 0., 1., 0., 1., 0.,
           0., 0.],
          [0., 1., 0., 1., 0., 1., 1., 0., 0., 0., 0., 0., 1., 1., 1., 0., 1.,
           1., 0.],
          [1., 1., 0., 0., 1., 1., 0., 1., 1., 0., 1., 1., 1., 0., 0., 0., 1.,
           1., 1.],
          [0., 0., 1., 0., 0., 1., 1., 0., 1., 0., 1., 0., 0., 1., 0., 0., 0.,
           0., 0.],
          [1., 0., 1., 1., 1., 1., 0., 1., 0., 0., 1., 1., 1., 0., 0., 0., 1.,
           1., 0.],
          [1., 0., 0., 1., 0., 1., 1., 0., 1., 1., 1., 1., 1., 1., 1., 1., 0.,
           1., 1.],
          [0., 0., 0., 0., 1., 1., 0., 1., 1., 1., 1., 0., 1., 1., 0., 1., 1.,
           0., 1.],
          [1., 0., 1., 1., 0., 1., 0., 0., 1., 0., 0., 0., 0., 0., 1., 0., 0.,
           1., 0.],
          [1., 1., 0., 0., 1., 0., 0., 0., 0., 1., 0., 0., 1., 0., 0., 0., 1.,
           1., 1.],
          [1., 1., 1., 0., 0., 1., 1., 0., 0., 1., 0., 0., 1., 0., 1., 0., 1.,
           0., 0.],
          [0., 1., 0., 0., 1., 0., 0., 1., 1., 1., 0., 1., 1., 0., 1., 0., 0.,
           1., 1.],
          [1., 0., 0., 0., 1., 1., 0., 1., 1., 0., 1., 0., 0., 0., 1., 1., 0.,
           1., 0.]]]], device='cuda:0'), tensor([[0.8729]], device='cuda:0'))
2026-01-08 17:09:34 - INFO - [ 0.6868874  -0.47539088  0.01645654  0.05357132  0.01645655  0.05357133
  0.9892939  -0.085535  ]
2026-01-08 17:09:34 - INFO - (tensor([[[[1., 0., 0., 1., 0., 0., 1., 1., 0., 0., 1., 1., 0., 1., 1., 0., 0.,
           0., 1.],
          [1., 0., 1., 1., 0., 1., 0., 0., 1., 0., 0., 1., 0., 0., 0., 0., 0.,
           1., 0.],
          [0., 1., 0., 0., 0., 0., 0., 1., 0., 0., 1., 0., 0., 1., 1., 0., 0.,
           0., 0.],
          [1., 1., 0., 1., 0., 1., 1., 0., 1., 1., 0., 1., 0., 0., 1., 0., 0.,
           1., 1.],
          [1., 0., 0., 0., 0., 0., 1., 0., 0., 0., 0., 1., 1., 1., 0., 1., 1.,
           0., 1.],
          [1., 0., 0., 0., 1., 1., 1., 1., 0., 0., 1., 1., 0., 1., 1., 1., 1.,
           1., 0.],
          [0., 1., 0., 0., 1., 1., 0., 0., 1., 1., 1., 0., 0., 0., 0., 0., 1.,
           0., 1.],
          [1., 0., 1., 1., 0., 1., 1., 1., 1., 0., 0., 1., 0., 1., 0., 1., 0.,
           0., 0.],
          [0., 1., 0., 1., 0., 1., 1., 0., 0., 0., 0., 0., 1., 1., 1., 0., 1.,
           1., 0.],
          [1., 1., 0., 0., 1., 1., 0., 1., 1., 0., 1., 1., 1., 0., 0., 0., 1.,
           1., 1.],
          [0., 0., 1., 0., 0., 1., 1., 0., 1., 0., 1., 0., 0., 1., 0., 0., 0.,
           0., 0.],
          [1., 0., 1., 1., 1., 1., 0., 1., 0., 0., 1., 1., 1., 0., 0., 0., 1.,
           1., 0.],
          [1., 0., 0., 1., 0., 1., 1., 0., 1., 1., 1., 1., 1., 1., 1., 1., 0.,
           1., 1.],
          [0., 0., 0., 0., 1., 1., 0., 1., 1., 1., 1., 0., 1., 1., 0., 1., 1.,
           0., 1.],
          [1., 0., 1., 1., 0., 1., 0., 0., 1., 0., 0., 0., 0., 0., 1., 0., 0.,
           1., 0.],
          [1., 1., 0., 0., 1., 0., 0., 0., 0., 1., 0., 0., 1., 0., 0., 0., 1.,
           1., 1.],
          [1., 1., 1., 0., 0., 1., 1., 0., 0., 1., 0., 0., 1., 0., 1., 0., 1.,
           0., 0.],
          [0., 1., 0., 0., 1., 0., 0., 1., 1., 1., 0., 1., 1., 0., 1., 0., 0.,
           1., 1.],
          [1., 0., 0., 0., 1., 1., 0., 1., 1., 0., 1., 0., 0., 0., 1., 1., 0.,
           1., 0.]]]], device='cuda:0'), tensor([[0.8763]], device='cuda:0'))
2026-01-08 17:09:34 - INFO - [ 0.68564856 -0.4769652   0.01665018  0.05379405  0.01665018  0.05379405
  0.98924077 -0.08588672]
2026-01-08 17:09:34 - INFO - (tensor([[[[1., 0., 0., 1., 0., 0., 1., 1., 0., 0., 1., 1., 0., 1., 1., 0., 0.,
           0., 1.],
          [1., 0., 1., 1., 0., 1., 0., 0., 1., 0., 0., 1., 0., 0., 0., 0., 0.,
           1., 0.],
          [0., 1., 0., 0., 0., 0., 0., 1., 0., 0., 1., 0., 0., 1., 1., 0., 0.,
           0., 0.],
          [1., 1., 0., 1., 0., 1., 1., 0., 1., 1., 0., 1., 0., 0., 1., 0., 0.,
           1., 1.],
          [1., 0., 0., 0., 0., 0., 1., 0., 0., 0., 0., 1., 1., 1., 0., 1., 1.,
           0., 1.],
          [1., 0., 0., 0., 1., 1., 1., 1., 0., 0., 1., 1., 0., 1., 1., 1., 1.,
           1., 0.],
          [0., 1., 0., 0., 1., 1., 0., 0., 1., 1., 1., 0., 0., 0., 0., 0., 1.,
           0., 1.],
          [1., 0., 1., 1., 0., 1., 1., 1., 1., 0., 0., 1., 0., 1., 0., 1., 0.,
           0., 0.],
          [0., 1., 0., 1., 0., 1., 1., 0., 0., 0., 0., 0., 1., 1., 1., 0., 1.,
           1., 0.],
          [1., 1., 0., 0., 1., 1., 0., 1., 1., 0., 1., 1., 1., 0., 0., 0., 1.,
           1., 1.],
          [0., 0., 1., 0., 0., 1., 1., 0., 1., 0., 1., 0., 0., 1., 0., 0., 0.,
           0., 0.],
          [1., 0., 1., 1., 1., 1., 0., 1., 0., 0., 1., 1., 1., 0., 0., 0., 1.,
           1., 0.],
          [1., 0., 0., 1., 0., 1., 1., 0., 1., 1., 1., 1., 1., 1., 1., 1., 0.,
           1., 1.],
          [0., 0., 0., 0., 1., 1., 0., 1., 1., 1., 1., 0., 1., 1., 0., 1., 1.,
           0., 1.],
          [1., 0., 1., 1., 0., 1., 0., 0., 1., 0., 0., 0., 0., 0., 1., 0., 0.,
           1., 0.],
          [1., 1., 0., 0., 1., 0., 0., 0., 0., 1., 0., 0., 1., 0., 0., 0., 1.,
           1., 1.],
          [1., 1., 1., 0., 0., 1., 1., 0., 0., 1., 0., 0., 1., 0., 1., 0., 1.,
           0., 0.],
          [0., 1., 0., 0., 1., 0., 0., 1., 1., 1., 0., 1., 1., 0., 1., 0., 0.,
           1., 1.],
          [1., 0., 0., 0., 1., 1., 0., 1., 1., 0., 1., 0., 0., 0., 1., 1., 0.,
           1., 0.]]]], device='cuda:0'), tensor([[0.8796]], device='cuda:0'))
2026-01-08 17:09:34 - INFO - [ 0.68430746 -0.47867113  0.01685813  0.0540342   0.01685813  0.05403418
  0.98918176 -0.08627158]
2026-01-08 17:09:34 - INFO - (tensor([[[[1., 0., 0., 1., 0., 0., 1., 1., 0., 0., 1., 1., 0., 1., 1., 0., 0.,
           0., 1.],
          [1., 0., 1., 1., 0., 1., 0., 0., 1., 0., 0., 1., 0., 0., 0., 0., 0.,
           1., 0.],
          [0., 1., 0., 0., 0., 0., 0., 1., 0., 0., 1., 0., 0., 1., 1., 0., 0.,
           0., 0.],
          [1., 1., 0., 1., 0., 1., 1., 0., 1., 1., 0., 1., 0., 0., 1., 0., 0.,
           1., 1.],
          [1., 0., 0., 0., 0., 0., 1., 0., 0., 0., 0., 1., 1., 1., 0., 1., 1.,
           0., 1.],
          [1., 0., 0., 0., 1., 1., 1., 1., 0., 0., 1., 1., 0., 1., 1., 1., 1.,
           1., 0.],
          [0., 1., 0., 0., 1., 1., 0., 0., 1., 1., 1., 0., 0., 0., 0., 0., 1.,
           0., 1.],
          [1., 0., 1., 1., 0., 1., 1., 1., 1., 0., 0., 1., 0., 1., 0., 1., 0.,
           0., 0.],
          [0., 1., 0., 1., 0., 1., 1., 0., 0., 0., 0., 0., 1., 1., 1., 0., 1.,
           1., 0.],
          [1., 1., 0., 0., 1., 1., 0., 1., 1., 0., 1., 1., 1., 0., 0., 0., 1.,
           1., 1.],
          [0., 0., 1., 0., 0., 1., 1., 0., 1., 0., 1., 0., 0., 1., 0., 0., 0.,
           0., 0.],
          [1., 0., 1., 1., 1., 1., 0., 1., 0., 0., 1., 1., 1., 0., 0., 0., 1.,
           1., 0.],
          [1., 0., 0., 1., 0., 1., 1., 0., 1., 1., 1., 1., 1., 1., 1., 1., 0.,
           1., 1.],
          [0., 0., 0., 0., 1., 1., 0., 1., 1., 1., 1., 0., 1., 1., 0., 1., 1.,
           0., 1.],
          [1., 0., 1., 1., 0., 1., 0., 0., 1., 0., 0., 0., 0., 0., 1., 0., 0.,
           1., 0.],
          [1., 1., 0., 0., 1., 0., 0., 0., 0., 1., 0., 0., 1., 0., 0., 0., 1.,
           1., 1.],
          [1., 1., 1., 0., 0., 1., 1., 0., 0., 1., 0., 0., 1., 0., 1., 0., 1.,
           0., 0.],
          [0., 1., 0., 0., 1., 0., 0., 1., 1., 1., 0., 1., 1., 0., 1., 0., 0.,
           1., 1.],
          [1., 0., 0., 0., 1., 1., 0., 1., 1., 0., 1., 0., 0., 0., 1., 1., 0.,
           1., 0.]]]], device='cuda:0'), tensor([[0.8829]], device='cuda:0'))
2026-01-08 17:09:34 - INFO - [ 0.68278205 -0.48062786  0.01709168  0.05430604  0.01709168  0.05430605
  0.98911333 -0.08671943]
2026-01-08 17:09:34 - INFO - (tensor([[[[1., 0., 0., 1., 0., 0., 1., 1., 0., 0., 1., 1., 0., 1., 1., 0., 0.,
           0., 1.],
          [1., 0., 1., 1., 0., 1., 0., 0., 1., 0., 0., 1., 0., 0., 0., 0., 0.,
           1., 0.],
          [0., 1., 0., 0., 0., 0., 0., 1., 0., 0., 1., 0., 0., 1., 1., 0., 0.,
           0., 0.],
          [1., 1., 0., 1., 0., 1., 1., 0., 1., 1., 0., 1., 0., 0., 1., 0., 0.,
           1., 1.],
          [1., 0., 0., 0., 0., 0., 1., 0., 0., 0., 0., 1., 1., 1., 0., 1., 1.,
           0., 1.],
          [1., 0., 0., 0., 1., 1., 1., 1., 0., 0., 1., 1., 0., 1., 1., 1., 1.,
           1., 0.],
          [0., 1., 0., 0., 1., 1., 0., 0., 1., 1., 1., 0., 0., 0., 0., 0., 1.,
           0., 1.],
          [1., 0., 1., 1., 0., 1., 1., 1., 1., 0., 0., 1., 0., 1., 0., 1., 0.,
           0., 0.],
          [0., 1., 0., 1., 0., 1., 1., 0., 0., 0., 0., 0., 1., 1., 1., 0., 1.,
           1., 0.],
          [1., 1., 0., 0., 1., 1., 0., 1., 1., 0., 1., 1., 1., 0., 0., 0., 1.,
           1., 1.],
          [0., 0., 1., 0., 0., 1., 1., 0., 1., 0., 1., 0., 0., 1., 0., 0., 0.,
           0., 0.],
          [1., 0., 1., 1., 1., 1., 0., 1., 0., 0., 1., 1., 1., 0., 0., 0., 1.,
           1., 0.],
          [1., 0., 0., 1., 0., 1., 1., 0., 1., 1., 1., 1., 1., 1., 1., 1., 0.,
           1., 1.],
          [0., 0., 0., 0., 1., 1., 0., 1., 1., 1., 1., 0., 1., 1., 0., 1., 1.,
           0., 1.],
          [1., 0., 1., 1., 0., 1., 0., 0., 1., 0., 0., 0., 0., 0., 1., 0., 0.,
           1., 0.],
          [1., 1., 0., 0., 1., 0., 0., 0., 0., 1., 0., 0., 1., 0., 0., 0., 1.,
           1., 1.],
          [1., 1., 1., 0., 0., 1., 1., 0., 0., 1., 0., 0., 1., 0., 1., 0., 1.,
           0., 0.],
          [0., 1., 0., 0., 1., 0., 0., 1., 1., 1., 0., 1., 1., 0., 1., 0., 0.,
           1., 1.],
          [1., 0., 0., 0., 1., 1., 0., 1., 1., 0., 1., 0., 0., 0., 1., 1., 0.,
           1., 0.]]]], device='cuda:0'), tensor([[0.8863]], device='cuda:0'))
2026-01-08 17:09:34 - INFO - [ 0.6820555  -0.48140007  0.01723608  0.05445654  0.01723608  0.05445655
  0.9890795  -0.0868556 ]
2026-01-08 17:09:34 - INFO - (tensor([[[[1., 0., 0., 1., 0., 0., 1., 1., 0., 0., 1., 1., 0., 1., 1., 0., 0.,
           0., 1.],
          [1., 0., 1., 1., 0., 1., 0., 0., 1., 0., 0., 1., 0., 0., 0., 0., 0.,
           1., 0.],
          [0., 1., 0., 0., 0., 0., 0., 1., 0., 0., 1., 0., 0., 1., 1., 0., 0.,
           0., 0.],
          [1., 1., 0., 1., 0., 1., 1., 0., 1., 1., 0., 1., 0., 0., 1., 0., 0.,
           1., 1.],
          [1., 0., 0., 0., 0., 0., 1., 0., 0., 0., 0., 1., 1., 1., 0., 1., 1.,
           0., 1.],
          [1., 0., 0., 0., 1., 1., 1., 1., 0., 0., 1., 1., 0., 1., 1., 1., 1.,
           1., 0.],
          [0., 1., 0., 0., 1., 1., 0., 0., 1., 1., 1., 0., 0., 0., 0., 0., 1.,
           0., 1.],
          [1., 0., 1., 1., 0., 1., 1., 1., 1., 0., 0., 1., 0., 1., 0., 1., 0.,
           0., 0.],
          [0., 1., 0., 1., 0., 1., 1., 0., 0., 0., 0., 0., 1., 1., 1., 0., 1.,
           1., 0.],
          [1., 1., 0., 0., 1., 1., 0., 1., 1., 0., 1., 1., 1., 0., 0., 0., 1.,
           1., 1.],
          [0., 0., 1., 0., 0., 1., 1., 0., 1., 0., 1., 0., 0., 1., 0., 0., 0.,
           0., 0.],
          [1., 0., 1., 1., 1., 1., 0., 1., 0., 0., 1., 1., 1., 0., 0., 0., 1.,
           1., 0.],
          [1., 0., 0., 1., 0., 1., 1., 0., 1., 1., 1., 1., 1., 1., 1., 1., 0.,
           1., 1.],
          [0., 0., 0., 0., 1., 1., 0., 1., 1., 1., 1., 0., 1., 1., 0., 1., 1.,
           0., 1.],
          [1., 0., 1., 1., 0., 1., 0., 0., 1., 0., 0., 0., 0., 0., 1., 0., 0.,
           1., 0.],
          [1., 1., 0., 0., 1., 0., 0., 0., 0., 1., 0., 0., 1., 0., 0., 0., 1.,
           1., 1.],
          [1., 1., 1., 0., 0., 1., 1., 0., 0., 1., 0., 0., 1., 0., 1., 0., 1.,
           0., 0.],
          [0., 1., 0., 0., 1., 0., 0., 1., 1., 1., 0., 1., 1., 0., 1., 0., 0.,
           1., 1.],
          [1., 0., 0., 0., 1., 1., 0., 1., 1., 0., 1., 0., 0., 0., 1., 1., 0.,
           1., 0.]]]], device='cuda:0'), tensor([[0.8896]], device='cuda:0'))
2026-01-08 17:09:34 - INFO - [ 0.6813073  -0.48219767  0.01738526  0.05461195  0.01738528  0.05461197
  0.9890446  -0.08699495]
2026-01-08 17:09:34 - INFO - (tensor([[[[1., 0., 0., 1., 0., 0., 1., 1., 0., 0., 1., 1., 0., 1., 1., 0., 0.,
           0., 1.],
          [1., 0., 1., 1., 0., 1., 0., 0., 1., 0., 0., 1., 0., 0., 0., 0., 0.,
           1., 0.],
          [0., 1., 0., 0., 0., 0., 0., 1., 0., 0., 1., 0., 0., 1., 1., 0., 0.,
           0., 0.],
          [1., 1., 0., 1., 0., 1., 1., 0., 1., 1., 0., 1., 0., 0., 1., 0., 0.,
           1., 1.],
          [1., 0., 0., 0., 0., 0., 1., 0., 0., 0., 0., 1., 1., 1., 0., 1., 1.,
           0., 1.],
          [1., 0., 0., 0., 1., 1., 1., 1., 0., 0., 1., 1., 0., 1., 1., 1., 1.,
           1., 0.],
          [0., 1., 0., 0., 1., 1., 0., 0., 1., 1., 1., 0., 0., 0., 0., 0., 1.,
           0., 1.],
          [1., 0., 1., 1., 0., 1., 1., 1., 1., 0., 0., 1., 0., 1., 0., 1., 0.,
           0., 0.],
          [0., 1., 0., 1., 0., 1., 1., 0., 0., 0., 0., 0., 1., 1., 1., 0., 1.,
           1., 0.],
          [1., 1., 0., 0., 1., 1., 0., 1., 1., 0., 1., 1., 1., 0., 0., 0., 1.,
           1., 1.],
          [0., 0., 1., 0., 0., 1., 1., 0., 1., 0., 1., 0., 0., 1., 0., 0., 0.,
           0., 0.],
          [1., 0., 1., 1., 1., 1., 0., 1., 0., 0., 1., 1., 1., 0., 0., 0., 1.,
           1., 0.],
          [1., 0., 0., 1., 0., 1., 1., 0., 1., 1., 1., 1., 1., 1., 1., 1., 0.,
           1., 1.],
          [0., 0., 0., 0., 1., 1., 0., 1., 1., 1., 1., 0., 1., 1., 0., 1., 1.,
           0., 1.],
          [1., 0., 1., 1., 0., 1., 0., 0., 1., 0., 0., 0., 0., 0., 1., 0., 0.,
           1., 0.],
          [1., 1., 0., 0., 1., 0., 0., 0., 0., 1., 0., 0., 1., 0., 0., 0., 1.,
           1., 1.],
          [1., 1., 1., 0., 0., 1., 1., 0., 0., 1., 0., 0., 1., 0., 1., 0., 1.,
           0., 0.],
          [0., 1., 0., 0., 1., 0., 0., 1., 1., 1., 0., 1., 1., 0., 1., 0., 0.,
           1., 1.],
          [1., 0., 0., 0., 1., 1., 0., 1., 1., 0., 1., 0., 0., 0., 1., 1., 0.,
           1., 0.]]]], device='cuda:0'), tensor([[0.8930]], device='cuda:0'))
2026-01-08 17:09:34 - INFO - [ 0.68015754 -0.48367786  0.01759473  0.0548759   0.01759474  0.0548759
  0.988973   -0.08733556]
2026-01-08 17:09:34 - INFO - (tensor([[[[1., 0., 0., 1., 0., 0., 1., 1., 0., 0., 1., 1., 0., 1., 1., 0., 0.,
           0., 1.],
          [1., 0., 1., 1., 0., 1., 0., 0., 1., 0., 0., 1., 0., 0., 0., 0., 0.,
           1., 0.],
          [0., 1., 0., 0., 0., 0., 0., 1., 0., 0., 1., 0., 0., 1., 1., 0., 0.,
           0., 0.],
          [1., 1., 0., 1., 0., 1., 1., 0., 1., 1., 0., 1., 0., 0., 1., 0., 0.,
           1., 1.],
          [1., 0., 0., 0., 0., 0., 1., 0., 0., 0., 0., 1., 1., 1., 0., 1., 1.,
           0., 1.],
          [1., 0., 0., 0., 1., 1., 1., 1., 0., 0., 1., 1., 0., 1., 1., 1., 1.,
           1., 0.],
          [0., 1., 0., 0., 1., 1., 0., 0., 1., 1., 1., 0., 0., 0., 0., 0., 1.,
           0., 1.],
          [1., 0., 1., 1., 0., 1., 1., 1., 1., 0., 0., 1., 0., 1., 0., 1., 0.,
           0., 0.],
          [0., 1., 0., 1., 0., 1., 1., 0., 0., 0., 0., 0., 1., 1., 1., 0., 1.,
           1., 0.],
          [1., 1., 0., 0., 1., 1., 0., 1., 1., 0., 1., 1., 1., 0., 0., 0., 1.,
           1., 1.],
          [0., 0., 1., 0., 0., 1., 1., 0., 1., 0., 1., 0., 0., 1., 0., 0., 0.,
           0., 0.],
          [1., 0., 1., 1., 1., 1., 0., 1., 0., 0., 1., 1., 1., 0., 0., 0., 1.,
           1., 0.],
          [1., 0., 0., 1., 0., 1., 1., 0., 1., 1., 1., 1., 1., 1., 1., 1., 0.,
           1., 1.],
          [0., 0., 0., 0., 1., 1., 0., 1., 1., 1., 1., 0., 1., 1., 0., 1., 1.,
           0., 1.],
          [1., 0., 1., 1., 0., 1., 0., 0., 1., 0., 0., 0., 0., 0., 1., 0., 0.,
           1., 0.],
          [1., 1., 0., 0., 1., 0., 0., 0., 0., 1., 0., 0., 1., 0., 0., 0., 1.,
           1., 1.],
          [1., 1., 1., 0., 0., 1., 1., 0., 0., 1., 0., 0., 1., 0., 1., 0., 1.,
           0., 0.],
          [0., 1., 0., 0., 1., 0., 0., 1., 1., 1., 0., 1., 1., 0., 1., 0., 0.,
           1., 1.],
          [1., 0., 0., 0., 1., 1., 0., 1., 1., 0., 1., 0., 0., 0., 1., 1., 0.,
           1., 0.]]]], device='cuda:0'), tensor([[0.8963]], device='cuda:0'))
2026-01-08 17:09:34 - INFO - [ 0.67896533 -0.48541638  0.01780954  0.05516879  0.01780953  0.0551688
  0.9888908  -0.08773055]
2026-01-08 17:09:34 - INFO - (tensor([[[[1., 0., 0., 1., 0., 0., 1., 1., 0., 0., 1., 1., 0., 1., 1., 0., 0.,
           0., 1.],
          [1., 0., 1., 1., 0., 1., 0., 0., 1., 0., 0., 1., 0., 0., 0., 0., 0.,
           1., 0.],
          [0., 1., 0., 0., 0., 0., 0., 1., 0., 0., 1., 0., 0., 1., 1., 0., 0.,
           0., 0.],
          [1., 1., 0., 1., 0., 1., 1., 0., 1., 1., 0., 1., 0., 0., 1., 0., 0.,
           1., 1.],
          [1., 0., 0., 0., 0., 0., 1., 0., 0., 0., 0., 1., 1., 1., 0., 1., 1.,
           0., 1.],
          [1., 0., 0., 0., 1., 1., 1., 1., 0., 0., 1., 1., 0., 1., 1., 1., 1.,
           1., 0.],
          [0., 1., 0., 0., 1., 1., 0., 0., 1., 1., 1., 0., 0., 0., 0., 0., 1.,
           0., 1.],
          [1., 0., 1., 1., 0., 1., 1., 1., 1., 0., 0., 1., 0., 1., 0., 1., 0.,
           0., 0.],
          [0., 1., 0., 1., 0., 1., 1., 0., 0., 0., 0., 0., 1., 1., 1., 0., 1.,
           1., 0.],
          [1., 1., 0., 0., 1., 1., 0., 1., 1., 0., 1., 1., 1., 0., 0., 0., 1.,
           1., 1.],
          [0., 0., 1., 0., 0., 1., 1., 0., 1., 0., 1., 0., 0., 1., 0., 0., 0.,
           0., 0.],
          [1., 0., 1., 1., 1., 1., 0., 1., 0., 0., 1., 1., 1., 0., 0., 0., 1.,
           1., 0.],
          [1., 0., 0., 1., 0., 1., 1., 0., 1., 1., 1., 1., 1., 1., 1., 1., 0.,
           1., 1.],
          [0., 0., 0., 0., 1., 1., 0., 1., 1., 1., 1., 0., 1., 1., 0., 1., 1.,
           0., 1.],
          [1., 0., 1., 1., 0., 1., 0., 0., 1., 0., 0., 0., 0., 0., 1., 0., 0.,
           1., 0.],
          [1., 1., 0., 0., 1., 0., 0., 0., 0., 1., 0., 0., 1., 0., 0., 0., 1.,
           1., 1.],
          [1., 1., 1., 0., 0., 1., 1., 0., 0., 1., 0., 0., 1., 0., 1., 0., 1.,
           0., 0.],
          [0., 1., 0., 0., 1., 0., 0., 1., 1., 1., 0., 1., 1., 0., 1., 0., 0.,
           1., 1.],
          [1., 0., 0., 0., 1., 1., 0., 1., 1., 0., 1., 0., 0., 0., 1., 1., 0.,
           1., 0.]]]], device='cuda:0'), tensor([[0.8997]], device='cuda:0'))
2026-01-08 17:09:34 - INFO - [ 0.6777451  -0.48718938  0.01802799  0.05546574  0.01802799  0.05546573
  0.9888072  -0.08813272]
2026-01-08 17:09:34 - INFO - (tensor([[[[1., 0., 0., 1., 0., 0., 1., 1., 0., 0., 1., 1., 0., 1., 1., 0., 0.,
           0., 1.],
          [1., 0., 1., 1., 0., 1., 0., 0., 1., 0., 0., 1., 0., 0., 0., 0., 0.,
           1., 0.],
          [0., 1., 0., 0., 0., 0., 0., 1., 0., 0., 1., 0., 0., 1., 1., 0., 0.,
           0., 0.],
          [1., 1., 0., 1., 0., 1., 1., 0., 1., 1., 0., 1., 0., 0., 1., 0., 0.,
           1., 1.],
          [1., 0., 0., 0., 0., 0., 1., 0., 0., 0., 0., 1., 1., 1., 0., 1., 1.,
           0., 1.],
          [1., 0., 0., 0., 1., 1., 1., 1., 0., 0., 1., 1., 0., 1., 1., 1., 1.,
           1., 0.],
          [0., 1., 0., 0., 1., 1., 0., 0., 1., 1., 1., 0., 0., 0., 0., 0., 1.,
           0., 1.],
          [1., 0., 1., 1., 0., 1., 1., 1., 1., 0., 0., 1., 0., 1., 0., 1., 0.,
           0., 0.],
          [0., 1., 0., 1., 0., 1., 1., 0., 0., 0., 0., 0., 1., 1., 1., 0., 1.,
           1., 0.],
          [1., 1., 0., 0., 1., 1., 0., 1., 1., 0., 1., 1., 1., 0., 0., 0., 1.,
           1., 1.],
          [0., 0., 1., 0., 0., 1., 1., 0., 1., 0., 1., 0., 0., 1., 0., 0., 0.,
           0., 0.],
          [1., 0., 1., 1., 1., 1., 0., 1., 0., 0., 1., 1., 1., 0., 0., 0., 1.,
           1., 0.],
          [1., 0., 0., 1., 0., 1., 1., 0., 1., 1., 1., 1., 1., 1., 1., 1., 0.,
           1., 1.],
          [0., 0., 0., 0., 1., 1., 0., 1., 1., 1., 1., 0., 1., 1., 0., 1., 1.,
           0., 1.],
          [1., 0., 1., 1., 0., 1., 0., 0., 1., 0., 0., 0., 0., 0., 1., 0., 0.,
           1., 0.],
          [1., 1., 0., 0., 1., 0., 0., 0., 0., 1., 0., 0., 1., 0., 0., 0., 1.,
           1., 1.],
          [1., 1., 1., 0., 0., 1., 1., 0., 0., 1., 0., 0., 1., 0., 1., 0., 1.,
           0., 0.],
          [0., 1., 0., 0., 1., 0., 0., 1., 1., 1., 0., 1., 1., 0., 1., 0., 0.,
           1., 1.],
          [1., 0., 0., 0., 1., 1., 0., 1., 1., 0., 1., 0., 0., 0., 1., 1., 0.,
           1., 0.]]]], device='cuda:0'), tensor([[0.9030]], device='cuda:0'))
2026-01-08 17:09:34 - INFO - [ 0.6767051  -0.48864934  0.0181764   0.05568055  0.0181764   0.05568054
  0.98873734 -0.08844002]
2026-01-08 17:09:34 - INFO - (tensor([[[[1., 0., 0., 1., 0., 0., 1., 1., 0., 0., 1., 1., 0., 1., 1., 0., 0.,
           0., 1.],
          [1., 0., 1., 1., 0., 1., 0., 0., 1., 0., 0., 1., 0., 0., 0., 0., 0.,
           1., 0.],
          [0., 1., 0., 0., 0., 0., 0., 1., 0., 0., 1., 0., 0., 1., 1., 0., 0.,
           0., 0.],
          [1., 1., 0., 1., 0., 1., 1., 0., 1., 1., 0., 1., 0., 0., 1., 0., 0.,
           1., 1.],
          [1., 0., 0., 0., 0., 0., 1., 0., 0., 0., 0., 1., 1., 1., 0., 1., 1.,
           0., 1.],
          [1., 0., 0., 0., 1., 1., 1., 1., 0., 0., 1., 1., 0., 1., 1., 1., 1.,
           1., 0.],
          [0., 1., 0., 0., 1., 1., 0., 0., 1., 1., 1., 0., 0., 0., 0., 0., 1.,
           0., 1.],
          [1., 0., 1., 1., 0., 1., 1., 1., 1., 0., 0., 1., 0., 1., 0., 1., 0.,
           0., 0.],
          [0., 1., 0., 1., 0., 1., 1., 0., 0., 0., 0., 0., 1., 1., 1., 0., 1.,
           1., 0.],
          [1., 1., 0., 0., 1., 1., 0., 1., 1., 0., 1., 1., 1., 0., 0., 0., 1.,
           1., 1.],
          [0., 0., 1., 0., 0., 1., 1., 0., 1., 0., 1., 0., 0., 1., 0., 0., 0.,
           0., 0.],
          [1., 0., 1., 1., 1., 1., 0., 1., 0., 0., 1., 1., 1., 0., 0., 0., 1.,
           1., 0.],
          [1., 0., 0., 1., 0., 1., 1., 0., 1., 1., 1., 1., 1., 1., 1., 1., 0.,
           1., 1.],
          [0., 0., 0., 0., 1., 1., 0., 1., 1., 1., 1., 0., 1., 1., 0., 1., 1.,
           0., 1.],
          [1., 0., 1., 1., 0., 1., 0., 0., 1., 0., 0., 0., 0., 0., 1., 0., 0.,
           1., 0.],
          [1., 1., 0., 0., 1., 0., 0., 0., 0., 1., 0., 0., 1., 0., 0., 0., 1.,
           1., 1.],
          [1., 1., 1., 0., 0., 1., 1., 0., 0., 1., 0., 0., 1., 0., 1., 0., 1.,
           0., 0.],
          [0., 1., 0., 0., 1., 0., 0., 1., 1., 1., 0., 1., 1., 0., 1., 0., 0.,
           1., 1.],
          [1., 0., 0., 0., 1., 1., 0., 1., 1., 0., 1., 0., 0., 0., 1., 1., 0.,
           1., 0.]]]], device='cuda:0'), tensor([[0.9064]], device='cuda:0'))
2026-01-08 17:09:34 - INFO - [ 0.6756604  -0.49010143  0.01831295  0.05588207  0.01831294  0.05588207
  0.9886681  -0.08873684]
2026-01-08 17:09:34 - INFO - (tensor([[[[1., 0., 0., 1., 0., 0., 1., 1., 0., 0., 1., 1., 0., 1., 1., 0., 0.,
           0., 1.],
          [1., 0., 1., 1., 0., 1., 0., 0., 1., 0., 0., 1., 0., 0., 0., 0., 0.,
           1., 0.],
          [0., 1., 0., 0., 0., 0., 0., 1., 0., 0., 1., 0., 0., 1., 1., 0., 0.,
           0., 0.],
          [1., 1., 0., 1., 0., 1., 1., 0., 1., 1., 0., 1., 0., 0., 1., 0., 0.,
           1., 1.],
          [1., 0., 0., 0., 0., 0., 1., 0., 0., 0., 0., 1., 1., 1., 0., 1., 1.,
           0., 1.],
          [1., 0., 0., 0., 1., 1., 1., 1., 0., 0., 1., 1., 0., 1., 1., 1., 1.,
           1., 0.],
          [0., 1., 0., 0., 1., 1., 0., 0., 1., 1., 1., 0., 0., 0., 0., 0., 1.,
           0., 1.],
          [1., 0., 1., 1., 0., 1., 1., 1., 1., 0., 0., 1., 0., 1., 0., 1., 0.,
           0., 0.],
          [0., 1., 0., 1., 0., 1., 1., 0., 0., 0., 0., 0., 1., 1., 1., 0., 1.,
           1., 0.],
          [1., 1., 0., 0., 1., 1., 0., 1., 1., 0., 1., 1., 1., 0., 0., 0., 1.,
           1., 1.],
          [0., 0., 1., 0., 0., 1., 1., 0., 1., 0., 1., 0., 0., 1., 0., 0., 0.,
           0., 0.],
          [1., 0., 1., 1., 1., 1., 0., 1., 0., 0., 1., 1., 1., 0., 0., 0., 1.,
           1., 0.],
          [1., 0., 0., 1., 0., 1., 1., 0., 1., 1., 1., 1., 1., 1., 1., 1., 0.,
           1., 1.],
          [0., 0., 0., 0., 1., 1., 0., 1., 1., 1., 1., 0., 1., 1., 0., 1., 1.,
           0., 1.],
          [1., 0., 1., 1., 0., 1., 0., 0., 1., 0., 0., 0., 0., 0., 1., 0., 0.,
           1., 0.],
          [1., 1., 0., 0., 1., 0., 0., 0., 0., 1., 0., 0., 1., 0., 0., 0., 1.,
           1., 1.],
          [1., 1., 1., 0., 0., 1., 1., 0., 0., 1., 0., 0., 1., 0., 1., 0., 1.,
           0., 0.],
          [0., 1., 0., 0., 1., 0., 0., 1., 1., 1., 0., 1., 1., 0., 1., 0., 0.,
           1., 1.],
          [1., 0., 0., 0., 1., 1., 0., 1., 1., 0., 1., 0., 0., 0., 1., 1., 0.,
           1., 0.]]]], device='cuda:0'), tensor([[0.9097]], device='cuda:0'))
2026-01-08 17:09:34 - INFO - [ 0.6745149  -0.4916987   0.01846251  0.0561019   0.0184625   0.05610191
  0.98859066 -0.08906756]
2026-01-08 17:09:34 - INFO - (tensor([[[[1., 0., 0., 1., 0., 0., 1., 1., 0., 0., 1., 1., 0., 1., 1., 0., 0.,
           0., 1.],
          [1., 0., 1., 1., 0., 1., 0., 0., 1., 0., 0., 1., 0., 0., 0., 0., 0.,
           1., 0.],
          [0., 1., 0., 0., 0., 0., 0., 1., 0., 0., 1., 0., 0., 1., 1., 0., 0.,
           0., 0.],
          [1., 1., 0., 1., 0., 1., 1., 0., 1., 1., 0., 1., 0., 0., 1., 0., 0.,
           1., 1.],
          [1., 0., 0., 0., 0., 0., 1., 0., 0., 0., 0., 1., 1., 1., 0., 1., 1.,
           0., 1.],
          [1., 0., 0., 0., 1., 1., 1., 1., 0., 0., 1., 1., 0., 1., 1., 1., 1.,
           1., 0.],
          [0., 1., 0., 0., 1., 1., 0., 0., 1., 1., 1., 0., 0., 0., 0., 0., 1.,
           0., 1.],
          [1., 0., 1., 1., 0., 1., 1., 1., 1., 0., 0., 1., 0., 1., 0., 1., 0.,
           0., 0.],
          [0., 1., 0., 1., 0., 1., 1., 0., 0., 0., 0., 0., 1., 1., 1., 0., 1.,
           1., 0.],
          [1., 1., 0., 0., 1., 1., 0., 1., 1., 0., 1., 1., 1., 0., 0., 0., 1.,
           1., 1.],
          [0., 0., 1., 0., 0., 1., 1., 0., 1., 0., 1., 0., 0., 1., 0., 0., 0.,
           0., 0.],
          [1., 0., 1., 1., 1., 1., 0., 1., 0., 0., 1., 1., 1., 0., 0., 0., 1.,
           1., 0.],
          [1., 0., 0., 1., 0., 1., 1., 0., 1., 1., 1., 1., 1., 1., 1., 1., 0.,
           1., 1.],
          [0., 0., 0., 0., 1., 1., 0., 1., 1., 1., 1., 0., 1., 1., 0., 1., 1.,
           0., 1.],
          [1., 0., 1., 1., 0., 1., 0., 0., 1., 0., 0., 0., 0., 0., 1., 0., 0.,
           1., 0.],
          [1., 1., 0., 0., 1., 0., 0., 0., 0., 1., 0., 0., 1., 0., 0., 0., 1.,
           1., 1.],
          [1., 1., 1., 0., 0., 1., 1., 0., 0., 1., 0., 0., 1., 0., 1., 0., 1.,
           0., 0.],
          [0., 1., 0., 0., 1., 0., 0., 1., 1., 1., 0., 1., 1., 0., 1., 0., 0.,
           1., 1.],
          [1., 0., 0., 0., 1., 1., 0., 1., 1., 0., 1., 0., 0., 0., 1., 1., 0.,
           1., 0.]]]], device='cuda:0'), tensor([[0.9130]], device='cuda:0'))
2026-01-08 17:09:34 - INFO - [ 0.6733221  -0.49337083  0.01861672  0.05632938  0.01861672  0.05632938
  0.98851436 -0.08941332]
2026-01-08 17:09:34 - INFO - (tensor([[[[1., 0., 0., 1., 0., 0., 1., 1., 0., 0., 1., 1., 0., 1., 1., 0., 0.,
           0., 1.],
          [1., 0., 1., 1., 0., 1., 0., 0., 1., 0., 0., 1., 0., 0., 0., 0., 0.,
           1., 0.],
          [0., 1., 0., 0., 0., 0., 0., 1., 0., 0., 1., 0., 0., 1., 1., 0., 0.,
           0., 0.],
          [1., 1., 0., 1., 0., 1., 1., 0., 1., 1., 0., 1., 0., 0., 1., 0., 0.,
           1., 1.],
          [1., 0., 0., 0., 0., 0., 1., 0., 0., 0., 0., 1., 1., 1., 0., 1., 1.,
           0., 1.],
          [1., 0., 0., 0., 1., 1., 1., 1., 0., 0., 1., 1., 0., 1., 1., 1., 1.,
           1., 0.],
          [0., 1., 0., 0., 1., 1., 0., 0., 1., 1., 1., 0., 0., 0., 0., 0., 1.,
           0., 1.],
          [1., 0., 1., 1., 0., 1., 1., 1., 1., 0., 0., 1., 0., 1., 0., 1., 0.,
           0., 0.],
          [0., 1., 0., 1., 0., 1., 1., 0., 0., 0., 0., 0., 1., 1., 1., 0., 1.,
           1., 0.],
          [1., 1., 0., 0., 1., 1., 0., 1., 1., 0., 1., 1., 1., 0., 0., 0., 1.,
           1., 1.],
          [0., 0., 1., 0., 0., 1., 1., 0., 1., 0., 1., 0., 0., 1., 0., 0., 0.,
           0., 0.],
          [1., 0., 1., 1., 1., 1., 0., 1., 0., 0., 1., 1., 1., 0., 0., 0., 1.,
           1., 0.],
          [1., 0., 0., 1., 0., 1., 1., 0., 1., 1., 1., 1., 1., 1., 1., 1., 0.,
           1., 1.],
          [0., 0., 0., 0., 1., 1., 0., 1., 1., 1., 1., 0., 1., 1., 0., 1., 1.,
           0., 1.],
          [1., 0., 1., 1., 0., 1., 0., 0., 1., 0., 0., 0., 0., 0., 1., 0., 0.,
           1., 0.],
          [1., 1., 0., 0., 1., 0., 0., 0., 0., 1., 0., 0., 1., 0., 0., 0., 1.,
           1., 1.],
          [1., 1., 1., 0., 0., 1., 1., 0., 0., 1., 0., 0., 1., 0., 1., 0., 1.,
           0., 0.],
          [0., 1., 0., 0., 1., 0., 0., 1., 1., 1., 0., 1., 1., 0., 1., 0., 0.,
           1., 1.],
          [1., 0., 0., 0., 1., 1., 0., 1., 1., 0., 1., 0., 0., 0., 1., 1., 0.,
           1., 0.]]]], device='cuda:0'), tensor([[0.9164]], device='cuda:0'))
2026-01-08 17:09:34 - INFO - [ 0.6723249  -0.49483383  0.01874906  0.05652336  0.01874906  0.05652336
  0.9884703  -0.08975616]
2026-01-08 17:09:34 - INFO - (tensor([[[[1., 0., 0., 1., 0., 0., 1., 1., 0., 0., 1., 1., 0., 1., 1., 0., 0.,
           0., 1.],
          [1., 0., 1., 1., 0., 1., 0., 0., 1., 0., 0., 1., 0., 0., 0., 0., 0.,
           1., 0.],
          [0., 1., 0., 0., 0., 0., 0., 1., 0., 0., 1., 0., 0., 1., 1., 0., 0.,
           0., 0.],
          [1., 1., 0., 1., 0., 1., 1., 0., 1., 1., 0., 1., 0., 0., 1., 0., 0.,
           1., 1.],
          [1., 0., 0., 0., 0., 0., 1., 0., 0., 0., 0., 1., 1., 1., 0., 1., 1.,
           0., 1.],
          [1., 0., 0., 0., 1., 1., 1., 1., 0., 0., 1., 1., 0., 1., 1., 1., 1.,
           1., 0.],
          [0., 1., 0., 0., 1., 1., 0., 0., 1., 1., 1., 0., 0., 0., 0., 0., 1.,
           0., 1.],
          [1., 0., 1., 1., 0., 1., 1., 1., 1., 0., 0., 1., 0., 1., 0., 1., 0.,
           0., 0.],
          [0., 1., 0., 1., 0., 1., 1., 0., 0., 0., 0., 0., 1., 1., 1., 0., 1.,
           1., 0.],
          [1., 1., 0., 0., 1., 1., 0., 1., 1., 0., 1., 1., 1., 0., 0., 0., 1.,
           1., 1.],
          [0., 0., 1., 0., 0., 1., 1., 0., 1., 0., 1., 0., 0., 1., 0., 0., 0.,
           0., 0.],
          [1., 0., 1., 1., 1., 1., 0., 1., 0., 0., 1., 1., 1., 0., 0., 0., 1.,
           1., 0.],
          [1., 0., 0., 1., 0., 1., 1., 0., 1., 1., 1., 1., 1., 1., 1., 1., 0.,
           1., 1.],
          [0., 0., 0., 0., 1., 1., 0., 1., 1., 1., 1., 0., 1., 1., 0., 1., 1.,
           0., 1.],
          [1., 0., 1., 1., 0., 1., 0., 0., 1., 0., 0., 0., 0., 0., 1., 0., 0.,
           1., 0.],
          [1., 1., 0., 0., 1., 0., 0., 0., 0., 1., 0., 0., 1., 0., 0., 0., 1.,
           1., 1.],
          [1., 1., 1., 0., 0., 1., 1., 0., 0., 1., 0., 0., 1., 0., 1., 0., 1.,
           0., 0.],
          [0., 1., 0., 0., 1., 0., 0., 1., 1., 1., 0., 1., 1., 0., 1., 0., 0.,
           1., 1.],
          [1., 0., 0., 0., 1., 1., 0., 1., 1., 0., 1., 0., 0., 0., 1., 1., 0.,
           1., 0.]]]], device='cuda:0'), tensor([[0.9197]], device='cuda:0'))
2026-01-08 17:09:34 - INFO - [ 0.67148334 -0.49614343  0.01886137  0.05668732  0.01886138  0.05668732
  0.9884621  -0.09008805]
2026-01-08 17:09:34 - INFO - (tensor([[[[1., 0., 0., 1., 0., 0., 1., 1., 0., 0., 1., 1., 0., 1., 1., 0., 0.,
           0., 1.],
          [1., 0., 1., 1., 0., 1., 0., 0., 1., 0., 0., 1., 0., 0., 0., 0., 0.,
           1., 0.],
          [0., 1., 0., 0., 0., 0., 0., 1., 0., 0., 1., 0., 0., 1., 1., 0., 0.,
           0., 0.],
          [1., 1., 0., 1., 0., 1., 1., 0., 1., 1., 0., 1., 0., 0., 1., 0., 0.,
           1., 1.],
          [1., 0., 0., 0., 0., 0., 1., 0., 0., 0., 0., 1., 1., 1., 0., 1., 1.,
           0., 1.],
          [1., 0., 0., 0., 1., 1., 1., 1., 0., 0., 1., 1., 0., 1., 1., 1., 1.,
           1., 0.],
          [0., 1., 0., 0., 1., 1., 0., 0., 1., 1., 1., 0., 0., 0., 0., 0., 1.,
           0., 1.],
          [1., 0., 1., 1., 0., 1., 1., 1., 1., 0., 0., 1., 0., 1., 0., 1., 0.,
           0., 0.],
          [0., 1., 0., 1., 0., 1., 1., 0., 0., 0., 0., 0., 1., 1., 1., 0., 1.,
           1., 0.],
          [1., 1., 0., 0., 1., 1., 0., 1., 1., 0., 1., 1., 1., 0., 0., 0., 1.,
           1., 1.],
          [0., 0., 1., 0., 0., 1., 1., 0., 1., 0., 1., 0., 0., 1., 0., 0., 0.,
           0., 0.],
          [1., 0., 1., 1., 1., 1., 0., 1., 0., 0., 1., 1., 1., 0., 0., 0., 1.,
           1., 0.],
          [1., 0., 0., 1., 0., 1., 1., 0., 1., 1., 1., 1., 1., 1., 1., 1., 0.,
           1., 1.],
          [0., 0., 0., 0., 1., 1., 0., 1., 1., 1., 1., 0., 1., 1., 0., 1., 1.,
           0., 1.],
          [1., 0., 1., 1., 0., 1., 0., 0., 1., 0., 0., 0., 0., 0., 1., 0., 0.,
           1., 0.],
          [1., 1., 0., 0., 1., 0., 0., 0., 0., 1., 0., 0., 1., 0., 0., 0., 1.,
           1., 1.],
          [1., 1., 1., 0., 0., 1., 1., 0., 0., 1., 0., 0., 1., 0., 1., 0., 1.,
           0., 0.],
          [0., 1., 0., 0., 1., 0., 0., 1., 1., 1., 0., 1., 1., 0., 1., 0., 0.,
           1., 1.],
          [1., 0., 0., 0., 1., 1., 0., 1., 1., 0., 1., 0., 0., 0., 1., 1., 0.,
           1., 0.]]]], device='cuda:0'), tensor([[0.9231]], device='cuda:0'))
2026-01-08 17:09:34 - INFO - [ 0.6705626  -0.49756795  0.01898666  0.05687582  0.01898666  0.05687582
  0.9884552  -0.09043356]
2026-01-08 17:09:34 - INFO - (tensor([[[[1., 0., 0., 1., 0., 0., 1., 1., 0., 0., 1., 1., 0., 1., 1., 0., 0.,
           0., 1.],
          [1., 0., 1., 1., 0., 1., 0., 0., 1., 0., 0., 1., 0., 0., 0., 0., 0.,
           1., 0.],
          [0., 1., 0., 0., 0., 0., 0., 1., 0., 0., 1., 0., 0., 1., 1., 0., 0.,
           0., 0.],
          [1., 1., 0., 1., 0., 1., 1., 0., 1., 1., 0., 1., 0., 0., 1., 0., 0.,
           1., 1.],
          [1., 0., 0., 0., 0., 0., 1., 0., 0., 0., 0., 1., 1., 1., 0., 1., 1.,
           0., 1.],
          [1., 0., 0., 0., 1., 1., 1., 1., 0., 0., 1., 1., 0., 1., 1., 1., 1.,
           1., 0.],
          [0., 1., 0., 0., 1., 1., 0., 0., 1., 1., 1., 0., 0., 0., 0., 0., 1.,
           0., 1.],
          [1., 0., 1., 1., 0., 1., 1., 1., 1., 0., 0., 1., 0., 1., 0., 1., 0.,
           0., 0.],
          [0., 1., 0., 1., 0., 1., 1., 0., 0., 0., 0., 0., 1., 1., 1., 0., 1.,
           1., 0.],
          [1., 1., 0., 0., 1., 1., 0., 1., 1., 0., 1., 1., 1., 0., 0., 0., 1.,
           1., 1.],
          [0., 0., 1., 0., 0., 1., 1., 0., 1., 0., 1., 0., 0., 1., 0., 0., 0.,
           0., 0.],
          [1., 0., 1., 1., 1., 1., 0., 1., 0., 0., 1., 1., 1., 0., 0., 0., 1.,
           1., 0.],
          [1., 0., 0., 1., 0., 1., 1., 0., 1., 1., 1., 1., 1., 1., 1., 1., 0.,
           1., 1.],
          [0., 0., 0., 0., 1., 1., 0., 1., 1., 1., 1., 0., 1., 1., 0., 1., 1.,
           0., 1.],
          [1., 0., 1., 1., 0., 1., 0., 0., 1., 0., 0., 0., 0., 0., 1., 0., 0.,
           1., 0.],
          [1., 1., 0., 0., 1., 0., 0., 0., 0., 1., 0., 0., 1., 0., 0., 0., 1.,
           1., 1.],
          [1., 1., 1., 0., 0., 1., 1., 0., 0., 1., 0., 0., 1., 0., 1., 0., 1.,
           0., 0.],
          [0., 1., 0., 0., 1., 0., 0., 1., 1., 1., 0., 1., 1., 0., 1., 0., 0.,
           1., 1.],
          [1., 0., 0., 0., 1., 1., 0., 1., 1., 0., 1., 0., 0., 0., 1., 1., 0.,
           1., 0.]]]], device='cuda:0'), tensor([[0.9264]], device='cuda:0'))
2026-01-08 17:09:34 - INFO - [ 0.6696358  -0.49898466  0.01910776  0.05705464  0.01910776  0.05705465
  0.988454   -0.09076152]
2026-01-08 17:09:34 - INFO - (tensor([[[[1., 0., 0., 1., 0., 0., 1., 1., 0., 0., 1., 1., 0., 1., 1., 0., 0.,
           0., 1.],
          [1., 0., 1., 1., 0., 1., 0., 0., 1., 0., 0., 1., 0., 0., 0., 0., 0.,
           1., 0.],
          [0., 1., 0., 0., 0., 0., 0., 1., 0., 0., 1., 0., 0., 1., 1., 0., 0.,
           0., 0.],
          [1., 1., 0., 1., 0., 1., 1., 0., 1., 1., 0., 1., 0., 0., 1., 0., 0.,
           1., 1.],
          [1., 0., 0., 0., 0., 0., 1., 0., 0., 0., 0., 1., 1., 1., 0., 1., 1.,
           0., 1.],
          [1., 0., 0., 0., 1., 1., 1., 1., 0., 0., 1., 1., 0., 1., 1., 1., 1.,
           1., 0.],
          [0., 1., 0., 0., 1., 1., 0., 0., 1., 1., 1., 0., 0., 0., 0., 0., 1.,
           0., 1.],
          [1., 0., 1., 1., 0., 1., 1., 1., 1., 0., 0., 1., 0., 1., 0., 1., 0.,
           0., 0.],
          [0., 1., 0., 1., 0., 1., 1., 0., 0., 0., 0., 0., 1., 1., 1., 0., 1.,
           1., 0.],
          [1., 1., 0., 0., 1., 1., 0., 1., 1., 0., 1., 1., 1., 0., 0., 0., 1.,
           1., 1.],
          [0., 0., 1., 0., 0., 1., 1., 0., 1., 0., 1., 0., 0., 1., 0., 0., 0.,
           0., 0.],
          [1., 0., 1., 1., 1., 1., 0., 1., 0., 0., 1., 1., 1., 0., 0., 0., 1.,
           1., 0.],
          [1., 0., 0., 1., 0., 1., 1., 0., 1., 1., 1., 1., 1., 1., 1., 1., 0.,
           1., 1.],
          [0., 0., 0., 0., 1., 1., 0., 1., 1., 1., 1., 0., 1., 1., 0., 1., 1.,
           0., 1.],
          [1., 0., 1., 1., 0., 1., 0., 0., 1., 0., 0., 0., 0., 0., 1., 0., 0.,
           1., 0.],
          [1., 1., 0., 0., 1., 0., 0., 0., 0., 1., 0., 0., 1., 0., 0., 0., 1.,
           1., 1.],
          [1., 1., 1., 0., 0., 1., 1., 0., 0., 1., 0., 0., 1., 0., 1., 0., 1.,
           0., 0.],
          [0., 1., 0., 0., 1., 0., 0., 1., 1., 1., 0., 1., 1., 0., 1., 0., 0.,
           1., 1.],
          [1., 0., 0., 0., 1., 1., 0., 1., 1., 0., 1., 0., 0., 0., 1., 1., 0.,
           1., 0.]]]], device='cuda:0'), tensor([[0.9298]], device='cuda:0'))
2026-01-08 17:09:34 - INFO - [ 0.6687163  -0.500375    0.01921933  0.05722174  0.01921932  0.05722175
  0.9884616  -0.09107432]
2026-01-08 17:09:35 - INFO - (tensor([[[[1., 0., 0., 1., 0., 0., 1., 1., 0., 0., 1., 1., 0., 1., 1., 0., 0.,
           0., 1.],
          [1., 0., 1., 1., 0., 1., 0., 0., 1., 0., 0., 1., 0., 0., 0., 0., 0.,
           1., 0.],
          [0., 1., 0., 0., 0., 0., 0., 1., 0., 0., 1., 0., 0., 1., 1., 0., 0.,
           0., 0.],
          [1., 1., 0., 1., 0., 1., 1., 0., 1., 1., 0., 1., 0., 0., 1., 0., 0.,
           1., 1.],
          [1., 0., 0., 0., 0., 0., 1., 0., 0., 0., 0., 1., 1., 1., 0., 1., 1.,
           0., 1.],
          [1., 0., 0., 0., 1., 1., 1., 1., 0., 0., 1., 1., 0., 1., 1., 1., 1.,
           1., 0.],
          [0., 1., 0., 0., 1., 1., 0., 0., 1., 1., 1., 0., 0., 0., 0., 0., 1.,
           0., 1.],
          [1., 0., 1., 1., 0., 1., 1., 1., 1., 0., 0., 1., 0., 1., 0., 1., 0.,
           0., 0.],
          [0., 1., 0., 1., 0., 1., 1., 0., 0., 0., 0., 0., 1., 1., 1., 0., 1.,
           1., 0.],
          [1., 1., 0., 0., 1., 1., 0., 1., 1., 0., 1., 1., 1., 0., 0., 0., 1.,
           1., 1.],
          [0., 0., 1., 0., 0., 1., 1., 0., 1., 0., 1., 0., 0., 1., 0., 0., 0.,
           0., 0.],
          [1., 0., 1., 1., 1., 1., 0., 1., 0., 0., 1., 1., 1., 0., 0., 0., 1.,
           1., 0.],
          [1., 0., 0., 1., 0., 1., 1., 0., 1., 1., 1., 1., 1., 1., 1., 1., 0.,
           1., 1.],
          [0., 0., 0., 0., 1., 1., 0., 1., 1., 1., 1., 0., 1., 1., 0., 1., 1.,
           0., 1.],
          [1., 0., 1., 1., 0., 1., 0., 0., 1., 0., 0., 0., 0., 0., 1., 0., 0.,
           1., 0.],
          [1., 1., 0., 0., 1., 0., 0., 0., 0., 1., 0., 0., 1., 0., 0., 0., 1.,
           1., 1.],
          [1., 1., 1., 0., 0., 1., 1., 0., 0., 1., 0., 0., 1., 0., 1., 0., 1.,
           0., 0.],
          [0., 1., 0., 0., 1., 0., 0., 1., 1., 1., 0., 1., 1., 0., 1., 0., 0.,
           1., 1.],
          [1., 0., 0., 0., 1., 1., 0., 1., 1., 0., 1., 0., 0., 0., 1., 1., 0.,
           1., 0.]]]], device='cuda:0'), tensor([[0.9331]], device='cuda:0'))
2026-01-08 17:09:35 - INFO - [ 0.6678035  -0.5017486   0.01932722  0.05737733  0.01932722  0.05737733
  0.9884704  -0.09138092]
2026-01-08 17:09:35 - INFO - (tensor([[[[1., 0., 0., 1., 0., 0., 1., 1., 0., 0., 1., 1., 0., 1., 1., 0., 0.,
           0., 1.],
          [1., 0., 1., 1., 0., 1., 0., 0., 1., 0., 0., 1., 0., 0., 0., 0., 0.,
           1., 0.],
          [0., 1., 0., 0., 0., 0., 0., 1., 0., 0., 1., 0., 0., 1., 1., 0., 0.,
           0., 0.],
          [1., 1., 0., 1., 0., 1., 1., 0., 1., 1., 0., 1., 0., 0., 1., 0., 0.,
           1., 1.],
          [1., 0., 0., 0., 0., 0., 1., 0., 0., 0., 0., 1., 1., 1., 0., 1., 1.,
           0., 1.],
          [1., 0., 0., 0., 1., 1., 1., 1., 0., 0., 1., 1., 0., 1., 1., 1., 1.,
           1., 0.],
          [0., 1., 0., 0., 1., 1., 0., 0., 1., 1., 1., 0., 0., 0., 0., 0., 1.,
           0., 1.],
          [1., 0., 1., 1., 0., 1., 1., 1., 1., 0., 0., 1., 0., 1., 0., 1., 0.,
           0., 0.],
          [0., 1., 0., 1., 0., 1., 1., 0., 0., 0., 0., 0., 1., 1., 1., 0., 1.,
           1., 0.],
          [1., 1., 0., 0., 1., 1., 0., 1., 1., 0., 1., 1., 1., 0., 0., 0., 1.,
           1., 1.],
          [0., 0., 1., 0., 0., 1., 1., 0., 1., 0., 1., 0., 0., 1., 0., 0., 0.,
           0., 0.],
          [1., 0., 1., 1., 1., 1., 0., 1., 0., 0., 1., 1., 1., 0., 0., 0., 1.,
           1., 0.],
          [1., 0., 0., 1., 0., 1., 1., 0., 1., 1., 1., 1., 1., 1., 1., 1., 0.,
           1., 1.],
          [0., 0., 0., 0., 1., 1., 0., 1., 1., 1., 1., 0., 1., 1., 0., 1., 1.,
           0., 1.],
          [1., 0., 1., 1., 0., 1., 0., 0., 1., 0., 0., 0., 0., 0., 1., 0., 0.,
           1., 0.],
          [1., 1., 0., 0., 1., 0., 0., 0., 0., 1., 0., 0., 1., 0., 0., 0., 1.,
           1., 1.],
          [1., 1., 1., 0., 0., 1., 1., 0., 0., 1., 0., 0., 1., 0., 1., 0., 1.,
           0., 0.],
          [0., 1., 0., 0., 1., 0., 0., 1., 1., 1., 0., 1., 1., 0., 1., 0., 0.,
           1., 1.],
          [1., 0., 0., 0., 1., 1., 0., 1., 1., 0., 1., 0., 0., 0., 1., 1., 0.,
           1., 0.]]]], device='cuda:0'), tensor([[0.9365]], device='cuda:0'))
2026-01-08 17:09:35 - INFO - [ 0.66698796 -0.50296     0.01942203  0.05750998  0.01942203  0.05750998
  0.9884772  -0.09164941]
2026-01-08 17:09:35 - INFO - (tensor([[[[1., 0., 0., 1., 0., 0., 1., 1., 0., 0., 1., 1., 0., 1., 1., 0., 0.,
           0., 1.],
          [1., 0., 1., 1., 0., 1., 0., 0., 1., 0., 0., 1., 0., 0., 0., 0., 0.,
           1., 0.],
          [0., 1., 0., 0., 0., 0., 0., 1., 0., 0., 1., 0., 0., 1., 1., 0., 0.,
           0., 0.],
          [1., 1., 0., 1., 0., 1., 1., 0., 1., 1., 0., 1., 0., 0., 1., 0., 0.,
           1., 1.],
          [1., 0., 0., 0., 0., 0., 1., 0., 0., 0., 0., 1., 1., 1., 0., 1., 1.,
           0., 1.],
          [1., 0., 0., 0., 1., 1., 1., 1., 0., 0., 1., 1., 0., 1., 1., 1., 1.,
           1., 0.],
          [0., 1., 0., 0., 1., 1., 0., 0., 1., 1., 1., 0., 0., 0., 0., 0., 1.,
           0., 1.],
          [1., 0., 1., 1., 0., 1., 1., 1., 1., 0., 0., 1., 0., 1., 0., 1., 0.,
           0., 0.],
          [0., 1., 0., 1., 0., 1., 1., 0., 0., 0., 0., 0., 1., 1., 1., 0., 1.,
           1., 0.],
          [1., 1., 0., 0., 1., 1., 0., 1., 1., 0., 1., 1., 1., 0., 0., 0., 1.,
           1., 1.],
          [0., 0., 1., 0., 0., 1., 1., 0., 1., 0., 1., 0., 0., 1., 0., 0., 0.,
           0., 0.],
          [1., 0., 1., 1., 1., 1., 0., 1., 0., 0., 1., 1., 1., 0., 0., 0., 1.,
           1., 0.],
          [1., 0., 0., 1., 0., 1., 1., 0., 1., 1., 1., 1., 1., 1., 1., 1., 0.,
           1., 1.],
          [0., 0., 0., 0., 1., 1., 0., 1., 1., 1., 1., 0., 1., 1., 0., 1., 1.,
           0., 1.],
          [1., 0., 1., 1., 0., 1., 0., 0., 1., 0., 0., 0., 0., 0., 1., 0., 0.,
           1., 0.],
          [1., 1., 0., 0., 1., 0., 0., 0., 0., 1., 0., 0., 1., 0., 0., 0., 1.,
           1., 1.],
          [1., 1., 1., 0., 0., 1., 1., 0., 0., 1., 0., 0., 1., 0., 1., 0., 1.,
           0., 0.],
          [0., 1., 0., 0., 1., 0., 0., 1., 1., 1., 0., 1., 1., 0., 1., 0., 0.,
           1., 1.],
          [1., 0., 0., 0., 1., 1., 0., 1., 1., 0., 1., 0., 0., 0., 1., 1., 0.,
           1., 0.]]]], device='cuda:0'), tensor([[0.9398]], device='cuda:0'))
2026-01-08 17:09:35 - INFO - [ 0.66622263 -0.5040807   0.01950842  0.05762618  0.01950842  0.05762617
  0.98849106 -0.09189676]
2026-01-08 17:09:35 - INFO - (tensor([[[[1., 0., 0., 1., 0., 0., 1., 1., 0., 0., 1., 1., 0., 1., 1., 0., 0.,
           0., 1.],
          [1., 0., 1., 1., 0., 1., 0., 0., 1., 0., 0., 1., 0., 0., 0., 0., 0.,
           1., 0.],
          [0., 1., 0., 0., 0., 0., 0., 1., 0., 0., 1., 0., 0., 1., 1., 0., 0.,
           0., 0.],
          [1., 1., 0., 1., 0., 1., 1., 0., 1., 1., 0., 1., 0., 0., 1., 0., 0.,
           1., 1.],
          [1., 0., 0., 0., 0., 0., 1., 0., 0., 0., 0., 1., 1., 1., 0., 1., 1.,
           0., 1.],
          [1., 0., 0., 0., 1., 1., 1., 1., 0., 0., 1., 1., 0., 1., 1., 1., 1.,
           1., 0.],
          [0., 1., 0., 0., 1., 1., 0., 0., 1., 1., 1., 0., 0., 0., 0., 0., 1.,
           0., 1.],
          [1., 0., 1., 1., 0., 1., 1., 1., 1., 0., 0., 1., 0., 1., 0., 1., 0.,
           0., 0.],
          [0., 1., 0., 1., 0., 1., 1., 0., 0., 0., 0., 0., 1., 1., 1., 0., 1.,
           1., 0.],
          [1., 1., 0., 0., 1., 1., 0., 1., 1., 0., 1., 1., 1., 0., 0., 0., 1.,
           1., 1.],
          [0., 0., 1., 0., 0., 1., 1., 0., 1., 0., 1., 0., 0., 1., 0., 0., 0.,
           0., 0.],
          [1., 0., 1., 1., 1., 1., 0., 1., 0., 0., 1., 1., 1., 0., 0., 0., 1.,
           1., 0.],
          [1., 0., 0., 1., 0., 1., 1., 0., 1., 1., 1., 1., 1., 1., 1., 1., 0.,
           1., 1.],
          [0., 0., 0., 0., 1., 1., 0., 1., 1., 1., 1., 0., 1., 1., 0., 1., 1.,
           0., 1.],
          [1., 0., 1., 1., 0., 1., 0., 0., 1., 0., 0., 0., 0., 0., 1., 0., 0.,
           1., 0.],
          [1., 1., 0., 0., 1., 0., 0., 0., 0., 1., 0., 0., 1., 0., 0., 0., 1.,
           1., 1.],
          [1., 1., 1., 0., 0., 1., 1., 0., 0., 1., 0., 0., 1., 0., 1., 0., 1.,
           0., 0.],
          [0., 1., 0., 0., 1., 0., 0., 1., 1., 1., 0., 1., 1., 0., 1., 0., 0.,
           1., 1.],
          [1., 0., 0., 0., 1., 1., 0., 1., 1., 0., 1., 0., 0., 0., 1., 1., 0.,
           1., 0.]]]], device='cuda:0'), tensor([[0.9431]], device='cuda:0'))
2026-01-08 17:09:35 - INFO - [ 0.66539156 -0.5053266   0.01960251  0.05774796  0.01960249  0.05774797
  0.9885038  -0.09217021]
2026-01-08 17:09:35 - INFO - (tensor([[[[1., 0., 0., 1., 0., 0., 1., 1., 0., 0., 1., 1., 0., 1., 1., 0., 0.,
           0., 1.],
          [1., 0., 1., 1., 0., 1., 0., 0., 1., 0., 0., 1., 0., 0., 0., 0., 0.,
           1., 0.],
          [0., 1., 0., 0., 0., 0., 0., 1., 0., 0., 1., 0., 0., 1., 1., 0., 0.,
           0., 0.],
          [1., 1., 0., 1., 0., 1., 1., 0., 1., 1., 0., 1., 0., 0., 1., 0., 0.,
           1., 1.],
          [1., 0., 0., 0., 0., 0., 1., 0., 0., 0., 0., 1., 1., 1., 0., 1., 1.,
           0., 1.],
          [1., 0., 0., 0., 1., 1., 1., 1., 0., 0., 1., 1., 0., 1., 1., 1., 1.,
           1., 0.],
          [0., 1., 0., 0., 1., 1., 0., 0., 1., 1., 1., 0., 0., 0., 0., 0., 1.,
           0., 1.],
          [1., 0., 1., 1., 0., 1., 1., 1., 1., 0., 0., 1., 0., 1., 0., 1., 0.,
           0., 0.],
          [0., 1., 0., 1., 0., 1., 1., 0., 0., 0., 0., 0., 1., 1., 1., 0., 1.,
           1., 0.],
          [1., 1., 0., 0., 1., 1., 0., 1., 1., 0., 1., 1., 1., 0., 0., 0., 1.,
           1., 1.],
          [0., 0., 1., 0., 0., 1., 1., 0., 1., 0., 1., 0., 0., 1., 0., 0., 0.,
           0., 0.],
          [1., 0., 1., 1., 1., 1., 0., 1., 0., 0., 1., 1., 1., 0., 0., 0., 1.,
           1., 0.],
          [1., 0., 0., 1., 0., 1., 1., 0., 1., 1., 1., 1., 1., 1., 1., 1., 0.,
           1., 1.],
          [0., 0., 0., 0., 1., 1., 0., 1., 1., 1., 1., 0., 1., 1., 0., 1., 1.,
           0., 1.],
          [1., 0., 1., 1., 0., 1., 0., 0., 1., 0., 0., 0., 0., 0., 1., 0., 0.,
           1., 0.],
          [1., 1., 0., 0., 1., 0., 0., 0., 0., 1., 0., 0., 1., 0., 0., 0., 1.,
           1., 1.],
          [1., 1., 1., 0., 0., 1., 1., 0., 0., 1., 0., 0., 1., 0., 1., 0., 1.,
           0., 0.],
          [0., 1., 0., 0., 1., 0., 0., 1., 1., 1., 0., 1., 1., 0., 1., 0., 0.,
           1., 1.],
          [1., 0., 0., 0., 1., 1., 0., 1., 1., 0., 1., 0., 0., 0., 1., 1., 0.,
           1., 0.]]]], device='cuda:0'), tensor([[0.9465]], device='cuda:0'))
2026-01-08 17:09:35 - INFO - [ 0.6644265  -0.5068187   0.01971339  0.05788073  0.01971339  0.05788072
  0.988509   -0.09249218]
2026-01-08 17:09:35 - INFO - (tensor([[[[1., 0., 0., 1., 0., 0., 1., 1., 0., 0., 1., 1., 0., 1., 1., 0., 0.,
           0., 1.],
          [1., 0., 1., 1., 0., 1., 0., 0., 1., 0., 0., 1., 0., 0., 0., 0., 0.,
           1., 0.],
          [0., 1., 0., 0., 0., 0., 0., 1., 0., 0., 1., 0., 0., 1., 1., 0., 0.,
           0., 0.],
          [1., 1., 0., 1., 0., 1., 1., 0., 1., 1., 0., 1., 0., 0., 1., 0., 0.,
           1., 1.],
          [1., 0., 0., 0., 0., 0., 1., 0., 0., 0., 0., 1., 1., 1., 0., 1., 1.,
           0., 1.],
          [1., 0., 0., 0., 1., 1., 1., 1., 0., 0., 1., 1., 0., 1., 1., 1., 1.,
           1., 0.],
          [0., 1., 0., 0., 1., 1., 0., 0., 1., 1., 1., 0., 0., 0., 0., 0., 1.,
           0., 1.],
          [1., 0., 1., 1., 0., 1., 1., 1., 1., 0., 0., 1., 0., 1., 0., 1., 0.,
           0., 0.],
          [0., 1., 0., 1., 0., 1., 1., 0., 0., 0., 0., 0., 1., 1., 1., 0., 1.,
           1., 0.],
          [1., 1., 0., 0., 1., 1., 0., 1., 1., 0., 1., 1., 1., 0., 0., 0., 1.,
           1., 1.],
          [0., 0., 1., 0., 0., 1., 1., 0., 1., 0., 1., 0., 0., 1., 0., 0., 0.,
           0., 0.],
          [1., 0., 1., 1., 1., 1., 0., 1., 0., 0., 1., 1., 1., 0., 0., 0., 1.,
           1., 0.],
          [1., 0., 0., 1., 0., 1., 1., 0., 1., 1., 1., 1., 1., 1., 1., 1., 0.,
           1., 1.],
          [0., 0., 0., 0., 1., 1., 0., 1., 1., 1., 1., 0., 1., 1., 0., 1., 1.,
           0., 1.],
          [1., 0., 1., 1., 0., 1., 0., 0., 1., 0., 0., 0., 0., 0., 1., 0., 0.,
           1., 0.],
          [1., 1., 0., 0., 1., 0., 0., 0., 0., 1., 0., 0., 1., 0., 0., 0., 1.,
           1., 1.],
          [1., 1., 1., 0., 0., 1., 1., 0., 0., 1., 0., 0., 1., 0., 1., 0., 1.,
           0., 0.],
          [0., 1., 0., 0., 1., 0., 0., 1., 1., 1., 0., 1., 1., 0., 1., 0., 0.,
           1., 1.],
          [1., 0., 0., 0., 1., 1., 0., 1., 1., 0., 1., 0., 0., 0., 1., 1., 0.,
           1., 0.]]]], device='cuda:0'), tensor([[0.9498]], device='cuda:0'))
2026-01-08 17:09:35 - INFO - [ 0.6634064  -0.50838435  0.0198288   0.0580179   0.0198288   0.0580179
  0.9885096  -0.09283518]
2026-01-08 17:09:35 - INFO - (tensor([[[[1., 0., 0., 1., 0., 0., 1., 1., 0., 0., 1., 1., 0., 1., 1., 0., 0.,
           0., 1.],
          [1., 0., 1., 1., 0., 1., 0., 0., 1., 0., 0., 1., 0., 0., 0., 0., 0.,
           1., 0.],
          [0., 1., 0., 0., 0., 0., 0., 1., 0., 0., 1., 0., 0., 1., 1., 0., 0.,
           0., 0.],
          [1., 1., 0., 1., 0., 1., 1., 0., 1., 1., 0., 1., 0., 0., 1., 0., 0.,
           1., 1.],
          [1., 0., 0., 0., 0., 0., 1., 0., 0., 0., 0., 1., 1., 1., 0., 1., 1.,
           0., 1.],
          [1., 0., 0., 0., 1., 1., 1., 1., 0., 0., 1., 1., 0., 1., 1., 1., 1.,
           1., 0.],
          [0., 1., 0., 0., 1., 1., 0., 0., 1., 1., 1., 0., 0., 0., 0., 0., 1.,
           0., 1.],
          [1., 0., 1., 1., 0., 1., 1., 1., 1., 0., 0., 1., 0., 1., 0., 1., 0.,
           0., 0.],
          [0., 1., 0., 1., 0., 1., 1., 0., 0., 0., 0., 0., 1., 1., 1., 0., 1.,
           1., 0.],
          [1., 1., 0., 0., 1., 1., 0., 1., 1., 0., 1., 1., 1., 0., 0., 0., 1.,
           1., 1.],
          [0., 0., 1., 0., 0., 1., 1., 0., 1., 0., 1., 0., 0., 1., 0., 0., 0.,
           0., 0.],
          [1., 0., 1., 1., 1., 1., 0., 1., 0., 0., 1., 1., 1., 0., 0., 0., 1.,
           1., 0.],
          [1., 0., 0., 1., 0., 1., 1., 0., 1., 1., 1., 1., 1., 1., 1., 1., 0.,
           1., 1.],
          [0., 0., 0., 0., 1., 1., 0., 1., 1., 1., 1., 0., 1., 1., 0., 1., 1.,
           0., 1.],
          [1., 0., 1., 1., 0., 1., 0., 0., 1., 0., 0., 0., 0., 0., 1., 0., 0.,
           1., 0.],
          [1., 1., 0., 0., 1., 0., 0., 0., 0., 1., 0., 0., 1., 0., 0., 0., 1.,
           1., 1.],
          [1., 1., 1., 0., 0., 1., 1., 0., 0., 1., 0., 0., 1., 0., 1., 0., 1.,
           0., 0.],
          [0., 1., 0., 0., 1., 0., 0., 1., 1., 1., 0., 1., 1., 0., 1., 0., 0.,
           1., 1.],
          [1., 0., 0., 0., 1., 1., 0., 1., 1., 0., 1., 0., 0., 0., 1., 1., 0.,
           1., 0.]]]], device='cuda:0'), tensor([[0.9532]], device='cuda:0'))
2026-01-08 17:09:35 - INFO - [ 0.66248494 -0.5097772   0.01993306  0.05814264  0.01993306  0.05814264
  0.9885176  -0.09315498]
2026-01-08 17:09:35 - INFO - (tensor([[[[1., 0., 0., 1., 0., 0., 1., 1., 0., 0., 1., 1., 0., 1., 1., 0., 0.,
           0., 1.],
          [1., 0., 1., 1., 0., 1., 0., 0., 1., 0., 0., 1., 0., 0., 0., 0., 0.,
           1., 0.],
          [0., 1., 0., 0., 0., 0., 0., 1., 0., 0., 1., 0., 0., 1., 1., 0., 0.,
           0., 0.],
          [1., 1., 0., 1., 0., 1., 1., 0., 1., 1., 0., 1., 0., 0., 1., 0., 0.,
           1., 1.],
          [1., 0., 0., 0., 0., 0., 1., 0., 0., 0., 0., 1., 1., 1., 0., 1., 1.,
           0., 1.],
          [1., 0., 0., 0., 1., 1., 1., 1., 0., 0., 1., 1., 0., 1., 1., 1., 1.,
           1., 0.],
          [0., 1., 0., 0., 1., 1., 0., 0., 1., 1., 1., 0., 0., 0., 0., 0., 1.,
           0., 1.],
          [1., 0., 1., 1., 0., 1., 1., 1., 1., 0., 0., 1., 0., 1., 0., 1., 0.,
           0., 0.],
          [0., 1., 0., 1., 0., 1., 1., 0., 0., 0., 0., 0., 1., 1., 1., 0., 1.,
           1., 0.],
          [1., 1., 0., 0., 1., 1., 0., 1., 1., 0., 1., 1., 1., 0., 0., 0., 1.,
           1., 1.],
          [0., 0., 1., 0., 0., 1., 1., 0., 1., 0., 1., 0., 0., 1., 0., 0., 0.,
           0., 0.],
          [1., 0., 1., 1., 1., 1., 0., 1., 0., 0., 1., 1., 1., 0., 0., 0., 1.,
           1., 0.],
          [1., 0., 0., 1., 0., 1., 1., 0., 1., 1., 1., 1., 1., 1., 1., 1., 0.,
           1., 1.],
          [0., 0., 0., 0., 1., 1., 0., 1., 1., 1., 1., 0., 1., 1., 0., 1., 1.,
           0., 1.],
          [1., 0., 1., 1., 0., 1., 0., 0., 1., 0., 0., 0., 0., 0., 1., 0., 0.,
           1., 0.],
          [1., 1., 0., 0., 1., 0., 0., 0., 0., 1., 0., 0., 1., 0., 0., 0., 1.,
           1., 1.],
          [1., 1., 1., 0., 0., 1., 1., 0., 0., 1., 0., 0., 1., 0., 1., 0., 1.,
           0., 0.],
          [0., 1., 0., 0., 1., 0., 0., 1., 1., 1., 0., 1., 1., 0., 1., 0., 0.,
           1., 1.],
          [1., 0., 0., 0., 1., 1., 0., 1., 1., 0., 1., 0., 0., 0., 1., 1., 0.,
           1., 0.]]]], device='cuda:0'), tensor([[0.9565]], device='cuda:0'))
2026-01-08 17:09:35 - INFO - [ 0.66163146 -0.51105124  0.02003171  0.05826427  0.0200317   0.05826428
  0.9885298  -0.09344786]
2026-01-08 17:09:35 - INFO - (tensor([[[[1., 0., 0., 1., 0., 0., 1., 1., 0., 0., 1., 1., 0., 1., 1., 0., 0.,
           0., 1.],
          [1., 0., 1., 1., 0., 1., 0., 0., 1., 0., 0., 1., 0., 0., 0., 0., 0.,
           1., 0.],
          [0., 1., 0., 0., 0., 0., 0., 1., 0., 0., 1., 0., 0., 1., 1., 0., 0.,
           0., 0.],
          [1., 1., 0., 1., 0., 1., 1., 0., 1., 1., 0., 1., 0., 0., 1., 0., 0.,
           1., 1.],
          [1., 0., 0., 0., 0., 0., 1., 0., 0., 0., 0., 1., 1., 1., 0., 1., 1.,
           0., 1.],
          [1., 0., 0., 0., 1., 1., 1., 1., 0., 0., 1., 1., 0., 1., 1., 1., 1.,
           1., 0.],
          [0., 1., 0., 0., 1., 1., 0., 0., 1., 1., 1., 0., 0., 0., 0., 0., 1.,
           0., 1.],
          [1., 0., 1., 1., 0., 1., 1., 1., 1., 0., 0., 1., 0., 1., 0., 1., 0.,
           0., 0.],
          [0., 1., 0., 1., 0., 1., 1., 0., 0., 0., 0., 0., 1., 1., 1., 0., 1.,
           1., 0.],
          [1., 1., 0., 0., 1., 1., 0., 1., 1., 0., 1., 1., 1., 0., 0., 0., 1.,
           1., 1.],
          [0., 0., 1., 0., 0., 1., 1., 0., 1., 0., 1., 0., 0., 1., 0., 0., 0.,
           0., 0.],
          [1., 0., 1., 1., 1., 1., 0., 1., 0., 0., 1., 1., 1., 0., 0., 0., 1.,
           1., 0.],
          [1., 0., 0., 1., 0., 1., 1., 0., 1., 1., 1., 1., 1., 1., 1., 1., 0.,
           1., 1.],
          [0., 0., 0., 0., 1., 1., 0., 1., 1., 1., 1., 0., 1., 1., 0., 1., 1.,
           0., 1.],
          [1., 0., 1., 1., 0., 1., 0., 0., 1., 0., 0., 0., 0., 0., 1., 0., 0.,
           1., 0.],
          [1., 1., 0., 0., 1., 0., 0., 0., 0., 1., 0., 0., 1., 0., 0., 0., 1.,
           1., 1.],
          [1., 1., 1., 0., 0., 1., 1., 0., 0., 1., 0., 0., 1., 0., 1., 0., 1.,
           0., 0.],
          [0., 1., 0., 0., 1., 0., 0., 1., 1., 1., 0., 1., 1., 0., 1., 0., 0.,
           1., 1.],
          [1., 0., 0., 0., 1., 1., 0., 1., 1., 0., 1., 0., 0., 0., 1., 1., 0.,
           1., 0.]]]], device='cuda:0'), tensor([[0.9599]], device='cuda:0'))
2026-01-08 17:09:35 - INFO - [ 0.66064835 -0.5125214   0.02014321  0.05840085  0.02014321  0.05840083
  0.9885376  -0.09378575]
2026-01-08 17:09:35 - INFO - (tensor([[[[1., 0., 0., 1., 0., 0., 1., 1., 0., 0., 1., 1., 0., 1., 1., 0., 0.,
           0., 1.],
          [1., 0., 1., 1., 0., 1., 0., 0., 1., 0., 0., 1., 0., 0., 0., 0., 0.,
           1., 0.],
          [0., 1., 0., 0., 0., 0., 0., 1., 0., 0., 1., 0., 0., 1., 1., 0., 0.,
           0., 0.],
          [1., 1., 0., 1., 0., 1., 1., 0., 1., 1., 0., 1., 0., 0., 1., 0., 0.,
           1., 1.],
          [1., 0., 0., 0., 0., 0., 1., 0., 0., 0., 0., 1., 1., 1., 0., 1., 1.,
           0., 1.],
          [1., 0., 0., 0., 1., 1., 1., 1., 0., 0., 1., 1., 0., 1., 1., 1., 1.,
           1., 0.],
          [0., 1., 0., 0., 1., 1., 0., 0., 1., 1., 1., 0., 0., 0., 0., 0., 1.,
           0., 1.],
          [1., 0., 1., 1., 0., 1., 1., 1., 1., 0., 0., 1., 0., 1., 0., 1., 0.,
           0., 0.],
          [0., 1., 0., 1., 0., 1., 1., 0., 0., 0., 0., 0., 1., 1., 1., 0., 1.,
           1., 0.],
          [1., 1., 0., 0., 1., 1., 0., 1., 1., 0., 1., 1., 1., 0., 0., 0., 1.,
           1., 1.],
          [0., 0., 1., 0., 0., 1., 1., 0., 1., 0., 1., 0., 0., 1., 0., 0., 0.,
           0., 0.],
          [1., 0., 1., 1., 1., 1., 0., 1., 0., 0., 1., 1., 1., 0., 0., 0., 1.,
           1., 0.],
          [1., 0., 0., 1., 0., 1., 1., 0., 1., 1., 1., 1., 1., 1., 1., 1., 0.,
           1., 1.],
          [0., 0., 0., 0., 1., 1., 0., 1., 1., 1., 1., 0., 1., 1., 0., 1., 1.,
           0., 1.],
          [1., 0., 1., 1., 0., 1., 0., 0., 1., 0., 0., 0., 0., 0., 1., 0., 0.,
           1., 0.],
          [1., 1., 0., 0., 1., 0., 0., 0., 0., 1., 0., 0., 1., 0., 0., 0., 1.,
           1., 1.],
          [1., 1., 1., 0., 0., 1., 1., 0., 0., 1., 0., 0., 1., 0., 1., 0., 1.,
           0., 0.],
          [0., 1., 0., 0., 1., 0., 0., 1., 1., 1., 0., 1., 1., 0., 1., 0., 0.,
           1., 1.],
          [1., 0., 0., 0., 1., 1., 0., 1., 1., 0., 1., 0., 0., 0., 1., 1., 0.,
           1., 0.]]]], device='cuda:0'), tensor([[0.9632]], device='cuda:0'))
2026-01-08 17:09:35 - INFO - [ 0.6595314  -0.5142005   0.02026417  0.05855154  0.02026417  0.05855154
  0.9885326  -0.09416832]
2026-01-08 17:09:35 - INFO - (tensor([[[[1., 0., 0., 1., 0., 0., 1., 1., 0., 0., 1., 1., 0., 1., 1., 0., 0.,
           0., 1.],
          [1., 0., 1., 1., 0., 1., 0., 0., 1., 0., 0., 1., 0., 0., 0., 0., 0.,
           1., 0.],
          [0., 1., 0., 0., 0., 0., 0., 1., 0., 0., 1., 0., 0., 1., 1., 0., 0.,
           0., 0.],
          [1., 1., 0., 1., 0., 1., 1., 0., 1., 1., 0., 1., 0., 0., 1., 0., 0.,
           1., 1.],
          [1., 0., 0., 0., 0., 0., 1., 0., 0., 0., 0., 1., 1., 1., 0., 1., 1.,
           0., 1.],
          [1., 0., 0., 0., 1., 1., 1., 1., 0., 0., 1., 1., 0., 1., 1., 1., 1.,
           1., 0.],
          [0., 1., 0., 0., 1., 1., 0., 0., 1., 1., 1., 0., 0., 0., 0., 0., 1.,
           0., 1.],
          [1., 0., 1., 1., 0., 1., 1., 1., 1., 0., 0., 1., 0., 1., 0., 1., 0.,
           0., 0.],
          [0., 1., 0., 1., 0., 1., 1., 0., 0., 0., 0., 0., 1., 1., 1., 0., 1.,
           1., 0.],
          [1., 1., 0., 0., 1., 1., 0., 1., 1., 0., 1., 1., 1., 0., 0., 0., 1.,
           1., 1.],
          [0., 0., 1., 0., 0., 1., 1., 0., 1., 0., 1., 0., 0., 1., 0., 0., 0.,
           0., 0.],
          [1., 0., 1., 1., 1., 1., 0., 1., 0., 0., 1., 1., 1., 0., 0., 0., 1.,
           1., 0.],
          [1., 0., 0., 1., 0., 1., 1., 0., 1., 1., 1., 1., 1., 1., 1., 1., 0.,
           1., 1.],
          [0., 0., 0., 0., 1., 1., 0., 1., 1., 1., 1., 0., 1., 1., 0., 1., 1.,
           0., 1.],
          [1., 0., 1., 1., 0., 1., 0., 0., 1., 0., 0., 0., 0., 0., 1., 0., 0.,
           1., 0.],
          [1., 1., 0., 0., 1., 0., 0., 0., 0., 1., 0., 0., 1., 0., 0., 0., 1.,
           1., 1.],
          [1., 1., 1., 0., 0., 1., 1., 0., 0., 1., 0., 0., 1., 0., 1., 0., 1.,
           0., 0.],
          [0., 1., 0., 0., 1., 0., 0., 1., 1., 1., 0., 1., 1., 0., 1., 0., 0.,
           1., 1.],
          [1., 0., 0., 0., 1., 1., 0., 1., 1., 0., 1., 0., 0., 0., 1., 1., 0.,
           1., 0.]]]], device='cuda:0'), tensor([[0.9666]], device='cuda:0'))
2026-01-08 17:09:35 - INFO - [ 0.6583479  -0.5159654   0.02038941  0.05870971  0.02038941  0.0587097
  0.98852295 -0.09456615]
2026-01-08 17:09:35 - INFO - (tensor([[[[1., 0., 0., 1., 0., 0., 1., 1., 0., 0., 1., 1., 0., 1., 1., 0., 0.,
           0., 1.],
          [1., 0., 1., 1., 0., 1., 0., 0., 1., 0., 0., 1., 0., 0., 0., 0., 0.,
           1., 0.],
          [0., 1., 0., 0., 0., 0., 0., 1., 0., 0., 1., 0., 0., 1., 1., 0., 0.,
           0., 0.],
          [1., 1., 0., 1., 0., 1., 1., 0., 1., 1., 0., 1., 0., 0., 1., 0., 0.,
           1., 1.],
          [1., 0., 0., 0., 0., 0., 1., 0., 0., 0., 0., 1., 1., 1., 0., 1., 1.,
           0., 1.],
          [1., 0., 0., 0., 1., 1., 1., 1., 0., 0., 1., 1., 0., 1., 1., 1., 1.,
           1., 0.],
          [0., 1., 0., 0., 1., 1., 0., 0., 1., 1., 1., 0., 0., 0., 0., 0., 1.,
           0., 1.],
          [1., 0., 1., 1., 0., 1., 1., 1., 1., 0., 0., 1., 0., 1., 0., 1., 0.,
           0., 0.],
          [0., 1., 0., 1., 0., 1., 1., 0., 0., 0., 0., 0., 1., 1., 1., 0., 1.,
           1., 0.],
          [1., 1., 0., 0., 1., 1., 0., 1., 1., 0., 1., 1., 1., 0., 0., 0., 1.,
           1., 1.],
          [0., 0., 1., 0., 0., 1., 1., 0., 1., 0., 1., 0., 0., 1., 0., 0., 0.,
           0., 0.],
          [1., 0., 1., 1., 1., 1., 0., 1., 0., 0., 1., 1., 1., 0., 0., 0., 1.,
           1., 0.],
          [1., 0., 0., 1., 0., 1., 1., 0., 1., 1., 1., 1., 1., 1., 1., 1., 0.,
           1., 1.],
          [0., 0., 0., 0., 1., 1., 0., 1., 1., 1., 1., 0., 1., 1., 0., 1., 1.,
           0., 1.],
          [1., 0., 1., 1., 0., 1., 0., 0., 1., 0., 0., 0., 0., 0., 1., 0., 0.,
           1., 0.],
          [1., 1., 0., 0., 1., 0., 0., 0., 0., 1., 0., 0., 1., 0., 0., 0., 1.,
           1., 1.],
          [1., 1., 1., 0., 0., 1., 1., 0., 0., 1., 0., 0., 1., 0., 1., 0., 1.,
           0., 0.],
          [0., 1., 0., 0., 1., 0., 0., 1., 1., 1., 0., 1., 1., 0., 1., 0., 0.,
           1., 1.],
          [1., 0., 0., 0., 1., 1., 0., 1., 1., 0., 1., 0., 0., 0., 1., 1., 0.,
           1., 0.]]]], device='cuda:0'), tensor([[0.9699]], device='cuda:0'))
2026-01-08 17:09:35 - INFO - [ 0.65716136 -0.5177122   0.02051293  0.05886457  0.02051292  0.05886457
  0.98851967 -0.09494874]
2026-01-08 17:09:35 - INFO - (tensor([[[[1., 0., 0., 1., 0., 0., 1., 1., 0., 0., 1., 1., 0., 1., 1., 0., 0.,
           0., 1.],
          [1., 0., 1., 1., 0., 1., 0., 0., 1., 0., 0., 1., 0., 0., 0., 0., 0.,
           1., 0.],
          [0., 1., 0., 0., 0., 0., 0., 1., 0., 0., 1., 0., 0., 1., 1., 0., 0.,
           0., 0.],
          [1., 1., 0., 1., 0., 1., 1., 0., 1., 1., 0., 1., 0., 0., 1., 0., 0.,
           1., 1.],
          [1., 0., 0., 0., 0., 0., 1., 0., 0., 0., 0., 1., 1., 1., 0., 1., 1.,
           0., 1.],
          [1., 0., 0., 0., 1., 1., 1., 1., 0., 0., 1., 1., 0., 1., 1., 1., 1.,
           1., 0.],
          [0., 1., 0., 0., 1., 1., 0., 0., 1., 1., 1., 0., 0., 0., 0., 0., 1.,
           0., 1.],
          [1., 0., 1., 1., 0., 1., 1., 1., 1., 0., 0., 1., 0., 1., 0., 1., 0.,
           0., 0.],
          [0., 1., 0., 1., 0., 1., 1., 0., 0., 0., 0., 0., 1., 1., 1., 0., 1.,
           1., 0.],
          [1., 1., 0., 0., 1., 1., 0., 1., 1., 0., 1., 1., 1., 0., 0., 0., 1.,
           1., 1.],
          [0., 0., 1., 0., 0., 1., 1., 0., 1., 0., 1., 0., 0., 1., 0., 0., 0.,
           0., 0.],
          [1., 0., 1., 1., 1., 1., 0., 1., 0., 0., 1., 1., 1., 0., 0., 0., 1.,
           1., 0.],
          [1., 0., 0., 1., 0., 1., 1., 0., 1., 1., 1., 1., 1., 1., 1., 1., 0.,
           1., 1.],
          [0., 0., 0., 0., 1., 1., 0., 1., 1., 1., 1., 0., 1., 1., 0., 1., 1.,
           0., 1.],
          [1., 0., 1., 1., 0., 1., 0., 0., 1., 0., 0., 0., 0., 0., 1., 0., 0.,
           1., 0.],
          [1., 1., 0., 0., 1., 0., 0., 0., 0., 1., 0., 0., 1., 0., 0., 0., 1.,
           1., 1.],
          [1., 1., 1., 0., 0., 1., 1., 0., 0., 1., 0., 0., 1., 0., 1., 0., 1.,
           0., 0.],
          [0., 1., 0., 0., 1., 0., 0., 1., 1., 1., 0., 1., 1., 0., 1., 0., 0.,
           1., 1.],
          [1., 0., 0., 0., 1., 1., 0., 1., 1., 0., 1., 0., 0., 0., 1., 1., 0.,
           1., 0.]]]], device='cuda:0'), tensor([[0.9732]], device='cuda:0'))
2026-01-08 17:09:35 - INFO - [ 0.65604234 -0.519335    0.02063044  0.05901118  0.02063043  0.05901117
  0.98850936 -0.09530711]
2026-01-08 17:09:35 - INFO - (tensor([[[[1., 0., 0., 1., 0., 0., 1., 1., 0., 0., 1., 1., 0., 1., 1., 0., 0.,
           0., 1.],
          [1., 0., 1., 1., 0., 1., 0., 0., 1., 0., 0., 1., 0., 0., 0., 0., 0.,
           1., 0.],
          [0., 1., 0., 0., 0., 0., 0., 1., 0., 0., 1., 0., 0., 1., 1., 0., 0.,
           0., 0.],
          [1., 1., 0., 1., 0., 1., 1., 0., 1., 1., 0., 1., 0., 0., 1., 0., 0.,
           1., 1.],
          [1., 0., 0., 0., 0., 0., 1., 0., 0., 0., 0., 1., 1., 1., 0., 1., 1.,
           0., 1.],
          [1., 0., 0., 0., 1., 1., 1., 1., 0., 0., 1., 1., 0., 1., 1., 1., 1.,
           1., 0.],
          [0., 1., 0., 0., 1., 1., 0., 0., 1., 1., 1., 0., 0., 0., 0., 0., 1.,
           0., 1.],
          [1., 0., 1., 1., 0., 1., 1., 1., 1., 0., 0., 1., 0., 1., 0., 1., 0.,
           0., 0.],
          [0., 1., 0., 1., 0., 1., 1., 0., 0., 0., 0., 0., 1., 1., 1., 0., 1.,
           1., 0.],
          [1., 1., 0., 0., 1., 1., 0., 1., 1., 0., 1., 1., 1., 0., 0., 0., 1.,
           1., 1.],
          [0., 0., 1., 0., 0., 1., 1., 0., 1., 0., 1., 0., 0., 1., 0., 0., 0.,
           0., 0.],
          [1., 0., 1., 1., 1., 1., 0., 1., 0., 0., 1., 1., 1., 0., 0., 0., 1.,
           1., 0.],
          [1., 0., 0., 1., 0., 1., 1., 0., 1., 1., 1., 1., 1., 1., 1., 1., 0.,
           1., 1.],
          [0., 0., 0., 0., 1., 1., 0., 1., 1., 1., 1., 0., 1., 1., 0., 1., 1.,
           0., 1.],
          [1., 0., 1., 1., 0., 1., 0., 0., 1., 0., 0., 0., 0., 0., 1., 0., 0.,
           1., 0.],
          [1., 1., 0., 0., 1., 0., 0., 0., 0., 1., 0., 0., 1., 0., 0., 0., 1.,
           1., 1.],
          [1., 1., 1., 0., 0., 1., 1., 0., 0., 1., 0., 0., 1., 0., 1., 0., 1.,
           0., 0.],
          [0., 1., 0., 0., 1., 0., 0., 1., 1., 1., 0., 1., 1., 0., 1., 0., 0.,
           1., 1.],
          [1., 0., 0., 0., 1., 1., 0., 1., 1., 0., 1., 0., 0., 0., 1., 1., 0.,
           1., 0.]]]], device='cuda:0'), tensor([[0.9766]], device='cuda:0'))
2026-01-08 17:09:35 - INFO - [ 0.65549463 -0.5200996   0.0207018   0.05909792  0.0207018   0.05909791
  0.9884609  -0.09549695]
2026-01-08 17:09:35 - INFO - (tensor([[[[1., 0., 0., 1., 0., 0., 1., 1., 0., 0., 1., 1., 0., 1., 1., 0., 0.,
           0., 1.],
          [1., 0., 1., 1., 0., 1., 0., 0., 1., 0., 0., 1., 0., 0., 0., 0., 0.,
           1., 0.],
          [0., 1., 0., 0., 0., 0., 0., 1., 0., 0., 1., 0., 0., 1., 1., 0., 0.,
           0., 0.],
          [1., 1., 0., 1., 0., 1., 1., 0., 1., 1., 0., 1., 0., 0., 1., 0., 0.,
           1., 1.],
          [1., 0., 0., 0., 0., 0., 1., 0., 0., 0., 0., 1., 1., 1., 0., 1., 1.,
           0., 1.],
          [1., 0., 0., 0., 1., 1., 1., 1., 0., 0., 1., 1., 0., 1., 1., 1., 1.,
           1., 0.],
          [0., 1., 0., 0., 1., 1., 0., 0., 1., 1., 1., 0., 0., 0., 0., 0., 1.,
           0., 1.],
          [1., 0., 1., 1., 0., 1., 1., 1., 1., 0., 0., 1., 0., 1., 0., 1., 0.,
           0., 0.],
          [0., 1., 0., 1., 0., 1., 1., 0., 0., 0., 0., 0., 1., 1., 1., 0., 1.,
           1., 0.],
          [1., 1., 0., 0., 1., 1., 0., 1., 1., 0., 1., 1., 1., 0., 0., 0., 1.,
           1., 1.],
          [0., 0., 1., 0., 0., 1., 1., 0., 1., 0., 1., 0., 0., 1., 0., 0., 0.,
           0., 0.],
          [1., 0., 1., 1., 1., 1., 0., 1., 0., 0., 1., 1., 1., 0., 0., 0., 1.,
           1., 0.],
          [1., 0., 0., 1., 0., 1., 1., 0., 1., 1., 1., 1., 1., 1., 1., 1., 0.,
           1., 1.],
          [0., 0., 0., 0., 1., 1., 0., 1., 1., 1., 1., 0., 1., 1., 0., 1., 1.,
           0., 1.],
          [1., 0., 1., 1., 0., 1., 0., 0., 1., 0., 0., 0., 0., 0., 1., 0., 0.,
           1., 0.],
          [1., 1., 0., 0., 1., 0., 0., 0., 0., 1., 0., 0., 1., 0., 0., 0., 1.,
           1., 1.],
          [1., 1., 1., 0., 0., 1., 1., 0., 0., 1., 0., 0., 1., 0., 1., 0., 1.,
           0., 0.],
          [0., 1., 0., 0., 1., 0., 0., 1., 1., 1., 0., 1., 1., 0., 1., 0., 0.,
           1., 1.],
          [1., 0., 0., 0., 1., 1., 0., 1., 1., 0., 1., 0., 0., 0., 1., 1., 0.,
           1., 0.]]]], device='cuda:0'), tensor([[0.9799]], device='cuda:0'))
2026-01-08 17:09:35 - INFO - [ 0.6548302  -0.5210113   0.02077261  0.05918293  0.02077261  0.05918293
  0.9883913  -0.09568573]
2026-01-08 17:09:35 - INFO - (tensor([[[[1., 0., 0., 1., 0., 0., 1., 1., 0., 0., 1., 1., 0., 1., 1., 0., 0.,
           0., 1.],
          [1., 0., 1., 1., 0., 1., 0., 0., 1., 0., 0., 1., 0., 0., 0., 0., 0.,
           1., 0.],
          [0., 1., 0., 0., 0., 0., 0., 1., 0., 0., 1., 0., 0., 1., 1., 0., 0.,
           0., 0.],
          [1., 1., 0., 1., 0., 1., 1., 0., 1., 1., 0., 1., 0., 0., 1., 0., 0.,
           1., 1.],
          [1., 0., 0., 0., 0., 0., 1., 0., 0., 0., 0., 1., 1., 1., 0., 1., 1.,
           0., 1.],
          [1., 0., 0., 0., 1., 1., 1., 1., 0., 0., 1., 1., 0., 1., 1., 1., 1.,
           1., 0.],
          [0., 1., 0., 0., 1., 1., 0., 0., 1., 1., 1., 0., 0., 0., 0., 0., 1.,
           0., 1.],
          [1., 0., 1., 1., 0., 1., 1., 1., 1., 0., 0., 1., 0., 1., 0., 1., 0.,
           0., 0.],
          [0., 1., 0., 1., 0., 1., 1., 0., 0., 0., 0., 0., 1., 1., 1., 0., 1.,
           1., 0.],
          [1., 1., 0., 0., 1., 1., 0., 1., 1., 0., 1., 1., 1., 0., 0., 0., 1.,
           1., 1.],
          [0., 0., 1., 0., 0., 1., 1., 0., 1., 0., 1., 0., 0., 1., 0., 0., 0.,
           0., 0.],
          [1., 0., 1., 1., 1., 1., 0., 1., 0., 0., 1., 1., 1., 0., 0., 0., 1.,
           1., 0.],
          [1., 0., 0., 1., 0., 1., 1., 0., 1., 1., 1., 1., 1., 1., 1., 1., 0.,
           1., 1.],
          [0., 0., 0., 0., 1., 1., 0., 1., 1., 1., 1., 0., 1., 1., 0., 1., 1.,
           0., 1.],
          [1., 0., 1., 1., 0., 1., 0., 0., 1., 0., 0., 0., 0., 0., 1., 0., 0.,
           1., 0.],
          [1., 1., 0., 0., 1., 0., 0., 0., 0., 1., 0., 0., 1., 0., 0., 0., 1.,
           1., 1.],
          [1., 1., 1., 0., 0., 1., 1., 0., 0., 1., 0., 0., 1., 0., 1., 0., 1.,
           0., 0.],
          [0., 1., 0., 0., 1., 0., 0., 1., 1., 1., 0., 1., 1., 0., 1., 0., 0.,
           1., 1.],
          [1., 0., 0., 0., 1., 1., 0., 1., 1., 0., 1., 0., 0., 0., 1., 1., 0.,
           1., 0.]]]], device='cuda:0'), tensor([[0.9833]], device='cuda:0'))
2026-01-08 17:09:35 - INFO - [ 0.65379995 -0.52241766  0.02088267  0.05930684  0.02088268  0.05930682
  0.98833466 -0.09588594]
2026-01-08 17:09:35 - INFO - (tensor([[[[1., 0., 0., 1., 0., 0., 1., 1., 0., 0., 1., 1., 0., 1., 1., 0., 0.,
           0., 1.],
          [1., 0., 1., 1., 0., 1., 0., 0., 1., 0., 0., 1., 0., 0., 0., 0., 0.,
           1., 0.],
          [0., 1., 0., 0., 0., 0., 0., 1., 0., 0., 1., 0., 0., 1., 1., 0., 0.,
           0., 0.],
          [1., 1., 0., 1., 0., 1., 1., 0., 1., 1., 0., 1., 0., 0., 1., 0., 0.,
           1., 1.],
          [1., 0., 0., 0., 0., 0., 1., 0., 0., 0., 0., 1., 1., 1., 0., 1., 1.,
           0., 1.],
          [1., 0., 0., 0., 1., 1., 1., 1., 0., 0., 1., 1., 0., 1., 1., 1., 1.,
           1., 0.],
          [0., 1., 0., 0., 1., 1., 0., 0., 1., 1., 1., 0., 0., 0., 0., 0., 1.,
           0., 1.],
          [1., 0., 1., 1., 0., 1., 1., 1., 1., 0., 0., 1., 0., 1., 0., 1., 0.,
           0., 0.],
          [0., 1., 0., 1., 0., 1., 1., 0., 0., 0., 0., 0., 1., 1., 1., 0., 1.,
           1., 0.],
          [1., 1., 0., 0., 1., 1., 0., 1., 1., 0., 1., 1., 1., 0., 0., 0., 1.,
           1., 1.],
          [0., 0., 1., 0., 0., 1., 1., 0., 1., 0., 1., 0., 0., 1., 0., 0., 0.,
           0., 0.],
          [1., 0., 1., 1., 1., 1., 0., 1., 0., 0., 1., 1., 1., 0., 0., 0., 1.,
           1., 0.],
          [1., 0., 0., 1., 0., 1., 1., 0., 1., 1., 1., 1., 1., 1., 1., 1., 0.,
           1., 1.],
          [0., 0., 0., 0., 1., 1., 0., 1., 1., 1., 1., 0., 1., 1., 0., 1., 1.,
           0., 1.],
          [1., 0., 1., 1., 0., 1., 0., 0., 1., 0., 0., 0., 0., 0., 1., 0., 0.,
           1., 0.],
          [1., 1., 0., 0., 1., 0., 0., 0., 0., 1., 0., 0., 1., 0., 0., 0., 1.,
           1., 1.],
          [1., 1., 1., 0., 0., 1., 1., 0., 0., 1., 0., 0., 1., 0., 1., 0., 1.,
           0., 0.],
          [0., 1., 0., 0., 1., 0., 0., 1., 1., 1., 0., 1., 1., 0., 1., 0., 0.,
           1., 1.],
          [1., 0., 0., 0., 1., 1., 0., 1., 1., 0., 1., 0., 0., 0., 1., 1., 0.,
           1., 0.]]]], device='cuda:0'), tensor([[0.9866]], device='cuda:0'))
2026-01-08 17:09:35 - INFO - [ 0.6528165  -0.52377015  0.02099011  0.0594314   0.02099012  0.0594314
  0.9882816  -0.09607271]
2026-01-08 17:09:35 - INFO - (tensor([[[[1., 0., 0., 1., 0., 0., 1., 1., 0., 0., 1., 1., 0., 1., 1., 0., 0.,
           0., 1.],
          [1., 0., 1., 1., 0., 1., 0., 0., 1., 0., 0., 1., 0., 0., 0., 0., 0.,
           1., 0.],
          [0., 1., 0., 0., 0., 0., 0., 1., 0., 0., 1., 0., 0., 1., 1., 0., 0.,
           0., 0.],
          [1., 1., 0., 1., 0., 1., 1., 0., 1., 1., 0., 1., 0., 0., 1., 0., 0.,
           1., 1.],
          [1., 0., 0., 0., 0., 0., 1., 0., 0., 0., 0., 1., 1., 1., 0., 1., 1.,
           0., 1.],
          [1., 0., 0., 0., 1., 1., 1., 1., 0., 0., 1., 1., 0., 1., 1., 1., 1.,
           1., 0.],
          [0., 1., 0., 0., 1., 1., 0., 0., 1., 1., 1., 0., 0., 0., 0., 0., 1.,
           0., 1.],
          [1., 0., 1., 1., 0., 1., 1., 1., 1., 0., 0., 1., 0., 1., 0., 1., 0.,
           0., 0.],
          [0., 1., 0., 1., 0., 1., 1., 0., 0., 0., 0., 0., 1., 1., 1., 0., 1.,
           1., 0.],
          [1., 1., 0., 0., 1., 1., 0., 1., 1., 0., 1., 1., 1., 0., 0., 0., 1.,
           1., 1.],
          [0., 0., 1., 0., 0., 1., 1., 0., 1., 0., 1., 0., 0., 1., 0., 0., 0.,
           0., 0.],
          [1., 0., 1., 1., 1., 1., 0., 1., 0., 0., 1., 1., 1., 0., 0., 0., 1.,
           1., 0.],
          [1., 0., 0., 1., 0., 1., 1., 0., 1., 1., 1., 1., 1., 1., 1., 1., 0.,
           1., 1.],
          [0., 0., 0., 0., 1., 1., 0., 1., 1., 1., 1., 0., 1., 1., 0., 1., 1.,
           0., 1.],
          [1., 0., 1., 1., 0., 1., 0., 0., 1., 0., 0., 0., 0., 0., 1., 0., 0.,
           1., 0.],
          [1., 1., 0., 0., 1., 0., 0., 0., 0., 1., 0., 0., 1., 0., 0., 0., 1.,
           1., 1.],
          [1., 1., 1., 0., 0., 1., 1., 0., 0., 1., 0., 0., 1., 0., 1., 0., 1.,
           0., 0.],
          [0., 1., 0., 0., 1., 0., 0., 1., 1., 1., 0., 1., 1., 0., 1., 0., 0.,
           1., 1.],
          [1., 0., 0., 0., 1., 1., 0., 1., 1., 0., 1., 0., 0., 0., 1., 1., 0.,
           1., 0.]]]], device='cuda:0'), tensor([[0.9900]], device='cuda:0'))
2026-01-08 17:09:35 - INFO - [ 0.65186524 -0.5250942   0.02110273  0.05957973  0.02110271  0.05957972
  0.98822427 -0.09628192]
2026-01-08 17:09:35 - INFO - (tensor([[[[1., 0., 0., 1., 0., 0., 1., 1., 0., 0., 1., 1., 0., 1., 1., 0., 0.,
           0., 1.],
          [1., 0., 1., 1., 0., 1., 0., 0., 1., 0., 0., 1., 0., 0., 0., 0., 0.,
           1., 0.],
          [0., 1., 0., 0., 0., 0., 0., 1., 0., 0., 1., 0., 0., 1., 1., 0., 0.,
           0., 0.],
          [1., 1., 0., 1., 0., 1., 1., 0., 1., 1., 0., 1., 0., 0., 1., 0., 0.,
           1., 1.],
          [1., 0., 0., 0., 0., 0., 1., 0., 0., 0., 0., 1., 1., 1., 0., 1., 1.,
           0., 1.],
          [1., 0., 0., 0., 1., 1., 1., 1., 0., 0., 1., 1., 0., 1., 1., 1., 1.,
           1., 0.],
          [0., 1., 0., 0., 1., 1., 0., 0., 1., 1., 1., 0., 0., 0., 0., 0., 1.,
           0., 1.],
          [1., 0., 1., 1., 0., 1., 1., 1., 1., 0., 0., 1., 0., 1., 0., 1., 0.,
           0., 0.],
          [0., 1., 0., 1., 0., 1., 1., 0., 0., 0., 0., 0., 1., 1., 1., 0., 1.,
           1., 0.],
          [1., 1., 0., 0., 1., 1., 0., 1., 1., 0., 1., 1., 1., 0., 0., 0., 1.,
           1., 1.],
          [0., 0., 1., 0., 0., 1., 1., 0., 1., 0., 1., 0., 0., 1., 0., 0., 0.,
           0., 0.],
          [1., 0., 1., 1., 1., 1., 0., 1., 0., 0., 1., 1., 1., 0., 0., 0., 1.,
           1., 0.],
          [1., 0., 0., 1., 0., 1., 1., 0., 1., 1., 1., 1., 1., 1., 1., 1., 0.,
           1., 1.],
          [0., 0., 0., 0., 1., 1., 0., 1., 1., 1., 1., 0., 1., 1., 0., 1., 1.,
           0., 1.],
          [1., 0., 1., 1., 0., 1., 0., 0., 1., 0., 0., 0., 0., 0., 1., 0., 0.,
           1., 0.],
          [1., 1., 0., 0., 1., 0., 0., 0., 0., 1., 0., 0., 1., 0., 0., 0., 1.,
           1., 1.],
          [1., 1., 1., 0., 0., 1., 1., 0., 0., 1., 0., 0., 1., 0., 1., 0., 1.,
           0., 0.],
          [0., 1., 0., 0., 1., 0., 0., 1., 1., 1., 0., 1., 1., 0., 1., 0., 0.,
           1., 1.],
          [1., 0., 0., 0., 1., 1., 0., 1., 1., 0., 1., 0., 0., 0., 1., 1., 0.,
           1., 0.]]]], device='cuda:0'), tensor([[0.9933]], device='cuda:0'))
2026-01-08 17:09:35 - INFO - [ 0.6509024  -0.52642184  0.02121854  0.05973908  0.02121855  0.05973908
  0.988165   -0.09650511]
2026-01-08 17:09:35 - INFO - (tensor([[[[1., 0., 0., 1., 0., 0., 1., 1., 0., 0., 1., 1., 0., 1., 1., 0., 0.,
           0., 1.],
          [1., 0., 1., 1., 0., 1., 0., 0., 1., 0., 0., 1., 0., 0., 0., 0., 0.,
           1., 0.],
          [0., 1., 0., 0., 0., 0., 0., 1., 0., 0., 1., 0., 0., 1., 1., 0., 0.,
           0., 0.],
          [1., 1., 0., 1., 0., 1., 1., 0., 1., 1., 0., 1., 0., 0., 1., 0., 0.,
           1., 1.],
          [1., 0., 0., 0., 0., 0., 1., 0., 0., 0., 0., 1., 1., 1., 0., 1., 1.,
           0., 1.],
          [1., 0., 0., 0., 1., 1., 1., 1., 0., 0., 1., 1., 0., 1., 1., 1., 1.,
           1., 0.],
          [0., 1., 0., 0., 1., 1., 0., 0., 1., 1., 1., 0., 0., 0., 0., 0., 1.,
           0., 1.],
          [1., 0., 1., 1., 0., 1., 1., 1., 1., 0., 0., 1., 0., 1., 0., 1., 0.,
           0., 0.],
          [0., 1., 0., 1., 0., 1., 1., 0., 0., 0., 0., 0., 1., 1., 1., 0., 1.,
           1., 0.],
          [1., 1., 0., 0., 1., 1., 0., 1., 1., 0., 1., 1., 1., 0., 0., 0., 1.,
           1., 1.],
          [0., 0., 1., 0., 0., 1., 1., 0., 1., 0., 1., 0., 0., 1., 0., 0., 0.,
           0., 0.],
          [1., 0., 1., 1., 1., 1., 0., 1., 0., 0., 1., 1., 1., 0., 0., 0., 1.,
           1., 0.],
          [1., 0., 0., 1., 0., 1., 1., 0., 1., 1., 1., 1., 1., 1., 1., 1., 0.,
           1., 1.],
          [0., 0., 0., 0., 1., 1., 0., 1., 1., 1., 1., 0., 1., 1., 0., 1., 1.,
           0., 1.],
          [1., 0., 1., 1., 0., 1., 0., 0., 1., 0., 0., 0., 0., 0., 1., 0., 0.,
           1., 0.],
          [1., 1., 0., 0., 1., 0., 0., 0., 0., 1., 0., 0., 1., 0., 0., 0., 1.,
           1., 1.],
          [1., 1., 1., 0., 0., 1., 1., 0., 0., 1., 0., 0., 1., 0., 1., 0., 1.,
           0., 0.],
          [0., 1., 0., 0., 1., 0., 0., 1., 1., 1., 0., 1., 1., 0., 1., 0., 0.,
           1., 1.],
          [1., 0., 0., 0., 1., 1., 0., 1., 1., 0., 1., 0., 0., 0., 1., 1., 0.,
           1., 0.]]]], device='cuda:0'), tensor([[0.9967]], device='cuda:0'))
2026-01-08 17:09:35 - INFO - [ 0.6499394  -0.52774066  0.02132715  0.05988235  0.02132714  0.05988234
  0.98811644 -0.09670302]
2026-01-08 17:09:35 - INFO -   预测进度: 301/301
2026-01-08 17:09:35 - INFO - (tensor([[[[1., 0., 0., 1., 0., 0., 1., 1., 0., 0., 1., 1., 0., 1., 1., 0., 0.,
           0., 1.],
          [1., 0., 1., 1., 0., 1., 0., 0., 1., 0., 0., 1., 0., 0., 0., 0., 0.,
           1., 0.],
          [0., 1., 0., 0., 0., 0., 0., 1., 0., 0., 1., 0., 0., 1., 1., 0., 0.,
           0., 0.],
          [1., 1., 0., 1., 0., 1., 1., 0., 1., 1., 0., 1., 0., 0., 1., 0., 0.,
           1., 1.],
          [1., 0., 0., 0., 0., 0., 1., 0., 0., 0., 0., 1., 1., 1., 0., 1., 1.,
           0., 1.],
          [1., 0., 0., 0., 1., 1., 1., 1., 0., 0., 1., 1., 0., 1., 1., 1., 1.,
           1., 0.],
          [0., 1., 0., 0., 1., 1., 0., 0., 1., 1., 1., 0., 0., 0., 0., 0., 1.,
           0., 1.],
          [1., 0., 1., 1., 0., 1., 1., 1., 1., 0., 0., 1., 0., 1., 0., 1., 0.,
           0., 0.],
          [0., 1., 0., 1., 0., 1., 1., 0., 0., 0., 0., 0., 1., 1., 1., 0., 1.,
           1., 0.],
          [1., 1., 0., 0., 1., 1., 0., 1., 1., 0., 1., 1., 1., 0., 0., 0., 1.,
           1., 1.],
          [0., 0., 1., 0., 0., 1., 1., 0., 1., 0., 1., 0., 0., 1., 0., 0., 0.,
           0., 0.],
          [1., 0., 1., 1., 1., 1., 0., 1., 0., 0., 1., 1., 1., 0., 0., 0., 1.,
           1., 0.],
          [1., 0., 0., 1., 0., 1., 1., 0., 1., 1., 1., 1., 1., 1., 1., 1., 0.,
           1., 1.],
          [0., 0., 0., 0., 1., 1., 0., 1., 1., 1., 1., 0., 1., 1., 0., 1., 1.,
           0., 1.],
          [1., 0., 1., 1., 0., 1., 0., 0., 1., 0., 0., 0., 0., 0., 1., 0., 0.,
           1., 0.],
          [1., 1., 0., 0., 1., 0., 0., 0., 0., 1., 0., 0., 1., 0., 0., 0., 1.,
           1., 1.],
          [1., 1., 1., 0., 0., 1., 1., 0., 0., 1., 0., 0., 1., 0., 1., 0., 1.,
           0., 0.],
          [0., 1., 0., 0., 1., 0., 0., 1., 1., 1., 0., 1., 1., 0., 1., 0., 0.,
           1., 1.],
          [1., 0., 0., 0., 1., 1., 0., 1., 1., 0., 1., 0., 0., 0., 1., 1., 0.,
           1., 0.]]]], device='cuda:0'), tensor([[1.]], device='cuda:0'))
2026-01-08 17:09:35 - INFO - [ 0.6489842  -0.52904654  0.02143356  0.06002127  0.02143355  0.06002127
  0.98806894 -0.09689636]
2026-01-08 17:09:35 - INFO - {'S11_real': array([0.99944121, 0.99910098, 0.99853987, 0.99766749, 0.9964866 ,
       0.99491227, 0.99341947, 0.99180448, 0.9898333 , 0.98733681,
       0.9845798 , 0.9816075 , 0.97816479, 0.97483152, 0.97158974,
       0.96870029, 0.96532488, 0.9618091 , 0.95849103, 0.95521003,
       0.95192891, 0.94848168, 0.94518304, 0.9415279 , 0.93793643,
       0.93402088, 0.93124378, 0.92892486, 0.92630684, 0.92337841,
       0.92025495, 0.91653836, 0.91319573, 0.91081131, 0.90832281,
       0.90509772, 0.90198892, 0.89941919, 0.89701045, 0.89489704,
       0.89163381, 0.8892265 , 0.88708651, 0.88490534, 0.88294643,
       0.88078594, 0.87837231, 0.87559319, 0.87367141, 0.87222958,
       0.87091196, 0.8694098 , 0.86749983, 0.86608154, 0.86491227,
       0.86369574, 0.86225295, 0.86086887, 0.85941756, 0.85844851,
       0.85723245, 0.8557713 , 0.85427254, 0.85270971, 0.85141182,
       0.85028452, 0.84913659, 0.8479709 , 0.84677076, 0.84552848,
       0.844226  , 0.84289974, 0.8419379 , 0.84105515, 0.84019744,
       0.83935213, 0.83847618, 0.83753169, 0.83676064, 0.83605254,
       0.83543223, 0.83481336, 0.83418542, 0.83355176, 0.83292305,
       0.83233237, 0.83177853, 0.83118927, 0.83002639, 0.82898426,
       0.82820284, 0.82741678, 0.82662743, 0.82583463, 0.82504433,
       0.82430011, 0.82344824, 0.82256806, 0.82173634, 0.8209309 ,
       0.82018727, 0.81952137, 0.81885338, 0.81820333, 0.81741834,
       0.81669945, 0.81600124, 0.81530261, 0.81460994, 0.81383991,
       0.81297553, 0.81227803, 0.81161547, 0.81096607, 0.81006122,
       0.80906361, 0.80826283, 0.80751991, 0.8067925 , 0.80592597,
       0.80514562, 0.80446655, 0.80390626, 0.80338061, 0.80294222,
       0.80260837, 0.80156755, 0.80051786, 0.79977822, 0.79914302,
       0.79850739, 0.79789019, 0.79729468, 0.79652804, 0.79568982,
       0.79488534, 0.79408526, 0.79337835, 0.79278684, 0.79219162,
       0.79157913, 0.79096389, 0.79029763, 0.78958607, 0.78888392,
       0.78826493, 0.78765374, 0.78706121, 0.78646886, 0.78584015,
       0.78525114, 0.78468055, 0.78408056, 0.78338969, 0.78269517,
       0.78202456, 0.7813583 , 0.78069347, 0.78000391, 0.77929568,
       0.77847815, 0.77760166, 0.77678996, 0.77584374, 0.77420872,
       0.77365118, 0.77321297, 0.77256614, 0.77186477, 0.77116716,
       0.77041763, 0.76970959, 0.7690717 , 0.76814783, 0.76727718,
       0.76646036, 0.76564962, 0.76482147, 0.76384741, 0.76284766,
       0.76201296, 0.76122439, 0.7605015 , 0.75976801, 0.75904125,
       0.75826824, 0.75744379, 0.75657284, 0.75568289, 0.75479645,
       0.75395048, 0.75311178, 0.7522614 , 0.75138241, 0.75047499,
       0.74951828, 0.74851537, 0.74765325, 0.74680519, 0.74597126,
       0.74519885, 0.74452686, 0.74389911, 0.74308217, 0.74208128,
       0.74089968, 0.73967093, 0.73829293, 0.73725361, 0.73666227,
       0.73596454, 0.73509669, 0.73423958, 0.73337591, 0.7324993 ,
       0.73159909, 0.73073423, 0.72994006, 0.72918785, 0.72845781,
       0.72764528, 0.72670418, 0.72576904, 0.72496307, 0.72413099,
       0.72327197, 0.72241718, 0.72155499, 0.72066003, 0.71978003,
       0.71893454, 0.71809173, 0.71725535, 0.71644425, 0.71564835,
       0.71414709, 0.71305883, 0.7118997 , 0.7107867 , 0.70971191,
       0.70868194, 0.70773447, 0.70683545, 0.70586252, 0.70496094,
       0.70390546, 0.70275486, 0.701603  , 0.70065415, 0.6999014 ,
       0.69918942, 0.6983732 , 0.69736183, 0.69619477, 0.69514638,
       0.69424987, 0.69338328, 0.69249719, 0.6915006 , 0.69046855,
       0.68934447, 0.68817902, 0.68688738, 0.68564856, 0.68430746,
       0.68278205, 0.68205547, 0.68130732, 0.68015754, 0.67896533,
       0.6777451 , 0.67670512, 0.67566037, 0.67451489, 0.67332208,
       0.6723249 , 0.67148334, 0.67056262, 0.66963577, 0.66871631,
       0.66780353, 0.66698796, 0.66622263, 0.66539156, 0.66442651,
       0.66340637, 0.66248494, 0.66163146, 0.66064835, 0.65953141,
       0.6583479 , 0.65716136, 0.65604234, 0.65549463, 0.65483022,
       0.65379995, 0.65281647, 0.65186524, 0.65090239, 0.64993942,
       0.64898419]), 'S11_imag': array([-0.00611374, -0.00955296, -0.01541277, -0.02562139, -0.0319818 ,
       -0.03867111, -0.04523244, -0.05120223, -0.05732075, -0.06364701,
       -0.06916768, -0.074926  , -0.0805714 , -0.08491793, -0.09018362,
       -0.0950181 , -0.10033265, -0.10510646, -0.10919409, -0.11291594,
       -0.11632596, -0.11968553, -0.12268799, -0.12578072, -0.12863465,
       -0.13165615, -0.1338705 , -0.13571045, -0.13771428, -0.13986316,
       -0.1421493 , -0.14493226, -0.14754452, -0.14920455, -0.15084359,
       -0.15288585, -0.15479681, -0.15632431, -0.15771392, -0.1588892 ,
       -0.16104762, -0.16273282, -0.16393846, -0.16521712, -0.16642925,
       -0.16775629, -0.16922083, -0.17086588, -0.17210995, -0.17315415,
       -0.17406632, -0.17510709, -0.17640546, -0.17749105, -0.17848173,
       -0.17950179, -0.18072675, -0.18210439, -0.18352845, -0.18452483,
       -0.18567277, -0.18689403, -0.18814184, -0.18947671, -0.19077547,
       -0.19190685, -0.19307299, -0.19425248, -0.19545181, -0.19667979,
       -0.19796023, -0.19926661, -0.20051605, -0.20182922, -0.20305458,
       -0.20424338, -0.20545758, -0.20678617, -0.2081047 , -0.2093439 ,
       -0.21041004, -0.21145627, -0.21252082, -0.21361732, -0.21472117,
       -0.21582773, -0.21694508, -0.21811761, -0.22026975, -0.22213529,
       -0.22341134, -0.22468694, -0.22595835, -0.2272277 , -0.22848645,
       -0.22966827, -0.23118675, -0.23287544, -0.23447801, -0.2360041 ,
       -0.23743089, -0.23870777, -0.2400147 , -0.24130866, -0.24254215,
       -0.24353833, -0.24445587, -0.24542941, -0.24657404, -0.24815013,
       -0.24994288, -0.25141373, -0.252841  , -0.25418738, -0.25576621,
       -0.25765279, -0.25924402, -0.26071271, -0.2621693 , -0.2639395 ,
       -0.26549834, -0.2668446 , -0.26797187, -0.2690703 , -0.27000597,
       -0.27087218, -0.27337363, -0.27579853, -0.27762538, -0.27895084,
       -0.28026715, -0.28152657, -0.2827332 , -0.28432289, -0.28604054,
       -0.28767866, -0.28931156, -0.29072583, -0.29188088, -0.29305845,
       -0.29433092, -0.29564515, -0.29709324, -0.2986221 , -0.30013636,
       -0.30143121, -0.3027243 , -0.30398202, -0.30524406, -0.3066282 ,
       -0.30802026, -0.30936357, -0.310774  , -0.31240785, -0.31406239,
       -0.31567159, -0.31728178, -0.31879288, -0.31985551, -0.320948  ,
       -0.32230532, -0.32383797, -0.32555652, -0.3276026 , -0.33091849,
       -0.3321923 , -0.33324546, -0.33471528, -0.33634239, -0.33798224,
       -0.33958578, -0.34088969, -0.34203541, -0.34357354, -0.34500632,
       -0.34633884, -0.34767646, -0.34904698, -0.35061926, -0.3522357 ,
       -0.35362536, -0.35500398, -0.35627574, -0.35755435, -0.35882911,
       -0.36018574, -0.36163032, -0.36315128, -0.36470214, -0.36625251,
       -0.36773497, -0.36919755, -0.37067759, -0.37221026, -0.37377128,
       -0.37538278, -0.37713262, -0.37861678, -0.37982079, -0.38105029,
       -0.38226357, -0.38346073, -0.3846733 , -0.38600942, -0.38745937,
       -0.38920128, -0.39101914, -0.39332277, -0.39524284, -0.39646402,
       -0.39779601, -0.39930525, -0.40078232, -0.40225622, -0.4037452 ,
       -0.40524396, -0.40667409, -0.40799174, -0.40924153, -0.41045129,
       -0.41178602, -0.41330981, -0.41481113, -0.41610828, -0.41762418,
       -0.4191733 , -0.42065284, -0.42206579, -0.42353231, -0.42498118,
       -0.42636406, -0.42773831, -0.42909595, -0.43040377, -0.43167734,
       -0.43409055, -0.43581966, -0.43766659, -0.43949836, -0.44125572,
       -0.44293654, -0.44448328, -0.44595435, -0.44754547, -0.44901389,
       -0.45068645, -0.45248777, -0.4543094 , -0.45571756, -0.45681632,
       -0.45786422, -0.45905939, -0.46052223, -0.46219182, -0.4636901 ,
       -0.46497288, -0.46620896, -0.46747643, -0.46890786, -0.47037733,
       -0.47196904, -0.4736025 , -0.47539088, -0.47696519, -0.47867113,
       -0.48062786, -0.48140007, -0.48219767, -0.48367786, -0.48541638,
       -0.48718938, -0.48864934, -0.49010143, -0.49169871, -0.49337083,
       -0.49483383, -0.49614343, -0.49756795, -0.49898466, -0.50037497,
       -0.50174862, -0.50296003, -0.50408071, -0.50532663, -0.50681871,
       -0.50838435, -0.50977719, -0.51105124, -0.51252139, -0.51420051,
       -0.5159654 , -0.51771218, -0.51933497, -0.52009958, -0.52101129,
       -0.52241766, -0.52377015, -0.52509421, -0.52642184, -0.52774066,
       -0.52904654]), 'S21_real': array([ 5.00275695e-04,  4.79279988e-04,  5.42133057e-04,  5.59813285e-04,
        4.66785365e-04,  4.24741738e-04,  3.77832883e-04,  2.66111456e-04,
        9.06465575e-05, -1.01485290e-04, -2.88390554e-04, -4.40032192e-04,
       -5.69012889e-04, -6.64220075e-04, -7.55549292e-04, -7.84040254e-04,
       -8.25558614e-04, -8.49273754e-04, -8.82987631e-04, -9.19562532e-04,
       -9.76559415e-04, -1.03249087e-03, -1.06810464e-03, -1.10264914e-03,
       -1.14205154e-03, -1.22047437e-03, -1.28587731e-03, -1.34875264e-03,
       -1.41224638e-03, -1.48439396e-03, -1.56030769e-03, -1.60354702e-03,
       -1.67094485e-03, -1.75239809e-03, -1.83292362e-03, -1.86106446e-03,
       -1.81067630e-03, -1.77679863e-03, -1.74908631e-03, -1.73502520e-03,
       -1.73256651e-03, -1.71746977e-03, -1.73066847e-03, -1.72565796e-03,
       -1.70111028e-03, -1.66853832e-03, -1.63288368e-03, -1.59804849e-03,
       -1.59421144e-03, -1.59500120e-03, -1.60034327e-03, -1.60871400e-03,
       -1.62967993e-03, -1.63971575e-03, -1.64236443e-03, -1.64326222e-03,
       -1.63770409e-03, -1.62637560e-03, -1.61398528e-03, -1.60083501e-03,
       -1.57640839e-03, -1.53678260e-03, -1.49681023e-03, -1.45616371e-03,
       -1.43304467e-03, -1.41284615e-03, -1.38773397e-03, -1.36277464e-03,
       -1.33775559e-03, -1.31265097e-03, -1.28535205e-03, -1.25654810e-03,
       -1.20806356e-03, -1.15010189e-03, -1.09520601e-03, -1.04385673e-03,
       -9.97506664e-04, -9.47248831e-04, -8.94271536e-04, -8.40158027e-04,
       -7.93934625e-04, -7.46686826e-04, -6.97390060e-04, -6.43816660e-04,
       -5.89699426e-04, -5.13286272e-04, -4.09726956e-04, -3.02412547e-04,
       -1.51199289e-04, -1.74613670e-05,  8.16574320e-05,  1.80787407e-04,
        2.79541127e-04,  3.78123455e-04,  4.75975656e-04,  5.68075979e-04,
        6.67965855e-04,  7.73354259e-04,  8.76753358e-04,  9.74888622e-04,
        1.06879196e-03,  1.15656713e-03,  1.24511332e-03,  1.33321260e-03,
        1.40704401e-03,  1.44610729e-03,  1.47335033e-03,  1.50528713e-03,
        1.54473784e-03,  1.58948975e-03,  1.63842493e-03,  1.67325267e-03,
        1.71207753e-03,  1.74485624e-03,  1.78615097e-03,  1.86172198e-03,
        1.91805558e-03,  1.96483382e-03,  2.01106444e-03,  2.08096928e-03,
        2.13824539e-03,  2.20488315e-03,  2.26967665e-03,  2.32636416e-03,
        2.37748609e-03,  2.43268325e-03,  2.54534651e-03,  2.65653455e-03,
        2.76754750e-03,  2.83638272e-03,  2.90592597e-03,  2.97206035e-03,
        3.03701777e-03,  3.12836096e-03,  3.22722178e-03,  3.32280411e-03,
        3.42003326e-03,  3.50359036e-03,  3.57080880e-03,  3.64008336e-03,
        3.71194328e-03,  3.78741650e-03,  3.87236685e-03,  3.96084134e-03,
        4.05161362e-03,  4.12722118e-03,  4.20401664e-03,  4.28263005e-03,
        4.37230710e-03,  4.45901183e-03,  4.52018715e-03,  4.58073663e-03,
        4.64384537e-03,  4.71783197e-03,  4.79418365e-03,  4.86951834e-03,
        4.94478224e-03,  5.01723029e-03,  5.07560745e-03,  5.13612339e-03,
        5.17578190e-03,  5.19459788e-03,  5.25132474e-03,  5.32544125e-03,
        5.43322181e-03,  5.51810395e-03,  5.63051831e-03,  5.74452709e-03,
        5.87138021e-03,  6.01208676e-03,  6.14271313e-03,  6.22525485e-03,
        6.30021608e-03,  6.39213761e-03,  6.48095598e-03,  6.56611612e-03,
        6.65088883e-03,  6.73902920e-03,  6.84015872e-03,  6.94672670e-03,
        7.05702696e-03,  7.15294480e-03,  7.24584889e-03,  7.34148314e-03,
        7.43888645e-03,  7.54391914e-03,  7.65454629e-03,  7.77010154e-03,
        7.88728427e-03,  8.00373312e-03,  8.11573118e-03,  8.22748244e-03,
        8.33969843e-03,  8.45621806e-03,  8.57685972e-03,  8.70588701e-03,
        8.84376001e-03,  8.96106381e-03,  9.06542689e-03,  9.20009986e-03,
        9.37038753e-03,  9.45401657e-03,  9.49419383e-03,  9.56057943e-03,
        9.65343136e-03,  9.75987129e-03,  9.87002905e-03,  1.00233732e-02,
        1.01607293e-02,  1.02558481e-02,  1.03634009e-02,  1.04897711e-02,
        1.06134815e-02,  1.07409125e-02,  1.08677931e-02,  1.09957000e-02,
        1.11165298e-02,  1.12240287e-02,  1.13231493e-02,  1.14169884e-02,
        1.15217455e-02,  1.16501646e-02,  1.17772352e-02,  1.18829068e-02,
        1.20130572e-02,  1.21585466e-02,  1.23013826e-02,  1.24338036e-02,
        1.25507517e-02,  1.26658678e-02,  1.27760815e-02,  1.28873633e-02,
        1.29977139e-02,  1.31051177e-02,  1.32110436e-02,  1.34374741e-02,
        1.35999499e-02,  1.37635153e-02,  1.38999578e-02,  1.40305292e-02,
        1.41543858e-02,  1.42667964e-02,  1.43711315e-02,  1.44854849e-02,
        1.45871602e-02,  1.46971857e-02,  1.48154190e-02,  1.49391238e-02,
        1.50323948e-02,  1.51070440e-02,  1.51802106e-02,  1.52645875e-02,
        1.53669007e-02,  1.54799288e-02,  1.55819962e-02,  1.56726036e-02,
        1.57595407e-02,  1.58504043e-02,  1.59585346e-02,  1.60696562e-02,
        1.61910281e-02,  1.63132157e-02,  1.64565444e-02,  1.66501850e-02,
        1.68581344e-02,  1.70916803e-02,  1.72360819e-02,  1.73852649e-02,
        1.75947305e-02,  1.78095382e-02,  1.80279892e-02,  1.81763973e-02,
        1.83129478e-02,  1.84625052e-02,  1.86167192e-02,  1.87490582e-02,
        1.88613739e-02,  1.89866591e-02,  1.91077571e-02,  1.92193296e-02,
        1.93272233e-02,  1.94220264e-02,  1.95084196e-02,  1.96025074e-02,
        1.97133888e-02,  1.98288038e-02,  1.99330561e-02,  2.00317074e-02,
        2.01432128e-02,  2.02641692e-02,  2.03894135e-02,  2.05129292e-02,
        2.06304416e-02,  2.07018033e-02,  2.07726136e-02,  2.08826698e-02,
        2.09901128e-02,  2.11027302e-02,  2.12185420e-02,  2.13271454e-02,
        2.14335565e-02]), 'S21_imag': array([8.13119113e-05, 2.38765031e-04, 2.28334218e-04, 4.55830217e-04,
       4.13250149e-04, 3.90585483e-04, 4.09956992e-04, 4.74274129e-04,
       5.70002885e-04, 6.52901712e-04, 7.43936631e-04, 8.98446655e-04,
       9.72043432e-04, 1.06254558e-03, 1.30661880e-03, 1.51212770e-03,
       1.74379547e-03, 1.98189286e-03, 2.23546103e-03, 2.47789407e-03,
       2.71351705e-03, 2.92990636e-03, 3.10753030e-03, 3.27809108e-03,
       3.42833018e-03, 3.55451927e-03, 3.67241935e-03, 3.79575090e-03,
       3.93689610e-03, 4.10508271e-03, 4.30033309e-03, 4.76872642e-03,
       5.18912263e-03, 5.36607252e-03, 5.56177879e-03, 6.08249335e-03,
       6.60609920e-03, 7.00571854e-03, 7.36577902e-03, 7.66309258e-03,
       8.11310578e-03, 8.44496116e-03, 8.69240705e-03, 8.96232761e-03,
       9.21646878e-03, 9.49802715e-03, 9.81558301e-03, 1.01733049e-02,
       1.03962254e-02, 1.05721103e-02, 1.07250530e-02, 1.09007508e-02,
       1.11178793e-02, 1.12608979e-02, 1.13882488e-02, 1.15213478e-02,
       1.17082950e-02, 1.19087314e-02, 1.21153658e-02, 1.22767258e-02,
       1.24719050e-02, 1.26903355e-02, 1.29137123e-02, 1.31507050e-02,
       1.33553511e-02, 1.35357268e-02, 1.37288142e-02, 1.39249172e-02,
       1.41244223e-02, 1.43319760e-02, 1.45495739e-02, 1.47692552e-02,
       1.50097739e-02, 1.52700553e-02, 1.55179221e-02, 1.57577954e-02,
       1.59902684e-02, 1.62405204e-02, 1.64685380e-02, 1.66879147e-02,
       1.68803986e-02, 1.70727428e-02, 1.72695071e-02, 1.74737293e-02,
       1.76806618e-02, 1.79306008e-02, 1.82283595e-02, 1.85432676e-02,
       1.90194938e-02, 1.94339640e-02, 1.97233278e-02, 2.00129207e-02,
       2.03014053e-02, 2.05897950e-02, 2.08760966e-02, 2.11482476e-02,
       2.14322321e-02, 2.17072796e-02, 2.19669584e-02, 2.22089048e-02,
       2.24448256e-02, 2.26601642e-02, 2.28824411e-02, 2.31040306e-02,
       2.33459622e-02, 2.35031359e-02, 2.36362703e-02, 2.37799790e-02,
       2.39689332e-02, 2.41717063e-02, 2.43914165e-02, 2.45571565e-02,
       2.47273203e-02, 2.48888917e-02, 2.51108464e-02, 2.54041012e-02,
       2.56336611e-02, 2.58364417e-02, 2.60452498e-02, 2.63202526e-02,
       2.65560653e-02, 2.67445426e-02, 2.68867686e-02, 2.69966628e-02,
       2.70886626e-02, 2.71771215e-02, 2.74737868e-02, 2.77680513e-02,
       2.80210134e-02, 2.81936005e-02, 2.83718128e-02, 2.85449699e-02,
       2.87224893e-02, 2.89838221e-02, 2.92811263e-02, 2.95646358e-02,
       2.98482496e-02, 3.00944112e-02, 3.02924458e-02, 3.04977130e-02,
       3.07101384e-02, 3.09312325e-02, 3.11768055e-02, 3.14260051e-02,
       3.16508189e-02, 3.18455957e-02, 3.20443697e-02, 3.22428942e-02,
       3.24557871e-02, 3.26573290e-02, 3.27978432e-02, 3.29388566e-02,
       3.30870971e-02, 3.32576744e-02, 3.34327333e-02, 3.36053260e-02,
       3.37730572e-02, 3.39257680e-02, 3.40348147e-02, 3.41480374e-02,
       3.42463069e-02, 3.43548954e-02, 3.44885588e-02, 3.46468426e-02,
       3.48953158e-02, 3.50841284e-02, 3.53163518e-02, 3.55514996e-02,
       3.58129591e-02, 3.60960364e-02, 3.63718271e-02, 3.65618169e-02,
       3.67351696e-02, 3.69414054e-02, 3.71399857e-02, 3.73297669e-02,
       3.75166908e-02, 3.77071574e-02, 3.79267521e-02, 3.81527953e-02,
       3.83502394e-02, 3.85182984e-02, 3.86803225e-02, 3.88489217e-02,
       3.90194878e-02, 3.92035507e-02, 3.93982977e-02, 3.96001898e-02,
       3.98052409e-02, 4.00087647e-02, 4.02077027e-02, 4.04081941e-02,
       4.06095721e-02, 4.08148803e-02, 4.10282128e-02, 4.12608497e-02,
       4.15108725e-02, 4.17404436e-02, 4.19509336e-02, 4.21607792e-02,
       4.23608050e-02, 4.25227806e-02, 4.25976701e-02, 4.27194312e-02,
       4.28888127e-02, 4.30820808e-02, 4.32833619e-02, 4.35398109e-02,
       4.37660255e-02, 4.39314693e-02, 4.41149697e-02, 4.43223156e-02,
       4.45271954e-02, 4.47444692e-02, 4.49623242e-02, 4.51837890e-02,
       4.53937985e-02, 4.55850251e-02, 4.57619317e-02, 4.59341481e-02,
       4.61179428e-02, 4.63270508e-02, 4.65331227e-02, 4.67172191e-02,
       4.69118394e-02, 4.71207611e-02, 4.73230779e-02, 4.75047231e-02,
       4.76717874e-02, 4.78348732e-02, 4.79919799e-02, 4.81504574e-02,
       4.83079553e-02, 4.84620668e-02, 4.86137867e-02, 4.89254929e-02,
       4.91688438e-02, 4.94114049e-02, 4.96180020e-02, 4.98168766e-02,
       5.00054136e-02, 5.01753502e-02, 5.03324643e-02, 5.05006425e-02,
       5.06516509e-02, 5.08221276e-02, 5.10069653e-02, 5.11939265e-02,
       5.13448864e-02, 5.14649861e-02, 5.15791439e-02, 5.17082401e-02,
       5.18684499e-02, 5.20551540e-02, 5.22220396e-02, 5.23667224e-02,
       5.25039546e-02, 5.26444986e-02, 5.28114215e-02, 5.29843085e-02,
       5.31734005e-02, 5.33616617e-02, 5.35713248e-02, 5.37940487e-02,
       5.40341958e-02, 5.43060414e-02, 5.44565432e-02, 5.46119548e-02,
       5.48758954e-02, 5.51687889e-02, 5.54657392e-02, 5.56805506e-02,
       5.58820702e-02, 5.61019033e-02, 5.63293770e-02, 5.65233603e-02,
       5.66873178e-02, 5.68758249e-02, 5.70546389e-02, 5.72217442e-02,
       5.73773310e-02, 5.75099811e-02, 5.76261804e-02, 5.77479638e-02,
       5.78807332e-02, 5.80178984e-02, 5.81426397e-02, 5.82642742e-02,
       5.84008470e-02, 5.85515387e-02, 5.87097071e-02, 5.88645674e-02,
       5.90111800e-02, 5.90979233e-02, 5.91829270e-02, 5.93068413e-02,
       5.94313964e-02, 5.95797338e-02, 5.97390831e-02, 5.98823503e-02,
       6.00212701e-02]), 'S12_real': array([ 5.00229129e-04,  4.79270675e-04,  5.42131194e-04,  5.59796521e-04,
        4.66783502e-04,  4.24754777e-04,  3.77823570e-04,  2.66113319e-04,
        9.06558707e-05, -1.01487152e-04, -2.88384967e-04, -4.40034055e-04,
       -5.69007301e-04, -6.64214487e-04, -7.55551155e-04, -7.84034666e-04,
       -8.25553027e-04, -8.49279342e-04, -8.82989494e-04, -9.19564394e-04,
       -9.76561278e-04, -1.03250390e-03, -1.06809905e-03, -1.10265473e-03,
       -1.14205154e-03, -1.22047623e-03, -1.28588662e-03, -1.34875078e-03,
       -1.41224451e-03, -1.48439955e-03, -1.56030583e-03, -1.60354516e-03,
       -1.67094299e-03, -1.75240554e-03, -1.83292362e-03, -1.86106632e-03,
       -1.81067816e-03, -1.77680049e-03, -1.74909376e-03, -1.73502520e-03,
       -1.73256279e-03, -1.71746605e-03, -1.73067034e-03, -1.72565610e-03,
       -1.70110655e-03, -1.66854577e-03, -1.63288927e-03, -1.59805035e-03,
       -1.59421703e-03, -1.59500679e-03, -1.60034886e-03, -1.60871213e-03,
       -1.62967807e-03, -1.63971016e-03, -1.64235511e-03, -1.64325663e-03,
       -1.63770595e-03, -1.62637746e-03, -1.61398714e-03, -1.60083314e-03,
       -1.57641026e-03, -1.53678074e-03, -1.49681210e-03, -1.45616557e-03,
       -1.43303908e-03, -1.41284801e-03, -1.38772838e-03, -1.36277650e-03,
       -1.33775373e-03, -1.31264539e-03, -1.28535391e-03, -1.25654996e-03,
       -1.20806170e-03, -1.15009630e-03, -1.09521160e-03, -1.04385486e-03,
       -9.97501076e-04, -9.47239518e-04, -8.94265948e-04, -8.40159890e-04,
       -7.93932762e-04, -7.46681239e-04, -6.97388197e-04, -6.43814798e-04,
       -5.89705014e-04, -5.13288134e-04, -4.09732544e-04, -3.02403234e-04,
       -1.51197426e-04, -1.74595043e-05,  8.16555694e-05,  1.80789270e-04,
        2.79542990e-04,  3.78121593e-04,  4.75981244e-04,  5.68085292e-04,
        6.67971442e-04,  7.73356121e-04,  8.76758946e-04,  9.74897936e-04,
        1.06879009e-03,  1.15657272e-03,  1.24511146e-03,  1.33320701e-03,
        1.40704215e-03,  1.44610170e-03,  1.47335592e-03,  1.50528154e-03,
        1.54473970e-03,  1.58949161e-03,  1.63842679e-03,  1.67325453e-03,
        1.71208312e-03,  1.74485438e-03,  1.78614911e-03,  1.86173129e-03,
        1.91805372e-03,  1.96484686e-03,  2.01107003e-03,  2.08097114e-03,
        2.13824352e-03,  2.20488873e-03,  2.26968224e-03,  2.32636975e-03,
        2.37749168e-03,  2.43268884e-03,  2.54534837e-03,  2.65653641e-03,
        2.76754936e-03,  2.83638085e-03,  2.90593156e-03,  2.97206594e-03,
        3.03701963e-03,  3.12835909e-03,  3.22723109e-03,  3.32280598e-03,
        3.42003512e-03,  3.50359594e-03,  3.57081066e-03,  3.64008150e-03,
        3.71195632e-03,  3.78742209e-03,  3.87235754e-03,  3.96084692e-03,
        4.05161921e-03,  4.12722304e-03,  4.20401478e-03,  4.28263191e-03,
        4.37231269e-03,  4.45901742e-03,  4.52019647e-03,  4.58073849e-03,
        4.64384351e-03,  4.71784128e-03,  4.79418924e-03,  4.86951275e-03,
        4.94478038e-03,  5.01723215e-03,  5.07561676e-03,  5.13612526e-03,
        5.17578004e-03,  5.19460347e-03,  5.25133032e-03,  5.32543566e-03,
        5.43322740e-03,  5.51810209e-03,  5.63052017e-03,  5.74452896e-03,
        5.87137835e-03,  6.01208862e-03,  6.14271499e-03,  6.22525299e-03,
        6.30022166e-03,  6.39213948e-03,  6.48095785e-03,  6.56611053e-03,
        6.65088324e-03,  6.73903478e-03,  6.84015686e-03,  6.94673229e-03,
        7.05702882e-03,  7.15295039e-03,  7.24585447e-03,  7.34148500e-03,
        7.43888831e-03,  7.54392473e-03,  7.65453698e-03,  7.77009595e-03,
        7.88728613e-03,  8.00372753e-03,  8.11572559e-03,  8.22749175e-03,
        8.33970401e-03,  8.45621247e-03,  8.57685786e-03,  8.70589633e-03,
        8.84376932e-03,  8.96106567e-03,  9.06542502e-03,  9.20010172e-03,
        9.37038567e-03,  9.45402216e-03,  9.49419569e-03,  9.56057385e-03,
        9.65342205e-03,  9.75986570e-03,  9.87003464e-03,  1.00233750e-02,
        1.01607349e-02,  1.02558499e-02,  1.03633991e-02,  1.04897656e-02,
        1.06134834e-02,  1.07409107e-02,  1.08677987e-02,  1.09956982e-02,
        1.11165205e-02,  1.12240231e-02,  1.13231549e-02,  1.14169791e-02,
        1.15217399e-02,  1.16501665e-02,  1.17772371e-02,  1.18829161e-02,
        1.20130554e-02,  1.21585522e-02,  1.23013807e-02,  1.24338055e-02,
        1.25507461e-02,  1.26658622e-02,  1.27760833e-02,  1.28873652e-02,
        1.29977120e-02,  1.31051159e-02,  1.32110454e-02,  1.34374686e-02,
        1.35999480e-02,  1.37635134e-02,  1.38999559e-02,  1.40305236e-02,
        1.41543802e-02,  1.42667945e-02,  1.43711371e-02,  1.44854868e-02,
        1.45871621e-02,  1.46971727e-02,  1.48154246e-02,  1.49391219e-02,
        1.50323892e-02,  1.51070384e-02,  1.51802050e-02,  1.52645931e-02,
        1.53669026e-02,  1.54799344e-02,  1.55820092e-02,  1.56726036e-02,
        1.57595370e-02,  1.58504043e-02,  1.59585308e-02,  1.60696562e-02,
        1.61910243e-02,  1.63132194e-02,  1.64565481e-02,  1.66501775e-02,
        1.68581307e-02,  1.70916803e-02,  1.72360782e-02,  1.73852760e-02,
        1.75947379e-02,  1.78095307e-02,  1.80279855e-02,  1.81763973e-02,
        1.83129404e-02,  1.84624977e-02,  1.86167229e-02,  1.87490620e-02,
        1.88613813e-02,  1.89866554e-02,  1.91077571e-02,  1.92193221e-02,
        1.93272159e-02,  1.94220301e-02,  1.95084158e-02,  1.96024925e-02,
        1.97133888e-02,  1.98287964e-02,  1.99330561e-02,  2.00316962e-02,
        2.01432128e-02,  2.02641655e-02,  2.03894097e-02,  2.05129180e-02,
        2.06304304e-02,  2.07017995e-02,  2.07726099e-02,  2.08826810e-02,
        2.09901240e-02,  2.11027116e-02,  2.12185532e-02,  2.13271417e-02,
        2.14335453e-02]), 'S12_imag': array([8.13044608e-05, 2.38757581e-04, 2.28341669e-04, 4.55826492e-04,
       4.13238973e-04, 3.90578032e-04, 4.09949542e-04, 4.74277855e-04,
       5.70006610e-04, 6.52905437e-04, 7.43932906e-04, 8.98442930e-04,
       9.72043432e-04, 1.06254558e-03, 1.30661880e-03, 1.51213515e-03,
       1.74379547e-03, 1.98189658e-03, 2.23546475e-03, 2.47789407e-03,
       2.71351333e-03, 2.92989891e-03, 3.10753030e-03, 3.27809481e-03,
       3.42833018e-03, 3.55451554e-03, 3.67241935e-03, 3.79575090e-03,
       3.93689983e-03, 4.10507526e-03, 4.30033309e-03, 4.76872642e-03,
       5.18912263e-03, 5.36607252e-03, 5.56178251e-03, 6.08249707e-03,
       6.60610292e-03, 7.00571854e-03, 7.36578647e-03, 7.66310003e-03,
       8.11311323e-03, 8.44495371e-03, 8.69240332e-03, 8.96233134e-03,
       9.21647251e-03, 9.49802715e-03, 9.81557928e-03, 1.01733012e-02,
       1.03962217e-02, 1.05721066e-02, 1.07250530e-02, 1.09007470e-02,
       1.11178756e-02, 1.12609016e-02, 1.13882525e-02, 1.15213515e-02,
       1.17082875e-02, 1.19087277e-02, 1.21153621e-02, 1.22767221e-02,
       1.24719013e-02, 1.26903392e-02, 1.29137123e-02, 1.31507050e-02,
       1.33553473e-02, 1.35357268e-02, 1.37288179e-02, 1.39249247e-02,
       1.41244223e-02, 1.43319797e-02, 1.45495776e-02, 1.47692477e-02,
       1.50097739e-02, 1.52700478e-02, 1.55179258e-02, 1.57577991e-02,
       1.59902684e-02, 1.62405167e-02, 1.64685342e-02, 1.66879147e-02,
       1.68803986e-02, 1.70727503e-02, 1.72695071e-02, 1.74737293e-02,
       1.76806655e-02, 1.79306045e-02, 1.82283521e-02, 1.85432639e-02,
       1.90194827e-02, 1.94339640e-02, 1.97233278e-02, 2.00129170e-02,
       2.03014091e-02, 2.05897950e-02, 2.08761003e-02, 2.11482476e-02,
       2.14322247e-02, 2.17072833e-02, 2.19669621e-02, 2.22089048e-02,
       2.24448256e-02, 2.26601567e-02, 2.28824373e-02, 2.31040232e-02,
       2.33459622e-02, 2.35031284e-02, 2.36362629e-02, 2.37799753e-02,
       2.39689294e-02, 2.41717100e-02, 2.43914127e-02, 2.45571565e-02,
       2.47273203e-02, 2.48888880e-02, 2.51108538e-02, 2.54040975e-02,
       2.56336574e-02, 2.58364379e-02, 2.60452498e-02, 2.63202451e-02,
       2.65560653e-02, 2.67445352e-02, 2.68867686e-02, 2.69966591e-02,
       2.70886589e-02, 2.71771215e-02, 2.74737943e-02, 2.77680550e-02,
       2.80210208e-02, 2.81936042e-02, 2.83718165e-02, 2.85449699e-02,
       2.87224893e-02, 2.89838221e-02, 2.92811263e-02, 2.95646358e-02,
       2.98482534e-02, 3.00944149e-02, 3.02924495e-02, 3.04977093e-02,
       3.07101347e-02, 3.09312362e-02, 3.11768092e-02, 3.14260088e-02,
       3.16508226e-02, 3.18455920e-02, 3.20443660e-02, 3.22429053e-02,
       3.24557833e-02, 3.26573327e-02, 3.27978469e-02, 3.29388604e-02,
       3.30870934e-02, 3.32576782e-02, 3.34327370e-02, 3.36053222e-02,
       3.37730609e-02, 3.39257643e-02, 3.40348184e-02, 3.41480337e-02,
       3.42463106e-02, 3.43548916e-02, 3.44885625e-02, 3.46468464e-02,
       3.48953195e-02, 3.50841247e-02, 3.53163555e-02, 3.55515108e-02,
       3.58129628e-02, 3.60960327e-02, 3.63718234e-02, 3.65618132e-02,
       3.67351659e-02, 3.69414017e-02, 3.71399894e-02, 3.73297706e-02,
       3.75166871e-02, 3.77071686e-02, 3.79267484e-02, 3.81527990e-02,
       3.83502282e-02, 3.85183021e-02, 3.86803113e-02, 3.88489328e-02,
       3.90194841e-02, 3.92035618e-02, 3.93982939e-02, 3.96001935e-02,
       3.98052372e-02, 4.00087610e-02, 4.02076989e-02, 4.04081978e-02,
       4.06095684e-02, 4.08148915e-02, 4.10282165e-02, 4.12608460e-02,
       4.15108688e-02, 4.17404398e-02, 4.19509299e-02, 4.21607681e-02,
       4.23608012e-02, 4.25227843e-02, 4.25976738e-02, 4.27194349e-02,
       4.28888090e-02, 4.30820845e-02, 4.32833508e-02, 4.35398147e-02,
       4.37660217e-02, 4.39314730e-02, 4.41149659e-02, 4.43223119e-02,
       4.45271917e-02, 4.47444580e-02, 4.49623205e-02, 4.51837853e-02,
       4.53937873e-02, 4.55850214e-02, 4.57619205e-02, 4.59341519e-02,
       4.61179391e-02, 4.63270470e-02, 4.65331189e-02, 4.67172228e-02,
       4.69118431e-02, 4.71207649e-02, 4.73230742e-02, 4.75047193e-02,
       4.76717912e-02, 4.78348620e-02, 4.79919836e-02, 4.81504537e-02,
       4.83079590e-02, 4.84620631e-02, 4.86137904e-02, 4.89254966e-02,
       4.91688475e-02, 4.94114086e-02, 4.96179983e-02, 4.98168878e-02,
       5.00054099e-02, 5.01753464e-02, 5.03324680e-02, 5.05006462e-02,
       5.06516546e-02, 5.08221164e-02, 5.10069691e-02, 5.11939302e-02,
       5.13448827e-02, 5.14649898e-02, 5.15791476e-02, 5.17082438e-02,
       5.18684536e-02, 5.20551577e-02, 5.22220433e-02, 5.23667186e-02,
       5.25039658e-02, 5.26444949e-02, 5.28114177e-02, 5.29843047e-02,
       5.31733893e-02, 5.33616655e-02, 5.35713285e-02, 5.37940450e-02,
       5.40341847e-02, 5.43060452e-02, 5.44565469e-02, 5.46119660e-02,
       5.48758991e-02, 5.51688001e-02, 5.54657280e-02, 5.56805395e-02,
       5.58820665e-02, 5.61019070e-02, 5.63293807e-02, 5.65233566e-02,
       5.66873215e-02, 5.68758249e-02, 5.70546500e-02, 5.72217479e-02,
       5.73773347e-02, 5.75099848e-02, 5.76261692e-02, 5.77479675e-02,
       5.78807220e-02, 5.80179021e-02, 5.81426360e-02, 5.82642779e-02,
       5.84008284e-02, 5.85515425e-02, 5.87097034e-02, 5.88645674e-02,
       5.90111688e-02, 5.90979122e-02, 5.91829307e-02, 5.93068227e-02,
       5.94314002e-02, 5.95797226e-02, 5.97390793e-02, 5.98823391e-02,
       6.00212663e-02]), 'S22_real': array([0.99984652, 0.99979496, 0.99973053, 0.99968129, 0.99963397,
       0.99958295, 0.99954963, 0.99952245, 0.99949843, 0.99947733,
       0.99945462, 0.9994266 , 0.99939543, 0.99936372, 0.99932969,
       0.99930328, 0.99927169, 0.99923831, 0.99919719, 0.99915761,
       0.99911267, 0.99906749, 0.99903673, 0.99900097, 0.9989655 ,
       0.9989168 , 0.99887919, 0.99884701, 0.99881399, 0.99877518,
       0.99872881, 0.99867195, 0.99862105, 0.99858737, 0.99855191,
       0.99850363, 0.99845272, 0.99840689, 0.99836314, 0.99832416,
       0.99826795, 0.99822354, 0.99817872, 0.99813288, 0.99808991,
       0.99804252, 0.99799061, 0.99793398, 0.99788475, 0.99783713,
       0.99779165, 0.9977414 , 0.9976784 , 0.99763244, 0.99759573,
       0.99755859, 0.99751669, 0.99747884, 0.9974404 , 0.99743497,
       0.99741131, 0.99736035, 0.99730742, 0.99725479, 0.99722034,
       0.99718118, 0.99713188, 0.99708122, 0.99702865, 0.99697101,
       0.99690926, 0.99684691, 0.99679774, 0.99674487, 0.99669844,
       0.99665827, 0.99661136, 0.99655932, 0.99650002, 0.99644214,
       0.99640757, 0.99637347, 0.99633408, 0.99629039, 0.99624598,
       0.99620277, 0.99616253, 0.99611437, 0.99601132, 0.99592304,
       0.99587244, 0.99582094, 0.99576926, 0.99571711, 0.99566489,
       0.99561703, 0.99556965, 0.99554324, 0.99553502, 0.99552697,
       0.99552   , 0.99551761, 0.99551141, 0.99549961, 0.9954471 ,
       0.99539506, 0.99534279, 0.99529064, 0.99524552, 0.99519092,
       0.99512136, 0.99507618, 0.99503881, 0.99499571, 0.99491829,
       0.99485213, 0.99479836, 0.99473953, 0.99468619, 0.99463809,
       0.99458253, 0.99452329, 0.99447584, 0.99443817, 0.99441004,
       0.99439824, 0.99442065, 0.99444622, 0.99444818, 0.99440455,
       0.99435765, 0.99431193, 0.99427062, 0.99421287, 0.99414504,
       0.99408376, 0.99402612, 0.99397355, 0.99393493, 0.99389613,
       0.99386239, 0.99383175, 0.99379718, 0.99375534, 0.99371696,
       0.9936856 , 0.99365252, 0.99361742, 0.99357837, 0.99353826,
       0.99349928, 0.99345982, 0.99341857, 0.99337697, 0.99333858,
       0.99330014, 0.99326295, 0.99323827, 0.99324948, 0.99326289,
       0.99324596, 0.99321282, 0.99316412, 0.99312049, 0.99308169,
       0.99303836, 0.99298662, 0.99297917, 0.99298173, 0.99297839,
       0.99296248, 0.99292135, 0.99288672, 0.99286395, 0.99284196,
       0.99281991, 0.99280161, 0.99278784, 0.99276483, 0.99274415,
       0.99272555, 0.99270642, 0.99268484, 0.9926548 , 0.99262255,
       0.99258596, 0.99254614, 0.99250841, 0.99247295, 0.99243164,
       0.99239445, 0.99235803, 0.99232119, 0.99227846, 0.99223399,
       0.99218535, 0.99212265, 0.9920066 , 0.9918766 , 0.99176192,
       0.99167407, 0.9916026 , 0.99155474, 0.9915154 , 0.99148422,
       0.99144155, 0.99139494, 0.99133688, 0.99128479, 0.99123877,
       0.99119031, 0.9911387 , 0.99108642, 0.99103463, 0.99098486,
       0.99092257, 0.99085408, 0.99079072, 0.99072939, 0.99067175,
       0.99061477, 0.9905448 , 0.99047875, 0.99041677, 0.9903537 ,
       0.99027073, 0.99019587, 0.99016148, 0.99013638, 0.99011409,
       0.99009341, 0.99007177, 0.99005204, 0.990035  , 0.99001741,
       0.98994368, 0.98988485, 0.98982763, 0.98978961, 0.98975462,
       0.98972273, 0.98969525, 0.98967528, 0.98965299, 0.98963815,
       0.98961473, 0.98959196, 0.98957872, 0.98957396, 0.98956996,
       0.98956603, 0.9895606 , 0.98954713, 0.98952323, 0.98950094,
       0.9894799 , 0.9894619 , 0.98944008, 0.98941052, 0.98938257,
       0.98935139, 0.98932457, 0.98929387, 0.98924077, 0.98918176,
       0.98911333, 0.98907948, 0.98904461, 0.98897302, 0.98889083,
       0.9888072 , 0.98873734, 0.98866808, 0.98859066, 0.98851436,
       0.98847032, 0.98846209, 0.98845518, 0.98845398, 0.98846161,
       0.98847038, 0.98847717, 0.98849106, 0.98850381, 0.988509  ,
       0.9885096 , 0.98851758, 0.9885298 , 0.98853761, 0.9885326 ,
       0.98852295, 0.98851967, 0.98850936, 0.9884609 , 0.98839128,
       0.98833466, 0.98828161, 0.98822427, 0.98816502, 0.98811644,
       0.98806894]), 'S22_imag': array([ 0.00015437, -0.00034261, -0.00099665, -0.00152483, -0.00188775,
       -0.0022154 , -0.00251881, -0.00279851, -0.00309144, -0.003452  ,
       -0.00377692, -0.0040172 , -0.00428096, -0.00462185, -0.00508066,
       -0.00538841, -0.00569048, -0.00596648, -0.00623749, -0.00648215,
       -0.00676859, -0.00714658, -0.00746861, -0.00779188, -0.0081495 ,
       -0.00865638, -0.00908362, -0.00951878, -0.00995982, -0.01040556,
       -0.0109462 , -0.01154794, -0.01201438, -0.01229554, -0.01260493,
       -0.01303946, -0.01342677, -0.01374578, -0.01404056, -0.01429103,
       -0.01492762, -0.01544472, -0.01586156, -0.01627577, -0.0166434 ,
       -0.01699494, -0.01733425, -0.01771191, -0.0180266 , -0.01833876,
       -0.01860735, -0.01891586, -0.01931624, -0.01964852, -0.01994589,
       -0.02025695, -0.02063248, -0.02098098, -0.02134805, -0.02169346,
       -0.02211279, -0.02258969, -0.02307545, -0.02357416, -0.02376486,
       -0.02395336, -0.02428061, -0.02461271, -0.02495156, -0.02531086,
       -0.02569108, -0.02608112, -0.02646269, -0.02687842, -0.02727779,
       -0.02766464, -0.02799127, -0.02834796, -0.02839906, -0.02854868,
       -0.02879664, -0.02904437, -0.02930408, -0.02957427, -0.02984717,
       -0.03010444, -0.03033769, -0.03060859, -0.03103795, -0.03139032,
       -0.03157288, -0.03175601, -0.03193717, -0.03211808, -0.03229729,
       -0.03246233, -0.03281211, -0.03329537, -0.03375139, -0.03419106,
       -0.0346198 , -0.0349944 , -0.03538434, -0.0357475 , -0.03614317,
       -0.03640357, -0.03661909, -0.03682677, -0.03721747, -0.03766971,
       -0.03819525, -0.0386025 , -0.03898892, -0.03932988, -0.0396373 ,
       -0.04001015, -0.04029256, -0.04054405, -0.04079028, -0.04111971,
       -0.04140082, -0.04162004, -0.04177377, -0.04186686, -0.04203743,
       -0.04220387, -0.04264845, -0.04310979, -0.04353509, -0.04391047,
       -0.04429077, -0.04465432, -0.04499556, -0.04538749, -0.04577626,
       -0.04614612, -0.04650772, -0.04682424, -0.0470786 , -0.04734455,
       -0.04762582, -0.04791265, -0.04821998, -0.0485457 , -0.04890907,
       -0.04923092, -0.04955641, -0.04987518, -0.05019907, -0.05052955,
       -0.05081173, -0.05109081, -0.05138168, -0.05171117, -0.05204455,
       -0.05237238, -0.05269606, -0.05300596, -0.05328433, -0.05356605,
       -0.05388058, -0.05420883, -0.0544928 , -0.05480816, -0.0553262 ,
       -0.05554934, -0.05574294, -0.05597745, -0.05623263, -0.05651105,
       -0.05680411, -0.05703373, -0.05724545, -0.05760625, -0.0579484 ,
       -0.0582738 , -0.05859014, -0.05890972, -0.05928963, -0.05967645,
       -0.05997727, -0.06023816, -0.06047235, -0.06071302, -0.06094973,
       -0.06120138, -0.06146922, -0.06173978, -0.06201063, -0.06228056,
       -0.06253462, -0.0627824 , -0.06303166, -0.06329406, -0.06359693,
       -0.06398616, -0.06439555, -0.06465949, -0.06485538, -0.06506121,
       -0.06526785, -0.06546808, -0.06564965, -0.06597056, -0.06643359,
       -0.06696118, -0.06751039, -0.06805944, -0.0684578 , -0.06871215,
       -0.06899107, -0.06929865, -0.06960887, -0.06991563, -0.07021892,
       -0.07051198, -0.07078684, -0.07103752, -0.07126755, -0.07148737,
       -0.07174028, -0.07203709, -0.07232426, -0.07256982, -0.07290259,
       -0.07325973, -0.0736012 , -0.07392136, -0.07424653, -0.0745543 ,
       -0.07484854, -0.07514736, -0.07544258, -0.07572327, -0.07599778,
       -0.07651559, -0.07689318, -0.07729225, -0.07770561, -0.07810136,
       -0.07847277, -0.07880882, -0.07911906, -0.07945906, -0.07975952,
       -0.08009866, -0.08048044, -0.0808716 , -0.08118796, -0.08143549,
       -0.08167011, -0.08193143, -0.08224411, -0.08261371, -0.0829473 ,
       -0.08324543, -0.08352174, -0.08380578, -0.08412603, -0.08444422,
       -0.08479475, -0.0851456 , -0.085535  , -0.08588672, -0.08627158,
       -0.08671943, -0.0868556 , -0.08699495, -0.08733556, -0.08773055,
       -0.08813272, -0.08844002, -0.08873684, -0.08906756, -0.08941332,
       -0.08975616, -0.09008805, -0.09043356, -0.09076152, -0.09107432,
       -0.09138092, -0.09164941, -0.09189676, -0.09217021, -0.09249218,
       -0.09283518, -0.09315498, -0.09344786, -0.09378575, -0.09416832,
       -0.09456615, -0.09494874, -0.09530711, -0.09549695, -0.09568573,
       -0.09588594, -0.09607271, -0.09628192, -0.09650511, -0.09670302,
       -0.09689636])}
2026-01-08 17:09:35 - INFO - 预测完成!
2026-01-08 17:09:35 - INFO - 计算幅度和相位...
2026-01-08 17:09:35 - INFO -   S11: 幅度范围 [0.8346, 0.9995], 相位范围 [-39.2°, -0.4°]
2026-01-08 17:09:35 - INFO -   S21: 幅度范围 [0.0005, 0.0637], 相位范围 [9.2°, 122.0°]
2026-01-08 17:09:35 - INFO -   S12: 幅度范围 [0.0005, 0.0637], 相位范围 [9.2°, 122.0°]
2026-01-08 17:09:35 - INFO -   S22: 幅度范围 [0.9925, 0.9998], 相位范围 [-5.6°, 0.0°]
2026-01-08 17:09:35 - INFO - 
计算预测误差...
2026-01-08 17:09:35 - INFO -   S11_real:
2026-01-08 17:09:35 - INFO -     绝对误差 - 均值: 0.002028, 最大: 0.004962
2026-01-08 17:09:35 - INFO -     相对误差 - 均值: 0.27%, 最大: 0.73%
2026-01-08 17:09:35 - INFO -   S11_imag:
2026-01-08 17:09:35 - INFO -     绝对误差 - 均值: 0.001897, 最大: 0.006114
2026-01-08 17:09:35 - INFO -     相对误差 - 均值: 1.09%, 最大: 32.87%
2026-01-08 17:09:35 - INFO -   S21_real:
2026-01-08 17:09:35 - INFO -     绝对误差 - 均值: 0.000212, 最大: 0.001144
2026-01-08 17:09:35 - INFO -     相对误差 - 均值: 86.24%, 最大: 11347.67%
2026-01-08 17:09:35 - INFO -   S21_imag:
2026-01-08 17:09:35 - INFO -     绝对误差 - 均值: 0.001130, 最大: 0.002372
2026-01-08 17:09:35 - INFO -     相对误差 - 均值: 6.03%, 最大: 117.97%
2026-01-08 17:09:35 - INFO -   S12_real:
2026-01-08 17:09:35 - INFO -     绝对误差 - 均值: 0.000212, 最大: 0.001144
2026-01-08 17:09:35 - INFO -     相对误差 - 均值: 86.24%, 最大: 11347.45%
2026-01-08 17:09:35 - INFO -   S12_imag:
2026-01-08 17:09:35 - INFO -     绝对误差 - 均值: 0.001130, 最大: 0.002372
2026-01-08 17:09:35 - INFO -     相对误差 - 均值: 6.03%, 最大: 117.96%
2026-01-08 17:09:35 - INFO -   S22_real:
2026-01-08 17:09:35 - INFO -     绝对误差 - 均值: 0.000355, 最大: 0.001290
2026-01-08 17:09:35 - INFO -     相对误差 - 均值: 0.04%, 最大: 0.13%
2026-01-08 17:09:35 - INFO -   S22_imag:
2026-01-08 17:09:35 - INFO -     绝对误差 - 均值: 0.001172, 最大: 0.002441
2026-01-08 17:09:35 - INFO -     相对误差 - 均值: 3.23%, 最大: 25.33%
2026-01-08 17:09:35 - INFO - 
开始绘制S参数对比图，保存到: s_param_evaluation_results
2026-01-08 17:09:36 - INFO - 实部/虚部对比图已保存: s_param_evaluation_results/s_param_real_imag_comparison.png
2026-01-08 17:09:37 - INFO - dB对比图已保存: s_param_evaluation_results/s_param_db_comparison.png
2026-01-08 17:09:37 - INFO - 
绘制误差分析图...
2026-01-08 17:09:37 - INFO - 绝对误差图已保存: s_param_evaluation_results/absolute_error_vs_frequency.png
2026-01-08 17:09:38 - INFO - 相对误差分布图已保存: s_param_evaluation_results/relative_error_distribution.png
2026-01-08 17:09:38 - INFO - 
创建评估总结报告...
2026-01-08 17:09:38 - INFO - 评估报告已保存: s_param_evaluation_results/evaluation_report.txt
2026-01-08 17:09:38 - INFO - ================================================================================
S参数模型预测评估报告
================================================================================

生成时间: 2026-01-08 17:09:38

频率范围: 0.00 GHz 到 30.00 GHz
频率点数: 301

S11 误差统计:
  real绝对误差: 均值=0.002028, 最大=0.004962
  real相对误差: 均值=0.27%, 最大=0.73%
  imag绝对误差: 均值=0.001897, 最大=0.006114
  imag相对误差: 均值=1.09%, 最大=32.87%

S21 误差统计:
  real绝对误差: 均值=0.000212, 最大=0.001144
  real相对误差: 均值=22.06%, 最大=817.86%
  imag绝对误差: 均值=0.001130, 最大=0.002372
  imag相对误差: 均值=6.01%, 最大=117.97%

S12 误差统计:
  real绝对误差: 均值=0.000212, 最大=0.001144
  real相对误差: 均值=22.06%, 最大=817.86%
  imag绝对误差: 均值=0.001130, 最大=0.002372
  imag相对误差: 均值=6.01%, 最大=117.96%

S22 误差统计:
  real绝对误差: 均值=0.000355, 最大=0.001290
  real相对误差: 均值=0.04%, 最大=0.13%
  imag绝对误差: 均值=0.001172, 最大=0.002441
  imag相对误差: 均值=3.22%, 最大=25.33%


S参数dB误差统计:
  S11: RMSE=0.01 dB, MAE=0.01 dB
  S21: RMSE=10.12 dB, MAE=1.16 dB
  S12: RMSE=10.12 dB, MAE=1.16 dB
  S22: RMSE=0.00 dB, MAE=0.00 dB


总体性能评估:
  整体绝对误差: 均值=0.001017, 最大=0.006114
2026-01-08 17:09:38 - INFO - 
================================================================================
2026-01-08 17:09:38 - INFO - 评估完成!
2026-01-08 17:09:38 - INFO - 所有结果已保存到: s_param_evaluation_results
2026-01-08 17:09:38 - INFO - ================================================================================
2026-01-08 17:09:38 - INFO - 
程序运行完成，日志已保存到: logs/training_20260108_170929.log
2026-01-08 17:09:38 - INFO - ============================================================
