2026-01-08 17:18:39 - INFO - 日志文件保存到: logs/training_20260108_171839.log
2026-01-08 17:18:39 - INFO - 选择模型类型 (1: CnnNet, 2: ResidualNet): 
2026-01-08 17:18:43 - INFO - 选择运行模式 (1: 仅训练神经网络, 2: 仅运行遗传算法, 3: 测试S参数曲线: 
2026-01-08 17:18:45 - ERROR - /home/hhabu/work_src/DL_IOMN_src/example/main.py:553: FutureWarning: You are using `torch.load` with `weights_only=False` (the current default value), which uses the default pickle module implicitly. It is possible to construct malicious pickle data which will execute arbitrary code during unpickling (See https://github.com/pytorch/pytorch/blob/main/SECURITY.md#untrusted-models for more details). In a future release, the default value for `weights_only` will be flipped to `True`. This limits the functions that could be executed during unpickling. Arbitrary objects will no longer be allowed to be loaded via this mode unless they are explicitly allowlisted by the user via `torch.serialization.add_safe_globals`. We recommend you start setting `weights_only=True` for any use case where you don't have full control of the loaded file. Please open an issue on GitHub for any issues related to this experimental feature.
  checkpoint = torch.load(model_path)

2026-01-08 17:18:46 - INFO - 
==================================================
2026-01-08 17:18:46 - INFO - 创建空白模型：
2026-01-08 17:18:46 - INFO - 
==================================================
2026-01-08 17:18:46 - INFO - 
==================================================
2026-01-08 17:18:46 - INFO - 模型加载：
2026-01-08 17:18:46 - INFO - 
==================================================
2026-01-08 17:18:46 - INFO - ModelManager初始化完成，使用设备: cuda
2026-01-08 17:18:46 - INFO - 检查点目录: frequency_checkpoints/best_model.pth
2026-01-08 17:18:46 - INFO - [[0 1 0 0 0 1 0 0 0 1 0 0 0 0 1 0 1 1 1]
 [0 1 0 1 1 1 1 1 1 1 1 0 0 1 1 1 0 1 0]
 [0 0 0 0 1 1 1 1 1 0 1 1 0 1 0 1 0 1 1]
 [0 0 0 0 0 0 0 0 1 1 0 1 1 1 1 0 1 0 1]
 [1 1 0 1 0 1 0 1 0 0 1 0 1 1 1 1 1 1 1]
 [1 1 1 1 0 0 1 1 1 1 1 1 1 1 0 1 0 1 1]
 [0 1 0 1 1 0 1 0 1 0 0 1 1 0 1 1 1 0 0]
 [0 0 0 0 0 0 0 1 0 1 1 1 0 0 0 0 1 0 0]
 [0 0 0 1 0 1 0 1 0 0 1 1 1 0 1 0 0 1 1]
 [0 0 1 1 1 0 0 0 0 0 0 1 0 0 0 1 0 0 1]
 [0 0 0 0 0 1 1 1 0 0 0 1 0 0 1 0 1 1 1]
 [0 0 0 0 0 0 0 1 0 1 0 0 0 1 1 1 1 0 1]
 [0 0 1 1 1 1 1 1 1 1 0 1 1 0 1 0 0 1 0]
 [0 0 0 1 0 1 0 0 0 0 1 1 0 0 1 0 0 0 1]
 [1 1 0 0 1 1 1 1 0 1 0 1 0 1 1 1 1 0 1]
 [0 0 0 0 1 0 0 0 1 1 1 1 0 0 1 0 0 0 1]
 [1 0 1 1 1 1 1 0 1 0 0 1 0 0 0 1 1 0 1]
 [1 1 1 0 0 1 1 0 0 1 0 1 1 0 0 1 1 0 1]
 [0 1 0 0 0 1 1 0 1 0 0 1 1 0 1 1 0 0 1]]
2026-01-08 17:18:46 - INFO - 
================================================================================
2026-01-08 17:18:46 - INFO - 开始完整的S参数模型评估
2026-01-08 17:18:46 - INFO - ================================================================================
2026-01-08 17:18:46 - INFO - 加载真实数据: s_params_varification.txt
2026-01-08 17:18:46 - INFO - 数据加载成功，形状: (301, 10)
2026-01-08 17:18:46 - INFO - 列名: ['ID', 'Freq(Hz)', 'S11_real', 'S11_imag', 'S21_real', 'S21_imag', 'S12_real', 'S12_imag', 'S22_real', 'S22_imag']
2026-01-08 17:18:46 - INFO - 频率范围: 0.00e+00 Hz 到 3.00e+10 Hz
2026-01-08 17:18:46 - INFO - 频率范围: 0.00 GHz 到 30.00 GHz
2026-01-08 17:18:46 - INFO - 数据点数: 301
2026-01-08 17:18:46 - INFO - 开始预测 301 个频率点的S参数...
2026-01-08 17:18:46 - INFO -   预测进度: 1/301
2026-01-08 17:18:46 - INFO - (tensor([[[[0., 1., 0., 0., 0., 1., 0., 0., 0., 1., 0., 0., 0., 0., 1., 0., 1.,
           1., 1.],
          [0., 1., 0., 1., 1., 1., 1., 1., 1., 1., 1., 0., 0., 1., 1., 1., 0.,
           1., 0.],
          [0., 0., 0., 0., 1., 1., 1., 1., 1., 0., 1., 1., 0., 1., 0., 1., 0.,
           1., 1.],
          [0., 0., 0., 0., 0., 0., 0., 0., 1., 1., 0., 1., 1., 1., 1., 0., 1.,
           0., 1.],
          [1., 1., 0., 1., 0., 1., 0., 1., 0., 0., 1., 0., 1., 1., 1., 1., 1.,
           1., 1.],
          [1., 1., 1., 1., 0., 0., 1., 1., 1., 1., 1., 1., 1., 1., 0., 1., 0.,
           1., 1.],
          [0., 1., 0., 1., 1., 0., 1., 0., 1., 0., 0., 1., 1., 0., 1., 1., 1.,
           0., 0.],
          [0., 0., 0., 0., 0., 0., 0., 1., 0., 1., 1., 1., 0., 0., 0., 0., 1.,
           0., 0.],
          [0., 0., 0., 1., 0., 1., 0., 1., 0., 0., 1., 1., 1., 0., 1., 0., 0.,
           1., 1.],
          [1., 0., 1., 1., 1., 0., 0., 0., 0., 0., 0., 1., 0., 0., 0., 1., 0.,
           0., 1.],
          [0., 0., 0., 0., 0., 1., 1., 1., 0., 0., 0., 1., 0., 0., 1., 0., 1.,
           1., 1.],
          [0., 0., 0., 0., 0., 0., 0., 1., 0., 1., 0., 0., 0., 1., 1., 1., 1.,
           0., 1.],
          [0., 0., 1., 1., 1., 1., 1., 1., 1., 1., 0., 1., 1., 0., 1., 0., 0.,
           1., 0.],
          [0., 0., 0., 1., 0., 1., 0., 0., 0., 0., 1., 1., 0., 0., 1., 0., 0.,
           0., 1.],
          [1., 1., 0., 0., 1., 1., 1., 1., 0., 1., 0., 1., 0., 1., 1., 1., 1.,
           0., 1.],
          [0., 0., 0., 0., 1., 0., 0., 0., 1., 1., 1., 1., 0., 0., 1., 0., 0.,
           0., 1.],
          [1., 0., 1., 1., 1., 1., 1., 0., 1., 0., 0., 1., 0., 0., 0., 1., 1.,
           0., 1.],
          [1., 1., 1., 0., 0., 1., 1., 0., 0., 1., 0., 1., 1., 0., 0., 1., 1.,
           0., 1.],
          [0., 1., 0., 0., 0., 1., 1., 0., 1., 0., 0., 1., 1., 0., 1., 1., 0.,
           0., 1.]]]], device='cuda:0'), tensor([[-0.0033]], device='cuda:0'))
2026-01-08 17:18:46 - INFO - [ 9.9991089e-01  2.1761283e-04  5.7342550e-04 -6.3101196e-04
  5.7340873e-04 -6.3100451e-04  9.9947518e-01 -4.2525572e-03]
2026-01-08 17:18:46 - INFO - (tensor([[[[0., 1., 0., 0., 0., 1., 0., 0., 0., 1., 0., 0., 0., 0., 1., 0., 1.,
           1., 1.],
          [0., 1., 0., 1., 1., 1., 1., 1., 1., 1., 1., 0., 0., 1., 1., 1., 0.,
           1., 0.],
          [0., 0., 0., 0., 1., 1., 1., 1., 1., 0., 1., 1., 0., 1., 0., 1., 0.,
           1., 1.],
          [0., 0., 0., 0., 0., 0., 0., 0., 1., 1., 0., 1., 1., 1., 1., 0., 1.,
           0., 1.],
          [1., 1., 0., 1., 0., 1., 0., 1., 0., 0., 1., 0., 1., 1., 1., 1., 1.,
           1., 1.],
          [1., 1., 1., 1., 0., 0., 1., 1., 1., 1., 1., 1., 1., 1., 0., 1., 0.,
           1., 1.],
          [0., 1., 0., 1., 1., 0., 1., 0., 1., 0., 0., 1., 1., 0., 1., 1., 1.,
           0., 0.],
          [0., 0., 0., 0., 0., 0., 0., 1., 0., 1., 1., 1., 0., 0., 0., 0., 1.,
           0., 0.],
          [0., 0., 0., 1., 0., 1., 0., 1., 0., 0., 1., 1., 1., 0., 1., 0., 0.,
           1., 1.],
          [1., 0., 1., 1., 1., 0., 0., 0., 0., 0., 0., 1., 0., 0., 0., 1., 0.,
           0., 1.],
          [0., 0., 0., 0., 0., 1., 1., 1., 0., 0., 0., 1., 0., 0., 1., 0., 1.,
           1., 1.],
          [0., 0., 0., 0., 0., 0., 0., 1., 0., 1., 0., 0., 0., 1., 1., 1., 1.,
           0., 1.],
          [0., 0., 1., 1., 1., 1., 1., 1., 1., 1., 0., 1., 1., 0., 1., 0., 0.,
           1., 0.],
          [0., 0., 0., 1., 0., 1., 0., 0., 0., 0., 1., 1., 0., 0., 1., 0., 0.,
           0., 1.],
          [1., 1., 0., 0., 1., 1., 1., 1., 0., 1., 0., 1., 0., 1., 1., 1., 1.,
           0., 1.],
          [0., 0., 0., 0., 1., 0., 0., 0., 1., 1., 1., 1., 0., 0., 1., 0., 0.,
           0., 1.],
          [1., 0., 1., 1., 1., 1., 1., 0., 1., 0., 0., 1., 0., 0., 0., 1., 1.,
           0., 1.],
          [1., 1., 1., 0., 0., 1., 1., 0., 0., 1., 0., 1., 1., 0., 0., 1., 1.,
           0., 1.],
          [0., 1., 0., 0., 0., 1., 1., 0., 1., 0., 0., 1., 1., 0., 1., 1., 0.,
           0., 1.]]]], device='cuda:0'), tensor([[0.]], device='cuda:0'))
2026-01-08 17:18:46 - INFO - [ 9.9988043e-01  9.0140849e-05  4.8656666e-04 -5.9255207e-04
  4.8653499e-04 -5.9255207e-04  9.9923229e-01 -6.4883213e-03]
2026-01-08 17:18:46 - INFO - (tensor([[[[0., 1., 0., 0., 0., 1., 0., 0., 0., 1., 0., 0., 0., 0., 1., 0., 1.,
           1., 1.],
          [0., 1., 0., 1., 1., 1., 1., 1., 1., 1., 1., 0., 0., 1., 1., 1., 0.,
           1., 0.],
          [0., 0., 0., 0., 1., 1., 1., 1., 1., 0., 1., 1., 0., 1., 0., 1., 0.,
           1., 1.],
          [0., 0., 0., 0., 0., 0., 0., 0., 1., 1., 0., 1., 1., 1., 1., 0., 1.,
           0., 1.],
          [1., 1., 0., 1., 0., 1., 0., 1., 0., 0., 1., 0., 1., 1., 1., 1., 1.,
           1., 1.],
          [1., 1., 1., 1., 0., 0., 1., 1., 1., 1., 1., 1., 1., 1., 0., 1., 0.,
           1., 1.],
          [0., 1., 0., 1., 1., 0., 1., 0., 1., 0., 0., 1., 1., 0., 1., 1., 1.,
           0., 0.],
          [0., 0., 0., 0., 0., 0., 0., 1., 0., 1., 1., 1., 0., 0., 0., 0., 1.,
           0., 0.],
          [0., 0., 0., 1., 0., 1., 0., 1., 0., 0., 1., 1., 1., 0., 1., 0., 0.,
           1., 1.],
          [1., 0., 1., 1., 1., 0., 0., 0., 0., 0., 0., 1., 0., 0., 0., 1., 0.,
           0., 1.],
          [0., 0., 0., 0., 0., 1., 1., 1., 0., 0., 0., 1., 0., 0., 1., 0., 1.,
           1., 1.],
          [0., 0., 0., 0., 0., 0., 0., 1., 0., 1., 0., 0., 0., 1., 1., 1., 1.,
           0., 1.],
          [0., 0., 1., 1., 1., 1., 1., 1., 1., 1., 0., 1., 1., 0., 1., 0., 0.,
           1., 0.],
          [0., 0., 0., 1., 0., 1., 0., 0., 0., 0., 1., 1., 0., 0., 1., 0., 0.,
           0., 1.],
          [1., 1., 0., 0., 1., 1., 1., 1., 0., 1., 0., 1., 0., 1., 1., 1., 1.,
           0., 1.],
          [0., 0., 0., 0., 1., 0., 0., 0., 1., 1., 1., 1., 0., 0., 1., 0., 0.,
           0., 1.],
          [1., 0., 1., 1., 1., 1., 1., 0., 1., 0., 0., 1., 0., 0., 0., 1., 1.,
           0., 1.],
          [1., 1., 1., 0., 0., 1., 1., 0., 0., 1., 0., 1., 1., 0., 0., 1., 1.,
           0., 1.],
          [0., 1., 0., 0., 0., 1., 1., 0., 1., 0., 0., 1., 1., 0., 1., 1., 0.,
           0., 1.]]]], device='cuda:0'), tensor([[0.0033]], device='cuda:0'))
2026-01-08 17:18:46 - INFO - [ 9.9985236e-01 -3.0991808e-04  3.5400593e-04 -5.1194424e-04
  3.5398916e-04 -5.1194424e-04  9.9871719e-01 -1.1754415e-02]
2026-01-08 17:18:46 - INFO - (tensor([[[[0., 1., 0., 0., 0., 1., 0., 0., 0., 1., 0., 0., 0., 0., 1., 0., 1.,
           1., 1.],
          [0., 1., 0., 1., 1., 1., 1., 1., 1., 1., 1., 0., 0., 1., 1., 1., 0.,
           1., 0.],
          [0., 0., 0., 0., 1., 1., 1., 1., 1., 0., 1., 1., 0., 1., 0., 1., 0.,
           1., 1.],
          [0., 0., 0., 0., 0., 0., 0., 0., 1., 1., 0., 1., 1., 1., 1., 0., 1.,
           0., 1.],
          [1., 1., 0., 1., 0., 1., 0., 1., 0., 0., 1., 0., 1., 1., 1., 1., 1.,
           1., 1.],
          [1., 1., 1., 1., 0., 0., 1., 1., 1., 1., 1., 1., 1., 1., 0., 1., 0.,
           1., 1.],
          [0., 1., 0., 1., 1., 0., 1., 0., 1., 0., 0., 1., 1., 0., 1., 1., 1.,
           0., 0.],
          [0., 0., 0., 0., 0., 0., 0., 1., 0., 1., 1., 1., 0., 0., 0., 0., 1.,
           0., 0.],
          [0., 0., 0., 1., 0., 1., 0., 1., 0., 0., 1., 1., 1., 0., 1., 0., 0.,
           1., 1.],
          [1., 0., 1., 1., 1., 0., 0., 0., 0., 0., 0., 1., 0., 0., 0., 1., 0.,
           0., 1.],
          [0., 0., 0., 0., 0., 1., 1., 1., 0., 0., 0., 1., 0., 0., 1., 0., 1.,
           1., 1.],
          [0., 0., 0., 0., 0., 0., 0., 1., 0., 1., 0., 0., 0., 1., 1., 1., 1.,
           0., 1.],
          [0., 0., 1., 1., 1., 1., 1., 1., 1., 1., 0., 1., 1., 0., 1., 0., 0.,
           1., 0.],
          [0., 0., 0., 1., 0., 1., 0., 0., 0., 0., 1., 1., 0., 0., 1., 0., 0.,
           0., 1.],
          [1., 1., 0., 0., 1., 1., 1., 1., 0., 1., 0., 1., 0., 1., 1., 1., 1.,
           0., 1.],
          [0., 0., 0., 0., 1., 0., 0., 0., 1., 1., 1., 1., 0., 0., 1., 0., 0.,
           0., 1.],
          [1., 0., 1., 1., 1., 1., 1., 0., 1., 0., 0., 1., 0., 0., 0., 1., 1.,
           0., 1.],
          [1., 1., 1., 0., 0., 1., 1., 0., 0., 1., 0., 1., 1., 0., 0., 1., 1.,
           0., 1.],
          [0., 1., 0., 0., 0., 1., 1., 0., 1., 0., 0., 1., 1., 0., 1., 1., 0.,
           0., 1.]]]], device='cuda:0'), tensor([[0.0067]], device='cuda:0'))
2026-01-08 17:18:46 - INFO - [ 9.9981809e-01 -2.3794547e-04  3.1920429e-04 -2.2827089e-04
  3.1920988e-04 -2.2827089e-04  9.9791700e-01 -2.0755090e-02]
2026-01-08 17:18:46 - INFO - (tensor([[[[0., 1., 0., 0., 0., 1., 0., 0., 0., 1., 0., 0., 0., 0., 1., 0., 1.,
           1., 1.],
          [0., 1., 0., 1., 1., 1., 1., 1., 1., 1., 1., 0., 0., 1., 1., 1., 0.,
           1., 0.],
          [0., 0., 0., 0., 1., 1., 1., 1., 1., 0., 1., 1., 0., 1., 0., 1., 0.,
           1., 1.],
          [0., 0., 0., 0., 0., 0., 0., 0., 1., 1., 0., 1., 1., 1., 1., 0., 1.,
           0., 1.],
          [1., 1., 0., 1., 0., 1., 0., 1., 0., 0., 1., 0., 1., 1., 1., 1., 1.,
           1., 1.],
          [1., 1., 1., 1., 0., 0., 1., 1., 1., 1., 1., 1., 1., 1., 0., 1., 0.,
           1., 1.],
          [0., 1., 0., 1., 1., 0., 1., 0., 1., 0., 0., 1., 1., 0., 1., 1., 1.,
           0., 0.],
          [0., 0., 0., 0., 0., 0., 0., 1., 0., 1., 1., 1., 0., 0., 0., 0., 1.,
           0., 0.],
          [0., 0., 0., 1., 0., 1., 0., 1., 0., 0., 1., 1., 1., 0., 1., 0., 0.,
           1., 1.],
          [1., 0., 1., 1., 1., 0., 0., 0., 0., 0., 0., 1., 0., 0., 0., 1., 0.,
           0., 1.],
          [0., 0., 0., 0., 0., 1., 1., 1., 0., 0., 0., 1., 0., 0., 1., 0., 1.,
           1., 1.],
          [0., 0., 0., 0., 0., 0., 0., 1., 0., 1., 0., 0., 0., 1., 1., 1., 1.,
           0., 1.],
          [0., 0., 1., 1., 1., 1., 1., 1., 1., 1., 0., 1., 1., 0., 1., 0., 0.,
           1., 0.],
          [0., 0., 0., 1., 0., 1., 0., 0., 0., 0., 1., 1., 0., 0., 1., 0., 0.,
           0., 1.],
          [1., 1., 0., 0., 1., 1., 1., 1., 0., 1., 0., 1., 0., 1., 1., 1., 1.,
           0., 1.],
          [0., 0., 0., 0., 1., 0., 0., 0., 1., 1., 1., 1., 0., 0., 1., 0., 0.,
           0., 1.],
          [1., 0., 1., 1., 1., 1., 1., 0., 1., 0., 0., 1., 0., 0., 0., 1., 1.,
           0., 1.],
          [1., 1., 1., 0., 0., 1., 1., 0., 0., 1., 0., 1., 1., 0., 0., 1., 1.,
           0., 1.],
          [0., 1., 0., 0., 0., 1., 1., 0., 1., 0., 0., 1., 1., 0., 1., 1., 0.,
           0., 1.]]]], device='cuda:0'), tensor([[0.0100]], device='cuda:0'))
2026-01-08 17:18:46 - INFO - [ 9.99790192e-01 -1.00515783e-04  2.89729796e-04 -1.15249306e-04
  2.89727934e-04 -1.15253031e-04  9.96937871e-01 -2.79009845e-02]
2026-01-08 17:18:46 - INFO - (tensor([[[[0., 1., 0., 0., 0., 1., 0., 0., 0., 1., 0., 0., 0., 0., 1., 0., 1.,
           1., 1.],
          [0., 1., 0., 1., 1., 1., 1., 1., 1., 1., 1., 0., 0., 1., 1., 1., 0.,
           1., 0.],
          [0., 0., 0., 0., 1., 1., 1., 1., 1., 0., 1., 1., 0., 1., 0., 1., 0.,
           1., 1.],
          [0., 0., 0., 0., 0., 0., 0., 0., 1., 1., 0., 1., 1., 1., 1., 0., 1.,
           0., 1.],
          [1., 1., 0., 1., 0., 1., 0., 1., 0., 0., 1., 0., 1., 1., 1., 1., 1.,
           1., 1.],
          [1., 1., 1., 1., 0., 0., 1., 1., 1., 1., 1., 1., 1., 1., 0., 1., 0.,
           1., 1.],
          [0., 1., 0., 1., 1., 0., 1., 0., 1., 0., 0., 1., 1., 0., 1., 1., 1.,
           0., 0.],
          [0., 0., 0., 0., 0., 0., 0., 1., 0., 1., 1., 1., 0., 0., 0., 0., 1.,
           0., 0.],
          [0., 0., 0., 1., 0., 1., 0., 1., 0., 0., 1., 1., 1., 0., 1., 0., 0.,
           1., 1.],
          [1., 0., 1., 1., 1., 0., 0., 0., 0., 0., 0., 1., 0., 0., 0., 1., 0.,
           0., 1.],
          [0., 0., 0., 0., 0., 1., 1., 1., 0., 0., 0., 1., 0., 0., 1., 0., 1.,
           1., 1.],
          [0., 0., 0., 0., 0., 0., 0., 1., 0., 1., 0., 0., 0., 1., 1., 1., 1.,
           0., 1.],
          [0., 0., 1., 1., 1., 1., 1., 1., 1., 1., 0., 1., 1., 0., 1., 0., 0.,
           1., 0.],
          [0., 0., 0., 1., 0., 1., 0., 0., 0., 0., 1., 1., 0., 0., 1., 0., 0.,
           0., 1.],
          [1., 1., 0., 0., 1., 1., 1., 1., 0., 1., 0., 1., 0., 1., 1., 1., 1.,
           0., 1.],
          [0., 0., 0., 0., 1., 0., 0., 0., 1., 1., 1., 1., 0., 0., 1., 0., 0.,
           0., 1.],
          [1., 0., 1., 1., 1., 1., 1., 0., 1., 0., 0., 1., 0., 0., 0., 1., 1.,
           0., 1.],
          [1., 1., 1., 0., 0., 1., 1., 0., 0., 1., 0., 1., 1., 0., 0., 1., 1.,
           0., 1.],
          [0., 1., 0., 0., 0., 1., 1., 0., 1., 0., 0., 1., 1., 0., 1., 1., 0.,
           0., 1.]]]], device='cuda:0'), tensor([[0.0134]], device='cuda:0'))
2026-01-08 17:18:46 - INFO - [ 9.9976802e-01 -3.3690035e-04  2.2889581e-04 -1.6766787e-04
  2.2890139e-04 -1.6767532e-04  9.9571854e-01 -3.4544539e-02]
2026-01-08 17:18:46 - INFO - (tensor([[[[0., 1., 0., 0., 0., 1., 0., 0., 0., 1., 0., 0., 0., 0., 1., 0., 1.,
           1., 1.],
          [0., 1., 0., 1., 1., 1., 1., 1., 1., 1., 1., 0., 0., 1., 1., 1., 0.,
           1., 0.],
          [0., 0., 0., 0., 1., 1., 1., 1., 1., 0., 1., 1., 0., 1., 0., 1., 0.,
           1., 1.],
          [0., 0., 0., 0., 0., 0., 0., 0., 1., 1., 0., 1., 1., 1., 1., 0., 1.,
           0., 1.],
          [1., 1., 0., 1., 0., 1., 0., 1., 0., 0., 1., 0., 1., 1., 1., 1., 1.,
           1., 1.],
          [1., 1., 1., 1., 0., 0., 1., 1., 1., 1., 1., 1., 1., 1., 0., 1., 0.,
           1., 1.],
          [0., 1., 0., 1., 1., 0., 1., 0., 1., 0., 0., 1., 1., 0., 1., 1., 1.,
           0., 0.],
          [0., 0., 0., 0., 0., 0., 0., 1., 0., 1., 1., 1., 0., 0., 0., 0., 1.,
           0., 0.],
          [0., 0., 0., 1., 0., 1., 0., 1., 0., 0., 1., 1., 1., 0., 1., 0., 0.,
           1., 1.],
          [1., 0., 1., 1., 1., 0., 0., 0., 0., 0., 0., 1., 0., 0., 0., 1., 0.,
           0., 1.],
          [0., 0., 0., 0., 0., 1., 1., 1., 0., 0., 0., 1., 0., 0., 1., 0., 1.,
           1., 1.],
          [0., 0., 0., 0., 0., 0., 0., 1., 0., 1., 0., 0., 0., 1., 1., 1., 1.,
           0., 1.],
          [0., 0., 1., 1., 1., 1., 1., 1., 1., 1., 0., 1., 1., 0., 1., 0., 0.,
           1., 0.],
          [0., 0., 0., 1., 0., 1., 0., 0., 0., 0., 1., 1., 0., 0., 1., 0., 0.,
           0., 1.],
          [1., 1., 0., 0., 1., 1., 1., 1., 0., 1., 0., 1., 0., 1., 1., 1., 1.,
           0., 1.],
          [0., 0., 0., 0., 1., 0., 0., 0., 1., 1., 1., 1., 0., 0., 1., 0., 0.,
           0., 1.],
          [1., 0., 1., 1., 1., 1., 1., 0., 1., 0., 0., 1., 0., 0., 0., 1., 1.,
           0., 1.],
          [1., 1., 1., 0., 0., 1., 1., 0., 0., 1., 0., 1., 1., 0., 0., 1., 1.,
           0., 1.],
          [0., 1., 0., 0., 0., 1., 1., 0., 1., 0., 0., 1., 1., 0., 1., 1., 0.,
           0., 1.]]]], device='cuda:0'), tensor([[0.0167]], device='cuda:0'))
2026-01-08 17:18:46 - INFO - [ 9.9975502e-01 -7.2742987e-04  2.1988805e-04 -2.6258826e-04
  2.1988619e-04 -2.6259571e-04  9.9446946e-01 -3.9451435e-02]
2026-01-08 17:18:46 - INFO - (tensor([[[[0., 1., 0., 0., 0., 1., 0., 0., 0., 1., 0., 0., 0., 0., 1., 0., 1.,
           1., 1.],
          [0., 1., 0., 1., 1., 1., 1., 1., 1., 1., 1., 0., 0., 1., 1., 1., 0.,
           1., 0.],
          [0., 0., 0., 0., 1., 1., 1., 1., 1., 0., 1., 1., 0., 1., 0., 1., 0.,
           1., 1.],
          [0., 0., 0., 0., 0., 0., 0., 0., 1., 1., 0., 1., 1., 1., 1., 0., 1.,
           0., 1.],
          [1., 1., 0., 1., 0., 1., 0., 1., 0., 0., 1., 0., 1., 1., 1., 1., 1.,
           1., 1.],
          [1., 1., 1., 1., 0., 0., 1., 1., 1., 1., 1., 1., 1., 1., 0., 1., 0.,
           1., 1.],
          [0., 1., 0., 1., 1., 0., 1., 0., 1., 0., 0., 1., 1., 0., 1., 1., 1.,
           0., 0.],
          [0., 0., 0., 0., 0., 0., 0., 1., 0., 1., 1., 1., 0., 0., 0., 0., 1.,
           0., 0.],
          [0., 0., 0., 1., 0., 1., 0., 1., 0., 0., 1., 1., 1., 0., 1., 0., 0.,
           1., 1.],
          [1., 0., 1., 1., 1., 0., 0., 0., 0., 0., 0., 1., 0., 0., 0., 1., 0.,
           0., 1.],
          [0., 0., 0., 0., 0., 1., 1., 1., 0., 0., 0., 1., 0., 0., 1., 0., 1.,
           1., 1.],
          [0., 0., 0., 0., 0., 0., 0., 1., 0., 1., 0., 0., 0., 1., 1., 1., 1.,
           0., 1.],
          [0., 0., 1., 1., 1., 1., 1., 1., 1., 1., 0., 1., 1., 0., 1., 0., 0.,
           1., 0.],
          [0., 0., 0., 1., 0., 1., 0., 0., 0., 0., 1., 1., 0., 0., 1., 0., 0.,
           0., 1.],
          [1., 1., 0., 0., 1., 1., 1., 1., 0., 1., 0., 1., 0., 1., 1., 1., 1.,
           0., 1.],
          [0., 0., 0., 0., 1., 0., 0., 0., 1., 1., 1., 1., 0., 0., 1., 0., 0.,
           0., 1.],
          [1., 0., 1., 1., 1., 1., 1., 0., 1., 0., 0., 1., 0., 0., 0., 1., 1.,
           0., 1.],
          [1., 1., 1., 0., 0., 1., 1., 0., 0., 1., 0., 1., 1., 0., 0., 1., 1.,
           0., 1.],
          [0., 1., 0., 0., 0., 1., 1., 0., 1., 0., 0., 1., 1., 0., 1., 1., 0.,
           0., 1.]]]], device='cuda:0'), tensor([[0.0201]], device='cuda:0'))
2026-01-08 17:18:46 - INFO - [ 9.9974507e-01 -1.0214966e-03  2.4321582e-04 -2.9553846e-04
  2.4320651e-04 -2.9553473e-04  9.9302977e-01 -4.3590948e-02]
2026-01-08 17:18:46 - INFO - (tensor([[[[0., 1., 0., 0., 0., 1., 0., 0., 0., 1., 0., 0., 0., 0., 1., 0., 1.,
           1., 1.],
          [0., 1., 0., 1., 1., 1., 1., 1., 1., 1., 1., 0., 0., 1., 1., 1., 0.,
           1., 0.],
          [0., 0., 0., 0., 1., 1., 1., 1., 1., 0., 1., 1., 0., 1., 0., 1., 0.,
           1., 1.],
          [0., 0., 0., 0., 0., 0., 0., 0., 1., 1., 0., 1., 1., 1., 1., 0., 1.,
           0., 1.],
          [1., 1., 0., 1., 0., 1., 0., 1., 0., 0., 1., 0., 1., 1., 1., 1., 1.,
           1., 1.],
          [1., 1., 1., 1., 0., 0., 1., 1., 1., 1., 1., 1., 1., 1., 0., 1., 0.,
           1., 1.],
          [0., 1., 0., 1., 1., 0., 1., 0., 1., 0., 0., 1., 1., 0., 1., 1., 1.,
           0., 0.],
          [0., 0., 0., 0., 0., 0., 0., 1., 0., 1., 1., 1., 0., 0., 0., 0., 1.,
           0., 0.],
          [0., 0., 0., 1., 0., 1., 0., 1., 0., 0., 1., 1., 1., 0., 1., 0., 0.,
           1., 1.],
          [1., 0., 1., 1., 1., 0., 0., 0., 0., 0., 0., 1., 0., 0., 0., 1., 0.,
           0., 1.],
          [0., 0., 0., 0., 0., 1., 1., 1., 0., 0., 0., 1., 0., 0., 1., 0., 1.,
           1., 1.],
          [0., 0., 0., 0., 0., 0., 0., 1., 0., 1., 0., 0., 0., 1., 1., 1., 1.,
           0., 1.],
          [0., 0., 1., 1., 1., 1., 1., 1., 1., 1., 0., 1., 1., 0., 1., 0., 0.,
           1., 0.],
          [0., 0., 0., 1., 0., 1., 0., 0., 0., 0., 1., 1., 0., 0., 1., 0., 0.,
           0., 1.],
          [1., 1., 0., 0., 1., 1., 1., 1., 0., 1., 0., 1., 0., 1., 1., 1., 1.,
           0., 1.],
          [0., 0., 0., 0., 1., 0., 0., 0., 1., 1., 1., 1., 0., 0., 1., 0., 0.,
           0., 1.],
          [1., 0., 1., 1., 1., 1., 1., 0., 1., 0., 0., 1., 0., 0., 0., 1., 1.,
           0., 1.],
          [1., 1., 1., 0., 0., 1., 1., 0., 0., 1., 0., 1., 1., 0., 0., 1., 1.,
           0., 1.],
          [0., 1., 0., 0., 0., 1., 1., 0., 1., 0., 0., 1., 1., 0., 1., 1., 0.,
           0., 1.]]]], device='cuda:0'), tensor([[0.0234]], device='cuda:0'))
2026-01-08 17:18:46 - INFO - [ 9.9973553e-01 -1.1434662e-03  2.4007168e-04 -1.5028194e-04
  2.4006981e-04 -1.5028566e-04  9.9129802e-01 -4.9327437e-02]
2026-01-08 17:18:46 - INFO - (tensor([[[[0., 1., 0., 0., 0., 1., 0., 0., 0., 1., 0., 0., 0., 0., 1., 0., 1.,
           1., 1.],
          [0., 1., 0., 1., 1., 1., 1., 1., 1., 1., 1., 0., 0., 1., 1., 1., 0.,
           1., 0.],
          [0., 0., 0., 0., 1., 1., 1., 1., 1., 0., 1., 1., 0., 1., 0., 1., 0.,
           1., 1.],
          [0., 0., 0., 0., 0., 0., 0., 0., 1., 1., 0., 1., 1., 1., 1., 0., 1.,
           0., 1.],
          [1., 1., 0., 1., 0., 1., 0., 1., 0., 0., 1., 0., 1., 1., 1., 1., 1.,
           1., 1.],
          [1., 1., 1., 1., 0., 0., 1., 1., 1., 1., 1., 1., 1., 1., 0., 1., 0.,
           1., 1.],
          [0., 1., 0., 1., 1., 0., 1., 0., 1., 0., 0., 1., 1., 0., 1., 1., 1.,
           0., 0.],
          [0., 0., 0., 0., 0., 0., 0., 1., 0., 1., 1., 1., 0., 0., 0., 0., 1.,
           0., 0.],
          [0., 0., 0., 1., 0., 1., 0., 1., 0., 0., 1., 1., 1., 0., 1., 0., 0.,
           1., 1.],
          [1., 0., 1., 1., 1., 0., 0., 0., 0., 0., 0., 1., 0., 0., 0., 1., 0.,
           0., 1.],
          [0., 0., 0., 0., 0., 1., 1., 1., 0., 0., 0., 1., 0., 0., 1., 0., 1.,
           1., 1.],
          [0., 0., 0., 0., 0., 0., 0., 1., 0., 1., 0., 0., 0., 1., 1., 1., 1.,
           0., 1.],
          [0., 0., 1., 1., 1., 1., 1., 1., 1., 1., 0., 1., 1., 0., 1., 0., 0.,
           1., 0.],
          [0., 0., 0., 1., 0., 1., 0., 0., 0., 0., 1., 1., 0., 0., 1., 0., 0.,
           0., 1.],
          [1., 1., 0., 0., 1., 1., 1., 1., 0., 1., 0., 1., 0., 1., 1., 1., 1.,
           0., 1.],
          [0., 0., 0., 0., 1., 0., 0., 0., 1., 1., 1., 1., 0., 0., 1., 0., 0.,
           0., 1.],
          [1., 0., 1., 1., 1., 1., 1., 0., 1., 0., 0., 1., 0., 0., 0., 1., 1.,
           0., 1.],
          [1., 1., 1., 0., 0., 1., 1., 0., 0., 1., 0., 1., 1., 0., 0., 1., 1.,
           0., 1.],
          [0., 1., 0., 0., 0., 1., 1., 0., 1., 0., 0., 1., 1., 0., 1., 1., 0.,
           0., 1.]]]], device='cuda:0'), tensor([[0.0268]], device='cuda:0'))
2026-01-08 17:18:46 - INFO - [ 9.9972826e-01 -1.1045295e-03  2.0465162e-04 -2.7820468e-05
  2.0464230e-04 -2.7827919e-05  9.8882240e-01 -5.7210777e-02]
2026-01-08 17:18:46 - INFO - (tensor([[[[0., 1., 0., 0., 0., 1., 0., 0., 0., 1., 0., 0., 0., 0., 1., 0., 1.,
           1., 1.],
          [0., 1., 0., 1., 1., 1., 1., 1., 1., 1., 1., 0., 0., 1., 1., 1., 0.,
           1., 0.],
          [0., 0., 0., 0., 1., 1., 1., 1., 1., 0., 1., 1., 0., 1., 0., 1., 0.,
           1., 1.],
          [0., 0., 0., 0., 0., 0., 0., 0., 1., 1., 0., 1., 1., 1., 1., 0., 1.,
           0., 1.],
          [1., 1., 0., 1., 0., 1., 0., 1., 0., 0., 1., 0., 1., 1., 1., 1., 1.,
           1., 1.],
          [1., 1., 1., 1., 0., 0., 1., 1., 1., 1., 1., 1., 1., 1., 0., 1., 0.,
           1., 1.],
          [0., 1., 0., 1., 1., 0., 1., 0., 1., 0., 0., 1., 1., 0., 1., 1., 1.,
           0., 0.],
          [0., 0., 0., 0., 0., 0., 0., 1., 0., 1., 1., 1., 0., 0., 0., 0., 1.,
           0., 0.],
          [0., 0., 0., 1., 0., 1., 0., 1., 0., 0., 1., 1., 1., 0., 1., 0., 0.,
           1., 1.],
          [1., 0., 1., 1., 1., 0., 0., 0., 0., 0., 0., 1., 0., 0., 0., 1., 0.,
           0., 1.],
          [0., 0., 0., 0., 0., 1., 1., 1., 0., 0., 0., 1., 0., 0., 1., 0., 1.,
           1., 1.],
          [0., 0., 0., 0., 0., 0., 0., 1., 0., 1., 0., 0., 0., 1., 1., 1., 1.,
           0., 1.],
          [0., 0., 1., 1., 1., 1., 1., 1., 1., 1., 0., 1., 1., 0., 1., 0., 0.,
           1., 0.],
          [0., 0., 0., 1., 0., 1., 0., 0., 0., 0., 1., 1., 0., 0., 1., 0., 0.,
           0., 1.],
          [1., 1., 0., 0., 1., 1., 1., 1., 0., 1., 0., 1., 0., 1., 1., 1., 1.,
           0., 1.],
          [0., 0., 0., 0., 1., 0., 0., 0., 1., 1., 1., 1., 0., 0., 1., 0., 0.,
           0., 1.],
          [1., 0., 1., 1., 1., 1., 1., 0., 1., 0., 0., 1., 0., 0., 0., 1., 1.,
           0., 1.],
          [1., 1., 1., 0., 0., 1., 1., 0., 0., 1., 0., 1., 1., 0., 0., 1., 1.,
           0., 1.],
          [0., 1., 0., 0., 0., 1., 1., 0., 1., 0., 0., 1., 1., 0., 1., 1., 0.,
           0., 1.]]]], device='cuda:0'), tensor([[0.0301]], device='cuda:0'))
2026-01-08 17:18:46 - INFO - [ 9.9971837e-01 -1.2020053e-03  1.6093161e-04 -3.2395124e-05
  1.6091485e-04 -3.2395124e-05  9.8620409e-01 -6.3295610e-02]
2026-01-08 17:18:46 - INFO - (tensor([[[[0., 1., 0., 0., 0., 1., 0., 0., 0., 1., 0., 0., 0., 0., 1., 0., 1.,
           1., 1.],
          [0., 1., 0., 1., 1., 1., 1., 1., 1., 1., 1., 0., 0., 1., 1., 1., 0.,
           1., 0.],
          [0., 0., 0., 0., 1., 1., 1., 1., 1., 0., 1., 1., 0., 1., 0., 1., 0.,
           1., 1.],
          [0., 0., 0., 0., 0., 0., 0., 0., 1., 1., 0., 1., 1., 1., 1., 0., 1.,
           0., 1.],
          [1., 1., 0., 1., 0., 1., 0., 1., 0., 0., 1., 0., 1., 1., 1., 1., 1.,
           1., 1.],
          [1., 1., 1., 1., 0., 0., 1., 1., 1., 1., 1., 1., 1., 1., 0., 1., 0.,
           1., 1.],
          [0., 1., 0., 1., 1., 0., 1., 0., 1., 0., 0., 1., 1., 0., 1., 1., 1.,
           0., 0.],
          [0., 0., 0., 0., 0., 0., 0., 1., 0., 1., 1., 1., 0., 0., 0., 0., 1.,
           0., 0.],
          [0., 0., 0., 1., 0., 1., 0., 1., 0., 0., 1., 1., 1., 0., 1., 0., 0.,
           1., 1.],
          [1., 0., 1., 1., 1., 0., 0., 0., 0., 0., 0., 1., 0., 0., 0., 1., 0.,
           0., 1.],
          [0., 0., 0., 0., 0., 1., 1., 1., 0., 0., 0., 1., 0., 0., 1., 0., 1.,
           1., 1.],
          [0., 0., 0., 0., 0., 0., 0., 1., 0., 1., 0., 0., 0., 1., 1., 1., 1.,
           0., 1.],
          [0., 0., 1., 1., 1., 1., 1., 1., 1., 1., 0., 1., 1., 0., 1., 0., 0.,
           1., 0.],
          [0., 0., 0., 1., 0., 1., 0., 0., 0., 0., 1., 1., 0., 0., 1., 0., 0.,
           0., 1.],
          [1., 1., 0., 0., 1., 1., 1., 1., 0., 1., 0., 1., 0., 1., 1., 1., 1.,
           0., 1.],
          [0., 0., 0., 0., 1., 0., 0., 0., 1., 1., 1., 1., 0., 0., 1., 0., 0.,
           0., 1.],
          [1., 0., 1., 1., 1., 1., 1., 0., 1., 0., 0., 1., 0., 0., 0., 1., 1.,
           0., 1.],
          [1., 1., 1., 0., 0., 1., 1., 0., 0., 1., 0., 1., 1., 0., 0., 1., 1.,
           0., 1.],
          [0., 1., 0., 0., 0., 1., 1., 0., 1., 0., 0., 1., 1., 0., 1., 1., 0.,
           0., 1.]]]], device='cuda:0'), tensor([[0.0334]], device='cuda:0'))
2026-01-08 17:18:46 - INFO - [ 9.9970448e-01 -1.3183012e-03  1.2306031e-04 -9.8068267e-05
  1.2305845e-04 -9.8064542e-05  9.8356324e-01 -6.7924894e-02]
2026-01-08 17:18:46 - INFO - (tensor([[[[0., 1., 0., 0., 0., 1., 0., 0., 0., 1., 0., 0., 0., 0., 1., 0., 1.,
           1., 1.],
          [0., 1., 0., 1., 1., 1., 1., 1., 1., 1., 1., 0., 0., 1., 1., 1., 0.,
           1., 0.],
          [0., 0., 0., 0., 1., 1., 1., 1., 1., 0., 1., 1., 0., 1., 0., 1., 0.,
           1., 1.],
          [0., 0., 0., 0., 0., 0., 0., 0., 1., 1., 0., 1., 1., 1., 1., 0., 1.,
           0., 1.],
          [1., 1., 0., 1., 0., 1., 0., 1., 0., 0., 1., 0., 1., 1., 1., 1., 1.,
           1., 1.],
          [1., 1., 1., 1., 0., 0., 1., 1., 1., 1., 1., 1., 1., 1., 0., 1., 0.,
           1., 1.],
          [0., 1., 0., 1., 1., 0., 1., 0., 1., 0., 0., 1., 1., 0., 1., 1., 1.,
           0., 0.],
          [0., 0., 0., 0., 0., 0., 0., 1., 0., 1., 1., 1., 0., 0., 0., 0., 1.,
           0., 0.],
          [0., 0., 0., 1., 0., 1., 0., 1., 0., 0., 1., 1., 1., 0., 1., 0., 0.,
           1., 1.],
          [1., 0., 1., 1., 1., 0., 0., 0., 0., 0., 0., 1., 0., 0., 0., 1., 0.,
           0., 1.],
          [0., 0., 0., 0., 0., 1., 1., 1., 0., 0., 0., 1., 0., 0., 1., 0., 1.,
           1., 1.],
          [0., 0., 0., 0., 0., 0., 0., 1., 0., 1., 0., 0., 0., 1., 1., 1., 1.,
           0., 1.],
          [0., 0., 1., 1., 1., 1., 1., 1., 1., 1., 0., 1., 1., 0., 1., 0., 0.,
           1., 0.],
          [0., 0., 0., 1., 0., 1., 0., 0., 0., 0., 1., 1., 0., 0., 1., 0., 0.,
           0., 1.],
          [1., 1., 0., 0., 1., 1., 1., 1., 0., 1., 0., 1., 0., 1., 1., 1., 1.,
           0., 1.],
          [0., 0., 0., 0., 1., 0., 0., 0., 1., 1., 1., 1., 0., 0., 1., 0., 0.,
           0., 1.],
          [1., 0., 1., 1., 1., 1., 1., 0., 1., 0., 0., 1., 0., 0., 0., 1., 1.,
           0., 1.],
          [1., 1., 1., 0., 0., 1., 1., 0., 0., 1., 0., 1., 1., 0., 0., 1., 1.,
           0., 1.],
          [0., 1., 0., 0., 0., 1., 1., 0., 1., 0., 0., 1., 1., 0., 1., 1., 0.,
           0., 1.]]]], device='cuda:0'), tensor([[0.0368]], device='cuda:0'))
2026-01-08 17:18:46 - INFO - [ 9.9968994e-01 -1.4994841e-03  7.4750744e-05  1.0915101e-06
  7.4748881e-05  1.0915101e-06  9.8069477e-01 -7.3851943e-02]
2026-01-08 17:18:46 - INFO - (tensor([[[[0., 1., 0., 0., 0., 1., 0., 0., 0., 1., 0., 0., 0., 0., 1., 0., 1.,
           1., 1.],
          [0., 1., 0., 1., 1., 1., 1., 1., 1., 1., 1., 0., 0., 1., 1., 1., 0.,
           1., 0.],
          [0., 0., 0., 0., 1., 1., 1., 1., 1., 0., 1., 1., 0., 1., 0., 1., 0.,
           1., 1.],
          [0., 0., 0., 0., 0., 0., 0., 0., 1., 1., 0., 1., 1., 1., 1., 0., 1.,
           0., 1.],
          [1., 1., 0., 1., 0., 1., 0., 1., 0., 0., 1., 0., 1., 1., 1., 1., 1.,
           1., 1.],
          [1., 1., 1., 1., 0., 0., 1., 1., 1., 1., 1., 1., 1., 1., 0., 1., 0.,
           1., 1.],
          [0., 1., 0., 1., 1., 0., 1., 0., 1., 0., 0., 1., 1., 0., 1., 1., 1.,
           0., 0.],
          [0., 0., 0., 0., 0., 0., 0., 1., 0., 1., 1., 1., 0., 0., 0., 0., 1.,
           0., 0.],
          [0., 0., 0., 1., 0., 1., 0., 1., 0., 0., 1., 1., 1., 0., 1., 0., 0.,
           1., 1.],
          [1., 0., 1., 1., 1., 0., 0., 0., 0., 0., 0., 1., 0., 0., 0., 1., 0.,
           0., 1.],
          [0., 0., 0., 0., 0., 1., 1., 1., 0., 0., 0., 1., 0., 0., 1., 0., 1.,
           1., 1.],
          [0., 0., 0., 0., 0., 0., 0., 1., 0., 1., 0., 0., 0., 1., 1., 1., 1.,
           0., 1.],
          [0., 0., 1., 1., 1., 1., 1., 1., 1., 1., 0., 1., 1., 0., 1., 0., 0.,
           1., 0.],
          [0., 0., 0., 1., 0., 1., 0., 0., 0., 0., 1., 1., 0., 0., 1., 0., 0.,
           0., 1.],
          [1., 1., 0., 0., 1., 1., 1., 1., 0., 1., 0., 1., 0., 1., 1., 1., 1.,
           0., 1.],
          [0., 0., 0., 0., 1., 0., 0., 0., 1., 1., 1., 1., 0., 0., 1., 0., 0.,
           0., 1.],
          [1., 0., 1., 1., 1., 1., 1., 0., 1., 0., 0., 1., 0., 0., 0., 1., 1.,
           0., 1.],
          [1., 1., 1., 0., 0., 1., 1., 0., 0., 1., 0., 1., 1., 0., 0., 1., 1.,
           0., 1.],
          [0., 1., 0., 0., 0., 1., 1., 0., 1., 0., 0., 1., 1., 0., 1., 1., 0.,
           0., 1.]]]], device='cuda:0'), tensor([[0.0401]], device='cuda:0'))
2026-01-08 17:18:46 - INFO - [ 9.9967200e-01 -1.6849434e-03  5.4395758e-05  1.7882511e-04
  5.4401346e-05  1.7882884e-04  9.7794139e-01 -7.9319477e-02]
2026-01-08 17:18:46 - INFO - (tensor([[[[0., 1., 0., 0., 0., 1., 0., 0., 0., 1., 0., 0., 0., 0., 1., 0., 1.,
           1., 1.],
          [0., 1., 0., 1., 1., 1., 1., 1., 1., 1., 1., 0., 0., 1., 1., 1., 0.,
           1., 0.],
          [0., 0., 0., 0., 1., 1., 1., 1., 1., 0., 1., 1., 0., 1., 0., 1., 0.,
           1., 1.],
          [0., 0., 0., 0., 0., 0., 0., 0., 1., 1., 0., 1., 1., 1., 1., 0., 1.,
           0., 1.],
          [1., 1., 0., 1., 0., 1., 0., 1., 0., 0., 1., 0., 1., 1., 1., 1., 1.,
           1., 1.],
          [1., 1., 1., 1., 0., 0., 1., 1., 1., 1., 1., 1., 1., 1., 0., 1., 0.,
           1., 1.],
          [0., 1., 0., 1., 1., 0., 1., 0., 1., 0., 0., 1., 1., 0., 1., 1., 1.,
           0., 0.],
          [0., 0., 0., 0., 0., 0., 0., 1., 0., 1., 1., 1., 0., 0., 0., 0., 1.,
           0., 0.],
          [0., 0., 0., 1., 0., 1., 0., 1., 0., 0., 1., 1., 1., 0., 1., 0., 0.,
           1., 1.],
          [1., 0., 1., 1., 1., 0., 0., 0., 0., 0., 0., 1., 0., 0., 0., 1., 0.,
           0., 1.],
          [0., 0., 0., 0., 0., 1., 1., 1., 0., 0., 0., 1., 0., 0., 1., 0., 1.,
           1., 1.],
          [0., 0., 0., 0., 0., 0., 0., 1., 0., 1., 0., 0., 0., 1., 1., 1., 1.,
           0., 1.],
          [0., 0., 1., 1., 1., 1., 1., 1., 1., 1., 0., 1., 1., 0., 1., 0., 0.,
           1., 0.],
          [0., 0., 0., 1., 0., 1., 0., 0., 0., 0., 1., 1., 0., 0., 1., 0., 0.,
           0., 1.],
          [1., 1., 0., 0., 1., 1., 1., 1., 0., 1., 0., 1., 0., 1., 1., 1., 1.,
           0., 1.],
          [0., 0., 0., 0., 1., 0., 0., 0., 1., 1., 1., 1., 0., 0., 1., 0., 0.,
           0., 1.],
          [1., 0., 1., 1., 1., 1., 1., 0., 1., 0., 0., 1., 0., 0., 0., 1., 1.,
           0., 1.],
          [1., 1., 1., 0., 0., 1., 1., 0., 0., 1., 0., 1., 1., 0., 0., 1., 1.,
           0., 1.],
          [0., 1., 0., 0., 0., 1., 1., 0., 1., 0., 0., 1., 1., 0., 1., 1., 0.,
           0., 1.]]]], device='cuda:0'), tensor([[0.0435]], device='cuda:0'))
2026-01-08 17:18:46 - INFO - [ 9.9965453e-01 -1.8259900e-03  4.5194291e-05  3.3919141e-04
  4.5177527e-05  3.3919141e-04  9.7504073e-01 -8.4347986e-02]
2026-01-08 17:18:46 - INFO - (tensor([[[[0., 1., 0., 0., 0., 1., 0., 0., 0., 1., 0., 0., 0., 0., 1., 0., 1.,
           1., 1.],
          [0., 1., 0., 1., 1., 1., 1., 1., 1., 1., 1., 0., 0., 1., 1., 1., 0.,
           1., 0.],
          [0., 0., 0., 0., 1., 1., 1., 1., 1., 0., 1., 1., 0., 1., 0., 1., 0.,
           1., 1.],
          [0., 0., 0., 0., 0., 0., 0., 0., 1., 1., 0., 1., 1., 1., 1., 0., 1.,
           0., 1.],
          [1., 1., 0., 1., 0., 1., 0., 1., 0., 0., 1., 0., 1., 1., 1., 1., 1.,
           1., 1.],
          [1., 1., 1., 1., 0., 0., 1., 1., 1., 1., 1., 1., 1., 1., 0., 1., 0.,
           1., 1.],
          [0., 1., 0., 1., 1., 0., 1., 0., 1., 0., 0., 1., 1., 0., 1., 1., 1.,
           0., 0.],
          [0., 0., 0., 0., 0., 0., 0., 1., 0., 1., 1., 1., 0., 0., 0., 0., 1.,
           0., 0.],
          [0., 0., 0., 1., 0., 1., 0., 1., 0., 0., 1., 1., 1., 0., 1., 0., 0.,
           1., 1.],
          [1., 0., 1., 1., 1., 0., 0., 0., 0., 0., 0., 1., 0., 0., 0., 1., 0.,
           0., 1.],
          [0., 0., 0., 0., 0., 1., 1., 1., 0., 0., 0., 1., 0., 0., 1., 0., 1.,
           1., 1.],
          [0., 0., 0., 0., 0., 0., 0., 1., 0., 1., 0., 0., 0., 1., 1., 1., 1.,
           0., 1.],
          [0., 0., 1., 1., 1., 1., 1., 1., 1., 1., 0., 1., 1., 0., 1., 0., 0.,
           1., 0.],
          [0., 0., 0., 1., 0., 1., 0., 0., 0., 0., 1., 1., 0., 0., 1., 0., 0.,
           0., 1.],
          [1., 1., 0., 0., 1., 1., 1., 1., 0., 1., 0., 1., 0., 1., 1., 1., 1.,
           0., 1.],
          [0., 0., 0., 0., 1., 0., 0., 0., 1., 1., 1., 1., 0., 0., 1., 0., 0.,
           0., 1.],
          [1., 0., 1., 1., 1., 1., 1., 0., 1., 0., 0., 1., 0., 0., 0., 1., 1.,
           0., 1.],
          [1., 1., 1., 0., 0., 1., 1., 0., 0., 1., 0., 1., 1., 0., 0., 1., 1.,
           0., 1.],
          [0., 1., 0., 0., 0., 1., 1., 0., 1., 0., 0., 1., 1., 0., 1., 1., 0.,
           0., 1.]]]], device='cuda:0'), tensor([[0.0468]], device='cuda:0'))
2026-01-08 17:18:46 - INFO - [ 9.9964654e-01 -1.8979846e-03  3.9390288e-05  4.3202189e-04
  3.9395876e-05  4.3201444e-04  9.7235918e-01 -8.8500723e-02]
2026-01-08 17:18:46 - INFO - (tensor([[[[0., 1., 0., 0., 0., 1., 0., 0., 0., 1., 0., 0., 0., 0., 1., 0., 1.,
           1., 1.],
          [0., 1., 0., 1., 1., 1., 1., 1., 1., 1., 1., 0., 0., 1., 1., 1., 0.,
           1., 0.],
          [0., 0., 0., 0., 1., 1., 1., 1., 1., 0., 1., 1., 0., 1., 0., 1., 0.,
           1., 1.],
          [0., 0., 0., 0., 0., 0., 0., 0., 1., 1., 0., 1., 1., 1., 1., 0., 1.,
           0., 1.],
          [1., 1., 0., 1., 0., 1., 0., 1., 0., 0., 1., 0., 1., 1., 1., 1., 1.,
           1., 1.],
          [1., 1., 1., 1., 0., 0., 1., 1., 1., 1., 1., 1., 1., 1., 0., 1., 0.,
           1., 1.],
          [0., 1., 0., 1., 1., 0., 1., 0., 1., 0., 0., 1., 1., 0., 1., 1., 1.,
           0., 0.],
          [0., 0., 0., 0., 0., 0., 0., 1., 0., 1., 1., 1., 0., 0., 0., 0., 1.,
           0., 0.],
          [0., 0., 0., 1., 0., 1., 0., 1., 0., 0., 1., 1., 1., 0., 1., 0., 0.,
           1., 1.],
          [1., 0., 1., 1., 1., 0., 0., 0., 0., 0., 0., 1., 0., 0., 0., 1., 0.,
           0., 1.],
          [0., 0., 0., 0., 0., 1., 1., 1., 0., 0., 0., 1., 0., 0., 1., 0., 1.,
           1., 1.],
          [0., 0., 0., 0., 0., 0., 0., 1., 0., 1., 0., 0., 0., 1., 1., 1., 1.,
           0., 1.],
          [0., 0., 1., 1., 1., 1., 1., 1., 1., 1., 0., 1., 1., 0., 1., 0., 0.,
           1., 0.],
          [0., 0., 0., 1., 0., 1., 0., 0., 0., 0., 1., 1., 0., 0., 1., 0., 0.,
           0., 1.],
          [1., 1., 0., 0., 1., 1., 1., 1., 0., 1., 0., 1., 0., 1., 1., 1., 1.,
           0., 1.],
          [0., 0., 0., 0., 1., 0., 0., 0., 1., 1., 1., 1., 0., 0., 1., 0., 0.,
           0., 1.],
          [1., 0., 1., 1., 1., 1., 1., 0., 1., 0., 0., 1., 0., 0., 0., 1., 1.,
           0., 1.],
          [1., 1., 1., 0., 0., 1., 1., 0., 0., 1., 0., 1., 1., 0., 0., 1., 1.,
           0., 1.],
          [0., 1., 0., 0., 0., 1., 1., 0., 1., 0., 0., 1., 1., 0., 1., 1., 0.,
           0., 1.]]]], device='cuda:0'), tensor([[0.0502]], device='cuda:0'))
2026-01-08 17:18:46 - INFO - [ 9.9963957e-01 -1.9432617e-03  3.9420091e-05  5.2309403e-04
  3.9433129e-05  5.2309775e-04  9.6960920e-01 -9.2489935e-02]
2026-01-08 17:18:46 - INFO - (tensor([[[[0., 1., 0., 0., 0., 1., 0., 0., 0., 1., 0., 0., 0., 0., 1., 0., 1.,
           1., 1.],
          [0., 1., 0., 1., 1., 1., 1., 1., 1., 1., 1., 0., 0., 1., 1., 1., 0.,
           1., 0.],
          [0., 0., 0., 0., 1., 1., 1., 1., 1., 0., 1., 1., 0., 1., 0., 1., 0.,
           1., 1.],
          [0., 0., 0., 0., 0., 0., 0., 0., 1., 1., 0., 1., 1., 1., 1., 0., 1.,
           0., 1.],
          [1., 1., 0., 1., 0., 1., 0., 1., 0., 0., 1., 0., 1., 1., 1., 1., 1.,
           1., 1.],
          [1., 1., 1., 1., 0., 0., 1., 1., 1., 1., 1., 1., 1., 1., 0., 1., 0.,
           1., 1.],
          [0., 1., 0., 1., 1., 0., 1., 0., 1., 0., 0., 1., 1., 0., 1., 1., 1.,
           0., 0.],
          [0., 0., 0., 0., 0., 0., 0., 1., 0., 1., 1., 1., 0., 0., 0., 0., 1.,
           0., 0.],
          [0., 0., 0., 1., 0., 1., 0., 1., 0., 0., 1., 1., 1., 0., 1., 0., 0.,
           1., 1.],
          [1., 0., 1., 1., 1., 0., 0., 0., 0., 0., 0., 1., 0., 0., 0., 1., 0.,
           0., 1.],
          [0., 0., 0., 0., 0., 1., 1., 1., 0., 0., 0., 1., 0., 0., 1., 0., 1.,
           1., 1.],
          [0., 0., 0., 0., 0., 0., 0., 1., 0., 1., 0., 0., 0., 1., 1., 1., 1.,
           0., 1.],
          [0., 0., 1., 1., 1., 1., 1., 1., 1., 1., 0., 1., 1., 0., 1., 0., 0.,
           1., 0.],
          [0., 0., 0., 1., 0., 1., 0., 0., 0., 0., 1., 1., 0., 0., 1., 0., 0.,
           0., 1.],
          [1., 1., 0., 0., 1., 1., 1., 1., 0., 1., 0., 1., 0., 1., 1., 1., 1.,
           0., 1.],
          [0., 0., 0., 0., 1., 0., 0., 0., 1., 1., 1., 1., 0., 0., 1., 0., 0.,
           0., 1.],
          [1., 0., 1., 1., 1., 1., 1., 0., 1., 0., 0., 1., 0., 0., 0., 1., 1.,
           0., 1.],
          [1., 1., 1., 0., 0., 1., 1., 0., 0., 1., 0., 1., 1., 0., 0., 1., 1.,
           0., 1.],
          [0., 1., 0., 0., 0., 1., 1., 0., 1., 0., 0., 1., 1., 0., 1., 1., 0.,
           0., 1.]]]], device='cuda:0'), tensor([[0.0535]], device='cuda:0'))
2026-01-08 17:18:46 - INFO - [ 9.9963599e-01 -1.9513940e-03  5.4179691e-05  6.1494106e-04
  5.4177828e-05  6.1494479e-04  9.6671087e-01 -9.6406855e-02]
2026-01-08 17:18:46 - INFO - (tensor([[[[0., 1., 0., 0., 0., 1., 0., 0., 0., 1., 0., 0., 0., 0., 1., 0., 1.,
           1., 1.],
          [0., 1., 0., 1., 1., 1., 1., 1., 1., 1., 1., 0., 0., 1., 1., 1., 0.,
           1., 0.],
          [0., 0., 0., 0., 1., 1., 1., 1., 1., 0., 1., 1., 0., 1., 0., 1., 0.,
           1., 1.],
          [0., 0., 0., 0., 0., 0., 0., 0., 1., 1., 0., 1., 1., 1., 1., 0., 1.,
           0., 1.],
          [1., 1., 0., 1., 0., 1., 0., 1., 0., 0., 1., 0., 1., 1., 1., 1., 1.,
           1., 1.],
          [1., 1., 1., 1., 0., 0., 1., 1., 1., 1., 1., 1., 1., 1., 0., 1., 0.,
           1., 1.],
          [0., 1., 0., 1., 1., 0., 1., 0., 1., 0., 0., 1., 1., 0., 1., 1., 1.,
           0., 0.],
          [0., 0., 0., 0., 0., 0., 0., 1., 0., 1., 1., 1., 0., 0., 0., 0., 1.,
           0., 0.],
          [0., 0., 0., 1., 0., 1., 0., 1., 0., 0., 1., 1., 1., 0., 1., 0., 0.,
           1., 1.],
          [1., 0., 1., 1., 1., 0., 0., 0., 0., 0., 0., 1., 0., 0., 0., 1., 0.,
           0., 1.],
          [0., 0., 0., 0., 0., 1., 1., 1., 0., 0., 0., 1., 0., 0., 1., 0., 1.,
           1., 1.],
          [0., 0., 0., 0., 0., 0., 0., 1., 0., 1., 0., 0., 0., 1., 1., 1., 1.,
           0., 1.],
          [0., 0., 1., 1., 1., 1., 1., 1., 1., 1., 0., 1., 1., 0., 1., 0., 0.,
           1., 0.],
          [0., 0., 0., 1., 0., 1., 0., 0., 0., 0., 1., 1., 0., 0., 1., 0., 0.,
           0., 1.],
          [1., 1., 0., 0., 1., 1., 1., 1., 0., 1., 0., 1., 0., 1., 1., 1., 1.,
           0., 1.],
          [0., 0., 0., 0., 1., 0., 0., 0., 1., 1., 1., 1., 0., 0., 1., 0., 0.,
           0., 1.],
          [1., 0., 1., 1., 1., 1., 1., 0., 1., 0., 0., 1., 0., 0., 0., 1., 1.,
           0., 1.],
          [1., 1., 1., 0., 0., 1., 1., 0., 0., 1., 0., 1., 1., 0., 0., 1., 1.,
           0., 1.],
          [0., 1., 0., 0., 0., 1., 1., 0., 1., 0., 0., 1., 1., 0., 1., 1., 0.,
           0., 1.]]]], device='cuda:0'), tensor([[0.0569]], device='cuda:0'))
2026-01-08 17:18:46 - INFO - [ 9.9963152e-01 -2.0863160e-03  5.5662356e-05  6.7710492e-04
  5.5645593e-05  6.7710865e-04  9.6406156e-01 -9.9660076e-02]
2026-01-08 17:18:46 - INFO - (tensor([[[[0., 1., 0., 0., 0., 1., 0., 0., 0., 1., 0., 0., 0., 0., 1., 0., 1.,
           1., 1.],
          [0., 1., 0., 1., 1., 1., 1., 1., 1., 1., 1., 0., 0., 1., 1., 1., 0.,
           1., 0.],
          [0., 0., 0., 0., 1., 1., 1., 1., 1., 0., 1., 1., 0., 1., 0., 1., 0.,
           1., 1.],
          [0., 0., 0., 0., 0., 0., 0., 0., 1., 1., 0., 1., 1., 1., 1., 0., 1.,
           0., 1.],
          [1., 1., 0., 1., 0., 1., 0., 1., 0., 0., 1., 0., 1., 1., 1., 1., 1.,
           1., 1.],
          [1., 1., 1., 1., 0., 0., 1., 1., 1., 1., 1., 1., 1., 1., 0., 1., 0.,
           1., 1.],
          [0., 1., 0., 1., 1., 0., 1., 0., 1., 0., 0., 1., 1., 0., 1., 1., 1.,
           0., 0.],
          [0., 0., 0., 0., 0., 0., 0., 1., 0., 1., 1., 1., 0., 0., 0., 0., 1.,
           0., 0.],
          [0., 0., 0., 1., 0., 1., 0., 1., 0., 0., 1., 1., 1., 0., 1., 0., 0.,
           1., 1.],
          [1., 0., 1., 1., 1., 0., 0., 0., 0., 0., 0., 1., 0., 0., 0., 1., 0.,
           0., 1.],
          [0., 0., 0., 0., 0., 1., 1., 1., 0., 0., 0., 1., 0., 0., 1., 0., 1.,
           1., 1.],
          [0., 0., 0., 0., 0., 0., 0., 1., 0., 1., 0., 0., 0., 1., 1., 1., 1.,
           0., 1.],
          [0., 0., 1., 1., 1., 1., 1., 1., 1., 1., 0., 1., 1., 0., 1., 0., 0.,
           1., 0.],
          [0., 0., 0., 1., 0., 1., 0., 0., 0., 0., 1., 1., 0., 0., 1., 0., 0.,
           0., 1.],
          [1., 1., 0., 0., 1., 1., 1., 1., 0., 1., 0., 1., 0., 1., 1., 1., 1.,
           0., 1.],
          [0., 0., 0., 0., 1., 0., 0., 0., 1., 1., 1., 1., 0., 0., 1., 0., 0.,
           0., 1.],
          [1., 0., 1., 1., 1., 1., 1., 0., 1., 0., 0., 1., 0., 0., 0., 1., 1.,
           0., 1.],
          [1., 1., 1., 0., 0., 1., 1., 0., 0., 1., 0., 1., 1., 0., 0., 1., 1.,
           0., 1.],
          [0., 1., 0., 0., 0., 1., 1., 0., 1., 0., 0., 1., 1., 0., 1., 1., 0.,
           0., 1.]]]], device='cuda:0'), tensor([[0.0602]], device='cuda:0'))
2026-01-08 17:18:46 - INFO - [ 9.9962556e-01 -2.2450611e-03  5.0767325e-05  7.3264900e-04
  5.0772913e-05  7.3265273e-04  9.6138453e-01 -1.0266140e-01]
2026-01-08 17:18:46 - INFO - (tensor([[[[0., 1., 0., 0., 0., 1., 0., 0., 0., 1., 0., 0., 0., 0., 1., 0., 1.,
           1., 1.],
          [0., 1., 0., 1., 1., 1., 1., 1., 1., 1., 1., 0., 0., 1., 1., 1., 0.,
           1., 0.],
          [0., 0., 0., 0., 1., 1., 1., 1., 1., 0., 1., 1., 0., 1., 0., 1., 0.,
           1., 1.],
          [0., 0., 0., 0., 0., 0., 0., 0., 1., 1., 0., 1., 1., 1., 1., 0., 1.,
           0., 1.],
          [1., 1., 0., 1., 0., 1., 0., 1., 0., 0., 1., 0., 1., 1., 1., 1., 1.,
           1., 1.],
          [1., 1., 1., 1., 0., 0., 1., 1., 1., 1., 1., 1., 1., 1., 0., 1., 0.,
           1., 1.],
          [0., 1., 0., 1., 1., 0., 1., 0., 1., 0., 0., 1., 1., 0., 1., 1., 1.,
           0., 0.],
          [0., 0., 0., 0., 0., 0., 0., 1., 0., 1., 1., 1., 0., 0., 0., 0., 1.,
           0., 0.],
          [0., 0., 0., 1., 0., 1., 0., 1., 0., 0., 1., 1., 1., 0., 1., 0., 0.,
           1., 1.],
          [1., 0., 1., 1., 1., 0., 0., 0., 0., 0., 0., 1., 0., 0., 0., 1., 0.,
           0., 1.],
          [0., 0., 0., 0., 0., 1., 1., 1., 0., 0., 0., 1., 0., 0., 1., 0., 1.,
           1., 1.],
          [0., 0., 0., 0., 0., 0., 0., 1., 0., 1., 0., 0., 0., 1., 1., 1., 1.,
           0., 1.],
          [0., 0., 1., 1., 1., 1., 1., 1., 1., 1., 0., 1., 1., 0., 1., 0., 0.,
           1., 0.],
          [0., 0., 0., 1., 0., 1., 0., 0., 0., 0., 1., 1., 0., 0., 1., 0., 0.,
           0., 1.],
          [1., 1., 0., 0., 1., 1., 1., 1., 0., 1., 0., 1., 0., 1., 1., 1., 1.,
           0., 1.],
          [0., 0., 0., 0., 1., 0., 0., 0., 1., 1., 1., 1., 0., 0., 1., 0., 0.,
           0., 1.],
          [1., 0., 1., 1., 1., 1., 1., 0., 1., 0., 0., 1., 0., 0., 0., 1., 1.,
           0., 1.],
          [1., 1., 1., 0., 0., 1., 1., 0., 0., 1., 0., 1., 1., 0., 0., 1., 1.,
           0., 1.],
          [0., 1., 0., 0., 0., 1., 1., 0., 1., 0., 0., 1., 1., 0., 1., 1., 0.,
           0., 1.]]]], device='cuda:0'), tensor([[0.0635]], device='cuda:0'))
2026-01-08 17:18:46 - INFO - [ 9.9961942e-01 -2.4048788e-03  4.7422014e-05  7.8158808e-04
  4.7412701e-05  7.8158436e-04  9.5861703e-01 -1.0556911e-01]
2026-01-08 17:18:46 - INFO - (tensor([[[[0., 1., 0., 0., 0., 1., 0., 0., 0., 1., 0., 0., 0., 0., 1., 0., 1.,
           1., 1.],
          [0., 1., 0., 1., 1., 1., 1., 1., 1., 1., 1., 0., 0., 1., 1., 1., 0.,
           1., 0.],
          [0., 0., 0., 0., 1., 1., 1., 1., 1., 0., 1., 1., 0., 1., 0., 1., 0.,
           1., 1.],
          [0., 0., 0., 0., 0., 0., 0., 0., 1., 1., 0., 1., 1., 1., 1., 0., 1.,
           0., 1.],
          [1., 1., 0., 1., 0., 1., 0., 1., 0., 0., 1., 0., 1., 1., 1., 1., 1.,
           1., 1.],
          [1., 1., 1., 1., 0., 0., 1., 1., 1., 1., 1., 1., 1., 1., 0., 1., 0.,
           1., 1.],
          [0., 1., 0., 1., 1., 0., 1., 0., 1., 0., 0., 1., 1., 0., 1., 1., 1.,
           0., 0.],
          [0., 0., 0., 0., 0., 0., 0., 1., 0., 1., 1., 1., 0., 0., 0., 0., 1.,
           0., 0.],
          [0., 0., 0., 1., 0., 1., 0., 1., 0., 0., 1., 1., 1., 0., 1., 0., 0.,
           1., 1.],
          [1., 0., 1., 1., 1., 0., 0., 0., 0., 0., 0., 1., 0., 0., 0., 1., 0.,
           0., 1.],
          [0., 0., 0., 0., 0., 1., 1., 1., 0., 0., 0., 1., 0., 0., 1., 0., 1.,
           1., 1.],
          [0., 0., 0., 0., 0., 0., 0., 1., 0., 1., 0., 0., 0., 1., 1., 1., 1.,
           0., 1.],
          [0., 0., 1., 1., 1., 1., 1., 1., 1., 1., 0., 1., 1., 0., 1., 0., 0.,
           1., 0.],
          [0., 0., 0., 1., 0., 1., 0., 0., 0., 0., 1., 1., 0., 0., 1., 0., 0.,
           0., 1.],
          [1., 1., 0., 0., 1., 1., 1., 1., 0., 1., 0., 1., 0., 1., 1., 1., 1.,
           0., 1.],
          [0., 0., 0., 0., 1., 0., 0., 0., 1., 1., 1., 1., 0., 0., 1., 0., 0.,
           0., 1.],
          [1., 0., 1., 1., 1., 1., 1., 0., 1., 0., 0., 1., 0., 0., 0., 1., 1.,
           0., 1.],
          [1., 1., 1., 0., 0., 1., 1., 0., 0., 1., 0., 1., 1., 0., 0., 1., 1.,
           0., 1.],
          [0., 1., 0., 0., 0., 1., 1., 0., 1., 0., 0., 1., 1., 0., 1., 1., 0.,
           0., 1.]]]], device='cuda:0'), tensor([[0.0669]], device='cuda:0'))
2026-01-08 17:18:46 - INFO - [ 9.9961209e-01 -2.5654230e-03  4.0940009e-05  8.2041678e-04
  4.0938146e-05  8.2042051e-04  9.5579928e-01 -1.0831386e-01]
2026-01-08 17:18:46 - INFO - (tensor([[[[0., 1., 0., 0., 0., 1., 0., 0., 0., 1., 0., 0., 0., 0., 1., 0., 1.,
           1., 1.],
          [0., 1., 0., 1., 1., 1., 1., 1., 1., 1., 1., 0., 0., 1., 1., 1., 0.,
           1., 0.],
          [0., 0., 0., 0., 1., 1., 1., 1., 1., 0., 1., 1., 0., 1., 0., 1., 0.,
           1., 1.],
          [0., 0., 0., 0., 0., 0., 0., 0., 1., 1., 0., 1., 1., 1., 1., 0., 1.,
           0., 1.],
          [1., 1., 0., 1., 0., 1., 0., 1., 0., 0., 1., 0., 1., 1., 1., 1., 1.,
           1., 1.],
          [1., 1., 1., 1., 0., 0., 1., 1., 1., 1., 1., 1., 1., 1., 0., 1., 0.,
           1., 1.],
          [0., 1., 0., 1., 1., 0., 1., 0., 1., 0., 0., 1., 1., 0., 1., 1., 1.,
           0., 0.],
          [0., 0., 0., 0., 0., 0., 0., 1., 0., 1., 1., 1., 0., 0., 0., 0., 1.,
           0., 0.],
          [0., 0., 0., 1., 0., 1., 0., 1., 0., 0., 1., 1., 1., 0., 1., 0., 0.,
           1., 1.],
          [1., 0., 1., 1., 1., 0., 0., 0., 0., 0., 0., 1., 0., 0., 0., 1., 0.,
           0., 1.],
          [0., 0., 0., 0., 0., 1., 1., 1., 0., 0., 0., 1., 0., 0., 1., 0., 1.,
           1., 1.],
          [0., 0., 0., 0., 0., 0., 0., 1., 0., 1., 0., 0., 0., 1., 1., 1., 1.,
           0., 1.],
          [0., 0., 1., 1., 1., 1., 1., 1., 1., 1., 0., 1., 1., 0., 1., 0., 0.,
           1., 0.],
          [0., 0., 0., 1., 0., 1., 0., 0., 0., 0., 1., 1., 0., 0., 1., 0., 0.,
           0., 1.],
          [1., 1., 0., 0., 1., 1., 1., 1., 0., 1., 0., 1., 0., 1., 1., 1., 1.,
           0., 1.],
          [0., 0., 0., 0., 1., 0., 0., 0., 1., 1., 1., 1., 0., 0., 1., 0., 0.,
           0., 1.],
          [1., 0., 1., 1., 1., 1., 1., 0., 1., 0., 0., 1., 0., 0., 0., 1., 1.,
           0., 1.],
          [1., 1., 1., 0., 0., 1., 1., 0., 0., 1., 0., 1., 1., 0., 0., 1., 1.,
           0., 1.],
          [0., 1., 0., 0., 0., 1., 1., 0., 1., 0., 0., 1., 1., 0., 1., 1., 0.,
           0., 1.]]]], device='cuda:0'), tensor([[0.0702]], device='cuda:0'))
2026-01-08 17:18:46 - INFO - [ 9.9960184e-01 -2.7123734e-03  7.1292743e-06  8.6417398e-04
  7.1199611e-06  8.6417398e-04  9.5244539e-01 -1.1142165e-01]
2026-01-08 17:18:46 - INFO - (tensor([[[[0., 1., 0., 0., 0., 1., 0., 0., 0., 1., 0., 0., 0., 0., 1., 0., 1.,
           1., 1.],
          [0., 1., 0., 1., 1., 1., 1., 1., 1., 1., 1., 0., 0., 1., 1., 1., 0.,
           1., 0.],
          [0., 0., 0., 0., 1., 1., 1., 1., 1., 0., 1., 1., 0., 1., 0., 1., 0.,
           1., 1.],
          [0., 0., 0., 0., 0., 0., 0., 0., 1., 1., 0., 1., 1., 1., 1., 0., 1.,
           0., 1.],
          [1., 1., 0., 1., 0., 1., 0., 1., 0., 0., 1., 0., 1., 1., 1., 1., 1.,
           1., 1.],
          [1., 1., 1., 1., 0., 0., 1., 1., 1., 1., 1., 1., 1., 1., 0., 1., 0.,
           1., 1.],
          [0., 1., 0., 1., 1., 0., 1., 0., 1., 0., 0., 1., 1., 0., 1., 1., 1.,
           0., 0.],
          [0., 0., 0., 0., 0., 0., 0., 1., 0., 1., 1., 1., 0., 0., 0., 0., 1.,
           0., 0.],
          [0., 0., 0., 1., 0., 1., 0., 1., 0., 0., 1., 1., 1., 0., 1., 0., 0.,
           1., 1.],
          [1., 0., 1., 1., 1., 0., 0., 0., 0., 0., 0., 1., 0., 0., 0., 1., 0.,
           0., 1.],
          [0., 0., 0., 0., 0., 1., 1., 1., 0., 0., 0., 1., 0., 0., 1., 0., 1.,
           1., 1.],
          [0., 0., 0., 0., 0., 0., 0., 1., 0., 1., 0., 0., 0., 1., 1., 1., 1.,
           0., 1.],
          [0., 0., 1., 1., 1., 1., 1., 1., 1., 1., 0., 1., 1., 0., 1., 0., 0.,
           1., 0.],
          [0., 0., 0., 1., 0., 1., 0., 0., 0., 0., 1., 1., 0., 0., 1., 0., 0.,
           0., 1.],
          [1., 1., 0., 0., 1., 1., 1., 1., 0., 1., 0., 1., 0., 1., 1., 1., 1.,
           0., 1.],
          [0., 0., 0., 0., 1., 0., 0., 0., 1., 1., 1., 1., 0., 0., 1., 0., 0.,
           0., 1.],
          [1., 0., 1., 1., 1., 1., 1., 0., 1., 0., 0., 1., 0., 0., 0., 1., 1.,
           0., 1.],
          [1., 1., 1., 0., 0., 1., 1., 0., 0., 1., 0., 1., 1., 0., 0., 1., 1.,
           0., 1.],
          [0., 1., 0., 0., 0., 1., 1., 0., 1., 0., 0., 1., 1., 0., 1., 1., 0.,
           0., 1.]]]], device='cuda:0'), tensor([[0.0736]], device='cuda:0'))
2026-01-08 17:18:46 - INFO - [ 9.99590039e-01 -2.85755447e-03 -6.66910782e-05  8.84171342e-04
 -6.66929409e-05  8.84175068e-04  9.48637307e-01 -1.14871085e-01]
2026-01-08 17:18:46 - INFO - (tensor([[[[0., 1., 0., 0., 0., 1., 0., 0., 0., 1., 0., 0., 0., 0., 1., 0., 1.,
           1., 1.],
          [0., 1., 0., 1., 1., 1., 1., 1., 1., 1., 1., 0., 0., 1., 1., 1., 0.,
           1., 0.],
          [0., 0., 0., 0., 1., 1., 1., 1., 1., 0., 1., 1., 0., 1., 0., 1., 0.,
           1., 1.],
          [0., 0., 0., 0., 0., 0., 0., 0., 1., 1., 0., 1., 1., 1., 1., 0., 1.,
           0., 1.],
          [1., 1., 0., 1., 0., 1., 0., 1., 0., 0., 1., 0., 1., 1., 1., 1., 1.,
           1., 1.],
          [1., 1., 1., 1., 0., 0., 1., 1., 1., 1., 1., 1., 1., 1., 0., 1., 0.,
           1., 1.],
          [0., 1., 0., 1., 1., 0., 1., 0., 1., 0., 0., 1., 1., 0., 1., 1., 1.,
           0., 0.],
          [0., 0., 0., 0., 0., 0., 0., 1., 0., 1., 1., 1., 0., 0., 0., 0., 1.,
           0., 0.],
          [0., 0., 0., 1., 0., 1., 0., 1., 0., 0., 1., 1., 1., 0., 1., 0., 0.,
           1., 1.],
          [1., 0., 1., 1., 1., 0., 0., 0., 0., 0., 0., 1., 0., 0., 0., 1., 0.,
           0., 1.],
          [0., 0., 0., 0., 0., 1., 1., 1., 0., 0., 0., 1., 0., 0., 1., 0., 1.,
           1., 1.],
          [0., 0., 0., 0., 0., 0., 0., 1., 0., 1., 0., 0., 0., 1., 1., 1., 1.,
           0., 1.],
          [0., 0., 1., 1., 1., 1., 1., 1., 1., 1., 0., 1., 1., 0., 1., 0., 0.,
           1., 0.],
          [0., 0., 0., 1., 0., 1., 0., 0., 0., 0., 1., 1., 0., 0., 1., 0., 0.,
           0., 1.],
          [1., 1., 0., 0., 1., 1., 1., 1., 0., 1., 0., 1., 0., 1., 1., 1., 1.,
           0., 1.],
          [0., 0., 0., 0., 1., 0., 0., 0., 1., 1., 1., 1., 0., 0., 1., 0., 0.,
           0., 1.],
          [1., 0., 1., 1., 1., 1., 1., 0., 1., 0., 0., 1., 0., 0., 0., 1., 1.,
           0., 1.],
          [1., 1., 1., 0., 0., 1., 1., 0., 0., 1., 0., 1., 1., 0., 0., 1., 1.,
           0., 1.],
          [0., 1., 0., 0., 0., 1., 1., 0., 1., 0., 0., 1., 1., 0., 1., 1., 0.,
           0., 1.]]]], device='cuda:0'), tensor([[0.0769]], device='cuda:0'))
2026-01-08 17:18:46 - INFO - [ 9.9958396e-01 -2.9808790e-03 -8.5548498e-05  1.0401193e-03
 -8.5520558e-05  1.0401268e-03  9.4551080e-01 -1.1851744e-01]
2026-01-08 17:18:46 - INFO - (tensor([[[[0., 1., 0., 0., 0., 1., 0., 0., 0., 1., 0., 0., 0., 0., 1., 0., 1.,
           1., 1.],
          [0., 1., 0., 1., 1., 1., 1., 1., 1., 1., 1., 0., 0., 1., 1., 1., 0.,
           1., 0.],
          [0., 0., 0., 0., 1., 1., 1., 1., 1., 0., 1., 1., 0., 1., 0., 1., 0.,
           1., 1.],
          [0., 0., 0., 0., 0., 0., 0., 0., 1., 1., 0., 1., 1., 1., 1., 0., 1.,
           0., 1.],
          [1., 1., 0., 1., 0., 1., 0., 1., 0., 0., 1., 0., 1., 1., 1., 1., 1.,
           1., 1.],
          [1., 1., 1., 1., 0., 0., 1., 1., 1., 1., 1., 1., 1., 1., 0., 1., 0.,
           1., 1.],
          [0., 1., 0., 1., 1., 0., 1., 0., 1., 0., 0., 1., 1., 0., 1., 1., 1.,
           0., 0.],
          [0., 0., 0., 0., 0., 0., 0., 1., 0., 1., 1., 1., 0., 0., 0., 0., 1.,
           0., 0.],
          [0., 0., 0., 1., 0., 1., 0., 1., 0., 0., 1., 1., 1., 0., 1., 0., 0.,
           1., 1.],
          [1., 0., 1., 1., 1., 0., 0., 0., 0., 0., 0., 1., 0., 0., 0., 1., 0.,
           0., 1.],
          [0., 0., 0., 0., 0., 1., 1., 1., 0., 0., 0., 1., 0., 0., 1., 0., 1.,
           1., 1.],
          [0., 0., 0., 0., 0., 0., 0., 1., 0., 1., 0., 0., 0., 1., 1., 1., 1.,
           0., 1.],
          [0., 0., 1., 1., 1., 1., 1., 1., 1., 1., 0., 1., 1., 0., 1., 0., 0.,
           1., 0.],
          [0., 0., 0., 1., 0., 1., 0., 0., 0., 0., 1., 1., 0., 0., 1., 0., 0.,
           0., 1.],
          [1., 1., 0., 0., 1., 1., 1., 1., 0., 1., 0., 1., 0., 1., 1., 1., 1.,
           0., 1.],
          [0., 0., 0., 0., 1., 0., 0., 0., 1., 1., 1., 1., 0., 0., 1., 0., 0.,
           0., 1.],
          [1., 0., 1., 1., 1., 1., 1., 0., 1., 0., 0., 1., 0., 0., 0., 1., 1.,
           0., 1.],
          [1., 1., 1., 0., 0., 1., 1., 0., 0., 1., 0., 1., 1., 0., 0., 1., 1.,
           0., 1.],
          [0., 1., 0., 0., 0., 1., 1., 0., 1., 0., 0., 1., 1., 0., 1., 1., 0.,
           0., 1.]]]], device='cuda:0'), tensor([[0.0803]], device='cuda:0'))
2026-01-08 17:18:46 - INFO - [ 9.99581158e-01 -3.09439516e-03 -8.30823556e-05  1.25406240e-03
 -8.30842182e-05  1.25406613e-03  9.42301452e-01 -1.22330636e-01]
2026-01-08 17:18:46 - INFO - (tensor([[[[0., 1., 0., 0., 0., 1., 0., 0., 0., 1., 0., 0., 0., 0., 1., 0., 1.,
           1., 1.],
          [0., 1., 0., 1., 1., 1., 1., 1., 1., 1., 1., 0., 0., 1., 1., 1., 0.,
           1., 0.],
          [0., 0., 0., 0., 1., 1., 1., 1., 1., 0., 1., 1., 0., 1., 0., 1., 0.,
           1., 1.],
          [0., 0., 0., 0., 0., 0., 0., 0., 1., 1., 0., 1., 1., 1., 1., 0., 1.,
           0., 1.],
          [1., 1., 0., 1., 0., 1., 0., 1., 0., 0., 1., 0., 1., 1., 1., 1., 1.,
           1., 1.],
          [1., 1., 1., 1., 0., 0., 1., 1., 1., 1., 1., 1., 1., 1., 0., 1., 0.,
           1., 1.],
          [0., 1., 0., 1., 1., 0., 1., 0., 1., 0., 0., 1., 1., 0., 1., 1., 1.,
           0., 0.],
          [0., 0., 0., 0., 0., 0., 0., 1., 0., 1., 1., 1., 0., 0., 0., 0., 1.,
           0., 0.],
          [0., 0., 0., 1., 0., 1., 0., 1., 0., 0., 1., 1., 1., 0., 1., 0., 0.,
           1., 1.],
          [1., 0., 1., 1., 1., 0., 0., 0., 0., 0., 0., 1., 0., 0., 0., 1., 0.,
           0., 1.],
          [0., 0., 0., 0., 0., 1., 1., 1., 0., 0., 0., 1., 0., 0., 1., 0., 1.,
           1., 1.],
          [0., 0., 0., 0., 0., 0., 0., 1., 0., 1., 0., 0., 0., 1., 1., 1., 1.,
           0., 1.],
          [0., 0., 1., 1., 1., 1., 1., 1., 1., 1., 0., 1., 1., 0., 1., 0., 0.,
           1., 0.],
          [0., 0., 0., 1., 0., 1., 0., 0., 0., 0., 1., 1., 0., 0., 1., 0., 0.,
           0., 1.],
          [1., 1., 0., 0., 1., 1., 1., 1., 0., 1., 0., 1., 0., 1., 1., 1., 1.,
           0., 1.],
          [0., 0., 0., 0., 1., 0., 0., 0., 1., 1., 1., 1., 0., 0., 1., 0., 0.,
           0., 1.],
          [1., 0., 1., 1., 1., 1., 1., 0., 1., 0., 0., 1., 0., 0., 0., 1., 1.,
           0., 1.],
          [1., 1., 1., 0., 0., 1., 1., 0., 0., 1., 0., 1., 1., 0., 0., 1., 1.,
           0., 1.],
          [0., 1., 0., 0., 0., 1., 1., 0., 1., 0., 0., 1., 1., 0., 1., 1., 0.,
           0., 1.]]]], device='cuda:0'), tensor([[0.0836]], device='cuda:0'))
2026-01-08 17:18:46 - INFO - [ 9.9957967e-01 -3.1993093e-03 -7.6861121e-05  1.4732954e-03
 -7.6862983e-05  1.4732954e-03  9.3908155e-01 -1.2602402e-01]
2026-01-08 17:18:46 - INFO - (tensor([[[[0., 1., 0., 0., 0., 1., 0., 0., 0., 1., 0., 0., 0., 0., 1., 0., 1.,
           1., 1.],
          [0., 1., 0., 1., 1., 1., 1., 1., 1., 1., 1., 0., 0., 1., 1., 1., 0.,
           1., 0.],
          [0., 0., 0., 0., 1., 1., 1., 1., 1., 0., 1., 1., 0., 1., 0., 1., 0.,
           1., 1.],
          [0., 0., 0., 0., 0., 0., 0., 0., 1., 1., 0., 1., 1., 1., 1., 0., 1.,
           0., 1.],
          [1., 1., 0., 1., 0., 1., 0., 1., 0., 0., 1., 0., 1., 1., 1., 1., 1.,
           1., 1.],
          [1., 1., 1., 1., 0., 0., 1., 1., 1., 1., 1., 1., 1., 1., 0., 1., 0.,
           1., 1.],
          [0., 1., 0., 1., 1., 0., 1., 0., 1., 0., 0., 1., 1., 0., 1., 1., 1.,
           0., 0.],
          [0., 0., 0., 0., 0., 0., 0., 1., 0., 1., 1., 1., 0., 0., 0., 0., 1.,
           0., 0.],
          [0., 0., 0., 1., 0., 1., 0., 1., 0., 0., 1., 1., 1., 0., 1., 0., 0.,
           1., 1.],
          [1., 0., 1., 1., 1., 0., 0., 0., 0., 0., 0., 1., 0., 0., 0., 1., 0.,
           0., 1.],
          [0., 0., 0., 0., 0., 1., 1., 1., 0., 0., 0., 1., 0., 0., 1., 0., 1.,
           1., 1.],
          [0., 0., 0., 0., 0., 0., 0., 1., 0., 1., 0., 0., 0., 1., 1., 1., 1.,
           0., 1.],
          [0., 0., 1., 1., 1., 1., 1., 1., 1., 1., 0., 1., 1., 0., 1., 0., 0.,
           1., 0.],
          [0., 0., 0., 1., 0., 1., 0., 0., 0., 0., 1., 1., 0., 0., 1., 0., 0.,
           0., 1.],
          [1., 1., 0., 0., 1., 1., 1., 1., 0., 1., 0., 1., 0., 1., 1., 1., 1.,
           0., 1.],
          [0., 0., 0., 0., 1., 0., 0., 0., 1., 1., 1., 1., 0., 0., 1., 0., 0.,
           0., 1.],
          [1., 0., 1., 1., 1., 1., 1., 0., 1., 0., 0., 1., 0., 0., 0., 1., 1.,
           0., 1.],
          [1., 1., 1., 0., 0., 1., 1., 0., 0., 1., 0., 1., 1., 0., 0., 1., 1.,
           0., 1.],
          [0., 1., 0., 0., 0., 1., 1., 0., 1., 0., 0., 1., 1., 0., 1., 1., 0.,
           0., 1.]]]], device='cuda:0'), tensor([[0.0870]], device='cuda:0'))
2026-01-08 17:18:46 - INFO - [ 9.99578714e-01 -3.39375995e-03 -1.02193095e-04  1.62851298e-03
 -1.02194957e-04  1.62850926e-03  9.35165882e-01 -1.29992411e-01]
2026-01-08 17:18:46 - INFO - (tensor([[[[0., 1., 0., 0., 0., 1., 0., 0., 0., 1., 0., 0., 0., 0., 1., 0., 1.,
           1., 1.],
          [0., 1., 0., 1., 1., 1., 1., 1., 1., 1., 1., 0., 0., 1., 1., 1., 0.,
           1., 0.],
          [0., 0., 0., 0., 1., 1., 1., 1., 1., 0., 1., 1., 0., 1., 0., 1., 0.,
           1., 1.],
          [0., 0., 0., 0., 0., 0., 0., 0., 1., 1., 0., 1., 1., 1., 1., 0., 1.,
           0., 1.],
          [1., 1., 0., 1., 0., 1., 0., 1., 0., 0., 1., 0., 1., 1., 1., 1., 1.,
           1., 1.],
          [1., 1., 1., 1., 0., 0., 1., 1., 1., 1., 1., 1., 1., 1., 0., 1., 0.,
           1., 1.],
          [0., 1., 0., 1., 1., 0., 1., 0., 1., 0., 0., 1., 1., 0., 1., 1., 1.,
           0., 0.],
          [0., 0., 0., 0., 0., 0., 0., 1., 0., 1., 1., 1., 0., 0., 0., 0., 1.,
           0., 0.],
          [0., 0., 0., 1., 0., 1., 0., 1., 0., 0., 1., 1., 1., 0., 1., 0., 0.,
           1., 1.],
          [1., 0., 1., 1., 1., 0., 0., 0., 0., 0., 0., 1., 0., 0., 0., 1., 0.,
           0., 1.],
          [0., 0., 0., 0., 0., 1., 1., 1., 0., 0., 0., 1., 0., 0., 1., 0., 1.,
           1., 1.],
          [0., 0., 0., 0., 0., 0., 0., 1., 0., 1., 0., 0., 0., 1., 1., 1., 1.,
           0., 1.],
          [0., 0., 1., 1., 1., 1., 1., 1., 1., 1., 0., 1., 1., 0., 1., 0., 0.,
           1., 0.],
          [0., 0., 0., 1., 0., 1., 0., 0., 0., 0., 1., 1., 0., 0., 1., 0., 0.,
           0., 1.],
          [1., 1., 0., 0., 1., 1., 1., 1., 0., 1., 0., 1., 0., 1., 1., 1., 1.,
           0., 1.],
          [0., 0., 0., 0., 1., 0., 0., 0., 1., 1., 1., 1., 0., 0., 1., 0., 0.,
           0., 1.],
          [1., 0., 1., 1., 1., 1., 1., 0., 1., 0., 0., 1., 0., 0., 0., 1., 1.,
           0., 1.],
          [1., 1., 1., 0., 0., 1., 1., 0., 0., 1., 0., 1., 1., 0., 0., 1., 1.,
           0., 1.],
          [0., 1., 0., 0., 0., 1., 1., 0., 1., 0., 0., 1., 1., 0., 1., 1., 0.,
           0., 1.]]]], device='cuda:0'), tensor([[0.0903]], device='cuda:0'))
2026-01-08 17:18:46 - INFO - [ 9.9957734e-01 -3.6617243e-03 -1.7602090e-04  1.6861206e-03
 -1.7600041e-04  1.6861169e-03  9.3077433e-01 -1.3368905e-01]
2026-01-08 17:18:46 - INFO - (tensor([[[[0., 1., 0., 0., 0., 1., 0., 0., 0., 1., 0., 0., 0., 0., 1., 0., 1.,
           1., 1.],
          [0., 1., 0., 1., 1., 1., 1., 1., 1., 1., 1., 0., 0., 1., 1., 1., 0.,
           1., 0.],
          [0., 0., 0., 0., 1., 1., 1., 1., 1., 0., 1., 1., 0., 1., 0., 1., 0.,
           1., 1.],
          [0., 0., 0., 0., 0., 0., 0., 0., 1., 1., 0., 1., 1., 1., 1., 0., 1.,
           0., 1.],
          [1., 1., 0., 1., 0., 1., 0., 1., 0., 0., 1., 0., 1., 1., 1., 1., 1.,
           1., 1.],
          [1., 1., 1., 1., 0., 0., 1., 1., 1., 1., 1., 1., 1., 1., 0., 1., 0.,
           1., 1.],
          [0., 1., 0., 1., 1., 0., 1., 0., 1., 0., 0., 1., 1., 0., 1., 1., 1.,
           0., 0.],
          [0., 0., 0., 0., 0., 0., 0., 1., 0., 1., 1., 1., 0., 0., 0., 0., 1.,
           0., 0.],
          [0., 0., 0., 1., 0., 1., 0., 1., 0., 0., 1., 1., 1., 0., 1., 0., 0.,
           1., 1.],
          [1., 0., 1., 1., 1., 0., 0., 0., 0., 0., 0., 1., 0., 0., 0., 1., 0.,
           0., 1.],
          [0., 0., 0., 0., 0., 1., 1., 1., 0., 0., 0., 1., 0., 0., 1., 0., 1.,
           1., 1.],
          [0., 0., 0., 0., 0., 0., 0., 1., 0., 1., 0., 0., 0., 1., 1., 1., 1.,
           0., 1.],
          [0., 0., 1., 1., 1., 1., 1., 1., 1., 1., 0., 1., 1., 0., 1., 0., 0.,
           1., 0.],
          [0., 0., 0., 1., 0., 1., 0., 0., 0., 0., 1., 1., 0., 0., 1., 0., 0.,
           0., 1.],
          [1., 1., 0., 0., 1., 1., 1., 1., 0., 1., 0., 1., 0., 1., 1., 1., 1.,
           0., 1.],
          [0., 0., 0., 0., 1., 0., 0., 0., 1., 1., 1., 1., 0., 0., 1., 0., 0.,
           0., 1.],
          [1., 0., 1., 1., 1., 1., 1., 0., 1., 0., 0., 1., 0., 0., 0., 1., 1.,
           0., 1.],
          [1., 1., 1., 0., 0., 1., 1., 0., 0., 1., 0., 1., 1., 0., 0., 1., 1.,
           0., 1.],
          [0., 1., 0., 0., 0., 1., 1., 0., 1., 0., 0., 1., 1., 0., 1., 1., 0.,
           0., 1.]]]], device='cuda:0'), tensor([[0.0936]], device='cuda:0'))
2026-01-08 17:18:46 - INFO - [ 9.9957383e-01 -3.9225169e-03 -2.2825692e-04  1.7745588e-03
 -2.2825878e-04  1.7745625e-03  9.2718714e-01 -1.3648476e-01]
2026-01-08 17:18:46 - INFO - (tensor([[[[0., 1., 0., 0., 0., 1., 0., 0., 0., 1., 0., 0., 0., 0., 1., 0., 1.,
           1., 1.],
          [0., 1., 0., 1., 1., 1., 1., 1., 1., 1., 1., 0., 0., 1., 1., 1., 0.,
           1., 0.],
          [0., 0., 0., 0., 1., 1., 1., 1., 1., 0., 1., 1., 0., 1., 0., 1., 0.,
           1., 1.],
          [0., 0., 0., 0., 0., 0., 0., 0., 1., 1., 0., 1., 1., 1., 1., 0., 1.,
           0., 1.],
          [1., 1., 0., 1., 0., 1., 0., 1., 0., 0., 1., 0., 1., 1., 1., 1., 1.,
           1., 1.],
          [1., 1., 1., 1., 0., 0., 1., 1., 1., 1., 1., 1., 1., 1., 0., 1., 0.,
           1., 1.],
          [0., 1., 0., 1., 1., 0., 1., 0., 1., 0., 0., 1., 1., 0., 1., 1., 1.,
           0., 0.],
          [0., 0., 0., 0., 0., 0., 0., 1., 0., 1., 1., 1., 0., 0., 0., 0., 1.,
           0., 0.],
          [0., 0., 0., 1., 0., 1., 0., 1., 0., 0., 1., 1., 1., 0., 1., 0., 0.,
           1., 1.],
          [1., 0., 1., 1., 1., 0., 0., 0., 0., 0., 0., 1., 0., 0., 0., 1., 0.,
           0., 1.],
          [0., 0., 0., 0., 0., 1., 1., 1., 0., 0., 0., 1., 0., 0., 1., 0., 1.,
           1., 1.],
          [0., 0., 0., 0., 0., 0., 0., 1., 0., 1., 0., 0., 0., 1., 1., 1., 1.,
           0., 1.],
          [0., 0., 1., 1., 1., 1., 1., 1., 1., 1., 0., 1., 1., 0., 1., 0., 0.,
           1., 0.],
          [0., 0., 0., 1., 0., 1., 0., 0., 0., 0., 1., 1., 0., 0., 1., 0., 0.,
           0., 1.],
          [1., 1., 0., 0., 1., 1., 1., 1., 0., 1., 0., 1., 0., 1., 1., 1., 1.,
           0., 1.],
          [0., 0., 0., 0., 1., 0., 0., 0., 1., 1., 1., 1., 0., 0., 1., 0., 0.,
           0., 1.],
          [1., 0., 1., 1., 1., 1., 1., 0., 1., 0., 0., 1., 0., 0., 0., 1., 1.,
           0., 1.],
          [1., 1., 1., 0., 0., 1., 1., 0., 0., 1., 0., 1., 1., 0., 0., 1., 1.,
           0., 1.],
          [0., 1., 0., 0., 0., 1., 1., 0., 1., 0., 0., 1., 1., 0., 1., 1., 0.,
           0., 1.]]]], device='cuda:0'), tensor([[0.0970]], device='cuda:0'))
2026-01-08 17:18:46 - INFO - [ 9.9956352e-01 -4.2648017e-03 -2.7109776e-04  1.9402331e-03
 -2.7110707e-04  1.9402405e-03  9.2334294e-01 -1.3939895e-01]
2026-01-08 17:18:46 - INFO - (tensor([[[[0., 1., 0., 0., 0., 1., 0., 0., 0., 1., 0., 0., 0., 0., 1., 0., 1.,
           1., 1.],
          [0., 1., 0., 1., 1., 1., 1., 1., 1., 1., 1., 0., 0., 1., 1., 1., 0.,
           1., 0.],
          [0., 0., 0., 0., 1., 1., 1., 1., 1., 0., 1., 1., 0., 1., 0., 1., 0.,
           1., 1.],
          [0., 0., 0., 0., 0., 0., 0., 0., 1., 1., 0., 1., 1., 1., 1., 0., 1.,
           0., 1.],
          [1., 1., 0., 1., 0., 1., 0., 1., 0., 0., 1., 0., 1., 1., 1., 1., 1.,
           1., 1.],
          [1., 1., 1., 1., 0., 0., 1., 1., 1., 1., 1., 1., 1., 1., 0., 1., 0.,
           1., 1.],
          [0., 1., 0., 1., 1., 0., 1., 0., 1., 0., 0., 1., 1., 0., 1., 1., 1.,
           0., 0.],
          [0., 0., 0., 0., 0., 0., 0., 1., 0., 1., 1., 1., 0., 0., 0., 0., 1.,
           0., 0.],
          [0., 0., 0., 1., 0., 1., 0., 1., 0., 0., 1., 1., 1., 0., 1., 0., 0.,
           1., 1.],
          [1., 0., 1., 1., 1., 0., 0., 0., 0., 0., 0., 1., 0., 0., 0., 1., 0.,
           0., 1.],
          [0., 0., 0., 0., 0., 1., 1., 1., 0., 0., 0., 1., 0., 0., 1., 0., 1.,
           1., 1.],
          [0., 0., 0., 0., 0., 0., 0., 1., 0., 1., 0., 0., 0., 1., 1., 1., 1.,
           0., 1.],
          [0., 0., 1., 1., 1., 1., 1., 1., 1., 1., 0., 1., 1., 0., 1., 0., 0.,
           1., 0.],
          [0., 0., 0., 1., 0., 1., 0., 0., 0., 0., 1., 1., 0., 0., 1., 0., 0.,
           0., 1.],
          [1., 1., 0., 0., 1., 1., 1., 1., 0., 1., 0., 1., 0., 1., 1., 1., 1.,
           0., 1.],
          [0., 0., 0., 0., 1., 0., 0., 0., 1., 1., 1., 1., 0., 0., 1., 0., 0.,
           0., 1.],
          [1., 0., 1., 1., 1., 1., 1., 0., 1., 0., 0., 1., 0., 0., 0., 1., 1.,
           0., 1.],
          [1., 1., 1., 0., 0., 1., 1., 0., 0., 1., 0., 1., 1., 0., 0., 1., 1.,
           0., 1.],
          [0., 1., 0., 0., 0., 1., 1., 0., 1., 0., 0., 1., 1., 0., 1., 1., 0.,
           0., 1.]]]], device='cuda:0'), tensor([[0.1003]], device='cuda:0'))
2026-01-08 17:18:46 - INFO - [ 9.9955350e-01 -4.5541767e-03 -3.1452719e-04  2.0641170e-03
 -3.1452905e-04  2.0641207e-03  9.1964608e-01 -1.4208087e-01]
2026-01-08 17:18:46 - INFO - (tensor([[[[0., 1., 0., 0., 0., 1., 0., 0., 0., 1., 0., 0., 0., 0., 1., 0., 1.,
           1., 1.],
          [0., 1., 0., 1., 1., 1., 1., 1., 1., 1., 1., 0., 0., 1., 1., 1., 0.,
           1., 0.],
          [0., 0., 0., 0., 1., 1., 1., 1., 1., 0., 1., 1., 0., 1., 0., 1., 0.,
           1., 1.],
          [0., 0., 0., 0., 0., 0., 0., 0., 1., 1., 0., 1., 1., 1., 1., 0., 1.,
           0., 1.],
          [1., 1., 0., 1., 0., 1., 0., 1., 0., 0., 1., 0., 1., 1., 1., 1., 1.,
           1., 1.],
          [1., 1., 1., 1., 0., 0., 1., 1., 1., 1., 1., 1., 1., 1., 0., 1., 0.,
           1., 1.],
          [0., 1., 0., 1., 1., 0., 1., 0., 1., 0., 0., 1., 1., 0., 1., 1., 1.,
           0., 0.],
          [0., 0., 0., 0., 0., 0., 0., 1., 0., 1., 1., 1., 0., 0., 0., 0., 1.,
           0., 0.],
          [0., 0., 0., 1., 0., 1., 0., 1., 0., 0., 1., 1., 1., 0., 1., 0., 0.,
           1., 1.],
          [1., 0., 1., 1., 1., 0., 0., 0., 0., 0., 0., 1., 0., 0., 0., 1., 0.,
           0., 1.],
          [0., 0., 0., 0., 0., 1., 1., 1., 0., 0., 0., 1., 0., 0., 1., 0., 1.,
           1., 1.],
          [0., 0., 0., 0., 0., 0., 0., 1., 0., 1., 0., 0., 0., 1., 1., 1., 1.,
           0., 1.],
          [0., 0., 1., 1., 1., 1., 1., 1., 1., 1., 0., 1., 1., 0., 1., 0., 0.,
           1., 0.],
          [0., 0., 0., 1., 0., 1., 0., 0., 0., 0., 1., 1., 0., 0., 1., 0., 0.,
           0., 1.],
          [1., 1., 0., 0., 1., 1., 1., 1., 0., 1., 0., 1., 0., 1., 1., 1., 1.,
           0., 1.],
          [0., 0., 0., 0., 1., 0., 0., 0., 1., 1., 1., 1., 0., 0., 1., 0., 0.,
           0., 1.],
          [1., 0., 1., 1., 1., 1., 1., 0., 1., 0., 0., 1., 0., 0., 0., 1., 1.,
           0., 1.],
          [1., 1., 1., 0., 0., 1., 1., 0., 0., 1., 0., 1., 1., 0., 0., 1., 1.,
           0., 1.],
          [0., 1., 0., 0., 0., 1., 1., 0., 1., 0., 0., 1., 1., 0., 1., 1., 0.,
           0., 1.]]]], device='cuda:0'), tensor([[0.1037]], device='cuda:0'))
2026-01-08 17:18:46 - INFO - [ 9.9954689e-01 -4.7230856e-03 -3.5052095e-04  2.1197130e-03
 -3.5051536e-04  2.1197167e-03  9.1668642e-01 -1.4405757e-01]
2026-01-08 17:18:46 - INFO - (tensor([[[[0., 1., 0., 0., 0., 1., 0., 0., 0., 1., 0., 0., 0., 0., 1., 0., 1.,
           1., 1.],
          [0., 1., 0., 1., 1., 1., 1., 1., 1., 1., 1., 0., 0., 1., 1., 1., 0.,
           1., 0.],
          [0., 0., 0., 0., 1., 1., 1., 1., 1., 0., 1., 1., 0., 1., 0., 1., 0.,
           1., 1.],
          [0., 0., 0., 0., 0., 0., 0., 0., 1., 1., 0., 1., 1., 1., 1., 0., 1.,
           0., 1.],
          [1., 1., 0., 1., 0., 1., 0., 1., 0., 0., 1., 0., 1., 1., 1., 1., 1.,
           1., 1.],
          [1., 1., 1., 1., 0., 0., 1., 1., 1., 1., 1., 1., 1., 1., 0., 1., 0.,
           1., 1.],
          [0., 1., 0., 1., 1., 0., 1., 0., 1., 0., 0., 1., 1., 0., 1., 1., 1.,
           0., 0.],
          [0., 0., 0., 0., 0., 0., 0., 1., 0., 1., 1., 1., 0., 0., 0., 0., 1.,
           0., 0.],
          [0., 0., 0., 1., 0., 1., 0., 1., 0., 0., 1., 1., 1., 0., 1., 0., 0.,
           1., 1.],
          [1., 0., 1., 1., 1., 0., 0., 0., 0., 0., 0., 1., 0., 0., 0., 1., 0.,
           0., 1.],
          [0., 0., 0., 0., 0., 1., 1., 1., 0., 0., 0., 1., 0., 0., 1., 0., 1.,
           1., 1.],
          [0., 0., 0., 0., 0., 0., 0., 1., 0., 1., 0., 0., 0., 1., 1., 1., 1.,
           0., 1.],
          [0., 0., 1., 1., 1., 1., 1., 1., 1., 1., 0., 1., 1., 0., 1., 0., 0.,
           1., 0.],
          [0., 0., 0., 1., 0., 1., 0., 0., 0., 0., 1., 1., 0., 0., 1., 0., 0.,
           0., 1.],
          [1., 1., 0., 0., 1., 1., 1., 1., 0., 1., 0., 1., 0., 1., 1., 1., 1.,
           0., 1.],
          [0., 0., 0., 0., 1., 0., 0., 0., 1., 1., 1., 1., 0., 0., 1., 0., 0.,
           0., 1.],
          [1., 0., 1., 1., 1., 1., 1., 0., 1., 0., 0., 1., 0., 0., 0., 1., 1.,
           0., 1.],
          [1., 1., 1., 0., 0., 1., 1., 0., 0., 1., 0., 1., 1., 0., 0., 1., 1.,
           0., 1.],
          [0., 1., 0., 0., 0., 1., 1., 0., 1., 0., 0., 1., 1., 0., 1., 1., 0.,
           0., 1.]]]], device='cuda:0'), tensor([[0.1070]], device='cuda:0'))
2026-01-08 17:18:46 - INFO - [ 9.9954289e-01 -4.7730142e-03 -3.7973464e-04  2.1131118e-03
 -3.7972160e-04  2.1131155e-03  9.1438144e-01 -1.4538591e-01]
2026-01-08 17:18:46 - INFO - (tensor([[[[0., 1., 0., 0., 0., 1., 0., 0., 0., 1., 0., 0., 0., 0., 1., 0., 1.,
           1., 1.],
          [0., 1., 0., 1., 1., 1., 1., 1., 1., 1., 1., 0., 0., 1., 1., 1., 0.,
           1., 0.],
          [0., 0., 0., 0., 1., 1., 1., 1., 1., 0., 1., 1., 0., 1., 0., 1., 0.,
           1., 1.],
          [0., 0., 0., 0., 0., 0., 0., 0., 1., 1., 0., 1., 1., 1., 1., 0., 1.,
           0., 1.],
          [1., 1., 0., 1., 0., 1., 0., 1., 0., 0., 1., 0., 1., 1., 1., 1., 1.,
           1., 1.],
          [1., 1., 1., 1., 0., 0., 1., 1., 1., 1., 1., 1., 1., 1., 0., 1., 0.,
           1., 1.],
          [0., 1., 0., 1., 1., 0., 1., 0., 1., 0., 0., 1., 1., 0., 1., 1., 1.,
           0., 0.],
          [0., 0., 0., 0., 0., 0., 0., 1., 0., 1., 1., 1., 0., 0., 0., 0., 1.,
           0., 0.],
          [0., 0., 0., 1., 0., 1., 0., 1., 0., 0., 1., 1., 1., 0., 1., 0., 0.,
           1., 1.],
          [1., 0., 1., 1., 1., 0., 0., 0., 0., 0., 0., 1., 0., 0., 0., 1., 0.,
           0., 1.],
          [0., 0., 0., 0., 0., 1., 1., 1., 0., 0., 0., 1., 0., 0., 1., 0., 1.,
           1., 1.],
          [0., 0., 0., 0., 0., 0., 0., 1., 0., 1., 0., 0., 0., 1., 1., 1., 1.,
           0., 1.],
          [0., 0., 1., 1., 1., 1., 1., 1., 1., 1., 0., 1., 1., 0., 1., 0., 0.,
           1., 0.],
          [0., 0., 0., 1., 0., 1., 0., 0., 0., 0., 1., 1., 0., 0., 1., 0., 0.,
           0., 1.],
          [1., 1., 0., 0., 1., 1., 1., 1., 0., 1., 0., 1., 0., 1., 1., 1., 1.,
           0., 1.],
          [0., 0., 0., 0., 1., 0., 0., 0., 1., 1., 1., 1., 0., 0., 1., 0., 0.,
           0., 1.],
          [1., 0., 1., 1., 1., 1., 1., 0., 1., 0., 0., 1., 0., 0., 0., 1., 1.,
           0., 1.],
          [1., 1., 1., 0., 0., 1., 1., 0., 0., 1., 0., 1., 1., 0., 0., 1., 1.,
           0., 1.],
          [0., 1., 0., 0., 0., 1., 1., 0., 1., 0., 0., 1., 1., 0., 1., 1., 0.,
           0., 1.]]]], device='cuda:0'), tensor([[0.1104]], device='cuda:0'))
2026-01-08 17:18:46 - INFO - [ 9.9953395e-01 -4.9730800e-03 -4.2740346e-04  2.1889026e-03
 -4.2739787e-04  2.1889026e-03  9.1036671e-01 -1.4788279e-01]
2026-01-08 17:18:46 - INFO - (tensor([[[[0., 1., 0., 0., 0., 1., 0., 0., 0., 1., 0., 0., 0., 0., 1., 0., 1.,
           1., 1.],
          [0., 1., 0., 1., 1., 1., 1., 1., 1., 1., 1., 0., 0., 1., 1., 1., 0.,
           1., 0.],
          [0., 0., 0., 0., 1., 1., 1., 1., 1., 0., 1., 1., 0., 1., 0., 1., 0.,
           1., 1.],
          [0., 0., 0., 0., 0., 0., 0., 0., 1., 1., 0., 1., 1., 1., 1., 0., 1.,
           0., 1.],
          [1., 1., 0., 1., 0., 1., 0., 1., 0., 0., 1., 0., 1., 1., 1., 1., 1.,
           1., 1.],
          [1., 1., 1., 1., 0., 0., 1., 1., 1., 1., 1., 1., 1., 1., 0., 1., 0.,
           1., 1.],
          [0., 1., 0., 1., 1., 0., 1., 0., 1., 0., 0., 1., 1., 0., 1., 1., 1.,
           0., 0.],
          [0., 0., 0., 0., 0., 0., 0., 1., 0., 1., 1., 1., 0., 0., 0., 0., 1.,
           0., 0.],
          [0., 0., 0., 1., 0., 1., 0., 1., 0., 0., 1., 1., 1., 0., 1., 0., 0.,
           1., 1.],
          [1., 0., 1., 1., 1., 0., 0., 0., 0., 0., 0., 1., 0., 0., 0., 1., 0.,
           0., 1.],
          [0., 0., 0., 0., 0., 1., 1., 1., 0., 0., 0., 1., 0., 0., 1., 0., 1.,
           1., 1.],
          [0., 0., 0., 0., 0., 0., 0., 1., 0., 1., 0., 0., 0., 1., 1., 1., 1.,
           0., 1.],
          [0., 0., 1., 1., 1., 1., 1., 1., 1., 1., 0., 1., 1., 0., 1., 0., 0.,
           1., 0.],
          [0., 0., 0., 1., 0., 1., 0., 0., 0., 0., 1., 1., 0., 0., 1., 0., 0.,
           0., 1.],
          [1., 1., 0., 0., 1., 1., 1., 1., 0., 1., 0., 1., 0., 1., 1., 1., 1.,
           0., 1.],
          [0., 0., 0., 0., 1., 0., 0., 0., 1., 1., 1., 1., 0., 0., 1., 0., 0.,
           0., 1.],
          [1., 0., 1., 1., 1., 1., 1., 0., 1., 0., 0., 1., 0., 0., 0., 1., 1.,
           0., 1.],
          [1., 1., 1., 0., 0., 1., 1., 0., 0., 1., 0., 1., 1., 0., 0., 1., 1.,
           0., 1.],
          [0., 1., 0., 0., 0., 1., 1., 0., 1., 0., 0., 1., 1., 0., 1., 1., 0.,
           0., 1.]]]], device='cuda:0'), tensor([[0.1137]], device='cuda:0'))
2026-01-08 17:18:46 - INFO - [ 9.9952227e-01 -5.1653297e-03 -4.6515555e-04  2.2640673e-03
 -4.6515741e-04  2.2640636e-03  9.0727597e-01 -1.4975145e-01]
2026-01-08 17:18:46 - INFO - (tensor([[[[0., 1., 0., 0., 0., 1., 0., 0., 0., 1., 0., 0., 0., 0., 1., 0., 1.,
           1., 1.],
          [0., 1., 0., 1., 1., 1., 1., 1., 1., 1., 1., 0., 0., 1., 1., 1., 0.,
           1., 0.],
          [0., 0., 0., 0., 1., 1., 1., 1., 1., 0., 1., 1., 0., 1., 0., 1., 0.,
           1., 1.],
          [0., 0., 0., 0., 0., 0., 0., 0., 1., 1., 0., 1., 1., 1., 1., 0., 1.,
           0., 1.],
          [1., 1., 0., 1., 0., 1., 0., 1., 0., 0., 1., 0., 1., 1., 1., 1., 1.,
           1., 1.],
          [1., 1., 1., 1., 0., 0., 1., 1., 1., 1., 1., 1., 1., 1., 0., 1., 0.,
           1., 1.],
          [0., 1., 0., 1., 1., 0., 1., 0., 1., 0., 0., 1., 1., 0., 1., 1., 1.,
           0., 0.],
          [0., 0., 0., 0., 0., 0., 0., 1., 0., 1., 1., 1., 0., 0., 0., 0., 1.,
           0., 0.],
          [0., 0., 0., 1., 0., 1., 0., 1., 0., 0., 1., 1., 1., 0., 1., 0., 0.,
           1., 1.],
          [1., 0., 1., 1., 1., 0., 0., 0., 0., 0., 0., 1., 0., 0., 0., 1., 0.,
           0., 1.],
          [0., 0., 0., 0., 0., 1., 1., 1., 0., 0., 0., 1., 0., 0., 1., 0., 1.,
           1., 1.],
          [0., 0., 0., 0., 0., 0., 0., 1., 0., 1., 0., 0., 0., 1., 1., 1., 1.,
           0., 1.],
          [0., 0., 1., 1., 1., 1., 1., 1., 1., 1., 0., 1., 1., 0., 1., 0., 0.,
           1., 0.],
          [0., 0., 0., 1., 0., 1., 0., 0., 0., 0., 1., 1., 0., 0., 1., 0., 0.,
           0., 1.],
          [1., 1., 0., 0., 1., 1., 1., 1., 0., 1., 0., 1., 0., 1., 1., 1., 1.,
           0., 1.],
          [0., 0., 0., 0., 1., 0., 0., 0., 1., 1., 1., 1., 0., 0., 1., 0., 0.,
           0., 1.],
          [1., 0., 1., 1., 1., 1., 1., 0., 1., 0., 0., 1., 0., 0., 0., 1., 1.,
           0., 1.],
          [1., 1., 1., 0., 0., 1., 1., 0., 0., 1., 0., 1., 1., 0., 0., 1., 1.,
           0., 1.],
          [0., 1., 0., 0., 0., 1., 1., 0., 1., 0., 0., 1., 1., 0., 1., 1., 0.,
           0., 1.]]]], device='cuda:0'), tensor([[0.1171]], device='cuda:0'))
2026-01-08 17:18:46 - INFO - [ 9.9951071e-01 -5.3221676e-03 -4.9488334e-04  2.3306529e-03
 -4.9489265e-04  2.3306529e-03  9.0467471e-01 -1.5124878e-01]
2026-01-08 17:18:46 - INFO - (tensor([[[[0., 1., 0., 0., 0., 1., 0., 0., 0., 1., 0., 0., 0., 0., 1., 0., 1.,
           1., 1.],
          [0., 1., 0., 1., 1., 1., 1., 1., 1., 1., 1., 0., 0., 1., 1., 1., 0.,
           1., 0.],
          [0., 0., 0., 0., 1., 1., 1., 1., 1., 0., 1., 1., 0., 1., 0., 1., 0.,
           1., 1.],
          [0., 0., 0., 0., 0., 0., 0., 0., 1., 1., 0., 1., 1., 1., 1., 0., 1.,
           0., 1.],
          [1., 1., 0., 1., 0., 1., 0., 1., 0., 0., 1., 0., 1., 1., 1., 1., 1.,
           1., 1.],
          [1., 1., 1., 1., 0., 0., 1., 1., 1., 1., 1., 1., 1., 1., 0., 1., 0.,
           1., 1.],
          [0., 1., 0., 1., 1., 0., 1., 0., 1., 0., 0., 1., 1., 0., 1., 1., 1.,
           0., 0.],
          [0., 0., 0., 0., 0., 0., 0., 1., 0., 1., 1., 1., 0., 0., 0., 0., 1.,
           0., 0.],
          [0., 0., 0., 1., 0., 1., 0., 1., 0., 0., 1., 1., 1., 0., 1., 0., 0.,
           1., 1.],
          [1., 0., 1., 1., 1., 0., 0., 0., 0., 0., 0., 1., 0., 0., 0., 1., 0.,
           0., 1.],
          [0., 0., 0., 0., 0., 1., 1., 1., 0., 0., 0., 1., 0., 0., 1., 0., 1.,
           1., 1.],
          [0., 0., 0., 0., 0., 0., 0., 1., 0., 1., 0., 0., 0., 1., 1., 1., 1.,
           0., 1.],
          [0., 0., 1., 1., 1., 1., 1., 1., 1., 1., 0., 1., 1., 0., 1., 0., 0.,
           1., 0.],
          [0., 0., 0., 1., 0., 1., 0., 0., 0., 0., 1., 1., 0., 0., 1., 0., 0.,
           0., 1.],
          [1., 1., 0., 0., 1., 1., 1., 1., 0., 1., 0., 1., 0., 1., 1., 1., 1.,
           0., 1.],
          [0., 0., 0., 0., 1., 0., 0., 0., 1., 1., 1., 1., 0., 0., 1., 0., 0.,
           0., 1.],
          [1., 0., 1., 1., 1., 1., 1., 0., 1., 0., 0., 1., 0., 0., 0., 1., 1.,
           0., 1.],
          [1., 1., 1., 0., 0., 1., 1., 0., 0., 1., 0., 1., 1., 0., 0., 1., 1.,
           0., 1.],
          [0., 1., 0., 0., 0., 1., 1., 0., 1., 0., 0., 1., 1., 0., 1., 1., 0.,
           0., 1.]]]], device='cuda:0'), tensor([[0.1204]], device='cuda:0'))
2026-01-08 17:18:46 - INFO - [ 9.9949908e-01 -5.4633780e-03 -5.2325515e-04  2.3938483e-03
 -5.2326446e-04  2.3938557e-03  9.0214044e-01 -1.5265113e-01]
2026-01-08 17:18:46 - INFO - (tensor([[[[0., 1., 0., 0., 0., 1., 0., 0., 0., 1., 0., 0., 0., 0., 1., 0., 1.,
           1., 1.],
          [0., 1., 0., 1., 1., 1., 1., 1., 1., 1., 1., 0., 0., 1., 1., 1., 0.,
           1., 0.],
          [0., 0., 0., 0., 1., 1., 1., 1., 1., 0., 1., 1., 0., 1., 0., 1., 0.,
           1., 1.],
          [0., 0., 0., 0., 0., 0., 0., 0., 1., 1., 0., 1., 1., 1., 1., 0., 1.,
           0., 1.],
          [1., 1., 0., 1., 0., 1., 0., 1., 0., 0., 1., 0., 1., 1., 1., 1., 1.,
           1., 1.],
          [1., 1., 1., 1., 0., 0., 1., 1., 1., 1., 1., 1., 1., 1., 0., 1., 0.,
           1., 1.],
          [0., 1., 0., 1., 1., 0., 1., 0., 1., 0., 0., 1., 1., 0., 1., 1., 1.,
           0., 0.],
          [0., 0., 0., 0., 0., 0., 0., 1., 0., 1., 1., 1., 0., 0., 0., 0., 1.,
           0., 0.],
          [0., 0., 0., 1., 0., 1., 0., 1., 0., 0., 1., 1., 1., 0., 1., 0., 0.,
           1., 1.],
          [1., 0., 1., 1., 1., 0., 0., 0., 0., 0., 0., 1., 0., 0., 0., 1., 0.,
           0., 1.],
          [0., 0., 0., 0., 0., 1., 1., 1., 0., 0., 0., 1., 0., 0., 1., 0., 1.,
           1., 1.],
          [0., 0., 0., 0., 0., 0., 0., 1., 0., 1., 0., 0., 0., 1., 1., 1., 1.,
           0., 1.],
          [0., 0., 1., 1., 1., 1., 1., 1., 1., 1., 0., 1., 1., 0., 1., 0., 0.,
           1., 0.],
          [0., 0., 0., 1., 0., 1., 0., 0., 0., 0., 1., 1., 0., 0., 1., 0., 0.,
           0., 1.],
          [1., 1., 0., 0., 1., 1., 1., 1., 0., 1., 0., 1., 0., 1., 1., 1., 1.,
           0., 1.],
          [0., 0., 0., 0., 1., 0., 0., 0., 1., 1., 1., 1., 0., 0., 1., 0., 0.,
           0., 1.],
          [1., 0., 1., 1., 1., 1., 1., 0., 1., 0., 0., 1., 0., 0., 0., 1., 1.,
           0., 1.],
          [1., 1., 1., 0., 0., 1., 1., 0., 0., 1., 0., 1., 1., 0., 0., 1., 1.,
           0., 1.],
          [0., 1., 0., 0., 0., 1., 1., 0., 1., 0., 0., 1., 1., 0., 1., 1., 0.,
           0., 1.]]]], device='cuda:0'), tensor([[0.1237]], device='cuda:0'))
2026-01-08 17:18:46 - INFO - [ 9.9948859e-01 -5.5845170e-03 -5.5077759e-04  2.4474177e-03
 -5.5076455e-04  2.4474252e-03  8.9978296e-01 -1.5389913e-01]
2026-01-08 17:18:46 - INFO - (tensor([[[[0., 1., 0., 0., 0., 1., 0., 0., 0., 1., 0., 0., 0., 0., 1., 0., 1.,
           1., 1.],
          [0., 1., 0., 1., 1., 1., 1., 1., 1., 1., 1., 0., 0., 1., 1., 1., 0.,
           1., 0.],
          [0., 0., 0., 0., 1., 1., 1., 1., 1., 0., 1., 1., 0., 1., 0., 1., 0.,
           1., 1.],
          [0., 0., 0., 0., 0., 0., 0., 0., 1., 1., 0., 1., 1., 1., 1., 0., 1.,
           0., 1.],
          [1., 1., 0., 1., 0., 1., 0., 1., 0., 0., 1., 0., 1., 1., 1., 1., 1.,
           1., 1.],
          [1., 1., 1., 1., 0., 0., 1., 1., 1., 1., 1., 1., 1., 1., 0., 1., 0.,
           1., 1.],
          [0., 1., 0., 1., 1., 0., 1., 0., 1., 0., 0., 1., 1., 0., 1., 1., 1.,
           0., 0.],
          [0., 0., 0., 0., 0., 0., 0., 1., 0., 1., 1., 1., 0., 0., 0., 0., 1.,
           0., 0.],
          [0., 0., 0., 1., 0., 1., 0., 1., 0., 0., 1., 1., 1., 0., 1., 0., 0.,
           1., 1.],
          [1., 0., 1., 1., 1., 0., 0., 0., 0., 0., 0., 1., 0., 0., 0., 1., 0.,
           0., 1.],
          [0., 0., 0., 0., 0., 1., 1., 1., 0., 0., 0., 1., 0., 0., 1., 0., 1.,
           1., 1.],
          [0., 0., 0., 0., 0., 0., 0., 1., 0., 1., 0., 0., 0., 1., 1., 1., 1.,
           0., 1.],
          [0., 0., 1., 1., 1., 1., 1., 1., 1., 1., 0., 1., 1., 0., 1., 0., 0.,
           1., 0.],
          [0., 0., 0., 1., 0., 1., 0., 0., 0., 0., 1., 1., 0., 0., 1., 0., 0.,
           0., 1.],
          [1., 1., 0., 0., 1., 1., 1., 1., 0., 1., 0., 1., 0., 1., 1., 1., 1.,
           0., 1.],
          [0., 0., 0., 0., 1., 0., 0., 0., 1., 1., 1., 1., 0., 0., 1., 0., 0.,
           0., 1.],
          [1., 0., 1., 1., 1., 1., 1., 0., 1., 0., 0., 1., 0., 0., 0., 1., 1.,
           0., 1.],
          [1., 1., 1., 0., 0., 1., 1., 0., 0., 1., 0., 1., 1., 0., 0., 1., 1.,
           0., 1.],
          [0., 1., 0., 0., 0., 1., 1., 0., 1., 0., 0., 1., 1., 0., 1., 1., 0.,
           0., 1.]]]], device='cuda:0'), tensor([[0.1271]], device='cuda:0'))
2026-01-08 17:18:46 - INFO - [ 9.9947971e-01 -5.6706206e-03 -5.7144550e-04  2.5034049e-03
 -5.7143992e-04  2.5034049e-03  8.9782661e-01 -1.5490198e-01]
2026-01-08 17:18:46 - INFO - (tensor([[[[0., 1., 0., 0., 0., 1., 0., 0., 0., 1., 0., 0., 0., 0., 1., 0., 1.,
           1., 1.],
          [0., 1., 0., 1., 1., 1., 1., 1., 1., 1., 1., 0., 0., 1., 1., 1., 0.,
           1., 0.],
          [0., 0., 0., 0., 1., 1., 1., 1., 1., 0., 1., 1., 0., 1., 0., 1., 0.,
           1., 1.],
          [0., 0., 0., 0., 0., 0., 0., 0., 1., 1., 0., 1., 1., 1., 1., 0., 1.,
           0., 1.],
          [1., 1., 0., 1., 0., 1., 0., 1., 0., 0., 1., 0., 1., 1., 1., 1., 1.,
           1., 1.],
          [1., 1., 1., 1., 0., 0., 1., 1., 1., 1., 1., 1., 1., 1., 0., 1., 0.,
           1., 1.],
          [0., 1., 0., 1., 1., 0., 1., 0., 1., 0., 0., 1., 1., 0., 1., 1., 1.,
           0., 0.],
          [0., 0., 0., 0., 0., 0., 0., 1., 0., 1., 1., 1., 0., 0., 0., 0., 1.,
           0., 0.],
          [0., 0., 0., 1., 0., 1., 0., 1., 0., 0., 1., 1., 1., 0., 1., 0., 0.,
           1., 1.],
          [1., 0., 1., 1., 1., 0., 0., 0., 0., 0., 0., 1., 0., 0., 0., 1., 0.,
           0., 1.],
          [0., 0., 0., 0., 0., 1., 1., 1., 0., 0., 0., 1., 0., 0., 1., 0., 1.,
           1., 1.],
          [0., 0., 0., 0., 0., 0., 0., 1., 0., 1., 0., 0., 0., 1., 1., 1., 1.,
           0., 1.],
          [0., 0., 1., 1., 1., 1., 1., 1., 1., 1., 0., 1., 1., 0., 1., 0., 0.,
           1., 0.],
          [0., 0., 0., 1., 0., 1., 0., 0., 0., 0., 1., 1., 0., 0., 1., 0., 0.,
           0., 1.],
          [1., 1., 0., 0., 1., 1., 1., 1., 0., 1., 0., 1., 0., 1., 1., 1., 1.,
           0., 1.],
          [0., 0., 0., 0., 1., 0., 0., 0., 1., 1., 1., 1., 0., 0., 1., 0., 0.,
           0., 1.],
          [1., 0., 1., 1., 1., 1., 1., 0., 1., 0., 0., 1., 0., 0., 0., 1., 1.,
           0., 1.],
          [1., 1., 1., 0., 0., 1., 1., 0., 0., 1., 0., 1., 1., 0., 0., 1., 1.,
           0., 1.],
          [0., 1., 0., 0., 0., 1., 1., 0., 1., 0., 0., 1., 1., 0., 1., 1., 0.,
           0., 1.]]]], device='cuda:0'), tensor([[0.1304]], device='cuda:0'))
2026-01-08 17:18:46 - INFO - [ 9.9946302e-01 -5.9598126e-03 -6.0282735e-04  2.6607004e-03
 -6.0281431e-04  2.6606966e-03  8.9441091e-01 -1.5693156e-01]
2026-01-08 17:18:46 - INFO - (tensor([[[[0., 1., 0., 0., 0., 1., 0., 0., 0., 1., 0., 0., 0., 0., 1., 0., 1.,
           1., 1.],
          [0., 1., 0., 1., 1., 1., 1., 1., 1., 1., 1., 0., 0., 1., 1., 1., 0.,
           1., 0.],
          [0., 0., 0., 0., 1., 1., 1., 1., 1., 0., 1., 1., 0., 1., 0., 1., 0.,
           1., 1.],
          [0., 0., 0., 0., 0., 0., 0., 0., 1., 1., 0., 1., 1., 1., 1., 0., 1.,
           0., 1.],
          [1., 1., 0., 1., 0., 1., 0., 1., 0., 0., 1., 0., 1., 1., 1., 1., 1.,
           1., 1.],
          [1., 1., 1., 1., 0., 0., 1., 1., 1., 1., 1., 1., 1., 1., 0., 1., 0.,
           1., 1.],
          [0., 1., 0., 1., 1., 0., 1., 0., 1., 0., 0., 1., 1., 0., 1., 1., 1.,
           0., 0.],
          [0., 0., 0., 0., 0., 0., 0., 1., 0., 1., 1., 1., 0., 0., 0., 0., 1.,
           0., 0.],
          [0., 0., 0., 1., 0., 1., 0., 1., 0., 0., 1., 1., 1., 0., 1., 0., 0.,
           1., 1.],
          [1., 0., 1., 1., 1., 0., 0., 0., 0., 0., 0., 1., 0., 0., 0., 1., 0.,
           0., 1.],
          [0., 0., 0., 0., 0., 1., 1., 1., 0., 0., 0., 1., 0., 0., 1., 0., 1.,
           1., 1.],
          [0., 0., 0., 0., 0., 0., 0., 1., 0., 1., 0., 0., 0., 1., 1., 1., 1.,
           0., 1.],
          [0., 0., 1., 1., 1., 1., 1., 1., 1., 1., 0., 1., 1., 0., 1., 0., 0.,
           1., 0.],
          [0., 0., 0., 1., 0., 1., 0., 0., 0., 0., 1., 1., 0., 0., 1., 0., 0.,
           0., 1.],
          [1., 1., 0., 0., 1., 1., 1., 1., 0., 1., 0., 1., 0., 1., 1., 1., 1.,
           0., 1.],
          [0., 0., 0., 0., 1., 0., 0., 0., 1., 1., 1., 1., 0., 0., 1., 0., 0.,
           0., 1.],
          [1., 0., 1., 1., 1., 1., 1., 0., 1., 0., 0., 1., 0., 0., 0., 1., 1.,
           0., 1.],
          [1., 1., 1., 0., 0., 1., 1., 0., 0., 1., 0., 1., 1., 0., 0., 1., 1.,
           0., 1.],
          [0., 1., 0., 0., 0., 1., 1., 0., 1., 0., 0., 1., 1., 0., 1., 1., 0.,
           0., 1.]]]], device='cuda:0'), tensor([[0.1338]], device='cuda:0'))
2026-01-08 17:18:46 - INFO - [ 9.9945045e-01 -6.1498443e-03 -6.4143620e-04  2.7722160e-03
 -6.4143806e-04  2.7722160e-03  8.9187241e-01 -1.5834326e-01]
2026-01-08 17:18:46 - INFO - (tensor([[[[0., 1., 0., 0., 0., 1., 0., 0., 0., 1., 0., 0., 0., 0., 1., 0., 1.,
           1., 1.],
          [0., 1., 0., 1., 1., 1., 1., 1., 1., 1., 1., 0., 0., 1., 1., 1., 0.,
           1., 0.],
          [0., 0., 0., 0., 1., 1., 1., 1., 1., 0., 1., 1., 0., 1., 0., 1., 0.,
           1., 1.],
          [0., 0., 0., 0., 0., 0., 0., 0., 1., 1., 0., 1., 1., 1., 1., 0., 1.,
           0., 1.],
          [1., 1., 0., 1., 0., 1., 0., 1., 0., 0., 1., 0., 1., 1., 1., 1., 1.,
           1., 1.],
          [1., 1., 1., 1., 0., 0., 1., 1., 1., 1., 1., 1., 1., 1., 0., 1., 0.,
           1., 1.],
          [0., 1., 0., 1., 1., 0., 1., 0., 1., 0., 0., 1., 1., 0., 1., 1., 1.,
           0., 0.],
          [0., 0., 0., 0., 0., 0., 0., 1., 0., 1., 1., 1., 0., 0., 0., 0., 1.,
           0., 0.],
          [0., 0., 0., 1., 0., 1., 0., 1., 0., 0., 1., 1., 1., 0., 1., 0., 0.,
           1., 1.],
          [1., 0., 1., 1., 1., 0., 0., 0., 0., 0., 0., 1., 0., 0., 0., 1., 0.,
           0., 1.],
          [0., 0., 0., 0., 0., 1., 1., 1., 0., 0., 0., 1., 0., 0., 1., 0., 1.,
           1., 1.],
          [0., 0., 0., 0., 0., 0., 0., 1., 0., 1., 0., 0., 0., 1., 1., 1., 1.,
           0., 1.],
          [0., 0., 1., 1., 1., 1., 1., 1., 1., 1., 0., 1., 1., 0., 1., 0., 0.,
           1., 0.],
          [0., 0., 0., 1., 0., 1., 0., 0., 0., 0., 1., 1., 0., 0., 1., 0., 0.,
           0., 1.],
          [1., 1., 0., 0., 1., 1., 1., 1., 0., 1., 0., 1., 0., 1., 1., 1., 1.,
           0., 1.],
          [0., 0., 0., 0., 1., 0., 0., 0., 1., 1., 1., 1., 0., 0., 1., 0., 0.,
           0., 1.],
          [1., 0., 1., 1., 1., 1., 1., 0., 1., 0., 0., 1., 0., 0., 0., 1., 1.,
           0., 1.],
          [1., 1., 1., 0., 0., 1., 1., 0., 0., 1., 0., 1., 1., 0., 0., 1., 1.,
           0., 1.],
          [0., 1., 0., 0., 0., 1., 1., 0., 1., 0., 0., 1., 1., 0., 1., 1., 0.,
           0., 1.]]]], device='cuda:0'), tensor([[0.1371]], device='cuda:0'))
2026-01-08 17:18:46 - INFO - [ 9.9943936e-01 -6.3013160e-03 -6.8337552e-04  2.8341000e-03
 -6.8337738e-04  2.8341038e-03  8.8977027e-01 -1.5952177e-01]
2026-01-08 17:18:46 - INFO - (tensor([[[[0., 1., 0., 0., 0., 1., 0., 0., 0., 1., 0., 0., 0., 0., 1., 0., 1.,
           1., 1.],
          [0., 1., 0., 1., 1., 1., 1., 1., 1., 1., 1., 0., 0., 1., 1., 1., 0.,
           1., 0.],
          [0., 0., 0., 0., 1., 1., 1., 1., 1., 0., 1., 1., 0., 1., 0., 1., 0.,
           1., 1.],
          [0., 0., 0., 0., 0., 0., 0., 0., 1., 1., 0., 1., 1., 1., 1., 0., 1.,
           0., 1.],
          [1., 1., 0., 1., 0., 1., 0., 1., 0., 0., 1., 0., 1., 1., 1., 1., 1.,
           1., 1.],
          [1., 1., 1., 1., 0., 0., 1., 1., 1., 1., 1., 1., 1., 1., 0., 1., 0.,
           1., 1.],
          [0., 1., 0., 1., 1., 0., 1., 0., 1., 0., 0., 1., 1., 0., 1., 1., 1.,
           0., 0.],
          [0., 0., 0., 0., 0., 0., 0., 1., 0., 1., 1., 1., 0., 0., 0., 0., 1.,
           0., 0.],
          [0., 0., 0., 1., 0., 1., 0., 1., 0., 0., 1., 1., 1., 0., 1., 0., 0.,
           1., 1.],
          [1., 0., 1., 1., 1., 0., 0., 0., 0., 0., 0., 1., 0., 0., 0., 1., 0.,
           0., 1.],
          [0., 0., 0., 0., 0., 1., 1., 1., 0., 0., 0., 1., 0., 0., 1., 0., 1.,
           1., 1.],
          [0., 0., 0., 0., 0., 0., 0., 1., 0., 1., 0., 0., 0., 1., 1., 1., 1.,
           0., 1.],
          [0., 0., 1., 1., 1., 1., 1., 1., 1., 1., 0., 1., 1., 0., 1., 0., 0.,
           1., 0.],
          [0., 0., 0., 1., 0., 1., 0., 0., 0., 0., 1., 1., 0., 0., 1., 0., 0.,
           0., 1.],
          [1., 1., 0., 0., 1., 1., 1., 1., 0., 1., 0., 1., 0., 1., 1., 1., 1.,
           0., 1.],
          [0., 0., 0., 0., 1., 0., 0., 0., 1., 1., 1., 1., 0., 0., 1., 0., 0.,
           0., 1.],
          [1., 0., 1., 1., 1., 1., 1., 0., 1., 0., 0., 1., 0., 0., 0., 1., 1.,
           0., 1.],
          [1., 1., 1., 0., 0., 1., 1., 0., 0., 1., 0., 1., 1., 0., 0., 1., 1.,
           0., 1.],
          [0., 1., 0., 0., 0., 1., 1., 0., 1., 0., 0., 1., 1., 0., 1., 1., 0.,
           0., 1.]]]], device='cuda:0'), tensor([[0.1405]], device='cuda:0'))
2026-01-08 17:18:46 - INFO - [ 9.9942929e-01 -6.5049096e-03 -7.0951961e-04  2.9064484e-03
 -7.0951402e-04  2.9064484e-03  8.8785082e-01 -1.6075099e-01]
2026-01-08 17:18:46 - INFO - (tensor([[[[0., 1., 0., 0., 0., 1., 0., 0., 0., 1., 0., 0., 0., 0., 1., 0., 1.,
           1., 1.],
          [0., 1., 0., 1., 1., 1., 1., 1., 1., 1., 1., 0., 0., 1., 1., 1., 0.,
           1., 0.],
          [0., 0., 0., 0., 1., 1., 1., 1., 1., 0., 1., 1., 0., 1., 0., 1., 0.,
           1., 1.],
          [0., 0., 0., 0., 0., 0., 0., 0., 1., 1., 0., 1., 1., 1., 1., 0., 1.,
           0., 1.],
          [1., 1., 0., 1., 0., 1., 0., 1., 0., 0., 1., 0., 1., 1., 1., 1., 1.,
           1., 1.],
          [1., 1., 1., 1., 0., 0., 1., 1., 1., 1., 1., 1., 1., 1., 0., 1., 0.,
           1., 1.],
          [0., 1., 0., 1., 1., 0., 1., 0., 1., 0., 0., 1., 1., 0., 1., 1., 1.,
           0., 0.],
          [0., 0., 0., 0., 0., 0., 0., 1., 0., 1., 1., 1., 0., 0., 0., 0., 1.,
           0., 0.],
          [0., 0., 0., 1., 0., 1., 0., 1., 0., 0., 1., 1., 1., 0., 1., 0., 0.,
           1., 1.],
          [1., 0., 1., 1., 1., 0., 0., 0., 0., 0., 0., 1., 0., 0., 0., 1., 0.,
           0., 1.],
          [0., 0., 0., 0., 0., 1., 1., 1., 0., 0., 0., 1., 0., 0., 1., 0., 1.,
           1., 1.],
          [0., 0., 0., 0., 0., 0., 0., 1., 0., 1., 0., 0., 0., 1., 1., 1., 1.,
           0., 1.],
          [0., 0., 1., 1., 1., 1., 1., 1., 1., 1., 0., 1., 1., 0., 1., 0., 0.,
           1., 0.],
          [0., 0., 0., 1., 0., 1., 0., 0., 0., 0., 1., 1., 0., 0., 1., 0., 0.,
           0., 1.],
          [1., 1., 0., 0., 1., 1., 1., 1., 0., 1., 0., 1., 0., 1., 1., 1., 1.,
           0., 1.],
          [0., 0., 0., 0., 1., 0., 0., 0., 1., 1., 1., 1., 0., 0., 1., 0., 0.,
           0., 1.],
          [1., 0., 1., 1., 1., 1., 1., 0., 1., 0., 0., 1., 0., 0., 0., 1., 1.,
           0., 1.],
          [1., 1., 1., 0., 0., 1., 1., 0., 0., 1., 0., 1., 1., 0., 0., 1., 1.,
           0., 1.],
          [0., 1., 0., 0., 0., 1., 1., 0., 1., 0., 0., 1., 1., 0., 1., 1., 0.,
           0., 1.]]]], device='cuda:0'), tensor([[0.1438]], device='cuda:0'))
2026-01-08 17:18:46 - INFO - [ 9.9941486e-01 -6.7248410e-03 -7.2114251e-04  3.0139482e-03
 -7.2112947e-04  3.0139519e-03  8.8526255e-01 -1.6232650e-01]
2026-01-08 17:18:46 - INFO - (tensor([[[[0., 1., 0., 0., 0., 1., 0., 0., 0., 1., 0., 0., 0., 0., 1., 0., 1.,
           1., 1.],
          [0., 1., 0., 1., 1., 1., 1., 1., 1., 1., 1., 0., 0., 1., 1., 1., 0.,
           1., 0.],
          [0., 0., 0., 0., 1., 1., 1., 1., 1., 0., 1., 1., 0., 1., 0., 1., 0.,
           1., 1.],
          [0., 0., 0., 0., 0., 0., 0., 0., 1., 1., 0., 1., 1., 1., 1., 0., 1.,
           0., 1.],
          [1., 1., 0., 1., 0., 1., 0., 1., 0., 0., 1., 0., 1., 1., 1., 1., 1.,
           1., 1.],
          [1., 1., 1., 1., 0., 0., 1., 1., 1., 1., 1., 1., 1., 1., 0., 1., 0.,
           1., 1.],
          [0., 1., 0., 1., 1., 0., 1., 0., 1., 0., 0., 1., 1., 0., 1., 1., 1.,
           0., 0.],
          [0., 0., 0., 0., 0., 0., 0., 1., 0., 1., 1., 1., 0., 0., 0., 0., 1.,
           0., 0.],
          [0., 0., 0., 1., 0., 1., 0., 1., 0., 0., 1., 1., 1., 0., 1., 0., 0.,
           1., 1.],
          [1., 0., 1., 1., 1., 0., 0., 0., 0., 0., 0., 1., 0., 0., 0., 1., 0.,
           0., 1.],
          [0., 0., 0., 0., 0., 1., 1., 1., 0., 0., 0., 1., 0., 0., 1., 0., 1.,
           1., 1.],
          [0., 0., 0., 0., 0., 0., 0., 1., 0., 1., 0., 0., 0., 1., 1., 1., 1.,
           0., 1.],
          [0., 0., 1., 1., 1., 1., 1., 1., 1., 1., 0., 1., 1., 0., 1., 0., 0.,
           1., 0.],
          [0., 0., 0., 1., 0., 1., 0., 0., 0., 0., 1., 1., 0., 0., 1., 0., 0.,
           0., 1.],
          [1., 1., 0., 0., 1., 1., 1., 1., 0., 1., 0., 1., 0., 1., 1., 1., 1.,
           0., 1.],
          [0., 0., 0., 0., 1., 0., 0., 0., 1., 1., 1., 1., 0., 0., 1., 0., 0.,
           0., 1.],
          [1., 0., 1., 1., 1., 1., 1., 0., 1., 0., 0., 1., 0., 0., 0., 1., 1.,
           0., 1.],
          [1., 1., 1., 0., 0., 1., 1., 0., 0., 1., 0., 1., 1., 0., 0., 1., 1.,
           0., 1.],
          [0., 1., 0., 0., 0., 1., 1., 0., 1., 0., 0., 1., 1., 0., 1., 1., 0.,
           0., 1.]]]], device='cuda:0'), tensor([[0.1472]], device='cuda:0'))
2026-01-08 17:18:46 - INFO - [ 9.9940044e-01 -6.9363308e-03 -7.3064200e-04  3.1196636e-03
 -7.3064386e-04  3.1196598e-03  8.8271868e-01 -1.6385032e-01]
2026-01-08 17:18:46 - INFO - (tensor([[[[0., 1., 0., 0., 0., 1., 0., 0., 0., 1., 0., 0., 0., 0., 1., 0., 1.,
           1., 1.],
          [0., 1., 0., 1., 1., 1., 1., 1., 1., 1., 1., 0., 0., 1., 1., 1., 0.,
           1., 0.],
          [0., 0., 0., 0., 1., 1., 1., 1., 1., 0., 1., 1., 0., 1., 0., 1., 0.,
           1., 1.],
          [0., 0., 0., 0., 0., 0., 0., 0., 1., 1., 0., 1., 1., 1., 1., 0., 1.,
           0., 1.],
          [1., 1., 0., 1., 0., 1., 0., 1., 0., 0., 1., 0., 1., 1., 1., 1., 1.,
           1., 1.],
          [1., 1., 1., 1., 0., 0., 1., 1., 1., 1., 1., 1., 1., 1., 0., 1., 0.,
           1., 1.],
          [0., 1., 0., 1., 1., 0., 1., 0., 1., 0., 0., 1., 1., 0., 1., 1., 1.,
           0., 0.],
          [0., 0., 0., 0., 0., 0., 0., 1., 0., 1., 1., 1., 0., 0., 0., 0., 1.,
           0., 0.],
          [0., 0., 0., 1., 0., 1., 0., 1., 0., 0., 1., 1., 1., 0., 1., 0., 0.,
           1., 1.],
          [1., 0., 1., 1., 1., 0., 0., 0., 0., 0., 0., 1., 0., 0., 0., 1., 0.,
           0., 1.],
          [0., 0., 0., 0., 0., 1., 1., 1., 0., 0., 0., 1., 0., 0., 1., 0., 1.,
           1., 1.],
          [0., 0., 0., 0., 0., 0., 0., 1., 0., 1., 0., 0., 0., 1., 1., 1., 1.,
           0., 1.],
          [0., 0., 1., 1., 1., 1., 1., 1., 1., 1., 0., 1., 1., 0., 1., 0., 0.,
           1., 0.],
          [0., 0., 0., 1., 0., 1., 0., 0., 0., 0., 1., 1., 0., 0., 1., 0., 0.,
           0., 1.],
          [1., 1., 0., 0., 1., 1., 1., 1., 0., 1., 0., 1., 0., 1., 1., 1., 1.,
           0., 1.],
          [0., 0., 0., 0., 1., 0., 0., 0., 1., 1., 1., 1., 0., 0., 1., 0., 0.,
           0., 1.],
          [1., 0., 1., 1., 1., 1., 1., 0., 1., 0., 0., 1., 0., 0., 0., 1., 1.,
           0., 1.],
          [1., 1., 1., 0., 0., 1., 1., 0., 0., 1., 0., 1., 1., 0., 0., 1., 1.,
           0., 1.],
          [0., 1., 0., 0., 0., 1., 1., 0., 1., 0., 0., 1., 1., 0., 1., 1., 0.,
           0., 1.]]]], device='cuda:0'), tensor([[0.1505]], device='cuda:0'))
2026-01-08 17:18:46 - INFO - [ 9.9938941e-01 -7.0978254e-03 -7.3310814e-04  3.2087492e-03
 -7.3311001e-04  3.2087530e-03  8.8065529e-01 -1.6508608e-01]
2026-01-08 17:18:46 - INFO - (tensor([[[[0., 1., 0., 0., 0., 1., 0., 0., 0., 1., 0., 0., 0., 0., 1., 0., 1.,
           1., 1.],
          [0., 1., 0., 1., 1., 1., 1., 1., 1., 1., 1., 0., 0., 1., 1., 1., 0.,
           1., 0.],
          [0., 0., 0., 0., 1., 1., 1., 1., 1., 0., 1., 1., 0., 1., 0., 1., 0.,
           1., 1.],
          [0., 0., 0., 0., 0., 0., 0., 0., 1., 1., 0., 1., 1., 1., 1., 0., 1.,
           0., 1.],
          [1., 1., 0., 1., 0., 1., 0., 1., 0., 0., 1., 0., 1., 1., 1., 1., 1.,
           1., 1.],
          [1., 1., 1., 1., 0., 0., 1., 1., 1., 1., 1., 1., 1., 1., 0., 1., 0.,
           1., 1.],
          [0., 1., 0., 1., 1., 0., 1., 0., 1., 0., 0., 1., 1., 0., 1., 1., 1.,
           0., 0.],
          [0., 0., 0., 0., 0., 0., 0., 1., 0., 1., 1., 1., 0., 0., 0., 0., 1.,
           0., 0.],
          [0., 0., 0., 1., 0., 1., 0., 1., 0., 0., 1., 1., 1., 0., 1., 0., 0.,
           1., 1.],
          [1., 0., 1., 1., 1., 0., 0., 0., 0., 0., 0., 1., 0., 0., 0., 1., 0.,
           0., 1.],
          [0., 0., 0., 0., 0., 1., 1., 1., 0., 0., 0., 1., 0., 0., 1., 0., 1.,
           1., 1.],
          [0., 0., 0., 0., 0., 0., 0., 1., 0., 1., 0., 0., 0., 1., 1., 1., 1.,
           0., 1.],
          [0., 0., 1., 1., 1., 1., 1., 1., 1., 1., 0., 1., 1., 0., 1., 0., 0.,
           1., 0.],
          [0., 0., 0., 1., 0., 1., 0., 0., 0., 0., 1., 1., 0., 0., 1., 0., 0.,
           0., 1.],
          [1., 1., 0., 0., 1., 1., 1., 1., 0., 1., 0., 1., 0., 1., 1., 1., 1.,
           0., 1.],
          [0., 0., 0., 0., 1., 0., 0., 0., 1., 1., 1., 1., 0., 0., 1., 0., 0.,
           0., 1.],
          [1., 0., 1., 1., 1., 1., 1., 0., 1., 0., 0., 1., 0., 0., 0., 1., 1.,
           0., 1.],
          [1., 1., 1., 0., 0., 1., 1., 0., 0., 1., 0., 1., 1., 0., 0., 1., 1.,
           0., 1.],
          [0., 1., 0., 0., 0., 1., 1., 0., 1., 0., 0., 1., 1., 0., 1., 1., 0.,
           0., 1.]]]], device='cuda:0'), tensor([[0.1538]], device='cuda:0'))
2026-01-08 17:18:46 - INFO - [ 9.9937922e-01 -7.2595952e-03 -7.3930703e-04  3.3037206e-03
 -7.3932379e-04  3.3037132e-03  8.7852532e-01 -1.6634938e-01]
2026-01-08 17:18:46 - INFO - (tensor([[[[0., 1., 0., 0., 0., 1., 0., 0., 0., 1., 0., 0., 0., 0., 1., 0., 1.,
           1., 1.],
          [0., 1., 0., 1., 1., 1., 1., 1., 1., 1., 1., 0., 0., 1., 1., 1., 0.,
           1., 0.],
          [0., 0., 0., 0., 1., 1., 1., 1., 1., 0., 1., 1., 0., 1., 0., 1., 0.,
           1., 1.],
          [0., 0., 0., 0., 0., 0., 0., 0., 1., 1., 0., 1., 1., 1., 1., 0., 1.,
           0., 1.],
          [1., 1., 0., 1., 0., 1., 0., 1., 0., 0., 1., 0., 1., 1., 1., 1., 1.,
           1., 1.],
          [1., 1., 1., 1., 0., 0., 1., 1., 1., 1., 1., 1., 1., 1., 0., 1., 0.,
           1., 1.],
          [0., 1., 0., 1., 1., 0., 1., 0., 1., 0., 0., 1., 1., 0., 1., 1., 1.,
           0., 0.],
          [0., 0., 0., 0., 0., 0., 0., 1., 0., 1., 1., 1., 0., 0., 0., 0., 1.,
           0., 0.],
          [0., 0., 0., 1., 0., 1., 0., 1., 0., 0., 1., 1., 1., 0., 1., 0., 0.,
           1., 1.],
          [1., 0., 1., 1., 1., 0., 0., 0., 0., 0., 0., 1., 0., 0., 0., 1., 0.,
           0., 1.],
          [0., 0., 0., 0., 0., 1., 1., 1., 0., 0., 0., 1., 0., 0., 1., 0., 1.,
           1., 1.],
          [0., 0., 0., 0., 0., 0., 0., 1., 0., 1., 0., 0., 0., 1., 1., 1., 1.,
           0., 1.],
          [0., 0., 1., 1., 1., 1., 1., 1., 1., 1., 0., 1., 1., 0., 1., 0., 0.,
           1., 0.],
          [0., 0., 0., 1., 0., 1., 0., 0., 0., 0., 1., 1., 0., 0., 1., 0., 0.,
           0., 1.],
          [1., 1., 0., 0., 1., 1., 1., 1., 0., 1., 0., 1., 0., 1., 1., 1., 1.,
           0., 1.],
          [0., 0., 0., 0., 1., 0., 0., 0., 1., 1., 1., 1., 0., 0., 1., 0., 0.,
           0., 1.],
          [1., 0., 1., 1., 1., 1., 1., 0., 1., 0., 0., 1., 0., 0., 0., 1., 1.,
           0., 1.],
          [1., 1., 1., 0., 0., 1., 1., 0., 0., 1., 0., 1., 1., 0., 0., 1., 1.,
           0., 1.],
          [0., 1., 0., 0., 0., 1., 1., 0., 1., 0., 0., 1., 1., 0., 1., 1., 0.,
           0., 1.]]]], device='cuda:0'), tensor([[0.1572]], device='cuda:0'))
2026-01-08 17:18:46 - INFO - [ 9.9937034e-01 -7.3934975e-03 -7.4149750e-04  3.3920463e-03
 -7.4151426e-04  3.3920463e-03  8.7652206e-01 -1.6751400e-01]
2026-01-08 17:18:46 - INFO - (tensor([[[[0., 1., 0., 0., 0., 1., 0., 0., 0., 1., 0., 0., 0., 0., 1., 0., 1.,
           1., 1.],
          [0., 1., 0., 1., 1., 1., 1., 1., 1., 1., 1., 0., 0., 1., 1., 1., 0.,
           1., 0.],
          [0., 0., 0., 0., 1., 1., 1., 1., 1., 0., 1., 1., 0., 1., 0., 1., 0.,
           1., 1.],
          [0., 0., 0., 0., 0., 0., 0., 0., 1., 1., 0., 1., 1., 1., 1., 0., 1.,
           0., 1.],
          [1., 1., 0., 1., 0., 1., 0., 1., 0., 0., 1., 0., 1., 1., 1., 1., 1.,
           1., 1.],
          [1., 1., 1., 1., 0., 0., 1., 1., 1., 1., 1., 1., 1., 1., 0., 1., 0.,
           1., 1.],
          [0., 1., 0., 1., 1., 0., 1., 0., 1., 0., 0., 1., 1., 0., 1., 1., 1.,
           0., 0.],
          [0., 0., 0., 0., 0., 0., 0., 1., 0., 1., 1., 1., 0., 0., 0., 0., 1.,
           0., 0.],
          [0., 0., 0., 1., 0., 1., 0., 1., 0., 0., 1., 1., 1., 0., 1., 0., 0.,
           1., 1.],
          [1., 0., 1., 1., 1., 0., 0., 0., 0., 0., 0., 1., 0., 0., 0., 1., 0.,
           0., 1.],
          [0., 0., 0., 0., 0., 1., 1., 1., 0., 0., 0., 1., 0., 0., 1., 0., 1.,
           1., 1.],
          [0., 0., 0., 0., 0., 0., 0., 1., 0., 1., 0., 0., 0., 1., 1., 1., 1.,
           0., 1.],
          [0., 0., 1., 1., 1., 1., 1., 1., 1., 1., 0., 1., 1., 0., 1., 0., 0.,
           1., 0.],
          [0., 0., 0., 1., 0., 1., 0., 0., 0., 0., 1., 1., 0., 0., 1., 0., 0.,
           0., 1.],
          [1., 1., 0., 0., 1., 1., 1., 1., 0., 1., 0., 1., 0., 1., 1., 1., 1.,
           0., 1.],
          [0., 0., 0., 0., 1., 0., 0., 0., 1., 1., 1., 1., 0., 0., 1., 0., 0.,
           0., 1.],
          [1., 0., 1., 1., 1., 1., 1., 0., 1., 0., 0., 1., 0., 0., 0., 1., 1.,
           0., 1.],
          [1., 1., 1., 0., 0., 1., 1., 0., 0., 1., 0., 1., 1., 0., 0., 1., 1.,
           0., 1.],
          [0., 1., 0., 0., 0., 1., 1., 0., 1., 0., 0., 1., 1., 0., 1., 1., 0.,
           0., 1.]]]], device='cuda:0'), tensor([[0.1605]], device='cuda:0'))
2026-01-08 17:18:46 - INFO - [ 9.9936473e-01 -7.4982578e-03 -7.4042461e-04  3.4681009e-03
 -7.4041157e-04  3.4681046e-03  8.7486559e-01 -1.6846174e-01]
2026-01-08 17:18:46 - INFO - (tensor([[[[0., 1., 0., 0., 0., 1., 0., 0., 0., 1., 0., 0., 0., 0., 1., 0., 1.,
           1., 1.],
          [0., 1., 0., 1., 1., 1., 1., 1., 1., 1., 1., 0., 0., 1., 1., 1., 0.,
           1., 0.],
          [0., 0., 0., 0., 1., 1., 1., 1., 1., 0., 1., 1., 0., 1., 0., 1., 0.,
           1., 1.],
          [0., 0., 0., 0., 0., 0., 0., 0., 1., 1., 0., 1., 1., 1., 1., 0., 1.,
           0., 1.],
          [1., 1., 0., 1., 0., 1., 0., 1., 0., 0., 1., 0., 1., 1., 1., 1., 1.,
           1., 1.],
          [1., 1., 1., 1., 0., 0., 1., 1., 1., 1., 1., 1., 1., 1., 0., 1., 0.,
           1., 1.],
          [0., 1., 0., 1., 1., 0., 1., 0., 1., 0., 0., 1., 1., 0., 1., 1., 1.,
           0., 0.],
          [0., 0., 0., 0., 0., 0., 0., 1., 0., 1., 1., 1., 0., 0., 0., 0., 1.,
           0., 0.],
          [0., 0., 0., 1., 0., 1., 0., 1., 0., 0., 1., 1., 1., 0., 1., 0., 0.,
           1., 1.],
          [1., 0., 1., 1., 1., 0., 0., 0., 0., 0., 0., 1., 0., 0., 0., 1., 0.,
           0., 1.],
          [0., 0., 0., 0., 0., 1., 1., 1., 0., 0., 0., 1., 0., 0., 1., 0., 1.,
           1., 1.],
          [0., 0., 0., 0., 0., 0., 0., 1., 0., 1., 0., 0., 0., 1., 1., 1., 1.,
           0., 1.],
          [0., 0., 1., 1., 1., 1., 1., 1., 1., 1., 0., 1., 1., 0., 1., 0., 0.,
           1., 0.],
          [0., 0., 0., 1., 0., 1., 0., 0., 0., 0., 1., 1., 0., 0., 1., 0., 0.,
           0., 1.],
          [1., 1., 0., 0., 1., 1., 1., 1., 0., 1., 0., 1., 0., 1., 1., 1., 1.,
           0., 1.],
          [0., 0., 0., 0., 1., 0., 0., 0., 1., 1., 1., 1., 0., 0., 1., 0., 0.,
           0., 1.],
          [1., 0., 1., 1., 1., 1., 1., 0., 1., 0., 0., 1., 0., 0., 0., 1., 1.,
           0., 1.],
          [1., 1., 1., 0., 0., 1., 1., 0., 0., 1., 0., 1., 1., 0., 0., 1., 1.,
           0., 1.],
          [0., 1., 0., 0., 0., 1., 1., 0., 1., 0., 0., 1., 1., 0., 1., 1., 0.,
           0., 1.]]]], device='cuda:0'), tensor([[0.1639]], device='cuda:0'))
2026-01-08 17:18:46 - INFO - [ 9.9935865e-01 -7.6116938e-03 -7.3998503e-04  3.5340192e-03
 -7.3999434e-04  3.5340192e-03  8.7312812e-01 -1.6944343e-01]
2026-01-08 17:18:46 - INFO - (tensor([[[[0., 1., 0., 0., 0., 1., 0., 0., 0., 1., 0., 0., 0., 0., 1., 0., 1.,
           1., 1.],
          [0., 1., 0., 1., 1., 1., 1., 1., 1., 1., 1., 0., 0., 1., 1., 1., 0.,
           1., 0.],
          [0., 0., 0., 0., 1., 1., 1., 1., 1., 0., 1., 1., 0., 1., 0., 1., 0.,
           1., 1.],
          [0., 0., 0., 0., 0., 0., 0., 0., 1., 1., 0., 1., 1., 1., 1., 0., 1.,
           0., 1.],
          [1., 1., 0., 1., 0., 1., 0., 1., 0., 0., 1., 0., 1., 1., 1., 1., 1.,
           1., 1.],
          [1., 1., 1., 1., 0., 0., 1., 1., 1., 1., 1., 1., 1., 1., 0., 1., 0.,
           1., 1.],
          [0., 1., 0., 1., 1., 0., 1., 0., 1., 0., 0., 1., 1., 0., 1., 1., 1.,
           0., 0.],
          [0., 0., 0., 0., 0., 0., 0., 1., 0., 1., 1., 1., 0., 0., 0., 0., 1.,
           0., 0.],
          [0., 0., 0., 1., 0., 1., 0., 1., 0., 0., 1., 1., 1., 0., 1., 0., 0.,
           1., 1.],
          [1., 0., 1., 1., 1., 0., 0., 0., 0., 0., 0., 1., 0., 0., 0., 1., 0.,
           0., 1.],
          [0., 0., 0., 0., 0., 1., 1., 1., 0., 0., 0., 1., 0., 0., 1., 0., 1.,
           1., 1.],
          [0., 0., 0., 0., 0., 0., 0., 1., 0., 1., 0., 0., 0., 1., 1., 1., 1.,
           0., 1.],
          [0., 0., 1., 1., 1., 1., 1., 1., 1., 1., 0., 1., 1., 0., 1., 0., 0.,
           1., 0.],
          [0., 0., 0., 1., 0., 1., 0., 0., 0., 0., 1., 1., 0., 0., 1., 0., 0.,
           0., 1.],
          [1., 1., 0., 0., 1., 1., 1., 1., 0., 1., 0., 1., 0., 1., 1., 1., 1.,
           0., 1.],
          [0., 0., 0., 0., 1., 0., 0., 0., 1., 1., 1., 1., 0., 0., 1., 0., 0.,
           0., 1.],
          [1., 0., 1., 1., 1., 1., 1., 0., 1., 0., 0., 1., 0., 0., 0., 1., 1.,
           0., 1.],
          [1., 1., 1., 0., 0., 1., 1., 0., 0., 1., 0., 1., 1., 0., 0., 1., 1.,
           0., 1.],
          [0., 1., 0., 0., 0., 1., 1., 0., 1., 0., 0., 1., 1., 0., 1., 1., 0.,
           0., 1.]]]], device='cuda:0'), tensor([[0.1672]], device='cuda:0'))
2026-01-08 17:18:46 - INFO - [ 9.9935102e-01 -7.7715293e-03 -7.4747286e-04  3.6123947e-03
 -7.4747473e-04  3.6123910e-03  8.7082928e-01 -1.7069954e-01]
2026-01-08 17:18:46 - INFO - (tensor([[[[0., 1., 0., 0., 0., 1., 0., 0., 0., 1., 0., 0., 0., 0., 1., 0., 1.,
           1., 1.],
          [0., 1., 0., 1., 1., 1., 1., 1., 1., 1., 1., 0., 0., 1., 1., 1., 0.,
           1., 0.],
          [0., 0., 0., 0., 1., 1., 1., 1., 1., 0., 1., 1., 0., 1., 0., 1., 0.,
           1., 1.],
          [0., 0., 0., 0., 0., 0., 0., 0., 1., 1., 0., 1., 1., 1., 1., 0., 1.,
           0., 1.],
          [1., 1., 0., 1., 0., 1., 0., 1., 0., 0., 1., 0., 1., 1., 1., 1., 1.,
           1., 1.],
          [1., 1., 1., 1., 0., 0., 1., 1., 1., 1., 1., 1., 1., 1., 0., 1., 0.,
           1., 1.],
          [0., 1., 0., 1., 1., 0., 1., 0., 1., 0., 0., 1., 1., 0., 1., 1., 1.,
           0., 0.],
          [0., 0., 0., 0., 0., 0., 0., 1., 0., 1., 1., 1., 0., 0., 0., 0., 1.,
           0., 0.],
          [0., 0., 0., 1., 0., 1., 0., 1., 0., 0., 1., 1., 1., 0., 1., 0., 0.,
           1., 1.],
          [1., 0., 1., 1., 1., 0., 0., 0., 0., 0., 0., 1., 0., 0., 0., 1., 0.,
           0., 1.],
          [0., 0., 0., 0., 0., 1., 1., 1., 0., 0., 0., 1., 0., 0., 1., 0., 1.,
           1., 1.],
          [0., 0., 0., 0., 0., 0., 0., 1., 0., 1., 0., 0., 0., 1., 1., 1., 1.,
           0., 1.],
          [0., 0., 1., 1., 1., 1., 1., 1., 1., 1., 0., 1., 1., 0., 1., 0., 0.,
           1., 0.],
          [0., 0., 0., 1., 0., 1., 0., 0., 0., 0., 1., 1., 0., 0., 1., 0., 0.,
           0., 1.],
          [1., 1., 0., 0., 1., 1., 1., 1., 0., 1., 0., 1., 0., 1., 1., 1., 1.,
           0., 1.],
          [0., 0., 0., 0., 1., 0., 0., 0., 1., 1., 1., 1., 0., 0., 1., 0., 0.,
           0., 1.],
          [1., 0., 1., 1., 1., 1., 1., 0., 1., 0., 0., 1., 0., 0., 0., 1., 1.,
           0., 1.],
          [1., 1., 1., 0., 0., 1., 1., 0., 0., 1., 0., 1., 1., 0., 0., 1., 1.,
           0., 1.],
          [0., 1., 0., 0., 0., 1., 1., 0., 1., 0., 0., 1., 1., 0., 1., 1., 0.,
           0., 1.]]]], device='cuda:0'), tensor([[0.1706]], device='cuda:0'))
2026-01-08 17:18:46 - INFO - [ 9.9934423e-01 -7.9280864e-03 -7.4879907e-04  3.6898274e-03
 -7.4880093e-04  3.6898237e-03  8.6842436e-01 -1.7204112e-01]
2026-01-08 17:18:46 - INFO - (tensor([[[[0., 1., 0., 0., 0., 1., 0., 0., 0., 1., 0., 0., 0., 0., 1., 0., 1.,
           1., 1.],
          [0., 1., 0., 1., 1., 1., 1., 1., 1., 1., 1., 0., 0., 1., 1., 1., 0.,
           1., 0.],
          [0., 0., 0., 0., 1., 1., 1., 1., 1., 0., 1., 1., 0., 1., 0., 1., 0.,
           1., 1.],
          [0., 0., 0., 0., 0., 0., 0., 0., 1., 1., 0., 1., 1., 1., 1., 0., 1.,
           0., 1.],
          [1., 1., 0., 1., 0., 1., 0., 1., 0., 0., 1., 0., 1., 1., 1., 1., 1.,
           1., 1.],
          [1., 1., 1., 1., 0., 0., 1., 1., 1., 1., 1., 1., 1., 1., 0., 1., 0.,
           1., 1.],
          [0., 1., 0., 1., 1., 0., 1., 0., 1., 0., 0., 1., 1., 0., 1., 1., 1.,
           0., 0.],
          [0., 0., 0., 0., 0., 0., 0., 1., 0., 1., 1., 1., 0., 0., 0., 0., 1.,
           0., 0.],
          [0., 0., 0., 1., 0., 1., 0., 1., 0., 0., 1., 1., 1., 0., 1., 0., 0.,
           1., 1.],
          [1., 0., 1., 1., 1., 0., 0., 0., 0., 0., 0., 1., 0., 0., 0., 1., 0.,
           0., 1.],
          [0., 0., 0., 0., 0., 1., 1., 1., 0., 0., 0., 1., 0., 0., 1., 0., 1.,
           1., 1.],
          [0., 0., 0., 0., 0., 0., 0., 1., 0., 1., 0., 0., 0., 1., 1., 1., 1.,
           0., 1.],
          [0., 0., 1., 1., 1., 1., 1., 1., 1., 1., 0., 1., 1., 0., 1., 0., 0.,
           1., 0.],
          [0., 0., 0., 1., 0., 1., 0., 0., 0., 0., 1., 1., 0., 0., 1., 0., 0.,
           0., 1.],
          [1., 1., 0., 0., 1., 1., 1., 1., 0., 1., 0., 1., 0., 1., 1., 1., 1.,
           0., 1.],
          [0., 0., 0., 0., 1., 0., 0., 0., 1., 1., 1., 1., 0., 0., 1., 0., 0.,
           0., 1.],
          [1., 0., 1., 1., 1., 1., 1., 0., 1., 0., 0., 1., 0., 0., 0., 1., 1.,
           0., 1.],
          [1., 1., 1., 0., 0., 1., 1., 0., 0., 1., 0., 1., 1., 0., 0., 1., 1.,
           0., 1.],
          [0., 1., 0., 0., 0., 1., 1., 0., 1., 0., 0., 1., 1., 0., 1., 1., 0.,
           0., 1.]]]], device='cuda:0'), tensor([[0.1739]], device='cuda:0'))
2026-01-08 17:18:46 - INFO - [ 9.9933958e-01 -8.0238869e-03 -7.3622249e-04  3.7288605e-03
 -7.3623925e-04  3.7288568e-03  8.6696374e-01 -1.7296284e-01]
2026-01-08 17:18:46 - INFO - (tensor([[[[0., 1., 0., 0., 0., 1., 0., 0., 0., 1., 0., 0., 0., 0., 1., 0., 1.,
           1., 1.],
          [0., 1., 0., 1., 1., 1., 1., 1., 1., 1., 1., 0., 0., 1., 1., 1., 0.,
           1., 0.],
          [0., 0., 0., 0., 1., 1., 1., 1., 1., 0., 1., 1., 0., 1., 0., 1., 0.,
           1., 1.],
          [0., 0., 0., 0., 0., 0., 0., 0., 1., 1., 0., 1., 1., 1., 1., 0., 1.,
           0., 1.],
          [1., 1., 0., 1., 0., 1., 0., 1., 0., 0., 1., 0., 1., 1., 1., 1., 1.,
           1., 1.],
          [1., 1., 1., 1., 0., 0., 1., 1., 1., 1., 1., 1., 1., 1., 0., 1., 0.,
           1., 1.],
          [0., 1., 0., 1., 1., 0., 1., 0., 1., 0., 0., 1., 1., 0., 1., 1., 1.,
           0., 0.],
          [0., 0., 0., 0., 0., 0., 0., 1., 0., 1., 1., 1., 0., 0., 0., 0., 1.,
           0., 0.],
          [0., 0., 0., 1., 0., 1., 0., 1., 0., 0., 1., 1., 1., 0., 1., 0., 0.,
           1., 1.],
          [1., 0., 1., 1., 1., 0., 0., 0., 0., 0., 0., 1., 0., 0., 0., 1., 0.,
           0., 1.],
          [0., 0., 0., 0., 0., 1., 1., 1., 0., 0., 0., 1., 0., 0., 1., 0., 1.,
           1., 1.],
          [0., 0., 0., 0., 0., 0., 0., 1., 0., 1., 0., 0., 0., 1., 1., 1., 1.,
           0., 1.],
          [0., 0., 1., 1., 1., 1., 1., 1., 1., 1., 0., 1., 1., 0., 1., 0., 0.,
           1., 0.],
          [0., 0., 0., 1., 0., 1., 0., 0., 0., 0., 1., 1., 0., 0., 1., 0., 0.,
           0., 1.],
          [1., 1., 0., 0., 1., 1., 1., 1., 0., 1., 0., 1., 0., 1., 1., 1., 1.,
           0., 1.],
          [0., 0., 0., 0., 1., 0., 0., 0., 1., 1., 1., 1., 0., 0., 1., 0., 0.,
           0., 1.],
          [1., 0., 1., 1., 1., 1., 1., 0., 1., 0., 0., 1., 0., 0., 0., 1., 1.,
           0., 1.],
          [1., 1., 1., 0., 0., 1., 1., 0., 0., 1., 0., 1., 1., 0., 0., 1., 1.,
           0., 1.],
          [0., 1., 0., 0., 0., 1., 1., 0., 1., 0., 0., 1., 1., 0., 1., 1., 0.,
           0., 1.]]]], device='cuda:0'), tensor([[0.1773]], device='cuda:0'))
2026-01-08 17:18:46 - INFO - [ 9.9933451e-01 -8.1228130e-03 -7.2348199e-04  3.7475314e-03
 -7.2349876e-04  3.7475277e-03  8.6585885e-01 -1.7377365e-01]
2026-01-08 17:18:46 - INFO - (tensor([[[[0., 1., 0., 0., 0., 1., 0., 0., 0., 1., 0., 0., 0., 0., 1., 0., 1.,
           1., 1.],
          [0., 1., 0., 1., 1., 1., 1., 1., 1., 1., 1., 0., 0., 1., 1., 1., 0.,
           1., 0.],
          [0., 0., 0., 0., 1., 1., 1., 1., 1., 0., 1., 1., 0., 1., 0., 1., 0.,
           1., 1.],
          [0., 0., 0., 0., 0., 0., 0., 0., 1., 1., 0., 1., 1., 1., 1., 0., 1.,
           0., 1.],
          [1., 1., 0., 1., 0., 1., 0., 1., 0., 0., 1., 0., 1., 1., 1., 1., 1.,
           1., 1.],
          [1., 1., 1., 1., 0., 0., 1., 1., 1., 1., 1., 1., 1., 1., 0., 1., 0.,
           1., 1.],
          [0., 1., 0., 1., 1., 0., 1., 0., 1., 0., 0., 1., 1., 0., 1., 1., 1.,
           0., 0.],
          [0., 0., 0., 0., 0., 0., 0., 1., 0., 1., 1., 1., 0., 0., 0., 0., 1.,
           0., 0.],
          [0., 0., 0., 1., 0., 1., 0., 1., 0., 0., 1., 1., 1., 0., 1., 0., 0.,
           1., 1.],
          [1., 0., 1., 1., 1., 0., 0., 0., 0., 0., 0., 1., 0., 0., 0., 1., 0.,
           0., 1.],
          [0., 0., 0., 0., 0., 1., 1., 1., 0., 0., 0., 1., 0., 0., 1., 0., 1.,
           1., 1.],
          [0., 0., 0., 0., 0., 0., 0., 1., 0., 1., 0., 0., 0., 1., 1., 1., 1.,
           0., 1.],
          [0., 0., 1., 1., 1., 1., 1., 1., 1., 1., 0., 1., 1., 0., 1., 0., 0.,
           1., 0.],
          [0., 0., 0., 1., 0., 1., 0., 0., 0., 0., 1., 1., 0., 0., 1., 0., 0.,
           0., 1.],
          [1., 1., 0., 0., 1., 1., 1., 1., 0., 1., 0., 1., 0., 1., 1., 1., 1.,
           0., 1.],
          [0., 0., 0., 0., 1., 0., 0., 0., 1., 1., 1., 1., 0., 0., 1., 0., 0.,
           0., 1.],
          [1., 0., 1., 1., 1., 1., 1., 0., 1., 0., 0., 1., 0., 0., 0., 1., 1.,
           0., 1.],
          [1., 1., 1., 0., 0., 1., 1., 0., 0., 1., 0., 1., 1., 0., 0., 1., 1.,
           0., 1.],
          [0., 1., 0., 0., 0., 1., 1., 0., 1., 0., 0., 1., 1., 0., 1., 1., 0.,
           0., 1.]]]], device='cuda:0'), tensor([[0.1806]], device='cuda:0'))
2026-01-08 17:18:46 - INFO - [ 9.9932843e-01 -8.2638133e-03 -7.1725331e-04  3.7563117e-03
 -7.1726262e-04  3.7563192e-03  8.6461067e-01 -1.7485012e-01]
2026-01-08 17:18:46 - INFO - (tensor([[[[0., 1., 0., 0., 0., 1., 0., 0., 0., 1., 0., 0., 0., 0., 1., 0., 1.,
           1., 1.],
          [0., 1., 0., 1., 1., 1., 1., 1., 1., 1., 1., 0., 0., 1., 1., 1., 0.,
           1., 0.],
          [0., 0., 0., 0., 1., 1., 1., 1., 1., 0., 1., 1., 0., 1., 0., 1., 0.,
           1., 1.],
          [0., 0., 0., 0., 0., 0., 0., 0., 1., 1., 0., 1., 1., 1., 1., 0., 1.,
           0., 1.],
          [1., 1., 0., 1., 0., 1., 0., 1., 0., 0., 1., 0., 1., 1., 1., 1., 1.,
           1., 1.],
          [1., 1., 1., 1., 0., 0., 1., 1., 1., 1., 1., 1., 1., 1., 0., 1., 0.,
           1., 1.],
          [0., 1., 0., 1., 1., 0., 1., 0., 1., 0., 0., 1., 1., 0., 1., 1., 1.,
           0., 0.],
          [0., 0., 0., 0., 0., 0., 0., 1., 0., 1., 1., 1., 0., 0., 0., 0., 1.,
           0., 0.],
          [0., 0., 0., 1., 0., 1., 0., 1., 0., 0., 1., 1., 1., 0., 1., 0., 0.,
           1., 1.],
          [1., 0., 1., 1., 1., 0., 0., 0., 0., 0., 0., 1., 0., 0., 0., 1., 0.,
           0., 1.],
          [0., 0., 0., 0., 0., 1., 1., 1., 0., 0., 0., 1., 0., 0., 1., 0., 1.,
           1., 1.],
          [0., 0., 0., 0., 0., 0., 0., 1., 0., 1., 0., 0., 0., 1., 1., 1., 1.,
           0., 1.],
          [0., 0., 1., 1., 1., 1., 1., 1., 1., 1., 0., 1., 1., 0., 1., 0., 0.,
           1., 0.],
          [0., 0., 0., 1., 0., 1., 0., 0., 0., 0., 1., 1., 0., 0., 1., 0., 0.,
           0., 1.],
          [1., 1., 0., 0., 1., 1., 1., 1., 0., 1., 0., 1., 0., 1., 1., 1., 1.,
           0., 1.],
          [0., 0., 0., 0., 1., 0., 0., 0., 1., 1., 1., 1., 0., 0., 1., 0., 0.,
           0., 1.],
          [1., 0., 1., 1., 1., 1., 1., 0., 1., 0., 0., 1., 0., 0., 0., 1., 1.,
           0., 1.],
          [1., 1., 1., 0., 0., 1., 1., 0., 0., 1., 0., 1., 1., 0., 0., 1., 1.,
           0., 1.],
          [0., 1., 0., 0., 0., 1., 1., 0., 1., 0., 0., 1., 1., 0., 1., 1., 0.,
           0., 1.]]]], device='cuda:0'), tensor([[0.1839]], device='cuda:0'))
2026-01-08 17:18:46 - INFO - [ 9.9932194e-01 -8.4398584e-03 -7.1917556e-04  3.7560249e-03
 -7.1915507e-04  3.7560174e-03  8.6323398e-01 -1.7615101e-01]
2026-01-08 17:18:46 - INFO - (tensor([[[[0., 1., 0., 0., 0., 1., 0., 0., 0., 1., 0., 0., 0., 0., 1., 0., 1.,
           1., 1.],
          [0., 1., 0., 1., 1., 1., 1., 1., 1., 1., 1., 0., 0., 1., 1., 1., 0.,
           1., 0.],
          [0., 0., 0., 0., 1., 1., 1., 1., 1., 0., 1., 1., 0., 1., 0., 1., 0.,
           1., 1.],
          [0., 0., 0., 0., 0., 0., 0., 0., 1., 1., 0., 1., 1., 1., 1., 0., 1.,
           0., 1.],
          [1., 1., 0., 1., 0., 1., 0., 1., 0., 0., 1., 0., 1., 1., 1., 1., 1.,
           1., 1.],
          [1., 1., 1., 1., 0., 0., 1., 1., 1., 1., 1., 1., 1., 1., 0., 1., 0.,
           1., 1.],
          [0., 1., 0., 1., 1., 0., 1., 0., 1., 0., 0., 1., 1., 0., 1., 1., 1.,
           0., 0.],
          [0., 0., 0., 0., 0., 0., 0., 1., 0., 1., 1., 1., 0., 0., 0., 0., 1.,
           0., 0.],
          [0., 0., 0., 1., 0., 1., 0., 1., 0., 0., 1., 1., 1., 0., 1., 0., 0.,
           1., 1.],
          [1., 0., 1., 1., 1., 0., 0., 0., 0., 0., 0., 1., 0., 0., 0., 1., 0.,
           0., 1.],
          [0., 0., 0., 0., 0., 1., 1., 1., 0., 0., 0., 1., 0., 0., 1., 0., 1.,
           1., 1.],
          [0., 0., 0., 0., 0., 0., 0., 1., 0., 1., 0., 0., 0., 1., 1., 1., 1.,
           0., 1.],
          [0., 0., 1., 1., 1., 1., 1., 1., 1., 1., 0., 1., 1., 0., 1., 0., 0.,
           1., 0.],
          [0., 0., 0., 1., 0., 1., 0., 0., 0., 0., 1., 1., 0., 0., 1., 0., 0.,
           0., 1.],
          [1., 1., 0., 0., 1., 1., 1., 1., 0., 1., 0., 1., 0., 1., 1., 1., 1.,
           0., 1.],
          [0., 0., 0., 0., 1., 0., 0., 0., 1., 1., 1., 1., 0., 0., 1., 0., 0.,
           0., 1.],
          [1., 0., 1., 1., 1., 1., 1., 0., 1., 0., 0., 1., 0., 0., 0., 1., 1.,
           0., 1.],
          [1., 1., 1., 0., 0., 1., 1., 0., 0., 1., 0., 1., 1., 0., 0., 1., 1.,
           0., 1.],
          [0., 1., 0., 0., 0., 1., 1., 0., 1., 0., 0., 1., 1., 0., 1., 1., 0.,
           0., 1.]]]], device='cuda:0'), tensor([[0.1873]], device='cuda:0'))
2026-01-08 17:18:46 - INFO - [ 9.9931520e-01 -8.4527694e-03 -7.2921894e-04  3.7304140e-03
 -7.2923570e-04  3.7304065e-03  8.6185199e-01 -1.7743140e-01]
2026-01-08 17:18:46 - INFO - (tensor([[[[0., 1., 0., 0., 0., 1., 0., 0., 0., 1., 0., 0., 0., 0., 1., 0., 1.,
           1., 1.],
          [0., 1., 0., 1., 1., 1., 1., 1., 1., 1., 1., 0., 0., 1., 1., 1., 0.,
           1., 0.],
          [0., 0., 0., 0., 1., 1., 1., 1., 1., 0., 1., 1., 0., 1., 0., 1., 0.,
           1., 1.],
          [0., 0., 0., 0., 0., 0., 0., 0., 1., 1., 0., 1., 1., 1., 1., 0., 1.,
           0., 1.],
          [1., 1., 0., 1., 0., 1., 0., 1., 0., 0., 1., 0., 1., 1., 1., 1., 1.,
           1., 1.],
          [1., 1., 1., 1., 0., 0., 1., 1., 1., 1., 1., 1., 1., 1., 0., 1., 0.,
           1., 1.],
          [0., 1., 0., 1., 1., 0., 1., 0., 1., 0., 0., 1., 1., 0., 1., 1., 1.,
           0., 0.],
          [0., 0., 0., 0., 0., 0., 0., 1., 0., 1., 1., 1., 0., 0., 0., 0., 1.,
           0., 0.],
          [0., 0., 0., 1., 0., 1., 0., 1., 0., 0., 1., 1., 1., 0., 1., 0., 0.,
           1., 1.],
          [1., 0., 1., 1., 1., 0., 0., 0., 0., 0., 0., 1., 0., 0., 0., 1., 0.,
           0., 1.],
          [0., 0., 0., 0., 0., 1., 1., 1., 0., 0., 0., 1., 0., 0., 1., 0., 1.,
           1., 1.],
          [0., 0., 0., 0., 0., 0., 0., 1., 0., 1., 0., 0., 0., 1., 1., 1., 1.,
           0., 1.],
          [0., 0., 1., 1., 1., 1., 1., 1., 1., 1., 0., 1., 1., 0., 1., 0., 0.,
           1., 0.],
          [0., 0., 0., 1., 0., 1., 0., 0., 0., 0., 1., 1., 0., 0., 1., 0., 0.,
           0., 1.],
          [1., 1., 0., 0., 1., 1., 1., 1., 0., 1., 0., 1., 0., 1., 1., 1., 1.,
           0., 1.],
          [0., 0., 0., 0., 1., 0., 0., 0., 1., 1., 1., 1., 0., 0., 1., 0., 0.,
           0., 1.],
          [1., 0., 1., 1., 1., 1., 1., 0., 1., 0., 0., 1., 0., 0., 0., 1., 1.,
           0., 1.],
          [1., 1., 1., 0., 0., 1., 1., 0., 0., 1., 0., 1., 1., 0., 0., 1., 1.,
           0., 1.],
          [0., 1., 0., 0., 0., 1., 1., 0., 1., 0., 0., 1., 1., 0., 1., 1., 0.,
           0., 1.]]]], device='cuda:0'), tensor([[0.1906]], device='cuda:0'))
2026-01-08 17:18:46 - INFO - [ 9.9930894e-01 -8.4165027e-03 -7.4275665e-04  3.7226579e-03
 -7.4275851e-04  3.7226616e-03  8.6055624e-01 -1.7858347e-01]
2026-01-08 17:18:46 - INFO - (tensor([[[[0., 1., 0., 0., 0., 1., 0., 0., 0., 1., 0., 0., 0., 0., 1., 0., 1.,
           1., 1.],
          [0., 1., 0., 1., 1., 1., 1., 1., 1., 1., 1., 0., 0., 1., 1., 1., 0.,
           1., 0.],
          [0., 0., 0., 0., 1., 1., 1., 1., 1., 0., 1., 1., 0., 1., 0., 1., 0.,
           1., 1.],
          [0., 0., 0., 0., 0., 0., 0., 0., 1., 1., 0., 1., 1., 1., 1., 0., 1.,
           0., 1.],
          [1., 1., 0., 1., 0., 1., 0., 1., 0., 0., 1., 0., 1., 1., 1., 1., 1.,
           1., 1.],
          [1., 1., 1., 1., 0., 0., 1., 1., 1., 1., 1., 1., 1., 1., 0., 1., 0.,
           1., 1.],
          [0., 1., 0., 1., 1., 0., 1., 0., 1., 0., 0., 1., 1., 0., 1., 1., 1.,
           0., 0.],
          [0., 0., 0., 0., 0., 0., 0., 1., 0., 1., 1., 1., 0., 0., 0., 0., 1.,
           0., 0.],
          [0., 0., 0., 1., 0., 1., 0., 1., 0., 0., 1., 1., 1., 0., 1., 0., 0.,
           1., 1.],
          [1., 0., 1., 1., 1., 0., 0., 0., 0., 0., 0., 1., 0., 0., 0., 1., 0.,
           0., 1.],
          [0., 0., 0., 0., 0., 1., 1., 1., 0., 0., 0., 1., 0., 0., 1., 0., 1.,
           1., 1.],
          [0., 0., 0., 0., 0., 0., 0., 1., 0., 1., 0., 0., 0., 1., 1., 1., 1.,
           0., 1.],
          [0., 0., 1., 1., 1., 1., 1., 1., 1., 1., 0., 1., 1., 0., 1., 0., 0.,
           1., 0.],
          [0., 0., 0., 1., 0., 1., 0., 0., 0., 0., 1., 1., 0., 0., 1., 0., 0.,
           0., 1.],
          [1., 1., 0., 0., 1., 1., 1., 1., 0., 1., 0., 1., 0., 1., 1., 1., 1.,
           0., 1.],
          [0., 0., 0., 0., 1., 0., 0., 0., 1., 1., 1., 1., 0., 0., 1., 0., 0.,
           0., 1.],
          [1., 0., 1., 1., 1., 1., 1., 0., 1., 0., 0., 1., 0., 0., 0., 1., 1.,
           0., 1.],
          [1., 1., 1., 0., 0., 1., 1., 0., 0., 1., 0., 1., 1., 0., 0., 1., 1.,
           0., 1.],
          [0., 1., 0., 0., 0., 1., 1., 0., 1., 0., 0., 1., 1., 0., 1., 1., 0.,
           0., 1.]]]], device='cuda:0'), tensor([[0.1940]], device='cuda:0'))
2026-01-08 17:18:46 - INFO - [ 9.9930584e-01 -8.4664328e-03 -7.3221407e-04  3.7979824e-03
 -7.3221594e-04  3.7979824e-03  8.5935646e-01 -1.7964429e-01]
2026-01-08 17:18:46 - INFO - (tensor([[[[0., 1., 0., 0., 0., 1., 0., 0., 0., 1., 0., 0., 0., 0., 1., 0., 1.,
           1., 1.],
          [0., 1., 0., 1., 1., 1., 1., 1., 1., 1., 1., 0., 0., 1., 1., 1., 0.,
           1., 0.],
          [0., 0., 0., 0., 1., 1., 1., 1., 1., 0., 1., 1., 0., 1., 0., 1., 0.,
           1., 1.],
          [0., 0., 0., 0., 0., 0., 0., 0., 1., 1., 0., 1., 1., 1., 1., 0., 1.,
           0., 1.],
          [1., 1., 0., 1., 0., 1., 0., 1., 0., 0., 1., 0., 1., 1., 1., 1., 1.,
           1., 1.],
          [1., 1., 1., 1., 0., 0., 1., 1., 1., 1., 1., 1., 1., 1., 0., 1., 0.,
           1., 1.],
          [0., 1., 0., 1., 1., 0., 1., 0., 1., 0., 0., 1., 1., 0., 1., 1., 1.,
           0., 0.],
          [0., 0., 0., 0., 0., 0., 0., 1., 0., 1., 1., 1., 0., 0., 0., 0., 1.,
           0., 0.],
          [0., 0., 0., 1., 0., 1., 0., 1., 0., 0., 1., 1., 1., 0., 1., 0., 0.,
           1., 1.],
          [1., 0., 1., 1., 1., 0., 0., 0., 0., 0., 0., 1., 0., 0., 0., 1., 0.,
           0., 1.],
          [0., 0., 0., 0., 0., 1., 1., 1., 0., 0., 0., 1., 0., 0., 1., 0., 1.,
           1., 1.],
          [0., 0., 0., 0., 0., 0., 0., 1., 0., 1., 0., 0., 0., 1., 1., 1., 1.,
           0., 1.],
          [0., 0., 1., 1., 1., 1., 1., 1., 1., 1., 0., 1., 1., 0., 1., 0., 0.,
           1., 0.],
          [0., 0., 0., 1., 0., 1., 0., 0., 0., 0., 1., 1., 0., 0., 1., 0., 0.,
           0., 1.],
          [1., 1., 0., 0., 1., 1., 1., 1., 0., 1., 0., 1., 0., 1., 1., 1., 1.,
           0., 1.],
          [0., 0., 0., 0., 1., 0., 0., 0., 1., 1., 1., 1., 0., 0., 1., 0., 0.,
           0., 1.],
          [1., 0., 1., 1., 1., 1., 1., 0., 1., 0., 0., 1., 0., 0., 0., 1., 1.,
           0., 1.],
          [1., 1., 1., 0., 0., 1., 1., 0., 0., 1., 0., 1., 1., 0., 0., 1., 1.,
           0., 1.],
          [0., 1., 0., 0., 0., 1., 1., 0., 1., 0., 0., 1., 1., 0., 1., 1., 0.,
           0., 1.]]]], device='cuda:0'), tensor([[0.1973]], device='cuda:0'))
2026-01-08 17:18:46 - INFO - [ 9.9930465e-01 -8.6668795e-03 -7.0771656e-04  3.9098100e-03
 -7.0771098e-04  3.9098100e-03  8.5816908e-01 -1.8068463e-01]
2026-01-08 17:18:46 - INFO - (tensor([[[[0., 1., 0., 0., 0., 1., 0., 0., 0., 1., 0., 0., 0., 0., 1., 0., 1.,
           1., 1.],
          [0., 1., 0., 1., 1., 1., 1., 1., 1., 1., 1., 0., 0., 1., 1., 1., 0.,
           1., 0.],
          [0., 0., 0., 0., 1., 1., 1., 1., 1., 0., 1., 1., 0., 1., 0., 1., 0.,
           1., 1.],
          [0., 0., 0., 0., 0., 0., 0., 0., 1., 1., 0., 1., 1., 1., 1., 0., 1.,
           0., 1.],
          [1., 1., 0., 1., 0., 1., 0., 1., 0., 0., 1., 0., 1., 1., 1., 1., 1.,
           1., 1.],
          [1., 1., 1., 1., 0., 0., 1., 1., 1., 1., 1., 1., 1., 1., 0., 1., 0.,
           1., 1.],
          [0., 1., 0., 1., 1., 0., 1., 0., 1., 0., 0., 1., 1., 0., 1., 1., 1.,
           0., 0.],
          [0., 0., 0., 0., 0., 0., 0., 1., 0., 1., 1., 1., 0., 0., 0., 0., 1.,
           0., 0.],
          [0., 0., 0., 1., 0., 1., 0., 1., 0., 0., 1., 1., 1., 0., 1., 0., 0.,
           1., 1.],
          [1., 0., 1., 1., 1., 0., 0., 0., 0., 0., 0., 1., 0., 0., 0., 1., 0.,
           0., 1.],
          [0., 0., 0., 0., 0., 1., 1., 1., 0., 0., 0., 1., 0., 0., 1., 0., 1.,
           1., 1.],
          [0., 0., 0., 0., 0., 0., 0., 1., 0., 1., 0., 0., 0., 1., 1., 1., 1.,
           0., 1.],
          [0., 0., 1., 1., 1., 1., 1., 1., 1., 1., 0., 1., 1., 0., 1., 0., 0.,
           1., 0.],
          [0., 0., 0., 1., 0., 1., 0., 0., 0., 0., 1., 1., 0., 0., 1., 0., 0.,
           0., 1.],
          [1., 1., 0., 0., 1., 1., 1., 1., 0., 1., 0., 1., 0., 1., 1., 1., 1.,
           0., 1.],
          [0., 0., 0., 0., 1., 0., 0., 0., 1., 1., 1., 1., 0., 0., 1., 0., 0.,
           0., 1.],
          [1., 0., 1., 1., 1., 1., 1., 0., 1., 0., 0., 1., 0., 0., 0., 1., 1.,
           0., 1.],
          [1., 1., 1., 0., 0., 1., 1., 0., 0., 1., 0., 1., 1., 0., 0., 1., 1.,
           0., 1.],
          [0., 1., 0., 0., 0., 1., 1., 0., 1., 0., 0., 1., 1., 0., 1., 1., 0.,
           0., 1.]]]], device='cuda:0'), tensor([[0.2007]], device='cuda:0'))
2026-01-08 17:18:46 - INFO - [ 9.993005e-01 -8.953649e-03 -6.967195e-04  3.948165e-03 -6.967139e-04
  3.948165e-03  8.568696e-01 -1.817776e-01]
2026-01-08 17:18:46 - INFO - (tensor([[[[0., 1., 0., 0., 0., 1., 0., 0., 0., 1., 0., 0., 0., 0., 1., 0., 1.,
           1., 1.],
          [0., 1., 0., 1., 1., 1., 1., 1., 1., 1., 1., 0., 0., 1., 1., 1., 0.,
           1., 0.],
          [0., 0., 0., 0., 1., 1., 1., 1., 1., 0., 1., 1., 0., 1., 0., 1., 0.,
           1., 1.],
          [0., 0., 0., 0., 0., 0., 0., 0., 1., 1., 0., 1., 1., 1., 1., 0., 1.,
           0., 1.],
          [1., 1., 0., 1., 0., 1., 0., 1., 0., 0., 1., 0., 1., 1., 1., 1., 1.,
           1., 1.],
          [1., 1., 1., 1., 0., 0., 1., 1., 1., 1., 1., 1., 1., 1., 0., 1., 0.,
           1., 1.],
          [0., 1., 0., 1., 1., 0., 1., 0., 1., 0., 0., 1., 1., 0., 1., 1., 1.,
           0., 0.],
          [0., 0., 0., 0., 0., 0., 0., 1., 0., 1., 1., 1., 0., 0., 0., 0., 1.,
           0., 0.],
          [0., 0., 0., 1., 0., 1., 0., 1., 0., 0., 1., 1., 1., 0., 1., 0., 0.,
           1., 1.],
          [1., 0., 1., 1., 1., 0., 0., 0., 0., 0., 0., 1., 0., 0., 0., 1., 0.,
           0., 1.],
          [0., 0., 0., 0., 0., 1., 1., 1., 0., 0., 0., 1., 0., 0., 1., 0., 1.,
           1., 1.],
          [0., 0., 0., 0., 0., 0., 0., 1., 0., 1., 0., 0., 0., 1., 1., 1., 1.,
           0., 1.],
          [0., 0., 1., 1., 1., 1., 1., 1., 1., 1., 0., 1., 1., 0., 1., 0., 0.,
           1., 0.],
          [0., 0., 0., 1., 0., 1., 0., 0., 0., 0., 1., 1., 0., 0., 1., 0., 0.,
           0., 1.],
          [1., 1., 0., 0., 1., 1., 1., 1., 0., 1., 0., 1., 0., 1., 1., 1., 1.,
           0., 1.],
          [0., 0., 0., 0., 1., 0., 0., 0., 1., 1., 1., 1., 0., 0., 1., 0., 0.,
           0., 1.],
          [1., 0., 1., 1., 1., 1., 1., 0., 1., 0., 0., 1., 0., 0., 0., 1., 1.,
           0., 1.],
          [1., 1., 1., 0., 0., 1., 1., 0., 0., 1., 0., 1., 1., 0., 0., 1., 1.,
           0., 1.],
          [0., 1., 0., 0., 0., 1., 1., 0., 1., 0., 0., 1., 1., 0., 1., 1., 0.,
           0., 1.]]]], device='cuda:0'), tensor([[0.2040]], device='cuda:0'))
2026-01-08 17:18:46 - INFO - [ 9.9929547e-01 -9.2406590e-03 -6.8543188e-04  3.9832792e-03
 -6.8542629e-04  3.9832718e-03  8.5553229e-01 -1.8287556e-01]
2026-01-08 17:18:46 - INFO - (tensor([[[[0., 1., 0., 0., 0., 1., 0., 0., 0., 1., 0., 0., 0., 0., 1., 0., 1.,
           1., 1.],
          [0., 1., 0., 1., 1., 1., 1., 1., 1., 1., 1., 0., 0., 1., 1., 1., 0.,
           1., 0.],
          [0., 0., 0., 0., 1., 1., 1., 1., 1., 0., 1., 1., 0., 1., 0., 1., 0.,
           1., 1.],
          [0., 0., 0., 0., 0., 0., 0., 0., 1., 1., 0., 1., 1., 1., 1., 0., 1.,
           0., 1.],
          [1., 1., 0., 1., 0., 1., 0., 1., 0., 0., 1., 0., 1., 1., 1., 1., 1.,
           1., 1.],
          [1., 1., 1., 1., 0., 0., 1., 1., 1., 1., 1., 1., 1., 1., 0., 1., 0.,
           1., 1.],
          [0., 1., 0., 1., 1., 0., 1., 0., 1., 0., 0., 1., 1., 0., 1., 1., 1.,
           0., 0.],
          [0., 0., 0., 0., 0., 0., 0., 1., 0., 1., 1., 1., 0., 0., 0., 0., 1.,
           0., 0.],
          [0., 0., 0., 1., 0., 1., 0., 1., 0., 0., 1., 1., 1., 0., 1., 0., 0.,
           1., 1.],
          [1., 0., 1., 1., 1., 0., 0., 0., 0., 0., 0., 1., 0., 0., 0., 1., 0.,
           0., 1.],
          [0., 0., 0., 0., 0., 1., 1., 1., 0., 0., 0., 1., 0., 0., 1., 0., 1.,
           1., 1.],
          [0., 0., 0., 0., 0., 0., 0., 1., 0., 1., 0., 0., 0., 1., 1., 1., 1.,
           0., 1.],
          [0., 0., 1., 1., 1., 1., 1., 1., 1., 1., 0., 1., 1., 0., 1., 0., 0.,
           1., 0.],
          [0., 0., 0., 1., 0., 1., 0., 0., 0., 0., 1., 1., 0., 0., 1., 0., 0.,
           0., 1.],
          [1., 1., 0., 0., 1., 1., 1., 1., 0., 1., 0., 1., 0., 1., 1., 1., 1.,
           0., 1.],
          [0., 0., 0., 0., 1., 0., 0., 0., 1., 1., 1., 1., 0., 0., 1., 0., 0.,
           0., 1.],
          [1., 0., 1., 1., 1., 1., 1., 0., 1., 0., 0., 1., 0., 0., 0., 1., 1.,
           0., 1.],
          [1., 1., 1., 0., 0., 1., 1., 0., 0., 1., 0., 1., 1., 0., 0., 1., 1.,
           0., 1.],
          [0., 1., 0., 0., 0., 1., 1., 0., 1., 0., 0., 1., 1., 0., 1., 1., 0.,
           0., 1.]]]], device='cuda:0'), tensor([[0.2074]], device='cuda:0'))
2026-01-08 17:18:46 - INFO - [ 9.9928993e-01 -9.5106773e-03 -6.7253492e-04  4.0260185e-03
 -6.7253679e-04  4.0260223e-03  8.5418165e-01 -1.8396880e-01]
2026-01-08 17:18:46 - INFO - (tensor([[[[0., 1., 0., 0., 0., 1., 0., 0., 0., 1., 0., 0., 0., 0., 1., 0., 1.,
           1., 1.],
          [0., 1., 0., 1., 1., 1., 1., 1., 1., 1., 1., 0., 0., 1., 1., 1., 0.,
           1., 0.],
          [0., 0., 0., 0., 1., 1., 1., 1., 1., 0., 1., 1., 0., 1., 0., 1., 0.,
           1., 1.],
          [0., 0., 0., 0., 0., 0., 0., 0., 1., 1., 0., 1., 1., 1., 1., 0., 1.,
           0., 1.],
          [1., 1., 0., 1., 0., 1., 0., 1., 0., 0., 1., 0., 1., 1., 1., 1., 1.,
           1., 1.],
          [1., 1., 1., 1., 0., 0., 1., 1., 1., 1., 1., 1., 1., 1., 0., 1., 0.,
           1., 1.],
          [0., 1., 0., 1., 1., 0., 1., 0., 1., 0., 0., 1., 1., 0., 1., 1., 1.,
           0., 0.],
          [0., 0., 0., 0., 0., 0., 0., 1., 0., 1., 1., 1., 0., 0., 0., 0., 1.,
           0., 0.],
          [0., 0., 0., 1., 0., 1., 0., 1., 0., 0., 1., 1., 1., 0., 1., 0., 0.,
           1., 1.],
          [1., 0., 1., 1., 1., 0., 0., 0., 0., 0., 0., 1., 0., 0., 0., 1., 0.,
           0., 1.],
          [0., 0., 0., 0., 0., 1., 1., 1., 0., 0., 0., 1., 0., 0., 1., 0., 1.,
           1., 1.],
          [0., 0., 0., 0., 0., 0., 0., 1., 0., 1., 0., 0., 0., 1., 1., 1., 1.,
           0., 1.],
          [0., 0., 1., 1., 1., 1., 1., 1., 1., 1., 0., 1., 1., 0., 1., 0., 0.,
           1., 0.],
          [0., 0., 0., 1., 0., 1., 0., 0., 0., 0., 1., 1., 0., 0., 1., 0., 0.,
           0., 1.],
          [1., 1., 0., 0., 1., 1., 1., 1., 0., 1., 0., 1., 0., 1., 1., 1., 1.,
           0., 1.],
          [0., 0., 0., 0., 1., 0., 0., 0., 1., 1., 1., 1., 0., 0., 1., 0., 0.,
           0., 1.],
          [1., 0., 1., 1., 1., 1., 1., 0., 1., 0., 0., 1., 0., 0., 0., 1., 1.,
           0., 1.],
          [1., 1., 1., 0., 0., 1., 1., 0., 0., 1., 0., 1., 1., 0., 0., 1., 1.,
           0., 1.],
          [0., 1., 0., 0., 0., 1., 1., 0., 1., 0., 0., 1., 1., 0., 1., 1., 0.,
           0., 1.]]]], device='cuda:0'), tensor([[0.2107]], device='cuda:0'))
2026-01-08 17:18:46 - INFO - [ 9.9928451e-01 -9.6119847e-03 -6.5060041e-04  4.1210344e-03
 -6.5058738e-04  4.1210381e-03  8.5323429e-01 -1.8476352e-01]
2026-01-08 17:18:46 - INFO - (tensor([[[[0., 1., 0., 0., 0., 1., 0., 0., 0., 1., 0., 0., 0., 0., 1., 0., 1.,
           1., 1.],
          [0., 1., 0., 1., 1., 1., 1., 1., 1., 1., 1., 0., 0., 1., 1., 1., 0.,
           1., 0.],
          [0., 0., 0., 0., 1., 1., 1., 1., 1., 0., 1., 1., 0., 1., 0., 1., 0.,
           1., 1.],
          [0., 0., 0., 0., 0., 0., 0., 0., 1., 1., 0., 1., 1., 1., 1., 0., 1.,
           0., 1.],
          [1., 1., 0., 1., 0., 1., 0., 1., 0., 0., 1., 0., 1., 1., 1., 1., 1.,
           1., 1.],
          [1., 1., 1., 1., 0., 0., 1., 1., 1., 1., 1., 1., 1., 1., 0., 1., 0.,
           1., 1.],
          [0., 1., 0., 1., 1., 0., 1., 0., 1., 0., 0., 1., 1., 0., 1., 1., 1.,
           0., 0.],
          [0., 0., 0., 0., 0., 0., 0., 1., 0., 1., 1., 1., 0., 0., 0., 0., 1.,
           0., 0.],
          [0., 0., 0., 1., 0., 1., 0., 1., 0., 0., 1., 1., 1., 0., 1., 0., 0.,
           1., 1.],
          [1., 0., 1., 1., 1., 0., 0., 0., 0., 0., 0., 1., 0., 0., 0., 1., 0.,
           0., 1.],
          [0., 0., 0., 0., 0., 1., 1., 1., 0., 0., 0., 1., 0., 0., 1., 0., 1.,
           1., 1.],
          [0., 0., 0., 0., 0., 0., 0., 1., 0., 1., 0., 0., 0., 1., 1., 1., 1.,
           0., 1.],
          [0., 0., 1., 1., 1., 1., 1., 1., 1., 1., 0., 1., 1., 0., 1., 0., 0.,
           1., 0.],
          [0., 0., 0., 1., 0., 1., 0., 0., 0., 0., 1., 1., 0., 0., 1., 0., 0.,
           0., 1.],
          [1., 1., 0., 0., 1., 1., 1., 1., 0., 1., 0., 1., 0., 1., 1., 1., 1.,
           0., 1.],
          [0., 0., 0., 0., 1., 0., 0., 0., 1., 1., 1., 1., 0., 0., 1., 0., 0.,
           0., 1.],
          [1., 0., 1., 1., 1., 1., 1., 0., 1., 0., 0., 1., 0., 0., 0., 1., 1.,
           0., 1.],
          [1., 1., 1., 0., 0., 1., 1., 0., 0., 1., 0., 1., 1., 0., 0., 1., 1.,
           0., 1.],
          [0., 1., 0., 0., 0., 1., 1., 0., 1., 0., 0., 1., 1., 0., 1., 1., 0.,
           0., 1.]]]], device='cuda:0'), tensor([[0.2140]], device='cuda:0'))
2026-01-08 17:18:46 - INFO - [ 9.9927729e-01 -9.7859027e-03 -6.2671391e-04  4.2391126e-03
 -6.2670832e-04  4.2390977e-03  8.5214430e-01 -1.8578304e-01]
2026-01-08 17:18:46 - INFO - (tensor([[[[0., 1., 0., 0., 0., 1., 0., 0., 0., 1., 0., 0., 0., 0., 1., 0., 1.,
           1., 1.],
          [0., 1., 0., 1., 1., 1., 1., 1., 1., 1., 1., 0., 0., 1., 1., 1., 0.,
           1., 0.],
          [0., 0., 0., 0., 1., 1., 1., 1., 1., 0., 1., 1., 0., 1., 0., 1., 0.,
           1., 1.],
          [0., 0., 0., 0., 0., 0., 0., 0., 1., 1., 0., 1., 1., 1., 1., 0., 1.,
           0., 1.],
          [1., 1., 0., 1., 0., 1., 0., 1., 0., 0., 1., 0., 1., 1., 1., 1., 1.,
           1., 1.],
          [1., 1., 1., 1., 0., 0., 1., 1., 1., 1., 1., 1., 1., 1., 0., 1., 0.,
           1., 1.],
          [0., 1., 0., 1., 1., 0., 1., 0., 1., 0., 0., 1., 1., 0., 1., 1., 1.,
           0., 0.],
          [0., 0., 0., 0., 0., 0., 0., 1., 0., 1., 1., 1., 0., 0., 0., 0., 1.,
           0., 0.],
          [0., 0., 0., 1., 0., 1., 0., 1., 0., 0., 1., 1., 1., 0., 1., 0., 0.,
           1., 1.],
          [1., 0., 1., 1., 1., 0., 0., 0., 0., 0., 0., 1., 0., 0., 0., 1., 0.,
           0., 1.],
          [0., 0., 0., 0., 0., 1., 1., 1., 0., 0., 0., 1., 0., 0., 1., 0., 1.,
           1., 1.],
          [0., 0., 0., 0., 0., 0., 0., 1., 0., 1., 0., 0., 0., 1., 1., 1., 1.,
           0., 1.],
          [0., 0., 1., 1., 1., 1., 1., 1., 1., 1., 0., 1., 1., 0., 1., 0., 0.,
           1., 0.],
          [0., 0., 0., 1., 0., 1., 0., 0., 0., 0., 1., 1., 0., 0., 1., 0., 0.,
           0., 1.],
          [1., 1., 0., 0., 1., 1., 1., 1., 0., 1., 0., 1., 0., 1., 1., 1., 1.,
           0., 1.],
          [0., 0., 0., 0., 1., 0., 0., 0., 1., 1., 1., 1., 0., 0., 1., 0., 0.,
           0., 1.],
          [1., 0., 1., 1., 1., 1., 1., 0., 1., 0., 0., 1., 0., 0., 0., 1., 1.,
           0., 1.],
          [1., 1., 1., 0., 0., 1., 1., 0., 0., 1., 0., 1., 1., 0., 0., 1., 1.,
           0., 1.],
          [0., 1., 0., 0., 0., 1., 1., 0., 1., 0., 0., 1., 1., 0., 1., 1., 0.,
           0., 1.]]]], device='cuda:0'), tensor([[0.2174]], device='cuda:0'))
2026-01-08 17:18:46 - INFO - [ 9.9926859e-01 -1.0060879e-02 -6.2986551e-04  4.3113972e-03
 -6.2985992e-04  4.3113935e-03  8.5090411e-01 -1.8707785e-01]
2026-01-08 17:18:46 - INFO - (tensor([[[[0., 1., 0., 0., 0., 1., 0., 0., 0., 1., 0., 0., 0., 0., 1., 0., 1.,
           1., 1.],
          [0., 1., 0., 1., 1., 1., 1., 1., 1., 1., 1., 0., 0., 1., 1., 1., 0.,
           1., 0.],
          [0., 0., 0., 0., 1., 1., 1., 1., 1., 0., 1., 1., 0., 1., 0., 1., 0.,
           1., 1.],
          [0., 0., 0., 0., 0., 0., 0., 0., 1., 1., 0., 1., 1., 1., 1., 0., 1.,
           0., 1.],
          [1., 1., 0., 1., 0., 1., 0., 1., 0., 0., 1., 0., 1., 1., 1., 1., 1.,
           1., 1.],
          [1., 1., 1., 1., 0., 0., 1., 1., 1., 1., 1., 1., 1., 1., 0., 1., 0.,
           1., 1.],
          [0., 1., 0., 1., 1., 0., 1., 0., 1., 0., 0., 1., 1., 0., 1., 1., 1.,
           0., 0.],
          [0., 0., 0., 0., 0., 0., 0., 1., 0., 1., 1., 1., 0., 0., 0., 0., 1.,
           0., 0.],
          [0., 0., 0., 1., 0., 1., 0., 1., 0., 0., 1., 1., 1., 0., 1., 0., 0.,
           1., 1.],
          [1., 0., 1., 1., 1., 0., 0., 0., 0., 0., 0., 1., 0., 0., 0., 1., 0.,
           0., 1.],
          [0., 0., 0., 0., 0., 1., 1., 1., 0., 0., 0., 1., 0., 0., 1., 0., 1.,
           1., 1.],
          [0., 0., 0., 0., 0., 0., 0., 1., 0., 1., 0., 0., 0., 1., 1., 1., 1.,
           0., 1.],
          [0., 0., 1., 1., 1., 1., 1., 1., 1., 1., 0., 1., 1., 0., 1., 0., 0.,
           1., 0.],
          [0., 0., 0., 1., 0., 1., 0., 0., 0., 0., 1., 1., 0., 0., 1., 0., 0.,
           0., 1.],
          [1., 1., 0., 0., 1., 1., 1., 1., 0., 1., 0., 1., 0., 1., 1., 1., 1.,
           0., 1.],
          [0., 0., 0., 0., 1., 0., 0., 0., 1., 1., 1., 1., 0., 0., 1., 0., 0.,
           0., 1.],
          [1., 0., 1., 1., 1., 1., 1., 0., 1., 0., 0., 1., 0., 0., 0., 1., 1.,
           0., 1.],
          [1., 1., 1., 0., 0., 1., 1., 0., 0., 1., 0., 1., 1., 0., 0., 1., 1.,
           0., 1.],
          [0., 1., 0., 0., 0., 1., 1., 0., 1., 0., 0., 1., 1., 0., 1., 1., 0.,
           0., 1.]]]], device='cuda:0'), tensor([[0.2207]], device='cuda:0'))
2026-01-08 17:18:46 - INFO - [ 9.9925953e-01 -1.0354876e-02 -6.3255517e-04  4.3871608e-03
 -6.3256448e-04  4.3871570e-03  8.4958887e-01 -1.8843047e-01]
2026-01-08 17:18:46 - INFO - (tensor([[[[0., 1., 0., 0., 0., 1., 0., 0., 0., 1., 0., 0., 0., 0., 1., 0., 1.,
           1., 1.],
          [0., 1., 0., 1., 1., 1., 1., 1., 1., 1., 1., 0., 0., 1., 1., 1., 0.,
           1., 0.],
          [0., 0., 0., 0., 1., 1., 1., 1., 1., 0., 1., 1., 0., 1., 0., 1., 0.,
           1., 1.],
          [0., 0., 0., 0., 0., 0., 0., 0., 1., 1., 0., 1., 1., 1., 1., 0., 1.,
           0., 1.],
          [1., 1., 0., 1., 0., 1., 0., 1., 0., 0., 1., 0., 1., 1., 1., 1., 1.,
           1., 1.],
          [1., 1., 1., 1., 0., 0., 1., 1., 1., 1., 1., 1., 1., 1., 0., 1., 0.,
           1., 1.],
          [0., 1., 0., 1., 1., 0., 1., 0., 1., 0., 0., 1., 1., 0., 1., 1., 1.,
           0., 0.],
          [0., 0., 0., 0., 0., 0., 0., 1., 0., 1., 1., 1., 0., 0., 0., 0., 1.,
           0., 0.],
          [0., 0., 0., 1., 0., 1., 0., 1., 0., 0., 1., 1., 1., 0., 1., 0., 0.,
           1., 1.],
          [1., 0., 1., 1., 1., 0., 0., 0., 0., 0., 0., 1., 0., 0., 0., 1., 0.,
           0., 1.],
          [0., 0., 0., 0., 0., 1., 1., 1., 0., 0., 0., 1., 0., 0., 1., 0., 1.,
           1., 1.],
          [0., 0., 0., 0., 0., 0., 0., 1., 0., 1., 0., 0., 0., 1., 1., 1., 1.,
           0., 1.],
          [0., 0., 1., 1., 1., 1., 1., 1., 1., 1., 0., 1., 1., 0., 1., 0., 0.,
           1., 0.],
          [0., 0., 0., 1., 0., 1., 0., 0., 0., 0., 1., 1., 0., 0., 1., 0., 0.,
           0., 1.],
          [1., 1., 0., 0., 1., 1., 1., 1., 0., 1., 0., 1., 0., 1., 1., 1., 1.,
           0., 1.],
          [0., 0., 0., 0., 1., 0., 0., 0., 1., 1., 1., 1., 0., 0., 1., 0., 0.,
           0., 1.],
          [1., 0., 1., 1., 1., 1., 1., 0., 1., 0., 0., 1., 0., 0., 0., 1., 1.,
           0., 1.],
          [1., 1., 1., 0., 0., 1., 1., 0., 0., 1., 0., 1., 1., 0., 0., 1., 1.,
           0., 1.],
          [0., 1., 0., 0., 0., 1., 1., 0., 1., 0., 0., 1., 1., 0., 1., 1., 0.,
           0., 1.]]]], device='cuda:0'), tensor([[0.2241]], device='cuda:0'))
2026-01-08 17:18:46 - INFO - [ 9.9924988e-01 -1.0661943e-02 -6.3519267e-04  4.4647641e-03
 -6.3521689e-04  4.4647604e-03  8.4821558e-01 -1.8982346e-01]
2026-01-08 17:18:46 - INFO - (tensor([[[[0., 1., 0., 0., 0., 1., 0., 0., 0., 1., 0., 0., 0., 0., 1., 0., 1.,
           1., 1.],
          [0., 1., 0., 1., 1., 1., 1., 1., 1., 1., 1., 0., 0., 1., 1., 1., 0.,
           1., 0.],
          [0., 0., 0., 0., 1., 1., 1., 1., 1., 0., 1., 1., 0., 1., 0., 1., 0.,
           1., 1.],
          [0., 0., 0., 0., 0., 0., 0., 0., 1., 1., 0., 1., 1., 1., 1., 0., 1.,
           0., 1.],
          [1., 1., 0., 1., 0., 1., 0., 1., 0., 0., 1., 0., 1., 1., 1., 1., 1.,
           1., 1.],
          [1., 1., 1., 1., 0., 0., 1., 1., 1., 1., 1., 1., 1., 1., 0., 1., 0.,
           1., 1.],
          [0., 1., 0., 1., 1., 0., 1., 0., 1., 0., 0., 1., 1., 0., 1., 1., 1.,
           0., 0.],
          [0., 0., 0., 0., 0., 0., 0., 1., 0., 1., 1., 1., 0., 0., 0., 0., 1.,
           0., 0.],
          [0., 0., 0., 1., 0., 1., 0., 1., 0., 0., 1., 1., 1., 0., 1., 0., 0.,
           1., 1.],
          [1., 0., 1., 1., 1., 0., 0., 0., 0., 0., 0., 1., 0., 0., 0., 1., 0.,
           0., 1.],
          [0., 0., 0., 0., 0., 1., 1., 1., 0., 0., 0., 1., 0., 0., 1., 0., 1.,
           1., 1.],
          [0., 0., 0., 0., 0., 0., 0., 1., 0., 1., 0., 0., 0., 1., 1., 1., 1.,
           0., 1.],
          [0., 0., 1., 1., 1., 1., 1., 1., 1., 1., 0., 1., 1., 0., 1., 0., 0.,
           1., 0.],
          [0., 0., 0., 1., 0., 1., 0., 0., 0., 0., 1., 1., 0., 0., 1., 0., 0.,
           0., 1.],
          [1., 1., 0., 0., 1., 1., 1., 1., 0., 1., 0., 1., 0., 1., 1., 1., 1.,
           0., 1.],
          [0., 0., 0., 0., 1., 0., 0., 0., 1., 1., 1., 1., 0., 0., 1., 0., 0.,
           0., 1.],
          [1., 0., 1., 1., 1., 1., 1., 0., 1., 0., 0., 1., 0., 0., 0., 1., 1.,
           0., 1.],
          [1., 1., 1., 0., 0., 1., 1., 0., 0., 1., 0., 1., 1., 0., 0., 1., 1.,
           0., 1.],
          [0., 1., 0., 0., 0., 1., 1., 0., 1., 0., 0., 1., 1., 0., 1., 1., 0.,
           0., 1.]]]], device='cuda:0'), tensor([[0.2274]], device='cuda:0'))
2026-01-08 17:18:46 - INFO - [ 9.9924362e-01 -1.0857562e-02 -6.5174035e-04  4.5368136e-03
 -6.5174222e-04  4.5368061e-03  8.4723157e-01 -1.9103830e-01]
2026-01-08 17:18:46 - INFO - (tensor([[[[0., 1., 0., 0., 0., 1., 0., 0., 0., 1., 0., 0., 0., 0., 1., 0., 1.,
           1., 1.],
          [0., 1., 0., 1., 1., 1., 1., 1., 1., 1., 1., 0., 0., 1., 1., 1., 0.,
           1., 0.],
          [0., 0., 0., 0., 1., 1., 1., 1., 1., 0., 1., 1., 0., 1., 0., 1., 0.,
           1., 1.],
          [0., 0., 0., 0., 0., 0., 0., 0., 1., 1., 0., 1., 1., 1., 1., 0., 1.,
           0., 1.],
          [1., 1., 0., 1., 0., 1., 0., 1., 0., 0., 1., 0., 1., 1., 1., 1., 1.,
           1., 1.],
          [1., 1., 1., 1., 0., 0., 1., 1., 1., 1., 1., 1., 1., 1., 0., 1., 0.,
           1., 1.],
          [0., 1., 0., 1., 1., 0., 1., 0., 1., 0., 0., 1., 1., 0., 1., 1., 1.,
           0., 0.],
          [0., 0., 0., 0., 0., 0., 0., 1., 0., 1., 1., 1., 0., 0., 0., 0., 1.,
           0., 0.],
          [0., 0., 0., 1., 0., 1., 0., 1., 0., 0., 1., 1., 1., 0., 1., 0., 0.,
           1., 1.],
          [1., 0., 1., 1., 1., 0., 0., 0., 0., 0., 0., 1., 0., 0., 0., 1., 0.,
           0., 1.],
          [0., 0., 0., 0., 0., 1., 1., 1., 0., 0., 0., 1., 0., 0., 1., 0., 1.,
           1., 1.],
          [0., 0., 0., 0., 0., 0., 0., 1., 0., 1., 0., 0., 0., 1., 1., 1., 1.,
           0., 1.],
          [0., 0., 1., 1., 1., 1., 1., 1., 1., 1., 0., 1., 1., 0., 1., 0., 0.,
           1., 0.],
          [0., 0., 0., 1., 0., 1., 0., 0., 0., 0., 1., 1., 0., 0., 1., 0., 0.,
           0., 1.],
          [1., 1., 0., 0., 1., 1., 1., 1., 0., 1., 0., 1., 0., 1., 1., 1., 1.,
           0., 1.],
          [0., 0., 0., 0., 1., 0., 0., 0., 1., 1., 1., 1., 0., 0., 1., 0., 0.,
           0., 1.],
          [1., 0., 1., 1., 1., 1., 1., 0., 1., 0., 0., 1., 0., 0., 0., 1., 1.,
           0., 1.],
          [1., 1., 1., 0., 0., 1., 1., 0., 0., 1., 0., 1., 1., 0., 0., 1., 1.,
           0., 1.],
          [0., 1., 0., 0., 0., 1., 1., 0., 1., 0., 0., 1., 1., 0., 1., 1., 0.,
           0., 1.]]]], device='cuda:0'), tensor([[0.2308]], device='cuda:0'))
2026-01-08 17:18:46 - INFO - [ 9.9923855e-01 -1.0846215e-02 -6.7620061e-04  4.5594666e-03
 -6.7619502e-04  4.5594592e-03  8.4643817e-01 -1.9202149e-01]
2026-01-08 17:18:46 - INFO - (tensor([[[[0., 1., 0., 0., 0., 1., 0., 0., 0., 1., 0., 0., 0., 0., 1., 0., 1.,
           1., 1.],
          [0., 1., 0., 1., 1., 1., 1., 1., 1., 1., 1., 0., 0., 1., 1., 1., 0.,
           1., 0.],
          [0., 0., 0., 0., 1., 1., 1., 1., 1., 0., 1., 1., 0., 1., 0., 1., 0.,
           1., 1.],
          [0., 0., 0., 0., 0., 0., 0., 0., 1., 1., 0., 1., 1., 1., 1., 0., 1.,
           0., 1.],
          [1., 1., 0., 1., 0., 1., 0., 1., 0., 0., 1., 0., 1., 1., 1., 1., 1.,
           1., 1.],
          [1., 1., 1., 1., 0., 0., 1., 1., 1., 1., 1., 1., 1., 1., 0., 1., 0.,
           1., 1.],
          [0., 1., 0., 1., 1., 0., 1., 0., 1., 0., 0., 1., 1., 0., 1., 1., 1.,
           0., 0.],
          [0., 0., 0., 0., 0., 0., 0., 1., 0., 1., 1., 1., 0., 0., 0., 0., 1.,
           0., 0.],
          [0., 0., 0., 1., 0., 1., 0., 1., 0., 0., 1., 1., 1., 0., 1., 0., 0.,
           1., 1.],
          [1., 0., 1., 1., 1., 0., 0., 0., 0., 0., 0., 1., 0., 0., 0., 1., 0.,
           0., 1.],
          [0., 0., 0., 0., 0., 1., 1., 1., 0., 0., 0., 1., 0., 0., 1., 0., 1.,
           1., 1.],
          [0., 0., 0., 0., 0., 0., 0., 1., 0., 1., 0., 0., 0., 1., 1., 1., 1.,
           0., 1.],
          [0., 0., 1., 1., 1., 1., 1., 1., 1., 1., 0., 1., 1., 0., 1., 0., 0.,
           1., 0.],
          [0., 0., 0., 1., 0., 1., 0., 0., 0., 0., 1., 1., 0., 0., 1., 0., 0.,
           0., 1.],
          [1., 1., 0., 0., 1., 1., 1., 1., 0., 1., 0., 1., 0., 1., 1., 1., 1.,
           0., 1.],
          [0., 0., 0., 0., 1., 0., 0., 0., 1., 1., 1., 1., 0., 0., 1., 0., 0.,
           0., 1.],
          [1., 0., 1., 1., 1., 1., 1., 0., 1., 0., 0., 1., 0., 0., 0., 1., 1.,
           0., 1.],
          [1., 1., 1., 0., 0., 1., 1., 0., 0., 1., 0., 1., 1., 0., 0., 1., 1.,
           0., 1.],
          [0., 1., 0., 0., 0., 1., 1., 0., 1., 0., 0., 1., 1., 0., 1., 1., 0.,
           0., 1.]]]], device='cuda:0'), tensor([[0.2341]], device='cuda:0'))
2026-01-08 17:18:46 - INFO - [ 9.9923283e-01 -1.0876327e-02 -6.8816624e-04  4.5558009e-03
 -6.8816810e-04  4.5558047e-03  8.4554356e-01 -1.9305326e-01]
2026-01-08 17:18:46 - INFO - (tensor([[[[0., 1., 0., 0., 0., 1., 0., 0., 0., 1., 0., 0., 0., 0., 1., 0., 1.,
           1., 1.],
          [0., 1., 0., 1., 1., 1., 1., 1., 1., 1., 1., 0., 0., 1., 1., 1., 0.,
           1., 0.],
          [0., 0., 0., 0., 1., 1., 1., 1., 1., 0., 1., 1., 0., 1., 0., 1., 0.,
           1., 1.],
          [0., 0., 0., 0., 0., 0., 0., 0., 1., 1., 0., 1., 1., 1., 1., 0., 1.,
           0., 1.],
          [1., 1., 0., 1., 0., 1., 0., 1., 0., 0., 1., 0., 1., 1., 1., 1., 1.,
           1., 1.],
          [1., 1., 1., 1., 0., 0., 1., 1., 1., 1., 1., 1., 1., 1., 0., 1., 0.,
           1., 1.],
          [0., 1., 0., 1., 1., 0., 1., 0., 1., 0., 0., 1., 1., 0., 1., 1., 1.,
           0., 0.],
          [0., 0., 0., 0., 0., 0., 0., 1., 0., 1., 1., 1., 0., 0., 0., 0., 1.,
           0., 0.],
          [0., 0., 0., 1., 0., 1., 0., 1., 0., 0., 1., 1., 1., 0., 1., 0., 0.,
           1., 1.],
          [1., 0., 1., 1., 1., 0., 0., 0., 0., 0., 0., 1., 0., 0., 0., 1., 0.,
           0., 1.],
          [0., 0., 0., 0., 0., 1., 1., 1., 0., 0., 0., 1., 0., 0., 1., 0., 1.,
           1., 1.],
          [0., 0., 0., 0., 0., 0., 0., 1., 0., 1., 0., 0., 0., 1., 1., 1., 1.,
           0., 1.],
          [0., 0., 1., 1., 1., 1., 1., 1., 1., 1., 0., 1., 1., 0., 1., 0., 0.,
           1., 0.],
          [0., 0., 0., 1., 0., 1., 0., 0., 0., 0., 1., 1., 0., 0., 1., 0., 0.,
           0., 1.],
          [1., 1., 0., 0., 1., 1., 1., 1., 0., 1., 0., 1., 0., 1., 1., 1., 1.,
           0., 1.],
          [0., 0., 0., 0., 1., 0., 0., 0., 1., 1., 1., 1., 0., 0., 1., 0., 0.,
           0., 1.],
          [1., 0., 1., 1., 1., 1., 1., 0., 1., 0., 0., 1., 0., 0., 0., 1., 1.,
           0., 1.],
          [1., 1., 1., 0., 0., 1., 1., 0., 0., 1., 0., 1., 1., 0., 0., 1., 1.,
           0., 1.],
          [0., 1., 0., 0., 0., 1., 1., 0., 1., 0., 0., 1., 1., 0., 1., 1., 0.,
           0., 1.]]]], device='cuda:0'), tensor([[0.2375]], device='cuda:0'))
2026-01-08 17:18:46 - INFO - [ 9.9922663e-01 -1.0925782e-02 -6.9442473e-04  4.5529660e-03
 -6.9441169e-04  4.5529660e-03  8.4457254e-01 -1.9415078e-01]
2026-01-08 17:18:46 - INFO - (tensor([[[[0., 1., 0., 0., 0., 1., 0., 0., 0., 1., 0., 0., 0., 0., 1., 0., 1.,
           1., 1.],
          [0., 1., 0., 1., 1., 1., 1., 1., 1., 1., 1., 0., 0., 1., 1., 1., 0.,
           1., 0.],
          [0., 0., 0., 0., 1., 1., 1., 1., 1., 0., 1., 1., 0., 1., 0., 1., 0.,
           1., 1.],
          [0., 0., 0., 0., 0., 0., 0., 0., 1., 1., 0., 1., 1., 1., 1., 0., 1.,
           0., 1.],
          [1., 1., 0., 1., 0., 1., 0., 1., 0., 0., 1., 0., 1., 1., 1., 1., 1.,
           1., 1.],
          [1., 1., 1., 1., 0., 0., 1., 1., 1., 1., 1., 1., 1., 1., 0., 1., 0.,
           1., 1.],
          [0., 1., 0., 1., 1., 0., 1., 0., 1., 0., 0., 1., 1., 0., 1., 1., 1.,
           0., 0.],
          [0., 0., 0., 0., 0., 0., 0., 1., 0., 1., 1., 1., 0., 0., 0., 0., 1.,
           0., 0.],
          [0., 0., 0., 1., 0., 1., 0., 1., 0., 0., 1., 1., 1., 0., 1., 0., 0.,
           1., 1.],
          [1., 0., 1., 1., 1., 0., 0., 0., 0., 0., 0., 1., 0., 0., 0., 1., 0.,
           0., 1.],
          [0., 0., 0., 0., 0., 1., 1., 1., 0., 0., 0., 1., 0., 0., 1., 0., 1.,
           1., 1.],
          [0., 0., 0., 0., 0., 0., 0., 1., 0., 1., 0., 0., 0., 1., 1., 1., 1.,
           0., 1.],
          [0., 0., 1., 1., 1., 1., 1., 1., 1., 1., 0., 1., 1., 0., 1., 0., 0.,
           1., 0.],
          [0., 0., 0., 1., 0., 1., 0., 0., 0., 0., 1., 1., 0., 0., 1., 0., 0.,
           0., 1.],
          [1., 1., 0., 0., 1., 1., 1., 1., 0., 1., 0., 1., 0., 1., 1., 1., 1.,
           0., 1.],
          [0., 0., 0., 0., 1., 0., 0., 0., 1., 1., 1., 1., 0., 0., 1., 0., 0.,
           0., 1.],
          [1., 0., 1., 1., 1., 1., 1., 0., 1., 0., 0., 1., 0., 0., 0., 1., 1.,
           0., 1.],
          [1., 1., 1., 0., 0., 1., 1., 0., 0., 1., 0., 1., 1., 0., 0., 1., 1.,
           0., 1.],
          [0., 1., 0., 0., 0., 1., 1., 0., 1., 0., 0., 1., 1., 0., 1., 1., 0.,
           0., 1.]]]], device='cuda:0'), tensor([[0.2408]], device='cuda:0'))
2026-01-08 17:18:46 - INFO - [ 9.9922031e-01 -1.0975304e-02 -6.9937191e-04  4.5530219e-03
 -6.9938123e-04  4.5530256e-03  8.4360397e-01 -1.9524847e-01]
2026-01-08 17:18:46 - INFO - (tensor([[[[0., 1., 0., 0., 0., 1., 0., 0., 0., 1., 0., 0., 0., 0., 1., 0., 1.,
           1., 1.],
          [0., 1., 0., 1., 1., 1., 1., 1., 1., 1., 1., 0., 0., 1., 1., 1., 0.,
           1., 0.],
          [0., 0., 0., 0., 1., 1., 1., 1., 1., 0., 1., 1., 0., 1., 0., 1., 0.,
           1., 1.],
          [0., 0., 0., 0., 0., 0., 0., 0., 1., 1., 0., 1., 1., 1., 1., 0., 1.,
           0., 1.],
          [1., 1., 0., 1., 0., 1., 0., 1., 0., 0., 1., 0., 1., 1., 1., 1., 1.,
           1., 1.],
          [1., 1., 1., 1., 0., 0., 1., 1., 1., 1., 1., 1., 1., 1., 0., 1., 0.,
           1., 1.],
          [0., 1., 0., 1., 1., 0., 1., 0., 1., 0., 0., 1., 1., 0., 1., 1., 1.,
           0., 0.],
          [0., 0., 0., 0., 0., 0., 0., 1., 0., 1., 1., 1., 0., 0., 0., 0., 1.,
           0., 0.],
          [0., 0., 0., 1., 0., 1., 0., 1., 0., 0., 1., 1., 1., 0., 1., 0., 0.,
           1., 1.],
          [1., 0., 1., 1., 1., 0., 0., 0., 0., 0., 0., 1., 0., 0., 0., 1., 0.,
           0., 1.],
          [0., 0., 0., 0., 0., 1., 1., 1., 0., 0., 0., 1., 0., 0., 1., 0., 1.,
           1., 1.],
          [0., 0., 0., 0., 0., 0., 0., 1., 0., 1., 0., 0., 0., 1., 1., 1., 1.,
           0., 1.],
          [0., 0., 1., 1., 1., 1., 1., 1., 1., 1., 0., 1., 1., 0., 1., 0., 0.,
           1., 0.],
          [0., 0., 0., 1., 0., 1., 0., 0., 0., 0., 1., 1., 0., 0., 1., 0., 0.,
           0., 1.],
          [1., 1., 0., 0., 1., 1., 1., 1., 0., 1., 0., 1., 0., 1., 1., 1., 1.,
           0., 1.],
          [0., 0., 0., 0., 1., 0., 0., 0., 1., 1., 1., 1., 0., 0., 1., 0., 0.,
           0., 1.],
          [1., 0., 1., 1., 1., 1., 1., 0., 1., 0., 0., 1., 0., 0., 0., 1., 1.,
           0., 1.],
          [1., 1., 1., 0., 0., 1., 1., 0., 0., 1., 0., 1., 1., 0., 0., 1., 1.,
           0., 1.],
          [0., 1., 0., 0., 0., 1., 1., 0., 1., 0., 0., 1., 1., 0., 1., 1., 0.,
           0., 1.]]]], device='cuda:0'), tensor([[0.2441]], device='cuda:0'))
2026-01-08 17:18:46 - INFO - [ 9.9921381e-01 -1.1026453e-02 -7.0229999e-04  4.5588706e-03
 -7.0230931e-04  4.5588743e-03  8.4268332e-01 -1.9628842e-01]
2026-01-08 17:18:46 - INFO - (tensor([[[[0., 1., 0., 0., 0., 1., 0., 0., 0., 1., 0., 0., 0., 0., 1., 0., 1.,
           1., 1.],
          [0., 1., 0., 1., 1., 1., 1., 1., 1., 1., 1., 0., 0., 1., 1., 1., 0.,
           1., 0.],
          [0., 0., 0., 0., 1., 1., 1., 1., 1., 0., 1., 1., 0., 1., 0., 1., 0.,
           1., 1.],
          [0., 0., 0., 0., 0., 0., 0., 0., 1., 1., 0., 1., 1., 1., 1., 0., 1.,
           0., 1.],
          [1., 1., 0., 1., 0., 1., 0., 1., 0., 0., 1., 0., 1., 1., 1., 1., 1.,
           1., 1.],
          [1., 1., 1., 1., 0., 0., 1., 1., 1., 1., 1., 1., 1., 1., 0., 1., 0.,
           1., 1.],
          [0., 1., 0., 1., 1., 0., 1., 0., 1., 0., 0., 1., 1., 0., 1., 1., 1.,
           0., 0.],
          [0., 0., 0., 0., 0., 0., 0., 1., 0., 1., 1., 1., 0., 0., 0., 0., 1.,
           0., 0.],
          [0., 0., 0., 1., 0., 1., 0., 1., 0., 0., 1., 1., 1., 0., 1., 0., 0.,
           1., 1.],
          [1., 0., 1., 1., 1., 0., 0., 0., 0., 0., 0., 1., 0., 0., 0., 1., 0.,
           0., 1.],
          [0., 0., 0., 0., 0., 1., 1., 1., 0., 0., 0., 1., 0., 0., 1., 0., 1.,
           1., 1.],
          [0., 0., 0., 0., 0., 0., 0., 1., 0., 1., 0., 0., 0., 1., 1., 1., 1.,
           0., 1.],
          [0., 0., 1., 1., 1., 1., 1., 1., 1., 1., 0., 1., 1., 0., 1., 0., 0.,
           1., 0.],
          [0., 0., 0., 1., 0., 1., 0., 0., 0., 0., 1., 1., 0., 0., 1., 0., 0.,
           0., 1.],
          [1., 1., 0., 0., 1., 1., 1., 1., 0., 1., 0., 1., 0., 1., 1., 1., 1.,
           0., 1.],
          [0., 0., 0., 0., 1., 0., 0., 0., 1., 1., 1., 1., 0., 0., 1., 0., 0.,
           0., 1.],
          [1., 0., 1., 1., 1., 1., 1., 0., 1., 0., 0., 1., 0., 0., 0., 1., 1.,
           0., 1.],
          [1., 1., 1., 0., 0., 1., 1., 0., 0., 1., 0., 1., 1., 0., 0., 1., 1.,
           0., 1.],
          [0., 1., 0., 0., 0., 1., 1., 0., 1., 0., 0., 1., 1., 0., 1., 1., 0.,
           0., 1.]]]], device='cuda:0'), tensor([[0.2475]], device='cuda:0'))
2026-01-08 17:18:46 - INFO - [ 9.9920732e-01 -1.1081875e-02 -7.0437870e-04  4.5640860e-03
 -7.0438057e-04  4.5640934e-03  8.4174854e-01 -1.9733992e-01]
2026-01-08 17:18:46 - INFO - (tensor([[[[0., 1., 0., 0., 0., 1., 0., 0., 0., 1., 0., 0., 0., 0., 1., 0., 1.,
           1., 1.],
          [0., 1., 0., 1., 1., 1., 1., 1., 1., 1., 1., 0., 0., 1., 1., 1., 0.,
           1., 0.],
          [0., 0., 0., 0., 1., 1., 1., 1., 1., 0., 1., 1., 0., 1., 0., 1., 0.,
           1., 1.],
          [0., 0., 0., 0., 0., 0., 0., 0., 1., 1., 0., 1., 1., 1., 1., 0., 1.,
           0., 1.],
          [1., 1., 0., 1., 0., 1., 0., 1., 0., 0., 1., 0., 1., 1., 1., 1., 1.,
           1., 1.],
          [1., 1., 1., 1., 0., 0., 1., 1., 1., 1., 1., 1., 1., 1., 0., 1., 0.,
           1., 1.],
          [0., 1., 0., 1., 1., 0., 1., 0., 1., 0., 0., 1., 1., 0., 1., 1., 1.,
           0., 0.],
          [0., 0., 0., 0., 0., 0., 0., 1., 0., 1., 1., 1., 0., 0., 0., 0., 1.,
           0., 0.],
          [0., 0., 0., 1., 0., 1., 0., 1., 0., 0., 1., 1., 1., 0., 1., 0., 0.,
           1., 1.],
          [1., 0., 1., 1., 1., 0., 0., 0., 0., 0., 0., 1., 0., 0., 0., 1., 0.,
           0., 1.],
          [0., 0., 0., 0., 0., 1., 1., 1., 0., 0., 0., 1., 0., 0., 1., 0., 1.,
           1., 1.],
          [0., 0., 0., 0., 0., 0., 0., 1., 0., 1., 0., 0., 0., 1., 1., 1., 1.,
           0., 1.],
          [0., 0., 1., 1., 1., 1., 1., 1., 1., 1., 0., 1., 1., 0., 1., 0., 0.,
           1., 0.],
          [0., 0., 0., 1., 0., 1., 0., 0., 0., 0., 1., 1., 0., 0., 1., 0., 0.,
           0., 1.],
          [1., 1., 0., 0., 1., 1., 1., 1., 0., 1., 0., 1., 0., 1., 1., 1., 1.,
           0., 1.],
          [0., 0., 0., 0., 1., 0., 0., 0., 1., 1., 1., 1., 0., 0., 1., 0., 0.,
           0., 1.],
          [1., 0., 1., 1., 1., 1., 1., 0., 1., 0., 0., 1., 0., 0., 0., 1., 1.,
           0., 1.],
          [1., 1., 1., 0., 0., 1., 1., 0., 0., 1., 0., 1., 1., 0., 0., 1., 1.,
           0., 1.],
          [0., 1., 0., 0., 0., 1., 1., 0., 1., 0., 0., 1., 1., 0., 1., 1., 0.,
           0., 1.]]]], device='cuda:0'), tensor([[0.2508]], device='cuda:0'))
2026-01-08 17:18:46 - INFO - [ 9.9920040e-01 -1.1160264e-02 -7.0788048e-04  4.5743301e-03
 -7.0788234e-04  4.5743263e-03  8.4066790e-01 -1.9851772e-01]
2026-01-08 17:18:46 - INFO - (tensor([[[[0., 1., 0., 0., 0., 1., 0., 0., 0., 1., 0., 0., 0., 0., 1., 0., 1.,
           1., 1.],
          [0., 1., 0., 1., 1., 1., 1., 1., 1., 1., 1., 0., 0., 1., 1., 1., 0.,
           1., 0.],
          [0., 0., 0., 0., 1., 1., 1., 1., 1., 0., 1., 1., 0., 1., 0., 1., 0.,
           1., 1.],
          [0., 0., 0., 0., 0., 0., 0., 0., 1., 1., 0., 1., 1., 1., 1., 0., 1.,
           0., 1.],
          [1., 1., 0., 1., 0., 1., 0., 1., 0., 0., 1., 0., 1., 1., 1., 1., 1.,
           1., 1.],
          [1., 1., 1., 1., 0., 0., 1., 1., 1., 1., 1., 1., 1., 1., 0., 1., 0.,
           1., 1.],
          [0., 1., 0., 1., 1., 0., 1., 0., 1., 0., 0., 1., 1., 0., 1., 1., 1.,
           0., 0.],
          [0., 0., 0., 0., 0., 0., 0., 1., 0., 1., 1., 1., 0., 0., 0., 0., 1.,
           0., 0.],
          [0., 0., 0., 1., 0., 1., 0., 1., 0., 0., 1., 1., 1., 0., 1., 0., 0.,
           1., 1.],
          [1., 0., 1., 1., 1., 0., 0., 0., 0., 0., 0., 1., 0., 0., 0., 1., 0.,
           0., 1.],
          [0., 0., 0., 0., 0., 1., 1., 1., 0., 0., 0., 1., 0., 0., 1., 0., 1.,
           1., 1.],
          [0., 0., 0., 0., 0., 0., 0., 1., 0., 1., 0., 0., 0., 1., 1., 1., 1.,
           0., 1.],
          [0., 0., 1., 1., 1., 1., 1., 1., 1., 1., 0., 1., 1., 0., 1., 0., 0.,
           1., 0.],
          [0., 0., 0., 1., 0., 1., 0., 0., 0., 0., 1., 1., 0., 0., 1., 0., 0.,
           0., 1.],
          [1., 1., 0., 0., 1., 1., 1., 1., 0., 1., 0., 1., 0., 1., 1., 1., 1.,
           0., 1.],
          [0., 0., 0., 0., 1., 0., 0., 0., 1., 1., 1., 1., 0., 0., 1., 0., 0.,
           0., 1.],
          [1., 0., 1., 1., 1., 1., 1., 0., 1., 0., 0., 1., 0., 0., 0., 1., 1.,
           0., 1.],
          [1., 1., 1., 0., 0., 1., 1., 0., 0., 1., 0., 1., 1., 0., 0., 1., 1.,
           0., 1.],
          [0., 1., 0., 0., 0., 1., 1., 0., 1., 0., 0., 1., 1., 0., 1., 1., 0.,
           0., 1.]]]], device='cuda:0'), tensor([[0.2542]], device='cuda:0'))
2026-01-08 17:18:46 - INFO - [ 9.9919081e-01 -1.1282174e-02 -7.0639781e-04  4.6018185e-03
 -7.0640713e-04  4.6018260e-03  8.3928001e-01 -1.9993868e-01]
2026-01-08 17:18:46 - INFO - (tensor([[[[0., 1., 0., 0., 0., 1., 0., 0., 0., 1., 0., 0., 0., 0., 1., 0., 1.,
           1., 1.],
          [0., 1., 0., 1., 1., 1., 1., 1., 1., 1., 1., 0., 0., 1., 1., 1., 0.,
           1., 0.],
          [0., 0., 0., 0., 1., 1., 1., 1., 1., 0., 1., 1., 0., 1., 0., 1., 0.,
           1., 1.],
          [0., 0., 0., 0., 0., 0., 0., 0., 1., 1., 0., 1., 1., 1., 1., 0., 1.,
           0., 1.],
          [1., 1., 0., 1., 0., 1., 0., 1., 0., 0., 1., 0., 1., 1., 1., 1., 1.,
           1., 1.],
          [1., 1., 1., 1., 0., 0., 1., 1., 1., 1., 1., 1., 1., 1., 0., 1., 0.,
           1., 1.],
          [0., 1., 0., 1., 1., 0., 1., 0., 1., 0., 0., 1., 1., 0., 1., 1., 1.,
           0., 0.],
          [0., 0., 0., 0., 0., 0., 0., 1., 0., 1., 1., 1., 0., 0., 0., 0., 1.,
           0., 0.],
          [0., 0., 0., 1., 0., 1., 0., 1., 0., 0., 1., 1., 1., 0., 1., 0., 0.,
           1., 1.],
          [1., 0., 1., 1., 1., 0., 0., 0., 0., 0., 0., 1., 0., 0., 0., 1., 0.,
           0., 1.],
          [0., 0., 0., 0., 0., 1., 1., 1., 0., 0., 0., 1., 0., 0., 1., 0., 1.,
           1., 1.],
          [0., 0., 0., 0., 0., 0., 0., 1., 0., 1., 0., 0., 0., 1., 1., 1., 1.,
           0., 1.],
          [0., 0., 1., 1., 1., 1., 1., 1., 1., 1., 0., 1., 1., 0., 1., 0., 0.,
           1., 0.],
          [0., 0., 0., 1., 0., 1., 0., 0., 0., 0., 1., 1., 0., 0., 1., 0., 0.,
           0., 1.],
          [1., 1., 0., 0., 1., 1., 1., 1., 0., 1., 0., 1., 0., 1., 1., 1., 1.,
           0., 1.],
          [0., 0., 0., 0., 1., 0., 0., 0., 1., 1., 1., 1., 0., 0., 1., 0., 0.,
           0., 1.],
          [1., 0., 1., 1., 1., 1., 1., 0., 1., 0., 0., 1., 0., 0., 0., 1., 1.,
           0., 1.],
          [1., 1., 1., 0., 0., 1., 1., 0., 0., 1., 0., 1., 1., 0., 0., 1., 1.,
           0., 1.],
          [0., 1., 0., 0., 0., 1., 1., 0., 1., 0., 0., 1., 1., 0., 1., 1., 0.,
           0., 1.]]]], device='cuda:0'), tensor([[0.2575]], device='cuda:0'))
2026-01-08 17:18:46 - INFO - [ 9.9918002e-01 -1.1416390e-02 -7.1078620e-04  4.6369513e-03
 -7.1078807e-04  4.6369513e-03  8.3805448e-01 -2.0124993e-01]
2026-01-08 17:18:46 - INFO - (tensor([[[[0., 1., 0., 0., 0., 1., 0., 0., 0., 1., 0., 0., 0., 0., 1., 0., 1.,
           1., 1.],
          [0., 1., 0., 1., 1., 1., 1., 1., 1., 1., 1., 0., 0., 1., 1., 1., 0.,
           1., 0.],
          [0., 0., 0., 0., 1., 1., 1., 1., 1., 0., 1., 1., 0., 1., 0., 1., 0.,
           1., 1.],
          [0., 0., 0., 0., 0., 0., 0., 0., 1., 1., 0., 1., 1., 1., 1., 0., 1.,
           0., 1.],
          [1., 1., 0., 1., 0., 1., 0., 1., 0., 0., 1., 0., 1., 1., 1., 1., 1.,
           1., 1.],
          [1., 1., 1., 1., 0., 0., 1., 1., 1., 1., 1., 1., 1., 1., 0., 1., 0.,
           1., 1.],
          [0., 1., 0., 1., 1., 0., 1., 0., 1., 0., 0., 1., 1., 0., 1., 1., 1.,
           0., 0.],
          [0., 0., 0., 0., 0., 0., 0., 1., 0., 1., 1., 1., 0., 0., 0., 0., 1.,
           0., 0.],
          [0., 0., 0., 1., 0., 1., 0., 1., 0., 0., 1., 1., 1., 0., 1., 0., 0.,
           1., 1.],
          [1., 0., 1., 1., 1., 0., 0., 0., 0., 0., 0., 1., 0., 0., 0., 1., 0.,
           0., 1.],
          [0., 0., 0., 0., 0., 1., 1., 1., 0., 0., 0., 1., 0., 0., 1., 0., 1.,
           1., 1.],
          [0., 0., 0., 0., 0., 0., 0., 1., 0., 1., 0., 0., 0., 1., 1., 1., 1.,
           0., 1.],
          [0., 0., 1., 1., 1., 1., 1., 1., 1., 1., 0., 1., 1., 0., 1., 0., 0.,
           1., 0.],
          [0., 0., 0., 1., 0., 1., 0., 0., 0., 0., 1., 1., 0., 0., 1., 0., 0.,
           0., 1.],
          [1., 1., 0., 0., 1., 1., 1., 1., 0., 1., 0., 1., 0., 1., 1., 1., 1.,
           0., 1.],
          [0., 0., 0., 0., 1., 0., 0., 0., 1., 1., 1., 1., 0., 0., 1., 0., 0.,
           0., 1.],
          [1., 0., 1., 1., 1., 1., 1., 0., 1., 0., 0., 1., 0., 0., 0., 1., 1.,
           0., 1.],
          [1., 1., 1., 0., 0., 1., 1., 0., 0., 1., 0., 1., 1., 0., 0., 1., 1.,
           0., 1.],
          [0., 1., 0., 0., 0., 1., 1., 0., 1., 0., 0., 1., 1., 0., 1., 1., 0.,
           0., 1.]]]], device='cuda:0'), tensor([[0.2609]], device='cuda:0'))
2026-01-08 17:18:46 - INFO - [ 9.9917126e-01 -1.1570187e-02 -7.3278032e-04  4.5840642e-03
 -7.3278218e-04  4.5840605e-03  8.3700836e-01 -2.0228456e-01]
2026-01-08 17:18:46 - INFO - (tensor([[[[0., 1., 0., 0., 0., 1., 0., 0., 0., 1., 0., 0., 0., 0., 1., 0., 1.,
           1., 1.],
          [0., 1., 0., 1., 1., 1., 1., 1., 1., 1., 1., 0., 0., 1., 1., 1., 0.,
           1., 0.],
          [0., 0., 0., 0., 1., 1., 1., 1., 1., 0., 1., 1., 0., 1., 0., 1., 0.,
           1., 1.],
          [0., 0., 0., 0., 0., 0., 0., 0., 1., 1., 0., 1., 1., 1., 1., 0., 1.,
           0., 1.],
          [1., 1., 0., 1., 0., 1., 0., 1., 0., 0., 1., 0., 1., 1., 1., 1., 1.,
           1., 1.],
          [1., 1., 1., 1., 0., 0., 1., 1., 1., 1., 1., 1., 1., 1., 0., 1., 0.,
           1., 1.],
          [0., 1., 0., 1., 1., 0., 1., 0., 1., 0., 0., 1., 1., 0., 1., 1., 1.,
           0., 0.],
          [0., 0., 0., 0., 0., 0., 0., 1., 0., 1., 1., 1., 0., 0., 0., 0., 1.,
           0., 0.],
          [0., 0., 0., 1., 0., 1., 0., 1., 0., 0., 1., 1., 1., 0., 1., 0., 0.,
           1., 1.],
          [1., 0., 1., 1., 1., 0., 0., 0., 0., 0., 0., 1., 0., 0., 0., 1., 0.,
           0., 1.],
          [0., 0., 0., 0., 0., 1., 1., 1., 0., 0., 0., 1., 0., 0., 1., 0., 1.,
           1., 1.],
          [0., 0., 0., 0., 0., 0., 0., 1., 0., 1., 0., 0., 0., 1., 1., 1., 1.,
           0., 1.],
          [0., 0., 1., 1., 1., 1., 1., 1., 1., 1., 0., 1., 1., 0., 1., 0., 0.,
           1., 0.],
          [0., 0., 0., 1., 0., 1., 0., 0., 0., 0., 1., 1., 0., 0., 1., 0., 0.,
           0., 1.],
          [1., 1., 0., 0., 1., 1., 1., 1., 0., 1., 0., 1., 0., 1., 1., 1., 1.,
           0., 1.],
          [0., 0., 0., 0., 1., 0., 0., 0., 1., 1., 1., 1., 0., 0., 1., 0., 0.,
           0., 1.],
          [1., 0., 1., 1., 1., 1., 1., 0., 1., 0., 0., 1., 0., 0., 0., 1., 1.,
           0., 1.],
          [1., 1., 1., 0., 0., 1., 1., 0., 0., 1., 0., 1., 1., 0., 0., 1., 1.,
           0., 1.],
          [0., 1., 0., 0., 0., 1., 1., 0., 1., 0., 0., 1., 1., 0., 1., 1., 0.,
           0., 1.]]]], device='cuda:0'), tensor([[0.2642]], device='cuda:0'))
2026-01-08 17:18:46 - INFO - [ 9.9916524e-01 -1.1716835e-02 -7.5437210e-04  4.5552868e-03
 -7.5437396e-04  4.5552906e-03  8.3605200e-01 -2.0327240e-01]
2026-01-08 17:18:46 - INFO - (tensor([[[[0., 1., 0., 0., 0., 1., 0., 0., 0., 1., 0., 0., 0., 0., 1., 0., 1.,
           1., 1.],
          [0., 1., 0., 1., 1., 1., 1., 1., 1., 1., 1., 0., 0., 1., 1., 1., 0.,
           1., 0.],
          [0., 0., 0., 0., 1., 1., 1., 1., 1., 0., 1., 1., 0., 1., 0., 1., 0.,
           1., 1.],
          [0., 0., 0., 0., 0., 0., 0., 0., 1., 1., 0., 1., 1., 1., 1., 0., 1.,
           0., 1.],
          [1., 1., 0., 1., 0., 1., 0., 1., 0., 0., 1., 0., 1., 1., 1., 1., 1.,
           1., 1.],
          [1., 1., 1., 1., 0., 0., 1., 1., 1., 1., 1., 1., 1., 1., 0., 1., 0.,
           1., 1.],
          [0., 1., 0., 1., 1., 0., 1., 0., 1., 0., 0., 1., 1., 0., 1., 1., 1.,
           0., 0.],
          [0., 0., 0., 0., 0., 0., 0., 1., 0., 1., 1., 1., 0., 0., 0., 0., 1.,
           0., 0.],
          [0., 0., 0., 1., 0., 1., 0., 1., 0., 0., 1., 1., 1., 0., 1., 0., 0.,
           1., 1.],
          [1., 0., 1., 1., 1., 0., 0., 0., 0., 0., 0., 1., 0., 0., 0., 1., 0.,
           0., 1.],
          [0., 0., 0., 0., 0., 1., 1., 1., 0., 0., 0., 1., 0., 0., 1., 0., 1.,
           1., 1.],
          [0., 0., 0., 0., 0., 0., 0., 1., 0., 1., 0., 0., 0., 1., 1., 1., 1.,
           0., 1.],
          [0., 0., 1., 1., 1., 1., 1., 1., 1., 1., 0., 1., 1., 0., 1., 0., 0.,
           1., 0.],
          [0., 0., 0., 1., 0., 1., 0., 0., 0., 0., 1., 1., 0., 0., 1., 0., 0.,
           0., 1.],
          [1., 1., 0., 0., 1., 1., 1., 1., 0., 1., 0., 1., 0., 1., 1., 1., 1.,
           0., 1.],
          [0., 0., 0., 0., 1., 0., 0., 0., 1., 1., 1., 1., 0., 0., 1., 0., 0.,
           0., 1.],
          [1., 0., 1., 1., 1., 1., 1., 0., 1., 0., 0., 1., 0., 0., 0., 1., 1.,
           0., 1.],
          [1., 1., 1., 0., 0., 1., 1., 0., 0., 1., 0., 1., 1., 0., 0., 1., 1.,
           0., 1.],
          [0., 1., 0., 0., 0., 1., 1., 0., 1., 0., 0., 1., 1., 0., 1., 1., 0.,
           0., 1.]]]], device='cuda:0'), tensor([[0.2676]], device='cuda:0'))
2026-01-08 17:18:46 - INFO - [ 9.9915922e-01 -1.1859815e-02 -7.7574776e-04  4.5258580e-03
 -7.7574962e-04  4.5258543e-03  8.3508801e-01 -2.0425625e-01]
2026-01-08 17:18:46 - INFO - (tensor([[[[0., 1., 0., 0., 0., 1., 0., 0., 0., 1., 0., 0., 0., 0., 1., 0., 1.,
           1., 1.],
          [0., 1., 0., 1., 1., 1., 1., 1., 1., 1., 1., 0., 0., 1., 1., 1., 0.,
           1., 0.],
          [0., 0., 0., 0., 1., 1., 1., 1., 1., 0., 1., 1., 0., 1., 0., 1., 0.,
           1., 1.],
          [0., 0., 0., 0., 0., 0., 0., 0., 1., 1., 0., 1., 1., 1., 1., 0., 1.,
           0., 1.],
          [1., 1., 0., 1., 0., 1., 0., 1., 0., 0., 1., 0., 1., 1., 1., 1., 1.,
           1., 1.],
          [1., 1., 1., 1., 0., 0., 1., 1., 1., 1., 1., 1., 1., 1., 0., 1., 0.,
           1., 1.],
          [0., 1., 0., 1., 1., 0., 1., 0., 1., 0., 0., 1., 1., 0., 1., 1., 1.,
           0., 0.],
          [0., 0., 0., 0., 0., 0., 0., 1., 0., 1., 1., 1., 0., 0., 0., 0., 1.,
           0., 0.],
          [0., 0., 0., 1., 0., 1., 0., 1., 0., 0., 1., 1., 1., 0., 1., 0., 0.,
           1., 1.],
          [1., 0., 1., 1., 1., 0., 0., 0., 0., 0., 0., 1., 0., 0., 0., 1., 0.,
           0., 1.],
          [0., 0., 0., 0., 0., 1., 1., 1., 0., 0., 0., 1., 0., 0., 1., 0., 1.,
           1., 1.],
          [0., 0., 0., 0., 0., 0., 0., 1., 0., 1., 0., 0., 0., 1., 1., 1., 1.,
           0., 1.],
          [0., 0., 1., 1., 1., 1., 1., 1., 1., 1., 0., 1., 1., 0., 1., 0., 0.,
           1., 0.],
          [0., 0., 0., 1., 0., 1., 0., 0., 0., 0., 1., 1., 0., 0., 1., 0., 0.,
           0., 1.],
          [1., 1., 0., 0., 1., 1., 1., 1., 0., 1., 0., 1., 0., 1., 1., 1., 1.,
           0., 1.],
          [0., 0., 0., 0., 1., 0., 0., 0., 1., 1., 1., 1., 0., 0., 1., 0., 0.,
           0., 1.],
          [1., 0., 1., 1., 1., 1., 1., 0., 1., 0., 0., 1., 0., 0., 0., 1., 1.,
           0., 1.],
          [1., 1., 1., 0., 0., 1., 1., 0., 0., 1., 0., 1., 1., 0., 0., 1., 1.,
           0., 1.],
          [0., 1., 0., 0., 0., 1., 1., 0., 1., 0., 0., 1., 1., 0., 1., 1., 0.,
           0., 1.]]]], device='cuda:0'), tensor([[0.2709]], device='cuda:0'))
2026-01-08 17:18:46 - INFO - [ 9.9915314e-01 -1.2007143e-02 -7.9917983e-04  4.4934857e-03
 -7.9917425e-04  4.4934894e-03  8.3419085e-01 -2.0525022e-01]
2026-01-08 17:18:46 - INFO - (tensor([[[[0., 1., 0., 0., 0., 1., 0., 0., 0., 1., 0., 0., 0., 0., 1., 0., 1.,
           1., 1.],
          [0., 1., 0., 1., 1., 1., 1., 1., 1., 1., 1., 0., 0., 1., 1., 1., 0.,
           1., 0.],
          [0., 0., 0., 0., 1., 1., 1., 1., 1., 0., 1., 1., 0., 1., 0., 1., 0.,
           1., 1.],
          [0., 0., 0., 0., 0., 0., 0., 0., 1., 1., 0., 1., 1., 1., 1., 0., 1.,
           0., 1.],
          [1., 1., 0., 1., 0., 1., 0., 1., 0., 0., 1., 0., 1., 1., 1., 1., 1.,
           1., 1.],
          [1., 1., 1., 1., 0., 0., 1., 1., 1., 1., 1., 1., 1., 1., 0., 1., 0.,
           1., 1.],
          [0., 1., 0., 1., 1., 0., 1., 0., 1., 0., 0., 1., 1., 0., 1., 1., 1.,
           0., 0.],
          [0., 0., 0., 0., 0., 0., 0., 1., 0., 1., 1., 1., 0., 0., 0., 0., 1.,
           0., 0.],
          [0., 0., 0., 1., 0., 1., 0., 1., 0., 0., 1., 1., 1., 0., 1., 0., 0.,
           1., 1.],
          [1., 0., 1., 1., 1., 0., 0., 0., 0., 0., 0., 1., 0., 0., 0., 1., 0.,
           0., 1.],
          [0., 0., 0., 0., 0., 1., 1., 1., 0., 0., 0., 1., 0., 0., 1., 0., 1.,
           1., 1.],
          [0., 0., 0., 0., 0., 0., 0., 1., 0., 1., 0., 0., 0., 1., 1., 1., 1.,
           0., 1.],
          [0., 0., 1., 1., 1., 1., 1., 1., 1., 1., 0., 1., 1., 0., 1., 0., 0.,
           1., 0.],
          [0., 0., 0., 1., 0., 1., 0., 0., 0., 0., 1., 1., 0., 0., 1., 0., 0.,
           0., 1.],
          [1., 1., 0., 0., 1., 1., 1., 1., 0., 1., 0., 1., 0., 1., 1., 1., 1.,
           0., 1.],
          [0., 0., 0., 0., 1., 0., 0., 0., 1., 1., 1., 1., 0., 0., 1., 0., 0.,
           0., 1.],
          [1., 0., 1., 1., 1., 1., 1., 0., 1., 0., 0., 1., 0., 0., 0., 1., 1.,
           0., 1.],
          [1., 1., 1., 0., 0., 1., 1., 0., 0., 1., 0., 1., 1., 0., 0., 1., 1.,
           0., 1.],
          [0., 1., 0., 0., 0., 1., 1., 0., 1., 0., 0., 1., 1., 0., 1., 1., 0.,
           0., 1.]]]], device='cuda:0'), tensor([[0.2742]], device='cuda:0'))
2026-01-08 17:18:46 - INFO - [ 9.9914622e-01 -1.2161624e-02 -8.2507805e-04  4.4564125e-03
 -8.2507246e-04  4.4564162e-03  8.3342165e-01 -2.0624340e-01]
2026-01-08 17:18:46 - INFO - (tensor([[[[0., 1., 0., 0., 0., 1., 0., 0., 0., 1., 0., 0., 0., 0., 1., 0., 1.,
           1., 1.],
          [0., 1., 0., 1., 1., 1., 1., 1., 1., 1., 1., 0., 0., 1., 1., 1., 0.,
           1., 0.],
          [0., 0., 0., 0., 1., 1., 1., 1., 1., 0., 1., 1., 0., 1., 0., 1., 0.,
           1., 1.],
          [0., 0., 0., 0., 0., 0., 0., 0., 1., 1., 0., 1., 1., 1., 1., 0., 1.,
           0., 1.],
          [1., 1., 0., 1., 0., 1., 0., 1., 0., 0., 1., 0., 1., 1., 1., 1., 1.,
           1., 1.],
          [1., 1., 1., 1., 0., 0., 1., 1., 1., 1., 1., 1., 1., 1., 0., 1., 0.,
           1., 1.],
          [0., 1., 0., 1., 1., 0., 1., 0., 1., 0., 0., 1., 1., 0., 1., 1., 1.,
           0., 0.],
          [0., 0., 0., 0., 0., 0., 0., 1., 0., 1., 1., 1., 0., 0., 0., 0., 1.,
           0., 0.],
          [0., 0., 0., 1., 0., 1., 0., 1., 0., 0., 1., 1., 1., 0., 1., 0., 0.,
           1., 1.],
          [1., 0., 1., 1., 1., 0., 0., 0., 0., 0., 0., 1., 0., 0., 0., 1., 0.,
           0., 1.],
          [0., 0., 0., 0., 0., 1., 1., 1., 0., 0., 0., 1., 0., 0., 1., 0., 1.,
           1., 1.],
          [0., 0., 0., 0., 0., 0., 0., 1., 0., 1., 0., 0., 0., 1., 1., 1., 1.,
           0., 1.],
          [0., 0., 1., 1., 1., 1., 1., 1., 1., 1., 0., 1., 1., 0., 1., 0., 0.,
           1., 0.],
          [0., 0., 0., 1., 0., 1., 0., 0., 0., 0., 1., 1., 0., 0., 1., 0., 0.,
           0., 1.],
          [1., 1., 0., 0., 1., 1., 1., 1., 0., 1., 0., 1., 0., 1., 1., 1., 1.,
           0., 1.],
          [0., 0., 0., 0., 1., 0., 0., 0., 1., 1., 1., 1., 0., 0., 1., 0., 0.,
           0., 1.],
          [1., 0., 1., 1., 1., 1., 1., 0., 1., 0., 0., 1., 0., 0., 0., 1., 1.,
           0., 1.],
          [1., 1., 1., 0., 0., 1., 1., 0., 0., 1., 0., 1., 1., 0., 0., 1., 1.,
           0., 1.],
          [0., 1., 0., 0., 0., 1., 1., 0., 1., 0., 0., 1., 1., 0., 1., 1., 0.,
           0., 1.]]]], device='cuda:0'), tensor([[0.2776]], device='cuda:0'))
2026-01-08 17:18:46 - INFO - [ 9.9913883e-01 -1.2320171e-02 -8.5186283e-04  4.4186013e-03
 -8.5187959e-04  4.4185976e-03  8.3265269e-01 -2.0724109e-01]
2026-01-08 17:18:46 - INFO - (tensor([[[[0., 1., 0., 0., 0., 1., 0., 0., 0., 1., 0., 0., 0., 0., 1., 0., 1.,
           1., 1.],
          [0., 1., 0., 1., 1., 1., 1., 1., 1., 1., 1., 0., 0., 1., 1., 1., 0.,
           1., 0.],
          [0., 0., 0., 0., 1., 1., 1., 1., 1., 0., 1., 1., 0., 1., 0., 1., 0.,
           1., 1.],
          [0., 0., 0., 0., 0., 0., 0., 0., 1., 1., 0., 1., 1., 1., 1., 0., 1.,
           0., 1.],
          [1., 1., 0., 1., 0., 1., 0., 1., 0., 0., 1., 0., 1., 1., 1., 1., 1.,
           1., 1.],
          [1., 1., 1., 1., 0., 0., 1., 1., 1., 1., 1., 1., 1., 1., 0., 1., 0.,
           1., 1.],
          [0., 1., 0., 1., 1., 0., 1., 0., 1., 0., 0., 1., 1., 0., 1., 1., 1.,
           0., 0.],
          [0., 0., 0., 0., 0., 0., 0., 1., 0., 1., 1., 1., 0., 0., 0., 0., 1.,
           0., 0.],
          [0., 0., 0., 1., 0., 1., 0., 1., 0., 0., 1., 1., 1., 0., 1., 0., 0.,
           1., 1.],
          [1., 0., 1., 1., 1., 0., 0., 0., 0., 0., 0., 1., 0., 0., 0., 1., 0.,
           0., 1.],
          [0., 0., 0., 0., 0., 1., 1., 1., 0., 0., 0., 1., 0., 0., 1., 0., 1.,
           1., 1.],
          [0., 0., 0., 0., 0., 0., 0., 1., 0., 1., 0., 0., 0., 1., 1., 1., 1.,
           0., 1.],
          [0., 0., 1., 1., 1., 1., 1., 1., 1., 1., 0., 1., 1., 0., 1., 0., 0.,
           1., 0.],
          [0., 0., 0., 1., 0., 1., 0., 0., 0., 0., 1., 1., 0., 0., 1., 0., 0.,
           0., 1.],
          [1., 1., 0., 0., 1., 1., 1., 1., 0., 1., 0., 1., 0., 1., 1., 1., 1.,
           0., 1.],
          [0., 0., 0., 0., 1., 0., 0., 0., 1., 1., 1., 1., 0., 0., 1., 0., 0.,
           0., 1.],
          [1., 0., 1., 1., 1., 1., 1., 0., 1., 0., 0., 1., 0., 0., 0., 1., 1.,
           0., 1.],
          [1., 1., 1., 0., 0., 1., 1., 0., 0., 1., 0., 1., 1., 0., 0., 1., 1.,
           0., 1.],
          [0., 1., 0., 0., 0., 1., 1., 0., 1., 0., 0., 1., 1., 0., 1., 1., 0.,
           0., 1.]]]], device='cuda:0'), tensor([[0.2809]], device='cuda:0'))
2026-01-08 17:18:46 - INFO - [ 9.9913132e-01 -1.2487578e-02 -8.8017504e-04  4.3811258e-03
 -8.8016945e-04  4.3811183e-03  8.3191764e-01 -2.0822509e-01]
2026-01-08 17:18:46 - INFO - (tensor([[[[0., 1., 0., 0., 0., 1., 0., 0., 0., 1., 0., 0., 0., 0., 1., 0., 1.,
           1., 1.],
          [0., 1., 0., 1., 1., 1., 1., 1., 1., 1., 1., 0., 0., 1., 1., 1., 0.,
           1., 0.],
          [0., 0., 0., 0., 1., 1., 1., 1., 1., 0., 1., 1., 0., 1., 0., 1., 0.,
           1., 1.],
          [0., 0., 0., 0., 0., 0., 0., 0., 1., 1., 0., 1., 1., 1., 1., 0., 1.,
           0., 1.],
          [1., 1., 0., 1., 0., 1., 0., 1., 0., 0., 1., 0., 1., 1., 1., 1., 1.,
           1., 1.],
          [1., 1., 1., 1., 0., 0., 1., 1., 1., 1., 1., 1., 1., 1., 0., 1., 0.,
           1., 1.],
          [0., 1., 0., 1., 1., 0., 1., 0., 1., 0., 0., 1., 1., 0., 1., 1., 1.,
           0., 0.],
          [0., 0., 0., 0., 0., 0., 0., 1., 0., 1., 1., 1., 0., 0., 0., 0., 1.,
           0., 0.],
          [0., 0., 0., 1., 0., 1., 0., 1., 0., 0., 1., 1., 1., 0., 1., 0., 0.,
           1., 1.],
          [1., 0., 1., 1., 1., 0., 0., 0., 0., 0., 0., 1., 0., 0., 0., 1., 0.,
           0., 1.],
          [0., 0., 0., 0., 0., 1., 1., 1., 0., 0., 0., 1., 0., 0., 1., 0., 1.,
           1., 1.],
          [0., 0., 0., 0., 0., 0., 0., 1., 0., 1., 0., 0., 0., 1., 1., 1., 1.,
           0., 1.],
          [0., 0., 1., 1., 1., 1., 1., 1., 1., 1., 0., 1., 1., 0., 1., 0., 0.,
           1., 0.],
          [0., 0., 0., 1., 0., 1., 0., 0., 0., 0., 1., 1., 0., 0., 1., 0., 0.,
           0., 1.],
          [1., 1., 0., 0., 1., 1., 1., 1., 0., 1., 0., 1., 0., 1., 1., 1., 1.,
           0., 1.],
          [0., 0., 0., 0., 1., 0., 0., 0., 1., 1., 1., 1., 0., 0., 1., 0., 0.,
           0., 1.],
          [1., 0., 1., 1., 1., 1., 1., 0., 1., 0., 0., 1., 0., 0., 0., 1., 1.,
           0., 1.],
          [1., 1., 1., 0., 0., 1., 1., 0., 0., 1., 0., 1., 1., 0., 0., 1., 1.,
           0., 1.],
          [0., 1., 0., 0., 0., 1., 1., 0., 1., 0., 0., 1., 1., 0., 1., 1., 0.,
           0., 1.]]]], device='cuda:0'), tensor([[0.2843]], device='cuda:0'))
2026-01-08 17:18:46 - INFO - [ 9.9912399e-01 -1.2655994e-02 -9.0918015e-04  4.3461383e-03
 -9.0918201e-04  4.3461458e-03  8.3121961e-01 -2.0918339e-01]
2026-01-08 17:18:46 - INFO - (tensor([[[[0., 1., 0., 0., 0., 1., 0., 0., 0., 1., 0., 0., 0., 0., 1., 0., 1.,
           1., 1.],
          [0., 1., 0., 1., 1., 1., 1., 1., 1., 1., 1., 0., 0., 1., 1., 1., 0.,
           1., 0.],
          [0., 0., 0., 0., 1., 1., 1., 1., 1., 0., 1., 1., 0., 1., 0., 1., 0.,
           1., 1.],
          [0., 0., 0., 0., 0., 0., 0., 0., 1., 1., 0., 1., 1., 1., 1., 0., 1.,
           0., 1.],
          [1., 1., 0., 1., 0., 1., 0., 1., 0., 0., 1., 0., 1., 1., 1., 1., 1.,
           1., 1.],
          [1., 1., 1., 1., 0., 0., 1., 1., 1., 1., 1., 1., 1., 1., 0., 1., 0.,
           1., 1.],
          [0., 1., 0., 1., 1., 0., 1., 0., 1., 0., 0., 1., 1., 0., 1., 1., 1.,
           0., 0.],
          [0., 0., 0., 0., 0., 0., 0., 1., 0., 1., 1., 1., 0., 0., 0., 0., 1.,
           0., 0.],
          [0., 0., 0., 1., 0., 1., 0., 1., 0., 0., 1., 1., 1., 0., 1., 0., 0.,
           1., 1.],
          [1., 0., 1., 1., 1., 0., 0., 0., 0., 0., 0., 1., 0., 0., 0., 1., 0.,
           0., 1.],
          [0., 0., 0., 0., 0., 1., 1., 1., 0., 0., 0., 1., 0., 0., 1., 0., 1.,
           1., 1.],
          [0., 0., 0., 0., 0., 0., 0., 1., 0., 1., 0., 0., 0., 1., 1., 1., 1.,
           0., 1.],
          [0., 0., 1., 1., 1., 1., 1., 1., 1., 1., 0., 1., 1., 0., 1., 0., 0.,
           1., 0.],
          [0., 0., 0., 1., 0., 1., 0., 0., 0., 0., 1., 1., 0., 0., 1., 0., 0.,
           0., 1.],
          [1., 1., 0., 0., 1., 1., 1., 1., 0., 1., 0., 1., 0., 1., 1., 1., 1.,
           0., 1.],
          [0., 0., 0., 0., 1., 0., 0., 0., 1., 1., 1., 1., 0., 0., 1., 0., 0.,
           0., 1.],
          [1., 0., 1., 1., 1., 1., 1., 0., 1., 0., 0., 1., 0., 0., 0., 1., 1.,
           0., 1.],
          [1., 1., 1., 0., 0., 1., 1., 0., 0., 1., 0., 1., 1., 0., 0., 1., 1.,
           0., 1.],
          [0., 1., 0., 0., 0., 1., 1., 0., 1., 0., 0., 1., 1., 0., 1., 1., 0.,
           0., 1.]]]], device='cuda:0'), tensor([[0.2876]], device='cuda:0'))
2026-01-08 17:18:46 - INFO - [ 9.9911195e-01 -1.2867094e-02 -9.3697075e-04  4.3127756e-03
 -9.3695772e-04  4.3127718e-03  8.3032483e-01 -2.1048054e-01]
2026-01-08 17:18:46 - INFO - (tensor([[[[0., 1., 0., 0., 0., 1., 0., 0., 0., 1., 0., 0., 0., 0., 1., 0., 1.,
           1., 1.],
          [0., 1., 0., 1., 1., 1., 1., 1., 1., 1., 1., 0., 0., 1., 1., 1., 0.,
           1., 0.],
          [0., 0., 0., 0., 1., 1., 1., 1., 1., 0., 1., 1., 0., 1., 0., 1., 0.,
           1., 1.],
          [0., 0., 0., 0., 0., 0., 0., 0., 1., 1., 0., 1., 1., 1., 1., 0., 1.,
           0., 1.],
          [1., 1., 0., 1., 0., 1., 0., 1., 0., 0., 1., 0., 1., 1., 1., 1., 1.,
           1., 1.],
          [1., 1., 1., 1., 0., 0., 1., 1., 1., 1., 1., 1., 1., 1., 0., 1., 0.,
           1., 1.],
          [0., 1., 0., 1., 1., 0., 1., 0., 1., 0., 0., 1., 1., 0., 1., 1., 1.,
           0., 0.],
          [0., 0., 0., 0., 0., 0., 0., 1., 0., 1., 1., 1., 0., 0., 0., 0., 1.,
           0., 0.],
          [0., 0., 0., 1., 0., 1., 0., 1., 0., 0., 1., 1., 1., 0., 1., 0., 0.,
           1., 1.],
          [1., 0., 1., 1., 1., 0., 0., 0., 0., 0., 0., 1., 0., 0., 0., 1., 0.,
           0., 1.],
          [0., 0., 0., 0., 0., 1., 1., 1., 0., 0., 0., 1., 0., 0., 1., 0., 1.,
           1., 1.],
          [0., 0., 0., 0., 0., 0., 0., 1., 0., 1., 0., 0., 0., 1., 1., 1., 1.,
           0., 1.],
          [0., 0., 1., 1., 1., 1., 1., 1., 1., 1., 0., 1., 1., 0., 1., 0., 0.,
           1., 0.],
          [0., 0., 0., 1., 0., 1., 0., 0., 0., 0., 1., 1., 0., 0., 1., 0., 0.,
           0., 1.],
          [1., 1., 0., 0., 1., 1., 1., 1., 0., 1., 0., 1., 0., 1., 1., 1., 1.,
           0., 1.],
          [0., 0., 0., 0., 1., 0., 0., 0., 1., 1., 1., 1., 0., 0., 1., 0., 0.,
           0., 1.],
          [1., 0., 1., 1., 1., 1., 1., 0., 1., 0., 0., 1., 0., 0., 0., 1., 1.,
           0., 1.],
          [1., 1., 1., 0., 0., 1., 1., 0., 0., 1., 0., 1., 1., 0., 0., 1., 1.,
           0., 1.],
          [0., 1., 0., 0., 0., 1., 1., 0., 1., 0., 0., 1., 1., 0., 1., 1., 0.,
           0., 1.]]]], device='cuda:0'), tensor([[0.2910]], device='cuda:0'))
2026-01-08 17:18:46 - INFO - [ 9.9909085e-01 -1.3058643e-02 -9.4427977e-04  4.3785889e-03
 -9.4427419e-04  4.3785889e-03  8.2912219e-01 -2.1226068e-01]
2026-01-08 17:18:46 - INFO - (tensor([[[[0., 1., 0., 0., 0., 1., 0., 0., 0., 1., 0., 0., 0., 0., 1., 0., 1.,
           1., 1.],
          [0., 1., 0., 1., 1., 1., 1., 1., 1., 1., 1., 0., 0., 1., 1., 1., 0.,
           1., 0.],
          [0., 0., 0., 0., 1., 1., 1., 1., 1., 0., 1., 1., 0., 1., 0., 1., 0.,
           1., 1.],
          [0., 0., 0., 0., 0., 0., 0., 0., 1., 1., 0., 1., 1., 1., 1., 0., 1.,
           0., 1.],
          [1., 1., 0., 1., 0., 1., 0., 1., 0., 0., 1., 0., 1., 1., 1., 1., 1.,
           1., 1.],
          [1., 1., 1., 1., 0., 0., 1., 1., 1., 1., 1., 1., 1., 1., 0., 1., 0.,
           1., 1.],
          [0., 1., 0., 1., 1., 0., 1., 0., 1., 0., 0., 1., 1., 0., 1., 1., 1.,
           0., 0.],
          [0., 0., 0., 0., 0., 0., 0., 1., 0., 1., 1., 1., 0., 0., 0., 0., 1.,
           0., 0.],
          [0., 0., 0., 1., 0., 1., 0., 1., 0., 0., 1., 1., 1., 0., 1., 0., 0.,
           1., 1.],
          [1., 0., 1., 1., 1., 0., 0., 0., 0., 0., 0., 1., 0., 0., 0., 1., 0.,
           0., 1.],
          [0., 0., 0., 0., 0., 1., 1., 1., 0., 0., 0., 1., 0., 0., 1., 0., 1.,
           1., 1.],
          [0., 0., 0., 0., 0., 0., 0., 1., 0., 1., 0., 0., 0., 1., 1., 1., 1.,
           0., 1.],
          [0., 0., 1., 1., 1., 1., 1., 1., 1., 1., 0., 1., 1., 0., 1., 0., 0.,
           1., 0.],
          [0., 0., 0., 1., 0., 1., 0., 0., 0., 0., 1., 1., 0., 0., 1., 0., 0.,
           0., 1.],
          [1., 1., 0., 0., 1., 1., 1., 1., 0., 1., 0., 1., 0., 1., 1., 1., 1.,
           0., 1.],
          [0., 0., 0., 0., 1., 0., 0., 0., 1., 1., 1., 1., 0., 0., 1., 0., 0.,
           0., 1.],
          [1., 0., 1., 1., 1., 1., 1., 0., 1., 0., 0., 1., 0., 0., 0., 1., 1.,
           0., 1.],
          [1., 1., 1., 0., 0., 1., 1., 0., 0., 1., 0., 1., 1., 0., 0., 1., 1.,
           0., 1.],
          [0., 1., 0., 0., 0., 1., 1., 0., 1., 0., 0., 1., 1., 0., 1., 1., 0.,
           0., 1.]]]], device='cuda:0'), tensor([[0.2943]], device='cuda:0'))
2026-01-08 17:18:46 - INFO - [ 9.9907035e-01 -1.3190655e-02 -9.2797045e-04  4.5382739e-03
 -9.2796487e-04  4.5382702e-03  8.2806349e-01 -2.1393746e-01]
2026-01-08 17:18:46 - INFO - (tensor([[[[0., 1., 0., 0., 0., 1., 0., 0., 0., 1., 0., 0., 0., 0., 1., 0., 1.,
           1., 1.],
          [0., 1., 0., 1., 1., 1., 1., 1., 1., 1., 1., 0., 0., 1., 1., 1., 0.,
           1., 0.],
          [0., 0., 0., 0., 1., 1., 1., 1., 1., 0., 1., 1., 0., 1., 0., 1., 0.,
           1., 1.],
          [0., 0., 0., 0., 0., 0., 0., 0., 1., 1., 0., 1., 1., 1., 1., 0., 1.,
           0., 1.],
          [1., 1., 0., 1., 0., 1., 0., 1., 0., 0., 1., 0., 1., 1., 1., 1., 1.,
           1., 1.],
          [1., 1., 1., 1., 0., 0., 1., 1., 1., 1., 1., 1., 1., 1., 0., 1., 0.,
           1., 1.],
          [0., 1., 0., 1., 1., 0., 1., 0., 1., 0., 0., 1., 1., 0., 1., 1., 1.,
           0., 0.],
          [0., 0., 0., 0., 0., 0., 0., 1., 0., 1., 1., 1., 0., 0., 0., 0., 1.,
           0., 0.],
          [0., 0., 0., 1., 0., 1., 0., 1., 0., 0., 1., 1., 1., 0., 1., 0., 0.,
           1., 1.],
          [1., 0., 1., 1., 1., 0., 0., 0., 0., 0., 0., 1., 0., 0., 0., 1., 0.,
           0., 1.],
          [0., 0., 0., 0., 0., 1., 1., 1., 0., 0., 0., 1., 0., 0., 1., 0., 1.,
           1., 1.],
          [0., 0., 0., 0., 0., 0., 0., 1., 0., 1., 0., 0., 0., 1., 1., 1., 1.,
           0., 1.],
          [0., 0., 1., 1., 1., 1., 1., 1., 1., 1., 0., 1., 1., 0., 1., 0., 0.,
           1., 0.],
          [0., 0., 0., 1., 0., 1., 0., 0., 0., 0., 1., 1., 0., 0., 1., 0., 0.,
           0., 1.],
          [1., 1., 0., 0., 1., 1., 1., 1., 0., 1., 0., 1., 0., 1., 1., 1., 1.,
           0., 1.],
          [0., 0., 0., 0., 1., 0., 0., 0., 1., 1., 1., 1., 0., 0., 1., 0., 0.,
           0., 1.],
          [1., 0., 1., 1., 1., 1., 1., 0., 1., 0., 0., 1., 0., 0., 0., 1., 1.,
           0., 1.],
          [1., 1., 1., 0., 0., 1., 1., 0., 0., 1., 0., 1., 1., 0., 0., 1., 1.,
           0., 1.],
          [0., 1., 0., 0., 0., 1., 1., 0., 1., 0., 0., 1., 1., 0., 1., 1., 0.,
           0., 1.]]]], device='cuda:0'), tensor([[0.2977]], device='cuda:0'))
2026-01-08 17:18:46 - INFO - [ 9.9905592e-01 -1.3219119e-02 -9.0831588e-04  4.6621258e-03
 -9.0834009e-04  4.6621258e-03  8.2727969e-01 -2.1533437e-01]
2026-01-08 17:18:46 - INFO - (tensor([[[[0., 1., 0., 0., 0., 1., 0., 0., 0., 1., 0., 0., 0., 0., 1., 0., 1.,
           1., 1.],
          [0., 1., 0., 1., 1., 1., 1., 1., 1., 1., 1., 0., 0., 1., 1., 1., 0.,
           1., 0.],
          [0., 0., 0., 0., 1., 1., 1., 1., 1., 0., 1., 1., 0., 1., 0., 1., 0.,
           1., 1.],
          [0., 0., 0., 0., 0., 0., 0., 0., 1., 1., 0., 1., 1., 1., 1., 0., 1.,
           0., 1.],
          [1., 1., 0., 1., 0., 1., 0., 1., 0., 0., 1., 0., 1., 1., 1., 1., 1.,
           1., 1.],
          [1., 1., 1., 1., 0., 0., 1., 1., 1., 1., 1., 1., 1., 1., 0., 1., 0.,
           1., 1.],
          [0., 1., 0., 1., 1., 0., 1., 0., 1., 0., 0., 1., 1., 0., 1., 1., 1.,
           0., 0.],
          [0., 0., 0., 0., 0., 0., 0., 1., 0., 1., 1., 1., 0., 0., 0., 0., 1.,
           0., 0.],
          [0., 0., 0., 1., 0., 1., 0., 1., 0., 0., 1., 1., 1., 0., 1., 0., 0.,
           1., 1.],
          [1., 0., 1., 1., 1., 0., 0., 0., 0., 0., 0., 1., 0., 0., 0., 1., 0.,
           0., 1.],
          [0., 0., 0., 0., 0., 1., 1., 1., 0., 0., 0., 1., 0., 0., 1., 0., 1.,
           1., 1.],
          [0., 0., 0., 0., 0., 0., 0., 1., 0., 1., 0., 0., 0., 1., 1., 1., 1.,
           0., 1.],
          [0., 0., 1., 1., 1., 1., 1., 1., 1., 1., 0., 1., 1., 0., 1., 0., 0.,
           1., 0.],
          [0., 0., 0., 1., 0., 1., 0., 0., 0., 0., 1., 1., 0., 0., 1., 0., 0.,
           0., 1.],
          [1., 1., 0., 0., 1., 1., 1., 1., 0., 1., 0., 1., 0., 1., 1., 1., 1.,
           0., 1.],
          [0., 0., 0., 0., 1., 0., 0., 0., 1., 1., 1., 1., 0., 0., 1., 0., 0.,
           0., 1.],
          [1., 0., 1., 1., 1., 1., 1., 0., 1., 0., 0., 1., 0., 0., 0., 1., 1.,
           0., 1.],
          [1., 1., 1., 0., 0., 1., 1., 0., 0., 1., 0., 1., 1., 0., 0., 1., 1.,
           0., 1.],
          [0., 1., 0., 0., 0., 1., 1., 0., 1., 0., 0., 1., 1., 0., 1., 1., 0.,
           0., 1.]]]], device='cuda:0'), tensor([[0.3010]], device='cuda:0'))
2026-01-08 17:18:46 - INFO - [ 9.9904221e-01 -1.3247229e-02 -8.9044194e-04  4.7766725e-03
 -8.9044380e-04  4.7766762e-03  8.2656002e-01 -2.1662608e-01]
2026-01-08 17:18:46 - INFO - (tensor([[[[0., 1., 0., 0., 0., 1., 0., 0., 0., 1., 0., 0., 0., 0., 1., 0., 1.,
           1., 1.],
          [0., 1., 0., 1., 1., 1., 1., 1., 1., 1., 1., 0., 0., 1., 1., 1., 0.,
           1., 0.],
          [0., 0., 0., 0., 1., 1., 1., 1., 1., 0., 1., 1., 0., 1., 0., 1., 0.,
           1., 1.],
          [0., 0., 0., 0., 0., 0., 0., 0., 1., 1., 0., 1., 1., 1., 1., 0., 1.,
           0., 1.],
          [1., 1., 0., 1., 0., 1., 0., 1., 0., 0., 1., 0., 1., 1., 1., 1., 1.,
           1., 1.],
          [1., 1., 1., 1., 0., 0., 1., 1., 1., 1., 1., 1., 1., 1., 0., 1., 0.,
           1., 1.],
          [0., 1., 0., 1., 1., 0., 1., 0., 1., 0., 0., 1., 1., 0., 1., 1., 1.,
           0., 0.],
          [0., 0., 0., 0., 0., 0., 0., 1., 0., 1., 1., 1., 0., 0., 0., 0., 1.,
           0., 0.],
          [0., 0., 0., 1., 0., 1., 0., 1., 0., 0., 1., 1., 1., 0., 1., 0., 0.,
           1., 1.],
          [1., 0., 1., 1., 1., 0., 0., 0., 0., 0., 0., 1., 0., 0., 0., 1., 0.,
           0., 1.],
          [0., 0., 0., 0., 0., 1., 1., 1., 0., 0., 0., 1., 0., 0., 1., 0., 1.,
           1., 1.],
          [0., 0., 0., 0., 0., 0., 0., 1., 0., 1., 0., 0., 0., 1., 1., 1., 1.,
           0., 1.],
          [0., 0., 1., 1., 1., 1., 1., 1., 1., 1., 0., 1., 1., 0., 1., 0., 0.,
           1., 0.],
          [0., 0., 0., 1., 0., 1., 0., 0., 0., 0., 1., 1., 0., 0., 1., 0., 0.,
           0., 1.],
          [1., 1., 0., 0., 1., 1., 1., 1., 0., 1., 0., 1., 0., 1., 1., 1., 1.,
           0., 1.],
          [0., 0., 0., 0., 1., 0., 0., 0., 1., 1., 1., 1., 0., 0., 1., 0., 0.,
           0., 1.],
          [1., 0., 1., 1., 1., 1., 1., 0., 1., 0., 0., 1., 0., 0., 0., 1., 1.,
           0., 1.],
          [1., 1., 1., 0., 0., 1., 1., 0., 0., 1., 0., 1., 1., 0., 0., 1., 1.,
           0., 1.],
          [0., 1., 0., 0., 0., 1., 1., 0., 1., 0., 0., 1., 1., 0., 1., 1., 0.,
           0., 1.]]]], device='cuda:0'), tensor([[0.3043]], device='cuda:0'))
2026-01-08 17:18:46 - INFO - [ 9.9902934e-01 -1.3275362e-02 -8.7421457e-04  4.8828819e-03
 -8.7422389e-04  4.8828782e-03  8.2589638e-01 -2.1782282e-01]
2026-01-08 17:18:46 - INFO - (tensor([[[[0., 1., 0., 0., 0., 1., 0., 0., 0., 1., 0., 0., 0., 0., 1., 0., 1.,
           1., 1.],
          [0., 1., 0., 1., 1., 1., 1., 1., 1., 1., 1., 0., 0., 1., 1., 1., 0.,
           1., 0.],
          [0., 0., 0., 0., 1., 1., 1., 1., 1., 0., 1., 1., 0., 1., 0., 1., 0.,
           1., 1.],
          [0., 0., 0., 0., 0., 0., 0., 0., 1., 1., 0., 1., 1., 1., 1., 0., 1.,
           0., 1.],
          [1., 1., 0., 1., 0., 1., 0., 1., 0., 0., 1., 0., 1., 1., 1., 1., 1.,
           1., 1.],
          [1., 1., 1., 1., 0., 0., 1., 1., 1., 1., 1., 1., 1., 1., 0., 1., 0.,
           1., 1.],
          [0., 1., 0., 1., 1., 0., 1., 0., 1., 0., 0., 1., 1., 0., 1., 1., 1.,
           0., 0.],
          [0., 0., 0., 0., 0., 0., 0., 1., 0., 1., 1., 1., 0., 0., 0., 0., 1.,
           0., 0.],
          [0., 0., 0., 1., 0., 1., 0., 1., 0., 0., 1., 1., 1., 0., 1., 0., 0.,
           1., 1.],
          [1., 0., 1., 1., 1., 0., 0., 0., 0., 0., 0., 1., 0., 0., 0., 1., 0.,
           0., 1.],
          [0., 0., 0., 0., 0., 1., 1., 1., 0., 0., 0., 1., 0., 0., 1., 0., 1.,
           1., 1.],
          [0., 0., 0., 0., 0., 0., 0., 1., 0., 1., 0., 0., 0., 1., 1., 1., 1.,
           0., 1.],
          [0., 0., 1., 1., 1., 1., 1., 1., 1., 1., 0., 1., 1., 0., 1., 0., 0.,
           1., 0.],
          [0., 0., 0., 1., 0., 1., 0., 0., 0., 0., 1., 1., 0., 0., 1., 0., 0.,
           0., 1.],
          [1., 1., 0., 0., 1., 1., 1., 1., 0., 1., 0., 1., 0., 1., 1., 1., 1.,
           0., 1.],
          [0., 0., 0., 0., 1., 0., 0., 0., 1., 1., 1., 1., 0., 0., 1., 0., 0.,
           0., 1.],
          [1., 0., 1., 1., 1., 1., 1., 0., 1., 0., 0., 1., 0., 0., 0., 1., 1.,
           0., 1.],
          [1., 1., 1., 0., 0., 1., 1., 0., 0., 1., 0., 1., 1., 0., 0., 1., 1.,
           0., 1.],
          [0., 1., 0., 0., 0., 1., 1., 0., 1., 0., 0., 1., 1., 0., 1., 1., 0.,
           0., 1.]]]], device='cuda:0'), tensor([[0.3077]], device='cuda:0'))
2026-01-08 17:18:46 - INFO - [ 9.9901676e-01 -1.3303862e-02 -8.5861306e-04  4.9856189e-03
 -8.5859257e-04  4.9856189e-03  8.2525223e-01 -2.1898003e-01]
2026-01-08 17:18:46 - INFO - (tensor([[[[0., 1., 0., 0., 0., 1., 0., 0., 0., 1., 0., 0., 0., 0., 1., 0., 1.,
           1., 1.],
          [0., 1., 0., 1., 1., 1., 1., 1., 1., 1., 1., 0., 0., 1., 1., 1., 0.,
           1., 0.],
          [0., 0., 0., 0., 1., 1., 1., 1., 1., 0., 1., 1., 0., 1., 0., 1., 0.,
           1., 1.],
          [0., 0., 0., 0., 0., 0., 0., 0., 1., 1., 0., 1., 1., 1., 1., 0., 1.,
           0., 1.],
          [1., 1., 0., 1., 0., 1., 0., 1., 0., 0., 1., 0., 1., 1., 1., 1., 1.,
           1., 1.],
          [1., 1., 1., 1., 0., 0., 1., 1., 1., 1., 1., 1., 1., 1., 0., 1., 0.,
           1., 1.],
          [0., 1., 0., 1., 1., 0., 1., 0., 1., 0., 0., 1., 1., 0., 1., 1., 1.,
           0., 0.],
          [0., 0., 0., 0., 0., 0., 0., 1., 0., 1., 1., 1., 0., 0., 0., 0., 1.,
           0., 0.],
          [0., 0., 0., 1., 0., 1., 0., 1., 0., 0., 1., 1., 1., 0., 1., 0., 0.,
           1., 1.],
          [1., 0., 1., 1., 1., 0., 0., 0., 0., 0., 0., 1., 0., 0., 0., 1., 0.,
           0., 1.],
          [0., 0., 0., 0., 0., 1., 1., 1., 0., 0., 0., 1., 0., 0., 1., 0., 1.,
           1., 1.],
          [0., 0., 0., 0., 0., 0., 0., 1., 0., 1., 0., 0., 0., 1., 1., 1., 1.,
           0., 1.],
          [0., 0., 1., 1., 1., 1., 1., 1., 1., 1., 0., 1., 1., 0., 1., 0., 0.,
           1., 0.],
          [0., 0., 0., 1., 0., 1., 0., 0., 0., 0., 1., 1., 0., 0., 1., 0., 0.,
           0., 1.],
          [1., 1., 0., 0., 1., 1., 1., 1., 0., 1., 0., 1., 0., 1., 1., 1., 1.,
           0., 1.],
          [0., 0., 0., 0., 1., 0., 0., 0., 1., 1., 1., 1., 0., 0., 1., 0., 0.,
           0., 1.],
          [1., 0., 1., 1., 1., 1., 1., 0., 1., 0., 0., 1., 0., 0., 0., 1., 1.,
           0., 1.],
          [1., 1., 1., 0., 0., 1., 1., 0., 0., 1., 0., 1., 1., 0., 0., 1., 1.,
           0., 1.],
          [0., 1., 0., 0., 0., 1., 1., 0., 1., 0., 0., 1., 1., 0., 1., 1., 0.,
           0., 1.]]]], device='cuda:0'), tensor([[0.3110]], device='cuda:0'))
2026-01-08 17:18:46 - INFO - [ 9.9900460e-01 -1.3332106e-02 -8.4360020e-04  5.0846906e-03
 -8.4360951e-04  5.0846906e-03  8.2463038e-01 -2.2009301e-01]
2026-01-08 17:18:46 - INFO - (tensor([[[[0., 1., 0., 0., 0., 1., 0., 0., 0., 1., 0., 0., 0., 0., 1., 0., 1.,
           1., 1.],
          [0., 1., 0., 1., 1., 1., 1., 1., 1., 1., 1., 0., 0., 1., 1., 1., 0.,
           1., 0.],
          [0., 0., 0., 0., 1., 1., 1., 1., 1., 0., 1., 1., 0., 1., 0., 1., 0.,
           1., 1.],
          [0., 0., 0., 0., 0., 0., 0., 0., 1., 1., 0., 1., 1., 1., 1., 0., 1.,
           0., 1.],
          [1., 1., 0., 1., 0., 1., 0., 1., 0., 0., 1., 0., 1., 1., 1., 1., 1.,
           1., 1.],
          [1., 1., 1., 1., 0., 0., 1., 1., 1., 1., 1., 1., 1., 1., 0., 1., 0.,
           1., 1.],
          [0., 1., 0., 1., 1., 0., 1., 0., 1., 0., 0., 1., 1., 0., 1., 1., 1.,
           0., 0.],
          [0., 0., 0., 0., 0., 0., 0., 1., 0., 1., 1., 1., 0., 0., 0., 0., 1.,
           0., 0.],
          [0., 0., 0., 1., 0., 1., 0., 1., 0., 0., 1., 1., 1., 0., 1., 0., 0.,
           1., 1.],
          [1., 0., 1., 1., 1., 0., 0., 0., 0., 0., 0., 1., 0., 0., 0., 1., 0.,
           0., 1.],
          [0., 0., 0., 0., 0., 1., 1., 1., 0., 0., 0., 1., 0., 0., 1., 0., 1.,
           1., 1.],
          [0., 0., 0., 0., 0., 0., 0., 1., 0., 1., 0., 0., 0., 1., 1., 1., 1.,
           0., 1.],
          [0., 0., 1., 1., 1., 1., 1., 1., 1., 1., 0., 1., 1., 0., 1., 0., 0.,
           1., 0.],
          [0., 0., 0., 1., 0., 1., 0., 0., 0., 0., 1., 1., 0., 0., 1., 0., 0.,
           0., 1.],
          [1., 1., 0., 0., 1., 1., 1., 1., 0., 1., 0., 1., 0., 1., 1., 1., 1.,
           0., 1.],
          [0., 0., 0., 0., 1., 0., 0., 0., 1., 1., 1., 1., 0., 0., 1., 0., 0.,
           0., 1.],
          [1., 0., 1., 1., 1., 1., 1., 0., 1., 0., 0., 1., 0., 0., 0., 1., 1.,
           0., 1.],
          [1., 1., 1., 0., 0., 1., 1., 0., 0., 1., 0., 1., 1., 0., 0., 1., 1.,
           0., 1.],
          [0., 1., 0., 0., 0., 1., 1., 0., 1., 0., 0., 1., 1., 0., 1., 1., 0.,
           0., 1.]]]], device='cuda:0'), tensor([[0.3144]], device='cuda:0'))
2026-01-08 17:18:46 - INFO - [ 9.9899352e-01 -1.3351869e-02 -8.2863198e-04  5.1791393e-03
 -8.2863384e-04  5.1791393e-03  8.2403398e-01 -2.2116086e-01]
2026-01-08 17:18:46 - INFO - (tensor([[[[0., 1., 0., 0., 0., 1., 0., 0., 0., 1., 0., 0., 0., 0., 1., 0., 1.,
           1., 1.],
          [0., 1., 0., 1., 1., 1., 1., 1., 1., 1., 1., 0., 0., 1., 1., 1., 0.,
           1., 0.],
          [0., 0., 0., 0., 1., 1., 1., 1., 1., 0., 1., 1., 0., 1., 0., 1., 0.,
           1., 1.],
          [0., 0., 0., 0., 0., 0., 0., 0., 1., 1., 0., 1., 1., 1., 1., 0., 1.,
           0., 1.],
          [1., 1., 0., 1., 0., 1., 0., 1., 0., 0., 1., 0., 1., 1., 1., 1., 1.,
           1., 1.],
          [1., 1., 1., 1., 0., 0., 1., 1., 1., 1., 1., 1., 1., 1., 0., 1., 0.,
           1., 1.],
          [0., 1., 0., 1., 1., 0., 1., 0., 1., 0., 0., 1., 1., 0., 1., 1., 1.,
           0., 0.],
          [0., 0., 0., 0., 0., 0., 0., 1., 0., 1., 1., 1., 0., 0., 0., 0., 1.,
           0., 0.],
          [0., 0., 0., 1., 0., 1., 0., 1., 0., 0., 1., 1., 1., 0., 1., 0., 0.,
           1., 1.],
          [1., 0., 1., 1., 1., 0., 0., 0., 0., 0., 0., 1., 0., 0., 0., 1., 0.,
           0., 1.],
          [0., 0., 0., 0., 0., 1., 1., 1., 0., 0., 0., 1., 0., 0., 1., 0., 1.,
           1., 1.],
          [0., 0., 0., 0., 0., 0., 0., 1., 0., 1., 0., 0., 0., 1., 1., 1., 1.,
           0., 1.],
          [0., 0., 1., 1., 1., 1., 1., 1., 1., 1., 0., 1., 1., 0., 1., 0., 0.,
           1., 0.],
          [0., 0., 0., 1., 0., 1., 0., 0., 0., 0., 1., 1., 0., 0., 1., 0., 0.,
           0., 1.],
          [1., 1., 0., 0., 1., 1., 1., 1., 0., 1., 0., 1., 0., 1., 1., 1., 1.,
           0., 1.],
          [0., 0., 0., 0., 1., 0., 0., 0., 1., 1., 1., 1., 0., 0., 1., 0., 0.,
           0., 1.],
          [1., 0., 1., 1., 1., 1., 1., 0., 1., 0., 0., 1., 0., 0., 0., 1., 1.,
           0., 1.],
          [1., 1., 1., 0., 0., 1., 1., 0., 0., 1., 0., 1., 1., 0., 0., 1., 1.,
           0., 1.],
          [0., 1., 0., 0., 0., 1., 1., 0., 1., 0., 0., 1., 1., 0., 1., 1., 0.,
           0., 1.]]]], device='cuda:0'), tensor([[0.3177]], device='cuda:0'))
2026-01-08 17:18:46 - INFO - [ 9.9898297e-01 -1.3370175e-02 -8.1417785e-04  5.2700262e-03
 -8.1417972e-04  5.2700224e-03  8.2345796e-01 -2.2218898e-01]
2026-01-08 17:18:46 - INFO - (tensor([[[[0., 1., 0., 0., 0., 1., 0., 0., 0., 1., 0., 0., 0., 0., 1., 0., 1.,
           1., 1.],
          [0., 1., 0., 1., 1., 1., 1., 1., 1., 1., 1., 0., 0., 1., 1., 1., 0.,
           1., 0.],
          [0., 0., 0., 0., 1., 1., 1., 1., 1., 0., 1., 1., 0., 1., 0., 1., 0.,
           1., 1.],
          [0., 0., 0., 0., 0., 0., 0., 0., 1., 1., 0., 1., 1., 1., 1., 0., 1.,
           0., 1.],
          [1., 1., 0., 1., 0., 1., 0., 1., 0., 0., 1., 0., 1., 1., 1., 1., 1.,
           1., 1.],
          [1., 1., 1., 1., 0., 0., 1., 1., 1., 1., 1., 1., 1., 1., 0., 1., 0.,
           1., 1.],
          [0., 1., 0., 1., 1., 0., 1., 0., 1., 0., 0., 1., 1., 0., 1., 1., 1.,
           0., 0.],
          [0., 0., 0., 0., 0., 0., 0., 1., 0., 1., 1., 1., 0., 0., 0., 0., 1.,
           0., 0.],
          [0., 0., 0., 1., 0., 1., 0., 1., 0., 0., 1., 1., 1., 0., 1., 0., 0.,
           1., 1.],
          [1., 0., 1., 1., 1., 0., 0., 0., 0., 0., 0., 1., 0., 0., 0., 1., 0.,
           0., 1.],
          [0., 0., 0., 0., 0., 1., 1., 1., 0., 0., 0., 1., 0., 0., 1., 0., 1.,
           1., 1.],
          [0., 0., 0., 0., 0., 0., 0., 1., 0., 1., 0., 0., 0., 1., 1., 1., 1.,
           0., 1.],
          [0., 0., 1., 1., 1., 1., 1., 1., 1., 1., 0., 1., 1., 0., 1., 0., 0.,
           1., 0.],
          [0., 0., 0., 1., 0., 1., 0., 0., 0., 0., 1., 1., 0., 0., 1., 0., 0.,
           0., 1.],
          [1., 1., 0., 0., 1., 1., 1., 1., 0., 1., 0., 1., 0., 1., 1., 1., 1.,
           0., 1.],
          [0., 0., 0., 0., 1., 0., 0., 0., 1., 1., 1., 1., 0., 0., 1., 0., 0.,
           0., 1.],
          [1., 0., 1., 1., 1., 1., 1., 0., 1., 0., 0., 1., 0., 0., 0., 1., 1.,
           0., 1.],
          [1., 1., 1., 0., 0., 1., 1., 0., 0., 1., 0., 1., 1., 0., 0., 1., 1.,
           0., 1.],
          [0., 1., 0., 0., 0., 1., 1., 0., 1., 0., 0., 1., 1., 0., 1., 1., 0.,
           0., 1.]]]], device='cuda:0'), tensor([[0.3211]], device='cuda:0'))
2026-01-08 17:18:46 - INFO - [ 9.9897945e-01 -1.3604353e-02 -7.9025404e-04  5.3505944e-03
 -7.9026335e-04  5.3505870e-03  8.2272267e-01 -2.2355703e-01]
2026-01-08 17:18:47 - INFO - (tensor([[[[0., 1., 0., 0., 0., 1., 0., 0., 0., 1., 0., 0., 0., 0., 1., 0., 1.,
           1., 1.],
          [0., 1., 0., 1., 1., 1., 1., 1., 1., 1., 1., 0., 0., 1., 1., 1., 0.,
           1., 0.],
          [0., 0., 0., 0., 1., 1., 1., 1., 1., 0., 1., 1., 0., 1., 0., 1., 0.,
           1., 1.],
          [0., 0., 0., 0., 0., 0., 0., 0., 1., 1., 0., 1., 1., 1., 1., 0., 1.,
           0., 1.],
          [1., 1., 0., 1., 0., 1., 0., 1., 0., 0., 1., 0., 1., 1., 1., 1., 1.,
           1., 1.],
          [1., 1., 1., 1., 0., 0., 1., 1., 1., 1., 1., 1., 1., 1., 0., 1., 0.,
           1., 1.],
          [0., 1., 0., 1., 1., 0., 1., 0., 1., 0., 0., 1., 1., 0., 1., 1., 1.,
           0., 0.],
          [0., 0., 0., 0., 0., 0., 0., 1., 0., 1., 1., 1., 0., 0., 0., 0., 1.,
           0., 0.],
          [0., 0., 0., 1., 0., 1., 0., 1., 0., 0., 1., 1., 1., 0., 1., 0., 0.,
           1., 1.],
          [1., 0., 1., 1., 1., 0., 0., 0., 0., 0., 0., 1., 0., 0., 0., 1., 0.,
           0., 1.],
          [0., 0., 0., 0., 0., 1., 1., 1., 0., 0., 0., 1., 0., 0., 1., 0., 1.,
           1., 1.],
          [0., 0., 0., 0., 0., 0., 0., 1., 0., 1., 0., 0., 0., 1., 1., 1., 1.,
           0., 1.],
          [0., 0., 1., 1., 1., 1., 1., 1., 1., 1., 0., 1., 1., 0., 1., 0., 0.,
           1., 0.],
          [0., 0., 0., 1., 0., 1., 0., 0., 0., 0., 1., 1., 0., 0., 1., 0., 0.,
           0., 1.],
          [1., 1., 0., 0., 1., 1., 1., 1., 0., 1., 0., 1., 0., 1., 1., 1., 1.,
           0., 1.],
          [0., 0., 0., 0., 1., 0., 0., 0., 1., 1., 1., 1., 0., 0., 1., 0., 0.,
           0., 1.],
          [1., 0., 1., 1., 1., 1., 1., 0., 1., 0., 0., 1., 0., 0., 0., 1., 1.,
           0., 1.],
          [1., 1., 1., 0., 0., 1., 1., 0., 0., 1., 0., 1., 1., 0., 0., 1., 1.,
           0., 1.],
          [0., 1., 0., 0., 0., 1., 1., 0., 1., 0., 0., 1., 1., 0., 1., 1., 0.,
           0., 1.]]]], device='cuda:0'), tensor([[0.3244]], device='cuda:0'))
2026-01-08 17:18:47 - INFO - [ 9.98982906e-01 -1.38303945e-02 -7.62210053e-04  5.41395973e-03
 -7.62211916e-04  5.41395973e-03  8.22046578e-01 -2.24876553e-01]
2026-01-08 17:18:47 - INFO - (tensor([[[[0., 1., 0., 0., 0., 1., 0., 0., 0., 1., 0., 0., 0., 0., 1., 0., 1.,
           1., 1.],
          [0., 1., 0., 1., 1., 1., 1., 1., 1., 1., 1., 0., 0., 1., 1., 1., 0.,
           1., 0.],
          [0., 0., 0., 0., 1., 1., 1., 1., 1., 0., 1., 1., 0., 1., 0., 1., 0.,
           1., 1.],
          [0., 0., 0., 0., 0., 0., 0., 0., 1., 1., 0., 1., 1., 1., 1., 0., 1.,
           0., 1.],
          [1., 1., 0., 1., 0., 1., 0., 1., 0., 0., 1., 0., 1., 1., 1., 1., 1.,
           1., 1.],
          [1., 1., 1., 1., 0., 0., 1., 1., 1., 1., 1., 1., 1., 1., 0., 1., 0.,
           1., 1.],
          [0., 1., 0., 1., 1., 0., 1., 0., 1., 0., 0., 1., 1., 0., 1., 1., 1.,
           0., 0.],
          [0., 0., 0., 0., 0., 0., 0., 1., 0., 1., 1., 1., 0., 0., 0., 0., 1.,
           0., 0.],
          [0., 0., 0., 1., 0., 1., 0., 1., 0., 0., 1., 1., 1., 0., 1., 0., 0.,
           1., 1.],
          [1., 0., 1., 1., 1., 0., 0., 0., 0., 0., 0., 1., 0., 0., 0., 1., 0.,
           0., 1.],
          [0., 0., 0., 0., 0., 1., 1., 1., 0., 0., 0., 1., 0., 0., 1., 0., 1.,
           1., 1.],
          [0., 0., 0., 0., 0., 0., 0., 1., 0., 1., 0., 0., 0., 1., 1., 1., 1.,
           0., 1.],
          [0., 0., 1., 1., 1., 1., 1., 1., 1., 1., 0., 1., 1., 0., 1., 0., 0.,
           1., 0.],
          [0., 0., 0., 1., 0., 1., 0., 0., 0., 0., 1., 1., 0., 0., 1., 0., 0.,
           0., 1.],
          [1., 1., 0., 0., 1., 1., 1., 1., 0., 1., 0., 1., 0., 1., 1., 1., 1.,
           0., 1.],
          [0., 0., 0., 0., 1., 0., 0., 0., 1., 1., 1., 1., 0., 0., 1., 0., 0.,
           0., 1.],
          [1., 0., 1., 1., 1., 1., 1., 0., 1., 0., 0., 1., 0., 0., 0., 1., 1.,
           0., 1.],
          [1., 1., 1., 0., 0., 1., 1., 0., 0., 1., 0., 1., 1., 0., 0., 1., 1.,
           0., 1.],
          [0., 1., 0., 0., 0., 1., 1., 0., 1., 0., 0., 1., 1., 0., 1., 1., 0.,
           0., 1.]]]], device='cuda:0'), tensor([[0.3278]], device='cuda:0'))
2026-01-08 17:18:47 - INFO - [ 9.9898636e-01 -1.4038390e-02 -7.3577545e-04  5.4687276e-03
 -7.3577731e-04  5.4687276e-03  8.2140458e-01 -2.2612865e-01]
2026-01-08 17:18:47 - INFO -   预测进度: 101/301
2026-01-08 17:18:47 - INFO - (tensor([[[[0., 1., 0., 0., 0., 1., 0., 0., 0., 1., 0., 0., 0., 0., 1., 0., 1.,
           1., 1.],
          [0., 1., 0., 1., 1., 1., 1., 1., 1., 1., 1., 0., 0., 1., 1., 1., 0.,
           1., 0.],
          [0., 0., 0., 0., 1., 1., 1., 1., 1., 0., 1., 1., 0., 1., 0., 1., 0.,
           1., 1.],
          [0., 0., 0., 0., 0., 0., 0., 0., 1., 1., 0., 1., 1., 1., 1., 0., 1.,
           0., 1.],
          [1., 1., 0., 1., 0., 1., 0., 1., 0., 0., 1., 0., 1., 1., 1., 1., 1.,
           1., 1.],
          [1., 1., 1., 1., 0., 0., 1., 1., 1., 1., 1., 1., 1., 1., 0., 1., 0.,
           1., 1.],
          [0., 1., 0., 1., 1., 0., 1., 0., 1., 0., 0., 1., 1., 0., 1., 1., 1.,
           0., 0.],
          [0., 0., 0., 0., 0., 0., 0., 1., 0., 1., 1., 1., 0., 0., 0., 0., 1.,
           0., 0.],
          [0., 0., 0., 1., 0., 1., 0., 1., 0., 0., 1., 1., 1., 0., 1., 0., 0.,
           1., 1.],
          [1., 0., 1., 1., 1., 0., 0., 0., 0., 0., 0., 1., 0., 0., 0., 1., 0.,
           0., 1.],
          [0., 0., 0., 0., 0., 1., 1., 1., 0., 0., 0., 1., 0., 0., 1., 0., 1.,
           1., 1.],
          [0., 0., 0., 0., 0., 0., 0., 1., 0., 1., 0., 0., 0., 1., 1., 1., 1.,
           0., 1.],
          [0., 0., 1., 1., 1., 1., 1., 1., 1., 1., 0., 1., 1., 0., 1., 0., 0.,
           1., 0.],
          [0., 0., 0., 1., 0., 1., 0., 0., 0., 0., 1., 1., 0., 0., 1., 0., 0.,
           0., 1.],
          [1., 1., 0., 0., 1., 1., 1., 1., 0., 1., 0., 1., 0., 1., 1., 1., 1.,
           0., 1.],
          [0., 0., 0., 0., 1., 0., 0., 0., 1., 1., 1., 1., 0., 0., 1., 0., 0.,
           0., 1.],
          [1., 0., 1., 1., 1., 1., 1., 0., 1., 0., 0., 1., 0., 0., 0., 1., 1.,
           0., 1.],
          [1., 1., 1., 0., 0., 1., 1., 0., 0., 1., 0., 1., 1., 0., 0., 1., 1.,
           0., 1.],
          [0., 1., 0., 0., 0., 1., 1., 0., 1., 0., 0., 1., 1., 0., 1., 1., 0.,
           0., 1.]]]], device='cuda:0'), tensor([[0.3311]], device='cuda:0'))
2026-01-08 17:18:47 - INFO - [ 9.9898547e-01 -1.4227507e-02 -7.1625493e-04  5.5169500e-03
 -7.1625679e-04  5.5169538e-03  8.2082605e-01 -2.2724970e-01]
2026-01-08 17:18:47 - INFO - (tensor([[[[0., 1., 0., 0., 0., 1., 0., 0., 0., 1., 0., 0., 0., 0., 1., 0., 1.,
           1., 1.],
          [0., 1., 0., 1., 1., 1., 1., 1., 1., 1., 1., 0., 0., 1., 1., 1., 0.,
           1., 0.],
          [0., 0., 0., 0., 1., 1., 1., 1., 1., 0., 1., 1., 0., 1., 0., 1., 0.,
           1., 1.],
          [0., 0., 0., 0., 0., 0., 0., 0., 1., 1., 0., 1., 1., 1., 1., 0., 1.,
           0., 1.],
          [1., 1., 0., 1., 0., 1., 0., 1., 0., 0., 1., 0., 1., 1., 1., 1., 1.,
           1., 1.],
          [1., 1., 1., 1., 0., 0., 1., 1., 1., 1., 1., 1., 1., 1., 0., 1., 0.,
           1., 1.],
          [0., 1., 0., 1., 1., 0., 1., 0., 1., 0., 0., 1., 1., 0., 1., 1., 1.,
           0., 0.],
          [0., 0., 0., 0., 0., 0., 0., 1., 0., 1., 1., 1., 0., 0., 0., 0., 1.,
           0., 0.],
          [0., 0., 0., 1., 0., 1., 0., 1., 0., 0., 1., 1., 1., 0., 1., 0., 0.,
           1., 1.],
          [1., 0., 1., 1., 1., 0., 0., 0., 0., 0., 0., 1., 0., 0., 0., 1., 0.,
           0., 1.],
          [0., 0., 0., 0., 0., 1., 1., 1., 0., 0., 0., 1., 0., 0., 1., 0., 1.,
           1., 1.],
          [0., 0., 0., 0., 0., 0., 0., 1., 0., 1., 0., 0., 0., 1., 1., 1., 1.,
           0., 1.],
          [0., 0., 1., 1., 1., 1., 1., 1., 1., 1., 0., 1., 1., 0., 1., 0., 0.,
           1., 0.],
          [0., 0., 0., 1., 0., 1., 0., 0., 0., 0., 1., 1., 0., 0., 1., 0., 0.,
           0., 1.],
          [1., 1., 0., 0., 1., 1., 1., 1., 0., 1., 0., 1., 0., 1., 1., 1., 1.,
           0., 1.],
          [0., 0., 0., 0., 1., 0., 0., 0., 1., 1., 1., 1., 0., 0., 1., 0., 0.,
           0., 1.],
          [1., 0., 1., 1., 1., 1., 1., 0., 1., 0., 0., 1., 0., 0., 0., 1., 1.,
           0., 1.],
          [1., 1., 1., 0., 0., 1., 1., 0., 0., 1., 0., 1., 1., 0., 0., 1., 1.,
           0., 1.],
          [0., 1., 0., 0., 0., 1., 1., 0., 1., 0., 0., 1., 1., 0., 1., 1., 0.,
           0., 1.]]]], device='cuda:0'), tensor([[0.3344]], device='cuda:0'))
2026-01-08 17:18:47 - INFO - [ 9.9898225e-01 -1.4411100e-02 -6.9870881e-04  5.5624829e-03
 -6.9868832e-04  5.5624717e-03  8.2037902e-01 -2.2825271e-01]
2026-01-08 17:18:47 - INFO - (tensor([[[[0., 1., 0., 0., 0., 1., 0., 0., 0., 1., 0., 0., 0., 0., 1., 0., 1.,
           1., 1.],
          [0., 1., 0., 1., 1., 1., 1., 1., 1., 1., 1., 0., 0., 1., 1., 1., 0.,
           1., 0.],
          [0., 0., 0., 0., 1., 1., 1., 1., 1., 0., 1., 1., 0., 1., 0., 1., 0.,
           1., 1.],
          [0., 0., 0., 0., 0., 0., 0., 0., 1., 1., 0., 1., 1., 1., 1., 0., 1.,
           0., 1.],
          [1., 1., 0., 1., 0., 1., 0., 1., 0., 0., 1., 0., 1., 1., 1., 1., 1.,
           1., 1.],
          [1., 1., 1., 1., 0., 0., 1., 1., 1., 1., 1., 1., 1., 1., 0., 1., 0.,
           1., 1.],
          [0., 1., 0., 1., 1., 0., 1., 0., 1., 0., 0., 1., 1., 0., 1., 1., 1.,
           0., 0.],
          [0., 0., 0., 0., 0., 0., 0., 1., 0., 1., 1., 1., 0., 0., 0., 0., 1.,
           0., 0.],
          [0., 0., 0., 1., 0., 1., 0., 1., 0., 0., 1., 1., 1., 0., 1., 0., 0.,
           1., 1.],
          [1., 0., 1., 1., 1., 0., 0., 0., 0., 0., 0., 1., 0., 0., 0., 1., 0.,
           0., 1.],
          [0., 0., 0., 0., 0., 1., 1., 1., 0., 0., 0., 1., 0., 0., 1., 0., 1.,
           1., 1.],
          [0., 0., 0., 0., 0., 0., 0., 1., 0., 1., 0., 0., 0., 1., 1., 1., 1.,
           0., 1.],
          [0., 0., 1., 1., 1., 1., 1., 1., 1., 1., 0., 1., 1., 0., 1., 0., 0.,
           1., 0.],
          [0., 0., 0., 1., 0., 1., 0., 0., 0., 0., 1., 1., 0., 0., 1., 0., 0.,
           0., 1.],
          [1., 1., 0., 0., 1., 1., 1., 1., 0., 1., 0., 1., 0., 1., 1., 1., 1.,
           0., 1.],
          [0., 0., 0., 0., 1., 0., 0., 0., 1., 1., 1., 1., 0., 0., 1., 0., 0.,
           0., 1.],
          [1., 0., 1., 1., 1., 1., 1., 0., 1., 0., 0., 1., 0., 0., 0., 1., 1.,
           0., 1.],
          [1., 1., 1., 0., 0., 1., 1., 0., 0., 1., 0., 1., 1., 0., 0., 1., 1.,
           0., 1.],
          [0., 1., 0., 0., 0., 1., 1., 0., 1., 0., 0., 1., 1., 0., 1., 1., 0.,
           0., 1.]]]], device='cuda:0'), tensor([[0.3378]], device='cuda:0'))
2026-01-08 17:18:47 - INFO - [ 9.9897921e-01 -1.4610894e-02 -6.8473152e-04  5.6042271e-03
 -6.8474084e-04  5.6042233e-03  8.2020009e-01 -2.2913224e-01]
2026-01-08 17:18:47 - INFO - (tensor([[[[0., 1., 0., 0., 0., 1., 0., 0., 0., 1., 0., 0., 0., 0., 1., 0., 1.,
           1., 1.],
          [0., 1., 0., 1., 1., 1., 1., 1., 1., 1., 1., 0., 0., 1., 1., 1., 0.,
           1., 0.],
          [0., 0., 0., 0., 1., 1., 1., 1., 1., 0., 1., 1., 0., 1., 0., 1., 0.,
           1., 1.],
          [0., 0., 0., 0., 0., 0., 0., 0., 1., 1., 0., 1., 1., 1., 1., 0., 1.,
           0., 1.],
          [1., 1., 0., 1., 0., 1., 0., 1., 0., 0., 1., 0., 1., 1., 1., 1., 1.,
           1., 1.],
          [1., 1., 1., 1., 0., 0., 1., 1., 1., 1., 1., 1., 1., 1., 0., 1., 0.,
           1., 1.],
          [0., 1., 0., 1., 1., 0., 1., 0., 1., 0., 0., 1., 1., 0., 1., 1., 1.,
           0., 0.],
          [0., 0., 0., 0., 0., 0., 0., 1., 0., 1., 1., 1., 0., 0., 0., 0., 1.,
           0., 0.],
          [0., 0., 0., 1., 0., 1., 0., 1., 0., 0., 1., 1., 1., 0., 1., 0., 0.,
           1., 1.],
          [1., 0., 1., 1., 1., 0., 0., 0., 0., 0., 0., 1., 0., 0., 0., 1., 0.,
           0., 1.],
          [0., 0., 0., 0., 0., 1., 1., 1., 0., 0., 0., 1., 0., 0., 1., 0., 1.,
           1., 1.],
          [0., 0., 0., 0., 0., 0., 0., 1., 0., 1., 0., 0., 0., 1., 1., 1., 1.,
           0., 1.],
          [0., 0., 1., 1., 1., 1., 1., 1., 1., 1., 0., 1., 1., 0., 1., 0., 0.,
           1., 0.],
          [0., 0., 0., 1., 0., 1., 0., 0., 0., 0., 1., 1., 0., 0., 1., 0., 0.,
           0., 1.],
          [1., 1., 0., 0., 1., 1., 1., 1., 0., 1., 0., 1., 0., 1., 1., 1., 1.,
           0., 1.],
          [0., 0., 0., 0., 1., 0., 0., 0., 1., 1., 1., 1., 0., 0., 1., 0., 0.,
           0., 1.],
          [1., 0., 1., 1., 1., 1., 1., 0., 1., 0., 0., 1., 0., 0., 0., 1., 1.,
           0., 1.],
          [1., 1., 1., 0., 0., 1., 1., 0., 0., 1., 0., 1., 1., 0., 0., 1., 1.,
           0., 1.],
          [0., 1., 0., 0., 0., 1., 1., 0., 1., 0., 0., 1., 1., 0., 1., 1., 0.,
           0., 1.]]]], device='cuda:0'), tensor([[0.3411]], device='cuda:0'))
2026-01-08 17:18:47 - INFO - [ 9.9897587e-01 -1.4811755e-02 -6.7176006e-04  5.6430581e-03
 -6.7176193e-04  5.6430656e-03  8.2003099e-01 -2.3001024e-01]
2026-01-08 17:18:47 - INFO - (tensor([[[[0., 1., 0., 0., 0., 1., 0., 0., 0., 1., 0., 0., 0., 0., 1., 0., 1.,
           1., 1.],
          [0., 1., 0., 1., 1., 1., 1., 1., 1., 1., 1., 0., 0., 1., 1., 1., 0.,
           1., 0.],
          [0., 0., 0., 0., 1., 1., 1., 1., 1., 0., 1., 1., 0., 1., 0., 1., 0.,
           1., 1.],
          [0., 0., 0., 0., 0., 0., 0., 0., 1., 1., 0., 1., 1., 1., 1., 0., 1.,
           0., 1.],
          [1., 1., 0., 1., 0., 1., 0., 1., 0., 0., 1., 0., 1., 1., 1., 1., 1.,
           1., 1.],
          [1., 1., 1., 1., 0., 0., 1., 1., 1., 1., 1., 1., 1., 1., 0., 1., 0.,
           1., 1.],
          [0., 1., 0., 1., 1., 0., 1., 0., 1., 0., 0., 1., 1., 0., 1., 1., 1.,
           0., 0.],
          [0., 0., 0., 0., 0., 0., 0., 1., 0., 1., 1., 1., 0., 0., 0., 0., 1.,
           0., 0.],
          [0., 0., 0., 1., 0., 1., 0., 1., 0., 0., 1., 1., 1., 0., 1., 0., 0.,
           1., 1.],
          [1., 0., 1., 1., 1., 0., 0., 0., 0., 0., 0., 1., 0., 0., 0., 1., 0.,
           0., 1.],
          [0., 0., 0., 0., 0., 1., 1., 1., 0., 0., 0., 1., 0., 0., 1., 0., 1.,
           1., 1.],
          [0., 0., 0., 0., 0., 0., 0., 1., 0., 1., 0., 0., 0., 1., 1., 1., 1.,
           0., 1.],
          [0., 0., 1., 1., 1., 1., 1., 1., 1., 1., 0., 1., 1., 0., 1., 0., 0.,
           1., 0.],
          [0., 0., 0., 1., 0., 1., 0., 0., 0., 0., 1., 1., 0., 0., 1., 0., 0.,
           0., 1.],
          [1., 1., 0., 0., 1., 1., 1., 1., 0., 1., 0., 1., 0., 1., 1., 1., 1.,
           0., 1.],
          [0., 0., 0., 0., 1., 0., 0., 0., 1., 1., 1., 1., 0., 0., 1., 0., 0.,
           0., 1.],
          [1., 0., 1., 1., 1., 1., 1., 0., 1., 0., 0., 1., 0., 0., 0., 1., 1.,
           0., 1.],
          [1., 1., 1., 0., 0., 1., 1., 0., 0., 1., 0., 1., 1., 0., 0., 1., 1.,
           0., 1.],
          [0., 1., 0., 0., 0., 1., 1., 0., 1., 0., 0., 1., 1., 0., 1., 1., 0.,
           0., 1.]]]], device='cuda:0'), tensor([[0.3445]], device='cuda:0'))
2026-01-08 17:18:47 - INFO - [ 9.9897105e-01 -1.5003356e-02 -6.6059909e-04  5.6806491e-03
 -6.6059351e-04  5.6806416e-03  8.1973833e-01 -2.3097117e-01]
2026-01-08 17:18:47 - INFO - (tensor([[[[0., 1., 0., 0., 0., 1., 0., 0., 0., 1., 0., 0., 0., 0., 1., 0., 1.,
           1., 1.],
          [0., 1., 0., 1., 1., 1., 1., 1., 1., 1., 1., 0., 0., 1., 1., 1., 0.,
           1., 0.],
          [0., 0., 0., 0., 1., 1., 1., 1., 1., 0., 1., 1., 0., 1., 0., 1., 0.,
           1., 1.],
          [0., 0., 0., 0., 0., 0., 0., 0., 1., 1., 0., 1., 1., 1., 1., 0., 1.,
           0., 1.],
          [1., 1., 0., 1., 0., 1., 0., 1., 0., 0., 1., 0., 1., 1., 1., 1., 1.,
           1., 1.],
          [1., 1., 1., 1., 0., 0., 1., 1., 1., 1., 1., 1., 1., 1., 0., 1., 0.,
           1., 1.],
          [0., 1., 0., 1., 1., 0., 1., 0., 1., 0., 0., 1., 1., 0., 1., 1., 1.,
           0., 0.],
          [0., 0., 0., 0., 0., 0., 0., 1., 0., 1., 1., 1., 0., 0., 0., 0., 1.,
           0., 0.],
          [0., 0., 0., 1., 0., 1., 0., 1., 0., 0., 1., 1., 1., 0., 1., 0., 0.,
           1., 1.],
          [1., 0., 1., 1., 1., 0., 0., 0., 0., 0., 0., 1., 0., 0., 0., 1., 0.,
           0., 1.],
          [0., 0., 0., 0., 0., 1., 1., 1., 0., 0., 0., 1., 0., 0., 1., 0., 1.,
           1., 1.],
          [0., 0., 0., 0., 0., 0., 0., 1., 0., 1., 0., 0., 0., 1., 1., 1., 1.,
           0., 1.],
          [0., 0., 1., 1., 1., 1., 1., 1., 1., 1., 0., 1., 1., 0., 1., 0., 0.,
           1., 0.],
          [0., 0., 0., 1., 0., 1., 0., 0., 0., 0., 1., 1., 0., 0., 1., 0., 0.,
           0., 1.],
          [1., 1., 0., 0., 1., 1., 1., 1., 0., 1., 0., 1., 0., 1., 1., 1., 1.,
           0., 1.],
          [0., 0., 0., 0., 1., 0., 0., 0., 1., 1., 1., 1., 0., 0., 1., 0., 0.,
           0., 1.],
          [1., 0., 1., 1., 1., 1., 1., 0., 1., 0., 0., 1., 0., 0., 0., 1., 1.,
           0., 1.],
          [1., 1., 1., 0., 0., 1., 1., 0., 0., 1., 0., 1., 1., 0., 0., 1., 1.,
           0., 1.],
          [0., 1., 0., 0., 0., 1., 1., 0., 1., 0., 0., 1., 1., 0., 1., 1., 0.,
           0., 1.]]]], device='cuda:0'), tensor([[0.3478]], device='cuda:0'))
2026-01-08 17:18:47 - INFO - [ 9.9896038e-01 -1.5113413e-02 -6.5839372e-04  5.7086735e-03
 -6.5840303e-04  5.7086847e-03  8.1909573e-01 -2.3212433e-01]
2026-01-08 17:18:47 - INFO - (tensor([[[[0., 1., 0., 0., 0., 1., 0., 0., 0., 1., 0., 0., 0., 0., 1., 0., 1.,
           1., 1.],
          [0., 1., 0., 1., 1., 1., 1., 1., 1., 1., 1., 0., 0., 1., 1., 1., 0.,
           1., 0.],
          [0., 0., 0., 0., 1., 1., 1., 1., 1., 0., 1., 1., 0., 1., 0., 1., 0.,
           1., 1.],
          [0., 0., 0., 0., 0., 0., 0., 0., 1., 1., 0., 1., 1., 1., 1., 0., 1.,
           0., 1.],
          [1., 1., 0., 1., 0., 1., 0., 1., 0., 0., 1., 0., 1., 1., 1., 1., 1.,
           1., 1.],
          [1., 1., 1., 1., 0., 0., 1., 1., 1., 1., 1., 1., 1., 1., 0., 1., 0.,
           1., 1.],
          [0., 1., 0., 1., 1., 0., 1., 0., 1., 0., 0., 1., 1., 0., 1., 1., 1.,
           0., 0.],
          [0., 0., 0., 0., 0., 0., 0., 1., 0., 1., 1., 1., 0., 0., 0., 0., 1.,
           0., 0.],
          [0., 0., 0., 1., 0., 1., 0., 1., 0., 0., 1., 1., 1., 0., 1., 0., 0.,
           1., 1.],
          [1., 0., 1., 1., 1., 0., 0., 0., 0., 0., 0., 1., 0., 0., 0., 1., 0.,
           0., 1.],
          [0., 0., 0., 0., 0., 1., 1., 1., 0., 0., 0., 1., 0., 0., 1., 0., 1.,
           1., 1.],
          [0., 0., 0., 0., 0., 0., 0., 1., 0., 1., 0., 0., 0., 1., 1., 1., 1.,
           0., 1.],
          [0., 0., 1., 1., 1., 1., 1., 1., 1., 1., 0., 1., 1., 0., 1., 0., 0.,
           1., 0.],
          [0., 0., 0., 1., 0., 1., 0., 0., 0., 0., 1., 1., 0., 0., 1., 0., 0.,
           0., 1.],
          [1., 1., 0., 0., 1., 1., 1., 1., 0., 1., 0., 1., 0., 1., 1., 1., 1.,
           0., 1.],
          [0., 0., 0., 0., 1., 0., 0., 0., 1., 1., 1., 1., 0., 0., 1., 0., 0.,
           0., 1.],
          [1., 0., 1., 1., 1., 1., 1., 0., 1., 0., 0., 1., 0., 0., 0., 1., 1.,
           0., 1.],
          [1., 1., 1., 0., 0., 1., 1., 0., 0., 1., 0., 1., 1., 0., 0., 1., 1.,
           0., 1.],
          [0., 1., 0., 0., 0., 1., 1., 0., 1., 0., 0., 1., 1., 0., 1., 1., 0.,
           0., 1.]]]], device='cuda:0'), tensor([[0.3512]], device='cuda:0'))
2026-01-08 17:18:47 - INFO - [ 9.9895114e-01 -1.5223389e-02 -6.5463118e-04  5.7427585e-03
 -6.5462559e-04  5.7427660e-03  8.1823868e-01 -2.3332793e-01]
2026-01-08 17:18:47 - INFO - (tensor([[[[0., 1., 0., 0., 0., 1., 0., 0., 0., 1., 0., 0., 0., 0., 1., 0., 1.,
           1., 1.],
          [0., 1., 0., 1., 1., 1., 1., 1., 1., 1., 1., 0., 0., 1., 1., 1., 0.,
           1., 0.],
          [0., 0., 0., 0., 1., 1., 1., 1., 1., 0., 1., 1., 0., 1., 0., 1., 0.,
           1., 1.],
          [0., 0., 0., 0., 0., 0., 0., 0., 1., 1., 0., 1., 1., 1., 1., 0., 1.,
           0., 1.],
          [1., 1., 0., 1., 0., 1., 0., 1., 0., 0., 1., 0., 1., 1., 1., 1., 1.,
           1., 1.],
          [1., 1., 1., 1., 0., 0., 1., 1., 1., 1., 1., 1., 1., 1., 0., 1., 0.,
           1., 1.],
          [0., 1., 0., 1., 1., 0., 1., 0., 1., 0., 0., 1., 1., 0., 1., 1., 1.,
           0., 0.],
          [0., 0., 0., 0., 0., 0., 0., 1., 0., 1., 1., 1., 0., 0., 0., 0., 1.,
           0., 0.],
          [0., 0., 0., 1., 0., 1., 0., 1., 0., 0., 1., 1., 1., 0., 1., 0., 0.,
           1., 1.],
          [1., 0., 1., 1., 1., 0., 0., 0., 0., 0., 0., 1., 0., 0., 0., 1., 0.,
           0., 1.],
          [0., 0., 0., 0., 0., 1., 1., 1., 0., 0., 0., 1., 0., 0., 1., 0., 1.,
           1., 1.],
          [0., 0., 0., 0., 0., 0., 0., 1., 0., 1., 0., 0., 0., 1., 1., 1., 1.,
           0., 1.],
          [0., 0., 1., 1., 1., 1., 1., 1., 1., 1., 0., 1., 1., 0., 1., 0., 0.,
           1., 0.],
          [0., 0., 0., 1., 0., 1., 0., 0., 0., 0., 1., 1., 0., 0., 1., 0., 0.,
           0., 1.],
          [1., 1., 0., 0., 1., 1., 1., 1., 0., 1., 0., 1., 0., 1., 1., 1., 1.,
           0., 1.],
          [0., 0., 0., 0., 1., 0., 0., 0., 1., 1., 1., 1., 0., 0., 1., 0., 0.,
           0., 1.],
          [1., 0., 1., 1., 1., 1., 1., 0., 1., 0., 0., 1., 0., 0., 0., 1., 1.,
           0., 1.],
          [1., 1., 1., 0., 0., 1., 1., 0., 0., 1., 0., 1., 1., 0., 0., 1., 1.,
           0., 1.],
          [0., 1., 0., 0., 0., 1., 1., 0., 1., 0., 0., 1., 1., 0., 1., 1., 0.,
           0., 1.]]]], device='cuda:0'), tensor([[0.3545]], device='cuda:0'))
2026-01-08 17:18:47 - INFO - [ 9.9894351e-01 -1.5323453e-02 -6.5103255e-04  5.7744896e-03
 -6.5103441e-04  5.7744822e-03  8.1731808e-01 -2.3448355e-01]
2026-01-08 17:18:47 - INFO - (tensor([[[[0., 1., 0., 0., 0., 1., 0., 0., 0., 1., 0., 0., 0., 0., 1., 0., 1.,
           1., 1.],
          [0., 1., 0., 1., 1., 1., 1., 1., 1., 1., 1., 0., 0., 1., 1., 1., 0.,
           1., 0.],
          [0., 0., 0., 0., 1., 1., 1., 1., 1., 0., 1., 1., 0., 1., 0., 1., 0.,
           1., 1.],
          [0., 0., 0., 0., 0., 0., 0., 0., 1., 1., 0., 1., 1., 1., 1., 0., 1.,
           0., 1.],
          [1., 1., 0., 1., 0., 1., 0., 1., 0., 0., 1., 0., 1., 1., 1., 1., 1.,
           1., 1.],
          [1., 1., 1., 1., 0., 0., 1., 1., 1., 1., 1., 1., 1., 1., 0., 1., 0.,
           1., 1.],
          [0., 1., 0., 1., 1., 0., 1., 0., 1., 0., 0., 1., 1., 0., 1., 1., 1.,
           0., 0.],
          [0., 0., 0., 0., 0., 0., 0., 1., 0., 1., 1., 1., 0., 0., 0., 0., 1.,
           0., 0.],
          [0., 0., 0., 1., 0., 1., 0., 1., 0., 0., 1., 1., 1., 0., 1., 0., 0.,
           1., 1.],
          [1., 0., 1., 1., 1., 0., 0., 0., 0., 0., 0., 1., 0., 0., 0., 1., 0.,
           0., 1.],
          [0., 0., 0., 0., 0., 1., 1., 1., 0., 0., 0., 1., 0., 0., 1., 0., 1.,
           1., 1.],
          [0., 0., 0., 0., 0., 0., 0., 1., 0., 1., 0., 0., 0., 1., 1., 1., 1.,
           0., 1.],
          [0., 0., 1., 1., 1., 1., 1., 1., 1., 1., 0., 1., 1., 0., 1., 0., 0.,
           1., 0.],
          [0., 0., 0., 1., 0., 1., 0., 0., 0., 0., 1., 1., 0., 0., 1., 0., 0.,
           0., 1.],
          [1., 1., 0., 0., 1., 1., 1., 1., 0., 1., 0., 1., 0., 1., 1., 1., 1.,
           0., 1.],
          [0., 0., 0., 0., 1., 0., 0., 0., 1., 1., 1., 1., 0., 0., 1., 0., 0.,
           0., 1.],
          [1., 0., 1., 1., 1., 1., 1., 0., 1., 0., 0., 1., 0., 0., 0., 1., 1.,
           0., 1.],
          [1., 1., 1., 0., 0., 1., 1., 0., 0., 1., 0., 1., 1., 0., 0., 1., 1.,
           0., 1.],
          [0., 1., 0., 0., 0., 1., 1., 0., 1., 0., 0., 1., 1., 0., 1., 1., 0.,
           0., 1.]]]], device='cuda:0'), tensor([[0.3579]], device='cuda:0'))
2026-01-08 17:18:47 - INFO - [ 9.9893641e-01 -1.5431468e-02 -6.4738176e-04  5.8131418e-03
 -6.4737618e-04  5.8131381e-03  8.1643981e-01 -2.3561232e-01]
2026-01-08 17:18:47 - INFO - (tensor([[[[0., 1., 0., 0., 0., 1., 0., 0., 0., 1., 0., 0., 0., 0., 1., 0., 1.,
           1., 1.],
          [0., 1., 0., 1., 1., 1., 1., 1., 1., 1., 1., 0., 0., 1., 1., 1., 0.,
           1., 0.],
          [0., 0., 0., 0., 1., 1., 1., 1., 1., 0., 1., 1., 0., 1., 0., 1., 0.,
           1., 1.],
          [0., 0., 0., 0., 0., 0., 0., 0., 1., 1., 0., 1., 1., 1., 1., 0., 1.,
           0., 1.],
          [1., 1., 0., 1., 0., 1., 0., 1., 0., 0., 1., 0., 1., 1., 1., 1., 1.,
           1., 1.],
          [1., 1., 1., 1., 0., 0., 1., 1., 1., 1., 1., 1., 1., 1., 0., 1., 0.,
           1., 1.],
          [0., 1., 0., 1., 1., 0., 1., 0., 1., 0., 0., 1., 1., 0., 1., 1., 1.,
           0., 0.],
          [0., 0., 0., 0., 0., 0., 0., 1., 0., 1., 1., 1., 0., 0., 0., 0., 1.,
           0., 0.],
          [0., 0., 0., 1., 0., 1., 0., 1., 0., 0., 1., 1., 1., 0., 1., 0., 0.,
           1., 1.],
          [1., 0., 1., 1., 1., 0., 0., 0., 0., 0., 0., 1., 0., 0., 0., 1., 0.,
           0., 1.],
          [0., 0., 0., 0., 0., 1., 1., 1., 0., 0., 0., 1., 0., 0., 1., 0., 1.,
           1., 1.],
          [0., 0., 0., 0., 0., 0., 0., 1., 0., 1., 0., 0., 0., 1., 1., 1., 1.,
           0., 1.],
          [0., 0., 1., 1., 1., 1., 1., 1., 1., 1., 0., 1., 1., 0., 1., 0., 0.,
           1., 0.],
          [0., 0., 0., 1., 0., 1., 0., 0., 0., 0., 1., 1., 0., 0., 1., 0., 0.,
           0., 1.],
          [1., 1., 0., 0., 1., 1., 1., 1., 0., 1., 0., 1., 0., 1., 1., 1., 1.,
           0., 1.],
          [0., 0., 0., 0., 1., 0., 0., 0., 1., 1., 1., 1., 0., 0., 1., 0., 0.,
           0., 1.],
          [1., 0., 1., 1., 1., 1., 1., 0., 1., 0., 0., 1., 0., 0., 0., 1., 1.,
           0., 1.],
          [1., 1., 1., 0., 0., 1., 1., 0., 0., 1., 0., 1., 1., 0., 0., 1., 1.,
           0., 1.],
          [0., 1., 0., 0., 0., 1., 1., 0., 1., 0., 0., 1., 1., 0., 1., 1., 0.,
           0., 1.]]]], device='cuda:0'), tensor([[0.3612]], device='cuda:0'))
2026-01-08 17:18:47 - INFO - [ 9.9892706e-01 -1.5526522e-02 -6.4364157e-04  5.8670598e-03
 -6.4365088e-04  5.8670524e-03  8.1554037e-01 -2.3678137e-01]
2026-01-08 17:18:47 - INFO - (tensor([[[[0., 1., 0., 0., 0., 1., 0., 0., 0., 1., 0., 0., 0., 0., 1., 0., 1.,
           1., 1.],
          [0., 1., 0., 1., 1., 1., 1., 1., 1., 1., 1., 0., 0., 1., 1., 1., 0.,
           1., 0.],
          [0., 0., 0., 0., 1., 1., 1., 1., 1., 0., 1., 1., 0., 1., 0., 1., 0.,
           1., 1.],
          [0., 0., 0., 0., 0., 0., 0., 0., 1., 1., 0., 1., 1., 1., 1., 0., 1.,
           0., 1.],
          [1., 1., 0., 1., 0., 1., 0., 1., 0., 0., 1., 0., 1., 1., 1., 1., 1.,
           1., 1.],
          [1., 1., 1., 1., 0., 0., 1., 1., 1., 1., 1., 1., 1., 1., 0., 1., 0.,
           1., 1.],
          [0., 1., 0., 1., 1., 0., 1., 0., 1., 0., 0., 1., 1., 0., 1., 1., 1.,
           0., 0.],
          [0., 0., 0., 0., 0., 0., 0., 1., 0., 1., 1., 1., 0., 0., 0., 0., 1.,
           0., 0.],
          [0., 0., 0., 1., 0., 1., 0., 1., 0., 0., 1., 1., 1., 0., 1., 0., 0.,
           1., 1.],
          [1., 0., 1., 1., 1., 0., 0., 0., 0., 0., 0., 1., 0., 0., 0., 1., 0.,
           0., 1.],
          [0., 0., 0., 0., 0., 1., 1., 1., 0., 0., 0., 1., 0., 0., 1., 0., 1.,
           1., 1.],
          [0., 0., 0., 0., 0., 0., 0., 1., 0., 1., 0., 0., 0., 1., 1., 1., 1.,
           0., 1.],
          [0., 0., 1., 1., 1., 1., 1., 1., 1., 1., 0., 1., 1., 0., 1., 0., 0.,
           1., 0.],
          [0., 0., 0., 1., 0., 1., 0., 0., 0., 0., 1., 1., 0., 0., 1., 0., 0.,
           0., 1.],
          [1., 1., 0., 0., 1., 1., 1., 1., 0., 1., 0., 1., 0., 1., 1., 1., 1.,
           0., 1.],
          [0., 0., 0., 0., 1., 0., 0., 0., 1., 1., 1., 1., 0., 0., 1., 0., 0.,
           0., 1.],
          [1., 0., 1., 1., 1., 1., 1., 0., 1., 0., 0., 1., 0., 0., 0., 1., 1.,
           0., 1.],
          [1., 1., 1., 0., 0., 1., 1., 0., 0., 1., 0., 1., 1., 0., 0., 1., 1.,
           0., 1.],
          [0., 1., 0., 0., 0., 1., 1., 0., 1., 0., 0., 1., 1., 0., 1., 1., 0.,
           0., 1.]]]], device='cuda:0'), tensor([[0.3645]], device='cuda:0'))
2026-01-08 17:18:47 - INFO - [ 9.9891418e-01 -1.5590808e-02 -6.4235262e-04  5.9148017e-03
 -6.4236938e-04  5.9147943e-03  8.1445509e-01 -2.3798525e-01]
2026-01-08 17:18:47 - INFO - (tensor([[[[0., 1., 0., 0., 0., 1., 0., 0., 0., 1., 0., 0., 0., 0., 1., 0., 1.,
           1., 1.],
          [0., 1., 0., 1., 1., 1., 1., 1., 1., 1., 1., 0., 0., 1., 1., 1., 0.,
           1., 0.],
          [0., 0., 0., 0., 1., 1., 1., 1., 1., 0., 1., 1., 0., 1., 0., 1., 0.,
           1., 1.],
          [0., 0., 0., 0., 0., 0., 0., 0., 1., 1., 0., 1., 1., 1., 1., 0., 1.,
           0., 1.],
          [1., 1., 0., 1., 0., 1., 0., 1., 0., 0., 1., 0., 1., 1., 1., 1., 1.,
           1., 1.],
          [1., 1., 1., 1., 0., 0., 1., 1., 1., 1., 1., 1., 1., 1., 0., 1., 0.,
           1., 1.],
          [0., 1., 0., 1., 1., 0., 1., 0., 1., 0., 0., 1., 1., 0., 1., 1., 1.,
           0., 0.],
          [0., 0., 0., 0., 0., 0., 0., 1., 0., 1., 1., 1., 0., 0., 0., 0., 1.,
           0., 0.],
          [0., 0., 0., 1., 0., 1., 0., 1., 0., 0., 1., 1., 1., 0., 1., 0., 0.,
           1., 1.],
          [1., 0., 1., 1., 1., 0., 0., 0., 0., 0., 0., 1., 0., 0., 0., 1., 0.,
           0., 1.],
          [0., 0., 0., 0., 0., 1., 1., 1., 0., 0., 0., 1., 0., 0., 1., 0., 1.,
           1., 1.],
          [0., 0., 0., 0., 0., 0., 0., 1., 0., 1., 0., 0., 0., 1., 1., 1., 1.,
           0., 1.],
          [0., 0., 1., 1., 1., 1., 1., 1., 1., 1., 0., 1., 1., 0., 1., 0., 0.,
           1., 0.],
          [0., 0., 0., 1., 0., 1., 0., 0., 0., 0., 1., 1., 0., 0., 1., 0., 0.,
           0., 1.],
          [1., 1., 0., 0., 1., 1., 1., 1., 0., 1., 0., 1., 0., 1., 1., 1., 1.,
           0., 1.],
          [0., 0., 0., 0., 1., 0., 0., 0., 1., 1., 1., 1., 0., 0., 1., 0., 0.,
           0., 1.],
          [1., 0., 1., 1., 1., 1., 1., 0., 1., 0., 0., 1., 0., 0., 0., 1., 1.,
           0., 1.],
          [1., 1., 1., 0., 0., 1., 1., 0., 0., 1., 0., 1., 1., 0., 0., 1., 1.,
           0., 1.],
          [0., 1., 0., 0., 0., 1., 1., 0., 1., 0., 0., 1., 1., 0., 1., 1., 0.,
           0., 1.]]]], device='cuda:0'), tensor([[0.3679]], device='cuda:0'))
2026-01-08 17:18:47 - INFO - [ 9.9890292e-01 -1.5671400e-02 -6.3185481e-04  5.9739570e-03
 -6.3184922e-04  5.9739570e-03  8.1367338e-01 -2.3922232e-01]
2026-01-08 17:18:47 - INFO - (tensor([[[[0., 1., 0., 0., 0., 1., 0., 0., 0., 1., 0., 0., 0., 0., 1., 0., 1.,
           1., 1.],
          [0., 1., 0., 1., 1., 1., 1., 1., 1., 1., 1., 0., 0., 1., 1., 1., 0.,
           1., 0.],
          [0., 0., 0., 0., 1., 1., 1., 1., 1., 0., 1., 1., 0., 1., 0., 1., 0.,
           1., 1.],
          [0., 0., 0., 0., 0., 0., 0., 0., 1., 1., 0., 1., 1., 1., 1., 0., 1.,
           0., 1.],
          [1., 1., 0., 1., 0., 1., 0., 1., 0., 0., 1., 0., 1., 1., 1., 1., 1.,
           1., 1.],
          [1., 1., 1., 1., 0., 0., 1., 1., 1., 1., 1., 1., 1., 1., 0., 1., 0.,
           1., 1.],
          [0., 1., 0., 1., 1., 0., 1., 0., 1., 0., 0., 1., 1., 0., 1., 1., 1.,
           0., 0.],
          [0., 0., 0., 0., 0., 0., 0., 1., 0., 1., 1., 1., 0., 0., 0., 0., 1.,
           0., 0.],
          [0., 0., 0., 1., 0., 1., 0., 1., 0., 0., 1., 1., 1., 0., 1., 0., 0.,
           1., 1.],
          [1., 0., 1., 1., 1., 0., 0., 0., 0., 0., 0., 1., 0., 0., 0., 1., 0.,
           0., 1.],
          [0., 0., 0., 0., 0., 1., 1., 1., 0., 0., 0., 1., 0., 0., 1., 0., 1.,
           1., 1.],
          [0., 0., 0., 0., 0., 0., 0., 1., 0., 1., 0., 0., 0., 1., 1., 1., 1.,
           0., 1.],
          [0., 0., 1., 1., 1., 1., 1., 1., 1., 1., 0., 1., 1., 0., 1., 0., 0.,
           1., 0.],
          [0., 0., 0., 1., 0., 1., 0., 0., 0., 0., 1., 1., 0., 0., 1., 0., 0.,
           0., 1.],
          [1., 1., 0., 0., 1., 1., 1., 1., 0., 1., 0., 1., 0., 1., 1., 1., 1.,
           0., 1.],
          [0., 0., 0., 0., 1., 0., 0., 0., 1., 1., 1., 1., 0., 0., 1., 0., 0.,
           0., 1.],
          [1., 0., 1., 1., 1., 1., 1., 0., 1., 0., 0., 1., 0., 0., 0., 1., 1.,
           0., 1.],
          [1., 1., 1., 0., 0., 1., 1., 0., 0., 1., 0., 1., 1., 0., 0., 1., 1.,
           0., 1.],
          [0., 1., 0., 0., 0., 1., 1., 0., 1., 0., 0., 1., 1., 0., 1., 1., 0.,
           0., 1.]]]], device='cuda:0'), tensor([[0.3712]], device='cuda:0'))
2026-01-08 17:18:47 - INFO - [ 9.9889290e-01 -1.5950479e-02 -6.1684189e-04  6.0722008e-03
 -6.1683630e-04  6.0722083e-03  8.1311679e-01 -2.4051864e-01]
2026-01-08 17:18:47 - INFO - (tensor([[[[0., 1., 0., 0., 0., 1., 0., 0., 0., 1., 0., 0., 0., 0., 1., 0., 1.,
           1., 1.],
          [0., 1., 0., 1., 1., 1., 1., 1., 1., 1., 1., 0., 0., 1., 1., 1., 0.,
           1., 0.],
          [0., 0., 0., 0., 1., 1., 1., 1., 1., 0., 1., 1., 0., 1., 0., 1., 0.,
           1., 1.],
          [0., 0., 0., 0., 0., 0., 0., 0., 1., 1., 0., 1., 1., 1., 1., 0., 1.,
           0., 1.],
          [1., 1., 0., 1., 0., 1., 0., 1., 0., 0., 1., 0., 1., 1., 1., 1., 1.,
           1., 1.],
          [1., 1., 1., 1., 0., 0., 1., 1., 1., 1., 1., 1., 1., 1., 0., 1., 0.,
           1., 1.],
          [0., 1., 0., 1., 1., 0., 1., 0., 1., 0., 0., 1., 1., 0., 1., 1., 1.,
           0., 0.],
          [0., 0., 0., 0., 0., 0., 0., 1., 0., 1., 1., 1., 0., 0., 0., 0., 1.,
           0., 0.],
          [0., 0., 0., 1., 0., 1., 0., 1., 0., 0., 1., 1., 1., 0., 1., 0., 0.,
           1., 1.],
          [1., 0., 1., 1., 1., 0., 0., 0., 0., 0., 0., 1., 0., 0., 0., 1., 0.,
           0., 1.],
          [0., 0., 0., 0., 0., 1., 1., 1., 0., 0., 0., 1., 0., 0., 1., 0., 1.,
           1., 1.],
          [0., 0., 0., 0., 0., 0., 0., 1., 0., 1., 0., 0., 0., 1., 1., 1., 1.,
           0., 1.],
          [0., 0., 1., 1., 1., 1., 1., 1., 1., 1., 0., 1., 1., 0., 1., 0., 0.,
           1., 0.],
          [0., 0., 0., 1., 0., 1., 0., 0., 0., 0., 1., 1., 0., 0., 1., 0., 0.,
           0., 1.],
          [1., 1., 0., 0., 1., 1., 1., 1., 0., 1., 0., 1., 0., 1., 1., 1., 1.,
           0., 1.],
          [0., 0., 0., 0., 1., 0., 0., 0., 1., 1., 1., 1., 0., 0., 1., 0., 0.,
           0., 1.],
          [1., 0., 1., 1., 1., 1., 1., 0., 1., 0., 0., 1., 0., 0., 0., 1., 1.,
           0., 1.],
          [1., 1., 1., 0., 0., 1., 1., 0., 0., 1., 0., 1., 1., 0., 0., 1., 1.,
           0., 1.],
          [0., 1., 0., 0., 0., 1., 1., 0., 1., 0., 0., 1., 1., 0., 1., 1., 0.,
           0., 1.]]]], device='cuda:0'), tensor([[0.3746]], device='cuda:0'))
2026-01-08 17:18:47 - INFO - [ 9.9887979e-01 -1.6175874e-02 -6.0846744e-04  6.1628707e-03
 -6.0847675e-04  6.1628707e-03  8.1249595e-01 -2.4189325e-01]
2026-01-08 17:18:47 - INFO - (tensor([[[[0., 1., 0., 0., 0., 1., 0., 0., 0., 1., 0., 0., 0., 0., 1., 0., 1.,
           1., 1.],
          [0., 1., 0., 1., 1., 1., 1., 1., 1., 1., 1., 0., 0., 1., 1., 1., 0.,
           1., 0.],
          [0., 0., 0., 0., 1., 1., 1., 1., 1., 0., 1., 1., 0., 1., 0., 1., 0.,
           1., 1.],
          [0., 0., 0., 0., 0., 0., 0., 0., 1., 1., 0., 1., 1., 1., 1., 0., 1.,
           0., 1.],
          [1., 1., 0., 1., 0., 1., 0., 1., 0., 0., 1., 0., 1., 1., 1., 1., 1.,
           1., 1.],
          [1., 1., 1., 1., 0., 0., 1., 1., 1., 1., 1., 1., 1., 1., 0., 1., 0.,
           1., 1.],
          [0., 1., 0., 1., 1., 0., 1., 0., 1., 0., 0., 1., 1., 0., 1., 1., 1.,
           0., 0.],
          [0., 0., 0., 0., 0., 0., 0., 1., 0., 1., 1., 1., 0., 0., 0., 0., 1.,
           0., 0.],
          [0., 0., 0., 1., 0., 1., 0., 1., 0., 0., 1., 1., 1., 0., 1., 0., 0.,
           1., 1.],
          [1., 0., 1., 1., 1., 0., 0., 0., 0., 0., 0., 1., 0., 0., 0., 1., 0.,
           0., 1.],
          [0., 0., 0., 0., 0., 1., 1., 1., 0., 0., 0., 1., 0., 0., 1., 0., 1.,
           1., 1.],
          [0., 0., 0., 0., 0., 0., 0., 1., 0., 1., 0., 0., 0., 1., 1., 1., 1.,
           0., 1.],
          [0., 0., 1., 1., 1., 1., 1., 1., 1., 1., 0., 1., 1., 0., 1., 0., 0.,
           1., 0.],
          [0., 0., 0., 1., 0., 1., 0., 0., 0., 0., 1., 1., 0., 0., 1., 0., 0.,
           0., 1.],
          [1., 1., 0., 0., 1., 1., 1., 1., 0., 1., 0., 1., 0., 1., 1., 1., 1.,
           0., 1.],
          [0., 0., 0., 0., 1., 0., 0., 0., 1., 1., 1., 1., 0., 0., 1., 0., 0.,
           0., 1.],
          [1., 0., 1., 1., 1., 1., 1., 0., 1., 0., 0., 1., 0., 0., 0., 1., 1.,
           0., 1.],
          [1., 1., 1., 0., 0., 1., 1., 0., 0., 1., 0., 1., 1., 0., 0., 1., 1.,
           0., 1.],
          [0., 1., 0., 0., 0., 1., 1., 0., 1., 0., 0., 1., 1., 0., 1., 1., 0.,
           0., 1.]]]], device='cuda:0'), tensor([[0.3779]], device='cuda:0'))
2026-01-08 17:18:47 - INFO - [ 9.9886096e-01 -1.6320463e-02 -6.0968933e-04  6.2421309e-03
 -6.0968375e-04  6.2421197e-03  8.1164432e-01 -2.4360074e-01]
2026-01-08 17:18:47 - INFO - (tensor([[[[0., 1., 0., 0., 0., 1., 0., 0., 0., 1., 0., 0., 0., 0., 1., 0., 1.,
           1., 1.],
          [0., 1., 0., 1., 1., 1., 1., 1., 1., 1., 1., 0., 0., 1., 1., 1., 0.,
           1., 0.],
          [0., 0., 0., 0., 1., 1., 1., 1., 1., 0., 1., 1., 0., 1., 0., 1., 0.,
           1., 1.],
          [0., 0., 0., 0., 0., 0., 0., 0., 1., 1., 0., 1., 1., 1., 1., 0., 1.,
           0., 1.],
          [1., 1., 0., 1., 0., 1., 0., 1., 0., 0., 1., 0., 1., 1., 1., 1., 1.,
           1., 1.],
          [1., 1., 1., 1., 0., 0., 1., 1., 1., 1., 1., 1., 1., 1., 0., 1., 0.,
           1., 1.],
          [0., 1., 0., 1., 1., 0., 1., 0., 1., 0., 0., 1., 1., 0., 1., 1., 1.,
           0., 0.],
          [0., 0., 0., 0., 0., 0., 0., 1., 0., 1., 1., 1., 0., 0., 0., 0., 1.,
           0., 0.],
          [0., 0., 0., 1., 0., 1., 0., 1., 0., 0., 1., 1., 1., 0., 1., 0., 0.,
           1., 1.],
          [1., 0., 1., 1., 1., 0., 0., 0., 0., 0., 0., 1., 0., 0., 0., 1., 0.,
           0., 1.],
          [0., 0., 0., 0., 0., 1., 1., 1., 0., 0., 0., 1., 0., 0., 1., 0., 1.,
           1., 1.],
          [0., 0., 0., 0., 0., 0., 0., 1., 0., 1., 0., 0., 0., 1., 1., 1., 1.,
           0., 1.],
          [0., 0., 1., 1., 1., 1., 1., 1., 1., 1., 0., 1., 1., 0., 1., 0., 0.,
           1., 0.],
          [0., 0., 0., 1., 0., 1., 0., 0., 0., 0., 1., 1., 0., 0., 1., 0., 0.,
           0., 1.],
          [1., 1., 0., 0., 1., 1., 1., 1., 0., 1., 0., 1., 0., 1., 1., 1., 1.,
           0., 1.],
          [0., 0., 0., 0., 1., 0., 0., 0., 1., 1., 1., 1., 0., 0., 1., 0., 0.,
           0., 1.],
          [1., 0., 1., 1., 1., 1., 1., 0., 1., 0., 0., 1., 0., 0., 0., 1., 1.,
           0., 1.],
          [1., 1., 1., 0., 0., 1., 1., 0., 0., 1., 0., 1., 1., 0., 0., 1., 1.,
           0., 1.],
          [0., 1., 0., 0., 0., 1., 1., 0., 1., 0., 0., 1., 1., 0., 1., 1., 0.,
           0., 1.]]]], device='cuda:0'), tensor([[0.3813]], device='cuda:0'))
2026-01-08 17:18:47 - INFO - [ 9.9884158e-01 -1.6435673e-02 -6.1481533e-04  6.3195466e-03
 -6.1480975e-04  6.3195429e-03  8.1072605e-01 -2.4546170e-01]
2026-01-08 17:18:47 - INFO - (tensor([[[[0., 1., 0., 0., 0., 1., 0., 0., 0., 1., 0., 0., 0., 0., 1., 0., 1.,
           1., 1.],
          [0., 1., 0., 1., 1., 1., 1., 1., 1., 1., 1., 0., 0., 1., 1., 1., 0.,
           1., 0.],
          [0., 0., 0., 0., 1., 1., 1., 1., 1., 0., 1., 1., 0., 1., 0., 1., 0.,
           1., 1.],
          [0., 0., 0., 0., 0., 0., 0., 0., 1., 1., 0., 1., 1., 1., 1., 0., 1.,
           0., 1.],
          [1., 1., 0., 1., 0., 1., 0., 1., 0., 0., 1., 0., 1., 1., 1., 1., 1.,
           1., 1.],
          [1., 1., 1., 1., 0., 0., 1., 1., 1., 1., 1., 1., 1., 1., 0., 1., 0.,
           1., 1.],
          [0., 1., 0., 1., 1., 0., 1., 0., 1., 0., 0., 1., 1., 0., 1., 1., 1.,
           0., 0.],
          [0., 0., 0., 0., 0., 0., 0., 1., 0., 1., 1., 1., 0., 0., 0., 0., 1.,
           0., 0.],
          [0., 0., 0., 1., 0., 1., 0., 1., 0., 0., 1., 1., 1., 0., 1., 0., 0.,
           1., 1.],
          [1., 0., 1., 1., 1., 0., 0., 0., 0., 0., 0., 1., 0., 0., 0., 1., 0.,
           0., 1.],
          [0., 0., 0., 0., 0., 1., 1., 1., 0., 0., 0., 1., 0., 0., 1., 0., 1.,
           1., 1.],
          [0., 0., 0., 0., 0., 0., 0., 1., 0., 1., 0., 0., 0., 1., 1., 1., 1.,
           0., 1.],
          [0., 0., 1., 1., 1., 1., 1., 1., 1., 1., 0., 1., 1., 0., 1., 0., 0.,
           1., 0.],
          [0., 0., 0., 1., 0., 1., 0., 0., 0., 0., 1., 1., 0., 0., 1., 0., 0.,
           0., 1.],
          [1., 1., 0., 0., 1., 1., 1., 1., 0., 1., 0., 1., 0., 1., 1., 1., 1.,
           0., 1.],
          [0., 0., 0., 0., 1., 0., 0., 0., 1., 1., 1., 1., 0., 0., 1., 0., 0.,
           0., 1.],
          [1., 0., 1., 1., 1., 1., 1., 0., 1., 0., 0., 1., 0., 0., 0., 1., 1.,
           0., 1.],
          [1., 1., 1., 0., 0., 1., 1., 0., 0., 1., 0., 1., 1., 0., 0., 1., 1.,
           0., 1.],
          [0., 1., 0., 0., 0., 1., 1., 0., 1., 0., 0., 1., 1., 0., 1., 1., 0.,
           0., 1.]]]], device='cuda:0'), tensor([[0.3846]], device='cuda:0'))
2026-01-08 17:18:47 - INFO - [ 9.9882126e-01 -1.6528063e-02 -6.1675993e-04  6.4108870e-03
 -6.1676180e-04  6.4108907e-03  8.1005466e-01 -2.4698412e-01]
2026-01-08 17:18:47 - INFO - (tensor([[[[0., 1., 0., 0., 0., 1., 0., 0., 0., 1., 0., 0., 0., 0., 1., 0., 1.,
           1., 1.],
          [0., 1., 0., 1., 1., 1., 1., 1., 1., 1., 1., 0., 0., 1., 1., 1., 0.,
           1., 0.],
          [0., 0., 0., 0., 1., 1., 1., 1., 1., 0., 1., 1., 0., 1., 0., 1., 0.,
           1., 1.],
          [0., 0., 0., 0., 0., 0., 0., 0., 1., 1., 0., 1., 1., 1., 1., 0., 1.,
           0., 1.],
          [1., 1., 0., 1., 0., 1., 0., 1., 0., 0., 1., 0., 1., 1., 1., 1., 1.,
           1., 1.],
          [1., 1., 1., 1., 0., 0., 1., 1., 1., 1., 1., 1., 1., 1., 0., 1., 0.,
           1., 1.],
          [0., 1., 0., 1., 1., 0., 1., 0., 1., 0., 0., 1., 1., 0., 1., 1., 1.,
           0., 0.],
          [0., 0., 0., 0., 0., 0., 0., 1., 0., 1., 1., 1., 0., 0., 0., 0., 1.,
           0., 0.],
          [0., 0., 0., 1., 0., 1., 0., 1., 0., 0., 1., 1., 1., 0., 1., 0., 0.,
           1., 1.],
          [1., 0., 1., 1., 1., 0., 0., 0., 0., 0., 0., 1., 0., 0., 0., 1., 0.,
           0., 1.],
          [0., 0., 0., 0., 0., 1., 1., 1., 0., 0., 0., 1., 0., 0., 1., 0., 1.,
           1., 1.],
          [0., 0., 0., 0., 0., 0., 0., 1., 0., 1., 0., 0., 0., 1., 1., 1., 1.,
           0., 1.],
          [0., 0., 1., 1., 1., 1., 1., 1., 1., 1., 0., 1., 1., 0., 1., 0., 0.,
           1., 0.],
          [0., 0., 0., 1., 0., 1., 0., 0., 0., 0., 1., 1., 0., 0., 1., 0., 0.,
           0., 1.],
          [1., 1., 0., 0., 1., 1., 1., 1., 0., 1., 0., 1., 0., 1., 1., 1., 1.,
           0., 1.],
          [0., 0., 0., 0., 1., 0., 0., 0., 1., 1., 1., 1., 0., 0., 1., 0., 0.,
           0., 1.],
          [1., 0., 1., 1., 1., 1., 1., 0., 1., 0., 0., 1., 0., 0., 0., 1., 1.,
           0., 1.],
          [1., 1., 1., 0., 0., 1., 1., 0., 0., 1., 0., 1., 1., 0., 0., 1., 1.,
           0., 1.],
          [0., 1., 0., 0., 0., 1., 1., 0., 1., 0., 0., 1., 1., 0., 1., 1., 0.,
           0., 1.]]]], device='cuda:0'), tensor([[0.3880]], device='cuda:0'))
2026-01-08 17:18:47 - INFO - [ 9.9880314e-01 -1.6673744e-02 -5.8750150e-04  6.5079196e-03
 -5.8751082e-04  6.5079159e-03  8.0948496e-01 -2.4826582e-01]
2026-01-08 17:18:47 - INFO - (tensor([[[[0., 1., 0., 0., 0., 1., 0., 0., 0., 1., 0., 0., 0., 0., 1., 0., 1.,
           1., 1.],
          [0., 1., 0., 1., 1., 1., 1., 1., 1., 1., 1., 0., 0., 1., 1., 1., 0.,
           1., 0.],
          [0., 0., 0., 0., 1., 1., 1., 1., 1., 0., 1., 1., 0., 1., 0., 1., 0.,
           1., 1.],
          [0., 0., 0., 0., 0., 0., 0., 0., 1., 1., 0., 1., 1., 1., 1., 0., 1.,
           0., 1.],
          [1., 1., 0., 1., 0., 1., 0., 1., 0., 0., 1., 0., 1., 1., 1., 1., 1.,
           1., 1.],
          [1., 1., 1., 1., 0., 0., 1., 1., 1., 1., 1., 1., 1., 1., 0., 1., 0.,
           1., 1.],
          [0., 1., 0., 1., 1., 0., 1., 0., 1., 0., 0., 1., 1., 0., 1., 1., 1.,
           0., 0.],
          [0., 0., 0., 0., 0., 0., 0., 1., 0., 1., 1., 1., 0., 0., 0., 0., 1.,
           0., 0.],
          [0., 0., 0., 1., 0., 1., 0., 1., 0., 0., 1., 1., 1., 0., 1., 0., 0.,
           1., 1.],
          [1., 0., 1., 1., 1., 0., 0., 0., 0., 0., 0., 1., 0., 0., 0., 1., 0.,
           0., 1.],
          [0., 0., 0., 0., 0., 1., 1., 1., 0., 0., 0., 1., 0., 0., 1., 0., 1.,
           1., 1.],
          [0., 0., 0., 0., 0., 0., 0., 1., 0., 1., 0., 0., 0., 1., 1., 1., 1.,
           0., 1.],
          [0., 0., 1., 1., 1., 1., 1., 1., 1., 1., 0., 1., 1., 0., 1., 0., 0.,
           1., 0.],
          [0., 0., 0., 1., 0., 1., 0., 0., 0., 0., 1., 1., 0., 0., 1., 0., 0.,
           0., 1.],
          [1., 1., 0., 0., 1., 1., 1., 1., 0., 1., 0., 1., 0., 1., 1., 1., 1.,
           0., 1.],
          [0., 0., 0., 0., 1., 0., 0., 0., 1., 1., 1., 1., 0., 0., 1., 0., 0.,
           0., 1.],
          [1., 0., 1., 1., 1., 1., 1., 0., 1., 0., 0., 1., 0., 0., 0., 1., 1.,
           0., 1.],
          [1., 1., 1., 0., 0., 1., 1., 0., 0., 1., 0., 1., 1., 0., 0., 1., 1.,
           0., 1.],
          [0., 1., 0., 0., 0., 1., 1., 0., 1., 0., 0., 1., 1., 0., 1., 1., 0.,
           0., 1.]]]], device='cuda:0'), tensor([[0.3913]], device='cuda:0'))
2026-01-08 17:18:47 - INFO - [ 9.9878722e-01 -1.6847234e-02 -5.5777369e-04  6.6083488e-03
 -5.5778300e-04  6.6083525e-03  8.0883002e-01 -2.4969149e-01]
2026-01-08 17:18:47 - INFO - (tensor([[[[0., 1., 0., 0., 0., 1., 0., 0., 0., 1., 0., 0., 0., 0., 1., 0., 1.,
           1., 1.],
          [0., 1., 0., 1., 1., 1., 1., 1., 1., 1., 1., 0., 0., 1., 1., 1., 0.,
           1., 0.],
          [0., 0., 0., 0., 1., 1., 1., 1., 1., 0., 1., 1., 0., 1., 0., 1., 0.,
           1., 1.],
          [0., 0., 0., 0., 0., 0., 0., 0., 1., 1., 0., 1., 1., 1., 1., 0., 1.,
           0., 1.],
          [1., 1., 0., 1., 0., 1., 0., 1., 0., 0., 1., 0., 1., 1., 1., 1., 1.,
           1., 1.],
          [1., 1., 1., 1., 0., 0., 1., 1., 1., 1., 1., 1., 1., 1., 0., 1., 0.,
           1., 1.],
          [0., 1., 0., 1., 1., 0., 1., 0., 1., 0., 0., 1., 1., 0., 1., 1., 1.,
           0., 0.],
          [0., 0., 0., 0., 0., 0., 0., 1., 0., 1., 1., 1., 0., 0., 0., 0., 1.,
           0., 0.],
          [0., 0., 0., 1., 0., 1., 0., 1., 0., 0., 1., 1., 1., 0., 1., 0., 0.,
           1., 1.],
          [1., 0., 1., 1., 1., 0., 0., 0., 0., 0., 0., 1., 0., 0., 0., 1., 0.,
           0., 1.],
          [0., 0., 0., 0., 0., 1., 1., 1., 0., 0., 0., 1., 0., 0., 1., 0., 1.,
           1., 1.],
          [0., 0., 0., 0., 0., 0., 0., 1., 0., 1., 0., 0., 0., 1., 1., 1., 1.,
           0., 1.],
          [0., 0., 1., 1., 1., 1., 1., 1., 1., 1., 0., 1., 1., 0., 1., 0., 0.,
           1., 0.],
          [0., 0., 0., 1., 0., 1., 0., 0., 0., 0., 1., 1., 0., 0., 1., 0., 0.,
           0., 1.],
          [1., 1., 0., 0., 1., 1., 1., 1., 0., 1., 0., 1., 0., 1., 1., 1., 1.,
           0., 1.],
          [0., 0., 0., 0., 1., 0., 0., 0., 1., 1., 1., 1., 0., 0., 1., 0., 0.,
           0., 1.],
          [1., 0., 1., 1., 1., 1., 1., 0., 1., 0., 0., 1., 0., 0., 0., 1., 1.,
           0., 1.],
          [1., 1., 1., 0., 0., 1., 1., 0., 0., 1., 0., 1., 1., 0., 0., 1., 1.,
           0., 1.],
          [0., 1., 0., 0., 0., 1., 1., 0., 1., 0., 0., 1., 1., 0., 1., 1., 0.,
           0., 1.]]]], device='cuda:0'), tensor([[0.3946]], device='cuda:0'))
2026-01-08 17:18:47 - INFO - [ 9.9877310e-01 -1.7011350e-02 -5.3262053e-04  6.6969735e-03
 -5.3262239e-04  6.6969735e-03  8.0817676e-01 -2.5110048e-01]
2026-01-08 17:18:47 - INFO - (tensor([[[[0., 1., 0., 0., 0., 1., 0., 0., 0., 1., 0., 0., 0., 0., 1., 0., 1.,
           1., 1.],
          [0., 1., 0., 1., 1., 1., 1., 1., 1., 1., 1., 0., 0., 1., 1., 1., 0.,
           1., 0.],
          [0., 0., 0., 0., 1., 1., 1., 1., 1., 0., 1., 1., 0., 1., 0., 1., 0.,
           1., 1.],
          [0., 0., 0., 0., 0., 0., 0., 0., 1., 1., 0., 1., 1., 1., 1., 0., 1.,
           0., 1.],
          [1., 1., 0., 1., 0., 1., 0., 1., 0., 0., 1., 0., 1., 1., 1., 1., 1.,
           1., 1.],
          [1., 1., 1., 1., 0., 0., 1., 1., 1., 1., 1., 1., 1., 1., 0., 1., 0.,
           1., 1.],
          [0., 1., 0., 1., 1., 0., 1., 0., 1., 0., 0., 1., 1., 0., 1., 1., 1.,
           0., 0.],
          [0., 0., 0., 0., 0., 0., 0., 1., 0., 1., 1., 1., 0., 0., 0., 0., 1.,
           0., 0.],
          [0., 0., 0., 1., 0., 1., 0., 1., 0., 0., 1., 1., 1., 0., 1., 0., 0.,
           1., 1.],
          [1., 0., 1., 1., 1., 0., 0., 0., 0., 0., 0., 1., 0., 0., 0., 1., 0.,
           0., 1.],
          [0., 0., 0., 0., 0., 1., 1., 1., 0., 0., 0., 1., 0., 0., 1., 0., 1.,
           1., 1.],
          [0., 0., 0., 0., 0., 0., 0., 1., 0., 1., 0., 0., 0., 1., 1., 1., 1.,
           0., 1.],
          [0., 0., 1., 1., 1., 1., 1., 1., 1., 1., 0., 1., 1., 0., 1., 0., 0.,
           1., 0.],
          [0., 0., 0., 1., 0., 1., 0., 0., 0., 0., 1., 1., 0., 0., 1., 0., 0.,
           0., 1.],
          [1., 1., 0., 0., 1., 1., 1., 1., 0., 1., 0., 1., 0., 1., 1., 1., 1.,
           0., 1.],
          [0., 0., 0., 0., 1., 0., 0., 0., 1., 1., 1., 1., 0., 0., 1., 0., 0.,
           0., 1.],
          [1., 0., 1., 1., 1., 1., 1., 0., 1., 0., 0., 1., 0., 0., 0., 1., 1.,
           0., 1.],
          [1., 1., 1., 0., 0., 1., 1., 0., 0., 1., 0., 1., 1., 0., 0., 1., 1.,
           0., 1.],
          [0., 1., 0., 0., 0., 1., 1., 0., 1., 0., 0., 1., 1., 0., 1., 1., 0.,
           0., 1.]]]], device='cuda:0'), tensor([[0.3980]], device='cuda:0'))
2026-01-08 17:18:47 - INFO - [ 9.9875718e-01 -1.7175382e-02 -5.1005272e-04  6.7878701e-03
 -5.1006203e-04  6.7878701e-03  8.0749559e-01 -2.5257012e-01]
2026-01-08 17:18:47 - INFO - (tensor([[[[0., 1., 0., 0., 0., 1., 0., 0., 0., 1., 0., 0., 0., 0., 1., 0., 1.,
           1., 1.],
          [0., 1., 0., 1., 1., 1., 1., 1., 1., 1., 1., 0., 0., 1., 1., 1., 0.,
           1., 0.],
          [0., 0., 0., 0., 1., 1., 1., 1., 1., 0., 1., 1., 0., 1., 0., 1., 0.,
           1., 1.],
          [0., 0., 0., 0., 0., 0., 0., 0., 1., 1., 0., 1., 1., 1., 1., 0., 1.,
           0., 1.],
          [1., 1., 0., 1., 0., 1., 0., 1., 0., 0., 1., 0., 1., 1., 1., 1., 1.,
           1., 1.],
          [1., 1., 1., 1., 0., 0., 1., 1., 1., 1., 1., 1., 1., 1., 0., 1., 0.,
           1., 1.],
          [0., 1., 0., 1., 1., 0., 1., 0., 1., 0., 0., 1., 1., 0., 1., 1., 1.,
           0., 0.],
          [0., 0., 0., 0., 0., 0., 0., 1., 0., 1., 1., 1., 0., 0., 0., 0., 1.,
           0., 0.],
          [0., 0., 0., 1., 0., 1., 0., 1., 0., 0., 1., 1., 1., 0., 1., 0., 0.,
           1., 1.],
          [1., 0., 1., 1., 1., 0., 0., 0., 0., 0., 0., 1., 0., 0., 0., 1., 0.,
           0., 1.],
          [0., 0., 0., 0., 0., 1., 1., 1., 0., 0., 0., 1., 0., 0., 1., 0., 1.,
           1., 1.],
          [0., 0., 0., 0., 0., 0., 0., 1., 0., 1., 0., 0., 0., 1., 1., 1., 1.,
           0., 1.],
          [0., 0., 1., 1., 1., 1., 1., 1., 1., 1., 0., 1., 1., 0., 1., 0., 0.,
           1., 0.],
          [0., 0., 0., 1., 0., 1., 0., 0., 0., 0., 1., 1., 0., 0., 1., 0., 0.,
           0., 1.],
          [1., 1., 0., 0., 1., 1., 1., 1., 0., 1., 0., 1., 0., 1., 1., 1., 1.,
           0., 1.],
          [0., 0., 0., 0., 1., 0., 0., 0., 1., 1., 1., 1., 0., 0., 1., 0., 0.,
           0., 1.],
          [1., 0., 1., 1., 1., 1., 1., 0., 1., 0., 0., 1., 0., 0., 0., 1., 1.,
           0., 1.],
          [1., 1., 1., 0., 0., 1., 1., 0., 0., 1., 0., 1., 1., 0., 0., 1., 1.,
           0., 1.],
          [0., 1., 0., 0., 0., 1., 1., 0., 1., 0., 0., 1., 1., 0., 1., 1., 0.,
           0., 1.]]]], device='cuda:0'), tensor([[0.4013]], device='cuda:0'))
2026-01-08 17:18:47 - INFO - [ 9.9874294e-01 -1.7299013e-02 -4.9477903e-04  6.8408712e-03
 -4.9476599e-04  6.8408675e-03  8.0692697e-01 -2.5375277e-01]
2026-01-08 17:18:47 - INFO - (tensor([[[[0., 1., 0., 0., 0., 1., 0., 0., 0., 1., 0., 0., 0., 0., 1., 0., 1.,
           1., 1.],
          [0., 1., 0., 1., 1., 1., 1., 1., 1., 1., 1., 0., 0., 1., 1., 1., 0.,
           1., 0.],
          [0., 0., 0., 0., 1., 1., 1., 1., 1., 0., 1., 1., 0., 1., 0., 1., 0.,
           1., 1.],
          [0., 0., 0., 0., 0., 0., 0., 0., 1., 1., 0., 1., 1., 1., 1., 0., 1.,
           0., 1.],
          [1., 1., 0., 1., 0., 1., 0., 1., 0., 0., 1., 0., 1., 1., 1., 1., 1.,
           1., 1.],
          [1., 1., 1., 1., 0., 0., 1., 1., 1., 1., 1., 1., 1., 1., 0., 1., 0.,
           1., 1.],
          [0., 1., 0., 1., 1., 0., 1., 0., 1., 0., 0., 1., 1., 0., 1., 1., 1.,
           0., 0.],
          [0., 0., 0., 0., 0., 0., 0., 1., 0., 1., 1., 1., 0., 0., 0., 0., 1.,
           0., 0.],
          [0., 0., 0., 1., 0., 1., 0., 1., 0., 0., 1., 1., 1., 0., 1., 0., 0.,
           1., 1.],
          [1., 0., 1., 1., 1., 0., 0., 0., 0., 0., 0., 1., 0., 0., 0., 1., 0.,
           0., 1.],
          [0., 0., 0., 0., 0., 1., 1., 1., 0., 0., 0., 1., 0., 0., 1., 0., 1.,
           1., 1.],
          [0., 0., 0., 0., 0., 0., 0., 1., 0., 1., 0., 0., 0., 1., 1., 1., 1.,
           0., 1.],
          [0., 0., 1., 1., 1., 1., 1., 1., 1., 1., 0., 1., 1., 0., 1., 0., 0.,
           1., 0.],
          [0., 0., 0., 1., 0., 1., 0., 0., 0., 0., 1., 1., 0., 0., 1., 0., 0.,
           0., 1.],
          [1., 1., 0., 0., 1., 1., 1., 1., 0., 1., 0., 1., 0., 1., 1., 1., 1.,
           0., 1.],
          [0., 0., 0., 0., 1., 0., 0., 0., 1., 1., 1., 1., 0., 0., 1., 0., 0.,
           0., 1.],
          [1., 0., 1., 1., 1., 1., 1., 0., 1., 0., 0., 1., 0., 0., 0., 1., 1.,
           0., 1.],
          [1., 1., 1., 0., 0., 1., 1., 0., 0., 1., 0., 1., 1., 0., 0., 1., 1.,
           0., 1.],
          [0., 1., 0., 0., 0., 1., 1., 0., 1., 0., 0., 1., 1., 0., 1., 1., 0.,
           0., 1.]]]], device='cuda:0'), tensor([[0.4047]], device='cuda:0'))
2026-01-08 17:18:47 - INFO - [ 9.9872959e-01 -1.7415354e-02 -4.8110724e-04  6.8807895e-03
 -4.8108675e-04  6.8807858e-03  8.0637282e-01 -2.5484580e-01]
2026-01-08 17:18:47 - INFO - (tensor([[[[0., 1., 0., 0., 0., 1., 0., 0., 0., 1., 0., 0., 0., 0., 1., 0., 1.,
           1., 1.],
          [0., 1., 0., 1., 1., 1., 1., 1., 1., 1., 1., 0., 0., 1., 1., 1., 0.,
           1., 0.],
          [0., 0., 0., 0., 1., 1., 1., 1., 1., 0., 1., 1., 0., 1., 0., 1., 0.,
           1., 1.],
          [0., 0., 0., 0., 0., 0., 0., 0., 1., 1., 0., 1., 1., 1., 1., 0., 1.,
           0., 1.],
          [1., 1., 0., 1., 0., 1., 0., 1., 0., 0., 1., 0., 1., 1., 1., 1., 1.,
           1., 1.],
          [1., 1., 1., 1., 0., 0., 1., 1., 1., 1., 1., 1., 1., 1., 0., 1., 0.,
           1., 1.],
          [0., 1., 0., 1., 1., 0., 1., 0., 1., 0., 0., 1., 1., 0., 1., 1., 1.,
           0., 0.],
          [0., 0., 0., 0., 0., 0., 0., 1., 0., 1., 1., 1., 0., 0., 0., 0., 1.,
           0., 0.],
          [0., 0., 0., 1., 0., 1., 0., 1., 0., 0., 1., 1., 1., 0., 1., 0., 0.,
           1., 1.],
          [1., 0., 1., 1., 1., 0., 0., 0., 0., 0., 0., 1., 0., 0., 0., 1., 0.,
           0., 1.],
          [0., 0., 0., 0., 0., 1., 1., 1., 0., 0., 0., 1., 0., 0., 1., 0., 1.,
           1., 1.],
          [0., 0., 0., 0., 0., 0., 0., 1., 0., 1., 0., 0., 0., 1., 1., 1., 1.,
           0., 1.],
          [0., 0., 1., 1., 1., 1., 1., 1., 1., 1., 0., 1., 1., 0., 1., 0., 0.,
           1., 0.],
          [0., 0., 0., 1., 0., 1., 0., 0., 0., 0., 1., 1., 0., 0., 1., 0., 0.,
           0., 1.],
          [1., 1., 0., 0., 1., 1., 1., 1., 0., 1., 0., 1., 0., 1., 1., 1., 1.,
           0., 1.],
          [0., 0., 0., 0., 1., 0., 0., 0., 1., 1., 1., 1., 0., 0., 1., 0., 0.,
           0., 1.],
          [1., 0., 1., 1., 1., 1., 1., 0., 1., 0., 0., 1., 0., 0., 0., 1., 1.,
           0., 1.],
          [1., 1., 1., 0., 0., 1., 1., 0., 0., 1., 0., 1., 1., 0., 0., 1., 1.,
           0., 1.],
          [0., 1., 0., 0., 0., 1., 1., 0., 1., 0., 0., 1., 1., 0., 1., 1., 0.,
           0., 1.]]]], device='cuda:0'), tensor([[0.4080]], device='cuda:0'))
2026-01-08 17:18:47 - INFO - [ 9.9871546e-01 -1.7532075e-02 -4.6772600e-04  6.9189123e-03
 -4.6772786e-04  6.9189086e-03  8.0579537e-01 -2.5594687e-01]
2026-01-08 17:18:47 - INFO - (tensor([[[[0., 1., 0., 0., 0., 1., 0., 0., 0., 1., 0., 0., 0., 0., 1., 0., 1.,
           1., 1.],
          [0., 1., 0., 1., 1., 1., 1., 1., 1., 1., 1., 0., 0., 1., 1., 1., 0.,
           1., 0.],
          [0., 0., 0., 0., 1., 1., 1., 1., 1., 0., 1., 1., 0., 1., 0., 1., 0.,
           1., 1.],
          [0., 0., 0., 0., 0., 0., 0., 0., 1., 1., 0., 1., 1., 1., 1., 0., 1.,
           0., 1.],
          [1., 1., 0., 1., 0., 1., 0., 1., 0., 0., 1., 0., 1., 1., 1., 1., 1.,
           1., 1.],
          [1., 1., 1., 1., 0., 0., 1., 1., 1., 1., 1., 1., 1., 1., 0., 1., 0.,
           1., 1.],
          [0., 1., 0., 1., 1., 0., 1., 0., 1., 0., 0., 1., 1., 0., 1., 1., 1.,
           0., 0.],
          [0., 0., 0., 0., 0., 0., 0., 1., 0., 1., 1., 1., 0., 0., 0., 0., 1.,
           0., 0.],
          [0., 0., 0., 1., 0., 1., 0., 1., 0., 0., 1., 1., 1., 0., 1., 0., 0.,
           1., 1.],
          [1., 0., 1., 1., 1., 0., 0., 0., 0., 0., 0., 1., 0., 0., 0., 1., 0.,
           0., 1.],
          [0., 0., 0., 0., 0., 1., 1., 1., 0., 0., 0., 1., 0., 0., 1., 0., 1.,
           1., 1.],
          [0., 0., 0., 0., 0., 0., 0., 1., 0., 1., 0., 0., 0., 1., 1., 1., 1.,
           0., 1.],
          [0., 0., 1., 1., 1., 1., 1., 1., 1., 1., 0., 1., 1., 0., 1., 0., 0.,
           1., 0.],
          [0., 0., 0., 1., 0., 1., 0., 0., 0., 0., 1., 1., 0., 0., 1., 0., 0.,
           0., 1.],
          [1., 1., 0., 0., 1., 1., 1., 1., 0., 1., 0., 1., 0., 1., 1., 1., 1.,
           0., 1.],
          [0., 0., 0., 0., 1., 0., 0., 0., 1., 1., 1., 1., 0., 0., 1., 0., 0.,
           0., 1.],
          [1., 0., 1., 1., 1., 1., 1., 0., 1., 0., 0., 1., 0., 0., 0., 1., 1.,
           0., 1.],
          [1., 1., 1., 0., 0., 1., 1., 0., 0., 1., 0., 1., 1., 0., 0., 1., 1.,
           0., 1.],
          [0., 1., 0., 0., 0., 1., 1., 0., 1., 0., 0., 1., 1., 0., 1., 1., 0.,
           0., 1.]]]], device='cuda:0'), tensor([[0.4114]], device='cuda:0'))
2026-01-08 17:18:47 - INFO - [ 9.9870121e-01 -1.7627809e-02 -4.5631916e-04  6.9530825e-03
 -4.5632847e-04  6.9530751e-03  8.0525559e-01 -2.5697446e-01]
2026-01-08 17:18:47 - INFO - (tensor([[[[0., 1., 0., 0., 0., 1., 0., 0., 0., 1., 0., 0., 0., 0., 1., 0., 1.,
           1., 1.],
          [0., 1., 0., 1., 1., 1., 1., 1., 1., 1., 1., 0., 0., 1., 1., 1., 0.,
           1., 0.],
          [0., 0., 0., 0., 1., 1., 1., 1., 1., 0., 1., 1., 0., 1., 0., 1., 0.,
           1., 1.],
          [0., 0., 0., 0., 0., 0., 0., 0., 1., 1., 0., 1., 1., 1., 1., 0., 1.,
           0., 1.],
          [1., 1., 0., 1., 0., 1., 0., 1., 0., 0., 1., 0., 1., 1., 1., 1., 1.,
           1., 1.],
          [1., 1., 1., 1., 0., 0., 1., 1., 1., 1., 1., 1., 1., 1., 0., 1., 0.,
           1., 1.],
          [0., 1., 0., 1., 1., 0., 1., 0., 1., 0., 0., 1., 1., 0., 1., 1., 1.,
           0., 0.],
          [0., 0., 0., 0., 0., 0., 0., 1., 0., 1., 1., 1., 0., 0., 0., 0., 1.,
           0., 0.],
          [0., 0., 0., 1., 0., 1., 0., 1., 0., 0., 1., 1., 1., 0., 1., 0., 0.,
           1., 1.],
          [1., 0., 1., 1., 1., 0., 0., 0., 0., 0., 0., 1., 0., 0., 0., 1., 0.,
           0., 1.],
          [0., 0., 0., 0., 0., 1., 1., 1., 0., 0., 0., 1., 0., 0., 1., 0., 1.,
           1., 1.],
          [0., 0., 0., 0., 0., 0., 0., 1., 0., 1., 0., 0., 0., 1., 1., 1., 1.,
           0., 1.],
          [0., 0., 1., 1., 1., 1., 1., 1., 1., 1., 0., 1., 1., 0., 1., 0., 0.,
           1., 0.],
          [0., 0., 0., 1., 0., 1., 0., 0., 0., 0., 1., 1., 0., 0., 1., 0., 0.,
           0., 1.],
          [1., 1., 0., 0., 1., 1., 1., 1., 0., 1., 0., 1., 0., 1., 1., 1., 1.,
           0., 1.],
          [0., 0., 0., 0., 1., 0., 0., 0., 1., 1., 1., 1., 0., 0., 1., 0., 0.,
           0., 1.],
          [1., 0., 1., 1., 1., 1., 1., 0., 1., 0., 0., 1., 0., 0., 0., 1., 1.,
           0., 1.],
          [1., 1., 1., 0., 0., 1., 1., 0., 0., 1., 0., 1., 1., 0., 0., 1., 1.,
           0., 1.],
          [0., 1., 0., 0., 0., 1., 1., 0., 1., 0., 0., 1., 1., 0., 1., 1., 0.,
           0., 1.]]]], device='cuda:0'), tensor([[0.4147]], device='cuda:0'))
2026-01-08 17:18:47 - INFO - [ 9.9868876e-01 -1.7685462e-02 -4.4445039e-04  6.9893990e-03
 -4.4444480e-04  6.9893990e-03  8.0493534e-01 -2.5768828e-01]
2026-01-08 17:18:47 - INFO - (tensor([[[[0., 1., 0., 0., 0., 1., 0., 0., 0., 1., 0., 0., 0., 0., 1., 0., 1.,
           1., 1.],
          [0., 1., 0., 1., 1., 1., 1., 1., 1., 1., 1., 0., 0., 1., 1., 1., 0.,
           1., 0.],
          [0., 0., 0., 0., 1., 1., 1., 1., 1., 0., 1., 1., 0., 1., 0., 1., 0.,
           1., 1.],
          [0., 0., 0., 0., 0., 0., 0., 0., 1., 1., 0., 1., 1., 1., 1., 0., 1.,
           0., 1.],
          [1., 1., 0., 1., 0., 1., 0., 1., 0., 0., 1., 0., 1., 1., 1., 1., 1.,
           1., 1.],
          [1., 1., 1., 1., 0., 0., 1., 1., 1., 1., 1., 1., 1., 1., 0., 1., 0.,
           1., 1.],
          [0., 1., 0., 1., 1., 0., 1., 0., 1., 0., 0., 1., 1., 0., 1., 1., 1.,
           0., 0.],
          [0., 0., 0., 0., 0., 0., 0., 1., 0., 1., 1., 1., 0., 0., 0., 0., 1.,
           0., 0.],
          [0., 0., 0., 1., 0., 1., 0., 1., 0., 0., 1., 1., 1., 0., 1., 0., 0.,
           1., 1.],
          [1., 0., 1., 1., 1., 0., 0., 0., 0., 0., 0., 1., 0., 0., 0., 1., 0.,
           0., 1.],
          [0., 0., 0., 0., 0., 1., 1., 1., 0., 0., 0., 1., 0., 0., 1., 0., 1.,
           1., 1.],
          [0., 0., 0., 0., 0., 0., 0., 1., 0., 1., 0., 0., 0., 1., 1., 1., 1.,
           0., 1.],
          [0., 0., 1., 1., 1., 1., 1., 1., 1., 1., 0., 1., 1., 0., 1., 0., 0.,
           1., 0.],
          [0., 0., 0., 1., 0., 1., 0., 0., 0., 0., 1., 1., 0., 0., 1., 0., 0.,
           0., 1.],
          [1., 1., 0., 0., 1., 1., 1., 1., 0., 1., 0., 1., 0., 1., 1., 1., 1.,
           0., 1.],
          [0., 0., 0., 0., 1., 0., 0., 0., 1., 1., 1., 1., 0., 0., 1., 0., 0.,
           0., 1.],
          [1., 0., 1., 1., 1., 1., 1., 0., 1., 0., 0., 1., 0., 0., 0., 1., 1.,
           0., 1.],
          [1., 1., 1., 0., 0., 1., 1., 0., 0., 1., 0., 1., 1., 0., 0., 1., 1.,
           0., 1.],
          [0., 1., 0., 0., 0., 1., 1., 0., 1., 0., 0., 1., 1., 0., 1., 1., 0.,
           0., 1.]]]], device='cuda:0'), tensor([[0.4181]], device='cuda:0'))
2026-01-08 17:18:47 - INFO - [ 9.9867874e-01 -1.7855572e-02 -4.2993666e-04  7.0644449e-03
 -4.2991617e-04  7.0644487e-03  8.0430925e-01 -2.5910178e-01]
2026-01-08 17:18:47 - INFO - (tensor([[[[0., 1., 0., 0., 0., 1., 0., 0., 0., 1., 0., 0., 0., 0., 1., 0., 1.,
           1., 1.],
          [0., 1., 0., 1., 1., 1., 1., 1., 1., 1., 1., 0., 0., 1., 1., 1., 0.,
           1., 0.],
          [0., 0., 0., 0., 1., 1., 1., 1., 1., 0., 1., 1., 0., 1., 0., 1., 0.,
           1., 1.],
          [0., 0., 0., 0., 0., 0., 0., 0., 1., 1., 0., 1., 1., 1., 1., 0., 1.,
           0., 1.],
          [1., 1., 0., 1., 0., 1., 0., 1., 0., 0., 1., 0., 1., 1., 1., 1., 1.,
           1., 1.],
          [1., 1., 1., 1., 0., 0., 1., 1., 1., 1., 1., 1., 1., 1., 0., 1., 0.,
           1., 1.],
          [0., 1., 0., 1., 1., 0., 1., 0., 1., 0., 0., 1., 1., 0., 1., 1., 1.,
           0., 0.],
          [0., 0., 0., 0., 0., 0., 0., 1., 0., 1., 1., 1., 0., 0., 0., 0., 1.,
           0., 0.],
          [0., 0., 0., 1., 0., 1., 0., 1., 0., 0., 1., 1., 1., 0., 1., 0., 0.,
           1., 1.],
          [1., 0., 1., 1., 1., 0., 0., 0., 0., 0., 0., 1., 0., 0., 0., 1., 0.,
           0., 1.],
          [0., 0., 0., 0., 0., 1., 1., 1., 0., 0., 0., 1., 0., 0., 1., 0., 1.,
           1., 1.],
          [0., 0., 0., 0., 0., 0., 0., 1., 0., 1., 0., 0., 0., 1., 1., 1., 1.,
           0., 1.],
          [0., 0., 1., 1., 1., 1., 1., 1., 1., 1., 0., 1., 1., 0., 1., 0., 0.,
           1., 0.],
          [0., 0., 0., 1., 0., 1., 0., 0., 0., 0., 1., 1., 0., 0., 1., 0., 0.,
           0., 1.],
          [1., 1., 0., 0., 1., 1., 1., 1., 0., 1., 0., 1., 0., 1., 1., 1., 1.,
           0., 1.],
          [0., 0., 0., 0., 1., 0., 0., 0., 1., 1., 1., 1., 0., 0., 1., 0., 0.,
           0., 1.],
          [1., 0., 1., 1., 1., 1., 1., 0., 1., 0., 0., 1., 0., 0., 0., 1., 1.,
           0., 1.],
          [1., 1., 1., 0., 0., 1., 1., 0., 0., 1., 0., 1., 1., 0., 0., 1., 1.,
           0., 1.],
          [0., 1., 0., 0., 0., 1., 1., 0., 1., 0., 0., 1., 1., 0., 1., 1., 0.,
           0., 1.]]]], device='cuda:0'), tensor([[0.4214]], device='cuda:0'))
2026-01-08 17:18:47 - INFO - [ 9.9867189e-01 -1.8176978e-02 -3.9870382e-04  7.2302339e-03
 -3.9869823e-04  7.2302376e-03  8.0318195e-01 -2.6143080e-01]
2026-01-08 17:18:47 - INFO - (tensor([[[[0., 1., 0., 0., 0., 1., 0., 0., 0., 1., 0., 0., 0., 0., 1., 0., 1.,
           1., 1.],
          [0., 1., 0., 1., 1., 1., 1., 1., 1., 1., 1., 0., 0., 1., 1., 1., 0.,
           1., 0.],
          [0., 0., 0., 0., 1., 1., 1., 1., 1., 0., 1., 1., 0., 1., 0., 1., 0.,
           1., 1.],
          [0., 0., 0., 0., 0., 0., 0., 0., 1., 1., 0., 1., 1., 1., 1., 0., 1.,
           0., 1.],
          [1., 1., 0., 1., 0., 1., 0., 1., 0., 0., 1., 0., 1., 1., 1., 1., 1.,
           1., 1.],
          [1., 1., 1., 1., 0., 0., 1., 1., 1., 1., 1., 1., 1., 1., 0., 1., 0.,
           1., 1.],
          [0., 1., 0., 1., 1., 0., 1., 0., 1., 0., 0., 1., 1., 0., 1., 1., 1.,
           0., 0.],
          [0., 0., 0., 0., 0., 0., 0., 1., 0., 1., 1., 1., 0., 0., 0., 0., 1.,
           0., 0.],
          [0., 0., 0., 1., 0., 1., 0., 1., 0., 0., 1., 1., 1., 0., 1., 0., 0.,
           1., 1.],
          [1., 0., 1., 1., 1., 0., 0., 0., 0., 0., 0., 1., 0., 0., 0., 1., 0.,
           0., 1.],
          [0., 0., 0., 0., 0., 1., 1., 1., 0., 0., 0., 1., 0., 0., 1., 0., 1.,
           1., 1.],
          [0., 0., 0., 0., 0., 0., 0., 1., 0., 1., 0., 0., 0., 1., 1., 1., 1.,
           0., 1.],
          [0., 0., 1., 1., 1., 1., 1., 1., 1., 1., 0., 1., 1., 0., 1., 0., 0.,
           1., 0.],
          [0., 0., 0., 1., 0., 1., 0., 0., 0., 0., 1., 1., 0., 0., 1., 0., 0.,
           0., 1.],
          [1., 1., 0., 0., 1., 1., 1., 1., 0., 1., 0., 1., 0., 1., 1., 1., 1.,
           0., 1.],
          [0., 0., 0., 0., 1., 0., 0., 0., 1., 1., 1., 1., 0., 0., 1., 0., 0.,
           0., 1.],
          [1., 0., 1., 1., 1., 1., 1., 0., 1., 0., 0., 1., 0., 0., 0., 1., 1.,
           0., 1.],
          [1., 1., 1., 0., 0., 1., 1., 0., 0., 1., 0., 1., 1., 0., 0., 1., 1.,
           0., 1.],
          [0., 1., 0., 0., 0., 1., 1., 0., 1., 0., 0., 1., 1., 0., 1., 1., 0.,
           0., 1.]]]], device='cuda:0'), tensor([[0.4247]], device='cuda:0'))
2026-01-08 17:18:47 - INFO - [ 9.9866629e-01 -1.8331943e-02 -3.9310844e-04  7.2986903e-03
 -3.9310285e-04  7.2986940e-03  8.0243051e-01 -2.6302010e-01]
2026-01-08 17:18:47 - INFO - (tensor([[[[0., 1., 0., 0., 0., 1., 0., 0., 0., 1., 0., 0., 0., 0., 1., 0., 1.,
           1., 1.],
          [0., 1., 0., 1., 1., 1., 1., 1., 1., 1., 1., 0., 0., 1., 1., 1., 0.,
           1., 0.],
          [0., 0., 0., 0., 1., 1., 1., 1., 1., 0., 1., 1., 0., 1., 0., 1., 0.,
           1., 1.],
          [0., 0., 0., 0., 0., 0., 0., 0., 1., 1., 0., 1., 1., 1., 1., 0., 1.,
           0., 1.],
          [1., 1., 0., 1., 0., 1., 0., 1., 0., 0., 1., 0., 1., 1., 1., 1., 1.,
           1., 1.],
          [1., 1., 1., 1., 0., 0., 1., 1., 1., 1., 1., 1., 1., 1., 0., 1., 0.,
           1., 1.],
          [0., 1., 0., 1., 1., 0., 1., 0., 1., 0., 0., 1., 1., 0., 1., 1., 1.,
           0., 0.],
          [0., 0., 0., 0., 0., 0., 0., 1., 0., 1., 1., 1., 0., 0., 0., 0., 1.,
           0., 0.],
          [0., 0., 0., 1., 0., 1., 0., 1., 0., 0., 1., 1., 1., 0., 1., 0., 0.,
           1., 1.],
          [1., 0., 1., 1., 1., 0., 0., 0., 0., 0., 0., 1., 0., 0., 0., 1., 0.,
           0., 1.],
          [0., 0., 0., 0., 0., 1., 1., 1., 0., 0., 0., 1., 0., 0., 1., 0., 1.,
           1., 1.],
          [0., 0., 0., 0., 0., 0., 0., 1., 0., 1., 0., 0., 0., 1., 1., 1., 1.,
           0., 1.],
          [0., 0., 1., 1., 1., 1., 1., 1., 1., 1., 0., 1., 1., 0., 1., 0., 0.,
           1., 0.],
          [0., 0., 0., 1., 0., 1., 0., 0., 0., 0., 1., 1., 0., 0., 1., 0., 0.,
           0., 1.],
          [1., 1., 0., 0., 1., 1., 1., 1., 0., 1., 0., 1., 0., 1., 1., 1., 1.,
           0., 1.],
          [0., 0., 0., 0., 1., 0., 0., 0., 1., 1., 1., 1., 0., 0., 1., 0., 0.,
           0., 1.],
          [1., 0., 1., 1., 1., 1., 1., 0., 1., 0., 0., 1., 0., 0., 0., 1., 1.,
           0., 1.],
          [1., 1., 1., 0., 0., 1., 1., 0., 0., 1., 0., 1., 1., 0., 0., 1., 1.,
           0., 1.],
          [0., 1., 0., 0., 0., 1., 1., 0., 1., 0., 0., 1., 1., 0., 1., 1., 0.,
           0., 1.]]]], device='cuda:0'), tensor([[0.4281]], device='cuda:0'))
2026-01-08 17:18:47 - INFO - [ 9.9865979e-01 -1.8439714e-02 -3.9489658e-04  7.3196064e-03
 -3.9490589e-04  7.3196138e-03  8.0187196e-01 -2.6413774e-01]
2026-01-08 17:18:47 - INFO - (tensor([[[[0., 1., 0., 0., 0., 1., 0., 0., 0., 1., 0., 0., 0., 0., 1., 0., 1.,
           1., 1.],
          [0., 1., 0., 1., 1., 1., 1., 1., 1., 1., 1., 0., 0., 1., 1., 1., 0.,
           1., 0.],
          [0., 0., 0., 0., 1., 1., 1., 1., 1., 0., 1., 1., 0., 1., 0., 1., 0.,
           1., 1.],
          [0., 0., 0., 0., 0., 0., 0., 0., 1., 1., 0., 1., 1., 1., 1., 0., 1.,
           0., 1.],
          [1., 1., 0., 1., 0., 1., 0., 1., 0., 0., 1., 0., 1., 1., 1., 1., 1.,
           1., 1.],
          [1., 1., 1., 1., 0., 0., 1., 1., 1., 1., 1., 1., 1., 1., 0., 1., 0.,
           1., 1.],
          [0., 1., 0., 1., 1., 0., 1., 0., 1., 0., 0., 1., 1., 0., 1., 1., 1.,
           0., 0.],
          [0., 0., 0., 0., 0., 0., 0., 1., 0., 1., 1., 1., 0., 0., 0., 0., 1.,
           0., 0.],
          [0., 0., 0., 1., 0., 1., 0., 1., 0., 0., 1., 1., 1., 0., 1., 0., 0.,
           1., 1.],
          [1., 0., 1., 1., 1., 0., 0., 0., 0., 0., 0., 1., 0., 0., 0., 1., 0.,
           0., 1.],
          [0., 0., 0., 0., 0., 1., 1., 1., 0., 0., 0., 1., 0., 0., 1., 0., 1.,
           1., 1.],
          [0., 0., 0., 0., 0., 0., 0., 1., 0., 1., 0., 0., 0., 1., 1., 1., 1.,
           0., 1.],
          [0., 0., 1., 1., 1., 1., 1., 1., 1., 1., 0., 1., 1., 0., 1., 0., 0.,
           1., 0.],
          [0., 0., 0., 1., 0., 1., 0., 0., 0., 0., 1., 1., 0., 0., 1., 0., 0.,
           0., 1.],
          [1., 1., 0., 0., 1., 1., 1., 1., 0., 1., 0., 1., 0., 1., 1., 1., 1.,
           0., 1.],
          [0., 0., 0., 0., 1., 0., 0., 0., 1., 1., 1., 1., 0., 0., 1., 0., 0.,
           0., 1.],
          [1., 0., 1., 1., 1., 1., 1., 0., 1., 0., 0., 1., 0., 0., 0., 1., 1.,
           0., 1.],
          [1., 1., 1., 0., 0., 1., 1., 0., 0., 1., 0., 1., 1., 0., 0., 1., 1.,
           0., 1.],
          [0., 1., 0., 0., 0., 1., 1., 0., 1., 0., 0., 1., 1., 0., 1., 1., 0.,
           0., 1.]]]], device='cuda:0'), tensor([[0.4314]], device='cuda:0'))
2026-01-08 17:18:47 - INFO - [ 9.9865341e-01 -1.8539706e-02 -3.9788426e-04  7.3349988e-03
 -3.9790102e-04  7.3349914e-03  8.0134988e-01 -2.6517475e-01]
2026-01-08 17:18:47 - INFO - (tensor([[[[0., 1., 0., 0., 0., 1., 0., 0., 0., 1., 0., 0., 0., 0., 1., 0., 1.,
           1., 1.],
          [0., 1., 0., 1., 1., 1., 1., 1., 1., 1., 1., 0., 0., 1., 1., 1., 0.,
           1., 0.],
          [0., 0., 0., 0., 1., 1., 1., 1., 1., 0., 1., 1., 0., 1., 0., 1., 0.,
           1., 1.],
          [0., 0., 0., 0., 0., 0., 0., 0., 1., 1., 0., 1., 1., 1., 1., 0., 1.,
           0., 1.],
          [1., 1., 0., 1., 0., 1., 0., 1., 0., 0., 1., 0., 1., 1., 1., 1., 1.,
           1., 1.],
          [1., 1., 1., 1., 0., 0., 1., 1., 1., 1., 1., 1., 1., 1., 0., 1., 0.,
           1., 1.],
          [0., 1., 0., 1., 1., 0., 1., 0., 1., 0., 0., 1., 1., 0., 1., 1., 1.,
           0., 0.],
          [0., 0., 0., 0., 0., 0., 0., 1., 0., 1., 1., 1., 0., 0., 0., 0., 1.,
           0., 0.],
          [0., 0., 0., 1., 0., 1., 0., 1., 0., 0., 1., 1., 1., 0., 1., 0., 0.,
           1., 1.],
          [1., 0., 1., 1., 1., 0., 0., 0., 0., 0., 0., 1., 0., 0., 0., 1., 0.,
           0., 1.],
          [0., 0., 0., 0., 0., 1., 1., 1., 0., 0., 0., 1., 0., 0., 1., 0., 1.,
           1., 1.],
          [0., 0., 0., 0., 0., 0., 0., 1., 0., 1., 0., 0., 0., 1., 1., 1., 1.,
           0., 1.],
          [0., 0., 1., 1., 1., 1., 1., 1., 1., 1., 0., 1., 1., 0., 1., 0., 0.,
           1., 0.],
          [0., 0., 0., 1., 0., 1., 0., 0., 0., 0., 1., 1., 0., 0., 1., 0., 0.,
           0., 1.],
          [1., 1., 0., 0., 1., 1., 1., 1., 0., 1., 0., 1., 0., 1., 1., 1., 1.,
           0., 1.],
          [0., 0., 0., 0., 1., 0., 0., 0., 1., 1., 1., 1., 0., 0., 1., 0., 0.,
           0., 1.],
          [1., 0., 1., 1., 1., 1., 1., 0., 1., 0., 0., 1., 0., 0., 0., 1., 1.,
           0., 1.],
          [1., 1., 1., 0., 0., 1., 1., 0., 0., 1., 0., 1., 1., 0., 0., 1., 1.,
           0., 1.],
          [0., 1., 0., 0., 0., 1., 1., 0., 1., 0., 0., 1., 1., 0., 1., 1., 0.,
           0., 1.]]]], device='cuda:0'), tensor([[0.4348]], device='cuda:0'))
2026-01-08 17:18:47 - INFO - [ 9.9864703e-01 -1.8630840e-02 -4.0369571e-04  7.3502865e-03
 -4.0369757e-04  7.3502976e-03  8.0082268e-01 -2.6622754e-01]
2026-01-08 17:18:47 - INFO - (tensor([[[[0., 1., 0., 0., 0., 1., 0., 0., 0., 1., 0., 0., 0., 0., 1., 0., 1.,
           1., 1.],
          [0., 1., 0., 1., 1., 1., 1., 1., 1., 1., 1., 0., 0., 1., 1., 1., 0.,
           1., 0.],
          [0., 0., 0., 0., 1., 1., 1., 1., 1., 0., 1., 1., 0., 1., 0., 1., 0.,
           1., 1.],
          [0., 0., 0., 0., 0., 0., 0., 0., 1., 1., 0., 1., 1., 1., 1., 0., 1.,
           0., 1.],
          [1., 1., 0., 1., 0., 1., 0., 1., 0., 0., 1., 0., 1., 1., 1., 1., 1.,
           1., 1.],
          [1., 1., 1., 1., 0., 0., 1., 1., 1., 1., 1., 1., 1., 1., 0., 1., 0.,
           1., 1.],
          [0., 1., 0., 1., 1., 0., 1., 0., 1., 0., 0., 1., 1., 0., 1., 1., 1.,
           0., 0.],
          [0., 0., 0., 0., 0., 0., 0., 1., 0., 1., 1., 1., 0., 0., 0., 0., 1.,
           0., 0.],
          [0., 0., 0., 1., 0., 1., 0., 1., 0., 0., 1., 1., 1., 0., 1., 0., 0.,
           1., 1.],
          [1., 0., 1., 1., 1., 0., 0., 0., 0., 0., 0., 1., 0., 0., 0., 1., 0.,
           0., 1.],
          [0., 0., 0., 0., 0., 1., 1., 1., 0., 0., 0., 1., 0., 0., 1., 0., 1.,
           1., 1.],
          [0., 0., 0., 0., 0., 0., 0., 1., 0., 1., 0., 0., 0., 1., 1., 1., 1.,
           0., 1.],
          [0., 0., 1., 1., 1., 1., 1., 1., 1., 1., 0., 1., 1., 0., 1., 0., 0.,
           1., 0.],
          [0., 0., 0., 1., 0., 1., 0., 0., 0., 0., 1., 1., 0., 0., 1., 0., 0.,
           0., 1.],
          [1., 1., 0., 0., 1., 1., 1., 1., 0., 1., 0., 1., 0., 1., 1., 1., 1.,
           0., 1.],
          [0., 0., 0., 0., 1., 0., 0., 0., 1., 1., 1., 1., 0., 0., 1., 0., 0.,
           0., 1.],
          [1., 0., 1., 1., 1., 1., 1., 0., 1., 0., 0., 1., 0., 0., 0., 1., 1.,
           0., 1.],
          [1., 1., 1., 0., 0., 1., 1., 0., 0., 1., 0., 1., 1., 0., 0., 1., 1.,
           0., 1.],
          [0., 1., 0., 0., 0., 1., 1., 0., 1., 0., 0., 1., 1., 0., 1., 1., 0.,
           0., 1.]]]], device='cuda:0'), tensor([[0.4381]], device='cuda:0'))
2026-01-08 17:18:47 - INFO - [ 9.9864095e-01 -1.8724447e-02 -4.0472389e-04  7.3670717e-03
 -4.0473320e-04  7.3670680e-03  8.0027723e-01 -2.6754975e-01]
2026-01-08 17:18:47 - INFO - (tensor([[[[0., 1., 0., 0., 0., 1., 0., 0., 0., 1., 0., 0., 0., 0., 1., 0., 1.,
           1., 1.],
          [0., 1., 0., 1., 1., 1., 1., 1., 1., 1., 1., 0., 0., 1., 1., 1., 0.,
           1., 0.],
          [0., 0., 0., 0., 1., 1., 1., 1., 1., 0., 1., 1., 0., 1., 0., 1., 0.,
           1., 1.],
          [0., 0., 0., 0., 0., 0., 0., 0., 1., 1., 0., 1., 1., 1., 1., 0., 1.,
           0., 1.],
          [1., 1., 0., 1., 0., 1., 0., 1., 0., 0., 1., 0., 1., 1., 1., 1., 1.,
           1., 1.],
          [1., 1., 1., 1., 0., 0., 1., 1., 1., 1., 1., 1., 1., 1., 0., 1., 0.,
           1., 1.],
          [0., 1., 0., 1., 1., 0., 1., 0., 1., 0., 0., 1., 1., 0., 1., 1., 1.,
           0., 0.],
          [0., 0., 0., 0., 0., 0., 0., 1., 0., 1., 1., 1., 0., 0., 0., 0., 1.,
           0., 0.],
          [0., 0., 0., 1., 0., 1., 0., 1., 0., 0., 1., 1., 1., 0., 1., 0., 0.,
           1., 1.],
          [1., 0., 1., 1., 1., 0., 0., 0., 0., 0., 0., 1., 0., 0., 0., 1., 0.,
           0., 1.],
          [0., 0., 0., 0., 0., 1., 1., 1., 0., 0., 0., 1., 0., 0., 1., 0., 1.,
           1., 1.],
          [0., 0., 0., 0., 0., 0., 0., 1., 0., 1., 0., 0., 0., 1., 1., 1., 1.,
           0., 1.],
          [0., 0., 1., 1., 1., 1., 1., 1., 1., 1., 0., 1., 1., 0., 1., 0., 0.,
           1., 0.],
          [0., 0., 0., 1., 0., 1., 0., 0., 0., 0., 1., 1., 0., 0., 1., 0., 0.,
           0., 1.],
          [1., 1., 0., 0., 1., 1., 1., 1., 0., 1., 0., 1., 0., 1., 1., 1., 1.,
           0., 1.],
          [0., 0., 0., 0., 1., 0., 0., 0., 1., 1., 1., 1., 0., 0., 1., 0., 0.,
           0., 1.],
          [1., 0., 1., 1., 1., 1., 1., 0., 1., 0., 0., 1., 0., 0., 0., 1., 1.,
           0., 1.],
          [1., 1., 1., 0., 0., 1., 1., 0., 0., 1., 0., 1., 1., 0., 0., 1., 1.,
           0., 1.],
          [0., 1., 0., 0., 0., 1., 1., 0., 1., 0., 0., 1., 1., 0., 1., 1., 0.,
           0., 1.]]]], device='cuda:0'), tensor([[0.4415]], device='cuda:0'))
2026-01-08 17:18:47 - INFO - [ 9.9863428e-01 -1.8816587e-02 -4.0640772e-04  7.3802285e-03
 -4.0641704e-04  7.3802285e-03  7.9973853e-01 -2.6886433e-01]
2026-01-08 17:18:47 - INFO - (tensor([[[[0., 1., 0., 0., 0., 1., 0., 0., 0., 1., 0., 0., 0., 0., 1., 0., 1.,
           1., 1.],
          [0., 1., 0., 1., 1., 1., 1., 1., 1., 1., 1., 0., 0., 1., 1., 1., 0.,
           1., 0.],
          [0., 0., 0., 0., 1., 1., 1., 1., 1., 0., 1., 1., 0., 1., 0., 1., 0.,
           1., 1.],
          [0., 0., 0., 0., 0., 0., 0., 0., 1., 1., 0., 1., 1., 1., 1., 0., 1.,
           0., 1.],
          [1., 1., 0., 1., 0., 1., 0., 1., 0., 0., 1., 0., 1., 1., 1., 1., 1.,
           1., 1.],
          [1., 1., 1., 1., 0., 0., 1., 1., 1., 1., 1., 1., 1., 1., 0., 1., 0.,
           1., 1.],
          [0., 1., 0., 1., 1., 0., 1., 0., 1., 0., 0., 1., 1., 0., 1., 1., 1.,
           0., 0.],
          [0., 0., 0., 0., 0., 0., 0., 1., 0., 1., 1., 1., 0., 0., 0., 0., 1.,
           0., 0.],
          [0., 0., 0., 1., 0., 1., 0., 1., 0., 0., 1., 1., 1., 0., 1., 0., 0.,
           1., 1.],
          [1., 0., 1., 1., 1., 0., 0., 0., 0., 0., 0., 1., 0., 0., 0., 1., 0.,
           0., 1.],
          [0., 0., 0., 0., 0., 1., 1., 1., 0., 0., 0., 1., 0., 0., 1., 0., 1.,
           1., 1.],
          [0., 0., 0., 0., 0., 0., 0., 1., 0., 1., 0., 0., 0., 1., 1., 1., 1.,
           0., 1.],
          [0., 0., 1., 1., 1., 1., 1., 1., 1., 1., 0., 1., 1., 0., 1., 0., 0.,
           1., 0.],
          [0., 0., 0., 1., 0., 1., 0., 0., 0., 0., 1., 1., 0., 0., 1., 0., 0.,
           0., 1.],
          [1., 1., 0., 0., 1., 1., 1., 1., 0., 1., 0., 1., 0., 1., 1., 1., 1.,
           0., 1.],
          [0., 0., 0., 0., 1., 0., 0., 0., 1., 1., 1., 1., 0., 0., 1., 0., 0.,
           0., 1.],
          [1., 0., 1., 1., 1., 1., 1., 0., 1., 0., 0., 1., 0., 0., 0., 1., 1.,
           0., 1.],
          [1., 1., 1., 0., 0., 1., 1., 0., 0., 1., 0., 1., 1., 0., 0., 1., 1.,
           0., 1.],
          [0., 1., 0., 0., 0., 1., 1., 0., 1., 0., 0., 1., 1., 0., 1., 1., 0.,
           0., 1.]]]], device='cuda:0'), tensor([[0.4448]], device='cuda:0'))
2026-01-08 17:18:47 - INFO - [ 9.9862868e-01 -1.8883871e-02 -4.1084082e-04  7.3806234e-03
 -4.1084268e-04  7.3806271e-03  7.9927993e-01 -2.6998216e-01]
2026-01-08 17:18:47 - INFO - (tensor([[[[0., 1., 0., 0., 0., 1., 0., 0., 0., 1., 0., 0., 0., 0., 1., 0., 1.,
           1., 1.],
          [0., 1., 0., 1., 1., 1., 1., 1., 1., 1., 1., 0., 0., 1., 1., 1., 0.,
           1., 0.],
          [0., 0., 0., 0., 1., 1., 1., 1., 1., 0., 1., 1., 0., 1., 0., 1., 0.,
           1., 1.],
          [0., 0., 0., 0., 0., 0., 0., 0., 1., 1., 0., 1., 1., 1., 1., 0., 1.,
           0., 1.],
          [1., 1., 0., 1., 0., 1., 0., 1., 0., 0., 1., 0., 1., 1., 1., 1., 1.,
           1., 1.],
          [1., 1., 1., 1., 0., 0., 1., 1., 1., 1., 1., 1., 1., 1., 0., 1., 0.,
           1., 1.],
          [0., 1., 0., 1., 1., 0., 1., 0., 1., 0., 0., 1., 1., 0., 1., 1., 1.,
           0., 0.],
          [0., 0., 0., 0., 0., 0., 0., 1., 0., 1., 1., 1., 0., 0., 0., 0., 1.,
           0., 0.],
          [0., 0., 0., 1., 0., 1., 0., 1., 0., 0., 1., 1., 1., 0., 1., 0., 0.,
           1., 1.],
          [1., 0., 1., 1., 1., 0., 0., 0., 0., 0., 0., 1., 0., 0., 0., 1., 0.,
           0., 1.],
          [0., 0., 0., 0., 0., 1., 1., 1., 0., 0., 0., 1., 0., 0., 1., 0., 1.,
           1., 1.],
          [0., 0., 0., 0., 0., 0., 0., 1., 0., 1., 0., 0., 0., 1., 1., 1., 1.,
           0., 1.],
          [0., 0., 1., 1., 1., 1., 1., 1., 1., 1., 0., 1., 1., 0., 1., 0., 0.,
           1., 0.],
          [0., 0., 0., 1., 0., 1., 0., 0., 0., 0., 1., 1., 0., 0., 1., 0., 0.,
           0., 1.],
          [1., 1., 0., 0., 1., 1., 1., 1., 0., 1., 0., 1., 0., 1., 1., 1., 1.,
           0., 1.],
          [0., 0., 0., 0., 1., 0., 0., 0., 1., 1., 1., 1., 0., 0., 1., 0., 0.,
           0., 1.],
          [1., 0., 1., 1., 1., 1., 1., 0., 1., 0., 0., 1., 0., 0., 0., 1., 1.,
           0., 1.],
          [1., 1., 1., 0., 0., 1., 1., 0., 0., 1., 0., 1., 1., 0., 0., 1., 1.,
           0., 1.],
          [0., 1., 0., 0., 0., 1., 1., 0., 1., 0., 0., 1., 1., 0., 1., 1., 0.,
           0., 1.]]]], device='cuda:0'), tensor([[0.4482]], device='cuda:0'))
2026-01-08 17:18:47 - INFO - [ 9.9861634e-01 -1.9012012e-02 -3.8947255e-04  7.4349800e-03
 -3.8948187e-04  7.4349800e-03  7.9856110e-01 -2.7171940e-01]
2026-01-08 17:18:47 - INFO - (tensor([[[[0., 1., 0., 0., 0., 1., 0., 0., 0., 1., 0., 0., 0., 0., 1., 0., 1.,
           1., 1.],
          [0., 1., 0., 1., 1., 1., 1., 1., 1., 1., 1., 0., 0., 1., 1., 1., 0.,
           1., 0.],
          [0., 0., 0., 0., 1., 1., 1., 1., 1., 0., 1., 1., 0., 1., 0., 1., 0.,
           1., 1.],
          [0., 0., 0., 0., 0., 0., 0., 0., 1., 1., 0., 1., 1., 1., 1., 0., 1.,
           0., 1.],
          [1., 1., 0., 1., 0., 1., 0., 1., 0., 0., 1., 0., 1., 1., 1., 1., 1.,
           1., 1.],
          [1., 1., 1., 1., 0., 0., 1., 1., 1., 1., 1., 1., 1., 1., 0., 1., 0.,
           1., 1.],
          [0., 1., 0., 1., 1., 0., 1., 0., 1., 0., 0., 1., 1., 0., 1., 1., 1.,
           0., 0.],
          [0., 0., 0., 0., 0., 0., 0., 1., 0., 1., 1., 1., 0., 0., 0., 0., 1.,
           0., 0.],
          [0., 0., 0., 1., 0., 1., 0., 1., 0., 0., 1., 1., 1., 0., 1., 0., 0.,
           1., 1.],
          [1., 0., 1., 1., 1., 0., 0., 0., 0., 0., 0., 1., 0., 0., 0., 1., 0.,
           0., 1.],
          [0., 0., 0., 0., 0., 1., 1., 1., 0., 0., 0., 1., 0., 0., 1., 0., 1.,
           1., 1.],
          [0., 0., 0., 0., 0., 0., 0., 1., 0., 1., 0., 0., 0., 1., 1., 1., 1.,
           0., 1.],
          [0., 0., 1., 1., 1., 1., 1., 1., 1., 1., 0., 1., 1., 0., 1., 0., 0.,
           1., 0.],
          [0., 0., 0., 1., 0., 1., 0., 0., 0., 0., 1., 1., 0., 0., 1., 0., 0.,
           0., 1.],
          [1., 1., 0., 0., 1., 1., 1., 1., 0., 1., 0., 1., 0., 1., 1., 1., 1.,
           0., 1.],
          [0., 0., 0., 0., 1., 0., 0., 0., 1., 1., 1., 1., 0., 0., 1., 0., 0.,
           0., 1.],
          [1., 0., 1., 1., 1., 1., 1., 0., 1., 0., 0., 1., 0., 0., 0., 1., 1.,
           0., 1.],
          [1., 1., 1., 0., 0., 1., 1., 0., 0., 1., 0., 1., 1., 0., 0., 1., 1.,
           0., 1.],
          [0., 1., 0., 0., 0., 1., 1., 0., 1., 0., 0., 1., 1., 0., 1., 1., 0.,
           0., 1.]]]], device='cuda:0'), tensor([[0.4515]], device='cuda:0'))
2026-01-08 17:18:47 - INFO - [ 9.9860311e-01 -1.9142194e-02 -3.6662162e-04  7.4895225e-03
 -3.6663093e-04  7.4895225e-03  7.9782629e-01 -2.7349120e-01]
2026-01-08 17:18:47 - INFO - (tensor([[[[0., 1., 0., 0., 0., 1., 0., 0., 0., 1., 0., 0., 0., 0., 1., 0., 1.,
           1., 1.],
          [0., 1., 0., 1., 1., 1., 1., 1., 1., 1., 1., 0., 0., 1., 1., 1., 0.,
           1., 0.],
          [0., 0., 0., 0., 1., 1., 1., 1., 1., 0., 1., 1., 0., 1., 0., 1., 0.,
           1., 1.],
          [0., 0., 0., 0., 0., 0., 0., 0., 1., 1., 0., 1., 1., 1., 1., 0., 1.,
           0., 1.],
          [1., 1., 0., 1., 0., 1., 0., 1., 0., 0., 1., 0., 1., 1., 1., 1., 1.,
           1., 1.],
          [1., 1., 1., 1., 0., 0., 1., 1., 1., 1., 1., 1., 1., 1., 0., 1., 0.,
           1., 1.],
          [0., 1., 0., 1., 1., 0., 1., 0., 1., 0., 0., 1., 1., 0., 1., 1., 1.,
           0., 0.],
          [0., 0., 0., 0., 0., 0., 0., 1., 0., 1., 1., 1., 0., 0., 0., 0., 1.,
           0., 0.],
          [0., 0., 0., 1., 0., 1., 0., 1., 0., 0., 1., 1., 1., 0., 1., 0., 0.,
           1., 1.],
          [1., 0., 1., 1., 1., 0., 0., 0., 0., 0., 0., 1., 0., 0., 0., 1., 0.,
           0., 1.],
          [0., 0., 0., 0., 0., 1., 1., 1., 0., 0., 0., 1., 0., 0., 1., 0., 1.,
           1., 1.],
          [0., 0., 0., 0., 0., 0., 0., 1., 0., 1., 0., 0., 0., 1., 1., 1., 1.,
           0., 1.],
          [0., 0., 1., 1., 1., 1., 1., 1., 1., 1., 0., 1., 1., 0., 1., 0., 0.,
           1., 0.],
          [0., 0., 0., 1., 0., 1., 0., 0., 0., 0., 1., 1., 0., 0., 1., 0., 0.,
           0., 1.],
          [1., 1., 0., 0., 1., 1., 1., 1., 0., 1., 0., 1., 0., 1., 1., 1., 1.,
           0., 1.],
          [0., 0., 0., 0., 1., 0., 0., 0., 1., 1., 1., 1., 0., 0., 1., 0., 0.,
           0., 1.],
          [1., 0., 1., 1., 1., 1., 1., 0., 1., 0., 0., 1., 0., 0., 0., 1., 1.,
           0., 1.],
          [1., 1., 1., 0., 0., 1., 1., 0., 0., 1., 0., 1., 1., 0., 0., 1., 1.,
           0., 1.],
          [0., 1., 0., 0., 0., 1., 1., 0., 1., 0., 0., 1., 1., 0., 1., 1., 0.,
           0., 1.]]]], device='cuda:0'), tensor([[0.4548]], device='cuda:0'))
2026-01-08 17:18:47 - INFO - [ 9.9859041e-01 -1.9256379e-02 -3.4753326e-04  7.5339591e-03
 -3.4752768e-04  7.5339591e-03  7.9714960e-01 -2.7507463e-01]
2026-01-08 17:18:47 - INFO - (tensor([[[[0., 1., 0., 0., 0., 1., 0., 0., 0., 1., 0., 0., 0., 0., 1., 0., 1.,
           1., 1.],
          [0., 1., 0., 1., 1., 1., 1., 1., 1., 1., 1., 0., 0., 1., 1., 1., 0.,
           1., 0.],
          [0., 0., 0., 0., 1., 1., 1., 1., 1., 0., 1., 1., 0., 1., 0., 1., 0.,
           1., 1.],
          [0., 0., 0., 0., 0., 0., 0., 0., 1., 1., 0., 1., 1., 1., 1., 0., 1.,
           0., 1.],
          [1., 1., 0., 1., 0., 1., 0., 1., 0., 0., 1., 0., 1., 1., 1., 1., 1.,
           1., 1.],
          [1., 1., 1., 1., 0., 0., 1., 1., 1., 1., 1., 1., 1., 1., 0., 1., 0.,
           1., 1.],
          [0., 1., 0., 1., 1., 0., 1., 0., 1., 0., 0., 1., 1., 0., 1., 1., 1.,
           0., 0.],
          [0., 0., 0., 0., 0., 0., 0., 1., 0., 1., 1., 1., 0., 0., 0., 0., 1.,
           0., 0.],
          [0., 0., 0., 1., 0., 1., 0., 1., 0., 0., 1., 1., 1., 0., 1., 0., 0.,
           1., 1.],
          [1., 0., 1., 1., 1., 0., 0., 0., 0., 0., 0., 1., 0., 0., 0., 1., 0.,
           0., 1.],
          [0., 0., 0., 0., 0., 1., 1., 1., 0., 0., 0., 1., 0., 0., 1., 0., 1.,
           1., 1.],
          [0., 0., 0., 0., 0., 0., 0., 1., 0., 1., 0., 0., 0., 1., 1., 1., 1.,
           0., 1.],
          [0., 0., 1., 1., 1., 1., 1., 1., 1., 1., 0., 1., 1., 0., 1., 0., 0.,
           1., 0.],
          [0., 0., 0., 1., 0., 1., 0., 0., 0., 0., 1., 1., 0., 0., 1., 0., 0.,
           0., 1.],
          [1., 1., 0., 0., 1., 1., 1., 1., 0., 1., 0., 1., 0., 1., 1., 1., 1.,
           0., 1.],
          [0., 0., 0., 0., 1., 0., 0., 0., 1., 1., 1., 1., 0., 0., 1., 0., 0.,
           0., 1.],
          [1., 0., 1., 1., 1., 1., 1., 0., 1., 0., 0., 1., 0., 0., 0., 1., 1.,
           0., 1.],
          [1., 1., 1., 0., 0., 1., 1., 0., 0., 1., 0., 1., 1., 0., 0., 1., 1.,
           0., 1.],
          [0., 1., 0., 0., 0., 1., 1., 0., 1., 0., 0., 1., 1., 0., 1., 1., 0.,
           0., 1.]]]], device='cuda:0'), tensor([[0.4582]], device='cuda:0'))
2026-01-08 17:18:47 - INFO - [ 9.9858052e-01 -1.9354075e-02 -3.3070240e-04  7.5753410e-03
 -3.3070426e-04  7.5753373e-03  7.9653412e-01 -2.7649820e-01]
2026-01-08 17:18:47 - INFO - (tensor([[[[0., 1., 0., 0., 0., 1., 0., 0., 0., 1., 0., 0., 0., 0., 1., 0., 1.,
           1., 1.],
          [0., 1., 0., 1., 1., 1., 1., 1., 1., 1., 1., 0., 0., 1., 1., 1., 0.,
           1., 0.],
          [0., 0., 0., 0., 1., 1., 1., 1., 1., 0., 1., 1., 0., 1., 0., 1., 0.,
           1., 1.],
          [0., 0., 0., 0., 0., 0., 0., 0., 1., 1., 0., 1., 1., 1., 1., 0., 1.,
           0., 1.],
          [1., 1., 0., 1., 0., 1., 0., 1., 0., 0., 1., 0., 1., 1., 1., 1., 1.,
           1., 1.],
          [1., 1., 1., 1., 0., 0., 1., 1., 1., 1., 1., 1., 1., 1., 0., 1., 0.,
           1., 1.],
          [0., 1., 0., 1., 1., 0., 1., 0., 1., 0., 0., 1., 1., 0., 1., 1., 1.,
           0., 0.],
          [0., 0., 0., 0., 0., 0., 0., 1., 0., 1., 1., 1., 0., 0., 0., 0., 1.,
           0., 0.],
          [0., 0., 0., 1., 0., 1., 0., 1., 0., 0., 1., 1., 1., 0., 1., 0., 0.,
           1., 1.],
          [1., 0., 1., 1., 1., 0., 0., 0., 0., 0., 0., 1., 0., 0., 0., 1., 0.,
           0., 1.],
          [0., 0., 0., 0., 0., 1., 1., 1., 0., 0., 0., 1., 0., 0., 1., 0., 1.,
           1., 1.],
          [0., 0., 0., 0., 0., 0., 0., 1., 0., 1., 0., 0., 0., 1., 1., 1., 1.,
           0., 1.],
          [0., 0., 1., 1., 1., 1., 1., 1., 1., 1., 0., 1., 1., 0., 1., 0., 0.,
           1., 0.],
          [0., 0., 0., 1., 0., 1., 0., 0., 0., 0., 1., 1., 0., 0., 1., 0., 0.,
           0., 1.],
          [1., 1., 0., 0., 1., 1., 1., 1., 0., 1., 0., 1., 0., 1., 1., 1., 1.,
           0., 1.],
          [0., 0., 0., 0., 1., 0., 0., 0., 1., 1., 1., 1., 0., 0., 1., 0., 0.,
           0., 1.],
          [1., 0., 1., 1., 1., 1., 1., 0., 1., 0., 0., 1., 0., 0., 0., 1., 1.,
           0., 1.],
          [1., 1., 1., 0., 0., 1., 1., 0., 0., 1., 0., 1., 1., 0., 0., 1., 1.,
           0., 1.],
          [0., 1., 0., 0., 0., 1., 1., 0., 1., 0., 0., 1., 1., 0., 1., 1., 0.,
           0., 1.]]]], device='cuda:0'), tensor([[0.4615]], device='cuda:0'))
2026-01-08 17:18:47 - INFO - [ 9.9857187e-01 -1.9440150e-02 -3.1510834e-04  7.6122899e-03
 -3.1511765e-04  7.6122973e-03  7.9595876e-01 -2.7788842e-01]
2026-01-08 17:18:47 - INFO - (tensor([[[[0., 1., 0., 0., 0., 1., 0., 0., 0., 1., 0., 0., 0., 0., 1., 0., 1.,
           1., 1.],
          [0., 1., 0., 1., 1., 1., 1., 1., 1., 1., 1., 0., 0., 1., 1., 1., 0.,
           1., 0.],
          [0., 0., 0., 0., 1., 1., 1., 1., 1., 0., 1., 1., 0., 1., 0., 1., 0.,
           1., 1.],
          [0., 0., 0., 0., 0., 0., 0., 0., 1., 1., 0., 1., 1., 1., 1., 0., 1.,
           0., 1.],
          [1., 1., 0., 1., 0., 1., 0., 1., 0., 0., 1., 0., 1., 1., 1., 1., 1.,
           1., 1.],
          [1., 1., 1., 1., 0., 0., 1., 1., 1., 1., 1., 1., 1., 1., 0., 1., 0.,
           1., 1.],
          [0., 1., 0., 1., 1., 0., 1., 0., 1., 0., 0., 1., 1., 0., 1., 1., 1.,
           0., 0.],
          [0., 0., 0., 0., 0., 0., 0., 1., 0., 1., 1., 1., 0., 0., 0., 0., 1.,
           0., 0.],
          [0., 0., 0., 1., 0., 1., 0., 1., 0., 0., 1., 1., 1., 0., 1., 0., 0.,
           1., 1.],
          [1., 0., 1., 1., 1., 0., 0., 0., 0., 0., 0., 1., 0., 0., 0., 1., 0.,
           0., 1.],
          [0., 0., 0., 0., 0., 1., 1., 1., 0., 0., 0., 1., 0., 0., 1., 0., 1.,
           1., 1.],
          [0., 0., 0., 0., 0., 0., 0., 1., 0., 1., 0., 0., 0., 1., 1., 1., 1.,
           0., 1.],
          [0., 0., 1., 1., 1., 1., 1., 1., 1., 1., 0., 1., 1., 0., 1., 0., 0.,
           1., 0.],
          [0., 0., 0., 1., 0., 1., 0., 0., 0., 0., 1., 1., 0., 0., 1., 0., 0.,
           0., 1.],
          [1., 1., 0., 0., 1., 1., 1., 1., 0., 1., 0., 1., 0., 1., 1., 1., 1.,
           0., 1.],
          [0., 0., 0., 0., 1., 0., 0., 0., 1., 1., 1., 1., 0., 0., 1., 0., 0.,
           0., 1.],
          [1., 0., 1., 1., 1., 1., 1., 0., 1., 0., 0., 1., 0., 0., 0., 1., 1.,
           0., 1.],
          [1., 1., 1., 0., 0., 1., 1., 0., 0., 1., 0., 1., 1., 0., 0., 1., 1.,
           0., 1.],
          [0., 1., 0., 0., 0., 1., 1., 0., 1., 0., 0., 1., 1., 0., 1., 1., 0.,
           0., 1.]]]], device='cuda:0'), tensor([[0.4649]], device='cuda:0'))
2026-01-08 17:18:47 - INFO - [ 9.9856377e-01 -1.9527471e-02 -3.0013267e-04  7.6451041e-03
 -3.0013453e-04  7.6451078e-03  7.9537237e-01 -2.7927417e-01]
2026-01-08 17:18:47 - INFO - (tensor([[[[0., 1., 0., 0., 0., 1., 0., 0., 0., 1., 0., 0., 0., 0., 1., 0., 1.,
           1., 1.],
          [0., 1., 0., 1., 1., 1., 1., 1., 1., 1., 1., 0., 0., 1., 1., 1., 0.,
           1., 0.],
          [0., 0., 0., 0., 1., 1., 1., 1., 1., 0., 1., 1., 0., 1., 0., 1., 0.,
           1., 1.],
          [0., 0., 0., 0., 0., 0., 0., 0., 1., 1., 0., 1., 1., 1., 1., 0., 1.,
           0., 1.],
          [1., 1., 0., 1., 0., 1., 0., 1., 0., 0., 1., 0., 1., 1., 1., 1., 1.,
           1., 1.],
          [1., 1., 1., 1., 0., 0., 1., 1., 1., 1., 1., 1., 1., 1., 0., 1., 0.,
           1., 1.],
          [0., 1., 0., 1., 1., 0., 1., 0., 1., 0., 0., 1., 1., 0., 1., 1., 1.,
           0., 0.],
          [0., 0., 0., 0., 0., 0., 0., 1., 0., 1., 1., 1., 0., 0., 0., 0., 1.,
           0., 0.],
          [0., 0., 0., 1., 0., 1., 0., 1., 0., 0., 1., 1., 1., 0., 1., 0., 0.,
           1., 1.],
          [1., 0., 1., 1., 1., 0., 0., 0., 0., 0., 0., 1., 0., 0., 0., 1., 0.,
           0., 1.],
          [0., 0., 0., 0., 0., 1., 1., 1., 0., 0., 0., 1., 0., 0., 1., 0., 1.,
           1., 1.],
          [0., 0., 0., 0., 0., 0., 0., 1., 0., 1., 0., 0., 0., 1., 1., 1., 1.,
           0., 1.],
          [0., 0., 1., 1., 1., 1., 1., 1., 1., 1., 0., 1., 1., 0., 1., 0., 0.,
           1., 0.],
          [0., 0., 0., 1., 0., 1., 0., 0., 0., 0., 1., 1., 0., 0., 1., 0., 0.,
           0., 1.],
          [1., 1., 0., 0., 1., 1., 1., 1., 0., 1., 0., 1., 0., 1., 1., 1., 1.,
           0., 1.],
          [0., 0., 0., 0., 1., 0., 0., 0., 1., 1., 1., 1., 0., 0., 1., 0., 0.,
           0., 1.],
          [1., 0., 1., 1., 1., 1., 1., 0., 1., 0., 0., 1., 0., 0., 0., 1., 1.,
           0., 1.],
          [1., 1., 1., 0., 0., 1., 1., 0., 0., 1., 0., 1., 1., 0., 0., 1., 1.,
           0., 1.],
          [0., 1., 0., 0., 0., 1., 1., 0., 1., 0., 0., 1., 1., 0., 1., 1., 0.,
           0., 1.]]]], device='cuda:0'), tensor([[0.4682]], device='cuda:0'))
2026-01-08 17:18:47 - INFO - [ 9.9855644e-01 -1.9620214e-02 -2.8100703e-04  7.6859980e-03
 -2.8100889e-04  7.6859943e-03  7.9473495e-01 -2.8084388e-01]
2026-01-08 17:18:47 - INFO - (tensor([[[[0., 1., 0., 0., 0., 1., 0., 0., 0., 1., 0., 0., 0., 0., 1., 0., 1.,
           1., 1.],
          [0., 1., 0., 1., 1., 1., 1., 1., 1., 1., 1., 0., 0., 1., 1., 1., 0.,
           1., 0.],
          [0., 0., 0., 0., 1., 1., 1., 1., 1., 0., 1., 1., 0., 1., 0., 1., 0.,
           1., 1.],
          [0., 0., 0., 0., 0., 0., 0., 0., 1., 1., 0., 1., 1., 1., 1., 0., 1.,
           0., 1.],
          [1., 1., 0., 1., 0., 1., 0., 1., 0., 0., 1., 0., 1., 1., 1., 1., 1.,
           1., 1.],
          [1., 1., 1., 1., 0., 0., 1., 1., 1., 1., 1., 1., 1., 1., 0., 1., 0.,
           1., 1.],
          [0., 1., 0., 1., 1., 0., 1., 0., 1., 0., 0., 1., 1., 0., 1., 1., 1.,
           0., 0.],
          [0., 0., 0., 0., 0., 0., 0., 1., 0., 1., 1., 1., 0., 0., 0., 0., 1.,
           0., 0.],
          [0., 0., 0., 1., 0., 1., 0., 1., 0., 0., 1., 1., 1., 0., 1., 0., 0.,
           1., 1.],
          [1., 0., 1., 1., 1., 0., 0., 0., 0., 0., 0., 1., 0., 0., 0., 1., 0.,
           0., 1.],
          [0., 0., 0., 0., 0., 1., 1., 1., 0., 0., 0., 1., 0., 0., 1., 0., 1.,
           1., 1.],
          [0., 0., 0., 0., 0., 0., 0., 1., 0., 1., 0., 0., 0., 1., 1., 1., 1.,
           0., 1.],
          [0., 0., 1., 1., 1., 1., 1., 1., 1., 1., 0., 1., 1., 0., 1., 0., 0.,
           1., 0.],
          [0., 0., 0., 1., 0., 1., 0., 0., 0., 0., 1., 1., 0., 0., 1., 0., 0.,
           0., 1.],
          [1., 1., 0., 0., 1., 1., 1., 1., 0., 1., 0., 1., 0., 1., 1., 1., 1.,
           0., 1.],
          [0., 0., 0., 0., 1., 0., 0., 0., 1., 1., 1., 1., 0., 0., 1., 0., 0.,
           0., 1.],
          [1., 0., 1., 1., 1., 1., 1., 0., 1., 0., 0., 1., 0., 0., 0., 1., 1.,
           0., 1.],
          [1., 1., 1., 0., 0., 1., 1., 0., 0., 1., 0., 1., 1., 0., 0., 1., 1.,
           0., 1.],
          [0., 1., 0., 0., 0., 1., 1., 0., 1., 0., 0., 1., 1., 0., 1., 1., 0.,
           0., 1.]]]], device='cuda:0'), tensor([[0.4716]], device='cuda:0'))
2026-01-08 17:18:47 - INFO - [ 9.9854863e-01 -1.9708052e-02 -2.6225392e-04  7.7273240e-03
 -2.6225578e-04  7.7273203e-03  7.9410672e-01 -2.8241402e-01]
2026-01-08 17:18:47 - INFO - (tensor([[[[0., 1., 0., 0., 0., 1., 0., 0., 0., 1., 0., 0., 0., 0., 1., 0., 1.,
           1., 1.],
          [0., 1., 0., 1., 1., 1., 1., 1., 1., 1., 1., 0., 0., 1., 1., 1., 0.,
           1., 0.],
          [0., 0., 0., 0., 1., 1., 1., 1., 1., 0., 1., 1., 0., 1., 0., 1., 0.,
           1., 1.],
          [0., 0., 0., 0., 0., 0., 0., 0., 1., 1., 0., 1., 1., 1., 1., 0., 1.,
           0., 1.],
          [1., 1., 0., 1., 0., 1., 0., 1., 0., 0., 1., 0., 1., 1., 1., 1., 1.,
           1., 1.],
          [1., 1., 1., 1., 0., 0., 1., 1., 1., 1., 1., 1., 1., 1., 0., 1., 0.,
           1., 1.],
          [0., 1., 0., 1., 1., 0., 1., 0., 1., 0., 0., 1., 1., 0., 1., 1., 1.,
           0., 0.],
          [0., 0., 0., 0., 0., 0., 0., 1., 0., 1., 1., 1., 0., 0., 0., 0., 1.,
           0., 0.],
          [0., 0., 0., 1., 0., 1., 0., 1., 0., 0., 1., 1., 1., 0., 1., 0., 0.,
           1., 1.],
          [1., 0., 1., 1., 1., 0., 0., 0., 0., 0., 0., 1., 0., 0., 0., 1., 0.,
           0., 1.],
          [0., 0., 0., 0., 0., 1., 1., 1., 0., 0., 0., 1., 0., 0., 1., 0., 1.,
           1., 1.],
          [0., 0., 0., 0., 0., 0., 0., 1., 0., 1., 0., 0., 0., 1., 1., 1., 1.,
           0., 1.],
          [0., 0., 1., 1., 1., 1., 1., 1., 1., 1., 0., 1., 1., 0., 1., 0., 0.,
           1., 0.],
          [0., 0., 0., 1., 0., 1., 0., 0., 0., 0., 1., 1., 0., 0., 1., 0., 0.,
           0., 1.],
          [1., 1., 0., 0., 1., 1., 1., 1., 0., 1., 0., 1., 0., 1., 1., 1., 1.,
           0., 1.],
          [0., 0., 0., 0., 1., 0., 0., 0., 1., 1., 1., 1., 0., 0., 1., 0., 0.,
           0., 1.],
          [1., 0., 1., 1., 1., 1., 1., 0., 1., 0., 0., 1., 0., 0., 0., 1., 1.,
           0., 1.],
          [1., 1., 1., 0., 0., 1., 1., 0., 0., 1., 0., 1., 1., 0., 0., 1., 1.,
           0., 1.],
          [0., 1., 0., 0., 0., 1., 1., 0., 1., 0., 0., 1., 1., 0., 1., 1., 0.,
           0., 1.]]]], device='cuda:0'), tensor([[0.4749]], device='cuda:0'))
2026-01-08 17:18:47 - INFO - [ 9.9854064e-01 -1.9787686e-02 -2.4560932e-04  7.7632298e-03
 -2.4561863e-04  7.7632261e-03  7.9351348e-01 -2.8388593e-01]
2026-01-08 17:18:47 - INFO - (tensor([[[[0., 1., 0., 0., 0., 1., 0., 0., 0., 1., 0., 0., 0., 0., 1., 0., 1.,
           1., 1.],
          [0., 1., 0., 1., 1., 1., 1., 1., 1., 1., 1., 0., 0., 1., 1., 1., 0.,
           1., 0.],
          [0., 0., 0., 0., 1., 1., 1., 1., 1., 0., 1., 1., 0., 1., 0., 1., 0.,
           1., 1.],
          [0., 0., 0., 0., 0., 0., 0., 0., 1., 1., 0., 1., 1., 1., 1., 0., 1.,
           0., 1.],
          [1., 1., 0., 1., 0., 1., 0., 1., 0., 0., 1., 0., 1., 1., 1., 1., 1.,
           1., 1.],
          [1., 1., 1., 1., 0., 0., 1., 1., 1., 1., 1., 1., 1., 1., 0., 1., 0.,
           1., 1.],
          [0., 1., 0., 1., 1., 0., 1., 0., 1., 0., 0., 1., 1., 0., 1., 1., 1.,
           0., 0.],
          [0., 0., 0., 0., 0., 0., 0., 1., 0., 1., 1., 1., 0., 0., 0., 0., 1.,
           0., 0.],
          [0., 0., 0., 1., 0., 1., 0., 1., 0., 0., 1., 1., 1., 0., 1., 0., 0.,
           1., 1.],
          [1., 0., 1., 1., 1., 0., 0., 0., 0., 0., 0., 1., 0., 0., 0., 1., 0.,
           0., 1.],
          [0., 0., 0., 0., 0., 1., 1., 1., 0., 0., 0., 1., 0., 0., 1., 0., 1.,
           1., 1.],
          [0., 0., 0., 0., 0., 0., 0., 1., 0., 1., 0., 0., 0., 1., 1., 1., 1.,
           0., 1.],
          [0., 0., 1., 1., 1., 1., 1., 1., 1., 1., 0., 1., 1., 0., 1., 0., 0.,
           1., 0.],
          [0., 0., 0., 1., 0., 1., 0., 0., 0., 0., 1., 1., 0., 0., 1., 0., 0.,
           0., 1.],
          [1., 1., 0., 0., 1., 1., 1., 1., 0., 1., 0., 1., 0., 1., 1., 1., 1.,
           0., 1.],
          [0., 0., 0., 0., 1., 0., 0., 0., 1., 1., 1., 1., 0., 0., 1., 0., 0.,
           0., 1.],
          [1., 0., 1., 1., 1., 1., 1., 0., 1., 0., 0., 1., 0., 0., 0., 1., 1.,
           0., 1.],
          [1., 1., 1., 0., 0., 1., 1., 0., 0., 1., 0., 1., 1., 0., 0., 1., 1.,
           0., 1.],
          [0., 1., 0., 0., 0., 1., 1., 0., 1., 0., 0., 1., 1., 0., 1., 1., 0.,
           0., 1.]]]], device='cuda:0'), tensor([[0.4783]], device='cuda:0'))
2026-01-08 17:18:47 - INFO - [ 9.9853367e-01 -1.9869249e-02 -2.3080502e-04  7.7935630e-03
 -2.3079943e-04  7.7935667e-03  7.9297817e-01 -2.8514111e-01]
2026-01-08 17:18:47 - INFO - (tensor([[[[0., 1., 0., 0., 0., 1., 0., 0., 0., 1., 0., 0., 0., 0., 1., 0., 1.,
           1., 1.],
          [0., 1., 0., 1., 1., 1., 1., 1., 1., 1., 1., 0., 0., 1., 1., 1., 0.,
           1., 0.],
          [0., 0., 0., 0., 1., 1., 1., 1., 1., 0., 1., 1., 0., 1., 0., 1., 0.,
           1., 1.],
          [0., 0., 0., 0., 0., 0., 0., 0., 1., 1., 0., 1., 1., 1., 1., 0., 1.,
           0., 1.],
          [1., 1., 0., 1., 0., 1., 0., 1., 0., 0., 1., 0., 1., 1., 1., 1., 1.,
           1., 1.],
          [1., 1., 1., 1., 0., 0., 1., 1., 1., 1., 1., 1., 1., 1., 0., 1., 0.,
           1., 1.],
          [0., 1., 0., 1., 1., 0., 1., 0., 1., 0., 0., 1., 1., 0., 1., 1., 1.,
           0., 0.],
          [0., 0., 0., 0., 0., 0., 0., 1., 0., 1., 1., 1., 0., 0., 0., 0., 1.,
           0., 0.],
          [0., 0., 0., 1., 0., 1., 0., 1., 0., 0., 1., 1., 1., 0., 1., 0., 0.,
           1., 1.],
          [1., 0., 1., 1., 1., 0., 0., 0., 0., 0., 0., 1., 0., 0., 0., 1., 0.,
           0., 1.],
          [0., 0., 0., 0., 0., 1., 1., 1., 0., 0., 0., 1., 0., 0., 1., 0., 1.,
           1., 1.],
          [0., 0., 0., 0., 0., 0., 0., 1., 0., 1., 0., 0., 0., 1., 1., 1., 1.,
           0., 1.],
          [0., 0., 1., 1., 1., 1., 1., 1., 1., 1., 0., 1., 1., 0., 1., 0., 0.,
           1., 0.],
          [0., 0., 0., 1., 0., 1., 0., 0., 0., 0., 1., 1., 0., 0., 1., 0., 0.,
           0., 1.],
          [1., 1., 0., 0., 1., 1., 1., 1., 0., 1., 0., 1., 0., 1., 1., 1., 1.,
           0., 1.],
          [0., 0., 0., 0., 1., 0., 0., 0., 1., 1., 1., 1., 0., 0., 1., 0., 0.,
           0., 1.],
          [1., 0., 1., 1., 1., 1., 1., 0., 1., 0., 0., 1., 0., 0., 0., 1., 1.,
           0., 1.],
          [1., 1., 1., 0., 0., 1., 1., 0., 0., 1., 0., 1., 1., 0., 0., 1., 1.,
           0., 1.],
          [0., 1., 0., 0., 0., 1., 1., 0., 1., 0., 0., 1., 1., 0., 1., 1., 0.,
           0., 1.]]]], device='cuda:0'), tensor([[0.4816]], device='cuda:0'))
2026-01-08 17:18:47 - INFO - [ 9.9852729e-01 -1.9956479e-02 -2.1580700e-04  7.8236321e-03
 -2.1580141e-04  7.8236284e-03  7.9246008e-01 -2.8630984e-01]
2026-01-08 17:18:47 - INFO - (tensor([[[[0., 1., 0., 0., 0., 1., 0., 0., 0., 1., 0., 0., 0., 0., 1., 0., 1.,
           1., 1.],
          [0., 1., 0., 1., 1., 1., 1., 1., 1., 1., 1., 0., 0., 1., 1., 1., 0.,
           1., 0.],
          [0., 0., 0., 0., 1., 1., 1., 1., 1., 0., 1., 1., 0., 1., 0., 1., 0.,
           1., 1.],
          [0., 0., 0., 0., 0., 0., 0., 0., 1., 1., 0., 1., 1., 1., 1., 0., 1.,
           0., 1.],
          [1., 1., 0., 1., 0., 1., 0., 1., 0., 0., 1., 0., 1., 1., 1., 1., 1.,
           1., 1.],
          [1., 1., 1., 1., 0., 0., 1., 1., 1., 1., 1., 1., 1., 1., 0., 1., 0.,
           1., 1.],
          [0., 1., 0., 1., 1., 0., 1., 0., 1., 0., 0., 1., 1., 0., 1., 1., 1.,
           0., 0.],
          [0., 0., 0., 0., 0., 0., 0., 1., 0., 1., 1., 1., 0., 0., 0., 0., 1.,
           0., 0.],
          [0., 0., 0., 1., 0., 1., 0., 1., 0., 0., 1., 1., 1., 0., 1., 0., 0.,
           1., 1.],
          [1., 0., 1., 1., 1., 0., 0., 0., 0., 0., 0., 1., 0., 0., 0., 1., 0.,
           0., 1.],
          [0., 0., 0., 0., 0., 1., 1., 1., 0., 0., 0., 1., 0., 0., 1., 0., 1.,
           1., 1.],
          [0., 0., 0., 0., 0., 0., 0., 1., 0., 1., 0., 0., 0., 1., 1., 1., 1.,
           0., 1.],
          [0., 0., 1., 1., 1., 1., 1., 1., 1., 1., 0., 1., 1., 0., 1., 0., 0.,
           1., 0.],
          [0., 0., 0., 1., 0., 1., 0., 0., 0., 0., 1., 1., 0., 0., 1., 0., 0.,
           0., 1.],
          [1., 1., 0., 0., 1., 1., 1., 1., 0., 1., 0., 1., 0., 1., 1., 1., 1.,
           0., 1.],
          [0., 0., 0., 0., 1., 0., 0., 0., 1., 1., 1., 1., 0., 0., 1., 0., 0.,
           0., 1.],
          [1., 0., 1., 1., 1., 1., 1., 0., 1., 0., 0., 1., 0., 0., 0., 1., 1.,
           0., 1.],
          [1., 1., 1., 0., 0., 1., 1., 0., 0., 1., 0., 1., 1., 0., 0., 1., 1.,
           0., 1.],
          [0., 1., 0., 0., 0., 1., 1., 0., 1., 0., 0., 1., 1., 0., 1., 1., 0.,
           0., 1.]]]], device='cuda:0'), tensor([[0.4849]], device='cuda:0'))
2026-01-08 17:18:47 - INFO - [ 9.9852055e-01 -2.0050297e-02 -2.0112190e-04  7.8550866e-03
 -2.0112377e-04  7.8550978e-03  7.9187375e-01 -2.8764871e-01]
2026-01-08 17:18:47 - INFO - (tensor([[[[0., 1., 0., 0., 0., 1., 0., 0., 0., 1., 0., 0., 0., 0., 1., 0., 1.,
           1., 1.],
          [0., 1., 0., 1., 1., 1., 1., 1., 1., 1., 1., 0., 0., 1., 1., 1., 0.,
           1., 0.],
          [0., 0., 0., 0., 1., 1., 1., 1., 1., 0., 1., 1., 0., 1., 0., 1., 0.,
           1., 1.],
          [0., 0., 0., 0., 0., 0., 0., 0., 1., 1., 0., 1., 1., 1., 1., 0., 1.,
           0., 1.],
          [1., 1., 0., 1., 0., 1., 0., 1., 0., 0., 1., 0., 1., 1., 1., 1., 1.,
           1., 1.],
          [1., 1., 1., 1., 0., 0., 1., 1., 1., 1., 1., 1., 1., 1., 0., 1., 0.,
           1., 1.],
          [0., 1., 0., 1., 1., 0., 1., 0., 1., 0., 0., 1., 1., 0., 1., 1., 1.,
           0., 0.],
          [0., 0., 0., 0., 0., 0., 0., 1., 0., 1., 1., 1., 0., 0., 0., 0., 1.,
           0., 0.],
          [0., 0., 0., 1., 0., 1., 0., 1., 0., 0., 1., 1., 1., 0., 1., 0., 0.,
           1., 1.],
          [1., 0., 1., 1., 1., 0., 0., 0., 0., 0., 0., 1., 0., 0., 0., 1., 0.,
           0., 1.],
          [0., 0., 0., 0., 0., 1., 1., 1., 0., 0., 0., 1., 0., 0., 1., 0., 1.,
           1., 1.],
          [0., 0., 0., 0., 0., 0., 0., 1., 0., 1., 0., 0., 0., 1., 1., 1., 1.,
           0., 1.],
          [0., 0., 1., 1., 1., 1., 1., 1., 1., 1., 0., 1., 1., 0., 1., 0., 0.,
           1., 0.],
          [0., 0., 0., 1., 0., 1., 0., 0., 0., 0., 1., 1., 0., 0., 1., 0., 0.,
           0., 1.],
          [1., 1., 0., 0., 1., 1., 1., 1., 0., 1., 0., 1., 0., 1., 1., 1., 1.,
           0., 1.],
          [0., 0., 0., 0., 1., 0., 0., 0., 1., 1., 1., 1., 0., 0., 1., 0., 0.,
           0., 1.],
          [1., 0., 1., 1., 1., 1., 1., 0., 1., 0., 0., 1., 0., 0., 0., 1., 1.,
           0., 1.],
          [1., 1., 1., 0., 0., 1., 1., 0., 0., 1., 0., 1., 1., 0., 0., 1., 1.,
           0., 1.],
          [0., 1., 0., 0., 0., 1., 1., 0., 1., 0., 0., 1., 1., 0., 1., 1., 0.,
           0., 1.]]]], device='cuda:0'), tensor([[0.4883]], device='cuda:0'))
2026-01-08 17:18:47 - INFO - [ 9.9851394e-01 -2.0166826e-02 -1.8106494e-04  7.8934394e-03
 -1.8105935e-04  7.8934468e-03  7.9127467e-01 -2.8904888e-01]
2026-01-08 17:18:47 - INFO - (tensor([[[[0., 1., 0., 0., 0., 1., 0., 0., 0., 1., 0., 0., 0., 0., 1., 0., 1.,
           1., 1.],
          [0., 1., 0., 1., 1., 1., 1., 1., 1., 1., 1., 0., 0., 1., 1., 1., 0.,
           1., 0.],
          [0., 0., 0., 0., 1., 1., 1., 1., 1., 0., 1., 1., 0., 1., 0., 1., 0.,
           1., 1.],
          [0., 0., 0., 0., 0., 0., 0., 0., 1., 1., 0., 1., 1., 1., 1., 0., 1.,
           0., 1.],
          [1., 1., 0., 1., 0., 1., 0., 1., 0., 0., 1., 0., 1., 1., 1., 1., 1.,
           1., 1.],
          [1., 1., 1., 1., 0., 0., 1., 1., 1., 1., 1., 1., 1., 1., 0., 1., 0.,
           1., 1.],
          [0., 1., 0., 1., 1., 0., 1., 0., 1., 0., 0., 1., 1., 0., 1., 1., 1.,
           0., 0.],
          [0., 0., 0., 0., 0., 0., 0., 1., 0., 1., 1., 1., 0., 0., 0., 0., 1.,
           0., 0.],
          [0., 0., 0., 1., 0., 1., 0., 1., 0., 0., 1., 1., 1., 0., 1., 0., 0.,
           1., 1.],
          [1., 0., 1., 1., 1., 0., 0., 0., 0., 0., 0., 1., 0., 0., 0., 1., 0.,
           0., 1.],
          [0., 0., 0., 0., 0., 1., 1., 1., 0., 0., 0., 1., 0., 0., 1., 0., 1.,
           1., 1.],
          [0., 0., 0., 0., 0., 0., 0., 1., 0., 1., 0., 0., 0., 1., 1., 1., 1.,
           0., 1.],
          [0., 0., 1., 1., 1., 1., 1., 1., 1., 1., 0., 1., 1., 0., 1., 0., 0.,
           1., 0.],
          [0., 0., 0., 1., 0., 1., 0., 0., 0., 0., 1., 1., 0., 0., 1., 0., 0.,
           0., 1.],
          [1., 1., 0., 0., 1., 1., 1., 1., 0., 1., 0., 1., 0., 1., 1., 1., 1.,
           0., 1.],
          [0., 0., 0., 0., 1., 0., 0., 0., 1., 1., 1., 1., 0., 0., 1., 0., 0.,
           0., 1.],
          [1., 0., 1., 1., 1., 1., 1., 0., 1., 0., 0., 1., 0., 0., 0., 1., 1.,
           0., 1.],
          [1., 1., 1., 0., 0., 1., 1., 0., 0., 1., 0., 1., 1., 0., 0., 1., 1.,
           0., 1.],
          [0., 1., 0., 0., 0., 1., 1., 0., 1., 0., 0., 1., 1., 0., 1., 1., 0.,
           0., 1.]]]], device='cuda:0'), tensor([[0.4916]], device='cuda:0'))
2026-01-08 17:18:47 - INFO - [ 9.9850816e-01 -2.0342754e-02 -1.4869962e-04  7.9495683e-03
 -1.4869403e-04  7.9495646e-03  7.9067510e-01 -2.9042503e-01]
2026-01-08 17:18:47 - INFO - (tensor([[[[0., 1., 0., 0., 0., 1., 0., 0., 0., 1., 0., 0., 0., 0., 1., 0., 1.,
           1., 1.],
          [0., 1., 0., 1., 1., 1., 1., 1., 1., 1., 1., 0., 0., 1., 1., 1., 0.,
           1., 0.],
          [0., 0., 0., 0., 1., 1., 1., 1., 1., 0., 1., 1., 0., 1., 0., 1., 0.,
           1., 1.],
          [0., 0., 0., 0., 0., 0., 0., 0., 1., 1., 0., 1., 1., 1., 1., 0., 1.,
           0., 1.],
          [1., 1., 0., 1., 0., 1., 0., 1., 0., 0., 1., 0., 1., 1., 1., 1., 1.,
           1., 1.],
          [1., 1., 1., 1., 0., 0., 1., 1., 1., 1., 1., 1., 1., 1., 0., 1., 0.,
           1., 1.],
          [0., 1., 0., 1., 1., 0., 1., 0., 1., 0., 0., 1., 1., 0., 1., 1., 1.,
           0., 0.],
          [0., 0., 0., 0., 0., 0., 0., 1., 0., 1., 1., 1., 0., 0., 0., 0., 1.,
           0., 0.],
          [0., 0., 0., 1., 0., 1., 0., 1., 0., 0., 1., 1., 1., 0., 1., 0., 0.,
           1., 1.],
          [1., 0., 1., 1., 1., 0., 0., 0., 0., 0., 0., 1., 0., 0., 0., 1., 0.,
           0., 1.],
          [0., 0., 0., 0., 0., 1., 1., 1., 0., 0., 0., 1., 0., 0., 1., 0., 1.,
           1., 1.],
          [0., 0., 0., 0., 0., 0., 0., 1., 0., 1., 0., 0., 0., 1., 1., 1., 1.,
           0., 1.],
          [0., 0., 1., 1., 1., 1., 1., 1., 1., 1., 0., 1., 1., 0., 1., 0., 0.,
           1., 0.],
          [0., 0., 0., 1., 0., 1., 0., 0., 0., 0., 1., 1., 0., 0., 1., 0., 0.,
           0., 1.],
          [1., 1., 0., 0., 1., 1., 1., 1., 0., 1., 0., 1., 0., 1., 1., 1., 1.,
           0., 1.],
          [0., 0., 0., 0., 1., 0., 0., 0., 1., 1., 1., 1., 0., 0., 1., 0., 0.,
           0., 1.],
          [1., 0., 1., 1., 1., 1., 1., 0., 1., 0., 0., 1., 0., 0., 0., 1., 1.,
           0., 1.],
          [1., 1., 1., 0., 0., 1., 1., 0., 0., 1., 0., 1., 1., 0., 0., 1., 1.,
           0., 1.],
          [0., 1., 0., 0., 0., 1., 1., 0., 1., 0., 0., 1., 1., 0., 1., 1., 0.,
           0., 1.]]]], device='cuda:0'), tensor([[0.4950]], device='cuda:0'))
2026-01-08 17:18:47 - INFO - [ 9.9850261e-01 -2.0515777e-02 -1.1468027e-04  8.0082417e-03
 -1.1468213e-04  8.0082491e-03  7.9003036e-01 -2.9192507e-01]
2026-01-08 17:18:47 - INFO - (tensor([[[[0., 1., 0., 0., 0., 1., 0., 0., 0., 1., 0., 0., 0., 0., 1., 0., 1.,
           1., 1.],
          [0., 1., 0., 1., 1., 1., 1., 1., 1., 1., 1., 0., 0., 1., 1., 1., 0.,
           1., 0.],
          [0., 0., 0., 0., 1., 1., 1., 1., 1., 0., 1., 1., 0., 1., 0., 1., 0.,
           1., 1.],
          [0., 0., 0., 0., 0., 0., 0., 0., 1., 1., 0., 1., 1., 1., 1., 0., 1.,
           0., 1.],
          [1., 1., 0., 1., 0., 1., 0., 1., 0., 0., 1., 0., 1., 1., 1., 1., 1.,
           1., 1.],
          [1., 1., 1., 1., 0., 0., 1., 1., 1., 1., 1., 1., 1., 1., 0., 1., 0.,
           1., 1.],
          [0., 1., 0., 1., 1., 0., 1., 0., 1., 0., 0., 1., 1., 0., 1., 1., 1.,
           0., 0.],
          [0., 0., 0., 0., 0., 0., 0., 1., 0., 1., 1., 1., 0., 0., 0., 0., 1.,
           0., 0.],
          [0., 0., 0., 1., 0., 1., 0., 1., 0., 0., 1., 1., 1., 0., 1., 0., 0.,
           1., 1.],
          [1., 0., 1., 1., 1., 0., 0., 0., 0., 0., 0., 1., 0., 0., 0., 1., 0.,
           0., 1.],
          [0., 0., 0., 0., 0., 1., 1., 1., 0., 0., 0., 1., 0., 0., 1., 0., 1.,
           1., 1.],
          [0., 0., 0., 0., 0., 0., 0., 1., 0., 1., 0., 0., 0., 1., 1., 1., 1.,
           0., 1.],
          [0., 0., 1., 1., 1., 1., 1., 1., 1., 1., 0., 1., 1., 0., 1., 0., 0.,
           1., 0.],
          [0., 0., 0., 1., 0., 1., 0., 0., 0., 0., 1., 1., 0., 0., 1., 0., 0.,
           0., 1.],
          [1., 1., 0., 0., 1., 1., 1., 1., 0., 1., 0., 1., 0., 1., 1., 1., 1.,
           0., 1.],
          [0., 0., 0., 0., 1., 0., 0., 0., 1., 1., 1., 1., 0., 0., 1., 0., 0.,
           0., 1.],
          [1., 0., 1., 1., 1., 1., 1., 0., 1., 0., 0., 1., 0., 0., 0., 1., 1.,
           0., 1.],
          [1., 1., 1., 0., 0., 1., 1., 0., 0., 1., 0., 1., 1., 0., 0., 1., 1.,
           0., 1.],
          [0., 1., 0., 0., 0., 1., 1., 0., 1., 0., 0., 1., 1., 0., 1., 1., 0.,
           0., 1.]]]], device='cuda:0'), tensor([[0.4983]], device='cuda:0'))
2026-01-08 17:18:47 - INFO - [ 9.9849808e-01 -2.0644689e-02 -9.3013979e-05  8.0461893e-03
 -9.3023293e-05  8.0461930e-03  7.8949809e-01 -2.9310927e-01]
2026-01-08 17:18:47 - INFO - (tensor([[[[0., 1., 0., 0., 0., 1., 0., 0., 0., 1., 0., 0., 0., 0., 1., 0., 1.,
           1., 1.],
          [0., 1., 0., 1., 1., 1., 1., 1., 1., 1., 1., 0., 0., 1., 1., 1., 0.,
           1., 0.],
          [0., 0., 0., 0., 1., 1., 1., 1., 1., 0., 1., 1., 0., 1., 0., 1., 0.,
           1., 1.],
          [0., 0., 0., 0., 0., 0., 0., 0., 1., 1., 0., 1., 1., 1., 1., 0., 1.,
           0., 1.],
          [1., 1., 0., 1., 0., 1., 0., 1., 0., 0., 1., 0., 1., 1., 1., 1., 1.,
           1., 1.],
          [1., 1., 1., 1., 0., 0., 1., 1., 1., 1., 1., 1., 1., 1., 0., 1., 0.,
           1., 1.],
          [0., 1., 0., 1., 1., 0., 1., 0., 1., 0., 0., 1., 1., 0., 1., 1., 1.,
           0., 0.],
          [0., 0., 0., 0., 0., 0., 0., 1., 0., 1., 1., 1., 0., 0., 0., 0., 1.,
           0., 0.],
          [0., 0., 0., 1., 0., 1., 0., 1., 0., 0., 1., 1., 1., 0., 1., 0., 0.,
           1., 1.],
          [1., 0., 1., 1., 1., 0., 0., 0., 0., 0., 0., 1., 0., 0., 0., 1., 0.,
           0., 1.],
          [0., 0., 0., 0., 0., 1., 1., 1., 0., 0., 0., 1., 0., 0., 1., 0., 1.,
           1., 1.],
          [0., 0., 0., 0., 0., 0., 0., 1., 0., 1., 0., 0., 0., 1., 1., 1., 1.,
           0., 1.],
          [0., 0., 1., 1., 1., 1., 1., 1., 1., 1., 0., 1., 1., 0., 1., 0., 0.,
           1., 0.],
          [0., 0., 0., 1., 0., 1., 0., 0., 0., 0., 1., 1., 0., 0., 1., 0., 0.,
           0., 1.],
          [1., 1., 0., 0., 1., 1., 1., 1., 0., 1., 0., 1., 0., 1., 1., 1., 1.,
           0., 1.],
          [0., 0., 0., 0., 1., 0., 0., 0., 1., 1., 1., 1., 0., 0., 1., 0., 0.,
           0., 1.],
          [1., 0., 1., 1., 1., 1., 1., 0., 1., 0., 0., 1., 0., 0., 0., 1., 1.,
           0., 1.],
          [1., 1., 1., 0., 0., 1., 1., 0., 0., 1., 0., 1., 1., 0., 0., 1., 1.,
           0., 1.],
          [0., 1., 0., 0., 0., 1., 1., 0., 1., 0., 0., 1., 1., 0., 1., 1., 0.,
           0., 1.]]]], device='cuda:0'), tensor([[0.5017]], device='cuda:0'))
2026-01-08 17:18:47 - INFO - [ 9.9849427e-01 -2.0768335e-02 -7.1474351e-05  8.0837822e-03
 -7.1483664e-05  8.0837896e-03  7.8899407e-01 -2.9423580e-01]
2026-01-08 17:18:47 - INFO - (tensor([[[[0., 1., 0., 0., 0., 1., 0., 0., 0., 1., 0., 0., 0., 0., 1., 0., 1.,
           1., 1.],
          [0., 1., 0., 1., 1., 1., 1., 1., 1., 1., 1., 0., 0., 1., 1., 1., 0.,
           1., 0.],
          [0., 0., 0., 0., 1., 1., 1., 1., 1., 0., 1., 1., 0., 1., 0., 1., 0.,
           1., 1.],
          [0., 0., 0., 0., 0., 0., 0., 0., 1., 1., 0., 1., 1., 1., 1., 0., 1.,
           0., 1.],
          [1., 1., 0., 1., 0., 1., 0., 1., 0., 0., 1., 0., 1., 1., 1., 1., 1.,
           1., 1.],
          [1., 1., 1., 1., 0., 0., 1., 1., 1., 1., 1., 1., 1., 1., 0., 1., 0.,
           1., 1.],
          [0., 1., 0., 1., 1., 0., 1., 0., 1., 0., 0., 1., 1., 0., 1., 1., 1.,
           0., 0.],
          [0., 0., 0., 0., 0., 0., 0., 1., 0., 1., 1., 1., 0., 0., 0., 0., 1.,
           0., 0.],
          [0., 0., 0., 1., 0., 1., 0., 1., 0., 0., 1., 1., 1., 0., 1., 0., 0.,
           1., 1.],
          [1., 0., 1., 1., 1., 0., 0., 0., 0., 0., 0., 1., 0., 0., 0., 1., 0.,
           0., 1.],
          [0., 0., 0., 0., 0., 1., 1., 1., 0., 0., 0., 1., 0., 0., 1., 0., 1.,
           1., 1.],
          [0., 0., 0., 0., 0., 0., 0., 1., 0., 1., 0., 0., 0., 1., 1., 1., 1.,
           0., 1.],
          [0., 0., 1., 1., 1., 1., 1., 1., 1., 1., 0., 1., 1., 0., 1., 0., 0.,
           1., 0.],
          [0., 0., 0., 1., 0., 1., 0., 0., 0., 0., 1., 1., 0., 0., 1., 0., 0.,
           0., 1.],
          [1., 1., 0., 0., 1., 1., 1., 1., 0., 1., 0., 1., 0., 1., 1., 1., 1.,
           0., 1.],
          [0., 0., 0., 0., 1., 0., 0., 0., 1., 1., 1., 1., 0., 0., 1., 0., 0.,
           0., 1.],
          [1., 0., 1., 1., 1., 1., 1., 0., 1., 0., 0., 1., 0., 0., 0., 1., 1.,
           0., 1.],
          [1., 1., 1., 0., 0., 1., 1., 0., 0., 1., 0., 1., 1., 0., 0., 1., 1.,
           0., 1.],
          [0., 1., 0., 0., 0., 1., 1., 0., 1., 0., 0., 1., 1., 0., 1., 1., 0.,
           0., 1.]]]], device='cuda:0'), tensor([[0.5050]], device='cuda:0'))
2026-01-08 17:18:47 - INFO - [ 9.9849087e-01 -2.0912709e-02 -4.5047142e-05  8.1304982e-03
 -4.5049004e-05  8.1304982e-03  7.8844714e-01 -2.9549426e-01]
2026-01-08 17:18:47 - INFO - (tensor([[[[0., 1., 0., 0., 0., 1., 0., 0., 0., 1., 0., 0., 0., 0., 1., 0., 1.,
           1., 1.],
          [0., 1., 0., 1., 1., 1., 1., 1., 1., 1., 1., 0., 0., 1., 1., 1., 0.,
           1., 0.],
          [0., 0., 0., 0., 1., 1., 1., 1., 1., 0., 1., 1., 0., 1., 0., 1., 0.,
           1., 1.],
          [0., 0., 0., 0., 0., 0., 0., 0., 1., 1., 0., 1., 1., 1., 1., 0., 1.,
           0., 1.],
          [1., 1., 0., 1., 0., 1., 0., 1., 0., 0., 1., 0., 1., 1., 1., 1., 1.,
           1., 1.],
          [1., 1., 1., 1., 0., 0., 1., 1., 1., 1., 1., 1., 1., 1., 0., 1., 0.,
           1., 1.],
          [0., 1., 0., 1., 1., 0., 1., 0., 1., 0., 0., 1., 1., 0., 1., 1., 1.,
           0., 0.],
          [0., 0., 0., 0., 0., 0., 0., 1., 0., 1., 1., 1., 0., 0., 0., 0., 1.,
           0., 0.],
          [0., 0., 0., 1., 0., 1., 0., 1., 0., 0., 1., 1., 1., 0., 1., 0., 0.,
           1., 1.],
          [1., 0., 1., 1., 1., 0., 0., 0., 0., 0., 0., 1., 0., 0., 0., 1., 0.,
           0., 1.],
          [0., 0., 0., 0., 0., 1., 1., 1., 0., 0., 0., 1., 0., 0., 1., 0., 1.,
           1., 1.],
          [0., 0., 0., 0., 0., 0., 0., 1., 0., 1., 0., 0., 0., 1., 1., 1., 1.,
           0., 1.],
          [0., 0., 1., 1., 1., 1., 1., 1., 1., 1., 0., 1., 1., 0., 1., 0., 0.,
           1., 0.],
          [0., 0., 0., 1., 0., 1., 0., 0., 0., 0., 1., 1., 0., 0., 1., 0., 0.,
           0., 1.],
          [1., 1., 0., 0., 1., 1., 1., 1., 0., 1., 0., 1., 0., 1., 1., 1., 1.,
           0., 1.],
          [0., 0., 0., 0., 1., 0., 0., 0., 1., 1., 1., 1., 0., 0., 1., 0., 0.,
           0., 1.],
          [1., 0., 1., 1., 1., 1., 1., 0., 1., 0., 0., 1., 0., 0., 0., 1., 1.,
           0., 1.],
          [1., 1., 1., 0., 0., 1., 1., 0., 0., 1., 0., 1., 1., 0., 0., 1., 1.,
           0., 1.],
          [0., 1., 0., 0., 0., 1., 1., 0., 1., 0., 0., 1., 1., 0., 1., 1., 0.,
           0., 1.]]]], device='cuda:0'), tensor([[0.5084]], device='cuda:0'))
2026-01-08 17:18:47 - INFO - [ 9.9848855e-01 -2.1105533e-02 -8.0028549e-06  8.1884852e-03
 -8.0270693e-06  8.1884814e-03  7.8784484e-01 -2.9697549e-01]
2026-01-08 17:18:47 - INFO - (tensor([[[[0., 1., 0., 0., 0., 1., 0., 0., 0., 1., 0., 0., 0., 0., 1., 0., 1.,
           1., 1.],
          [0., 1., 0., 1., 1., 1., 1., 1., 1., 1., 1., 0., 0., 1., 1., 1., 0.,
           1., 0.],
          [0., 0., 0., 0., 1., 1., 1., 1., 1., 0., 1., 1., 0., 1., 0., 1., 0.,
           1., 1.],
          [0., 0., 0., 0., 0., 0., 0., 0., 1., 1., 0., 1., 1., 1., 1., 0., 1.,
           0., 1.],
          [1., 1., 0., 1., 0., 1., 0., 1., 0., 0., 1., 0., 1., 1., 1., 1., 1.,
           1., 1.],
          [1., 1., 1., 1., 0., 0., 1., 1., 1., 1., 1., 1., 1., 1., 0., 1., 0.,
           1., 1.],
          [0., 1., 0., 1., 1., 0., 1., 0., 1., 0., 0., 1., 1., 0., 1., 1., 1.,
           0., 0.],
          [0., 0., 0., 0., 0., 0., 0., 1., 0., 1., 1., 1., 0., 0., 0., 0., 1.,
           0., 0.],
          [0., 0., 0., 1., 0., 1., 0., 1., 0., 0., 1., 1., 1., 0., 1., 0., 0.,
           1., 1.],
          [1., 0., 1., 1., 1., 0., 0., 0., 0., 0., 0., 1., 0., 0., 0., 1., 0.,
           0., 1.],
          [0., 0., 0., 0., 0., 1., 1., 1., 0., 0., 0., 1., 0., 0., 1., 0., 1.,
           1., 1.],
          [0., 0., 0., 0., 0., 0., 0., 1., 0., 1., 0., 0., 0., 1., 1., 1., 1.,
           0., 1.],
          [0., 0., 1., 1., 1., 1., 1., 1., 1., 1., 0., 1., 1., 0., 1., 0., 0.,
           1., 0.],
          [0., 0., 0., 1., 0., 1., 0., 0., 0., 0., 1., 1., 0., 0., 1., 0., 0.,
           0., 1.],
          [1., 1., 0., 0., 1., 1., 1., 1., 0., 1., 0., 1., 0., 1., 1., 1., 1.,
           0., 1.],
          [0., 0., 0., 0., 1., 0., 0., 0., 1., 1., 1., 1., 0., 0., 1., 0., 0.,
           0., 1.],
          [1., 0., 1., 1., 1., 1., 1., 0., 1., 0., 0., 1., 0., 0., 0., 1., 1.,
           0., 1.],
          [1., 1., 1., 0., 0., 1., 1., 0., 0., 1., 0., 1., 1., 0., 0., 1., 1.,
           0., 1.],
          [0., 1., 0., 0., 0., 1., 1., 0., 1., 0., 0., 1., 1., 0., 1., 1., 0.,
           0., 1.]]]], device='cuda:0'), tensor([[0.5117]], device='cuda:0'))
2026-01-08 17:18:47 - INFO - [ 9.9848598e-01 -2.1328656e-02  3.6015175e-05  8.2601923e-03
  3.6013313e-05  8.2601961e-03  7.8714406e-01 -2.9869291e-01]
2026-01-08 17:18:47 - INFO - (tensor([[[[0., 1., 0., 0., 0., 1., 0., 0., 0., 1., 0., 0., 0., 0., 1., 0., 1.,
           1., 1.],
          [0., 1., 0., 1., 1., 1., 1., 1., 1., 1., 1., 0., 0., 1., 1., 1., 0.,
           1., 0.],
          [0., 0., 0., 0., 1., 1., 1., 1., 1., 0., 1., 1., 0., 1., 0., 1., 0.,
           1., 1.],
          [0., 0., 0., 0., 0., 0., 0., 0., 1., 1., 0., 1., 1., 1., 1., 0., 1.,
           0., 1.],
          [1., 1., 0., 1., 0., 1., 0., 1., 0., 0., 1., 0., 1., 1., 1., 1., 1.,
           1., 1.],
          [1., 1., 1., 1., 0., 0., 1., 1., 1., 1., 1., 1., 1., 1., 0., 1., 0.,
           1., 1.],
          [0., 1., 0., 1., 1., 0., 1., 0., 1., 0., 0., 1., 1., 0., 1., 1., 1.,
           0., 0.],
          [0., 0., 0., 0., 0., 0., 0., 1., 0., 1., 1., 1., 0., 0., 0., 0., 1.,
           0., 0.],
          [0., 0., 0., 1., 0., 1., 0., 1., 0., 0., 1., 1., 1., 0., 1., 0., 0.,
           1., 1.],
          [1., 0., 1., 1., 1., 0., 0., 0., 0., 0., 0., 1., 0., 0., 0., 1., 0.,
           0., 1.],
          [0., 0., 0., 0., 0., 1., 1., 1., 0., 0., 0., 1., 0., 0., 1., 0., 1.,
           1., 1.],
          [0., 0., 0., 0., 0., 0., 0., 1., 0., 1., 0., 0., 0., 1., 1., 1., 1.,
           0., 1.],
          [0., 0., 1., 1., 1., 1., 1., 1., 1., 1., 0., 1., 1., 0., 1., 0., 0.,
           1., 0.],
          [0., 0., 0., 1., 0., 1., 0., 0., 0., 0., 1., 1., 0., 0., 1., 0., 0.,
           0., 1.],
          [1., 1., 0., 0., 1., 1., 1., 1., 0., 1., 0., 1., 0., 1., 1., 1., 1.,
           0., 1.],
          [0., 0., 0., 0., 1., 0., 0., 0., 1., 1., 1., 1., 0., 0., 1., 0., 0.,
           0., 1.],
          [1., 0., 1., 1., 1., 1., 1., 0., 1., 0., 0., 1., 0., 0., 0., 1., 1.,
           0., 1.],
          [1., 1., 1., 0., 0., 1., 1., 0., 0., 1., 0., 1., 1., 0., 0., 1., 1.,
           0., 1.],
          [0., 1., 0., 0., 0., 1., 1., 0., 1., 0., 0., 1., 1., 0., 1., 1., 0.,
           0., 1.]]]], device='cuda:0'), tensor([[0.5151]], device='cuda:0'))
2026-01-08 17:18:47 - INFO - [ 9.9848312e-01 -2.1575827e-02  8.5293315e-05  8.3429255e-03
  8.5291453e-05  8.3429292e-03  7.8637809e-01 -3.0058596e-01]
2026-01-08 17:18:47 - INFO - (tensor([[[[0., 1., 0., 0., 0., 1., 0., 0., 0., 1., 0., 0., 0., 0., 1., 0., 1.,
           1., 1.],
          [0., 1., 0., 1., 1., 1., 1., 1., 1., 1., 1., 0., 0., 1., 1., 1., 0.,
           1., 0.],
          [0., 0., 0., 0., 1., 1., 1., 1., 1., 0., 1., 1., 0., 1., 0., 1., 0.,
           1., 1.],
          [0., 0., 0., 0., 0., 0., 0., 0., 1., 1., 0., 1., 1., 1., 1., 0., 1.,
           0., 1.],
          [1., 1., 0., 1., 0., 1., 0., 1., 0., 0., 1., 0., 1., 1., 1., 1., 1.,
           1., 1.],
          [1., 1., 1., 1., 0., 0., 1., 1., 1., 1., 1., 1., 1., 1., 0., 1., 0.,
           1., 1.],
          [0., 1., 0., 1., 1., 0., 1., 0., 1., 0., 0., 1., 1., 0., 1., 1., 1.,
           0., 0.],
          [0., 0., 0., 0., 0., 0., 0., 1., 0., 1., 1., 1., 0., 0., 0., 0., 1.,
           0., 0.],
          [0., 0., 0., 1., 0., 1., 0., 1., 0., 0., 1., 1., 1., 0., 1., 0., 0.,
           1., 1.],
          [1., 0., 1., 1., 1., 0., 0., 0., 0., 0., 0., 1., 0., 0., 0., 1., 0.,
           0., 1.],
          [0., 0., 0., 0., 0., 1., 1., 1., 0., 0., 0., 1., 0., 0., 1., 0., 1.,
           1., 1.],
          [0., 0., 0., 0., 0., 0., 0., 1., 0., 1., 0., 0., 0., 1., 1., 1., 1.,
           0., 1.],
          [0., 0., 1., 1., 1., 1., 1., 1., 1., 1., 0., 1., 1., 0., 1., 0., 0.,
           1., 0.],
          [0., 0., 0., 1., 0., 1., 0., 0., 0., 0., 1., 1., 0., 0., 1., 0., 0.,
           0., 1.],
          [1., 1., 0., 0., 1., 1., 1., 1., 0., 1., 0., 1., 0., 1., 1., 1., 1.,
           0., 1.],
          [0., 0., 0., 0., 1., 0., 0., 0., 1., 1., 1., 1., 0., 0., 1., 0., 0.,
           0., 1.],
          [1., 0., 1., 1., 1., 1., 1., 0., 1., 0., 0., 1., 0., 0., 0., 1., 1.,
           0., 1.],
          [1., 1., 1., 0., 0., 1., 1., 0., 0., 1., 0., 1., 1., 0., 0., 1., 1.,
           0., 1.],
          [0., 1., 0., 0., 0., 1., 1., 0., 1., 0., 0., 1., 1., 0., 1., 1., 0.,
           0., 1.]]]], device='cuda:0'), tensor([[0.5184]], device='cuda:0'))
2026-01-08 17:18:47 - INFO - [ 9.9848050e-01 -2.1803807e-02  1.3065245e-04  8.4198248e-03
  1.3065059e-04  8.4198285e-03  7.8561914e-01 -3.0229458e-01]
2026-01-08 17:18:47 - INFO - (tensor([[[[0., 1., 0., 0., 0., 1., 0., 0., 0., 1., 0., 0., 0., 0., 1., 0., 1.,
           1., 1.],
          [0., 1., 0., 1., 1., 1., 1., 1., 1., 1., 1., 0., 0., 1., 1., 1., 0.,
           1., 0.],
          [0., 0., 0., 0., 1., 1., 1., 1., 1., 0., 1., 1., 0., 1., 0., 1., 0.,
           1., 1.],
          [0., 0., 0., 0., 0., 0., 0., 0., 1., 1., 0., 1., 1., 1., 1., 0., 1.,
           0., 1.],
          [1., 1., 0., 1., 0., 1., 0., 1., 0., 0., 1., 0., 1., 1., 1., 1., 1.,
           1., 1.],
          [1., 1., 1., 1., 0., 0., 1., 1., 1., 1., 1., 1., 1., 1., 0., 1., 0.,
           1., 1.],
          [0., 1., 0., 1., 1., 0., 1., 0., 1., 0., 0., 1., 1., 0., 1., 1., 1.,
           0., 0.],
          [0., 0., 0., 0., 0., 0., 0., 1., 0., 1., 1., 1., 0., 0., 0., 0., 1.,
           0., 0.],
          [0., 0., 0., 1., 0., 1., 0., 1., 0., 0., 1., 1., 1., 0., 1., 0., 0.,
           1., 1.],
          [1., 0., 1., 1., 1., 0., 0., 0., 0., 0., 0., 1., 0., 0., 0., 1., 0.,
           0., 1.],
          [0., 0., 0., 0., 0., 1., 1., 1., 0., 0., 0., 1., 0., 0., 1., 0., 1.,
           1., 1.],
          [0., 0., 0., 0., 0., 0., 0., 1., 0., 1., 0., 0., 0., 1., 1., 1., 1.,
           0., 1.],
          [0., 0., 1., 1., 1., 1., 1., 1., 1., 1., 0., 1., 1., 0., 1., 0., 0.,
           1., 0.],
          [0., 0., 0., 1., 0., 1., 0., 0., 0., 0., 1., 1., 0., 0., 1., 0., 0.,
           0., 1.],
          [1., 1., 0., 0., 1., 1., 1., 1., 0., 1., 0., 1., 0., 1., 1., 1., 1.,
           0., 1.],
          [0., 0., 0., 0., 1., 0., 0., 0., 1., 1., 1., 1., 0., 0., 1., 0., 0.,
           0., 1.],
          [1., 0., 1., 1., 1., 1., 1., 0., 1., 0., 0., 1., 0., 0., 0., 1., 1.,
           0., 1.],
          [1., 1., 1., 0., 0., 1., 1., 0., 0., 1., 0., 1., 1., 0., 0., 1., 1.,
           0., 1.],
          [0., 1., 0., 0., 0., 1., 1., 0., 1., 0., 0., 1., 1., 0., 1., 1., 0.,
           0., 1.]]]], device='cuda:0'), tensor([[0.5217]], device='cuda:0'))
2026-01-08 17:18:47 - INFO - [ 9.9848753e-01 -2.1978419e-02  1.6625132e-04  8.4911743e-03
  1.6624201e-04  8.4911780e-03  7.8501463e-01 -3.0327976e-01]
2026-01-08 17:18:47 - INFO - (tensor([[[[0., 1., 0., 0., 0., 1., 0., 0., 0., 1., 0., 0., 0., 0., 1., 0., 1.,
           1., 1.],
          [0., 1., 0., 1., 1., 1., 1., 1., 1., 1., 1., 0., 0., 1., 1., 1., 0.,
           1., 0.],
          [0., 0., 0., 0., 1., 1., 1., 1., 1., 0., 1., 1., 0., 1., 0., 1., 0.,
           1., 1.],
          [0., 0., 0., 0., 0., 0., 0., 0., 1., 1., 0., 1., 1., 1., 1., 0., 1.,
           0., 1.],
          [1., 1., 0., 1., 0., 1., 0., 1., 0., 0., 1., 0., 1., 1., 1., 1., 1.,
           1., 1.],
          [1., 1., 1., 1., 0., 0., 1., 1., 1., 1., 1., 1., 1., 1., 0., 1., 0.,
           1., 1.],
          [0., 1., 0., 1., 1., 0., 1., 0., 1., 0., 0., 1., 1., 0., 1., 1., 1.,
           0., 0.],
          [0., 0., 0., 0., 0., 0., 0., 1., 0., 1., 1., 1., 0., 0., 0., 0., 1.,
           0., 0.],
          [0., 0., 0., 1., 0., 1., 0., 1., 0., 0., 1., 1., 1., 0., 1., 0., 0.,
           1., 1.],
          [1., 0., 1., 1., 1., 0., 0., 0., 0., 0., 0., 1., 0., 0., 0., 1., 0.,
           0., 1.],
          [0., 0., 0., 0., 0., 1., 1., 1., 0., 0., 0., 1., 0., 0., 1., 0., 1.,
           1., 1.],
          [0., 0., 0., 0., 0., 0., 0., 1., 0., 1., 0., 0., 0., 1., 1., 1., 1.,
           0., 1.],
          [0., 0., 1., 1., 1., 1., 1., 1., 1., 1., 0., 1., 1., 0., 1., 0., 0.,
           1., 0.],
          [0., 0., 0., 1., 0., 1., 0., 0., 0., 0., 1., 1., 0., 0., 1., 0., 0.,
           0., 1.],
          [1., 1., 0., 0., 1., 1., 1., 1., 0., 1., 0., 1., 0., 1., 1., 1., 1.,
           0., 1.],
          [0., 0., 0., 0., 1., 0., 0., 0., 1., 1., 1., 1., 0., 0., 1., 0., 0.,
           0., 1.],
          [1., 0., 1., 1., 1., 1., 1., 0., 1., 0., 0., 1., 0., 0., 0., 1., 1.,
           0., 1.],
          [1., 1., 1., 0., 0., 1., 1., 0., 0., 1., 0., 1., 1., 0., 0., 1., 1.,
           0., 1.],
          [0., 1., 0., 0., 0., 1., 1., 0., 1., 0., 0., 1., 1., 0., 1., 1., 0.,
           0., 1.]]]], device='cuda:0'), tensor([[0.5251]], device='cuda:0'))
2026-01-08 17:18:47 - INFO - [ 9.9849522e-01 -2.2188490e-02  2.0787027e-04  8.5831601e-03
  2.0787586e-04  8.5831638e-03  7.8429389e-01 -3.0448350e-01]
2026-01-08 17:18:47 - INFO - (tensor([[[[0., 1., 0., 0., 0., 1., 0., 0., 0., 1., 0., 0., 0., 0., 1., 0., 1.,
           1., 1.],
          [0., 1., 0., 1., 1., 1., 1., 1., 1., 1., 1., 0., 0., 1., 1., 1., 0.,
           1., 0.],
          [0., 0., 0., 0., 1., 1., 1., 1., 1., 0., 1., 1., 0., 1., 0., 1., 0.,
           1., 1.],
          [0., 0., 0., 0., 0., 0., 0., 0., 1., 1., 0., 1., 1., 1., 1., 0., 1.,
           0., 1.],
          [1., 1., 0., 1., 0., 1., 0., 1., 0., 0., 1., 0., 1., 1., 1., 1., 1.,
           1., 1.],
          [1., 1., 1., 1., 0., 0., 1., 1., 1., 1., 1., 1., 1., 1., 0., 1., 0.,
           1., 1.],
          [0., 1., 0., 1., 1., 0., 1., 0., 1., 0., 0., 1., 1., 0., 1., 1., 1.,
           0., 0.],
          [0., 0., 0., 0., 0., 0., 0., 1., 0., 1., 1., 1., 0., 0., 0., 0., 1.,
           0., 0.],
          [0., 0., 0., 1., 0., 1., 0., 1., 0., 0., 1., 1., 1., 0., 1., 0., 0.,
           1., 1.],
          [1., 0., 1., 1., 1., 0., 0., 0., 0., 0., 0., 1., 0., 0., 0., 1., 0.,
           0., 1.],
          [0., 0., 0., 0., 0., 1., 1., 1., 0., 0., 0., 1., 0., 0., 1., 0., 1.,
           1., 1.],
          [0., 0., 0., 0., 0., 0., 0., 1., 0., 1., 0., 0., 0., 1., 1., 1., 1.,
           0., 1.],
          [0., 0., 1., 1., 1., 1., 1., 1., 1., 1., 0., 1., 1., 0., 1., 0., 0.,
           1., 0.],
          [0., 0., 0., 1., 0., 1., 0., 0., 0., 0., 1., 1., 0., 0., 1., 0., 0.,
           0., 1.],
          [1., 1., 0., 0., 1., 1., 1., 1., 0., 1., 0., 1., 0., 1., 1., 1., 1.,
           0., 1.],
          [0., 0., 0., 0., 1., 0., 0., 0., 1., 1., 1., 1., 0., 0., 1., 0., 0.,
           0., 1.],
          [1., 0., 1., 1., 1., 1., 1., 0., 1., 0., 0., 1., 0., 0., 0., 1., 1.,
           0., 1.],
          [1., 1., 1., 0., 0., 1., 1., 0., 0., 1., 0., 1., 1., 0., 0., 1., 1.,
           0., 1.],
          [0., 1., 0., 0., 0., 1., 1., 0., 1., 0., 0., 1., 1., 0., 1., 1., 0.,
           0., 1.]]]], device='cuda:0'), tensor([[0.5284]], device='cuda:0'))
2026-01-08 17:18:47 - INFO - [ 9.9850374e-01 -2.2404501e-02  2.5145616e-04  8.6805914e-03
  2.5146920e-04  8.6805802e-03  7.8356886e-01 -3.0569735e-01]
2026-01-08 17:18:47 - INFO - (tensor([[[[0., 1., 0., 0., 0., 1., 0., 0., 0., 1., 0., 0., 0., 0., 1., 0., 1.,
           1., 1.],
          [0., 1., 0., 1., 1., 1., 1., 1., 1., 1., 1., 0., 0., 1., 1., 1., 0.,
           1., 0.],
          [0., 0., 0., 0., 1., 1., 1., 1., 1., 0., 1., 1., 0., 1., 0., 1., 0.,
           1., 1.],
          [0., 0., 0., 0., 0., 0., 0., 0., 1., 1., 0., 1., 1., 1., 1., 0., 1.,
           0., 1.],
          [1., 1., 0., 1., 0., 1., 0., 1., 0., 0., 1., 0., 1., 1., 1., 1., 1.,
           1., 1.],
          [1., 1., 1., 1., 0., 0., 1., 1., 1., 1., 1., 1., 1., 1., 0., 1., 0.,
           1., 1.],
          [0., 1., 0., 1., 1., 0., 1., 0., 1., 0., 0., 1., 1., 0., 1., 1., 1.,
           0., 0.],
          [0., 0., 0., 0., 0., 0., 0., 1., 0., 1., 1., 1., 0., 0., 0., 0., 1.,
           0., 0.],
          [0., 0., 0., 1., 0., 1., 0., 1., 0., 0., 1., 1., 1., 0., 1., 0., 0.,
           1., 1.],
          [1., 0., 1., 1., 1., 0., 0., 0., 0., 0., 0., 1., 0., 0., 0., 1., 0.,
           0., 1.],
          [0., 0., 0., 0., 0., 1., 1., 1., 0., 0., 0., 1., 0., 0., 1., 0., 1.,
           1., 1.],
          [0., 0., 0., 0., 0., 0., 0., 1., 0., 1., 0., 0., 0., 1., 1., 1., 1.,
           0., 1.],
          [0., 0., 1., 1., 1., 1., 1., 1., 1., 1., 0., 1., 1., 0., 1., 0., 0.,
           1., 0.],
          [0., 0., 0., 1., 0., 1., 0., 0., 0., 0., 1., 1., 0., 0., 1., 0., 0.,
           0., 1.],
          [1., 1., 0., 0., 1., 1., 1., 1., 0., 1., 0., 1., 0., 1., 1., 1., 1.,
           0., 1.],
          [0., 0., 0., 0., 1., 0., 0., 0., 1., 1., 1., 1., 0., 0., 1., 0., 0.,
           0., 1.],
          [1., 0., 1., 1., 1., 1., 1., 0., 1., 0., 0., 1., 0., 0., 0., 1., 1.,
           0., 1.],
          [1., 1., 1., 0., 0., 1., 1., 0., 0., 1., 0., 1., 1., 0., 0., 1., 1.,
           0., 1.],
          [0., 1., 0., 0., 0., 1., 1., 0., 1., 0., 0., 1., 1., 0., 1., 1., 0.,
           0., 1.]]]], device='cuda:0'), tensor([[0.5318]], device='cuda:0'))
2026-01-08 17:18:47 - INFO - [ 9.9850374e-01 -2.2495195e-02  2.6214775e-04  8.6893598e-03
  2.6215333e-04  8.6893635e-03  7.8272784e-01 -3.0710569e-01]
2026-01-08 17:18:47 - INFO - (tensor([[[[0., 1., 0., 0., 0., 1., 0., 0., 0., 1., 0., 0., 0., 0., 1., 0., 1.,
           1., 1.],
          [0., 1., 0., 1., 1., 1., 1., 1., 1., 1., 1., 0., 0., 1., 1., 1., 0.,
           1., 0.],
          [0., 0., 0., 0., 1., 1., 1., 1., 1., 0., 1., 1., 0., 1., 0., 1., 0.,
           1., 1.],
          [0., 0., 0., 0., 0., 0., 0., 0., 1., 1., 0., 1., 1., 1., 1., 0., 1.,
           0., 1.],
          [1., 1., 0., 1., 0., 1., 0., 1., 0., 0., 1., 0., 1., 1., 1., 1., 1.,
           1., 1.],
          [1., 1., 1., 1., 0., 0., 1., 1., 1., 1., 1., 1., 1., 1., 0., 1., 0.,
           1., 1.],
          [0., 1., 0., 1., 1., 0., 1., 0., 1., 0., 0., 1., 1., 0., 1., 1., 1.,
           0., 0.],
          [0., 0., 0., 0., 0., 0., 0., 1., 0., 1., 1., 1., 0., 0., 0., 0., 1.,
           0., 0.],
          [0., 0., 0., 1., 0., 1., 0., 1., 0., 0., 1., 1., 1., 0., 1., 0., 0.,
           1., 1.],
          [1., 0., 1., 1., 1., 0., 0., 0., 0., 0., 0., 1., 0., 0., 0., 1., 0.,
           0., 1.],
          [0., 0., 0., 0., 0., 1., 1., 1., 0., 0., 0., 1., 0., 0., 1., 0., 1.,
           1., 1.],
          [0., 0., 0., 0., 0., 0., 0., 1., 0., 1., 0., 0., 0., 1., 1., 1., 1.,
           0., 1.],
          [0., 0., 1., 1., 1., 1., 1., 1., 1., 1., 0., 1., 1., 0., 1., 0., 0.,
           1., 0.],
          [0., 0., 0., 1., 0., 1., 0., 0., 0., 0., 1., 1., 0., 0., 1., 0., 0.,
           0., 1.],
          [1., 1., 0., 0., 1., 1., 1., 1., 0., 1., 0., 1., 0., 1., 1., 1., 1.,
           0., 1.],
          [0., 0., 0., 0., 1., 0., 0., 0., 1., 1., 1., 1., 0., 0., 1., 0., 0.,
           0., 1.],
          [1., 0., 1., 1., 1., 1., 1., 0., 1., 0., 0., 1., 0., 0., 0., 1., 1.,
           0., 1.],
          [1., 1., 1., 0., 0., 1., 1., 0., 0., 1., 0., 1., 1., 0., 0., 1., 1.,
           0., 1.],
          [0., 1., 0., 0., 0., 1., 1., 0., 1., 0., 0., 1., 1., 0., 1., 1., 0.,
           0., 1.]]]], device='cuda:0'), tensor([[0.5351]], device='cuda:0'))
2026-01-08 17:18:47 - INFO - [ 9.9849981e-01 -2.2527596e-02  2.5780406e-04  8.6572431e-03
  2.5780220e-04  8.6572506e-03  7.8185368e-01 -3.0853876e-01]
2026-01-08 17:18:47 - INFO - (tensor([[[[0., 1., 0., 0., 0., 1., 0., 0., 0., 1., 0., 0., 0., 0., 1., 0., 1.,
           1., 1.],
          [0., 1., 0., 1., 1., 1., 1., 1., 1., 1., 1., 0., 0., 1., 1., 1., 0.,
           1., 0.],
          [0., 0., 0., 0., 1., 1., 1., 1., 1., 0., 1., 1., 0., 1., 0., 1., 0.,
           1., 1.],
          [0., 0., 0., 0., 0., 0., 0., 0., 1., 1., 0., 1., 1., 1., 1., 0., 1.,
           0., 1.],
          [1., 1., 0., 1., 0., 1., 0., 1., 0., 0., 1., 0., 1., 1., 1., 1., 1.,
           1., 1.],
          [1., 1., 1., 1., 0., 0., 1., 1., 1., 1., 1., 1., 1., 1., 0., 1., 0.,
           1., 1.],
          [0., 1., 0., 1., 1., 0., 1., 0., 1., 0., 0., 1., 1., 0., 1., 1., 1.,
           0., 0.],
          [0., 0., 0., 0., 0., 0., 0., 1., 0., 1., 1., 1., 0., 0., 0., 0., 1.,
           0., 0.],
          [0., 0., 0., 1., 0., 1., 0., 1., 0., 0., 1., 1., 1., 0., 1., 0., 0.,
           1., 1.],
          [1., 0., 1., 1., 1., 0., 0., 0., 0., 0., 0., 1., 0., 0., 0., 1., 0.,
           0., 1.],
          [0., 0., 0., 0., 0., 1., 1., 1., 0., 0., 0., 1., 0., 0., 1., 0., 1.,
           1., 1.],
          [0., 0., 0., 0., 0., 0., 0., 1., 0., 1., 0., 0., 0., 1., 1., 1., 1.,
           0., 1.],
          [0., 0., 1., 1., 1., 1., 1., 1., 1., 1., 0., 1., 1., 0., 1., 0., 0.,
           1., 0.],
          [0., 0., 0., 1., 0., 1., 0., 0., 0., 0., 1., 1., 0., 0., 1., 0., 0.,
           0., 1.],
          [1., 1., 0., 0., 1., 1., 1., 1., 0., 1., 0., 1., 0., 1., 1., 1., 1.,
           0., 1.],
          [0., 0., 0., 0., 1., 0., 0., 0., 1., 1., 1., 1., 0., 0., 1., 0., 0.,
           0., 1.],
          [1., 0., 1., 1., 1., 1., 1., 0., 1., 0., 0., 1., 0., 0., 0., 1., 1.,
           0., 1.],
          [1., 1., 1., 0., 0., 1., 1., 0., 0., 1., 0., 1., 1., 0., 0., 1., 1.,
           0., 1.],
          [0., 1., 0., 0., 0., 1., 1., 0., 1., 0., 0., 1., 1., 0., 1., 1., 0.,
           0., 1.]]]], device='cuda:0'), tensor([[0.5385]], device='cuda:0'))
2026-01-08 17:18:47 - INFO - [ 9.9848825e-01 -2.2601446e-02  2.6741531e-04  8.6965198e-03
  2.6740599e-04  8.6965049e-03  7.8117800e-01 -3.1001976e-01]
2026-01-08 17:18:47 - INFO - (tensor([[[[0., 1., 0., 0., 0., 1., 0., 0., 0., 1., 0., 0., 0., 0., 1., 0., 1.,
           1., 1.],
          [0., 1., 0., 1., 1., 1., 1., 1., 1., 1., 1., 0., 0., 1., 1., 1., 0.,
           1., 0.],
          [0., 0., 0., 0., 1., 1., 1., 1., 1., 0., 1., 1., 0., 1., 0., 1., 0.,
           1., 1.],
          [0., 0., 0., 0., 0., 0., 0., 0., 1., 1., 0., 1., 1., 1., 1., 0., 1.,
           0., 1.],
          [1., 1., 0., 1., 0., 1., 0., 1., 0., 0., 1., 0., 1., 1., 1., 1., 1.,
           1., 1.],
          [1., 1., 1., 1., 0., 0., 1., 1., 1., 1., 1., 1., 1., 1., 0., 1., 0.,
           1., 1.],
          [0., 1., 0., 1., 1., 0., 1., 0., 1., 0., 0., 1., 1., 0., 1., 1., 1.,
           0., 0.],
          [0., 0., 0., 0., 0., 0., 0., 1., 0., 1., 1., 1., 0., 0., 0., 0., 1.,
           0., 0.],
          [0., 0., 0., 1., 0., 1., 0., 1., 0., 0., 1., 1., 1., 0., 1., 0., 0.,
           1., 1.],
          [1., 0., 1., 1., 1., 0., 0., 0., 0., 0., 0., 1., 0., 0., 0., 1., 0.,
           0., 1.],
          [0., 0., 0., 0., 0., 1., 1., 1., 0., 0., 0., 1., 0., 0., 1., 0., 1.,
           1., 1.],
          [0., 0., 0., 0., 0., 0., 0., 1., 0., 1., 0., 0., 0., 1., 1., 1., 1.,
           0., 1.],
          [0., 0., 1., 1., 1., 1., 1., 1., 1., 1., 0., 1., 1., 0., 1., 0., 0.,
           1., 0.],
          [0., 0., 0., 1., 0., 1., 0., 0., 0., 0., 1., 1., 0., 0., 1., 0., 0.,
           0., 1.],
          [1., 1., 0., 0., 1., 1., 1., 1., 0., 1., 0., 1., 0., 1., 1., 1., 1.,
           0., 1.],
          [0., 0., 0., 0., 1., 0., 0., 0., 1., 1., 1., 1., 0., 0., 1., 0., 0.,
           0., 1.],
          [1., 0., 1., 1., 1., 1., 1., 0., 1., 0., 0., 1., 0., 0., 0., 1., 1.,
           0., 1.],
          [1., 1., 1., 0., 0., 1., 1., 0., 0., 1., 0., 1., 1., 0., 0., 1., 1.,
           0., 1.],
          [0., 1., 0., 0., 0., 1., 1., 0., 1., 0., 0., 1., 1., 0., 1., 1., 0.,
           0., 1.]]]], device='cuda:0'), tensor([[0.5418]], device='cuda:0'))
2026-01-08 17:18:47 - INFO - [ 9.9847591e-01 -2.2619434e-02  2.6092585e-04  8.7048449e-03
  2.6093144e-04  8.7048486e-03  7.8051269e-01 -3.1148806e-01]
2026-01-08 17:18:47 - INFO - (tensor([[[[0., 1., 0., 0., 0., 1., 0., 0., 0., 1., 0., 0., 0., 0., 1., 0., 1.,
           1., 1.],
          [0., 1., 0., 1., 1., 1., 1., 1., 1., 1., 1., 0., 0., 1., 1., 1., 0.,
           1., 0.],
          [0., 0., 0., 0., 1., 1., 1., 1., 1., 0., 1., 1., 0., 1., 0., 1., 0.,
           1., 1.],
          [0., 0., 0., 0., 0., 0., 0., 0., 1., 1., 0., 1., 1., 1., 1., 0., 1.,
           0., 1.],
          [1., 1., 0., 1., 0., 1., 0., 1., 0., 0., 1., 0., 1., 1., 1., 1., 1.,
           1., 1.],
          [1., 1., 1., 1., 0., 0., 1., 1., 1., 1., 1., 1., 1., 1., 0., 1., 0.,
           1., 1.],
          [0., 1., 0., 1., 1., 0., 1., 0., 1., 0., 0., 1., 1., 0., 1., 1., 1.,
           0., 0.],
          [0., 0., 0., 0., 0., 0., 0., 1., 0., 1., 1., 1., 0., 0., 0., 0., 1.,
           0., 0.],
          [0., 0., 0., 1., 0., 1., 0., 1., 0., 0., 1., 1., 1., 0., 1., 0., 0.,
           1., 1.],
          [1., 0., 1., 1., 1., 0., 0., 0., 0., 0., 0., 1., 0., 0., 0., 1., 0.,
           0., 1.],
          [0., 0., 0., 0., 0., 1., 1., 1., 0., 0., 0., 1., 0., 0., 1., 0., 1.,
           1., 1.],
          [0., 0., 0., 0., 0., 0., 0., 1., 0., 1., 0., 0., 0., 1., 1., 1., 1.,
           0., 1.],
          [0., 0., 1., 1., 1., 1., 1., 1., 1., 1., 0., 1., 1., 0., 1., 0., 0.,
           1., 0.],
          [0., 0., 0., 1., 0., 1., 0., 0., 0., 0., 1., 1., 0., 0., 1., 0., 0.,
           0., 1.],
          [1., 1., 0., 0., 1., 1., 1., 1., 0., 1., 0., 1., 0., 1., 1., 1., 1.,
           0., 1.],
          [0., 0., 0., 0., 1., 0., 0., 0., 1., 1., 1., 1., 0., 0., 1., 0., 0.,
           0., 1.],
          [1., 0., 1., 1., 1., 1., 1., 0., 1., 0., 0., 1., 0., 0., 0., 1., 1.,
           0., 1.],
          [1., 1., 1., 0., 0., 1., 1., 0., 0., 1., 0., 1., 1., 0., 0., 1., 1.,
           0., 1.],
          [0., 1., 0., 0., 0., 1., 1., 0., 1., 0., 0., 1., 1., 0., 1., 1., 0.,
           0., 1.]]]], device='cuda:0'), tensor([[0.5452]], device='cuda:0'))
2026-01-08 17:18:47 - INFO - [ 9.9846405e-01 -2.2673000e-02  2.7158018e-04  8.7746140e-03
  2.7156342e-04  8.7746140e-03  7.7946395e-01 -3.1372696e-01]
2026-01-08 17:18:47 - INFO - (tensor([[[[0., 1., 0., 0., 0., 1., 0., 0., 0., 1., 0., 0., 0., 0., 1., 0., 1.,
           1., 1.],
          [0., 1., 0., 1., 1., 1., 1., 1., 1., 1., 1., 0., 0., 1., 1., 1., 0.,
           1., 0.],
          [0., 0., 0., 0., 1., 1., 1., 1., 1., 0., 1., 1., 0., 1., 0., 1., 0.,
           1., 1.],
          [0., 0., 0., 0., 0., 0., 0., 0., 1., 1., 0., 1., 1., 1., 1., 0., 1.,
           0., 1.],
          [1., 1., 0., 1., 0., 1., 0., 1., 0., 0., 1., 0., 1., 1., 1., 1., 1.,
           1., 1.],
          [1., 1., 1., 1., 0., 0., 1., 1., 1., 1., 1., 1., 1., 1., 0., 1., 0.,
           1., 1.],
          [0., 1., 0., 1., 1., 0., 1., 0., 1., 0., 0., 1., 1., 0., 1., 1., 1.,
           0., 0.],
          [0., 0., 0., 0., 0., 0., 0., 1., 0., 1., 1., 1., 0., 0., 0., 0., 1.,
           0., 0.],
          [0., 0., 0., 1., 0., 1., 0., 1., 0., 0., 1., 1., 1., 0., 1., 0., 0.,
           1., 1.],
          [1., 0., 1., 1., 1., 0., 0., 0., 0., 0., 0., 1., 0., 0., 0., 1., 0.,
           0., 1.],
          [0., 0., 0., 0., 0., 1., 1., 1., 0., 0., 0., 1., 0., 0., 1., 0., 1.,
           1., 1.],
          [0., 0., 0., 0., 0., 0., 0., 1., 0., 1., 0., 0., 0., 1., 1., 1., 1.,
           0., 1.],
          [0., 0., 1., 1., 1., 1., 1., 1., 1., 1., 0., 1., 1., 0., 1., 0., 0.,
           1., 0.],
          [0., 0., 0., 1., 0., 1., 0., 0., 0., 0., 1., 1., 0., 0., 1., 0., 0.,
           0., 1.],
          [1., 1., 0., 0., 1., 1., 1., 1., 0., 1., 0., 1., 0., 1., 1., 1., 1.,
           0., 1.],
          [0., 0., 0., 0., 1., 0., 0., 0., 1., 1., 1., 1., 0., 0., 1., 0., 0.,
           0., 1.],
          [1., 0., 1., 1., 1., 1., 1., 0., 1., 0., 0., 1., 0., 0., 0., 1., 1.,
           0., 1.],
          [1., 1., 1., 0., 0., 1., 1., 0., 0., 1., 0., 1., 1., 0., 0., 1., 1.,
           0., 1.],
          [0., 1., 0., 0., 0., 1., 1., 0., 1., 0., 0., 1., 1., 0., 1., 1., 0.,
           0., 1.]]]], device='cuda:0'), tensor([[0.5485]], device='cuda:0'))
2026-01-08 17:18:47 - INFO - [ 9.9845207e-01 -2.2731842e-02  2.9540714e-04  8.8980421e-03
  2.9541273e-04  8.8980384e-03  7.7827847e-01 -3.1625021e-01]
2026-01-08 17:18:47 - INFO - (tensor([[[[0., 1., 0., 0., 0., 1., 0., 0., 0., 1., 0., 0., 0., 0., 1., 0., 1.,
           1., 1.],
          [0., 1., 0., 1., 1., 1., 1., 1., 1., 1., 1., 0., 0., 1., 1., 1., 0.,
           1., 0.],
          [0., 0., 0., 0., 1., 1., 1., 1., 1., 0., 1., 1., 0., 1., 0., 1., 0.,
           1., 1.],
          [0., 0., 0., 0., 0., 0., 0., 0., 1., 1., 0., 1., 1., 1., 1., 0., 1.,
           0., 1.],
          [1., 1., 0., 1., 0., 1., 0., 1., 0., 0., 1., 0., 1., 1., 1., 1., 1.,
           1., 1.],
          [1., 1., 1., 1., 0., 0., 1., 1., 1., 1., 1., 1., 1., 1., 0., 1., 0.,
           1., 1.],
          [0., 1., 0., 1., 1., 0., 1., 0., 1., 0., 0., 1., 1., 0., 1., 1., 1.,
           0., 0.],
          [0., 0., 0., 0., 0., 0., 0., 1., 0., 1., 1., 1., 0., 0., 0., 0., 1.,
           0., 0.],
          [0., 0., 0., 1., 0., 1., 0., 1., 0., 0., 1., 1., 1., 0., 1., 0., 0.,
           1., 1.],
          [1., 0., 1., 1., 1., 0., 0., 0., 0., 0., 0., 1., 0., 0., 0., 1., 0.,
           0., 1.],
          [0., 0., 0., 0., 0., 1., 1., 1., 0., 0., 0., 1., 0., 0., 1., 0., 1.,
           1., 1.],
          [0., 0., 0., 0., 0., 0., 0., 1., 0., 1., 0., 0., 0., 1., 1., 1., 1.,
           0., 1.],
          [0., 0., 1., 1., 1., 1., 1., 1., 1., 1., 0., 1., 1., 0., 1., 0., 0.,
           1., 0.],
          [0., 0., 0., 1., 0., 1., 0., 0., 0., 0., 1., 1., 0., 0., 1., 0., 0.,
           0., 1.],
          [1., 1., 0., 0., 1., 1., 1., 1., 0., 1., 0., 1., 0., 1., 1., 1., 1.,
           0., 1.],
          [0., 0., 0., 0., 1., 0., 0., 0., 1., 1., 1., 1., 0., 0., 1., 0., 0.,
           0., 1.],
          [1., 0., 1., 1., 1., 1., 1., 0., 1., 0., 0., 1., 0., 0., 0., 1., 1.,
           0., 1.],
          [1., 1., 1., 0., 0., 1., 1., 0., 0., 1., 0., 1., 1., 0., 0., 1., 1.,
           0., 1.],
          [0., 1., 0., 0., 0., 1., 1., 0., 1., 0., 0., 1., 1., 0., 1., 1., 0.,
           0., 1.]]]], device='cuda:0'), tensor([[0.5518]], device='cuda:0'))
2026-01-08 17:18:47 - INFO - [ 9.9843723e-01 -2.2718577e-02  2.7535763e-04  8.8843862e-03
  2.7534831e-04  8.8843824e-03  7.7811587e-01 -3.1684962e-01]
2026-01-08 17:18:47 - INFO - (tensor([[[[0., 1., 0., 0., 0., 1., 0., 0., 0., 1., 0., 0., 0., 0., 1., 0., 1.,
           1., 1.],
          [0., 1., 0., 1., 1., 1., 1., 1., 1., 1., 1., 0., 0., 1., 1., 1., 0.,
           1., 0.],
          [0., 0., 0., 0., 1., 1., 1., 1., 1., 0., 1., 1., 0., 1., 0., 1., 0.,
           1., 1.],
          [0., 0., 0., 0., 0., 0., 0., 0., 1., 1., 0., 1., 1., 1., 1., 0., 1.,
           0., 1.],
          [1., 1., 0., 1., 0., 1., 0., 1., 0., 0., 1., 0., 1., 1., 1., 1., 1.,
           1., 1.],
          [1., 1., 1., 1., 0., 0., 1., 1., 1., 1., 1., 1., 1., 1., 0., 1., 0.,
           1., 1.],
          [0., 1., 0., 1., 1., 0., 1., 0., 1., 0., 0., 1., 1., 0., 1., 1., 1.,
           0., 0.],
          [0., 0., 0., 0., 0., 0., 0., 1., 0., 1., 1., 1., 0., 0., 0., 0., 1.,
           0., 0.],
          [0., 0., 0., 1., 0., 1., 0., 1., 0., 0., 1., 1., 1., 0., 1., 0., 0.,
           1., 1.],
          [1., 0., 1., 1., 1., 0., 0., 0., 0., 0., 0., 1., 0., 0., 0., 1., 0.,
           0., 1.],
          [0., 0., 0., 0., 0., 1., 1., 1., 0., 0., 0., 1., 0., 0., 1., 0., 1.,
           1., 1.],
          [0., 0., 0., 0., 0., 0., 0., 1., 0., 1., 0., 0., 0., 1., 1., 1., 1.,
           0., 1.],
          [0., 0., 1., 1., 1., 1., 1., 1., 1., 1., 0., 1., 1., 0., 1., 0., 0.,
           1., 0.],
          [0., 0., 0., 1., 0., 1., 0., 0., 0., 0., 1., 1., 0., 0., 1., 0., 0.,
           0., 1.],
          [1., 1., 0., 0., 1., 1., 1., 1., 0., 1., 0., 1., 0., 1., 1., 1., 1.,
           0., 1.],
          [0., 0., 0., 0., 1., 0., 0., 0., 1., 1., 1., 1., 0., 0., 1., 0., 0.,
           0., 1.],
          [1., 0., 1., 1., 1., 1., 1., 0., 1., 0., 0., 1., 0., 0., 0., 1., 1.,
           0., 1.],
          [1., 1., 1., 0., 0., 1., 1., 0., 0., 1., 0., 1., 1., 0., 0., 1., 1.,
           0., 1.],
          [0., 1., 0., 0., 0., 1., 1., 0., 1., 0., 0., 1., 1., 0., 1., 1., 0.,
           0., 1.]]]], device='cuda:0'), tensor([[0.5552]], device='cuda:0'))
2026-01-08 17:18:47 - INFO - [ 9.9842352e-01 -2.2695342e-02  2.5571790e-04  8.8738706e-03
  2.5573093e-04  8.8738669e-03  7.7800226e-01 -3.1739965e-01]
2026-01-08 17:18:47 - INFO - (tensor([[[[0., 1., 0., 0., 0., 1., 0., 0., 0., 1., 0., 0., 0., 0., 1., 0., 1.,
           1., 1.],
          [0., 1., 0., 1., 1., 1., 1., 1., 1., 1., 1., 0., 0., 1., 1., 1., 0.,
           1., 0.],
          [0., 0., 0., 0., 1., 1., 1., 1., 1., 0., 1., 1., 0., 1., 0., 1., 0.,
           1., 1.],
          [0., 0., 0., 0., 0., 0., 0., 0., 1., 1., 0., 1., 1., 1., 1., 0., 1.,
           0., 1.],
          [1., 1., 0., 1., 0., 1., 0., 1., 0., 0., 1., 0., 1., 1., 1., 1., 1.,
           1., 1.],
          [1., 1., 1., 1., 0., 0., 1., 1., 1., 1., 1., 1., 1., 1., 0., 1., 0.,
           1., 1.],
          [0., 1., 0., 1., 1., 0., 1., 0., 1., 0., 0., 1., 1., 0., 1., 1., 1.,
           0., 0.],
          [0., 0., 0., 0., 0., 0., 0., 1., 0., 1., 1., 1., 0., 0., 0., 0., 1.,
           0., 0.],
          [0., 0., 0., 1., 0., 1., 0., 1., 0., 0., 1., 1., 1., 0., 1., 0., 0.,
           1., 1.],
          [1., 0., 1., 1., 1., 0., 0., 0., 0., 0., 0., 1., 0., 0., 0., 1., 0.,
           0., 1.],
          [0., 0., 0., 0., 0., 1., 1., 1., 0., 0., 0., 1., 0., 0., 1., 0., 1.,
           1., 1.],
          [0., 0., 0., 0., 0., 0., 0., 1., 0., 1., 0., 0., 0., 1., 1., 1., 1.,
           0., 1.],
          [0., 0., 1., 1., 1., 1., 1., 1., 1., 1., 0., 1., 1., 0., 1., 0., 0.,
           1., 0.],
          [0., 0., 0., 1., 0., 1., 0., 0., 0., 0., 1., 1., 0., 0., 1., 0., 0.,
           0., 1.],
          [1., 1., 0., 0., 1., 1., 1., 1., 0., 1., 0., 1., 0., 1., 1., 1., 1.,
           0., 1.],
          [0., 0., 0., 0., 1., 0., 0., 0., 1., 1., 1., 1., 0., 0., 1., 0., 0.,
           0., 1.],
          [1., 0., 1., 1., 1., 1., 1., 0., 1., 0., 0., 1., 0., 0., 0., 1., 1.,
           0., 1.],
          [1., 1., 1., 0., 0., 1., 1., 0., 0., 1., 0., 1., 1., 0., 0., 1., 1.,
           0., 1.],
          [0., 1., 0., 0., 0., 1., 1., 0., 1., 0., 0., 1., 1., 0., 1., 1., 0.,
           0., 1.]]]], device='cuda:0'), tensor([[0.5585]], device='cuda:0'))
2026-01-08 17:18:47 - INFO - [ 9.9841428e-01 -2.2716915e-02  2.3980346e-04  8.9034615e-03
  2.3980159e-04  8.9034541e-03  7.7776068e-01 -3.1830761e-01]
2026-01-08 17:18:47 - INFO - (tensor([[[[0., 1., 0., 0., 0., 1., 0., 0., 0., 1., 0., 0., 0., 0., 1., 0., 1.,
           1., 1.],
          [0., 1., 0., 1., 1., 1., 1., 1., 1., 1., 1., 0., 0., 1., 1., 1., 0.,
           1., 0.],
          [0., 0., 0., 0., 1., 1., 1., 1., 1., 0., 1., 1., 0., 1., 0., 1., 0.,
           1., 1.],
          [0., 0., 0., 0., 0., 0., 0., 0., 1., 1., 0., 1., 1., 1., 1., 0., 1.,
           0., 1.],
          [1., 1., 0., 1., 0., 1., 0., 1., 0., 0., 1., 0., 1., 1., 1., 1., 1.,
           1., 1.],
          [1., 1., 1., 1., 0., 0., 1., 1., 1., 1., 1., 1., 1., 1., 0., 1., 0.,
           1., 1.],
          [0., 1., 0., 1., 1., 0., 1., 0., 1., 0., 0., 1., 1., 0., 1., 1., 1.,
           0., 0.],
          [0., 0., 0., 0., 0., 0., 0., 1., 0., 1., 1., 1., 0., 0., 0., 0., 1.,
           0., 0.],
          [0., 0., 0., 1., 0., 1., 0., 1., 0., 0., 1., 1., 1., 0., 1., 0., 0.,
           1., 1.],
          [1., 0., 1., 1., 1., 0., 0., 0., 0., 0., 0., 1., 0., 0., 0., 1., 0.,
           0., 1.],
          [0., 0., 0., 0., 0., 1., 1., 1., 0., 0., 0., 1., 0., 0., 1., 0., 1.,
           1., 1.],
          [0., 0., 0., 0., 0., 0., 0., 1., 0., 1., 0., 0., 0., 1., 1., 1., 1.,
           0., 1.],
          [0., 0., 1., 1., 1., 1., 1., 1., 1., 1., 0., 1., 1., 0., 1., 0., 0.,
           1., 0.],
          [0., 0., 0., 1., 0., 1., 0., 0., 0., 0., 1., 1., 0., 0., 1., 0., 0.,
           0., 1.],
          [1., 1., 0., 0., 1., 1., 1., 1., 0., 1., 0., 1., 0., 1., 1., 1., 1.,
           0., 1.],
          [0., 0., 0., 0., 1., 0., 0., 0., 1., 1., 1., 1., 0., 0., 1., 0., 0.,
           0., 1.],
          [1., 0., 1., 1., 1., 1., 1., 0., 1., 0., 0., 1., 0., 0., 0., 1., 1.,
           0., 1.],
          [1., 1., 1., 0., 0., 1., 1., 0., 0., 1., 0., 1., 1., 0., 0., 1., 1.,
           0., 1.],
          [0., 1., 0., 0., 0., 1., 1., 0., 1., 0., 0., 1., 1., 0., 1., 1., 0.,
           0., 1.]]]], device='cuda:0'), tensor([[0.5619]], device='cuda:0'))
2026-01-08 17:18:47 - INFO - [ 9.9841189e-01 -2.2766691e-02  2.3133960e-04  8.9827785e-03
  2.3133028e-04  8.9827748e-03  7.7753699e-01 -3.1948075e-01]
2026-01-08 17:18:47 - INFO - (tensor([[[[0., 1., 0., 0., 0., 1., 0., 0., 0., 1., 0., 0., 0., 0., 1., 0., 1.,
           1., 1.],
          [0., 1., 0., 1., 1., 1., 1., 1., 1., 1., 1., 0., 0., 1., 1., 1., 0.,
           1., 0.],
          [0., 0., 0., 0., 1., 1., 1., 1., 1., 0., 1., 1., 0., 1., 0., 1., 0.,
           1., 1.],
          [0., 0., 0., 0., 0., 0., 0., 0., 1., 1., 0., 1., 1., 1., 1., 0., 1.,
           0., 1.],
          [1., 1., 0., 1., 0., 1., 0., 1., 0., 0., 1., 0., 1., 1., 1., 1., 1.,
           1., 1.],
          [1., 1., 1., 1., 0., 0., 1., 1., 1., 1., 1., 1., 1., 1., 0., 1., 0.,
           1., 1.],
          [0., 1., 0., 1., 1., 0., 1., 0., 1., 0., 0., 1., 1., 0., 1., 1., 1.,
           0., 0.],
          [0., 0., 0., 0., 0., 0., 0., 1., 0., 1., 1., 1., 0., 0., 0., 0., 1.,
           0., 0.],
          [0., 0., 0., 1., 0., 1., 0., 1., 0., 0., 1., 1., 1., 0., 1., 0., 0.,
           1., 1.],
          [1., 0., 1., 1., 1., 0., 0., 0., 0., 0., 0., 1., 0., 0., 0., 1., 0.,
           0., 1.],
          [0., 0., 0., 0., 0., 1., 1., 1., 0., 0., 0., 1., 0., 0., 1., 0., 1.,
           1., 1.],
          [0., 0., 0., 0., 0., 0., 0., 1., 0., 1., 0., 0., 0., 1., 1., 1., 1.,
           0., 1.],
          [0., 0., 1., 1., 1., 1., 1., 1., 1., 1., 0., 1., 1., 0., 1., 0., 0.,
           1., 0.],
          [0., 0., 0., 1., 0., 1., 0., 0., 0., 0., 1., 1., 0., 0., 1., 0., 0.,
           0., 1.],
          [1., 1., 0., 0., 1., 1., 1., 1., 0., 1., 0., 1., 0., 1., 1., 1., 1.,
           0., 1.],
          [0., 0., 0., 0., 1., 0., 0., 0., 1., 1., 1., 1., 0., 0., 1., 0., 0.,
           0., 1.],
          [1., 0., 1., 1., 1., 1., 1., 0., 1., 0., 0., 1., 0., 0., 0., 1., 1.,
           0., 1.],
          [1., 1., 1., 0., 0., 1., 1., 0., 0., 1., 0., 1., 1., 0., 0., 1., 1.,
           0., 1.],
          [0., 1., 0., 0., 0., 1., 1., 0., 1., 0., 0., 1., 1., 0., 1., 1., 0.,
           0., 1.]]]], device='cuda:0'), tensor([[0.5652]], device='cuda:0'))
2026-01-08 17:18:47 - INFO - [ 9.9840921e-01 -2.2839433e-02  2.2679474e-04  9.0632867e-03
  2.2679288e-04  9.0632830e-03  7.7736646e-01 -3.2061899e-01]
2026-01-08 17:18:47 - INFO - (tensor([[[[0., 1., 0., 0., 0., 1., 0., 0., 0., 1., 0., 0., 0., 0., 1., 0., 1.,
           1., 1.],
          [0., 1., 0., 1., 1., 1., 1., 1., 1., 1., 1., 0., 0., 1., 1., 1., 0.,
           1., 0.],
          [0., 0., 0., 0., 1., 1., 1., 1., 1., 0., 1., 1., 0., 1., 0., 1., 0.,
           1., 1.],
          [0., 0., 0., 0., 0., 0., 0., 0., 1., 1., 0., 1., 1., 1., 1., 0., 1.,
           0., 1.],
          [1., 1., 0., 1., 0., 1., 0., 1., 0., 0., 1., 0., 1., 1., 1., 1., 1.,
           1., 1.],
          [1., 1., 1., 1., 0., 0., 1., 1., 1., 1., 1., 1., 1., 1., 0., 1., 0.,
           1., 1.],
          [0., 1., 0., 1., 1., 0., 1., 0., 1., 0., 0., 1., 1., 0., 1., 1., 1.,
           0., 0.],
          [0., 0., 0., 0., 0., 0., 0., 1., 0., 1., 1., 1., 0., 0., 0., 0., 1.,
           0., 0.],
          [0., 0., 0., 1., 0., 1., 0., 1., 0., 0., 1., 1., 1., 0., 1., 0., 0.,
           1., 1.],
          [1., 0., 1., 1., 1., 0., 0., 0., 0., 0., 0., 1., 0., 0., 0., 1., 0.,
           0., 1.],
          [0., 0., 0., 0., 0., 1., 1., 1., 0., 0., 0., 1., 0., 0., 1., 0., 1.,
           1., 1.],
          [0., 0., 0., 0., 0., 0., 0., 1., 0., 1., 0., 0., 0., 1., 1., 1., 1.,
           0., 1.],
          [0., 0., 1., 1., 1., 1., 1., 1., 1., 1., 0., 1., 1., 0., 1., 0., 0.,
           1., 0.],
          [0., 0., 0., 1., 0., 1., 0., 0., 0., 0., 1., 1., 0., 0., 1., 0., 0.,
           0., 1.],
          [1., 1., 0., 0., 1., 1., 1., 1., 0., 1., 0., 1., 0., 1., 1., 1., 1.,
           0., 1.],
          [0., 0., 0., 0., 1., 0., 0., 0., 1., 1., 1., 1., 0., 0., 1., 0., 0.,
           0., 1.],
          [1., 0., 1., 1., 1., 1., 1., 0., 1., 0., 0., 1., 0., 0., 0., 1., 1.,
           0., 1.],
          [1., 1., 1., 0., 0., 1., 1., 0., 0., 1., 0., 1., 1., 0., 0., 1., 1.,
           0., 1.],
          [0., 1., 0., 0., 0., 1., 1., 0., 1., 0., 0., 1., 1., 0., 1., 1., 0.,
           0., 1.]]]], device='cuda:0'), tensor([[0.5686]], device='cuda:0'))
2026-01-08 17:18:47 - INFO - [ 9.9840122e-01 -2.2973176e-02  2.4785753e-04  9.1098296e-03
  2.4784822e-04  9.1098370e-03  7.7692062e-01 -3.2167444e-01]
2026-01-08 17:18:47 - INFO - (tensor([[[[0., 1., 0., 0., 0., 1., 0., 0., 0., 1., 0., 0., 0., 0., 1., 0., 1.,
           1., 1.],
          [0., 1., 0., 1., 1., 1., 1., 1., 1., 1., 1., 0., 0., 1., 1., 1., 0.,
           1., 0.],
          [0., 0., 0., 0., 1., 1., 1., 1., 1., 0., 1., 1., 0., 1., 0., 1., 0.,
           1., 1.],
          [0., 0., 0., 0., 0., 0., 0., 0., 1., 1., 0., 1., 1., 1., 1., 0., 1.,
           0., 1.],
          [1., 1., 0., 1., 0., 1., 0., 1., 0., 0., 1., 0., 1., 1., 1., 1., 1.,
           1., 1.],
          [1., 1., 1., 1., 0., 0., 1., 1., 1., 1., 1., 1., 1., 1., 0., 1., 0.,
           1., 1.],
          [0., 1., 0., 1., 1., 0., 1., 0., 1., 0., 0., 1., 1., 0., 1., 1., 1.,
           0., 0.],
          [0., 0., 0., 0., 0., 0., 0., 1., 0., 1., 1., 1., 0., 0., 0., 0., 1.,
           0., 0.],
          [0., 0., 0., 1., 0., 1., 0., 1., 0., 0., 1., 1., 1., 0., 1., 0., 0.,
           1., 1.],
          [1., 0., 1., 1., 1., 0., 0., 0., 0., 0., 0., 1., 0., 0., 0., 1., 0.,
           0., 1.],
          [0., 0., 0., 0., 0., 1., 1., 1., 0., 0., 0., 1., 0., 0., 1., 0., 1.,
           1., 1.],
          [0., 0., 0., 0., 0., 0., 0., 1., 0., 1., 0., 0., 0., 1., 1., 1., 1.,
           0., 1.],
          [0., 0., 1., 1., 1., 1., 1., 1., 1., 1., 0., 1., 1., 0., 1., 0., 0.,
           1., 0.],
          [0., 0., 0., 1., 0., 1., 0., 0., 0., 0., 1., 1., 0., 0., 1., 0., 0.,
           0., 1.],
          [1., 1., 0., 0., 1., 1., 1., 1., 0., 1., 0., 1., 0., 1., 1., 1., 1.,
           0., 1.],
          [0., 0., 0., 0., 1., 0., 0., 0., 1., 1., 1., 1., 0., 0., 1., 0., 0.,
           0., 1.],
          [1., 0., 1., 1., 1., 1., 1., 0., 1., 0., 0., 1., 0., 0., 0., 1., 1.,
           0., 1.],
          [1., 1., 1., 0., 0., 1., 1., 0., 0., 1., 0., 1., 1., 0., 0., 1., 1.,
           0., 1.],
          [0., 1., 0., 0., 0., 1., 1., 0., 1., 0., 0., 1., 1., 0., 1., 1., 0.,
           0., 1.]]]], device='cuda:0'), tensor([[0.5719]], device='cuda:0'))
2026-01-08 17:18:47 - INFO - [ 9.9839467e-01 -2.3214022e-02  3.0042883e-04  9.2173293e-03
  3.0041952e-04  9.2173368e-03  7.7630222e-01 -3.2305640e-01]
2026-01-08 17:18:47 - INFO - (tensor([[[[0., 1., 0., 0., 0., 1., 0., 0., 0., 1., 0., 0., 0., 0., 1., 0., 1.,
           1., 1.],
          [0., 1., 0., 1., 1., 1., 1., 1., 1., 1., 1., 0., 0., 1., 1., 1., 0.,
           1., 0.],
          [0., 0., 0., 0., 1., 1., 1., 1., 1., 0., 1., 1., 0., 1., 0., 1., 0.,
           1., 1.],
          [0., 0., 0., 0., 0., 0., 0., 0., 1., 1., 0., 1., 1., 1., 1., 0., 1.,
           0., 1.],
          [1., 1., 0., 1., 0., 1., 0., 1., 0., 0., 1., 0., 1., 1., 1., 1., 1.,
           1., 1.],
          [1., 1., 1., 1., 0., 0., 1., 1., 1., 1., 1., 1., 1., 1., 0., 1., 0.,
           1., 1.],
          [0., 1., 0., 1., 1., 0., 1., 0., 1., 0., 0., 1., 1., 0., 1., 1., 1.,
           0., 0.],
          [0., 0., 0., 0., 0., 0., 0., 1., 0., 1., 1., 1., 0., 0., 0., 0., 1.,
           0., 0.],
          [0., 0., 0., 1., 0., 1., 0., 1., 0., 0., 1., 1., 1., 0., 1., 0., 0.,
           1., 1.],
          [1., 0., 1., 1., 1., 0., 0., 0., 0., 0., 0., 1., 0., 0., 0., 1., 0.,
           0., 1.],
          [0., 0., 0., 0., 0., 1., 1., 1., 0., 0., 0., 1., 0., 0., 1., 0., 1.,
           1., 1.],
          [0., 0., 0., 0., 0., 0., 0., 1., 0., 1., 0., 0., 0., 1., 1., 1., 1.,
           0., 1.],
          [0., 0., 1., 1., 1., 1., 1., 1., 1., 1., 0., 1., 1., 0., 1., 0., 0.,
           1., 0.],
          [0., 0., 0., 1., 0., 1., 0., 0., 0., 0., 1., 1., 0., 0., 1., 0., 0.,
           0., 1.],
          [1., 1., 0., 0., 1., 1., 1., 1., 0., 1., 0., 1., 0., 1., 1., 1., 1.,
           0., 1.],
          [0., 0., 0., 0., 1., 0., 0., 0., 1., 1., 1., 1., 0., 0., 1., 0., 0.,
           0., 1.],
          [1., 0., 1., 1., 1., 1., 1., 0., 1., 0., 0., 1., 0., 0., 0., 1., 1.,
           0., 1.],
          [1., 1., 1., 0., 0., 1., 1., 0., 0., 1., 0., 1., 1., 0., 0., 1., 1.,
           0., 1.],
          [0., 1., 0., 0., 0., 1., 1., 0., 1., 0., 0., 1., 1., 0., 1., 1., 0.,
           0., 1.]]]], device='cuda:0'), tensor([[0.5753]], device='cuda:0'))
2026-01-08 17:18:47 - INFO - [ 9.9838847e-01 -2.3449246e-02  3.5160687e-04  9.3233082e-03
  3.5160501e-04  9.3233082e-03  7.7569723e-01 -3.2439771e-01]
2026-01-08 17:18:47 - INFO - (tensor([[[[0., 1., 0., 0., 0., 1., 0., 0., 0., 1., 0., 0., 0., 0., 1., 0., 1.,
           1., 1.],
          [0., 1., 0., 1., 1., 1., 1., 1., 1., 1., 1., 0., 0., 1., 1., 1., 0.,
           1., 0.],
          [0., 0., 0., 0., 1., 1., 1., 1., 1., 0., 1., 1., 0., 1., 0., 1., 0.,
           1., 1.],
          [0., 0., 0., 0., 0., 0., 0., 0., 1., 1., 0., 1., 1., 1., 1., 0., 1.,
           0., 1.],
          [1., 1., 0., 1., 0., 1., 0., 1., 0., 0., 1., 0., 1., 1., 1., 1., 1.,
           1., 1.],
          [1., 1., 1., 1., 0., 0., 1., 1., 1., 1., 1., 1., 1., 1., 0., 1., 0.,
           1., 1.],
          [0., 1., 0., 1., 1., 0., 1., 0., 1., 0., 0., 1., 1., 0., 1., 1., 1.,
           0., 0.],
          [0., 0., 0., 0., 0., 0., 0., 1., 0., 1., 1., 1., 0., 0., 0., 0., 1.,
           0., 0.],
          [0., 0., 0., 1., 0., 1., 0., 1., 0., 0., 1., 1., 1., 0., 1., 0., 0.,
           1., 1.],
          [1., 0., 1., 1., 1., 0., 0., 0., 0., 0., 0., 1., 0., 0., 0., 1., 0.,
           0., 1.],
          [0., 0., 0., 0., 0., 1., 1., 1., 0., 0., 0., 1., 0., 0., 1., 0., 1.,
           1., 1.],
          [0., 0., 0., 0., 0., 0., 0., 1., 0., 1., 0., 0., 0., 1., 1., 1., 1.,
           0., 1.],
          [0., 0., 1., 1., 1., 1., 1., 1., 1., 1., 0., 1., 1., 0., 1., 0., 0.,
           1., 0.],
          [0., 0., 0., 1., 0., 1., 0., 0., 0., 0., 1., 1., 0., 0., 1., 0., 0.,
           0., 1.],
          [1., 1., 0., 0., 1., 1., 1., 1., 0., 1., 0., 1., 0., 1., 1., 1., 1.,
           0., 1.],
          [0., 0., 0., 0., 1., 0., 0., 0., 1., 1., 1., 1., 0., 0., 1., 0., 0.,
           0., 1.],
          [1., 0., 1., 1., 1., 1., 1., 0., 1., 0., 0., 1., 0., 0., 0., 1., 1.,
           0., 1.],
          [1., 1., 1., 0., 0., 1., 1., 0., 0., 1., 0., 1., 1., 0., 0., 1., 1.,
           0., 1.],
          [0., 1., 0., 0., 0., 1., 1., 0., 1., 0., 0., 1., 1., 0., 1., 1., 0.,
           0., 1.]]]], device='cuda:0'), tensor([[0.5786]], device='cuda:0'))
2026-01-08 17:18:47 - INFO - [ 9.9838275e-01 -2.3677561e-02  4.0162259e-04  9.4281361e-03
  4.0161327e-04  9.4281286e-03  7.7510136e-01 -3.2570478e-01]
2026-01-08 17:18:47 - INFO - (tensor([[[[0., 1., 0., 0., 0., 1., 0., 0., 0., 1., 0., 0., 0., 0., 1., 0., 1.,
           1., 1.],
          [0., 1., 0., 1., 1., 1., 1., 1., 1., 1., 1., 0., 0., 1., 1., 1., 0.,
           1., 0.],
          [0., 0., 0., 0., 1., 1., 1., 1., 1., 0., 1., 1., 0., 1., 0., 1., 0.,
           1., 1.],
          [0., 0., 0., 0., 0., 0., 0., 0., 1., 1., 0., 1., 1., 1., 1., 0., 1.,
           0., 1.],
          [1., 1., 0., 1., 0., 1., 0., 1., 0., 0., 1., 0., 1., 1., 1., 1., 1.,
           1., 1.],
          [1., 1., 1., 1., 0., 0., 1., 1., 1., 1., 1., 1., 1., 1., 0., 1., 0.,
           1., 1.],
          [0., 1., 0., 1., 1., 0., 1., 0., 1., 0., 0., 1., 1., 0., 1., 1., 1.,
           0., 0.],
          [0., 0., 0., 0., 0., 0., 0., 1., 0., 1., 1., 1., 0., 0., 0., 0., 1.,
           0., 0.],
          [0., 0., 0., 1., 0., 1., 0., 1., 0., 0., 1., 1., 1., 0., 1., 0., 0.,
           1., 1.],
          [1., 0., 1., 1., 1., 0., 0., 0., 0., 0., 0., 1., 0., 0., 0., 1., 0.,
           0., 1.],
          [0., 0., 0., 0., 0., 1., 1., 1., 0., 0., 0., 1., 0., 0., 1., 0., 1.,
           1., 1.],
          [0., 0., 0., 0., 0., 0., 0., 1., 0., 1., 0., 0., 0., 1., 1., 1., 1.,
           0., 1.],
          [0., 0., 1., 1., 1., 1., 1., 1., 1., 1., 0., 1., 1., 0., 1., 0., 0.,
           1., 0.],
          [0., 0., 0., 1., 0., 1., 0., 0., 0., 0., 1., 1., 0., 0., 1., 0., 0.,
           0., 1.],
          [1., 1., 0., 0., 1., 1., 1., 1., 0., 1., 0., 1., 0., 1., 1., 1., 1.,
           0., 1.],
          [0., 0., 0., 0., 1., 0., 0., 0., 1., 1., 1., 1., 0., 0., 1., 0., 0.,
           0., 1.],
          [1., 0., 1., 1., 1., 1., 1., 0., 1., 0., 0., 1., 0., 0., 0., 1., 1.,
           0., 1.],
          [1., 1., 1., 0., 0., 1., 1., 0., 0., 1., 0., 1., 1., 0., 0., 1., 1.,
           0., 1.],
          [0., 1., 0., 0., 0., 1., 1., 0., 1., 0., 0., 1., 1., 0., 1., 1., 0.,
           0., 1.]]]], device='cuda:0'), tensor([[0.5819]], device='cuda:0'))
2026-01-08 17:18:47 - INFO - [ 9.9837679e-01 -2.3900282e-02  4.5043134e-04  9.5308628e-03
  4.5044438e-04  9.5308777e-03  7.7451205e-01 -3.2697520e-01]
2026-01-08 17:18:47 - INFO - (tensor([[[[0., 1., 0., 0., 0., 1., 0., 0., 0., 1., 0., 0., 0., 0., 1., 0., 1.,
           1., 1.],
          [0., 1., 0., 1., 1., 1., 1., 1., 1., 1., 1., 0., 0., 1., 1., 1., 0.,
           1., 0.],
          [0., 0., 0., 0., 1., 1., 1., 1., 1., 0., 1., 1., 0., 1., 0., 1., 0.,
           1., 1.],
          [0., 0., 0., 0., 0., 0., 0., 0., 1., 1., 0., 1., 1., 1., 1., 0., 1.,
           0., 1.],
          [1., 1., 0., 1., 0., 1., 0., 1., 0., 0., 1., 0., 1., 1., 1., 1., 1.,
           1., 1.],
          [1., 1., 1., 1., 0., 0., 1., 1., 1., 1., 1., 1., 1., 1., 0., 1., 0.,
           1., 1.],
          [0., 1., 0., 1., 1., 0., 1., 0., 1., 0., 0., 1., 1., 0., 1., 1., 1.,
           0., 0.],
          [0., 0., 0., 0., 0., 0., 0., 1., 0., 1., 1., 1., 0., 0., 0., 0., 1.,
           0., 0.],
          [0., 0., 0., 1., 0., 1., 0., 1., 0., 0., 1., 1., 1., 0., 1., 0., 0.,
           1., 1.],
          [1., 0., 1., 1., 1., 0., 0., 0., 0., 0., 0., 1., 0., 0., 0., 1., 0.,
           0., 1.],
          [0., 0., 0., 0., 0., 1., 1., 1., 0., 0., 0., 1., 0., 0., 1., 0., 1.,
           1., 1.],
          [0., 0., 0., 0., 0., 0., 0., 1., 0., 1., 0., 0., 0., 1., 1., 1., 1.,
           0., 1.],
          [0., 0., 1., 1., 1., 1., 1., 1., 1., 1., 0., 1., 1., 0., 1., 0., 0.,
           1., 0.],
          [0., 0., 0., 1., 0., 1., 0., 0., 0., 0., 1., 1., 0., 0., 1., 0., 0.,
           0., 1.],
          [1., 1., 0., 0., 1., 1., 1., 1., 0., 1., 0., 1., 0., 1., 1., 1., 1.,
           0., 1.],
          [0., 0., 0., 0., 1., 0., 0., 0., 1., 1., 1., 1., 0., 0., 1., 0., 0.,
           0., 1.],
          [1., 0., 1., 1., 1., 1., 1., 0., 1., 0., 0., 1., 0., 0., 0., 1., 1.,
           0., 1.],
          [1., 1., 1., 0., 0., 1., 1., 0., 0., 1., 0., 1., 1., 0., 0., 1., 1.,
           0., 1.],
          [0., 1., 0., 0., 0., 1., 1., 0., 1., 0., 0., 1., 1., 0., 1., 1., 0.,
           0., 1.]]]], device='cuda:0'), tensor([[0.5853]], device='cuda:0'))
2026-01-08 17:18:47 - INFO - [ 9.9837190e-01 -2.4110945e-02  4.9746683e-04  9.6369013e-03
  4.9747241e-04  9.6369162e-03  7.7382636e-01 -3.2821691e-01]
2026-01-08 17:18:47 - INFO - (tensor([[[[0., 1., 0., 0., 0., 1., 0., 0., 0., 1., 0., 0., 0., 0., 1., 0., 1.,
           1., 1.],
          [0., 1., 0., 1., 1., 1., 1., 1., 1., 1., 1., 0., 0., 1., 1., 1., 0.,
           1., 0.],
          [0., 0., 0., 0., 1., 1., 1., 1., 1., 0., 1., 1., 0., 1., 0., 1., 0.,
           1., 1.],
          [0., 0., 0., 0., 0., 0., 0., 0., 1., 1., 0., 1., 1., 1., 1., 0., 1.,
           0., 1.],
          [1., 1., 0., 1., 0., 1., 0., 1., 0., 0., 1., 0., 1., 1., 1., 1., 1.,
           1., 1.],
          [1., 1., 1., 1., 0., 0., 1., 1., 1., 1., 1., 1., 1., 1., 0., 1., 0.,
           1., 1.],
          [0., 1., 0., 1., 1., 0., 1., 0., 1., 0., 0., 1., 1., 0., 1., 1., 1.,
           0., 0.],
          [0., 0., 0., 0., 0., 0., 0., 1., 0., 1., 1., 1., 0., 0., 0., 0., 1.,
           0., 0.],
          [0., 0., 0., 1., 0., 1., 0., 1., 0., 0., 1., 1., 1., 0., 1., 0., 0.,
           1., 1.],
          [1., 0., 1., 1., 1., 0., 0., 0., 0., 0., 0., 1., 0., 0., 0., 1., 0.,
           0., 1.],
          [0., 0., 0., 0., 0., 1., 1., 1., 0., 0., 0., 1., 0., 0., 1., 0., 1.,
           1., 1.],
          [0., 0., 0., 0., 0., 0., 0., 1., 0., 1., 0., 0., 0., 1., 1., 1., 1.,
           0., 1.],
          [0., 0., 1., 1., 1., 1., 1., 1., 1., 1., 0., 1., 1., 0., 1., 0., 0.,
           1., 0.],
          [0., 0., 0., 1., 0., 1., 0., 0., 0., 0., 1., 1., 0., 0., 1., 0., 0.,
           0., 1.],
          [1., 1., 0., 0., 1., 1., 1., 1., 0., 1., 0., 1., 0., 1., 1., 1., 1.,
           0., 1.],
          [0., 0., 0., 0., 1., 0., 0., 0., 1., 1., 1., 1., 0., 0., 1., 0., 0.,
           0., 1.],
          [1., 0., 1., 1., 1., 1., 1., 0., 1., 0., 0., 1., 0., 0., 0., 1., 1.,
           0., 1.],
          [1., 1., 1., 0., 0., 1., 1., 0., 0., 1., 0., 1., 1., 0., 0., 1., 1.,
           0., 1.],
          [0., 1., 0., 0., 0., 1., 1., 0., 1., 0., 0., 1., 1., 0., 1., 1., 0.,
           0., 1.]]]], device='cuda:0'), tensor([[0.5886]], device='cuda:0'))
2026-01-08 17:18:47 - INFO - [ 9.9836785e-01 -2.4314621e-02  5.4400315e-04  9.7434493e-03
  5.4401619e-04  9.7434456e-03  7.7317953e-01 -3.2941705e-01]
2026-01-08 17:18:47 - INFO - (tensor([[[[0., 1., 0., 0., 0., 1., 0., 0., 0., 1., 0., 0., 0., 0., 1., 0., 1.,
           1., 1.],
          [0., 1., 0., 1., 1., 1., 1., 1., 1., 1., 1., 0., 0., 1., 1., 1., 0.,
           1., 0.],
          [0., 0., 0., 0., 1., 1., 1., 1., 1., 0., 1., 1., 0., 1., 0., 1., 0.,
           1., 1.],
          [0., 0., 0., 0., 0., 0., 0., 0., 1., 1., 0., 1., 1., 1., 1., 0., 1.,
           0., 1.],
          [1., 1., 0., 1., 0., 1., 0., 1., 0., 0., 1., 0., 1., 1., 1., 1., 1.,
           1., 1.],
          [1., 1., 1., 1., 0., 0., 1., 1., 1., 1., 1., 1., 1., 1., 0., 1., 0.,
           1., 1.],
          [0., 1., 0., 1., 1., 0., 1., 0., 1., 0., 0., 1., 1., 0., 1., 1., 1.,
           0., 0.],
          [0., 0., 0., 0., 0., 0., 0., 1., 0., 1., 1., 1., 0., 0., 0., 0., 1.,
           0., 0.],
          [0., 0., 0., 1., 0., 1., 0., 1., 0., 0., 1., 1., 1., 0., 1., 0., 0.,
           1., 1.],
          [1., 0., 1., 1., 1., 0., 0., 0., 0., 0., 0., 1., 0., 0., 0., 1., 0.,
           0., 1.],
          [0., 0., 0., 0., 0., 1., 1., 1., 0., 0., 0., 1., 0., 0., 1., 0., 1.,
           1., 1.],
          [0., 0., 0., 0., 0., 0., 0., 1., 0., 1., 0., 0., 0., 1., 1., 1., 1.,
           0., 1.],
          [0., 0., 1., 1., 1., 1., 1., 1., 1., 1., 0., 1., 1., 0., 1., 0., 0.,
           1., 0.],
          [0., 0., 0., 1., 0., 1., 0., 0., 0., 0., 1., 1., 0., 0., 1., 0., 0.,
           0., 1.],
          [1., 1., 0., 0., 1., 1., 1., 1., 0., 1., 0., 1., 0., 1., 1., 1., 1.,
           0., 1.],
          [0., 0., 0., 0., 1., 0., 0., 0., 1., 1., 1., 1., 0., 0., 1., 0., 0.,
           0., 1.],
          [1., 0., 1., 1., 1., 1., 1., 0., 1., 0., 0., 1., 0., 0., 0., 1., 1.,
           0., 1.],
          [1., 1., 1., 0., 0., 1., 1., 0., 0., 1., 0., 1., 1., 0., 0., 1., 1.,
           0., 1.],
          [0., 1., 0., 0., 0., 1., 1., 0., 1., 0., 0., 1., 1., 0., 1., 1., 0.,
           0., 1.]]]], device='cuda:0'), tensor([[0.5920]], device='cuda:0'))
2026-01-08 17:18:47 - INFO - [ 9.9836415e-01 -2.4504688e-02  5.8792433e-04  9.8424731e-03
  5.8792991e-04  9.8424656e-03  7.7259636e-01 -3.3053392e-01]
2026-01-08 17:18:47 - INFO - (tensor([[[[0., 1., 0., 0., 0., 1., 0., 0., 0., 1., 0., 0., 0., 0., 1., 0., 1.,
           1., 1.],
          [0., 1., 0., 1., 1., 1., 1., 1., 1., 1., 1., 0., 0., 1., 1., 1., 0.,
           1., 0.],
          [0., 0., 0., 0., 1., 1., 1., 1., 1., 0., 1., 1., 0., 1., 0., 1., 0.,
           1., 1.],
          [0., 0., 0., 0., 0., 0., 0., 0., 1., 1., 0., 1., 1., 1., 1., 0., 1.,
           0., 1.],
          [1., 1., 0., 1., 0., 1., 0., 1., 0., 0., 1., 0., 1., 1., 1., 1., 1.,
           1., 1.],
          [1., 1., 1., 1., 0., 0., 1., 1., 1., 1., 1., 1., 1., 1., 0., 1., 0.,
           1., 1.],
          [0., 1., 0., 1., 1., 0., 1., 0., 1., 0., 0., 1., 1., 0., 1., 1., 1.,
           0., 0.],
          [0., 0., 0., 0., 0., 0., 0., 1., 0., 1., 1., 1., 0., 0., 0., 0., 1.,
           0., 0.],
          [0., 0., 0., 1., 0., 1., 0., 1., 0., 0., 1., 1., 1., 0., 1., 0., 0.,
           1., 1.],
          [1., 0., 1., 1., 1., 0., 0., 0., 0., 0., 0., 1., 0., 0., 0., 1., 0.,
           0., 1.],
          [0., 0., 0., 0., 0., 1., 1., 1., 0., 0., 0., 1., 0., 0., 1., 0., 1.,
           1., 1.],
          [0., 0., 0., 0., 0., 0., 0., 1., 0., 1., 0., 0., 0., 1., 1., 1., 1.,
           0., 1.],
          [0., 0., 1., 1., 1., 1., 1., 1., 1., 1., 0., 1., 1., 0., 1., 0., 0.,
           1., 0.],
          [0., 0., 0., 1., 0., 1., 0., 0., 0., 0., 1., 1., 0., 0., 1., 0., 0.,
           0., 1.],
          [1., 1., 0., 0., 1., 1., 1., 1., 0., 1., 0., 1., 0., 1., 1., 1., 1.,
           0., 1.],
          [0., 0., 0., 0., 1., 0., 0., 0., 1., 1., 1., 1., 0., 0., 1., 0., 0.,
           0., 1.],
          [1., 0., 1., 1., 1., 1., 1., 0., 1., 0., 0., 1., 0., 0., 0., 1., 1.,
           0., 1.],
          [1., 1., 1., 0., 0., 1., 1., 0., 0., 1., 0., 1., 1., 0., 0., 1., 1.,
           0., 1.],
          [0., 1., 0., 0., 0., 1., 1., 0., 1., 0., 0., 1., 1., 0., 1., 1., 0.,
           0., 1.]]]], device='cuda:0'), tensor([[0.5953]], device='cuda:0'))
2026-01-08 17:18:47 - INFO - [ 9.9836141e-01 -2.4678765e-02  6.2876096e-04  9.9324854e-03
  6.2876655e-04  9.9324891e-03  7.7208722e-01 -3.3155283e-01]
2026-01-08 17:18:47 - INFO - (tensor([[[[0., 1., 0., 0., 0., 1., 0., 0., 0., 1., 0., 0., 0., 0., 1., 0., 1.,
           1., 1.],
          [0., 1., 0., 1., 1., 1., 1., 1., 1., 1., 1., 0., 0., 1., 1., 1., 0.,
           1., 0.],
          [0., 0., 0., 0., 1., 1., 1., 1., 1., 0., 1., 1., 0., 1., 0., 1., 0.,
           1., 1.],
          [0., 0., 0., 0., 0., 0., 0., 0., 1., 1., 0., 1., 1., 1., 1., 0., 1.,
           0., 1.],
          [1., 1., 0., 1., 0., 1., 0., 1., 0., 0., 1., 0., 1., 1., 1., 1., 1.,
           1., 1.],
          [1., 1., 1., 1., 0., 0., 1., 1., 1., 1., 1., 1., 1., 1., 0., 1., 0.,
           1., 1.],
          [0., 1., 0., 1., 1., 0., 1., 0., 1., 0., 0., 1., 1., 0., 1., 1., 1.,
           0., 0.],
          [0., 0., 0., 0., 0., 0., 0., 1., 0., 1., 1., 1., 0., 0., 0., 0., 1.,
           0., 0.],
          [0., 0., 0., 1., 0., 1., 0., 1., 0., 0., 1., 1., 1., 0., 1., 0., 0.,
           1., 1.],
          [1., 0., 1., 1., 1., 0., 0., 0., 0., 0., 0., 1., 0., 0., 0., 1., 0.,
           0., 1.],
          [0., 0., 0., 0., 0., 1., 1., 1., 0., 0., 0., 1., 0., 0., 1., 0., 1.,
           1., 1.],
          [0., 0., 0., 0., 0., 0., 0., 1., 0., 1., 0., 0., 0., 1., 1., 1., 1.,
           0., 1.],
          [0., 0., 1., 1., 1., 1., 1., 1., 1., 1., 0., 1., 1., 0., 1., 0., 0.,
           1., 0.],
          [0., 0., 0., 1., 0., 1., 0., 0., 0., 0., 1., 1., 0., 0., 1., 0., 0.,
           0., 1.],
          [1., 1., 0., 0., 1., 1., 1., 1., 0., 1., 0., 1., 0., 1., 1., 1., 1.,
           0., 1.],
          [0., 0., 0., 0., 1., 0., 0., 0., 1., 1., 1., 1., 0., 0., 1., 0., 0.,
           0., 1.],
          [1., 0., 1., 1., 1., 1., 1., 0., 1., 0., 0., 1., 0., 0., 0., 1., 1.,
           0., 1.],
          [1., 1., 1., 0., 0., 1., 1., 0., 0., 1., 0., 1., 1., 0., 0., 1., 1.,
           0., 1.],
          [0., 1., 0., 0., 0., 1., 1., 0., 1., 0., 0., 1., 1., 0., 1., 1., 0.,
           0., 1.]]]], device='cuda:0'), tensor([[0.5987]], device='cuda:0'))
2026-01-08 17:18:47 - INFO - [ 9.9835885e-01 -2.4854057e-02  6.6974654e-04  1.0025117e-02
  6.6974468e-04  1.0025113e-02  7.7153844e-01 -3.3262682e-01]
2026-01-08 17:18:47 - INFO - (tensor([[[[0., 1., 0., 0., 0., 1., 0., 0., 0., 1., 0., 0., 0., 0., 1., 0., 1.,
           1., 1.],
          [0., 1., 0., 1., 1., 1., 1., 1., 1., 1., 1., 0., 0., 1., 1., 1., 0.,
           1., 0.],
          [0., 0., 0., 0., 1., 1., 1., 1., 1., 0., 1., 1., 0., 1., 0., 1., 0.,
           1., 1.],
          [0., 0., 0., 0., 0., 0., 0., 0., 1., 1., 0., 1., 1., 1., 1., 0., 1.,
           0., 1.],
          [1., 1., 0., 1., 0., 1., 0., 1., 0., 0., 1., 0., 1., 1., 1., 1., 1.,
           1., 1.],
          [1., 1., 1., 1., 0., 0., 1., 1., 1., 1., 1., 1., 1., 1., 0., 1., 0.,
           1., 1.],
          [0., 1., 0., 1., 1., 0., 1., 0., 1., 0., 0., 1., 1., 0., 1., 1., 1.,
           0., 0.],
          [0., 0., 0., 0., 0., 0., 0., 1., 0., 1., 1., 1., 0., 0., 0., 0., 1.,
           0., 0.],
          [0., 0., 0., 1., 0., 1., 0., 1., 0., 0., 1., 1., 1., 0., 1., 0., 0.,
           1., 1.],
          [1., 0., 1., 1., 1., 0., 0., 0., 0., 0., 0., 1., 0., 0., 0., 1., 0.,
           0., 1.],
          [0., 0., 0., 0., 0., 1., 1., 1., 0., 0., 0., 1., 0., 0., 1., 0., 1.,
           1., 1.],
          [0., 0., 0., 0., 0., 0., 0., 1., 0., 1., 0., 0., 0., 1., 1., 1., 1.,
           0., 1.],
          [0., 0., 1., 1., 1., 1., 1., 1., 1., 1., 0., 1., 1., 0., 1., 0., 0.,
           1., 0.],
          [0., 0., 0., 1., 0., 1., 0., 0., 0., 0., 1., 1., 0., 0., 1., 0., 0.,
           0., 1.],
          [1., 1., 0., 0., 1., 1., 1., 1., 0., 1., 0., 1., 0., 1., 1., 1., 1.,
           0., 1.],
          [0., 0., 0., 0., 1., 0., 0., 0., 1., 1., 1., 1., 0., 0., 1., 0., 0.,
           0., 1.],
          [1., 0., 1., 1., 1., 1., 1., 0., 1., 0., 0., 1., 0., 0., 0., 1., 1.,
           0., 1.],
          [1., 1., 1., 0., 0., 1., 1., 0., 0., 1., 0., 1., 1., 0., 0., 1., 1.,
           0., 1.],
          [0., 1., 0., 0., 0., 1., 1., 0., 1., 0., 0., 1., 1., 0., 1., 1., 0.,
           0., 1.]]]], device='cuda:0'), tensor([[0.6020]], device='cuda:0'))
2026-01-08 17:18:47 - INFO - [ 9.98354793e-01 -2.50084065e-02  7.04957987e-04  1.01046255e-02
  7.04956125e-04  1.01046329e-02  7.71056712e-01 -3.33619744e-01]
2026-01-08 17:18:47 - INFO - (tensor([[[[0., 1., 0., 0., 0., 1., 0., 0., 0., 1., 0., 0., 0., 0., 1., 0., 1.,
           1., 1.],
          [0., 1., 0., 1., 1., 1., 1., 1., 1., 1., 1., 0., 0., 1., 1., 1., 0.,
           1., 0.],
          [0., 0., 0., 0., 1., 1., 1., 1., 1., 0., 1., 1., 0., 1., 0., 1., 0.,
           1., 1.],
          [0., 0., 0., 0., 0., 0., 0., 0., 1., 1., 0., 1., 1., 1., 1., 0., 1.,
           0., 1.],
          [1., 1., 0., 1., 0., 1., 0., 1., 0., 0., 1., 0., 1., 1., 1., 1., 1.,
           1., 1.],
          [1., 1., 1., 1., 0., 0., 1., 1., 1., 1., 1., 1., 1., 1., 0., 1., 0.,
           1., 1.],
          [0., 1., 0., 1., 1., 0., 1., 0., 1., 0., 0., 1., 1., 0., 1., 1., 1.,
           0., 0.],
          [0., 0., 0., 0., 0., 0., 0., 1., 0., 1., 1., 1., 0., 0., 0., 0., 1.,
           0., 0.],
          [0., 0., 0., 1., 0., 1., 0., 1., 0., 0., 1., 1., 1., 0., 1., 0., 0.,
           1., 1.],
          [1., 0., 1., 1., 1., 0., 0., 0., 0., 0., 0., 1., 0., 0., 0., 1., 0.,
           0., 1.],
          [0., 0., 0., 0., 0., 1., 1., 1., 0., 0., 0., 1., 0., 0., 1., 0., 1.,
           1., 1.],
          [0., 0., 0., 0., 0., 0., 0., 1., 0., 1., 0., 0., 0., 1., 1., 1., 1.,
           0., 1.],
          [0., 0., 1., 1., 1., 1., 1., 1., 1., 1., 0., 1., 1., 0., 1., 0., 0.,
           1., 0.],
          [0., 0., 0., 1., 0., 1., 0., 0., 0., 0., 1., 1., 0., 0., 1., 0., 0.,
           0., 1.],
          [1., 1., 0., 0., 1., 1., 1., 1., 0., 1., 0., 1., 0., 1., 1., 1., 1.,
           0., 1.],
          [0., 0., 0., 0., 1., 0., 0., 0., 1., 1., 1., 1., 0., 0., 1., 0., 0.,
           0., 1.],
          [1., 0., 1., 1., 1., 1., 1., 0., 1., 0., 0., 1., 0., 0., 0., 1., 1.,
           0., 1.],
          [1., 1., 1., 0., 0., 1., 1., 0., 0., 1., 0., 1., 1., 0., 0., 1., 1.,
           0., 1.],
          [0., 1., 0., 0., 0., 1., 1., 0., 1., 0., 0., 1., 1., 0., 1., 1., 0.,
           0., 1.]]]], device='cuda:0'), tensor([[0.6054]], device='cuda:0'))
2026-01-08 17:18:47 - INFO - [ 9.9834973e-01 -2.5162753e-02  7.3846325e-04  1.0180699e-02
  7.3847629e-04  1.0180702e-02  7.7051747e-01 -3.3468297e-01]
2026-01-08 17:18:47 - INFO - (tensor([[[[0., 1., 0., 0., 0., 1., 0., 0., 0., 1., 0., 0., 0., 0., 1., 0., 1.,
           1., 1.],
          [0., 1., 0., 1., 1., 1., 1., 1., 1., 1., 1., 0., 0., 1., 1., 1., 0.,
           1., 0.],
          [0., 0., 0., 0., 1., 1., 1., 1., 1., 0., 1., 1., 0., 1., 0., 1., 0.,
           1., 1.],
          [0., 0., 0., 0., 0., 0., 0., 0., 1., 1., 0., 1., 1., 1., 1., 0., 1.,
           0., 1.],
          [1., 1., 0., 1., 0., 1., 0., 1., 0., 0., 1., 0., 1., 1., 1., 1., 1.,
           1., 1.],
          [1., 1., 1., 1., 0., 0., 1., 1., 1., 1., 1., 1., 1., 1., 0., 1., 0.,
           1., 1.],
          [0., 1., 0., 1., 1., 0., 1., 0., 1., 0., 0., 1., 1., 0., 1., 1., 1.,
           0., 0.],
          [0., 0., 0., 0., 0., 0., 0., 1., 0., 1., 1., 1., 0., 0., 0., 0., 1.,
           0., 0.],
          [0., 0., 0., 1., 0., 1., 0., 1., 0., 0., 1., 1., 1., 0., 1., 0., 0.,
           1., 1.],
          [1., 0., 1., 1., 1., 0., 0., 0., 0., 0., 0., 1., 0., 0., 0., 1., 0.,
           0., 1.],
          [0., 0., 0., 0., 0., 1., 1., 1., 0., 0., 0., 1., 0., 0., 1., 0., 1.,
           1., 1.],
          [0., 0., 0., 0., 0., 0., 0., 1., 0., 1., 0., 0., 0., 1., 1., 1., 1.,
           0., 1.],
          [0., 0., 1., 1., 1., 1., 1., 1., 1., 1., 0., 1., 1., 0., 1., 0., 0.,
           1., 0.],
          [0., 0., 0., 1., 0., 1., 0., 0., 0., 0., 1., 1., 0., 0., 1., 0., 0.,
           0., 1.],
          [1., 1., 0., 0., 1., 1., 1., 1., 0., 1., 0., 1., 0., 1., 1., 1., 1.,
           0., 1.],
          [0., 0., 0., 0., 1., 0., 0., 0., 1., 1., 1., 1., 0., 0., 1., 0., 0.,
           0., 1.],
          [1., 0., 1., 1., 1., 1., 1., 0., 1., 0., 0., 1., 0., 0., 0., 1., 1.,
           0., 1.],
          [1., 1., 1., 0., 0., 1., 1., 0., 0., 1., 0., 1., 1., 0., 0., 1., 1.,
           0., 1.],
          [0., 1., 0., 0., 0., 1., 1., 0., 1., 0., 0., 1., 1., 0., 1., 1., 0.,
           0., 1.]]]], device='cuda:0'), tensor([[0.6087]], device='cuda:0'))
2026-01-08 17:18:47 - INFO - [ 9.9834359e-01 -2.5303263e-02  7.6826551e-04  1.0245218e-02
  7.6824875e-04  1.0245218e-02  7.6989627e-01 -3.3575961e-01]
2026-01-08 17:18:47 - INFO - (tensor([[[[0., 1., 0., 0., 0., 1., 0., 0., 0., 1., 0., 0., 0., 0., 1., 0., 1.,
           1., 1.],
          [0., 1., 0., 1., 1., 1., 1., 1., 1., 1., 1., 0., 0., 1., 1., 1., 0.,
           1., 0.],
          [0., 0., 0., 0., 1., 1., 1., 1., 1., 0., 1., 1., 0., 1., 0., 1., 0.,
           1., 1.],
          [0., 0., 0., 0., 0., 0., 0., 0., 1., 1., 0., 1., 1., 1., 1., 0., 1.,
           0., 1.],
          [1., 1., 0., 1., 0., 1., 0., 1., 0., 0., 1., 0., 1., 1., 1., 1., 1.,
           1., 1.],
          [1., 1., 1., 1., 0., 0., 1., 1., 1., 1., 1., 1., 1., 1., 0., 1., 0.,
           1., 1.],
          [0., 1., 0., 1., 1., 0., 1., 0., 1., 0., 0., 1., 1., 0., 1., 1., 1.,
           0., 0.],
          [0., 0., 0., 0., 0., 0., 0., 1., 0., 1., 1., 1., 0., 0., 0., 0., 1.,
           0., 0.],
          [0., 0., 0., 1., 0., 1., 0., 1., 0., 0., 1., 1., 1., 0., 1., 0., 0.,
           1., 1.],
          [1., 0., 1., 1., 1., 0., 0., 0., 0., 0., 0., 1., 0., 0., 0., 1., 0.,
           0., 1.],
          [0., 0., 0., 0., 0., 1., 1., 1., 0., 0., 0., 1., 0., 0., 1., 0., 1.,
           1., 1.],
          [0., 0., 0., 0., 0., 0., 0., 1., 0., 1., 0., 0., 0., 1., 1., 1., 1.,
           0., 1.],
          [0., 0., 1., 1., 1., 1., 1., 1., 1., 1., 0., 1., 1., 0., 1., 0., 0.,
           1., 0.],
          [0., 0., 0., 1., 0., 1., 0., 0., 0., 0., 1., 1., 0., 0., 1., 0., 0.,
           0., 1.],
          [1., 1., 0., 0., 1., 1., 1., 1., 0., 1., 0., 1., 0., 1., 1., 1., 1.,
           0., 1.],
          [0., 0., 0., 0., 1., 0., 0., 0., 1., 1., 1., 1., 0., 0., 1., 0., 0.,
           0., 1.],
          [1., 0., 1., 1., 1., 1., 1., 0., 1., 0., 0., 1., 0., 0., 0., 1., 1.,
           0., 1.],
          [1., 1., 1., 0., 0., 1., 1., 0., 0., 1., 0., 1., 1., 0., 0., 1., 1.,
           0., 1.],
          [0., 1., 0., 0., 0., 1., 1., 0., 1., 0., 0., 1., 1., 0., 1., 1., 0.,
           0., 1.]]]], device='cuda:0'), tensor([[0.6120]], device='cuda:0'))
2026-01-08 17:18:47 - INFO - [ 9.9833673e-01 -2.5459860e-02  7.9980382e-04  1.0315332e-02
  7.9980941e-04  1.0315335e-02  7.6918292e-01 -3.3693662e-01]
2026-01-08 17:18:47 - INFO - (tensor([[[[0., 1., 0., 0., 0., 1., 0., 0., 0., 1., 0., 0., 0., 0., 1., 0., 1.,
           1., 1.],
          [0., 1., 0., 1., 1., 1., 1., 1., 1., 1., 1., 0., 0., 1., 1., 1., 0.,
           1., 0.],
          [0., 0., 0., 0., 1., 1., 1., 1., 1., 0., 1., 1., 0., 1., 0., 1., 0.,
           1., 1.],
          [0., 0., 0., 0., 0., 0., 0., 0., 1., 1., 0., 1., 1., 1., 1., 0., 1.,
           0., 1.],
          [1., 1., 0., 1., 0., 1., 0., 1., 0., 0., 1., 0., 1., 1., 1., 1., 1.,
           1., 1.],
          [1., 1., 1., 1., 0., 0., 1., 1., 1., 1., 1., 1., 1., 1., 0., 1., 0.,
           1., 1.],
          [0., 1., 0., 1., 1., 0., 1., 0., 1., 0., 0., 1., 1., 0., 1., 1., 1.,
           0., 0.],
          [0., 0., 0., 0., 0., 0., 0., 1., 0., 1., 1., 1., 0., 0., 0., 0., 1.,
           0., 0.],
          [0., 0., 0., 1., 0., 1., 0., 1., 0., 0., 1., 1., 1., 0., 1., 0., 0.,
           1., 1.],
          [1., 0., 1., 1., 1., 0., 0., 0., 0., 0., 0., 1., 0., 0., 0., 1., 0.,
           0., 1.],
          [0., 0., 0., 0., 0., 1., 1., 1., 0., 0., 0., 1., 0., 0., 1., 0., 1.,
           1., 1.],
          [0., 0., 0., 0., 0., 0., 0., 1., 0., 1., 0., 0., 0., 1., 1., 1., 1.,
           0., 1.],
          [0., 0., 1., 1., 1., 1., 1., 1., 1., 1., 0., 1., 1., 0., 1., 0., 0.,
           1., 0.],
          [0., 0., 0., 1., 0., 1., 0., 0., 0., 0., 1., 1., 0., 0., 1., 0., 0.,
           0., 1.],
          [1., 1., 0., 0., 1., 1., 1., 1., 0., 1., 0., 1., 0., 1., 1., 1., 1.,
           0., 1.],
          [0., 0., 0., 0., 1., 0., 0., 0., 1., 1., 1., 1., 0., 0., 1., 0., 0.,
           0., 1.],
          [1., 0., 1., 1., 1., 1., 1., 0., 1., 0., 0., 1., 0., 0., 0., 1., 1.,
           0., 1.],
          [1., 1., 1., 0., 0., 1., 1., 0., 0., 1., 0., 1., 1., 0., 0., 1., 1.,
           0., 1.],
          [0., 1., 0., 0., 0., 1., 1., 0., 1., 0., 0., 1., 1., 0., 1., 1., 0.,
           0., 1.]]]], device='cuda:0'), tensor([[0.6154]], device='cuda:0'))
2026-01-08 17:18:47 - INFO - [ 9.9832982e-01 -2.5626579e-02  8.3110371e-04  1.0383665e-02
  8.3110185e-04  1.0383665e-02  7.6845813e-01 -3.3812493e-01]
2026-01-08 17:18:47 - INFO - (tensor([[[[0., 1., 0., 0., 0., 1., 0., 0., 0., 1., 0., 0., 0., 0., 1., 0., 1.,
           1., 1.],
          [0., 1., 0., 1., 1., 1., 1., 1., 1., 1., 1., 0., 0., 1., 1., 1., 0.,
           1., 0.],
          [0., 0., 0., 0., 1., 1., 1., 1., 1., 0., 1., 1., 0., 1., 0., 1., 0.,
           1., 1.],
          [0., 0., 0., 0., 0., 0., 0., 0., 1., 1., 0., 1., 1., 1., 1., 0., 1.,
           0., 1.],
          [1., 1., 0., 1., 0., 1., 0., 1., 0., 0., 1., 0., 1., 1., 1., 1., 1.,
           1., 1.],
          [1., 1., 1., 1., 0., 0., 1., 1., 1., 1., 1., 1., 1., 1., 0., 1., 0.,
           1., 1.],
          [0., 1., 0., 1., 1., 0., 1., 0., 1., 0., 0., 1., 1., 0., 1., 1., 1.,
           0., 0.],
          [0., 0., 0., 0., 0., 0., 0., 1., 0., 1., 1., 1., 0., 0., 0., 0., 1.,
           0., 0.],
          [0., 0., 0., 1., 0., 1., 0., 1., 0., 0., 1., 1., 1., 0., 1., 0., 0.,
           1., 1.],
          [1., 0., 1., 1., 1., 0., 0., 0., 0., 0., 0., 1., 0., 0., 0., 1., 0.,
           0., 1.],
          [0., 0., 0., 0., 0., 1., 1., 1., 0., 0., 0., 1., 0., 0., 1., 0., 1.,
           1., 1.],
          [0., 0., 0., 0., 0., 0., 0., 1., 0., 1., 0., 0., 0., 1., 1., 1., 1.,
           0., 1.],
          [0., 0., 1., 1., 1., 1., 1., 1., 1., 1., 0., 1., 1., 0., 1., 0., 0.,
           1., 0.],
          [0., 0., 0., 1., 0., 1., 0., 0., 0., 0., 1., 1., 0., 0., 1., 0., 0.,
           0., 1.],
          [1., 1., 0., 0., 1., 1., 1., 1., 0., 1., 0., 1., 0., 1., 1., 1., 1.,
           0., 1.],
          [0., 0., 0., 0., 1., 0., 0., 0., 1., 1., 1., 1., 0., 0., 1., 0., 0.,
           0., 1.],
          [1., 0., 1., 1., 1., 1., 1., 0., 1., 0., 0., 1., 0., 0., 0., 1., 1.,
           0., 1.],
          [1., 1., 1., 0., 0., 1., 1., 0., 0., 1., 0., 1., 1., 0., 0., 1., 1.,
           0., 1.],
          [0., 1., 0., 0., 0., 1., 1., 0., 1., 0., 0., 1., 1., 0., 1., 1., 0.,
           0., 1.]]]], device='cuda:0'), tensor([[0.6187]], device='cuda:0'))
2026-01-08 17:18:47 - INFO - [ 9.98321652e-01 -2.57902686e-02  8.62977235e-04  1.04524745e-02
  8.62982823e-04  1.04524782e-02  7.67747998e-01 -3.39282602e-01]
2026-01-08 17:18:47 - INFO - (tensor([[[[0., 1., 0., 0., 0., 1., 0., 0., 0., 1., 0., 0., 0., 0., 1., 0., 1.,
           1., 1.],
          [0., 1., 0., 1., 1., 1., 1., 1., 1., 1., 1., 0., 0., 1., 1., 1., 0.,
           1., 0.],
          [0., 0., 0., 0., 1., 1., 1., 1., 1., 0., 1., 1., 0., 1., 0., 1., 0.,
           1., 1.],
          [0., 0., 0., 0., 0., 0., 0., 0., 1., 1., 0., 1., 1., 1., 1., 0., 1.,
           0., 1.],
          [1., 1., 0., 1., 0., 1., 0., 1., 0., 0., 1., 0., 1., 1., 1., 1., 1.,
           1., 1.],
          [1., 1., 1., 1., 0., 0., 1., 1., 1., 1., 1., 1., 1., 1., 0., 1., 0.,
           1., 1.],
          [0., 1., 0., 1., 1., 0., 1., 0., 1., 0., 0., 1., 1., 0., 1., 1., 1.,
           0., 0.],
          [0., 0., 0., 0., 0., 0., 0., 1., 0., 1., 1., 1., 0., 0., 0., 0., 1.,
           0., 0.],
          [0., 0., 0., 1., 0., 1., 0., 1., 0., 0., 1., 1., 1., 0., 1., 0., 0.,
           1., 1.],
          [1., 0., 1., 1., 1., 0., 0., 0., 0., 0., 0., 1., 0., 0., 0., 1., 0.,
           0., 1.],
          [0., 0., 0., 0., 0., 1., 1., 1., 0., 0., 0., 1., 0., 0., 1., 0., 1.,
           1., 1.],
          [0., 0., 0., 0., 0., 0., 0., 1., 0., 1., 0., 0., 0., 1., 1., 1., 1.,
           0., 1.],
          [0., 0., 1., 1., 1., 1., 1., 1., 1., 1., 0., 1., 1., 0., 1., 0., 0.,
           1., 0.],
          [0., 0., 0., 1., 0., 1., 0., 0., 0., 0., 1., 1., 0., 0., 1., 0., 0.,
           0., 1.],
          [1., 1., 0., 0., 1., 1., 1., 1., 0., 1., 0., 1., 0., 1., 1., 1., 1.,
           0., 1.],
          [0., 0., 0., 0., 1., 0., 0., 0., 1., 1., 1., 1., 0., 0., 1., 0., 0.,
           0., 1.],
          [1., 0., 1., 1., 1., 1., 1., 0., 1., 0., 0., 1., 0., 0., 0., 1., 1.,
           0., 1.],
          [1., 1., 1., 0., 0., 1., 1., 0., 0., 1., 0., 1., 1., 0., 0., 1., 1.,
           0., 1.],
          [0., 1., 0., 0., 0., 1., 1., 0., 1., 0., 0., 1., 1., 0., 1., 1., 0.,
           0., 1.]]]], device='cuda:0'), tensor([[0.6221]], device='cuda:0'))
2026-01-08 17:18:47 - INFO - [ 9.9831301e-01 -2.5951749e-02  8.9515629e-04  1.0521113e-02
  8.9515443e-04  1.0521113e-02  7.6705623e-01 -3.4041387e-01]
2026-01-08 17:18:47 - INFO - (tensor([[[[0., 1., 0., 0., 0., 1., 0., 0., 0., 1., 0., 0., 0., 0., 1., 0., 1.,
           1., 1.],
          [0., 1., 0., 1., 1., 1., 1., 1., 1., 1., 1., 0., 0., 1., 1., 1., 0.,
           1., 0.],
          [0., 0., 0., 0., 1., 1., 1., 1., 1., 0., 1., 1., 0., 1., 0., 1., 0.,
           1., 1.],
          [0., 0., 0., 0., 0., 0., 0., 0., 1., 1., 0., 1., 1., 1., 1., 0., 1.,
           0., 1.],
          [1., 1., 0., 1., 0., 1., 0., 1., 0., 0., 1., 0., 1., 1., 1., 1., 1.,
           1., 1.],
          [1., 1., 1., 1., 0., 0., 1., 1., 1., 1., 1., 1., 1., 1., 0., 1., 0.,
           1., 1.],
          [0., 1., 0., 1., 1., 0., 1., 0., 1., 0., 0., 1., 1., 0., 1., 1., 1.,
           0., 0.],
          [0., 0., 0., 0., 0., 0., 0., 1., 0., 1., 1., 1., 0., 0., 0., 0., 1.,
           0., 0.],
          [0., 0., 0., 1., 0., 1., 0., 1., 0., 0., 1., 1., 1., 0., 1., 0., 0.,
           1., 1.],
          [1., 0., 1., 1., 1., 0., 0., 0., 0., 0., 0., 1., 0., 0., 0., 1., 0.,
           0., 1.],
          [0., 0., 0., 0., 0., 1., 1., 1., 0., 0., 0., 1., 0., 0., 1., 0., 1.,
           1., 1.],
          [0., 0., 0., 0., 0., 0., 0., 1., 0., 1., 0., 0., 0., 1., 1., 1., 1.,
           0., 1.],
          [0., 0., 1., 1., 1., 1., 1., 1., 1., 1., 0., 1., 1., 0., 1., 0., 0.,
           1., 0.],
          [0., 0., 0., 1., 0., 1., 0., 0., 0., 0., 1., 1., 0., 0., 1., 0., 0.,
           0., 1.],
          [1., 1., 0., 0., 1., 1., 1., 1., 0., 1., 0., 1., 0., 1., 1., 1., 1.,
           0., 1.],
          [0., 0., 0., 0., 1., 0., 0., 0., 1., 1., 1., 1., 0., 0., 1., 0., 0.,
           0., 1.],
          [1., 0., 1., 1., 1., 1., 1., 0., 1., 0., 0., 1., 0., 0., 0., 1., 1.,
           0., 1.],
          [1., 1., 1., 0., 0., 1., 1., 0., 0., 1., 0., 1., 1., 0., 0., 1., 1.,
           0., 1.],
          [0., 1., 0., 0., 0., 1., 1., 0., 1., 0., 0., 1., 1., 0., 1., 1., 0.,
           0., 1.]]]], device='cuda:0'), tensor([[0.6254]], device='cuda:0'))
2026-01-08 17:18:47 - INFO - [ 9.9830377e-01 -2.6117643e-02  9.2838582e-04  1.0591122e-02
  9.2839141e-04  1.0591126e-02  7.6635855e-01 -3.4156042e-01]
2026-01-08 17:18:47 - INFO - (tensor([[[[0., 1., 0., 0., 0., 1., 0., 0., 0., 1., 0., 0., 0., 0., 1., 0., 1.,
           1., 1.],
          [0., 1., 0., 1., 1., 1., 1., 1., 1., 1., 1., 0., 0., 1., 1., 1., 0.,
           1., 0.],
          [0., 0., 0., 0., 1., 1., 1., 1., 1., 0., 1., 1., 0., 1., 0., 1., 0.,
           1., 1.],
          [0., 0., 0., 0., 0., 0., 0., 0., 1., 1., 0., 1., 1., 1., 1., 0., 1.,
           0., 1.],
          [1., 1., 0., 1., 0., 1., 0., 1., 0., 0., 1., 0., 1., 1., 1., 1., 1.,
           1., 1.],
          [1., 1., 1., 1., 0., 0., 1., 1., 1., 1., 1., 1., 1., 1., 0., 1., 0.,
           1., 1.],
          [0., 1., 0., 1., 1., 0., 1., 0., 1., 0., 0., 1., 1., 0., 1., 1., 1.,
           0., 0.],
          [0., 0., 0., 0., 0., 0., 0., 1., 0., 1., 1., 1., 0., 0., 0., 0., 1.,
           0., 0.],
          [0., 0., 0., 1., 0., 1., 0., 1., 0., 0., 1., 1., 1., 0., 1., 0., 0.,
           1., 1.],
          [1., 0., 1., 1., 1., 0., 0., 0., 0., 0., 0., 1., 0., 0., 0., 1., 0.,
           0., 1.],
          [0., 0., 0., 0., 0., 1., 1., 1., 0., 0., 0., 1., 0., 0., 1., 0., 1.,
           1., 1.],
          [0., 0., 0., 0., 0., 0., 0., 1., 0., 1., 0., 0., 0., 1., 1., 1., 1.,
           0., 1.],
          [0., 0., 1., 1., 1., 1., 1., 1., 1., 1., 0., 1., 1., 0., 1., 0., 0.,
           1., 0.],
          [0., 0., 0., 1., 0., 1., 0., 0., 0., 0., 1., 1., 0., 0., 1., 0., 0.,
           0., 1.],
          [1., 1., 0., 0., 1., 1., 1., 1., 0., 1., 0., 1., 0., 1., 1., 1., 1.,
           0., 1.],
          [0., 0., 0., 0., 1., 0., 0., 0., 1., 1., 1., 1., 0., 0., 1., 0., 0.,
           0., 1.],
          [1., 0., 1., 1., 1., 1., 1., 0., 1., 0., 0., 1., 0., 0., 0., 1., 1.,
           0., 1.],
          [1., 1., 1., 0., 0., 1., 1., 0., 0., 1., 0., 1., 1., 0., 0., 1., 1.,
           0., 1.],
          [0., 1., 0., 0., 0., 1., 1., 0., 1., 0., 0., 1., 1., 0., 1., 1., 0.,
           0., 1.]]]], device='cuda:0'), tensor([[0.6288]], device='cuda:0'))
2026-01-08 17:18:47 - INFO - [ 9.9829376e-01 -2.6282232e-02  9.6177188e-04  1.0661976e-02
  9.6176256e-04  1.0661988e-02  7.6558530e-01 -3.4275195e-01]
2026-01-08 17:18:47 - INFO - (tensor([[[[0., 1., 0., 0., 0., 1., 0., 0., 0., 1., 0., 0., 0., 0., 1., 0., 1.,
           1., 1.],
          [0., 1., 0., 1., 1., 1., 1., 1., 1., 1., 1., 0., 0., 1., 1., 1., 0.,
           1., 0.],
          [0., 0., 0., 0., 1., 1., 1., 1., 1., 0., 1., 1., 0., 1., 0., 1., 0.,
           1., 1.],
          [0., 0., 0., 0., 0., 0., 0., 0., 1., 1., 0., 1., 1., 1., 1., 0., 1.,
           0., 1.],
          [1., 1., 0., 1., 0., 1., 0., 1., 0., 0., 1., 0., 1., 1., 1., 1., 1.,
           1., 1.],
          [1., 1., 1., 1., 0., 0., 1., 1., 1., 1., 1., 1., 1., 1., 0., 1., 0.,
           1., 1.],
          [0., 1., 0., 1., 1., 0., 1., 0., 1., 0., 0., 1., 1., 0., 1., 1., 1.,
           0., 0.],
          [0., 0., 0., 0., 0., 0., 0., 1., 0., 1., 1., 1., 0., 0., 0., 0., 1.,
           0., 0.],
          [0., 0., 0., 1., 0., 1., 0., 1., 0., 0., 1., 1., 1., 0., 1., 0., 0.,
           1., 1.],
          [1., 0., 1., 1., 1., 0., 0., 0., 0., 0., 0., 1., 0., 0., 0., 1., 0.,
           0., 1.],
          [0., 0., 0., 0., 0., 1., 1., 1., 0., 0., 0., 1., 0., 0., 1., 0., 1.,
           1., 1.],
          [0., 0., 0., 0., 0., 0., 0., 1., 0., 1., 0., 0., 0., 1., 1., 1., 1.,
           0., 1.],
          [0., 0., 1., 1., 1., 1., 1., 1., 1., 1., 0., 1., 1., 0., 1., 0., 0.,
           1., 0.],
          [0., 0., 0., 1., 0., 1., 0., 0., 0., 0., 1., 1., 0., 0., 1., 0., 0.,
           0., 1.],
          [1., 1., 0., 0., 1., 1., 1., 1., 0., 1., 0., 1., 0., 1., 1., 1., 1.,
           0., 1.],
          [0., 0., 0., 0., 1., 0., 0., 0., 1., 1., 1., 1., 0., 0., 1., 0., 0.,
           0., 1.],
          [1., 0., 1., 1., 1., 1., 1., 0., 1., 0., 0., 1., 0., 0., 0., 1., 1.,
           0., 1.],
          [1., 1., 1., 0., 0., 1., 1., 0., 0., 1., 0., 1., 1., 0., 0., 1., 1.,
           0., 1.],
          [0., 1., 0., 0., 0., 1., 1., 0., 1., 0., 0., 1., 1., 0., 1., 1., 0.,
           0., 1.]]]], device='cuda:0'), tensor([[0.6321]], device='cuda:0'))
2026-01-08 17:18:47 - INFO - [ 9.9828345e-01 -2.6451953e-02  9.9455437e-04  1.0733289e-02
  9.9454506e-04  1.0733281e-02  7.6464081e-01 -3.4406829e-01]
2026-01-08 17:18:47 - INFO - (tensor([[[[0., 1., 0., 0., 0., 1., 0., 0., 0., 1., 0., 0., 0., 0., 1., 0., 1.,
           1., 1.],
          [0., 1., 0., 1., 1., 1., 1., 1., 1., 1., 1., 0., 0., 1., 1., 1., 0.,
           1., 0.],
          [0., 0., 0., 0., 1., 1., 1., 1., 1., 0., 1., 1., 0., 1., 0., 1., 0.,
           1., 1.],
          [0., 0., 0., 0., 0., 0., 0., 0., 1., 1., 0., 1., 1., 1., 1., 0., 1.,
           0., 1.],
          [1., 1., 0., 1., 0., 1., 0., 1., 0., 0., 1., 0., 1., 1., 1., 1., 1.,
           1., 1.],
          [1., 1., 1., 1., 0., 0., 1., 1., 1., 1., 1., 1., 1., 1., 0., 1., 0.,
           1., 1.],
          [0., 1., 0., 1., 1., 0., 1., 0., 1., 0., 0., 1., 1., 0., 1., 1., 1.,
           0., 0.],
          [0., 0., 0., 0., 0., 0., 0., 1., 0., 1., 1., 1., 0., 0., 0., 0., 1.,
           0., 0.],
          [0., 0., 0., 1., 0., 1., 0., 1., 0., 0., 1., 1., 1., 0., 1., 0., 0.,
           1., 1.],
          [1., 0., 1., 1., 1., 0., 0., 0., 0., 0., 0., 1., 0., 0., 0., 1., 0.,
           0., 1.],
          [0., 0., 0., 0., 0., 1., 1., 1., 0., 0., 0., 1., 0., 0., 1., 0., 1.,
           1., 1.],
          [0., 0., 0., 0., 0., 0., 0., 1., 0., 1., 0., 0., 0., 1., 1., 1., 1.,
           0., 1.],
          [0., 0., 1., 1., 1., 1., 1., 1., 1., 1., 0., 1., 1., 0., 1., 0., 0.,
           1., 0.],
          [0., 0., 0., 1., 0., 1., 0., 0., 0., 0., 1., 1., 0., 0., 1., 0., 0.,
           0., 1.],
          [1., 1., 0., 0., 1., 1., 1., 1., 0., 1., 0., 1., 0., 1., 1., 1., 1.,
           0., 1.],
          [0., 0., 0., 0., 1., 0., 0., 0., 1., 1., 1., 1., 0., 0., 1., 0., 0.,
           0., 1.],
          [1., 0., 1., 1., 1., 1., 1., 0., 1., 0., 0., 1., 0., 0., 0., 1., 1.,
           0., 1.],
          [1., 1., 1., 0., 0., 1., 1., 0., 0., 1., 0., 1., 1., 0., 0., 1., 1.,
           0., 1.],
          [0., 1., 0., 0., 0., 1., 1., 0., 1., 0., 0., 1., 1., 0., 1., 1., 0.,
           0., 1.]]]], device='cuda:0'), tensor([[0.6355]], device='cuda:0'))
2026-01-08 17:18:47 - INFO - [ 0.9982725  -0.02663399  0.00102875  0.0108104   0.00102874  0.0108104
  0.7635944  -0.34548515]
2026-01-08 17:18:47 - INFO - (tensor([[[[0., 1., 0., 0., 0., 1., 0., 0., 0., 1., 0., 0., 0., 0., 1., 0., 1.,
           1., 1.],
          [0., 1., 0., 1., 1., 1., 1., 1., 1., 1., 1., 0., 0., 1., 1., 1., 0.,
           1., 0.],
          [0., 0., 0., 0., 1., 1., 1., 1., 1., 0., 1., 1., 0., 1., 0., 1., 0.,
           1., 1.],
          [0., 0., 0., 0., 0., 0., 0., 0., 1., 1., 0., 1., 1., 1., 1., 0., 1.,
           0., 1.],
          [1., 1., 0., 1., 0., 1., 0., 1., 0., 0., 1., 0., 1., 1., 1., 1., 1.,
           1., 1.],
          [1., 1., 1., 1., 0., 0., 1., 1., 1., 1., 1., 1., 1., 1., 0., 1., 0.,
           1., 1.],
          [0., 1., 0., 1., 1., 0., 1., 0., 1., 0., 0., 1., 1., 0., 1., 1., 1.,
           0., 0.],
          [0., 0., 0., 0., 0., 0., 0., 1., 0., 1., 1., 1., 0., 0., 0., 0., 1.,
           0., 0.],
          [0., 0., 0., 1., 0., 1., 0., 1., 0., 0., 1., 1., 1., 0., 1., 0., 0.,
           1., 1.],
          [1., 0., 1., 1., 1., 0., 0., 0., 0., 0., 0., 1., 0., 0., 0., 1., 0.,
           0., 1.],
          [0., 0., 0., 0., 0., 1., 1., 1., 0., 0., 0., 1., 0., 0., 1., 0., 1.,
           1., 1.],
          [0., 0., 0., 0., 0., 0., 0., 1., 0., 1., 0., 0., 0., 1., 1., 1., 1.,
           0., 1.],
          [0., 0., 1., 1., 1., 1., 1., 1., 1., 1., 0., 1., 1., 0., 1., 0., 0.,
           1., 0.],
          [0., 0., 0., 1., 0., 1., 0., 0., 0., 0., 1., 1., 0., 0., 1., 0., 0.,
           0., 1.],
          [1., 1., 0., 0., 1., 1., 1., 1., 0., 1., 0., 1., 0., 1., 1., 1., 1.,
           0., 1.],
          [0., 0., 0., 0., 1., 0., 0., 0., 1., 1., 1., 1., 0., 0., 1., 0., 0.,
           0., 1.],
          [1., 0., 1., 1., 1., 1., 1., 0., 1., 0., 0., 1., 0., 0., 0., 1., 1.,
           0., 1.],
          [1., 1., 1., 0., 0., 1., 1., 0., 0., 1., 0., 1., 1., 0., 0., 1., 1.,
           0., 1.],
          [0., 1., 0., 0., 0., 1., 1., 0., 1., 0., 0., 1., 1., 0., 1., 1., 0.,
           0., 1.]]]], device='cuda:0'), tensor([[0.6388]], device='cuda:0'))
2026-01-08 17:18:47 - INFO - [ 0.9982606  -0.02681588  0.0010629   0.01089065  0.0010629   0.01089065
  0.7624733  -0.3470091 ]
2026-01-08 17:18:47 - INFO - (tensor([[[[0., 1., 0., 0., 0., 1., 0., 0., 0., 1., 0., 0., 0., 0., 1., 0., 1.,
           1., 1.],
          [0., 1., 0., 1., 1., 1., 1., 1., 1., 1., 1., 0., 0., 1., 1., 1., 0.,
           1., 0.],
          [0., 0., 0., 0., 1., 1., 1., 1., 1., 0., 1., 1., 0., 1., 0., 1., 0.,
           1., 1.],
          [0., 0., 0., 0., 0., 0., 0., 0., 1., 1., 0., 1., 1., 1., 1., 0., 1.,
           0., 1.],
          [1., 1., 0., 1., 0., 1., 0., 1., 0., 0., 1., 0., 1., 1., 1., 1., 1.,
           1., 1.],
          [1., 1., 1., 1., 0., 0., 1., 1., 1., 1., 1., 1., 1., 1., 0., 1., 0.,
           1., 1.],
          [0., 1., 0., 1., 1., 0., 1., 0., 1., 0., 0., 1., 1., 0., 1., 1., 1.,
           0., 0.],
          [0., 0., 0., 0., 0., 0., 0., 1., 0., 1., 1., 1., 0., 0., 0., 0., 1.,
           0., 0.],
          [0., 0., 0., 1., 0., 1., 0., 1., 0., 0., 1., 1., 1., 0., 1., 0., 0.,
           1., 1.],
          [1., 0., 1., 1., 1., 0., 0., 0., 0., 0., 0., 1., 0., 0., 0., 1., 0.,
           0., 1.],
          [0., 0., 0., 0., 0., 1., 1., 1., 0., 0., 0., 1., 0., 0., 1., 0., 1.,
           1., 1.],
          [0., 0., 0., 0., 0., 0., 0., 1., 0., 1., 0., 0., 0., 1., 1., 1., 1.,
           0., 1.],
          [0., 0., 1., 1., 1., 1., 1., 1., 1., 1., 0., 1., 1., 0., 1., 0., 0.,
           1., 0.],
          [0., 0., 0., 1., 0., 1., 0., 0., 0., 0., 1., 1., 0., 0., 1., 0., 0.,
           0., 1.],
          [1., 1., 0., 0., 1., 1., 1., 1., 0., 1., 0., 1., 0., 1., 1., 1., 1.,
           0., 1.],
          [0., 0., 0., 0., 1., 0., 0., 0., 1., 1., 1., 1., 0., 0., 1., 0., 0.,
           0., 1.],
          [1., 0., 1., 1., 1., 1., 1., 0., 1., 0., 0., 1., 0., 0., 0., 1., 1.,
           0., 1.],
          [1., 1., 1., 0., 0., 1., 1., 0., 0., 1., 0., 1., 1., 0., 0., 1., 1.,
           0., 1.],
          [0., 1., 0., 0., 0., 1., 1., 0., 1., 0., 0., 1., 1., 0., 1., 1., 0.,
           0., 1.]]]], device='cuda:0'), tensor([[0.6421]], device='cuda:0'))
2026-01-08 17:18:47 - INFO - [ 0.9982521  -0.0267421   0.00106477  0.01091021  0.00106477  0.01091021
  0.7617383  -0.34842926]
2026-01-08 17:18:47 - INFO - (tensor([[[[0., 1., 0., 0., 0., 1., 0., 0., 0., 1., 0., 0., 0., 0., 1., 0., 1.,
           1., 1.],
          [0., 1., 0., 1., 1., 1., 1., 1., 1., 1., 1., 0., 0., 1., 1., 1., 0.,
           1., 0.],
          [0., 0., 0., 0., 1., 1., 1., 1., 1., 0., 1., 1., 0., 1., 0., 1., 0.,
           1., 1.],
          [0., 0., 0., 0., 0., 0., 0., 0., 1., 1., 0., 1., 1., 1., 1., 0., 1.,
           0., 1.],
          [1., 1., 0., 1., 0., 1., 0., 1., 0., 0., 1., 0., 1., 1., 1., 1., 1.,
           1., 1.],
          [1., 1., 1., 1., 0., 0., 1., 1., 1., 1., 1., 1., 1., 1., 0., 1., 0.,
           1., 1.],
          [0., 1., 0., 1., 1., 0., 1., 0., 1., 0., 0., 1., 1., 0., 1., 1., 1.,
           0., 0.],
          [0., 0., 0., 0., 0., 0., 0., 1., 0., 1., 1., 1., 0., 0., 0., 0., 1.,
           0., 0.],
          [0., 0., 0., 1., 0., 1., 0., 1., 0., 0., 1., 1., 1., 0., 1., 0., 0.,
           1., 1.],
          [1., 0., 1., 1., 1., 0., 0., 0., 0., 0., 0., 1., 0., 0., 0., 1., 0.,
           0., 1.],
          [0., 0., 0., 0., 0., 1., 1., 1., 0., 0., 0., 1., 0., 0., 1., 0., 1.,
           1., 1.],
          [0., 0., 0., 0., 0., 0., 0., 1., 0., 1., 0., 0., 0., 1., 1., 1., 1.,
           0., 1.],
          [0., 0., 1., 1., 1., 1., 1., 1., 1., 1., 0., 1., 1., 0., 1., 0., 0.,
           1., 0.],
          [0., 0., 0., 1., 0., 1., 0., 0., 0., 0., 1., 1., 0., 0., 1., 0., 0.,
           0., 1.],
          [1., 1., 0., 0., 1., 1., 1., 1., 0., 1., 0., 1., 0., 1., 1., 1., 1.,
           0., 1.],
          [0., 0., 0., 0., 1., 0., 0., 0., 1., 1., 1., 1., 0., 0., 1., 0., 0.,
           0., 1.],
          [1., 0., 1., 1., 1., 1., 1., 0., 1., 0., 0., 1., 0., 0., 0., 1., 1.,
           0., 1.],
          [1., 1., 1., 0., 0., 1., 1., 0., 0., 1., 0., 1., 1., 0., 0., 1., 1.,
           0., 1.],
          [0., 1., 0., 0., 0., 1., 1., 0., 1., 0., 0., 1., 1., 0., 1., 1., 0.,
           0., 1.]]]], device='cuda:0'), tensor([[0.6455]], device='cuda:0'))
2026-01-08 17:18:47 - INFO - [ 0.99824315 -0.02666849  0.00106669  0.010931    0.00106667  0.010931
  0.7609718  -0.34992132]
2026-01-08 17:18:47 - INFO - (tensor([[[[0., 1., 0., 0., 0., 1., 0., 0., 0., 1., 0., 0., 0., 0., 1., 0., 1.,
           1., 1.],
          [0., 1., 0., 1., 1., 1., 1., 1., 1., 1., 1., 0., 0., 1., 1., 1., 0.,
           1., 0.],
          [0., 0., 0., 0., 1., 1., 1., 1., 1., 0., 1., 1., 0., 1., 0., 1., 0.,
           1., 1.],
          [0., 0., 0., 0., 0., 0., 0., 0., 1., 1., 0., 1., 1., 1., 1., 0., 1.,
           0., 1.],
          [1., 1., 0., 1., 0., 1., 0., 1., 0., 0., 1., 0., 1., 1., 1., 1., 1.,
           1., 1.],
          [1., 1., 1., 1., 0., 0., 1., 1., 1., 1., 1., 1., 1., 1., 0., 1., 0.,
           1., 1.],
          [0., 1., 0., 1., 1., 0., 1., 0., 1., 0., 0., 1., 1., 0., 1., 1., 1.,
           0., 0.],
          [0., 0., 0., 0., 0., 0., 0., 1., 0., 1., 1., 1., 0., 0., 0., 0., 1.,
           0., 0.],
          [0., 0., 0., 1., 0., 1., 0., 1., 0., 0., 1., 1., 1., 0., 1., 0., 0.,
           1., 1.],
          [1., 0., 1., 1., 1., 0., 0., 0., 0., 0., 0., 1., 0., 0., 0., 1., 0.,
           0., 1.],
          [0., 0., 0., 0., 0., 1., 1., 1., 0., 0., 0., 1., 0., 0., 1., 0., 1.,
           1., 1.],
          [0., 0., 0., 0., 0., 0., 0., 1., 0., 1., 0., 0., 0., 1., 1., 1., 1.,
           0., 1.],
          [0., 0., 1., 1., 1., 1., 1., 1., 1., 1., 0., 1., 1., 0., 1., 0., 0.,
           1., 0.],
          [0., 0., 0., 1., 0., 1., 0., 0., 0., 0., 1., 1., 0., 0., 1., 0., 0.,
           0., 1.],
          [1., 1., 0., 0., 1., 1., 1., 1., 0., 1., 0., 1., 0., 1., 1., 1., 1.,
           0., 1.],
          [0., 0., 0., 0., 1., 0., 0., 0., 1., 1., 1., 1., 0., 0., 1., 0., 0.,
           0., 1.],
          [1., 0., 1., 1., 1., 1., 1., 0., 1., 0., 0., 1., 0., 0., 0., 1., 1.,
           0., 1.],
          [1., 1., 1., 0., 0., 1., 1., 0., 0., 1., 0., 1., 1., 0., 0., 1., 1.,
           0., 1.],
          [0., 1., 0., 0., 0., 1., 1., 0., 1., 0., 0., 1., 1., 0., 1., 1., 0.,
           0., 1.]]]], device='cuda:0'), tensor([[0.6488]], device='cuda:0'))
2026-01-08 17:18:47 - INFO - [ 0.9982336  -0.02659425  0.00106835  0.01095133  0.00106835  0.01095133
  0.76018226 -0.35143372]
2026-01-08 17:18:47 - INFO - (tensor([[[[0., 1., 0., 0., 0., 1., 0., 0., 0., 1., 0., 0., 0., 0., 1., 0., 1.,
           1., 1.],
          [0., 1., 0., 1., 1., 1., 1., 1., 1., 1., 1., 0., 0., 1., 1., 1., 0.,
           1., 0.],
          [0., 0., 0., 0., 1., 1., 1., 1., 1., 0., 1., 1., 0., 1., 0., 1., 0.,
           1., 1.],
          [0., 0., 0., 0., 0., 0., 0., 0., 1., 1., 0., 1., 1., 1., 1., 0., 1.,
           0., 1.],
          [1., 1., 0., 1., 0., 1., 0., 1., 0., 0., 1., 0., 1., 1., 1., 1., 1.,
           1., 1.],
          [1., 1., 1., 1., 0., 0., 1., 1., 1., 1., 1., 1., 1., 1., 0., 1., 0.,
           1., 1.],
          [0., 1., 0., 1., 1., 0., 1., 0., 1., 0., 0., 1., 1., 0., 1., 1., 1.,
           0., 0.],
          [0., 0., 0., 0., 0., 0., 0., 1., 0., 1., 1., 1., 0., 0., 0., 0., 1.,
           0., 0.],
          [0., 0., 0., 1., 0., 1., 0., 1., 0., 0., 1., 1., 1., 0., 1., 0., 0.,
           1., 1.],
          [1., 0., 1., 1., 1., 0., 0., 0., 0., 0., 0., 1., 0., 0., 0., 1., 0.,
           0., 1.],
          [0., 0., 0., 0., 0., 1., 1., 1., 0., 0., 0., 1., 0., 0., 1., 0., 1.,
           1., 1.],
          [0., 0., 0., 0., 0., 0., 0., 1., 0., 1., 0., 0., 0., 1., 1., 1., 1.,
           0., 1.],
          [0., 0., 1., 1., 1., 1., 1., 1., 1., 1., 0., 1., 1., 0., 1., 0., 0.,
           1., 0.],
          [0., 0., 0., 1., 0., 1., 0., 0., 0., 0., 1., 1., 0., 0., 1., 0., 0.,
           0., 1.],
          [1., 1., 0., 0., 1., 1., 1., 1., 0., 1., 0., 1., 0., 1., 1., 1., 1.,
           0., 1.],
          [0., 0., 0., 0., 1., 0., 0., 0., 1., 1., 1., 1., 0., 0., 1., 0., 0.,
           0., 1.],
          [1., 0., 1., 1., 1., 1., 1., 0., 1., 0., 0., 1., 0., 0., 0., 1., 1.,
           0., 1.],
          [1., 1., 1., 0., 0., 1., 1., 0., 0., 1., 0., 1., 1., 0., 0., 1., 1.,
           0., 1.],
          [0., 1., 0., 0., 0., 1., 1., 0., 1., 0., 0., 1., 1., 0., 1., 1., 0.,
           0., 1.]]]], device='cuda:0'), tensor([[0.6522]], device='cuda:0'))
2026-01-08 17:18:47 - INFO - [ 0.99822176 -0.02653222  0.00107131  0.01097026  0.00107132  0.01097026
  0.75931495 -0.35304955]
2026-01-08 17:18:47 - INFO - (tensor([[[[0., 1., 0., 0., 0., 1., 0., 0., 0., 1., 0., 0., 0., 0., 1., 0., 1.,
           1., 1.],
          [0., 1., 0., 1., 1., 1., 1., 1., 1., 1., 1., 0., 0., 1., 1., 1., 0.,
           1., 0.],
          [0., 0., 0., 0., 1., 1., 1., 1., 1., 0., 1., 1., 0., 1., 0., 1., 0.,
           1., 1.],
          [0., 0., 0., 0., 0., 0., 0., 0., 1., 1., 0., 1., 1., 1., 1., 0., 1.,
           0., 1.],
          [1., 1., 0., 1., 0., 1., 0., 1., 0., 0., 1., 0., 1., 1., 1., 1., 1.,
           1., 1.],
          [1., 1., 1., 1., 0., 0., 1., 1., 1., 1., 1., 1., 1., 1., 0., 1., 0.,
           1., 1.],
          [0., 1., 0., 1., 1., 0., 1., 0., 1., 0., 0., 1., 1., 0., 1., 1., 1.,
           0., 0.],
          [0., 0., 0., 0., 0., 0., 0., 1., 0., 1., 1., 1., 0., 0., 0., 0., 1.,
           0., 0.],
          [0., 0., 0., 1., 0., 1., 0., 1., 0., 0., 1., 1., 1., 0., 1., 0., 0.,
           1., 1.],
          [1., 0., 1., 1., 1., 0., 0., 0., 0., 0., 0., 1., 0., 0., 0., 1., 0.,
           0., 1.],
          [0., 0., 0., 0., 0., 1., 1., 1., 0., 0., 0., 1., 0., 0., 1., 0., 1.,
           1., 1.],
          [0., 0., 0., 0., 0., 0., 0., 1., 0., 1., 0., 0., 0., 1., 1., 1., 1.,
           0., 1.],
          [0., 0., 1., 1., 1., 1., 1., 1., 1., 1., 0., 1., 1., 0., 1., 0., 0.,
           1., 0.],
          [0., 0., 0., 1., 0., 1., 0., 0., 0., 0., 1., 1., 0., 0., 1., 0., 0.,
           0., 1.],
          [1., 1., 0., 0., 1., 1., 1., 1., 0., 1., 0., 1., 0., 1., 1., 1., 1.,
           0., 1.],
          [0., 0., 0., 0., 1., 0., 0., 0., 1., 1., 1., 1., 0., 0., 1., 0., 0.,
           0., 1.],
          [1., 0., 1., 1., 1., 1., 1., 0., 1., 0., 0., 1., 0., 0., 0., 1., 1.,
           0., 1.],
          [1., 1., 1., 0., 0., 1., 1., 0., 0., 1., 0., 1., 1., 0., 0., 1., 1.,
           0., 1.],
          [0., 1., 0., 0., 0., 1., 1., 0., 1., 0., 0., 1., 1., 0., 1., 1., 0.,
           0., 1.]]]], device='cuda:0'), tensor([[0.6555]], device='cuda:0'))
2026-01-08 17:18:47 - INFO - [ 0.9982021  -0.02652979  0.00109061  0.01099664  0.00109063  0.01099665
  0.758206   -0.35514298]
2026-01-08 17:18:47 - INFO - (tensor([[[[0., 1., 0., 0., 0., 1., 0., 0., 0., 1., 0., 0., 0., 0., 1., 0., 1.,
           1., 1.],
          [0., 1., 0., 1., 1., 1., 1., 1., 1., 1., 1., 0., 0., 1., 1., 1., 0.,
           1., 0.],
          [0., 0., 0., 0., 1., 1., 1., 1., 1., 0., 1., 1., 0., 1., 0., 1., 0.,
           1., 1.],
          [0., 0., 0., 0., 0., 0., 0., 0., 1., 1., 0., 1., 1., 1., 1., 0., 1.,
           0., 1.],
          [1., 1., 0., 1., 0., 1., 0., 1., 0., 0., 1., 0., 1., 1., 1., 1., 1.,
           1., 1.],
          [1., 1., 1., 1., 0., 0., 1., 1., 1., 1., 1., 1., 1., 1., 0., 1., 0.,
           1., 1.],
          [0., 1., 0., 1., 1., 0., 1., 0., 1., 0., 0., 1., 1., 0., 1., 1., 1.,
           0., 0.],
          [0., 0., 0., 0., 0., 0., 0., 1., 0., 1., 1., 1., 0., 0., 0., 0., 1.,
           0., 0.],
          [0., 0., 0., 1., 0., 1., 0., 1., 0., 0., 1., 1., 1., 0., 1., 0., 0.,
           1., 1.],
          [1., 0., 1., 1., 1., 0., 0., 0., 0., 0., 0., 1., 0., 0., 0., 1., 0.,
           0., 1.],
          [0., 0., 0., 0., 0., 1., 1., 1., 0., 0., 0., 1., 0., 0., 1., 0., 1.,
           1., 1.],
          [0., 0., 0., 0., 0., 0., 0., 1., 0., 1., 0., 0., 0., 1., 1., 1., 1.,
           0., 1.],
          [0., 0., 1., 1., 1., 1., 1., 1., 1., 1., 0., 1., 1., 0., 1., 0., 0.,
           1., 0.],
          [0., 0., 0., 1., 0., 1., 0., 0., 0., 0., 1., 1., 0., 0., 1., 0., 0.,
           0., 1.],
          [1., 1., 0., 0., 1., 1., 1., 1., 0., 1., 0., 1., 0., 1., 1., 1., 1.,
           0., 1.],
          [0., 0., 0., 0., 1., 0., 0., 0., 1., 1., 1., 1., 0., 0., 1., 0., 0.,
           0., 1.],
          [1., 0., 1., 1., 1., 1., 1., 0., 1., 0., 0., 1., 0., 0., 0., 1., 1.,
           0., 1.],
          [1., 1., 1., 0., 0., 1., 1., 0., 0., 1., 0., 1., 1., 0., 0., 1., 1.,
           0., 1.],
          [0., 1., 0., 0., 0., 1., 1., 0., 1., 0., 0., 1., 1., 0., 1., 1., 0.,
           0., 1.]]]], device='cuda:0'), tensor([[0.6589]], device='cuda:0'))
2026-01-08 17:18:47 - INFO - [ 0.99818075 -0.02658645  0.00110354  0.01100938  0.00110355  0.01100938
  0.7573214  -0.35663748]
2026-01-08 17:18:47 - INFO - (tensor([[[[0., 1., 0., 0., 0., 1., 0., 0., 0., 1., 0., 0., 0., 0., 1., 0., 1.,
           1., 1.],
          [0., 1., 0., 1., 1., 1., 1., 1., 1., 1., 1., 0., 0., 1., 1., 1., 0.,
           1., 0.],
          [0., 0., 0., 0., 1., 1., 1., 1., 1., 0., 1., 1., 0., 1., 0., 1., 0.,
           1., 1.],
          [0., 0., 0., 0., 0., 0., 0., 0., 1., 1., 0., 1., 1., 1., 1., 0., 1.,
           0., 1.],
          [1., 1., 0., 1., 0., 1., 0., 1., 0., 0., 1., 0., 1., 1., 1., 1., 1.,
           1., 1.],
          [1., 1., 1., 1., 0., 0., 1., 1., 1., 1., 1., 1., 1., 1., 0., 1., 0.,
           1., 1.],
          [0., 1., 0., 1., 1., 0., 1., 0., 1., 0., 0., 1., 1., 0., 1., 1., 1.,
           0., 0.],
          [0., 0., 0., 0., 0., 0., 0., 1., 0., 1., 1., 1., 0., 0., 0., 0., 1.,
           0., 0.],
          [0., 0., 0., 1., 0., 1., 0., 1., 0., 0., 1., 1., 1., 0., 1., 0., 0.,
           1., 1.],
          [1., 0., 1., 1., 1., 0., 0., 0., 0., 0., 0., 1., 0., 0., 0., 1., 0.,
           0., 1.],
          [0., 0., 0., 0., 0., 1., 1., 1., 0., 0., 0., 1., 0., 0., 1., 0., 1.,
           1., 1.],
          [0., 0., 0., 0., 0., 0., 0., 1., 0., 1., 0., 0., 0., 1., 1., 1., 1.,
           0., 1.],
          [0., 0., 1., 1., 1., 1., 1., 1., 1., 1., 0., 1., 1., 0., 1., 0., 0.,
           1., 0.],
          [0., 0., 0., 1., 0., 1., 0., 0., 0., 0., 1., 1., 0., 0., 1., 0., 0.,
           0., 1.],
          [1., 1., 0., 0., 1., 1., 1., 1., 0., 1., 0., 1., 0., 1., 1., 1., 1.,
           0., 1.],
          [0., 0., 0., 0., 1., 0., 0., 0., 1., 1., 1., 1., 0., 0., 1., 0., 0.,
           0., 1.],
          [1., 0., 1., 1., 1., 1., 1., 0., 1., 0., 0., 1., 0., 0., 0., 1., 1.,
           0., 1.],
          [1., 1., 1., 0., 0., 1., 1., 0., 0., 1., 0., 1., 1., 0., 0., 1., 1.,
           0., 1.],
          [0., 1., 0., 0., 0., 1., 1., 0., 1., 0., 0., 1., 1., 0., 1., 1., 0.,
           0., 1.]]]], device='cuda:0'), tensor([[0.6622]], device='cuda:0'))
2026-01-08 17:18:47 - INFO - [ 0.9981583  -0.02667002  0.00111049  0.01101142  0.0011105   0.01101143
  0.75654566 -0.35778812]
2026-01-08 17:18:47 - INFO -   预测进度: 201/301
2026-01-08 17:18:47 - INFO - (tensor([[[[0., 1., 0., 0., 0., 1., 0., 0., 0., 1., 0., 0., 0., 0., 1., 0., 1.,
           1., 1.],
          [0., 1., 0., 1., 1., 1., 1., 1., 1., 1., 1., 0., 0., 1., 1., 1., 0.,
           1., 0.],
          [0., 0., 0., 0., 1., 1., 1., 1., 1., 0., 1., 1., 0., 1., 0., 1., 0.,
           1., 1.],
          [0., 0., 0., 0., 0., 0., 0., 0., 1., 1., 0., 1., 1., 1., 1., 0., 1.,
           0., 1.],
          [1., 1., 0., 1., 0., 1., 0., 1., 0., 0., 1., 0., 1., 1., 1., 1., 1.,
           1., 1.],
          [1., 1., 1., 1., 0., 0., 1., 1., 1., 1., 1., 1., 1., 1., 0., 1., 0.,
           1., 1.],
          [0., 1., 0., 1., 1., 0., 1., 0., 1., 0., 0., 1., 1., 0., 1., 1., 1.,
           0., 0.],
          [0., 0., 0., 0., 0., 0., 0., 1., 0., 1., 1., 1., 0., 0., 0., 0., 1.,
           0., 0.],
          [0., 0., 0., 1., 0., 1., 0., 1., 0., 0., 1., 1., 1., 0., 1., 0., 0.,
           1., 1.],
          [1., 0., 1., 1., 1., 0., 0., 0., 0., 0., 0., 1., 0., 0., 0., 1., 0.,
           0., 1.],
          [0., 0., 0., 0., 0., 1., 1., 1., 0., 0., 0., 1., 0., 0., 1., 0., 1.,
           1., 1.],
          [0., 0., 0., 0., 0., 0., 0., 1., 0., 1., 0., 0., 0., 1., 1., 1., 1.,
           0., 1.],
          [0., 0., 1., 1., 1., 1., 1., 1., 1., 1., 0., 1., 1., 0., 1., 0., 0.,
           1., 0.],
          [0., 0., 0., 1., 0., 1., 0., 0., 0., 0., 1., 1., 0., 0., 1., 0., 0.,
           0., 1.],
          [1., 1., 0., 0., 1., 1., 1., 1., 0., 1., 0., 1., 0., 1., 1., 1., 1.,
           0., 1.],
          [0., 0., 0., 0., 1., 0., 0., 0., 1., 1., 1., 1., 0., 0., 1., 0., 0.,
           0., 1.],
          [1., 0., 1., 1., 1., 1., 1., 0., 1., 0., 0., 1., 0., 0., 0., 1., 1.,
           0., 1.],
          [1., 1., 1., 0., 0., 1., 1., 0., 0., 1., 0., 1., 1., 0., 0., 1., 1.,
           0., 1.],
          [0., 1., 0., 0., 0., 1., 1., 0., 1., 0., 0., 1., 1., 0., 1., 1., 0.,
           0., 1.]]]], device='cuda:0'), tensor([[0.6656]], device='cuda:0'))
2026-01-08 17:18:47 - INFO - [ 0.9981347  -0.02675708  0.00111788  0.01101664  0.0011179   0.01101665
  0.75574225 -0.35898605]
2026-01-08 17:18:47 - INFO - (tensor([[[[0., 1., 0., 0., 0., 1., 0., 0., 0., 1., 0., 0., 0., 0., 1., 0., 1.,
           1., 1.],
          [0., 1., 0., 1., 1., 1., 1., 1., 1., 1., 1., 0., 0., 1., 1., 1., 0.,
           1., 0.],
          [0., 0., 0., 0., 1., 1., 1., 1., 1., 0., 1., 1., 0., 1., 0., 1., 0.,
           1., 1.],
          [0., 0., 0., 0., 0., 0., 0., 0., 1., 1., 0., 1., 1., 1., 1., 0., 1.,
           0., 1.],
          [1., 1., 0., 1., 0., 1., 0., 1., 0., 0., 1., 0., 1., 1., 1., 1., 1.,
           1., 1.],
          [1., 1., 1., 1., 0., 0., 1., 1., 1., 1., 1., 1., 1., 1., 0., 1., 0.,
           1., 1.],
          [0., 1., 0., 1., 1., 0., 1., 0., 1., 0., 0., 1., 1., 0., 1., 1., 1.,
           0., 0.],
          [0., 0., 0., 0., 0., 0., 0., 1., 0., 1., 1., 1., 0., 0., 0., 0., 1.,
           0., 0.],
          [0., 0., 0., 1., 0., 1., 0., 1., 0., 0., 1., 1., 1., 0., 1., 0., 0.,
           1., 1.],
          [1., 0., 1., 1., 1., 0., 0., 0., 0., 0., 0., 1., 0., 0., 0., 1., 0.,
           0., 1.],
          [0., 0., 0., 0., 0., 1., 1., 1., 0., 0., 0., 1., 0., 0., 1., 0., 1.,
           1., 1.],
          [0., 0., 0., 0., 0., 0., 0., 1., 0., 1., 0., 0., 0., 1., 1., 1., 1.,
           0., 1.],
          [0., 0., 1., 1., 1., 1., 1., 1., 1., 1., 0., 1., 1., 0., 1., 0., 0.,
           1., 0.],
          [0., 0., 0., 1., 0., 1., 0., 0., 0., 0., 1., 1., 0., 0., 1., 0., 0.,
           0., 1.],
          [1., 1., 0., 0., 1., 1., 1., 1., 0., 1., 0., 1., 0., 1., 1., 1., 1.,
           0., 1.],
          [0., 0., 0., 0., 1., 0., 0., 0., 1., 1., 1., 1., 0., 0., 1., 0., 0.,
           0., 1.],
          [1., 0., 1., 1., 1., 1., 1., 0., 1., 0., 0., 1., 0., 0., 0., 1., 1.,
           0., 1.],
          [1., 1., 1., 0., 0., 1., 1., 0., 0., 1., 0., 1., 1., 0., 0., 1., 1.,
           0., 1.],
          [0., 1., 0., 0., 0., 1., 1., 0., 1., 0., 0., 1., 1., 0., 1., 1., 0.,
           0., 1.]]]], device='cuda:0'), tensor([[0.6689]], device='cuda:0'))
2026-01-08 17:18:47 - INFO - [ 0.9981139  -0.02684975  0.00113246  0.01104901  0.00113246  0.01104902
  0.7550244  -0.36017954]
2026-01-08 17:18:47 - INFO - (tensor([[[[0., 1., 0., 0., 0., 1., 0., 0., 0., 1., 0., 0., 0., 0., 1., 0., 1.,
           1., 1.],
          [0., 1., 0., 1., 1., 1., 1., 1., 1., 1., 1., 0., 0., 1., 1., 1., 0.,
           1., 0.],
          [0., 0., 0., 0., 1., 1., 1., 1., 1., 0., 1., 1., 0., 1., 0., 1., 0.,
           1., 1.],
          [0., 0., 0., 0., 0., 0., 0., 0., 1., 1., 0., 1., 1., 1., 1., 0., 1.,
           0., 1.],
          [1., 1., 0., 1., 0., 1., 0., 1., 0., 0., 1., 0., 1., 1., 1., 1., 1.,
           1., 1.],
          [1., 1., 1., 1., 0., 0., 1., 1., 1., 1., 1., 1., 1., 1., 0., 1., 0.,
           1., 1.],
          [0., 1., 0., 1., 1., 0., 1., 0., 1., 0., 0., 1., 1., 0., 1., 1., 1.,
           0., 0.],
          [0., 0., 0., 0., 0., 0., 0., 1., 0., 1., 1., 1., 0., 0., 0., 0., 1.,
           0., 0.],
          [0., 0., 0., 1., 0., 1., 0., 1., 0., 0., 1., 1., 1., 0., 1., 0., 0.,
           1., 1.],
          [1., 0., 1., 1., 1., 0., 0., 0., 0., 0., 0., 1., 0., 0., 0., 1., 0.,
           0., 1.],
          [0., 0., 0., 0., 0., 1., 1., 1., 0., 0., 0., 1., 0., 0., 1., 0., 1.,
           1., 1.],
          [0., 0., 0., 0., 0., 0., 0., 1., 0., 1., 0., 0., 0., 1., 1., 1., 1.,
           0., 1.],
          [0., 0., 1., 1., 1., 1., 1., 1., 1., 1., 0., 1., 1., 0., 1., 0., 0.,
           1., 0.],
          [0., 0., 0., 1., 0., 1., 0., 0., 0., 0., 1., 1., 0., 0., 1., 0., 0.,
           0., 1.],
          [1., 1., 0., 0., 1., 1., 1., 1., 0., 1., 0., 1., 0., 1., 1., 1., 1.,
           0., 1.],
          [0., 0., 0., 0., 1., 0., 0., 0., 1., 1., 1., 1., 0., 0., 1., 0., 0.,
           0., 1.],
          [1., 0., 1., 1., 1., 1., 1., 0., 1., 0., 0., 1., 0., 0., 0., 1., 1.,
           0., 1.],
          [1., 1., 1., 0., 0., 1., 1., 0., 0., 1., 0., 1., 1., 0., 0., 1., 1.,
           0., 1.],
          [0., 1., 0., 0., 0., 1., 1., 0., 1., 0., 0., 1., 1., 0., 1., 1., 0.,
           0., 1.]]]], device='cuda:0'), tensor([[0.6722]], device='cuda:0'))
2026-01-08 17:18:47 - INFO - [ 0.9980987  -0.02691543  0.00116177  0.01111167  0.00116177  0.01111167
  0.7544526  -0.36126953]
2026-01-08 17:18:47 - INFO - (tensor([[[[0., 1., 0., 0., 0., 1., 0., 0., 0., 1., 0., 0., 0., 0., 1., 0., 1.,
           1., 1.],
          [0., 1., 0., 1., 1., 1., 1., 1., 1., 1., 1., 0., 0., 1., 1., 1., 0.,
           1., 0.],
          [0., 0., 0., 0., 1., 1., 1., 1., 1., 0., 1., 1., 0., 1., 0., 1., 0.,
           1., 1.],
          [0., 0., 0., 0., 0., 0., 0., 0., 1., 1., 0., 1., 1., 1., 1., 0., 1.,
           0., 1.],
          [1., 1., 0., 1., 0., 1., 0., 1., 0., 0., 1., 0., 1., 1., 1., 1., 1.,
           1., 1.],
          [1., 1., 1., 1., 0., 0., 1., 1., 1., 1., 1., 1., 1., 1., 0., 1., 0.,
           1., 1.],
          [0., 1., 0., 1., 1., 0., 1., 0., 1., 0., 0., 1., 1., 0., 1., 1., 1.,
           0., 0.],
          [0., 0., 0., 0., 0., 0., 0., 1., 0., 1., 1., 1., 0., 0., 0., 0., 1.,
           0., 0.],
          [0., 0., 0., 1., 0., 1., 0., 1., 0., 0., 1., 1., 1., 0., 1., 0., 0.,
           1., 1.],
          [1., 0., 1., 1., 1., 0., 0., 0., 0., 0., 0., 1., 0., 0., 0., 1., 0.,
           0., 1.],
          [0., 0., 0., 0., 0., 1., 1., 1., 0., 0., 0., 1., 0., 0., 1., 0., 1.,
           1., 1.],
          [0., 0., 0., 0., 0., 0., 0., 1., 0., 1., 0., 0., 0., 1., 1., 1., 1.,
           0., 1.],
          [0., 0., 1., 1., 1., 1., 1., 1., 1., 1., 0., 1., 1., 0., 1., 0., 0.,
           1., 0.],
          [0., 0., 0., 1., 0., 1., 0., 0., 0., 0., 1., 1., 0., 0., 1., 0., 0.,
           0., 1.],
          [1., 1., 0., 0., 1., 1., 1., 1., 0., 1., 0., 1., 0., 1., 1., 1., 1.,
           0., 1.],
          [0., 0., 0., 0., 1., 0., 0., 0., 1., 1., 1., 1., 0., 0., 1., 0., 0.,
           0., 1.],
          [1., 0., 1., 1., 1., 1., 1., 0., 1., 0., 0., 1., 0., 0., 0., 1., 1.,
           0., 1.],
          [1., 1., 1., 0., 0., 1., 1., 0., 0., 1., 0., 1., 1., 0., 0., 1., 1.,
           0., 1.],
          [0., 1., 0., 0., 0., 1., 1., 0., 1., 0., 0., 1., 1., 0., 1., 1., 0.,
           0., 1.]]]], device='cuda:0'), tensor([[0.6756]], device='cuda:0'))
2026-01-08 17:18:47 - INFO - [ 0.9980873  -0.02700861  0.00118255  0.0111717   0.00118255  0.01117171
  0.7538456  -0.3623597 ]
2026-01-08 17:18:47 - INFO - (tensor([[[[0., 1., 0., 0., 0., 1., 0., 0., 0., 1., 0., 0., 0., 0., 1., 0., 1.,
           1., 1.],
          [0., 1., 0., 1., 1., 1., 1., 1., 1., 1., 1., 0., 0., 1., 1., 1., 0.,
           1., 0.],
          [0., 0., 0., 0., 1., 1., 1., 1., 1., 0., 1., 1., 0., 1., 0., 1., 0.,
           1., 1.],
          [0., 0., 0., 0., 0., 0., 0., 0., 1., 1., 0., 1., 1., 1., 1., 0., 1.,
           0., 1.],
          [1., 1., 0., 1., 0., 1., 0., 1., 0., 0., 1., 0., 1., 1., 1., 1., 1.,
           1., 1.],
          [1., 1., 1., 1., 0., 0., 1., 1., 1., 1., 1., 1., 1., 1., 0., 1., 0.,
           1., 1.],
          [0., 1., 0., 1., 1., 0., 1., 0., 1., 0., 0., 1., 1., 0., 1., 1., 1.,
           0., 0.],
          [0., 0., 0., 0., 0., 0., 0., 1., 0., 1., 1., 1., 0., 0., 0., 0., 1.,
           0., 0.],
          [0., 0., 0., 1., 0., 1., 0., 1., 0., 0., 1., 1., 1., 0., 1., 0., 0.,
           1., 1.],
          [1., 0., 1., 1., 1., 0., 0., 0., 0., 0., 0., 1., 0., 0., 0., 1., 0.,
           0., 1.],
          [0., 0., 0., 0., 0., 1., 1., 1., 0., 0., 0., 1., 0., 0., 1., 0., 1.,
           1., 1.],
          [0., 0., 0., 0., 0., 0., 0., 1., 0., 1., 0., 0., 0., 1., 1., 1., 1.,
           0., 1.],
          [0., 0., 1., 1., 1., 1., 1., 1., 1., 1., 0., 1., 1., 0., 1., 0., 0.,
           1., 0.],
          [0., 0., 0., 1., 0., 1., 0., 0., 0., 0., 1., 1., 0., 0., 1., 0., 0.,
           0., 1.],
          [1., 1., 0., 0., 1., 1., 1., 1., 0., 1., 0., 1., 0., 1., 1., 1., 1.,
           0., 1.],
          [0., 0., 0., 0., 1., 0., 0., 0., 1., 1., 1., 1., 0., 0., 1., 0., 0.,
           0., 1.],
          [1., 0., 1., 1., 1., 1., 1., 0., 1., 0., 0., 1., 0., 0., 0., 1., 1.,
           0., 1.],
          [1., 1., 1., 0., 0., 1., 1., 0., 0., 1., 0., 1., 1., 0., 0., 1., 1.,
           0., 1.],
          [0., 1., 0., 0., 0., 1., 1., 0., 1., 0., 0., 1., 1., 0., 1., 1., 0.,
           0., 1.]]]], device='cuda:0'), tensor([[0.6789]], device='cuda:0'))
2026-01-08 17:18:47 - INFO - [ 0.998079   -0.02713685  0.00119621  0.01123353  0.00119622  0.01123352
  0.75316226 -0.3635297 ]
2026-01-08 17:18:47 - INFO - (tensor([[[[0., 1., 0., 0., 0., 1., 0., 0., 0., 1., 0., 0., 0., 0., 1., 0., 1.,
           1., 1.],
          [0., 1., 0., 1., 1., 1., 1., 1., 1., 1., 1., 0., 0., 1., 1., 1., 0.,
           1., 0.],
          [0., 0., 0., 0., 1., 1., 1., 1., 1., 0., 1., 1., 0., 1., 0., 1., 0.,
           1., 1.],
          [0., 0., 0., 0., 0., 0., 0., 0., 1., 1., 0., 1., 1., 1., 1., 0., 1.,
           0., 1.],
          [1., 1., 0., 1., 0., 1., 0., 1., 0., 0., 1., 0., 1., 1., 1., 1., 1.,
           1., 1.],
          [1., 1., 1., 1., 0., 0., 1., 1., 1., 1., 1., 1., 1., 1., 0., 1., 0.,
           1., 1.],
          [0., 1., 0., 1., 1., 0., 1., 0., 1., 0., 0., 1., 1., 0., 1., 1., 1.,
           0., 0.],
          [0., 0., 0., 0., 0., 0., 0., 1., 0., 1., 1., 1., 0., 0., 0., 0., 1.,
           0., 0.],
          [0., 0., 0., 1., 0., 1., 0., 1., 0., 0., 1., 1., 1., 0., 1., 0., 0.,
           1., 1.],
          [1., 0., 1., 1., 1., 0., 0., 0., 0., 0., 0., 1., 0., 0., 0., 1., 0.,
           0., 1.],
          [0., 0., 0., 0., 0., 1., 1., 1., 0., 0., 0., 1., 0., 0., 1., 0., 1.,
           1., 1.],
          [0., 0., 0., 0., 0., 0., 0., 1., 0., 1., 0., 0., 0., 1., 1., 1., 1.,
           0., 1.],
          [0., 0., 1., 1., 1., 1., 1., 1., 1., 1., 0., 1., 1., 0., 1., 0., 0.,
           1., 0.],
          [0., 0., 0., 1., 0., 1., 0., 0., 0., 0., 1., 1., 0., 0., 1., 0., 0.,
           0., 1.],
          [1., 1., 0., 0., 1., 1., 1., 1., 0., 1., 0., 1., 0., 1., 1., 1., 1.,
           0., 1.],
          [0., 0., 0., 0., 1., 0., 0., 0., 1., 1., 1., 1., 0., 0., 1., 0., 0.,
           0., 1.],
          [1., 0., 1., 1., 1., 1., 1., 0., 1., 0., 0., 1., 0., 0., 0., 1., 1.,
           0., 1.],
          [1., 1., 1., 0., 0., 1., 1., 0., 0., 1., 0., 1., 1., 0., 0., 1., 1.,
           0., 1.],
          [0., 1., 0., 0., 0., 1., 1., 0., 1., 0., 0., 1., 1., 0., 1., 1., 0.,
           0., 1.]]]], device='cuda:0'), tensor([[0.6823]], device='cuda:0'))
2026-01-08 17:18:47 - INFO - [ 0.9980684  -0.02730516  0.00120878  0.01130231  0.00120879  0.0113023
  0.752782   -0.36476687]
2026-01-08 17:18:47 - INFO - (tensor([[[[0., 1., 0., 0., 0., 1., 0., 0., 0., 1., 0., 0., 0., 0., 1., 0., 1.,
           1., 1.],
          [0., 1., 0., 1., 1., 1., 1., 1., 1., 1., 1., 0., 0., 1., 1., 1., 0.,
           1., 0.],
          [0., 0., 0., 0., 1., 1., 1., 1., 1., 0., 1., 1., 0., 1., 0., 1., 0.,
           1., 1.],
          [0., 0., 0., 0., 0., 0., 0., 0., 1., 1., 0., 1., 1., 1., 1., 0., 1.,
           0., 1.],
          [1., 1., 0., 1., 0., 1., 0., 1., 0., 0., 1., 0., 1., 1., 1., 1., 1.,
           1., 1.],
          [1., 1., 1., 1., 0., 0., 1., 1., 1., 1., 1., 1., 1., 1., 0., 1., 0.,
           1., 1.],
          [0., 1., 0., 1., 1., 0., 1., 0., 1., 0., 0., 1., 1., 0., 1., 1., 1.,
           0., 0.],
          [0., 0., 0., 0., 0., 0., 0., 1., 0., 1., 1., 1., 0., 0., 0., 0., 1.,
           0., 0.],
          [0., 0., 0., 1., 0., 1., 0., 1., 0., 0., 1., 1., 1., 0., 1., 0., 0.,
           1., 1.],
          [1., 0., 1., 1., 1., 0., 0., 0., 0., 0., 0., 1., 0., 0., 0., 1., 0.,
           0., 1.],
          [0., 0., 0., 0., 0., 1., 1., 1., 0., 0., 0., 1., 0., 0., 1., 0., 1.,
           1., 1.],
          [0., 0., 0., 0., 0., 0., 0., 1., 0., 1., 0., 0., 0., 1., 1., 1., 1.,
           0., 1.],
          [0., 0., 1., 1., 1., 1., 1., 1., 1., 1., 0., 1., 1., 0., 1., 0., 0.,
           1., 0.],
          [0., 0., 0., 1., 0., 1., 0., 0., 0., 0., 1., 1., 0., 0., 1., 0., 0.,
           0., 1.],
          [1., 1., 0., 0., 1., 1., 1., 1., 0., 1., 0., 1., 0., 1., 1., 1., 1.,
           0., 1.],
          [0., 0., 0., 0., 1., 0., 0., 0., 1., 1., 1., 1., 0., 0., 1., 0., 0.,
           0., 1.],
          [1., 0., 1., 1., 1., 1., 1., 0., 1., 0., 0., 1., 0., 0., 0., 1., 1.,
           0., 1.],
          [1., 1., 1., 0., 0., 1., 1., 0., 0., 1., 0., 1., 1., 0., 0., 1., 1.,
           0., 1.],
          [0., 1., 0., 0., 0., 1., 1., 0., 1., 0., 0., 1., 1., 0., 1., 1., 0.,
           0., 1.]]]], device='cuda:0'), tensor([[0.6856]], device='cuda:0'))
2026-01-08 17:18:47 - INFO - [ 0.9980557  -0.02749271  0.00122281  0.01137915  0.0012228   0.01137915
  0.75237703 -0.3661638 ]
2026-01-08 17:18:47 - INFO - (tensor([[[[0., 1., 0., 0., 0., 1., 0., 0., 0., 1., 0., 0., 0., 0., 1., 0., 1.,
           1., 1.],
          [0., 1., 0., 1., 1., 1., 1., 1., 1., 1., 1., 0., 0., 1., 1., 1., 0.,
           1., 0.],
          [0., 0., 0., 0., 1., 1., 1., 1., 1., 0., 1., 1., 0., 1., 0., 1., 0.,
           1., 1.],
          [0., 0., 0., 0., 0., 0., 0., 0., 1., 1., 0., 1., 1., 1., 1., 0., 1.,
           0., 1.],
          [1., 1., 0., 1., 0., 1., 0., 1., 0., 0., 1., 0., 1., 1., 1., 1., 1.,
           1., 1.],
          [1., 1., 1., 1., 0., 0., 1., 1., 1., 1., 1., 1., 1., 1., 0., 1., 0.,
           1., 1.],
          [0., 1., 0., 1., 1., 0., 1., 0., 1., 0., 0., 1., 1., 0., 1., 1., 1.,
           0., 0.],
          [0., 0., 0., 0., 0., 0., 0., 1., 0., 1., 1., 1., 0., 0., 0., 0., 1.,
           0., 0.],
          [0., 0., 0., 1., 0., 1., 0., 1., 0., 0., 1., 1., 1., 0., 1., 0., 0.,
           1., 1.],
          [1., 0., 1., 1., 1., 0., 0., 0., 0., 0., 0., 1., 0., 0., 0., 1., 0.,
           0., 1.],
          [0., 0., 0., 0., 0., 1., 1., 1., 0., 0., 0., 1., 0., 0., 1., 0., 1.,
           1., 1.],
          [0., 0., 0., 0., 0., 0., 0., 1., 0., 1., 0., 0., 0., 1., 1., 1., 1.,
           0., 1.],
          [0., 0., 1., 1., 1., 1., 1., 1., 1., 1., 0., 1., 1., 0., 1., 0., 0.,
           1., 0.],
          [0., 0., 0., 1., 0., 1., 0., 0., 0., 0., 1., 1., 0., 0., 1., 0., 0.,
           0., 1.],
          [1., 1., 0., 0., 1., 1., 1., 1., 0., 1., 0., 1., 0., 1., 1., 1., 1.,
           0., 1.],
          [0., 0., 0., 0., 1., 0., 0., 0., 1., 1., 1., 1., 0., 0., 1., 0., 0.,
           0., 1.],
          [1., 0., 1., 1., 1., 1., 1., 0., 1., 0., 0., 1., 0., 0., 0., 1., 1.,
           0., 1.],
          [1., 1., 1., 0., 0., 1., 1., 0., 0., 1., 0., 1., 1., 0., 0., 1., 1.,
           0., 1.],
          [0., 1., 0., 0., 0., 1., 1., 0., 1., 0., 0., 1., 1., 0., 1., 1., 0.,
           0., 1.]]]], device='cuda:0'), tensor([[0.6890]], device='cuda:0'))
2026-01-08 17:18:47 - INFO - [ 0.9980442  -0.02765557  0.00123373  0.0114455   0.00123373  0.0114455
  0.75205725 -0.36740488]
2026-01-08 17:18:47 - INFO - (tensor([[[[0., 1., 0., 0., 0., 1., 0., 0., 0., 1., 0., 0., 0., 0., 1., 0., 1.,
           1., 1.],
          [0., 1., 0., 1., 1., 1., 1., 1., 1., 1., 1., 0., 0., 1., 1., 1., 0.,
           1., 0.],
          [0., 0., 0., 0., 1., 1., 1., 1., 1., 0., 1., 1., 0., 1., 0., 1., 0.,
           1., 1.],
          [0., 0., 0., 0., 0., 0., 0., 0., 1., 1., 0., 1., 1., 1., 1., 0., 1.,
           0., 1.],
          [1., 1., 0., 1., 0., 1., 0., 1., 0., 0., 1., 0., 1., 1., 1., 1., 1.,
           1., 1.],
          [1., 1., 1., 1., 0., 0., 1., 1., 1., 1., 1., 1., 1., 1., 0., 1., 0.,
           1., 1.],
          [0., 1., 0., 1., 1., 0., 1., 0., 1., 0., 0., 1., 1., 0., 1., 1., 1.,
           0., 0.],
          [0., 0., 0., 0., 0., 0., 0., 1., 0., 1., 1., 1., 0., 0., 0., 0., 1.,
           0., 0.],
          [0., 0., 0., 1., 0., 1., 0., 1., 0., 0., 1., 1., 1., 0., 1., 0., 0.,
           1., 1.],
          [1., 0., 1., 1., 1., 0., 0., 0., 0., 0., 0., 1., 0., 0., 0., 1., 0.,
           0., 1.],
          [0., 0., 0., 0., 0., 1., 1., 1., 0., 0., 0., 1., 0., 0., 1., 0., 1.,
           1., 1.],
          [0., 0., 0., 0., 0., 0., 0., 1., 0., 1., 0., 0., 0., 1., 1., 1., 1.,
           0., 1.],
          [0., 0., 1., 1., 1., 1., 1., 1., 1., 1., 0., 1., 1., 0., 1., 0., 0.,
           1., 0.],
          [0., 0., 0., 1., 0., 1., 0., 0., 0., 0., 1., 1., 0., 0., 1., 0., 0.,
           0., 1.],
          [1., 1., 0., 0., 1., 1., 1., 1., 0., 1., 0., 1., 0., 1., 1., 1., 1.,
           0., 1.],
          [0., 0., 0., 0., 1., 0., 0., 0., 1., 1., 1., 1., 0., 0., 1., 0., 0.,
           0., 1.],
          [1., 0., 1., 1., 1., 1., 1., 0., 1., 0., 0., 1., 0., 0., 0., 1., 1.,
           0., 1.],
          [1., 1., 1., 0., 0., 1., 1., 0., 0., 1., 0., 1., 1., 0., 0., 1., 1.,
           0., 1.],
          [0., 1., 0., 0., 0., 1., 1., 0., 1., 0., 0., 1., 1., 0., 1., 1., 0.,
           0., 1.]]]], device='cuda:0'), tensor([[0.6923]], device='cuda:0'))
2026-01-08 17:18:47 - INFO - [ 0.9980384  -0.02770518  0.00123192  0.01146455  0.00123191  0.01146455
  0.7522048  -0.36781666]
2026-01-08 17:18:47 - INFO - (tensor([[[[0., 1., 0., 0., 0., 1., 0., 0., 0., 1., 0., 0., 0., 0., 1., 0., 1.,
           1., 1.],
          [0., 1., 0., 1., 1., 1., 1., 1., 1., 1., 1., 0., 0., 1., 1., 1., 0.,
           1., 0.],
          [0., 0., 0., 0., 1., 1., 1., 1., 1., 0., 1., 1., 0., 1., 0., 1., 0.,
           1., 1.],
          [0., 0., 0., 0., 0., 0., 0., 0., 1., 1., 0., 1., 1., 1., 1., 0., 1.,
           0., 1.],
          [1., 1., 0., 1., 0., 1., 0., 1., 0., 0., 1., 0., 1., 1., 1., 1., 1.,
           1., 1.],
          [1., 1., 1., 1., 0., 0., 1., 1., 1., 1., 1., 1., 1., 1., 0., 1., 0.,
           1., 1.],
          [0., 1., 0., 1., 1., 0., 1., 0., 1., 0., 0., 1., 1., 0., 1., 1., 1.,
           0., 0.],
          [0., 0., 0., 0., 0., 0., 0., 1., 0., 1., 1., 1., 0., 0., 0., 0., 1.,
           0., 0.],
          [0., 0., 0., 1., 0., 1., 0., 1., 0., 0., 1., 1., 1., 0., 1., 0., 0.,
           1., 1.],
          [1., 0., 1., 1., 1., 0., 0., 0., 0., 0., 0., 1., 0., 0., 0., 1., 0.,
           0., 1.],
          [0., 0., 0., 0., 0., 1., 1., 1., 0., 0., 0., 1., 0., 0., 1., 0., 1.,
           1., 1.],
          [0., 0., 0., 0., 0., 0., 0., 1., 0., 1., 0., 0., 0., 1., 1., 1., 1.,
           0., 1.],
          [0., 0., 1., 1., 1., 1., 1., 1., 1., 1., 0., 1., 1., 0., 1., 0., 0.,
           1., 0.],
          [0., 0., 0., 1., 0., 1., 0., 0., 0., 0., 1., 1., 0., 0., 1., 0., 0.,
           0., 1.],
          [1., 1., 0., 0., 1., 1., 1., 1., 0., 1., 0., 1., 0., 1., 1., 1., 1.,
           0., 1.],
          [0., 0., 0., 0., 1., 0., 0., 0., 1., 1., 1., 1., 0., 0., 1., 0., 0.,
           0., 1.],
          [1., 0., 1., 1., 1., 1., 1., 0., 1., 0., 0., 1., 0., 0., 0., 1., 1.,
           0., 1.],
          [1., 1., 1., 0., 0., 1., 1., 0., 0., 1., 0., 1., 1., 0., 0., 1., 1.,
           0., 1.],
          [0., 1., 0., 0., 0., 1., 1., 0., 1., 0., 0., 1., 1., 0., 1., 1., 0.,
           0., 1.]]]], device='cuda:0'), tensor([[0.6957]], device='cuda:0'))
2026-01-08 17:18:47 - INFO - [ 0.9980295  -0.02775519  0.00125637  0.01152503  0.00125637  0.01152503
  0.75221384 -0.36863723]
2026-01-08 17:18:47 - INFO - (tensor([[[[0., 1., 0., 0., 0., 1., 0., 0., 0., 1., 0., 0., 0., 0., 1., 0., 1.,
           1., 1.],
          [0., 1., 0., 1., 1., 1., 1., 1., 1., 1., 1., 0., 0., 1., 1., 1., 0.,
           1., 0.],
          [0., 0., 0., 0., 1., 1., 1., 1., 1., 0., 1., 1., 0., 1., 0., 1., 0.,
           1., 1.],
          [0., 0., 0., 0., 0., 0., 0., 0., 1., 1., 0., 1., 1., 1., 1., 0., 1.,
           0., 1.],
          [1., 1., 0., 1., 0., 1., 0., 1., 0., 0., 1., 0., 1., 1., 1., 1., 1.,
           1., 1.],
          [1., 1., 1., 1., 0., 0., 1., 1., 1., 1., 1., 1., 1., 1., 0., 1., 0.,
           1., 1.],
          [0., 1., 0., 1., 1., 0., 1., 0., 1., 0., 0., 1., 1., 0., 1., 1., 1.,
           0., 0.],
          [0., 0., 0., 0., 0., 0., 0., 1., 0., 1., 1., 1., 0., 0., 0., 0., 1.,
           0., 0.],
          [0., 0., 0., 1., 0., 1., 0., 1., 0., 0., 1., 1., 1., 0., 1., 0., 0.,
           1., 1.],
          [1., 0., 1., 1., 1., 0., 0., 0., 0., 0., 0., 1., 0., 0., 0., 1., 0.,
           0., 1.],
          [0., 0., 0., 0., 0., 1., 1., 1., 0., 0., 0., 1., 0., 0., 1., 0., 1.,
           1., 1.],
          [0., 0., 0., 0., 0., 0., 0., 1., 0., 1., 0., 0., 0., 1., 1., 1., 1.,
           0., 1.],
          [0., 0., 1., 1., 1., 1., 1., 1., 1., 1., 0., 1., 1., 0., 1., 0., 0.,
           1., 0.],
          [0., 0., 0., 1., 0., 1., 0., 0., 0., 0., 1., 1., 0., 0., 1., 0., 0.,
           0., 1.],
          [1., 1., 0., 0., 1., 1., 1., 1., 0., 1., 0., 1., 0., 1., 1., 1., 1.,
           0., 1.],
          [0., 0., 0., 0., 1., 0., 0., 0., 1., 1., 1., 1., 0., 0., 1., 0., 0.,
           0., 1.],
          [1., 0., 1., 1., 1., 1., 1., 0., 1., 0., 0., 1., 0., 0., 0., 1., 1.,
           0., 1.],
          [1., 1., 1., 0., 0., 1., 1., 0., 0., 1., 0., 1., 1., 0., 0., 1., 1.,
           0., 1.],
          [0., 1., 0., 0., 0., 1., 1., 0., 1., 0., 0., 1., 1., 0., 1., 1., 0.,
           0., 1.]]]], device='cuda:0'), tensor([[0.6990]], device='cuda:0'))
2026-01-08 17:18:47 - INFO - [ 0.99801815 -0.02782418  0.00129737  0.01161121  0.00129736  0.01161122
  0.7519622  -0.36984792]
2026-01-08 17:18:47 - INFO - (tensor([[[[0., 1., 0., 0., 0., 1., 0., 0., 0., 1., 0., 0., 0., 0., 1., 0., 1.,
           1., 1.],
          [0., 1., 0., 1., 1., 1., 1., 1., 1., 1., 1., 0., 0., 1., 1., 1., 0.,
           1., 0.],
          [0., 0., 0., 0., 1., 1., 1., 1., 1., 0., 1., 1., 0., 1., 0., 1., 0.,
           1., 1.],
          [0., 0., 0., 0., 0., 0., 0., 0., 1., 1., 0., 1., 1., 1., 1., 0., 1.,
           0., 1.],
          [1., 1., 0., 1., 0., 1., 0., 1., 0., 0., 1., 0., 1., 1., 1., 1., 1.,
           1., 1.],
          [1., 1., 1., 1., 0., 0., 1., 1., 1., 1., 1., 1., 1., 1., 0., 1., 0.,
           1., 1.],
          [0., 1., 0., 1., 1., 0., 1., 0., 1., 0., 0., 1., 1., 0., 1., 1., 1.,
           0., 0.],
          [0., 0., 0., 0., 0., 0., 0., 1., 0., 1., 1., 1., 0., 0., 0., 0., 1.,
           0., 0.],
          [0., 0., 0., 1., 0., 1., 0., 1., 0., 0., 1., 1., 1., 0., 1., 0., 0.,
           1., 1.],
          [1., 0., 1., 1., 1., 0., 0., 0., 0., 0., 0., 1., 0., 0., 0., 1., 0.,
           0., 1.],
          [0., 0., 0., 0., 0., 1., 1., 1., 0., 0., 0., 1., 0., 0., 1., 0., 1.,
           1., 1.],
          [0., 0., 0., 0., 0., 0., 0., 1., 0., 1., 0., 0., 0., 1., 1., 1., 1.,
           0., 1.],
          [0., 0., 1., 1., 1., 1., 1., 1., 1., 1., 0., 1., 1., 0., 1., 0., 0.,
           1., 0.],
          [0., 0., 0., 1., 0., 1., 0., 0., 0., 0., 1., 1., 0., 0., 1., 0., 0.,
           0., 1.],
          [1., 1., 0., 0., 1., 1., 1., 1., 0., 1., 0., 1., 0., 1., 1., 1., 1.,
           0., 1.],
          [0., 0., 0., 0., 1., 0., 0., 0., 1., 1., 1., 1., 0., 0., 1., 0., 0.,
           0., 1.],
          [1., 0., 1., 1., 1., 1., 1., 0., 1., 0., 0., 1., 0., 0., 0., 1., 1.,
           0., 1.],
          [1., 1., 1., 0., 0., 1., 1., 0., 0., 1., 0., 1., 1., 0., 0., 1., 1.,
           0., 1.],
          [0., 1., 0., 0., 0., 1., 1., 0., 1., 0., 0., 1., 1., 0., 1., 1., 0.,
           0., 1.]]]], device='cuda:0'), tensor([[0.7023]], device='cuda:0'))
2026-01-08 17:18:47 - INFO - [ 0.9980025  -0.02791368  0.00134516  0.01170817  0.00134515  0.01170816
  0.75140667 -0.37133187]
2026-01-08 17:18:47 - INFO - (tensor([[[[0., 1., 0., 0., 0., 1., 0., 0., 0., 1., 0., 0., 0., 0., 1., 0., 1.,
           1., 1.],
          [0., 1., 0., 1., 1., 1., 1., 1., 1., 1., 1., 0., 0., 1., 1., 1., 0.,
           1., 0.],
          [0., 0., 0., 0., 1., 1., 1., 1., 1., 0., 1., 1., 0., 1., 0., 1., 0.,
           1., 1.],
          [0., 0., 0., 0., 0., 0., 0., 0., 1., 1., 0., 1., 1., 1., 1., 0., 1.,
           0., 1.],
          [1., 1., 0., 1., 0., 1., 0., 1., 0., 0., 1., 0., 1., 1., 1., 1., 1.,
           1., 1.],
          [1., 1., 1., 1., 0., 0., 1., 1., 1., 1., 1., 1., 1., 1., 0., 1., 0.,
           1., 1.],
          [0., 1., 0., 1., 1., 0., 1., 0., 1., 0., 0., 1., 1., 0., 1., 1., 1.,
           0., 0.],
          [0., 0., 0., 0., 0., 0., 0., 1., 0., 1., 1., 1., 0., 0., 0., 0., 1.,
           0., 0.],
          [0., 0., 0., 1., 0., 1., 0., 1., 0., 0., 1., 1., 1., 0., 1., 0., 0.,
           1., 1.],
          [1., 0., 1., 1., 1., 0., 0., 0., 0., 0., 0., 1., 0., 0., 0., 1., 0.,
           0., 1.],
          [0., 0., 0., 0., 0., 1., 1., 1., 0., 0., 0., 1., 0., 0., 1., 0., 1.,
           1., 1.],
          [0., 0., 0., 0., 0., 0., 0., 1., 0., 1., 0., 0., 0., 1., 1., 1., 1.,
           0., 1.],
          [0., 0., 1., 1., 1., 1., 1., 1., 1., 1., 0., 1., 1., 0., 1., 0., 0.,
           1., 0.],
          [0., 0., 0., 1., 0., 1., 0., 0., 0., 0., 1., 1., 0., 0., 1., 0., 0.,
           0., 1.],
          [1., 1., 0., 0., 1., 1., 1., 1., 0., 1., 0., 1., 0., 1., 1., 1., 1.,
           0., 1.],
          [0., 0., 0., 0., 1., 0., 0., 0., 1., 1., 1., 1., 0., 0., 1., 0., 0.,
           0., 1.],
          [1., 0., 1., 1., 1., 1., 1., 0., 1., 0., 0., 1., 0., 0., 0., 1., 1.,
           0., 1.],
          [1., 1., 1., 0., 0., 1., 1., 0., 0., 1., 0., 1., 1., 0., 0., 1., 1.,
           0., 1.],
          [0., 1., 0., 0., 0., 1., 1., 0., 1., 0., 0., 1., 1., 0., 1., 1., 0.,
           0., 1.]]]], device='cuda:0'), tensor([[0.7057]], device='cuda:0'))
2026-01-08 17:18:47 - INFO - [ 0.9979869  -0.02800309  0.00139088  0.01180397  0.00139088  0.01180398
  0.7507863  -0.37282375]
2026-01-08 17:18:47 - INFO - (tensor([[[[0., 1., 0., 0., 0., 1., 0., 0., 0., 1., 0., 0., 0., 0., 1., 0., 1.,
           1., 1.],
          [0., 1., 0., 1., 1., 1., 1., 1., 1., 1., 1., 0., 0., 1., 1., 1., 0.,
           1., 0.],
          [0., 0., 0., 0., 1., 1., 1., 1., 1., 0., 1., 1., 0., 1., 0., 1., 0.,
           1., 1.],
          [0., 0., 0., 0., 0., 0., 0., 0., 1., 1., 0., 1., 1., 1., 1., 0., 1.,
           0., 1.],
          [1., 1., 0., 1., 0., 1., 0., 1., 0., 0., 1., 0., 1., 1., 1., 1., 1.,
           1., 1.],
          [1., 1., 1., 1., 0., 0., 1., 1., 1., 1., 1., 1., 1., 1., 0., 1., 0.,
           1., 1.],
          [0., 1., 0., 1., 1., 0., 1., 0., 1., 0., 0., 1., 1., 0., 1., 1., 1.,
           0., 0.],
          [0., 0., 0., 0., 0., 0., 0., 1., 0., 1., 1., 1., 0., 0., 0., 0., 1.,
           0., 0.],
          [0., 0., 0., 1., 0., 1., 0., 1., 0., 0., 1., 1., 1., 0., 1., 0., 0.,
           1., 1.],
          [1., 0., 1., 1., 1., 0., 0., 0., 0., 0., 0., 1., 0., 0., 0., 1., 0.,
           0., 1.],
          [0., 0., 0., 0., 0., 1., 1., 1., 0., 0., 0., 1., 0., 0., 1., 0., 1.,
           1., 1.],
          [0., 0., 0., 0., 0., 0., 0., 1., 0., 1., 0., 0., 0., 1., 1., 1., 1.,
           0., 1.],
          [0., 0., 1., 1., 1., 1., 1., 1., 1., 1., 0., 1., 1., 0., 1., 0., 0.,
           1., 0.],
          [0., 0., 0., 1., 0., 1., 0., 0., 0., 0., 1., 1., 0., 0., 1., 0., 0.,
           0., 1.],
          [1., 1., 0., 0., 1., 1., 1., 1., 0., 1., 0., 1., 0., 1., 1., 1., 1.,
           0., 1.],
          [0., 0., 0., 0., 1., 0., 0., 0., 1., 1., 1., 1., 0., 0., 1., 0., 0.,
           0., 1.],
          [1., 0., 1., 1., 1., 1., 1., 0., 1., 0., 0., 1., 0., 0., 0., 1., 1.,
           0., 1.],
          [1., 1., 1., 0., 0., 1., 1., 0., 0., 1., 0., 1., 1., 0., 0., 1., 1.,
           0., 1.],
          [0., 1., 0., 0., 0., 1., 1., 0., 1., 0., 0., 1., 1., 0., 1., 1., 0.,
           0., 1.]]]], device='cuda:0'), tensor([[0.7090]], device='cuda:0'))
2026-01-08 17:18:47 - INFO - [ 0.99797004 -0.02808983  0.00143648  0.01189826  0.00143648  0.01189827
  0.7501089  -0.37434176]
2026-01-08 17:18:47 - INFO - (tensor([[[[0., 1., 0., 0., 0., 1., 0., 0., 0., 1., 0., 0., 0., 0., 1., 0., 1.,
           1., 1.],
          [0., 1., 0., 1., 1., 1., 1., 1., 1., 1., 1., 0., 0., 1., 1., 1., 0.,
           1., 0.],
          [0., 0., 0., 0., 1., 1., 1., 1., 1., 0., 1., 1., 0., 1., 0., 1., 0.,
           1., 1.],
          [0., 0., 0., 0., 0., 0., 0., 0., 1., 1., 0., 1., 1., 1., 1., 0., 1.,
           0., 1.],
          [1., 1., 0., 1., 0., 1., 0., 1., 0., 0., 1., 0., 1., 1., 1., 1., 1.,
           1., 1.],
          [1., 1., 1., 1., 0., 0., 1., 1., 1., 1., 1., 1., 1., 1., 0., 1., 0.,
           1., 1.],
          [0., 1., 0., 1., 1., 0., 1., 0., 1., 0., 0., 1., 1., 0., 1., 1., 1.,
           0., 0.],
          [0., 0., 0., 0., 0., 0., 0., 1., 0., 1., 1., 1., 0., 0., 0., 0., 1.,
           0., 0.],
          [0., 0., 0., 1., 0., 1., 0., 1., 0., 0., 1., 1., 1., 0., 1., 0., 0.,
           1., 1.],
          [1., 0., 1., 1., 1., 0., 0., 0., 0., 0., 0., 1., 0., 0., 0., 1., 0.,
           0., 1.],
          [0., 0., 0., 0., 0., 1., 1., 1., 0., 0., 0., 1., 0., 0., 1., 0., 1.,
           1., 1.],
          [0., 0., 0., 0., 0., 0., 0., 1., 0., 1., 0., 0., 0., 1., 1., 1., 1.,
           0., 1.],
          [0., 0., 1., 1., 1., 1., 1., 1., 1., 1., 0., 1., 1., 0., 1., 0., 0.,
           1., 0.],
          [0., 0., 0., 1., 0., 1., 0., 0., 0., 0., 1., 1., 0., 0., 1., 0., 0.,
           0., 1.],
          [1., 1., 0., 0., 1., 1., 1., 1., 0., 1., 0., 1., 0., 1., 1., 1., 1.,
           0., 1.],
          [0., 0., 0., 0., 1., 0., 0., 0., 1., 1., 1., 1., 0., 0., 1., 0., 0.,
           0., 1.],
          [1., 0., 1., 1., 1., 1., 1., 0., 1., 0., 0., 1., 0., 0., 0., 1., 1.,
           0., 1.],
          [1., 1., 1., 0., 0., 1., 1., 0., 0., 1., 0., 1., 1., 0., 0., 1., 1.,
           0., 1.],
          [0., 1., 0., 0., 0., 1., 1., 0., 1., 0., 0., 1., 1., 0., 1., 1., 0.,
           0., 1.]]]], device='cuda:0'), tensor([[0.7124]], device='cuda:0'))
2026-01-08 17:18:47 - INFO - [ 0.99795145 -0.02817566  0.0014807   0.01197653  0.00148068  0.01197653
  0.74933434 -0.37586123]
2026-01-08 17:18:47 - INFO - (tensor([[[[0., 1., 0., 0., 0., 1., 0., 0., 0., 1., 0., 0., 0., 0., 1., 0., 1.,
           1., 1.],
          [0., 1., 0., 1., 1., 1., 1., 1., 1., 1., 1., 0., 0., 1., 1., 1., 0.,
           1., 0.],
          [0., 0., 0., 0., 1., 1., 1., 1., 1., 0., 1., 1., 0., 1., 0., 1., 0.,
           1., 1.],
          [0., 0., 0., 0., 0., 0., 0., 0., 1., 1., 0., 1., 1., 1., 1., 0., 1.,
           0., 1.],
          [1., 1., 0., 1., 0., 1., 0., 1., 0., 0., 1., 0., 1., 1., 1., 1., 1.,
           1., 1.],
          [1., 1., 1., 1., 0., 0., 1., 1., 1., 1., 1., 1., 1., 1., 0., 1., 0.,
           1., 1.],
          [0., 1., 0., 1., 1., 0., 1., 0., 1., 0., 0., 1., 1., 0., 1., 1., 1.,
           0., 0.],
          [0., 0., 0., 0., 0., 0., 0., 1., 0., 1., 1., 1., 0., 0., 0., 0., 1.,
           0., 0.],
          [0., 0., 0., 1., 0., 1., 0., 1., 0., 0., 1., 1., 1., 0., 1., 0., 0.,
           1., 1.],
          [1., 0., 1., 1., 1., 0., 0., 0., 0., 0., 0., 1., 0., 0., 0., 1., 0.,
           0., 1.],
          [0., 0., 0., 0., 0., 1., 1., 1., 0., 0., 0., 1., 0., 0., 1., 0., 1.,
           1., 1.],
          [0., 0., 0., 0., 0., 0., 0., 1., 0., 1., 0., 0., 0., 1., 1., 1., 1.,
           0., 1.],
          [0., 0., 1., 1., 1., 1., 1., 1., 1., 1., 0., 1., 1., 0., 1., 0., 0.,
           1., 0.],
          [0., 0., 0., 1., 0., 1., 0., 0., 0., 0., 1., 1., 0., 0., 1., 0., 0.,
           0., 1.],
          [1., 1., 0., 0., 1., 1., 1., 1., 0., 1., 0., 1., 0., 1., 1., 1., 1.,
           0., 1.],
          [0., 0., 0., 0., 1., 0., 0., 0., 1., 1., 1., 1., 0., 0., 1., 0., 0.,
           0., 1.],
          [1., 0., 1., 1., 1., 1., 1., 0., 1., 0., 0., 1., 0., 0., 0., 1., 1.,
           0., 1.],
          [1., 1., 1., 0., 0., 1., 1., 0., 0., 1., 0., 1., 1., 0., 0., 1., 1.,
           0., 1.],
          [0., 1., 0., 0., 0., 1., 1., 0., 1., 0., 0., 1., 1., 0., 1., 1., 0.,
           0., 1.]]]], device='cuda:0'), tensor([[0.7157]], device='cuda:0'))
2026-01-08 17:18:47 - INFO - [ 0.99793285 -0.02826023  0.00152333  0.01205352  0.00152333  0.01205353
  0.7482802  -0.37753844]
2026-01-08 17:18:47 - INFO - (tensor([[[[0., 1., 0., 0., 0., 1., 0., 0., 0., 1., 0., 0., 0., 0., 1., 0., 1.,
           1., 1.],
          [0., 1., 0., 1., 1., 1., 1., 1., 1., 1., 1., 0., 0., 1., 1., 1., 0.,
           1., 0.],
          [0., 0., 0., 0., 1., 1., 1., 1., 1., 0., 1., 1., 0., 1., 0., 1., 0.,
           1., 1.],
          [0., 0., 0., 0., 0., 0., 0., 0., 1., 1., 0., 1., 1., 1., 1., 0., 1.,
           0., 1.],
          [1., 1., 0., 1., 0., 1., 0., 1., 0., 0., 1., 0., 1., 1., 1., 1., 1.,
           1., 1.],
          [1., 1., 1., 1., 0., 0., 1., 1., 1., 1., 1., 1., 1., 1., 0., 1., 0.,
           1., 1.],
          [0., 1., 0., 1., 1., 0., 1., 0., 1., 0., 0., 1., 1., 0., 1., 1., 1.,
           0., 0.],
          [0., 0., 0., 0., 0., 0., 0., 1., 0., 1., 1., 1., 0., 0., 0., 0., 1.,
           0., 0.],
          [0., 0., 0., 1., 0., 1., 0., 1., 0., 0., 1., 1., 1., 0., 1., 0., 0.,
           1., 1.],
          [1., 0., 1., 1., 1., 0., 0., 0., 0., 0., 0., 1., 0., 0., 0., 1., 0.,
           0., 1.],
          [0., 0., 0., 0., 0., 1., 1., 1., 0., 0., 0., 1., 0., 0., 1., 0., 1.,
           1., 1.],
          [0., 0., 0., 0., 0., 0., 0., 1., 0., 1., 0., 0., 0., 1., 1., 1., 1.,
           0., 1.],
          [0., 0., 1., 1., 1., 1., 1., 1., 1., 1., 0., 1., 1., 0., 1., 0., 0.,
           1., 0.],
          [0., 0., 0., 1., 0., 1., 0., 0., 0., 0., 1., 1., 0., 0., 1., 0., 0.,
           0., 1.],
          [1., 1., 0., 0., 1., 1., 1., 1., 0., 1., 0., 1., 0., 1., 1., 1., 1.,
           0., 1.],
          [0., 0., 0., 0., 1., 0., 0., 0., 1., 1., 1., 1., 0., 0., 1., 0., 0.,
           0., 1.],
          [1., 0., 1., 1., 1., 1., 1., 0., 1., 0., 0., 1., 0., 0., 0., 1., 1.,
           0., 1.],
          [1., 1., 1., 0., 0., 1., 1., 0., 0., 1., 0., 1., 1., 0., 0., 1., 1.,
           0., 1.],
          [0., 1., 0., 0., 0., 1., 1., 0., 1., 0., 0., 1., 1., 0., 1., 1., 0.,
           0., 1.]]]], device='cuda:0'), tensor([[0.7191]], device='cuda:0'))
2026-01-08 17:18:47 - INFO - [ 0.9979148  -0.02833403  0.00156047  0.01212192  0.00156048  0.01212193
  0.74725723 -0.37912095]
2026-01-08 17:18:47 - INFO - (tensor([[[[0., 1., 0., 0., 0., 1., 0., 0., 0., 1., 0., 0., 0., 0., 1., 0., 1.,
           1., 1.],
          [0., 1., 0., 1., 1., 1., 1., 1., 1., 1., 1., 0., 0., 1., 1., 1., 0.,
           1., 0.],
          [0., 0., 0., 0., 1., 1., 1., 1., 1., 0., 1., 1., 0., 1., 0., 1., 0.,
           1., 1.],
          [0., 0., 0., 0., 0., 0., 0., 0., 1., 1., 0., 1., 1., 1., 1., 0., 1.,
           0., 1.],
          [1., 1., 0., 1., 0., 1., 0., 1., 0., 0., 1., 0., 1., 1., 1., 1., 1.,
           1., 1.],
          [1., 1., 1., 1., 0., 0., 1., 1., 1., 1., 1., 1., 1., 1., 0., 1., 0.,
           1., 1.],
          [0., 1., 0., 1., 1., 0., 1., 0., 1., 0., 0., 1., 1., 0., 1., 1., 1.,
           0., 0.],
          [0., 0., 0., 0., 0., 0., 0., 1., 0., 1., 1., 1., 0., 0., 0., 0., 1.,
           0., 0.],
          [0., 0., 0., 1., 0., 1., 0., 1., 0., 0., 1., 1., 1., 0., 1., 0., 0.,
           1., 1.],
          [1., 0., 1., 1., 1., 0., 0., 0., 0., 0., 0., 1., 0., 0., 0., 1., 0.,
           0., 1.],
          [0., 0., 0., 0., 0., 1., 1., 1., 0., 0., 0., 1., 0., 0., 1., 0., 1.,
           1., 1.],
          [0., 0., 0., 0., 0., 0., 0., 1., 0., 1., 0., 0., 0., 1., 1., 1., 1.,
           0., 1.],
          [0., 0., 1., 1., 1., 1., 1., 1., 1., 1., 0., 1., 1., 0., 1., 0., 0.,
           1., 0.],
          [0., 0., 0., 1., 0., 1., 0., 0., 0., 0., 1., 1., 0., 0., 1., 0., 0.,
           0., 1.],
          [1., 1., 0., 0., 1., 1., 1., 1., 0., 1., 0., 1., 0., 1., 1., 1., 1.,
           0., 1.],
          [0., 0., 0., 0., 1., 0., 0., 0., 1., 1., 1., 1., 0., 0., 1., 0., 0.,
           0., 1.],
          [1., 0., 1., 1., 1., 1., 1., 0., 1., 0., 0., 1., 0., 0., 0., 1., 1.,
           0., 1.],
          [1., 1., 1., 0., 0., 1., 1., 0., 0., 1., 0., 1., 1., 0., 0., 1., 1.,
           0., 1.],
          [0., 1., 0., 0., 0., 1., 1., 0., 1., 0., 0., 1., 1., 0., 1., 1., 0.,
           0., 1.]]]], device='cuda:0'), tensor([[0.7224]], device='cuda:0'))
2026-01-08 17:18:47 - INFO - [ 0.9978947  -0.0284202   0.00159745  0.01218361  0.00159745  0.01218361
  0.74621886 -0.38071126]
2026-01-08 17:18:47 - INFO - (tensor([[[[0., 1., 0., 0., 0., 1., 0., 0., 0., 1., 0., 0., 0., 0., 1., 0., 1.,
           1., 1.],
          [0., 1., 0., 1., 1., 1., 1., 1., 1., 1., 1., 0., 0., 1., 1., 1., 0.,
           1., 0.],
          [0., 0., 0., 0., 1., 1., 1., 1., 1., 0., 1., 1., 0., 1., 0., 1., 0.,
           1., 1.],
          [0., 0., 0., 0., 0., 0., 0., 0., 1., 1., 0., 1., 1., 1., 1., 0., 1.,
           0., 1.],
          [1., 1., 0., 1., 0., 1., 0., 1., 0., 0., 1., 0., 1., 1., 1., 1., 1.,
           1., 1.],
          [1., 1., 1., 1., 0., 0., 1., 1., 1., 1., 1., 1., 1., 1., 0., 1., 0.,
           1., 1.],
          [0., 1., 0., 1., 1., 0., 1., 0., 1., 0., 0., 1., 1., 0., 1., 1., 1.,
           0., 0.],
          [0., 0., 0., 0., 0., 0., 0., 1., 0., 1., 1., 1., 0., 0., 0., 0., 1.,
           0., 0.],
          [0., 0., 0., 1., 0., 1., 0., 1., 0., 0., 1., 1., 1., 0., 1., 0., 0.,
           1., 1.],
          [1., 0., 1., 1., 1., 0., 0., 0., 0., 0., 0., 1., 0., 0., 0., 1., 0.,
           0., 1.],
          [0., 0., 0., 0., 0., 1., 1., 1., 0., 0., 0., 1., 0., 0., 1., 0., 1.,
           1., 1.],
          [0., 0., 0., 0., 0., 0., 0., 1., 0., 1., 0., 0., 0., 1., 1., 1., 1.,
           0., 1.],
          [0., 0., 1., 1., 1., 1., 1., 1., 1., 1., 0., 1., 1., 0., 1., 0., 0.,
           1., 0.],
          [0., 0., 0., 1., 0., 1., 0., 0., 0., 0., 1., 1., 0., 0., 1., 0., 0.,
           0., 1.],
          [1., 1., 0., 0., 1., 1., 1., 1., 0., 1., 0., 1., 0., 1., 1., 1., 1.,
           0., 1.],
          [0., 0., 0., 0., 1., 0., 0., 0., 1., 1., 1., 1., 0., 0., 1., 0., 0.,
           0., 1.],
          [1., 0., 1., 1., 1., 1., 1., 0., 1., 0., 0., 1., 0., 0., 0., 1., 1.,
           0., 1.],
          [1., 1., 1., 0., 0., 1., 1., 0., 0., 1., 0., 1., 1., 0., 0., 1., 1.,
           0., 1.],
          [0., 1., 0., 0., 0., 1., 1., 0., 1., 0., 0., 1., 1., 0., 1., 1., 0.,
           0., 1.]]]], device='cuda:0'), tensor([[0.7258]], device='cuda:0'))
2026-01-08 17:18:47 - INFO - [ 0.99787474 -0.02851191  0.00163095  0.01223927  0.00163096  0.01223927
  0.7452216  -0.38225567]
2026-01-08 17:18:47 - INFO - (tensor([[[[0., 1., 0., 0., 0., 1., 0., 0., 0., 1., 0., 0., 0., 0., 1., 0., 1.,
           1., 1.],
          [0., 1., 0., 1., 1., 1., 1., 1., 1., 1., 1., 0., 0., 1., 1., 1., 0.,
           1., 0.],
          [0., 0., 0., 0., 1., 1., 1., 1., 1., 0., 1., 1., 0., 1., 0., 1., 0.,
           1., 1.],
          [0., 0., 0., 0., 0., 0., 0., 0., 1., 1., 0., 1., 1., 1., 1., 0., 1.,
           0., 1.],
          [1., 1., 0., 1., 0., 1., 0., 1., 0., 0., 1., 0., 1., 1., 1., 1., 1.,
           1., 1.],
          [1., 1., 1., 1., 0., 0., 1., 1., 1., 1., 1., 1., 1., 1., 0., 1., 0.,
           1., 1.],
          [0., 1., 0., 1., 1., 0., 1., 0., 1., 0., 0., 1., 1., 0., 1., 1., 1.,
           0., 0.],
          [0., 0., 0., 0., 0., 0., 0., 1., 0., 1., 1., 1., 0., 0., 0., 0., 1.,
           0., 0.],
          [0., 0., 0., 1., 0., 1., 0., 1., 0., 0., 1., 1., 1., 0., 1., 0., 0.,
           1., 1.],
          [1., 0., 1., 1., 1., 0., 0., 0., 0., 0., 0., 1., 0., 0., 0., 1., 0.,
           0., 1.],
          [0., 0., 0., 0., 0., 1., 1., 1., 0., 0., 0., 1., 0., 0., 1., 0., 1.,
           1., 1.],
          [0., 0., 0., 0., 0., 0., 0., 1., 0., 1., 0., 0., 0., 1., 1., 1., 1.,
           0., 1.],
          [0., 0., 1., 1., 1., 1., 1., 1., 1., 1., 0., 1., 1., 0., 1., 0., 0.,
           1., 0.],
          [0., 0., 0., 1., 0., 1., 0., 0., 0., 0., 1., 1., 0., 0., 1., 0., 0.,
           0., 1.],
          [1., 1., 0., 0., 1., 1., 1., 1., 0., 1., 0., 1., 0., 1., 1., 1., 1.,
           0., 1.],
          [0., 0., 0., 0., 1., 0., 0., 0., 1., 1., 1., 1., 0., 0., 1., 0., 0.,
           0., 1.],
          [1., 0., 1., 1., 1., 1., 1., 0., 1., 0., 0., 1., 0., 0., 0., 1., 1.,
           0., 1.],
          [1., 1., 1., 0., 0., 1., 1., 0., 0., 1., 0., 1., 1., 0., 0., 1., 1.,
           0., 1.],
          [0., 1., 0., 0., 0., 1., 1., 0., 1., 0., 0., 1., 1., 0., 1., 1., 0.,
           0., 1.]]]], device='cuda:0'), tensor([[0.7291]], device='cuda:0'))
2026-01-08 17:18:47 - INFO - [ 0.997856   -0.02861973  0.0016701   0.01230931  0.0016701   0.01230931
  0.744311   -0.38382566]
2026-01-08 17:18:47 - INFO - (tensor([[[[0., 1., 0., 0., 0., 1., 0., 0., 0., 1., 0., 0., 0., 0., 1., 0., 1.,
           1., 1.],
          [0., 1., 0., 1., 1., 1., 1., 1., 1., 1., 1., 0., 0., 1., 1., 1., 0.,
           1., 0.],
          [0., 0., 0., 0., 1., 1., 1., 1., 1., 0., 1., 1., 0., 1., 0., 1., 0.,
           1., 1.],
          [0., 0., 0., 0., 0., 0., 0., 0., 1., 1., 0., 1., 1., 1., 1., 0., 1.,
           0., 1.],
          [1., 1., 0., 1., 0., 1., 0., 1., 0., 0., 1., 0., 1., 1., 1., 1., 1.,
           1., 1.],
          [1., 1., 1., 1., 0., 0., 1., 1., 1., 1., 1., 1., 1., 1., 0., 1., 0.,
           1., 1.],
          [0., 1., 0., 1., 1., 0., 1., 0., 1., 0., 0., 1., 1., 0., 1., 1., 1.,
           0., 0.],
          [0., 0., 0., 0., 0., 0., 0., 1., 0., 1., 1., 1., 0., 0., 0., 0., 1.,
           0., 0.],
          [0., 0., 0., 1., 0., 1., 0., 1., 0., 0., 1., 1., 1., 0., 1., 0., 0.,
           1., 1.],
          [1., 0., 1., 1., 1., 0., 0., 0., 0., 0., 0., 1., 0., 0., 0., 1., 0.,
           0., 1.],
          [0., 0., 0., 0., 0., 1., 1., 1., 0., 0., 0., 1., 0., 0., 1., 0., 1.,
           1., 1.],
          [0., 0., 0., 0., 0., 0., 0., 1., 0., 1., 0., 0., 0., 1., 1., 1., 1.,
           0., 1.],
          [0., 0., 1., 1., 1., 1., 1., 1., 1., 1., 0., 1., 1., 0., 1., 0., 0.,
           1., 0.],
          [0., 0., 0., 1., 0., 1., 0., 0., 0., 0., 1., 1., 0., 0., 1., 0., 0.,
           0., 1.],
          [1., 1., 0., 0., 1., 1., 1., 1., 0., 1., 0., 1., 0., 1., 1., 1., 1.,
           0., 1.],
          [0., 0., 0., 0., 1., 0., 0., 0., 1., 1., 1., 1., 0., 0., 1., 0., 0.,
           0., 1.],
          [1., 0., 1., 1., 1., 1., 1., 0., 1., 0., 0., 1., 0., 0., 0., 1., 1.,
           0., 1.],
          [1., 1., 1., 0., 0., 1., 1., 0., 0., 1., 0., 1., 1., 0., 0., 1., 1.,
           0., 1.],
          [0., 1., 0., 0., 0., 1., 1., 0., 1., 0., 0., 1., 1., 0., 1., 1., 0.,
           0., 1.]]]], device='cuda:0'), tensor([[0.7324]], device='cuda:0'))
2026-01-08 17:18:47 - INFO - [ 0.99783397 -0.02874753  0.00171263  0.01238749  0.00171262  0.01238748
  0.74324083 -0.38547903]
2026-01-08 17:18:47 - INFO - (tensor([[[[0., 1., 0., 0., 0., 1., 0., 0., 0., 1., 0., 0., 0., 0., 1., 0., 1.,
           1., 1.],
          [0., 1., 0., 1., 1., 1., 1., 1., 1., 1., 1., 0., 0., 1., 1., 1., 0.,
           1., 0.],
          [0., 0., 0., 0., 1., 1., 1., 1., 1., 0., 1., 1., 0., 1., 0., 1., 0.,
           1., 1.],
          [0., 0., 0., 0., 0., 0., 0., 0., 1., 1., 0., 1., 1., 1., 1., 0., 1.,
           0., 1.],
          [1., 1., 0., 1., 0., 1., 0., 1., 0., 0., 1., 0., 1., 1., 1., 1., 1.,
           1., 1.],
          [1., 1., 1., 1., 0., 0., 1., 1., 1., 1., 1., 1., 1., 1., 0., 1., 0.,
           1., 1.],
          [0., 1., 0., 1., 1., 0., 1., 0., 1., 0., 0., 1., 1., 0., 1., 1., 1.,
           0., 0.],
          [0., 0., 0., 0., 0., 0., 0., 1., 0., 1., 1., 1., 0., 0., 0., 0., 1.,
           0., 0.],
          [0., 0., 0., 1., 0., 1., 0., 1., 0., 0., 1., 1., 1., 0., 1., 0., 0.,
           1., 1.],
          [1., 0., 1., 1., 1., 0., 0., 0., 0., 0., 0., 1., 0., 0., 0., 1., 0.,
           0., 1.],
          [0., 0., 0., 0., 0., 1., 1., 1., 0., 0., 0., 1., 0., 0., 1., 0., 1.,
           1., 1.],
          [0., 0., 0., 0., 0., 0., 0., 1., 0., 1., 0., 0., 0., 1., 1., 1., 1.,
           0., 1.],
          [0., 0., 1., 1., 1., 1., 1., 1., 1., 1., 0., 1., 1., 0., 1., 0., 0.,
           1., 0.],
          [0., 0., 0., 1., 0., 1., 0., 0., 0., 0., 1., 1., 0., 0., 1., 0., 0.,
           0., 1.],
          [1., 1., 0., 0., 1., 1., 1., 1., 0., 1., 0., 1., 0., 1., 1., 1., 1.,
           0., 1.],
          [0., 0., 0., 0., 1., 0., 0., 0., 1., 1., 1., 1., 0., 0., 1., 0., 0.,
           0., 1.],
          [1., 0., 1., 1., 1., 1., 1., 0., 1., 0., 0., 1., 0., 0., 0., 1., 1.,
           0., 1.],
          [1., 1., 1., 0., 0., 1., 1., 0., 0., 1., 0., 1., 1., 0., 0., 1., 1.,
           0., 1.],
          [0., 1., 0., 0., 0., 1., 1., 0., 1., 0., 0., 1., 1., 0., 1., 1., 0.,
           0., 1.]]]], device='cuda:0'), tensor([[0.7358]], device='cuda:0'))
2026-01-08 17:18:47 - INFO - [ 0.9978124  -0.02889223  0.00175458  0.01246477  0.00175458  0.01246477
  0.7421917  -0.38709247]
2026-01-08 17:18:47 - INFO - (tensor([[[[0., 1., 0., 0., 0., 1., 0., 0., 0., 1., 0., 0., 0., 0., 1., 0., 1.,
           1., 1.],
          [0., 1., 0., 1., 1., 1., 1., 1., 1., 1., 1., 0., 0., 1., 1., 1., 0.,
           1., 0.],
          [0., 0., 0., 0., 1., 1., 1., 1., 1., 0., 1., 1., 0., 1., 0., 1., 0.,
           1., 1.],
          [0., 0., 0., 0., 0., 0., 0., 0., 1., 1., 0., 1., 1., 1., 1., 0., 1.,
           0., 1.],
          [1., 1., 0., 1., 0., 1., 0., 1., 0., 0., 1., 0., 1., 1., 1., 1., 1.,
           1., 1.],
          [1., 1., 1., 1., 0., 0., 1., 1., 1., 1., 1., 1., 1., 1., 0., 1., 0.,
           1., 1.],
          [0., 1., 0., 1., 1., 0., 1., 0., 1., 0., 0., 1., 1., 0., 1., 1., 1.,
           0., 0.],
          [0., 0., 0., 0., 0., 0., 0., 1., 0., 1., 1., 1., 0., 0., 0., 0., 1.,
           0., 0.],
          [0., 0., 0., 1., 0., 1., 0., 1., 0., 0., 1., 1., 1., 0., 1., 0., 0.,
           1., 1.],
          [1., 0., 1., 1., 1., 0., 0., 0., 0., 0., 0., 1., 0., 0., 0., 1., 0.,
           0., 1.],
          [0., 0., 0., 0., 0., 1., 1., 1., 0., 0., 0., 1., 0., 0., 1., 0., 1.,
           1., 1.],
          [0., 0., 0., 0., 0., 0., 0., 1., 0., 1., 0., 0., 0., 1., 1., 1., 1.,
           0., 1.],
          [0., 0., 1., 1., 1., 1., 1., 1., 1., 1., 0., 1., 1., 0., 1., 0., 0.,
           1., 0.],
          [0., 0., 0., 1., 0., 1., 0., 0., 0., 0., 1., 1., 0., 0., 1., 0., 0.,
           0., 1.],
          [1., 1., 0., 0., 1., 1., 1., 1., 0., 1., 0., 1., 0., 1., 1., 1., 1.,
           0., 1.],
          [0., 0., 0., 0., 1., 0., 0., 0., 1., 1., 1., 1., 0., 0., 1., 0., 0.,
           0., 1.],
          [1., 0., 1., 1., 1., 1., 1., 0., 1., 0., 0., 1., 0., 0., 0., 1., 1.,
           0., 1.],
          [1., 1., 1., 0., 0., 1., 1., 0., 0., 1., 0., 1., 1., 0., 0., 1., 1.,
           0., 1.],
          [0., 1., 0., 0., 0., 1., 1., 0., 1., 0., 0., 1., 1., 0., 1., 1., 0.,
           0., 1.]]]], device='cuda:0'), tensor([[0.7391]], device='cuda:0'))
2026-01-08 17:18:47 - INFO - [ 0.99779075 -0.02904007  0.00179429  0.01253386  0.00179429  0.01253387
  0.7411471  -0.38867095]
2026-01-08 17:18:47 - INFO - (tensor([[[[0., 1., 0., 0., 0., 1., 0., 0., 0., 1., 0., 0., 0., 0., 1., 0., 1.,
           1., 1.],
          [0., 1., 0., 1., 1., 1., 1., 1., 1., 1., 1., 0., 0., 1., 1., 1., 0.,
           1., 0.],
          [0., 0., 0., 0., 1., 1., 1., 1., 1., 0., 1., 1., 0., 1., 0., 1., 0.,
           1., 1.],
          [0., 0., 0., 0., 0., 0., 0., 0., 1., 1., 0., 1., 1., 1., 1., 0., 1.,
           0., 1.],
          [1., 1., 0., 1., 0., 1., 0., 1., 0., 0., 1., 0., 1., 1., 1., 1., 1.,
           1., 1.],
          [1., 1., 1., 1., 0., 0., 1., 1., 1., 1., 1., 1., 1., 1., 0., 1., 0.,
           1., 1.],
          [0., 1., 0., 1., 1., 0., 1., 0., 1., 0., 0., 1., 1., 0., 1., 1., 1.,
           0., 0.],
          [0., 0., 0., 0., 0., 0., 0., 1., 0., 1., 1., 1., 0., 0., 0., 0., 1.,
           0., 0.],
          [0., 0., 0., 1., 0., 1., 0., 1., 0., 0., 1., 1., 1., 0., 1., 0., 0.,
           1., 1.],
          [1., 0., 1., 1., 1., 0., 0., 0., 0., 0., 0., 1., 0., 0., 0., 1., 0.,
           0., 1.],
          [0., 0., 0., 0., 0., 1., 1., 1., 0., 0., 0., 1., 0., 0., 1., 0., 1.,
           1., 1.],
          [0., 0., 0., 0., 0., 0., 0., 1., 0., 1., 0., 0., 0., 1., 1., 1., 1.,
           0., 1.],
          [0., 0., 1., 1., 1., 1., 1., 1., 1., 1., 0., 1., 1., 0., 1., 0., 0.,
           1., 0.],
          [0., 0., 0., 1., 0., 1., 0., 0., 0., 0., 1., 1., 0., 0., 1., 0., 0.,
           0., 1.],
          [1., 1., 0., 0., 1., 1., 1., 1., 0., 1., 0., 1., 0., 1., 1., 1., 1.,
           0., 1.],
          [0., 0., 0., 0., 1., 0., 0., 0., 1., 1., 1., 1., 0., 0., 1., 0., 0.,
           0., 1.],
          [1., 0., 1., 1., 1., 1., 1., 0., 1., 0., 0., 1., 0., 0., 0., 1., 1.,
           0., 1.],
          [1., 1., 1., 0., 0., 1., 1., 0., 0., 1., 0., 1., 1., 0., 0., 1., 1.,
           0., 1.],
          [0., 1., 0., 0., 0., 1., 1., 0., 1., 0., 0., 1., 1., 0., 1., 1., 0.,
           0., 1.]]]], device='cuda:0'), tensor([[0.7425]], device='cuda:0'))
2026-01-08 17:18:47 - INFO - [ 0.99777335 -0.02919631  0.00184259  0.01262096  0.0018426   0.01262096
  0.7400809  -0.3903174 ]
2026-01-08 17:18:47 - INFO - (tensor([[[[0., 1., 0., 0., 0., 1., 0., 0., 0., 1., 0., 0., 0., 0., 1., 0., 1.,
           1., 1.],
          [0., 1., 0., 1., 1., 1., 1., 1., 1., 1., 1., 0., 0., 1., 1., 1., 0.,
           1., 0.],
          [0., 0., 0., 0., 1., 1., 1., 1., 1., 0., 1., 1., 0., 1., 0., 1., 0.,
           1., 1.],
          [0., 0., 0., 0., 0., 0., 0., 0., 1., 1., 0., 1., 1., 1., 1., 0., 1.,
           0., 1.],
          [1., 1., 0., 1., 0., 1., 0., 1., 0., 0., 1., 0., 1., 1., 1., 1., 1.,
           1., 1.],
          [1., 1., 1., 1., 0., 0., 1., 1., 1., 1., 1., 1., 1., 1., 0., 1., 0.,
           1., 1.],
          [0., 1., 0., 1., 1., 0., 1., 0., 1., 0., 0., 1., 1., 0., 1., 1., 1.,
           0., 0.],
          [0., 0., 0., 0., 0., 0., 0., 1., 0., 1., 1., 1., 0., 0., 0., 0., 1.,
           0., 0.],
          [0., 0., 0., 1., 0., 1., 0., 1., 0., 0., 1., 1., 1., 0., 1., 0., 0.,
           1., 1.],
          [1., 0., 1., 1., 1., 0., 0., 0., 0., 0., 0., 1., 0., 0., 0., 1., 0.,
           0., 1.],
          [0., 0., 0., 0., 0., 1., 1., 1., 0., 0., 0., 1., 0., 0., 1., 0., 1.,
           1., 1.],
          [0., 0., 0., 0., 0., 0., 0., 1., 0., 1., 0., 0., 0., 1., 1., 1., 1.,
           0., 1.],
          [0., 0., 1., 1., 1., 1., 1., 1., 1., 1., 0., 1., 1., 0., 1., 0., 0.,
           1., 0.],
          [0., 0., 0., 1., 0., 1., 0., 0., 0., 0., 1., 1., 0., 0., 1., 0., 0.,
           0., 1.],
          [1., 1., 0., 0., 1., 1., 1., 1., 0., 1., 0., 1., 0., 1., 1., 1., 1.,
           0., 1.],
          [0., 0., 0., 0., 1., 0., 0., 0., 1., 1., 1., 1., 0., 0., 1., 0., 0.,
           0., 1.],
          [1., 0., 1., 1., 1., 1., 1., 0., 1., 0., 0., 1., 0., 0., 0., 1., 1.,
           0., 1.],
          [1., 1., 1., 0., 0., 1., 1., 0., 0., 1., 0., 1., 1., 0., 0., 1., 1.,
           0., 1.],
          [0., 1., 0., 0., 0., 1., 1., 0., 1., 0., 0., 1., 1., 0., 1., 1., 0.,
           0., 1.]]]], device='cuda:0'), tensor([[0.7458]], device='cuda:0'))
2026-01-08 17:18:47 - INFO - [ 0.9977665  -0.02931011  0.00187611  0.01268488  0.00187612  0.01268488
  0.7391845  -0.39165676]
2026-01-08 17:18:47 - INFO - (tensor([[[[0., 1., 0., 0., 0., 1., 0., 0., 0., 1., 0., 0., 0., 0., 1., 0., 1.,
           1., 1.],
          [0., 1., 0., 1., 1., 1., 1., 1., 1., 1., 1., 0., 0., 1., 1., 1., 0.,
           1., 0.],
          [0., 0., 0., 0., 1., 1., 1., 1., 1., 0., 1., 1., 0., 1., 0., 1., 0.,
           1., 1.],
          [0., 0., 0., 0., 0., 0., 0., 0., 1., 1., 0., 1., 1., 1., 1., 0., 1.,
           0., 1.],
          [1., 1., 0., 1., 0., 1., 0., 1., 0., 0., 1., 0., 1., 1., 1., 1., 1.,
           1., 1.],
          [1., 1., 1., 1., 0., 0., 1., 1., 1., 1., 1., 1., 1., 1., 0., 1., 0.,
           1., 1.],
          [0., 1., 0., 1., 1., 0., 1., 0., 1., 0., 0., 1., 1., 0., 1., 1., 1.,
           0., 0.],
          [0., 0., 0., 0., 0., 0., 0., 1., 0., 1., 1., 1., 0., 0., 0., 0., 1.,
           0., 0.],
          [0., 0., 0., 1., 0., 1., 0., 1., 0., 0., 1., 1., 1., 0., 1., 0., 0.,
           1., 1.],
          [1., 0., 1., 1., 1., 0., 0., 0., 0., 0., 0., 1., 0., 0., 0., 1., 0.,
           0., 1.],
          [0., 0., 0., 0., 0., 1., 1., 1., 0., 0., 0., 1., 0., 0., 1., 0., 1.,
           1., 1.],
          [0., 0., 0., 0., 0., 0., 0., 1., 0., 1., 0., 0., 0., 1., 1., 1., 1.,
           0., 1.],
          [0., 0., 1., 1., 1., 1., 1., 1., 1., 1., 0., 1., 1., 0., 1., 0., 0.,
           1., 0.],
          [0., 0., 0., 1., 0., 1., 0., 0., 0., 0., 1., 1., 0., 0., 1., 0., 0.,
           0., 1.],
          [1., 1., 0., 0., 1., 1., 1., 1., 0., 1., 0., 1., 0., 1., 1., 1., 1.,
           0., 1.],
          [0., 0., 0., 0., 1., 0., 0., 0., 1., 1., 1., 1., 0., 0., 1., 0., 0.,
           0., 1.],
          [1., 0., 1., 1., 1., 1., 1., 0., 1., 0., 0., 1., 0., 0., 0., 1., 1.,
           0., 1.],
          [1., 1., 1., 0., 0., 1., 1., 0., 0., 1., 0., 1., 1., 0., 0., 1., 1.,
           0., 1.],
          [0., 1., 0., 0., 0., 1., 1., 0., 1., 0., 0., 1., 1., 0., 1., 1., 0.,
           0., 1.]]]], device='cuda:0'), tensor([[0.7492]], device='cuda:0'))
2026-01-08 17:18:47 - INFO - [ 0.9977654  -0.0294287   0.00191845  0.01276574  0.00191845  0.01276574
  0.7382956  -0.39312655]
2026-01-08 17:18:47 - INFO - (tensor([[[[0., 1., 0., 0., 0., 1., 0., 0., 0., 1., 0., 0., 0., 0., 1., 0., 1.,
           1., 1.],
          [0., 1., 0., 1., 1., 1., 1., 1., 1., 1., 1., 0., 0., 1., 1., 1., 0.,
           1., 0.],
          [0., 0., 0., 0., 1., 1., 1., 1., 1., 0., 1., 1., 0., 1., 0., 1., 0.,
           1., 1.],
          [0., 0., 0., 0., 0., 0., 0., 0., 1., 1., 0., 1., 1., 1., 1., 0., 1.,
           0., 1.],
          [1., 1., 0., 1., 0., 1., 0., 1., 0., 0., 1., 0., 1., 1., 1., 1., 1.,
           1., 1.],
          [1., 1., 1., 1., 0., 0., 1., 1., 1., 1., 1., 1., 1., 1., 0., 1., 0.,
           1., 1.],
          [0., 1., 0., 1., 1., 0., 1., 0., 1., 0., 0., 1., 1., 0., 1., 1., 1.,
           0., 0.],
          [0., 0., 0., 0., 0., 0., 0., 1., 0., 1., 1., 1., 0., 0., 0., 0., 1.,
           0., 0.],
          [0., 0., 0., 1., 0., 1., 0., 1., 0., 0., 1., 1., 1., 0., 1., 0., 0.,
           1., 1.],
          [1., 0., 1., 1., 1., 0., 0., 0., 0., 0., 0., 1., 0., 0., 0., 1., 0.,
           0., 1.],
          [0., 0., 0., 0., 0., 1., 1., 1., 0., 0., 0., 1., 0., 0., 1., 0., 1.,
           1., 1.],
          [0., 0., 0., 0., 0., 0., 0., 1., 0., 1., 0., 0., 0., 1., 1., 1., 1.,
           0., 1.],
          [0., 0., 1., 1., 1., 1., 1., 1., 1., 1., 0., 1., 1., 0., 1., 0., 0.,
           1., 0.],
          [0., 0., 0., 1., 0., 1., 0., 0., 0., 0., 1., 1., 0., 0., 1., 0., 0.,
           0., 1.],
          [1., 1., 0., 0., 1., 1., 1., 1., 0., 1., 0., 1., 0., 1., 1., 1., 1.,
           0., 1.],
          [0., 0., 0., 0., 1., 0., 0., 0., 1., 1., 1., 1., 0., 0., 1., 0., 0.,
           0., 1.],
          [1., 0., 1., 1., 1., 1., 1., 0., 1., 0., 0., 1., 0., 0., 0., 1., 1.,
           0., 1.],
          [1., 1., 1., 0., 0., 1., 1., 0., 0., 1., 0., 1., 1., 0., 0., 1., 1.,
           0., 1.],
          [0., 1., 0., 0., 0., 1., 1., 0., 1., 0., 0., 1., 1., 0., 1., 1., 0.,
           0., 1.]]]], device='cuda:0'), tensor([[0.7525]], device='cuda:0'))
2026-01-08 17:18:47 - INFO - [ 0.9977632  -0.02958538  0.00196561  0.01285379  0.00196563  0.01285379
  0.73727226 -0.3947367 ]
2026-01-08 17:18:47 - INFO - (tensor([[[[0., 1., 0., 0., 0., 1., 0., 0., 0., 1., 0., 0., 0., 0., 1., 0., 1.,
           1., 1.],
          [0., 1., 0., 1., 1., 1., 1., 1., 1., 1., 1., 0., 0., 1., 1., 1., 0.,
           1., 0.],
          [0., 0., 0., 0., 1., 1., 1., 1., 1., 0., 1., 1., 0., 1., 0., 1., 0.,
           1., 1.],
          [0., 0., 0., 0., 0., 0., 0., 0., 1., 1., 0., 1., 1., 1., 1., 0., 1.,
           0., 1.],
          [1., 1., 0., 1., 0., 1., 0., 1., 0., 0., 1., 0., 1., 1., 1., 1., 1.,
           1., 1.],
          [1., 1., 1., 1., 0., 0., 1., 1., 1., 1., 1., 1., 1., 1., 0., 1., 0.,
           1., 1.],
          [0., 1., 0., 1., 1., 0., 1., 0., 1., 0., 0., 1., 1., 0., 1., 1., 1.,
           0., 0.],
          [0., 0., 0., 0., 0., 0., 0., 1., 0., 1., 1., 1., 0., 0., 0., 0., 1.,
           0., 0.],
          [0., 0., 0., 1., 0., 1., 0., 1., 0., 0., 1., 1., 1., 0., 1., 0., 0.,
           1., 1.],
          [1., 0., 1., 1., 1., 0., 0., 0., 0., 0., 0., 1., 0., 0., 0., 1., 0.,
           0., 1.],
          [0., 0., 0., 0., 0., 1., 1., 1., 0., 0., 0., 1., 0., 0., 1., 0., 1.,
           1., 1.],
          [0., 0., 0., 0., 0., 0., 0., 1., 0., 1., 0., 0., 0., 1., 1., 1., 1.,
           0., 1.],
          [0., 0., 1., 1., 1., 1., 1., 1., 1., 1., 0., 1., 1., 0., 1., 0., 0.,
           1., 0.],
          [0., 0., 0., 1., 0., 1., 0., 0., 0., 0., 1., 1., 0., 0., 1., 0., 0.,
           0., 1.],
          [1., 1., 0., 0., 1., 1., 1., 1., 0., 1., 0., 1., 0., 1., 1., 1., 1.,
           0., 1.],
          [0., 0., 0., 0., 1., 0., 0., 0., 1., 1., 1., 1., 0., 0., 1., 0., 0.,
           0., 1.],
          [1., 0., 1., 1., 1., 1., 1., 0., 1., 0., 0., 1., 0., 0., 0., 1., 1.,
           0., 1.],
          [1., 1., 1., 0., 0., 1., 1., 0., 0., 1., 0., 1., 1., 0., 0., 1., 1.,
           0., 1.],
          [0., 1., 0., 0., 0., 1., 1., 0., 1., 0., 0., 1., 1., 0., 1., 1., 0.,
           0., 1.]]]], device='cuda:0'), tensor([[0.7559]], device='cuda:0'))
2026-01-08 17:18:47 - INFO - [ 0.99776083 -0.02973939  0.00201033  0.0129384   0.00201035  0.01293839
  0.7362416  -0.3963149 ]
2026-01-08 17:18:47 - INFO - (tensor([[[[0., 1., 0., 0., 0., 1., 0., 0., 0., 1., 0., 0., 0., 0., 1., 0., 1.,
           1., 1.],
          [0., 1., 0., 1., 1., 1., 1., 1., 1., 1., 1., 0., 0., 1., 1., 1., 0.,
           1., 0.],
          [0., 0., 0., 0., 1., 1., 1., 1., 1., 0., 1., 1., 0., 1., 0., 1., 0.,
           1., 1.],
          [0., 0., 0., 0., 0., 0., 0., 0., 1., 1., 0., 1., 1., 1., 1., 0., 1.,
           0., 1.],
          [1., 1., 0., 1., 0., 1., 0., 1., 0., 0., 1., 0., 1., 1., 1., 1., 1.,
           1., 1.],
          [1., 1., 1., 1., 0., 0., 1., 1., 1., 1., 1., 1., 1., 1., 0., 1., 0.,
           1., 1.],
          [0., 1., 0., 1., 1., 0., 1., 0., 1., 0., 0., 1., 1., 0., 1., 1., 1.,
           0., 0.],
          [0., 0., 0., 0., 0., 0., 0., 1., 0., 1., 1., 1., 0., 0., 0., 0., 1.,
           0., 0.],
          [0., 0., 0., 1., 0., 1., 0., 1., 0., 0., 1., 1., 1., 0., 1., 0., 0.,
           1., 1.],
          [1., 0., 1., 1., 1., 0., 0., 0., 0., 0., 0., 1., 0., 0., 0., 1., 0.,
           0., 1.],
          [0., 0., 0., 0., 0., 1., 1., 1., 0., 0., 0., 1., 0., 0., 1., 0., 1.,
           1., 1.],
          [0., 0., 0., 0., 0., 0., 0., 1., 0., 1., 0., 0., 0., 1., 1., 1., 1.,
           0., 1.],
          [0., 0., 1., 1., 1., 1., 1., 1., 1., 1., 0., 1., 1., 0., 1., 0., 0.,
           1., 0.],
          [0., 0., 0., 1., 0., 1., 0., 0., 0., 0., 1., 1., 0., 0., 1., 0., 0.,
           0., 1.],
          [1., 1., 0., 0., 1., 1., 1., 1., 0., 1., 0., 1., 0., 1., 1., 1., 1.,
           0., 1.],
          [0., 0., 0., 0., 1., 0., 0., 0., 1., 1., 1., 1., 0., 0., 1., 0., 0.,
           0., 1.],
          [1., 0., 1., 1., 1., 1., 1., 0., 1., 0., 0., 1., 0., 0., 0., 1., 1.,
           0., 1.],
          [1., 1., 1., 0., 0., 1., 1., 0., 0., 1., 0., 1., 1., 0., 0., 1., 1.,
           0., 1.],
          [0., 1., 0., 0., 0., 1., 1., 0., 1., 0., 0., 1., 1., 0., 1., 1., 0.,
           0., 1.]]]], device='cuda:0'), tensor([[0.7592]], device='cuda:0'))
2026-01-08 17:18:47 - INFO - [ 0.9977589  -0.02988427  0.00205294  0.01301973  0.00205295  0.01301973
  0.7352339  -0.39783475]
2026-01-08 17:18:47 - INFO - (tensor([[[[0., 1., 0., 0., 0., 1., 0., 0., 0., 1., 0., 0., 0., 0., 1., 0., 1.,
           1., 1.],
          [0., 1., 0., 1., 1., 1., 1., 1., 1., 1., 1., 0., 0., 1., 1., 1., 0.,
           1., 0.],
          [0., 0., 0., 0., 1., 1., 1., 1., 1., 0., 1., 1., 0., 1., 0., 1., 0.,
           1., 1.],
          [0., 0., 0., 0., 0., 0., 0., 0., 1., 1., 0., 1., 1., 1., 1., 0., 1.,
           0., 1.],
          [1., 1., 0., 1., 0., 1., 0., 1., 0., 0., 1., 0., 1., 1., 1., 1., 1.,
           1., 1.],
          [1., 1., 1., 1., 0., 0., 1., 1., 1., 1., 1., 1., 1., 1., 0., 1., 0.,
           1., 1.],
          [0., 1., 0., 1., 1., 0., 1., 0., 1., 0., 0., 1., 1., 0., 1., 1., 1.,
           0., 0.],
          [0., 0., 0., 0., 0., 0., 0., 1., 0., 1., 1., 1., 0., 0., 0., 0., 1.,
           0., 0.],
          [0., 0., 0., 1., 0., 1., 0., 1., 0., 0., 1., 1., 1., 0., 1., 0., 0.,
           1., 1.],
          [1., 0., 1., 1., 1., 0., 0., 0., 0., 0., 0., 1., 0., 0., 0., 1., 0.,
           0., 1.],
          [0., 0., 0., 0., 0., 1., 1., 1., 0., 0., 0., 1., 0., 0., 1., 0., 1.,
           1., 1.],
          [0., 0., 0., 0., 0., 0., 0., 1., 0., 1., 0., 0., 0., 1., 1., 1., 1.,
           0., 1.],
          [0., 0., 1., 1., 1., 1., 1., 1., 1., 1., 0., 1., 1., 0., 1., 0., 0.,
           1., 0.],
          [0., 0., 0., 1., 0., 1., 0., 0., 0., 0., 1., 1., 0., 0., 1., 0., 0.,
           0., 1.],
          [1., 1., 0., 0., 1., 1., 1., 1., 0., 1., 0., 1., 0., 1., 1., 1., 1.,
           0., 1.],
          [0., 0., 0., 0., 1., 0., 0., 0., 1., 1., 1., 1., 0., 0., 1., 0., 0.,
           0., 1.],
          [1., 0., 1., 1., 1., 1., 1., 0., 1., 0., 0., 1., 0., 0., 0., 1., 1.,
           0., 1.],
          [1., 1., 1., 0., 0., 1., 1., 0., 0., 1., 0., 1., 1., 0., 0., 1., 1.,
           0., 1.],
          [0., 1., 0., 0., 0., 1., 1., 0., 1., 0., 0., 1., 1., 0., 1., 1., 0.,
           0., 1.]]]], device='cuda:0'), tensor([[0.7625]], device='cuda:0'))
2026-01-08 17:18:47 - INFO - [ 0.9977563  -0.03003131  0.0020959   0.01310142  0.00209591  0.01310142
  0.7341982  -0.3993619 ]
2026-01-08 17:18:47 - INFO - (tensor([[[[0., 1., 0., 0., 0., 1., 0., 0., 0., 1., 0., 0., 0., 0., 1., 0., 1.,
           1., 1.],
          [0., 1., 0., 1., 1., 1., 1., 1., 1., 1., 1., 0., 0., 1., 1., 1., 0.,
           1., 0.],
          [0., 0., 0., 0., 1., 1., 1., 1., 1., 0., 1., 1., 0., 1., 0., 1., 0.,
           1., 1.],
          [0., 0., 0., 0., 0., 0., 0., 0., 1., 1., 0., 1., 1., 1., 1., 0., 1.,
           0., 1.],
          [1., 1., 0., 1., 0., 1., 0., 1., 0., 0., 1., 0., 1., 1., 1., 1., 1.,
           1., 1.],
          [1., 1., 1., 1., 0., 0., 1., 1., 1., 1., 1., 1., 1., 1., 0., 1., 0.,
           1., 1.],
          [0., 1., 0., 1., 1., 0., 1., 0., 1., 0., 0., 1., 1., 0., 1., 1., 1.,
           0., 0.],
          [0., 0., 0., 0., 0., 0., 0., 1., 0., 1., 1., 1., 0., 0., 0., 0., 1.,
           0., 0.],
          [0., 0., 0., 1., 0., 1., 0., 1., 0., 0., 1., 1., 1., 0., 1., 0., 0.,
           1., 1.],
          [1., 0., 1., 1., 1., 0., 0., 0., 0., 0., 0., 1., 0., 0., 0., 1., 0.,
           0., 1.],
          [0., 0., 0., 0., 0., 1., 1., 1., 0., 0., 0., 1., 0., 0., 1., 0., 1.,
           1., 1.],
          [0., 0., 0., 0., 0., 0., 0., 1., 0., 1., 0., 0., 0., 1., 1., 1., 1.,
           0., 1.],
          [0., 0., 1., 1., 1., 1., 1., 1., 1., 1., 0., 1., 1., 0., 1., 0., 0.,
           1., 0.],
          [0., 0., 0., 1., 0., 1., 0., 0., 0., 0., 1., 1., 0., 0., 1., 0., 0.,
           0., 1.],
          [1., 1., 0., 0., 1., 1., 1., 1., 0., 1., 0., 1., 0., 1., 1., 1., 1.,
           0., 1.],
          [0., 0., 0., 0., 1., 0., 0., 0., 1., 1., 1., 1., 0., 0., 1., 0., 0.,
           0., 1.],
          [1., 0., 1., 1., 1., 1., 1., 0., 1., 0., 0., 1., 0., 0., 0., 1., 1.,
           0., 1.],
          [1., 1., 1., 0., 0., 1., 1., 0., 0., 1., 0., 1., 1., 0., 0., 1., 1.,
           0., 1.],
          [0., 1., 0., 0., 0., 1., 1., 0., 1., 0., 0., 1., 1., 0., 1., 1., 0.,
           0., 1.]]]], device='cuda:0'), tensor([[0.7659]], device='cuda:0'))
2026-01-08 17:18:47 - INFO - [ 0.9977536  -0.03019451  0.00213711  0.01318307  0.00213712  0.01318308
  0.73339796 -0.4008392 ]
2026-01-08 17:18:47 - INFO - (tensor([[[[0., 1., 0., 0., 0., 1., 0., 0., 0., 1., 0., 0., 0., 0., 1., 0., 1.,
           1., 1.],
          [0., 1., 0., 1., 1., 1., 1., 1., 1., 1., 1., 0., 0., 1., 1., 1., 0.,
           1., 0.],
          [0., 0., 0., 0., 1., 1., 1., 1., 1., 0., 1., 1., 0., 1., 0., 1., 0.,
           1., 1.],
          [0., 0., 0., 0., 0., 0., 0., 0., 1., 1., 0., 1., 1., 1., 1., 0., 1.,
           0., 1.],
          [1., 1., 0., 1., 0., 1., 0., 1., 0., 0., 1., 0., 1., 1., 1., 1., 1.,
           1., 1.],
          [1., 1., 1., 1., 0., 0., 1., 1., 1., 1., 1., 1., 1., 1., 0., 1., 0.,
           1., 1.],
          [0., 1., 0., 1., 1., 0., 1., 0., 1., 0., 0., 1., 1., 0., 1., 1., 1.,
           0., 0.],
          [0., 0., 0., 0., 0., 0., 0., 1., 0., 1., 1., 1., 0., 0., 0., 0., 1.,
           0., 0.],
          [0., 0., 0., 1., 0., 1., 0., 1., 0., 0., 1., 1., 1., 0., 1., 0., 0.,
           1., 1.],
          [1., 0., 1., 1., 1., 0., 0., 0., 0., 0., 0., 1., 0., 0., 0., 1., 0.,
           0., 1.],
          [0., 0., 0., 0., 0., 1., 1., 1., 0., 0., 0., 1., 0., 0., 1., 0., 1.,
           1., 1.],
          [0., 0., 0., 0., 0., 0., 0., 1., 0., 1., 0., 0., 0., 1., 1., 1., 1.,
           0., 1.],
          [0., 0., 1., 1., 1., 1., 1., 1., 1., 1., 0., 1., 1., 0., 1., 0., 0.,
           1., 0.],
          [0., 0., 0., 1., 0., 1., 0., 0., 0., 0., 1., 1., 0., 0., 1., 0., 0.,
           0., 1.],
          [1., 1., 0., 0., 1., 1., 1., 1., 0., 1., 0., 1., 0., 1., 1., 1., 1.,
           0., 1.],
          [0., 0., 0., 0., 1., 0., 0., 0., 1., 1., 1., 1., 0., 0., 1., 0., 0.,
           0., 1.],
          [1., 0., 1., 1., 1., 1., 1., 0., 1., 0., 0., 1., 0., 0., 0., 1., 1.,
           0., 1.],
          [1., 1., 1., 0., 0., 1., 1., 0., 0., 1., 0., 1., 1., 0., 0., 1., 1.,
           0., 1.],
          [0., 1., 0., 0., 0., 1., 1., 0., 1., 0., 0., 1., 1., 0., 1., 1., 0.,
           0., 1.]]]], device='cuda:0'), tensor([[0.7692]], device='cuda:0'))
2026-01-08 17:18:47 - INFO - [ 0.9977507  -0.03035668  0.00217829  0.01326401  0.00217829  0.01326401
  0.7325901  -0.4023112 ]
2026-01-08 17:18:47 - INFO - (tensor([[[[0., 1., 0., 0., 0., 1., 0., 0., 0., 1., 0., 0., 0., 0., 1., 0., 1.,
           1., 1.],
          [0., 1., 0., 1., 1., 1., 1., 1., 1., 1., 1., 0., 0., 1., 1., 1., 0.,
           1., 0.],
          [0., 0., 0., 0., 1., 1., 1., 1., 1., 0., 1., 1., 0., 1., 0., 1., 0.,
           1., 1.],
          [0., 0., 0., 0., 0., 0., 0., 0., 1., 1., 0., 1., 1., 1., 1., 0., 1.,
           0., 1.],
          [1., 1., 0., 1., 0., 1., 0., 1., 0., 0., 1., 0., 1., 1., 1., 1., 1.,
           1., 1.],
          [1., 1., 1., 1., 0., 0., 1., 1., 1., 1., 1., 1., 1., 1., 0., 1., 0.,
           1., 1.],
          [0., 1., 0., 1., 1., 0., 1., 0., 1., 0., 0., 1., 1., 0., 1., 1., 1.,
           0., 0.],
          [0., 0., 0., 0., 0., 0., 0., 1., 0., 1., 1., 1., 0., 0., 0., 0., 1.,
           0., 0.],
          [0., 0., 0., 1., 0., 1., 0., 1., 0., 0., 1., 1., 1., 0., 1., 0., 0.,
           1., 1.],
          [1., 0., 1., 1., 1., 0., 0., 0., 0., 0., 0., 1., 0., 0., 0., 1., 0.,
           0., 1.],
          [0., 0., 0., 0., 0., 1., 1., 1., 0., 0., 0., 1., 0., 0., 1., 0., 1.,
           1., 1.],
          [0., 0., 0., 0., 0., 0., 0., 1., 0., 1., 0., 0., 0., 1., 1., 1., 1.,
           0., 1.],
          [0., 0., 1., 1., 1., 1., 1., 1., 1., 1., 0., 1., 1., 0., 1., 0., 0.,
           1., 0.],
          [0., 0., 0., 1., 0., 1., 0., 0., 0., 0., 1., 1., 0., 0., 1., 0., 0.,
           0., 1.],
          [1., 1., 0., 0., 1., 1., 1., 1., 0., 1., 0., 1., 0., 1., 1., 1., 1.,
           0., 1.],
          [0., 0., 0., 0., 1., 0., 0., 0., 1., 1., 1., 1., 0., 0., 1., 0., 0.,
           0., 1.],
          [1., 0., 1., 1., 1., 1., 1., 0., 1., 0., 0., 1., 0., 0., 0., 1., 1.,
           0., 1.],
          [1., 1., 1., 0., 0., 1., 1., 0., 0., 1., 0., 1., 1., 0., 0., 1., 1.,
           0., 1.],
          [0., 1., 0., 0., 0., 1., 1., 0., 1., 0., 0., 1., 1., 0., 1., 1., 0.,
           0., 1.]]]], device='cuda:0'), tensor([[0.7726]], device='cuda:0'))
2026-01-08 17:18:47 - INFO - [ 0.9977474  -0.03051383  0.00221644  0.01333675  0.00221644  0.01333676
  0.73176014 -0.40370843]
2026-01-08 17:18:47 - INFO - (tensor([[[[0., 1., 0., 0., 0., 1., 0., 0., 0., 1., 0., 0., 0., 0., 1., 0., 1.,
           1., 1.],
          [0., 1., 0., 1., 1., 1., 1., 1., 1., 1., 1., 0., 0., 1., 1., 1., 0.,
           1., 0.],
          [0., 0., 0., 0., 1., 1., 1., 1., 1., 0., 1., 1., 0., 1., 0., 1., 0.,
           1., 1.],
          [0., 0., 0., 0., 0., 0., 0., 0., 1., 1., 0., 1., 1., 1., 1., 0., 1.,
           0., 1.],
          [1., 1., 0., 1., 0., 1., 0., 1., 0., 0., 1., 0., 1., 1., 1., 1., 1.,
           1., 1.],
          [1., 1., 1., 1., 0., 0., 1., 1., 1., 1., 1., 1., 1., 1., 0., 1., 0.,
           1., 1.],
          [0., 1., 0., 1., 1., 0., 1., 0., 1., 0., 0., 1., 1., 0., 1., 1., 1.,
           0., 0.],
          [0., 0., 0., 0., 0., 0., 0., 1., 0., 1., 1., 1., 0., 0., 0., 0., 1.,
           0., 0.],
          [0., 0., 0., 1., 0., 1., 0., 1., 0., 0., 1., 1., 1., 0., 1., 0., 0.,
           1., 1.],
          [1., 0., 1., 1., 1., 0., 0., 0., 0., 0., 0., 1., 0., 0., 0., 1., 0.,
           0., 1.],
          [0., 0., 0., 0., 0., 1., 1., 1., 0., 0., 0., 1., 0., 0., 1., 0., 1.,
           1., 1.],
          [0., 0., 0., 0., 0., 0., 0., 1., 0., 1., 0., 0., 0., 1., 1., 1., 1.,
           0., 1.],
          [0., 0., 1., 1., 1., 1., 1., 1., 1., 1., 0., 1., 1., 0., 1., 0., 0.,
           1., 0.],
          [0., 0., 0., 1., 0., 1., 0., 0., 0., 0., 1., 1., 0., 0., 1., 0., 0.,
           0., 1.],
          [1., 1., 0., 0., 1., 1., 1., 1., 0., 1., 0., 1., 0., 1., 1., 1., 1.,
           0., 1.],
          [0., 0., 0., 0., 1., 0., 0., 0., 1., 1., 1., 1., 0., 0., 1., 0., 0.,
           0., 1.],
          [1., 0., 1., 1., 1., 1., 1., 0., 1., 0., 0., 1., 0., 0., 0., 1., 1.,
           0., 1.],
          [1., 1., 1., 0., 0., 1., 1., 0., 0., 1., 0., 1., 1., 0., 0., 1., 1.,
           0., 1.],
          [0., 1., 0., 0., 0., 1., 1., 0., 1., 0., 0., 1., 1., 0., 1., 1., 0.,
           0., 1.]]]], device='cuda:0'), tensor([[0.7759]], device='cuda:0'))
2026-01-08 17:18:47 - INFO - [ 0.9977439  -0.0306762   0.00225428  0.01340696  0.00225428  0.01340697
  0.73093456 -0.40507028]
2026-01-08 17:18:47 - INFO - (tensor([[[[0., 1., 0., 0., 0., 1., 0., 0., 0., 1., 0., 0., 0., 0., 1., 0., 1.,
           1., 1.],
          [0., 1., 0., 1., 1., 1., 1., 1., 1., 1., 1., 0., 0., 1., 1., 1., 0.,
           1., 0.],
          [0., 0., 0., 0., 1., 1., 1., 1., 1., 0., 1., 1., 0., 1., 0., 1., 0.,
           1., 1.],
          [0., 0., 0., 0., 0., 0., 0., 0., 1., 1., 0., 1., 1., 1., 1., 0., 1.,
           0., 1.],
          [1., 1., 0., 1., 0., 1., 0., 1., 0., 0., 1., 0., 1., 1., 1., 1., 1.,
           1., 1.],
          [1., 1., 1., 1., 0., 0., 1., 1., 1., 1., 1., 1., 1., 1., 0., 1., 0.,
           1., 1.],
          [0., 1., 0., 1., 1., 0., 1., 0., 1., 0., 0., 1., 1., 0., 1., 1., 1.,
           0., 0.],
          [0., 0., 0., 0., 0., 0., 0., 1., 0., 1., 1., 1., 0., 0., 0., 0., 1.,
           0., 0.],
          [0., 0., 0., 1., 0., 1., 0., 1., 0., 0., 1., 1., 1., 0., 1., 0., 0.,
           1., 1.],
          [1., 0., 1., 1., 1., 0., 0., 0., 0., 0., 0., 1., 0., 0., 0., 1., 0.,
           0., 1.],
          [0., 0., 0., 0., 0., 1., 1., 1., 0., 0., 0., 1., 0., 0., 1., 0., 1.,
           1., 1.],
          [0., 0., 0., 0., 0., 0., 0., 1., 0., 1., 0., 0., 0., 1., 1., 1., 1.,
           0., 1.],
          [0., 0., 1., 1., 1., 1., 1., 1., 1., 1., 0., 1., 1., 0., 1., 0., 0.,
           1., 0.],
          [0., 0., 0., 1., 0., 1., 0., 0., 0., 0., 1., 1., 0., 0., 1., 0., 0.,
           0., 1.],
          [1., 1., 0., 0., 1., 1., 1., 1., 0., 1., 0., 1., 0., 1., 1., 1., 1.,
           0., 1.],
          [0., 0., 0., 0., 1., 0., 0., 0., 1., 1., 1., 1., 0., 0., 1., 0., 0.,
           0., 1.],
          [1., 0., 1., 1., 1., 1., 1., 0., 1., 0., 0., 1., 0., 0., 0., 1., 1.,
           0., 1.],
          [1., 1., 1., 0., 0., 1., 1., 0., 0., 1., 0., 1., 1., 0., 0., 1., 1.,
           0., 1.],
          [0., 1., 0., 0., 0., 1., 1., 0., 1., 0., 0., 1., 1., 0., 1., 1., 0.,
           0., 1.]]]], device='cuda:0'), tensor([[0.7793]], device='cuda:0'))
2026-01-08 17:18:47 - INFO - [ 0.9977324  -0.03093756  0.00231108  0.01350336  0.00231107  0.01350337
  0.72971106 -0.4070349 ]
2026-01-08 17:18:47 - INFO - (tensor([[[[0., 1., 0., 0., 0., 1., 0., 0., 0., 1., 0., 0., 0., 0., 1., 0., 1.,
           1., 1.],
          [0., 1., 0., 1., 1., 1., 1., 1., 1., 1., 1., 0., 0., 1., 1., 1., 0.,
           1., 0.],
          [0., 0., 0., 0., 1., 1., 1., 1., 1., 0., 1., 1., 0., 1., 0., 1., 0.,
           1., 1.],
          [0., 0., 0., 0., 0., 0., 0., 0., 1., 1., 0., 1., 1., 1., 1., 0., 1.,
           0., 1.],
          [1., 1., 0., 1., 0., 1., 0., 1., 0., 0., 1., 0., 1., 1., 1., 1., 1.,
           1., 1.],
          [1., 1., 1., 1., 0., 0., 1., 1., 1., 1., 1., 1., 1., 1., 0., 1., 0.,
           1., 1.],
          [0., 1., 0., 1., 1., 0., 1., 0., 1., 0., 0., 1., 1., 0., 1., 1., 1.,
           0., 0.],
          [0., 0., 0., 0., 0., 0., 0., 1., 0., 1., 1., 1., 0., 0., 0., 0., 1.,
           0., 0.],
          [0., 0., 0., 1., 0., 1., 0., 1., 0., 0., 1., 1., 1., 0., 1., 0., 0.,
           1., 1.],
          [1., 0., 1., 1., 1., 0., 0., 0., 0., 0., 0., 1., 0., 0., 0., 1., 0.,
           0., 1.],
          [0., 0., 0., 0., 0., 1., 1., 1., 0., 0., 0., 1., 0., 0., 1., 0., 1.,
           1., 1.],
          [0., 0., 0., 0., 0., 0., 0., 1., 0., 1., 0., 0., 0., 1., 1., 1., 1.,
           0., 1.],
          [0., 0., 1., 1., 1., 1., 1., 1., 1., 1., 0., 1., 1., 0., 1., 0., 0.,
           1., 0.],
          [0., 0., 0., 1., 0., 1., 0., 0., 0., 0., 1., 1., 0., 0., 1., 0., 0.,
           0., 1.],
          [1., 1., 0., 0., 1., 1., 1., 1., 0., 1., 0., 1., 0., 1., 1., 1., 1.,
           0., 1.],
          [0., 0., 0., 0., 1., 0., 0., 0., 1., 1., 1., 1., 0., 0., 1., 0., 0.,
           0., 1.],
          [1., 0., 1., 1., 1., 1., 1., 0., 1., 0., 0., 1., 0., 0., 0., 1., 1.,
           0., 1.],
          [1., 1., 1., 0., 0., 1., 1., 0., 0., 1., 0., 1., 1., 0., 0., 1., 1.,
           0., 1.],
          [0., 1., 0., 0., 0., 1., 1., 0., 1., 0., 0., 1., 1., 0., 1., 1., 0.,
           0., 1.]]]], device='cuda:0'), tensor([[0.7826]], device='cuda:0'))
2026-01-08 17:18:47 - INFO - [ 0.997714   -0.03127158  0.00238303  0.01361858  0.00238303  0.01361857
  0.728163   -0.40948844]
2026-01-08 17:18:47 - INFO - (tensor([[[[0., 1., 0., 0., 0., 1., 0., 0., 0., 1., 0., 0., 0., 0., 1., 0., 1.,
           1., 1.],
          [0., 1., 0., 1., 1., 1., 1., 1., 1., 1., 1., 0., 0., 1., 1., 1., 0.,
           1., 0.],
          [0., 0., 0., 0., 1., 1., 1., 1., 1., 0., 1., 1., 0., 1., 0., 1., 0.,
           1., 1.],
          [0., 0., 0., 0., 0., 0., 0., 0., 1., 1., 0., 1., 1., 1., 1., 0., 1.,
           0., 1.],
          [1., 1., 0., 1., 0., 1., 0., 1., 0., 0., 1., 0., 1., 1., 1., 1., 1.,
           1., 1.],
          [1., 1., 1., 1., 0., 0., 1., 1., 1., 1., 1., 1., 1., 1., 0., 1., 0.,
           1., 1.],
          [0., 1., 0., 1., 1., 0., 1., 0., 1., 0., 0., 1., 1., 0., 1., 1., 1.,
           0., 0.],
          [0., 0., 0., 0., 0., 0., 0., 1., 0., 1., 1., 1., 0., 0., 0., 0., 1.,
           0., 0.],
          [0., 0., 0., 1., 0., 1., 0., 1., 0., 0., 1., 1., 1., 0., 1., 0., 0.,
           1., 1.],
          [1., 0., 1., 1., 1., 0., 0., 0., 0., 0., 0., 1., 0., 0., 0., 1., 0.,
           0., 1.],
          [0., 0., 0., 0., 0., 1., 1., 1., 0., 0., 0., 1., 0., 0., 1., 0., 1.,
           1., 1.],
          [0., 0., 0., 0., 0., 0., 0., 1., 0., 1., 0., 0., 0., 1., 1., 1., 1.,
           0., 1.],
          [0., 0., 1., 1., 1., 1., 1., 1., 1., 1., 0., 1., 1., 0., 1., 0., 0.,
           1., 0.],
          [0., 0., 0., 1., 0., 1., 0., 0., 0., 0., 1., 1., 0., 0., 1., 0., 0.,
           0., 1.],
          [1., 1., 0., 0., 1., 1., 1., 1., 0., 1., 0., 1., 0., 1., 1., 1., 1.,
           0., 1.],
          [0., 0., 0., 0., 1., 0., 0., 0., 1., 1., 1., 1., 0., 0., 1., 0., 0.,
           0., 1.],
          [1., 0., 1., 1., 1., 1., 1., 0., 1., 0., 0., 1., 0., 0., 0., 1., 1.,
           0., 1.],
          [1., 1., 1., 0., 0., 1., 1., 0., 0., 1., 0., 1., 1., 0., 0., 1., 1.,
           0., 1.],
          [0., 1., 0., 0., 0., 1., 1., 0., 1., 0., 0., 1., 1., 0., 1., 1., 0.,
           0., 1.]]]], device='cuda:0'), tensor([[0.7860]], device='cuda:0'))
2026-01-08 17:18:47 - INFO - [ 0.9977053  -0.03140291  0.00241455  0.01365696  0.00241453  0.01365696
  0.7273071  -0.41090694]
2026-01-08 17:18:47 - INFO - (tensor([[[[0., 1., 0., 0., 0., 1., 0., 0., 0., 1., 0., 0., 0., 0., 1., 0., 1.,
           1., 1.],
          [0., 1., 0., 1., 1., 1., 1., 1., 1., 1., 1., 0., 0., 1., 1., 1., 0.,
           1., 0.],
          [0., 0., 0., 0., 1., 1., 1., 1., 1., 0., 1., 1., 0., 1., 0., 1., 0.,
           1., 1.],
          [0., 0., 0., 0., 0., 0., 0., 0., 1., 1., 0., 1., 1., 1., 1., 0., 1.,
           0., 1.],
          [1., 1., 0., 1., 0., 1., 0., 1., 0., 0., 1., 0., 1., 1., 1., 1., 1.,
           1., 1.],
          [1., 1., 1., 1., 0., 0., 1., 1., 1., 1., 1., 1., 1., 1., 0., 1., 0.,
           1., 1.],
          [0., 1., 0., 1., 1., 0., 1., 0., 1., 0., 0., 1., 1., 0., 1., 1., 1.,
           0., 0.],
          [0., 0., 0., 0., 0., 0., 0., 1., 0., 1., 1., 1., 0., 0., 0., 0., 1.,
           0., 0.],
          [0., 0., 0., 1., 0., 1., 0., 1., 0., 0., 1., 1., 1., 0., 1., 0., 0.,
           1., 1.],
          [1., 0., 1., 1., 1., 0., 0., 0., 0., 0., 0., 1., 0., 0., 0., 1., 0.,
           0., 1.],
          [0., 0., 0., 0., 0., 1., 1., 1., 0., 0., 0., 1., 0., 0., 1., 0., 1.,
           1., 1.],
          [0., 0., 0., 0., 0., 0., 0., 1., 0., 1., 0., 0., 0., 1., 1., 1., 1.,
           0., 1.],
          [0., 0., 1., 1., 1., 1., 1., 1., 1., 1., 0., 1., 1., 0., 1., 0., 0.,
           1., 0.],
          [0., 0., 0., 1., 0., 1., 0., 0., 0., 0., 1., 1., 0., 0., 1., 0., 0.,
           0., 1.],
          [1., 1., 0., 0., 1., 1., 1., 1., 0., 1., 0., 1., 0., 1., 1., 1., 1.,
           0., 1.],
          [0., 0., 0., 0., 1., 0., 0., 0., 1., 1., 1., 1., 0., 0., 1., 0., 0.,
           0., 1.],
          [1., 0., 1., 1., 1., 1., 1., 0., 1., 0., 0., 1., 0., 0., 0., 1., 1.,
           0., 1.],
          [1., 1., 1., 0., 0., 1., 1., 0., 0., 1., 0., 1., 1., 0., 0., 1., 1.,
           0., 1.],
          [0., 1., 0., 0., 0., 1., 1., 0., 1., 0., 0., 1., 1., 0., 1., 1., 0.,
           0., 1.]]]], device='cuda:0'), tensor([[0.7893]], device='cuda:0'))
2026-01-08 17:18:47 - INFO - [ 0.99769443 -0.03154298  0.00244396  0.01369175  0.00244395  0.01369175
  0.72642    -0.41235244]
2026-01-08 17:18:47 - INFO - (tensor([[[[0., 1., 0., 0., 0., 1., 0., 0., 0., 1., 0., 0., 0., 0., 1., 0., 1.,
           1., 1.],
          [0., 1., 0., 1., 1., 1., 1., 1., 1., 1., 1., 0., 0., 1., 1., 1., 0.,
           1., 0.],
          [0., 0., 0., 0., 1., 1., 1., 1., 1., 0., 1., 1., 0., 1., 0., 1., 0.,
           1., 1.],
          [0., 0., 0., 0., 0., 0., 0., 0., 1., 1., 0., 1., 1., 1., 1., 0., 1.,
           0., 1.],
          [1., 1., 0., 1., 0., 1., 0., 1., 0., 0., 1., 0., 1., 1., 1., 1., 1.,
           1., 1.],
          [1., 1., 1., 1., 0., 0., 1., 1., 1., 1., 1., 1., 1., 1., 0., 1., 0.,
           1., 1.],
          [0., 1., 0., 1., 1., 0., 1., 0., 1., 0., 0., 1., 1., 0., 1., 1., 1.,
           0., 0.],
          [0., 0., 0., 0., 0., 0., 0., 1., 0., 1., 1., 1., 0., 0., 0., 0., 1.,
           0., 0.],
          [0., 0., 0., 1., 0., 1., 0., 1., 0., 0., 1., 1., 1., 0., 1., 0., 0.,
           1., 1.],
          [1., 0., 1., 1., 1., 0., 0., 0., 0., 0., 0., 1., 0., 0., 0., 1., 0.,
           0., 1.],
          [0., 0., 0., 0., 0., 1., 1., 1., 0., 0., 0., 1., 0., 0., 1., 0., 1.,
           1., 1.],
          [0., 0., 0., 0., 0., 0., 0., 1., 0., 1., 0., 0., 0., 1., 1., 1., 1.,
           0., 1.],
          [0., 0., 1., 1., 1., 1., 1., 1., 1., 1., 0., 1., 1., 0., 1., 0., 0.,
           1., 0.],
          [0., 0., 0., 1., 0., 1., 0., 0., 0., 0., 1., 1., 0., 0., 1., 0., 0.,
           0., 1.],
          [1., 1., 0., 0., 1., 1., 1., 1., 0., 1., 0., 1., 0., 1., 1., 1., 1.,
           0., 1.],
          [0., 0., 0., 0., 1., 0., 0., 0., 1., 1., 1., 1., 0., 0., 1., 0., 0.,
           0., 1.],
          [1., 0., 1., 1., 1., 1., 1., 0., 1., 0., 0., 1., 0., 0., 0., 1., 1.,
           0., 1.],
          [1., 1., 1., 0., 0., 1., 1., 0., 0., 1., 0., 1., 1., 0., 0., 1., 1.,
           0., 1.],
          [0., 1., 0., 0., 0., 1., 1., 0., 1., 0., 0., 1., 1., 0., 1., 1., 0.,
           0., 1.]]]], device='cuda:0'), tensor([[0.7926]], device='cuda:0'))
2026-01-08 17:18:47 - INFO - [ 0.9976839  -0.03168118  0.0024718   0.013724    0.0024718   0.01372399
  0.72556245 -0.41374505]
2026-01-08 17:18:47 - INFO - (tensor([[[[0., 1., 0., 0., 0., 1., 0., 0., 0., 1., 0., 0., 0., 0., 1., 0., 1.,
           1., 1.],
          [0., 1., 0., 1., 1., 1., 1., 1., 1., 1., 1., 0., 0., 1., 1., 1., 0.,
           1., 0.],
          [0., 0., 0., 0., 1., 1., 1., 1., 1., 0., 1., 1., 0., 1., 0., 1., 0.,
           1., 1.],
          [0., 0., 0., 0., 0., 0., 0., 0., 1., 1., 0., 1., 1., 1., 1., 0., 1.,
           0., 1.],
          [1., 1., 0., 1., 0., 1., 0., 1., 0., 0., 1., 0., 1., 1., 1., 1., 1.,
           1., 1.],
          [1., 1., 1., 1., 0., 0., 1., 1., 1., 1., 1., 1., 1., 1., 0., 1., 0.,
           1., 1.],
          [0., 1., 0., 1., 1., 0., 1., 0., 1., 0., 0., 1., 1., 0., 1., 1., 1.,
           0., 0.],
          [0., 0., 0., 0., 0., 0., 0., 1., 0., 1., 1., 1., 0., 0., 0., 0., 1.,
           0., 0.],
          [0., 0., 0., 1., 0., 1., 0., 1., 0., 0., 1., 1., 1., 0., 1., 0., 0.,
           1., 1.],
          [1., 0., 1., 1., 1., 0., 0., 0., 0., 0., 0., 1., 0., 0., 0., 1., 0.,
           0., 1.],
          [0., 0., 0., 0., 0., 1., 1., 1., 0., 0., 0., 1., 0., 0., 1., 0., 1.,
           1., 1.],
          [0., 0., 0., 0., 0., 0., 0., 1., 0., 1., 0., 0., 0., 1., 1., 1., 1.,
           0., 1.],
          [0., 0., 1., 1., 1., 1., 1., 1., 1., 1., 0., 1., 1., 0., 1., 0., 0.,
           1., 0.],
          [0., 0., 0., 1., 0., 1., 0., 0., 0., 0., 1., 1., 0., 0., 1., 0., 0.,
           0., 1.],
          [1., 1., 0., 0., 1., 1., 1., 1., 0., 1., 0., 1., 0., 1., 1., 1., 1.,
           0., 1.],
          [0., 0., 0., 0., 1., 0., 0., 0., 1., 1., 1., 1., 0., 0., 1., 0., 0.,
           0., 1.],
          [1., 0., 1., 1., 1., 1., 1., 0., 1., 0., 0., 1., 0., 0., 0., 1., 1.,
           0., 1.],
          [1., 1., 1., 0., 0., 1., 1., 0., 0., 1., 0., 1., 1., 0., 0., 1., 1.,
           0., 1.],
          [0., 1., 0., 0., 0., 1., 1., 0., 1., 0., 0., 1., 1., 0., 1., 1., 0.,
           0., 1.]]]], device='cuda:0'), tensor([[0.7960]], device='cuda:0'))
2026-01-08 17:18:47 - INFO - [ 0.9976735  -0.03181881  0.00249997  0.01375695  0.00249996  0.01375694
  0.7247057  -0.41513675]
2026-01-08 17:18:48 - INFO - (tensor([[[[0., 1., 0., 0., 0., 1., 0., 0., 0., 1., 0., 0., 0., 0., 1., 0., 1.,
           1., 1.],
          [0., 1., 0., 1., 1., 1., 1., 1., 1., 1., 1., 0., 0., 1., 1., 1., 0.,
           1., 0.],
          [0., 0., 0., 0., 1., 1., 1., 1., 1., 0., 1., 1., 0., 1., 0., 1., 0.,
           1., 1.],
          [0., 0., 0., 0., 0., 0., 0., 0., 1., 1., 0., 1., 1., 1., 1., 0., 1.,
           0., 1.],
          [1., 1., 0., 1., 0., 1., 0., 1., 0., 0., 1., 0., 1., 1., 1., 1., 1.,
           1., 1.],
          [1., 1., 1., 1., 0., 0., 1., 1., 1., 1., 1., 1., 1., 1., 0., 1., 0.,
           1., 1.],
          [0., 1., 0., 1., 1., 0., 1., 0., 1., 0., 0., 1., 1., 0., 1., 1., 1.,
           0., 0.],
          [0., 0., 0., 0., 0., 0., 0., 1., 0., 1., 1., 1., 0., 0., 0., 0., 1.,
           0., 0.],
          [0., 0., 0., 1., 0., 1., 0., 1., 0., 0., 1., 1., 1., 0., 1., 0., 0.,
           1., 1.],
          [1., 0., 1., 1., 1., 0., 0., 0., 0., 0., 0., 1., 0., 0., 0., 1., 0.,
           0., 1.],
          [0., 0., 0., 0., 0., 1., 1., 1., 0., 0., 0., 1., 0., 0., 1., 0., 1.,
           1., 1.],
          [0., 0., 0., 0., 0., 0., 0., 1., 0., 1., 0., 0., 0., 1., 1., 1., 1.,
           0., 1.],
          [0., 0., 1., 1., 1., 1., 1., 1., 1., 1., 0., 1., 1., 0., 1., 0., 0.,
           1., 0.],
          [0., 0., 0., 1., 0., 1., 0., 0., 0., 0., 1., 1., 0., 0., 1., 0., 0.,
           0., 1.],
          [1., 1., 0., 0., 1., 1., 1., 1., 0., 1., 0., 1., 0., 1., 1., 1., 1.,
           0., 1.],
          [0., 0., 0., 0., 1., 0., 0., 0., 1., 1., 1., 1., 0., 0., 1., 0., 0.,
           0., 1.],
          [1., 0., 1., 1., 1., 1., 1., 0., 1., 0., 0., 1., 0., 0., 0., 1., 1.,
           0., 1.],
          [1., 1., 1., 0., 0., 1., 1., 0., 0., 1., 0., 1., 1., 0., 0., 1., 1.,
           0., 1.],
          [0., 1., 0., 0., 0., 1., 1., 0., 1., 0., 0., 1., 1., 0., 1., 1., 0.,
           0., 1.]]]], device='cuda:0'), tensor([[0.7993]], device='cuda:0'))
2026-01-08 17:18:48 - INFO - [ 0.9976643  -0.03195037  0.00252623  0.01378714  0.00252622  0.01378715
  0.72389734 -0.41644055]
2026-01-08 17:18:48 - INFO - (tensor([[[[0., 1., 0., 0., 0., 1., 0., 0., 0., 1., 0., 0., 0., 0., 1., 0., 1.,
           1., 1.],
          [0., 1., 0., 1., 1., 1., 1., 1., 1., 1., 1., 0., 0., 1., 1., 1., 0.,
           1., 0.],
          [0., 0., 0., 0., 1., 1., 1., 1., 1., 0., 1., 1., 0., 1., 0., 1., 0.,
           1., 1.],
          [0., 0., 0., 0., 0., 0., 0., 0., 1., 1., 0., 1., 1., 1., 1., 0., 1.,
           0., 1.],
          [1., 1., 0., 1., 0., 1., 0., 1., 0., 0., 1., 0., 1., 1., 1., 1., 1.,
           1., 1.],
          [1., 1., 1., 1., 0., 0., 1., 1., 1., 1., 1., 1., 1., 1., 0., 1., 0.,
           1., 1.],
          [0., 1., 0., 1., 1., 0., 1., 0., 1., 0., 0., 1., 1., 0., 1., 1., 1.,
           0., 0.],
          [0., 0., 0., 0., 0., 0., 0., 1., 0., 1., 1., 1., 0., 0., 0., 0., 1.,
           0., 0.],
          [0., 0., 0., 1., 0., 1., 0., 1., 0., 0., 1., 1., 1., 0., 1., 0., 0.,
           1., 1.],
          [1., 0., 1., 1., 1., 0., 0., 0., 0., 0., 0., 1., 0., 0., 0., 1., 0.,
           0., 1.],
          [0., 0., 0., 0., 0., 1., 1., 1., 0., 0., 0., 1., 0., 0., 1., 0., 1.,
           1., 1.],
          [0., 0., 0., 0., 0., 0., 0., 1., 0., 1., 0., 0., 0., 1., 1., 1., 1.,
           0., 1.],
          [0., 0., 1., 1., 1., 1., 1., 1., 1., 1., 0., 1., 1., 0., 1., 0., 0.,
           1., 0.],
          [0., 0., 0., 1., 0., 1., 0., 0., 0., 0., 1., 1., 0., 0., 1., 0., 0.,
           0., 1.],
          [1., 1., 0., 0., 1., 1., 1., 1., 0., 1., 0., 1., 0., 1., 1., 1., 1.,
           0., 1.],
          [0., 0., 0., 0., 1., 0., 0., 0., 1., 1., 1., 1., 0., 0., 1., 0., 0.,
           0., 1.],
          [1., 0., 1., 1., 1., 1., 1., 0., 1., 0., 0., 1., 0., 0., 0., 1., 1.,
           0., 1.],
          [1., 1., 1., 0., 0., 1., 1., 0., 0., 1., 0., 1., 1., 0., 0., 1., 1.,
           0., 1.],
          [0., 1., 0., 0., 0., 1., 1., 0., 1., 0., 0., 1., 1., 0., 1., 1., 0.,
           0., 1.]]]], device='cuda:0'), tensor([[0.8027]], device='cuda:0'))
2026-01-08 17:18:48 - INFO - [ 0.9976543  -0.032099    0.00255621  0.0138213   0.00255621  0.0138213
  0.7230215  -0.4178493 ]
2026-01-08 17:18:48 - INFO - (tensor([[[[0., 1., 0., 0., 0., 1., 0., 0., 0., 1., 0., 0., 0., 0., 1., 0., 1.,
           1., 1.],
          [0., 1., 0., 1., 1., 1., 1., 1., 1., 1., 1., 0., 0., 1., 1., 1., 0.,
           1., 0.],
          [0., 0., 0., 0., 1., 1., 1., 1., 1., 0., 1., 1., 0., 1., 0., 1., 0.,
           1., 1.],
          [0., 0., 0., 0., 0., 0., 0., 0., 1., 1., 0., 1., 1., 1., 1., 0., 1.,
           0., 1.],
          [1., 1., 0., 1., 0., 1., 0., 1., 0., 0., 1., 0., 1., 1., 1., 1., 1.,
           1., 1.],
          [1., 1., 1., 1., 0., 0., 1., 1., 1., 1., 1., 1., 1., 1., 0., 1., 0.,
           1., 1.],
          [0., 1., 0., 1., 1., 0., 1., 0., 1., 0., 0., 1., 1., 0., 1., 1., 1.,
           0., 0.],
          [0., 0., 0., 0., 0., 0., 0., 1., 0., 1., 1., 1., 0., 0., 0., 0., 1.,
           0., 0.],
          [0., 0., 0., 1., 0., 1., 0., 1., 0., 0., 1., 1., 1., 0., 1., 0., 0.,
           1., 1.],
          [1., 0., 1., 1., 1., 0., 0., 0., 0., 0., 0., 1., 0., 0., 0., 1., 0.,
           0., 1.],
          [0., 0., 0., 0., 0., 1., 1., 1., 0., 0., 0., 1., 0., 0., 1., 0., 1.,
           1., 1.],
          [0., 0., 0., 0., 0., 0., 0., 1., 0., 1., 0., 0., 0., 1., 1., 1., 1.,
           0., 1.],
          [0., 0., 1., 1., 1., 1., 1., 1., 1., 1., 0., 1., 1., 0., 1., 0., 0.,
           1., 0.],
          [0., 0., 0., 1., 0., 1., 0., 0., 0., 0., 1., 1., 0., 0., 1., 0., 0.,
           0., 1.],
          [1., 1., 0., 0., 1., 1., 1., 1., 0., 1., 0., 1., 0., 1., 1., 1., 1.,
           0., 1.],
          [0., 0., 0., 0., 1., 0., 0., 0., 1., 1., 1., 1., 0., 0., 1., 0., 0.,
           0., 1.],
          [1., 0., 1., 1., 1., 1., 1., 0., 1., 0., 0., 1., 0., 0., 0., 1., 1.,
           0., 1.],
          [1., 1., 1., 0., 0., 1., 1., 0., 0., 1., 0., 1., 1., 0., 0., 1., 1.,
           0., 1.],
          [0., 1., 0., 0., 0., 1., 1., 0., 1., 0., 0., 1., 1., 0., 1., 1., 0.,
           0., 1.]]]], device='cuda:0'), tensor([[0.8060]], device='cuda:0'))
2026-01-08 17:18:48 - INFO - [ 0.9976459  -0.03223005  0.00258275  0.01384879  0.00258274  0.01384879
  0.722242   -0.41909447]
2026-01-08 17:18:48 - INFO - (tensor([[[[0., 1., 0., 0., 0., 1., 0., 0., 0., 1., 0., 0., 0., 0., 1., 0., 1.,
           1., 1.],
          [0., 1., 0., 1., 1., 1., 1., 1., 1., 1., 1., 0., 0., 1., 1., 1., 0.,
           1., 0.],
          [0., 0., 0., 0., 1., 1., 1., 1., 1., 0., 1., 1., 0., 1., 0., 1., 0.,
           1., 1.],
          [0., 0., 0., 0., 0., 0., 0., 0., 1., 1., 0., 1., 1., 1., 1., 0., 1.,
           0., 1.],
          [1., 1., 0., 1., 0., 1., 0., 1., 0., 0., 1., 0., 1., 1., 1., 1., 1.,
           1., 1.],
          [1., 1., 1., 1., 0., 0., 1., 1., 1., 1., 1., 1., 1., 1., 0., 1., 0.,
           1., 1.],
          [0., 1., 0., 1., 1., 0., 1., 0., 1., 0., 0., 1., 1., 0., 1., 1., 1.,
           0., 0.],
          [0., 0., 0., 0., 0., 0., 0., 1., 0., 1., 1., 1., 0., 0., 0., 0., 1.,
           0., 0.],
          [0., 0., 0., 1., 0., 1., 0., 1., 0., 0., 1., 1., 1., 0., 1., 0., 0.,
           1., 1.],
          [1., 0., 1., 1., 1., 0., 0., 0., 0., 0., 0., 1., 0., 0., 0., 1., 0.,
           0., 1.],
          [0., 0., 0., 0., 0., 1., 1., 1., 0., 0., 0., 1., 0., 0., 1., 0., 1.,
           1., 1.],
          [0., 0., 0., 0., 0., 0., 0., 1., 0., 1., 0., 0., 0., 1., 1., 1., 1.,
           0., 1.],
          [0., 0., 1., 1., 1., 1., 1., 1., 1., 1., 0., 1., 1., 0., 1., 0., 0.,
           1., 0.],
          [0., 0., 0., 1., 0., 1., 0., 0., 0., 0., 1., 1., 0., 0., 1., 0., 0.,
           0., 1.],
          [1., 1., 0., 0., 1., 1., 1., 1., 0., 1., 0., 1., 0., 1., 1., 1., 1.,
           0., 1.],
          [0., 0., 0., 0., 1., 0., 0., 0., 1., 1., 1., 1., 0., 0., 1., 0., 0.,
           0., 1.],
          [1., 0., 1., 1., 1., 1., 1., 0., 1., 0., 0., 1., 0., 0., 0., 1., 1.,
           0., 1.],
          [1., 1., 1., 0., 0., 1., 1., 0., 0., 1., 0., 1., 1., 0., 0., 1., 1.,
           0., 1.],
          [0., 1., 0., 0., 0., 1., 1., 0., 1., 0., 0., 1., 1., 0., 1., 1., 0.,
           0., 1.]]]], device='cuda:0'), tensor([[0.8094]], device='cuda:0'))
2026-01-08 17:18:48 - INFO - [ 0.9976399  -0.03233368  0.00260411  0.0138711   0.00260412  0.0138711
  0.7216133  -0.4201055 ]
2026-01-08 17:18:48 - INFO - (tensor([[[[0., 1., 0., 0., 0., 1., 0., 0., 0., 1., 0., 0., 0., 0., 1., 0., 1.,
           1., 1.],
          [0., 1., 0., 1., 1., 1., 1., 1., 1., 1., 1., 0., 0., 1., 1., 1., 0.,
           1., 0.],
          [0., 0., 0., 0., 1., 1., 1., 1., 1., 0., 1., 1., 0., 1., 0., 1., 0.,
           1., 1.],
          [0., 0., 0., 0., 0., 0., 0., 0., 1., 1., 0., 1., 1., 1., 1., 0., 1.,
           0., 1.],
          [1., 1., 0., 1., 0., 1., 0., 1., 0., 0., 1., 0., 1., 1., 1., 1., 1.,
           1., 1.],
          [1., 1., 1., 1., 0., 0., 1., 1., 1., 1., 1., 1., 1., 1., 0., 1., 0.,
           1., 1.],
          [0., 1., 0., 1., 1., 0., 1., 0., 1., 0., 0., 1., 1., 0., 1., 1., 1.,
           0., 0.],
          [0., 0., 0., 0., 0., 0., 0., 1., 0., 1., 1., 1., 0., 0., 0., 0., 1.,
           0., 0.],
          [0., 0., 0., 1., 0., 1., 0., 1., 0., 0., 1., 1., 1., 0., 1., 0., 0.,
           1., 1.],
          [1., 0., 1., 1., 1., 0., 0., 0., 0., 0., 0., 1., 0., 0., 0., 1., 0.,
           0., 1.],
          [0., 0., 0., 0., 0., 1., 1., 1., 0., 0., 0., 1., 0., 0., 1., 0., 1.,
           1., 1.],
          [0., 0., 0., 0., 0., 0., 0., 1., 0., 1., 0., 0., 0., 1., 1., 1., 1.,
           0., 1.],
          [0., 0., 1., 1., 1., 1., 1., 1., 1., 1., 0., 1., 1., 0., 1., 0., 0.,
           1., 0.],
          [0., 0., 0., 1., 0., 1., 0., 0., 0., 0., 1., 1., 0., 0., 1., 0., 0.,
           0., 1.],
          [1., 1., 0., 0., 1., 1., 1., 1., 0., 1., 0., 1., 0., 1., 1., 1., 1.,
           0., 1.],
          [0., 0., 0., 0., 1., 0., 0., 0., 1., 1., 1., 1., 0., 0., 1., 0., 0.,
           0., 1.],
          [1., 0., 1., 1., 1., 1., 1., 0., 1., 0., 0., 1., 0., 0., 0., 1., 1.,
           0., 1.],
          [1., 1., 1., 0., 0., 1., 1., 0., 0., 1., 0., 1., 1., 0., 0., 1., 1.,
           0., 1.],
          [0., 1., 0., 0., 0., 1., 1., 0., 1., 0., 0., 1., 1., 0., 1., 1., 0.,
           0., 1.]]]], device='cuda:0'), tensor([[0.8127]], device='cuda:0'))
2026-01-08 17:18:48 - INFO - [ 0.9976353  -0.03242595  0.00262036  0.01388536  0.00262036  0.01388536
  0.7212224  -0.42094904]
2026-01-08 17:18:48 - INFO - (tensor([[[[0., 1., 0., 0., 0., 1., 0., 0., 0., 1., 0., 0., 0., 0., 1., 0., 1.,
           1., 1.],
          [0., 1., 0., 1., 1., 1., 1., 1., 1., 1., 1., 0., 0., 1., 1., 1., 0.,
           1., 0.],
          [0., 0., 0., 0., 1., 1., 1., 1., 1., 0., 1., 1., 0., 1., 0., 1., 0.,
           1., 1.],
          [0., 0., 0., 0., 0., 0., 0., 0., 1., 1., 0., 1., 1., 1., 1., 0., 1.,
           0., 1.],
          [1., 1., 0., 1., 0., 1., 0., 1., 0., 0., 1., 0., 1., 1., 1., 1., 1.,
           1., 1.],
          [1., 1., 1., 1., 0., 0., 1., 1., 1., 1., 1., 1., 1., 1., 0., 1., 0.,
           1., 1.],
          [0., 1., 0., 1., 1., 0., 1., 0., 1., 0., 0., 1., 1., 0., 1., 1., 1.,
           0., 0.],
          [0., 0., 0., 0., 0., 0., 0., 1., 0., 1., 1., 1., 0., 0., 0., 0., 1.,
           0., 0.],
          [0., 0., 0., 1., 0., 1., 0., 1., 0., 0., 1., 1., 1., 0., 1., 0., 0.,
           1., 1.],
          [1., 0., 1., 1., 1., 0., 0., 0., 0., 0., 0., 1., 0., 0., 0., 1., 0.,
           0., 1.],
          [0., 0., 0., 0., 0., 1., 1., 1., 0., 0., 0., 1., 0., 0., 1., 0., 1.,
           1., 1.],
          [0., 0., 0., 0., 0., 0., 0., 1., 0., 1., 0., 0., 0., 1., 1., 1., 1.,
           0., 1.],
          [0., 0., 1., 1., 1., 1., 1., 1., 1., 1., 0., 1., 1., 0., 1., 0., 0.,
           1., 0.],
          [0., 0., 0., 1., 0., 1., 0., 0., 0., 0., 1., 1., 0., 0., 1., 0., 0.,
           0., 1.],
          [1., 1., 0., 0., 1., 1., 1., 1., 0., 1., 0., 1., 0., 1., 1., 1., 1.,
           0., 1.],
          [0., 0., 0., 0., 1., 0., 0., 0., 1., 1., 1., 1., 0., 0., 1., 0., 0.,
           0., 1.],
          [1., 0., 1., 1., 1., 1., 1., 0., 1., 0., 0., 1., 0., 0., 0., 1., 1.,
           0., 1.],
          [1., 1., 1., 0., 0., 1., 1., 0., 0., 1., 0., 1., 1., 0., 0., 1., 1.,
           0., 1.],
          [0., 1., 0., 0., 0., 1., 1., 0., 1., 0., 0., 1., 1., 0., 1., 1., 0.,
           0., 1.]]]], device='cuda:0'), tensor([[0.8161]], device='cuda:0'))
2026-01-08 17:18:48 - INFO - [ 0.99762815 -0.0325608   0.00263879  0.01390211  0.0026388   0.01390211
  0.7207556  -0.4220933 ]
2026-01-08 17:18:48 - INFO - (tensor([[[[0., 1., 0., 0., 0., 1., 0., 0., 0., 1., 0., 0., 0., 0., 1., 0., 1.,
           1., 1.],
          [0., 1., 0., 1., 1., 1., 1., 1., 1., 1., 1., 0., 0., 1., 1., 1., 0.,
           1., 0.],
          [0., 0., 0., 0., 1., 1., 1., 1., 1., 0., 1., 1., 0., 1., 0., 1., 0.,
           1., 1.],
          [0., 0., 0., 0., 0., 0., 0., 0., 1., 1., 0., 1., 1., 1., 1., 0., 1.,
           0., 1.],
          [1., 1., 0., 1., 0., 1., 0., 1., 0., 0., 1., 0., 1., 1., 1., 1., 1.,
           1., 1.],
          [1., 1., 1., 1., 0., 0., 1., 1., 1., 1., 1., 1., 1., 1., 0., 1., 0.,
           1., 1.],
          [0., 1., 0., 1., 1., 0., 1., 0., 1., 0., 0., 1., 1., 0., 1., 1., 1.,
           0., 0.],
          [0., 0., 0., 0., 0., 0., 0., 1., 0., 1., 1., 1., 0., 0., 0., 0., 1.,
           0., 0.],
          [0., 0., 0., 1., 0., 1., 0., 1., 0., 0., 1., 1., 1., 0., 1., 0., 0.,
           1., 1.],
          [1., 0., 1., 1., 1., 0., 0., 0., 0., 0., 0., 1., 0., 0., 0., 1., 0.,
           0., 1.],
          [0., 0., 0., 0., 0., 1., 1., 1., 0., 0., 0., 1., 0., 0., 1., 0., 1.,
           1., 1.],
          [0., 0., 0., 0., 0., 0., 0., 1., 0., 1., 0., 0., 0., 1., 1., 1., 1.,
           0., 1.],
          [0., 0., 1., 1., 1., 1., 1., 1., 1., 1., 0., 1., 1., 0., 1., 0., 0.,
           1., 0.],
          [0., 0., 0., 1., 0., 1., 0., 0., 0., 0., 1., 1., 0., 0., 1., 0., 0.,
           0., 1.],
          [1., 1., 0., 0., 1., 1., 1., 1., 0., 1., 0., 1., 0., 1., 1., 1., 1.,
           0., 1.],
          [0., 0., 0., 0., 1., 0., 0., 0., 1., 1., 1., 1., 0., 0., 1., 0., 0.,
           0., 1.],
          [1., 0., 1., 1., 1., 1., 1., 0., 1., 0., 0., 1., 0., 0., 0., 1., 1.,
           0., 1.],
          [1., 1., 1., 0., 0., 1., 1., 0., 0., 1., 0., 1., 1., 0., 0., 1., 1.,
           0., 1.],
          [0., 1., 0., 0., 0., 1., 1., 0., 1., 0., 0., 1., 1., 0., 1., 1., 0.,
           0., 1.]]]], device='cuda:0'), tensor([[0.8194]], device='cuda:0'))
2026-01-08 17:18:48 - INFO - [ 0.9976198  -0.03271921  0.00266063  0.01392686  0.00266065  0.01392686
  0.7201686  -0.42344153]
2026-01-08 17:18:48 - INFO - (tensor([[[[0., 1., 0., 0., 0., 1., 0., 0., 0., 1., 0., 0., 0., 0., 1., 0., 1.,
           1., 1.],
          [0., 1., 0., 1., 1., 1., 1., 1., 1., 1., 1., 0., 0., 1., 1., 1., 0.,
           1., 0.],
          [0., 0., 0., 0., 1., 1., 1., 1., 1., 0., 1., 1., 0., 1., 0., 1., 0.,
           1., 1.],
          [0., 0., 0., 0., 0., 0., 0., 0., 1., 1., 0., 1., 1., 1., 1., 0., 1.,
           0., 1.],
          [1., 1., 0., 1., 0., 1., 0., 1., 0., 0., 1., 0., 1., 1., 1., 1., 1.,
           1., 1.],
          [1., 1., 1., 1., 0., 0., 1., 1., 1., 1., 1., 1., 1., 1., 0., 1., 0.,
           1., 1.],
          [0., 1., 0., 1., 1., 0., 1., 0., 1., 0., 0., 1., 1., 0., 1., 1., 1.,
           0., 0.],
          [0., 0., 0., 0., 0., 0., 0., 1., 0., 1., 1., 1., 0., 0., 0., 0., 1.,
           0., 0.],
          [0., 0., 0., 1., 0., 1., 0., 1., 0., 0., 1., 1., 1., 0., 1., 0., 0.,
           1., 1.],
          [1., 0., 1., 1., 1., 0., 0., 0., 0., 0., 0., 1., 0., 0., 0., 1., 0.,
           0., 1.],
          [0., 0., 0., 0., 0., 1., 1., 1., 0., 0., 0., 1., 0., 0., 1., 0., 1.,
           1., 1.],
          [0., 0., 0., 0., 0., 0., 0., 1., 0., 1., 0., 0., 0., 1., 1., 1., 1.,
           0., 1.],
          [0., 0., 1., 1., 1., 1., 1., 1., 1., 1., 0., 1., 1., 0., 1., 0., 0.,
           1., 0.],
          [0., 0., 0., 1., 0., 1., 0., 0., 0., 0., 1., 1., 0., 0., 1., 0., 0.,
           0., 1.],
          [1., 1., 0., 0., 1., 1., 1., 1., 0., 1., 0., 1., 0., 1., 1., 1., 1.,
           0., 1.],
          [0., 0., 0., 0., 1., 0., 0., 0., 1., 1., 1., 1., 0., 0., 1., 0., 0.,
           0., 1.],
          [1., 0., 1., 1., 1., 1., 1., 0., 1., 0., 0., 1., 0., 0., 0., 1., 1.,
           0., 1.],
          [1., 1., 1., 0., 0., 1., 1., 0., 0., 1., 0., 1., 1., 0., 0., 1., 1.,
           0., 1.],
          [0., 1., 0., 0., 0., 1., 1., 0., 1., 0., 0., 1., 1., 0., 1., 1., 0.,
           0., 1.]]]], device='cuda:0'), tensor([[0.8227]], device='cuda:0'))
2026-01-08 17:18:48 - INFO - [ 0.9976114  -0.03286733  0.00268067  0.01394696  0.00268066  0.01394696
  0.7196082  -0.42472216]
2026-01-08 17:18:48 - INFO - (tensor([[[[0., 1., 0., 0., 0., 1., 0., 0., 0., 1., 0., 0., 0., 0., 1., 0., 1.,
           1., 1.],
          [0., 1., 0., 1., 1., 1., 1., 1., 1., 1., 1., 0., 0., 1., 1., 1., 0.,
           1., 0.],
          [0., 0., 0., 0., 1., 1., 1., 1., 1., 0., 1., 1., 0., 1., 0., 1., 0.,
           1., 1.],
          [0., 0., 0., 0., 0., 0., 0., 0., 1., 1., 0., 1., 1., 1., 1., 0., 1.,
           0., 1.],
          [1., 1., 0., 1., 0., 1., 0., 1., 0., 0., 1., 0., 1., 1., 1., 1., 1.,
           1., 1.],
          [1., 1., 1., 1., 0., 0., 1., 1., 1., 1., 1., 1., 1., 1., 0., 1., 0.,
           1., 1.],
          [0., 1., 0., 1., 1., 0., 1., 0., 1., 0., 0., 1., 1., 0., 1., 1., 1.,
           0., 0.],
          [0., 0., 0., 0., 0., 0., 0., 1., 0., 1., 1., 1., 0., 0., 0., 0., 1.,
           0., 0.],
          [0., 0., 0., 1., 0., 1., 0., 1., 0., 0., 1., 1., 1., 0., 1., 0., 0.,
           1., 1.],
          [1., 0., 1., 1., 1., 0., 0., 0., 0., 0., 0., 1., 0., 0., 0., 1., 0.,
           0., 1.],
          [0., 0., 0., 0., 0., 1., 1., 1., 0., 0., 0., 1., 0., 0., 1., 0., 1.,
           1., 1.],
          [0., 0., 0., 0., 0., 0., 0., 1., 0., 1., 0., 0., 0., 1., 1., 1., 1.,
           0., 1.],
          [0., 0., 1., 1., 1., 1., 1., 1., 1., 1., 0., 1., 1., 0., 1., 0., 0.,
           1., 0.],
          [0., 0., 0., 1., 0., 1., 0., 0., 0., 0., 1., 1., 0., 0., 1., 0., 0.,
           0., 1.],
          [1., 1., 0., 0., 1., 1., 1., 1., 0., 1., 0., 1., 0., 1., 1., 1., 1.,
           0., 1.],
          [0., 0., 0., 0., 1., 0., 0., 0., 1., 1., 1., 1., 0., 0., 1., 0., 0.,
           0., 1.],
          [1., 0., 1., 1., 1., 1., 1., 0., 1., 0., 0., 1., 0., 0., 0., 1., 1.,
           0., 1.],
          [1., 1., 1., 0., 0., 1., 1., 0., 0., 1., 0., 1., 1., 0., 0., 1., 1.,
           0., 1.],
          [0., 1., 0., 0., 0., 1., 1., 0., 1., 0., 0., 1., 1., 0., 1., 1., 0.,
           0., 1.]]]], device='cuda:0'), tensor([[0.8261]], device='cuda:0'))
2026-01-08 17:18:48 - INFO - [ 0.99760514 -0.0329829   0.00269583  0.0139581   0.00269584  0.0139581
  0.7192281  -0.42571318]
2026-01-08 17:18:48 - INFO - (tensor([[[[0., 1., 0., 0., 0., 1., 0., 0., 0., 1., 0., 0., 0., 0., 1., 0., 1.,
           1., 1.],
          [0., 1., 0., 1., 1., 1., 1., 1., 1., 1., 1., 0., 0., 1., 1., 1., 0.,
           1., 0.],
          [0., 0., 0., 0., 1., 1., 1., 1., 1., 0., 1., 1., 0., 1., 0., 1., 0.,
           1., 1.],
          [0., 0., 0., 0., 0., 0., 0., 0., 1., 1., 0., 1., 1., 1., 1., 0., 1.,
           0., 1.],
          [1., 1., 0., 1., 0., 1., 0., 1., 0., 0., 1., 0., 1., 1., 1., 1., 1.,
           1., 1.],
          [1., 1., 1., 1., 0., 0., 1., 1., 1., 1., 1., 1., 1., 1., 0., 1., 0.,
           1., 1.],
          [0., 1., 0., 1., 1., 0., 1., 0., 1., 0., 0., 1., 1., 0., 1., 1., 1.,
           0., 0.],
          [0., 0., 0., 0., 0., 0., 0., 1., 0., 1., 1., 1., 0., 0., 0., 0., 1.,
           0., 0.],
          [0., 0., 0., 1., 0., 1., 0., 1., 0., 0., 1., 1., 1., 0., 1., 0., 0.,
           1., 1.],
          [1., 0., 1., 1., 1., 0., 0., 0., 0., 0., 0., 1., 0., 0., 0., 1., 0.,
           0., 1.],
          [0., 0., 0., 0., 0., 1., 1., 1., 0., 0., 0., 1., 0., 0., 1., 0., 1.,
           1., 1.],
          [0., 0., 0., 0., 0., 0., 0., 1., 0., 1., 0., 0., 0., 1., 1., 1., 1.,
           0., 1.],
          [0., 0., 1., 1., 1., 1., 1., 1., 1., 1., 0., 1., 1., 0., 1., 0., 0.,
           1., 0.],
          [0., 0., 0., 1., 0., 1., 0., 0., 0., 0., 1., 1., 0., 0., 1., 0., 0.,
           0., 1.],
          [1., 1., 0., 0., 1., 1., 1., 1., 0., 1., 0., 1., 0., 1., 1., 1., 1.,
           0., 1.],
          [0., 0., 0., 0., 1., 0., 0., 0., 1., 1., 1., 1., 0., 0., 1., 0., 0.,
           0., 1.],
          [1., 0., 1., 1., 1., 1., 1., 0., 1., 0., 0., 1., 0., 0., 0., 1., 1.,
           0., 1.],
          [1., 1., 1., 0., 0., 1., 1., 0., 0., 1., 0., 1., 1., 0., 0., 1., 1.,
           0., 1.],
          [0., 1., 0., 0., 0., 1., 1., 0., 1., 0., 0., 1., 1., 0., 1., 1., 0.,
           0., 1.]]]], device='cuda:0'), tensor([[0.8294]], device='cuda:0'))
2026-01-08 17:18:48 - INFO - [ 0.9976001  -0.03308618  0.002716    0.01398051  0.002716    0.01398051
  0.71867204 -0.42671886]
2026-01-08 17:18:48 - INFO - (tensor([[[[0., 1., 0., 0., 0., 1., 0., 0., 0., 1., 0., 0., 0., 0., 1., 0., 1.,
           1., 1.],
          [0., 1., 0., 1., 1., 1., 1., 1., 1., 1., 1., 0., 0., 1., 1., 1., 0.,
           1., 0.],
          [0., 0., 0., 0., 1., 1., 1., 1., 1., 0., 1., 1., 0., 1., 0., 1., 0.,
           1., 1.],
          [0., 0., 0., 0., 0., 0., 0., 0., 1., 1., 0., 1., 1., 1., 1., 0., 1.,
           0., 1.],
          [1., 1., 0., 1., 0., 1., 0., 1., 0., 0., 1., 0., 1., 1., 1., 1., 1.,
           1., 1.],
          [1., 1., 1., 1., 0., 0., 1., 1., 1., 1., 1., 1., 1., 1., 0., 1., 0.,
           1., 1.],
          [0., 1., 0., 1., 1., 0., 1., 0., 1., 0., 0., 1., 1., 0., 1., 1., 1.,
           0., 0.],
          [0., 0., 0., 0., 0., 0., 0., 1., 0., 1., 1., 1., 0., 0., 0., 0., 1.,
           0., 0.],
          [0., 0., 0., 1., 0., 1., 0., 1., 0., 0., 1., 1., 1., 0., 1., 0., 0.,
           1., 1.],
          [1., 0., 1., 1., 1., 0., 0., 0., 0., 0., 0., 1., 0., 0., 0., 1., 0.,
           0., 1.],
          [0., 0., 0., 0., 0., 1., 1., 1., 0., 0., 0., 1., 0., 0., 1., 0., 1.,
           1., 1.],
          [0., 0., 0., 0., 0., 0., 0., 1., 0., 1., 0., 0., 0., 1., 1., 1., 1.,
           0., 1.],
          [0., 0., 1., 1., 1., 1., 1., 1., 1., 1., 0., 1., 1., 0., 1., 0., 0.,
           1., 0.],
          [0., 0., 0., 1., 0., 1., 0., 0., 0., 0., 1., 1., 0., 0., 1., 0., 0.,
           0., 1.],
          [1., 1., 0., 0., 1., 1., 1., 1., 0., 1., 0., 1., 0., 1., 1., 1., 1.,
           0., 1.],
          [0., 0., 0., 0., 1., 0., 0., 0., 1., 1., 1., 1., 0., 0., 1., 0., 0.,
           0., 1.],
          [1., 0., 1., 1., 1., 1., 1., 0., 1., 0., 0., 1., 0., 0., 0., 1., 1.,
           0., 1.],
          [1., 1., 1., 0., 0., 1., 1., 0., 0., 1., 0., 1., 1., 0., 0., 1., 1.,
           0., 1.],
          [0., 1., 0., 0., 0., 1., 1., 0., 1., 0., 0., 1., 1., 0., 1., 1., 0.,
           0., 1.]]]], device='cuda:0'), tensor([[0.8328]], device='cuda:0'))
2026-01-08 17:18:48 - INFO - [ 0.9975952  -0.03319079  0.00273426  0.01399771  0.00273426  0.01399771
  0.7181386  -0.42765388]
2026-01-08 17:18:48 - INFO - (tensor([[[[0., 1., 0., 0., 0., 1., 0., 0., 0., 1., 0., 0., 0., 0., 1., 0., 1.,
           1., 1.],
          [0., 1., 0., 1., 1., 1., 1., 1., 1., 1., 1., 0., 0., 1., 1., 1., 0.,
           1., 0.],
          [0., 0., 0., 0., 1., 1., 1., 1., 1., 0., 1., 1., 0., 1., 0., 1., 0.,
           1., 1.],
          [0., 0., 0., 0., 0., 0., 0., 0., 1., 1., 0., 1., 1., 1., 1., 0., 1.,
           0., 1.],
          [1., 1., 0., 1., 0., 1., 0., 1., 0., 0., 1., 0., 1., 1., 1., 1., 1.,
           1., 1.],
          [1., 1., 1., 1., 0., 0., 1., 1., 1., 1., 1., 1., 1., 1., 0., 1., 0.,
           1., 1.],
          [0., 1., 0., 1., 1., 0., 1., 0., 1., 0., 0., 1., 1., 0., 1., 1., 1.,
           0., 0.],
          [0., 0., 0., 0., 0., 0., 0., 1., 0., 1., 1., 1., 0., 0., 0., 0., 1.,
           0., 0.],
          [0., 0., 0., 1., 0., 1., 0., 1., 0., 0., 1., 1., 1., 0., 1., 0., 0.,
           1., 1.],
          [1., 0., 1., 1., 1., 0., 0., 0., 0., 0., 0., 1., 0., 0., 0., 1., 0.,
           0., 1.],
          [0., 0., 0., 0., 0., 1., 1., 1., 0., 0., 0., 1., 0., 0., 1., 0., 1.,
           1., 1.],
          [0., 0., 0., 0., 0., 0., 0., 1., 0., 1., 0., 0., 0., 1., 1., 1., 1.,
           0., 1.],
          [0., 0., 1., 1., 1., 1., 1., 1., 1., 1., 0., 1., 1., 0., 1., 0., 0.,
           1., 0.],
          [0., 0., 0., 1., 0., 1., 0., 0., 0., 0., 1., 1., 0., 0., 1., 0., 0.,
           0., 1.],
          [1., 1., 0., 0., 1., 1., 1., 1., 0., 1., 0., 1., 0., 1., 1., 1., 1.,
           0., 1.],
          [0., 0., 0., 0., 1., 0., 0., 0., 1., 1., 1., 1., 0., 0., 1., 0., 0.,
           0., 1.],
          [1., 0., 1., 1., 1., 1., 1., 0., 1., 0., 0., 1., 0., 0., 0., 1., 1.,
           0., 1.],
          [1., 1., 1., 0., 0., 1., 1., 0., 0., 1., 0., 1., 1., 0., 0., 1., 1.,
           0., 1.],
          [0., 1., 0., 0., 0., 1., 1., 0., 1., 0., 0., 1., 1., 0., 1., 1., 0.,
           0., 1.]]]], device='cuda:0'), tensor([[0.8361]], device='cuda:0'))
2026-01-08 17:18:48 - INFO - [ 0.99759007 -0.03330974  0.00275293  0.01401343  0.00275294  0.01401343
  0.71751    -0.42865062]
2026-01-08 17:18:48 - INFO - (tensor([[[[0., 1., 0., 0., 0., 1., 0., 0., 0., 1., 0., 0., 0., 0., 1., 0., 1.,
           1., 1.],
          [0., 1., 0., 1., 1., 1., 1., 1., 1., 1., 1., 0., 0., 1., 1., 1., 0.,
           1., 0.],
          [0., 0., 0., 0., 1., 1., 1., 1., 1., 0., 1., 1., 0., 1., 0., 1., 0.,
           1., 1.],
          [0., 0., 0., 0., 0., 0., 0., 0., 1., 1., 0., 1., 1., 1., 1., 0., 1.,
           0., 1.],
          [1., 1., 0., 1., 0., 1., 0., 1., 0., 0., 1., 0., 1., 1., 1., 1., 1.,
           1., 1.],
          [1., 1., 1., 1., 0., 0., 1., 1., 1., 1., 1., 1., 1., 1., 0., 1., 0.,
           1., 1.],
          [0., 1., 0., 1., 1., 0., 1., 0., 1., 0., 0., 1., 1., 0., 1., 1., 1.,
           0., 0.],
          [0., 0., 0., 0., 0., 0., 0., 1., 0., 1., 1., 1., 0., 0., 0., 0., 1.,
           0., 0.],
          [0., 0., 0., 1., 0., 1., 0., 1., 0., 0., 1., 1., 1., 0., 1., 0., 0.,
           1., 1.],
          [1., 0., 1., 1., 1., 0., 0., 0., 0., 0., 0., 1., 0., 0., 0., 1., 0.,
           0., 1.],
          [0., 0., 0., 0., 0., 1., 1., 1., 0., 0., 0., 1., 0., 0., 1., 0., 1.,
           1., 1.],
          [0., 0., 0., 0., 0., 0., 0., 1., 0., 1., 0., 0., 0., 1., 1., 1., 1.,
           0., 1.],
          [0., 0., 1., 1., 1., 1., 1., 1., 1., 1., 0., 1., 1., 0., 1., 0., 0.,
           1., 0.],
          [0., 0., 0., 1., 0., 1., 0., 0., 0., 0., 1., 1., 0., 0., 1., 0., 0.,
           0., 1.],
          [1., 1., 0., 0., 1., 1., 1., 1., 0., 1., 0., 1., 0., 1., 1., 1., 1.,
           0., 1.],
          [0., 0., 0., 0., 1., 0., 0., 0., 1., 1., 1., 1., 0., 0., 1., 0., 0.,
           0., 1.],
          [1., 0., 1., 1., 1., 1., 1., 0., 1., 0., 0., 1., 0., 0., 0., 1., 1.,
           0., 1.],
          [1., 1., 1., 0., 0., 1., 1., 0., 0., 1., 0., 1., 1., 0., 0., 1., 1.,
           0., 1.],
          [0., 1., 0., 0., 0., 1., 1., 0., 1., 0., 0., 1., 1., 0., 1., 1., 0.,
           0., 1.]]]], device='cuda:0'), tensor([[0.8395]], device='cuda:0'))
2026-01-08 17:18:48 - INFO - [ 0.9975846  -0.03345098  0.00277469  0.01403211  0.00277469  0.01403211
  0.71665037 -0.42986268]
2026-01-08 17:18:48 - INFO - (tensor([[[[0., 1., 0., 0., 0., 1., 0., 0., 0., 1., 0., 0., 0., 0., 1., 0., 1.,
           1., 1.],
          [0., 1., 0., 1., 1., 1., 1., 1., 1., 1., 1., 0., 0., 1., 1., 1., 0.,
           1., 0.],
          [0., 0., 0., 0., 1., 1., 1., 1., 1., 0., 1., 1., 0., 1., 0., 1., 0.,
           1., 1.],
          [0., 0., 0., 0., 0., 0., 0., 0., 1., 1., 0., 1., 1., 1., 1., 0., 1.,
           0., 1.],
          [1., 1., 0., 1., 0., 1., 0., 1., 0., 0., 1., 0., 1., 1., 1., 1., 1.,
           1., 1.],
          [1., 1., 1., 1., 0., 0., 1., 1., 1., 1., 1., 1., 1., 1., 0., 1., 0.,
           1., 1.],
          [0., 1., 0., 1., 1., 0., 1., 0., 1., 0., 0., 1., 1., 0., 1., 1., 1.,
           0., 0.],
          [0., 0., 0., 0., 0., 0., 0., 1., 0., 1., 1., 1., 0., 0., 0., 0., 1.,
           0., 0.],
          [0., 0., 0., 1., 0., 1., 0., 1., 0., 0., 1., 1., 1., 0., 1., 0., 0.,
           1., 1.],
          [1., 0., 1., 1., 1., 0., 0., 0., 0., 0., 0., 1., 0., 0., 0., 1., 0.,
           0., 1.],
          [0., 0., 0., 0., 0., 1., 1., 1., 0., 0., 0., 1., 0., 0., 1., 0., 1.,
           1., 1.],
          [0., 0., 0., 0., 0., 0., 0., 1., 0., 1., 0., 0., 0., 1., 1., 1., 1.,
           0., 1.],
          [0., 0., 1., 1., 1., 1., 1., 1., 1., 1., 0., 1., 1., 0., 1., 0., 0.,
           1., 0.],
          [0., 0., 0., 1., 0., 1., 0., 0., 0., 0., 1., 1., 0., 0., 1., 0., 0.,
           0., 1.],
          [1., 1., 0., 0., 1., 1., 1., 1., 0., 1., 0., 1., 0., 1., 1., 1., 1.,
           0., 1.],
          [0., 0., 0., 0., 1., 0., 0., 0., 1., 1., 1., 1., 0., 0., 1., 0., 0.,
           0., 1.],
          [1., 0., 1., 1., 1., 1., 1., 0., 1., 0., 0., 1., 0., 0., 0., 1., 1.,
           0., 1.],
          [1., 1., 1., 0., 0., 1., 1., 0., 0., 1., 0., 1., 1., 0., 0., 1., 1.,
           0., 1.],
          [0., 1., 0., 0., 0., 1., 1., 0., 1., 0., 0., 1., 1., 0., 1., 1., 0.,
           0., 1.]]]], device='cuda:0'), tensor([[0.8428]], device='cuda:0'))
2026-01-08 17:18:48 - INFO - [ 0.99757856 -0.03359922  0.00279706  0.01405135  0.00279706  0.01405135
  0.7157768  -0.43110675]
2026-01-08 17:18:48 - INFO - (tensor([[[[0., 1., 0., 0., 0., 1., 0., 0., 0., 1., 0., 0., 0., 0., 1., 0., 1.,
           1., 1.],
          [0., 1., 0., 1., 1., 1., 1., 1., 1., 1., 1., 0., 0., 1., 1., 1., 0.,
           1., 0.],
          [0., 0., 0., 0., 1., 1., 1., 1., 1., 0., 1., 1., 0., 1., 0., 1., 0.,
           1., 1.],
          [0., 0., 0., 0., 0., 0., 0., 0., 1., 1., 0., 1., 1., 1., 1., 0., 1.,
           0., 1.],
          [1., 1., 0., 1., 0., 1., 0., 1., 0., 0., 1., 0., 1., 1., 1., 1., 1.,
           1., 1.],
          [1., 1., 1., 1., 0., 0., 1., 1., 1., 1., 1., 1., 1., 1., 0., 1., 0.,
           1., 1.],
          [0., 1., 0., 1., 1., 0., 1., 0., 1., 0., 0., 1., 1., 0., 1., 1., 1.,
           0., 0.],
          [0., 0., 0., 0., 0., 0., 0., 1., 0., 1., 1., 1., 0., 0., 0., 0., 1.,
           0., 0.],
          [0., 0., 0., 1., 0., 1., 0., 1., 0., 0., 1., 1., 1., 0., 1., 0., 0.,
           1., 1.],
          [1., 0., 1., 1., 1., 0., 0., 0., 0., 0., 0., 1., 0., 0., 0., 1., 0.,
           0., 1.],
          [0., 0., 0., 0., 0., 1., 1., 1., 0., 0., 0., 1., 0., 0., 1., 0., 1.,
           1., 1.],
          [0., 0., 0., 0., 0., 0., 0., 1., 0., 1., 0., 0., 0., 1., 1., 1., 1.,
           0., 1.],
          [0., 0., 1., 1., 1., 1., 1., 1., 1., 1., 0., 1., 1., 0., 1., 0., 0.,
           1., 0.],
          [0., 0., 0., 1., 0., 1., 0., 0., 0., 0., 1., 1., 0., 0., 1., 0., 0.,
           0., 1.],
          [1., 1., 0., 0., 1., 1., 1., 1., 0., 1., 0., 1., 0., 1., 1., 1., 1.,
           0., 1.],
          [0., 0., 0., 0., 1., 0., 0., 0., 1., 1., 1., 1., 0., 0., 1., 0., 0.,
           0., 1.],
          [1., 0., 1., 1., 1., 1., 1., 0., 1., 0., 0., 1., 0., 0., 0., 1., 1.,
           0., 1.],
          [1., 1., 1., 0., 0., 1., 1., 0., 0., 1., 0., 1., 1., 0., 0., 1., 1.,
           0., 1.],
          [0., 1., 0., 0., 0., 1., 1., 0., 1., 0., 0., 1., 1., 0., 1., 1., 0.,
           0., 1.]]]], device='cuda:0'), tensor([[0.8462]], device='cuda:0'))
2026-01-08 17:18:48 - INFO - [ 0.9975729  -0.03374162  0.00281887  0.01407094  0.00281886  0.01407095
  0.7149435  -0.43230474]
2026-01-08 17:18:48 - INFO - (tensor([[[[0., 1., 0., 0., 0., 1., 0., 0., 0., 1., 0., 0., 0., 0., 1., 0., 1.,
           1., 1.],
          [0., 1., 0., 1., 1., 1., 1., 1., 1., 1., 1., 0., 0., 1., 1., 1., 0.,
           1., 0.],
          [0., 0., 0., 0., 1., 1., 1., 1., 1., 0., 1., 1., 0., 1., 0., 1., 0.,
           1., 1.],
          [0., 0., 0., 0., 0., 0., 0., 0., 1., 1., 0., 1., 1., 1., 1., 0., 1.,
           0., 1.],
          [1., 1., 0., 1., 0., 1., 0., 1., 0., 0., 1., 0., 1., 1., 1., 1., 1.,
           1., 1.],
          [1., 1., 1., 1., 0., 0., 1., 1., 1., 1., 1., 1., 1., 1., 0., 1., 0.,
           1., 1.],
          [0., 1., 0., 1., 1., 0., 1., 0., 1., 0., 0., 1., 1., 0., 1., 1., 1.,
           0., 0.],
          [0., 0., 0., 0., 0., 0., 0., 1., 0., 1., 1., 1., 0., 0., 0., 0., 1.,
           0., 0.],
          [0., 0., 0., 1., 0., 1., 0., 1., 0., 0., 1., 1., 1., 0., 1., 0., 0.,
           1., 1.],
          [1., 0., 1., 1., 1., 0., 0., 0., 0., 0., 0., 1., 0., 0., 0., 1., 0.,
           0., 1.],
          [0., 0., 0., 0., 0., 1., 1., 1., 0., 0., 0., 1., 0., 0., 1., 0., 1.,
           1., 1.],
          [0., 0., 0., 0., 0., 0., 0., 1., 0., 1., 0., 0., 0., 1., 1., 1., 1.,
           0., 1.],
          [0., 0., 1., 1., 1., 1., 1., 1., 1., 1., 0., 1., 1., 0., 1., 0., 0.,
           1., 0.],
          [0., 0., 0., 1., 0., 1., 0., 0., 0., 0., 1., 1., 0., 0., 1., 0., 0.,
           0., 1.],
          [1., 1., 0., 0., 1., 1., 1., 1., 0., 1., 0., 1., 0., 1., 1., 1., 1.,
           0., 1.],
          [0., 0., 0., 0., 1., 0., 0., 0., 1., 1., 1., 1., 0., 0., 1., 0., 0.,
           0., 1.],
          [1., 0., 1., 1., 1., 1., 1., 0., 1., 0., 0., 1., 0., 0., 0., 1., 1.,
           0., 1.],
          [1., 1., 1., 0., 0., 1., 1., 0., 0., 1., 0., 1., 1., 0., 0., 1., 1.,
           0., 1.],
          [0., 1., 0., 0., 0., 1., 1., 0., 1., 0., 0., 1., 1., 0., 1., 1., 0.,
           0., 1.]]]], device='cuda:0'), tensor([[0.8495]], device='cuda:0'))
2026-01-08 17:18:48 - INFO - [ 0.9975669  -0.03388423  0.0028416   0.0140945   0.00284159  0.0140945
  0.7141649  -0.43347335]
2026-01-08 17:18:48 - INFO - (tensor([[[[0., 1., 0., 0., 0., 1., 0., 0., 0., 1., 0., 0., 0., 0., 1., 0., 1.,
           1., 1.],
          [0., 1., 0., 1., 1., 1., 1., 1., 1., 1., 1., 0., 0., 1., 1., 1., 0.,
           1., 0.],
          [0., 0., 0., 0., 1., 1., 1., 1., 1., 0., 1., 1., 0., 1., 0., 1., 0.,
           1., 1.],
          [0., 0., 0., 0., 0., 0., 0., 0., 1., 1., 0., 1., 1., 1., 1., 0., 1.,
           0., 1.],
          [1., 1., 0., 1., 0., 1., 0., 1., 0., 0., 1., 0., 1., 1., 1., 1., 1.,
           1., 1.],
          [1., 1., 1., 1., 0., 0., 1., 1., 1., 1., 1., 1., 1., 1., 0., 1., 0.,
           1., 1.],
          [0., 1., 0., 1., 1., 0., 1., 0., 1., 0., 0., 1., 1., 0., 1., 1., 1.,
           0., 0.],
          [0., 0., 0., 0., 0., 0., 0., 1., 0., 1., 1., 1., 0., 0., 0., 0., 1.,
           0., 0.],
          [0., 0., 0., 1., 0., 1., 0., 1., 0., 0., 1., 1., 1., 0., 1., 0., 0.,
           1., 1.],
          [1., 0., 1., 1., 1., 0., 0., 0., 0., 0., 0., 1., 0., 0., 0., 1., 0.,
           0., 1.],
          [0., 0., 0., 0., 0., 1., 1., 1., 0., 0., 0., 1., 0., 0., 1., 0., 1.,
           1., 1.],
          [0., 0., 0., 0., 0., 0., 0., 1., 0., 1., 0., 0., 0., 1., 1., 1., 1.,
           0., 1.],
          [0., 0., 1., 1., 1., 1., 1., 1., 1., 1., 0., 1., 1., 0., 1., 0., 0.,
           1., 0.],
          [0., 0., 0., 1., 0., 1., 0., 0., 0., 0., 1., 1., 0., 0., 1., 0., 0.,
           0., 1.],
          [1., 1., 0., 0., 1., 1., 1., 1., 0., 1., 0., 1., 0., 1., 1., 1., 1.,
           0., 1.],
          [0., 0., 0., 0., 1., 0., 0., 0., 1., 1., 1., 1., 0., 0., 1., 0., 0.,
           0., 1.],
          [1., 0., 1., 1., 1., 1., 1., 0., 1., 0., 0., 1., 0., 0., 0., 1., 1.,
           0., 1.],
          [1., 1., 1., 0., 0., 1., 1., 0., 0., 1., 0., 1., 1., 0., 0., 1., 1.,
           0., 1.],
          [0., 1., 0., 0., 0., 1., 1., 0., 1., 0., 0., 1., 1., 0., 1., 1., 0.,
           0., 1.]]]], device='cuda:0'), tensor([[0.8528]], device='cuda:0'))
2026-01-08 17:18:48 - INFO - [ 0.99756056 -0.03403742  0.00286803  0.01412466  0.00286805  0.01412468
  0.7134189  -0.4346811 ]
2026-01-08 17:18:48 - INFO - (tensor([[[[0., 1., 0., 0., 0., 1., 0., 0., 0., 1., 0., 0., 0., 0., 1., 0., 1.,
           1., 1.],
          [0., 1., 0., 1., 1., 1., 1., 1., 1., 1., 1., 0., 0., 1., 1., 1., 0.,
           1., 0.],
          [0., 0., 0., 0., 1., 1., 1., 1., 1., 0., 1., 1., 0., 1., 0., 1., 0.,
           1., 1.],
          [0., 0., 0., 0., 0., 0., 0., 0., 1., 1., 0., 1., 1., 1., 1., 0., 1.,
           0., 1.],
          [1., 1., 0., 1., 0., 1., 0., 1., 0., 0., 1., 0., 1., 1., 1., 1., 1.,
           1., 1.],
          [1., 1., 1., 1., 0., 0., 1., 1., 1., 1., 1., 1., 1., 1., 0., 1., 0.,
           1., 1.],
          [0., 1., 0., 1., 1., 0., 1., 0., 1., 0., 0., 1., 1., 0., 1., 1., 1.,
           0., 0.],
          [0., 0., 0., 0., 0., 0., 0., 1., 0., 1., 1., 1., 0., 0., 0., 0., 1.,
           0., 0.],
          [0., 0., 0., 1., 0., 1., 0., 1., 0., 0., 1., 1., 1., 0., 1., 0., 0.,
           1., 1.],
          [1., 0., 1., 1., 1., 0., 0., 0., 0., 0., 0., 1., 0., 0., 0., 1., 0.,
           0., 1.],
          [0., 0., 0., 0., 0., 1., 1., 1., 0., 0., 0., 1., 0., 0., 1., 0., 1.,
           1., 1.],
          [0., 0., 0., 0., 0., 0., 0., 1., 0., 1., 0., 0., 0., 1., 1., 1., 1.,
           0., 1.],
          [0., 0., 1., 1., 1., 1., 1., 1., 1., 1., 0., 1., 1., 0., 1., 0., 0.,
           1., 0.],
          [0., 0., 0., 1., 0., 1., 0., 0., 0., 0., 1., 1., 0., 0., 1., 0., 0.,
           0., 1.],
          [1., 1., 0., 0., 1., 1., 1., 1., 0., 1., 0., 1., 0., 1., 1., 1., 1.,
           0., 1.],
          [0., 0., 0., 0., 1., 0., 0., 0., 1., 1., 1., 1., 0., 0., 1., 0., 0.,
           0., 1.],
          [1., 0., 1., 1., 1., 1., 1., 0., 1., 0., 0., 1., 0., 0., 0., 1., 1.,
           0., 1.],
          [1., 1., 1., 0., 0., 1., 1., 0., 0., 1., 0., 1., 1., 0., 0., 1., 1.,
           0., 1.],
          [0., 1., 0., 0., 0., 1., 1., 0., 1., 0., 0., 1., 1., 0., 1., 1., 0.,
           0., 1.]]]], device='cuda:0'), tensor([[0.8562]], device='cuda:0'))
2026-01-08 17:18:48 - INFO - [ 0.9975573  -0.03417418  0.00290398  0.014172    0.00290397  0.01417199
  0.7128439  -0.43579024]
2026-01-08 17:18:48 - INFO - (tensor([[[[0., 1., 0., 0., 0., 1., 0., 0., 0., 1., 0., 0., 0., 0., 1., 0., 1.,
           1., 1.],
          [0., 1., 0., 1., 1., 1., 1., 1., 1., 1., 1., 0., 0., 1., 1., 1., 0.,
           1., 0.],
          [0., 0., 0., 0., 1., 1., 1., 1., 1., 0., 1., 1., 0., 1., 0., 1., 0.,
           1., 1.],
          [0., 0., 0., 0., 0., 0., 0., 0., 1., 1., 0., 1., 1., 1., 1., 0., 1.,
           0., 1.],
          [1., 1., 0., 1., 0., 1., 0., 1., 0., 0., 1., 0., 1., 1., 1., 1., 1.,
           1., 1.],
          [1., 1., 1., 1., 0., 0., 1., 1., 1., 1., 1., 1., 1., 1., 0., 1., 0.,
           1., 1.],
          [0., 1., 0., 1., 1., 0., 1., 0., 1., 0., 0., 1., 1., 0., 1., 1., 1.,
           0., 0.],
          [0., 0., 0., 0., 0., 0., 0., 1., 0., 1., 1., 1., 0., 0., 0., 0., 1.,
           0., 0.],
          [0., 0., 0., 1., 0., 1., 0., 1., 0., 0., 1., 1., 1., 0., 1., 0., 0.,
           1., 1.],
          [1., 0., 1., 1., 1., 0., 0., 0., 0., 0., 0., 1., 0., 0., 0., 1., 0.,
           0., 1.],
          [0., 0., 0., 0., 0., 1., 1., 1., 0., 0., 0., 1., 0., 0., 1., 0., 1.,
           1., 1.],
          [0., 0., 0., 0., 0., 0., 0., 1., 0., 1., 0., 0., 0., 1., 1., 1., 1.,
           0., 1.],
          [0., 0., 1., 1., 1., 1., 1., 1., 1., 1., 0., 1., 1., 0., 1., 0., 0.,
           1., 0.],
          [0., 0., 0., 1., 0., 1., 0., 0., 0., 0., 1., 1., 0., 0., 1., 0., 0.,
           0., 1.],
          [1., 1., 0., 0., 1., 1., 1., 1., 0., 1., 0., 1., 0., 1., 1., 1., 1.,
           0., 1.],
          [0., 0., 0., 0., 1., 0., 0., 0., 1., 1., 1., 1., 0., 0., 1., 0., 0.,
           0., 1.],
          [1., 0., 1., 1., 1., 1., 1., 0., 1., 0., 0., 1., 0., 0., 0., 1., 1.,
           0., 1.],
          [1., 1., 1., 0., 0., 1., 1., 0., 0., 1., 0., 1., 1., 0., 0., 1., 1.,
           0., 1.],
          [0., 1., 0., 0., 0., 1., 1., 0., 1., 0., 0., 1., 1., 0., 1., 1., 0.,
           0., 1.]]]], device='cuda:0'), tensor([[0.8595]], device='cuda:0'))
2026-01-08 17:18:48 - INFO - [ 0.9975555  -0.0342886   0.0029339   0.01420824  0.0029339   0.01420824
  0.7123915  -0.43671227]
2026-01-08 17:18:48 - INFO - (tensor([[[[0., 1., 0., 0., 0., 1., 0., 0., 0., 1., 0., 0., 0., 0., 1., 0., 1.,
           1., 1.],
          [0., 1., 0., 1., 1., 1., 1., 1., 1., 1., 1., 0., 0., 1., 1., 1., 0.,
           1., 0.],
          [0., 0., 0., 0., 1., 1., 1., 1., 1., 0., 1., 1., 0., 1., 0., 1., 0.,
           1., 1.],
          [0., 0., 0., 0., 0., 0., 0., 0., 1., 1., 0., 1., 1., 1., 1., 0., 1.,
           0., 1.],
          [1., 1., 0., 1., 0., 1., 0., 1., 0., 0., 1., 0., 1., 1., 1., 1., 1.,
           1., 1.],
          [1., 1., 1., 1., 0., 0., 1., 1., 1., 1., 1., 1., 1., 1., 0., 1., 0.,
           1., 1.],
          [0., 1., 0., 1., 1., 0., 1., 0., 1., 0., 0., 1., 1., 0., 1., 1., 1.,
           0., 0.],
          [0., 0., 0., 0., 0., 0., 0., 1., 0., 1., 1., 1., 0., 0., 0., 0., 1.,
           0., 0.],
          [0., 0., 0., 1., 0., 1., 0., 1., 0., 0., 1., 1., 1., 0., 1., 0., 0.,
           1., 1.],
          [1., 0., 1., 1., 1., 0., 0., 0., 0., 0., 0., 1., 0., 0., 0., 1., 0.,
           0., 1.],
          [0., 0., 0., 0., 0., 1., 1., 1., 0., 0., 0., 1., 0., 0., 1., 0., 1.,
           1., 1.],
          [0., 0., 0., 0., 0., 0., 0., 1., 0., 1., 0., 0., 0., 1., 1., 1., 1.,
           0., 1.],
          [0., 0., 1., 1., 1., 1., 1., 1., 1., 1., 0., 1., 1., 0., 1., 0., 0.,
           1., 0.],
          [0., 0., 0., 1., 0., 1., 0., 0., 0., 0., 1., 1., 0., 0., 1., 0., 0.,
           0., 1.],
          [1., 1., 0., 0., 1., 1., 1., 1., 0., 1., 0., 1., 0., 1., 1., 1., 1.,
           0., 1.],
          [0., 0., 0., 0., 1., 0., 0., 0., 1., 1., 1., 1., 0., 0., 1., 0., 0.,
           0., 1.],
          [1., 0., 1., 1., 1., 1., 1., 0., 1., 0., 0., 1., 0., 0., 0., 1., 1.,
           0., 1.],
          [1., 1., 1., 0., 0., 1., 1., 0., 0., 1., 0., 1., 1., 0., 0., 1., 1.,
           0., 1.],
          [0., 1., 0., 0., 0., 1., 1., 0., 1., 0., 0., 1., 1., 0., 1., 1., 0.,
           0., 1.]]]], device='cuda:0'), tensor([[0.8629]], device='cuda:0'))
2026-01-08 17:18:48 - INFO - [ 0.9975536  -0.0344125   0.00296684  0.0142502   0.00296683  0.01425022
  0.7117516  -0.43779296]
2026-01-08 17:18:48 - INFO - (tensor([[[[0., 1., 0., 0., 0., 1., 0., 0., 0., 1., 0., 0., 0., 0., 1., 0., 1.,
           1., 1.],
          [0., 1., 0., 1., 1., 1., 1., 1., 1., 1., 1., 0., 0., 1., 1., 1., 0.,
           1., 0.],
          [0., 0., 0., 0., 1., 1., 1., 1., 1., 0., 1., 1., 0., 1., 0., 1., 0.,
           1., 1.],
          [0., 0., 0., 0., 0., 0., 0., 0., 1., 1., 0., 1., 1., 1., 1., 0., 1.,
           0., 1.],
          [1., 1., 0., 1., 0., 1., 0., 1., 0., 0., 1., 0., 1., 1., 1., 1., 1.,
           1., 1.],
          [1., 1., 1., 1., 0., 0., 1., 1., 1., 1., 1., 1., 1., 1., 0., 1., 0.,
           1., 1.],
          [0., 1., 0., 1., 1., 0., 1., 0., 1., 0., 0., 1., 1., 0., 1., 1., 1.,
           0., 0.],
          [0., 0., 0., 0., 0., 0., 0., 1., 0., 1., 1., 1., 0., 0., 0., 0., 1.,
           0., 0.],
          [0., 0., 0., 1., 0., 1., 0., 1., 0., 0., 1., 1., 1., 0., 1., 0., 0.,
           1., 1.],
          [1., 0., 1., 1., 1., 0., 0., 0., 0., 0., 0., 1., 0., 0., 0., 1., 0.,
           0., 1.],
          [0., 0., 0., 0., 0., 1., 1., 1., 0., 0., 0., 1., 0., 0., 1., 0., 1.,
           1., 1.],
          [0., 0., 0., 0., 0., 0., 0., 1., 0., 1., 0., 0., 0., 1., 1., 1., 1.,
           0., 1.],
          [0., 0., 1., 1., 1., 1., 1., 1., 1., 1., 0., 1., 1., 0., 1., 0., 0.,
           1., 0.],
          [0., 0., 0., 1., 0., 1., 0., 0., 0., 0., 1., 1., 0., 0., 1., 0., 0.,
           0., 1.],
          [1., 1., 0., 0., 1., 1., 1., 1., 0., 1., 0., 1., 0., 1., 1., 1., 1.,
           0., 1.],
          [0., 0., 0., 0., 1., 0., 0., 0., 1., 1., 1., 1., 0., 0., 1., 0., 0.,
           0., 1.],
          [1., 0., 1., 1., 1., 1., 1., 0., 1., 0., 0., 1., 0., 0., 0., 1., 1.,
           0., 1.],
          [1., 1., 1., 0., 0., 1., 1., 0., 0., 1., 0., 1., 1., 0., 0., 1., 1.,
           0., 1.],
          [0., 1., 0., 0., 0., 1., 1., 0., 1., 0., 0., 1., 1., 0., 1., 1., 0.,
           0., 1.]]]], device='cuda:0'), tensor([[0.8662]], device='cuda:0'))
2026-01-08 17:18:48 - INFO - [ 0.99755037 -0.03456415  0.00300655  0.01430362  0.00300654  0.01430361
  0.71095574 -0.439096  ]
2026-01-08 17:18:48 - INFO - (tensor([[[[0., 1., 0., 0., 0., 1., 0., 0., 0., 1., 0., 0., 0., 0., 1., 0., 1.,
           1., 1.],
          [0., 1., 0., 1., 1., 1., 1., 1., 1., 1., 1., 0., 0., 1., 1., 1., 0.,
           1., 0.],
          [0., 0., 0., 0., 1., 1., 1., 1., 1., 0., 1., 1., 0., 1., 0., 1., 0.,
           1., 1.],
          [0., 0., 0., 0., 0., 0., 0., 0., 1., 1., 0., 1., 1., 1., 1., 0., 1.,
           0., 1.],
          [1., 1., 0., 1., 0., 1., 0., 1., 0., 0., 1., 0., 1., 1., 1., 1., 1.,
           1., 1.],
          [1., 1., 1., 1., 0., 0., 1., 1., 1., 1., 1., 1., 1., 1., 0., 1., 0.,
           1., 1.],
          [0., 1., 0., 1., 1., 0., 1., 0., 1., 0., 0., 1., 1., 0., 1., 1., 1.,
           0., 0.],
          [0., 0., 0., 0., 0., 0., 0., 1., 0., 1., 1., 1., 0., 0., 0., 0., 1.,
           0., 0.],
          [0., 0., 0., 1., 0., 1., 0., 1., 0., 0., 1., 1., 1., 0., 1., 0., 0.,
           1., 1.],
          [1., 0., 1., 1., 1., 0., 0., 0., 0., 0., 0., 1., 0., 0., 0., 1., 0.,
           0., 1.],
          [0., 0., 0., 0., 0., 1., 1., 1., 0., 0., 0., 1., 0., 0., 1., 0., 1.,
           1., 1.],
          [0., 0., 0., 0., 0., 0., 0., 1., 0., 1., 0., 0., 0., 1., 1., 1., 1.,
           0., 1.],
          [0., 0., 1., 1., 1., 1., 1., 1., 1., 1., 0., 1., 1., 0., 1., 0., 0.,
           1., 0.],
          [0., 0., 0., 1., 0., 1., 0., 0., 0., 0., 1., 1., 0., 0., 1., 0., 0.,
           0., 1.],
          [1., 1., 0., 0., 1., 1., 1., 1., 0., 1., 0., 1., 0., 1., 1., 1., 1.,
           0., 1.],
          [0., 0., 0., 0., 1., 0., 0., 0., 1., 1., 1., 1., 0., 0., 1., 0., 0.,
           0., 1.],
          [1., 0., 1., 1., 1., 1., 1., 0., 1., 0., 0., 1., 0., 0., 0., 1., 1.,
           0., 1.],
          [1., 1., 1., 0., 0., 1., 1., 0., 0., 1., 0., 1., 1., 0., 0., 1., 1.,
           0., 1.],
          [0., 1., 0., 0., 0., 1., 1., 0., 1., 0., 0., 1., 1., 0., 1., 1., 0.,
           0., 1.]]]], device='cuda:0'), tensor([[0.8696]], device='cuda:0'))
2026-01-08 17:18:48 - INFO - [ 0.99754614 -0.03472995  0.00305012  0.01436414  0.00305011  0.01436414
  0.7100538  -0.44052085]
2026-01-08 17:18:48 - INFO - (tensor([[[[0., 1., 0., 0., 0., 1., 0., 0., 0., 1., 0., 0., 0., 0., 1., 0., 1.,
           1., 1.],
          [0., 1., 0., 1., 1., 1., 1., 1., 1., 1., 1., 0., 0., 1., 1., 1., 0.,
           1., 0.],
          [0., 0., 0., 0., 1., 1., 1., 1., 1., 0., 1., 1., 0., 1., 0., 1., 0.,
           1., 1.],
          [0., 0., 0., 0., 0., 0., 0., 0., 1., 1., 0., 1., 1., 1., 1., 0., 1.,
           0., 1.],
          [1., 1., 0., 1., 0., 1., 0., 1., 0., 0., 1., 0., 1., 1., 1., 1., 1.,
           1., 1.],
          [1., 1., 1., 1., 0., 0., 1., 1., 1., 1., 1., 1., 1., 1., 0., 1., 0.,
           1., 1.],
          [0., 1., 0., 1., 1., 0., 1., 0., 1., 0., 0., 1., 1., 0., 1., 1., 1.,
           0., 0.],
          [0., 0., 0., 0., 0., 0., 0., 1., 0., 1., 1., 1., 0., 0., 0., 0., 1.,
           0., 0.],
          [0., 0., 0., 1., 0., 1., 0., 1., 0., 0., 1., 1., 1., 0., 1., 0., 0.,
           1., 1.],
          [1., 0., 1., 1., 1., 0., 0., 0., 0., 0., 0., 1., 0., 0., 0., 1., 0.,
           0., 1.],
          [0., 0., 0., 0., 0., 1., 1., 1., 0., 0., 0., 1., 0., 0., 1., 0., 1.,
           1., 1.],
          [0., 0., 0., 0., 0., 0., 0., 1., 0., 1., 0., 0., 0., 1., 1., 1., 1.,
           0., 1.],
          [0., 0., 1., 1., 1., 1., 1., 1., 1., 1., 0., 1., 1., 0., 1., 0., 0.,
           1., 0.],
          [0., 0., 0., 1., 0., 1., 0., 0., 0., 0., 1., 1., 0., 0., 1., 0., 0.,
           0., 1.],
          [1., 1., 0., 0., 1., 1., 1., 1., 0., 1., 0., 1., 0., 1., 1., 1., 1.,
           0., 1.],
          [0., 0., 0., 0., 1., 0., 0., 0., 1., 1., 1., 1., 0., 0., 1., 0., 0.,
           0., 1.],
          [1., 0., 1., 1., 1., 1., 1., 0., 1., 0., 0., 1., 0., 0., 0., 1., 1.,
           0., 1.],
          [1., 1., 1., 0., 0., 1., 1., 0., 0., 1., 0., 1., 1., 0., 0., 1., 1.,
           0., 1.],
          [0., 1., 0., 0., 0., 1., 1., 0., 1., 0., 0., 1., 1., 0., 1., 1., 0.,
           0., 1.]]]], device='cuda:0'), tensor([[0.8729]], device='cuda:0'))
2026-01-08 17:18:48 - INFO - [ 0.99754083 -0.03491689  0.00310047  0.01443534  0.00310049  0.01443535
  0.70900273 -0.44213298]
2026-01-08 17:18:48 - INFO - (tensor([[[[0., 1., 0., 0., 0., 1., 0., 0., 0., 1., 0., 0., 0., 0., 1., 0., 1.,
           1., 1.],
          [0., 1., 0., 1., 1., 1., 1., 1., 1., 1., 1., 0., 0., 1., 1., 1., 0.,
           1., 0.],
          [0., 0., 0., 0., 1., 1., 1., 1., 1., 0., 1., 1., 0., 1., 0., 1., 0.,
           1., 1.],
          [0., 0., 0., 0., 0., 0., 0., 0., 1., 1., 0., 1., 1., 1., 1., 0., 1.,
           0., 1.],
          [1., 1., 0., 1., 0., 1., 0., 1., 0., 0., 1., 0., 1., 1., 1., 1., 1.,
           1., 1.],
          [1., 1., 1., 1., 0., 0., 1., 1., 1., 1., 1., 1., 1., 1., 0., 1., 0.,
           1., 1.],
          [0., 1., 0., 1., 1., 0., 1., 0., 1., 0., 0., 1., 1., 0., 1., 1., 1.,
           0., 0.],
          [0., 0., 0., 0., 0., 0., 0., 1., 0., 1., 1., 1., 0., 0., 0., 0., 1.,
           0., 0.],
          [0., 0., 0., 1., 0., 1., 0., 1., 0., 0., 1., 1., 1., 0., 1., 0., 0.,
           1., 1.],
          [1., 0., 1., 1., 1., 0., 0., 0., 0., 0., 0., 1., 0., 0., 0., 1., 0.,
           0., 1.],
          [0., 0., 0., 0., 0., 1., 1., 1., 0., 0., 0., 1., 0., 0., 1., 0., 1.,
           1., 1.],
          [0., 0., 0., 0., 0., 0., 0., 1., 0., 1., 0., 0., 0., 1., 1., 1., 1.,
           0., 1.],
          [0., 0., 1., 1., 1., 1., 1., 1., 1., 1., 0., 1., 1., 0., 1., 0., 0.,
           1., 0.],
          [0., 0., 0., 1., 0., 1., 0., 0., 0., 0., 1., 1., 0., 0., 1., 0., 0.,
           0., 1.],
          [1., 1., 0., 0., 1., 1., 1., 1., 0., 1., 0., 1., 0., 1., 1., 1., 1.,
           0., 1.],
          [0., 0., 0., 0., 1., 0., 0., 0., 1., 1., 1., 1., 0., 0., 1., 0., 0.,
           0., 1.],
          [1., 0., 1., 1., 1., 1., 1., 0., 1., 0., 0., 1., 0., 0., 0., 1., 1.,
           0., 1.],
          [1., 1., 1., 0., 0., 1., 1., 0., 0., 1., 0., 1., 1., 0., 0., 1., 1.,
           0., 1.],
          [0., 1., 0., 0., 0., 1., 1., 0., 1., 0., 0., 1., 1., 0., 1., 1., 0.,
           0., 1.]]]], device='cuda:0'), tensor([[0.8763]], device='cuda:0'))
2026-01-08 17:18:48 - INFO - [ 0.997534   -0.03513091  0.00315865  0.01452067  0.00315865  0.01452068
  0.7077751  -0.44397077]
2026-01-08 17:18:48 - INFO - (tensor([[[[0., 1., 0., 0., 0., 1., 0., 0., 0., 1., 0., 0., 0., 0., 1., 0., 1.,
           1., 1.],
          [0., 1., 0., 1., 1., 1., 1., 1., 1., 1., 1., 0., 0., 1., 1., 1., 0.,
           1., 0.],
          [0., 0., 0., 0., 1., 1., 1., 1., 1., 0., 1., 1., 0., 1., 0., 1., 0.,
           1., 1.],
          [0., 0., 0., 0., 0., 0., 0., 0., 1., 1., 0., 1., 1., 1., 1., 0., 1.,
           0., 1.],
          [1., 1., 0., 1., 0., 1., 0., 1., 0., 0., 1., 0., 1., 1., 1., 1., 1.,
           1., 1.],
          [1., 1., 1., 1., 0., 0., 1., 1., 1., 1., 1., 1., 1., 1., 0., 1., 0.,
           1., 1.],
          [0., 1., 0., 1., 1., 0., 1., 0., 1., 0., 0., 1., 1., 0., 1., 1., 1.,
           0., 0.],
          [0., 0., 0., 0., 0., 0., 0., 1., 0., 1., 1., 1., 0., 0., 0., 0., 1.,
           0., 0.],
          [0., 0., 0., 1., 0., 1., 0., 1., 0., 0., 1., 1., 1., 0., 1., 0., 0.,
           1., 1.],
          [1., 0., 1., 1., 1., 0., 0., 0., 0., 0., 0., 1., 0., 0., 0., 1., 0.,
           0., 1.],
          [0., 0., 0., 0., 0., 1., 1., 1., 0., 0., 0., 1., 0., 0., 1., 0., 1.,
           1., 1.],
          [0., 0., 0., 0., 0., 0., 0., 1., 0., 1., 0., 0., 0., 1., 1., 1., 1.,
           0., 1.],
          [0., 0., 1., 1., 1., 1., 1., 1., 1., 1., 0., 1., 1., 0., 1., 0., 0.,
           1., 0.],
          [0., 0., 0., 1., 0., 1., 0., 0., 0., 0., 1., 1., 0., 0., 1., 0., 0.,
           0., 1.],
          [1., 1., 0., 0., 1., 1., 1., 1., 0., 1., 0., 1., 0., 1., 1., 1., 1.,
           0., 1.],
          [0., 0., 0., 0., 1., 0., 0., 0., 1., 1., 1., 1., 0., 0., 1., 0., 0.,
           0., 1.],
          [1., 0., 1., 1., 1., 1., 1., 0., 1., 0., 0., 1., 0., 0., 0., 1., 1.,
           0., 1.],
          [1., 1., 1., 0., 0., 1., 1., 0., 0., 1., 0., 1., 1., 0., 0., 1., 1.,
           0., 1.],
          [0., 1., 0., 0., 0., 1., 1., 0., 1., 0., 0., 1., 1., 0., 1., 1., 0.,
           0., 1.]]]], device='cuda:0'), tensor([[0.8796]], device='cuda:0'))
2026-01-08 17:18:48 - INFO - [ 0.99752706 -0.03532564  0.00320376  0.01459964  0.00320377  0.01459964
  0.70653313 -0.44599855]
2026-01-08 17:18:48 - INFO - (tensor([[[[0., 1., 0., 0., 0., 1., 0., 0., 0., 1., 0., 0., 0., 0., 1., 0., 1.,
           1., 1.],
          [0., 1., 0., 1., 1., 1., 1., 1., 1., 1., 1., 0., 0., 1., 1., 1., 0.,
           1., 0.],
          [0., 0., 0., 0., 1., 1., 1., 1., 1., 0., 1., 1., 0., 1., 0., 1., 0.,
           1., 1.],
          [0., 0., 0., 0., 0., 0., 0., 0., 1., 1., 0., 1., 1., 1., 1., 0., 1.,
           0., 1.],
          [1., 1., 0., 1., 0., 1., 0., 1., 0., 0., 1., 0., 1., 1., 1., 1., 1.,
           1., 1.],
          [1., 1., 1., 1., 0., 0., 1., 1., 1., 1., 1., 1., 1., 1., 0., 1., 0.,
           1., 1.],
          [0., 1., 0., 1., 1., 0., 1., 0., 1., 0., 0., 1., 1., 0., 1., 1., 1.,
           0., 0.],
          [0., 0., 0., 0., 0., 0., 0., 1., 0., 1., 1., 1., 0., 0., 0., 0., 1.,
           0., 0.],
          [0., 0., 0., 1., 0., 1., 0., 1., 0., 0., 1., 1., 1., 0., 1., 0., 0.,
           1., 1.],
          [1., 0., 1., 1., 1., 0., 0., 0., 0., 0., 0., 1., 0., 0., 0., 1., 0.,
           0., 1.],
          [0., 0., 0., 0., 0., 1., 1., 1., 0., 0., 0., 1., 0., 0., 1., 0., 1.,
           1., 1.],
          [0., 0., 0., 0., 0., 0., 0., 1., 0., 1., 0., 0., 0., 1., 1., 1., 1.,
           0., 1.],
          [0., 0., 1., 1., 1., 1., 1., 1., 1., 1., 0., 1., 1., 0., 1., 0., 0.,
           1., 0.],
          [0., 0., 0., 1., 0., 1., 0., 0., 0., 0., 1., 1., 0., 0., 1., 0., 0.,
           0., 1.],
          [1., 1., 0., 0., 1., 1., 1., 1., 0., 1., 0., 1., 0., 1., 1., 1., 1.,
           0., 1.],
          [0., 0., 0., 0., 1., 0., 0., 0., 1., 1., 1., 1., 0., 0., 1., 0., 0.,
           0., 1.],
          [1., 0., 1., 1., 1., 1., 1., 0., 1., 0., 0., 1., 0., 0., 0., 1., 1.,
           0., 1.],
          [1., 1., 1., 0., 0., 1., 1., 0., 0., 1., 0., 1., 1., 0., 0., 1., 1.,
           0., 1.],
          [0., 1., 0., 0., 0., 1., 1., 0., 1., 0., 0., 1., 1., 0., 1., 1., 0.,
           0., 1.]]]], device='cuda:0'), tensor([[0.8829]], device='cuda:0'))
2026-01-08 17:18:48 - INFO - [ 0.9975225  -0.03543104  0.00320918  0.01464237  0.00320918  0.01464236
  0.7055149  -0.44805625]
2026-01-08 17:18:48 - INFO - (tensor([[[[0., 1., 0., 0., 0., 1., 0., 0., 0., 1., 0., 0., 0., 0., 1., 0., 1.,
           1., 1.],
          [0., 1., 0., 1., 1., 1., 1., 1., 1., 1., 1., 0., 0., 1., 1., 1., 0.,
           1., 0.],
          [0., 0., 0., 0., 1., 1., 1., 1., 1., 0., 1., 1., 0., 1., 0., 1., 0.,
           1., 1.],
          [0., 0., 0., 0., 0., 0., 0., 0., 1., 1., 0., 1., 1., 1., 1., 0., 1.,
           0., 1.],
          [1., 1., 0., 1., 0., 1., 0., 1., 0., 0., 1., 0., 1., 1., 1., 1., 1.,
           1., 1.],
          [1., 1., 1., 1., 0., 0., 1., 1., 1., 1., 1., 1., 1., 1., 0., 1., 0.,
           1., 1.],
          [0., 1., 0., 1., 1., 0., 1., 0., 1., 0., 0., 1., 1., 0., 1., 1., 1.,
           0., 0.],
          [0., 0., 0., 0., 0., 0., 0., 1., 0., 1., 1., 1., 0., 0., 0., 0., 1.,
           0., 0.],
          [0., 0., 0., 1., 0., 1., 0., 1., 0., 0., 1., 1., 1., 0., 1., 0., 0.,
           1., 1.],
          [1., 0., 1., 1., 1., 0., 0., 0., 0., 0., 0., 1., 0., 0., 0., 1., 0.,
           0., 1.],
          [0., 0., 0., 0., 0., 1., 1., 1., 0., 0., 0., 1., 0., 0., 1., 0., 1.,
           1., 1.],
          [0., 0., 0., 0., 0., 0., 0., 1., 0., 1., 0., 0., 0., 1., 1., 1., 1.,
           0., 1.],
          [0., 0., 1., 1., 1., 1., 1., 1., 1., 1., 0., 1., 1., 0., 1., 0., 0.,
           1., 0.],
          [0., 0., 0., 1., 0., 1., 0., 0., 0., 0., 1., 1., 0., 0., 1., 0., 0.,
           0., 1.],
          [1., 1., 0., 0., 1., 1., 1., 1., 0., 1., 0., 1., 0., 1., 1., 1., 1.,
           0., 1.],
          [0., 0., 0., 0., 1., 0., 0., 0., 1., 1., 1., 1., 0., 0., 1., 0., 0.,
           0., 1.],
          [1., 0., 1., 1., 1., 1., 1., 0., 1., 0., 0., 1., 0., 0., 0., 1., 1.,
           0., 1.],
          [1., 1., 1., 0., 0., 1., 1., 0., 0., 1., 0., 1., 1., 0., 0., 1., 1.,
           0., 1.],
          [0., 1., 0., 0., 0., 1., 1., 0., 1., 0., 0., 1., 1., 0., 1., 1., 0.,
           0., 1.]]]], device='cuda:0'), tensor([[0.8863]], device='cuda:0'))
2026-01-08 17:18:48 - INFO - [ 0.997521   -0.03548867  0.00321305  0.01465503  0.00321305  0.01465504
  0.7048019  -0.449445  ]
2026-01-08 17:18:48 - INFO - (tensor([[[[0., 1., 0., 0., 0., 1., 0., 0., 0., 1., 0., 0., 0., 0., 1., 0., 1.,
           1., 1.],
          [0., 1., 0., 1., 1., 1., 1., 1., 1., 1., 1., 0., 0., 1., 1., 1., 0.,
           1., 0.],
          [0., 0., 0., 0., 1., 1., 1., 1., 1., 0., 1., 1., 0., 1., 0., 1., 0.,
           1., 1.],
          [0., 0., 0., 0., 0., 0., 0., 0., 1., 1., 0., 1., 1., 1., 1., 0., 1.,
           0., 1.],
          [1., 1., 0., 1., 0., 1., 0., 1., 0., 0., 1., 0., 1., 1., 1., 1., 1.,
           1., 1.],
          [1., 1., 1., 1., 0., 0., 1., 1., 1., 1., 1., 1., 1., 1., 0., 1., 0.,
           1., 1.],
          [0., 1., 0., 1., 1., 0., 1., 0., 1., 0., 0., 1., 1., 0., 1., 1., 1.,
           0., 0.],
          [0., 0., 0., 0., 0., 0., 0., 1., 0., 1., 1., 1., 0., 0., 0., 0., 1.,
           0., 0.],
          [0., 0., 0., 1., 0., 1., 0., 1., 0., 0., 1., 1., 1., 0., 1., 0., 0.,
           1., 1.],
          [1., 0., 1., 1., 1., 0., 0., 0., 0., 0., 0., 1., 0., 0., 0., 1., 0.,
           0., 1.],
          [0., 0., 0., 0., 0., 1., 1., 1., 0., 0., 0., 1., 0., 0., 1., 0., 1.,
           1., 1.],
          [0., 0., 0., 0., 0., 0., 0., 1., 0., 1., 0., 0., 0., 1., 1., 1., 1.,
           0., 1.],
          [0., 0., 1., 1., 1., 1., 1., 1., 1., 1., 0., 1., 1., 0., 1., 0., 0.,
           1., 0.],
          [0., 0., 0., 1., 0., 1., 0., 0., 0., 0., 1., 1., 0., 0., 1., 0., 0.,
           0., 1.],
          [1., 1., 0., 0., 1., 1., 1., 1., 0., 1., 0., 1., 0., 1., 1., 1., 1.,
           0., 1.],
          [0., 0., 0., 0., 1., 0., 0., 0., 1., 1., 1., 1., 0., 0., 1., 0., 0.,
           0., 1.],
          [1., 0., 1., 1., 1., 1., 1., 0., 1., 0., 0., 1., 0., 0., 0., 1., 1.,
           0., 1.],
          [1., 1., 1., 0., 0., 1., 1., 0., 0., 1., 0., 1., 1., 0., 0., 1., 1.,
           0., 1.],
          [0., 1., 0., 0., 0., 1., 1., 0., 1., 0., 0., 1., 1., 0., 1., 1., 0.,
           0., 1.]]]], device='cuda:0'), tensor([[0.8896]], device='cuda:0'))
2026-01-08 17:18:48 - INFO - [ 0.9975208  -0.03553421  0.00321966  0.01466571  0.00321964  0.01466571
  0.704193   -0.45062274]
2026-01-08 17:18:48 - INFO - (tensor([[[[0., 1., 0., 0., 0., 1., 0., 0., 0., 1., 0., 0., 0., 0., 1., 0., 1.,
           1., 1.],
          [0., 1., 0., 1., 1., 1., 1., 1., 1., 1., 1., 0., 0., 1., 1., 1., 0.,
           1., 0.],
          [0., 0., 0., 0., 1., 1., 1., 1., 1., 0., 1., 1., 0., 1., 0., 1., 0.,
           1., 1.],
          [0., 0., 0., 0., 0., 0., 0., 0., 1., 1., 0., 1., 1., 1., 1., 0., 1.,
           0., 1.],
          [1., 1., 0., 1., 0., 1., 0., 1., 0., 0., 1., 0., 1., 1., 1., 1., 1.,
           1., 1.],
          [1., 1., 1., 1., 0., 0., 1., 1., 1., 1., 1., 1., 1., 1., 0., 1., 0.,
           1., 1.],
          [0., 1., 0., 1., 1., 0., 1., 0., 1., 0., 0., 1., 1., 0., 1., 1., 1.,
           0., 0.],
          [0., 0., 0., 0., 0., 0., 0., 1., 0., 1., 1., 1., 0., 0., 0., 0., 1.,
           0., 0.],
          [0., 0., 0., 1., 0., 1., 0., 1., 0., 0., 1., 1., 1., 0., 1., 0., 0.,
           1., 1.],
          [1., 0., 1., 1., 1., 0., 0., 0., 0., 0., 0., 1., 0., 0., 0., 1., 0.,
           0., 1.],
          [0., 0., 0., 0., 0., 1., 1., 1., 0., 0., 0., 1., 0., 0., 1., 0., 1.,
           1., 1.],
          [0., 0., 0., 0., 0., 0., 0., 1., 0., 1., 0., 0., 0., 1., 1., 1., 1.,
           0., 1.],
          [0., 0., 1., 1., 1., 1., 1., 1., 1., 1., 0., 1., 1., 0., 1., 0., 0.,
           1., 0.],
          [0., 0., 0., 1., 0., 1., 0., 0., 0., 0., 1., 1., 0., 0., 1., 0., 0.,
           0., 1.],
          [1., 1., 0., 0., 1., 1., 1., 1., 0., 1., 0., 1., 0., 1., 1., 1., 1.,
           0., 1.],
          [0., 0., 0., 0., 1., 0., 0., 0., 1., 1., 1., 1., 0., 0., 1., 0., 0.,
           0., 1.],
          [1., 0., 1., 1., 1., 1., 1., 0., 1., 0., 0., 1., 0., 0., 0., 1., 1.,
           0., 1.],
          [1., 1., 1., 0., 0., 1., 1., 0., 0., 1., 0., 1., 1., 0., 0., 1., 1.,
           0., 1.],
          [0., 1., 0., 0., 0., 1., 1., 0., 1., 0., 0., 1., 1., 0., 1., 1., 0.,
           0., 1.]]]], device='cuda:0'), tensor([[0.8930]], device='cuda:0'))
2026-01-08 17:18:48 - INFO - [ 0.9975148  -0.03564626  0.00324278  0.01468023  0.00324277  0.01468023
  0.7033484  -0.4520467 ]
2026-01-08 17:18:48 - INFO - (tensor([[[[0., 1., 0., 0., 0., 1., 0., 0., 0., 1., 0., 0., 0., 0., 1., 0., 1.,
           1., 1.],
          [0., 1., 0., 1., 1., 1., 1., 1., 1., 1., 1., 0., 0., 1., 1., 1., 0.,
           1., 0.],
          [0., 0., 0., 0., 1., 1., 1., 1., 1., 0., 1., 1., 0., 1., 0., 1., 0.,
           1., 1.],
          [0., 0., 0., 0., 0., 0., 0., 0., 1., 1., 0., 1., 1., 1., 1., 0., 1.,
           0., 1.],
          [1., 1., 0., 1., 0., 1., 0., 1., 0., 0., 1., 0., 1., 1., 1., 1., 1.,
           1., 1.],
          [1., 1., 1., 1., 0., 0., 1., 1., 1., 1., 1., 1., 1., 1., 0., 1., 0.,
           1., 1.],
          [0., 1., 0., 1., 1., 0., 1., 0., 1., 0., 0., 1., 1., 0., 1., 1., 1.,
           0., 0.],
          [0., 0., 0., 0., 0., 0., 0., 1., 0., 1., 1., 1., 0., 0., 0., 0., 1.,
           0., 0.],
          [0., 0., 0., 1., 0., 1., 0., 1., 0., 0., 1., 1., 1., 0., 1., 0., 0.,
           1., 1.],
          [1., 0., 1., 1., 1., 0., 0., 0., 0., 0., 0., 1., 0., 0., 0., 1., 0.,
           0., 1.],
          [0., 0., 0., 0., 0., 1., 1., 1., 0., 0., 0., 1., 0., 0., 1., 0., 1.,
           1., 1.],
          [0., 0., 0., 0., 0., 0., 0., 1., 0., 1., 0., 0., 0., 1., 1., 1., 1.,
           0., 1.],
          [0., 0., 1., 1., 1., 1., 1., 1., 1., 1., 0., 1., 1., 0., 1., 0., 0.,
           1., 0.],
          [0., 0., 0., 1., 0., 1., 0., 0., 0., 0., 1., 1., 0., 0., 1., 0., 0.,
           0., 1.],
          [1., 1., 0., 0., 1., 1., 1., 1., 0., 1., 0., 1., 0., 1., 1., 1., 1.,
           0., 1.],
          [0., 0., 0., 0., 1., 0., 0., 0., 1., 1., 1., 1., 0., 0., 1., 0., 0.,
           0., 1.],
          [1., 0., 1., 1., 1., 1., 1., 0., 1., 0., 0., 1., 0., 0., 0., 1., 1.,
           0., 1.],
          [1., 1., 1., 0., 0., 1., 1., 0., 0., 1., 0., 1., 1., 0., 0., 1., 1.,
           0., 1.],
          [0., 1., 0., 0., 0., 1., 1., 0., 1., 0., 0., 1., 1., 0., 1., 1., 0.,
           0., 1.]]]], device='cuda:0'), tensor([[0.8963]], device='cuda:0'))
2026-01-08 17:18:48 - INFO - [ 0.99750656 -0.03578487  0.0032728   0.01469211  0.00327281  0.01469212
  0.7024089  -0.45351443]
2026-01-08 17:18:48 - INFO - (tensor([[[[0., 1., 0., 0., 0., 1., 0., 0., 0., 1., 0., 0., 0., 0., 1., 0., 1.,
           1., 1.],
          [0., 1., 0., 1., 1., 1., 1., 1., 1., 1., 1., 0., 0., 1., 1., 1., 0.,
           1., 0.],
          [0., 0., 0., 0., 1., 1., 1., 1., 1., 0., 1., 1., 0., 1., 0., 1., 0.,
           1., 1.],
          [0., 0., 0., 0., 0., 0., 0., 0., 1., 1., 0., 1., 1., 1., 1., 0., 1.,
           0., 1.],
          [1., 1., 0., 1., 0., 1., 0., 1., 0., 0., 1., 0., 1., 1., 1., 1., 1.,
           1., 1.],
          [1., 1., 1., 1., 0., 0., 1., 1., 1., 1., 1., 1., 1., 1., 0., 1., 0.,
           1., 1.],
          [0., 1., 0., 1., 1., 0., 1., 0., 1., 0., 0., 1., 1., 0., 1., 1., 1.,
           0., 0.],
          [0., 0., 0., 0., 0., 0., 0., 1., 0., 1., 1., 1., 0., 0., 0., 0., 1.,
           0., 0.],
          [0., 0., 0., 1., 0., 1., 0., 1., 0., 0., 1., 1., 1., 0., 1., 0., 0.,
           1., 1.],
          [1., 0., 1., 1., 1., 0., 0., 0., 0., 0., 0., 1., 0., 0., 0., 1., 0.,
           0., 1.],
          [0., 0., 0., 0., 0., 1., 1., 1., 0., 0., 0., 1., 0., 0., 1., 0., 1.,
           1., 1.],
          [0., 0., 0., 0., 0., 0., 0., 1., 0., 1., 0., 0., 0., 1., 1., 1., 1.,
           0., 1.],
          [0., 0., 1., 1., 1., 1., 1., 1., 1., 1., 0., 1., 1., 0., 1., 0., 0.,
           1., 0.],
          [0., 0., 0., 1., 0., 1., 0., 0., 0., 0., 1., 1., 0., 0., 1., 0., 0.,
           0., 1.],
          [1., 1., 0., 0., 1., 1., 1., 1., 0., 1., 0., 1., 0., 1., 1., 1., 1.,
           0., 1.],
          [0., 0., 0., 0., 1., 0., 0., 0., 1., 1., 1., 1., 0., 0., 1., 0., 0.,
           0., 1.],
          [1., 0., 1., 1., 1., 1., 1., 0., 1., 0., 0., 1., 0., 0., 0., 1., 1.,
           0., 1.],
          [1., 1., 1., 0., 0., 1., 1., 0., 0., 1., 0., 1., 1., 0., 0., 1., 1.,
           0., 1.],
          [0., 1., 0., 0., 0., 1., 1., 0., 1., 0., 0., 1., 1., 0., 1., 1., 0.,
           0., 1.]]]], device='cuda:0'), tensor([[0.8997]], device='cuda:0'))
2026-01-08 17:18:48 - INFO - [ 0.9974975  -0.03592969  0.00330546  0.01470933  0.00330546  0.01470934
  0.7014277  -0.45504352]
2026-01-08 17:18:48 - INFO - (tensor([[[[0., 1., 0., 0., 0., 1., 0., 0., 0., 1., 0., 0., 0., 0., 1., 0., 1.,
           1., 1.],
          [0., 1., 0., 1., 1., 1., 1., 1., 1., 1., 1., 0., 0., 1., 1., 1., 0.,
           1., 0.],
          [0., 0., 0., 0., 1., 1., 1., 1., 1., 0., 1., 1., 0., 1., 0., 1., 0.,
           1., 1.],
          [0., 0., 0., 0., 0., 0., 0., 0., 1., 1., 0., 1., 1., 1., 1., 0., 1.,
           0., 1.],
          [1., 1., 0., 1., 0., 1., 0., 1., 0., 0., 1., 0., 1., 1., 1., 1., 1.,
           1., 1.],
          [1., 1., 1., 1., 0., 0., 1., 1., 1., 1., 1., 1., 1., 1., 0., 1., 0.,
           1., 1.],
          [0., 1., 0., 1., 1., 0., 1., 0., 1., 0., 0., 1., 1., 0., 1., 1., 1.,
           0., 0.],
          [0., 0., 0., 0., 0., 0., 0., 1., 0., 1., 1., 1., 0., 0., 0., 0., 1.,
           0., 0.],
          [0., 0., 0., 1., 0., 1., 0., 1., 0., 0., 1., 1., 1., 0., 1., 0., 0.,
           1., 1.],
          [1., 0., 1., 1., 1., 0., 0., 0., 0., 0., 0., 1., 0., 0., 0., 1., 0.,
           0., 1.],
          [0., 0., 0., 0., 0., 1., 1., 1., 0., 0., 0., 1., 0., 0., 1., 0., 1.,
           1., 1.],
          [0., 0., 0., 0., 0., 0., 0., 1., 0., 1., 0., 0., 0., 1., 1., 1., 1.,
           0., 1.],
          [0., 0., 1., 1., 1., 1., 1., 1., 1., 1., 0., 1., 1., 0., 1., 0., 0.,
           1., 0.],
          [0., 0., 0., 1., 0., 1., 0., 0., 0., 0., 1., 1., 0., 0., 1., 0., 0.,
           0., 1.],
          [1., 1., 0., 0., 1., 1., 1., 1., 0., 1., 0., 1., 0., 1., 1., 1., 1.,
           0., 1.],
          [0., 0., 0., 0., 1., 0., 0., 0., 1., 1., 1., 1., 0., 0., 1., 0., 0.,
           0., 1.],
          [1., 0., 1., 1., 1., 1., 1., 0., 1., 0., 0., 1., 0., 0., 0., 1., 1.,
           0., 1.],
          [1., 1., 1., 0., 0., 1., 1., 0., 0., 1., 0., 1., 1., 0., 0., 1., 1.,
           0., 1.],
          [0., 1., 0., 0., 0., 1., 1., 0., 1., 0., 0., 1., 1., 0., 1., 1., 0.,
           0., 1.]]]], device='cuda:0'), tensor([[0.9030]], device='cuda:0'))
2026-01-08 17:18:48 - INFO - [ 0.9974876  -0.0360854   0.00334232  0.01473741  0.00334234  0.01473741
  0.7003803  -0.45668343]
2026-01-08 17:18:48 - INFO - (tensor([[[[0., 1., 0., 0., 0., 1., 0., 0., 0., 1., 0., 0., 0., 0., 1., 0., 1.,
           1., 1.],
          [0., 1., 0., 1., 1., 1., 1., 1., 1., 1., 1., 0., 0., 1., 1., 1., 0.,
           1., 0.],
          [0., 0., 0., 0., 1., 1., 1., 1., 1., 0., 1., 1., 0., 1., 0., 1., 0.,
           1., 1.],
          [0., 0., 0., 0., 0., 0., 0., 0., 1., 1., 0., 1., 1., 1., 1., 0., 1.,
           0., 1.],
          [1., 1., 0., 1., 0., 1., 0., 1., 0., 0., 1., 0., 1., 1., 1., 1., 1.,
           1., 1.],
          [1., 1., 1., 1., 0., 0., 1., 1., 1., 1., 1., 1., 1., 1., 0., 1., 0.,
           1., 1.],
          [0., 1., 0., 1., 1., 0., 1., 0., 1., 0., 0., 1., 1., 0., 1., 1., 1.,
           0., 0.],
          [0., 0., 0., 0., 0., 0., 0., 1., 0., 1., 1., 1., 0., 0., 0., 0., 1.,
           0., 0.],
          [0., 0., 0., 1., 0., 1., 0., 1., 0., 0., 1., 1., 1., 0., 1., 0., 0.,
           1., 1.],
          [1., 0., 1., 1., 1., 0., 0., 0., 0., 0., 0., 1., 0., 0., 0., 1., 0.,
           0., 1.],
          [0., 0., 0., 0., 0., 1., 1., 1., 0., 0., 0., 1., 0., 0., 1., 0., 1.,
           1., 1.],
          [0., 0., 0., 0., 0., 0., 0., 1., 0., 1., 0., 0., 0., 1., 1., 1., 1.,
           0., 1.],
          [0., 0., 1., 1., 1., 1., 1., 1., 1., 1., 0., 1., 1., 0., 1., 0., 0.,
           1., 0.],
          [0., 0., 0., 1., 0., 1., 0., 0., 0., 0., 1., 1., 0., 0., 1., 0., 0.,
           0., 1.],
          [1., 1., 0., 0., 1., 1., 1., 1., 0., 1., 0., 1., 0., 1., 1., 1., 1.,
           0., 1.],
          [0., 0., 0., 0., 1., 0., 0., 0., 1., 1., 1., 1., 0., 0., 1., 0., 0.,
           0., 1.],
          [1., 0., 1., 1., 1., 1., 1., 0., 1., 0., 0., 1., 0., 0., 0., 1., 1.,
           0., 1.],
          [1., 1., 1., 0., 0., 1., 1., 0., 0., 1., 0., 1., 1., 0., 0., 1., 1.,
           0., 1.],
          [0., 1., 0., 0., 0., 1., 1., 0., 1., 0., 0., 1., 1., 0., 1., 1., 0.,
           0., 1.]]]], device='cuda:0'), tensor([[0.9064]], device='cuda:0'))
2026-01-08 17:18:48 - INFO - [ 0.99747723 -0.03624716  0.00338084  0.01476679  0.00338086  0.01476679
  0.6992936  -0.4583708 ]
2026-01-08 17:18:48 - INFO - (tensor([[[[0., 1., 0., 0., 0., 1., 0., 0., 0., 1., 0., 0., 0., 0., 1., 0., 1.,
           1., 1.],
          [0., 1., 0., 1., 1., 1., 1., 1., 1., 1., 1., 0., 0., 1., 1., 1., 0.,
           1., 0.],
          [0., 0., 0., 0., 1., 1., 1., 1., 1., 0., 1., 1., 0., 1., 0., 1., 0.,
           1., 1.],
          [0., 0., 0., 0., 0., 0., 0., 0., 1., 1., 0., 1., 1., 1., 1., 0., 1.,
           0., 1.],
          [1., 1., 0., 1., 0., 1., 0., 1., 0., 0., 1., 0., 1., 1., 1., 1., 1.,
           1., 1.],
          [1., 1., 1., 1., 0., 0., 1., 1., 1., 1., 1., 1., 1., 1., 0., 1., 0.,
           1., 1.],
          [0., 1., 0., 1., 1., 0., 1., 0., 1., 0., 0., 1., 1., 0., 1., 1., 1.,
           0., 0.],
          [0., 0., 0., 0., 0., 0., 0., 1., 0., 1., 1., 1., 0., 0., 0., 0., 1.,
           0., 0.],
          [0., 0., 0., 1., 0., 1., 0., 1., 0., 0., 1., 1., 1., 0., 1., 0., 0.,
           1., 1.],
          [1., 0., 1., 1., 1., 0., 0., 0., 0., 0., 0., 1., 0., 0., 0., 1., 0.,
           0., 1.],
          [0., 0., 0., 0., 0., 1., 1., 1., 0., 0., 0., 1., 0., 0., 1., 0., 1.,
           1., 1.],
          [0., 0., 0., 0., 0., 0., 0., 1., 0., 1., 0., 0., 0., 1., 1., 1., 1.,
           0., 1.],
          [0., 0., 1., 1., 1., 1., 1., 1., 1., 1., 0., 1., 1., 0., 1., 0., 0.,
           1., 0.],
          [0., 0., 0., 1., 0., 1., 0., 0., 0., 0., 1., 1., 0., 0., 1., 0., 0.,
           0., 1.],
          [1., 1., 0., 0., 1., 1., 1., 1., 0., 1., 0., 1., 0., 1., 1., 1., 1.,
           0., 1.],
          [0., 0., 0., 0., 1., 0., 0., 0., 1., 1., 1., 1., 0., 0., 1., 0., 0.,
           0., 1.],
          [1., 0., 1., 1., 1., 1., 1., 0., 1., 0., 0., 1., 0., 0., 0., 1., 1.,
           0., 1.],
          [1., 1., 1., 0., 0., 1., 1., 0., 0., 1., 0., 1., 1., 0., 0., 1., 1.,
           0., 1.],
          [0., 1., 0., 0., 0., 1., 1., 0., 1., 0., 0., 1., 1., 0., 1., 1., 0.,
           0., 1.]]]], device='cuda:0'), tensor([[0.9097]], device='cuda:0'))
2026-01-08 17:18:48 - INFO - [ 0.9974663  -0.03641416  0.00342149  0.01480472  0.00342151  0.01480471
  0.6981517  -0.46014377]
2026-01-08 17:18:48 - INFO - (tensor([[[[0., 1., 0., 0., 0., 1., 0., 0., 0., 1., 0., 0., 0., 0., 1., 0., 1.,
           1., 1.],
          [0., 1., 0., 1., 1., 1., 1., 1., 1., 1., 1., 0., 0., 1., 1., 1., 0.,
           1., 0.],
          [0., 0., 0., 0., 1., 1., 1., 1., 1., 0., 1., 1., 0., 1., 0., 1., 0.,
           1., 1.],
          [0., 0., 0., 0., 0., 0., 0., 0., 1., 1., 0., 1., 1., 1., 1., 0., 1.,
           0., 1.],
          [1., 1., 0., 1., 0., 1., 0., 1., 0., 0., 1., 0., 1., 1., 1., 1., 1.,
           1., 1.],
          [1., 1., 1., 1., 0., 0., 1., 1., 1., 1., 1., 1., 1., 1., 0., 1., 0.,
           1., 1.],
          [0., 1., 0., 1., 1., 0., 1., 0., 1., 0., 0., 1., 1., 0., 1., 1., 1.,
           0., 0.],
          [0., 0., 0., 0., 0., 0., 0., 1., 0., 1., 1., 1., 0., 0., 0., 0., 1.,
           0., 0.],
          [0., 0., 0., 1., 0., 1., 0., 1., 0., 0., 1., 1., 1., 0., 1., 0., 0.,
           1., 1.],
          [1., 0., 1., 1., 1., 0., 0., 0., 0., 0., 0., 1., 0., 0., 0., 1., 0.,
           0., 1.],
          [0., 0., 0., 0., 0., 1., 1., 1., 0., 0., 0., 1., 0., 0., 1., 0., 1.,
           1., 1.],
          [0., 0., 0., 0., 0., 0., 0., 1., 0., 1., 0., 0., 0., 1., 1., 1., 1.,
           0., 1.],
          [0., 0., 1., 1., 1., 1., 1., 1., 1., 1., 0., 1., 1., 0., 1., 0., 0.,
           1., 0.],
          [0., 0., 0., 1., 0., 1., 0., 0., 0., 0., 1., 1., 0., 0., 1., 0., 0.,
           0., 1.],
          [1., 1., 0., 0., 1., 1., 1., 1., 0., 1., 0., 1., 0., 1., 1., 1., 1.,
           0., 1.],
          [0., 0., 0., 0., 1., 0., 0., 0., 1., 1., 1., 1., 0., 0., 1., 0., 0.,
           0., 1.],
          [1., 0., 1., 1., 1., 1., 1., 0., 1., 0., 0., 1., 0., 0., 0., 1., 1.,
           0., 1.],
          [1., 1., 1., 0., 0., 1., 1., 0., 0., 1., 0., 1., 1., 0., 0., 1., 1.,
           0., 1.],
          [0., 1., 0., 0., 0., 1., 1., 0., 1., 0., 0., 1., 1., 0., 1., 1., 0.,
           0., 1.]]]], device='cuda:0'), tensor([[0.9130]], device='cuda:0'))
2026-01-08 17:18:48 - INFO - [ 0.9974658  -0.03649991  0.00344399  0.01485034  0.003444    0.01485035
  0.69729376 -0.46133316]
2026-01-08 17:18:48 - INFO - (tensor([[[[0., 1., 0., 0., 0., 1., 0., 0., 0., 1., 0., 0., 0., 0., 1., 0., 1.,
           1., 1.],
          [0., 1., 0., 1., 1., 1., 1., 1., 1., 1., 1., 0., 0., 1., 1., 1., 0.,
           1., 0.],
          [0., 0., 0., 0., 1., 1., 1., 1., 1., 0., 1., 1., 0., 1., 0., 1., 0.,
           1., 1.],
          [0., 0., 0., 0., 0., 0., 0., 0., 1., 1., 0., 1., 1., 1., 1., 0., 1.,
           0., 1.],
          [1., 1., 0., 1., 0., 1., 0., 1., 0., 0., 1., 0., 1., 1., 1., 1., 1.,
           1., 1.],
          [1., 1., 1., 1., 0., 0., 1., 1., 1., 1., 1., 1., 1., 1., 0., 1., 0.,
           1., 1.],
          [0., 1., 0., 1., 1., 0., 1., 0., 1., 0., 0., 1., 1., 0., 1., 1., 1.,
           0., 0.],
          [0., 0., 0., 0., 0., 0., 0., 1., 0., 1., 1., 1., 0., 0., 0., 0., 1.,
           0., 0.],
          [0., 0., 0., 1., 0., 1., 0., 1., 0., 0., 1., 1., 1., 0., 1., 0., 0.,
           1., 1.],
          [1., 0., 1., 1., 1., 0., 0., 0., 0., 0., 0., 1., 0., 0., 0., 1., 0.,
           0., 1.],
          [0., 0., 0., 0., 0., 1., 1., 1., 0., 0., 0., 1., 0., 0., 1., 0., 1.,
           1., 1.],
          [0., 0., 0., 0., 0., 0., 0., 1., 0., 1., 0., 0., 0., 1., 1., 1., 1.,
           0., 1.],
          [0., 0., 1., 1., 1., 1., 1., 1., 1., 1., 0., 1., 1., 0., 1., 0., 0.,
           1., 0.],
          [0., 0., 0., 1., 0., 1., 0., 0., 0., 0., 1., 1., 0., 0., 1., 0., 0.,
           0., 1.],
          [1., 1., 0., 0., 1., 1., 1., 1., 0., 1., 0., 1., 0., 1., 1., 1., 1.,
           0., 1.],
          [0., 0., 0., 0., 1., 0., 0., 0., 1., 1., 1., 1., 0., 0., 1., 0., 0.,
           0., 1.],
          [1., 0., 1., 1., 1., 1., 1., 0., 1., 0., 0., 1., 0., 0., 0., 1., 1.,
           0., 1.],
          [1., 1., 1., 0., 0., 1., 1., 0., 0., 1., 0., 1., 1., 0., 0., 1., 1.,
           0., 1.],
          [0., 1., 0., 0., 0., 1., 1., 0., 1., 0., 0., 1., 1., 0., 1., 1., 0.,
           0., 1.]]]], device='cuda:0'), tensor([[0.9164]], device='cuda:0'))
2026-01-08 17:18:48 - INFO - [ 0.9974667  -0.03658482  0.003466    0.01490992  0.00346601  0.01490992
  0.6963802  -0.46243525]
2026-01-08 17:18:48 - INFO - (tensor([[[[0., 1., 0., 0., 0., 1., 0., 0., 0., 1., 0., 0., 0., 0., 1., 0., 1.,
           1., 1.],
          [0., 1., 0., 1., 1., 1., 1., 1., 1., 1., 1., 0., 0., 1., 1., 1., 0.,
           1., 0.],
          [0., 0., 0., 0., 1., 1., 1., 1., 1., 0., 1., 1., 0., 1., 0., 1., 0.,
           1., 1.],
          [0., 0., 0., 0., 0., 0., 0., 0., 1., 1., 0., 1., 1., 1., 1., 0., 1.,
           0., 1.],
          [1., 1., 0., 1., 0., 1., 0., 1., 0., 0., 1., 0., 1., 1., 1., 1., 1.,
           1., 1.],
          [1., 1., 1., 1., 0., 0., 1., 1., 1., 1., 1., 1., 1., 1., 0., 1., 0.,
           1., 1.],
          [0., 1., 0., 1., 1., 0., 1., 0., 1., 0., 0., 1., 1., 0., 1., 1., 1.,
           0., 0.],
          [0., 0., 0., 0., 0., 0., 0., 1., 0., 1., 1., 1., 0., 0., 0., 0., 1.,
           0., 0.],
          [0., 0., 0., 1., 0., 1., 0., 1., 0., 0., 1., 1., 1., 0., 1., 0., 0.,
           1., 1.],
          [1., 0., 1., 1., 1., 0., 0., 0., 0., 0., 0., 1., 0., 0., 0., 1., 0.,
           0., 1.],
          [0., 0., 0., 0., 0., 1., 1., 1., 0., 0., 0., 1., 0., 0., 1., 0., 1.,
           1., 1.],
          [0., 0., 0., 0., 0., 0., 0., 1., 0., 1., 0., 0., 0., 1., 1., 1., 1.,
           0., 1.],
          [0., 0., 1., 1., 1., 1., 1., 1., 1., 1., 0., 1., 1., 0., 1., 0., 0.,
           1., 0.],
          [0., 0., 0., 1., 0., 1., 0., 0., 0., 0., 1., 1., 0., 0., 1., 0., 0.,
           0., 1.],
          [1., 1., 0., 0., 1., 1., 1., 1., 0., 1., 0., 1., 0., 1., 1., 1., 1.,
           0., 1.],
          [0., 0., 0., 0., 1., 0., 0., 0., 1., 1., 1., 1., 0., 0., 1., 0., 0.,
           0., 1.],
          [1., 0., 1., 1., 1., 1., 1., 0., 1., 0., 0., 1., 0., 0., 0., 1., 1.,
           0., 1.],
          [1., 1., 1., 0., 0., 1., 1., 0., 0., 1., 0., 1., 1., 0., 0., 1., 1.,
           0., 1.],
          [0., 1., 0., 0., 0., 1., 1., 0., 1., 0., 0., 1., 1., 0., 1., 1., 0.,
           0., 1.]]]], device='cuda:0'), tensor([[0.9197]], device='cuda:0'))
2026-01-08 17:18:48 - INFO - [ 0.9974672  -0.03667948  0.00349128  0.01498087  0.00349128  0.01498086
  0.6951822  -0.46377203]
2026-01-08 17:18:48 - INFO - (tensor([[[[0., 1., 0., 0., 0., 1., 0., 0., 0., 1., 0., 0., 0., 0., 1., 0., 1.,
           1., 1.],
          [0., 1., 0., 1., 1., 1., 1., 1., 1., 1., 1., 0., 0., 1., 1., 1., 0.,
           1., 0.],
          [0., 0., 0., 0., 1., 1., 1., 1., 1., 0., 1., 1., 0., 1., 0., 1., 0.,
           1., 1.],
          [0., 0., 0., 0., 0., 0., 0., 0., 1., 1., 0., 1., 1., 1., 1., 0., 1.,
           0., 1.],
          [1., 1., 0., 1., 0., 1., 0., 1., 0., 0., 1., 0., 1., 1., 1., 1., 1.,
           1., 1.],
          [1., 1., 1., 1., 0., 0., 1., 1., 1., 1., 1., 1., 1., 1., 0., 1., 0.,
           1., 1.],
          [0., 1., 0., 1., 1., 0., 1., 0., 1., 0., 0., 1., 1., 0., 1., 1., 1.,
           0., 0.],
          [0., 0., 0., 0., 0., 0., 0., 1., 0., 1., 1., 1., 0., 0., 0., 0., 1.,
           0., 0.],
          [0., 0., 0., 1., 0., 1., 0., 1., 0., 0., 1., 1., 1., 0., 1., 0., 0.,
           1., 1.],
          [1., 0., 1., 1., 1., 0., 0., 0., 0., 0., 0., 1., 0., 0., 0., 1., 0.,
           0., 1.],
          [0., 0., 0., 0., 0., 1., 1., 1., 0., 0., 0., 1., 0., 0., 1., 0., 1.,
           1., 1.],
          [0., 0., 0., 0., 0., 0., 0., 1., 0., 1., 0., 0., 0., 1., 1., 1., 1.,
           0., 1.],
          [0., 0., 1., 1., 1., 1., 1., 1., 1., 1., 0., 1., 1., 0., 1., 0., 0.,
           1., 0.],
          [0., 0., 0., 1., 0., 1., 0., 0., 0., 0., 1., 1., 0., 0., 1., 0., 0.,
           0., 1.],
          [1., 1., 0., 0., 1., 1., 1., 1., 0., 1., 0., 1., 0., 1., 1., 1., 1.,
           0., 1.],
          [0., 0., 0., 0., 1., 0., 0., 0., 1., 1., 1., 1., 0., 0., 1., 0., 0.,
           0., 1.],
          [1., 0., 1., 1., 1., 1., 1., 0., 1., 0., 0., 1., 0., 0., 0., 1., 1.,
           0., 1.],
          [1., 1., 1., 0., 0., 1., 1., 0., 0., 1., 0., 1., 1., 0., 0., 1., 1.,
           0., 1.],
          [0., 1., 0., 0., 0., 1., 1., 0., 1., 0., 0., 1., 1., 0., 1., 1., 0.,
           0., 1.]]]], device='cuda:0'), tensor([[0.9231]], device='cuda:0'))
2026-01-08 17:18:48 - INFO - [ 0.99746716 -0.03678961  0.00351921  0.01506684  0.0035192   0.01506684
  0.6938273  -0.46529475]
2026-01-08 17:18:48 - INFO - (tensor([[[[0., 1., 0., 0., 0., 1., 0., 0., 0., 1., 0., 0., 0., 0., 1., 0., 1.,
           1., 1.],
          [0., 1., 0., 1., 1., 1., 1., 1., 1., 1., 1., 0., 0., 1., 1., 1., 0.,
           1., 0.],
          [0., 0., 0., 0., 1., 1., 1., 1., 1., 0., 1., 1., 0., 1., 0., 1., 0.,
           1., 1.],
          [0., 0., 0., 0., 0., 0., 0., 0., 1., 1., 0., 1., 1., 1., 1., 0., 1.,
           0., 1.],
          [1., 1., 0., 1., 0., 1., 0., 1., 0., 0., 1., 0., 1., 1., 1., 1., 1.,
           1., 1.],
          [1., 1., 1., 1., 0., 0., 1., 1., 1., 1., 1., 1., 1., 1., 0., 1., 0.,
           1., 1.],
          [0., 1., 0., 1., 1., 0., 1., 0., 1., 0., 0., 1., 1., 0., 1., 1., 1.,
           0., 0.],
          [0., 0., 0., 0., 0., 0., 0., 1., 0., 1., 1., 1., 0., 0., 0., 0., 1.,
           0., 0.],
          [0., 0., 0., 1., 0., 1., 0., 1., 0., 0., 1., 1., 1., 0., 1., 0., 0.,
           1., 1.],
          [1., 0., 1., 1., 1., 0., 0., 0., 0., 0., 0., 1., 0., 0., 0., 1., 0.,
           0., 1.],
          [0., 0., 0., 0., 0., 1., 1., 1., 0., 0., 0., 1., 0., 0., 1., 0., 1.,
           1., 1.],
          [0., 0., 0., 0., 0., 0., 0., 1., 0., 1., 0., 0., 0., 1., 1., 1., 1.,
           0., 1.],
          [0., 0., 1., 1., 1., 1., 1., 1., 1., 1., 0., 1., 1., 0., 1., 0., 0.,
           1., 0.],
          [0., 0., 0., 1., 0., 1., 0., 0., 0., 0., 1., 1., 0., 0., 1., 0., 0.,
           0., 1.],
          [1., 1., 0., 0., 1., 1., 1., 1., 0., 1., 0., 1., 0., 1., 1., 1., 1.,
           0., 1.],
          [0., 0., 0., 0., 1., 0., 0., 0., 1., 1., 1., 1., 0., 0., 1., 0., 0.,
           0., 1.],
          [1., 0., 1., 1., 1., 1., 1., 0., 1., 0., 0., 1., 0., 0., 0., 1., 1.,
           0., 1.],
          [1., 1., 1., 0., 0., 1., 1., 0., 0., 1., 0., 1., 1., 0., 0., 1., 1.,
           0., 1.],
          [0., 1., 0., 0., 0., 1., 1., 0., 1., 0., 0., 1., 1., 0., 1., 1., 0.,
           0., 1.]]]], device='cuda:0'), tensor([[0.9264]], device='cuda:0'))
2026-01-08 17:18:48 - INFO - [ 0.99746543 -0.03691686  0.0035493   0.01516951  0.0035493   0.01516952
  0.69236875 -0.46698973]
2026-01-08 17:18:48 - INFO - (tensor([[[[0., 1., 0., 0., 0., 1., 0., 0., 0., 1., 0., 0., 0., 0., 1., 0., 1.,
           1., 1.],
          [0., 1., 0., 1., 1., 1., 1., 1., 1., 1., 1., 0., 0., 1., 1., 1., 0.,
           1., 0.],
          [0., 0., 0., 0., 1., 1., 1., 1., 1., 0., 1., 1., 0., 1., 0., 1., 0.,
           1., 1.],
          [0., 0., 0., 0., 0., 0., 0., 0., 1., 1., 0., 1., 1., 1., 1., 0., 1.,
           0., 1.],
          [1., 1., 0., 1., 0., 1., 0., 1., 0., 0., 1., 0., 1., 1., 1., 1., 1.,
           1., 1.],
          [1., 1., 1., 1., 0., 0., 1., 1., 1., 1., 1., 1., 1., 1., 0., 1., 0.,
           1., 1.],
          [0., 1., 0., 1., 1., 0., 1., 0., 1., 0., 0., 1., 1., 0., 1., 1., 1.,
           0., 0.],
          [0., 0., 0., 0., 0., 0., 0., 1., 0., 1., 1., 1., 0., 0., 0., 0., 1.,
           0., 0.],
          [0., 0., 0., 1., 0., 1., 0., 1., 0., 0., 1., 1., 1., 0., 1., 0., 0.,
           1., 1.],
          [1., 0., 1., 1., 1., 0., 0., 0., 0., 0., 0., 1., 0., 0., 0., 1., 0.,
           0., 1.],
          [0., 0., 0., 0., 0., 1., 1., 1., 0., 0., 0., 1., 0., 0., 1., 0., 1.,
           1., 1.],
          [0., 0., 0., 0., 0., 0., 0., 1., 0., 1., 0., 0., 0., 1., 1., 1., 1.,
           0., 1.],
          [0., 0., 1., 1., 1., 1., 1., 1., 1., 1., 0., 1., 1., 0., 1., 0., 0.,
           1., 0.],
          [0., 0., 0., 1., 0., 1., 0., 0., 0., 0., 1., 1., 0., 0., 1., 0., 0.,
           0., 1.],
          [1., 1., 0., 0., 1., 1., 1., 1., 0., 1., 0., 1., 0., 1., 1., 1., 1.,
           0., 1.],
          [0., 0., 0., 0., 1., 0., 0., 0., 1., 1., 1., 1., 0., 0., 1., 0., 0.,
           0., 1.],
          [1., 0., 1., 1., 1., 1., 1., 0., 1., 0., 0., 1., 0., 0., 0., 1., 1.,
           0., 1.],
          [1., 1., 1., 0., 0., 1., 1., 0., 0., 1., 0., 1., 1., 0., 0., 1., 1.,
           0., 1.],
          [0., 1., 0., 0., 0., 1., 1., 0., 1., 0., 0., 1., 1., 0., 1., 1., 0.,
           0., 1.]]]], device='cuda:0'), tensor([[0.9298]], device='cuda:0'))
2026-01-08 17:18:48 - INFO - [ 0.997463   -0.03704458  0.00358091  0.01527613  0.00358092  0.01527612
  0.6908951  -0.4687055 ]
2026-01-08 17:18:48 - INFO - (tensor([[[[0., 1., 0., 0., 0., 1., 0., 0., 0., 1., 0., 0., 0., 0., 1., 0., 1.,
           1., 1.],
          [0., 1., 0., 1., 1., 1., 1., 1., 1., 1., 1., 0., 0., 1., 1., 1., 0.,
           1., 0.],
          [0., 0., 0., 0., 1., 1., 1., 1., 1., 0., 1., 1., 0., 1., 0., 1., 0.,
           1., 1.],
          [0., 0., 0., 0., 0., 0., 0., 0., 1., 1., 0., 1., 1., 1., 1., 0., 1.,
           0., 1.],
          [1., 1., 0., 1., 0., 1., 0., 1., 0., 0., 1., 0., 1., 1., 1., 1., 1.,
           1., 1.],
          [1., 1., 1., 1., 0., 0., 1., 1., 1., 1., 1., 1., 1., 1., 0., 1., 0.,
           1., 1.],
          [0., 1., 0., 1., 1., 0., 1., 0., 1., 0., 0., 1., 1., 0., 1., 1., 1.,
           0., 0.],
          [0., 0., 0., 0., 0., 0., 0., 1., 0., 1., 1., 1., 0., 0., 0., 0., 1.,
           0., 0.],
          [0., 0., 0., 1., 0., 1., 0., 1., 0., 0., 1., 1., 1., 0., 1., 0., 0.,
           1., 1.],
          [1., 0., 1., 1., 1., 0., 0., 0., 0., 0., 0., 1., 0., 0., 0., 1., 0.,
           0., 1.],
          [0., 0., 0., 0., 0., 1., 1., 1., 0., 0., 0., 1., 0., 0., 1., 0., 1.,
           1., 1.],
          [0., 0., 0., 0., 0., 0., 0., 1., 0., 1., 0., 0., 0., 1., 1., 1., 1.,
           0., 1.],
          [0., 0., 1., 1., 1., 1., 1., 1., 1., 1., 0., 1., 1., 0., 1., 0., 0.,
           1., 0.],
          [0., 0., 0., 1., 0., 1., 0., 0., 0., 0., 1., 1., 0., 0., 1., 0., 0.,
           0., 1.],
          [1., 1., 0., 0., 1., 1., 1., 1., 0., 1., 0., 1., 0., 1., 1., 1., 1.,
           0., 1.],
          [0., 0., 0., 0., 1., 0., 0., 0., 1., 1., 1., 1., 0., 0., 1., 0., 0.,
           0., 1.],
          [1., 0., 1., 1., 1., 1., 1., 0., 1., 0., 0., 1., 0., 0., 0., 1., 1.,
           0., 1.],
          [1., 1., 1., 0., 0., 1., 1., 0., 0., 1., 0., 1., 1., 0., 0., 1., 1.,
           0., 1.],
          [0., 1., 0., 0., 0., 1., 1., 0., 1., 0., 0., 1., 1., 0., 1., 1., 0.,
           0., 1.]]]], device='cuda:0'), tensor([[0.9331]], device='cuda:0'))
2026-01-08 17:18:48 - INFO - [ 0.997463   -0.03715425  0.00361299  0.01536903  0.00361298  0.01536903
  0.68940604 -0.47028407]
2026-01-08 17:18:48 - INFO - (tensor([[[[0., 1., 0., 0., 0., 1., 0., 0., 0., 1., 0., 0., 0., 0., 1., 0., 1.,
           1., 1.],
          [0., 1., 0., 1., 1., 1., 1., 1., 1., 1., 1., 0., 0., 1., 1., 1., 0.,
           1., 0.],
          [0., 0., 0., 0., 1., 1., 1., 1., 1., 0., 1., 1., 0., 1., 0., 1., 0.,
           1., 1.],
          [0., 0., 0., 0., 0., 0., 0., 0., 1., 1., 0., 1., 1., 1., 1., 0., 1.,
           0., 1.],
          [1., 1., 0., 1., 0., 1., 0., 1., 0., 0., 1., 0., 1., 1., 1., 1., 1.,
           1., 1.],
          [1., 1., 1., 1., 0., 0., 1., 1., 1., 1., 1., 1., 1., 1., 0., 1., 0.,
           1., 1.],
          [0., 1., 0., 1., 1., 0., 1., 0., 1., 0., 0., 1., 1., 0., 1., 1., 1.,
           0., 0.],
          [0., 0., 0., 0., 0., 0., 0., 1., 0., 1., 1., 1., 0., 0., 0., 0., 1.,
           0., 0.],
          [0., 0., 0., 1., 0., 1., 0., 1., 0., 0., 1., 1., 1., 0., 1., 0., 0.,
           1., 1.],
          [1., 0., 1., 1., 1., 0., 0., 0., 0., 0., 0., 1., 0., 0., 0., 1., 0.,
           0., 1.],
          [0., 0., 0., 0., 0., 1., 1., 1., 0., 0., 0., 1., 0., 0., 1., 0., 1.,
           1., 1.],
          [0., 0., 0., 0., 0., 0., 0., 1., 0., 1., 0., 0., 0., 1., 1., 1., 1.,
           0., 1.],
          [0., 0., 1., 1., 1., 1., 1., 1., 1., 1., 0., 1., 1., 0., 1., 0., 0.,
           1., 0.],
          [0., 0., 0., 1., 0., 1., 0., 0., 0., 0., 1., 1., 0., 0., 1., 0., 0.,
           0., 1.],
          [1., 1., 0., 0., 1., 1., 1., 1., 0., 1., 0., 1., 0., 1., 1., 1., 1.,
           0., 1.],
          [0., 0., 0., 0., 1., 0., 0., 0., 1., 1., 1., 1., 0., 0., 1., 0., 0.,
           0., 1.],
          [1., 0., 1., 1., 1., 1., 1., 0., 1., 0., 0., 1., 0., 0., 0., 1., 1.,
           0., 1.],
          [1., 1., 1., 0., 0., 1., 1., 0., 0., 1., 0., 1., 1., 0., 0., 1., 1.,
           0., 1.],
          [0., 1., 0., 0., 0., 1., 1., 0., 1., 0., 0., 1., 1., 0., 1., 1., 0.,
           0., 1.]]]], device='cuda:0'), tensor([[0.9365]], device='cuda:0'))
2026-01-08 17:18:48 - INFO - [ 0.9974655  -0.03726701  0.00363865  0.01544607  0.00363866  0.01544606
  0.6881099  -0.47175947]
2026-01-08 17:18:48 - INFO - (tensor([[[[0., 1., 0., 0., 0., 1., 0., 0., 0., 1., 0., 0., 0., 0., 1., 0., 1.,
           1., 1.],
          [0., 1., 0., 1., 1., 1., 1., 1., 1., 1., 1., 0., 0., 1., 1., 1., 0.,
           1., 0.],
          [0., 0., 0., 0., 1., 1., 1., 1., 1., 0., 1., 1., 0., 1., 0., 1., 0.,
           1., 1.],
          [0., 0., 0., 0., 0., 0., 0., 0., 1., 1., 0., 1., 1., 1., 1., 0., 1.,
           0., 1.],
          [1., 1., 0., 1., 0., 1., 0., 1., 0., 0., 1., 0., 1., 1., 1., 1., 1.,
           1., 1.],
          [1., 1., 1., 1., 0., 0., 1., 1., 1., 1., 1., 1., 1., 1., 0., 1., 0.,
           1., 1.],
          [0., 1., 0., 1., 1., 0., 1., 0., 1., 0., 0., 1., 1., 0., 1., 1., 1.,
           0., 0.],
          [0., 0., 0., 0., 0., 0., 0., 1., 0., 1., 1., 1., 0., 0., 0., 0., 1.,
           0., 0.],
          [0., 0., 0., 1., 0., 1., 0., 1., 0., 0., 1., 1., 1., 0., 1., 0., 0.,
           1., 1.],
          [1., 0., 1., 1., 1., 0., 0., 0., 0., 0., 0., 1., 0., 0., 0., 1., 0.,
           0., 1.],
          [0., 0., 0., 0., 0., 1., 1., 1., 0., 0., 0., 1., 0., 0., 1., 0., 1.,
           1., 1.],
          [0., 0., 0., 0., 0., 0., 0., 1., 0., 1., 0., 0., 0., 1., 1., 1., 1.,
           0., 1.],
          [0., 0., 1., 1., 1., 1., 1., 1., 1., 1., 0., 1., 1., 0., 1., 0., 0.,
           1., 0.],
          [0., 0., 0., 1., 0., 1., 0., 0., 0., 0., 1., 1., 0., 0., 1., 0., 0.,
           0., 1.],
          [1., 1., 0., 0., 1., 1., 1., 1., 0., 1., 0., 1., 0., 1., 1., 1., 1.,
           0., 1.],
          [0., 0., 0., 0., 1., 0., 0., 0., 1., 1., 1., 1., 0., 0., 1., 0., 0.,
           0., 1.],
          [1., 0., 1., 1., 1., 1., 1., 0., 1., 0., 0., 1., 0., 0., 0., 1., 1.,
           0., 1.],
          [1., 1., 1., 0., 0., 1., 1., 0., 0., 1., 0., 1., 1., 0., 0., 1., 1.,
           0., 1.],
          [0., 1., 0., 0., 0., 1., 1., 0., 1., 0., 0., 1., 1., 0., 1., 1., 0.,
           0., 1.]]]], device='cuda:0'), tensor([[0.9398]], device='cuda:0'))
2026-01-08 17:18:48 - INFO - [ 0.9974702  -0.03738218  0.00365637  0.01550057  0.00365639  0.01550056
  0.6872401  -0.47302714]
2026-01-08 17:18:48 - INFO - (tensor([[[[0., 1., 0., 0., 0., 1., 0., 0., 0., 1., 0., 0., 0., 0., 1., 0., 1.,
           1., 1.],
          [0., 1., 0., 1., 1., 1., 1., 1., 1., 1., 1., 0., 0., 1., 1., 1., 0.,
           1., 0.],
          [0., 0., 0., 0., 1., 1., 1., 1., 1., 0., 1., 1., 0., 1., 0., 1., 0.,
           1., 1.],
          [0., 0., 0., 0., 0., 0., 0., 0., 1., 1., 0., 1., 1., 1., 1., 0., 1.,
           0., 1.],
          [1., 1., 0., 1., 0., 1., 0., 1., 0., 0., 1., 0., 1., 1., 1., 1., 1.,
           1., 1.],
          [1., 1., 1., 1., 0., 0., 1., 1., 1., 1., 1., 1., 1., 1., 0., 1., 0.,
           1., 1.],
          [0., 1., 0., 1., 1., 0., 1., 0., 1., 0., 0., 1., 1., 0., 1., 1., 1.,
           0., 0.],
          [0., 0., 0., 0., 0., 0., 0., 1., 0., 1., 1., 1., 0., 0., 0., 0., 1.,
           0., 0.],
          [0., 0., 0., 1., 0., 1., 0., 1., 0., 0., 1., 1., 1., 0., 1., 0., 0.,
           1., 1.],
          [1., 0., 1., 1., 1., 0., 0., 0., 0., 0., 0., 1., 0., 0., 0., 1., 0.,
           0., 1.],
          [0., 0., 0., 0., 0., 1., 1., 1., 0., 0., 0., 1., 0., 0., 1., 0., 1.,
           1., 1.],
          [0., 0., 0., 0., 0., 0., 0., 1., 0., 1., 0., 0., 0., 1., 1., 1., 1.,
           0., 1.],
          [0., 0., 1., 1., 1., 1., 1., 1., 1., 1., 0., 1., 1., 0., 1., 0., 0.,
           1., 0.],
          [0., 0., 0., 1., 0., 1., 0., 0., 0., 0., 1., 1., 0., 0., 1., 0., 0.,
           0., 1.],
          [1., 1., 0., 0., 1., 1., 1., 1., 0., 1., 0., 1., 0., 1., 1., 1., 1.,
           0., 1.],
          [0., 0., 0., 0., 1., 0., 0., 0., 1., 1., 1., 1., 0., 0., 1., 0., 0.,
           0., 1.],
          [1., 0., 1., 1., 1., 1., 1., 0., 1., 0., 0., 1., 0., 0., 0., 1., 1.,
           0., 1.],
          [1., 1., 1., 0., 0., 1., 1., 0., 0., 1., 0., 1., 1., 0., 0., 1., 1.,
           0., 1.],
          [0., 1., 0., 0., 0., 1., 1., 0., 1., 0., 0., 1., 1., 0., 1., 1., 0.,
           0., 1.]]]], device='cuda:0'), tensor([[0.9431]], device='cuda:0'))
2026-01-08 17:18:48 - INFO - [ 0.99747396 -0.03754602  0.00368347  0.01557879  0.00368348  0.01557879
  0.68616855 -0.4746237 ]
2026-01-08 17:18:48 - INFO - (tensor([[[[0., 1., 0., 0., 0., 1., 0., 0., 0., 1., 0., 0., 0., 0., 1., 0., 1.,
           1., 1.],
          [0., 1., 0., 1., 1., 1., 1., 1., 1., 1., 1., 0., 0., 1., 1., 1., 0.,
           1., 0.],
          [0., 0., 0., 0., 1., 1., 1., 1., 1., 0., 1., 1., 0., 1., 0., 1., 0.,
           1., 1.],
          [0., 0., 0., 0., 0., 0., 0., 0., 1., 1., 0., 1., 1., 1., 1., 0., 1.,
           0., 1.],
          [1., 1., 0., 1., 0., 1., 0., 1., 0., 0., 1., 0., 1., 1., 1., 1., 1.,
           1., 1.],
          [1., 1., 1., 1., 0., 0., 1., 1., 1., 1., 1., 1., 1., 1., 0., 1., 0.,
           1., 1.],
          [0., 1., 0., 1., 1., 0., 1., 0., 1., 0., 0., 1., 1., 0., 1., 1., 1.,
           0., 0.],
          [0., 0., 0., 0., 0., 0., 0., 1., 0., 1., 1., 1., 0., 0., 0., 0., 1.,
           0., 0.],
          [0., 0., 0., 1., 0., 1., 0., 1., 0., 0., 1., 1., 1., 0., 1., 0., 0.,
           1., 1.],
          [1., 0., 1., 1., 1., 0., 0., 0., 0., 0., 0., 1., 0., 0., 0., 1., 0.,
           0., 1.],
          [0., 0., 0., 0., 0., 1., 1., 1., 0., 0., 0., 1., 0., 0., 1., 0., 1.,
           1., 1.],
          [0., 0., 0., 0., 0., 0., 0., 1., 0., 1., 0., 0., 0., 1., 1., 1., 1.,
           0., 1.],
          [0., 0., 1., 1., 1., 1., 1., 1., 1., 1., 0., 1., 1., 0., 1., 0., 0.,
           1., 0.],
          [0., 0., 0., 1., 0., 1., 0., 0., 0., 0., 1., 1., 0., 0., 1., 0., 0.,
           0., 1.],
          [1., 1., 0., 0., 1., 1., 1., 1., 0., 1., 0., 1., 0., 1., 1., 1., 1.,
           0., 1.],
          [0., 0., 0., 0., 1., 0., 0., 0., 1., 1., 1., 1., 0., 0., 1., 0., 0.,
           0., 1.],
          [1., 0., 1., 1., 1., 1., 1., 0., 1., 0., 0., 1., 0., 0., 0., 1., 1.,
           0., 1.],
          [1., 1., 1., 0., 0., 1., 1., 0., 0., 1., 0., 1., 1., 0., 0., 1., 1.,
           0., 1.],
          [0., 1., 0., 0., 0., 1., 1., 0., 1., 0., 0., 1., 1., 0., 1., 1., 0.,
           0., 1.]]]], device='cuda:0'), tensor([[0.9465]], device='cuda:0'))
2026-01-08 17:18:48 - INFO - [ 0.9974762  -0.03773223  0.0037156   0.01567061  0.0037156   0.01567061
  0.6849817  -0.47638786]
2026-01-08 17:18:48 - INFO - (tensor([[[[0., 1., 0., 0., 0., 1., 0., 0., 0., 1., 0., 0., 0., 0., 1., 0., 1.,
           1., 1.],
          [0., 1., 0., 1., 1., 1., 1., 1., 1., 1., 1., 0., 0., 1., 1., 1., 0.,
           1., 0.],
          [0., 0., 0., 0., 1., 1., 1., 1., 1., 0., 1., 1., 0., 1., 0., 1., 0.,
           1., 1.],
          [0., 0., 0., 0., 0., 0., 0., 0., 1., 1., 0., 1., 1., 1., 1., 0., 1.,
           0., 1.],
          [1., 1., 0., 1., 0., 1., 0., 1., 0., 0., 1., 0., 1., 1., 1., 1., 1.,
           1., 1.],
          [1., 1., 1., 1., 0., 0., 1., 1., 1., 1., 1., 1., 1., 1., 0., 1., 0.,
           1., 1.],
          [0., 1., 0., 1., 1., 0., 1., 0., 1., 0., 0., 1., 1., 0., 1., 1., 1.,
           0., 0.],
          [0., 0., 0., 0., 0., 0., 0., 1., 0., 1., 1., 1., 0., 0., 0., 0., 1.,
           0., 0.],
          [0., 0., 0., 1., 0., 1., 0., 1., 0., 0., 1., 1., 1., 0., 1., 0., 0.,
           1., 1.],
          [1., 0., 1., 1., 1., 0., 0., 0., 0., 0., 0., 1., 0., 0., 0., 1., 0.,
           0., 1.],
          [0., 0., 0., 0., 0., 1., 1., 1., 0., 0., 0., 1., 0., 0., 1., 0., 1.,
           1., 1.],
          [0., 0., 0., 0., 0., 0., 0., 1., 0., 1., 0., 0., 0., 1., 1., 1., 1.,
           0., 1.],
          [0., 0., 1., 1., 1., 1., 1., 1., 1., 1., 0., 1., 1., 0., 1., 0., 0.,
           1., 0.],
          [0., 0., 0., 1., 0., 1., 0., 0., 0., 0., 1., 1., 0., 0., 1., 0., 0.,
           0., 1.],
          [1., 1., 0., 0., 1., 1., 1., 1., 0., 1., 0., 1., 0., 1., 1., 1., 1.,
           0., 1.],
          [0., 0., 0., 0., 1., 0., 0., 0., 1., 1., 1., 1., 0., 0., 1., 0., 0.,
           0., 1.],
          [1., 0., 1., 1., 1., 1., 1., 0., 1., 0., 0., 1., 0., 0., 0., 1., 1.,
           0., 1.],
          [1., 1., 1., 0., 0., 1., 1., 0., 0., 1., 0., 1., 1., 0., 0., 1., 1.,
           0., 1.],
          [0., 1., 0., 0., 0., 1., 1., 0., 1., 0., 0., 1., 1., 0., 1., 1., 0.,
           0., 1.]]]], device='cuda:0'), tensor([[0.9498]], device='cuda:0'))
2026-01-08 17:18:48 - INFO - [ 0.99747735 -0.03790469  0.00374445  0.01575366  0.00374443  0.01575366
  0.6837385  -0.4782014 ]
2026-01-08 17:18:48 - INFO - (tensor([[[[0., 1., 0., 0., 0., 1., 0., 0., 0., 1., 0., 0., 0., 0., 1., 0., 1.,
           1., 1.],
          [0., 1., 0., 1., 1., 1., 1., 1., 1., 1., 1., 0., 0., 1., 1., 1., 0.,
           1., 0.],
          [0., 0., 0., 0., 1., 1., 1., 1., 1., 0., 1., 1., 0., 1., 0., 1., 0.,
           1., 1.],
          [0., 0., 0., 0., 0., 0., 0., 0., 1., 1., 0., 1., 1., 1., 1., 0., 1.,
           0., 1.],
          [1., 1., 0., 1., 0., 1., 0., 1., 0., 0., 1., 0., 1., 1., 1., 1., 1.,
           1., 1.],
          [1., 1., 1., 1., 0., 0., 1., 1., 1., 1., 1., 1., 1., 1., 0., 1., 0.,
           1., 1.],
          [0., 1., 0., 1., 1., 0., 1., 0., 1., 0., 0., 1., 1., 0., 1., 1., 1.,
           0., 0.],
          [0., 0., 0., 0., 0., 0., 0., 1., 0., 1., 1., 1., 0., 0., 0., 0., 1.,
           0., 0.],
          [0., 0., 0., 1., 0., 1., 0., 1., 0., 0., 1., 1., 1., 0., 1., 0., 0.,
           1., 1.],
          [1., 0., 1., 1., 1., 0., 0., 0., 0., 0., 0., 1., 0., 0., 0., 1., 0.,
           0., 1.],
          [0., 0., 0., 0., 0., 1., 1., 1., 0., 0., 0., 1., 0., 0., 1., 0., 1.,
           1., 1.],
          [0., 0., 0., 0., 0., 0., 0., 1., 0., 1., 0., 0., 0., 1., 1., 1., 1.,
           0., 1.],
          [0., 0., 1., 1., 1., 1., 1., 1., 1., 1., 0., 1., 1., 0., 1., 0., 0.,
           1., 0.],
          [0., 0., 0., 1., 0., 1., 0., 0., 0., 0., 1., 1., 0., 0., 1., 0., 0.,
           0., 1.],
          [1., 1., 0., 0., 1., 1., 1., 1., 0., 1., 0., 1., 0., 1., 1., 1., 1.,
           0., 1.],
          [0., 0., 0., 0., 1., 0., 0., 0., 1., 1., 1., 1., 0., 0., 1., 0., 0.,
           0., 1.],
          [1., 0., 1., 1., 1., 1., 1., 0., 1., 0., 0., 1., 0., 0., 0., 1., 1.,
           0., 1.],
          [1., 1., 1., 0., 0., 1., 1., 0., 0., 1., 0., 1., 1., 0., 0., 1., 1.,
           0., 1.],
          [0., 1., 0., 0., 0., 1., 1., 0., 1., 0., 0., 1., 1., 0., 1., 1., 0.,
           0., 1.]]]], device='cuda:0'), tensor([[0.9532]], device='cuda:0'))
2026-01-08 17:18:48 - INFO - [ 0.99748045 -0.03801039  0.00375501  0.01578982  0.003755    0.0157898
  0.6826065  -0.47980806]
2026-01-08 17:18:48 - INFO - (tensor([[[[0., 1., 0., 0., 0., 1., 0., 0., 0., 1., 0., 0., 0., 0., 1., 0., 1.,
           1., 1.],
          [0., 1., 0., 1., 1., 1., 1., 1., 1., 1., 1., 0., 0., 1., 1., 1., 0.,
           1., 0.],
          [0., 0., 0., 0., 1., 1., 1., 1., 1., 0., 1., 1., 0., 1., 0., 1., 0.,
           1., 1.],
          [0., 0., 0., 0., 0., 0., 0., 0., 1., 1., 0., 1., 1., 1., 1., 0., 1.,
           0., 1.],
          [1., 1., 0., 1., 0., 1., 0., 1., 0., 0., 1., 0., 1., 1., 1., 1., 1.,
           1., 1.],
          [1., 1., 1., 1., 0., 0., 1., 1., 1., 1., 1., 1., 1., 1., 0., 1., 0.,
           1., 1.],
          [0., 1., 0., 1., 1., 0., 1., 0., 1., 0., 0., 1., 1., 0., 1., 1., 1.,
           0., 0.],
          [0., 0., 0., 0., 0., 0., 0., 1., 0., 1., 1., 1., 0., 0., 0., 0., 1.,
           0., 0.],
          [0., 0., 0., 1., 0., 1., 0., 1., 0., 0., 1., 1., 1., 0., 1., 0., 0.,
           1., 1.],
          [1., 0., 1., 1., 1., 0., 0., 0., 0., 0., 0., 1., 0., 0., 0., 1., 0.,
           0., 1.],
          [0., 0., 0., 0., 0., 1., 1., 1., 0., 0., 0., 1., 0., 0., 1., 0., 1.,
           1., 1.],
          [0., 0., 0., 0., 0., 0., 0., 1., 0., 1., 0., 0., 0., 1., 1., 1., 1.,
           0., 1.],
          [0., 0., 1., 1., 1., 1., 1., 1., 1., 1., 0., 1., 1., 0., 1., 0., 0.,
           1., 0.],
          [0., 0., 0., 1., 0., 1., 0., 0., 0., 0., 1., 1., 0., 0., 1., 0., 0.,
           0., 1.],
          [1., 1., 0., 0., 1., 1., 1., 1., 0., 1., 0., 1., 0., 1., 1., 1., 1.,
           0., 1.],
          [0., 0., 0., 0., 1., 0., 0., 0., 1., 1., 1., 1., 0., 0., 1., 0., 0.,
           0., 1.],
          [1., 0., 1., 1., 1., 1., 1., 0., 1., 0., 0., 1., 0., 0., 0., 1., 1.,
           0., 1.],
          [1., 1., 1., 0., 0., 1., 1., 0., 0., 1., 0., 1., 1., 0., 0., 1., 1.,
           0., 1.],
          [0., 1., 0., 0., 0., 1., 1., 0., 1., 0., 0., 1., 1., 0., 1., 1., 0.,
           0., 1.]]]], device='cuda:0'), tensor([[0.9565]], device='cuda:0'))
2026-01-08 17:18:48 - INFO - [ 0.9974853  -0.03808906  0.00376082  0.01581287  0.00376084  0.01581286
  0.681587   -0.48120734]
2026-01-08 17:18:48 - INFO - (tensor([[[[0., 1., 0., 0., 0., 1., 0., 0., 0., 1., 0., 0., 0., 0., 1., 0., 1.,
           1., 1.],
          [0., 1., 0., 1., 1., 1., 1., 1., 1., 1., 1., 0., 0., 1., 1., 1., 0.,
           1., 0.],
          [0., 0., 0., 0., 1., 1., 1., 1., 1., 0., 1., 1., 0., 1., 0., 1., 0.,
           1., 1.],
          [0., 0., 0., 0., 0., 0., 0., 0., 1., 1., 0., 1., 1., 1., 1., 0., 1.,
           0., 1.],
          [1., 1., 0., 1., 0., 1., 0., 1., 0., 0., 1., 0., 1., 1., 1., 1., 1.,
           1., 1.],
          [1., 1., 1., 1., 0., 0., 1., 1., 1., 1., 1., 1., 1., 1., 0., 1., 0.,
           1., 1.],
          [0., 1., 0., 1., 1., 0., 1., 0., 1., 0., 0., 1., 1., 0., 1., 1., 1.,
           0., 0.],
          [0., 0., 0., 0., 0., 0., 0., 1., 0., 1., 1., 1., 0., 0., 0., 0., 1.,
           0., 0.],
          [0., 0., 0., 1., 0., 1., 0., 1., 0., 0., 1., 1., 1., 0., 1., 0., 0.,
           1., 1.],
          [1., 0., 1., 1., 1., 0., 0., 0., 0., 0., 0., 1., 0., 0., 0., 1., 0.,
           0., 1.],
          [0., 0., 0., 0., 0., 1., 1., 1., 0., 0., 0., 1., 0., 0., 1., 0., 1.,
           1., 1.],
          [0., 0., 0., 0., 0., 0., 0., 1., 0., 1., 0., 0., 0., 1., 1., 1., 1.,
           0., 1.],
          [0., 0., 1., 1., 1., 1., 1., 1., 1., 1., 0., 1., 1., 0., 1., 0., 0.,
           1., 0.],
          [0., 0., 0., 1., 0., 1., 0., 0., 0., 0., 1., 1., 0., 0., 1., 0., 0.,
           0., 1.],
          [1., 1., 0., 0., 1., 1., 1., 1., 0., 1., 0., 1., 0., 1., 1., 1., 1.,
           0., 1.],
          [0., 0., 0., 0., 1., 0., 0., 0., 1., 1., 1., 1., 0., 0., 1., 0., 0.,
           0., 1.],
          [1., 0., 1., 1., 1., 1., 1., 0., 1., 0., 0., 1., 0., 0., 0., 1., 1.,
           0., 1.],
          [1., 1., 1., 0., 0., 1., 1., 0., 0., 1., 0., 1., 1., 0., 0., 1., 1.,
           0., 1.],
          [0., 1., 0., 0., 0., 1., 1., 0., 1., 0., 0., 1., 1., 0., 1., 1., 0.,
           0., 1.]]]], device='cuda:0'), tensor([[0.9599]], device='cuda:0'))
2026-01-08 17:18:48 - INFO - [ 0.9974902  -0.03818646  0.00376766  0.01584371  0.00376765  0.0158437
  0.6805017  -0.48269847]
2026-01-08 17:18:48 - INFO - (tensor([[[[0., 1., 0., 0., 0., 1., 0., 0., 0., 1., 0., 0., 0., 0., 1., 0., 1.,
           1., 1.],
          [0., 1., 0., 1., 1., 1., 1., 1., 1., 1., 1., 0., 0., 1., 1., 1., 0.,
           1., 0.],
          [0., 0., 0., 0., 1., 1., 1., 1., 1., 0., 1., 1., 0., 1., 0., 1., 0.,
           1., 1.],
          [0., 0., 0., 0., 0., 0., 0., 0., 1., 1., 0., 1., 1., 1., 1., 0., 1.,
           0., 1.],
          [1., 1., 0., 1., 0., 1., 0., 1., 0., 0., 1., 0., 1., 1., 1., 1., 1.,
           1., 1.],
          [1., 1., 1., 1., 0., 0., 1., 1., 1., 1., 1., 1., 1., 1., 0., 1., 0.,
           1., 1.],
          [0., 1., 0., 1., 1., 0., 1., 0., 1., 0., 0., 1., 1., 0., 1., 1., 1.,
           0., 0.],
          [0., 0., 0., 0., 0., 0., 0., 1., 0., 1., 1., 1., 0., 0., 0., 0., 1.,
           0., 0.],
          [0., 0., 0., 1., 0., 1., 0., 1., 0., 0., 1., 1., 1., 0., 1., 0., 0.,
           1., 1.],
          [1., 0., 1., 1., 1., 0., 0., 0., 0., 0., 0., 1., 0., 0., 0., 1., 0.,
           0., 1.],
          [0., 0., 0., 0., 0., 1., 1., 1., 0., 0., 0., 1., 0., 0., 1., 0., 1.,
           1., 1.],
          [0., 0., 0., 0., 0., 0., 0., 1., 0., 1., 0., 0., 0., 1., 1., 1., 1.,
           0., 1.],
          [0., 0., 1., 1., 1., 1., 1., 1., 1., 1., 0., 1., 1., 0., 1., 0., 0.,
           1., 0.],
          [0., 0., 0., 1., 0., 1., 0., 0., 0., 0., 1., 1., 0., 0., 1., 0., 0.,
           0., 1.],
          [1., 1., 0., 0., 1., 1., 1., 1., 0., 1., 0., 1., 0., 1., 1., 1., 1.,
           0., 1.],
          [0., 0., 0., 0., 1., 0., 0., 0., 1., 1., 1., 1., 0., 0., 1., 0., 0.,
           0., 1.],
          [1., 0., 1., 1., 1., 1., 1., 0., 1., 0., 0., 1., 0., 0., 0., 1., 1.,
           0., 1.],
          [1., 1., 1., 0., 0., 1., 1., 0., 0., 1., 0., 1., 1., 0., 0., 1., 1.,
           0., 1.],
          [0., 1., 0., 0., 0., 1., 1., 0., 1., 0., 0., 1., 1., 0., 1., 1., 0.,
           0., 1.]]]], device='cuda:0'), tensor([[0.9632]], device='cuda:0'))
2026-01-08 17:18:48 - INFO - [ 0.9974947  -0.0383363   0.00378061  0.01589946  0.00378062  0.01589947
  0.6792227  -0.484493  ]
2026-01-08 17:18:48 - INFO - (tensor([[[[0., 1., 0., 0., 0., 1., 0., 0., 0., 1., 0., 0., 0., 0., 1., 0., 1.,
           1., 1.],
          [0., 1., 0., 1., 1., 1., 1., 1., 1., 1., 1., 0., 0., 1., 1., 1., 0.,
           1., 0.],
          [0., 0., 0., 0., 1., 1., 1., 1., 1., 0., 1., 1., 0., 1., 0., 1., 0.,
           1., 1.],
          [0., 0., 0., 0., 0., 0., 0., 0., 1., 1., 0., 1., 1., 1., 1., 0., 1.,
           0., 1.],
          [1., 1., 0., 1., 0., 1., 0., 1., 0., 0., 1., 0., 1., 1., 1., 1., 1.,
           1., 1.],
          [1., 1., 1., 1., 0., 0., 1., 1., 1., 1., 1., 1., 1., 1., 0., 1., 0.,
           1., 1.],
          [0., 1., 0., 1., 1., 0., 1., 0., 1., 0., 0., 1., 1., 0., 1., 1., 1.,
           0., 0.],
          [0., 0., 0., 0., 0., 0., 0., 1., 0., 1., 1., 1., 0., 0., 0., 0., 1.,
           0., 0.],
          [0., 0., 0., 1., 0., 1., 0., 1., 0., 0., 1., 1., 1., 0., 1., 0., 0.,
           1., 1.],
          [1., 0., 1., 1., 1., 0., 0., 0., 0., 0., 0., 1., 0., 0., 0., 1., 0.,
           0., 1.],
          [0., 0., 0., 0., 0., 1., 1., 1., 0., 0., 0., 1., 0., 0., 1., 0., 1.,
           1., 1.],
          [0., 0., 0., 0., 0., 0., 0., 1., 0., 1., 0., 0., 0., 1., 1., 1., 1.,
           0., 1.],
          [0., 0., 1., 1., 1., 1., 1., 1., 1., 1., 0., 1., 1., 0., 1., 0., 0.,
           1., 0.],
          [0., 0., 0., 1., 0., 1., 0., 0., 0., 0., 1., 1., 0., 0., 1., 0., 0.,
           0., 1.],
          [1., 1., 0., 0., 1., 1., 1., 1., 0., 1., 0., 1., 0., 1., 1., 1., 1.,
           0., 1.],
          [0., 0., 0., 0., 1., 0., 0., 0., 1., 1., 1., 1., 0., 0., 1., 0., 0.,
           0., 1.],
          [1., 0., 1., 1., 1., 1., 1., 0., 1., 0., 0., 1., 0., 0., 0., 1., 1.,
           0., 1.],
          [1., 1., 1., 0., 0., 1., 1., 0., 0., 1., 0., 1., 1., 0., 0., 1., 1.,
           0., 1.],
          [0., 1., 0., 0., 0., 1., 1., 0., 1., 0., 0., 1., 1., 0., 1., 1., 0.,
           0., 1.]]]], device='cuda:0'), tensor([[0.9666]], device='cuda:0'))
2026-01-08 17:18:48 - INFO - [ 0.99749905 -0.03849361  0.00379514  0.01596097  0.00379513  0.01596097
  0.67789185 -0.48634923]
2026-01-08 17:18:48 - INFO - (tensor([[[[0., 1., 0., 0., 0., 1., 0., 0., 0., 1., 0., 0., 0., 0., 1., 0., 1.,
           1., 1.],
          [0., 1., 0., 1., 1., 1., 1., 1., 1., 1., 1., 0., 0., 1., 1., 1., 0.,
           1., 0.],
          [0., 0., 0., 0., 1., 1., 1., 1., 1., 0., 1., 1., 0., 1., 0., 1., 0.,
           1., 1.],
          [0., 0., 0., 0., 0., 0., 0., 0., 1., 1., 0., 1., 1., 1., 1., 0., 1.,
           0., 1.],
          [1., 1., 0., 1., 0., 1., 0., 1., 0., 0., 1., 0., 1., 1., 1., 1., 1.,
           1., 1.],
          [1., 1., 1., 1., 0., 0., 1., 1., 1., 1., 1., 1., 1., 1., 0., 1., 0.,
           1., 1.],
          [0., 1., 0., 1., 1., 0., 1., 0., 1., 0., 0., 1., 1., 0., 1., 1., 1.,
           0., 0.],
          [0., 0., 0., 0., 0., 0., 0., 1., 0., 1., 1., 1., 0., 0., 0., 0., 1.,
           0., 0.],
          [0., 0., 0., 1., 0., 1., 0., 1., 0., 0., 1., 1., 1., 0., 1., 0., 0.,
           1., 1.],
          [1., 0., 1., 1., 1., 0., 0., 0., 0., 0., 0., 1., 0., 0., 0., 1., 0.,
           0., 1.],
          [0., 0., 0., 0., 0., 1., 1., 1., 0., 0., 0., 1., 0., 0., 1., 0., 1.,
           1., 1.],
          [0., 0., 0., 0., 0., 0., 0., 1., 0., 1., 0., 0., 0., 1., 1., 1., 1.,
           0., 1.],
          [0., 0., 1., 1., 1., 1., 1., 1., 1., 1., 0., 1., 1., 0., 1., 0., 0.,
           1., 0.],
          [0., 0., 0., 1., 0., 1., 0., 0., 0., 0., 1., 1., 0., 0., 1., 0., 0.,
           0., 1.],
          [1., 1., 0., 0., 1., 1., 1., 1., 0., 1., 0., 1., 0., 1., 1., 1., 1.,
           0., 1.],
          [0., 0., 0., 0., 1., 0., 0., 0., 1., 1., 1., 1., 0., 0., 1., 0., 0.,
           0., 1.],
          [1., 0., 1., 1., 1., 1., 1., 0., 1., 0., 0., 1., 0., 0., 0., 1., 1.,
           0., 1.],
          [1., 1., 1., 0., 0., 1., 1., 0., 0., 1., 0., 1., 1., 0., 0., 1., 1.,
           0., 1.],
          [0., 1., 0., 0., 0., 1., 1., 0., 1., 0., 0., 1., 1., 0., 1., 1., 0.,
           0., 1.]]]], device='cuda:0'), tensor([[0.9699]], device='cuda:0'))
2026-01-08 17:18:48 - INFO - [ 0.9975029  -0.03865378  0.00381176  0.016027    0.00381175  0.01602701
  0.67651594 -0.488232  ]
2026-01-08 17:18:48 - INFO - (tensor([[[[0., 1., 0., 0., 0., 1., 0., 0., 0., 1., 0., 0., 0., 0., 1., 0., 1.,
           1., 1.],
          [0., 1., 0., 1., 1., 1., 1., 1., 1., 1., 1., 0., 0., 1., 1., 1., 0.,
           1., 0.],
          [0., 0., 0., 0., 1., 1., 1., 1., 1., 0., 1., 1., 0., 1., 0., 1., 0.,
           1., 1.],
          [0., 0., 0., 0., 0., 0., 0., 0., 1., 1., 0., 1., 1., 1., 1., 0., 1.,
           0., 1.],
          [1., 1., 0., 1., 0., 1., 0., 1., 0., 0., 1., 0., 1., 1., 1., 1., 1.,
           1., 1.],
          [1., 1., 1., 1., 0., 0., 1., 1., 1., 1., 1., 1., 1., 1., 0., 1., 0.,
           1., 1.],
          [0., 1., 0., 1., 1., 0., 1., 0., 1., 0., 0., 1., 1., 0., 1., 1., 1.,
           0., 0.],
          [0., 0., 0., 0., 0., 0., 0., 1., 0., 1., 1., 1., 0., 0., 0., 0., 1.,
           0., 0.],
          [0., 0., 0., 1., 0., 1., 0., 1., 0., 0., 1., 1., 1., 0., 1., 0., 0.,
           1., 1.],
          [1., 0., 1., 1., 1., 0., 0., 0., 0., 0., 0., 1., 0., 0., 0., 1., 0.,
           0., 1.],
          [0., 0., 0., 0., 0., 1., 1., 1., 0., 0., 0., 1., 0., 0., 1., 0., 1.,
           1., 1.],
          [0., 0., 0., 0., 0., 0., 0., 1., 0., 1., 0., 0., 0., 1., 1., 1., 1.,
           0., 1.],
          [0., 0., 1., 1., 1., 1., 1., 1., 1., 1., 0., 1., 1., 0., 1., 0., 0.,
           1., 0.],
          [0., 0., 0., 1., 0., 1., 0., 0., 0., 0., 1., 1., 0., 0., 1., 0., 0.,
           0., 1.],
          [1., 1., 0., 0., 1., 1., 1., 1., 0., 1., 0., 1., 0., 1., 1., 1., 1.,
           0., 1.],
          [0., 0., 0., 0., 1., 0., 0., 0., 1., 1., 1., 1., 0., 0., 1., 0., 0.,
           0., 1.],
          [1., 0., 1., 1., 1., 1., 1., 0., 1., 0., 0., 1., 0., 0., 0., 1., 1.,
           0., 1.],
          [1., 1., 1., 0., 0., 1., 1., 0., 0., 1., 0., 1., 1., 0., 0., 1., 1.,
           0., 1.],
          [0., 1., 0., 0., 0., 1., 1., 0., 1., 0., 0., 1., 1., 0., 1., 1., 0.,
           0., 1.]]]], device='cuda:0'), tensor([[0.9732]], device='cuda:0'))
2026-01-08 17:18:48 - INFO - [ 0.9975066  -0.03881606  0.00383038  0.0160971   0.00383037  0.0160971
  0.6750706  -0.4901497 ]
2026-01-08 17:18:48 - INFO - (tensor([[[[0., 1., 0., 0., 0., 1., 0., 0., 0., 1., 0., 0., 0., 0., 1., 0., 1.,
           1., 1.],
          [0., 1., 0., 1., 1., 1., 1., 1., 1., 1., 1., 0., 0., 1., 1., 1., 0.,
           1., 0.],
          [0., 0., 0., 0., 1., 1., 1., 1., 1., 0., 1., 1., 0., 1., 0., 1., 0.,
           1., 1.],
          [0., 0., 0., 0., 0., 0., 0., 0., 1., 1., 0., 1., 1., 1., 1., 0., 1.,
           0., 1.],
          [1., 1., 0., 1., 0., 1., 0., 1., 0., 0., 1., 0., 1., 1., 1., 1., 1.,
           1., 1.],
          [1., 1., 1., 1., 0., 0., 1., 1., 1., 1., 1., 1., 1., 1., 0., 1., 0.,
           1., 1.],
          [0., 1., 0., 1., 1., 0., 1., 0., 1., 0., 0., 1., 1., 0., 1., 1., 1.,
           0., 0.],
          [0., 0., 0., 0., 0., 0., 0., 1., 0., 1., 1., 1., 0., 0., 0., 0., 1.,
           0., 0.],
          [0., 0., 0., 1., 0., 1., 0., 1., 0., 0., 1., 1., 1., 0., 1., 0., 0.,
           1., 1.],
          [1., 0., 1., 1., 1., 0., 0., 0., 0., 0., 0., 1., 0., 0., 0., 1., 0.,
           0., 1.],
          [0., 0., 0., 0., 0., 1., 1., 1., 0., 0., 0., 1., 0., 0., 1., 0., 1.,
           1., 1.],
          [0., 0., 0., 0., 0., 0., 0., 1., 0., 1., 0., 0., 0., 1., 1., 1., 1.,
           0., 1.],
          [0., 0., 1., 1., 1., 1., 1., 1., 1., 1., 0., 1., 1., 0., 1., 0., 0.,
           1., 0.],
          [0., 0., 0., 1., 0., 1., 0., 0., 0., 0., 1., 1., 0., 0., 1., 0., 0.,
           0., 1.],
          [1., 1., 0., 0., 1., 1., 1., 1., 0., 1., 0., 1., 0., 1., 1., 1., 1.,
           0., 1.],
          [0., 0., 0., 0., 1., 0., 0., 0., 1., 1., 1., 1., 0., 0., 1., 0., 0.,
           0., 1.],
          [1., 0., 1., 1., 1., 1., 1., 0., 1., 0., 0., 1., 0., 0., 0., 1., 1.,
           0., 1.],
          [1., 1., 1., 0., 0., 1., 1., 0., 0., 1., 0., 1., 1., 0., 0., 1., 1.,
           0., 1.],
          [0., 1., 0., 0., 0., 1., 1., 0., 1., 0., 0., 1., 1., 0., 1., 1., 0.,
           0., 1.]]]], device='cuda:0'), tensor([[0.9766]], device='cuda:0'))
2026-01-08 17:18:48 - INFO - [ 0.99750423 -0.03889494  0.00383369  0.01609147  0.00383369  0.01609146
  0.67397046 -0.49152032]
2026-01-08 17:18:48 - INFO - (tensor([[[[0., 1., 0., 0., 0., 1., 0., 0., 0., 1., 0., 0., 0., 0., 1., 0., 1.,
           1., 1.],
          [0., 1., 0., 1., 1., 1., 1., 1., 1., 1., 1., 0., 0., 1., 1., 1., 0.,
           1., 0.],
          [0., 0., 0., 0., 1., 1., 1., 1., 1., 0., 1., 1., 0., 1., 0., 1., 0.,
           1., 1.],
          [0., 0., 0., 0., 0., 0., 0., 0., 1., 1., 0., 1., 1., 1., 1., 0., 1.,
           0., 1.],
          [1., 1., 0., 1., 0., 1., 0., 1., 0., 0., 1., 0., 1., 1., 1., 1., 1.,
           1., 1.],
          [1., 1., 1., 1., 0., 0., 1., 1., 1., 1., 1., 1., 1., 1., 0., 1., 0.,
           1., 1.],
          [0., 1., 0., 1., 1., 0., 1., 0., 1., 0., 0., 1., 1., 0., 1., 1., 1.,
           0., 0.],
          [0., 0., 0., 0., 0., 0., 0., 1., 0., 1., 1., 1., 0., 0., 0., 0., 1.,
           0., 0.],
          [0., 0., 0., 1., 0., 1., 0., 1., 0., 0., 1., 1., 1., 0., 1., 0., 0.,
           1., 1.],
          [1., 0., 1., 1., 1., 0., 0., 0., 0., 0., 0., 1., 0., 0., 0., 1., 0.,
           0., 1.],
          [0., 0., 0., 0., 0., 1., 1., 1., 0., 0., 0., 1., 0., 0., 1., 0., 1.,
           1., 1.],
          [0., 0., 0., 0., 0., 0., 0., 1., 0., 1., 0., 0., 0., 1., 1., 1., 1.,
           0., 1.],
          [0., 0., 1., 1., 1., 1., 1., 1., 1., 1., 0., 1., 1., 0., 1., 0., 0.,
           1., 0.],
          [0., 0., 0., 1., 0., 1., 0., 0., 0., 0., 1., 1., 0., 0., 1., 0., 0.,
           0., 1.],
          [1., 1., 0., 0., 1., 1., 1., 1., 0., 1., 0., 1., 0., 1., 1., 1., 1.,
           0., 1.],
          [0., 0., 0., 0., 1., 0., 0., 0., 1., 1., 1., 1., 0., 0., 1., 0., 0.,
           0., 1.],
          [1., 0., 1., 1., 1., 1., 1., 0., 1., 0., 0., 1., 0., 0., 0., 1., 1.,
           0., 1.],
          [1., 1., 1., 0., 0., 1., 1., 0., 0., 1., 0., 1., 1., 0., 0., 1., 1.,
           0., 1.],
          [0., 1., 0., 0., 0., 1., 1., 0., 1., 0., 0., 1., 1., 0., 1., 1., 0.,
           0., 1.]]]], device='cuda:0'), tensor([[0.9799]], device='cuda:0'))
2026-01-08 17:18:48 - INFO - [ 0.9974958  -0.0389134   0.00382628  0.01602731  0.00382628  0.01602731
  0.67288256 -0.4927666 ]
2026-01-08 17:18:48 - INFO - (tensor([[[[0., 1., 0., 0., 0., 1., 0., 0., 0., 1., 0., 0., 0., 0., 1., 0., 1.,
           1., 1.],
          [0., 1., 0., 1., 1., 1., 1., 1., 1., 1., 1., 0., 0., 1., 1., 1., 0.,
           1., 0.],
          [0., 0., 0., 0., 1., 1., 1., 1., 1., 0., 1., 1., 0., 1., 0., 1., 0.,
           1., 1.],
          [0., 0., 0., 0., 0., 0., 0., 0., 1., 1., 0., 1., 1., 1., 1., 0., 1.,
           0., 1.],
          [1., 1., 0., 1., 0., 1., 0., 1., 0., 0., 1., 0., 1., 1., 1., 1., 1.,
           1., 1.],
          [1., 1., 1., 1., 0., 0., 1., 1., 1., 1., 1., 1., 1., 1., 0., 1., 0.,
           1., 1.],
          [0., 1., 0., 1., 1., 0., 1., 0., 1., 0., 0., 1., 1., 0., 1., 1., 1.,
           0., 0.],
          [0., 0., 0., 0., 0., 0., 0., 1., 0., 1., 1., 1., 0., 0., 0., 0., 1.,
           0., 0.],
          [0., 0., 0., 1., 0., 1., 0., 1., 0., 0., 1., 1., 1., 0., 1., 0., 0.,
           1., 1.],
          [1., 0., 1., 1., 1., 0., 0., 0., 0., 0., 0., 1., 0., 0., 0., 1., 0.,
           0., 1.],
          [0., 0., 0., 0., 0., 1., 1., 1., 0., 0., 0., 1., 0., 0., 1., 0., 1.,
           1., 1.],
          [0., 0., 0., 0., 0., 0., 0., 1., 0., 1., 0., 0., 0., 1., 1., 1., 1.,
           0., 1.],
          [0., 0., 1., 1., 1., 1., 1., 1., 1., 1., 0., 1., 1., 0., 1., 0., 0.,
           1., 0.],
          [0., 0., 0., 1., 0., 1., 0., 0., 0., 0., 1., 1., 0., 0., 1., 0., 0.,
           0., 1.],
          [1., 1., 0., 0., 1., 1., 1., 1., 0., 1., 0., 1., 0., 1., 1., 1., 1.,
           0., 1.],
          [0., 0., 0., 0., 1., 0., 0., 0., 1., 1., 1., 1., 0., 0., 1., 0., 0.,
           0., 1.],
          [1., 0., 1., 1., 1., 1., 1., 0., 1., 0., 0., 1., 0., 0., 0., 1., 1.,
           0., 1.],
          [1., 1., 1., 0., 0., 1., 1., 0., 0., 1., 0., 1., 1., 0., 0., 1., 1.,
           0., 1.],
          [0., 1., 0., 0., 0., 1., 1., 0., 1., 0., 0., 1., 1., 0., 1., 1., 0.,
           0., 1.]]]], device='cuda:0'), tensor([[0.9833]], device='cuda:0'))
2026-01-08 17:18:48 - INFO - [ 0.9974803  -0.03891436  0.0038463   0.01593795  0.00384631  0.01593795
  0.6709273  -0.49498346]
2026-01-08 17:18:48 - INFO - (tensor([[[[0., 1., 0., 0., 0., 1., 0., 0., 0., 1., 0., 0., 0., 0., 1., 0., 1.,
           1., 1.],
          [0., 1., 0., 1., 1., 1., 1., 1., 1., 1., 1., 0., 0., 1., 1., 1., 0.,
           1., 0.],
          [0., 0., 0., 0., 1., 1., 1., 1., 1., 0., 1., 1., 0., 1., 0., 1., 0.,
           1., 1.],
          [0., 0., 0., 0., 0., 0., 0., 0., 1., 1., 0., 1., 1., 1., 1., 0., 1.,
           0., 1.],
          [1., 1., 0., 1., 0., 1., 0., 1., 0., 0., 1., 0., 1., 1., 1., 1., 1.,
           1., 1.],
          [1., 1., 1., 1., 0., 0., 1., 1., 1., 1., 1., 1., 1., 1., 0., 1., 0.,
           1., 1.],
          [0., 1., 0., 1., 1., 0., 1., 0., 1., 0., 0., 1., 1., 0., 1., 1., 1.,
           0., 0.],
          [0., 0., 0., 0., 0., 0., 0., 1., 0., 1., 1., 1., 0., 0., 0., 0., 1.,
           0., 0.],
          [0., 0., 0., 1., 0., 1., 0., 1., 0., 0., 1., 1., 1., 0., 1., 0., 0.,
           1., 1.],
          [1., 0., 1., 1., 1., 0., 0., 0., 0., 0., 0., 1., 0., 0., 0., 1., 0.,
           0., 1.],
          [0., 0., 0., 0., 0., 1., 1., 1., 0., 0., 0., 1., 0., 0., 1., 0., 1.,
           1., 1.],
          [0., 0., 0., 0., 0., 0., 0., 1., 0., 1., 0., 0., 0., 1., 1., 1., 1.,
           0., 1.],
          [0., 0., 1., 1., 1., 1., 1., 1., 1., 1., 0., 1., 1., 0., 1., 0., 0.,
           1., 0.],
          [0., 0., 0., 1., 0., 1., 0., 0., 0., 0., 1., 1., 0., 0., 1., 0., 0.,
           0., 1.],
          [1., 1., 0., 0., 1., 1., 1., 1., 0., 1., 0., 1., 0., 1., 1., 1., 1.,
           0., 1.],
          [0., 0., 0., 0., 1., 0., 0., 0., 1., 1., 1., 1., 0., 0., 1., 0., 0.,
           0., 1.],
          [1., 0., 1., 1., 1., 1., 1., 0., 1., 0., 0., 1., 0., 0., 0., 1., 1.,
           0., 1.],
          [1., 1., 1., 0., 0., 1., 1., 0., 0., 1., 0., 1., 1., 0., 0., 1., 1.,
           0., 1.],
          [0., 1., 0., 0., 0., 1., 1., 0., 1., 0., 0., 1., 1., 0., 1., 1., 0.,
           0., 1.]]]], device='cuda:0'), tensor([[0.9866]], device='cuda:0'))
2026-01-08 17:18:48 - INFO - [ 0.99746525 -0.0389427   0.00388952  0.01586122  0.00388951  0.01586122
  0.66895556 -0.4972316 ]
2026-01-08 17:18:48 - INFO - (tensor([[[[0., 1., 0., 0., 0., 1., 0., 0., 0., 1., 0., 0., 0., 0., 1., 0., 1.,
           1., 1.],
          [0., 1., 0., 1., 1., 1., 1., 1., 1., 1., 1., 0., 0., 1., 1., 1., 0.,
           1., 0.],
          [0., 0., 0., 0., 1., 1., 1., 1., 1., 0., 1., 1., 0., 1., 0., 1., 0.,
           1., 1.],
          [0., 0., 0., 0., 0., 0., 0., 0., 1., 1., 0., 1., 1., 1., 1., 0., 1.,
           0., 1.],
          [1., 1., 0., 1., 0., 1., 0., 1., 0., 0., 1., 0., 1., 1., 1., 1., 1.,
           1., 1.],
          [1., 1., 1., 1., 0., 0., 1., 1., 1., 1., 1., 1., 1., 1., 0., 1., 0.,
           1., 1.],
          [0., 1., 0., 1., 1., 0., 1., 0., 1., 0., 0., 1., 1., 0., 1., 1., 1.,
           0., 0.],
          [0., 0., 0., 0., 0., 0., 0., 1., 0., 1., 1., 1., 0., 0., 0., 0., 1.,
           0., 0.],
          [0., 0., 0., 1., 0., 1., 0., 1., 0., 0., 1., 1., 1., 0., 1., 0., 0.,
           1., 1.],
          [1., 0., 1., 1., 1., 0., 0., 0., 0., 0., 0., 1., 0., 0., 0., 1., 0.,
           0., 1.],
          [0., 0., 0., 0., 0., 1., 1., 1., 0., 0., 0., 1., 0., 0., 1., 0., 1.,
           1., 1.],
          [0., 0., 0., 0., 0., 0., 0., 1., 0., 1., 0., 0., 0., 1., 1., 1., 1.,
           0., 1.],
          [0., 0., 1., 1., 1., 1., 1., 1., 1., 1., 0., 1., 1., 0., 1., 0., 0.,
           1., 0.],
          [0., 0., 0., 1., 0., 1., 0., 0., 0., 0., 1., 1., 0., 0., 1., 0., 0.,
           0., 1.],
          [1., 1., 0., 0., 1., 1., 1., 1., 0., 1., 0., 1., 0., 1., 1., 1., 1.,
           0., 1.],
          [0., 0., 0., 0., 1., 0., 0., 0., 1., 1., 1., 1., 0., 0., 1., 0., 0.,
           0., 1.],
          [1., 0., 1., 1., 1., 1., 1., 0., 1., 0., 0., 1., 0., 0., 0., 1., 1.,
           0., 1.],
          [1., 1., 1., 0., 0., 1., 1., 0., 0., 1., 0., 1., 1., 0., 0., 1., 1.,
           0., 1.],
          [0., 1., 0., 0., 0., 1., 1., 0., 1., 0., 0., 1., 1., 0., 1., 1., 0.,
           0., 1.]]]], device='cuda:0'), tensor([[0.9900]], device='cuda:0'))
2026-01-08 17:18:48 - INFO - [ 0.99745035 -0.03897418  0.00393342  0.01578868  0.00393342  0.01578868
  0.6671654  -0.49928764]
2026-01-08 17:18:48 - INFO - (tensor([[[[0., 1., 0., 0., 0., 1., 0., 0., 0., 1., 0., 0., 0., 0., 1., 0., 1.,
           1., 1.],
          [0., 1., 0., 1., 1., 1., 1., 1., 1., 1., 1., 0., 0., 1., 1., 1., 0.,
           1., 0.],
          [0., 0., 0., 0., 1., 1., 1., 1., 1., 0., 1., 1., 0., 1., 0., 1., 0.,
           1., 1.],
          [0., 0., 0., 0., 0., 0., 0., 0., 1., 1., 0., 1., 1., 1., 1., 0., 1.,
           0., 1.],
          [1., 1., 0., 1., 0., 1., 0., 1., 0., 0., 1., 0., 1., 1., 1., 1., 1.,
           1., 1.],
          [1., 1., 1., 1., 0., 0., 1., 1., 1., 1., 1., 1., 1., 1., 0., 1., 0.,
           1., 1.],
          [0., 1., 0., 1., 1., 0., 1., 0., 1., 0., 0., 1., 1., 0., 1., 1., 1.,
           0., 0.],
          [0., 0., 0., 0., 0., 0., 0., 1., 0., 1., 1., 1., 0., 0., 0., 0., 1.,
           0., 0.],
          [0., 0., 0., 1., 0., 1., 0., 1., 0., 0., 1., 1., 1., 0., 1., 0., 0.,
           1., 1.],
          [1., 0., 1., 1., 1., 0., 0., 0., 0., 0., 0., 1., 0., 0., 0., 1., 0.,
           0., 1.],
          [0., 0., 0., 0., 0., 1., 1., 1., 0., 0., 0., 1., 0., 0., 1., 0., 1.,
           1., 1.],
          [0., 0., 0., 0., 0., 0., 0., 1., 0., 1., 0., 0., 0., 1., 1., 1., 1.,
           0., 1.],
          [0., 0., 1., 1., 1., 1., 1., 1., 1., 1., 0., 1., 1., 0., 1., 0., 0.,
           1., 0.],
          [0., 0., 0., 1., 0., 1., 0., 0., 0., 0., 1., 1., 0., 0., 1., 0., 0.,
           0., 1.],
          [1., 1., 0., 0., 1., 1., 1., 1., 0., 1., 0., 1., 0., 1., 1., 1., 1.,
           0., 1.],
          [0., 0., 0., 0., 1., 0., 0., 0., 1., 1., 1., 1., 0., 0., 1., 0., 0.,
           0., 1.],
          [1., 0., 1., 1., 1., 1., 1., 0., 1., 0., 0., 1., 0., 0., 0., 1., 1.,
           0., 1.],
          [1., 1., 1., 0., 0., 1., 1., 0., 0., 1., 0., 1., 1., 0., 0., 1., 1.,
           0., 1.],
          [0., 1., 0., 0., 0., 1., 1., 0., 1., 0., 0., 1., 1., 0., 1., 1., 0.,
           0., 1.]]]], device='cuda:0'), tensor([[0.9933]], device='cuda:0'))
2026-01-08 17:18:48 - INFO - [ 0.99743515 -0.03899321  0.00397498  0.01570736  0.00397498  0.01570737
  0.66546667 -0.5012177 ]
2026-01-08 17:18:48 - INFO - (tensor([[[[0., 1., 0., 0., 0., 1., 0., 0., 0., 1., 0., 0., 0., 0., 1., 0., 1.,
           1., 1.],
          [0., 1., 0., 1., 1., 1., 1., 1., 1., 1., 1., 0., 0., 1., 1., 1., 0.,
           1., 0.],
          [0., 0., 0., 0., 1., 1., 1., 1., 1., 0., 1., 1., 0., 1., 0., 1., 0.,
           1., 1.],
          [0., 0., 0., 0., 0., 0., 0., 0., 1., 1., 0., 1., 1., 1., 1., 0., 1.,
           0., 1.],
          [1., 1., 0., 1., 0., 1., 0., 1., 0., 0., 1., 0., 1., 1., 1., 1., 1.,
           1., 1.],
          [1., 1., 1., 1., 0., 0., 1., 1., 1., 1., 1., 1., 1., 1., 0., 1., 0.,
           1., 1.],
          [0., 1., 0., 1., 1., 0., 1., 0., 1., 0., 0., 1., 1., 0., 1., 1., 1.,
           0., 0.],
          [0., 0., 0., 0., 0., 0., 0., 1., 0., 1., 1., 1., 0., 0., 0., 0., 1.,
           0., 0.],
          [0., 0., 0., 1., 0., 1., 0., 1., 0., 0., 1., 1., 1., 0., 1., 0., 0.,
           1., 1.],
          [1., 0., 1., 1., 1., 0., 0., 0., 0., 0., 0., 1., 0., 0., 0., 1., 0.,
           0., 1.],
          [0., 0., 0., 0., 0., 1., 1., 1., 0., 0., 0., 1., 0., 0., 1., 0., 1.,
           1., 1.],
          [0., 0., 0., 0., 0., 0., 0., 1., 0., 1., 0., 0., 0., 1., 1., 1., 1.,
           0., 1.],
          [0., 0., 1., 1., 1., 1., 1., 1., 1., 1., 0., 1., 1., 0., 1., 0., 0.,
           1., 0.],
          [0., 0., 0., 1., 0., 1., 0., 0., 0., 0., 1., 1., 0., 0., 1., 0., 0.,
           0., 1.],
          [1., 1., 0., 0., 1., 1., 1., 1., 0., 1., 0., 1., 0., 1., 1., 1., 1.,
           0., 1.],
          [0., 0., 0., 0., 1., 0., 0., 0., 1., 1., 1., 1., 0., 0., 1., 0., 0.,
           0., 1.],
          [1., 0., 1., 1., 1., 1., 1., 0., 1., 0., 0., 1., 0., 0., 0., 1., 1.,
           0., 1.],
          [1., 1., 1., 0., 0., 1., 1., 0., 0., 1., 0., 1., 1., 0., 0., 1., 1.,
           0., 1.],
          [0., 1., 0., 0., 0., 1., 1., 0., 1., 0., 0., 1., 1., 0., 1., 1., 0.,
           0., 1.]]]], device='cuda:0'), tensor([[0.9967]], device='cuda:0'))
2026-01-08 17:18:48 - INFO - [ 0.99741924 -0.03901351  0.00400557  0.01560355  0.00400557  0.01560354
  0.6638719  -0.5030231 ]
2026-01-08 17:18:48 - INFO -   预测进度: 301/301
2026-01-08 17:18:48 - INFO - (tensor([[[[0., 1., 0., 0., 0., 1., 0., 0., 0., 1., 0., 0., 0., 0., 1., 0., 1.,
           1., 1.],
          [0., 1., 0., 1., 1., 1., 1., 1., 1., 1., 1., 0., 0., 1., 1., 1., 0.,
           1., 0.],
          [0., 0., 0., 0., 1., 1., 1., 1., 1., 0., 1., 1., 0., 1., 0., 1., 0.,
           1., 1.],
          [0., 0., 0., 0., 0., 0., 0., 0., 1., 1., 0., 1., 1., 1., 1., 0., 1.,
           0., 1.],
          [1., 1., 0., 1., 0., 1., 0., 1., 0., 0., 1., 0., 1., 1., 1., 1., 1.,
           1., 1.],
          [1., 1., 1., 1., 0., 0., 1., 1., 1., 1., 1., 1., 1., 1., 0., 1., 0.,
           1., 1.],
          [0., 1., 0., 1., 1., 0., 1., 0., 1., 0., 0., 1., 1., 0., 1., 1., 1.,
           0., 0.],
          [0., 0., 0., 0., 0., 0., 0., 1., 0., 1., 1., 1., 0., 0., 0., 0., 1.,
           0., 0.],
          [0., 0., 0., 1., 0., 1., 0., 1., 0., 0., 1., 1., 1., 0., 1., 0., 0.,
           1., 1.],
          [1., 0., 1., 1., 1., 0., 0., 0., 0., 0., 0., 1., 0., 0., 0., 1., 0.,
           0., 1.],
          [0., 0., 0., 0., 0., 1., 1., 1., 0., 0., 0., 1., 0., 0., 1., 0., 1.,
           1., 1.],
          [0., 0., 0., 0., 0., 0., 0., 1., 0., 1., 0., 0., 0., 1., 1., 1., 1.,
           0., 1.],
          [0., 0., 1., 1., 1., 1., 1., 1., 1., 1., 0., 1., 1., 0., 1., 0., 0.,
           1., 0.],
          [0., 0., 0., 1., 0., 1., 0., 0., 0., 0., 1., 1., 0., 0., 1., 0., 0.,
           0., 1.],
          [1., 1., 0., 0., 1., 1., 1., 1., 0., 1., 0., 1., 0., 1., 1., 1., 1.,
           0., 1.],
          [0., 0., 0., 0., 1., 0., 0., 0., 1., 1., 1., 1., 0., 0., 1., 0., 0.,
           0., 1.],
          [1., 0., 1., 1., 1., 1., 1., 0., 1., 0., 0., 1., 0., 0., 0., 1., 1.,
           0., 1.],
          [1., 1., 1., 0., 0., 1., 1., 0., 0., 1., 0., 1., 1., 0., 0., 1., 1.,
           0., 1.],
          [0., 1., 0., 0., 0., 1., 1., 0., 1., 0., 0., 1., 1., 0., 1., 1., 0.,
           0., 1.]]]], device='cuda:0'), tensor([[1.]], device='cuda:0'))
2026-01-08 17:18:48 - INFO - [ 0.99740475 -0.03905189  0.00403472  0.01553453  0.00403473  0.01553453
  0.6624874  -0.50458205]
2026-01-08 17:18:48 - INFO - {'S11_real': array([0.99991089, 0.99988043, 0.99985236, 0.99981809, 0.99979019,
       0.99976802, 0.99975502, 0.99974507, 0.99973553, 0.99972826,
       0.99971837, 0.99970448, 0.99968994, 0.999672  , 0.99965453,
       0.99964654, 0.99963957, 0.99963599, 0.99963152, 0.99962556,
       0.99961942, 0.99961209, 0.99960184, 0.99959004, 0.99958396,
       0.99958116, 0.99957967, 0.99957871, 0.99957734, 0.99957383,
       0.99956352, 0.9995535 , 0.99954689, 0.99954289, 0.99953395,
       0.99952227, 0.99951071, 0.99949908, 0.99948859, 0.99947971,
       0.99946302, 0.99945045, 0.99943936, 0.99942929, 0.99941486,
       0.99940044, 0.99938941, 0.99937922, 0.99937034, 0.99936473,
       0.99935865, 0.99935102, 0.99934423, 0.99933958, 0.99933451,
       0.99932843, 0.99932194, 0.9993152 , 0.99930894, 0.99930584,
       0.99930465, 0.99930048, 0.99929547, 0.99928993, 0.99928451,
       0.99927729, 0.99926859, 0.99925953, 0.99924988, 0.99924362,
       0.99923855, 0.99923283, 0.99922663, 0.99922031, 0.99921381,
       0.99920732, 0.9992004 , 0.99919081, 0.99918002, 0.99917126,
       0.99916524, 0.99915922, 0.99915314, 0.99914622, 0.99913883,
       0.99913132, 0.99912399, 0.99911195, 0.99909085, 0.99907035,
       0.99905592, 0.99904221, 0.99902934, 0.99901676, 0.9990046 ,
       0.99899352, 0.99898297, 0.99897945, 0.99898291, 0.99898636,
       0.99898547, 0.99898225, 0.99897921, 0.99897587, 0.99897105,
       0.99896038, 0.99895114, 0.99894351, 0.99893641, 0.99892706,
       0.99891418, 0.99890292, 0.9988929 , 0.99887979, 0.99886096,
       0.99884158, 0.99882126, 0.99880314, 0.99878722, 0.9987731 ,
       0.99875718, 0.99874294, 0.99872959, 0.99871546, 0.99870121,
       0.99868876, 0.99867874, 0.99867189, 0.99866629, 0.99865979,
       0.99865341, 0.99864703, 0.99864095, 0.99863428, 0.99862868,
       0.99861634, 0.99860311, 0.99859041, 0.99858052, 0.99857187,
       0.99856377, 0.99855644, 0.99854863, 0.99854064, 0.99853367,
       0.99852729, 0.99852055, 0.99851394, 0.99850816, 0.99850261,
       0.99849808, 0.99849427, 0.99849087, 0.99848855, 0.99848598,
       0.99848312, 0.9984805 , 0.99848753, 0.99849522, 0.99850374,
       0.99850374, 0.99849981, 0.99848825, 0.99847591, 0.99846405,
       0.99845207, 0.99843723, 0.99842352, 0.99841428, 0.99841189,
       0.99840921, 0.99840122, 0.99839467, 0.99838847, 0.99838275,
       0.99837679, 0.9983719 , 0.99836785, 0.99836415, 0.99836141,
       0.99835885, 0.99835479, 0.99834973, 0.99834359, 0.99833673,
       0.99832982, 0.99832165, 0.99831301, 0.99830377, 0.99829376,
       0.99828345, 0.99827248, 0.99826062, 0.99825209, 0.99824315,
       0.99823362, 0.99822176, 0.99820209, 0.99818075, 0.99815828,
       0.99813467, 0.99811387, 0.99809867, 0.99808729, 0.998079  ,
       0.99806839, 0.9980557 , 0.99804419, 0.99803841, 0.99802947,
       0.99801815, 0.99800253, 0.99798691, 0.99797004, 0.99795145,
       0.99793285, 0.99791479, 0.9978947 , 0.99787474, 0.99785602,
       0.99783397, 0.99781239, 0.99779075, 0.99777335, 0.99776649,
       0.99776542, 0.99776322, 0.99776083, 0.99775892, 0.9977563 ,
       0.99775362, 0.9977507 , 0.99774742, 0.9977439 , 0.9977324 ,
       0.99771398, 0.99770528, 0.99769443, 0.99768388, 0.99767351,
       0.99766427, 0.99765432, 0.99764591, 0.99763989, 0.9976353 ,
       0.99762815, 0.99761981, 0.9976114 , 0.99760514, 0.99760008,
       0.99759519, 0.99759007, 0.99758458, 0.99757856, 0.9975729 ,
       0.99756688, 0.99756056, 0.99755728, 0.99755549, 0.99755359,
       0.99755037, 0.99754614, 0.99754083, 0.99753398, 0.99752706,
       0.99752247, 0.99752098, 0.9975208 , 0.99751478, 0.99750656,
       0.9974975 , 0.9974876 , 0.99747723, 0.99746633, 0.99746579,
       0.99746668, 0.99746722, 0.99746716, 0.99746543, 0.99746299,
       0.99746299, 0.99746549, 0.9974702 , 0.99747396, 0.99747622,
       0.99747735, 0.99748045, 0.99748528, 0.99749023, 0.9974947 ,
       0.99749905, 0.99750292, 0.99750662, 0.99750423, 0.99749577,
       0.99748027, 0.99746525, 0.99745035, 0.99743515, 0.99741924,
       0.99740475]), 'S11_imag': array([ 2.17612833e-04,  9.01408494e-05, -3.09918076e-04, -2.37945467e-04,
       -1.00515783e-04, -3.36900353e-04, -7.27429870e-04, -1.02149660e-03,
       -1.14346622e-03, -1.10452948e-03, -1.20200531e-03, -1.31830119e-03,
       -1.49948406e-03, -1.68494345e-03, -1.82599004e-03, -1.89798465e-03,
       -1.94326171e-03, -1.95139402e-03, -2.08631600e-03, -2.24506110e-03,
       -2.40487885e-03, -2.56542303e-03, -2.71237339e-03, -2.85755447e-03,
       -2.98087904e-03, -3.09439516e-03, -3.19930934e-03, -3.39375995e-03,
       -3.66172427e-03, -3.92251695e-03, -4.26480174e-03, -4.55417670e-03,
       -4.72308556e-03, -4.77301423e-03, -4.97308001e-03, -5.16532967e-03,
       -5.32216765e-03, -5.46337804e-03, -5.58451703e-03, -5.67062059e-03,
       -5.95981255e-03, -6.14984427e-03, -6.30131597e-03, -6.50490960e-03,
       -6.72484096e-03, -6.93633081e-03, -7.09782541e-03, -7.25959521e-03,
       -7.39349751e-03, -7.49825779e-03, -7.61169381e-03, -7.77152926e-03,
       -7.92808644e-03, -8.02388694e-03, -8.12281296e-03, -8.26381333e-03,
       -8.43985844e-03, -8.45276937e-03, -8.41650274e-03, -8.46643280e-03,
       -8.66687950e-03, -8.95364862e-03, -9.24065895e-03, -9.51067731e-03,
       -9.61198471e-03, -9.78590269e-03, -1.00608794e-02, -1.03548756e-02,
       -1.06619429e-02, -1.08575616e-02, -1.08462153e-02, -1.08763268e-02,
       -1.09257819e-02, -1.09753041e-02, -1.10264532e-02, -1.10818753e-02,
       -1.11602638e-02, -1.12821739e-02, -1.14163896e-02, -1.15701873e-02,
       -1.17168352e-02, -1.18598146e-02, -1.20071433e-02, -1.21616237e-02,
       -1.23201711e-02, -1.24875782e-02, -1.26559939e-02, -1.28670940e-02,
       -1.30586429e-02, -1.31906550e-02, -1.32191190e-02, -1.32472292e-02,
       -1.32753616e-02, -1.33038620e-02, -1.33321062e-02, -1.33518688e-02,
       -1.33701749e-02, -1.36043532e-02, -1.38303945e-02, -1.40383895e-02,
       -1.42275067e-02, -1.44111002e-02, -1.46108940e-02, -1.48117552e-02,
       -1.50033562e-02, -1.51134133e-02, -1.52233886e-02, -1.53234527e-02,
       -1.54314684e-02, -1.55265220e-02, -1.55908084e-02, -1.56714004e-02,
       -1.59504786e-02, -1.61758736e-02, -1.63204633e-02, -1.64356735e-02,
       -1.65280625e-02, -1.66737437e-02, -1.68472342e-02, -1.70113500e-02,
       -1.71753820e-02, -1.72990132e-02, -1.74153540e-02, -1.75320748e-02,
       -1.76278092e-02, -1.76854618e-02, -1.78555716e-02, -1.81769785e-02,
       -1.83319431e-02, -1.84397139e-02, -1.85397062e-02, -1.86308399e-02,
       -1.87244471e-02, -1.88165866e-02, -1.88838709e-02, -1.90120116e-02,
       -1.91421937e-02, -1.92563795e-02, -1.93540752e-02, -1.94401499e-02,
       -1.95274707e-02, -1.96202137e-02, -1.97080523e-02, -1.97876859e-02,
       -1.98692493e-02, -1.99564788e-02, -2.00502966e-02, -2.01668255e-02,
       -2.03427542e-02, -2.05157772e-02, -2.06446890e-02, -2.07683351e-02,
       -2.09127087e-02, -2.11055335e-02, -2.13286560e-02, -2.15758272e-02,
       -2.18038075e-02, -2.19784193e-02, -2.21884903e-02, -2.24045012e-02,
       -2.24951953e-02, -2.25275960e-02, -2.26014461e-02, -2.26194337e-02,
       -2.26729997e-02, -2.27318425e-02, -2.27185767e-02, -2.26953421e-02,
       -2.27169152e-02, -2.27666907e-02, -2.28394326e-02, -2.29731761e-02,
       -2.32140217e-02, -2.34492458e-02, -2.36775614e-02, -2.39002816e-02,
       -2.41109449e-02, -2.43146215e-02, -2.45046876e-02, -2.46787649e-02,
       -2.48540565e-02, -2.50084065e-02, -2.51627527e-02, -2.53032632e-02,
       -2.54598595e-02, -2.56265793e-02, -2.57902686e-02, -2.59517487e-02,
       -2.61176433e-02, -2.62822323e-02, -2.64519528e-02, -2.66339891e-02,
       -2.68158801e-02, -2.67420970e-02, -2.66684853e-02, -2.65942495e-02,
       -2.65322216e-02, -2.65297946e-02, -2.65864544e-02, -2.66700238e-02,
       -2.67570764e-02, -2.68497486e-02, -2.69154292e-02, -2.70086098e-02,
       -2.71368474e-02, -2.73051579e-02, -2.74927132e-02, -2.76555736e-02,
       -2.77051795e-02, -2.77551897e-02, -2.78241802e-02, -2.79136784e-02,
       -2.80030854e-02, -2.80898251e-02, -2.81756613e-02, -2.82602329e-02,
       -2.83340272e-02, -2.84201987e-02, -2.85119079e-02, -2.86197346e-02,
       -2.87475325e-02, -2.88922265e-02, -2.90400665e-02, -2.91963145e-02,
       -2.93101110e-02, -2.94287037e-02, -2.95853820e-02, -2.97393929e-02,
       -2.98842732e-02, -3.00313123e-02, -3.01945079e-02, -3.03566847e-02,
       -3.05138323e-02, -3.06761954e-02, -3.09375636e-02, -3.12715806e-02,
       -3.14029083e-02, -3.15429829e-02, -3.16811800e-02, -3.18188071e-02,
       -3.19503658e-02, -3.20990011e-02, -3.22300531e-02, -3.23336832e-02,
       -3.24259475e-02, -3.25607955e-02, -3.27192135e-02, -3.28673273e-02,
       -3.29829045e-02, -3.30861844e-02, -3.31907906e-02, -3.33097391e-02,
       -3.34509797e-02, -3.35992202e-02, -3.37416194e-02, -3.38842310e-02,
       -3.40374224e-02, -3.41741815e-02, -3.42885964e-02, -3.44124995e-02,
       -3.45641524e-02, -3.47299539e-02, -3.49168889e-02, -3.51309143e-02,
       -3.53256352e-02, -3.54310386e-02, -3.54886651e-02, -3.55342142e-02,
       -3.56462635e-02, -3.57848704e-02, -3.59296873e-02, -3.60854045e-02,
       -3.62471640e-02, -3.64141576e-02, -3.64999138e-02, -3.65848243e-02,
       -3.66794765e-02, -3.67896110e-02, -3.69168557e-02, -3.70445810e-02,
       -3.71542498e-02, -3.72670069e-02, -3.73821817e-02, -3.75460237e-02,
       -3.77322286e-02, -3.79046910e-02, -3.80103886e-02, -3.80890593e-02,
       -3.81864570e-02, -3.83362956e-02, -3.84936072e-02, -3.86537760e-02,
       -3.88160609e-02, -3.88949402e-02, -3.89133990e-02, -3.89143638e-02,
       -3.89427021e-02, -3.89741845e-02, -3.89932133e-02, -3.90135087e-02,
       -3.90518941e-02]), 'S21_real': array([ 5.73425496e-04,  4.86566656e-04,  3.54005926e-04,  3.19204293e-04,
        2.89729796e-04,  2.28895806e-04,  2.19888054e-04,  2.43215822e-04,
        2.40071677e-04,  2.04651617e-04,  1.60931610e-04,  1.23060308e-04,
        7.47507438e-05,  5.43957576e-05,  4.51942906e-05,  3.93902883e-05,
        3.94200906e-05,  5.41796908e-05,  5.56623563e-05,  5.07673249e-05,
        4.74220142e-05,  4.09400091e-05,  7.12927431e-06, -6.66910782e-05,
       -8.55484977e-05, -8.30823556e-05, -7.68611208e-05, -1.02193095e-04,
       -1.76020898e-04, -2.28256918e-04, -2.71097757e-04, -3.14527191e-04,
       -3.50520946e-04, -3.79734644e-04, -4.27403458e-04, -4.65155550e-04,
       -4.94883338e-04, -5.23255148e-04, -5.50777593e-04, -5.71445504e-04,
       -6.02827349e-04, -6.41436200e-04, -6.83375518e-04, -7.09519605e-04,
       -7.21142511e-04, -7.30642001e-04, -7.33108143e-04, -7.39307026e-04,
       -7.41497497e-04, -7.40424613e-04, -7.39985029e-04, -7.47472863e-04,
       -7.48799066e-04, -7.36222486e-04, -7.23481993e-04, -7.17253308e-04,
       -7.19175558e-04, -7.29218940e-04, -7.42756645e-04, -7.32214074e-04,
       -7.07716565e-04, -6.96719508e-04, -6.85431878e-04, -6.72534923e-04,
       -6.50600414e-04, -6.26713911e-04, -6.29865506e-04, -6.32555166e-04,
       -6.35192671e-04, -6.51740353e-04, -6.76200609e-04, -6.88166241e-04,
       -6.94424729e-04, -6.99371914e-04, -7.02299993e-04, -7.04378705e-04,
       -7.07880477e-04, -7.06397812e-04, -7.10786204e-04, -7.32780318e-04,
       -7.54372100e-04, -7.75747758e-04, -7.99179834e-04, -8.25078052e-04,
       -8.51862831e-04, -8.80175037e-04, -9.09180148e-04, -9.36970755e-04,
       -9.44279775e-04, -9.27970454e-04, -9.08315880e-04, -8.90441937e-04,
       -8.74214573e-04, -8.58613057e-04, -8.43600195e-04, -8.28631979e-04,
       -8.14177853e-04, -7.90254038e-04, -7.62210053e-04, -7.35775451e-04,
       -7.16254930e-04, -6.98708813e-04, -6.84731524e-04, -6.71760063e-04,
       -6.60599093e-04, -6.58393721e-04, -6.54631178e-04, -6.51032547e-04,
       -6.47381763e-04, -6.43641572e-04, -6.42352621e-04, -6.31854811e-04,
       -6.16841891e-04, -6.08467439e-04, -6.09689334e-04, -6.14815333e-04,
       -6.16759935e-04, -5.87501505e-04, -5.57773688e-04, -5.32620528e-04,
       -5.10052720e-04, -4.94779029e-04, -4.81107243e-04, -4.67726000e-04,
       -4.56319161e-04, -4.44450387e-04, -4.29936656e-04, -3.98703822e-04,
       -3.93108436e-04, -3.94896575e-04, -3.97884258e-04, -4.03695711e-04,
       -4.04723891e-04, -4.06407722e-04, -4.10840817e-04, -3.89472552e-04,
       -3.66621622e-04, -3.47533263e-04, -3.30702402e-04, -3.15108337e-04,
       -3.00132670e-04, -2.81007029e-04, -2.62253918e-04, -2.45609321e-04,
       -2.30805017e-04, -2.15806998e-04, -2.01121904e-04, -1.81064941e-04,
       -1.48699619e-04, -1.14680268e-04, -9.30139795e-05, -7.14743510e-05,
       -4.50471416e-05, -8.00285488e-06,  3.60151753e-05,  8.52933154e-05,
        1.30652450e-04,  1.66251324e-04,  2.07870267e-04,  2.51456164e-04,
        2.62147747e-04,  2.57804058e-04,  2.67415307e-04,  2.60925852e-04,
        2.71580182e-04,  2.95407139e-04,  2.75357626e-04,  2.55717896e-04,
        2.39803456e-04,  2.31339596e-04,  2.26794742e-04,  2.47857533e-04,
        3.00428830e-04,  3.51606868e-04,  4.01622587e-04,  4.50431340e-04,
        4.97466826e-04,  5.44003153e-04,  5.87924325e-04,  6.28760958e-04,
        6.69746543e-04,  7.04957987e-04,  7.38463248e-04,  7.68265512e-04,
        7.99803820e-04,  8.31103709e-04,  8.62977235e-04,  8.95156292e-04,
        9.28385823e-04,  9.61771875e-04,  9.94554372e-04,  1.02874509e-03,
        1.06289855e-03,  1.06476864e-03,  1.06669089e-03,  1.06835237e-03,
        1.07131014e-03,  1.09061459e-03,  1.10354135e-03,  1.11049274e-03,
        1.11788372e-03,  1.13246450e-03,  1.16176764e-03,  1.18255464e-03,
        1.19621155e-03,  1.20878068e-03,  1.22281013e-03,  1.23373268e-03,
        1.23192219e-03,  1.25637488e-03,  1.29736797e-03,  1.34515588e-03,
        1.39087997e-03,  1.43648498e-03,  1.48070406e-03,  1.52332871e-03,
        1.56046974e-03,  1.59745431e-03,  1.63095212e-03,  1.67009735e-03,
        1.71262515e-03,  1.75457925e-03,  1.79429061e-03,  1.84259261e-03,
        1.87610521e-03,  1.91845419e-03,  1.96560868e-03,  2.01033428e-03,
        2.05293670e-03,  2.09590397e-03,  2.13711290e-03,  2.17829202e-03,
        2.21643876e-03,  2.25428026e-03,  2.31107557e-03,  2.38302560e-03,
        2.41454877e-03,  2.44395598e-03,  2.47179857e-03,  2.49996921e-03,
        2.52623227e-03,  2.55621318e-03,  2.58275191e-03,  2.60411273e-03,
        2.62036221e-03,  2.63879495e-03,  2.66063237e-03,  2.68067420e-03,
        2.69582868e-03,  2.71599717e-03,  2.73425854e-03,  2.75292946e-03,
        2.77469237e-03,  2.79705902e-03,  2.81886663e-03,  2.84159812e-03,
        2.86802510e-03,  2.90398137e-03,  2.93390267e-03,  2.96684145e-03,
        3.00654513e-03,  3.05012311e-03,  3.10047367e-03,  3.15864733e-03,
        3.20376013e-03,  3.20918416e-03,  3.21305101e-03,  3.21965944e-03,
        3.24277836e-03,  3.27279652e-03,  3.30545940e-03,  3.34232464e-03,
        3.38084367e-03,  3.42149357e-03,  3.44399409e-03,  3.46600264e-03,
        3.49128223e-03,  3.51920677e-03,  3.54929920e-03,  3.58091155e-03,
        3.61298583e-03,  3.63864540e-03,  3.65637010e-03,  3.68346740e-03,
        3.71560152e-03,  3.74444970e-03,  3.75500694e-03,  3.76081839e-03,
        3.76765779e-03,  3.78061435e-03,  3.79513530e-03,  3.81175731e-03,
        3.83038353e-03,  3.83369136e-03,  3.82627826e-03,  3.84629774e-03,
        3.88951786e-03,  3.93342320e-03,  3.97498207e-03,  4.00557369e-03,
        4.03471990e-03]), 'S21_imag': array([-6.31011964e-04, -5.92552067e-04, -5.11944236e-04, -2.28270888e-04,
       -1.15249306e-04, -1.67667866e-04, -2.62588263e-04, -2.95538455e-04,
       -1.50281936e-04, -2.78204679e-05, -3.23951244e-05, -9.80682671e-05,
        1.09151006e-06,  1.78825110e-04,  3.39191407e-04,  4.32021887e-04,
        5.23094030e-04,  6.14941062e-04,  6.77104923e-04,  7.32649001e-04,
        7.81588082e-04,  8.20416783e-04,  8.64173984e-04,  8.84171342e-04,
        1.04011933e-03,  1.25406240e-03,  1.47329539e-03,  1.62851298e-03,
        1.68612064e-03,  1.77455880e-03,  1.94023305e-03,  2.06411700e-03,
        2.11971300e-03,  2.11311178e-03,  2.18890258e-03,  2.26406730e-03,
        2.33065290e-03,  2.39384826e-03,  2.44741770e-03,  2.50340486e-03,
        2.66070035e-03,  2.77221599e-03,  2.83410004e-03,  2.90644844e-03,
        3.01394821e-03,  3.11966357e-03,  3.20874923e-03,  3.30372062e-03,
        3.39204632e-03,  3.46810091e-03,  3.53401923e-03,  3.61239468e-03,
        3.68982740e-03,  3.72886052e-03,  3.74753145e-03,  3.75631172e-03,
        3.75602487e-03,  3.73041397e-03,  3.72265792e-03,  3.79798235e-03,
        3.90980998e-03,  3.94816510e-03,  3.98327922e-03,  4.02601855e-03,
        4.12103441e-03,  4.23911260e-03,  4.31139721e-03,  4.38716076e-03,
        4.46476415e-03,  4.53681359e-03,  4.55946662e-03,  4.55580093e-03,
        4.55296598e-03,  4.55302186e-03,  4.55887057e-03,  4.56408598e-03,
        4.57433006e-03,  4.60181851e-03,  4.63695126e-03,  4.58406424e-03,
        4.55528684e-03,  4.52585798e-03,  4.49348567e-03,  4.45641251e-03,
        4.41860128e-03,  4.38112579e-03,  4.34613833e-03,  4.31277556e-03,
        4.37858887e-03,  4.53827390e-03,  4.66212584e-03,  4.77667246e-03,
        4.88288188e-03,  4.98561887e-03,  5.08469064e-03,  5.17913932e-03,
        5.27002616e-03,  5.35059441e-03,  5.41395973e-03,  5.46872756e-03,
        5.51695004e-03,  5.56248287e-03,  5.60422707e-03,  5.64305810e-03,
        5.68064908e-03,  5.70867350e-03,  5.74275851e-03,  5.77448960e-03,
        5.81314182e-03,  5.86705981e-03,  5.91480173e-03,  5.97395701e-03,
        6.07220083e-03,  6.16287068e-03,  6.24213088e-03,  6.31954661e-03,
        6.41088700e-03,  6.50791964e-03,  6.60834881e-03,  6.69697346e-03,
        6.78787008e-03,  6.84087118e-03,  6.88078953e-03,  6.91891229e-03,
        6.95308251e-03,  6.98939897e-03,  7.06444494e-03,  7.23023387e-03,
        7.29869027e-03,  7.31960637e-03,  7.33499881e-03,  7.35028647e-03,
        7.36707170e-03,  7.38022849e-03,  7.38062337e-03,  7.43498001e-03,
        7.48952245e-03,  7.53395911e-03,  7.57534103e-03,  7.61228986e-03,
        7.64510408e-03,  7.68599799e-03,  7.72732403e-03,  7.76322978e-03,
        7.79356295e-03,  7.82363210e-03,  7.85508659e-03,  7.89343938e-03,
        7.94956833e-03,  8.00824165e-03,  8.04618932e-03,  8.08378216e-03,
        8.13049823e-03,  8.18848517e-03,  8.26019235e-03,  8.34292546e-03,
        8.41982476e-03,  8.49117432e-03,  8.58316012e-03,  8.68059136e-03,
        8.68935976e-03,  8.65724310e-03,  8.69651977e-03,  8.70484486e-03,
        8.77461396e-03,  8.89804214e-03,  8.88438616e-03,  8.87387060e-03,
        8.90346151e-03,  8.98277853e-03,  9.06328671e-03,  9.10982955e-03,
        9.21732932e-03,  9.32330824e-03,  9.42813605e-03,  9.53086279e-03,
        9.63690132e-03,  9.74344928e-03,  9.84247308e-03,  9.93248541e-03,
        1.00251166e-02,  1.01046255e-02,  1.01806987e-02,  1.02452179e-02,
        1.03153316e-02,  1.03836646e-02,  1.04524745e-02,  1.05211129e-02,
        1.05911223e-02,  1.06619764e-02,  1.07332887e-02,  1.08103976e-02,
        1.08906459e-02,  1.09102121e-02,  1.09310001e-02,  1.09513346e-02,
        1.09702600e-02,  1.09966435e-02,  1.10093784e-02,  1.10114235e-02,
        1.10166417e-02,  1.10490145e-02,  1.11116702e-02,  1.11717032e-02,
        1.12335281e-02,  1.13023063e-02,  1.13791460e-02,  1.14454990e-02,
        1.14645520e-02,  1.15250275e-02,  1.16112120e-02,  1.17081683e-02,
        1.18039725e-02,  1.18982578e-02,  1.19765261e-02,  1.20535241e-02,
        1.21219214e-02,  1.21836113e-02,  1.22392662e-02,  1.23093128e-02,
        1.23874880e-02,  1.24647683e-02,  1.25338575e-02,  1.26209594e-02,
        1.26848752e-02,  1.27657382e-02,  1.28537901e-02,  1.29383961e-02,
        1.30197313e-02,  1.31014241e-02,  1.31830722e-02,  1.32640088e-02,
        1.33367507e-02,  1.34069631e-02,  1.35033606e-02,  1.36185773e-02,
        1.36569627e-02,  1.36917504e-02,  1.37239983e-02,  1.37569457e-02,
        1.37871411e-02,  1.38212992e-02,  1.38487937e-02,  1.38711007e-02,
        1.38853621e-02,  1.39021073e-02,  1.39268609e-02,  1.39469588e-02,
        1.39580956e-02,  1.39805097e-02,  1.39977094e-02,  1.40134310e-02,
        1.40321096e-02,  1.40513545e-02,  1.40709421e-02,  1.40944999e-02,
        1.41246645e-02,  1.41719962e-02,  1.42082432e-02,  1.42502002e-02,
        1.43036172e-02,  1.43641373e-02,  1.44353425e-02,  1.45206712e-02,
        1.45996418e-02,  1.46423690e-02,  1.46550285e-02,  1.46657145e-02,
        1.46802254e-02,  1.46921137e-02,  1.47093320e-02,  1.47374105e-02,
        1.47667853e-02,  1.48047153e-02,  1.48503408e-02,  1.49099175e-02,
        1.49808684e-02,  1.50668435e-02,  1.51695106e-02,  1.52761266e-02,
        1.53690251e-02,  1.54460715e-02,  1.55005669e-02,  1.55787943e-02,
        1.56706143e-02,  1.57536604e-02,  1.57898162e-02,  1.58128701e-02,
        1.58437081e-02,  1.58994589e-02,  1.59609728e-02,  1.60270017e-02,
        1.60970967e-02,  1.60914660e-02,  1.60273146e-02,  1.59379486e-02,
        1.58612207e-02,  1.57886818e-02,  1.57073587e-02,  1.56035535e-02,
        1.55345332e-02]), 'S12_real': array([ 5.73408732e-04,  4.86534991e-04,  3.53989162e-04,  3.19209881e-04,
        2.89727934e-04,  2.28901394e-04,  2.19886191e-04,  2.43206508e-04,
        2.40069814e-04,  2.04642303e-04,  1.60914846e-04,  1.23058446e-04,
        7.47488812e-05,  5.44013456e-05,  4.51775268e-05,  3.93958762e-05,
        3.94331291e-05,  5.41778281e-05,  5.56455925e-05,  5.07729128e-05,
        4.74127010e-05,  4.09381464e-05,  7.11996108e-06, -6.66929409e-05,
       -8.55205581e-05, -8.30842182e-05, -7.68629834e-05, -1.02194957e-04,
       -1.76000409e-04, -2.28258781e-04, -2.71107070e-04, -3.14529054e-04,
       -3.50515358e-04, -3.79721605e-04, -4.27397870e-04, -4.65157413e-04,
       -4.94892651e-04, -5.23264462e-04, -5.50764555e-04, -5.71439916e-04,
       -6.02814311e-04, -6.41438062e-04, -6.83377380e-04, -7.09514017e-04,
       -7.21129472e-04, -7.30643864e-04, -7.33110006e-04, -7.39323790e-04,
       -7.41514261e-04, -7.40411575e-04, -7.39994342e-04, -7.47474725e-04,
       -7.48800929e-04, -7.36239250e-04, -7.23498757e-04, -7.17262621e-04,
       -7.19155069e-04, -7.29235704e-04, -7.42758508e-04, -7.32215936e-04,
       -7.07710977e-04, -6.96713920e-04, -6.85426290e-04, -6.72536786e-04,
       -6.50587375e-04, -6.26708323e-04, -6.29859918e-04, -6.32564479e-04,
       -6.35216886e-04, -6.51742215e-04, -6.76195021e-04, -6.88168104e-04,
       -6.94411690e-04, -6.99381228e-04, -7.02309306e-04, -7.04380567e-04,
       -7.07882340e-04, -7.06407125e-04, -7.10788066e-04, -7.32782180e-04,
       -7.54373963e-04, -7.75749621e-04, -7.99174246e-04, -8.25072464e-04,
       -8.51879595e-04, -8.80169449e-04, -9.09182010e-04, -9.36957716e-04,
       -9.44274187e-04, -9.27964866e-04, -9.08340095e-04, -8.90443800e-04,
       -8.74223886e-04, -8.58592568e-04, -8.43609509e-04, -8.28633842e-04,
       -8.14179715e-04, -7.90263352e-04, -7.62211916e-04, -7.35777314e-04,
       -7.16256793e-04, -6.98688324e-04, -6.84740837e-04, -6.71761925e-04,
       -6.60593505e-04, -6.58403034e-04, -6.54625590e-04, -6.51034410e-04,
       -6.47376175e-04, -6.43650885e-04, -6.42369385e-04, -6.31849223e-04,
       -6.16836303e-04, -6.08476752e-04, -6.09683746e-04, -6.14809745e-04,
       -6.16761798e-04, -5.87510818e-04, -5.57783002e-04, -5.32622391e-04,
       -5.10062033e-04, -4.94765991e-04, -4.81086754e-04, -4.67727863e-04,
       -4.56328475e-04, -4.44444799e-04, -4.29916166e-04, -3.98698234e-04,
       -3.93102848e-04, -3.94905888e-04, -3.97901022e-04, -4.03697573e-04,
       -4.04733204e-04, -4.06417035e-04, -4.10842680e-04, -3.89481866e-04,
       -3.66630935e-04, -3.47527675e-04, -3.30704264e-04, -3.15117650e-04,
       -3.00134532e-04, -2.81008892e-04, -2.62255780e-04, -2.45618634e-04,
       -2.30799429e-04, -2.15801410e-04, -2.01123767e-04, -1.81059353e-04,
       -1.48694031e-04, -1.14682131e-04, -9.30232927e-05, -7.14836642e-05,
       -4.50490043e-05, -8.02706927e-06,  3.60133126e-05,  8.52914527e-05,
        1.30650587e-04,  1.66242011e-04,  2.07875855e-04,  2.51469202e-04,
        2.62153335e-04,  2.57802196e-04,  2.67405994e-04,  2.60931440e-04,
        2.71563418e-04,  2.95412727e-04,  2.75348313e-04,  2.55730934e-04,
        2.39801593e-04,  2.31330283e-04,  2.26792879e-04,  2.47848220e-04,
        3.00419517e-04,  3.51605006e-04,  4.01613273e-04,  4.50444379e-04,
        4.97472414e-04,  5.44016191e-04,  5.87929913e-04,  6.28766546e-04,
        6.69744681e-04,  7.04956125e-04,  7.38476287e-04,  7.68248748e-04,
        7.99809408e-04,  8.31101846e-04,  8.62982823e-04,  8.95154430e-04,
        9.28391411e-04,  9.61762562e-04,  9.94545058e-04,  1.02874322e-03,
        1.06290414e-03,  1.06477423e-03,  1.06667413e-03,  1.06835051e-03,
        1.07132317e-03,  1.09062763e-03,  1.10354694e-03,  1.11049833e-03,
        1.11789675e-03,  1.13246264e-03,  1.16176577e-03,  1.18254533e-03,
        1.19622459e-03,  1.20878627e-03,  1.22280081e-03,  1.23373081e-03,
        1.23191287e-03,  1.25636556e-03,  1.29735866e-03,  1.34514656e-03,
        1.39087811e-03,  1.43648311e-03,  1.48067984e-03,  1.52333430e-03,
        1.56047533e-03,  1.59745244e-03,  1.63095770e-03,  1.67010294e-03,
        1.71262329e-03,  1.75458484e-03,  1.79428875e-03,  1.84259820e-03,
        1.87611824e-03,  1.91845233e-03,  1.96562917e-03,  2.01034732e-03,
        2.05294974e-03,  2.09590956e-03,  2.13711848e-03,  2.17829016e-03,
        2.21643690e-03,  2.25427840e-03,  2.31107371e-03,  2.38303118e-03,
        2.41453201e-03,  2.44394667e-03,  2.47179670e-03,  2.49995990e-03,
        2.52622296e-03,  2.55621132e-03,  2.58274260e-03,  2.60411832e-03,
        2.62036035e-03,  2.63880054e-03,  2.66064540e-03,  2.68066488e-03,
        2.69584171e-03,  2.71599530e-03,  2.73426413e-03,  2.75293505e-03,
        2.77469051e-03,  2.79705715e-03,  2.81886477e-03,  2.84158881e-03,
        2.86804559e-03,  2.90397205e-03,  2.93390080e-03,  2.96683214e-03,
        3.00653582e-03,  3.05010634e-03,  3.10048671e-03,  3.15864547e-03,
        3.20377317e-03,  3.20918229e-03,  3.21304915e-03,  3.21964268e-03,
        3.24276905e-03,  3.27280955e-03,  3.30545753e-03,  3.34233767e-03,
        3.38085671e-03,  3.42151406e-03,  3.44399968e-03,  3.46600823e-03,
        3.49128037e-03,  3.51920491e-03,  3.54930479e-03,  3.58092459e-03,
        3.61298397e-03,  3.63865844e-03,  3.65639059e-03,  3.68348043e-03,
        3.71559965e-03,  3.74443294e-03,  3.75499763e-03,  3.76083888e-03,
        3.76764848e-03,  3.78061994e-03,  3.79513344e-03,  3.81174800e-03,
        3.83037422e-03,  3.83368949e-03,  3.82628385e-03,  3.84631078e-03,
        3.88950855e-03,  3.93342134e-03,  3.97498021e-03,  4.00557183e-03,
        4.03473293e-03]), 'S12_imag': array([-6.31004514e-04, -5.92552067e-04, -5.11944236e-04, -2.28270888e-04,
       -1.15253031e-04, -1.67675316e-04, -2.62595713e-04, -2.95534730e-04,
       -1.50285661e-04, -2.78279185e-05, -3.23951244e-05, -9.80645418e-05,
        1.09151006e-06,  1.78828835e-04,  3.39191407e-04,  4.32014436e-04,
        5.23097755e-04,  6.14944787e-04,  6.77108648e-04,  7.32652727e-04,
        7.81584356e-04,  8.20420508e-04,  8.64173984e-04,  8.84175068e-04,
        1.04012678e-03,  1.25406613e-03,  1.47329539e-03,  1.62850926e-03,
        1.68611691e-03,  1.77456252e-03,  1.94024050e-03,  2.06412072e-03,
        2.11971672e-03,  2.11311551e-03,  2.18890258e-03,  2.26406357e-03,
        2.33065290e-03,  2.39385571e-03,  2.44742515e-03,  2.50340486e-03,
        2.66069663e-03,  2.77221599e-03,  2.83410377e-03,  2.90644844e-03,
        3.01395194e-03,  3.11965984e-03,  3.20875295e-03,  3.30371317e-03,
        3.39204632e-03,  3.46810464e-03,  3.53401923e-03,  3.61239095e-03,
        3.68982367e-03,  3.72885680e-03,  3.74752772e-03,  3.75631917e-03,
        3.75601742e-03,  3.73040652e-03,  3.72266164e-03,  3.79798235e-03,
        3.90980998e-03,  3.94816510e-03,  3.98327177e-03,  4.02602227e-03,
        4.12103813e-03,  4.23909770e-03,  4.31139348e-03,  4.38715704e-03,
        4.46476042e-03,  4.53680614e-03,  4.55945916e-03,  4.55580465e-03,
        4.55296598e-03,  4.55302559e-03,  4.55887429e-03,  4.56409343e-03,
        4.57432633e-03,  4.60182596e-03,  4.63695126e-03,  4.58406052e-03,
        4.55529056e-03,  4.52585425e-03,  4.49348940e-03,  4.45641624e-03,
        4.41859756e-03,  4.38111834e-03,  4.34614578e-03,  4.31277184e-03,
        4.37858887e-03,  4.53827018e-03,  4.66212584e-03,  4.77667619e-03,
        4.88287816e-03,  4.98561887e-03,  5.08469064e-03,  5.17913932e-03,
        5.27002243e-03,  5.35058696e-03,  5.41395973e-03,  5.46872756e-03,
        5.51695377e-03,  5.56247169e-03,  5.60422335e-03,  5.64306555e-03,
        5.68064163e-03,  5.70868468e-03,  5.74276596e-03,  5.77448215e-03,
        5.81313809e-03,  5.86705236e-03,  5.91479428e-03,  5.97395701e-03,
        6.07220829e-03,  6.16287068e-03,  6.24211971e-03,  6.31954288e-03,
        6.41089072e-03,  6.50791591e-03,  6.60835253e-03,  6.69697346e-03,
        6.78787008e-03,  6.84086746e-03,  6.88078580e-03,  6.91890856e-03,
        6.95307506e-03,  6.98939897e-03,  7.06444867e-03,  7.23023759e-03,
        7.29869399e-03,  7.31961383e-03,  7.33499136e-03,  7.35029764e-03,
        7.36706797e-03,  7.38022849e-03,  7.38062710e-03,  7.43498001e-03,
        7.48952245e-03,  7.53395911e-03,  7.57533731e-03,  7.61229731e-03,
        7.64510781e-03,  7.68599426e-03,  7.72732031e-03,  7.76322605e-03,
        7.79356668e-03,  7.82362837e-03,  7.85509776e-03,  7.89344683e-03,
        7.94956461e-03,  8.00824910e-03,  8.04619305e-03,  8.08378961e-03,
        8.13049823e-03,  8.18848144e-03,  8.26019607e-03,  8.34292918e-03,
        8.41982849e-03,  8.49117804e-03,  8.58316384e-03,  8.68058018e-03,
        8.68936349e-03,  8.65725055e-03,  8.69650487e-03,  8.70484859e-03,
        8.77461396e-03,  8.89803842e-03,  8.88438243e-03,  8.87386687e-03,
        8.90345406e-03,  8.98277480e-03,  9.06328298e-03,  9.10983700e-03,
        9.21733677e-03,  9.32330824e-03,  9.42812860e-03,  9.53087769e-03,
        9.63691622e-03,  9.74344555e-03,  9.84246563e-03,  9.93248913e-03,
        1.00251129e-02,  1.01046329e-02,  1.01807024e-02,  1.02452179e-02,
        1.03153354e-02,  1.03836646e-02,  1.04524782e-02,  1.05211129e-02,
        1.05911260e-02,  1.06619876e-02,  1.07332813e-02,  1.08104013e-02,
        1.08906496e-02,  1.09102121e-02,  1.09309964e-02,  1.09513346e-02,
        1.09702637e-02,  1.09966509e-02,  1.10093821e-02,  1.10114273e-02,
        1.10166455e-02,  1.10490220e-02,  1.11116702e-02,  1.11717107e-02,
        1.12335244e-02,  1.13023026e-02,  1.13791460e-02,  1.14454990e-02,
        1.14645520e-02,  1.15250312e-02,  1.16112158e-02,  1.17081646e-02,
        1.18039763e-02,  1.18982652e-02,  1.19765336e-02,  1.20535279e-02,
        1.21219326e-02,  1.21836113e-02,  1.22392662e-02,  1.23093091e-02,
        1.23874843e-02,  1.24647720e-02,  1.25338687e-02,  1.26209594e-02,
        1.26848789e-02,  1.27657419e-02,  1.28537863e-02,  1.29383923e-02,
        1.30197350e-02,  1.31014166e-02,  1.31830759e-02,  1.32640125e-02,
        1.33367581e-02,  1.34069705e-02,  1.35033680e-02,  1.36185735e-02,
        1.36569627e-02,  1.36917541e-02,  1.37239946e-02,  1.37569420e-02,
        1.37871485e-02,  1.38213029e-02,  1.38487900e-02,  1.38711045e-02,
        1.38853583e-02,  1.39021073e-02,  1.39268646e-02,  1.39469625e-02,
        1.39580993e-02,  1.39805134e-02,  1.39977094e-02,  1.40134310e-02,
        1.40321059e-02,  1.40513545e-02,  1.40709495e-02,  1.40944999e-02,
        1.41246831e-02,  1.41719924e-02,  1.42082432e-02,  1.42502151e-02,
        1.43036097e-02,  1.43641410e-02,  1.44353462e-02,  1.45206787e-02,
        1.45996418e-02,  1.46423616e-02,  1.46550359e-02,  1.46657145e-02,
        1.46802254e-02,  1.46921175e-02,  1.47093358e-02,  1.47374142e-02,
        1.47667928e-02,  1.48047078e-02,  1.48503520e-02,  1.49099212e-02,
        1.49808647e-02,  1.50668398e-02,  1.51695181e-02,  1.52761228e-02,
        1.53690251e-02,  1.54460603e-02,  1.55005632e-02,  1.55787906e-02,
        1.56706143e-02,  1.57536566e-02,  1.57898050e-02,  1.58128589e-02,
        1.58436969e-02,  1.58994664e-02,  1.59609690e-02,  1.60270091e-02,
        1.60971005e-02,  1.60914622e-02,  1.60273146e-02,  1.59379523e-02,
        1.58612244e-02,  1.57886781e-02,  1.57073699e-02,  1.56035423e-02,
        1.55345295e-02]), 'S22_real': array([0.99947518, 0.99923229, 0.99871719, 0.997917  , 0.99693787,
       0.99571854, 0.99446946, 0.99302977, 0.99129802, 0.9888224 ,
       0.98620409, 0.98356324, 0.98069477, 0.97794139, 0.97504073,
       0.97235918, 0.9696092 , 0.96671087, 0.96406156, 0.96138453,
       0.95861703, 0.95579928, 0.95244539, 0.94863731, 0.9455108 ,
       0.94230145, 0.93908155, 0.93516588, 0.93077433, 0.92718714,
       0.92334294, 0.91964608, 0.91668642, 0.91438144, 0.91036671,
       0.90727597, 0.90467471, 0.90214044, 0.89978296, 0.89782661,
       0.89441091, 0.89187241, 0.88977027, 0.88785082, 0.88526255,
       0.88271868, 0.88065529, 0.87852532, 0.87652206, 0.87486559,
       0.87312812, 0.87082928, 0.86842436, 0.86696374, 0.86585885,
       0.86461067, 0.86323398, 0.86185199, 0.86055624, 0.85935646,
       0.85816908, 0.85686958, 0.85553229, 0.85418165, 0.85323429,
       0.8521443 , 0.85090411, 0.84958887, 0.84821558, 0.84723157,
       0.84643817, 0.84554356, 0.84457254, 0.84360397, 0.84268332,
       0.84174854, 0.8406679 , 0.83928001, 0.83805448, 0.83700836,
       0.836052  , 0.83508801, 0.83419085, 0.83342165, 0.83265269,
       0.83191764, 0.83121961, 0.83032483, 0.82912219, 0.82806349,
       0.82727969, 0.82656002, 0.82589638, 0.82525223, 0.82463038,
       0.82403398, 0.82345796, 0.82272267, 0.82204658, 0.82140458,
       0.82082605, 0.82037902, 0.82020009, 0.82003099, 0.81973833,
       0.81909573, 0.81823868, 0.81731808, 0.81643981, 0.81554037,
       0.81445509, 0.81367338, 0.81311679, 0.81249595, 0.81164432,
       0.81072605, 0.81005466, 0.80948496, 0.80883002, 0.80817676,
       0.80749559, 0.80692697, 0.80637282, 0.80579537, 0.80525559,
       0.80493534, 0.80430925, 0.80318195, 0.80243051, 0.80187196,
       0.80134988, 0.80082268, 0.80027723, 0.79973853, 0.79927993,
       0.7985611 , 0.79782629, 0.7971496 , 0.79653412, 0.79595876,
       0.79537237, 0.79473495, 0.79410672, 0.79351348, 0.79297817,
       0.79246008, 0.79187375, 0.79127467, 0.7906751 , 0.79003036,
       0.78949809, 0.78899407, 0.78844714, 0.78784484, 0.78714406,
       0.78637809, 0.78561914, 0.78501463, 0.78429389, 0.78356886,
       0.78272784, 0.78185368, 0.781178  , 0.78051269, 0.77946395,
       0.77827847, 0.77811587, 0.77800226, 0.77776068, 0.77753699,
       0.77736646, 0.77692062, 0.77630222, 0.77569723, 0.77510136,
       0.77451205, 0.77382636, 0.77317953, 0.77259636, 0.77208722,
       0.77153844, 0.77105671, 0.77051747, 0.76989627, 0.76918292,
       0.76845813, 0.767748  , 0.76705623, 0.76635855, 0.7655853 ,
       0.76464081, 0.76359439, 0.76247329, 0.7617383 , 0.76097178,
       0.76018226, 0.75931495, 0.75820601, 0.75732142, 0.75654566,
       0.75574225, 0.75502437, 0.75445259, 0.75384557, 0.75316226,
       0.75278199, 0.75237703, 0.75205725, 0.75220478, 0.75221384,
       0.75196218, 0.75140667, 0.7507863 , 0.7501089 , 0.74933434,
       0.74828023, 0.74725723, 0.74621886, 0.74522161, 0.74431098,
       0.74324083, 0.74219167, 0.7411471 , 0.74008089, 0.7391845 ,
       0.73829561, 0.73727226, 0.73624158, 0.7352339 , 0.73419821,
       0.73339796, 0.73259008, 0.73176014, 0.73093456, 0.72971106,
       0.728163  , 0.72730708, 0.72641999, 0.72556245, 0.7247057 ,
       0.72389734, 0.72302151, 0.722242  , 0.72161329, 0.7212224 ,
       0.72075558, 0.72016859, 0.71960819, 0.71922809, 0.71867204,
       0.71813858, 0.71750998, 0.71665037, 0.7157768 , 0.71494353,
       0.71416491, 0.7134189 , 0.71284389, 0.7123915 , 0.71175158,
       0.71095574, 0.7100538 , 0.70900273, 0.70777512, 0.70653313,
       0.70551491, 0.70480192, 0.704193  , 0.7033484 , 0.70240891,
       0.7014277 , 0.70038033, 0.69929361, 0.69815171, 0.69729376,
       0.6963802 , 0.6951822 , 0.69382727, 0.69236875, 0.69089508,
       0.68940604, 0.68810987, 0.68724012, 0.68616855, 0.6849817 ,
       0.68373853, 0.68260652, 0.68158698, 0.6805017 , 0.6792227 ,
       0.67789185, 0.67651594, 0.67507058, 0.67397046, 0.67288256,
       0.67092729, 0.66895556, 0.6671654 , 0.66546667, 0.66387188,
       0.66248739]), 'S22_imag': array([-0.00425256, -0.00648832, -0.01175441, -0.02075509, -0.02790098,
       -0.03454454, -0.03945144, -0.04359095, -0.04932744, -0.05721078,
       -0.06329561, -0.06792489, -0.07385194, -0.07931948, -0.08434799,
       -0.08850072, -0.09248994, -0.09640685, -0.09966008, -0.1026614 ,
       -0.10556911, -0.10831386, -0.11142165, -0.11487108, -0.11851744,
       -0.12233064, -0.12602402, -0.12999241, -0.13368905, -0.13648476,
       -0.13939895, -0.14208087, -0.14405757, -0.14538591, -0.14788279,
       -0.14975145, -0.15124878, -0.15265113, -0.15389913, -0.15490198,
       -0.15693156, -0.15834326, -0.15952177, -0.16075099, -0.1623265 ,
       -0.16385032, -0.16508608, -0.16634938, -0.167514  , -0.16846174,
       -0.16944343, -0.17069954, -0.17204112, -0.17296284, -0.17377365,
       -0.17485012, -0.17615101, -0.1774314 , -0.17858347, -0.17964429,
       -0.18068463, -0.1817776 , -0.18287556, -0.1839688 , -0.18476352,
       -0.18578304, -0.18707785, -0.18843047, -0.18982346, -0.1910383 ,
       -0.19202149, -0.19305326, -0.19415078, -0.19524847, -0.19628842,
       -0.19733992, -0.19851772, -0.19993868, -0.20124993, -0.20228456,
       -0.2032724 , -0.20425625, -0.20525022, -0.2062434 , -0.20724109,
       -0.20822509, -0.20918339, -0.21048054, -0.21226068, -0.21393746,
       -0.21533437, -0.21662608, -0.21782282, -0.21898003, -0.22009301,
       -0.22116086, -0.22218898, -0.22355703, -0.22487655, -0.22612865,
       -0.2272497 , -0.22825271, -0.22913224, -0.23001024, -0.23097117,
       -0.23212433, -0.23332793, -0.23448355, -0.23561232, -0.23678137,
       -0.23798525, -0.23922232, -0.24051864, -0.24189325, -0.24360074,
       -0.2454617 , -0.24698412, -0.24826582, -0.24969149, -0.25110048,
       -0.25257012, -0.25375277, -0.2548458 , -0.25594687, -0.25697446,
       -0.25768828, -0.25910178, -0.2614308 , -0.2630201 , -0.26413774,
       -0.26517475, -0.26622754, -0.26754975, -0.26886433, -0.26998216,
       -0.2717194 , -0.2734912 , -0.27507463, -0.2764982 , -0.27788842,
       -0.27927417, -0.28084388, -0.28241402, -0.28388593, -0.28514111,
       -0.28630984, -0.28764871, -0.28904888, -0.29042503, -0.29192507,
       -0.29310927, -0.2942358 , -0.29549426, -0.29697549, -0.29869291,
       -0.30058596, -0.30229458, -0.30327976, -0.3044835 , -0.30569735,
       -0.30710569, -0.30853876, -0.31001976, -0.31148806, -0.31372696,
       -0.31625021, -0.31684962, -0.31739965, -0.31830761, -0.31948075,
       -0.32061899, -0.32167444, -0.3230564 , -0.32439771, -0.32570478,
       -0.3269752 , -0.32821691, -0.32941705, -0.33053392, -0.33155283,
       -0.33262682, -0.33361974, -0.33468297, -0.33575961, -0.33693662,
       -0.33812493, -0.3392826 , -0.34041387, -0.34156042, -0.34275195,
       -0.34406829, -0.34548515, -0.34700909, -0.34842926, -0.34992132,
       -0.35143372, -0.35304955, -0.35514298, -0.35663748, -0.35778812,
       -0.35898605, -0.36017954, -0.36126953, -0.3623597 , -0.36352971,
       -0.36476687, -0.36616379, -0.36740488, -0.36781666, -0.36863723,
       -0.36984792, -0.37133187, -0.37282375, -0.37434176, -0.37586123,
       -0.37753844, -0.37912095, -0.38071126, -0.38225567, -0.38382566,
       -0.38547903, -0.38709247, -0.38867095, -0.39031741, -0.39165676,
       -0.39312655, -0.39473671, -0.39631489, -0.39783475, -0.39936191,
       -0.40083921, -0.40231121, -0.40370843, -0.40507028, -0.4070349 ,
       -0.40948844, -0.41090694, -0.41235244, -0.41374505, -0.41513675,
       -0.41644055, -0.4178493 , -0.41909447, -0.42010549, -0.42094904,
       -0.4220933 , -0.42344153, -0.42472216, -0.42571318, -0.42671886,
       -0.42765388, -0.42865062, -0.42986268, -0.43110675, -0.43230474,
       -0.43347335, -0.43468109, -0.43579024, -0.43671227, -0.43779296,
       -0.439096  , -0.44052085, -0.44213298, -0.44397077, -0.44599855,
       -0.44805625, -0.44944501, -0.45062274, -0.45204669, -0.45351443,
       -0.45504352, -0.45668343, -0.4583708 , -0.46014377, -0.46133316,
       -0.46243525, -0.46377203, -0.46529475, -0.46698973, -0.46870551,
       -0.47028407, -0.47175947, -0.47302714, -0.47462371, -0.47638786,
       -0.47820139, -0.47980806, -0.48120734, -0.48269847, -0.48449299,
       -0.48634923, -0.48823199, -0.49014971, -0.49152032, -0.49276659,
       -0.49498346, -0.4972316 , -0.49928764, -0.50121772, -0.50302309,
       -0.50458205])}
2026-01-08 17:18:48 - INFO - 预测完成!
2026-01-08 17:18:48 - INFO - 计算幅度和相位...
2026-01-08 17:18:48 - INFO -   S11: 幅度范围 [0.9981, 0.9999], 相位范围 [-2.2°, 0.0°]
2026-01-08 17:18:48 - INFO -   S21: 幅度范围 [0.0001, 0.0165], 相位范围 [-55.3°, 103.7°]
2026-01-08 17:18:48 - INFO -   S12: 幅度范围 [0.0001, 0.0165], 相位范围 [-55.3°, 103.7°]
2026-01-08 17:18:48 - INFO -   S22: 幅度范围 [0.8328, 0.9995], 相位范围 [-37.3°, -0.2°]
2026-01-08 17:18:48 - INFO - 
计算预测误差...
2026-01-08 17:18:48 - INFO -   S11_real:
2026-01-08 17:18:48 - INFO -     绝对误差 - 均值: 0.205884, 最大: 0.345580
2026-01-08 17:18:48 - INFO -     相对误差 - 均值: 27.43%, 最大: 53.02%
2026-01-08 17:18:48 - INFO -   S11_imag:
2026-01-08 17:18:48 - INFO -     绝对误差 - 均值: 0.286390, 最大: 0.490112
2026-01-08 17:18:48 - INFO -     相对误差 - 均值: 93.98%, 最大: 101.25%
2026-01-08 17:18:48 - INFO -   S21_real:
2026-01-08 17:18:48 - INFO -     绝对误差 - 均值: 0.006116, 最大: 0.018543
2026-01-08 17:18:48 - INFO -     相对误差 - 均值: 191.52%, 最大: 11518.67%
2026-01-08 17:18:48 - INFO -   S21_imag:
2026-01-08 17:18:48 - INFO -     绝对误差 - 均值: 0.024147, 最大: 0.046859
2026-01-08 17:18:48 - INFO -     相对误差 - 均值: 78.16%, 最大: 640.94%
2026-01-08 17:18:48 - INFO -   S12_real:
2026-01-08 17:18:48 - INFO -     绝对误差 - 均值: 0.006116, 最大: 0.018543
2026-01-08 17:18:48 - INFO -     相对误差 - 均值: 191.52%, 最大: 11517.93%
2026-01-08 17:18:48 - INFO -   S12_imag:
2026-01-08 17:18:48 - INFO -     绝对误差 - 均值: 0.024147, 最大: 0.046859
2026-01-08 17:18:48 - INFO -     相对误差 - 均值: 78.16%, 最大: 640.94%
2026-01-08 17:18:48 - INFO -   S22_real:
2026-01-08 17:18:48 - INFO -     绝对误差 - 均值: 0.194463, 最大: 0.324365
2026-01-08 17:18:48 - INFO -     相对误差 - 均值: 19.60%, 最大: 32.87%
2026-01-08 17:18:48 - INFO -   S22_imag:
2026-01-08 17:18:48 - INFO -     绝对误差 - 均值: 0.240406, 最大: 0.405452
2026-01-08 17:18:48 - INFO -     相对误差 - 均值: 592.82%, 最大: 1621.02%
2026-01-08 17:18:48 - INFO - 
开始绘制S参数对比图，保存到: s_param_evaluation_results
2026-01-08 17:18:49 - INFO - 实部/虚部对比图已保存: s_param_evaluation_results/s_param_real_imag_comparison.png
2026-01-08 17:18:50 - INFO - dB对比图已保存: s_param_evaluation_results/s_param_db_comparison.png
2026-01-08 17:18:50 - INFO - 
绘制误差分析图...
2026-01-08 17:18:51 - INFO - 绝对误差图已保存: s_param_evaluation_results/absolute_error_vs_frequency.png
2026-01-08 17:18:51 - INFO - 相对误差分布图已保存: s_param_evaluation_results/relative_error_distribution.png
2026-01-08 17:18:51 - INFO - 
创建评估总结报告...
2026-01-08 17:18:51 - INFO - 评估报告已保存: s_param_evaluation_results/evaluation_report.txt
2026-01-08 17:18:51 - INFO - ================================================================================
S参数模型预测评估报告
================================================================================

生成时间: 2026-01-08 17:18:51

频率范围: 0.00 GHz 到 30.00 GHz
频率点数: 301

S11 误差统计:
  real绝对误差: 均值=0.205884, 最大=0.345580
  real相对误差: 均值=27.43%, 最大=53.02%
  imag绝对误差: 均值=0.286390, 最大=0.490112
  imag相对误差: 均值=93.66%, 最大=101.25%

S21 误差统计:
  real绝对误差: 均值=0.006116, 最大=0.018543
  real相对误差: 均值=107.63%, 最大=959.17%
  imag绝对误差: 均值=0.024147, 最大=0.046859
  imag相对误差: 均值=77.90%, 最大=640.94%

S12 误差统计:
  real绝对误差: 均值=0.006116, 最大=0.018543
  real相对误差: 均值=107.63%, 最大=959.19%
  imag绝对误差: 均值=0.024147, 最大=0.046859
  imag相对误差: 均值=77.90%, 最大=640.94%

S22 误差统计:
  real绝对误差: 均值=0.194463, 最大=0.324365
  real相对误差: 均值=19.60%, 最大=32.87%
  imag绝对误差: 均值=0.240406, 最大=0.405452
  imag相对误差: 均值=501.59%, 最大=992.45%


S参数dB误差统计:
  S11: RMSE=1.34 dB, MAE=1.28 dB
  S21: RMSE=15.74 dB, MAE=12.35 dB
  S12: RMSE=15.74 dB, MAE=12.35 dB
  S22: RMSE=1.32 dB, MAE=1.26 dB


总体性能评估:
  整体绝对误差: 均值=0.123458, 最大=0.490112
2026-01-08 17:18:51 - INFO - 
================================================================================
2026-01-08 17:18:51 - INFO - 评估完成!
2026-01-08 17:18:51 - INFO - 所有结果已保存到: s_param_evaluation_results
2026-01-08 17:18:51 - INFO - ================================================================================
2026-01-08 17:18:51 - INFO - 
程序运行完成，日志已保存到: logs/training_20260108_171839.log
2026-01-08 17:18:51 - INFO - ============================================================
