2026-01-07 17:24:51 - INFO - 日志文件保存到: logs/training_20260107_172451.log
2026-01-07 17:24:51 - INFO - 选择模型类型 (1: CnnNet, 2: ResidualNet): 
2026-01-07 17:24:55 - INFO - 选择运行模式 (1: 仅训练神经网络, 2: 仅运行遗传算法, 3: 完整流程): 
2026-01-07 17:24:56 - ERROR - /home/hhabu/work_src/DL_IOMN_src/example/main.py:502: FutureWarning: You are using `torch.load` with `weights_only=False` (the current default value), which uses the default pickle module implicitly. It is possible to construct malicious pickle data which will execute arbitrary code during unpickling (See https://github.com/pytorch/pytorch/blob/main/SECURITY.md#untrusted-models for more details). In a future release, the default value for `weights_only` will be flipped to `True`. This limits the functions that could be executed during unpickling. Arbitrary objects will no longer be allowed to be loaded via this mode unless they are explicitly allowlisted by the user via `torch.serialization.add_safe_globals`. We recommend you start setting `weights_only=True` for any use case where you don't have full control of the loaded file. Please open an issue on GitHub for any issues related to this experimental feature.
  checkpoint = torch.load(model_path)

2026-01-07 17:24:56 - INFO - 
==================================================
2026-01-07 17:24:56 - INFO - 创建空白模型：
2026-01-07 17:24:56 - INFO - 
==================================================
2026-01-07 17:24:56 - INFO - 
==================================================
2026-01-07 17:24:56 - INFO - 模型加载：
2026-01-07 17:24:56 - INFO - 
==================================================
2026-01-07 17:24:56 - INFO - ModelManager初始化完成，使用设备: cuda
2026-01-07 17:24:56 - INFO - 检查点目录: frequency_checkpoints/best_model.pth
2026-01-07 17:24:56 - INFO - 
============================================================
2026-01-07 17:24:56 - INFO - 启动矩阵结构遗传优化
2026-01-07 17:24:56 - INFO - ============================================================
2026-01-07 17:24:56 - INFO - ********************************
2026-01-07 17:24:56 - INFO - ================================================================================
2026-01-07 17:24:56 - INFO - 模型参数前10个值检查
2026-01-07 17:24:56 - INFO - ================================================================================
2026-01-07 17:24:57 - INFO - 模型总参数数量: 11,094,600
2026-01-07 17:24:57 - INFO - 前10个参数值:
2026-01-07 17:24:57 - INFO -   参数[0] = 0.00000000
2026-01-07 17:24:57 - INFO -   参数[1] = 0.00000000
2026-01-07 17:24:57 - INFO -   参数[2] = -0.00000000
2026-01-07 17:24:57 - INFO -   参数[3] = -0.00000000
2026-01-07 17:24:57 - INFO -   参数[4] = 0.00000000
2026-01-07 17:24:57 - INFO -   参数[5] = -0.00000000
2026-01-07 17:24:57 - INFO -   参数[6] = 0.00000000
2026-01-07 17:24:57 - INFO -   参数[7] = 0.00000000
2026-01-07 17:24:57 - INFO -   参数[8] = -0.00000000
2026-01-07 17:24:57 - INFO -   参数[9] = -0.00000000
2026-01-07 17:24:57 - INFO -   参数[10] = -0.00000000
2026-01-07 17:24:57 - INFO -   参数[11] = 0.00000000
2026-01-07 17:24:57 - INFO -   参数[12] = -0.00000000
2026-01-07 17:24:57 - INFO -   参数[13] = -0.21231136
2026-01-07 17:24:57 - INFO -   参数[14] = -0.00000000
2026-01-07 17:24:57 - INFO -   参数[15] = -0.00000000
2026-01-07 17:24:57 - INFO -   参数[16] = 0.00000000
2026-01-07 17:24:57 - INFO -   参数[17] = -0.00000000
2026-01-07 17:24:57 - INFO -   参数[18] = -0.00000000
2026-01-07 17:24:57 - INFO -   参数[19] = 0.00000000
2026-01-07 17:24:57 - INFO -   参数[20] = -0.00000000
2026-01-07 17:24:57 - INFO -   参数[21] = -0.00000000
2026-01-07 17:24:57 - INFO -   参数[22] = 0.00000000
2026-01-07 17:24:57 - INFO -   参数[23] = 0.00000000
2026-01-07 17:24:57 - INFO -   参数[24] = -0.00000000
2026-01-07 17:24:57 - INFO -   参数[25] = -0.00000000
2026-01-07 17:24:57 - INFO -   参数[26] = -0.00000000
2026-01-07 17:24:57 - INFO -   参数[27] = 0.00000000
2026-01-07 17:24:57 - INFO -   参数[28] = -0.00000000
2026-01-07 17:24:57 - INFO -   参数[29] = -0.00000000
2026-01-07 17:24:57 - INFO -   参数[30] = -0.00000000
2026-01-07 17:24:57 - INFO -   参数[31] = -0.00000000
2026-01-07 17:24:57 - INFO -   参数[32] = 0.00000000
2026-01-07 17:24:57 - INFO -   参数[33] = 0.00000000
2026-01-07 17:24:57 - INFO -   参数[34] = 0.00000000
2026-01-07 17:24:57 - INFO -   参数[35] = 0.00000000
2026-01-07 17:24:57 - INFO -   参数[36] = -0.00000000
2026-01-07 17:24:57 - INFO -   参数[37] = 0.00000000
2026-01-07 17:24:57 - INFO -   参数[38] = 0.00000000
2026-01-07 17:24:57 - INFO -   参数[39] = -0.00000000
2026-01-07 17:24:57 - INFO -   参数[40] = 0.00000000
2026-01-07 17:24:57 - INFO -   参数[41] = -0.00000000
2026-01-07 17:24:57 - INFO -   参数[42] = -0.00000000
2026-01-07 17:24:57 - INFO -   参数[43] = -0.00000000
2026-01-07 17:24:57 - INFO -   参数[44] = 0.00000000
2026-01-07 17:24:57 - INFO -   参数[45] = -0.00000000
2026-01-07 17:24:57 - INFO -   参数[46] = -0.00000000
2026-01-07 17:24:57 - INFO -   参数[47] = 0.00000000
2026-01-07 17:24:57 - INFO -   参数[48] = -0.00000000
2026-01-07 17:24:57 - INFO -   参数[49] = 0.00000000
2026-01-07 17:24:57 - INFO - 
参数统计:
2026-01-07 17:24:57 - INFO -   最小值: -0.21231136
2026-01-07 17:24:57 - INFO -   最大值: 0.00000000
2026-01-07 17:24:57 - INFO -   平均值: -0.00424623
2026-01-07 17:24:57 - INFO -   标准差: 0.02972359
2026-01-07 17:24:57 - INFO - 矩阵遗传算法初始化完成
2026-01-07 17:24:57 - INFO - 矩阵形状: (19, 19)
2026-01-07 17:24:57 - INFO - 总像素数: 361
2026-01-07 17:24:57 - INFO - 使用设备: cuda
2026-01-07 17:24:57 - INFO - 
============================================================
2026-01-07 17:24:57 - INFO - 启动遗传算法优化
2026-01-07 17:24:57 - INFO - ============================================================
2026-01-07 17:24:57 - INFO - 目标频率: 22000000000 GHz
2026-01-07 17:24:57 - INFO - 目标参数: {'gamma_opt': {'origin_value': 1, 'magnitude_db': 1, 'weight': 1.0}, 's11_real': -0.0445877, 's11_imag': 0.0125595, 's21_real': 0.914061, 's21_imag': -0.241433, 's12_real': 0.914061, 's12_imag': -0.241433, 's22_real': -0.04327, 's22_imag': 0.0114308, 'S21': {'magnitude_db': 0, 'weight': 0}, 'S11': {'magnitude_db': 0, 'weight': 0}, 'S22': {'magnitude_db': 0, 'weight': 0}, 'symmetry': {'weight': 0.3}, 'complexity': {'weight': 0.1}}
2026-01-07 17:24:57 - INFO - 种群大小: 1024
2026-01-07 17:24:57 - INFO - 进化代数: 100
2026-01-07 17:24:57 - INFO - 变异率: 0.1
2026-01-07 17:24:57 - INFO - 交叉率: 0.8
2026-01-07 17:24:57 - INFO - 精英数量: 5
2026-01-07 17:24:57 - INFO - tournament_size: 256
2026-01-07 17:24:57 - INFO - ============================================================
2026-01-07 17:24:57 - INFO - 创建初始种群 (大小: 4096)...
2026-01-07 17:24:57 - ERROR - 创建种群:   0%|          | 0/4096 [00:00<?, ?it/s]
2026-01-07 17:24:57 - ERROR - 创建种群: 100%|##########| 4096/4096 [00:00<00:00, 191455.42it/s]
2026-01-07 17:24:57 - ERROR - 遗传演进:   0%|          | 0/100 [00:00<?, ?it/s]
2026-01-07 17:24:57 - INFO - (tensor([[[[0., 1., 0., 0., 0., 1., 0., 0., 0., 1., 0., 0., 0., 0., 1., 0., 1.,
           1., 1.],
          [0., 1., 0., 1., 1., 1., 1., 1., 1., 1., 1., 0., 0., 1., 1., 1., 0.,
           1., 0.],
          [0., 0., 0., 0., 1., 1., 1., 1., 1., 0., 1., 1., 0., 1., 0., 1., 0.,
           1., 1.],
          [0., 0., 0., 0., 0., 0., 0., 0., 1., 1., 0., 1., 1., 1., 1., 0., 1.,
           0., 1.],
          [1., 1., 0., 1., 0., 1., 0., 1., 0., 0., 1., 0., 1., 1., 1., 1., 1.,
           1., 1.],
          [1., 1., 1., 1., 0., 0., 1., 1., 1., 1., 1., 1., 1., 1., 0., 1., 0.,
           1., 1.],
          [0., 1., 0., 1., 1., 0., 1., 0., 1., 0., 0., 1., 1., 0., 1., 1., 1.,
           0., 0.],
          [0., 0., 0., 0., 0., 0., 0., 1., 0., 1., 1., 1., 0., 0., 0., 0., 1.,
           0., 0.],
          [0., 0., 0., 1., 0., 1., 0., 1., 0., 0., 1., 1., 1., 0., 1., 0., 0.,
           1., 1.],
          [1., 0., 1., 1., 1., 0., 0., 0., 0., 0., 0., 1., 0., 0., 0., 1., 0.,
           0., 1.],
          [0., 0., 0., 0., 0., 1., 1., 1., 0., 0., 0., 1., 0., 0., 1., 0., 1.,
           1., 1.],
          [0., 0., 0., 0., 0., 0., 0., 1., 0., 1., 0., 0., 0., 1., 1., 1., 1.,
           0., 1.],
          [0., 0., 1., 1., 1., 1., 1., 1., 1., 1., 0., 1., 1., 0., 1., 0., 0.,
           1., 0.],
          [0., 0., 0., 1., 0., 1., 0., 0., 0., 0., 1., 1., 0., 0., 1., 0., 0.,
           0., 1.],
          [1., 1., 0., 0., 1., 1., 1., 1., 0., 1., 0., 1., 0., 1., 1., 1., 1.,
           0., 1.],
          [0., 0., 0., 0., 1., 0., 0., 0., 1., 1., 1., 1., 0., 0., 1., 0., 0.,
           0., 1.],
          [1., 0., 1., 1., 1., 1., 1., 0., 1., 0., 0., 1., 0., 0., 0., 1., 1.,
           0., 1.],
          [1., 1., 1., 0., 0., 1., 1., 0., 0., 1., 0., 1., 1., 0., 0., 1., 1.,
           0., 1.],
          [0., 1., 0., 0., 0., 1., 1., 0., 1., 0., 0., 1., 1., 0., 1., 1., 0.,
           0., 1.]]]], device='cuda:0'), tensor([[0.7324]], device='cuda:0'))
2026-01-07 17:24:57 - INFO - [ 0.99783397 -0.02874753  0.00171263  0.01238749  0.00171262  0.01238748
  0.74324083 -0.38547903]
2026-01-07 17:24:57 - INFO - {'S11_real': np.float32(0.99783397), 'S11_imag': np.float32(-0.028747533), 'S21_real': np.float32(0.0017126251), 'S21_imag': np.float32(0.012387488), 'S12_real': np.float32(0.0017126233), 'S12_imag': np.float32(0.012387484), 'S22_real': np.float32(0.74324083), 'S22_imag': np.float32(-0.38547903)}
2026-01-07 17:24:57 - INFO - (tensor([[[[0., 0., 1., 0., 0., 1., 1., 0., 0., 1., 1., 1., 1., 0., 1., 1., 0.,
           1., 0.],
          [1., 1., 1., 0., 0., 1., 0., 0., 0., 0., 0., 0., 1., 1., 0., 1., 1.,
           1., 1.],
          [0., 1., 1., 0., 0., 1., 1., 1., 1., 1., 1., 0., 1., 1., 0., 0., 0.,
           0., 1.],
          [1., 1., 1., 1., 1., 0., 1., 0., 0., 1., 0., 1., 0., 1., 0., 1., 1.,
           1., 1.],
          [1., 0., 0., 0., 1., 0., 1., 1., 0., 0., 1., 0., 1., 1., 1., 1., 1.,
           0., 0.],
          [1., 1., 0., 0., 1., 0., 1., 0., 1., 0., 1., 0., 0., 1., 0., 1., 0.,
           1., 0.],
          [1., 0., 1., 0., 1., 1., 1., 0., 1., 0., 1., 0., 1., 0., 0., 1., 0.,
           0., 1.],
          [0., 0., 0., 1., 0., 1., 0., 0., 0., 1., 0., 0., 1., 0., 1., 1., 0.,
           1., 0.],
          [1., 1., 0., 1., 1., 1., 1., 1., 0., 1., 0., 1., 0., 0., 1., 1., 1.,
           0., 1.],
          [1., 0., 0., 1., 1., 0., 0., 1., 0., 1., 0., 1., 0., 1., 0., 1., 1.,
           0., 1.],
          [1., 0., 1., 0., 1., 1., 1., 1., 1., 1., 0., 0., 0., 1., 1., 1., 1.,
           0., 0.],
          [1., 0., 0., 1., 0., 1., 0., 1., 1., 1., 1., 0., 1., 1., 1., 0., 1.,
           0., 1.],
          [0., 0., 1., 0., 1., 1., 1., 0., 0., 1., 1., 0., 1., 1., 1., 0., 0.,
           0., 1.],
          [1., 1., 0., 1., 1., 1., 1., 0., 0., 1., 0., 0., 1., 1., 0., 1., 0.,
           1., 0.],
          [1., 0., 0., 0., 1., 0., 0., 1., 1., 0., 0., 1., 1., 1., 1., 1., 0.,
           1., 0.],
          [0., 0., 1., 0., 0., 1., 0., 0., 1., 0., 0., 0., 1., 1., 1., 0., 0.,
           1., 0.],
          [0., 1., 1., 0., 0., 0., 1., 1., 1., 1., 0., 1., 1., 1., 1., 1., 0.,
           0., 1.],
          [0., 1., 1., 0., 0., 1., 1., 1., 0., 1., 1., 1., 0., 1., 1., 0., 1.,
           1., 0.],
          [1., 0., 0., 1., 1., 1., 1., 0., 1., 0., 1., 1., 1., 0., 1., 1., 1.,
           1., 0.]]]], device='cuda:0'), tensor([[0.7324]], device='cuda:0'))
2026-01-07 17:24:57 - INFO - [ 9.9094522e-01 -6.5590426e-02 -6.6096883e-04  3.2238401e-03
 -6.6096883e-04  3.2238476e-03  9.9536467e-01 -4.4631884e-02]
2026-01-07 17:24:57 - INFO - {'S11_real': np.float32(0.9909452), 'S11_imag': np.float32(-0.06559043), 'S21_real': np.float32(-0.0006609688), 'S21_imag': np.float32(0.0032238401), 'S12_real': np.float32(-0.0006609688), 'S12_imag': np.float32(0.0032238476), 'S22_real': np.float32(0.99536467), 'S22_imag': np.float32(-0.044631884)}
2026-01-07 17:24:57 - INFO - (tensor([[[[1., 0., 0., 0., 0., 0., 0., 1., 0., 0., 0., 1., 1., 0., 1., 0., 0.,
           1., 0.],
          [1., 1., 0., 0., 1., 0., 0., 0., 1., 1., 0., 1., 1., 1., 1., 1., 0.,
           0., 0.],
          [1., 1., 0., 1., 0., 0., 0., 1., 1., 0., 0., 0., 0., 1., 1., 0., 0.,
           1., 1.],
          [0., 0., 0., 1., 1., 1., 0., 0., 1., 1., 0., 1., 1., 0., 1., 0., 0.,
           0., 0.],
          [0., 0., 0., 1., 0., 0., 1., 1., 1., 0., 1., 0., 0., 0., 0., 1., 1.,
           0., 0.],
          [0., 1., 0., 0., 1., 1., 0., 1., 1., 0., 1., 0., 1., 0., 0., 0., 1.,
           0., 1.],
          [0., 0., 1., 0., 0., 1., 0., 0., 0., 0., 1., 1., 0., 1., 0., 1., 0.,
           0., 0.],
          [0., 0., 0., 1., 0., 1., 0., 1., 1., 1., 0., 0., 1., 0., 1., 0., 1.,
           1., 0.],
          [1., 0., 1., 1., 0., 0., 0., 1., 0., 1., 1., 0., 0., 1., 1., 0., 0.,
           0., 0.],
          [1., 1., 1., 1., 1., 0., 0., 0., 1., 1., 0., 0., 1., 1., 0., 0., 1.,
           0., 1.],
          [0., 1., 1., 1., 1., 1., 1., 1., 0., 0., 0., 0., 0., 0., 0., 1., 1.,
           0., 0.],
          [1., 0., 0., 1., 0., 1., 0., 1., 1., 1., 0., 1., 0., 0., 0., 0., 1.,
           1., 0.],
          [0., 1., 0., 1., 0., 0., 1., 0., 1., 0., 0., 0., 1., 0., 0., 0., 0.,
           1., 1.],
          [0., 1., 0., 0., 0., 1., 1., 1., 1., 1., 1., 1., 1., 1., 0., 1., 1.,
           1., 1.],
          [1., 1., 1., 1., 1., 1., 1., 0., 0., 1., 1., 0., 1., 0., 0., 0., 0.,
           0., 1.],
          [0., 1., 1., 0., 0., 1., 0., 0., 1., 1., 0., 1., 0., 0., 0., 1., 1.,
           1., 1.],
          [1., 0., 0., 0., 0., 1., 0., 1., 0., 1., 1., 0., 0., 0., 0., 1., 0.,
           0., 1.],
          [0., 0., 0., 0., 0., 1., 0., 0., 0., 0., 0., 1., 0., 1., 1., 0., 0.,
           0., 0.],
          [1., 0., 0., 0., 0., 0., 0., 1., 1., 0., 0., 0., 1., 0., 1., 0., 0.,
           0., 0.]]]], device='cuda:0'), tensor([[0.7324]], device='cuda:0'))
2026-01-07 17:24:57 - INFO - [ 8.1503427e-01 -3.2552177e-01  4.2736807e-04  1.0359103e-02
  4.2736621e-04  1.0359099e-02  9.9717432e-01 -2.9773407e-02]
2026-01-07 17:24:57 - INFO - {'S11_real': np.float32(0.8150343), 'S11_imag': np.float32(-0.32552177), 'S21_real': np.float32(0.00042736807), 'S21_imag': np.float32(0.010359103), 'S12_real': np.float32(0.0004273662), 'S12_imag': np.float32(0.010359099), 'S22_real': np.float32(0.9971743), 'S22_imag': np.float32(-0.029773407)}
2026-01-07 17:24:57 - INFO - (tensor([[[[1., 1., 0., 0., 1., 1., 1., 1., 0., 1., 0., 1., 1., 1., 1., 1., 0.,
           0., 1.],
          [1., 0., 1., 1., 0., 1., 1., 0., 0., 0., 1., 0., 0., 0., 0., 0., 0.,
           1., 1.],
          [0., 0., 0., 1., 1., 1., 1., 1., 1., 1., 1., 1., 0., 0., 0., 0., 1.,
           1., 0.],
          [1., 0., 1., 0., 1., 1., 0., 1., 0., 0., 0., 0., 1., 1., 1., 0., 1.,
           0., 1.],
          [1., 1., 0., 1., 1., 0., 1., 0., 1., 0., 0., 1., 0., 0., 0., 0., 0.,
           0., 1.],
          [0., 0., 1., 1., 1., 1., 1., 1., 1., 0., 0., 1., 0., 0., 0., 1., 1.,
           0., 1.],
          [0., 0., 0., 0., 1., 1., 1., 0., 1., 0., 1., 0., 0., 0., 1., 1., 1.,
           1., 0.],
          [1., 1., 0., 0., 0., 1., 0., 0., 0., 1., 0., 1., 1., 0., 0., 1., 0.,
           0., 1.],
          [1., 0., 1., 0., 0., 0., 1., 0., 0., 0., 1., 1., 1., 1., 1., 0., 1.,
           1., 1.],
          [1., 1., 1., 0., 1., 0., 0., 0., 0., 0., 1., 0., 0., 1., 0., 1., 1.,
           1., 1.],
          [0., 0., 1., 0., 0., 0., 1., 1., 0., 0., 0., 0., 1., 1., 1., 1., 0.,
           0., 0.],
          [1., 0., 1., 1., 0., 0., 0., 1., 0., 1., 0., 1., 1., 0., 1., 1., 0.,
           1., 0.],
          [1., 0., 0., 1., 1., 1., 1., 1., 0., 1., 0., 0., 1., 0., 0., 0., 0.,
           1., 0.],
          [1., 1., 0., 1., 1., 1., 0., 1., 1., 1., 0., 1., 0., 0., 0., 0., 0.,
           0., 1.],
          [0., 1., 1., 0., 1., 1., 1., 1., 0., 1., 0., 1., 1., 0., 1., 1., 1.,
           0., 1.],
          [0., 1., 0., 0., 1., 1., 0., 0., 1., 0., 1., 1., 1., 1., 0., 1., 0.,
           1., 0.],
          [1., 0., 0., 1., 1., 1., 1., 0., 1., 0., 0., 1., 0., 0., 0., 0., 1.,
           1., 1.],
          [1., 0., 0., 1., 1., 1., 0., 1., 1., 1., 0., 0., 0., 0., 0., 0., 0.,
           0., 1.],
          [1., 0., 0., 1., 0., 0., 0., 1., 1., 1., 1., 1., 0., 1., 0., 0., 1.,
           1., 0.]]]], device='cuda:0'), tensor([[0.7324]], device='cuda:0'))
2026-01-07 17:24:57 - INFO - [ 0.87429607 -0.27046975  0.01805196  0.05501002  0.01805196  0.05501002
  0.9242353  -0.2233466 ]
2026-01-07 17:24:57 - INFO - {'S11_real': np.float32(0.87429607), 'S11_imag': np.float32(-0.27046975), 'S21_real': np.float32(0.018051958), 'S21_imag': np.float32(0.055010017), 'S12_real': np.float32(0.018051958), 'S12_imag': np.float32(0.05501002), 'S22_real': np.float32(0.9242353), 'S22_imag': np.float32(-0.2233466)}
2026-01-07 17:24:57 - INFO - (tensor([[[[0., 0., 1., 1., 1., 1., 1., 0., 1., 0., 0., 0., 1., 1., 1., 0., 0.,
           0., 0.],
          [0., 0., 1., 1., 1., 1., 0., 0., 1., 0., 1., 1., 1., 0., 1., 1., 1.,
           0., 0.],
          [1., 0., 0., 0., 0., 0., 0., 0., 0., 0., 0., 1., 1., 0., 1., 1., 0.,
           0., 0.],
          [1., 1., 0., 0., 0., 1., 1., 1., 1., 0., 0., 0., 0., 1., 1., 0., 0.,
           1., 0.],
          [1., 0., 0., 0., 0., 0., 0., 0., 1., 1., 1., 1., 1., 0., 0., 1., 0.,
           1., 1.],
          [0., 0., 0., 1., 0., 1., 1., 1., 0., 0., 1., 0., 0., 0., 1., 1., 0.,
           1., 0.],
          [0., 0., 0., 1., 1., 1., 0., 0., 0., 1., 0., 1., 1., 1., 1., 1., 1.,
           0., 0.],
          [1., 1., 0., 1., 1., 0., 1., 1., 1., 0., 0., 0., 1., 1., 0., 1., 1.,
           1., 1.],
          [1., 0., 1., 0., 1., 0., 1., 0., 1., 0., 1., 0., 1., 0., 0., 1., 1.,
           0., 1.],
          [1., 0., 0., 1., 0., 0., 1., 1., 1., 1., 0., 0., 0., 0., 1., 0., 0.,
           1., 1.],
          [0., 0., 0., 0., 0., 1., 1., 0., 0., 1., 0., 0., 0., 1., 0., 1., 0.,
           1., 1.],
          [0., 1., 0., 1., 0., 0., 1., 0., 0., 1., 0., 0., 1., 1., 0., 0., 1.,
           1., 0.],
          [1., 0., 0., 0., 0., 0., 1., 1., 1., 1., 0., 0., 0., 0., 1., 0., 0.,
           1., 1.],
          [1., 1., 0., 0., 1., 0., 0., 0., 1., 0., 1., 0., 0., 0., 1., 0., 1.,
           1., 1.],
          [0., 0., 0., 0., 1., 1., 1., 0., 1., 0., 1., 0., 0., 1., 1., 1., 1.,
           0., 1.],
          [1., 1., 0., 0., 1., 0., 1., 0., 0., 0., 0., 1., 1., 1., 0., 1., 1.,
           1., 0.],
          [0., 0., 1., 1., 1., 0., 0., 1., 0., 0., 0., 0., 1., 0., 0., 0., 0.,
           1., 1.],
          [0., 0., 0., 0., 0., 0., 1., 0., 1., 1., 0., 1., 1., 1., 1., 1., 1.,
           0., 1.],
          [1., 1., 0., 1., 0., 1., 0., 0., 1., 1., 0., 1., 0., 0., 0., 0., 0.,
           1., 0.]]]], device='cuda:0'), tensor([[0.7324]], device='cuda:0'))
2026-01-07 17:24:57 - INFO - [ 0.98954576 -0.06728265  0.0058193   0.02947958  0.0058193   0.02947959
  0.74042994 -0.3930245 ]
2026-01-07 17:24:57 - INFO - {'S11_real': np.float32(0.98954576), 'S11_imag': np.float32(-0.067282654), 'S21_real': np.float32(0.005819299), 'S21_imag': np.float32(0.029479584), 'S12_real': np.float32(0.0058193007), 'S12_imag': np.float32(0.029479587), 'S22_real': np.float32(0.74042994), 'S22_imag': np.float32(-0.3930245)}
2026-01-07 17:24:57 - INFO - (tensor([[[[0., 1., 0., 1., 1., 1., 0., 0., 0., 1., 0., 1., 0., 1., 0., 0., 0.,
           1., 1.],
          [0., 0., 1., 1., 1., 0., 1., 0., 1., 0., 1., 1., 1., 1., 1., 0., 1.,
           1., 1.],
          [0., 1., 0., 1., 1., 0., 1., 0., 0., 1., 0., 1., 1., 0., 0., 0., 0.,
           1., 1.],
          [0., 1., 1., 1., 1., 0., 0., 1., 0., 0., 0., 1., 1., 1., 0., 1., 1.,
           0., 1.],
          [1., 0., 0., 0., 1., 1., 1., 0., 0., 1., 1., 0., 0., 0., 0., 1., 0.,
           1., 1.],
          [1., 0., 0., 0., 0., 1., 0., 0., 1., 0., 1., 1., 1., 1., 1., 1., 1.,
           1., 0.],
          [0., 0., 0., 1., 0., 1., 0., 0., 0., 1., 0., 1., 1., 0., 0., 0., 1.,
           0., 1.],
          [1., 0., 0., 1., 1., 1., 0., 1., 0., 1., 1., 0., 1., 0., 0., 1., 0.,
           0., 1.],
          [0., 0., 0., 1., 0., 1., 1., 0., 0., 0., 1., 0., 0., 0., 0., 0., 1.,
           1., 0.],
          [1., 0., 0., 1., 0., 1., 1., 0., 1., 1., 1., 1., 0., 0., 1., 0., 0.,
           0., 1.],
          [0., 1., 0., 0., 0., 0., 1., 1., 1., 1., 0., 1., 0., 0., 0., 0., 0.,
           1., 1.],
          [1., 1., 0., 1., 0., 1., 0., 0., 1., 0., 0., 1., 0., 1., 1., 1., 0.,
           0., 0.],
          [1., 0., 1., 1., 0., 1., 0., 0., 0., 0., 0., 1., 1., 1., 0., 0., 0.,
           1., 0.],
          [1., 1., 0., 0., 1., 0., 1., 0., 0., 1., 0., 1., 0., 1., 1., 0., 1.,
           0., 0.],
          [0., 1., 1., 0., 0., 1., 0., 0., 1., 0., 1., 0., 1., 0., 0., 1., 0.,
           1., 0.],
          [1., 1., 1., 1., 0., 0., 1., 1., 1., 0., 0., 0., 0., 1., 1., 1., 0.,
           0., 0.],
          [1., 1., 0., 1., 0., 0., 1., 0., 1., 0., 1., 1., 1., 0., 0., 1., 1.,
           0., 0.],
          [0., 1., 0., 0., 1., 0., 0., 0., 1., 1., 1., 1., 1., 1., 1., 0., 0.,
           1., 0.],
          [0., 1., 0., 0., 0., 0., 0., 1., 1., 1., 0., 1., 0., 0., 0., 0., 1.,
           1., 0.]]]], device='cuda:0'), tensor([[0.7324]], device='cuda:0'))
2026-01-07 17:24:57 - INFO - [ 9.9757439e-01 -2.8368035e-02 -1.9892026e-04  3.9136779e-04
 -1.9891839e-04  3.9136407e-04  9.9259722e-01 -5.4431371e-02]
2026-01-07 17:24:57 - INFO - {'S11_real': np.float32(0.9975744), 'S11_imag': np.float32(-0.028368035), 'S21_real': np.float32(-0.00019892026), 'S21_imag': np.float32(0.0003913678), 'S12_real': np.float32(-0.0001989184), 'S12_imag': np.float32(0.00039136407), 'S22_real': np.float32(0.9925972), 'S22_imag': np.float32(-0.05443137)}
2026-01-07 17:24:57 - INFO - (tensor([[[[1., 0., 1., 1., 0., 1., 0., 1., 0., 0., 1., 1., 0., 1., 1., 0., 0.,
           1., 0.],
          [0., 0., 1., 1., 0., 1., 0., 1., 0., 0., 1., 0., 1., 1., 0., 0., 1.,
           0., 0.],
          [0., 0., 0., 1., 1., 0., 0., 0., 1., 0., 1., 1., 1., 0., 1., 0., 1.,
           0., 1.],
          [0., 1., 0., 0., 0., 0., 1., 1., 0., 1., 0., 0., 1., 0., 0., 1., 0.,
           0., 0.],
          [0., 1., 1., 1., 0., 0., 1., 0., 0., 0., 0., 1., 1., 1., 0., 1., 1.,
           0., 0.],
          [1., 1., 1., 1., 0., 1., 1., 0., 1., 0., 0., 0., 1., 1., 0., 1., 1.,
           0., 0.],
          [1., 0., 1., 1., 1., 1., 0., 0., 0., 0., 1., 1., 0., 1., 1., 1., 0.,
           0., 0.],
          [1., 0., 0., 0., 0., 0., 0., 1., 1., 0., 0., 1., 1., 0., 0., 0., 0.,
           1., 0.],
          [0., 0., 0., 1., 1., 1., 0., 0., 1., 0., 0., 1., 1., 1., 1., 0., 0.,
           1., 0.],
          [1., 1., 0., 1., 0., 0., 0., 0., 1., 0., 1., 1., 1., 1., 0., 0., 1.,
           1., 1.],
          [1., 0., 1., 0., 1., 1., 0., 1., 1., 0., 1., 0., 0., 1., 1., 1., 1.,
           1., 1.],
          [1., 0., 1., 0., 1., 1., 0., 1., 1., 0., 1., 1., 1., 0., 1., 1., 1.,
           1., 0.],
          [0., 1., 1., 0., 0., 1., 0., 1., 0., 0., 0., 0., 1., 0., 0., 1., 0.,
           0., 1.],
          [0., 1., 1., 1., 1., 0., 1., 0., 0., 0., 0., 0., 0., 0., 0., 0., 0.,
           1., 1.],
          [1., 0., 1., 1., 1., 0., 0., 0., 0., 1., 1., 1., 1., 0., 0., 0., 1.,
           0., 0.],
          [1., 1., 0., 0., 0., 0., 0., 0., 1., 1., 1., 0., 1., 0., 0., 1., 0.,
           0., 1.],
          [1., 1., 0., 1., 1., 0., 1., 1., 1., 0., 0., 0., 0., 1., 0., 0., 1.,
           1., 1.],
          [0., 0., 0., 1., 1., 0., 1., 1., 1., 0., 1., 1., 0., 0., 1., 1., 0.,
           0., 1.],
          [1., 1., 1., 0., 1., 1., 0., 1., 0., 1., 1., 0., 0., 1., 1., 1., 0.,
           1., 0.]]]], device='cuda:0'), tensor([[0.7324]], device='cuda:0'))
2026-01-07 17:24:57 - INFO - [ 9.8559183e-01 -7.5816192e-02  9.0260990e-05  1.1952945e-02
  9.0257265e-05  1.1952938e-02  9.1492534e-01 -2.1049146e-01]
2026-01-07 17:24:57 - INFO - {'S11_real': np.float32(0.9855918), 'S11_imag': np.float32(-0.07581619), 'S21_real': np.float32(9.026099e-05), 'S21_imag': np.float32(0.011952945), 'S12_real': np.float32(9.0257265e-05), 'S12_imag': np.float32(0.011952938), 'S22_real': np.float32(0.91492534), 'S22_imag': np.float32(-0.21049146)}
2026-01-07 17:24:57 - INFO - (tensor([[[[0., 1., 0., 1., 1., 1., 1., 1., 0., 0., 1., 1., 0., 0., 0., 0., 1.,
           1., 0.],
          [1., 0., 1., 0., 1., 0., 0., 1., 0., 1., 1., 0., 1., 1., 1., 1., 1.,
           0., 1.],
          [1., 1., 1., 1., 0., 1., 0., 0., 0., 0., 1., 0., 0., 1., 1., 1., 0.,
           1., 1.],
          [0., 1., 1., 1., 1., 0., 1., 1., 0., 1., 0., 1., 0., 0., 0., 0., 1.,
           0., 1.],
          [0., 0., 0., 1., 0., 1., 1., 1., 1., 1., 1., 1., 1., 1., 0., 0., 0.,
           0., 0.],
          [1., 1., 1., 1., 1., 1., 1., 0., 0., 0., 0., 1., 1., 1., 0., 1., 1.,
           1., 0.],
          [1., 0., 0., 0., 0., 1., 0., 0., 1., 1., 0., 1., 0., 0., 0., 0., 1.,
           0., 1.],
          [1., 1., 1., 0., 1., 0., 1., 1., 0., 0., 0., 1., 1., 0., 0., 0., 0.,
           1., 0.],
          [0., 0., 0., 1., 0., 1., 0., 0., 1., 0., 1., 1., 0., 1., 1., 1., 1.,
           1., 1.],
          [1., 1., 0., 0., 1., 0., 1., 1., 0., 1., 1., 1., 1., 0., 1., 1., 1.,
           0., 1.],
          [0., 0., 1., 1., 0., 1., 0., 0., 1., 1., 0., 0., 0., 0., 1., 1., 1.,
           1., 1.],
          [0., 1., 1., 1., 1., 1., 0., 0., 0., 1., 0., 0., 1., 1., 1., 0., 0.,
           1., 1.],
          [0., 0., 1., 1., 0., 1., 0., 0., 0., 0., 1., 1., 0., 0., 0., 0., 0.,
           1., 1.],
          [1., 1., 0., 0., 0., 0., 0., 1., 0., 1., 1., 1., 1., 0., 1., 1., 1.,
           0., 0.],
          [0., 1., 1., 0., 1., 0., 0., 1., 1., 1., 1., 0., 0., 0., 0., 0., 1.,
           0., 0.],
          [0., 1., 1., 1., 1., 0., 0., 1., 1., 0., 0., 1., 1., 1., 1., 0., 0.,
           0., 1.],
          [1., 0., 0., 0., 0., 1., 0., 0., 0., 0., 0., 0., 0., 1., 1., 1., 1.,
           0., 1.],
          [1., 0., 0., 1., 1., 0., 1., 0., 0., 0., 0., 1., 0., 0., 1., 0., 1.,
           1., 1.],
          [0., 1., 1., 0., 1., 1., 1., 1., 1., 0., 1., 1., 0., 0., 0., 1., 0.,
           1., 1.]]]], device='cuda:0'), tensor([[0.7324]], device='cuda:0'))
2026-01-07 17:24:57 - INFO - [ 0.9956905  -0.04687284  0.00590644  0.02875306  0.00590644  0.02875304
  0.7320969  -0.4027961 ]
2026-01-07 17:24:57 - INFO - {'S11_real': np.float32(0.9956905), 'S11_imag': np.float32(-0.04687284), 'S21_real': np.float32(0.005906438), 'S21_imag': np.float32(0.02875306), 'S12_real': np.float32(0.0059064436), 'S12_imag': np.float32(0.028753042), 'S22_real': np.float32(0.7320969), 'S22_imag': np.float32(-0.4027961)}
2026-01-07 17:24:57 - INFO - (tensor([[[[0., 0., 1., 0., 1., 0., 0., 0., 1., 0., 1., 1., 1., 1., 0., 1., 1.,
           0., 1.],
          [0., 1., 0., 1., 0., 1., 1., 0., 0., 0., 0., 1., 1., 0., 1., 0., 0.,
           1., 1.],
          [1., 1., 1., 1., 1., 0., 0., 0., 0., 0., 1., 0., 0., 0., 0., 0., 0.,
           0., 1.],
          [1., 0., 1., 1., 1., 1., 0., 1., 1., 1., 0., 0., 0., 0., 0., 0., 0.,
           1., 1.],
          [1., 0., 0., 0., 0., 0., 1., 1., 0., 0., 0., 0., 1., 0., 0., 0., 0.,
           1., 0.],
          [0., 1., 1., 1., 0., 0., 1., 1., 1., 1., 1., 1., 0., 0., 0., 1., 1.,
           1., 1.],
          [1., 1., 0., 0., 1., 0., 1., 0., 1., 1., 0., 0., 1., 1., 0., 0., 1.,
           0., 1.],
          [1., 1., 1., 0., 0., 0., 0., 0., 0., 0., 1., 0., 0., 1., 0., 0., 1.,
           0., 0.],
          [0., 1., 0., 0., 1., 0., 1., 1., 0., 1., 1., 0., 1., 1., 0., 0., 0.,
           1., 0.],
          [1., 1., 1., 1., 1., 1., 1., 0., 0., 1., 1., 0., 1., 0., 0., 0., 1.,
           1., 1.],
          [0., 0., 0., 0., 1., 0., 1., 0., 1., 1., 1., 1., 1., 1., 0., 1., 0.,
           1., 1.],
          [0., 1., 0., 0., 0., 0., 1., 1., 0., 1., 1., 0., 1., 0., 0., 1., 1.,
           1., 0.],
          [0., 1., 1., 1., 1., 0., 1., 0., 0., 1., 1., 1., 0., 1., 1., 0., 1.,
           0., 1.],
          [0., 1., 1., 0., 0., 1., 0., 0., 0., 0., 1., 1., 0., 0., 0., 0., 1.,
           1., 0.],
          [0., 0., 1., 0., 1., 0., 1., 0., 1., 0., 0., 0., 1., 0., 1., 1., 0.,
           0., 0.],
          [1., 0., 1., 1., 0., 0., 0., 0., 0., 0., 1., 1., 1., 0., 1., 1., 1.,
           1., 1.],
          [0., 0., 1., 1., 1., 0., 0., 1., 0., 0., 1., 0., 0., 1., 0., 0., 1.,
           0., 0.],
          [1., 1., 1., 0., 1., 0., 1., 0., 1., 1., 1., 1., 0., 1., 1., 0., 1.,
           0., 1.],
          [1., 1., 0., 1., 1., 1., 0., 0., 1., 0., 1., 1., 1., 1., 1., 1., 1.,
           0., 0.]]]], device='cuda:0'), tensor([[0.7324]], device='cuda:0'))
2026-01-07 17:24:57 - INFO - [ 0.03943515 -0.02931802  0.9098128  -0.20209587  0.9098128  -0.20209585
  0.03921568 -0.01228882]
2026-01-07 17:24:57 - INFO - {'S11_real': np.float32(0.03943515), 'S11_imag': np.float32(-0.02931802), 'S21_real': np.float32(0.9098128), 'S21_imag': np.float32(-0.20209587), 'S12_real': np.float32(0.9098128), 'S12_imag': np.float32(-0.20209585), 'S22_real': np.float32(0.039215676), 'S22_imag': np.float32(-0.012288816)}
2026-01-07 17:24:57 - INFO - (tensor([[[[0., 0., 0., 0., 0., 1., 1., 1., 1., 0., 0., 1., 1., 0., 1., 1., 1.,
           1., 0.],
          [1., 1., 0., 0., 1., 0., 1., 1., 0., 1., 1., 1., 1., 0., 0., 1., 0.,
           1., 1.],
          [1., 1., 1., 0., 1., 0., 0., 1., 1., 1., 1., 1., 0., 1., 1., 0., 0.,
           1., 0.],
          [1., 0., 0., 1., 0., 0., 0., 0., 0., 0., 1., 1., 0., 1., 1., 1., 0.,
           1., 0.],
          [1., 0., 0., 1., 1., 0., 1., 1., 1., 0., 0., 1., 1., 1., 0., 0., 1.,
           1., 1.],
          [1., 1., 1., 0., 1., 0., 1., 1., 0., 0., 0., 0., 1., 0., 1., 0., 1.,
           1., 1.],
          [1., 1., 1., 0., 1., 0., 0., 1., 0., 1., 0., 1., 0., 1., 1., 1., 1.,
           0., 1.],
          [0., 0., 0., 1., 0., 0., 0., 1., 1., 0., 1., 1., 0., 0., 1., 0., 1.,
           1., 1.],
          [1., 1., 1., 0., 0., 1., 1., 1., 0., 1., 0., 1., 1., 0., 0., 1., 1.,
           1., 0.],
          [1., 0., 0., 0., 0., 1., 1., 0., 1., 1., 0., 1., 0., 0., 1., 0., 0.,
           0., 1.],
          [0., 0., 0., 0., 1., 1., 1., 0., 0., 1., 1., 1., 0., 1., 1., 0., 1.,
           0., 0.],
          [0., 1., 1., 0., 1., 1., 1., 1., 0., 1., 0., 0., 1., 0., 1., 1., 0.,
           0., 0.],
          [0., 1., 1., 1., 0., 0., 0., 1., 0., 1., 0., 1., 1., 0., 0., 1., 1.,
           0., 0.],
          [1., 0., 1., 1., 0., 0., 0., 0., 0., 1., 1., 0., 0., 0., 1., 0., 0.,
           1., 1.],
          [0., 0., 0., 1., 0., 0., 0., 1., 1., 0., 0., 1., 1., 1., 1., 1., 1.,
           1., 1.],
          [1., 0., 0., 0., 1., 0., 1., 1., 0., 1., 0., 0., 0., 1., 0., 1., 0.,
           0., 0.],
          [1., 1., 1., 0., 0., 1., 1., 1., 1., 1., 1., 0., 1., 0., 0., 1., 1.,
           0., 1.],
          [1., 0., 0., 0., 1., 0., 1., 0., 0., 0., 1., 1., 0., 0., 0., 1., 0.,
           1., 0.],
          [0., 0., 0., 0., 0., 1., 0., 1., 0., 0., 1., 0., 1., 1., 0., 1., 1.,
           0., 1.]]]], device='cuda:0'), tensor([[0.7324]], device='cuda:0'))
2026-01-07 17:24:57 - INFO - [ 9.9084383e-01 -5.8505878e-02 -5.8649475e-04  4.2754409e-04
 -5.8649195e-04  4.2755154e-04  9.9760419e-01 -3.2474831e-02]
2026-01-07 17:24:57 - INFO - {'S11_real': np.float32(0.99084383), 'S11_imag': np.float32(-0.058505878), 'S21_real': np.float32(-0.00058649475), 'S21_imag': np.float32(0.0004275441), 'S12_real': np.float32(-0.00058649195), 'S12_imag': np.float32(0.00042755154), 'S22_real': np.float32(0.9976042), 'S22_imag': np.float32(-0.03247483)}
2026-01-07 17:24:57 - INFO - (tensor([[[[0., 0., 0., 0., 1., 0., 0., 1., 0., 0., 1., 1., 1., 1., 1., 1., 1.,
           0., 1.],
          [1., 1., 0., 0., 1., 1., 1., 0., 0., 1., 0., 1., 0., 0., 1., 1., 1.,
           1., 0.],
          [0., 0., 1., 0., 1., 0., 1., 1., 0., 1., 1., 0., 1., 1., 1., 0., 0.,
           1., 0.],
          [1., 1., 1., 1., 1., 0., 1., 0., 0., 1., 1., 0., 0., 0., 1., 0., 1.,
           1., 1.],
          [0., 1., 1., 1., 1., 1., 0., 1., 1., 0., 1., 0., 1., 0., 0., 1., 1.,
           1., 0.],
          [0., 0., 1., 0., 0., 1., 0., 0., 1., 0., 1., 1., 1., 1., 1., 0., 0.,
           1., 1.],
          [0., 1., 1., 1., 0., 0., 1., 1., 0., 0., 1., 1., 0., 0., 0., 1., 0.,
           1., 0.],
          [0., 0., 0., 1., 1., 0., 1., 0., 0., 0., 0., 1., 0., 0., 1., 0., 0.,
           0., 1.],
          [0., 1., 0., 0., 1., 0., 0., 1., 1., 1., 1., 1., 0., 1., 0., 0., 0.,
           1., 1.],
          [1., 1., 1., 1., 1., 0., 0., 1., 0., 1., 1., 0., 0., 0., 1., 0., 1.,
           0., 1.],
          [1., 1., 1., 1., 1., 1., 1., 1., 0., 1., 1., 0., 1., 0., 0., 1., 0.,
           1., 0.],
          [0., 0., 1., 1., 0., 0., 1., 1., 0., 0., 1., 1., 1., 1., 1., 0., 1.,
           0., 1.],
          [0., 1., 1., 0., 0., 1., 1., 1., 1., 1., 0., 0., 1., 0., 0., 0., 1.,
           0., 1.],
          [0., 1., 0., 1., 1., 0., 1., 1., 1., 1., 1., 1., 1., 1., 0., 0., 1.,
           1., 0.],
          [0., 0., 1., 0., 1., 1., 0., 1., 1., 1., 1., 0., 0., 1., 1., 0., 1.,
           0., 1.],
          [1., 0., 0., 0., 0., 1., 0., 1., 0., 0., 1., 0., 0., 0., 0., 1., 1.,
           0., 0.],
          [0., 1., 1., 1., 1., 0., 0., 0., 1., 0., 1., 1., 0., 0., 0., 1., 1.,
           0., 0.],
          [1., 0., 1., 1., 0., 0., 0., 0., 1., 1., 1., 0., 1., 0., 0., 0., 0.,
           0., 0.],
          [1., 0., 1., 1., 0., 0., 0., 1., 0., 1., 0., 0., 1., 1., 0., 1., 1.,
           1., 1.]]]], device='cuda:0'), tensor([[0.7324]], device='cuda:0'))
2026-01-07 17:24:57 - INFO - [-0.05685398 -0.01075349  0.9168813  -0.22209777  0.9168813  -0.22209775
 -0.05039468 -0.01624469]
2026-01-07 17:24:57 - INFO - {'S11_real': np.float32(-0.056853984), 'S11_imag': np.float32(-0.010753489), 'S21_real': np.float32(0.9168813), 'S21_imag': np.float32(-0.22209777), 'S12_real': np.float32(0.9168813), 'S12_imag': np.float32(-0.22209775), 'S22_real': np.float32(-0.050394684), 'S22_imag': np.float32(-0.016244685)}
2026-01-07 17:24:57 - INFO - (tensor([[[[1., 0., 0., 1., 0., 0., 1., 0., 1., 1., 0., 1., 1., 1., 1., 1., 0.,
           0., 1.],
          [1., 0., 1., 0., 1., 1., 1., 1., 1., 1., 1., 0., 0., 0., 1., 1., 1.,
           1., 1.],
          [1., 1., 0., 1., 0., 0., 1., 1., 0., 0., 1., 1., 0., 1., 1., 1., 0.,
           0., 0.],
          [1., 1., 0., 0., 0., 1., 0., 0., 1., 1., 1., 0., 1., 1., 0., 1., 0.,
           0., 1.],
          [1., 1., 1., 1., 1., 0., 0., 1., 0., 1., 0., 0., 0., 1., 0., 1., 0.,
           0., 0.],
          [0., 0., 1., 1., 0., 0., 0., 0., 1., 0., 1., 0., 1., 0., 0., 1., 0.,
           0., 0.],
          [1., 0., 0., 1., 1., 1., 0., 0., 0., 1., 0., 0., 1., 1., 1., 1., 1.,
           0., 1.],
          [0., 0., 1., 1., 1., 0., 1., 1., 1., 1., 1., 0., 0., 0., 1., 1., 1.,
           0., 1.],
          [1., 1., 0., 1., 0., 1., 0., 0., 0., 1., 1., 0., 0., 1., 1., 0., 1.,
           1., 1.],
          [1., 0., 1., 1., 0., 0., 1., 1., 1., 1., 0., 0., 0., 1., 1., 1., 1.,
           0., 1.],
          [1., 0., 1., 1., 0., 1., 1., 0., 1., 1., 0., 1., 0., 1., 0., 0., 0.,
           1., 0.],
          [0., 0., 0., 0., 1., 1., 1., 1., 1., 1., 1., 0., 1., 0., 0., 1., 0.,
           0., 0.],
          [0., 1., 1., 1., 1., 1., 1., 1., 1., 1., 1., 0., 1., 0., 0., 0., 0.,
           1., 0.],
          [1., 1., 0., 1., 0., 0., 1., 1., 0., 1., 1., 1., 0., 0., 1., 1., 1.,
           1., 1.],
          [0., 1., 0., 1., 0., 1., 0., 1., 0., 0., 0., 0., 0., 0., 1., 0., 1.,
           1., 1.],
          [1., 1., 0., 0., 0., 1., 0., 0., 0., 0., 0., 1., 0., 1., 1., 1., 1.,
           1., 0.],
          [0., 0., 1., 0., 0., 1., 1., 1., 1., 0., 1., 1., 0., 0., 1., 0., 1.,
           1., 0.],
          [0., 1., 1., 1., 0., 1., 1., 1., 1., 1., 0., 1., 1., 1., 1., 0., 0.,
           0., 1.],
          [1., 0., 0., 0., 1., 1., 0., 0., 0., 1., 1., 1., 0., 0., 1., 0., 1.,
           0., 0.]]]], device='cuda:0'), tensor([[0.7324]], device='cuda:0'))
2026-01-07 17:24:57 - INFO - [-0.04563376 -0.00458876  0.91184676 -0.2380381   0.91184676 -0.2380381
 -0.05430232  0.00210418]
2026-01-07 17:24:57 - INFO - {'S11_real': np.float32(-0.045633756), 'S11_imag': np.float32(-0.004588762), 'S21_real': np.float32(0.91184676), 'S21_imag': np.float32(-0.2380381), 'S12_real': np.float32(0.91184676), 'S12_imag': np.float32(-0.2380381), 'S22_real': np.float32(-0.05430232), 'S22_imag': np.float32(0.002104175)}
2026-01-07 17:24:57 - INFO - (tensor([[[[0., 0., 1., 0., 1., 1., 1., 0., 1., 1., 1., 0., 0., 1., 0., 1., 1.,
           0., 1.],
          [0., 0., 1., 0., 0., 1., 1., 0., 0., 1., 0., 0., 0., 0., 0., 0., 0.,
           1., 1.],
          [1., 1., 1., 0., 0., 0., 0., 1., 0., 0., 1., 0., 0., 1., 0., 0., 0.,
           0., 0.],
          [1., 1., 1., 1., 1., 1., 0., 1., 1., 0., 0., 1., 0., 1., 0., 1., 0.,
           0., 1.],
          [1., 1., 1., 1., 0., 1., 1., 0., 0., 1., 0., 0., 1., 0., 0., 1., 1.,
           0., 0.],
          [1., 0., 0., 0., 1., 0., 0., 1., 0., 0., 1., 1., 1., 1., 0., 0., 1.,
           1., 0.],
          [1., 0., 1., 0., 1., 1., 0., 1., 0., 0., 0., 0., 0., 1., 1., 0., 1.,
           0., 1.],
          [1., 1., 1., 0., 0., 1., 1., 0., 1., 0., 0., 0., 1., 0., 1., 0., 1.,
           1., 1.],
          [0., 0., 1., 1., 1., 0., 0., 0., 0., 1., 1., 0., 0., 1., 0., 0., 0.,
           0., 0.],
          [1., 1., 0., 0., 1., 1., 1., 0., 1., 0., 0., 0., 1., 1., 1., 1., 1.,
           0., 1.],
          [0., 0., 1., 1., 0., 1., 1., 0., 0., 1., 1., 0., 0., 0., 1., 0., 0.,
           1., 1.],
          [1., 1., 1., 0., 0., 1., 1., 1., 1., 1., 0., 0., 0., 0., 1., 0., 1.,
           1., 1.],
          [0., 1., 0., 0., 1., 1., 1., 0., 1., 0., 1., 1., 0., 0., 0., 0., 0.,
           0., 1.],
          [1., 0., 1., 0., 1., 1., 0., 0., 0., 1., 0., 1., 0., 1., 1., 0., 1.,
           1., 0.],
          [1., 0., 0., 0., 0., 1., 1., 1., 0., 1., 1., 0., 0., 1., 0., 0., 0.,
           0., 1.],
          [0., 0., 0., 0., 0., 0., 0., 0., 1., 0., 1., 0., 0., 0., 0., 1., 0.,
           0., 1.],
          [1., 0., 1., 1., 1., 0., 0., 0., 1., 0., 1., 0., 0., 1., 0., 1., 1.,
           0., 1.],
          [0., 0., 1., 0., 1., 0., 0., 0., 0., 0., 1., 1., 1., 1., 1., 1., 0.,
           0., 1.],
          [1., 0., 0., 0., 1., 1., 1., 0., 0., 1., 1., 0., 0., 0., 0., 1., 0.,
           0., 0.]]]], device='cuda:0'), tensor([[0.7324]], device='cuda:0'))
2026-01-07 17:24:57 - INFO - [ 0.81629956 -0.3306552   0.00508843  0.03104645  0.00508842  0.03104646
  0.97999185 -0.09936666]
2026-01-07 17:24:57 - INFO - {'S11_real': np.float32(0.81629956), 'S11_imag': np.float32(-0.3306552), 'S21_real': np.float32(0.005088426), 'S21_imag': np.float32(0.03104645), 'S12_real': np.float32(0.0050884243), 'S12_imag': np.float32(0.031046461), 'S22_real': np.float32(0.97999185), 'S22_imag': np.float32(-0.09936666)}
2026-01-07 17:24:57 - INFO - (tensor([[[[1., 1., 0., 0., 0., 1., 1., 1., 0., 1., 0., 0., 0., 1., 0., 1., 1.,
           0., 0.],
          [1., 0., 1., 0., 1., 1., 1., 1., 0., 0., 1., 1., 0., 0., 0., 0., 0.,
           0., 1.],
          [0., 0., 1., 0., 0., 0., 0., 0., 1., 0., 1., 1., 0., 1., 0., 1., 1.,
           0., 0.],
          [0., 0., 0., 1., 1., 1., 1., 1., 1., 1., 0., 0., 1., 1., 0., 0., 0.,
           0., 1.],
          [0., 1., 1., 1., 0., 0., 1., 1., 1., 0., 1., 0., 1., 1., 1., 0., 0.,
           1., 0.],
          [1., 0., 0., 0., 1., 0., 0., 1., 1., 1., 1., 0., 0., 0., 0., 0., 1.,
           0., 0.],
          [0., 1., 1., 0., 1., 1., 1., 1., 1., 1., 1., 0., 0., 1., 0., 0., 1.,
           0., 1.],
          [1., 1., 0., 0., 0., 0., 1., 1., 0., 1., 1., 0., 1., 0., 1., 0., 1.,
           1., 0.],
          [0., 0., 0., 1., 1., 0., 1., 0., 0., 1., 1., 0., 0., 0., 1., 1., 1.,
           1., 0.],
          [1., 0., 0., 0., 0., 1., 1., 0., 0., 1., 1., 1., 1., 0., 0., 0., 0.,
           0., 1.],
          [0., 1., 0., 0., 0., 0., 0., 1., 1., 1., 0., 0., 1., 0., 0., 1., 0.,
           1., 0.],
          [1., 0., 0., 1., 0., 0., 1., 0., 1., 0., 0., 0., 0., 1., 0., 1., 0.,
           0., 0.],
          [0., 1., 1., 1., 1., 0., 1., 1., 0., 0., 0., 0., 1., 1., 0., 0., 0.,
           1., 1.],
          [0., 0., 1., 0., 0., 1., 0., 1., 0., 0., 1., 1., 0., 1., 0., 0., 1.,
           0., 0.],
          [1., 1., 0., 1., 1., 1., 1., 0., 0., 0., 1., 1., 1., 1., 1., 1., 1.,
           0., 0.],
          [1., 1., 1., 0., 0., 1., 1., 0., 0., 0., 0., 1., 0., 0., 1., 0., 0.,
           0., 1.],
          [0., 1., 1., 0., 0., 0., 0., 1., 0., 0., 0., 1., 0., 0., 1., 1., 0.,
           0., 0.],
          [0., 0., 1., 1., 0., 0., 1., 0., 0., 0., 0., 0., 1., 0., 0., 0., 1.,
           1., 1.],
          [1., 0., 1., 0., 0., 1., 1., 1., 1., 1., 0., 1., 1., 1., 0., 1., 0.,
           1., 1.]]]], device='cuda:0'), tensor([[0.7324]], device='cuda:0'))
2026-01-07 17:24:57 - INFO - [ 9.9615479e-01 -4.1413978e-02 -3.0476693e-04  3.0522421e-04
 -3.0476879e-04  3.0522421e-04  9.9575216e-01 -3.7899360e-02]
2026-01-07 17:24:57 - INFO - {'S11_real': np.float32(0.9961548), 'S11_imag': np.float32(-0.041413978), 'S21_real': np.float32(-0.00030476693), 'S21_imag': np.float32(0.0003052242), 'S12_real': np.float32(-0.0003047688), 'S12_imag': np.float32(0.0003052242), 'S22_real': np.float32(0.99575216), 'S22_imag': np.float32(-0.03789936)}
2026-01-07 17:24:57 - INFO - (tensor([[[[0., 1., 0., 0., 0., 1., 1., 1., 0., 1., 0., 1., 0., 0., 0., 1., 0.,
           0., 0.],
          [0., 0., 0., 1., 1., 0., 1., 1., 0., 0., 0., 1., 0., 1., 0., 1., 0.,
           0., 1.],
          [1., 1., 1., 1., 1., 0., 1., 0., 0., 1., 0., 1., 1., 0., 0., 1., 1.,
           0., 0.],
          [0., 0., 1., 1., 1., 1., 0., 0., 1., 1., 1., 1., 1., 1., 1., 1., 1.,
           0., 1.],
          [0., 0., 1., 1., 0., 0., 1., 0., 1., 1., 1., 0., 0., 1., 0., 0., 0.,
           0., 0.],
          [0., 0., 1., 0., 0., 0., 0., 0., 0., 0., 0., 1., 0., 0., 0., 0., 1.,
           1., 1.],
          [1., 1., 1., 1., 1., 1., 1., 1., 1., 1., 1., 1., 1., 0., 1., 0., 1.,
           1., 0.],
          [1., 0., 0., 0., 1., 1., 1., 0., 0., 1., 1., 1., 1., 1., 0., 0., 0.,
           1., 0.],
          [0., 0., 0., 0., 1., 0., 1., 1., 1., 1., 1., 0., 0., 1., 1., 1., 0.,
           1., 0.],
          [1., 0., 1., 0., 1., 0., 0., 0., 0., 0., 0., 0., 1., 1., 1., 1., 1.,
           0., 1.],
          [0., 0., 0., 1., 1., 1., 1., 0., 0., 0., 1., 0., 1., 0., 0., 1., 0.,
           0., 1.],
          [0., 1., 0., 0., 0., 0., 0., 0., 0., 0., 1., 1., 0., 0., 1., 0., 0.,
           1., 0.],
          [0., 1., 0., 0., 1., 0., 1., 0., 0., 1., 1., 0., 1., 1., 0., 0., 0.,
           1., 1.],
          [1., 1., 0., 1., 0., 1., 0., 0., 0., 1., 0., 0., 1., 0., 1., 1., 0.,
           0., 1.],
          [0., 1., 1., 1., 0., 1., 0., 0., 0., 0., 1., 0., 1., 1., 0., 1., 1.,
           0., 1.],
          [1., 1., 1., 0., 1., 1., 1., 1., 0., 1., 0., 1., 0., 0., 0., 0., 0.,
           1., 1.],
          [1., 0., 1., 0., 0., 1., 1., 0., 0., 1., 1., 1., 1., 0., 1., 1., 1.,
           0., 0.],
          [0., 0., 1., 0., 1., 1., 1., 1., 0., 0., 0., 1., 1., 1., 1., 1., 0.,
           1., 0.],
          [1., 1., 0., 0., 1., 1., 1., 1., 0., 1., 0., 1., 0., 0., 1., 0., 1.,
           0., 1.]]]], device='cuda:0'), tensor([[0.7324]], device='cuda:0'))
2026-01-07 17:24:57 - INFO - [ 0.9969151  -0.03616551  0.00162845  0.01562582  0.00162844  0.01562582
  0.77887756 -0.36167422]
2026-01-07 17:24:57 - INFO - {'S11_real': np.float32(0.9969151), 'S11_imag': np.float32(-0.036165513), 'S21_real': np.float32(0.0016284487), 'S21_imag': np.float32(0.015625818), 'S12_real': np.float32(0.0016284394), 'S12_imag': np.float32(0.015625821), 'S22_real': np.float32(0.77887756), 'S22_imag': np.float32(-0.36167422)}
2026-01-07 17:24:57 - INFO - (tensor([[[[0., 1., 1., 0., 0., 0., 0., 1., 0., 1., 0., 1., 1., 1., 1., 0., 0.,
           1., 0.],
          [0., 1., 0., 0., 0., 1., 0., 1., 0., 0., 0., 1., 1., 0., 1., 0., 1.,
           1., 0.],
          [0., 0., 0., 1., 1., 1., 0., 0., 1., 0., 1., 1., 1., 1., 1., 0., 0.,
           0., 1.],
          [1., 1., 1., 0., 0., 1., 1., 1., 0., 0., 0., 1., 1., 0., 1., 0., 1.,
           0., 1.],
          [0., 0., 0., 0., 0., 0., 1., 1., 1., 0., 0., 1., 0., 0., 0., 0., 0.,
           1., 1.],
          [1., 1., 1., 0., 0., 0., 0., 1., 1., 1., 0., 1., 0., 1., 1., 0., 0.,
           1., 1.],
          [0., 1., 1., 0., 1., 0., 1., 0., 1., 0., 1., 0., 1., 1., 1., 1., 1.,
           1., 1.],
          [1., 1., 0., 0., 1., 0., 1., 1., 0., 1., 1., 0., 0., 1., 0., 0., 1.,
           0., 0.],
          [1., 0., 0., 1., 1., 1., 0., 1., 1., 0., 1., 1., 1., 1., 0., 1., 1.,
           0., 1.],
          [1., 0., 0., 1., 0., 0., 0., 1., 1., 1., 1., 1., 1., 1., 0., 0., 0.,
           0., 1.],
          [0., 0., 0., 0., 1., 1., 1., 0., 1., 0., 1., 1., 1., 1., 1., 0., 1.,
           0., 0.],
          [0., 0., 0., 1., 1., 1., 1., 0., 1., 1., 0., 0., 1., 1., 0., 1., 1.,
           1., 1.],
          [0., 0., 0., 1., 1., 1., 1., 1., 0., 1., 1., 0., 1., 0., 0., 0., 0.,
           0., 1.],
          [0., 0., 1., 1., 0., 1., 1., 0., 0., 1., 0., 0., 1., 0., 0., 0., 0.,
           0., 1.],
          [1., 0., 1., 0., 0., 0., 0., 0., 1., 1., 0., 1., 0., 1., 0., 1., 0.,
           0., 1.],
          [1., 0., 1., 0., 1., 1., 0., 1., 1., 0., 1., 0., 0., 0., 0., 0., 1.,
           0., 0.],
          [1., 1., 1., 0., 0., 0., 1., 0., 1., 0., 1., 0., 0., 0., 1., 1., 0.,
           0., 0.],
          [1., 0., 0., 0., 0., 1., 1., 0., 0., 1., 1., 0., 1., 1., 0., 1., 1.,
           0., 0.],
          [1., 0., 1., 0., 1., 0., 1., 1., 1., 0., 0., 1., 1., 0., 0., 0., 0.,
           0., 0.]]]], device='cuda:0'), tensor([[0.7324]], device='cuda:0'))
2026-01-07 17:24:57 - INFO - [ 9.7842592e-01 -1.0110237e-01 -8.0044457e-04  3.6764650e-03
 -8.0044550e-04  3.6764613e-03  9.9596286e-01 -4.4811737e-02]
2026-01-07 17:24:57 - INFO - {'S11_real': np.float32(0.9784259), 'S11_imag': np.float32(-0.10110237), 'S21_real': np.float32(-0.00080044457), 'S21_imag': np.float32(0.003676465), 'S12_real': np.float32(-0.0008004455), 'S12_imag': np.float32(0.0036764613), 'S22_real': np.float32(0.99596286), 'S22_imag': np.float32(-0.044811737)}
2026-01-07 17:24:57 - INFO - (tensor([[[[1., 0., 1., 0., 0., 1., 1., 0., 1., 1., 1., 1., 0., 1., 0., 0., 0.,
           0., 1.],
          [1., 0., 0., 0., 0., 1., 0., 1., 0., 0., 0., 0., 1., 1., 1., 0., 0.,
           1., 1.],
          [0., 0., 1., 0., 0., 1., 0., 1., 0., 1., 0., 1., 1., 1., 1., 0., 0.,
           1., 0.],
          [0., 0., 0., 0., 1., 1., 1., 1., 0., 0., 1., 0., 0., 1., 0., 1., 1.,
           0., 0.],
          [1., 1., 0., 1., 1., 1., 0., 1., 0., 1., 0., 1., 0., 0., 0., 1., 1.,
           1., 0.],
          [1., 0., 1., 0., 0., 0., 1., 1., 1., 0., 0., 1., 1., 1., 0., 0., 0.,
           0., 0.],
          [1., 0., 0., 0., 0., 0., 1., 0., 0., 0., 1., 1., 1., 0., 1., 0., 0.,
           1., 0.],
          [0., 0., 1., 0., 0., 1., 0., 0., 1., 0., 0., 0., 0., 0., 1., 1., 1.,
           1., 0.],
          [0., 0., 0., 0., 1., 1., 0., 0., 0., 1., 0., 0., 0., 1., 0., 1., 1.,
           1., 1.],
          [1., 1., 0., 0., 0., 1., 0., 1., 1., 1., 0., 1., 1., 0., 0., 1., 1.,
           0., 1.],
          [0., 1., 0., 0., 0., 1., 0., 0., 0., 0., 0., 1., 1., 1., 0., 1., 1.,
           1., 0.],
          [0., 1., 1., 0., 0., 1., 0., 1., 0., 1., 1., 0., 1., 1., 1., 0., 0.,
           0., 1.],
          [0., 1., 1., 0., 0., 1., 1., 0., 0., 0., 1., 1., 1., 1., 1., 0., 0.,
           1., 1.],
          [0., 0., 0., 0., 1., 0., 1., 0., 0., 0., 1., 1., 0., 1., 1., 0., 0.,
           1., 1.],
          [1., 0., 0., 1., 0., 0., 1., 1., 0., 0., 1., 0., 0., 1., 1., 0., 0.,
           0., 1.],
          [0., 0., 1., 1., 0., 1., 1., 0., 1., 1., 0., 1., 0., 0., 1., 1., 1.,
           0., 1.],
          [0., 1., 1., 1., 0., 1., 1., 0., 0., 1., 1., 1., 0., 0., 0., 0., 1.,
           0., 0.],
          [0., 1., 1., 0., 0., 1., 1., 1., 1., 1., 1., 1., 1., 0., 0., 0., 0.,
           0., 0.],
          [1., 1., 0., 0., 1., 1., 1., 0., 1., 0., 0., 1., 1., 0., 1., 1., 0.,
           1., 0.]]]], device='cuda:0'), tensor([[0.7324]], device='cuda:0'))
2026-01-07 17:24:57 - INFO - [ 0.9881891  -0.07512511  0.00929949  0.04004968  0.0092995   0.04004968
  0.7494363  -0.39238647]
2026-01-07 17:24:57 - INFO - {'S11_real': np.float32(0.9881891), 'S11_imag': np.float32(-0.07512511), 'S21_real': np.float32(0.009299493), 'S21_imag': np.float32(0.04004968), 'S12_real': np.float32(0.009299499), 'S12_imag': np.float32(0.040049683), 'S22_real': np.float32(0.7494363), 'S22_imag': np.float32(-0.39238647)}
2026-01-07 17:24:57 - INFO - (tensor([[[[0., 1., 0., 0., 1., 1., 1., 0., 0., 1., 0., 1., 1., 0., 1., 0., 0.,
           1., 0.],
          [1., 0., 0., 0., 1., 0., 1., 0., 0., 1., 1., 1., 1., 1., 0., 0., 1.,
           0., 0.],
          [0., 1., 0., 0., 0., 1., 0., 0., 1., 1., 0., 0., 1., 1., 1., 1., 1.,
           1., 1.],
          [0., 1., 1., 0., 1., 1., 0., 1., 0., 0., 0., 0., 1., 0., 0., 1., 0.,
           0., 0.],
          [0., 1., 0., 1., 1., 0., 0., 0., 0., 1., 1., 1., 0., 1., 0., 0., 0.,
           0., 0.],
          [1., 1., 0., 1., 0., 0., 0., 1., 0., 0., 1., 1., 1., 0., 0., 1., 0.,
           1., 1.],
          [0., 0., 1., 1., 1., 1., 0., 1., 1., 1., 0., 0., 1., 0., 0., 0., 1.,
           1., 0.],
          [1., 1., 0., 0., 1., 0., 1., 1., 0., 1., 1., 0., 0., 0., 1., 0., 0.,
           0., 0.],
          [1., 1., 0., 1., 0., 0., 1., 1., 0., 0., 1., 0., 1., 0., 0., 1., 1.,
           1., 1.],
          [1., 1., 1., 0., 0., 0., 1., 1., 1., 0., 1., 1., 0., 1., 0., 0., 1.,
           1., 1.],
          [0., 0., 0., 1., 1., 1., 1., 0., 0., 0., 0., 1., 1., 1., 0., 0., 1.,
           1., 0.],
          [1., 0., 0., 0., 1., 1., 0., 1., 0., 0., 0., 0., 1., 0., 0., 1., 0.,
           0., 1.],
          [1., 1., 0., 1., 1., 0., 0., 0., 0., 0., 1., 1., 1., 0., 0., 0., 1.,
           1., 0.],
          [1., 0., 1., 1., 1., 0., 1., 1., 0., 1., 0., 0., 0., 0., 0., 1., 0.,
           0., 0.],
          [0., 1., 0., 1., 0., 1., 0., 0., 1., 0., 1., 0., 1., 0., 0., 1., 0.,
           0., 0.],
          [0., 0., 0., 1., 1., 1., 0., 1., 0., 0., 0., 0., 1., 0., 1., 0., 1.,
           1., 1.],
          [1., 1., 1., 0., 1., 0., 1., 0., 1., 1., 0., 1., 1., 1., 0., 1., 0.,
           1., 1.],
          [0., 1., 1., 0., 1., 0., 0., 0., 1., 0., 0., 1., 0., 1., 1., 1., 1.,
           0., 0.],
          [0., 0., 0., 1., 0., 0., 0., 1., 1., 0., 1., 0., 0., 1., 1., 0., 0.,
           1., 0.]]]], device='cuda:0'), tensor([[0.7324]], device='cuda:0'))
2026-01-07 17:24:57 - INFO - [ 0.7423085  -0.39896742  0.01584289  0.05734204  0.01584288  0.05734205
  0.97600377 -0.11530428]
2026-01-07 17:24:57 - INFO - {'S11_real': np.float32(0.7423085), 'S11_imag': np.float32(-0.39896742), 'S21_real': np.float32(0.015842889), 'S21_imag': np.float32(0.05734204), 'S12_real': np.float32(0.015842877), 'S12_imag': np.float32(0.057342045), 'S22_real': np.float32(0.97600377), 'S22_imag': np.float32(-0.11530428)}
2026-01-07 17:24:57 - INFO - (tensor([[[[1., 0., 1., 0., 0., 1., 0., 0., 1., 0., 0., 0., 1., 1., 1., 0., 0.,
           0., 0.],
          [1., 0., 0., 0., 1., 0., 0., 0., 0., 0., 1., 0., 0., 0., 0., 0., 0.,
           0., 0.],
          [0., 0., 1., 1., 1., 1., 0., 1., 1., 0., 1., 1., 0., 0., 0., 1., 1.,
           0., 0.],
          [1., 0., 1., 0., 0., 1., 0., 0., 0., 1., 0., 0., 0., 0., 0., 0., 1.,
           1., 0.],
          [1., 1., 0., 1., 1., 1., 1., 1., 1., 1., 1., 0., 0., 1., 1., 0., 1.,
           1., 0.],
          [0., 0., 1., 1., 0., 0., 1., 0., 1., 1., 0., 0., 1., 0., 0., 0., 0.,
           1., 1.],
          [1., 1., 0., 0., 1., 1., 0., 1., 1., 0., 1., 0., 0., 1., 0., 1., 0.,
           1., 1.],
          [1., 0., 0., 1., 0., 1., 1., 0., 1., 0., 1., 0., 1., 1., 0., 1., 1.,
           0., 1.],
          [0., 1., 0., 1., 1., 1., 0., 0., 0., 0., 1., 1., 0., 0., 0., 1., 0.,
           0., 1.],
          [1., 0., 1., 0., 1., 0., 0., 0., 0., 1., 1., 1., 1., 0., 0., 1., 1.,
           1., 1.],
          [1., 0., 0., 0., 1., 1., 1., 1., 0., 0., 1., 0., 0., 1., 1., 1., 1.,
           1., 1.],
          [0., 0., 1., 0., 1., 1., 1., 1., 0., 1., 0., 1., 1., 1., 0., 1., 1.,
           1., 0.],
          [0., 0., 1., 0., 1., 0., 0., 1., 0., 1., 1., 0., 1., 1., 0., 0., 1.,
           0., 1.],
          [1., 0., 0., 0., 0., 1., 1., 0., 0., 1., 1., 1., 1., 0., 1., 1., 0.,
           1., 1.],
          [0., 0., 0., 1., 1., 0., 0., 1., 0., 0., 0., 1., 1., 1., 1., 1., 1.,
           0., 1.],
          [1., 0., 1., 1., 0., 0., 0., 1., 0., 1., 1., 1., 1., 0., 0., 1., 0.,
           1., 1.],
          [1., 0., 1., 1., 0., 0., 0., 0., 1., 0., 1., 0., 0., 0., 0., 0., 0.,
           1., 0.],
          [0., 0., 0., 1., 0., 0., 0., 0., 1., 0., 1., 0., 1., 1., 0., 0., 1.,
           1., 0.],
          [1., 1., 1., 0., 1., 1., 1., 0., 0., 1., 0., 1., 0., 0., 1., 0., 0.,
           0., 1.]]]], device='cuda:0'), tensor([[0.7324]], device='cuda:0'))
2026-01-07 17:24:57 - INFO - [ 0.99426585 -0.05177647  0.00408323  0.02270088  0.00408322  0.02270089
  0.73260736 -0.395283  ]
2026-01-07 17:24:57 - INFO - {'S11_real': np.float32(0.99426585), 'S11_imag': np.float32(-0.05177647), 'S21_real': np.float32(0.004083226), 'S21_imag': np.float32(0.02270088), 'S12_real': np.float32(0.004083224), 'S12_imag': np.float32(0.022700887), 'S22_real': np.float32(0.73260736), 'S22_imag': np.float32(-0.395283)}
2026-01-07 17:24:57 - INFO - (tensor([[[[0., 0., 1., 0., 0., 0., 0., 0., 1., 1., 0., 0., 0., 1., 1., 0., 0.,
           1., 0.],
          [1., 1., 0., 1., 0., 0., 0., 0., 0., 0., 1., 1., 1., 1., 0., 1., 1.,
           1., 0.],
          [1., 0., 1., 0., 0., 1., 0., 0., 1., 1., 1., 0., 0., 0., 1., 0., 0.,
           0., 0.],
          [0., 0., 0., 1., 1., 1., 0., 0., 1., 0., 1., 0., 0., 1., 1., 1., 1.,
           1., 0.],
          [0., 0., 1., 1., 1., 1., 1., 1., 0., 0., 0., 0., 0., 1., 1., 1., 1.,
           1., 1.],
          [0., 1., 1., 1., 1., 0., 0., 1., 0., 0., 1., 1., 1., 1., 1., 0., 1.,
           1., 1.],
          [0., 1., 1., 1., 0., 1., 1., 1., 0., 1., 1., 1., 0., 1., 1., 1., 0.,
           0., 1.],
          [0., 0., 0., 1., 1., 0., 0., 0., 1., 1., 0., 0., 0., 0., 1., 0., 1.,
           0., 0.],
          [0., 0., 0., 1., 0., 0., 0., 1., 1., 1., 1., 0., 0., 0., 1., 0., 0.,
           1., 1.],
          [1., 0., 0., 1., 0., 1., 1., 0., 1., 1., 1., 0., 1., 1., 1., 1., 1.,
           1., 1.],
          [0., 0., 1., 0., 0., 1., 0., 1., 1., 1., 1., 1., 0., 1., 0., 1., 1.,
           1., 0.],
          [1., 1., 1., 1., 0., 1., 0., 1., 0., 0., 1., 1., 0., 1., 1., 1., 0.,
           1., 1.],
          [1., 0., 1., 0., 1., 0., 1., 1., 0., 0., 0., 1., 1., 1., 1., 0., 1.,
           1., 1.],
          [1., 1., 1., 1., 0., 1., 1., 1., 1., 0., 0., 0., 0., 0., 0., 1., 0.,
           0., 1.],
          [0., 1., 1., 0., 1., 0., 0., 1., 1., 0., 1., 1., 0., 0., 1., 0., 0.,
           0., 0.],
          [0., 0., 0., 1., 0., 1., 1., 1., 0., 0., 1., 0., 1., 0., 0., 1., 1.,
           1., 0.],
          [1., 0., 0., 0., 1., 1., 1., 0., 0., 1., 0., 0., 1., 1., 1., 0., 0.,
           0., 0.],
          [0., 1., 0., 0., 0., 1., 1., 1., 0., 1., 1., 1., 0., 1., 0., 0., 1.,
           0., 1.],
          [0., 1., 1., 1., 0., 1., 0., 1., 0., 0., 1., 1., 1., 1., 1., 0., 1.,
           1., 0.]]]], device='cuda:0'), tensor([[0.7324]], device='cuda:0'))
2026-01-07 17:24:57 - INFO - [ 0.997954   -0.03118848  0.00436901  0.02066981  0.004369    0.02066981
  0.704234   -0.41582578]
2026-01-07 17:24:57 - INFO - {'S11_real': np.float32(0.997954), 'S11_imag': np.float32(-0.031188484), 'S21_real': np.float32(0.0043690065), 'S21_imag': np.float32(0.020669812), 'S12_real': np.float32(0.0043690046), 'S12_imag': np.float32(0.020669809), 'S22_real': np.float32(0.704234), 'S22_imag': np.float32(-0.41582578)}
2026-01-07 17:24:57 - INFO - (tensor([[[[1., 1., 0., 1., 1., 1., 0., 1., 0., 1., 0., 1., 0., 0., 0., 0., 0.,
           0., 1.],
          [1., 0., 0., 0., 0., 1., 0., 1., 1., 0., 0., 1., 1., 0., 0., 0., 1.,
           1., 0.],
          [1., 1., 0., 0., 1., 1., 0., 0., 0., 0., 0., 1., 1., 1., 1., 0., 0.,
           0., 1.],
          [1., 1., 0., 1., 0., 0., 0., 0., 0., 0., 1., 0., 0., 1., 0., 1., 1.,
           1., 0.],
          [0., 1., 0., 0., 1., 1., 0., 1., 1., 1., 0., 0., 0., 1., 0., 1., 0.,
           0., 1.],
          [0., 1., 0., 0., 1., 1., 1., 0., 0., 0., 1., 1., 1., 0., 0., 1., 0.,
           1., 0.],
          [0., 1., 0., 0., 1., 1., 0., 1., 0., 1., 0., 0., 1., 0., 0., 1., 1.,
           0., 1.],
          [1., 0., 0., 1., 1., 1., 0., 0., 0., 0., 0., 0., 0., 1., 1., 0., 0.,
           0., 1.],
          [0., 1., 1., 1., 1., 1., 0., 0., 1., 0., 1., 1., 0., 0., 0., 0., 0.,
           1., 0.],
          [1., 0., 1., 0., 1., 0., 0., 1., 0., 0., 1., 0., 1., 1., 1., 1., 1.,
           0., 1.],
          [0., 1., 1., 1., 1., 0., 0., 1., 1., 0., 1., 1., 1., 0., 0., 1., 0.,
           1., 1.],
          [0., 1., 1., 0., 1., 1., 1., 0., 1., 0., 1., 1., 1., 1., 0., 0., 1.,
           1., 1.],
          [1., 1., 1., 1., 1., 0., 0., 0., 1., 1., 1., 0., 1., 0., 1., 0., 0.,
           0., 1.],
          [0., 1., 1., 1., 1., 1., 0., 1., 1., 1., 1., 1., 0., 0., 1., 0., 0.,
           1., 0.],
          [1., 0., 0., 0., 1., 0., 0., 1., 1., 0., 1., 0., 0., 1., 1., 1., 0.,
           1., 0.],
          [1., 0., 1., 0., 1., 0., 1., 1., 0., 1., 0., 0., 1., 0., 1., 1., 0.,
           1., 0.],
          [0., 1., 1., 0., 0., 1., 1., 1., 1., 0., 1., 0., 0., 1., 0., 1., 0.,
           1., 0.],
          [0., 1., 1., 0., 0., 1., 0., 1., 0., 1., 0., 1., 1., 0., 1., 0., 1.,
           1., 1.],
          [0., 1., 0., 1., 0., 0., 0., 1., 0., 1., 0., 0., 0., 0., 1., 0., 0.,
           1., 0.]]]], device='cuda:0'), tensor([[0.7324]], device='cuda:0'))
2026-01-07 17:24:57 - INFO - [-0.05090772 -0.0065886   0.92304236 -0.2161819   0.92304236 -0.21618189
 -0.04578927 -0.01102446]
2026-01-07 17:24:57 - INFO - {'S11_real': np.float32(-0.05090772), 'S11_imag': np.float32(-0.006588602), 'S21_real': np.float32(0.92304236), 'S21_imag': np.float32(-0.2161819), 'S12_real': np.float32(0.92304236), 'S12_imag': np.float32(-0.21618189), 'S22_real': np.float32(-0.04578927), 'S22_imag': np.float32(-0.01102446)}
2026-01-07 17:24:57 - INFO - (tensor([[[[0., 0., 0., 1., 1., 0., 1., 1., 0., 1., 0., 1., 1., 1., 0., 1., 0.,
           0., 1.],
          [0., 1., 0., 0., 1., 1., 1., 1., 0., 0., 0., 1., 0., 1., 0., 1., 0.,
           0., 1.],
          [0., 1., 0., 0., 1., 1., 0., 0., 0., 0., 0., 0., 1., 1., 1., 0., 0.,
           0., 1.],
          [1., 0., 0., 1., 1., 1., 0., 0., 0., 1., 1., 0., 0., 1., 0., 1., 1.,
           0., 1.],
          [0., 1., 1., 0., 1., 0., 0., 1., 0., 0., 0., 0., 0., 0., 1., 0., 1.,
           1., 0.],
          [1., 1., 0., 0., 0., 1., 1., 0., 0., 1., 1., 1., 1., 0., 1., 1., 1.,
           1., 0.],
          [0., 1., 1., 0., 0., 1., 1., 0., 0., 0., 0., 0., 0., 1., 0., 0., 0.,
           0., 1.],
          [1., 0., 1., 1., 1., 1., 1., 1., 0., 0., 0., 0., 0., 1., 0., 0., 1.,
           1., 0.],
          [1., 1., 1., 1., 0., 1., 0., 0., 1., 1., 1., 0., 1., 1., 1., 1., 1.,
           0., 1.],
          [1., 1., 0., 1., 0., 0., 1., 1., 1., 0., 0., 0., 0., 0., 0., 1., 1.,
           0., 1.],
          [1., 0., 0., 1., 0., 0., 1., 0., 1., 1., 1., 1., 1., 0., 0., 0., 0.,
           1., 1.],
          [0., 1., 0., 0., 0., 1., 1., 1., 1., 0., 1., 1., 1., 0., 0., 1., 1.,
           1., 1.],
          [0., 1., 1., 1., 0., 0., 1., 1., 1., 1., 1., 0., 0., 0., 1., 0., 0.,
           0., 1.],
          [1., 0., 1., 0., 0., 0., 0., 1., 1., 1., 1., 0., 1., 0., 1., 1., 1.,
           0., 0.],
          [0., 0., 1., 0., 0., 1., 1., 0., 1., 0., 1., 0., 0., 0., 0., 0., 1.,
           0., 0.],
          [0., 0., 0., 1., 1., 0., 1., 0., 1., 1., 0., 1., 1., 0., 0., 1., 1.,
           1., 0.],
          [1., 1., 1., 0., 0., 0., 0., 1., 0., 1., 1., 1., 1., 0., 0., 0., 0.,
           0., 1.],
          [0., 0., 0., 0., 1., 1., 1., 1., 1., 0., 1., 1., 1., 0., 0., 1., 0.,
           0., 1.],
          [0., 0., 0., 1., 1., 1., 0., 1., 0., 0., 0., 1., 1., 1., 1., 0., 1.,
           0., 1.]]]], device='cuda:0'), tensor([[0.7324]], device='cuda:0'))
2026-01-07 17:24:57 - INFO - [ 0.80461764 -0.34965494  0.03160454  0.08489414  0.03160454  0.08489414
  0.89430684 -0.2534467 ]
2026-01-07 17:24:57 - INFO - {'S11_real': np.float32(0.80461764), 'S11_imag': np.float32(-0.34965494), 'S21_real': np.float32(0.03160454), 'S21_imag': np.float32(0.084894136), 'S12_real': np.float32(0.03160454), 'S12_imag': np.float32(0.08489414), 'S22_real': np.float32(0.89430684), 'S22_imag': np.float32(-0.2534467)}
2026-01-07 17:24:57 - INFO - (tensor([[[[1., 1., 0., 0., 0., 0., 0., 1., 0., 0., 0., 0., 1., 0., 1., 1., 1.,
           0., 1.],
          [0., 0., 0., 0., 0., 1., 1., 0., 1., 0., 1., 1., 1., 1., 1., 0., 0.,
           1., 0.],
          [1., 0., 1., 1., 1., 0., 0., 1., 1., 0., 0., 0., 0., 0., 1., 0., 1.,
           1., 0.],
          [0., 1., 0., 1., 0., 0., 0., 1., 0., 1., 0., 1., 0., 1., 1., 1., 1.,
           1., 1.],
          [0., 1., 1., 1., 0., 0., 0., 1., 0., 0., 1., 1., 0., 1., 1., 1., 1.,
           0., 1.],
          [0., 0., 0., 0., 1., 1., 1., 0., 0., 0., 1., 0., 1., 1., 1., 1., 0.,
           1., 0.],
          [1., 0., 0., 1., 1., 1., 0., 1., 1., 0., 1., 0., 1., 0., 0., 1., 0.,
           1., 1.],
          [0., 1., 0., 0., 0., 0., 0., 0., 0., 0., 1., 1., 0., 1., 1., 1., 1.,
           1., 1.],
          [0., 1., 1., 1., 1., 0., 0., 0., 0., 1., 0., 0., 0., 0., 1., 0., 1.,
           0., 1.],
          [1., 0., 0., 0., 0., 1., 1., 0., 0., 1., 0., 1., 0., 1., 1., 1., 1.,
           1., 1.],
          [1., 0., 1., 1., 0., 0., 0., 0., 1., 0., 1., 0., 0., 1., 1., 0., 1.,
           1., 1.],
          [1., 1., 1., 1., 1., 0., 1., 0., 1., 1., 1., 1., 0., 0., 1., 0., 1.,
           1., 0.],
          [0., 1., 1., 0., 1., 0., 1., 1., 0., 0., 0., 1., 1., 1., 1., 0., 1.,
           1., 1.],
          [0., 1., 1., 0., 1., 1., 0., 1., 1., 1., 0., 1., 1., 0., 0., 1., 1.,
           1., 1.],
          [0., 1., 0., 0., 1., 1., 0., 0., 1., 0., 1., 1., 0., 0., 1., 0., 1.,
           1., 1.],
          [0., 1., 1., 1., 1., 1., 1., 1., 1., 1., 1., 1., 0., 1., 1., 1., 0.,
           1., 0.],
          [1., 1., 0., 1., 0., 0., 1., 1., 1., 1., 0., 0., 1., 0., 0., 1., 0.,
           0., 1.],
          [0., 1., 0., 1., 0., 0., 1., 1., 1., 1., 0., 0., 0., 1., 0., 0., 1.,
           1., 0.],
          [1., 0., 0., 1., 0., 1., 1., 0., 0., 0., 1., 0., 1., 1., 0., 1., 0.,
           0., 0.]]]], device='cuda:0'), tensor([[0.7324]], device='cuda:0'))
2026-01-07 17:24:57 - INFO - [-0.05380239 -0.00655728  0.9191691  -0.22183707  0.9191691  -0.22183706
 -0.04719631 -0.01222766]
2026-01-07 17:24:57 - INFO - {'S11_real': np.float32(-0.053802393), 'S11_imag': np.float32(-0.006557285), 'S21_real': np.float32(0.9191691), 'S21_imag': np.float32(-0.22183707), 'S12_real': np.float32(0.9191691), 'S12_imag': np.float32(-0.22183706), 'S22_real': np.float32(-0.047196314), 'S22_imag': np.float32(-0.012227664)}
2026-01-07 17:24:57 - INFO - (tensor([[[[0., 0., 0., 0., 1., 0., 1., 1., 1., 0., 1., 1., 0., 0., 1., 0., 0.,
           0., 0.],
          [1., 0., 0., 0., 1., 1., 0., 0., 1., 0., 0., 1., 0., 0., 1., 1., 0.,
           1., 0.],
          [0., 0., 1., 1., 0., 0., 1., 1., 1., 0., 1., 1., 0., 0., 0., 1., 0.,
           0., 0.],
          [0., 1., 0., 1., 1., 1., 0., 1., 0., 0., 0., 1., 0., 0., 0., 1., 1.,
           1., 0.],
          [1., 0., 0., 1., 0., 1., 0., 1., 0., 0., 0., 0., 0., 1., 0., 1., 1.,
           1., 0.],
          [0., 0., 1., 0., 0., 1., 1., 1., 1., 1., 1., 0., 1., 0., 0., 0., 1.,
           0., 1.],
          [1., 0., 1., 0., 0., 1., 0., 0., 0., 1., 0., 1., 1., 0., 0., 1., 1.,
           0., 0.],
          [1., 1., 1., 1., 1., 0., 1., 1., 0., 0., 1., 1., 0., 1., 1., 0., 1.,
           0., 0.],
          [0., 0., 1., 0., 1., 1., 1., 1., 1., 0., 0., 0., 0., 1., 0., 1., 1.,
           0., 0.],
          [1., 0., 1., 1., 0., 1., 1., 1., 0., 1., 0., 0., 1., 1., 0., 1., 1.,
           0., 1.],
          [0., 0., 1., 1., 0., 0., 0., 1., 0., 1., 0., 0., 0., 1., 1., 1., 0.,
           1., 1.],
          [0., 0., 1., 1., 1., 1., 0., 0., 0., 1., 1., 0., 0., 1., 1., 0., 0.,
           0., 1.],
          [1., 1., 1., 1., 1., 0., 0., 1., 0., 1., 0., 1., 0., 0., 1., 1., 0.,
           0., 1.],
          [0., 1., 1., 0., 1., 0., 0., 1., 0., 1., 1., 1., 0., 1., 0., 1., 1.,
           1., 0.],
          [0., 1., 1., 0., 0., 0., 1., 0., 1., 0., 1., 1., 1., 0., 0., 0., 1.,
           1., 0.],
          [1., 1., 1., 0., 1., 0., 0., 0., 0., 0., 1., 0., 0., 0., 1., 1., 1.,
           1., 0.],
          [0., 1., 1., 1., 1., 0., 1., 1., 1., 1., 1., 1., 1., 0., 0., 0., 0.,
           0., 0.],
          [1., 1., 0., 1., 0., 1., 1., 1., 1., 1., 1., 0., 0., 1., 0., 1., 0.,
           1., 0.],
          [1., 0., 1., 0., 1., 1., 1., 0., 0., 0., 1., 0., 1., 0., 0., 0., 0.,
           1., 0.]]]], device='cuda:0'), tensor([[0.7324]], device='cuda:0'))
2026-01-07 17:24:57 - INFO - [ 9.98582661e-01 -2.82986816e-02  7.88575795e-04  1.19303428e-02
  7.88566482e-04  1.19303465e-02  7.96095192e-01 -3.44327062e-01]
2026-01-07 17:24:57 - INFO - {'S11_real': np.float32(0.99858266), 'S11_imag': np.float32(-0.028298682), 'S21_real': np.float32(0.0007885758), 'S21_imag': np.float32(0.011930343), 'S12_real': np.float32(0.0007885665), 'S12_imag': np.float32(0.0119303465), 'S22_real': np.float32(0.7960952), 'S22_imag': np.float32(-0.34432706)}
2026-01-07 17:24:57 - INFO - (tensor([[[[0., 1., 1., 0., 0., 1., 1., 1., 0., 0., 0., 1., 1., 1., 0., 1., 0.,
           1., 0.],
          [0., 1., 0., 1., 0., 1., 1., 0., 1., 0., 1., 1., 1., 1., 0., 1., 1.,
           0., 0.],
          [0., 0., 0., 0., 1., 0., 1., 0., 1., 1., 1., 0., 0., 0., 0., 1., 0.,
           1., 1.],
          [0., 0., 0., 1., 0., 1., 0., 1., 0., 0., 1., 0., 0., 0., 0., 0., 0.,
           0., 1.],
          [1., 0., 0., 0., 1., 1., 0., 1., 0., 0., 0., 0., 1., 1., 0., 1., 1.,
           0., 1.],
          [0., 0., 0., 0., 1., 0., 1., 0., 0., 1., 0., 1., 1., 0., 0., 0., 0.,
           0., 0.],
          [1., 1., 0., 1., 1., 0., 0., 1., 0., 1., 0., 1., 1., 1., 1., 0., 0.,
           1., 1.],
          [0., 0., 1., 1., 1., 1., 1., 0., 1., 0., 0., 0., 1., 0., 0., 0., 0.,
           1., 1.],
          [0., 0., 1., 1., 1., 0., 1., 0., 0., 1., 0., 1., 0., 1., 0., 0., 1.,
           1., 1.],
          [1., 0., 1., 1., 0., 1., 1., 0., 1., 1., 1., 1., 1., 1., 0., 1., 0.,
           0., 1.],
          [0., 1., 1., 1., 0., 1., 1., 1., 0., 0., 1., 0., 0., 1., 0., 0., 1.,
           0., 0.],
          [0., 0., 0., 0., 0., 0., 1., 1., 1., 1., 0., 1., 1., 0., 0., 0., 0.,
           0., 1.],
          [0., 1., 1., 0., 1., 1., 0., 1., 1., 1., 0., 0., 0., 1., 0., 1., 0.,
           1., 0.],
          [0., 1., 0., 1., 0., 0., 1., 1., 1., 0., 1., 0., 1., 1., 1., 1., 1.,
           1., 0.],
          [1., 0., 1., 1., 1., 0., 0., 1., 0., 1., 1., 0., 0., 0., 0., 1., 0.,
           0., 1.],
          [0., 0., 0., 0., 1., 1., 0., 0., 1., 0., 0., 0., 0., 0., 0., 0., 0.,
           0., 1.],
          [1., 1., 0., 0., 1., 0., 1., 0., 1., 1., 1., 0., 1., 0., 0., 0., 0.,
           0., 0.],
          [0., 1., 1., 1., 0., 0., 0., 0., 1., 0., 1., 0., 1., 0., 1., 0., 1.,
           0., 1.],
          [1., 0., 1., 0., 0., 0., 1., 1., 0., 0., 1., 1., 1., 0., 0., 0., 0.,
           0., 1.]]]], device='cuda:0'), tensor([[0.7324]], device='cuda:0'))
2026-01-07 17:24:57 - INFO - [ 9.9757737e-01 -3.2270316e-02 -6.2613649e-04  1.8565559e-03
 -6.2614208e-04  1.8565522e-03  9.8121047e-01 -8.8969477e-02]
2026-01-07 17:24:57 - INFO - {'S11_real': np.float32(0.99757737), 'S11_imag': np.float32(-0.032270316), 'S21_real': np.float32(-0.0006261365), 'S21_imag': np.float32(0.0018565559), 'S12_real': np.float32(-0.0006261421), 'S12_imag': np.float32(0.0018565522), 'S22_real': np.float32(0.9812105), 'S22_imag': np.float32(-0.08896948)}
2026-01-07 17:24:57 - INFO - (tensor([[[[0., 1., 1., 0., 1., 0., 1., 0., 0., 1., 0., 1., 0., 0., 0., 1., 1.,
           0., 1.],
          [0., 1., 1., 0., 0., 0., 0., 0., 1., 1., 0., 0., 0., 1., 0., 0., 1.,
           1., 1.],
          [1., 0., 1., 1., 0., 0., 0., 1., 0., 1., 1., 1., 0., 1., 0., 0., 0.,
           1., 1.],
          [1., 0., 1., 1., 1., 1., 1., 0., 0., 0., 0., 1., 0., 1., 0., 0., 0.,
           1., 1.],
          [0., 1., 0., 0., 0., 1., 0., 0., 0., 1., 0., 1., 0., 1., 0., 0., 1.,
           1., 0.],
          [1., 0., 0., 0., 1., 0., 1., 0., 1., 1., 0., 1., 0., 0., 0., 0., 0.,
           1., 0.],
          [1., 1., 0., 1., 0., 1., 1., 1., 0., 1., 0., 1., 1., 1., 1., 0., 0.,
           1., 1.],
          [0., 0., 0., 0., 1., 1., 0., 0., 0., 0., 0., 0., 1., 1., 1., 0., 0.,
           0., 1.],
          [0., 0., 1., 0., 1., 1., 0., 1., 0., 1., 0., 1., 0., 1., 1., 1., 0.,
           0., 1.],
          [1., 1., 0., 1., 0., 1., 1., 1., 1., 0., 1., 0., 0., 1., 0., 0., 0.,
           1., 1.],
          [0., 1., 1., 0., 1., 0., 0., 0., 1., 0., 1., 1., 0., 1., 1., 1., 1.,
           1., 0.],
          [1., 0., 0., 0., 0., 0., 0., 1., 1., 1., 0., 1., 1., 1., 0., 1., 0.,
           1., 0.],
          [0., 0., 1., 1., 0., 1., 0., 0., 1., 1., 1., 0., 0., 1., 0., 1., 0.,
           1., 1.],
          [0., 1., 1., 0., 1., 0., 1., 0., 1., 1., 1., 1., 0., 0., 0., 0., 0.,
           0., 0.],
          [1., 1., 1., 1., 0., 0., 0., 1., 0., 1., 0., 0., 0., 0., 1., 1., 0.,
           1., 0.],
          [0., 0., 0., 1., 0., 0., 1., 0., 1., 0., 0., 0., 0., 0., 0., 1., 0.,
           1., 1.],
          [0., 1., 0., 1., 0., 1., 1., 0., 1., 0., 0., 0., 0., 0., 1., 1., 1.,
           0., 1.],
          [1., 1., 1., 1., 0., 0., 1., 0., 0., 1., 1., 0., 1., 0., 0., 1., 0.,
           0., 0.],
          [1., 1., 1., 1., 0., 1., 1., 1., 1., 0., 0., 0., 1., 1., 0., 1., 1.,
           0., 0.]]]], device='cuda:0'), tensor([[0.7324]], device='cuda:0'))
2026-01-07 17:24:57 - INFO - [-0.03186545  0.0116115   0.9225603  -0.2255852   0.9225603  -0.2255852
 -0.03543475  0.01447108]
2026-01-07 17:24:57 - INFO - {'S11_real': np.float32(-0.03186545), 'S11_imag': np.float32(0.011611495), 'S21_real': np.float32(0.9225603), 'S21_imag': np.float32(-0.2255852), 'S12_real': np.float32(0.9225603), 'S12_imag': np.float32(-0.2255852), 'S22_real': np.float32(-0.03543475), 'S22_imag': np.float32(0.014471079)}
2026-01-07 17:24:57 - INFO - (tensor([[[[1., 1., 1., 0., 0., 0., 0., 1., 0., 0., 1., 1., 1., 0., 1., 1., 0.,
           0., 1.],
          [0., 1., 1., 0., 1., 0., 0., 0., 1., 0., 0., 1., 1., 1., 1., 0., 0.,
           0., 1.],
          [1., 0., 1., 1., 0., 0., 1., 1., 1., 0., 0., 0., 0., 0., 1., 1., 1.,
           0., 0.],
          [0., 1., 0., 0., 1., 0., 1., 0., 0., 1., 1., 1., 1., 1., 1., 0., 0.,
           1., 0.],
          [1., 0., 1., 0., 0., 0., 0., 0., 1., 1., 1., 0., 1., 0., 0., 0., 1.,
           0., 1.],
          [1., 0., 0., 1., 1., 1., 1., 1., 1., 0., 1., 1., 1., 1., 0., 0., 1.,
           1., 1.],
          [0., 0., 0., 0., 0., 0., 1., 0., 0., 1., 0., 1., 0., 1., 1., 1., 1.,
           1., 0.],
          [0., 1., 1., 1., 0., 1., 1., 1., 1., 0., 1., 1., 0., 1., 1., 0., 0.,
           0., 1.],
          [1., 0., 0., 0., 1., 1., 0., 1., 0., 1., 1., 1., 1., 0., 1., 1., 0.,
           1., 0.],
          [1., 1., 1., 0., 0., 0., 1., 0., 0., 0., 1., 0., 1., 1., 0., 1., 0.,
           1., 1.],
          [0., 0., 0., 1., 1., 0., 0., 1., 1., 1., 0., 1., 0., 1., 1., 0., 0.,
           0., 1.],
          [1., 1., 0., 1., 0., 0., 0., 1., 1., 0., 1., 0., 0., 1., 0., 0., 1.,
           0., 0.],
          [0., 0., 0., 0., 0., 1., 1., 0., 0., 1., 1., 1., 1., 1., 0., 1., 1.,
           1., 0.],
          [0., 0., 0., 0., 0., 1., 0., 0., 1., 0., 1., 1., 0., 1., 1., 1., 1.,
           0., 1.],
          [0., 1., 1., 1., 0., 0., 0., 1., 1., 1., 1., 0., 1., 0., 1., 0., 0.,
           1., 1.],
          [0., 1., 1., 0., 0., 0., 0., 1., 0., 0., 0., 1., 0., 1., 0., 0., 1.,
           0., 0.],
          [1., 0., 0., 0., 0., 1., 0., 1., 0., 1., 0., 1., 0., 1., 1., 0., 1.,
           0., 0.],
          [0., 0., 0., 1., 0., 0., 0., 0., 0., 0., 1., 1., 0., 1., 0., 0., 0.,
           0., 0.],
          [1., 1., 1., 1., 0., 1., 0., 1., 1., 1., 1., 0., 1., 1., 0., 0., 1.,
           0., 0.]]]], device='cuda:0'), tensor([[0.7324]], device='cuda:0'))
2026-01-07 17:24:57 - INFO - [ 0.99032927 -0.06412634 -0.00104899  0.00348662 -0.00104899  0.00348662
  0.9880478  -0.07253995]
2026-01-07 17:24:57 - INFO - {'S11_real': np.float32(0.99032927), 'S11_imag': np.float32(-0.064126335), 'S21_real': np.float32(-0.0010489865), 'S21_imag': np.float32(0.003486619), 'S12_real': np.float32(-0.0010489883), 'S12_imag': np.float32(0.003486619), 'S22_real': np.float32(0.9880478), 'S22_imag': np.float32(-0.07253995)}
2026-01-07 17:24:57 - INFO - (tensor([[[[0., 1., 0., 1., 1., 1., 1., 0., 1., 0., 1., 0., 1., 0., 1., 1., 0.,
           1., 1.],
          [1., 0., 1., 1., 0., 0., 0., 0., 0., 1., 1., 1., 0., 1., 0., 0., 1.,
           0., 0.],
          [1., 0., 0., 1., 0., 0., 1., 1., 1., 1., 0., 0., 1., 0., 0., 1., 1.,
           0., 1.],
          [1., 1., 0., 1., 0., 0., 0., 1., 1., 1., 1., 1., 0., 0., 0., 1., 0.,
           0., 1.],
          [1., 0., 0., 1., 1., 1., 1., 0., 0., 1., 0., 0., 1., 0., 0., 0., 1.,
           1., 0.],
          [1., 1., 1., 0., 0., 1., 0., 0., 0., 0., 0., 1., 0., 0., 0., 1., 1.,
           1., 0.],
          [1., 1., 1., 1., 0., 1., 1., 0., 0., 1., 0., 1., 0., 0., 1., 0., 1.,
           0., 1.],
          [0., 0., 0., 0., 0., 1., 0., 1., 1., 1., 0., 1., 0., 1., 1., 1., 1.,
           1., 0.],
          [1., 1., 0., 0., 0., 1., 1., 1., 1., 1., 1., 0., 0., 1., 1., 1., 1.,
           1., 0.],
          [1., 1., 0., 1., 1., 1., 0., 0., 1., 0., 0., 1., 0., 0., 1., 1., 0.,
           1., 1.],
          [1., 1., 1., 1., 0., 1., 1., 1., 0., 0., 1., 1., 1., 1., 1., 1., 0.,
           1., 1.],
          [1., 1., 1., 1., 0., 0., 0., 0., 0., 0., 1., 1., 1., 1., 1., 1., 0.,
           1., 0.],
          [0., 1., 1., 1., 1., 1., 1., 1., 0., 1., 1., 0., 1., 1., 0., 1., 1.,
           1., 1.],
          [1., 1., 0., 1., 1., 0., 0., 1., 0., 1., 1., 0., 1., 1., 0., 0., 0.,
           0., 1.],
          [0., 0., 0., 0., 0., 1., 0., 1., 0., 0., 0., 0., 0., 0., 0., 0., 1.,
           0., 1.],
          [0., 1., 0., 0., 0., 1., 1., 1., 1., 0., 0., 0., 1., 0., 1., 1., 1.,
           1., 1.],
          [0., 1., 1., 0., 1., 1., 0., 0., 0., 1., 0., 0., 0., 1., 0., 1., 1.,
           0., 1.],
          [1., 0., 1., 0., 1., 1., 0., 0., 1., 1., 0., 1., 1., 1., 1., 0., 0.,
           0., 0.],
          [0., 0., 1., 0., 1., 1., 1., 0., 1., 0., 1., 1., 0., 1., 1., 1., 1.,
           0., 1.]]]], device='cuda:0'), tensor([[0.7324]], device='cuda:0'))
2026-01-07 17:24:57 - INFO - [-0.05514969 -0.00968812  0.91839063 -0.22223777  0.91839063 -0.22223775
 -0.04895185 -0.01513824]
2026-01-07 17:24:57 - INFO - {'S11_real': np.float32(-0.05514969), 'S11_imag': np.float32(-0.009688123), 'S21_real': np.float32(0.91839063), 'S21_imag': np.float32(-0.22223777), 'S12_real': np.float32(0.91839063), 'S12_imag': np.float32(-0.22223775), 'S22_real': np.float32(-0.04895185), 'S22_imag': np.float32(-0.015138237)}
2026-01-07 17:24:57 - INFO - (tensor([[[[1., 0., 1., 1., 1., 1., 0., 1., 0., 1., 1., 1., 0., 1., 1., 0., 0.,
           0., 0.],
          [1., 1., 1., 1., 0., 1., 1., 1., 1., 0., 1., 1., 1., 0., 0., 1., 1.,
           1., 0.],
          [1., 1., 1., 0., 1., 1., 0., 0., 1., 0., 1., 0., 0., 1., 1., 1., 0.,
           1., 1.],
          [1., 1., 1., 0., 1., 1., 0., 1., 1., 1., 1., 1., 0., 0., 0., 1., 0.,
           1., 1.],
          [1., 0., 0., 0., 1., 0., 1., 0., 0., 1., 1., 0., 0., 0., 1., 1., 0.,
           0., 1.],
          [0., 1., 1., 1., 1., 1., 1., 0., 1., 1., 0., 1., 0., 1., 0., 0., 1.,
           1., 1.],
          [1., 0., 0., 0., 1., 0., 1., 1., 0., 1., 0., 1., 0., 1., 0., 0., 1.,
           1., 0.],
          [1., 1., 1., 0., 0., 1., 1., 0., 1., 0., 1., 1., 1., 0., 0., 0., 0.,
           1., 1.],
          [0., 1., 1., 0., 1., 1., 0., 1., 1., 1., 0., 0., 1., 1., 1., 0., 0.,
           0., 1.],
          [1., 1., 1., 1., 0., 1., 1., 1., 0., 1., 0., 0., 0., 0., 0., 1., 1.,
           0., 1.],
          [0., 1., 1., 0., 1., 1., 0., 0., 1., 1., 1., 0., 0., 0., 1., 1., 0.,
           1., 0.],
          [1., 0., 1., 1., 0., 0., 0., 0., 0., 1., 0., 0., 0., 0., 0., 1., 0.,
           0., 0.],
          [1., 1., 0., 0., 1., 1., 1., 0., 0., 1., 0., 1., 1., 1., 0., 1., 1.,
           0., 1.],
          [0., 1., 0., 1., 1., 1., 1., 1., 0., 0., 1., 1., 1., 0., 0., 1., 0.,
           1., 1.],
          [1., 0., 1., 1., 1., 0., 0., 0., 1., 0., 1., 0., 1., 0., 1., 0., 0.,
           0., 1.],
          [0., 0., 0., 0., 1., 0., 1., 1., 1., 1., 0., 1., 1., 1., 1., 0., 0.,
           1., 1.],
          [1., 0., 0., 0., 0., 0., 1., 0., 0., 1., 0., 0., 0., 1., 0., 1., 1.,
           0., 0.],
          [0., 0., 1., 0., 1., 1., 1., 1., 1., 0., 1., 1., 0., 0., 1., 1., 0.,
           1., 0.],
          [0., 1., 0., 1., 1., 1., 0., 1., 0., 1., 1., 0., 1., 1., 0., 0., 0.,
           1., 0.]]]], device='cuda:0'), tensor([[0.7324]], device='cuda:0'))
2026-01-07 17:24:57 - INFO - [-0.05866386 -0.01807957  0.9152076  -0.22194557  0.9152076  -0.22194558
 -0.05565329 -0.02051533]
2026-01-07 17:24:57 - INFO - {'S11_real': np.float32(-0.05866386), 'S11_imag': np.float32(-0.018079571), 'S21_real': np.float32(0.9152076), 'S21_imag': np.float32(-0.22194557), 'S12_real': np.float32(0.9152076), 'S12_imag': np.float32(-0.22194558), 'S22_real': np.float32(-0.055653285), 'S22_imag': np.float32(-0.020515334)}
2026-01-07 17:24:57 - INFO - (tensor([[[[0., 1., 0., 1., 1., 0., 1., 0., 0., 0., 0., 1., 1., 0., 0., 1., 0.,
           1., 0.],
          [1., 1., 1., 0., 0., 0., 0., 0., 1., 1., 1., 1., 1., 1., 1., 0., 1.,
           0., 1.],
          [1., 0., 1., 0., 1., 0., 1., 0., 0., 1., 1., 0., 1., 0., 1., 0., 1.,
           0., 1.],
          [0., 0., 1., 1., 0., 0., 0., 0., 1., 0., 0., 0., 1., 0., 1., 1., 1.,
           1., 1.],
          [1., 1., 0., 0., 1., 0., 0., 1., 0., 1., 0., 1., 1., 0., 0., 1., 1.,
           1., 0.],
          [0., 0., 0., 1., 1., 1., 1., 0., 1., 1., 0., 0., 1., 0., 1., 0., 0.,
           1., 0.],
          [1., 0., 0., 0., 0., 0., 1., 0., 1., 0., 1., 0., 1., 1., 0., 0., 0.,
           1., 1.],
          [0., 0., 1., 1., 0., 1., 0., 0., 0., 1., 1., 1., 1., 0., 1., 0., 0.,
           0., 1.],
          [0., 0., 1., 0., 1., 1., 1., 0., 1., 1., 1., 1., 0., 1., 0., 1., 0.,
           1., 0.],
          [1., 0., 0., 0., 1., 0., 0., 0., 0., 1., 0., 0., 0., 1., 0., 0., 0.,
           0., 1.],
          [0., 0., 1., 1., 1., 0., 1., 0., 1., 0., 1., 0., 1., 0., 0., 0., 0.,
           0., 0.],
          [0., 0., 1., 0., 0., 1., 0., 1., 0., 1., 1., 0., 1., 0., 0., 0., 0.,
           1., 0.],
          [1., 1., 0., 0., 0., 0., 1., 0., 1., 0., 0., 0., 0., 1., 1., 0., 1.,
           1., 0.],
          [0., 1., 1., 1., 1., 0., 0., 1., 0., 1., 1., 0., 1., 1., 0., 0., 1.,
           1., 0.],
          [1., 1., 0., 0., 0., 0., 0., 0., 1., 1., 0., 0., 1., 1., 1., 0., 0.,
           1., 0.],
          [0., 0., 1., 1., 0., 0., 0., 0., 0., 1., 0., 0., 0., 1., 1., 0., 1.,
           1., 1.],
          [1., 1., 1., 0., 1., 1., 0., 0., 0., 0., 1., 1., 1., 1., 0., 1., 1.,
           0., 1.],
          [1., 1., 1., 0., 0., 0., 0., 0., 1., 1., 0., 0., 0., 1., 0., 1., 1.,
           1., 1.],
          [0., 1., 1., 0., 1., 1., 1., 0., 1., 1., 0., 0., 1., 1., 0., 1., 0.,
           1., 0.]]]], device='cuda:0'), tensor([[0.7324]], device='cuda:0'))
2026-01-07 17:24:57 - INFO - [ 9.9772453e-01 -2.9669471e-02 -3.0671153e-04  2.9125065e-04
 -3.0670967e-04  2.9125065e-04  9.9763048e-01 -3.2014880e-02]
2026-01-07 17:24:57 - INFO - {'S11_real': np.float32(0.99772453), 'S11_imag': np.float32(-0.029669471), 'S21_real': np.float32(-0.00030671153), 'S21_imag': np.float32(0.00029125065), 'S12_real': np.float32(-0.00030670967), 'S12_imag': np.float32(0.00029125065), 'S22_real': np.float32(0.9976305), 'S22_imag': np.float32(-0.03201488)}
2026-01-07 17:24:57 - INFO - (tensor([[[[1., 0., 0., 0., 0., 0., 1., 1., 0., 1., 1., 1., 1., 1., 1., 0., 1.,
           1., 1.],
          [0., 1., 1., 1., 0., 1., 0., 1., 0., 0., 0., 1., 0., 0., 0., 0., 1.,
           1., 1.],
          [1., 0., 1., 0., 1., 1., 1., 0., 1., 1., 1., 0., 1., 1., 0., 0., 1.,
           1., 1.],
          [0., 0., 0., 1., 0., 1., 0., 0., 0., 1., 1., 1., 1., 0., 1., 0., 1.,
           1., 0.],
          [0., 1., 1., 0., 0., 0., 0., 0., 1., 1., 1., 1., 0., 0., 0., 1., 0.,
           0., 1.],
          [1., 1., 0., 0., 1., 1., 0., 1., 0., 1., 1., 1., 0., 0., 1., 0., 1.,
           1., 0.],
          [0., 0., 0., 1., 0., 0., 1., 1., 1., 1., 0., 0., 1., 1., 0., 0., 0.,
           0., 0.],
          [1., 1., 1., 1., 0., 1., 0., 0., 0., 0., 0., 0., 0., 1., 0., 1., 1.,
           0., 0.],
          [1., 1., 1., 1., 0., 0., 0., 1., 0., 1., 0., 1., 0., 0., 1., 1., 1.,
           1., 1.],
          [1., 1., 0., 0., 0., 0., 0., 1., 1., 0., 0., 1., 1., 0., 1., 1., 1.,
           0., 1.],
          [0., 0., 0., 0., 0., 1., 0., 0., 0., 1., 1., 1., 1., 1., 1., 1., 0.,
           0., 1.],
          [0., 0., 1., 0., 0., 1., 0., 1., 1., 0., 0., 0., 1., 1., 1., 0., 0.,
           1., 0.],
          [0., 1., 1., 0., 1., 0., 1., 1., 1., 0., 0., 1., 1., 1., 0., 1., 1.,
           1., 1.],
          [0., 0., 1., 0., 0., 0., 1., 0., 0., 0., 1., 1., 0., 0., 1., 1., 0.,
           0., 1.],
          [1., 0., 1., 0., 0., 0., 1., 0., 0., 1., 1., 0., 0., 1., 1., 1., 0.,
           0., 0.],
          [1., 0., 1., 0., 1., 0., 0., 1., 1., 0., 1., 1., 0., 1., 0., 0., 1.,
           1., 0.],
          [0., 0., 0., 0., 0., 1., 1., 1., 0., 1., 0., 0., 1., 0., 0., 0., 0.,
           0., 0.],
          [1., 0., 0., 0., 0., 1., 1., 0., 0., 0., 1., 1., 1., 1., 0., 1., 1.,
           0., 0.],
          [1., 1., 1., 1., 0., 0., 1., 1., 1., 1., 1., 0., 0., 0., 1., 1., 0.,
           0., 1.]]]], device='cuda:0'), tensor([[0.7324]], device='cuda:0'))
2026-01-07 17:24:57 - INFO - [ 0.97920156 -0.09855232  0.00882304  0.03875543  0.00882305  0.03875544
  0.7571644  -0.3844258 ]
2026-01-07 17:24:57 - INFO - {'S11_real': np.float32(0.97920156), 'S11_imag': np.float32(-0.09855232), 'S21_real': np.float32(0.008823042), 'S21_imag': np.float32(0.03875543), 'S12_real': np.float32(0.008823055), 'S12_imag': np.float32(0.038755435), 'S22_real': np.float32(0.7571644), 'S22_imag': np.float32(-0.3844258)}
2026-01-07 17:24:57 - INFO - (tensor([[[[0., 1., 1., 0., 0., 0., 1., 1., 0., 1., 1., 1., 0., 1., 0., 0., 1.,
           0., 1.],
          [0., 0., 1., 0., 0., 0., 1., 1., 0., 0., 0., 1., 1., 0., 1., 1., 1.,
           1., 0.],
          [1., 1., 0., 0., 1., 1., 0., 0., 0., 1., 1., 0., 1., 0., 1., 0., 0.,
           1., 1.],
          [1., 1., 1., 1., 0., 1., 0., 0., 1., 0., 0., 1., 1., 1., 0., 1., 1.,
           1., 1.],
          [0., 1., 0., 1., 0., 0., 0., 1., 0., 1., 1., 1., 1., 1., 0., 1., 0.,
           0., 0.],
          [0., 0., 0., 0., 1., 0., 1., 0., 0., 0., 0., 1., 1., 1., 0., 0., 0.,
           1., 0.],
          [1., 1., 0., 0., 1., 1., 1., 0., 0., 0., 0., 0., 0., 1., 1., 1., 0.,
           1., 0.],
          [0., 1., 0., 1., 1., 0., 1., 1., 1., 1., 0., 1., 1., 1., 0., 1., 0.,
           1., 1.],
          [1., 0., 0., 0., 0., 0., 0., 1., 0., 1., 0., 0., 0., 1., 0., 0., 1.,
           1., 1.],
          [1., 0., 1., 0., 0., 1., 0., 1., 0., 1., 1., 1., 1., 1., 1., 0., 0.,
           0., 1.],
          [0., 1., 0., 0., 1., 0., 0., 0., 1., 0., 1., 0., 0., 0., 0., 1., 0.,
           1., 1.],
          [0., 0., 1., 1., 0., 0., 0., 0., 0., 1., 0., 0., 1., 0., 0., 1., 0.,
           1., 0.],
          [0., 0., 1., 1., 1., 1., 0., 1., 1., 1., 0., 0., 1., 1., 0., 1., 1.,
           1., 1.],
          [0., 0., 0., 1., 1., 0., 0., 0., 1., 0., 1., 1., 0., 0., 1., 0., 0.,
           1., 1.],
          [1., 1., 1., 0., 1., 1., 1., 0., 1., 1., 1., 0., 1., 1., 1., 0., 0.,
           0., 0.],
          [1., 1., 0., 0., 1., 1., 0., 0., 0., 0., 1., 0., 0., 1., 1., 1., 1.,
           1., 0.],
          [0., 0., 1., 0., 1., 0., 0., 1., 1., 0., 0., 0., 0., 0., 1., 1., 1.,
           1., 0.],
          [0., 1., 0., 1., 0., 0., 0., 1., 1., 1., 1., 0., 0., 0., 0., 1., 0.,
           0., 0.],
          [1., 1., 1., 0., 1., 0., 0., 0., 1., 1., 0., 0., 1., 1., 1., 0., 0.,
           0., 1.]]]], device='cuda:0'), tensor([[0.7324]], device='cuda:0'))
2026-01-07 17:24:57 - INFO - [ 0.9925447  -0.05328682  0.00370221  0.0228125   0.0037022   0.02281251
  0.7524212  -0.38093704]
2026-01-07 17:24:57 - INFO - {'S11_real': np.float32(0.9925447), 'S11_imag': np.float32(-0.053286817), 'S21_real': np.float32(0.0037022128), 'S21_imag': np.float32(0.022812502), 'S12_real': np.float32(0.0037022035), 'S12_imag': np.float32(0.022812506), 'S22_real': np.float32(0.7524212), 'S22_imag': np.float32(-0.38093704)}
2026-01-07 17:24:57 - INFO - (tensor([[[[1., 1., 0., 0., 1., 0., 1., 0., 1., 0., 0., 1., 1., 1., 1., 1., 0.,
           1., 1.],
          [1., 0., 1., 1., 1., 0., 0., 1., 0., 1., 0., 1., 0., 1., 1., 0., 1.,
           1., 1.],
          [1., 0., 1., 0., 0., 0., 0., 1., 1., 0., 1., 0., 1., 1., 1., 0., 0.,
           1., 0.],
          [0., 1., 0., 1., 1., 1., 0., 1., 1., 0., 0., 0., 0., 1., 0., 0., 0.,
           0., 1.],
          [0., 1., 0., 1., 1., 0., 1., 0., 1., 1., 1., 0., 1., 0., 1., 1., 1.,
           1., 1.],
          [1., 0., 0., 0., 1., 0., 1., 0., 0., 1., 1., 0., 0., 0., 0., 1., 0.,
           1., 1.],
          [0., 1., 0., 1., 1., 0., 1., 1., 0., 1., 1., 0., 0., 1., 1., 1., 0.,
           1., 1.],
          [1., 1., 1., 1., 0., 0., 1., 1., 0., 0., 0., 1., 1., 1., 1., 0., 0.,
           0., 0.],
          [1., 1., 0., 0., 0., 0., 0., 1., 1., 0., 0., 0., 1., 1., 1., 0., 1.,
           0., 1.],
          [1., 1., 0., 0., 1., 0., 0., 0., 0., 0., 0., 0., 1., 0., 0., 1., 1.,
           1., 1.],
          [0., 1., 1., 0., 0., 0., 1., 0., 1., 0., 0., 1., 0., 0., 0., 0., 0.,
           1., 1.],
          [0., 1., 1., 1., 0., 0., 0., 1., 1., 0., 0., 1., 1., 0., 1., 1., 1.,
           1., 1.],
          [1., 1., 0., 0., 1., 1., 1., 0., 0., 1., 0., 1., 1., 1., 1., 1., 1.,
           1., 0.],
          [1., 0., 1., 1., 0., 0., 1., 0., 1., 1., 0., 0., 0., 0., 1., 0., 0.,
           0., 0.],
          [0., 1., 1., 0., 0., 1., 0., 1., 1., 0., 1., 0., 0., 1., 1., 0., 1.,
           0., 1.],
          [1., 0., 0., 0., 1., 0., 0., 1., 1., 0., 0., 0., 0., 1., 1., 0., 0.,
           0., 1.],
          [0., 0., 1., 1., 0., 0., 1., 0., 0., 1., 1., 1., 0., 1., 1., 0., 0.,
           1., 1.],
          [0., 0., 1., 1., 0., 1., 0., 1., 0., 0., 1., 1., 0., 1., 1., 1., 0.,
           1., 1.],
          [0., 1., 1., 0., 0., 1., 1., 0., 0., 1., 1., 1., 0., 1., 0., 0., 0.,
           1., 1.]]]], device='cuda:0'), tensor([[0.7324]], device='cuda:0'))
2026-01-07 17:24:57 - INFO - [ 0.9343835  -0.20294829  0.02741072  0.07844125  0.02741071  0.07844125
  0.7712638  -0.38538688]
2026-01-07 17:24:57 - INFO - {'S11_real': np.float32(0.9343835), 'S11_imag': np.float32(-0.20294829), 'S21_real': np.float32(0.027410721), 'S21_imag': np.float32(0.078441255), 'S12_real': np.float32(0.027410714), 'S12_imag': np.float32(0.078441255), 'S22_real': np.float32(0.7712638), 'S22_imag': np.float32(-0.38538688)}
2026-01-07 17:24:57 - INFO - (tensor([[[[1., 0., 1., 0., 0., 0., 0., 0., 0., 1., 0., 1., 0., 1., 1., 1., 1.,
           0., 0.],
          [0., 0., 1., 1., 1., 0., 1., 0., 1., 1., 1., 1., 1., 0., 1., 0., 0.,
           0., 0.],
          [0., 0., 0., 0., 1., 1., 0., 0., 0., 1., 1., 0., 0., 1., 1., 0., 0.,
           0., 0.],
          [1., 1., 0., 0., 0., 1., 0., 0., 0., 1., 0., 1., 0., 0., 0., 1., 0.,
           0., 1.],
          [1., 1., 0., 1., 0., 1., 1., 1., 0., 0., 0., 0., 0., 0., 0., 0., 0.,
           1., 1.],
          [0., 0., 0., 0., 1., 1., 0., 1., 1., 0., 0., 0., 0., 1., 0., 1., 0.,
           1., 0.],
          [0., 1., 1., 1., 0., 1., 1., 1., 1., 1., 1., 1., 1., 1., 0., 0., 1.,
           0., 0.],
          [1., 1., 1., 1., 1., 1., 0., 1., 0., 1., 1., 0., 1., 1., 0., 1., 0.,
           1., 1.],
          [0., 1., 0., 0., 0., 1., 1., 0., 1., 1., 1., 0., 1., 0., 1., 1., 0.,
           1., 0.],
          [1., 0., 1., 1., 1., 0., 0., 0., 1., 0., 0., 0., 0., 0., 0., 0., 0.,
           0., 1.],
          [1., 1., 0., 1., 1., 0., 0., 0., 1., 0., 1., 0., 1., 1., 0., 0., 1.,
           1., 0.],
          [0., 1., 0., 1., 0., 0., 0., 1., 0., 1., 0., 1., 1., 0., 1., 1., 1.,
           1., 0.],
          [0., 0., 1., 1., 0., 0., 1., 0., 0., 1., 0., 1., 0., 1., 1., 1., 1.,
           1., 0.],
          [0., 0., 1., 0., 1., 1., 0., 1., 0., 1., 1., 0., 1., 0., 1., 0., 1.,
           0., 0.],
          [1., 0., 1., 1., 0., 0., 0., 0., 0., 1., 0., 1., 0., 0., 0., 1., 0.,
           1., 1.],
          [1., 0., 1., 0., 1., 0., 1., 0., 0., 0., 1., 1., 0., 1., 1., 1., 1.,
           1., 1.],
          [1., 0., 0., 1., 0., 0., 0., 1., 1., 1., 1., 1., 0., 1., 0., 1., 0.,
           1., 1.],
          [1., 1., 1., 1., 0., 1., 0., 1., 0., 0., 0., 0., 0., 0., 1., 0., 1.,
           1., 0.],
          [0., 1., 0., 0., 0., 0., 0., 0., 0., 1., 0., 1., 1., 1., 1., 0., 1.,
           1., 1.]]]], device='cuda:0'), tensor([[0.7324]], device='cuda:0'))
2026-01-07 17:24:57 - INFO - [ 0.06965496 -0.0150646   0.90178335 -0.21335185  0.90178335 -0.21335186
  0.07414503  0.00647923]
2026-01-07 17:24:57 - INFO - {'S11_real': np.float32(0.069654964), 'S11_imag': np.float32(-0.015064597), 'S21_real': np.float32(0.90178335), 'S21_imag': np.float32(-0.21335185), 'S12_real': np.float32(0.90178335), 'S12_imag': np.float32(-0.21335186), 'S22_real': np.float32(0.074145034), 'S22_imag': np.float32(0.006479232)}
2026-01-07 17:24:57 - INFO - (tensor([[[[1., 1., 0., 0., 1., 0., 0., 1., 1., 1., 0., 1., 0., 0., 0., 1., 0.,
           1., 1.],
          [1., 1., 1., 0., 0., 0., 0., 0., 1., 1., 0., 0., 0., 1., 1., 1., 0.,
           0., 0.],
          [0., 1., 0., 0., 0., 1., 1., 0., 1., 1., 1., 1., 1., 0., 0., 0., 1.,
           1., 1.],
          [1., 0., 0., 0., 0., 0., 0., 1., 1., 0., 1., 0., 0., 1., 0., 0., 0.,
           1., 1.],
          [1., 1., 0., 1., 1., 1., 0., 1., 1., 0., 0., 0., 0., 1., 0., 1., 1.,
           1., 1.],
          [1., 0., 1., 1., 1., 0., 1., 1., 0., 1., 1., 0., 1., 1., 1., 1., 1.,
           0., 0.],
          [0., 1., 1., 1., 0., 1., 1., 1., 0., 0., 1., 1., 1., 0., 0., 0., 1.,
           0., 1.],
          [1., 0., 1., 0., 1., 1., 0., 1., 1., 1., 1., 1., 1., 1., 1., 0., 0.,
           1., 1.],
          [0., 1., 0., 0., 0., 1., 1., 1., 0., 0., 0., 1., 0., 0., 1., 0., 0.,
           1., 1.],
          [1., 1., 0., 1., 0., 1., 0., 1., 1., 1., 1., 1., 1., 1., 0., 0., 1.,
           1., 1.],
          [0., 1., 0., 0., 1., 1., 1., 0., 1., 1., 0., 1., 0., 0., 0., 0., 0.,
           0., 1.],
          [1., 1., 0., 1., 0., 1., 0., 1., 0., 1., 0., 1., 0., 1., 1., 1., 0.,
           0., 0.],
          [0., 0., 1., 0., 1., 1., 0., 1., 0., 0., 0., 1., 0., 0., 0., 1., 0.,
           1., 1.],
          [0., 1., 1., 0., 0., 0., 1., 0., 1., 1., 1., 1., 1., 0., 0., 1., 1.,
           0., 0.],
          [1., 1., 0., 0., 1., 0., 0., 1., 1., 1., 0., 1., 0., 1., 1., 0., 0.,
           1., 1.],
          [0., 1., 0., 0., 1., 0., 0., 0., 1., 0., 1., 1., 1., 0., 0., 1., 1.,
           0., 1.],
          [1., 0., 1., 0., 0., 1., 0., 0., 0., 1., 1., 1., 0., 0., 1., 1., 0.,
           1., 1.],
          [1., 1., 1., 0., 1., 1., 0., 0., 0., 0., 1., 1., 1., 1., 0., 0., 1.,
           1., 1.],
          [1., 0., 1., 0., 0., 0., 0., 1., 1., 1., 1., 0., 0., 0., 1., 0., 0.,
           0., 0.]]]], device='cuda:0'), tensor([[0.7324]], device='cuda:0'))
2026-01-07 17:24:57 - INFO - [ 0.68952775 -0.44149435  0.01899438  0.06139297  0.01899437  0.06139299
  0.98275477 -0.1002145 ]
2026-01-07 17:24:57 - INFO - {'S11_real': np.float32(0.68952775), 'S11_imag': np.float32(-0.44149435), 'S21_real': np.float32(0.018994378), 'S21_imag': np.float32(0.061392974), 'S12_real': np.float32(0.018994374), 'S12_imag': np.float32(0.061392985), 'S22_real': np.float32(0.98275477), 'S22_imag': np.float32(-0.1002145)}
2026-01-07 17:24:57 - INFO - (tensor([[[[1., 0., 0., 1., 1., 1., 0., 0., 0., 0., 1., 0., 0., 1., 1., 1., 0.,
           0., 0.],
          [0., 0., 1., 1., 0., 0., 0., 0., 0., 1., 1., 1., 0., 0., 1., 1., 0.,
           1., 1.],
          [0., 1., 1., 1., 0., 1., 1., 1., 0., 0., 1., 0., 1., 0., 0., 1., 1.,
           1., 0.],
          [1., 0., 0., 1., 0., 1., 0., 1., 0., 0., 1., 0., 1., 0., 0., 0., 1.,
           1., 1.],
          [1., 1., 0., 0., 1., 0., 0., 0., 0., 1., 0., 1., 1., 0., 1., 0., 0.,
           0., 1.],
          [1., 1., 0., 0., 0., 1., 0., 0., 1., 1., 1., 0., 0., 0., 1., 1., 1.,
           1., 0.],
          [0., 0., 0., 0., 0., 0., 0., 1., 1., 0., 1., 0., 0., 1., 0., 0., 0.,
           0., 0.],
          [0., 0., 1., 1., 0., 1., 0., 0., 0., 0., 1., 1., 1., 1., 0., 1., 0.,
           0., 1.],
          [0., 1., 1., 1., 1., 1., 0., 1., 1., 0., 1., 1., 0., 0., 1., 0., 1.,
           0., 1.],
          [1., 1., 0., 1., 0., 1., 1., 1., 1., 1., 0., 0., 0., 1., 1., 0., 1.,
           1., 1.],
          [0., 0., 0., 0., 0., 1., 1., 1., 1., 0., 0., 1., 0., 1., 1., 1., 1.,
           0., 1.],
          [0., 1., 1., 1., 1., 0., 1., 0., 1., 1., 1., 0., 1., 1., 1., 1., 1.,
           0., 0.],
          [1., 1., 0., 1., 0., 1., 1., 0., 1., 0., 0., 0., 1., 0., 0., 1., 1.,
           1., 1.],
          [1., 1., 0., 1., 0., 1., 0., 0., 1., 1., 0., 1., 1., 0., 0., 0., 1.,
           1., 1.],
          [1., 0., 1., 0., 1., 1., 0., 1., 1., 0., 1., 0., 0., 0., 0., 1., 1.,
           1., 0.],
          [1., 1., 1., 1., 0., 0., 1., 0., 1., 1., 1., 0., 1., 0., 0., 1., 0.,
           0., 1.],
          [0., 0., 1., 1., 0., 1., 1., 0., 0., 1., 0., 1., 1., 0., 0., 1., 1.,
           1., 1.],
          [0., 1., 0., 0., 1., 0., 0., 1., 0., 0., 1., 1., 1., 1., 1., 1., 1.,
           0., 0.],
          [1., 0., 0., 1., 0., 1., 0., 1., 0., 0., 0., 1., 0., 0., 1., 1., 0.,
           0., 0.]]]], device='cuda:0'), tensor([[0.7324]], device='cuda:0'))
2026-01-07 17:24:57 - INFO - [-0.04633859  0.0082516   0.92071825 -0.22822617  0.92071825 -0.22822618
 -0.03953024  0.00267039]
2026-01-07 17:24:57 - INFO - {'S11_real': np.float32(-0.04633859), 'S11_imag': np.float32(0.008251603), 'S21_real': np.float32(0.92071825), 'S21_imag': np.float32(-0.22822617), 'S12_real': np.float32(0.92071825), 'S12_imag': np.float32(-0.22822618), 'S22_real': np.float32(-0.039530244), 'S22_imag': np.float32(0.002670386)}
2026-01-07 17:24:57 - INFO - (tensor([[[[0., 1., 0., 0., 1., 0., 0., 0., 1., 1., 0., 0., 1., 0., 0., 1., 1.,
           1., 0.],
          [0., 0., 0., 1., 0., 0., 1., 1., 0., 1., 1., 0., 0., 0., 0., 1., 1.,
           0., 0.],
          [1., 0., 0., 0., 0., 1., 0., 1., 0., 0., 1., 0., 1., 0., 0., 0., 0.,
           0., 1.],
          [1., 0., 0., 1., 1., 0., 0., 1., 0., 1., 0., 1., 1., 0., 1., 0., 0.,
           0., 0.],
          [1., 0., 0., 0., 0., 1., 0., 1., 1., 1., 0., 0., 0., 0., 1., 1., 0.,
           0., 0.],
          [0., 0., 0., 0., 1., 1., 1., 1., 0., 0., 0., 0., 0., 1., 0., 1., 0.,
           1., 0.],
          [1., 0., 0., 0., 0., 1., 0., 1., 0., 1., 0., 0., 1., 0., 0., 1., 0.,
           1., 0.],
          [1., 1., 1., 1., 0., 0., 1., 0., 0., 0., 1., 0., 0., 1., 0., 1., 1.,
           1., 0.],
          [0., 1., 1., 1., 1., 1., 1., 0., 1., 1., 1., 0., 0., 0., 0., 1., 0.,
           1., 1.],
          [1., 1., 1., 1., 0., 0., 0., 0., 0., 1., 0., 0., 0., 1., 1., 1., 0.,
           0., 1.],
          [0., 0., 1., 0., 1., 0., 1., 1., 1., 1., 0., 0., 0., 1., 0., 0., 0.,
           0., 1.],
          [1., 0., 0., 0., 1., 1., 1., 0., 1., 1., 1., 1., 1., 0., 0., 0., 0.,
           1., 0.],
          [0., 0., 1., 0., 1., 1., 1., 0., 1., 0., 0., 0., 1., 1., 0., 1., 1.,
           1., 0.],
          [1., 1., 0., 1., 0., 1., 1., 1., 1., 1., 1., 0., 1., 1., 1., 0., 0.,
           0., 1.],
          [1., 0., 0., 0., 1., 0., 1., 1., 1., 0., 1., 0., 0., 0., 0., 1., 1.,
           1., 1.],
          [0., 0., 0., 0., 1., 0., 1., 0., 0., 0., 0., 1., 1., 1., 1., 0., 0.,
           1., 1.],
          [0., 0., 1., 1., 1., 0., 1., 1., 1., 1., 1., 0., 1., 0., 1., 1., 1.,
           0., 0.],
          [0., 1., 1., 0., 0., 1., 0., 1., 0., 0., 0., 1., 1., 0., 1., 1., 1.,
           1., 0.],
          [1., 1., 0., 1., 1., 1., 0., 0., 1., 1., 0., 0., 0., 1., 1., 0., 1.,
           1., 1.]]]], device='cuda:0'), tensor([[0.7324]], device='cuda:0'))
2026-01-07 17:24:57 - INFO - [-4.9072284e-02 -4.3797863e-04  9.2235845e-01 -2.1985236e-01
  9.2235851e-01 -2.1985236e-01 -4.3258324e-02 -5.2302750e-03]
2026-01-07 17:24:57 - INFO - {'S11_real': np.float32(-0.049072284), 'S11_imag': np.float32(-0.00043797863), 'S21_real': np.float32(0.92235845), 'S21_imag': np.float32(-0.21985236), 'S12_real': np.float32(0.9223585), 'S12_imag': np.float32(-0.21985236), 'S22_real': np.float32(-0.043258324), 'S22_imag': np.float32(-0.005230275)}
2026-01-07 17:24:57 - INFO - (tensor([[[[1., 1., 1., 1., 0., 0., 0., 0., 0., 0., 0., 0., 0., 1., 1., 0., 1.,
           1., 0.],
          [0., 0., 1., 1., 0., 1., 1., 1., 0., 1., 1., 1., 1., 1., 1., 1., 0.,
           0., 1.],
          [0., 1., 1., 1., 0., 1., 1., 0., 0., 1., 0., 0., 1., 1., 1., 0., 0.,
           0., 1.],
          [0., 0., 1., 1., 1., 0., 1., 0., 0., 1., 1., 1., 1., 1., 0., 0., 0.,
           1., 0.],
          [1., 1., 0., 0., 1., 0., 1., 0., 0., 0., 0., 0., 1., 0., 0., 0., 1.,
           1., 1.],
          [1., 1., 0., 0., 0., 1., 1., 0., 1., 1., 1., 0., 0., 1., 1., 1., 1.,
           0., 1.],
          [0., 0., 0., 1., 0., 0., 1., 1., 1., 0., 1., 0., 0., 1., 0., 0., 0.,
           0., 1.],
          [0., 1., 0., 0., 1., 0., 0., 0., 0., 0., 0., 1., 1., 1., 0., 0., 0.,
           1., 0.],
          [1., 0., 0., 0., 1., 0., 1., 0., 0., 1., 0., 0., 0., 0., 1., 1., 0.,
           0., 1.],
          [1., 1., 0., 1., 1., 1., 1., 0., 0., 1., 1., 1., 1., 0., 1., 1., 1.,
           1., 1.],
          [1., 1., 0., 1., 1., 1., 0., 0., 0., 1., 1., 1., 0., 1., 0., 0., 0.,
           0., 0.],
          [1., 1., 0., 1., 1., 0., 0., 1., 1., 1., 1., 0., 1., 0., 0., 1., 1.,
           1., 0.],
          [0., 0., 0., 1., 0., 0., 1., 0., 0., 1., 0., 0., 0., 0., 1., 0., 1.,
           0., 1.],
          [1., 1., 0., 0., 0., 1., 0., 0., 0., 0., 1., 1., 0., 0., 0., 1., 0.,
           1., 1.],
          [0., 0., 0., 1., 1., 0., 1., 0., 0., 1., 1., 1., 1., 0., 0., 0., 1.,
           0., 1.],
          [1., 1., 0., 1., 1., 1., 1., 1., 1., 1., 1., 1., 1., 1., 1., 0., 0.,
           1., 1.],
          [1., 0., 0., 0., 1., 1., 1., 1., 0., 1., 0., 0., 1., 0., 0., 0., 0.,
           1., 1.],
          [0., 1., 0., 1., 1., 1., 1., 1., 0., 1., 0., 0., 1., 0., 1., 0., 0.,
           1., 1.],
          [1., 1., 0., 1., 0., 0., 0., 0., 0., 0., 1., 0., 0., 0., 1., 1., 0.,
           1., 0.]]]], device='cuda:0'), tensor([[0.7324]], device='cuda:0'))
2026-01-07 17:24:57 - INFO - [ 0.98137295 -0.0932667   0.00216292  0.02042505  0.00216293  0.02042504
  0.8825024  -0.2699851 ]
2026-01-07 17:24:57 - INFO - {'S11_real': np.float32(0.98137295), 'S11_imag': np.float32(-0.093266696), 'S21_real': np.float32(0.0021629217), 'S21_imag': np.float32(0.020425046), 'S12_real': np.float32(0.0021629273), 'S12_imag': np.float32(0.020425042), 'S22_real': np.float32(0.8825024), 'S22_imag': np.float32(-0.2699851)}
2026-01-07 17:24:57 - INFO - (tensor([[[[1., 0., 1., 1., 1., 0., 0., 0., 1., 1., 0., 1., 0., 0., 0., 0., 1.,
           1., 1.],
          [0., 1., 0., 0., 0., 0., 0., 0., 1., 1., 1., 1., 0., 0., 1., 1., 1.,
           1., 1.],
          [1., 1., 1., 0., 0., 0., 0., 1., 0., 1., 0., 1., 1., 0., 0., 1., 1.,
           1., 0.],
          [0., 1., 0., 1., 0., 0., 0., 0., 0., 1., 1., 0., 1., 1., 0., 1., 0.,
           1., 1.],
          [1., 1., 1., 1., 1., 0., 0., 0., 0., 1., 1., 1., 0., 0., 0., 1., 0.,
           1., 0.],
          [1., 0., 1., 0., 0., 1., 1., 0., 1., 0., 1., 0., 1., 0., 0., 0., 1.,
           0., 1.],
          [1., 1., 0., 1., 1., 1., 0., 1., 1., 1., 1., 0., 0., 1., 1., 1., 1.,
           0., 0.],
          [0., 0., 1., 1., 0., 0., 1., 1., 1., 1., 1., 0., 0., 1., 1., 0., 1.,
           0., 0.],
          [0., 0., 1., 1., 0., 1., 1., 1., 1., 0., 1., 0., 0., 1., 0., 1., 1.,
           0., 1.],
          [1., 0., 1., 1., 1., 0., 1., 0., 0., 1., 1., 1., 0., 1., 0., 1., 1.,
           0., 1.],
          [1., 1., 1., 1., 1., 0., 0., 0., 0., 1., 0., 0., 0., 1., 0., 1., 0.,
           1., 0.],
          [1., 0., 1., 1., 0., 1., 1., 0., 0., 1., 0., 0., 0., 1., 1., 1., 1.,
           1., 1.],
          [1., 0., 1., 1., 0., 0., 0., 1., 0., 1., 1., 1., 0., 0., 1., 1., 1.,
           0., 1.],
          [0., 1., 0., 1., 0., 0., 0., 0., 0., 0., 1., 1., 1., 1., 0., 1., 0.,
           0., 0.],
          [1., 0., 1., 1., 1., 1., 1., 0., 0., 1., 0., 1., 0., 0., 0., 0., 0.,
           0., 0.],
          [0., 0., 0., 0., 0., 0., 1., 0., 0., 0., 0., 0., 0., 1., 1., 1., 0.,
           0., 0.],
          [1., 0., 0., 1., 1., 0., 0., 0., 0., 1., 0., 0., 1., 0., 0., 1., 1.,
           0., 1.],
          [1., 0., 1., 0., 0., 0., 0., 1., 0., 0., 0., 0., 1., 1., 1., 0., 1.,
           1., 0.],
          [1., 0., 1., 1., 1., 1., 0., 0., 1., 0., 1., 1., 1., 1., 1., 1., 0.,
           0., 1.]]]], device='cuda:0'), tensor([[0.7324]], device='cuda:0'))
2026-01-07 17:24:57 - INFO - [ 0.757329   -0.37752718  0.00402031  0.02188414  0.00402032  0.02188414
  0.9972467  -0.03687381]
2026-01-07 17:24:57 - INFO - {'S11_real': np.float32(0.757329), 'S11_imag': np.float32(-0.37752718), 'S21_real': np.float32(0.004020314), 'S21_imag': np.float32(0.021884136), 'S12_real': np.float32(0.004020316), 'S12_imag': np.float32(0.02188414), 'S22_real': np.float32(0.9972467), 'S22_imag': np.float32(-0.03687381)}
2026-01-07 17:24:57 - INFO - (tensor([[[[0., 1., 0., 0., 0., 1., 0., 1., 1., 1., 0., 0., 0., 1., 1., 0., 1.,
           0., 0.],
          [0., 0., 1., 0., 0., 0., 0., 0., 0., 0., 1., 1., 1., 1., 0., 1., 1.,
           1., 0.],
          [1., 1., 0., 1., 0., 1., 0., 1., 1., 1., 0., 1., 0., 0., 0., 0., 1.,
           1., 1.],
          [0., 1., 0., 0., 0., 1., 1., 0., 1., 1., 0., 0., 1., 0., 0., 1., 1.,
           0., 1.],
          [0., 0., 1., 0., 0., 0., 1., 1., 1., 0., 0., 1., 1., 1., 0., 1., 0.,
           1., 0.],
          [0., 1., 0., 1., 0., 0., 1., 0., 1., 1., 1., 0., 0., 0., 1., 1., 0.,
           0., 1.],
          [0., 1., 0., 1., 0., 0., 1., 1., 1., 0., 1., 1., 0., 1., 1., 1., 0.,
           0., 0.],
          [1., 0., 1., 1., 1., 0., 0., 1., 1., 0., 0., 0., 1., 0., 0., 0., 1.,
           0., 1.],
          [1., 1., 0., 0., 0., 1., 0., 1., 0., 0., 0., 0., 1., 1., 1., 1., 0.,
           1., 1.],
          [1., 0., 1., 1., 0., 0., 1., 1., 0., 1., 0., 1., 1., 1., 1., 1., 0.,
           0., 1.],
          [1., 1., 0., 0., 0., 0., 0., 0., 0., 0., 1., 0., 0., 0., 0., 1., 0.,
           1., 1.],
          [1., 0., 0., 0., 1., 1., 1., 1., 0., 0., 0., 1., 1., 0., 0., 1., 0.,
           0., 1.],
          [1., 1., 0., 1., 0., 0., 1., 0., 1., 1., 0., 0., 1., 1., 1., 1., 1.,
           1., 0.],
          [0., 0., 0., 1., 0., 0., 1., 0., 1., 1., 1., 1., 1., 0., 0., 0., 1.,
           0., 0.],
          [0., 0., 1., 0., 1., 1., 0., 1., 1., 1., 1., 1., 1., 1., 0., 0., 1.,
           1., 0.],
          [0., 0., 0., 1., 1., 0., 0., 0., 0., 1., 0., 0., 0., 1., 1., 1., 0.,
           0., 0.],
          [1., 1., 0., 0., 1., 0., 0., 0., 1., 0., 0., 0., 0., 1., 1., 1., 0.,
           1., 0.],
          [1., 0., 1., 1., 1., 0., 0., 0., 1., 0., 0., 0., 0., 0., 0., 1., 1.,
           0., 1.],
          [1., 0., 0., 1., 0., 1., 1., 1., 0., 1., 0., 0., 0., 0., 0., 1., 0.,
           0., 0.]]]], device='cuda:0'), tensor([[0.7324]], device='cuda:0'))
2026-01-07 17:24:57 - INFO - [ 0.9515089  -0.16361658  0.02200514  0.06522226  0.02200513  0.06522226
  0.7487463  -0.39244264]
2026-01-07 17:24:57 - INFO - {'S11_real': np.float32(0.9515089), 'S11_imag': np.float32(-0.16361658), 'S21_real': np.float32(0.022005135), 'S21_imag': np.float32(0.065222256), 'S12_real': np.float32(0.022005131), 'S12_imag': np.float32(0.065222256), 'S22_real': np.float32(0.7487463), 'S22_imag': np.float32(-0.39244264)}
2026-01-07 17:24:57 - INFO - (tensor([[[[0., 0., 1., 0., 0., 1., 0., 1., 1., 1., 1., 0., 0., 1., 1., 0., 1.,
           1., 1.],
          [0., 1., 0., 0., 0., 1., 1., 0., 0., 0., 1., 1., 0., 0., 1., 0., 1.,
           1., 0.],
          [0., 1., 1., 1., 1., 1., 0., 1., 1., 1., 0., 0., 1., 1., 0., 0., 0.,
           0., 1.],
          [0., 1., 1., 0., 0., 0., 0., 1., 1., 1., 0., 1., 0., 1., 0., 1., 1.,
           0., 1.],
          [1., 0., 0., 0., 0., 0., 1., 0., 1., 1., 0., 1., 1., 0., 1., 0., 0.,
           0., 1.],
          [1., 1., 1., 0., 1., 0., 1., 1., 1., 1., 1., 0., 1., 1., 1., 1., 0.,
           1., 0.],
          [1., 0., 0., 0., 0., 0., 1., 0., 1., 0., 0., 1., 0., 0., 0., 0., 1.,
           0., 0.],
          [1., 1., 0., 0., 1., 0., 1., 0., 1., 1., 1., 0., 0., 0., 0., 1., 1.,
           1., 0.],
          [0., 0., 1., 0., 0., 1., 1., 0., 1., 0., 1., 1., 1., 0., 0., 0., 1.,
           1., 1.],
          [1., 0., 0., 0., 1., 1., 0., 1., 0., 1., 1., 0., 0., 1., 0., 0., 1.,
           1., 1.],
          [0., 1., 1., 1., 1., 1., 0., 1., 1., 0., 1., 1., 0., 1., 0., 1., 0.,
           0., 1.],
          [0., 0., 1., 1., 0., 1., 0., 0., 1., 1., 0., 1., 1., 0., 0., 0., 0.,
           0., 0.],
          [1., 0., 1., 1., 0., 1., 0., 1., 0., 0., 0., 0., 1., 1., 1., 1., 1.,
           0., 0.],
          [0., 0., 0., 1., 0., 0., 1., 1., 0., 0., 1., 0., 0., 0., 1., 0., 0.,
           1., 1.],
          [1., 0., 1., 0., 1., 0., 1., 0., 0., 1., 1., 0., 1., 0., 1., 1., 0.,
           1., 1.],
          [0., 0., 1., 0., 1., 1., 0., 0., 0., 0., 0., 0., 1., 1., 0., 1., 1.,
           1., 1.],
          [0., 1., 1., 0., 0., 0., 0., 1., 0., 1., 1., 0., 0., 0., 0., 0., 0.,
           1., 1.],
          [1., 1., 0., 0., 1., 1., 1., 0., 0., 0., 1., 1., 0., 0., 1., 1., 0.,
           1., 0.],
          [0., 1., 1., 1., 0., 1., 1., 0., 0., 1., 0., 0., 0., 1., 1., 0., 0.,
           0., 1.]]]], device='cuda:0'), tensor([[0.7324]], device='cuda:0'))
2026-01-07 17:24:57 - INFO - [ 0.99843544 -0.03303357  0.00453402  0.02214644  0.004534    0.02214645
  0.73455924 -0.39721859]
2026-01-07 17:24:57 - INFO - {'S11_real': np.float32(0.99843544), 'S11_imag': np.float32(-0.033033572), 'S21_real': np.float32(0.0045340187), 'S21_imag': np.float32(0.022146445), 'S12_real': np.float32(0.004534002), 'S12_imag': np.float32(0.022146452), 'S22_real': np.float32(0.73455924), 'S22_imag': np.float32(-0.39721859)}
2026-01-07 17:24:57 - INFO - (tensor([[[[0., 0., 1., 0., 1., 1., 1., 0., 0., 1., 0., 1., 0., 1., 1., 0., 0.,
           0., 0.],
          [1., 1., 0., 0., 1., 0., 0., 0., 0., 1., 1., 0., 1., 0., 0., 0., 1.,
           1., 1.],
          [1., 1., 0., 0., 1., 1., 1., 0., 1., 0., 0., 1., 0., 0., 1., 0., 1.,
           0., 1.],
          [1., 0., 1., 0., 0., 1., 0., 1., 0., 0., 1., 0., 0., 0., 0., 0., 0.,
           0., 0.],
          [1., 0., 0., 1., 1., 1., 0., 1., 1., 0., 0., 1., 1., 0., 0., 0., 0.,
           0., 1.],
          [0., 0., 0., 0., 0., 1., 0., 1., 0., 1., 1., 0., 0., 0., 0., 0., 1.,
           0., 0.],
          [1., 0., 1., 0., 1., 0., 1., 1., 0., 0., 0., 1., 1., 1., 0., 0., 1.,
           0., 1.],
          [0., 0., 1., 0., 0., 0., 0., 0., 1., 0., 1., 0., 0., 1., 1., 0., 0.,
           1., 1.],
          [1., 1., 0., 0., 0., 0., 0., 1., 1., 1., 0., 1., 0., 0., 0., 1., 0.,
           0., 1.],
          [1., 1., 0., 1., 0., 0., 1., 0., 1., 0., 1., 0., 0., 0., 1., 1., 1.,
           1., 1.],
          [0., 0., 0., 0., 0., 1., 0., 1., 0., 1., 1., 1., 0., 0., 0., 0., 1.,
           1., 1.],
          [1., 0., 1., 0., 1., 1., 1., 0., 0., 1., 1., 1., 0., 0., 0., 1., 0.,
           1., 0.],
          [1., 1., 0., 1., 1., 1., 0., 1., 0., 0., 1., 0., 1., 0., 1., 0., 1.,
           1., 1.],
          [1., 0., 0., 1., 0., 1., 1., 0., 0., 1., 0., 1., 0., 0., 0., 0., 0.,
           1., 0.],
          [0., 1., 1., 1., 0., 0., 1., 1., 1., 1., 0., 0., 0., 0., 0., 1., 0.,
           1., 1.],
          [1., 0., 1., 0., 1., 0., 1., 0., 1., 1., 1., 1., 0., 0., 0., 1., 1.,
           1., 1.],
          [1., 1., 0., 0., 0., 0., 0., 0., 0., 0., 1., 1., 1., 1., 1., 1., 1.,
           0., 0.],
          [1., 0., 0., 0., 0., 0., 1., 0., 1., 1., 1., 0., 1., 1., 1., 1., 0.,
           1., 1.],
          [1., 1., 0., 1., 1., 1., 1., 1., 1., 0., 1., 0., 0., 1., 0., 1., 0.,
           1., 0.]]]], device='cuda:0'), tensor([[0.7324]], device='cuda:0'))
2026-01-07 17:24:57 - INFO - [ 0.9910012  -0.06394725  0.00571063  0.0300471   0.00571064  0.0300471
  0.73819596 -0.3945694 ]
2026-01-07 17:24:57 - INFO - {'S11_real': np.float32(0.9910012), 'S11_imag': np.float32(-0.063947245), 'S21_real': np.float32(0.0057106283), 'S21_imag': np.float32(0.030047098), 'S12_real': np.float32(0.0057106377), 'S12_imag': np.float32(0.030047102), 'S22_real': np.float32(0.73819596), 'S22_imag': np.float32(-0.3945694)}
2026-01-07 17:24:57 - INFO - (tensor([[[[0., 1., 0., 0., 0., 0., 0., 1., 0., 0., 1., 1., 1., 0., 0., 0., 0.,
           1., 1.],
          [0., 0., 0., 0., 1., 1., 0., 1., 0., 0., 1., 0., 1., 0., 1., 0., 1.,
           0., 0.],
          [1., 0., 1., 1., 0., 0., 0., 0., 1., 0., 0., 0., 1., 0., 1., 0., 1.,
           0., 0.],
          [1., 0., 0., 0., 1., 0., 1., 1., 1., 0., 1., 1., 0., 1., 1., 0., 0.,
           1., 0.],
          [0., 0., 1., 1., 0., 1., 0., 0., 0., 0., 0., 1., 1., 1., 1., 0., 0.,
           1., 1.],
          [0., 0., 0., 1., 0., 0., 1., 1., 1., 0., 0., 1., 0., 0., 0., 1., 1.,
           0., 0.],
          [0., 0., 1., 1., 0., 0., 1., 0., 1., 0., 1., 0., 0., 1., 1., 0., 0.,
           1., 1.],
          [0., 0., 1., 1., 1., 1., 1., 0., 0., 1., 0., 0., 1., 0., 0., 0., 1.,
           1., 0.],
          [0., 0., 0., 0., 0., 1., 0., 0., 1., 0., 0., 0., 0., 1., 0., 1., 0.,
           0., 1.],
          [1., 1., 1., 1., 0., 0., 0., 0., 1., 0., 0., 1., 1., 0., 1., 1., 1.,
           1., 1.],
          [0., 0., 0., 0., 0., 0., 0., 1., 0., 0., 0., 1., 0., 0., 1., 0., 0.,
           1., 0.],
          [1., 0., 0., 0., 1., 1., 1., 0., 0., 1., 1., 0., 0., 0., 0., 1., 0.,
           0., 0.],
          [0., 0., 0., 0., 1., 1., 1., 0., 1., 0., 0., 0., 0., 1., 0., 0., 1.,
           1., 1.],
          [0., 1., 0., 0., 1., 1., 1., 0., 0., 0., 0., 0., 0., 1., 0., 1., 1.,
           1., 1.],
          [1., 0., 0., 0., 0., 1., 1., 1., 0., 0., 0., 0., 1., 1., 0., 0., 1.,
           1., 1.],
          [1., 0., 1., 1., 1., 1., 0., 0., 0., 0., 0., 0., 1., 1., 1., 1., 0.,
           1., 0.],
          [1., 1., 1., 0., 1., 0., 0., 1., 0., 0., 1., 1., 1., 1., 1., 1., 0.,
           1., 1.],
          [0., 1., 0., 1., 1., 0., 1., 0., 1., 1., 0., 1., 1., 0., 1., 0., 1.,
           0., 1.],
          [0., 0., 1., 1., 0., 1., 0., 1., 1., 0., 0., 1., 1., 1., 1., 1., 0.,
           1., 1.]]]], device='cuda:0'), tensor([[0.7324]], device='cuda:0'))
2026-01-07 17:24:57 - INFO - [ 9.8882169e-01 -7.4571013e-02  5.1677873e-04  1.7283216e-02
  5.1677687e-04  1.7283212e-02  8.7394243e-01 -2.7885813e-01]
2026-01-07 17:24:57 - INFO - {'S11_real': np.float32(0.9888217), 'S11_imag': np.float32(-0.07457101), 'S21_real': np.float32(0.00051677873), 'S21_imag': np.float32(0.017283216), 'S12_real': np.float32(0.00051677687), 'S12_imag': np.float32(0.017283212), 'S22_real': np.float32(0.87394243), 'S22_imag': np.float32(-0.27885813)}
2026-01-07 17:24:57 - INFO - (tensor([[[[0., 0., 0., 1., 0., 0., 0., 0., 1., 1., 1., 0., 0., 0., 0., 0., 0.,
           1., 1.],
          [0., 1., 0., 0., 1., 0., 1., 0., 0., 1., 0., 0., 0., 1., 0., 0., 0.,
           1., 1.],
          [1., 1., 1., 0., 1., 1., 0., 1., 0., 1., 0., 0., 1., 1., 0., 0., 0.,
           0., 0.],
          [0., 0., 1., 0., 1., 1., 0., 0., 1., 0., 0., 1., 1., 1., 0., 0., 1.,
           0., 1.],
          [0., 1., 0., 1., 0., 0., 1., 0., 0., 1., 0., 0., 0., 1., 1., 1., 1.,
           1., 0.],
          [0., 1., 0., 0., 0., 0., 1., 1., 0., 0., 1., 0., 0., 0., 1., 1., 0.,
           0., 0.],
          [0., 0., 0., 1., 1., 0., 1., 0., 0., 1., 1., 0., 0., 1., 1., 0., 0.,
           0., 1.],
          [0., 1., 0., 1., 1., 1., 1., 0., 1., 1., 1., 0., 0., 0., 0., 0., 0.,
           1., 1.],
          [1., 0., 1., 1., 0., 1., 0., 1., 0., 0., 0., 1., 1., 0., 0., 1., 1.,
           0., 1.],
          [1., 1., 0., 0., 1., 0., 1., 1., 0., 0., 0., 1., 1., 0., 0., 0., 1.,
           1., 1.],
          [0., 0., 1., 0., 0., 0., 0., 1., 0., 1., 1., 0., 1., 1., 0., 1., 1.,
           1., 1.],
          [1., 1., 1., 1., 0., 0., 0., 1., 1., 1., 0., 0., 0., 1., 0., 0., 1.,
           0., 1.],
          [0., 1., 1., 1., 1., 1., 0., 1., 1., 1., 1., 0., 1., 0., 1., 1., 0.,
           0., 0.],
          [1., 0., 1., 0., 0., 1., 0., 0., 1., 1., 1., 0., 0., 0., 0., 0., 1.,
           0., 1.],
          [0., 1., 0., 0., 1., 0., 1., 0., 0., 1., 0., 1., 0., 0., 0., 0., 0.,
           0., 0.],
          [1., 0., 0., 0., 1., 1., 0., 0., 0., 1., 0., 1., 0., 1., 1., 0., 0.,
           0., 0.],
          [0., 0., 0., 1., 0., 0., 1., 0., 0., 0., 0., 1., 1., 0., 0., 1., 0.,
           1., 1.],
          [1., 0., 0., 0., 1., 0., 0., 1., 0., 0., 0., 1., 0., 1., 1., 1., 0.,
           0., 0.],
          [1., 1., 0., 1., 0., 0., 0., 0., 0., 0., 0., 1., 0., 1., 1., 0., 1.,
           1., 1.]]]], device='cuda:0'), tensor([[0.7324]], device='cuda:0'))
2026-01-07 17:24:57 - INFO - [ 0.8440763  -0.30300108  0.00627787  0.03974522  0.00627786  0.03974522
  0.9711456  -0.12115659]
2026-01-07 17:24:57 - INFO - {'S11_real': np.float32(0.8440763), 'S11_imag': np.float32(-0.30300108), 'S21_real': np.float32(0.0062778727), 'S21_imag': np.float32(0.03974522), 'S12_real': np.float32(0.0062778634), 'S12_imag': np.float32(0.039745223), 'S22_real': np.float32(0.9711456), 'S22_imag': np.float32(-0.12115659)}
2026-01-07 17:24:57 - INFO - (tensor([[[[0., 0., 0., 0., 0., 1., 1., 0., 1., 1., 1., 1., 0., 0., 0., 1., 1.,
           0., 0.],
          [1., 0., 0., 1., 1., 0., 1., 0., 1., 1., 0., 1., 0., 1., 0., 1., 1.,
           0., 1.],
          [0., 1., 1., 0., 1., 1., 0., 1., 0., 0., 0., 1., 1., 0., 1., 0., 1.,
           0., 0.],
          [1., 0., 0., 1., 0., 0., 1., 0., 0., 0., 0., 0., 0., 0., 0., 1., 0.,
           0., 1.],
          [0., 0., 0., 0., 0., 0., 1., 1., 1., 1., 1., 0., 0., 0., 0., 0., 1.,
           1., 0.],
          [0., 0., 1., 1., 0., 1., 0., 1., 1., 0., 1., 1., 0., 1., 0., 1., 0.,
           0., 1.],
          [1., 0., 1., 1., 1., 0., 0., 0., 1., 1., 0., 0., 1., 1., 1., 1., 0.,
           1., 1.],
          [0., 0., 1., 0., 1., 1., 0., 0., 1., 0., 1., 1., 1., 0., 1., 1., 1.,
           0., 1.],
          [1., 1., 0., 1., 1., 0., 0., 1., 1., 1., 0., 0., 1., 0., 1., 1., 0.,
           1., 0.],
          [1., 1., 0., 1., 0., 1., 1., 1., 0., 1., 0., 0., 0., 0., 0., 1., 0.,
           1., 1.],
          [0., 1., 1., 0., 1., 0., 0., 0., 1., 1., 1., 1., 0., 0., 1., 0., 1.,
           0., 0.],
          [0., 0., 0., 1., 1., 0., 1., 0., 0., 0., 0., 1., 0., 1., 0., 0., 1.,
           0., 0.],
          [1., 1., 1., 0., 0., 1., 1., 0., 0., 1., 1., 1., 1., 0., 0., 0., 0.,
           1., 0.],
          [1., 0., 0., 0., 1., 0., 1., 1., 0., 1., 0., 1., 0., 1., 1., 0., 0.,
           0., 0.],
          [1., 1., 1., 1., 0., 1., 0., 1., 0., 0., 0., 0., 0., 1., 0., 1., 1.,
           0., 1.],
          [1., 1., 0., 0., 0., 0., 1., 1., 1., 1., 1., 1., 0., 1., 1., 1., 0.,
           1., 1.],
          [0., 1., 0., 0., 1., 1., 0., 1., 1., 0., 0., 1., 0., 1., 1., 1., 1.,
           0., 1.],
          [0., 1., 1., 0., 1., 0., 0., 1., 1., 1., 1., 0., 1., 1., 1., 1., 1.,
           0., 1.],
          [0., 1., 1., 1., 0., 1., 0., 0., 1., 0., 1., 1., 0., 1., 1., 0., 0.,
           0., 0.]]]], device='cuda:0'), tensor([[0.7324]], device='cuda:0'))
2026-01-07 17:24:57 - INFO - [-0.05302645 -0.01988113  0.914711   -0.22365089  0.914711   -0.2236509
 -0.05936947 -0.01460348]
2026-01-07 17:24:57 - INFO - {'S11_real': np.float32(-0.053026453), 'S11_imag': np.float32(-0.019881127), 'S21_real': np.float32(0.914711), 'S21_imag': np.float32(-0.22365089), 'S12_real': np.float32(0.914711), 'S12_imag': np.float32(-0.2236509), 'S22_real': np.float32(-0.05936947), 'S22_imag': np.float32(-0.014603478)}
2026-01-07 17:24:57 - INFO - (tensor([[[[0., 0., 1., 0., 0., 1., 1., 0., 0., 1., 0., 0., 1., 0., 1., 0., 1.,
           1., 1.],
          [0., 1., 0., 1., 1., 1., 0., 0., 1., 0., 0., 0., 1., 0., 1., 1., 1.,
           0., 1.],
          [0., 0., 1., 1., 1., 0., 0., 1., 1., 0., 0., 1., 0., 0., 0., 0., 0.,
           0., 1.],
          [0., 1., 1., 0., 1., 1., 1., 0., 1., 0., 1., 1., 1., 1., 0., 1., 1.,
           0., 0.],
          [0., 1., 0., 0., 0., 0., 0., 0., 1., 0., 1., 0., 0., 0., 1., 0., 0.,
           0., 0.],
          [1., 1., 1., 1., 1., 0., 0., 0., 1., 0., 1., 0., 1., 0., 0., 0., 0.,
           1., 0.],
          [0., 0., 1., 0., 0., 0., 0., 0., 1., 1., 1., 0., 1., 0., 0., 0., 0.,
           1., 1.],
          [1., 0., 1., 1., 0., 1., 0., 1., 1., 1., 0., 1., 1., 1., 1., 0., 0.,
           1., 1.],
          [1., 0., 1., 1., 0., 0., 0., 1., 0., 0., 1., 0., 1., 1., 0., 1., 0.,
           0., 0.],
          [1., 0., 1., 1., 1., 0., 1., 1., 0., 0., 1., 1., 0., 1., 1., 1., 1.,
           0., 1.],
          [0., 1., 0., 1., 0., 1., 0., 1., 1., 0., 0., 0., 0., 0., 1., 0., 0.,
           1., 0.],
          [0., 0., 1., 0., 1., 1., 0., 1., 0., 0., 0., 0., 0., 1., 1., 1., 1.,
           0., 0.],
          [1., 0., 1., 1., 1., 1., 0., 0., 1., 1., 1., 1., 1., 0., 1., 1., 0.,
           0., 0.],
          [0., 0., 0., 0., 0., 0., 1., 0., 1., 1., 1., 1., 1., 1., 1., 1., 0.,
           1., 1.],
          [1., 1., 0., 1., 0., 0., 1., 1., 0., 1., 1., 0., 0., 1., 1., 1., 0.,
           1., 0.],
          [0., 1., 0., 1., 1., 0., 1., 0., 0., 1., 1., 1., 1., 0., 0., 0., 1.,
           0., 0.],
          [1., 1., 1., 0., 1., 0., 0., 0., 0., 0., 1., 0., 1., 0., 0., 1., 0.,
           0., 1.],
          [1., 0., 0., 0., 1., 0., 1., 1., 0., 1., 0., 0., 1., 1., 1., 1., 1.,
           1., 0.],
          [0., 0., 1., 1., 1., 0., 0., 1., 1., 1., 1., 0., 0., 0., 1., 0., 1.,
           1., 1.]]]], device='cuda:0'), tensor([[0.7324]], device='cuda:0'))
2026-01-07 17:24:57 - INFO - [ 9.9043655e-01 -6.4271882e-02 -5.0697656e-04  1.6146512e-03
 -5.0697004e-04  1.6146512e-03  9.9828815e-01 -3.2193851e-02]
2026-01-07 17:24:57 - INFO - {'S11_real': np.float32(0.99043655), 'S11_imag': np.float32(-0.06427188), 'S21_real': np.float32(-0.00050697656), 'S21_imag': np.float32(0.0016146512), 'S12_real': np.float32(-0.00050697004), 'S12_imag': np.float32(0.0016146512), 'S22_real': np.float32(0.99828815), 'S22_imag': np.float32(-0.03219385)}
2026-01-07 17:24:57 - INFO - (tensor([[[[0., 0., 1., 0., 1., 1., 1., 0., 0., 1., 0., 0., 0., 0., 1., 0., 1.,
           1., 0.],
          [1., 1., 0., 1., 1., 0., 0., 0., 0., 0., 1., 1., 0., 0., 1., 0., 0.,
           1., 1.],
          [1., 0., 1., 0., 1., 0., 0., 0., 1., 1., 1., 0., 1., 1., 0., 0., 1.,
           1., 1.],
          [0., 1., 0., 0., 1., 1., 0., 0., 1., 1., 1., 0., 0., 1., 0., 0., 1.,
           0., 1.],
          [1., 0., 0., 1., 0., 1., 0., 0., 0., 1., 0., 1., 1., 1., 0., 1., 1.,
           0., 1.],
          [1., 0., 1., 0., 1., 1., 0., 1., 1., 1., 0., 0., 0., 0., 0., 1., 0.,
           0., 0.],
          [1., 1., 0., 1., 1., 1., 1., 0., 0., 1., 1., 1., 1., 0., 1., 0., 1.,
           0., 1.],
          [0., 0., 0., 1., 0., 1., 0., 0., 1., 0., 1., 1., 1., 1., 0., 0., 1.,
           0., 0.],
          [1., 0., 1., 0., 0., 1., 0., 0., 1., 0., 1., 0., 1., 1., 1., 1., 1.,
           0., 0.],
          [1., 0., 1., 0., 0., 1., 1., 0., 0., 1., 0., 0., 1., 0., 1., 1., 1.,
           0., 1.],
          [1., 1., 0., 0., 0., 1., 1., 0., 0., 0., 1., 1., 0., 0., 1., 1., 0.,
           0., 0.],
          [1., 0., 1., 1., 0., 0., 1., 0., 1., 0., 0., 0., 0., 1., 1., 1., 0.,
           1., 1.],
          [1., 0., 1., 0., 0., 1., 0., 1., 1., 1., 1., 1., 0., 1., 0., 1., 1.,
           1., 0.],
          [0., 0., 0., 1., 1., 0., 0., 0., 1., 0., 0., 1., 0., 1., 1., 1., 1.,
           1., 0.],
          [0., 1., 1., 0., 0., 1., 0., 0., 1., 0., 0., 0., 0., 1., 0., 1., 0.,
           1., 1.],
          [0., 1., 1., 1., 1., 1., 0., 1., 1., 0., 0., 1., 0., 0., 0., 0., 0.,
           0., 1.],
          [1., 0., 0., 1., 0., 1., 0., 1., 1., 0., 0., 0., 0., 1., 0., 1., 0.,
           1., 0.],
          [0., 1., 0., 0., 0., 0., 0., 1., 0., 1., 0., 0., 1., 1., 1., 1., 1.,
           0., 1.],
          [1., 0., 0., 1., 1., 1., 0., 1., 0., 0., 0., 0., 1., 0., 0., 1., 0.,
           1., 0.]]]], device='cuda:0'), tensor([[0.7324]], device='cuda:0'))
2026-01-07 17:24:57 - INFO - [ 9.2063999e-01 -2.2865674e-01 -3.0334201e-04  6.2586819e-03
 -3.0333642e-04  6.2586856e-03  9.9772549e-01 -2.7985167e-02]
2026-01-07 17:24:57 - INFO - {'S11_real': np.float32(0.92064), 'S11_imag': np.float32(-0.22865674), 'S21_real': np.float32(-0.000303342), 'S21_imag': np.float32(0.006258682), 'S12_real': np.float32(-0.00030333642), 'S12_imag': np.float32(0.0062586856), 'S22_real': np.float32(0.9977255), 'S22_imag': np.float32(-0.027985167)}
2026-01-07 17:24:57 - INFO - (tensor([[[[1., 0., 0., 1., 0., 0., 1., 0., 0., 1., 1., 1., 1., 1., 0., 1., 0.,
           1., 0.],
          [0., 1., 0., 0., 1., 1., 1., 1., 0., 0., 0., 0., 0., 0., 1., 0., 0.,
           0., 1.],
          [1., 1., 1., 0., 0., 0., 1., 0., 0., 0., 1., 1., 1., 0., 0., 0., 0.,
           1., 0.],
          [1., 0., 1., 0., 0., 1., 1., 0., 0., 0., 1., 0., 1., 0., 0., 0., 0.,
           1., 1.],
          [0., 0., 0., 1., 0., 1., 1., 1., 1., 0., 0., 1., 0., 0., 0., 1., 0.,
           0., 0.],
          [0., 0., 0., 0., 0., 0., 0., 1., 0., 1., 0., 1., 1., 0., 1., 1., 1.,
           0., 1.],
          [1., 0., 1., 1., 1., 0., 1., 0., 1., 1., 1., 1., 0., 1., 0., 1., 0.,
           1., 1.],
          [0., 0., 0., 0., 1., 0., 0., 0., 1., 1., 1., 1., 0., 1., 0., 1., 0.,
           0., 0.],
          [0., 0., 1., 0., 0., 0., 0., 1., 1., 0., 0., 0., 0., 1., 1., 0., 0.,
           0., 0.],
          [1., 1., 1., 0., 1., 1., 1., 0., 1., 1., 0., 1., 0., 1., 0., 0., 1.,
           1., 1.],
          [0., 1., 1., 1., 1., 0., 0., 0., 1., 1., 0., 0., 0., 0., 0., 0., 1.,
           0., 0.],
          [0., 0., 0., 0., 0., 1., 0., 1., 1., 1., 0., 0., 0., 0., 0., 0., 0.,
           0., 0.],
          [0., 1., 0., 0., 0., 1., 0., 0., 1., 0., 1., 1., 1., 1., 0., 1., 1.,
           0., 0.],
          [0., 1., 0., 1., 1., 0., 0., 0., 0., 0., 0., 1., 1., 0., 1., 1., 1.,
           1., 1.],
          [1., 0., 0., 0., 1., 0., 0., 0., 1., 0., 1., 0., 0., 0., 1., 1., 1.,
           1., 1.],
          [0., 0., 1., 1., 0., 1., 0., 1., 0., 1., 1., 0., 0., 1., 1., 0., 1.,
           0., 0.],
          [1., 0., 0., 1., 0., 0., 0., 0., 1., 0., 1., 0., 1., 0., 1., 0., 0.,
           0., 0.],
          [1., 1., 0., 1., 0., 0., 1., 1., 1., 0., 0., 1., 0., 1., 1., 1., 1.,
           1., 1.],
          [0., 0., 1., 1., 1., 0., 1., 1., 1., 0., 1., 0., 0., 1., 0., 0., 0.,
           1., 0.]]]], device='cuda:0'), tensor([[0.7324]], device='cuda:0'))
2026-01-07 17:24:57 - INFO - [ 0.9541075  -0.15648933 -0.00119606  0.00599055 -0.00119606  0.00599056
  0.99142593 -0.05499139]
2026-01-07 17:24:57 - INFO - {'S11_real': np.float32(0.9541075), 'S11_imag': np.float32(-0.15648933), 'S21_real': np.float32(-0.0011960607), 'S21_imag': np.float32(0.0059905527), 'S12_real': np.float32(-0.0011960551), 'S12_imag': np.float32(0.0059905564), 'S22_real': np.float32(0.99142593), 'S22_imag': np.float32(-0.05499139)}
2026-01-07 17:24:57 - INFO - (tensor([[[[1., 1., 1., 0., 1., 0., 0., 0., 0., 1., 1., 0., 1., 1., 1., 0., 1.,
           0., 1.],
          [0., 0., 0., 1., 0., 1., 0., 1., 0., 1., 0., 0., 0., 1., 0., 0., 0.,
           0., 1.],
          [0., 0., 1., 1., 1., 0., 1., 1., 1., 0., 0., 0., 1., 0., 1., 1., 1.,
           0., 1.],
          [1., 0., 1., 1., 1., 0., 1., 0., 0., 1., 1., 1., 1., 0., 0., 1., 0.,
           1., 1.],
          [1., 1., 0., 0., 1., 1., 0., 0., 0., 1., 0., 1., 1., 0., 1., 0., 1.,
           1., 1.],
          [1., 1., 1., 0., 0., 1., 0., 1., 0., 0., 1., 0., 1., 0., 1., 0., 1.,
           0., 1.],
          [0., 1., 0., 1., 0., 1., 1., 1., 1., 0., 0., 0., 1., 1., 1., 1., 1.,
           0., 0.],
          [0., 1., 1., 1., 1., 1., 1., 1., 0., 0., 1., 1., 1., 0., 0., 1., 0.,
           0., 0.],
          [1., 0., 0., 1., 1., 0., 1., 0., 0., 1., 1., 0., 1., 1., 0., 0., 0.,
           0., 0.],
          [1., 1., 1., 0., 1., 1., 0., 1., 1., 0., 1., 1., 0., 1., 1., 1., 0.,
           0., 1.],
          [1., 0., 0., 1., 0., 1., 1., 0., 0., 1., 1., 0., 1., 0., 0., 0., 0.,
           0., 1.],
          [0., 0., 0., 0., 0., 0., 0., 1., 1., 1., 1., 0., 1., 0., 1., 1., 0.,
           0., 1.],
          [1., 1., 1., 0., 1., 1., 1., 1., 1., 0., 0., 0., 0., 0., 1., 0., 0.,
           1., 0.],
          [0., 0., 0., 1., 1., 0., 1., 0., 1., 1., 1., 1., 1., 1., 1., 1., 1.,
           1., 1.],
          [0., 1., 0., 1., 0., 0., 0., 1., 1., 1., 1., 0., 1., 1., 1., 1., 1.,
           1., 1.],
          [1., 0., 0., 1., 1., 1., 1., 0., 0., 1., 0., 0., 1., 1., 1., 0., 0.,
           1., 1.],
          [0., 0., 1., 0., 1., 1., 0., 0., 0., 1., 1., 1., 1., 1., 1., 0., 1.,
           1., 1.],
          [1., 0., 1., 0., 0., 1., 1., 0., 0., 1., 0., 1., 1., 0., 1., 1., 1.,
           0., 0.],
          [0., 1., 0., 0., 0., 1., 1., 0., 0., 0., 1., 0., 1., 1., 1., 0., 0.,
           1., 1.]]]], device='cuda:0'), tensor([[0.7324]], device='cuda:0'))
2026-01-07 17:24:57 - INFO - [ 0.6902721  -0.4306127   0.0083249   0.03410727  0.0083249   0.03410727
  0.9918422  -0.05946532]
2026-01-07 17:24:57 - INFO - {'S11_real': np.float32(0.6902721), 'S11_imag': np.float32(-0.4306127), 'S21_real': np.float32(0.0083249025), 'S21_imag': np.float32(0.034107268), 'S12_real': np.float32(0.008324904), 'S12_imag': np.float32(0.03410727), 'S22_real': np.float32(0.9918422), 'S22_imag': np.float32(-0.059465323)}
2026-01-07 17:24:57 - INFO - (tensor([[[[1., 1., 0., 0., 1., 1., 1., 0., 1., 0., 1., 0., 0., 1., 0., 0., 0.,
           0., 1.],
          [1., 1., 1., 1., 0., 0., 0., 0., 1., 1., 0., 1., 0., 0., 1., 1., 1.,
           1., 1.],
          [1., 1., 0., 1., 0., 0., 1., 0., 1., 0., 0., 0., 1., 0., 0., 0., 1.,
           0., 1.],
          [0., 0., 0., 1., 0., 0., 0., 0., 1., 0., 0., 0., 0., 1., 0., 0., 1.,
           0., 0.],
          [0., 1., 0., 1., 1., 1., 1., 1., 1., 1., 0., 0., 1., 1., 1., 1., 1.,
           1., 0.],
          [0., 1., 1., 1., 0., 1., 0., 0., 0., 1., 1., 0., 0., 0., 0., 1., 0.,
           1., 0.],
          [1., 0., 1., 1., 1., 0., 1., 0., 1., 1., 0., 1., 1., 0., 1., 1., 1.,
           1., 0.],
          [1., 1., 1., 1., 1., 1., 1., 1., 0., 0., 0., 0., 1., 1., 0., 0., 0.,
           1., 1.],
          [0., 0., 0., 0., 0., 1., 0., 1., 0., 0., 1., 0., 1., 1., 0., 0., 1.,
           1., 0.],
          [1., 0., 1., 0., 1., 1., 0., 1., 1., 1., 1., 1., 1., 1., 0., 1., 1.,
           0., 1.],
          [1., 0., 1., 1., 0., 0., 1., 1., 0., 1., 0., 0., 0., 1., 0., 0., 0.,
           1., 1.],
          [1., 0., 1., 1., 0., 0., 1., 1., 0., 1., 0., 0., 1., 1., 1., 1., 0.,
           1., 1.],
          [1., 0., 1., 1., 0., 0., 0., 0., 0., 1., 0., 0., 0., 0., 0., 0., 0.,
           0., 1.],
          [1., 1., 0., 0., 0., 1., 0., 0., 0., 1., 1., 0., 1., 0., 0., 1., 1.,
           1., 1.],
          [0., 0., 1., 1., 0., 0., 0., 0., 1., 1., 1., 0., 0., 1., 1., 1., 0.,
           1., 0.],
          [1., 1., 1., 0., 0., 0., 0., 0., 0., 1., 0., 1., 0., 1., 1., 0., 1.,
           0., 0.],
          [0., 0., 1., 0., 1., 1., 1., 0., 1., 0., 1., 0., 0., 0., 0., 1., 1.,
           0., 1.],
          [0., 0., 1., 0., 0., 0., 0., 0., 1., 1., 1., 0., 0., 0., 0., 0., 0.,
           1., 0.],
          [1., 0., 1., 0., 1., 1., 0., 0., 1., 0., 0., 0., 1., 0., 1., 1., 0.,
           1., 0.]]]], device='cuda:0'), tensor([[0.7324]], device='cuda:0'))
2026-01-07 17:24:57 - INFO - [ 0.9804488  -0.10618972  0.00105037  0.01587262  0.00105036  0.01587262
  0.93057436 -0.22729875]
2026-01-07 17:24:57 - INFO - {'S11_real': np.float32(0.9804488), 'S11_imag': np.float32(-0.10618972), 'S21_real': np.float32(0.0010503667), 'S21_imag': np.float32(0.015872616), 'S12_real': np.float32(0.0010503648), 'S12_imag': np.float32(0.015872616), 'S22_real': np.float32(0.93057436), 'S22_imag': np.float32(-0.22729875)}
2026-01-07 17:24:57 - INFO - (tensor([[[[0., 1., 1., 1., 1., 1., 0., 1., 0., 0., 1., 1., 1., 1., 1., 0., 0.,
           0., 1.],
          [1., 0., 1., 1., 1., 0., 1., 0., 1., 1., 0., 1., 1., 1., 0., 1., 1.,
           1., 1.],
          [1., 0., 0., 1., 1., 0., 1., 1., 1., 1., 1., 1., 1., 1., 0., 0., 1.,
           1., 1.],
          [1., 0., 0., 0., 0., 1., 1., 1., 0., 1., 1., 0., 0., 0., 0., 0., 1.,
           1., 0.],
          [1., 1., 1., 1., 0., 1., 1., 1., 0., 1., 0., 0., 0., 0., 1., 0., 0.,
           0., 0.],
          [0., 1., 0., 1., 1., 0., 1., 1., 1., 0., 0., 0., 0., 0., 0., 0., 1.,
           1., 0.],
          [1., 0., 0., 0., 1., 0., 0., 0., 0., 1., 0., 1., 1., 0., 0., 1., 1.,
           1., 1.],
          [0., 1., 1., 1., 1., 0., 0., 0., 1., 1., 0., 0., 1., 0., 1., 1., 1.,
           1., 1.],
          [1., 0., 0., 0., 1., 0., 1., 1., 1., 1., 0., 0., 0., 1., 0., 0., 0.,
           1., 0.],
          [1., 0., 1., 0., 0., 0., 1., 0., 0., 1., 1., 1., 1., 0., 0., 1., 0.,
           1., 1.],
          [1., 0., 1., 1., 0., 0., 0., 1., 0., 1., 0., 0., 1., 1., 0., 1., 1.,
           0., 1.],
          [0., 0., 1., 0., 1., 0., 1., 1., 1., 1., 1., 0., 0., 1., 0., 1., 1.,
           0., 0.],
          [1., 1., 1., 1., 1., 1., 0., 1., 1., 0., 1., 1., 0., 1., 0., 1., 0.,
           0., 0.],
          [1., 1., 0., 0., 1., 1., 1., 1., 1., 0., 1., 0., 1., 0., 0., 1., 0.,
           0., 0.],
          [0., 1., 0., 1., 0., 1., 1., 1., 0., 1., 1., 0., 1., 0., 0., 1., 0.,
           0., 0.],
          [1., 0., 0., 0., 1., 0., 1., 0., 1., 1., 1., 0., 0., 0., 1., 0., 0.,
           1., 0.],
          [0., 1., 1., 0., 1., 0., 0., 0., 0., 0., 1., 1., 0., 1., 1., 0., 1.,
           1., 0.],
          [0., 0., 0., 0., 0., 0., 1., 0., 1., 1., 0., 1., 1., 1., 0., 1., 1.,
           0., 1.],
          [1., 1., 1., 1., 0., 1., 0., 1., 0., 0., 0., 1., 1., 1., 1., 1., 0.,
           0., 0.]]]], device='cuda:0'), tensor([[0.7324]], device='cuda:0'))
2026-01-07 17:24:57 - INFO - [ 0.99357826 -0.05605845  0.00784252  0.03359215  0.00784251  0.03359214
  0.7039629  -0.42040715]
2026-01-07 17:24:57 - INFO - {'S11_real': np.float32(0.99357826), 'S11_imag': np.float32(-0.056058448), 'S21_real': np.float32(0.00784252), 'S21_imag': np.float32(0.033592146), 'S12_real': np.float32(0.007842511), 'S12_imag': np.float32(0.033592142), 'S22_real': np.float32(0.7039629), 'S22_imag': np.float32(-0.42040715)}
2026-01-07 17:24:57 - INFO - (tensor([[[[1., 1., 0., 1., 1., 0., 0., 1., 1., 0., 1., 0., 0., 0., 1., 0., 0.,
           1., 0.],
          [1., 1., 1., 0., 0., 1., 1., 1., 0., 1., 1., 1., 0., 1., 0., 0., 1.,
           1., 1.],
          [0., 0., 0., 1., 0., 1., 1., 1., 0., 0., 0., 1., 0., 0., 1., 1., 0.,
           1., 0.],
          [1., 1., 0., 1., 1., 1., 0., 1., 1., 0., 0., 1., 1., 1., 0., 1., 0.,
           0., 1.],
          [1., 0., 1., 1., 0., 1., 0., 1., 0., 0., 1., 0., 0., 1., 1., 1., 0.,
           0., 0.],
          [1., 0., 0., 1., 0., 1., 1., 1., 0., 0., 0., 1., 1., 1., 0., 0., 0.,
           0., 0.],
          [1., 0., 1., 1., 0., 1., 0., 0., 1., 0., 0., 1., 1., 1., 1., 1., 1.,
           0., 0.],
          [0., 1., 0., 1., 0., 1., 0., 1., 1., 1., 1., 0., 0., 1., 1., 1., 0.,
           1., 1.],
          [0., 1., 1., 0., 1., 1., 0., 1., 0., 1., 1., 1., 1., 1., 0., 1., 1.,
           0., 0.],
          [1., 0., 1., 0., 0., 1., 0., 1., 0., 0., 0., 1., 1., 0., 1., 1., 1.,
           0., 1.],
          [0., 0., 0., 0., 0., 1., 1., 0., 1., 1., 1., 1., 1., 1., 1., 0., 0.,
           0., 1.],
          [1., 0., 1., 1., 0., 0., 0., 1., 1., 1., 0., 0., 1., 0., 0., 1., 0.,
           0., 0.],
          [1., 1., 0., 1., 1., 1., 0., 1., 0., 0., 1., 0., 1., 1., 0., 0., 1.,
           1., 1.],
          [1., 0., 0., 0., 1., 0., 0., 0., 0., 1., 0., 0., 0., 0., 1., 1., 0.,
           1., 1.],
          [1., 1., 0., 1., 1., 0., 0., 0., 0., 1., 0., 1., 1., 0., 0., 1., 1.,
           0., 0.],
          [0., 1., 1., 0., 1., 0., 1., 1., 0., 0., 0., 1., 1., 0., 1., 0., 1.,
           0., 1.],
          [1., 1., 1., 0., 1., 0., 0., 0., 0., 1., 0., 1., 1., 1., 1., 0., 1.,
           0., 1.],
          [1., 0., 1., 1., 1., 1., 1., 0., 1., 1., 0., 1., 0., 1., 1., 0., 1.,
           1., 0.],
          [0., 1., 0., 1., 0., 1., 0., 0., 0., 0., 0., 0., 0., 0., 0., 1., 0.,
           1., 0.]]]], device='cuda:0'), tensor([[0.7324]], device='cuda:0'))
2026-01-07 17:24:57 - INFO - [ 9.9793607e-01 -3.3156779e-02 -4.5538598e-04  3.8729978e-04
 -4.5538039e-04  3.8730350e-04  9.9639547e-01 -3.5421878e-02]
2026-01-07 17:24:57 - INFO - {'S11_real': np.float32(0.99793607), 'S11_imag': np.float32(-0.03315678), 'S21_real': np.float32(-0.00045538598), 'S21_imag': np.float32(0.00038729978), 'S12_real': np.float32(-0.0004553804), 'S12_imag': np.float32(0.0003873035), 'S22_real': np.float32(0.99639547), 'S22_imag': np.float32(-0.035421878)}
2026-01-07 17:24:57 - INFO - (tensor([[[[1., 1., 0., 0., 1., 1., 0., 0., 0., 1., 0., 0., 0., 0., 0., 1., 1.,
           0., 0.],
          [1., 0., 1., 0., 1., 1., 0., 1., 0., 1., 0., 0., 0., 1., 0., 0., 0.,
           1., 0.],
          [1., 1., 1., 0., 0., 1., 0., 0., 1., 1., 0., 1., 0., 1., 0., 0., 1.,
           0., 0.],
          [1., 0., 0., 0., 1., 1., 1., 1., 1., 0., 0., 0., 1., 0., 1., 0., 1.,
           0., 0.],
          [1., 0., 0., 1., 0., 0., 1., 1., 1., 1., 1., 0., 1., 1., 0., 0., 0.,
           0., 0.],
          [1., 0., 1., 0., 1., 0., 1., 1., 1., 1., 1., 1., 1., 1., 1., 1., 0.,
           1., 1.],
          [0., 1., 1., 0., 0., 1., 0., 1., 1., 1., 0., 1., 1., 0., 1., 1., 1.,
           1., 1.],
          [1., 0., 1., 1., 0., 1., 1., 0., 0., 0., 0., 0., 0., 0., 1., 1., 1.,
           0., 1.],
          [0., 1., 1., 1., 1., 0., 0., 1., 0., 0., 1., 0., 0., 0., 0., 1., 1.,
           0., 1.],
          [1., 1., 0., 0., 1., 1., 0., 1., 0., 1., 0., 0., 0., 0., 1., 0., 1.,
           0., 1.],
          [1., 1., 1., 0., 0., 1., 0., 1., 0., 0., 0., 1., 0., 1., 1., 0., 1.,
           1., 0.],
          [1., 1., 0., 0., 0., 1., 1., 0., 1., 0., 0., 0., 1., 1., 0., 0., 1.,
           0., 1.],
          [0., 0., 1., 1., 1., 1., 1., 0., 0., 1., 1., 0., 0., 1., 1., 0., 1.,
           0., 0.],
          [1., 0., 0., 0., 1., 0., 1., 0., 0., 0., 0., 0., 1., 1., 0., 1., 1.,
           0., 1.],
          [1., 1., 1., 0., 1., 0., 0., 1., 0., 1., 0., 1., 1., 0., 1., 1., 1.,
           1., 0.],
          [0., 0., 1., 0., 1., 1., 1., 0., 0., 0., 0., 1., 0., 0., 0., 0., 1.,
           0., 0.],
          [0., 1., 0., 0., 0., 1., 1., 0., 0., 1., 1., 1., 1., 1., 0., 0., 0.,
           0., 1.],
          [1., 1., 1., 1., 0., 0., 0., 0., 0., 1., 1., 1., 1., 1., 0., 0., 0.,
           1., 1.],
          [1., 1., 0., 1., 0., 1., 0., 1., 1., 0., 0., 1., 0., 1., 1., 0., 1.,
           1., 0.]]]], device='cuda:0'), tensor([[0.7324]], device='cuda:0'))
2026-01-07 17:24:57 - INFO - [-0.04006806  0.01641243  0.9165617  -0.24053931  0.9165617  -0.24053933
 -0.03924897  0.01607374]
2026-01-07 17:24:57 - INFO - {'S11_real': np.float32(-0.040068056), 'S11_imag': np.float32(0.016412428), 'S21_real': np.float32(0.9165617), 'S21_imag': np.float32(-0.24053931), 'S12_real': np.float32(0.9165617), 'S12_imag': np.float32(-0.24053933), 'S22_real': np.float32(-0.039248966), 'S22_imag': np.float32(0.016073735)}
2026-01-07 17:24:57 - INFO - (tensor([[[[1., 1., 1., 1., 0., 0., 0., 1., 0., 0., 0., 1., 0., 0., 1., 1., 1.,
           1., 1.],
          [1., 0., 0., 1., 1., 0., 1., 1., 0., 1., 1., 0., 0., 0., 0., 0., 1.,
           1., 1.],
          [1., 1., 0., 1., 1., 1., 1., 1., 0., 1., 1., 1., 1., 1., 1., 0., 1.,
           0., 0.],
          [1., 1., 1., 0., 1., 1., 1., 0., 0., 1., 0., 1., 0., 1., 0., 1., 1.,
           0., 0.],
          [0., 0., 0., 1., 1., 0., 1., 1., 0., 1., 1., 0., 0., 1., 0., 1., 0.,
           0., 0.],
          [0., 1., 0., 0., 1., 1., 1., 1., 0., 1., 0., 1., 0., 1., 0., 0., 1.,
           0., 0.],
          [0., 0., 1., 0., 0., 1., 1., 1., 0., 0., 1., 0., 1., 0., 1., 0., 1.,
           0., 1.],
          [0., 0., 0., 1., 0., 0., 0., 1., 0., 1., 0., 1., 1., 0., 1., 1., 0.,
           1., 1.],
          [1., 1., 0., 1., 1., 0., 0., 1., 0., 0., 0., 0., 0., 0., 0., 0., 0.,
           1., 1.],
          [1., 1., 1., 0., 0., 1., 1., 0., 1., 0., 1., 0., 1., 0., 1., 1., 0.,
           0., 1.],
          [1., 0., 0., 0., 1., 1., 0., 1., 1., 0., 1., 0., 0., 1., 1., 0., 0.,
           0., 1.],
          [0., 0., 0., 0., 1., 1., 0., 1., 1., 1., 0., 1., 1., 0., 0., 1., 1.,
           0., 0.],
          [0., 0., 1., 0., 1., 1., 1., 0., 0., 1., 1., 1., 1., 1., 0., 0., 0.,
           1., 1.],
          [0., 0., 1., 0., 0., 0., 1., 1., 0., 1., 0., 0., 1., 1., 1., 0., 0.,
           0., 1.],
          [0., 0., 0., 0., 1., 1., 1., 0., 0., 0., 1., 1., 1., 1., 1., 0., 1.,
           1., 1.],
          [0., 1., 1., 1., 0., 0., 1., 1., 1., 1., 0., 1., 0., 1., 0., 0., 1.,
           0., 1.],
          [0., 0., 1., 1., 0., 0., 1., 1., 1., 0., 1., 1., 0., 1., 1., 1., 1.,
           0., 1.],
          [1., 1., 1., 1., 1., 0., 0., 0., 1., 1., 1., 0., 1., 0., 1., 1., 0.,
           0., 0.],
          [0., 0., 0., 1., 0., 1., 1., 1., 1., 1., 0., 0., 0., 1., 0., 1., 1.,
           1., 1.]]]], device='cuda:0'), tensor([[0.7324]], device='cuda:0'))
2026-01-07 17:24:57 - INFO - [ 9.8327464e-01 -8.7918200e-02 -9.1537903e-04  4.6709510e-03
 -9.1537903e-04  4.6709473e-03  9.8713517e-01 -7.5451203e-02]
2026-01-07 17:24:57 - INFO - {'S11_real': np.float32(0.98327464), 'S11_imag': np.float32(-0.0879182), 'S21_real': np.float32(-0.00091537903), 'S21_imag': np.float32(0.004670951), 'S12_real': np.float32(-0.00091537903), 'S12_imag': np.float32(0.0046709473), 'S22_real': np.float32(0.9871352), 'S22_imag': np.float32(-0.0754512)}
2026-01-07 17:24:57 - INFO - (tensor([[[[0., 0., 0., 0., 0., 1., 0., 1., 1., 1., 0., 1., 1., 0., 1., 1., 1.,
           0., 1.],
          [1., 0., 0., 1., 0., 0., 0., 0., 0., 0., 0., 1., 0., 0., 0., 1., 0.,
           0., 1.],
          [0., 1., 1., 0., 1., 0., 0., 1., 1., 0., 0., 1., 0., 0., 0., 1., 0.,
           0., 0.],
          [1., 1., 1., 0., 1., 0., 1., 0., 1., 0., 0., 1., 0., 1., 1., 0., 0.,
           1., 1.],
          [1., 0., 1., 0., 0., 1., 1., 0., 0., 0., 0., 1., 0., 1., 1., 1., 0.,
           0., 1.],
          [1., 1., 1., 0., 1., 0., 0., 0., 0., 1., 0., 1., 0., 1., 1., 1., 1.,
           1., 0.],
          [1., 0., 1., 0., 0., 0., 1., 0., 1., 1., 0., 0., 1., 1., 1., 1., 1.,
           1., 0.],
          [1., 1., 0., 0., 0., 1., 0., 0., 1., 1., 1., 1., 0., 1., 0., 1., 0.,
           1., 1.],
          [1., 0., 0., 0., 1., 0., 1., 1., 1., 0., 1., 0., 1., 1., 1., 0., 0.,
           1., 0.],
          [1., 1., 1., 0., 1., 1., 0., 0., 1., 0., 0., 1., 1., 1., 1., 0., 0.,
           1., 1.],
          [1., 1., 0., 0., 1., 1., 0., 0., 0., 0., 1., 0., 0., 0., 1., 1., 0.,
           0., 1.],
          [1., 0., 1., 0., 1., 0., 0., 1., 0., 1., 1., 1., 0., 0., 0., 1., 0.,
           0., 0.],
          [0., 1., 0., 1., 1., 1., 1., 0., 0., 0., 1., 0., 1., 0., 0., 0., 1.,
           0., 1.],
          [1., 1., 0., 0., 1., 1., 1., 1., 1., 0., 0., 0., 1., 1., 0., 0., 1.,
           1., 1.],
          [0., 1., 1., 1., 0., 1., 0., 1., 1., 0., 1., 0., 1., 0., 1., 0., 0.,
           1., 0.],
          [1., 0., 1., 1., 1., 1., 0., 1., 1., 1., 1., 1., 0., 1., 0., 0., 1.,
           1., 0.],
          [0., 0., 1., 0., 0., 1., 0., 1., 0., 1., 0., 1., 1., 0., 1., 0., 1.,
           1., 1.],
          [1., 1., 1., 1., 0., 0., 1., 1., 1., 0., 1., 0., 1., 1., 1., 1., 1.,
           0., 1.],
          [0., 0., 1., 1., 1., 0., 0., 0., 1., 0., 0., 0., 1., 0., 0., 1., 1.,
           1., 0.]]]], device='cuda:0'), tensor([[0.7324]], device='cuda:0'))
2026-01-07 17:24:57 - INFO - [-4.8192132e-02 -4.2396826e-03  9.0968478e-01 -2.3994653e-01
  9.0968478e-01 -2.3994651e-01 -5.4847036e-02  8.1247074e-04]
2026-01-07 17:24:57 - INFO - {'S11_real': np.float32(-0.048192132), 'S11_imag': np.float32(-0.0042396826), 'S21_real': np.float32(0.9096848), 'S21_imag': np.float32(-0.23994653), 'S12_real': np.float32(0.9096848), 'S12_imag': np.float32(-0.23994651), 'S22_real': np.float32(-0.054847036), 'S22_imag': np.float32(0.00081247074)}
2026-01-07 17:24:57 - INFO - (tensor([[[[0., 0., 1., 0., 1., 1., 0., 0., 0., 1., 1., 0., 1., 0., 0., 0., 1.,
           1., 0.],
          [0., 1., 0., 1., 0., 1., 0., 1., 0., 1., 1., 1., 1., 0., 1., 1., 0.,
           1., 0.],
          [1., 1., 1., 1., 1., 1., 0., 0., 1., 1., 0., 0., 1., 1., 1., 1., 1.,
           1., 0.],
          [1., 1., 0., 0., 0., 0., 1., 0., 0., 1., 0., 0., 1., 1., 1., 1., 1.,
           1., 1.],
          [0., 0., 1., 0., 1., 0., 1., 0., 1., 0., 1., 0., 0., 1., 0., 0., 0.,
           0., 0.],
          [1., 1., 0., 1., 0., 1., 0., 0., 0., 0., 1., 1., 1., 0., 1., 1., 0.,
           0., 0.],
          [1., 1., 0., 1., 0., 1., 0., 1., 1., 1., 0., 0., 0., 1., 0., 1., 0.,
           0., 1.],
          [1., 0., 0., 1., 1., 0., 1., 0., 0., 0., 1., 0., 0., 1., 1., 1., 0.,
           1., 1.],
          [0., 0., 0., 0., 1., 0., 1., 0., 0., 1., 1., 1., 0., 0., 1., 1., 0.,
           1., 1.],
          [1., 1., 0., 0., 0., 1., 1., 1., 1., 0., 0., 1., 1., 1., 1., 0., 1.,
           0., 1.],
          [1., 1., 0., 1., 0., 0., 1., 0., 0., 0., 1., 0., 0., 1., 1., 0., 0.,
           0., 0.],
          [1., 1., 0., 1., 0., 1., 1., 0., 0., 0., 0., 1., 1., 0., 1., 1., 0.,
           0., 1.],
          [0., 0., 1., 1., 0., 1., 0., 0., 1., 1., 0., 0., 0., 1., 0., 1., 0.,
           1., 0.],
          [1., 0., 0., 0., 0., 1., 1., 1., 1., 1., 0., 1., 1., 1., 1., 0., 0.,
           0., 0.],
          [1., 1., 0., 0., 1., 1., 0., 0., 0., 0., 1., 1., 1., 0., 1., 1., 0.,
           0., 0.],
          [0., 0., 0., 1., 1., 1., 1., 1., 1., 0., 0., 0., 1., 1., 0., 0., 0.,
           0., 0.],
          [1., 1., 1., 0., 1., 0., 1., 0., 0., 1., 1., 1., 1., 1., 0., 1., 1.,
           0., 1.],
          [0., 1., 1., 0., 1., 1., 1., 1., 0., 0., 1., 1., 0., 0., 1., 0., 0.,
           0., 0.],
          [1., 0., 1., 1., 0., 1., 1., 0., 0., 0., 1., 1., 1., 1., 0., 1., 0.,
           0., 0.]]]], device='cuda:0'), tensor([[0.7324]], device='cuda:0'))
2026-01-07 17:24:57 - INFO - [ 0.9915958  -0.05638753 -0.00099443  0.00326945 -0.00099442  0.00326945
  0.9871992  -0.07633836]
2026-01-07 17:24:57 - INFO - {'S11_real': np.float32(0.9915958), 'S11_imag': np.float32(-0.05638753), 'S21_real': np.float32(-0.0009944258), 'S21_imag': np.float32(0.0032694521), 'S12_real': np.float32(-0.000994424), 'S12_imag': np.float32(0.0032694521), 'S22_real': np.float32(0.9871992), 'S22_imag': np.float32(-0.07633836)}
2026-01-07 17:24:57 - INFO - (tensor([[[[0., 1., 0., 1., 0., 0., 0., 1., 0., 0., 0., 0., 1., 1., 0., 0., 1.,
           1., 1.],
          [0., 1., 0., 1., 1., 0., 1., 0., 1., 0., 1., 1., 0., 0., 0., 0., 1.,
           1., 1.],
          [1., 1., 1., 0., 1., 1., 0., 1., 1., 1., 0., 0., 1., 0., 1., 1., 1.,
           0., 1.],
          [1., 1., 1., 1., 0., 1., 0., 1., 0., 1., 1., 0., 0., 1., 0., 0., 1.,
           1., 1.],
          [1., 1., 0., 1., 0., 1., 1., 0., 1., 0., 0., 0., 1., 1., 1., 1., 1.,
           1., 0.],
          [1., 1., 1., 1., 0., 0., 0., 0., 0., 1., 0., 0., 1., 1., 0., 1., 1.,
           0., 1.],
          [0., 0., 1., 0., 0., 1., 1., 1., 1., 0., 1., 1., 0., 0., 0., 0., 1.,
           1., 0.],
          [0., 0., 0., 1., 0., 1., 0., 1., 1., 1., 1., 0., 1., 0., 1., 1., 0.,
           0., 1.],
          [1., 0., 1., 0., 0., 0., 1., 1., 0., 0., 0., 0., 1., 0., 1., 0., 1.,
           1., 1.],
          [1., 1., 0., 0., 1., 0., 0., 0., 0., 0., 0., 0., 1., 0., 0., 0., 1.,
           1., 1.],
          [1., 1., 0., 1., 0., 1., 0., 1., 0., 0., 1., 0., 0., 1., 0., 0., 1.,
           0., 1.],
          [0., 1., 1., 0., 1., 0., 0., 1., 0., 0., 1., 0., 0., 1., 0., 0., 1.,
           0., 0.],
          [1., 0., 0., 1., 1., 0., 0., 1., 0., 0., 0., 1., 0., 0., 1., 1., 1.,
           0., 0.],
          [1., 0., 0., 0., 0., 1., 1., 0., 1., 0., 0., 1., 1., 0., 0., 0., 0.,
           1., 1.],
          [0., 0., 1., 0., 1., 0., 1., 0., 0., 0., 1., 1., 0., 0., 0., 0., 1.,
           1., 1.],
          [0., 0., 1., 0., 1., 1., 1., 1., 0., 1., 0., 1., 1., 1., 1., 0., 0.,
           0., 0.],
          [1., 0., 0., 1., 0., 0., 0., 0., 1., 1., 0., 1., 0., 0., 0., 1., 1.,
           1., 1.],
          [1., 1., 0., 1., 0., 0., 1., 0., 0., 0., 1., 1., 0., 1., 0., 1., 0.,
           0., 1.],
          [1., 1., 1., 1., 0., 0., 0., 1., 1., 0., 0., 0., 0., 1., 0., 1., 0.,
           1., 1.]]]], device='cuda:0'), tensor([[0.7324]], device='cuda:0'))
2026-01-07 17:24:57 - INFO - [ 0.05886228  0.00277442  0.9083989  -0.22194195  0.9083989  -0.22194193
  0.02099809 -0.0058146 ]
2026-01-07 17:24:57 - INFO - {'S11_real': np.float32(0.058862276), 'S11_imag': np.float32(0.0027744214), 'S21_real': np.float32(0.9083989), 'S21_imag': np.float32(-0.22194195), 'S12_real': np.float32(0.9083989), 'S12_imag': np.float32(-0.22194193), 'S22_real': np.float32(0.020998092), 'S22_imag': np.float32(-0.0058145984)}
2026-01-07 17:24:57 - INFO - (tensor([[[[1., 1., 0., 0., 0., 1., 0., 0., 0., 1., 1., 1., 0., 0., 0., 1., 0.,
           1., 1.],
          [1., 1., 0., 0., 1., 0., 1., 0., 0., 1., 1., 1., 1., 0., 1., 0., 1.,
           0., 1.],
          [0., 0., 0., 1., 1., 1., 1., 0., 0., 0., 1., 0., 0., 1., 1., 0., 1.,
           1., 1.],
          [1., 0., 0., 0., 0., 0., 1., 0., 0., 1., 1., 1., 0., 1., 1., 1., 0.,
           1., 1.],
          [0., 1., 0., 0., 1., 0., 1., 1., 1., 1., 0., 1., 1., 1., 0., 0., 1.,
           0., 0.],
          [1., 1., 1., 1., 1., 0., 1., 1., 1., 1., 1., 0., 1., 0., 1., 1., 1.,
           0., 1.],
          [1., 1., 1., 1., 1., 1., 0., 1., 1., 1., 0., 0., 1., 0., 1., 1., 0.,
           1., 0.],
          [0., 0., 1., 1., 1., 1., 1., 1., 1., 0., 1., 1., 1., 0., 0., 0., 1.,
           0., 0.],
          [1., 1., 1., 0., 1., 1., 1., 1., 1., 1., 0., 1., 0., 0., 1., 0., 0.,
           0., 1.],
          [1., 0., 0., 0., 1., 1., 0., 1., 1., 0., 1., 1., 0., 0., 1., 1., 1.,
           1., 1.],
          [0., 0., 0., 0., 1., 1., 0., 0., 0., 1., 1., 1., 0., 0., 0., 0., 0.,
           1., 0.],
          [1., 1., 1., 1., 1., 0., 0., 0., 1., 1., 1., 1., 1., 1., 0., 1., 1.,
           0., 1.],
          [0., 0., 0., 1., 0., 0., 1., 0., 1., 1., 0., 1., 1., 0., 0., 0., 0.,
           1., 0.],
          [0., 0., 1., 1., 1., 1., 1., 0., 1., 1., 1., 0., 0., 1., 0., 1., 0.,
           0., 1.],
          [0., 1., 1., 1., 0., 0., 1., 1., 0., 1., 0., 0., 0., 1., 1., 0., 1.,
           1., 0.],
          [0., 1., 0., 1., 0., 0., 1., 1., 1., 1., 1., 0., 0., 1., 0., 1., 0.,
           0., 1.],
          [1., 1., 0., 1., 1., 1., 1., 1., 1., 0., 0., 0., 0., 1., 1., 0., 0.,
           0., 1.],
          [1., 1., 0., 0., 0., 0., 0., 1., 1., 1., 1., 1., 0., 1., 0., 1., 0.,
           0., 0.],
          [0., 0., 0., 1., 0., 0., 1., 0., 1., 1., 0., 0., 1., 0., 1., 0., 1.,
           0., 0.]]]], device='cuda:0'), tensor([[0.7324]], device='cuda:0'))
2026-01-07 17:24:57 - INFO - [-0.01718842 -0.00953653  0.9024765  -0.23406465  0.9024765  -0.23406465
 -0.03072063 -0.00641634]
2026-01-07 17:24:57 - INFO - {'S11_real': np.float32(-0.01718842), 'S11_imag': np.float32(-0.009536525), 'S21_real': np.float32(0.9024765), 'S21_imag': np.float32(-0.23406465), 'S12_real': np.float32(0.9024765), 'S12_imag': np.float32(-0.23406465), 'S22_real': np.float32(-0.030720634), 'S22_imag': np.float32(-0.006416341)}
2026-01-07 17:24:57 - INFO - (tensor([[[[1., 1., 1., 1., 0., 1., 1., 0., 0., 1., 0., 1., 0., 1., 0., 1., 1.,
           0., 0.],
          [1., 1., 0., 0., 0., 0., 0., 0., 0., 0., 0., 1., 0., 0., 1., 1., 1.,
           1., 1.],
          [1., 0., 1., 1., 1., 0., 1., 0., 1., 1., 0., 0., 1., 0., 0., 1., 1.,
           1., 0.],
          [1., 1., 0., 0., 1., 0., 1., 0., 1., 0., 0., 0., 0., 1., 0., 1., 0.,
           0., 1.],
          [0., 0., 1., 0., 1., 0., 0., 0., 1., 0., 0., 0., 0., 0., 0., 0., 0.,
           0., 1.],
          [0., 1., 1., 1., 0., 1., 1., 1., 0., 1., 0., 1., 1., 0., 0., 1., 1.,
           1., 0.],
          [0., 1., 1., 0., 0., 1., 0., 1., 0., 1., 1., 1., 0., 1., 1., 0., 1.,
           1., 1.],
          [0., 0., 0., 0., 1., 0., 0., 0., 1., 1., 1., 0., 1., 1., 0., 1., 0.,
           0., 1.],
          [0., 0., 0., 0., 0., 0., 1., 0., 0., 0., 0., 1., 1., 0., 1., 0., 0.,
           0., 0.],
          [1., 1., 0., 0., 1., 1., 0., 1., 0., 1., 1., 1., 1., 0., 0., 1., 0.,
           1., 1.],
          [0., 0., 0., 1., 0., 0., 0., 0., 1., 1., 1., 1., 1., 1., 1., 0., 1.,
           1., 1.],
          [1., 0., 1., 1., 0., 1., 1., 1., 1., 1., 1., 1., 0., 0., 1., 0., 1.,
           0., 1.],
          [0., 1., 0., 0., 1., 1., 0., 0., 1., 0., 1., 0., 0., 1., 1., 1., 0.,
           0., 0.],
          [1., 0., 0., 1., 0., 0., 1., 1., 1., 1., 1., 1., 1., 1., 1., 0., 1.,
           1., 0.],
          [1., 0., 0., 1., 0., 1., 1., 0., 0., 0., 1., 1., 0., 1., 1., 0., 0.,
           0., 0.],
          [0., 0., 0., 0., 0., 0., 1., 1., 0., 1., 1., 1., 1., 1., 1., 0., 0.,
           1., 1.],
          [0., 1., 1., 1., 1., 1., 0., 0., 1., 0., 1., 1., 1., 1., 1., 1., 1.,
           1., 1.],
          [0., 1., 0., 0., 1., 0., 1., 1., 1., 1., 0., 0., 1., 0., 0., 0., 1.,
           0., 0.],
          [0., 1., 0., 0., 1., 0., 1., 1., 1., 1., 1., 1., 0., 1., 0., 0., 1.,
           0., 0.]]]], device='cuda:0'), tensor([[0.7324]], device='cuda:0'))
2026-01-07 17:24:57 - INFO - [ 0.9963744  -0.03986792  0.00294784  0.01908079  0.00294784  0.01908079
  0.75331795 -0.3799126 ]
2026-01-07 17:24:57 - INFO - {'S11_real': np.float32(0.9963744), 'S11_imag': np.float32(-0.039867923), 'S21_real': np.float32(0.0029478387), 'S21_imag': np.float32(0.01908079), 'S12_real': np.float32(0.0029478369), 'S12_imag': np.float32(0.01908079), 'S22_real': np.float32(0.75331795), 'S22_imag': np.float32(-0.3799126)}
2026-01-07 17:24:57 - INFO - (tensor([[[[0., 1., 0., 0., 1., 0., 0., 0., 1., 0., 0., 1., 1., 1., 0., 1., 1.,
           1., 0.],
          [1., 1., 1., 1., 1., 0., 0., 1., 1., 1., 0., 0., 0., 0., 1., 1., 1.,
           1., 0.],
          [1., 0., 0., 1., 0., 0., 1., 0., 0., 1., 0., 0., 1., 0., 1., 0., 0.,
           1., 1.],
          [0., 1., 0., 1., 0., 0., 0., 0., 0., 1., 1., 0., 0., 1., 1., 1., 1.,
           1., 0.],
          [0., 1., 1., 1., 1., 1., 1., 1., 1., 1., 0., 1., 1., 0., 0., 0., 1.,
           1., 1.],
          [1., 0., 1., 1., 0., 1., 1., 1., 1., 0., 0., 0., 0., 1., 1., 1., 0.,
           0., 0.],
          [1., 1., 0., 0., 1., 1., 1., 0., 0., 0., 0., 1., 1., 1., 0., 1., 1.,
           1., 1.],
          [1., 0., 1., 1., 0., 0., 1., 1., 1., 1., 0., 1., 0., 1., 1., 1., 0.,
           1., 1.],
          [0., 1., 0., 1., 0., 0., 0., 1., 0., 0., 1., 0., 1., 1., 0., 0., 1.,
           0., 0.],
          [1., 0., 1., 1., 0., 1., 0., 0., 0., 0., 1., 0., 1., 0., 1., 1., 1.,
           1., 1.],
          [1., 0., 1., 1., 1., 0., 1., 0., 0., 0., 1., 1., 1., 1., 1., 1., 1.,
           0., 1.],
          [0., 0., 1., 1., 0., 0., 1., 0., 0., 0., 0., 1., 1., 0., 0., 0., 1.,
           1., 0.],
          [0., 0., 1., 0., 0., 0., 0., 0., 1., 1., 1., 0., 1., 0., 1., 1., 0.,
           0., 0.],
          [1., 0., 1., 1., 1., 0., 0., 0., 1., 1., 0., 1., 1., 1., 0., 1., 1.,
           0., 0.],
          [0., 0., 0., 0., 1., 1., 1., 1., 0., 1., 0., 0., 1., 1., 0., 0., 0.,
           0., 1.],
          [0., 1., 0., 0., 0., 1., 0., 1., 1., 1., 0., 1., 1., 0., 0., 1., 1.,
           0., 1.],
          [1., 1., 0., 1., 0., 0., 0., 1., 0., 1., 0., 1., 1., 1., 0., 1., 1.,
           0., 0.],
          [1., 0., 0., 0., 1., 0., 1., 0., 0., 1., 0., 0., 0., 0., 1., 1., 1.,
           1., 1.],
          [1., 1., 0., 1., 1., 1., 0., 1., 1., 1., 0., 1., 0., 0., 0., 0., 1.,
           0., 0.]]]], device='cuda:0'), tensor([[0.7324]], device='cuda:0'))
2026-01-07 17:24:57 - INFO - [ 0.9952916  -0.04968901  0.00702243  0.03141662  0.00702243  0.03141662
  0.7069695  -0.4171271 ]
2026-01-07 17:24:57 - INFO - {'S11_real': np.float32(0.9952916), 'S11_imag': np.float32(-0.049689006), 'S21_real': np.float32(0.0070224283), 'S21_imag': np.float32(0.03141662), 'S12_real': np.float32(0.0070224265), 'S12_imag': np.float32(0.031416617), 'S22_real': np.float32(0.7069695), 'S22_imag': np.float32(-0.4171271)}
2026-01-07 17:24:57 - INFO - (tensor([[[[1., 0., 0., 0., 0., 0., 0., 1., 1., 1., 1., 0., 0., 0., 1., 1., 0.,
           0., 1.],
          [1., 1., 1., 0., 1., 1., 0., 0., 0., 1., 1., 1., 1., 0., 0., 1., 1.,
           1., 0.],
          [1., 0., 1., 0., 0., 1., 0., 0., 1., 0., 1., 0., 0., 0., 0., 1., 1.,
           1., 0.],
          [0., 1., 1., 1., 1., 0., 1., 0., 1., 0., 1., 1., 0., 0., 1., 0., 1.,
           0., 1.],
          [1., 1., 1., 1., 1., 1., 1., 0., 0., 0., 1., 1., 1., 0., 0., 0., 0.,
           0., 1.],
          [0., 1., 1., 1., 0., 0., 1., 0., 0., 1., 1., 1., 1., 1., 0., 1., 0.,
           0., 1.],
          [1., 0., 1., 0., 1., 1., 0., 0., 1., 1., 1., 0., 1., 1., 1., 1., 0.,
           0., 0.],
          [1., 1., 1., 0., 0., 0., 0., 1., 0., 0., 1., 0., 1., 1., 1., 1., 1.,
           0., 0.],
          [1., 0., 1., 0., 0., 0., 0., 0., 0., 0., 1., 1., 1., 0., 0., 1., 1.,
           0., 1.],
          [1., 1., 1., 0., 1., 1., 1., 1., 0., 1., 1., 1., 1., 1., 0., 1., 1.,
           0., 1.],
          [0., 1., 0., 0., 1., 0., 1., 0., 0., 1., 0., 1., 0., 0., 1., 1., 0.,
           1., 1.],
          [0., 0., 1., 0., 1., 1., 1., 1., 1., 1., 0., 1., 0., 1., 0., 0., 0.,
           1., 0.],
          [0., 1., 0., 0., 1., 0., 0., 1., 0., 0., 0., 0., 1., 1., 1., 1., 0.,
           1., 1.],
          [0., 0., 0., 1., 0., 0., 0., 1., 1., 1., 1., 1., 1., 1., 0., 0., 0.,
           1., 1.],
          [0., 0., 1., 1., 1., 1., 1., 1., 1., 1., 0., 1., 1., 1., 0., 0., 1.,
           0., 0.],
          [0., 1., 1., 1., 1., 1., 1., 1., 0., 1., 1., 1., 1., 1., 1., 1., 1.,
           0., 0.],
          [1., 1., 0., 1., 1., 0., 1., 1., 1., 0., 0., 1., 0., 0., 0., 1., 0.,
           0., 0.],
          [1., 0., 0., 1., 0., 0., 0., 1., 1., 0., 0., 0., 0., 0., 0., 1., 0.,
           0., 0.],
          [1., 0., 1., 0., 0., 0., 0., 0., 0., 1., 0., 0., 0., 1., 0., 1., 0.,
           0., 1.]]]], device='cuda:0'), tensor([[0.7324]], device='cuda:0'))
2026-01-07 17:24:57 - INFO - [ 0.9276528  -0.20355216  0.00310314  0.03227313  0.00310314  0.03227314
  0.95083356 -0.1876897 ]
2026-01-07 17:24:57 - INFO - {'S11_real': np.float32(0.9276528), 'S11_imag': np.float32(-0.20355216), 'S21_real': np.float32(0.0031031354), 'S21_imag': np.float32(0.032273132), 'S12_real': np.float32(0.0031031354), 'S12_imag': np.float32(0.032273136), 'S22_real': np.float32(0.95083356), 'S22_imag': np.float32(-0.1876897)}
2026-01-07 17:24:57 - INFO - (tensor([[[[1., 0., 1., 1., 0., 0., 0., 1., 0., 0., 1., 1., 0., 1., 1., 1., 0.,
           0., 0.],
          [1., 0., 0., 1., 1., 0., 1., 0., 0., 0., 1., 1., 0., 0., 0., 0., 1.,
           0., 0.],
          [1., 0., 0., 0., 0., 0., 1., 1., 1., 1., 0., 1., 1., 1., 1., 1., 1.,
           1., 1.],
          [0., 1., 0., 1., 1., 1., 0., 0., 1., 0., 1., 0., 0., 0., 1., 0., 0.,
           1., 0.],
          [1., 1., 0., 1., 0., 0., 1., 0., 0., 1., 1., 0., 1., 1., 1., 1., 0.,
           0., 1.],
          [0., 1., 1., 0., 0., 0., 0., 1., 1., 0., 1., 0., 0., 0., 1., 1., 0.,
           0., 0.],
          [0., 1., 1., 0., 0., 1., 0., 1., 1., 0., 1., 1., 1., 1., 0., 1., 1.,
           1., 0.],
          [0., 0., 1., 0., 0., 0., 1., 0., 0., 0., 1., 1., 0., 0., 0., 1., 1.,
           0., 1.],
          [0., 1., 0., 1., 0., 1., 0., 0., 0., 0., 1., 0., 1., 1., 0., 0., 0.,
           0., 1.],
          [1., 1., 1., 0., 1., 0., 0., 1., 1., 1., 1., 1., 1., 0., 0., 0., 1.,
           0., 1.],
          [0., 0., 0., 0., 1., 1., 1., 0., 1., 1., 0., 1., 0., 1., 0., 0., 1.,
           0., 1.],
          [0., 1., 1., 0., 1., 1., 1., 0., 0., 1., 1., 0., 0., 1., 0., 0., 1.,
           0., 0.],
          [0., 1., 0., 1., 0., 0., 1., 1., 1., 1., 0., 1., 1., 1., 0., 0., 1.,
           1., 1.],
          [1., 0., 1., 0., 1., 1., 0., 1., 1., 1., 1., 0., 1., 1., 0., 1., 0.,
           1., 1.],
          [1., 0., 0., 1., 0., 1., 0., 1., 0., 1., 0., 0., 0., 0., 1., 1., 0.,
           1., 0.],
          [1., 0., 1., 1., 0., 0., 0., 0., 0., 1., 0., 1., 0., 1., 1., 0., 0.,
           1., 1.],
          [0., 1., 1., 1., 1., 1., 1., 0., 0., 0., 0., 1., 0., 1., 1., 0., 0.,
           1., 0.],
          [0., 1., 1., 1., 1., 1., 1., 0., 0., 0., 1., 1., 0., 0., 0., 1., 0.,
           0., 0.],
          [1., 0., 0., 1., 1., 1., 1., 1., 0., 0., 1., 1., 1., 1., 0., 0., 1.,
           1., 1.]]]], device='cuda:0'), tensor([[0.7324]], device='cuda:0'))
2026-01-07 17:24:57 - INFO - [ 0.7352748  -0.40059143  0.0070148   0.03233625  0.0070148   0.03233625
  0.9898012  -0.0657656 ]
2026-01-07 17:24:57 - INFO - {'S11_real': np.float32(0.7352748), 'S11_imag': np.float32(-0.40059143), 'S21_real': np.float32(0.007014803), 'S21_imag': np.float32(0.03233625), 'S12_real': np.float32(0.007014805), 'S12_imag': np.float32(0.032336246), 'S22_real': np.float32(0.9898012), 'S22_imag': np.float32(-0.065765604)}
2026-01-07 17:24:57 - INFO - (tensor([[[[1., 0., 1., 1., 0., 1., 0., 1., 1., 0., 1., 0., 0., 0., 1., 1., 0.,
           1., 1.],
          [1., 0., 0., 1., 0., 1., 1., 1., 0., 0., 1., 0., 1., 0., 0., 0., 1.,
           1., 1.],
          [0., 1., 1., 1., 1., 0., 0., 1., 0., 0., 0., 0., 0., 1., 0., 1., 1.,
           1., 0.],
          [0., 0., 0., 1., 1., 1., 0., 1., 1., 1., 0., 1., 1., 0., 1., 0., 1.,
           0., 0.],
          [0., 1., 1., 0., 0., 0., 0., 0., 0., 0., 0., 0., 0., 0., 0., 1., 0.,
           1., 1.],
          [1., 0., 1., 0., 1., 0., 0., 1., 1., 0., 1., 0., 0., 0., 1., 0., 0.,
           0., 0.],
          [1., 1., 1., 1., 0., 0., 0., 0., 0., 0., 1., 0., 0., 0., 1., 0., 0.,
           0., 1.],
          [0., 0., 1., 0., 1., 0., 1., 0., 0., 1., 0., 0., 1., 0., 1., 0., 1.,
           0., 0.],
          [1., 0., 1., 1., 1., 0., 0., 0., 1., 1., 1., 0., 1., 0., 0., 0., 0.,
           0., 0.],
          [1., 0., 1., 0., 0., 1., 1., 1., 1., 0., 1., 1., 1., 1., 0., 1., 1.,
           1., 1.],
          [0., 1., 1., 1., 0., 1., 1., 0., 1., 0., 0., 1., 1., 0., 0., 1., 0.,
           0., 1.],
          [0., 0., 0., 0., 0., 0., 1., 0., 1., 1., 1., 1., 1., 1., 1., 1., 0.,
           1., 1.],
          [1., 0., 1., 0., 1., 1., 0., 1., 0., 0., 1., 1., 0., 0., 1., 1., 1.,
           0., 1.],
          [0., 1., 0., 0., 1., 0., 0., 0., 0., 0., 1., 1., 0., 1., 0., 0., 1.,
           0., 0.],
          [0., 1., 1., 0., 0., 0., 0., 0., 1., 1., 1., 1., 0., 0., 1., 1., 0.,
           1., 0.],
          [0., 0., 1., 1., 1., 1., 1., 0., 1., 0., 0., 0., 1., 1., 1., 1., 1.,
           1., 1.],
          [1., 0., 1., 0., 0., 0., 0., 1., 1., 0., 0., 0., 1., 0., 0., 1., 0.,
           1., 1.],
          [0., 0., 0., 1., 1., 1., 0., 0., 0., 0., 0., 0., 1., 1., 1., 0., 1.,
           1., 1.],
          [0., 0., 1., 0., 0., 0., 0., 1., 0., 1., 1., 0., 0., 0., 1., 1., 1.,
           1., 1.]]]], device='cuda:0'), tensor([[0.7324]], device='cuda:0'))
2026-01-07 17:24:57 - INFO - [ 0.9897158  -0.06883621  0.00544676  0.03335894  0.00544676  0.03335894
  0.8061012  -0.34242177]
2026-01-07 17:24:57 - INFO - {'S11_real': np.float32(0.9897158), 'S11_imag': np.float32(-0.06883621), 'S21_real': np.float32(0.005446759), 'S21_imag': np.float32(0.033358935), 'S12_real': np.float32(0.005446761), 'S12_imag': np.float32(0.03335894), 'S22_real': np.float32(0.8061012), 'S22_imag': np.float32(-0.34242177)}
2026-01-07 17:24:57 - INFO - (tensor([[[[1., 1., 0., 1., 1., 1., 1., 0., 1., 1., 0., 0., 1., 1., 1., 1., 1.,
           1., 0.],
          [0., 1., 1., 1., 0., 1., 0., 0., 1., 0., 1., 0., 1., 1., 0., 0., 0.,
           1., 0.],
          [0., 1., 1., 0., 0., 0., 1., 1., 0., 1., 0., 0., 1., 0., 0., 1., 0.,
           0., 1.],
          [0., 0., 1., 1., 1., 0., 1., 0., 1., 0., 0., 1., 0., 0., 1., 0., 0.,
           0., 1.],
          [1., 1., 1., 1., 1., 1., 1., 0., 0., 0., 0., 1., 0., 0., 0., 0., 0.,
           1., 1.],
          [0., 0., 0., 0., 1., 0., 1., 0., 1., 1., 1., 0., 0., 1., 0., 0., 1.,
           0., 1.],
          [0., 0., 1., 1., 1., 1., 0., 0., 0., 1., 0., 0., 0., 1., 1., 0., 0.,
           1., 1.],
          [1., 1., 0., 1., 0., 1., 0., 0., 1., 0., 0., 0., 1., 1., 1., 0., 0.,
           0., 0.],
          [1., 0., 0., 0., 1., 0., 1., 1., 0., 0., 0., 0., 1., 1., 1., 1., 1.,
           1., 1.],
          [1., 1., 1., 0., 0., 0., 1., 0., 1., 1., 0., 1., 0., 1., 1., 0., 0.,
           0., 1.],
          [0., 0., 1., 1., 1., 1., 0., 1., 1., 0., 1., 0., 0., 0., 1., 0., 1.,
           1., 1.],
          [0., 0., 0., 1., 1., 0., 1., 0., 0., 1., 1., 0., 1., 0., 0., 1., 0.,
           1., 0.],
          [1., 1., 0., 1., 1., 0., 1., 0., 1., 0., 0., 0., 0., 1., 0., 1., 0.,
           1., 0.],
          [1., 1., 0., 0., 0., 1., 1., 1., 1., 0., 0., 0., 0., 1., 1., 0., 1.,
           0., 1.],
          [1., 1., 1., 1., 1., 0., 1., 0., 0., 0., 0., 0., 0., 1., 1., 1., 0.,
           0., 0.],
          [1., 1., 1., 0., 0., 0., 1., 0., 0., 0., 0., 1., 1., 0., 0., 1., 1.,
           0., 1.],
          [1., 0., 1., 1., 1., 1., 0., 1., 1., 0., 1., 0., 0., 1., 1., 1., 1.,
           1., 0.],
          [1., 0., 1., 0., 1., 1., 1., 1., 1., 0., 1., 1., 1., 0., 1., 0., 1.,
           0., 1.],
          [1., 0., 1., 0., 1., 1., 0., 1., 0., 0., 1., 1., 1., 0., 0., 1., 0.,
           0., 0.]]]], device='cuda:0'), tensor([[0.7324]], device='cuda:0'))
2026-01-07 17:24:57 - INFO - [-0.04445637  0.00202604  0.9213725  -0.22567488  0.9213725  -0.22567487
 -0.04398373  0.00157042]
2026-01-07 17:24:57 - INFO - {'S11_real': np.float32(-0.044456374), 'S11_imag': np.float32(0.0020260373), 'S21_real': np.float32(0.9213725), 'S21_imag': np.float32(-0.22567488), 'S12_real': np.float32(0.9213725), 'S12_imag': np.float32(-0.22567487), 'S22_real': np.float32(-0.04398373), 'S22_imag': np.float32(0.0015704172)}
2026-01-07 17:24:57 - INFO - (tensor([[[[0., 1., 1., 1., 0., 0., 0., 0., 1., 0., 0., 1., 1., 1., 0., 0., 0.,
           0., 0.],
          [0., 1., 0., 1., 1., 1., 0., 0., 1., 0., 0., 1., 0., 0., 0., 0., 1.,
           1., 0.],
          [0., 0., 1., 0., 0., 1., 0., 1., 0., 1., 0., 0., 1., 1., 1., 1., 1.,
           0., 1.],
          [1., 1., 1., 0., 0., 0., 0., 0., 1., 0., 0., 1., 1., 0., 0., 1., 0.,
           1., 1.],
          [0., 0., 0., 1., 1., 0., 0., 0., 1., 1., 1., 0., 1., 1., 0., 1., 0.,
           1., 0.],
          [0., 1., 0., 1., 0., 0., 0., 1., 0., 0., 1., 0., 0., 0., 0., 1., 0.,
           0., 1.],
          [0., 0., 1., 1., 1., 1., 0., 1., 0., 1., 0., 1., 1., 0., 1., 1., 1.,
           0., 1.],
          [1., 0., 0., 1., 0., 0., 0., 1., 1., 0., 1., 0., 1., 0., 1., 0., 1.,
           1., 0.],
          [1., 1., 1., 1., 1., 1., 1., 1., 0., 1., 0., 1., 0., 1., 0., 0., 1.,
           0., 1.],
          [1., 0., 1., 0., 0., 1., 1., 1., 1., 1., 0., 0., 1., 1., 1., 0., 0.,
           0., 1.],
          [1., 0., 1., 1., 0., 0., 1., 0., 1., 0., 0., 1., 1., 0., 1., 0., 1.,
           0., 0.],
          [0., 1., 0., 0., 0., 0., 1., 1., 0., 0., 1., 0., 1., 0., 1., 0., 1.,
           1., 1.],
          [0., 1., 1., 0., 0., 0., 0., 1., 0., 0., 0., 0., 0., 0., 0., 1., 1.,
           1., 1.],
          [1., 0., 0., 0., 0., 1., 1., 0., 0., 1., 1., 1., 0., 0., 1., 1., 0.,
           0., 0.],
          [0., 1., 1., 1., 0., 0., 0., 1., 1., 1., 0., 0., 1., 0., 1., 1., 1.,
           1., 0.],
          [0., 0., 0., 0., 0., 1., 0., 0., 0., 1., 0., 1., 0., 0., 0., 1., 1.,
           0., 0.],
          [0., 1., 1., 0., 1., 1., 1., 1., 0., 0., 1., 1., 1., 0., 0., 1., 1.,
           1., 1.],
          [0., 0., 0., 0., 0., 0., 1., 1., 0., 0., 0., 1., 1., 1., 1., 0., 1.,
           0., 1.],
          [1., 1., 1., 0., 0., 0., 0., 0., 0., 0., 1., 0., 1., 0., 1., 0., 1.,
           0., 0.]]]], device='cuda:0'), tensor([[0.7324]], device='cuda:0'))
2026-01-07 17:24:57 - INFO - [ 0.77826095 -0.366801    0.00448911  0.02679232  0.00448911  0.02679232
  0.9961749  -0.04626256]
2026-01-07 17:24:57 - INFO - {'S11_real': np.float32(0.77826095), 'S11_imag': np.float32(-0.366801), 'S21_real': np.float32(0.0044891112), 'S21_imag': np.float32(0.026792323), 'S12_real': np.float32(0.0044891057), 'S12_imag': np.float32(0.02679232), 'S22_real': np.float32(0.9961749), 'S22_imag': np.float32(-0.046262562)}
2026-01-07 17:24:57 - INFO - (tensor([[[[0., 0., 1., 0., 0., 1., 0., 1., 1., 0., 0., 1., 0., 1., 0., 0., 1.,
           0., 0.],
          [0., 1., 0., 1., 0., 1., 0., 0., 1., 0., 1., 0., 1., 0., 1., 0., 1.,
           1., 0.],
          [1., 1., 0., 0., 0., 0., 0., 0., 1., 1., 1., 0., 0., 1., 1., 0., 1.,
           0., 0.],
          [1., 0., 0., 0., 0., 1., 0., 0., 1., 0., 0., 1., 1., 0., 0., 1., 0.,
           0., 0.],
          [1., 0., 1., 1., 1., 1., 0., 1., 0., 1., 1., 0., 1., 1., 0., 1., 1.,
           1., 0.],
          [1., 0., 0., 0., 1., 1., 1., 1., 0., 0., 1., 1., 0., 1., 1., 1., 1.,
           1., 1.],
          [0., 0., 0., 0., 1., 1., 0., 0., 0., 0., 0., 1., 1., 0., 0., 1., 1.,
           1., 0.],
          [1., 0., 0., 1., 1., 1., 0., 1., 1., 0., 1., 1., 0., 0., 0., 0., 0.,
           1., 1.],
          [0., 1., 1., 0., 0., 0., 1., 0., 1., 1., 1., 1., 0., 1., 0., 1., 0.,
           0., 0.],
          [1., 1., 1., 0., 1., 1., 1., 0., 1., 1., 0., 0., 0., 0., 0., 0., 1.,
           1., 1.],
          [1., 0., 1., 0., 0., 1., 1., 1., 1., 1., 1., 1., 1., 0., 1., 1., 0.,
           0., 0.],
          [0., 1., 1., 0., 0., 1., 1., 1., 1., 0., 1., 0., 0., 0., 1., 0., 1.,
           0., 1.],
          [0., 0., 1., 1., 0., 0., 1., 0., 1., 1., 0., 1., 0., 1., 1., 0., 1.,
           0., 1.],
          [1., 1., 1., 0., 1., 1., 1., 0., 0., 0., 0., 1., 1., 1., 0., 0., 1.,
           1., 1.],
          [0., 1., 1., 0., 0., 1., 0., 1., 1., 1., 1., 0., 0., 0., 1., 1., 1.,
           0., 0.],
          [1., 0., 0., 0., 0., 1., 0., 1., 0., 1., 1., 0., 1., 1., 0., 1., 0.,
           1., 0.],
          [0., 0., 0., 0., 1., 1., 0., 1., 1., 1., 0., 0., 1., 0., 0., 1., 0.,
           0., 0.],
          [0., 0., 1., 0., 0., 1., 1., 0., 1., 0., 1., 0., 1., 0., 1., 0., 0.,
           0., 1.],
          [1., 0., 0., 0., 0., 1., 1., 1., 0., 0., 1., 1., 1., 1., 0., 0., 0.,
           1., 0.]]]], device='cuda:0'), tensor([[0.7324]], device='cuda:0'))
2026-01-07 17:24:57 - INFO - [-0.05100792 -0.0087612   0.91948277 -0.22004837  0.91948277 -0.2200484
 -0.04976177 -0.01011838]
2026-01-07 17:24:57 - INFO - {'S11_real': np.float32(-0.051007923), 'S11_imag': np.float32(-0.0087612), 'S21_real': np.float32(0.91948277), 'S21_imag': np.float32(-0.22004837), 'S12_real': np.float32(0.91948277), 'S12_imag': np.float32(-0.2200484), 'S22_real': np.float32(-0.04976177), 'S22_imag': np.float32(-0.010118385)}
2026-01-07 17:24:57 - INFO - (tensor([[[[1., 1., 1., 1., 1., 0., 0., 0., 1., 0., 1., 0., 1., 1., 0., 1., 0.,
           0., 0.],
          [1., 1., 1., 1., 0., 1., 0., 0., 1., 1., 0., 1., 0., 1., 1., 0., 0.,
           0., 1.],
          [1., 1., 0., 0., 1., 0., 1., 0., 1., 1., 1., 0., 0., 1., 1., 1., 1.,
           1., 1.],
          [0., 0., 0., 0., 1., 1., 1., 0., 0., 1., 0., 0., 1., 1., 1., 0., 1.,
           1., 1.],
          [0., 0., 1., 1., 0., 0., 1., 0., 1., 1., 0., 1., 1., 0., 1., 0., 1.,
           1., 0.],
          [0., 0., 0., 0., 0., 1., 0., 1., 0., 1., 1., 0., 1., 1., 1., 0., 0.,
           1., 0.],
          [0., 1., 1., 0., 0., 0., 1., 0., 0., 0., 1., 1., 1., 0., 0., 1., 0.,
           0., 0.],
          [1., 0., 0., 1., 0., 1., 0., 1., 1., 0., 0., 1., 0., 1., 0., 0., 0.,
           0., 1.],
          [1., 0., 0., 0., 0., 0., 1., 1., 0., 1., 1., 0., 1., 1., 1., 1., 0.,
           1., 1.],
          [1., 0., 1., 1., 1., 0., 0., 0., 0., 0., 1., 0., 1., 0., 0., 0., 1.,
           1., 1.],
          [0., 0., 0., 0., 0., 0., 1., 1., 0., 1., 1., 1., 0., 0., 0., 0., 1.,
           0., 0.],
          [0., 1., 1., 1., 1., 1., 0., 1., 1., 0., 0., 0., 1., 0., 1., 0., 1.,
           1., 1.],
          [1., 0., 0., 1., 0., 1., 0., 0., 1., 1., 0., 1., 0., 0., 0., 1., 1.,
           0., 1.],
          [1., 0., 1., 1., 0., 1., 0., 1., 1., 0., 0., 1., 0., 0., 1., 0., 1.,
           1., 0.],
          [1., 0., 1., 0., 0., 1., 0., 0., 0., 1., 1., 0., 0., 1., 1., 1., 0.,
           1., 0.],
          [1., 0., 1., 0., 1., 1., 0., 1., 1., 1., 1., 0., 0., 1., 0., 0., 0.,
           0., 0.],
          [1., 0., 1., 0., 1., 1., 1., 0., 0., 1., 1., 0., 0., 1., 0., 0., 0.,
           0., 0.],
          [0., 1., 1., 1., 1., 1., 1., 0., 0., 1., 1., 1., 0., 0., 0., 0., 1.,
           1., 1.],
          [1., 0., 0., 1., 0., 0., 0., 0., 1., 0., 1., 0., 0., 1., 1., 0., 0.,
           1., 0.]]]], device='cuda:0'), tensor([[0.7324]], device='cuda:0'))
2026-01-07 17:24:57 - INFO - [ 0.9911223  -0.05985316  0.00335369  0.02164004  0.00335369  0.02164005
  0.7745069  -0.3695239 ]
2026-01-07 17:24:57 - INFO - {'S11_real': np.float32(0.9911223), 'S11_imag': np.float32(-0.059853155), 'S21_real': np.float32(0.0033536865), 'S21_imag': np.float32(0.02164004), 'S12_real': np.float32(0.0033536884), 'S12_imag': np.float32(0.021640047), 'S22_real': np.float32(0.7745069), 'S22_imag': np.float32(-0.3695239)}
2026-01-07 17:24:57 - INFO - (tensor([[[[0., 1., 0., 0., 0., 0., 0., 1., 0., 1., 1., 0., 1., 0., 1., 1., 1.,
           0., 1.],
          [1., 1., 0., 0., 1., 1., 1., 1., 0., 0., 0., 1., 0., 1., 1., 1., 0.,
           1., 0.],
          [1., 0., 1., 0., 1., 0., 1., 1., 1., 0., 1., 1., 1., 0., 1., 1., 0.,
           1., 0.],
          [1., 0., 0., 0., 1., 1., 0., 1., 1., 0., 0., 0., 0., 1., 1., 1., 1.,
           1., 1.],
          [0., 1., 1., 1., 0., 0., 1., 0., 0., 1., 1., 1., 0., 0., 1., 0., 0.,
           0., 1.],
          [1., 1., 1., 1., 0., 0., 0., 0., 0., 0., 1., 1., 0., 1., 0., 0., 1.,
           1., 0.],
          [1., 0., 0., 0., 0., 0., 1., 0., 1., 0., 1., 0., 1., 0., 0., 1., 1.,
           1., 1.],
          [1., 1., 0., 0., 0., 1., 1., 1., 0., 1., 0., 1., 1., 1., 0., 1., 0.,
           1., 1.],
          [1., 1., 0., 1., 0., 1., 1., 1., 0., 1., 0., 0., 1., 0., 1., 0., 0.,
           0., 0.],
          [1., 0., 1., 0., 1., 1., 0., 0., 1., 0., 0., 0., 0., 0., 0., 0., 0.,
           0., 1.],
          [0., 0., 0., 0., 0., 1., 1., 0., 1., 0., 0., 1., 1., 1., 1., 1., 0.,
           0., 0.],
          [1., 0., 1., 0., 1., 1., 0., 0., 0., 0., 1., 0., 1., 0., 0., 0., 0.,
           0., 1.],
          [0., 1., 0., 1., 0., 0., 0., 1., 1., 0., 0., 0., 1., 0., 1., 0., 1.,
           1., 1.],
          [0., 1., 0., 1., 0., 1., 1., 0., 0., 1., 1., 0., 1., 1., 0., 0., 0.,
           1., 1.],
          [1., 0., 1., 0., 0., 1., 0., 1., 0., 0., 0., 1., 0., 1., 0., 0., 0.,
           1., 1.],
          [1., 1., 1., 0., 0., 1., 1., 1., 1., 0., 1., 1., 1., 1., 0., 0., 1.,
           0., 0.],
          [1., 1., 0., 0., 0., 0., 0., 1., 0., 0., 0., 0., 0., 0., 0., 0., 1.,
           1., 0.],
          [1., 1., 1., 1., 1., 1., 0., 0., 1., 0., 1., 0., 0., 0., 1., 0., 0.,
           1., 1.],
          [0., 1., 0., 0., 1., 1., 0., 1., 0., 1., 1., 1., 1., 1., 0., 0., 0.,
           1., 0.]]]], device='cuda:0'), tensor([[0.7324]], device='cuda:0'))
2026-01-07 17:24:57 - INFO - [ 8.2372016e-01 -3.1053683e-01  7.0503808e-04  1.0393290e-02
  7.0504087e-04  1.0393297e-02  9.9766582e-01 -2.8983856e-02]
2026-01-07 17:24:57 - INFO - {'S11_real': np.float32(0.82372016), 'S11_imag': np.float32(-0.31053683), 'S21_real': np.float32(0.0007050381), 'S21_imag': np.float32(0.01039329), 'S12_real': np.float32(0.0007050409), 'S12_imag': np.float32(0.010393297), 'S22_real': np.float32(0.9976658), 'S22_imag': np.float32(-0.028983856)}
2026-01-07 17:24:57 - INFO - (tensor([[[[0., 1., 1., 1., 0., 0., 1., 0., 0., 1., 0., 1., 0., 1., 0., 0., 1.,
           1., 1.],
          [1., 0., 1., 1., 1., 1., 1., 0., 1., 1., 1., 0., 0., 0., 1., 1., 0.,
           0., 1.],
          [1., 1., 0., 1., 1., 0., 0., 0., 1., 0., 0., 1., 1., 0., 1., 0., 1.,
           1., 0.],
          [0., 0., 1., 0., 1., 1., 0., 1., 1., 0., 1., 1., 0., 0., 1., 1., 1.,
           1., 0.],
          [1., 1., 1., 1., 0., 1., 0., 0., 0., 0., 0., 1., 0., 0., 0., 1., 0.,
           1., 0.],
          [0., 1., 1., 1., 0., 1., 1., 1., 1., 1., 0., 1., 0., 1., 1., 0., 0.,
           0., 0.],
          [1., 0., 1., 1., 1., 0., 0., 0., 1., 0., 0., 1., 0., 1., 0., 0., 0.,
           0., 0.],
          [1., 0., 0., 0., 0., 0., 0., 0., 1., 1., 0., 1., 0., 1., 0., 0., 1.,
           0., 1.],
          [0., 0., 0., 0., 1., 0., 1., 1., 0., 0., 1., 1., 0., 1., 1., 1., 0.,
           1., 1.],
          [1., 1., 0., 0., 1., 1., 1., 0., 0., 1., 1., 0., 1., 1., 0., 0., 0.,
           0., 1.],
          [1., 0., 0., 0., 0., 0., 0., 1., 0., 1., 1., 0., 0., 1., 1., 1., 0.,
           1., 0.],
          [0., 1., 0., 0., 1., 1., 0., 1., 0., 1., 1., 1., 1., 0., 1., 0., 0.,
           1., 1.],
          [1., 1., 1., 0., 1., 0., 0., 0., 0., 1., 1., 0., 0., 1., 0., 1., 0.,
           1., 0.],
          [0., 0., 1., 1., 1., 0., 0., 0., 0., 0., 0., 1., 1., 1., 0., 1., 0.,
           0., 1.],
          [0., 0., 0., 0., 0., 1., 1., 0., 0., 1., 1., 1., 0., 1., 1., 0., 0.,
           1., 0.],
          [1., 1., 0., 0., 1., 0., 0., 0., 0., 0., 0., 0., 1., 0., 1., 0., 1.,
           0., 1.],
          [0., 1., 0., 0., 1., 1., 0., 1., 1., 0., 1., 0., 1., 0., 1., 0., 0.,
           1., 1.],
          [0., 0., 1., 1., 1., 1., 1., 1., 0., 1., 1., 1., 1., 0., 0., 0., 0.,
           1., 0.],
          [1., 1., 0., 0., 1., 0., 0., 1., 1., 1., 1., 1., 0., 1., 1., 1., 0.,
           1., 1.]]]], device='cuda:0'), tensor([[0.7324]], device='cuda:0'))
2026-01-07 17:24:57 - INFO - [ 9.9382186e-01 -5.4227088e-02  3.0366238e-04  1.1677211e-02
  3.0366052e-04  1.1677204e-02  8.9157587e-01 -2.6572806e-01]
2026-01-07 17:24:57 - INFO - {'S11_real': np.float32(0.99382186), 'S11_imag': np.float32(-0.054227088), 'S21_real': np.float32(0.00030366238), 'S21_imag': np.float32(0.011677211), 'S12_real': np.float32(0.00030366052), 'S12_imag': np.float32(0.011677204), 'S22_real': np.float32(0.8915759), 'S22_imag': np.float32(-0.26572806)}
2026-01-07 17:24:57 - INFO - (tensor([[[[0., 1., 1., 1., 0., 0., 1., 1., 1., 0., 0., 0., 0., 0., 0., 1., 0.,
           1., 0.],
          [1., 0., 1., 1., 1., 0., 0., 0., 1., 1., 1., 0., 0., 1., 0., 0., 0.,
           0., 1.],
          [0., 0., 1., 1., 0., 0., 0., 0., 1., 1., 1., 0., 0., 1., 0., 1., 1.,
           1., 1.],
          [1., 1., 1., 0., 1., 1., 0., 1., 0., 1., 0., 0., 0., 1., 0., 1., 1.,
           1., 1.],
          [1., 1., 1., 0., 1., 1., 0., 1., 0., 0., 1., 1., 0., 1., 0., 0., 1.,
           0., 1.],
          [1., 0., 0., 1., 1., 1., 0., 1., 0., 0., 0., 1., 0., 1., 0., 1., 1.,
           0., 1.],
          [0., 0., 0., 0., 0., 0., 0., 1., 0., 0., 1., 1., 0., 0., 0., 1., 0.,
           1., 0.],
          [0., 1., 0., 0., 0., 1., 0., 0., 1., 1., 0., 0., 1., 0., 0., 1., 0.,
           0., 1.],
          [0., 0., 0., 1., 0., 1., 1., 0., 1., 0., 0., 0., 1., 0., 0., 0., 1.,
           1., 0.],
          [1., 0., 0., 1., 1., 1., 1., 1., 1., 1., 0., 0., 0., 0., 0., 0., 1.,
           0., 1.],
          [0., 1., 1., 0., 0., 0., 0., 0., 1., 0., 1., 1., 1., 0., 0., 0., 0.,
           0., 0.],
          [1., 0., 1., 1., 0., 0., 0., 0., 0., 0., 1., 1., 1., 1., 1., 1., 0.,
           0., 0.],
          [1., 1., 1., 0., 0., 0., 1., 1., 1., 0., 1., 0., 0., 0., 0., 0., 0.,
           0., 1.],
          [0., 1., 0., 0., 0., 1., 0., 0., 1., 1., 1., 1., 0., 0., 1., 0., 1.,
           1., 1.],
          [0., 1., 0., 0., 0., 1., 0., 1., 0., 0., 0., 1., 1., 1., 1., 0., 0.,
           1., 1.],
          [1., 1., 0., 1., 1., 0., 1., 0., 1., 0., 1., 1., 1., 1., 1., 0., 1.,
           0., 0.],
          [0., 0., 1., 1., 1., 1., 0., 0., 0., 1., 1., 1., 1., 0., 1., 1., 0.,
           0., 1.],
          [1., 0., 1., 0., 0., 1., 0., 1., 1., 1., 1., 0., 1., 1., 0., 1., 1.,
           1., 1.],
          [0., 0., 1., 0., 0., 0., 0., 1., 0., 1., 1., 0., 1., 0., 1., 1., 0.,
           1., 0.]]]], device='cuda:0'), tensor([[0.7324]], device='cuda:0'))
2026-01-07 17:24:57 - INFO - [ 9.97818649e-01 -3.12934108e-02 -3.51794995e-04  1.13386661e-04
 -3.51785682e-04  1.13382936e-04  9.94513094e-01 -4.31172997e-02]
2026-01-07 17:24:57 - INFO - {'S11_real': np.float32(0.99781865), 'S11_imag': np.float32(-0.03129341), 'S21_real': np.float32(-0.000351795), 'S21_imag': np.float32(0.00011338666), 'S12_real': np.float32(-0.00035178568), 'S12_imag': np.float32(0.000113382936), 'S22_real': np.float32(0.9945131), 'S22_imag': np.float32(-0.0431173)}
2026-01-07 17:24:57 - INFO - (tensor([[[[1., 1., 0., 0., 0., 1., 0., 0., 0., 0., 1., 1., 1., 1., 1., 1., 0.,
           1., 0.],
          [0., 0., 0., 1., 1., 1., 0., 1., 1., 1., 1., 1., 1., 0., 0., 1., 0.,
           0., 1.],
          [0., 1., 0., 1., 0., 0., 0., 0., 1., 0., 1., 1., 0., 0., 1., 0., 1.,
           0., 1.],
          [0., 0., 1., 1., 1., 0., 0., 0., 0., 1., 1., 0., 0., 0., 1., 1., 0.,
           1., 0.],
          [0., 1., 1., 1., 1., 0., 1., 1., 1., 1., 0., 0., 1., 1., 0., 0., 1.,
           0., 0.],
          [0., 0., 1., 0., 0., 1., 1., 1., 0., 1., 0., 1., 0., 1., 1., 0., 1.,
           1., 1.],
          [1., 1., 0., 0., 1., 1., 0., 0., 1., 0., 1., 1., 1., 1., 0., 0., 0.,
           1., 0.],
          [1., 1., 0., 1., 1., 1., 0., 1., 0., 1., 0., 1., 0., 0., 1., 1., 1.,
           1., 0.],
          [1., 0., 1., 0., 0., 0., 1., 1., 0., 0., 0., 0., 0., 1., 0., 1., 1.,
           1., 0.],
          [1., 0., 0., 1., 1., 1., 0., 0., 0., 0., 0., 0., 1., 1., 0., 1., 1.,
           1., 1.],
          [0., 1., 0., 0., 1., 0., 1., 0., 0., 1., 1., 0., 1., 0., 1., 0., 0.,
           0., 0.],
          [0., 1., 0., 1., 1., 0., 0., 1., 0., 0., 1., 1., 1., 1., 1., 1., 0.,
           1., 1.],
          [0., 0., 0., 0., 0., 0., 1., 0., 0., 0., 0., 1., 0., 0., 1., 1., 1.,
           0., 1.],
          [1., 1., 0., 0., 1., 0., 0., 0., 0., 0., 1., 1., 1., 1., 0., 1., 1.,
           0., 0.],
          [0., 0., 1., 0., 0., 0., 0., 0., 0., 1., 1., 1., 0., 0., 1., 1., 1.,
           1., 0.],
          [1., 0., 0., 0., 1., 1., 1., 0., 0., 1., 0., 1., 0., 0., 0., 0., 0.,
           0., 0.],
          [1., 0., 0., 1., 1., 1., 1., 0., 0., 1., 0., 1., 0., 0., 0., 0., 0.,
           1., 0.],
          [0., 0., 0., 0., 1., 0., 1., 0., 0., 1., 0., 0., 1., 0., 1., 1., 1.,
           0., 0.],
          [1., 0., 1., 0., 1., 0., 1., 0., 1., 0., 1., 0., 0., 1., 0., 0., 0.,
           0., 1.]]]], device='cuda:0'), tensor([[0.7324]], device='cuda:0'))
2026-01-07 17:24:57 - INFO - [ 0.962895   -0.16082087  0.02203438  0.05584954  0.02203437  0.05584956
  0.8003951  -0.35957405]
2026-01-07 17:24:57 - INFO - {'S11_real': np.float32(0.962895), 'S11_imag': np.float32(-0.16082087), 'S21_real': np.float32(0.022034379), 'S21_imag': np.float32(0.055849545), 'S12_real': np.float32(0.022034375), 'S12_imag': np.float32(0.055849556), 'S22_real': np.float32(0.8003951), 'S22_imag': np.float32(-0.35957405)}
2026-01-07 17:24:57 - INFO - (tensor([[[[0., 0., 1., 0., 1., 0., 1., 0., 1., 1., 1., 0., 1., 0., 1., 1., 1.,
           0., 0.],
          [1., 1., 1., 1., 1., 1., 1., 1., 0., 1., 0., 1., 0., 0., 1., 0., 0.,
           1., 1.],
          [1., 0., 1., 0., 1., 1., 0., 0., 0., 1., 1., 1., 0., 0., 0., 0., 1.,
           0., 0.],
          [1., 1., 0., 0., 0., 0., 0., 0., 1., 1., 1., 1., 0., 0., 0., 0., 1.,
           0., 0.],
          [0., 0., 1., 0., 1., 0., 0., 0., 1., 0., 0., 0., 1., 1., 0., 1., 0.,
           0., 1.],
          [0., 0., 1., 1., 1., 1., 0., 0., 0., 0., 0., 0., 0., 0., 1., 0., 0.,
           0., 0.],
          [0., 1., 1., 1., 0., 0., 0., 0., 1., 1., 0., 0., 1., 1., 1., 1., 1.,
           1., 1.],
          [0., 0., 1., 0., 1., 0., 1., 0., 1., 0., 0., 1., 1., 1., 0., 0., 0.,
           0., 1.],
          [1., 0., 1., 1., 1., 1., 0., 1., 1., 1., 0., 1., 0., 0., 1., 1., 0.,
           0., 0.],
          [1., 1., 0., 1., 1., 0., 1., 0., 0., 0., 1., 1., 0., 1., 1., 1., 1.,
           1., 1.],
          [1., 1., 0., 1., 1., 1., 0., 1., 1., 0., 0., 1., 0., 0., 0., 1., 1.,
           0., 0.],
          [0., 0., 1., 0., 1., 0., 1., 1., 0., 1., 1., 1., 0., 1., 1., 0., 0.,
           1., 1.],
          [0., 0., 1., 1., 0., 0., 1., 1., 0., 1., 1., 1., 1., 0., 0., 1., 1.,
           1., 1.],
          [0., 1., 1., 0., 0., 1., 0., 0., 1., 1., 0., 1., 0., 0., 0., 1., 1.,
           0., 0.],
          [1., 0., 0., 1., 1., 1., 1., 0., 1., 1., 0., 0., 0., 1., 0., 1., 0.,
           1., 0.],
          [1., 1., 0., 0., 1., 0., 1., 1., 1., 0., 1., 1., 1., 1., 0., 0., 1.,
           0., 0.],
          [1., 0., 0., 0., 0., 0., 0., 1., 0., 1., 1., 1., 0., 0., 1., 1., 1.,
           0., 0.],
          [0., 1., 0., 0., 1., 0., 1., 0., 1., 0., 1., 0., 1., 1., 0., 0., 1.,
           0., 1.],
          [1., 0., 0., 0., 1., 1., 0., 1., 1., 0., 1., 1., 1., 0., 0., 1., 0.,
           1., 0.]]]], device='cuda:0'), tensor([[0.7324]], device='cuda:0'))
2026-01-07 17:24:57 - INFO - [-0.0109582  -0.01803398  0.9031121  -0.21367751  0.9031121  -0.21367751
 -0.01579523 -0.02674532]
2026-01-07 17:24:57 - INFO - {'S11_real': np.float32(-0.010958196), 'S11_imag': np.float32(-0.018033981), 'S21_real': np.float32(0.9031121), 'S21_imag': np.float32(-0.21367751), 'S12_real': np.float32(0.9031121), 'S12_imag': np.float32(-0.21367751), 'S22_real': np.float32(-0.015795233), 'S22_imag': np.float32(-0.026745318)}
2026-01-07 17:24:57 - INFO - (tensor([[[[1., 1., 1., 1., 0., 1., 1., 0., 0., 1., 1., 0., 1., 1., 1., 1., 1.,
           1., 1.],
          [1., 1., 0., 0., 0., 1., 1., 1., 0., 0., 1., 0., 0., 1., 1., 0., 1.,
           0., 0.],
          [0., 1., 0., 0., 1., 1., 0., 1., 1., 0., 1., 0., 1., 1., 0., 0., 1.,
           1., 1.],
          [0., 1., 0., 1., 1., 1., 1., 1., 0., 0., 0., 1., 0., 0., 1., 1., 0.,
           0., 0.],
          [0., 0., 0., 0., 1., 0., 1., 1., 1., 0., 0., 1., 0., 0., 1., 0., 1.,
           1., 1.],
          [1., 0., 1., 0., 0., 0., 0., 1., 1., 1., 1., 1., 0., 1., 0., 0., 1.,
           0., 0.],
          [1., 1., 1., 0., 1., 1., 0., 1., 0., 0., 1., 0., 0., 1., 1., 1., 0.,
           0., 1.],
          [1., 1., 0., 1., 0., 1., 0., 0., 1., 0., 0., 1., 1., 0., 0., 0., 1.,
           0., 0.],
          [1., 1., 1., 1., 1., 0., 0., 0., 1., 1., 1., 0., 1., 1., 1., 0., 1.,
           1., 0.],
          [1., 1., 1., 0., 1., 1., 0., 0., 1., 0., 1., 0., 1., 1., 1., 0., 0.,
           1., 1.],
          [1., 1., 0., 0., 1., 0., 0., 0., 1., 1., 0., 0., 1., 1., 1., 0., 0.,
           0., 1.],
          [1., 1., 1., 1., 0., 0., 0., 1., 0., 1., 0., 0., 1., 0., 0., 0., 0.,
           0., 0.],
          [0., 1., 0., 1., 0., 1., 1., 0., 1., 1., 0., 1., 0., 1., 1., 1., 1.,
           0., 0.],
          [0., 0., 0., 1., 0., 1., 0., 0., 0., 0., 1., 0., 1., 1., 0., 1., 1.,
           0., 1.],
          [0., 0., 1., 1., 1., 1., 1., 1., 1., 0., 0., 0., 1., 1., 1., 0., 0.,
           0., 1.],
          [0., 0., 1., 0., 0., 0., 1., 0., 1., 1., 0., 0., 1., 1., 1., 1., 1.,
           0., 1.],
          [0., 1., 0., 1., 0., 0., 1., 1., 0., 0., 0., 1., 1., 1., 1., 0., 1.,
           1., 1.],
          [1., 1., 0., 1., 0., 1., 1., 1., 1., 0., 0., 1., 0., 0., 1., 0., 0.,
           1., 1.],
          [0., 1., 1., 1., 0., 1., 1., 0., 0., 0., 0., 0., 1., 0., 1., 0., 1.,
           1., 0.]]]], device='cuda:0'), tensor([[0.7324]], device='cuda:0'))
2026-01-07 17:24:57 - INFO - [ 8.5152698e-01 -2.9671454e-01  8.9279073e-04  1.6087601e-02
  8.9279446e-04  1.6087608e-02  9.8908180e-01 -6.6183567e-02]
2026-01-07 17:24:57 - INFO - {'S11_real': np.float32(0.851527), 'S11_imag': np.float32(-0.29671454), 'S21_real': np.float32(0.00089279073), 'S21_imag': np.float32(0.016087601), 'S12_real': np.float32(0.00089279446), 'S12_imag': np.float32(0.016087608), 'S22_real': np.float32(0.9890818), 'S22_imag': np.float32(-0.06618357)}
2026-01-07 17:24:57 - INFO - (tensor([[[[0., 0., 0., 0., 0., 1., 1., 1., 1., 1., 0., 0., 1., 1., 0., 0., 0.,
           0., 1.],
          [1., 0., 0., 1., 1., 1., 0., 1., 0., 0., 0., 1., 1., 0., 1., 0., 1.,
           0., 0.],
          [1., 1., 0., 1., 0., 0., 0., 0., 0., 0., 0., 0., 1., 1., 0., 0., 0.,
           1., 0.],
          [0., 0., 1., 1., 1., 0., 0., 1., 0., 1., 1., 0., 0., 0., 0., 1., 1.,
           1., 1.],
          [1., 1., 0., 1., 0., 0., 1., 1., 0., 0., 1., 1., 0., 1., 1., 1., 1.,
           1., 0.],
          [1., 1., 0., 0., 1., 1., 0., 1., 1., 1., 0., 1., 1., 0., 1., 1., 1.,
           1., 0.],
          [0., 1., 1., 1., 1., 0., 0., 0., 1., 1., 1., 0., 0., 0., 0., 0., 1.,
           1., 1.],
          [0., 1., 1., 0., 0., 0., 1., 0., 1., 1., 0., 1., 0., 0., 1., 1., 1.,
           0., 1.],
          [0., 0., 1., 1., 1., 1., 0., 1., 0., 1., 1., 1., 0., 1., 0., 1., 1.,
           0., 0.],
          [1., 1., 0., 1., 0., 1., 0., 0., 0., 0., 0., 1., 1., 1., 1., 1., 1.,
           1., 1.],
          [1., 0., 0., 1., 0., 1., 0., 0., 0., 1., 1., 1., 1., 0., 1., 0., 1.,
           0., 0.],
          [0., 0., 1., 1., 0., 1., 1., 0., 1., 1., 1., 0., 1., 0., 0., 0., 1.,
           1., 1.],
          [0., 1., 0., 1., 0., 1., 1., 1., 0., 0., 1., 0., 0., 0., 1., 1., 1.,
           0., 1.],
          [0., 0., 1., 1., 1., 0., 0., 1., 0., 1., 1., 1., 1., 1., 1., 0., 0.,
           1., 1.],
          [0., 0., 1., 1., 0., 1., 0., 1., 0., 1., 1., 1., 0., 1., 0., 0., 0.,
           0., 1.],
          [1., 1., 0., 1., 0., 0., 0., 1., 0., 1., 1., 1., 0., 1., 0., 0., 0.,
           0., 1.],
          [1., 1., 1., 0., 0., 0., 0., 1., 1., 0., 0., 0., 0., 1., 0., 1., 1.,
           0., 0.],
          [1., 1., 0., 1., 0., 0., 1., 1., 0., 0., 1., 1., 1., 1., 0., 0., 0.,
           1., 1.],
          [0., 1., 1., 1., 1., 1., 1., 0., 0., 0., 0., 1., 0., 0., 0., 0., 1.,
           1., 0.]]]], device='cuda:0'), tensor([[0.7324]], device='cuda:0'))
2026-01-07 17:24:57 - INFO - [ 0.6596025  -0.01193699  0.814942   -0.15695864  0.8149421  -0.15695862
  0.2134195  -0.14189133]
2026-01-07 17:24:57 - INFO - {'S11_real': np.float32(0.6596025), 'S11_imag': np.float32(-0.0119369915), 'S21_real': np.float32(0.814942), 'S21_imag': np.float32(-0.15695864), 'S12_real': np.float32(0.8149421), 'S12_imag': np.float32(-0.15695862), 'S22_real': np.float32(0.2134195), 'S22_imag': np.float32(-0.14189133)}
2026-01-07 17:24:57 - INFO - (tensor([[[[0., 1., 1., 0., 1., 1., 0., 1., 0., 0., 1., 1., 1., 1., 1., 1., 0.,
           1., 0.],
          [1., 1., 1., 1., 1., 0., 0., 0., 1., 1., 1., 0., 0., 1., 0., 1., 1.,
           0., 0.],
          [0., 0., 1., 1., 0., 0., 0., 0., 1., 1., 1., 1., 1., 1., 1., 0., 1.,
           0., 0.],
          [0., 1., 1., 1., 1., 0., 1., 0., 1., 1., 0., 0., 0., 1., 1., 0., 1.,
           0., 1.],
          [0., 0., 1., 0., 1., 1., 0., 0., 1., 1., 0., 0., 0., 1., 1., 1., 0.,
           0., 1.],
          [1., 0., 1., 0., 0., 0., 1., 1., 0., 0., 1., 0., 1., 1., 1., 0., 0.,
           0., 0.],
          [1., 0., 1., 0., 0., 0., 0., 0., 1., 0., 0., 0., 0., 0., 1., 0., 1.,
           0., 1.],
          [0., 0., 1., 0., 1., 0., 1., 1., 1., 0., 1., 0., 1., 1., 1., 0., 0.,
           0., 1.],
          [0., 0., 1., 1., 0., 0., 0., 1., 1., 1., 1., 1., 0., 0., 0., 1., 1.,
           0., 0.],
          [1., 1., 1., 1., 1., 1., 0., 0., 1., 1., 0., 1., 1., 0., 1., 1., 0.,
           1., 1.],
          [0., 0., 1., 0., 0., 1., 0., 1., 0., 0., 1., 1., 1., 0., 1., 1., 0.,
           0., 0.],
          [1., 0., 0., 1., 0., 0., 1., 0., 1., 1., 1., 1., 1., 0., 1., 1., 1.,
           1., 0.],
          [0., 0., 1., 0., 0., 1., 1., 0., 0., 0., 0., 1., 1., 1., 1., 1., 0.,
           1., 1.],
          [0., 1., 0., 1., 1., 1., 0., 1., 0., 1., 1., 0., 0., 1., 0., 1., 1.,
           0., 0.],
          [0., 1., 0., 1., 0., 0., 0., 0., 0., 1., 0., 0., 1., 1., 1., 1., 0.,
           0., 1.],
          [0., 1., 1., 0., 0., 1., 0., 1., 1., 1., 1., 0., 1., 1., 1., 0., 1.,
           1., 0.],
          [1., 1., 1., 1., 0., 0., 0., 1., 0., 0., 1., 0., 0., 0., 1., 1., 0.,
           0., 1.],
          [1., 1., 1., 0., 1., 0., 1., 1., 1., 1., 0., 0., 0., 1., 0., 1., 1.,
           0., 1.],
          [1., 0., 1., 1., 0., 0., 1., 0., 1., 0., 1., 0., 0., 1., 0., 0., 1.,
           0., 0.]]]], device='cuda:0'), tensor([[0.7324]], device='cuda:0'))
2026-01-07 17:24:57 - INFO - [ 0.6783705  -0.4380894   0.01010389  0.03869054  0.01010389  0.03869054
  0.9936217  -0.05863181]
2026-01-07 17:24:57 - INFO - {'S11_real': np.float32(0.6783705), 'S11_imag': np.float32(-0.4380894), 'S21_real': np.float32(0.010103891), 'S21_imag': np.float32(0.038690537), 'S12_real': np.float32(0.010103885), 'S12_imag': np.float32(0.03869054), 'S22_real': np.float32(0.9936217), 'S22_imag': np.float32(-0.058631808)}
2026-01-07 17:24:57 - INFO - (tensor([[[[0., 1., 0., 1., 1., 0., 1., 1., 1., 1., 0., 0., 0., 1., 1., 0., 1.,
           0., 1.],
          [0., 0., 0., 1., 0., 1., 1., 0., 0., 1., 1., 0., 0., 1., 0., 0., 0.,
           0., 1.],
          [1., 0., 0., 1., 1., 1., 1., 1., 0., 0., 1., 1., 0., 1., 1., 0., 0.,
           0., 0.],
          [1., 0., 1., 1., 1., 1., 0., 1., 1., 1., 0., 0., 0., 0., 0., 1., 0.,
           1., 0.],
          [1., 0., 1., 0., 1., 1., 1., 1., 1., 1., 0., 0., 1., 1., 1., 1., 1.,
           1., 1.],
          [0., 1., 1., 0., 0., 1., 0., 0., 0., 1., 1., 0., 1., 1., 1., 0., 0.,
           0., 0.],
          [1., 1., 1., 0., 0., 1., 0., 0., 1., 0., 0., 1., 0., 1., 1., 0., 1.,
           0., 0.],
          [0., 0., 0., 0., 0., 0., 0., 1., 1., 0., 0., 0., 1., 1., 0., 0., 0.,
           1., 0.],
          [1., 1., 0., 1., 0., 1., 1., 0., 0., 1., 1., 1., 0., 0., 0., 0., 1.,
           1., 1.],
          [1., 1., 0., 0., 1., 1., 1., 1., 1., 1., 1., 1., 0., 1., 1., 0., 0.,
           1., 1.],
          [0., 1., 0., 1., 1., 1., 0., 0., 1., 1., 0., 1., 0., 0., 0., 0., 0.,
           0., 1.],
          [1., 0., 0., 1., 1., 1., 1., 1., 1., 1., 1., 0., 1., 0., 1., 1., 1.,
           1., 1.],
          [0., 1., 0., 0., 1., 0., 1., 1., 1., 0., 1., 0., 1., 1., 0., 0., 0.,
           0., 0.],
          [0., 1., 0., 1., 1., 1., 1., 1., 0., 1., 1., 1., 0., 0., 0., 0., 1.,
           0., 1.],
          [0., 0., 0., 0., 1., 0., 1., 1., 1., 1., 1., 1., 1., 0., 1., 0., 0.,
           1., 1.],
          [0., 0., 1., 1., 0., 0., 1., 0., 0., 1., 0., 1., 1., 1., 0., 1., 0.,
           1., 1.],
          [0., 0., 0., 1., 0., 1., 0., 1., 1., 1., 1., 0., 0., 1., 1., 0., 0.,
           0., 0.],
          [0., 0., 1., 0., 0., 1., 0., 0., 0., 1., 0., 1., 0., 1., 0., 0., 0.,
           1., 0.],
          [0., 1., 1., 1., 0., 1., 0., 1., 1., 0., 0., 0., 0., 1., 1., 1., 0.,
           0., 1.]]]], device='cuda:0'), tensor([[0.7324]], device='cuda:0'))
2026-01-07 17:24:57 - INFO - [ 0.9889601  -0.07228204 -0.00126167  0.00712877 -0.00126167  0.00712877
  0.97858644 -0.11097257]
2026-01-07 17:24:57 - INFO - {'S11_real': np.float32(0.9889601), 'S11_imag': np.float32(-0.07228204), 'S21_real': np.float32(-0.0012616704), 'S21_imag': np.float32(0.00712877), 'S12_real': np.float32(-0.0012616685), 'S12_imag': np.float32(0.0071287737), 'S22_real': np.float32(0.97858644), 'S22_imag': np.float32(-0.11097257)}
2026-01-07 17:24:57 - INFO - (tensor([[[[1., 0., 1., 1., 1., 0., 1., 0., 1., 0., 1., 1., 1., 0., 1., 1., 0.,
           0., 1.],
          [1., 1., 1., 1., 0., 1., 0., 0., 1., 0., 1., 0., 0., 1., 1., 0., 1.,
           1., 0.],
          [0., 0., 1., 1., 1., 0., 1., 0., 0., 0., 0., 0., 0., 0., 1., 0., 1.,
           1., 1.],
          [1., 1., 0., 1., 1., 1., 0., 1., 1., 1., 1., 0., 1., 0., 0., 1., 1.,
           0., 1.],
          [1., 1., 0., 0., 1., 1., 0., 0., 0., 0., 0., 0., 0., 1., 0., 0., 1.,
           1., 1.],
          [0., 0., 1., 1., 1., 0., 1., 0., 0., 0., 0., 1., 1., 1., 0., 1., 0.,
           0., 0.],
          [1., 0., 0., 1., 1., 1., 0., 0., 1., 0., 0., 1., 1., 1., 1., 1., 1.,
           1., 1.],
          [0., 0., 0., 0., 0., 0., 0., 0., 0., 0., 0., 1., 0., 1., 0., 1., 0.,
           1., 0.],
          [1., 0., 1., 0., 1., 1., 1., 1., 1., 1., 1., 1., 0., 0., 0., 1., 1.,
           0., 0.],
          [1., 1., 0., 1., 0., 1., 0., 0., 1., 0., 1., 1., 1., 1., 1., 0., 1.,
           1., 1.],
          [1., 0., 1., 0., 1., 1., 1., 1., 1., 0., 0., 1., 0., 1., 1., 1., 0.,
           1., 0.],
          [1., 1., 0., 1., 0., 1., 1., 1., 0., 1., 0., 1., 1., 0., 1., 1., 0.,
           0., 0.],
          [1., 0., 0., 1., 0., 0., 1., 0., 1., 0., 0., 1., 0., 1., 0., 0., 1.,
           1., 0.],
          [0., 0., 1., 1., 0., 0., 0., 1., 0., 1., 1., 0., 1., 1., 0., 0., 0.,
           0., 0.],
          [0., 0., 1., 0., 0., 0., 0., 0., 0., 1., 0., 1., 0., 1., 1., 1., 0.,
           0., 0.],
          [0., 0., 0., 1., 1., 1., 0., 0., 1., 0., 0., 0., 1., 1., 0., 1., 1.,
           0., 0.],
          [1., 1., 0., 0., 0., 1., 1., 0., 0., 0., 0., 1., 0., 0., 1., 0., 1.,
           1., 1.],
          [0., 1., 0., 1., 1., 1., 0., 0., 1., 0., 1., 1., 1., 1., 0., 1., 0.,
           1., 1.],
          [1., 1., 1., 0., 0., 1., 0., 0., 1., 1., 1., 1., 0., 0., 0., 0., 1.,
           1., 1.]]]], device='cuda:0'), tensor([[0.7324]], device='cuda:0'))
2026-01-07 17:24:57 - INFO - [-0.03015048  0.02683368  0.93027174 -0.22387077  0.93027174 -0.22387077
 -0.0272178   0.02515894]
2026-01-07 17:24:57 - INFO - {'S11_real': np.float32(-0.03015048), 'S11_imag': np.float32(0.026833681), 'S21_real': np.float32(0.93027174), 'S21_imag': np.float32(-0.22387077), 'S12_real': np.float32(0.93027174), 'S12_imag': np.float32(-0.22387077), 'S22_real': np.float32(-0.027217798), 'S22_imag': np.float32(0.025158936)}
2026-01-07 17:24:57 - INFO - (tensor([[[[1., 0., 0., 1., 0., 0., 1., 0., 1., 0., 0., 1., 1., 1., 0., 1., 0.,
           1., 0.],
          [1., 1., 0., 0., 1., 0., 1., 0., 0., 1., 1., 0., 0., 0., 0., 1., 1.,
           0., 1.],
          [0., 0., 0., 1., 0., 1., 1., 0., 1., 0., 0., 1., 0., 1., 1., 1., 0.,
           1., 0.],
          [0., 1., 1., 0., 1., 1., 1., 0., 1., 0., 0., 1., 1., 0., 0., 1., 0.,
           1., 0.],
          [1., 0., 1., 1., 0., 1., 0., 0., 0., 0., 1., 0., 0., 0., 1., 0., 1.,
           1., 0.],
          [1., 0., 1., 1., 0., 1., 0., 1., 0., 0., 0., 0., 1., 0., 0., 0., 0.,
           1., 0.],
          [1., 0., 0., 0., 0., 0., 0., 1., 1., 0., 0., 0., 1., 0., 1., 1., 1.,
           1., 1.],
          [0., 1., 1., 0., 0., 1., 0., 0., 0., 1., 1., 0., 0., 1., 1., 0., 1.,
           1., 0.],
          [0., 1., 1., 1., 0., 0., 0., 0., 1., 0., 0., 1., 0., 1., 0., 1., 1.,
           1., 0.],
          [1., 0., 0., 0., 0., 0., 0., 1., 1., 0., 0., 0., 0., 0., 1., 1., 0.,
           0., 1.],
          [0., 0., 0., 1., 1., 0., 1., 1., 0., 1., 1., 1., 1., 1., 1., 0., 0.,
           0., 1.],
          [0., 1., 1., 0., 1., 0., 1., 0., 0., 0., 0., 1., 0., 1., 0., 0., 0.,
           1., 0.],
          [0., 1., 0., 1., 0., 0., 0., 1., 0., 0., 0., 1., 1., 1., 1., 1., 1.,
           0., 0.],
          [0., 0., 0., 1., 1., 1., 0., 1., 0., 1., 0., 1., 0., 1., 0., 1., 0.,
           0., 0.],
          [0., 1., 1., 1., 0., 1., 0., 1., 0., 1., 0., 0., 1., 1., 1., 0., 0.,
           0., 1.],
          [0., 1., 0., 1., 0., 0., 1., 0., 0., 1., 0., 1., 1., 0., 0., 0., 1.,
           0., 1.],
          [0., 0., 1., 0., 0., 0., 0., 0., 1., 0., 1., 0., 0., 1., 0., 0., 1.,
           1., 0.],
          [1., 1., 1., 1., 0., 0., 1., 0., 1., 0., 0., 1., 1., 0., 0., 0., 1.,
           0., 1.],
          [1., 1., 0., 1., 0., 1., 0., 0., 1., 1., 0., 0., 1., 1., 0., 0., 1.,
           0., 1.]]]], device='cuda:0'), tensor([[0.7324]], device='cuda:0'))
2026-01-07 17:24:57 - INFO - [ 9.9780416e-01 -2.8828599e-02 -1.8616114e-04  7.6722451e-03
 -1.8616300e-04  7.6722377e-03  8.2024658e-01 -3.1829149e-01]
2026-01-07 17:24:57 - INFO - {'S11_real': np.float32(0.99780416), 'S11_imag': np.float32(-0.028828599), 'S21_real': np.float32(-0.00018616114), 'S21_imag': np.float32(0.007672245), 'S12_real': np.float32(-0.000186163), 'S12_imag': np.float32(0.0076722377), 'S22_real': np.float32(0.8202466), 'S22_imag': np.float32(-0.3182915)}
2026-01-07 17:24:57 - INFO - (tensor([[[[1., 1., 1., 0., 1., 1., 0., 0., 1., 1., 1., 1., 1., 1., 0., 0., 1.,
           0., 0.],
          [1., 0., 0., 1., 1., 1., 0., 1., 0., 1., 1., 1., 1., 0., 0., 1., 0.,
           1., 1.],
          [0., 0., 1., 1., 1., 0., 1., 1., 1., 1., 1., 1., 0., 1., 1., 0., 0.,
           1., 0.],
          [1., 0., 0., 1., 0., 1., 0., 1., 0., 1., 1., 1., 1., 0., 1., 0., 0.,
           1., 1.],
          [0., 0., 0., 1., 1., 0., 0., 0., 1., 0., 0., 0., 0., 1., 0., 1., 1.,
           0., 1.],
          [0., 0., 0., 0., 0., 1., 1., 0., 1., 0., 1., 1., 0., 1., 1., 1., 0.,
           1., 1.],
          [1., 1., 1., 1., 1., 1., 1., 0., 1., 1., 1., 1., 1., 0., 0., 0., 0.,
           1., 1.],
          [1., 0., 0., 0., 0., 1., 1., 0., 1., 0., 0., 0., 0., 1., 1., 0., 0.,
           1., 1.],
          [0., 0., 0., 0., 0., 1., 1., 0., 0., 0., 0., 1., 1., 0., 1., 0., 0.,
           1., 0.],
          [1., 0., 0., 0., 0., 1., 0., 1., 1., 0., 1., 0., 1., 1., 0., 0., 1.,
           0., 1.],
          [1., 1., 0., 1., 0., 0., 1., 0., 1., 0., 0., 0., 1., 1., 0., 1., 1.,
           0., 1.],
          [1., 1., 0., 0., 1., 0., 1., 0., 1., 0., 1., 0., 1., 0., 0., 0., 1.,
           1., 1.],
          [0., 1., 0., 0., 0., 1., 0., 1., 1., 0., 1., 0., 0., 1., 0., 0., 0.,
           1., 1.],
          [1., 0., 0., 1., 1., 1., 1., 1., 0., 1., 0., 0., 0., 0., 1., 0., 1.,
           0., 1.],
          [1., 0., 1., 0., 1., 0., 0., 1., 1., 0., 0., 1., 0., 0., 0., 1., 0.,
           0., 1.],
          [0., 0., 0., 0., 1., 0., 0., 0., 0., 0., 1., 1., 0., 0., 1., 1., 1.,
           0., 0.],
          [0., 0., 0., 0., 1., 1., 0., 0., 0., 1., 1., 1., 1., 0., 1., 1., 0.,
           0., 0.],
          [1., 0., 1., 1., 1., 1., 0., 0., 1., 0., 1., 1., 0., 0., 1., 0., 1.,
           0., 1.],
          [1., 0., 0., 1., 0., 0., 1., 1., 0., 0., 1., 1., 1., 1., 1., 1., 1.,
           1., 0.]]]], device='cuda:0'), tensor([[0.7324]], device='cuda:0'))
2026-01-07 17:24:57 - INFO - [ 0.986165   -0.08091483  0.0094071   0.03730119  0.00940711  0.0373012
  0.70317626 -0.42187726]
2026-01-07 17:24:57 - INFO - {'S11_real': np.float32(0.986165), 'S11_imag': np.float32(-0.080914825), 'S21_real': np.float32(0.0094071), 'S21_imag': np.float32(0.037301194), 'S12_real': np.float32(0.009407106), 'S12_imag': np.float32(0.037301198), 'S22_real': np.float32(0.70317626), 'S22_imag': np.float32(-0.42187726)}
2026-01-07 17:24:57 - INFO - (tensor([[[[0., 0., 1., 0., 1., 0., 1., 1., 0., 1., 0., 0., 0., 0., 0., 0., 0.,
           0., 0.],
          [1., 1., 0., 1., 1., 0., 0., 1., 0., 0., 0., 1., 0., 1., 0., 0., 1.,
           0., 1.],
          [1., 0., 0., 1., 1., 0., 0., 0., 0., 0., 1., 1., 1., 1., 0., 1., 0.,
           0., 0.],
          [0., 0., 1., 0., 0., 0., 1., 0., 0., 0., 1., 0., 1., 1., 0., 1., 1.,
           0., 0.],
          [0., 0., 1., 1., 0., 0., 0., 1., 0., 1., 1., 1., 1., 0., 0., 0., 1.,
           1., 0.],
          [1., 1., 1., 0., 0., 0., 1., 0., 0., 0., 1., 1., 1., 1., 1., 0., 0.,
           1., 1.],
          [0., 1., 1., 1., 1., 1., 0., 0., 1., 1., 0., 1., 0., 1., 0., 0., 1.,
           1., 0.],
          [1., 0., 1., 1., 1., 0., 0., 1., 0., 1., 0., 1., 0., 0., 0., 0., 0.,
           0., 1.],
          [1., 0., 1., 0., 1., 1., 1., 1., 0., 1., 1., 1., 0., 1., 0., 0., 1.,
           0., 1.],
          [1., 1., 1., 1., 1., 1., 0., 0., 1., 1., 0., 1., 0., 0., 1., 1., 0.,
           0., 1.],
          [1., 0., 0., 0., 1., 1., 1., 0., 0., 1., 0., 0., 0., 0., 0., 1., 1.,
           1., 1.],
          [1., 0., 0., 0., 1., 0., 0., 0., 1., 0., 0., 1., 1., 0., 1., 0., 1.,
           0., 0.],
          [1., 1., 1., 1., 0., 1., 0., 0., 0., 1., 0., 0., 1., 0., 0., 0., 1.,
           0., 0.],
          [0., 1., 1., 1., 0., 0., 0., 0., 0., 1., 0., 0., 1., 1., 0., 1., 1.,
           1., 0.],
          [1., 0., 1., 0., 0., 0., 1., 1., 1., 0., 1., 1., 0., 1., 0., 1., 0.,
           0., 1.],
          [0., 1., 1., 1., 1., 0., 0., 0., 1., 1., 0., 0., 1., 1., 1., 0., 1.,
           0., 1.],
          [0., 1., 0., 0., 0., 1., 0., 0., 1., 0., 0., 1., 0., 1., 0., 1., 0.,
           0., 0.],
          [1., 0., 0., 1., 1., 1., 0., 0., 0., 1., 1., 0., 0., 1., 1., 1., 0.,
           1., 1.],
          [1., 1., 0., 1., 0., 0., 1., 1., 0., 1., 0., 1., 0., 0., 0., 1., 0.,
           0., 1.]]]], device='cuda:0'), tensor([[0.7324]], device='cuda:0'))
2026-01-07 17:24:57 - INFO - [ 0.7821095  -0.37332666  0.03556719  0.08945615  0.03556719  0.08945613
  0.91189396 -0.24413763]
2026-01-07 17:24:57 - INFO - {'S11_real': np.float32(0.7821095), 'S11_imag': np.float32(-0.37332666), 'S21_real': np.float32(0.035567194), 'S21_imag': np.float32(0.08945615), 'S12_real': np.float32(0.035567194), 'S12_imag': np.float32(0.08945613), 'S22_real': np.float32(0.91189396), 'S22_imag': np.float32(-0.24413763)}
2026-01-07 17:24:57 - INFO - (tensor([[[[1., 0., 0., 1., 0., 1., 1., 1., 0., 1., 0., 0., 1., 1., 1., 1., 0.,
           0., 1.],
          [0., 1., 0., 0., 0., 1., 0., 0., 0., 0., 1., 0., 1., 1., 0., 0., 1.,
           1., 1.],
          [0., 0., 1., 1., 1., 0., 0., 1., 0., 1., 0., 1., 0., 0., 0., 0., 0.,
           0., 0.],
          [1., 1., 1., 0., 0., 0., 1., 1., 1., 1., 1., 1., 0., 1., 0., 1., 1.,
           0., 0.],
          [0., 1., 1., 0., 1., 0., 1., 1., 1., 0., 1., 0., 0., 0., 0., 0., 0.,
           0., 0.],
          [0., 1., 0., 1., 0., 1., 1., 1., 1., 1., 1., 0., 0., 0., 0., 0., 0.,
           1., 0.],
          [1., 1., 1., 1., 1., 1., 0., 1., 1., 0., 0., 0., 0., 0., 0., 0., 1.,
           0., 1.],
          [0., 0., 1., 0., 0., 0., 0., 0., 0., 0., 1., 0., 1., 1., 1., 1., 1.,
           1., 1.],
          [0., 0., 0., 1., 0., 1., 1., 0., 1., 1., 0., 1., 0., 1., 1., 0., 0.,
           0., 1.],
          [1., 0., 0., 0., 1., 1., 0., 0., 0., 1., 0., 0., 0., 1., 1., 0., 1.,
           0., 1.],
          [0., 0., 1., 0., 0., 1., 0., 1., 0., 0., 0., 0., 1., 0., 1., 1., 1.,
           0., 1.],
          [1., 1., 0., 0., 1., 1., 0., 1., 1., 1., 0., 1., 1., 0., 1., 0., 0.,
           0., 1.],
          [1., 1., 1., 1., 1., 1., 1., 0., 1., 1., 0., 1., 0., 1., 1., 0., 0.,
           1., 0.],
          [1., 1., 1., 1., 1., 1., 0., 0., 0., 1., 0., 1., 0., 1., 1., 1., 1.,
           1., 0.],
          [1., 0., 1., 1., 1., 0., 1., 0., 1., 0., 0., 0., 1., 1., 0., 1., 1.,
           1., 0.],
          [0., 1., 0., 1., 1., 0., 0., 1., 1., 1., 0., 0., 1., 1., 0., 1., 0.,
           0., 1.],
          [1., 0., 1., 0., 0., 0., 1., 1., 1., 0., 0., 0., 0., 1., 1., 1., 0.,
           0., 1.],
          [0., 1., 0., 0., 0., 0., 0., 1., 1., 1., 0., 1., 1., 0., 0., 1., 1.,
           1., 1.],
          [1., 0., 1., 1., 1., 1., 1., 1., 0., 0., 0., 1., 1., 0., 1., 1., 1.,
           0., 0.]]]], device='cuda:0'), tensor([[0.7324]], device='cuda:0'))
2026-01-07 17:24:57 - INFO - [ 9.9704200e-01 -2.9898696e-02 -5.6886015e-04  5.6676297e-03
 -5.6886201e-04  5.6676259e-03  8.8630033e-01 -2.4696682e-01]
2026-01-07 17:24:57 - INFO - {'S11_real': np.float32(0.997042), 'S11_imag': np.float32(-0.029898696), 'S21_real': np.float32(-0.00056886015), 'S21_imag': np.float32(0.0056676297), 'S12_real': np.float32(-0.000568862), 'S12_imag': np.float32(0.005667626), 'S22_real': np.float32(0.8863003), 'S22_imag': np.float32(-0.24696682)}
2026-01-07 17:24:57 - INFO - (tensor([[[[0., 1., 0., 0., 0., 1., 0., 0., 1., 0., 1., 1., 0., 0., 0., 1., 0.,
           0., 0.],
          [1., 1., 1., 0., 0., 1., 0., 0., 1., 1., 1., 0., 0., 0., 1., 1., 0.,
           1., 1.],
          [0., 1., 0., 1., 0., 1., 0., 1., 1., 1., 1., 1., 0., 0., 0., 1., 0.,
           1., 1.],
          [0., 0., 1., 1., 0., 0., 1., 1., 0., 1., 1., 0., 0., 1., 1., 0., 1.,
           0., 1.],
          [0., 1., 1., 1., 0., 0., 0., 1., 1., 0., 0., 1., 1., 1., 1., 0., 0.,
           1., 1.],
          [1., 0., 0., 1., 1., 1., 1., 1., 1., 0., 0., 0., 1., 1., 1., 0., 1.,
           0., 1.],
          [1., 1., 0., 0., 0., 1., 0., 1., 1., 0., 0., 1., 1., 1., 1., 0., 0.,
           0., 1.],
          [1., 1., 0., 1., 1., 0., 0., 1., 0., 1., 0., 1., 0., 0., 0., 0., 1.,
           1., 0.],
          [1., 0., 0., 1., 1., 1., 1., 1., 1., 1., 0., 1., 0., 1., 1., 0., 0.,
           0., 0.],
          [1., 1., 0., 0., 1., 1., 0., 1., 1., 0., 0., 0., 0., 1., 0., 1., 1.,
           1., 1.],
          [0., 1., 0., 1., 0., 1., 1., 0., 0., 0., 0., 1., 1., 1., 1., 1., 0.,
           0., 1.],
          [0., 1., 1., 0., 1., 0., 1., 0., 1., 1., 0., 1., 1., 0., 0., 0., 1.,
           0., 0.],
          [0., 1., 0., 1., 1., 0., 1., 1., 1., 1., 1., 0., 0., 0., 1., 0., 1.,
           1., 1.],
          [1., 0., 1., 0., 0., 1., 0., 0., 0., 1., 1., 1., 0., 0., 1., 1., 0.,
           1., 1.],
          [0., 0., 1., 1., 1., 1., 0., 1., 1., 0., 0., 0., 0., 0., 0., 0., 1.,
           1., 0.],
          [1., 1., 0., 0., 0., 0., 0., 1., 1., 0., 0., 1., 1., 1., 0., 0., 1.,
           0., 1.],
          [0., 0., 1., 1., 0., 1., 0., 1., 1., 0., 0., 0., 1., 1., 0., 1., 0.,
           0., 0.],
          [0., 0., 1., 1., 0., 1., 0., 1., 1., 0., 1., 0., 1., 0., 0., 0., 0.,
           0., 0.],
          [1., 0., 1., 0., 1., 0., 0., 1., 0., 0., 0., 0., 1., 0., 1., 0., 0.,
           0., 0.]]]], device='cuda:0'), tensor([[0.7324]], device='cuda:0'))
2026-01-07 17:24:57 - INFO - [ 0.7407948  -0.25952905  0.3033149  -0.01719865  0.3033149  -0.01719864
  0.92772985 -0.09932408]
2026-01-07 17:24:57 - INFO - {'S11_real': np.float32(0.7407948), 'S11_imag': np.float32(-0.25952905), 'S21_real': np.float32(0.3033149), 'S21_imag': np.float32(-0.01719865), 'S12_real': np.float32(0.3033149), 'S12_imag': np.float32(-0.017198643), 'S22_real': np.float32(0.92772985), 'S22_imag': np.float32(-0.099324085)}
2026-01-07 17:24:57 - INFO - (tensor([[[[1., 0., 0., 0., 1., 1., 1., 1., 0., 0., 1., 0., 0., 1., 0., 1., 1.,
           1., 1.],
          [1., 1., 0., 0., 0., 1., 1., 1., 0., 0., 1., 1., 1., 1., 1., 0., 1.,
           1., 1.],
          [1., 0., 1., 1., 1., 0., 1., 0., 1., 1., 1., 1., 1., 1., 1., 1., 1.,
           0., 0.],
          [0., 0., 1., 1., 0., 0., 0., 0., 1., 0., 1., 1., 1., 0., 0., 1., 0.,
           0., 1.],
          [1., 0., 1., 0., 0., 1., 1., 0., 1., 0., 1., 0., 1., 0., 0., 1., 0.,
           0., 0.],
          [0., 0., 1., 0., 0., 0., 1., 1., 0., 0., 1., 1., 0., 1., 0., 0., 0.,
           1., 0.],
          [0., 1., 0., 0., 0., 1., 1., 0., 1., 0., 0., 1., 1., 0., 1., 1., 1.,
           0., 0.],
          [1., 0., 0., 1., 0., 1., 0., 0., 1., 0., 1., 0., 0., 0., 1., 0., 0.,
           1., 1.],
          [0., 1., 1., 1., 1., 0., 1., 0., 0., 0., 1., 1., 0., 0., 1., 1., 0.,
           1., 1.],
          [1., 1., 1., 0., 1., 0., 1., 0., 1., 0., 1., 1., 1., 0., 1., 0., 1.,
           1., 1.],
          [1., 1., 1., 0., 0., 1., 1., 1., 1., 1., 0., 1., 1., 0., 0., 0., 1.,
           1., 1.],
          [1., 1., 0., 1., 1., 1., 0., 1., 1., 1., 1., 0., 0., 0., 1., 0., 0.,
           1., 1.],
          [0., 0., 0., 0., 1., 1., 0., 0., 0., 1., 1., 1., 0., 1., 0., 0., 1.,
           0., 1.],
          [1., 0., 0., 1., 1., 1., 1., 1., 1., 1., 0., 1., 0., 0., 1., 1., 1.,
           1., 1.],
          [0., 0., 1., 1., 1., 1., 0., 0., 0., 1., 1., 1., 0., 0., 0., 1., 0.,
           1., 0.],
          [1., 1., 1., 1., 0., 0., 0., 1., 0., 1., 0., 0., 1., 1., 1., 0., 1.,
           0., 0.],
          [0., 1., 0., 1., 1., 0., 0., 0., 0., 1., 1., 1., 1., 1., 1., 1., 1.,
           1., 0.],
          [0., 1., 1., 0., 0., 0., 1., 0., 0., 0., 0., 0., 1., 0., 1., 0., 0.,
           0., 0.],
          [0., 1., 1., 1., 1., 1., 1., 1., 0., 1., 0., 0., 1., 0., 0., 1., 0.,
           1., 0.]]]], device='cuda:0'), tensor([[0.7324]], device='cuda:0'))
2026-01-07 17:24:57 - INFO - [-0.05891818 -0.01188384  0.9153055  -0.22372201  0.9153055  -0.223722
 -0.05147267 -0.01822974]
2026-01-07 17:24:57 - INFO - {'S11_real': np.float32(-0.05891818), 'S11_imag': np.float32(-0.011883843), 'S21_real': np.float32(0.9153055), 'S21_imag': np.float32(-0.22372201), 'S12_real': np.float32(0.9153055), 'S12_imag': np.float32(-0.223722), 'S22_real': np.float32(-0.051472668), 'S22_imag': np.float32(-0.018229738)}
2026-01-07 17:24:57 - INFO - (tensor([[[[1., 0., 1., 0., 1., 0., 0., 1., 0., 1., 0., 0., 1., 0., 1., 0., 0.,
           0., 0.],
          [1., 1., 0., 0., 1., 0., 1., 0., 0., 1., 0., 1., 1., 1., 1., 1., 1.,
           0., 1.],
          [1., 0., 1., 0., 1., 1., 1., 0., 0., 1., 1., 0., 0., 0., 1., 0., 0.,
           0., 0.],
          [0., 0., 0., 1., 0., 1., 1., 0., 1., 1., 0., 1., 0., 0., 0., 0., 0.,
           0., 0.],
          [1., 0., 1., 0., 0., 0., 1., 1., 1., 1., 1., 1., 0., 0., 1., 1., 1.,
           1., 1.],
          [0., 0., 0., 0., 0., 0., 0., 0., 1., 1., 0., 0., 0., 1., 1., 0., 1.,
           0., 0.],
          [0., 0., 0., 1., 0., 0., 0., 0., 1., 0., 0., 1., 0., 0., 0., 0., 1.,
           0., 0.],
          [1., 0., 0., 1., 0., 1., 0., 1., 0., 0., 1., 0., 1., 1., 1., 1., 0.,
           1., 0.],
          [0., 1., 1., 0., 1., 0., 1., 0., 0., 1., 0., 0., 1., 1., 1., 1., 1.,
           0., 0.],
          [1., 0., 0., 0., 0., 0., 1., 1., 0., 0., 1., 1., 1., 1., 0., 1., 1.,
           0., 1.],
          [1., 1., 1., 1., 0., 0., 0., 0., 0., 1., 1., 1., 1., 1., 1., 1., 1.,
           1., 1.],
          [1., 1., 1., 0., 1., 0., 1., 1., 1., 0., 0., 1., 1., 1., 1., 0., 0.,
           1., 0.],
          [0., 1., 1., 1., 0., 1., 0., 1., 1., 0., 0., 0., 0., 0., 0., 1., 0.,
           0., 1.],
          [0., 0., 1., 1., 1., 0., 1., 0., 1., 0., 1., 1., 1., 0., 0., 1., 1.,
           1., 1.],
          [0., 1., 1., 0., 0., 1., 1., 0., 0., 1., 0., 0., 1., 1., 0., 1., 1.,
           1., 1.],
          [1., 0., 0., 1., 1., 1., 0., 0., 0., 0., 1., 1., 0., 0., 1., 1., 1.,
           1., 1.],
          [0., 1., 0., 0., 1., 0., 0., 1., 0., 1., 1., 0., 1., 1., 0., 1., 0.,
           0., 1.],
          [0., 1., 0., 1., 1., 0., 0., 1., 1., 0., 1., 1., 0., 0., 1., 0., 0.,
           1., 0.],
          [0., 1., 0., 1., 0., 0., 1., 0., 0., 0., 0., 0., 0., 1., 0., 0., 1.,
           1., 1.]]]], device='cuda:0'), tensor([[0.7324]], device='cuda:0'))
2026-01-07 17:24:57 - INFO - [ 0.06579533  0.00589971  0.9131339  -0.21073197  0.9131339  -0.21073195
  0.01634321 -0.0039416 ]
2026-01-07 17:24:57 - INFO - {'S11_real': np.float32(0.06579533), 'S11_imag': np.float32(0.0058997073), 'S21_real': np.float32(0.9131339), 'S21_imag': np.float32(-0.21073197), 'S12_real': np.float32(0.9131339), 'S12_imag': np.float32(-0.21073195), 'S22_real': np.float32(0.016343212), 'S22_imag': np.float32(-0.003941605)}
2026-01-07 17:24:57 - INFO - (tensor([[[[0., 1., 1., 0., 1., 0., 0., 0., 0., 0., 1., 0., 1., 0., 1., 0., 0.,
           0., 1.],
          [1., 1., 0., 0., 1., 0., 1., 0., 1., 1., 0., 1., 0., 0., 0., 1., 1.,
           1., 0.],
          [0., 1., 0., 0., 1., 1., 0., 0., 1., 1., 0., 0., 0., 1., 0., 0., 0.,
           0., 0.],
          [0., 1., 1., 1., 0., 1., 0., 0., 0., 0., 0., 1., 1., 1., 0., 1., 0.,
           1., 1.],
          [1., 1., 1., 1., 0., 0., 0., 0., 0., 1., 0., 0., 0., 0., 0., 0., 0.,
           0., 0.],
          [1., 0., 0., 1., 1., 0., 0., 0., 1., 0., 1., 1., 1., 1., 1., 0., 0.,
           1., 1.],
          [1., 1., 0., 1., 1., 0., 0., 0., 0., 1., 1., 1., 1., 1., 1., 1., 1.,
           1., 0.],
          [1., 0., 0., 0., 0., 1., 0., 0., 1., 0., 1., 1., 1., 1., 0., 1., 0.,
           0., 1.],
          [0., 1., 0., 0., 0., 0., 1., 1., 0., 0., 0., 0., 1., 0., 0., 0., 1.,
           0., 1.],
          [1., 0., 0., 0., 1., 1., 0., 1., 0., 0., 0., 0., 0., 0., 1., 1., 1.,
           0., 1.],
          [0., 1., 0., 1., 0., 1., 0., 0., 1., 1., 1., 0., 1., 1., 0., 0., 1.,
           0., 1.],
          [1., 1., 0., 1., 1., 0., 1., 1., 1., 0., 1., 0., 0., 1., 1., 0., 1.,
           1., 0.],
          [1., 1., 0., 1., 0., 0., 1., 0., 1., 1., 0., 0., 0., 0., 0., 0., 1.,
           1., 0.],
          [1., 0., 0., 1., 1., 0., 0., 0., 1., 0., 0., 1., 1., 1., 0., 0., 1.,
           0., 0.],
          [1., 1., 0., 1., 1., 0., 0., 0., 0., 0., 0., 1., 1., 1., 0., 0., 0.,
           0., 0.],
          [1., 0., 1., 0., 1., 1., 1., 1., 1., 1., 1., 0., 0., 1., 0., 0., 1.,
           0., 1.],
          [0., 1., 0., 1., 0., 0., 0., 1., 1., 0., 0., 1., 0., 0., 1., 1., 0.,
           1., 0.],
          [0., 1., 0., 1., 1., 0., 1., 0., 1., 0., 1., 0., 0., 1., 0., 0., 0.,
           0., 0.],
          [0., 1., 1., 1., 1., 0., 0., 1., 0., 1., 0., 0., 1., 0., 1., 1., 1.,
           0., 0.]]]], device='cuda:0'), tensor([[0.7324]], device='cuda:0'))
2026-01-07 17:24:57 - INFO - [ 0.99697983 -0.03342184 -0.00114384  0.00267244 -0.00114384  0.00267244
  0.9698669  -0.1293529 ]
2026-01-07 17:24:57 - INFO - {'S11_real': np.float32(0.99697983), 'S11_imag': np.float32(-0.033421837), 'S21_real': np.float32(-0.001143836), 'S21_imag': np.float32(0.0026724387), 'S12_real': np.float32(-0.0011438378), 'S12_imag': np.float32(0.0026724387), 'S22_real': np.float32(0.9698669), 'S22_imag': np.float32(-0.1293529)}
2026-01-07 17:24:57 - INFO - (tensor([[[[1., 0., 1., 1., 0., 1., 0., 0., 0., 1., 1., 0., 0., 1., 0., 0., 1.,
           1., 1.],
          [0., 1., 1., 1., 1., 1., 1., 1., 0., 1., 0., 0., 1., 0., 1., 0., 1.,
           0., 1.],
          [1., 0., 0., 1., 0., 1., 0., 1., 0., 1., 0., 1., 0., 1., 0., 0., 1.,
           0., 0.],
          [1., 1., 1., 1., 0., 0., 0., 1., 0., 0., 1., 0., 0., 1., 0., 1., 1.,
           0., 0.],
          [0., 1., 1., 0., 0., 1., 0., 0., 1., 0., 0., 0., 0., 1., 1., 1., 1.,
           0., 0.],
          [0., 0., 1., 0., 0., 1., 1., 1., 0., 1., 0., 0., 1., 1., 1., 0., 0.,
           0., 1.],
          [0., 0., 0., 0., 1., 0., 1., 1., 0., 0., 1., 0., 1., 0., 0., 1., 0.,
           1., 1.],
          [0., 1., 0., 0., 0., 1., 0., 0., 1., 1., 1., 1., 0., 0., 0., 0., 1.,
           1., 0.],
          [1., 1., 1., 1., 1., 0., 0., 1., 1., 0., 0., 1., 1., 1., 0., 1., 1.,
           1., 1.],
          [1., 1., 1., 1., 0., 0., 0., 1., 0., 0., 0., 0., 0., 1., 0., 1., 1.,
           0., 1.],
          [0., 1., 1., 0., 1., 1., 1., 1., 1., 1., 1., 1., 0., 1., 0., 0., 1.,
           1., 0.],
          [0., 0., 1., 1., 1., 0., 1., 1., 1., 1., 0., 1., 1., 0., 1., 0., 0.,
           1., 0.],
          [1., 0., 0., 1., 0., 1., 1., 1., 1., 0., 1., 0., 1., 0., 0., 0., 0.,
           1., 1.],
          [0., 0., 1., 0., 0., 1., 0., 0., 1., 0., 1., 1., 1., 1., 0., 1., 1.,
           0., 1.],
          [0., 1., 1., 1., 1., 0., 0., 0., 1., 1., 1., 0., 1., 0., 0., 0., 1.,
           1., 1.],
          [1., 0., 0., 1., 1., 1., 0., 1., 0., 0., 0., 0., 0., 0., 0., 1., 1.,
           1., 0.],
          [0., 1., 0., 0., 0., 0., 0., 0., 0., 0., 0., 0., 0., 0., 1., 0., 0.,
           1., 1.],
          [1., 0., 0., 1., 1., 1., 0., 0., 1., 0., 0., 1., 1., 1., 0., 0., 0.,
           0., 0.],
          [1., 0., 0., 1., 1., 1., 1., 0., 0., 1., 0., 1., 0., 0., 0., 1., 1.,
           0., 0.]]]], device='cuda:0'), tensor([[0.7324]], device='cuda:0'))
2026-01-07 17:24:57 - INFO - [-0.02293089  0.02781995  0.92196804 -0.2275648   0.92196804 -0.22756478
 -0.01890132  0.02615378]
2026-01-07 17:24:57 - INFO - {'S11_real': np.float32(-0.022930894), 'S11_imag': np.float32(0.027819952), 'S21_real': np.float32(0.92196804), 'S21_imag': np.float32(-0.2275648), 'S12_real': np.float32(0.92196804), 'S12_imag': np.float32(-0.22756478), 'S22_real': np.float32(-0.01890132), 'S22_imag': np.float32(0.026153782)}
2026-01-07 17:24:57 - INFO - (tensor([[[[1., 1., 0., 0., 1., 0., 1., 1., 0., 0., 0., 1., 1., 1., 0., 0., 1.,
           1., 0.],
          [1., 0., 0., 1., 1., 1., 1., 1., 0., 1., 0., 1., 1., 1., 1., 1., 1.,
           0., 1.],
          [1., 1., 1., 0., 0., 0., 0., 0., 0., 1., 1., 0., 1., 1., 1., 1., 1.,
           0., 0.],
          [0., 0., 0., 0., 1., 0., 1., 1., 0., 0., 0., 1., 0., 0., 0., 1., 0.,
           0., 1.],
          [1., 1., 0., 0., 1., 0., 1., 1., 1., 1., 1., 0., 0., 0., 0., 1., 0.,
           1., 1.],
          [0., 0., 1., 0., 0., 0., 0., 1., 1., 0., 1., 1., 0., 0., 1., 1., 1.,
           0., 1.],
          [1., 0., 1., 0., 0., 1., 0., 0., 1., 0., 1., 0., 0., 1., 1., 1., 0.,
           1., 0.],
          [1., 0., 1., 0., 1., 0., 0., 0., 0., 1., 0., 1., 0., 1., 0., 0., 1.,
           1., 0.],
          [1., 1., 1., 0., 1., 0., 1., 1., 0., 1., 1., 1., 1., 1., 1., 1., 0.,
           0., 0.],
          [1., 0., 1., 0., 0., 1., 0., 1., 1., 0., 0., 1., 1., 0., 1., 0., 0.,
           0., 1.],
          [1., 1., 0., 0., 1., 1., 1., 1., 1., 0., 0., 0., 0., 1., 1., 0., 0.,
           1., 0.],
          [0., 1., 1., 1., 0., 1., 1., 0., 1., 0., 0., 0., 0., 1., 0., 1., 1.,
           1., 1.],
          [1., 0., 1., 0., 0., 0., 1., 1., 1., 1., 0., 1., 1., 0., 0., 0., 0.,
           0., 0.],
          [0., 1., 1., 0., 0., 1., 0., 0., 0., 0., 0., 1., 0., 0., 0., 1., 1.,
           0., 0.],
          [0., 0., 1., 1., 0., 0., 1., 1., 0., 0., 0., 1., 1., 1., 1., 0., 1.,
           1., 1.],
          [0., 1., 1., 1., 0., 1., 0., 0., 1., 0., 1., 0., 0., 1., 1., 0., 0.,
           0., 0.],
          [1., 0., 0., 1., 0., 1., 1., 1., 0., 1., 1., 1., 0., 0., 0., 0., 1.,
           1., 1.],
          [0., 1., 0., 0., 0., 1., 1., 0., 1., 0., 1., 0., 0., 0., 1., 1., 1.,
           1., 1.],
          [0., 1., 0., 1., 1., 1., 0., 1., 0., 1., 0., 0., 0., 0., 1., 1., 0.,
           1., 0.]]]], device='cuda:0'), tensor([[0.7324]], device='cuda:0'))
2026-01-07 17:24:57 - INFO - [ 9.1228944e-01 -2.1915010e-01 -7.6089316e-04  5.3967754e-03
 -7.6089130e-04  5.3967754e-03  9.9756479e-01 -3.1968851e-02]
2026-01-07 17:24:57 - INFO - {'S11_real': np.float32(0.91228944), 'S11_imag': np.float32(-0.2191501), 'S21_real': np.float32(-0.00076089316), 'S21_imag': np.float32(0.0053967754), 'S12_real': np.float32(-0.0007608913), 'S12_imag': np.float32(0.0053967754), 'S22_real': np.float32(0.9975648), 'S22_imag': np.float32(-0.03196885)}
2026-01-07 17:24:57 - INFO - (tensor([[[[1., 1., 1., 0., 1., 0., 1., 0., 1., 0., 0., 0., 1., 0., 1., 0., 0.,
           0., 1.],
          [1., 1., 1., 1., 1., 1., 0., 0., 1., 1., 1., 1., 1., 0., 1., 1., 1.,
           0., 0.],
          [0., 0., 1., 0., 0., 0., 0., 0., 1., 0., 0., 0., 1., 1., 1., 1., 1.,
           1., 1.],
          [1., 0., 0., 1., 0., 1., 0., 0., 1., 0., 1., 1., 0., 1., 0., 0., 1.,
           1., 1.],
          [1., 1., 0., 1., 0., 1., 0., 0., 0., 0., 0., 1., 0., 1., 0., 1., 0.,
           0., 1.],
          [1., 0., 0., 1., 0., 0., 1., 0., 0., 1., 0., 1., 1., 0., 0., 1., 1.,
           0., 1.],
          [0., 1., 1., 1., 0., 1., 1., 1., 1., 0., 1., 0., 1., 1., 0., 0., 1.,
           1., 1.],
          [0., 1., 0., 1., 0., 0., 0., 1., 1., 0., 0., 0., 1., 1., 1., 0., 1.,
           1., 1.],
          [0., 1., 1., 1., 1., 1., 0., 0., 0., 0., 1., 1., 0., 0., 0., 1., 1.,
           1., 0.],
          [1., 0., 1., 1., 0., 0., 1., 1., 0., 0., 1., 0., 0., 1., 0., 1., 0.,
           1., 1.],
          [0., 0., 1., 0., 0., 1., 0., 1., 1., 1., 0., 1., 0., 1., 0., 1., 1.,
           0., 1.],
          [0., 1., 0., 1., 1., 0., 1., 0., 0., 1., 1., 1., 0., 0., 1., 0., 1.,
           1., 1.],
          [0., 0., 1., 0., 1., 1., 0., 1., 1., 1., 1., 1., 0., 0., 1., 0., 1.,
           1., 1.],
          [1., 0., 0., 1., 0., 1., 0., 1., 1., 1., 0., 0., 1., 0., 0., 0., 0.,
           0., 0.],
          [0., 0., 0., 0., 0., 0., 0., 1., 1., 0., 0., 0., 1., 1., 0., 0., 0.,
           0., 0.],
          [1., 0., 1., 0., 0., 1., 1., 0., 1., 0., 1., 1., 0., 0., 1., 0., 1.,
           1., 0.],
          [1., 0., 0., 1., 0., 1., 1., 0., 0., 1., 0., 1., 1., 1., 1., 1., 0.,
           1., 1.],
          [1., 1., 1., 1., 0., 0., 1., 1., 1., 0., 1., 1., 1., 1., 1., 1., 0.,
           1., 1.],
          [1., 1., 1., 1., 1., 1., 1., 0., 0., 0., 1., 0., 0., 0., 0., 1., 0.,
           0., 1.]]]], device='cuda:0'), tensor([[0.7324]], device='cuda:0'))
2026-01-07 17:24:57 - INFO - [ 9.9696332e-01 -3.4167711e-02  3.9316990e-04  1.1574485e-02
  3.9317549e-04  1.1574489e-02  8.2822204e-01 -3.2219750e-01]
2026-01-07 17:24:57 - INFO - {'S11_real': np.float32(0.9969633), 'S11_imag': np.float32(-0.03416771), 'S21_real': np.float32(0.0003931699), 'S21_imag': np.float32(0.011574485), 'S12_real': np.float32(0.0003931755), 'S12_imag': np.float32(0.011574489), 'S22_real': np.float32(0.82822204), 'S22_imag': np.float32(-0.3221975)}
2026-01-07 17:24:57 - INFO - (tensor([[[[0., 1., 0., 0., 0., 1., 0., 0., 1., 0., 0., 0., 0., 0., 1., 1., 1.,
           0., 0.],
          [0., 0., 0., 1., 1., 1., 0., 1., 1., 1., 1., 0., 0., 1., 1., 1., 1.,
           1., 1.],
          [1., 1., 1., 0., 1., 0., 0., 1., 1., 0., 0., 1., 0., 1., 1., 0., 1.,
           0., 1.],
          [1., 0., 0., 1., 1., 0., 1., 0., 0., 0., 1., 0., 1., 0., 1., 1., 0.,
           0., 0.],
          [1., 1., 1., 0., 0., 0., 0., 0., 1., 0., 1., 0., 0., 0., 0., 0., 1.,
           0., 1.],
          [1., 1., 1., 0., 0., 0., 0., 0., 1., 0., 0., 1., 0., 0., 1., 0., 1.,
           1., 0.],
          [1., 0., 0., 0., 1., 1., 1., 1., 1., 1., 1., 1., 1., 1., 1., 0., 1.,
           0., 0.],
          [0., 0., 1., 0., 0., 0., 1., 0., 0., 1., 1., 1., 1., 1., 1., 1., 1.,
           1., 0.],
          [1., 0., 0., 1., 1., 1., 1., 0., 0., 1., 0., 1., 0., 0., 1., 1., 0.,
           1., 0.],
          [1., 1., 1., 1., 1., 1., 1., 0., 1., 0., 1., 0., 1., 1., 0., 1., 1.,
           1., 1.],
          [1., 0., 1., 0., 0., 0., 0., 0., 0., 0., 0., 1., 0., 1., 0., 0., 1.,
           0., 1.],
          [0., 1., 1., 0., 0., 0., 0., 1., 1., 1., 1., 1., 1., 1., 0., 0., 0.,
           0., 0.],
          [0., 0., 0., 1., 0., 0., 0., 1., 0., 1., 1., 0., 1., 0., 0., 0., 1.,
           0., 0.],
          [0., 1., 1., 1., 1., 0., 0., 1., 0., 1., 0., 0., 1., 1., 0., 1., 0.,
           0., 0.],
          [0., 1., 0., 0., 0., 1., 0., 1., 1., 1., 1., 1., 1., 1., 0., 0., 1.,
           1., 1.],
          [0., 1., 0., 0., 1., 0., 1., 1., 1., 0., 1., 0., 1., 1., 1., 1., 1.,
           0., 1.],
          [1., 1., 0., 1., 1., 1., 1., 0., 1., 0., 0., 0., 0., 1., 1., 0., 0.,
           0., 1.],
          [0., 0., 0., 0., 0., 1., 0., 1., 1., 1., 1., 1., 0., 1., 1., 0., 1.,
           0., 0.],
          [0., 0., 0., 1., 0., 0., 1., 1., 1., 1., 0., 1., 0., 1., 1., 1., 1.,
           1., 0.]]]], device='cuda:0'), tensor([[0.7324]], device='cuda:0'))
2026-01-07 17:24:57 - INFO - [-0.03604294  0.02235119  0.9235204  -0.23082064  0.9235204  -0.23082063
 -0.03198811  0.01975352]
2026-01-07 17:24:57 - INFO - {'S11_real': np.float32(-0.03604294), 'S11_imag': np.float32(0.022351189), 'S21_real': np.float32(0.9235204), 'S21_imag': np.float32(-0.23082064), 'S12_real': np.float32(0.9235204), 'S12_imag': np.float32(-0.23082063), 'S22_real': np.float32(-0.031988114), 'S22_imag': np.float32(0.019753516)}
2026-01-07 17:24:57 - INFO - (tensor([[[[0., 0., 1., 0., 1., 1., 0., 0., 1., 1., 0., 1., 0., 0., 1., 1., 1.,
           1., 0.],
          [1., 0., 0., 1., 0., 1., 1., 0., 0., 0., 1., 1., 0., 1., 1., 0., 1.,
           0., 0.],
          [0., 1., 0., 0., 0., 0., 1., 0., 1., 0., 1., 1., 1., 1., 0., 0., 1.,
           1., 1.],
          [0., 1., 1., 0., 0., 0., 0., 0., 0., 1., 1., 0., 1., 0., 1., 0., 0.,
           1., 1.],
          [0., 0., 0., 0., 0., 0., 1., 1., 1., 1., 1., 0., 0., 1., 0., 1., 1.,
           0., 0.],
          [1., 1., 1., 1., 0., 1., 0., 1., 1., 0., 0., 0., 0., 0., 1., 1., 1.,
           0., 0.],
          [0., 1., 0., 1., 1., 1., 0., 1., 1., 1., 0., 1., 0., 0., 1., 1., 0.,
           1., 0.],
          [0., 0., 1., 0., 0., 1., 1., 0., 0., 0., 1., 0., 0., 1., 1., 0., 1.,
           0., 0.],
          [1., 0., 0., 1., 0., 1., 0., 1., 1., 1., 1., 1., 1., 0., 0., 1., 0.,
           1., 1.],
          [1., 1., 0., 1., 1., 0., 1., 1., 1., 0., 0., 0., 0., 0., 1., 0., 0.,
           1., 1.],
          [0., 1., 1., 1., 0., 1., 1., 0., 1., 1., 0., 0., 0., 1., 0., 0., 1.,
           1., 1.],
          [1., 1., 0., 0., 0., 1., 0., 1., 1., 0., 0., 1., 1., 0., 0., 1., 1.,
           1., 1.],
          [0., 0., 1., 1., 0., 1., 1., 1., 1., 1., 1., 0., 1., 0., 0., 0., 1.,
           1., 1.],
          [0., 0., 1., 1., 0., 0., 0., 1., 0., 0., 0., 1., 1., 1., 0., 0., 0.,
           0., 1.],
          [0., 0., 1., 0., 0., 0., 1., 0., 1., 0., 1., 1., 1., 0., 0., 1., 1.,
           0., 1.],
          [0., 0., 1., 1., 0., 0., 0., 1., 0., 1., 1., 0., 1., 1., 1., 1., 0.,
           0., 1.],
          [1., 1., 1., 1., 0., 0., 0., 0., 1., 1., 0., 0., 0., 1., 1., 1., 0.,
           0., 1.],
          [1., 1., 0., 1., 1., 0., 1., 1., 1., 1., 0., 1., 0., 1., 0., 1., 1.,
           0., 1.],
          [1., 0., 1., 1., 1., 1., 1., 0., 0., 1., 1., 0., 0., 0., 0., 0., 0.,
           1., 1.]]]], device='cuda:0'), tensor([[0.7324]], device='cuda:0'))
2026-01-07 17:24:57 - INFO - [-0.05471063 -0.00895486  0.91507936 -0.22687314  0.91507936 -0.22687314
 -0.05140375 -0.01192565]
2026-01-07 17:24:57 - INFO - {'S11_real': np.float32(-0.05471063), 'S11_imag': np.float32(-0.008954863), 'S21_real': np.float32(0.91507936), 'S21_imag': np.float32(-0.22687314), 'S12_real': np.float32(0.91507936), 'S12_imag': np.float32(-0.22687314), 'S22_real': np.float32(-0.051403753), 'S22_imag': np.float32(-0.011925646)}
2026-01-07 17:24:57 - INFO - (tensor([[[[1., 1., 1., 0., 0., 0., 0., 0., 0., 1., 1., 0., 1., 0., 1., 0., 0.,
           1., 0.],
          [1., 1., 0., 0., 0., 1., 1., 0., 0., 0., 0., 0., 0., 0., 1., 1., 0.,
           0., 1.],
          [0., 1., 1., 0., 1., 1., 0., 0., 1., 0., 1., 1., 1., 1., 1., 1., 0.,
           0., 0.],
          [0., 1., 1., 1., 1., 1., 0., 0., 0., 1., 1., 0., 1., 1., 0., 1., 0.,
           0., 0.],
          [0., 1., 1., 1., 0., 1., 0., 1., 1., 0., 1., 0., 0., 1., 1., 1., 1.,
           0., 0.],
          [1., 1., 1., 0., 1., 0., 1., 1., 0., 0., 1., 0., 0., 1., 0., 0., 1.,
           1., 0.],
          [1., 0., 0., 0., 1., 0., 0., 0., 1., 1., 1., 0., 0., 1., 0., 0., 0.,
           0., 1.],
          [1., 1., 0., 0., 1., 1., 1., 0., 1., 0., 1., 0., 0., 1., 0., 0., 1.,
           1., 1.],
          [0., 0., 1., 1., 0., 1., 1., 0., 0., 1., 0., 0., 1., 1., 1., 0., 1.,
           0., 1.],
          [1., 0., 1., 0., 1., 1., 0., 0., 0., 1., 1., 1., 1., 1., 1., 0., 1.,
           1., 1.],
          [1., 0., 0., 0., 1., 1., 1., 0., 1., 1., 0., 0., 1., 0., 1., 1., 0.,
           1., 0.],
          [0., 1., 0., 1., 1., 0., 0., 0., 1., 1., 1., 1., 1., 1., 1., 0., 1.,
           1., 0.],
          [1., 1., 0., 1., 0., 1., 1., 0., 0., 1., 1., 0., 1., 0., 0., 0., 1.,
           1., 1.],
          [0., 1., 0., 0., 1., 1., 0., 1., 0., 1., 0., 1., 0., 1., 0., 0., 0.,
           0., 0.],
          [0., 1., 0., 0., 1., 1., 0., 1., 1., 0., 0., 1., 1., 1., 1., 1., 1.,
           0., 1.],
          [0., 0., 1., 0., 1., 0., 1., 0., 1., 0., 1., 0., 0., 0., 1., 1., 1.,
           1., 1.],
          [0., 1., 1., 0., 1., 1., 1., 1., 1., 1., 0., 1., 1., 1., 0., 0., 0.,
           0., 1.],
          [0., 1., 1., 1., 0., 1., 0., 1., 0., 0., 1., 1., 1., 0., 0., 0., 1.,
           0., 1.],
          [0., 0., 0., 1., 1., 1., 0., 0., 0., 0., 1., 0., 0., 1., 1., 1., 0.,
           1., 0.]]]], device='cuda:0'), tensor([[0.7324]], device='cuda:0'))
2026-01-07 17:24:57 - INFO - [ 0.99442035 -0.04910129  0.0064353   0.02767363  0.0064353   0.02767364
  0.6800893  -0.43256596]
2026-01-07 17:24:57 - INFO - {'S11_real': np.float32(0.99442035), 'S11_imag': np.float32(-0.049101293), 'S21_real': np.float32(0.006435297), 'S21_imag': np.float32(0.027673632), 'S12_real': np.float32(0.006435295), 'S12_imag': np.float32(0.027673643), 'S22_real': np.float32(0.6800893), 'S22_imag': np.float32(-0.43256596)}
2026-01-07 17:24:57 - INFO - (tensor([[[[1., 0., 0., 0., 0., 0., 0., 1., 0., 0., 0., 0., 1., 0., 0., 1., 0.,
           1., 0.],
          [0., 1., 1., 1., 0., 1., 1., 0., 0., 0., 1., 0., 1., 1., 1., 1., 0.,
           0., 1.],
          [1., 0., 0., 1., 1., 1., 1., 1., 0., 1., 0., 1., 0., 1., 0., 0., 1.,
           1., 0.],
          [0., 0., 1., 0., 1., 1., 1., 1., 1., 1., 0., 0., 1., 0., 0., 1., 0.,
           1., 1.],
          [1., 1., 0., 0., 1., 0., 1., 1., 0., 0., 1., 0., 1., 1., 0., 1., 0.,
           1., 1.],
          [1., 1., 1., 0., 1., 0., 0., 0., 1., 0., 0., 0., 1., 1., 1., 1., 0.,
           1., 0.],
          [1., 0., 1., 1., 1., 1., 0., 1., 1., 1., 0., 1., 1., 0., 0., 0., 1.,
           0., 1.],
          [0., 1., 0., 0., 0., 1., 0., 1., 0., 0., 0., 1., 1., 1., 0., 1., 1.,
           0., 0.],
          [1., 1., 0., 1., 0., 0., 1., 1., 0., 1., 0., 1., 0., 1., 1., 0., 1.,
           0., 1.],
          [1., 1., 1., 0., 0., 1., 0., 0., 1., 0., 0., 1., 1., 1., 1., 0., 1.,
           0., 1.],
          [1., 0., 0., 0., 1., 0., 1., 1., 0., 0., 1., 1., 1., 1., 1., 0., 1.,
           0., 1.],
          [0., 1., 0., 0., 1., 0., 1., 1., 0., 0., 1., 1., 1., 0., 0., 1., 0.,
           0., 0.],
          [1., 1., 0., 0., 1., 0., 1., 1., 1., 1., 1., 1., 1., 0., 1., 0., 0.,
           0., 1.],
          [0., 1., 1., 0., 0., 0., 0., 1., 0., 0., 0., 0., 0., 1., 1., 1., 0.,
           0., 1.],
          [1., 1., 1., 0., 0., 0., 1., 1., 1., 0., 0., 1., 0., 1., 1., 1., 0.,
           1., 1.],
          [0., 1., 1., 0., 1., 1., 1., 0., 1., 1., 1., 0., 0., 0., 1., 0., 1.,
           0., 0.],
          [0., 0., 1., 0., 1., 1., 1., 0., 0., 1., 0., 1., 0., 0., 1., 0., 1.,
           1., 0.],
          [0., 0., 1., 0., 0., 0., 0., 1., 0., 1., 0., 0., 0., 1., 1., 0., 1.,
           1., 0.],
          [0., 0., 0., 0., 0., 1., 0., 0., 0., 0., 1., 1., 1., 0., 0., 1., 1.,
           0., 0.]]]], device='cuda:0'), tensor([[0.7324]], device='cuda:0'))
2026-01-07 17:24:57 - INFO - [ 0.6778443  -0.43640777  0.0077189   0.03083909  0.0077189   0.03083909
  0.994224   -0.05395655]
2026-01-07 17:24:57 - INFO - {'S11_real': np.float32(0.6778443), 'S11_imag': np.float32(-0.43640777), 'S21_real': np.float32(0.0077189044), 'S21_imag': np.float32(0.03083909), 'S12_real': np.float32(0.0077189025), 'S12_imag': np.float32(0.030839086), 'S22_real': np.float32(0.994224), 'S22_imag': np.float32(-0.053956553)}
2026-01-07 17:24:57 - INFO - (tensor([[[[0., 0., 0., 1., 0., 1., 0., 1., 1., 1., 0., 0., 0., 1., 1., 0., 1.,
           1., 1.],
          [1., 0., 1., 0., 1., 1., 0., 1., 0., 0., 0., 0., 0., 0., 0., 1., 0.,
           1., 1.],
          [1., 0., 0., 1., 0., 1., 1., 1., 0., 1., 0., 1., 0., 1., 0., 1., 0.,
           0., 0.],
          [1., 1., 1., 0., 0., 1., 1., 0., 1., 0., 0., 0., 1., 0., 1., 0., 1.,
           1., 0.],
          [0., 0., 0., 1., 1., 1., 1., 1., 0., 0., 1., 0., 0., 0., 0., 0., 0.,
           1., 0.],
          [0., 1., 1., 1., 0., 1., 0., 1., 0., 0., 1., 0., 0., 0., 0., 1., 1.,
           1., 0.],
          [1., 1., 0., 1., 1., 1., 0., 1., 1., 1., 0., 0., 1., 1., 1., 0., 0.,
           1., 1.],
          [0., 0., 1., 0., 1., 1., 0., 1., 1., 1., 1., 1., 1., 1., 0., 0., 1.,
           0., 1.],
          [1., 0., 1., 1., 0., 0., 0., 0., 0., 0., 1., 0., 0., 1., 1., 0., 1.,
           1., 1.],
          [1., 1., 1., 1., 0., 1., 0., 1., 1., 0., 1., 1., 0., 1., 1., 0., 0.,
           1., 1.],
          [1., 1., 0., 0., 0., 0., 1., 0., 0., 1., 1., 1., 1., 1., 1., 1., 1.,
           1., 0.],
          [0., 1., 0., 1., 1., 1., 1., 0., 0., 1., 0., 0., 1., 1., 0., 0., 1.,
           1., 0.],
          [1., 1., 1., 0., 0., 1., 0., 1., 0., 0., 0., 1., 1., 1., 0., 1., 1.,
           1., 1.],
          [0., 1., 1., 0., 1., 0., 0., 0., 1., 0., 0., 0., 1., 0., 0., 0., 1.,
           0., 0.],
          [1., 1., 1., 0., 0., 0., 0., 1., 0., 1., 0., 0., 0., 1., 1., 1., 1.,
           0., 0.],
          [0., 0., 0., 1., 1., 0., 0., 0., 0., 1., 0., 0., 0., 0., 1., 0., 1.,
           1., 0.],
          [0., 0., 0., 0., 1., 1., 1., 1., 1., 0., 0., 1., 0., 0., 1., 1., 1.,
           0., 1.],
          [1., 0., 0., 1., 0., 1., 0., 1., 0., 0., 0., 1., 1., 1., 0., 0., 0.,
           1., 0.],
          [1., 1., 1., 1., 1., 0., 0., 0., 0., 0., 0., 1., 0., 1., 1., 1., 1.,
           1., 0.]]]], device='cuda:0'), tensor([[0.7324]], device='cuda:0'))
2026-01-07 17:24:57 - INFO - [-0.0404735   0.01688632  0.9174974  -0.23844463  0.91749746 -0.23844463
 -0.0380314   0.01508337]
2026-01-07 17:24:57 - INFO - {'S11_real': np.float32(-0.0404735), 'S11_imag': np.float32(0.016886316), 'S21_real': np.float32(0.9174974), 'S21_imag': np.float32(-0.23844463), 'S12_real': np.float32(0.91749746), 'S12_imag': np.float32(-0.23844463), 'S22_real': np.float32(-0.038031396), 'S22_imag': np.float32(0.015083369)}
2026-01-07 17:24:57 - INFO - (tensor([[[[0., 0., 1., 0., 0., 1., 1., 0., 1., 1., 1., 0., 1., 1., 1., 1., 1.,
           0., 0.],
          [1., 1., 0., 0., 1., 1., 0., 1., 1., 0., 0., 0., 0., 1., 1., 1., 1.,
           0., 0.],
          [1., 1., 1., 0., 0., 0., 1., 1., 1., 0., 1., 0., 1., 1., 0., 0., 1.,
           0., 0.],
          [0., 0., 0., 1., 1., 1., 1., 0., 1., 0., 1., 1., 0., 1., 1., 1., 1.,
           1., 1.],
          [1., 0., 1., 1., 1., 1., 1., 1., 0., 1., 1., 0., 0., 1., 1., 1., 0.,
           0., 1.],
          [1., 0., 0., 0., 0., 1., 0., 0., 1., 0., 1., 0., 1., 0., 1., 1., 0.,
           1., 1.],
          [0., 1., 1., 0., 0., 1., 1., 1., 1., 1., 0., 1., 0., 0., 0., 0., 1.,
           1., 1.],
          [0., 0., 1., 0., 1., 0., 0., 0., 0., 0., 0., 0., 1., 1., 0., 0., 1.,
           0., 1.],
          [1., 1., 1., 1., 0., 0., 1., 0., 1., 0., 0., 0., 0., 0., 0., 0., 0.,
           1., 1.],
          [1., 0., 0., 1., 0., 0., 1., 1., 1., 0., 1., 0., 1., 0., 0., 0., 1.,
           0., 1.],
          [0., 1., 0., 0., 0., 0., 1., 0., 1., 1., 0., 1., 1., 1., 0., 1., 1.,
           0., 0.],
          [1., 1., 1., 0., 1., 0., 1., 1., 0., 1., 0., 1., 0., 0., 1., 0., 1.,
           0., 0.],
          [0., 1., 0., 0., 0., 1., 1., 0., 0., 1., 0., 0., 0., 0., 0., 0., 1.,
           0., 0.],
          [1., 1., 1., 1., 0., 1., 0., 1., 1., 1., 0., 1., 1., 1., 0., 0., 1.,
           0., 1.],
          [0., 1., 0., 1., 0., 0., 1., 1., 0., 1., 1., 1., 1., 0., 1., 0., 0.,
           1., 1.],
          [0., 1., 1., 0., 0., 0., 1., 1., 0., 0., 1., 1., 1., 0., 1., 1., 0.,
           1., 0.],
          [1., 0., 0., 0., 1., 1., 1., 1., 0., 1., 1., 0., 0., 0., 0., 1., 0.,
           1., 1.],
          [0., 0., 0., 0., 0., 1., 0., 1., 0., 1., 1., 1., 0., 0., 0., 1., 1.,
           0., 0.],
          [1., 1., 0., 0., 0., 1., 1., 0., 0., 0., 0., 0., 1., 0., 1., 1., 1.,
           1., 1.]]]], device='cuda:0'), tensor([[0.7324]], device='cuda:0'))
2026-01-07 17:24:57 - INFO - [-0.04413927  0.00291214  0.9213673  -0.22570674  0.9213673  -0.22570674
 -0.04383752  0.00166567]
2026-01-07 17:24:57 - INFO - {'S11_real': np.float32(-0.044139266), 'S11_imag': np.float32(0.0029121407), 'S21_real': np.float32(0.9213673), 'S21_imag': np.float32(-0.22570674), 'S12_real': np.float32(0.9213673), 'S12_imag': np.float32(-0.22570674), 'S22_real': np.float32(-0.043837517), 'S22_imag': np.float32(0.0016656652)}
2026-01-07 17:24:57 - INFO - (tensor([[[[1., 1., 1., 0., 0., 0., 0., 0., 1., 1., 1., 1., 1., 0., 0., 1., 0.,
           0., 0.],
          [0., 0., 1., 0., 0., 1., 1., 1., 1., 1., 1., 1., 1., 0., 1., 1., 0.,
           1., 1.],
          [1., 1., 0., 0., 1., 0., 0., 0., 0., 0., 0., 1., 1., 0., 0., 0., 1.,
           1., 1.],
          [1., 1., 1., 0., 1., 1., 1., 0., 1., 0., 0., 1., 1., 1., 0., 1., 0.,
           0., 1.],
          [1., 1., 0., 1., 0., 1., 0., 1., 1., 0., 0., 1., 0., 0., 0., 0., 1.,
           0., 1.],
          [1., 1., 0., 1., 1., 1., 1., 1., 0., 1., 0., 1., 1., 0., 0., 1., 1.,
           1., 1.],
          [1., 0., 1., 1., 0., 0., 1., 0., 0., 0., 1., 1., 1., 0., 1., 1., 0.,
           1., 0.],
          [0., 0., 0., 1., 1., 1., 0., 1., 1., 0., 0., 1., 0., 1., 0., 0., 1.,
           0., 0.],
          [0., 1., 1., 1., 0., 0., 0., 0., 1., 1., 0., 1., 1., 1., 0., 1., 1.,
           1., 1.],
          [1., 0., 1., 1., 0., 1., 0., 0., 0., 0., 1., 1., 0., 1., 0., 1., 1.,
           0., 1.],
          [0., 1., 1., 1., 0., 0., 0., 1., 0., 0., 0., 1., 1., 1., 1., 0., 1.,
           0., 1.],
          [0., 0., 1., 0., 0., 0., 0., 1., 1., 0., 1., 0., 0., 1., 0., 1., 0.,
           1., 1.],
          [0., 1., 0., 1., 0., 1., 1., 1., 0., 1., 0., 1., 1., 0., 1., 0., 0.,
           0., 0.],
          [0., 1., 0., 1., 0., 0., 1., 1., 0., 0., 1., 1., 0., 0., 0., 1., 0.,
           1., 1.],
          [0., 0., 1., 0., 0., 1., 0., 1., 1., 0., 1., 1., 0., 1., 0., 1., 1.,
           1., 1.],
          [1., 1., 1., 0., 1., 0., 1., 1., 0., 0., 0., 1., 0., 1., 1., 0., 1.,
           0., 0.],
          [0., 0., 1., 1., 0., 0., 1., 1., 0., 1., 1., 1., 1., 0., 1., 0., 0.,
           0., 1.],
          [1., 0., 1., 0., 0., 1., 1., 1., 0., 0., 1., 0., 0., 0., 1., 1., 1.,
           0., 1.],
          [0., 0., 0., 1., 0., 1., 0., 1., 1., 1., 1., 1., 1., 1., 1., 0., 0.,
           0., 0.]]]], device='cuda:0'), tensor([[0.7324]], device='cuda:0'))
2026-01-07 17:24:57 - INFO - [-0.05908244 -0.02235875  0.91730505 -0.21620077  0.91730505 -0.21620075
 -0.05630068 -0.02493738]
2026-01-07 17:24:57 - INFO - {'S11_real': np.float32(-0.059082445), 'S11_imag': np.float32(-0.022358747), 'S21_real': np.float32(0.91730505), 'S21_imag': np.float32(-0.21620077), 'S12_real': np.float32(0.91730505), 'S12_imag': np.float32(-0.21620075), 'S22_real': np.float32(-0.056300677), 'S22_imag': np.float32(-0.024937384)}
2026-01-07 17:24:57 - INFO - (tensor([[[[0., 1., 1., 1., 1., 1., 0., 0., 1., 0., 0., 1., 1., 0., 0., 1., 0.,
           1., 0.],
          [0., 1., 0., 1., 0., 0., 1., 0., 1., 1., 0., 1., 1., 1., 0., 1., 1.,
           0., 1.],
          [1., 1., 0., 0., 0., 0., 0., 0., 1., 0., 0., 0., 0., 1., 1., 0., 1.,
           0., 1.],
          [0., 0., 0., 0., 1., 0., 1., 1., 1., 0., 1., 1., 1., 0., 1., 0., 1.,
           1., 0.],
          [0., 1., 0., 1., 1., 0., 0., 0., 1., 1., 1., 0., 0., 0., 1., 0., 0.,
           1., 0.],
          [0., 1., 1., 1., 1., 1., 1., 0., 0., 1., 1., 0., 1., 1., 0., 0., 1.,
           1., 0.],
          [1., 0., 0., 1., 0., 0., 0., 1., 1., 1., 0., 0., 1., 0., 0., 1., 0.,
           0., 0.],
          [0., 0., 0., 1., 1., 0., 1., 1., 1., 0., 1., 0., 1., 1., 0., 1., 0.,
           1., 1.],
          [1., 1., 0., 0., 1., 0., 1., 0., 0., 0., 1., 0., 0., 1., 1., 1., 0.,
           0., 0.],
          [1., 0., 0., 1., 0., 0., 0., 1., 0., 1., 0., 1., 1., 1., 0., 1., 0.,
           1., 1.],
          [1., 1., 0., 1., 0., 1., 1., 0., 0., 0., 1., 0., 0., 1., 0., 0., 1.,
           1., 1.],
          [1., 1., 0., 1., 1., 1., 0., 0., 0., 0., 1., 1., 1., 0., 1., 0., 0.,
           0., 1.],
          [1., 1., 1., 0., 1., 0., 0., 0., 0., 0., 0., 0., 1., 1., 0., 1., 1.,
           1., 1.],
          [0., 1., 0., 0., 1., 1., 0., 0., 1., 1., 0., 1., 0., 0., 0., 0., 1.,
           0., 0.],
          [1., 1., 0., 1., 1., 0., 1., 1., 1., 1., 1., 0., 1., 0., 0., 1., 1.,
           1., 1.],
          [1., 1., 1., 1., 1., 1., 1., 1., 0., 1., 0., 0., 1., 0., 1., 1., 0.,
           1., 0.],
          [0., 1., 0., 0., 1., 0., 1., 1., 1., 1., 0., 1., 0., 0., 1., 1., 1.,
           0., 1.],
          [0., 1., 1., 0., 0., 1., 1., 1., 0., 1., 1., 0., 1., 0., 0., 1., 1.,
           0., 0.],
          [1., 0., 0., 1., 0., 0., 0., 0., 0., 0., 1., 1., 1., 1., 0., 1., 0.,
           1., 0.]]]], device='cuda:0'), tensor([[0.7324]], device='cuda:0'))
2026-01-07 17:24:57 - INFO - [-4.6630360e-02  7.1058411e-04  9.1112685e-01 -2.3949625e-01
  9.1112685e-01 -2.3949626e-01 -5.1132701e-02  4.0052989e-03]
2026-01-07 17:24:57 - INFO - {'S11_real': np.float32(-0.04663036), 'S11_imag': np.float32(0.0007105841), 'S21_real': np.float32(0.91112685), 'S21_imag': np.float32(-0.23949625), 'S12_real': np.float32(0.91112685), 'S12_imag': np.float32(-0.23949626), 'S22_real': np.float32(-0.0511327), 'S22_imag': np.float32(0.004005299)}
2026-01-07 17:24:58 - INFO - (tensor([[[[1., 0., 1., 1., 1., 1., 1., 0., 1., 0., 1., 1., 1., 0., 1., 1., 0.,
           0., 0.],
          [0., 1., 0., 0., 1., 0., 0., 0., 1., 0., 0., 0., 1., 1., 0., 1., 0.,
           1., 1.],
          [0., 0., 0., 1., 0., 1., 1., 0., 1., 1., 0., 1., 1., 0., 0., 0., 1.,
           1., 1.],
          [0., 1., 1., 1., 0., 0., 0., 1., 1., 0., 0., 1., 0., 1., 0., 0., 0.,
           1., 0.],
          [1., 0., 0., 1., 1., 0., 1., 0., 1., 1., 0., 0., 1., 1., 0., 1., 1.,
           1., 1.],
          [0., 0., 1., 1., 0., 1., 1., 1., 1., 1., 0., 1., 1., 1., 0., 1., 1.,
           0., 0.],
          [0., 0., 1., 1., 1., 0., 1., 0., 0., 1., 0., 0., 1., 1., 0., 1., 1.,
           0., 0.],
          [1., 1., 0., 1., 0., 0., 1., 1., 1., 1., 1., 0., 1., 0., 1., 0., 1.,
           1., 0.],
          [1., 1., 0., 0., 0., 1., 0., 0., 1., 1., 1., 1., 1., 1., 0., 0., 1.,
           0., 0.],
          [1., 0., 1., 1., 0., 1., 0., 0., 1., 0., 1., 1., 1., 1., 1., 1., 1.,
           1., 1.],
          [0., 1., 0., 1., 0., 1., 1., 1., 0., 0., 1., 0., 1., 0., 0., 0., 1.,
           0., 0.],
          [1., 1., 0., 0., 1., 1., 1., 1., 1., 0., 1., 1., 0., 1., 1., 1., 0.,
           1., 1.],
          [1., 1., 0., 0., 1., 1., 1., 1., 1., 1., 1., 0., 1., 0., 0., 1., 0.,
           0., 0.],
          [1., 0., 0., 1., 1., 0., 1., 1., 0., 0., 0., 1., 0., 0., 1., 1., 1.,
           1., 0.],
          [0., 0., 1., 0., 1., 1., 1., 0., 1., 0., 0., 0., 1., 0., 0., 1., 0.,
           1., 0.],
          [1., 1., 1., 1., 1., 0., 0., 0., 0., 1., 1., 0., 1., 0., 1., 1., 0.,
           0., 1.],
          [0., 0., 0., 0., 1., 1., 1., 1., 0., 0., 0., 1., 1., 1., 1., 0., 0.,
           0., 1.],
          [1., 1., 1., 1., 1., 0., 1., 1., 1., 0., 0., 1., 0., 0., 0., 1., 0.,
           0., 0.],
          [1., 0., 1., 0., 1., 1., 1., 1., 1., 0., 0., 0., 1., 1., 1., 0., 1.,
           1., 1.]]]], device='cuda:0'), tensor([[0.7324]], device='cuda:0'))
2026-01-07 17:24:58 - INFO - [-0.05411765 -0.01499317  0.91235244 -0.23089856  0.91235244 -0.23089854
 -0.05727902 -0.01236472]
2026-01-07 17:24:58 - INFO - {'S11_real': np.float32(-0.054117646), 'S11_imag': np.float32(-0.014993167), 'S21_real': np.float32(0.91235244), 'S21_imag': np.float32(-0.23089856), 'S12_real': np.float32(0.91235244), 'S12_imag': np.float32(-0.23089854), 'S22_real': np.float32(-0.057279017), 'S22_imag': np.float32(-0.012364718)}
2026-01-07 17:24:58 - INFO - (tensor([[[[1., 0., 1., 1., 1., 1., 0., 1., 0., 0., 1., 1., 0., 1., 1., 0., 0.,
           0., 0.],
          [0., 0., 1., 1., 1., 1., 1., 1., 1., 1., 1., 0., 0., 1., 1., 0., 0.,
           0., 1.],
          [0., 0., 0., 1., 0., 1., 0., 0., 1., 0., 0., 0., 1., 1., 1., 0., 1.,
           0., 0.],
          [0., 0., 0., 0., 0., 0., 1., 1., 0., 1., 1., 1., 0., 1., 0., 1., 1.,
           1., 0.],
          [0., 0., 0., 0., 0., 0., 0., 0., 1., 1., 0., 1., 1., 0., 0., 1., 0.,
           1., 0.],
          [1., 0., 1., 1., 1., 1., 0., 1., 0., 1., 0., 1., 0., 1., 1., 0., 1.,
           1., 1.],
          [1., 0., 1., 0., 0., 0., 0., 1., 1., 0., 1., 1., 0., 0., 0., 1., 0.,
           0., 1.],
          [1., 1., 1., 1., 1., 1., 1., 0., 1., 0., 1., 1., 0., 1., 0., 1., 0.,
           0., 1.],
          [0., 0., 1., 1., 0., 1., 0., 0., 0., 1., 1., 0., 0., 0., 1., 0., 1.,
           0., 0.],
          [1., 0., 1., 1., 1., 1., 1., 0., 1., 1., 1., 1., 0., 0., 0., 1., 0.,
           0., 1.],
          [1., 1., 0., 1., 0., 0., 0., 0., 0., 1., 0., 0., 0., 0., 0., 1., 0.,
           0., 0.],
          [0., 1., 0., 0., 0., 0., 1., 1., 1., 0., 1., 1., 1., 1., 1., 0., 1.,
           1., 1.],
          [0., 0., 1., 0., 0., 1., 0., 1., 1., 1., 0., 1., 1., 0., 1., 0., 0.,
           1., 0.],
          [1., 0., 0., 0., 0., 1., 1., 0., 1., 1., 1., 1., 1., 1., 1., 0., 1.,
           0., 0.],
          [0., 1., 1., 0., 0., 1., 1., 1., 0., 0., 1., 1., 0., 1., 1., 0., 0.,
           0., 0.],
          [1., 0., 1., 1., 1., 0., 0., 1., 1., 0., 1., 1., 1., 1., 1., 1., 1.,
           1., 0.],
          [0., 1., 1., 0., 0., 0., 1., 0., 0., 1., 0., 1., 0., 0., 0., 0., 0.,
           1., 1.],
          [0., 1., 0., 0., 0., 0., 0., 1., 1., 1., 1., 0., 1., 0., 0., 1., 1.,
           0., 0.],
          [0., 1., 0., 0., 0., 0., 1., 1., 0., 1., 0., 1., 1., 1., 1., 0., 0.,
           0., 1.]]]], device='cuda:0'), tensor([[0.7324]], device='cuda:0'))
2026-01-07 17:24:58 - INFO - [ 9.8756164e-01 -7.4743882e-02 -7.4334897e-04  1.9796689e-03
 -7.4335083e-04  1.9796689e-03  9.9565017e-01 -4.1355167e-02]
2026-01-07 17:24:58 - INFO - {'S11_real': np.float32(0.98756164), 'S11_imag': np.float32(-0.07474388), 'S21_real': np.float32(-0.00074334897), 'S21_imag': np.float32(0.0019796689), 'S12_real': np.float32(-0.0007433508), 'S12_imag': np.float32(0.0019796689), 'S22_real': np.float32(0.9956502), 'S22_imag': np.float32(-0.041355167)}
2026-01-07 17:24:58 - INFO - (tensor([[[[1., 0., 1., 1., 0., 1., 0., 1., 0., 1., 1., 1., 1., 1., 0., 1., 0.,
           0., 0.],
          [1., 0., 1., 1., 1., 0., 1., 1., 1., 0., 0., 0., 0., 1., 0., 1., 0.,
           1., 0.],
          [0., 0., 1., 1., 0., 0., 0., 0., 0., 0., 1., 1., 1., 1., 1., 1., 0.,
           0., 0.],
          [0., 0., 1., 1., 1., 1., 1., 0., 1., 1., 1., 0., 0., 0., 0., 0., 0.,
           1., 1.],
          [1., 0., 0., 0., 0., 1., 0., 0., 0., 0., 0., 1., 0., 0., 1., 0., 0.,
           1., 1.],
          [1., 1., 1., 1., 1., 1., 1., 1., 0., 1., 1., 1., 1., 1., 0., 0., 0.,
           1., 1.],
          [0., 1., 1., 0., 1., 1., 1., 1., 1., 1., 1., 0., 0., 1., 1., 0., 0.,
           0., 0.],
          [0., 0., 0., 1., 0., 0., 0., 1., 1., 1., 0., 0., 0., 1., 1., 1., 1.,
           1., 1.],
          [0., 1., 1., 1., 1., 0., 0., 1., 0., 0., 0., 0., 0., 0., 0., 1., 0.,
           1., 0.],
          [1., 0., 1., 0., 1., 0., 0., 1., 0., 0., 0., 1., 0., 0., 0., 1., 0.,
           1., 1.],
          [0., 1., 1., 1., 1., 1., 0., 0., 1., 0., 0., 1., 1., 1., 0., 1., 0.,
           1., 1.],
          [1., 1., 0., 0., 0., 1., 0., 0., 0., 1., 0., 1., 1., 0., 0., 1., 1.,
           1., 0.],
          [1., 1., 1., 0., 1., 1., 1., 1., 1., 0., 0., 1., 1., 1., 1., 1., 1.,
           0., 1.],
          [1., 0., 0., 0., 0., 1., 0., 0., 0., 1., 1., 1., 0., 1., 0., 0., 0.,
           0., 1.],
          [1., 1., 1., 0., 0., 0., 0., 0., 1., 1., 0., 0., 1., 1., 0., 1., 1.,
           0., 0.],
          [1., 1., 0., 1., 1., 1., 0., 1., 1., 0., 0., 1., 0., 0., 1., 0., 1.,
           1., 0.],
          [1., 1., 1., 1., 1., 0., 0., 1., 1., 0., 1., 1., 1., 0., 1., 0., 1.,
           1., 0.],
          [0., 1., 1., 1., 0., 1., 0., 1., 1., 1., 1., 1., 1., 1., 0., 1., 1.,
           1., 1.],
          [0., 0., 1., 1., 0., 0., 0., 1., 0., 0., 1., 1., 1., 0., 0., 0., 0.,
           1., 0.]]]], device='cuda:0'), tensor([[0.7324]], device='cuda:0'))
2026-01-07 17:24:58 - INFO - [-0.04223425  0.0021397   0.9175994  -0.2333473   0.9175994  -0.23334728
 -0.04725005  0.0058752 ]
2026-01-07 17:24:58 - INFO - {'S11_real': np.float32(-0.04223425), 'S11_imag': np.float32(0.002139703), 'S21_real': np.float32(0.9175994), 'S21_imag': np.float32(-0.2333473), 'S12_real': np.float32(0.9175994), 'S12_imag': np.float32(-0.23334728), 'S22_real': np.float32(-0.047250047), 'S22_imag': np.float32(0.0058751996)}
2026-01-07 17:24:58 - INFO - (tensor([[[[1., 0., 0., 0., 1., 0., 1., 1., 1., 1., 0., 0., 1., 1., 0., 0., 1.,
           0., 0.],
          [0., 1., 1., 1., 1., 1., 0., 0., 0., 1., 0., 1., 1., 1., 1., 1., 1.,
           0., 1.],
          [0., 1., 0., 1., 1., 0., 1., 1., 0., 0., 1., 0., 0., 1., 0., 1., 0.,
           1., 1.],
          [1., 0., 1., 0., 1., 1., 1., 0., 1., 1., 0., 1., 1., 0., 0., 0., 1.,
           0., 1.],
          [1., 0., 0., 1., 0., 0., 1., 0., 0., 0., 1., 0., 0., 1., 1., 1., 1.,
           0., 1.],
          [1., 0., 1., 1., 0., 1., 1., 0., 0., 0., 0., 0., 0., 0., 0., 0., 0.,
           0., 0.],
          [1., 0., 0., 0., 0., 0., 1., 1., 1., 1., 0., 1., 1., 0., 1., 1., 0.,
           0., 1.],
          [0., 1., 0., 1., 1., 1., 0., 0., 1., 0., 0., 1., 0., 0., 1., 1., 0.,
           0., 0.],
          [1., 0., 0., 0., 0., 0., 0., 1., 1., 1., 0., 0., 1., 1., 1., 1., 1.,
           0., 0.],
          [1., 0., 0., 1., 1., 0., 1., 0., 0., 1., 0., 0., 0., 1., 1., 0., 0.,
           1., 1.],
          [1., 1., 0., 0., 0., 1., 1., 0., 1., 0., 1., 0., 0., 0., 0., 1., 0.,
           0., 0.],
          [0., 1., 0., 0., 1., 0., 0., 0., 0., 1., 1., 1., 1., 1., 1., 0., 0.,
           0., 0.],
          [1., 0., 0., 1., 0., 0., 1., 0., 0., 1., 0., 0., 0., 0., 0., 1., 0.,
           0., 0.],
          [1., 1., 1., 0., 0., 0., 0., 0., 1., 0., 0., 1., 1., 1., 1., 1., 0.,
           0., 0.],
          [0., 0., 1., 0., 0., 1., 1., 0., 0., 1., 0., 1., 0., 1., 1., 1., 0.,
           1., 1.],
          [0., 0., 0., 1., 1., 1., 0., 0., 1., 0., 0., 1., 1., 0., 1., 0., 0.,
           1., 1.],
          [0., 0., 1., 0., 0., 0., 0., 0., 1., 0., 0., 1., 1., 1., 0., 0., 1.,
           1., 1.],
          [1., 1., 0., 1., 0., 0., 1., 1., 1., 1., 1., 0., 1., 1., 0., 1., 1.,
           1., 0.],
          [1., 1., 1., 1., 0., 1., 0., 1., 1., 1., 0., 1., 1., 0., 1., 1., 1.,
           1., 0.]]]], device='cuda:0'), tensor([[0.7324]], device='cuda:0'))
2026-01-07 17:24:58 - INFO - [ 9.77717459e-01 -1.03352964e-01 -7.87759956e-04  4.12857067e-03
 -7.87765544e-04  4.12857439e-03  9.94514227e-01 -5.28047793e-02]
2026-01-07 17:24:58 - INFO - {'S11_real': np.float32(0.97771746), 'S11_imag': np.float32(-0.103352964), 'S21_real': np.float32(-0.00078775996), 'S21_imag': np.float32(0.0041285707), 'S12_real': np.float32(-0.00078776554), 'S12_imag': np.float32(0.0041285744), 'S22_real': np.float32(0.9945142), 'S22_imag': np.float32(-0.05280478)}
2026-01-07 17:24:58 - INFO - (tensor([[[[0., 0., 1., 1., 1., 1., 0., 1., 0., 1., 1., 0., 1., 0., 0., 1., 0.,
           0., 1.],
          [0., 0., 1., 0., 1., 0., 1., 1., 1., 1., 1., 0., 1., 1., 0., 1., 0.,
           0., 1.],
          [0., 0., 0., 1., 0., 1., 1., 0., 1., 0., 0., 1., 1., 1., 0., 0., 0.,
           1., 0.],
          [0., 0., 0., 1., 0., 1., 0., 0., 0., 1., 1., 1., 0., 0., 1., 0., 0.,
           1., 0.],
          [0., 0., 1., 0., 1., 0., 1., 1., 1., 1., 0., 1., 0., 0., 1., 0., 0.,
           0., 0.],
          [1., 0., 0., 0., 0., 0., 1., 0., 1., 0., 1., 0., 0., 1., 1., 1., 0.,
           1., 1.],
          [1., 0., 0., 0., 1., 0., 0., 0., 0., 1., 0., 1., 1., 1., 1., 1., 1.,
           0., 1.],
          [0., 1., 0., 1., 0., 0., 1., 1., 1., 1., 0., 0., 1., 1., 0., 1., 0.,
           1., 1.],
          [0., 0., 1., 0., 1., 0., 1., 1., 1., 0., 0., 0., 0., 1., 0., 0., 0.,
           1., 0.],
          [1., 1., 1., 1., 1., 1., 1., 1., 0., 1., 1., 1., 1., 1., 0., 0., 0.,
           0., 1.],
          [0., 0., 1., 1., 1., 1., 1., 1., 0., 1., 1., 1., 0., 0., 0., 1., 1.,
           1., 0.],
          [0., 1., 0., 1., 0., 0., 0., 1., 0., 1., 1., 1., 0., 0., 0., 1., 0.,
           0., 1.],
          [1., 1., 0., 0., 1., 0., 1., 0., 1., 0., 1., 1., 1., 0., 0., 0., 1.,
           1., 1.],
          [1., 1., 1., 1., 1., 1., 0., 1., 0., 1., 0., 1., 0., 1., 1., 1., 0.,
           1., 0.],
          [0., 0., 0., 0., 1., 0., 0., 0., 0., 1., 1., 1., 0., 0., 0., 1., 0.,
           1., 0.],
          [0., 1., 0., 1., 0., 1., 0., 0., 0., 0., 0., 1., 1., 0., 1., 1., 1.,
           1., 0.],
          [1., 1., 0., 0., 0., 0., 0., 0., 0., 0., 1., 0., 1., 0., 0., 1., 0.,
           0., 1.],
          [1., 1., 1., 1., 1., 0., 0., 0., 0., 0., 1., 1., 0., 1., 0., 1., 0.,
           0., 0.],
          [1., 1., 0., 1., 0., 0., 1., 0., 0., 0., 1., 0., 0., 0., 0., 1., 0.,
           0., 1.]]]], device='cuda:0'), tensor([[0.7324]], device='cuda:0'))
2026-01-07 17:24:58 - INFO - [-0.05398441 -0.00975152  0.9199716  -0.21855083  0.9199716  -0.21855082
 -0.04866826 -0.01437472]
2026-01-07 17:24:58 - INFO - {'S11_real': np.float32(-0.05398441), 'S11_imag': np.float32(-0.009751525), 'S21_real': np.float32(0.9199716), 'S21_imag': np.float32(-0.21855083), 'S12_real': np.float32(0.9199716), 'S12_imag': np.float32(-0.21855082), 'S22_real': np.float32(-0.048668258), 'S22_imag': np.float32(-0.014374723)}
2026-01-07 17:24:58 - INFO - (tensor([[[[1., 1., 1., 1., 1., 0., 0., 1., 0., 1., 0., 1., 1., 0., 1., 0., 1.,
           1., 0.],
          [1., 0., 0., 0., 0., 0., 1., 1., 0., 1., 0., 1., 0., 1., 0., 1., 0.,
           0., 1.],
          [0., 0., 1., 1., 0., 0., 0., 0., 1., 0., 0., 1., 1., 0., 1., 1., 1.,
           0., 0.],
          [0., 1., 0., 0., 0., 1., 0., 0., 0., 0., 1., 0., 0., 1., 1., 1., 1.,
           1., 0.],
          [1., 1., 1., 0., 0., 0., 1., 0., 1., 1., 0., 0., 0., 1., 0., 0., 0.,
           0., 0.],
          [1., 1., 0., 1., 1., 1., 0., 1., 0., 1., 0., 1., 1., 0., 0., 1., 0.,
           0., 0.],
          [0., 1., 0., 1., 1., 0., 0., 0., 0., 1., 1., 0., 1., 0., 1., 1., 1.,
           0., 0.],
          [1., 0., 0., 1., 0., 0., 1., 1., 1., 1., 0., 0., 1., 1., 0., 0., 0.,
           1., 1.],
          [1., 1., 0., 1., 1., 0., 1., 0., 1., 0., 0., 0., 1., 1., 1., 1., 1.,
           1., 0.],
          [1., 1., 0., 0., 1., 0., 1., 0., 1., 0., 0., 1., 1., 0., 0., 0., 0.,
           1., 1.],
          [0., 1., 1., 1., 1., 1., 1., 0., 0., 0., 1., 1., 0., 0., 1., 1., 0.,
           0., 0.],
          [0., 0., 1., 0., 0., 1., 0., 1., 1., 0., 0., 1., 1., 1., 0., 0., 0.,
           0., 0.],
          [1., 0., 0., 1., 0., 0., 0., 1., 1., 0., 0., 0., 1., 1., 0., 0., 0.,
           0., 1.],
          [1., 0., 1., 1., 0., 0., 0., 0., 1., 0., 0., 0., 0., 1., 0., 0., 1.,
           0., 0.],
          [0., 1., 0., 0., 0., 1., 0., 0., 0., 1., 1., 0., 0., 1., 0., 1., 1.,
           1., 0.],
          [1., 1., 0., 0., 0., 1., 1., 0., 1., 0., 0., 0., 0., 0., 1., 1., 0.,
           1., 1.],
          [0., 1., 1., 0., 1., 1., 1., 1., 1., 0., 0., 0., 0., 0., 1., 1., 0.,
           0., 0.],
          [1., 1., 1., 1., 1., 1., 0., 1., 0., 0., 1., 1., 1., 1., 1., 1., 1.,
           1., 0.],
          [0., 1., 0., 1., 0., 0., 1., 1., 1., 0., 0., 1., 0., 1., 0., 1., 0.,
           1., 1.]]]], device='cuda:0'), tensor([[0.7324]], device='cuda:0'))
2026-01-07 17:24:58 - INFO - [ 0.74533963 -0.3248635   0.14268273  0.06338245  0.14268273  0.06338245
  0.85465115 -0.24286363]
2026-01-07 17:24:58 - INFO - {'S11_real': np.float32(0.74533963), 'S11_imag': np.float32(-0.3248635), 'S21_real': np.float32(0.14268273), 'S21_imag': np.float32(0.063382454), 'S12_real': np.float32(0.14268273), 'S12_imag': np.float32(0.06338245), 'S22_real': np.float32(0.85465115), 'S22_imag': np.float32(-0.24286363)}
2026-01-07 17:24:58 - INFO - (tensor([[[[1., 0., 1., 0., 1., 1., 1., 0., 0., 0., 1., 0., 1., 1., 1., 1., 1.,
           0., 0.],
          [1., 1., 0., 1., 1., 1., 1., 0., 1., 0., 0., 0., 0., 1., 1., 1., 0.,
           0., 0.],
          [1., 1., 1., 0., 0., 1., 0., 0., 1., 0., 0., 1., 0., 0., 0., 0., 1.,
           1., 0.],
          [1., 1., 1., 0., 0., 1., 1., 1., 1., 0., 1., 0., 0., 0., 0., 0., 0.,
           0., 1.],
          [0., 1., 1., 1., 1., 1., 0., 0., 1., 1., 1., 0., 1., 0., 0., 1., 0.,
           0., 0.],
          [1., 1., 1., 1., 1., 1., 1., 1., 0., 1., 0., 0., 1., 0., 0., 1., 0.,
           1., 0.],
          [0., 1., 0., 0., 1., 1., 0., 0., 1., 0., 1., 1., 1., 0., 0., 0., 1.,
           0., 1.],
          [0., 1., 1., 0., 1., 0., 0., 0., 0., 0., 1., 0., 1., 0., 1., 1., 0.,
           1., 0.],
          [0., 0., 1., 1., 1., 1., 0., 0., 1., 1., 0., 1., 0., 1., 1., 1., 0.,
           0., 1.],
          [1., 1., 1., 1., 1., 1., 1., 0., 0., 0., 0., 1., 0., 0., 1., 0., 0.,
           0., 1.],
          [0., 1., 1., 1., 0., 0., 0., 1., 0., 0., 0., 0., 1., 1., 0., 1., 1.,
           1., 0.],
          [1., 1., 0., 1., 1., 1., 0., 0., 1., 0., 0., 0., 1., 1., 0., 1., 0.,
           0., 1.],
          [0., 0., 0., 0., 1., 0., 1., 0., 1., 0., 0., 1., 1., 0., 0., 0., 0.,
           0., 1.],
          [1., 0., 1., 1., 0., 1., 0., 1., 1., 1., 1., 1., 0., 1., 0., 1., 1.,
           1., 0.],
          [1., 1., 0., 0., 0., 1., 1., 1., 1., 0., 0., 1., 0., 0., 0., 1., 0.,
           1., 1.],
          [1., 0., 0., 0., 0., 1., 1., 1., 0., 0., 0., 1., 1., 0., 1., 1., 0.,
           0., 1.],
          [0., 1., 0., 1., 0., 0., 0., 1., 1., 0., 1., 1., 0., 0., 0., 1., 0.,
           1., 1.],
          [1., 0., 0., 1., 1., 0., 0., 0., 0., 0., 0., 0., 0., 0., 1., 0., 0.,
           1., 0.],
          [0., 1., 0., 1., 1., 0., 1., 1., 1., 1., 0., 1., 1., 0., 1., 0., 1.,
           0., 1.]]]], device='cuda:0'), tensor([[0.7324]], device='cuda:0'))
2026-01-07 17:24:58 - INFO - [-0.0274753  -0.00264648  0.9205937  -0.21498673  0.9205937  -0.21498674
 -0.02677877  0.00338854]
2026-01-07 17:24:58 - INFO - {'S11_real': np.float32(-0.027475296), 'S11_imag': np.float32(-0.002646481), 'S21_real': np.float32(0.9205937), 'S21_imag': np.float32(-0.21498673), 'S12_real': np.float32(0.9205937), 'S12_imag': np.float32(-0.21498674), 'S22_real': np.float32(-0.026778772), 'S22_imag': np.float32(0.0033885408)}
2026-01-07 17:24:58 - INFO - (tensor([[[[0., 1., 0., 0., 0., 0., 0., 1., 1., 0., 0., 1., 1., 0., 1., 0., 0.,
           0., 1.],
          [0., 1., 1., 1., 1., 0., 0., 1., 0., 1., 0., 0., 0., 0., 0., 0., 1.,
           0., 0.],
          [0., 1., 0., 0., 0., 1., 0., 1., 1., 0., 0., 1., 1., 0., 0., 1., 1.,
           1., 1.],
          [0., 1., 0., 1., 1., 0., 0., 0., 0., 1., 0., 0., 0., 1., 1., 0., 1.,
           1., 0.],
          [1., 0., 0., 0., 1., 0., 1., 1., 1., 1., 0., 0., 1., 0., 1., 1., 0.,
           1., 0.],
          [1., 1., 1., 1., 0., 1., 1., 0., 1., 1., 1., 1., 1., 1., 0., 1., 0.,
           1., 0.],
          [0., 0., 0., 1., 1., 1., 0., 0., 0., 0., 0., 0., 0., 1., 0., 1., 1.,
           0., 0.],
          [0., 0., 1., 0., 1., 0., 1., 1., 1., 1., 1., 0., 0., 0., 1., 0., 1.,
           1., 0.],
          [1., 0., 1., 0., 1., 0., 0., 1., 1., 1., 0., 0., 1., 0., 0., 1., 0.,
           0., 0.],
          [1., 0., 1., 0., 0., 0., 0., 0., 1., 0., 0., 0., 0., 1., 0., 0., 0.,
           0., 1.],
          [1., 0., 0., 0., 0., 0., 1., 1., 0., 0., 0., 1., 0., 0., 1., 1., 0.,
           0., 0.],
          [0., 1., 1., 0., 1., 0., 1., 0., 0., 1., 1., 1., 1., 1., 0., 0., 1.,
           0., 0.],
          [0., 0., 1., 0., 0., 0., 0., 1., 0., 0., 0., 1., 1., 0., 0., 1., 0.,
           1., 0.],
          [0., 1., 0., 0., 0., 1., 1., 0., 0., 0., 0., 1., 1., 1., 0., 0., 1.,
           0., 0.],
          [1., 0., 1., 0., 0., 0., 0., 0., 1., 1., 0., 0., 1., 1., 0., 1., 1.,
           1., 0.],
          [1., 1., 1., 1., 0., 1., 1., 1., 0., 0., 0., 1., 1., 1., 0., 1., 1.,
           0., 1.],
          [1., 0., 0., 0., 0., 0., 1., 0., 1., 1., 0., 0., 1., 1., 1., 0., 1.,
           0., 1.],
          [1., 1., 0., 0., 1., 1., 1., 0., 0., 0., 0., 0., 1., 1., 1., 0., 1.,
           0., 0.],
          [1., 1., 0., 0., 1., 0., 0., 0., 1., 0., 0., 0., 0., 0., 0., 0., 1.,
           1., 1.]]]], device='cuda:0'), tensor([[0.7324]], device='cuda:0'))
2026-01-07 17:24:58 - INFO - [ 9.9428678e-01 -4.6915311e-02 -3.1517912e-04  7.6658634e-04
 -3.1516887e-04  7.6658261e-04  9.9777567e-01 -2.9147517e-02]
2026-01-07 17:24:58 - INFO - {'S11_real': np.float32(0.9942868), 'S11_imag': np.float32(-0.04691531), 'S21_real': np.float32(-0.00031517912), 'S21_imag': np.float32(0.00076658634), 'S12_real': np.float32(-0.00031516887), 'S12_imag': np.float32(0.0007665826), 'S22_real': np.float32(0.9977757), 'S22_imag': np.float32(-0.029147517)}
2026-01-07 17:24:58 - INFO - (tensor([[[[0., 1., 1., 0., 1., 0., 0., 0., 1., 0., 1., 0., 0., 1., 0., 1., 0.,
           0., 0.],
          [0., 0., 0., 0., 0., 1., 1., 1., 0., 1., 1., 0., 1., 0., 1., 1., 1.,
           1., 1.],
          [0., 1., 0., 1., 0., 1., 1., 1., 1., 1., 0., 1., 1., 0., 1., 1., 1.,
           1., 1.],
          [0., 1., 0., 1., 1., 0., 1., 1., 0., 1., 1., 0., 0., 1., 1., 1., 0.,
           0., 1.],
          [1., 1., 0., 0., 0., 1., 1., 1., 0., 1., 0., 1., 0., 1., 1., 0., 1.,
           0., 1.],
          [1., 1., 0., 1., 0., 1., 1., 0., 1., 1., 0., 0., 1., 0., 0., 1., 0.,
           0., 1.],
          [0., 0., 1., 1., 0., 1., 0., 0., 0., 0., 1., 1., 0., 1., 0., 0., 1.,
           1., 0.],
          [1., 0., 1., 1., 0., 1., 1., 0., 0., 0., 0., 0., 0., 1., 0., 0., 0.,
           1., 0.],
          [0., 1., 1., 0., 1., 1., 0., 0., 0., 1., 0., 1., 0., 1., 0., 1., 0.,
           0., 0.],
          [1., 1., 0., 1., 0., 1., 0., 1., 1., 1., 1., 1., 0., 1., 1., 1., 1.,
           0., 1.],
          [1., 0., 0., 1., 0., 1., 1., 0., 1., 0., 0., 1., 1., 0., 1., 0., 0.,
           0., 0.],
          [1., 1., 1., 1., 1., 1., 0., 1., 0., 0., 0., 1., 0., 1., 0., 1., 1.,
           1., 1.],
          [1., 0., 1., 1., 0., 1., 1., 1., 1., 1., 0., 1., 0., 1., 0., 0., 0.,
           1., 1.],
          [0., 1., 1., 0., 1., 0., 1., 0., 1., 1., 0., 0., 1., 0., 0., 0., 0.,
           0., 1.],
          [0., 0., 0., 0., 1., 0., 1., 1., 0., 0., 1., 1., 1., 0., 1., 0., 1.,
           1., 0.],
          [0., 1., 0., 0., 1., 0., 0., 1., 1., 0., 0., 0., 1., 1., 0., 0., 0.,
           1., 1.],
          [0., 0., 0., 0., 1., 0., 0., 1., 0., 0., 0., 0., 0., 0., 1., 0., 1.,
           1., 1.],
          [1., 0., 0., 0., 0., 1., 1., 1., 0., 1., 0., 1., 0., 1., 1., 0., 1.,
           1., 0.],
          [1., 1., 1., 1., 0., 0., 1., 0., 1., 0., 1., 1., 0., 1., 1., 1., 1.,
           0., 0.]]]], device='cuda:0'), tensor([[0.7324]], device='cuda:0'))
2026-01-07 17:24:58 - INFO - [ 0.69712794 -0.4184452   0.00312838  0.0167087   0.00312837  0.0167087
  0.99806225 -0.02916343]
2026-01-07 17:24:58 - INFO - {'S11_real': np.float32(0.69712794), 'S11_imag': np.float32(-0.4184452), 'S21_real': np.float32(0.0031283777), 'S21_imag': np.float32(0.016708704), 'S12_real': np.float32(0.003128374), 'S12_imag': np.float32(0.0167087), 'S22_real': np.float32(0.99806225), 'S22_imag': np.float32(-0.029163433)}
2026-01-07 17:24:58 - INFO - (tensor([[[[0., 0., 1., 1., 1., 1., 0., 0., 0., 1., 1., 1., 1., 0., 0., 0., 1.,
           0., 1.],
          [0., 0., 1., 1., 1., 0., 0., 0., 0., 1., 0., 1., 0., 1., 1., 0., 0.,
           1., 0.],
          [1., 0., 0., 0., 0., 0., 1., 0., 1., 1., 1., 0., 1., 1., 1., 1., 1.,
           1., 0.],
          [1., 1., 0., 1., 0., 0., 1., 1., 0., 0., 0., 0., 1., 0., 0., 0., 1.,
           0., 0.],
          [1., 1., 0., 0., 0., 1., 1., 0., 0., 0., 1., 0., 0., 1., 0., 1., 1.,
           0., 1.],
          [1., 0., 1., 1., 0., 0., 0., 0., 0., 1., 1., 1., 1., 1., 0., 0., 0.,
           0., 1.],
          [0., 0., 1., 1., 0., 1., 1., 0., 1., 0., 1., 1., 1., 1., 0., 1., 0.,
           0., 1.],
          [1., 0., 1., 1., 0., 1., 0., 1., 1., 1., 1., 1., 1., 0., 0., 1., 1.,
           0., 0.],
          [0., 1., 1., 1., 0., 0., 1., 0., 1., 1., 0., 1., 0., 0., 1., 1., 0.,
           1., 0.],
          [1., 0., 0., 1., 1., 0., 0., 0., 0., 1., 1., 1., 0., 1., 0., 0., 1.,
           1., 1.],
          [0., 1., 0., 1., 1., 0., 0., 0., 0., 0., 1., 1., 1., 1., 0., 1., 0.,
           0., 0.],
          [0., 0., 1., 0., 0., 1., 1., 1., 0., 0., 0., 0., 1., 1., 1., 1., 1.,
           1., 0.],
          [0., 1., 1., 1., 1., 0., 0., 0., 1., 1., 1., 0., 0., 0., 1., 0., 0.,
           1., 0.],
          [1., 1., 1., 0., 0., 1., 0., 1., 0., 1., 1., 0., 1., 1., 1., 1., 1.,
           0., 0.],
          [1., 0., 1., 1., 1., 1., 1., 0., 0., 0., 0., 0., 0., 1., 0., 1., 1.,
           0., 0.],
          [1., 1., 1., 1., 1., 0., 0., 1., 1., 1., 1., 1., 1., 1., 1., 0., 1.,
           1., 0.],
          [1., 1., 1., 1., 0., 1., 1., 1., 0., 1., 1., 0., 0., 0., 0., 1., 0.,
           0., 0.],
          [1., 0., 1., 1., 0., 1., 0., 0., 1., 1., 1., 1., 0., 1., 1., 1., 1.,
           0., 0.],
          [1., 1., 0., 0., 0., 0., 1., 1., 0., 0., 1., 1., 0., 1., 0., 1., 1.,
           0., 1.]]]], device='cuda:0'), tensor([[0.7324]], device='cuda:0'))
2026-01-07 17:24:58 - INFO - [-0.04710738  0.01283314  0.9097212  -0.24812809  0.9097212  -0.24812809
 -0.04292345  0.00939596]
2026-01-07 17:24:58 - INFO - {'S11_real': np.float32(-0.047107376), 'S11_imag': np.float32(0.01283314), 'S21_real': np.float32(0.9097212), 'S21_imag': np.float32(-0.24812809), 'S12_real': np.float32(0.9097212), 'S12_imag': np.float32(-0.24812809), 'S22_real': np.float32(-0.042923447), 'S22_imag': np.float32(0.009395956)}
2026-01-07 17:24:58 - INFO - (tensor([[[[0., 1., 0., 0., 0., 1., 0., 0., 1., 1., 0., 0., 1., 1., 1., 0., 1.,
           0., 0.],
          [0., 1., 1., 1., 0., 0., 1., 1., 0., 0., 0., 0., 1., 0., 0., 1., 1.,
           1., 1.],
          [0., 0., 0., 0., 0., 1., 1., 0., 1., 0., 0., 0., 0., 0., 1., 1., 0.,
           0., 1.],
          [0., 0., 0., 1., 0., 0., 1., 0., 0., 1., 1., 0., 1., 0., 0., 1., 0.,
           1., 1.],
          [1., 0., 1., 0., 1., 1., 0., 0., 1., 0., 0., 1., 1., 0., 1., 1., 1.,
           0., 0.],
          [0., 1., 0., 1., 1., 1., 1., 0., 1., 1., 0., 1., 0., 0., 0., 1., 0.,
           1., 0.],
          [0., 0., 0., 1., 1., 0., 0., 0., 1., 0., 0., 1., 0., 0., 0., 0., 1.,
           1., 1.],
          [0., 0., 1., 0., 0., 1., 1., 0., 1., 0., 1., 1., 0., 0., 1., 0., 0.,
           0., 1.],
          [0., 0., 1., 1., 1., 1., 0., 0., 1., 1., 0., 0., 1., 0., 0., 1., 1.,
           1., 1.],
          [1., 1., 0., 0., 0., 1., 0., 1., 1., 1., 0., 1., 1., 0., 1., 0., 0.,
           1., 1.],
          [1., 1., 0., 1., 1., 0., 1., 1., 1., 1., 1., 0., 1., 0., 0., 0., 0.,
           1., 1.],
          [0., 1., 1., 0., 1., 0., 0., 1., 1., 1., 0., 0., 1., 0., 1., 1., 1.,
           1., 0.],
          [1., 0., 0., 0., 0., 0., 0., 1., 0., 1., 0., 1., 1., 0., 1., 1., 0.,
           0., 0.],
          [0., 0., 0., 0., 0., 1., 0., 1., 0., 0., 0., 0., 1., 1., 0., 1., 0.,
           1., 0.],
          [1., 1., 1., 0., 1., 0., 1., 0., 0., 0., 1., 1., 0., 0., 0., 1., 1.,
           1., 1.],
          [1., 0., 0., 0., 0., 1., 1., 0., 1., 0., 1., 1., 0., 0., 0., 1., 1.,
           1., 0.],
          [0., 0., 1., 1., 0., 0., 0., 1., 1., 0., 0., 0., 1., 1., 1., 0., 0.,
           0., 0.],
          [0., 0., 0., 0., 0., 0., 0., 1., 0., 0., 1., 0., 1., 1., 0., 0., 1.,
           0., 0.],
          [0., 1., 1., 0., 0., 1., 1., 0., 0., 0., 1., 1., 0., 1., 0., 0., 0.,
           0., 0.]]]], device='cuda:0'), tensor([[0.7324]], device='cuda:0'))
2026-01-07 17:24:58 - INFO - [ 0.9236373  -0.19675997  0.07754635  0.02504756  0.07754634  0.02504756
  0.903662   -0.21086848]
2026-01-07 17:24:58 - INFO - {'S11_real': np.float32(0.9236373), 'S11_imag': np.float32(-0.19675997), 'S21_real': np.float32(0.07754635), 'S21_imag': np.float32(0.025047557), 'S12_real': np.float32(0.07754634), 'S12_imag': np.float32(0.025047561), 'S22_real': np.float32(0.903662), 'S22_imag': np.float32(-0.21086848)}
2026-01-07 17:24:58 - INFO - (tensor([[[[1., 1., 0., 1., 0., 1., 1., 1., 1., 0., 1., 1., 1., 1., 1., 1., 1.,
           1., 0.],
          [0., 0., 1., 0., 0., 0., 1., 0., 0., 0., 0., 0., 0., 0., 1., 0., 0.,
           1., 1.],
          [1., 1., 1., 0., 0., 0., 1., 0., 0., 1., 1., 0., 1., 0., 1., 0., 0.,
           0., 1.],
          [1., 1., 1., 0., 0., 0., 0., 1., 1., 1., 1., 0., 1., 1., 1., 0., 0.,
           0., 1.],
          [0., 0., 0., 0., 0., 0., 1., 1., 0., 1., 0., 1., 0., 1., 0., 0., 1.,
           0., 1.],
          [0., 0., 0., 0., 1., 1., 1., 1., 1., 0., 0., 1., 0., 1., 0., 1., 0.,
           0., 1.],
          [0., 1., 0., 1., 0., 1., 0., 0., 1., 1., 1., 1., 0., 0., 0., 0., 0.,
           1., 1.],
          [1., 1., 1., 0., 0., 1., 1., 1., 0., 1., 1., 1., 0., 1., 0., 1., 1.,
           0., 0.],
          [1., 1., 0., 0., 1., 0., 0., 1., 1., 1., 0., 1., 1., 0., 1., 0., 0.,
           1., 1.],
          [1., 1., 0., 0., 1., 1., 0., 0., 1., 0., 0., 0., 1., 0., 0., 1., 0.,
           0., 1.],
          [1., 1., 1., 1., 0., 0., 1., 0., 1., 0., 0., 0., 1., 1., 1., 0., 1.,
           0., 0.],
          [1., 0., 0., 0., 1., 1., 1., 0., 0., 1., 0., 1., 1., 1., 1., 0., 0.,
           0., 1.],
          [0., 1., 1., 1., 0., 1., 0., 0., 0., 0., 0., 0., 0., 0., 1., 1., 0.,
           0., 0.],
          [0., 0., 1., 0., 0., 0., 1., 1., 0., 1., 1., 1., 1., 1., 1., 1., 1.,
           0., 0.],
          [1., 1., 0., 0., 1., 0., 1., 0., 1., 0., 1., 0., 0., 1., 1., 0., 0.,
           1., 0.],
          [0., 0., 0., 0., 1., 0., 0., 1., 1., 1., 1., 1., 0., 0., 0., 1., 1.,
           1., 0.],
          [0., 0., 0., 0., 0., 1., 0., 0., 0., 0., 0., 1., 0., 0., 1., 1., 0.,
           0., 0.],
          [0., 0., 1., 1., 0., 0., 1., 1., 0., 0., 0., 0., 0., 0., 1., 1., 1.,
           1., 0.],
          [1., 1., 0., 1., 0., 0., 1., 1., 1., 0., 1., 0., 1., 0., 1., 1., 0.,
           1., 1.]]]], device='cuda:0'), tensor([[0.7324]], device='cuda:0'))
2026-01-07 17:24:58 - INFO - [ 0.7319956  -0.39981124  0.00672052  0.03117909  0.00672052  0.03117909
  0.9938493  -0.05385322]
2026-01-07 17:24:58 - INFO - {'S11_real': np.float32(0.7319956), 'S11_imag': np.float32(-0.39981124), 'S21_real': np.float32(0.006720519), 'S21_imag': np.float32(0.031179091), 'S12_real': np.float32(0.006720521), 'S12_imag': np.float32(0.031179087), 'S22_real': np.float32(0.9938493), 'S22_imag': np.float32(-0.05385322)}
2026-01-07 17:24:58 - INFO - (tensor([[[[0., 1., 1., 0., 1., 0., 1., 1., 0., 1., 0., 0., 1., 0., 1., 0., 1.,
           1., 0.],
          [1., 1., 1., 0., 1., 1., 0., 1., 0., 0., 1., 0., 1., 1., 1., 0., 0.,
           1., 1.],
          [0., 1., 0., 0., 1., 1., 1., 0., 0., 0., 0., 1., 0., 1., 0., 0., 1.,
           0., 1.],
          [0., 1., 0., 0., 1., 1., 1., 0., 0., 0., 0., 0., 0., 1., 0., 0., 1.,
           1., 1.],
          [1., 1., 0., 0., 1., 1., 0., 1., 0., 0., 1., 0., 0., 0., 0., 1., 1.,
           1., 1.],
          [1., 0., 0., 0., 0., 1., 1., 0., 1., 0., 0., 1., 1., 1., 0., 1., 0.,
           1., 0.],
          [1., 0., 0., 1., 0., 1., 1., 1., 0., 1., 0., 1., 1., 0., 0., 1., 0.,
           1., 0.],
          [0., 1., 0., 1., 1., 0., 1., 0., 0., 1., 0., 1., 1., 0., 0., 1., 1.,
           1., 0.],
          [0., 1., 0., 1., 0., 1., 1., 1., 1., 1., 1., 0., 1., 1., 1., 1., 1.,
           0., 1.],
          [1., 1., 1., 0., 0., 1., 1., 0., 1., 0., 1., 0., 0., 1., 1., 1., 1.,
           0., 1.],
          [1., 0., 1., 1., 1., 0., 1., 0., 1., 0., 0., 0., 0., 1., 0., 0., 1.,
           0., 1.],
          [0., 1., 0., 0., 0., 0., 1., 0., 1., 1., 1., 1., 0., 0., 0., 0., 0.,
           0., 1.],
          [1., 0., 0., 0., 1., 0., 0., 0., 1., 1., 0., 1., 1., 1., 0., 0., 1.,
           1., 1.],
          [0., 1., 1., 0., 1., 1., 0., 1., 1., 1., 1., 0., 0., 0., 1., 0., 0.,
           1., 0.],
          [1., 1., 1., 0., 0., 1., 0., 1., 0., 0., 0., 0., 0., 1., 0., 0., 0.,
           0., 0.],
          [1., 1., 1., 0., 0., 1., 1., 1., 1., 0., 1., 0., 1., 0., 0., 0., 1.,
           0., 0.],
          [1., 1., 1., 1., 1., 1., 0., 0., 1., 1., 0., 0., 0., 1., 0., 0., 1.,
           1., 1.],
          [0., 1., 0., 0., 1., 0., 1., 1., 1., 1., 0., 1., 0., 0., 1., 0., 1.,
           1., 1.],
          [0., 1., 1., 0., 1., 1., 1., 1., 1., 1., 0., 1., 1., 1., 1., 0., 1.,
           0., 1.]]]], device='cuda:0'), tensor([[0.7324]], device='cuda:0'))
2026-01-07 17:24:58 - INFO - [ 0.73132193 -0.40033725  0.01249738  0.0414184   0.01249738  0.0414184
  0.98282135 -0.09029954]
2026-01-07 17:24:58 - INFO - {'S11_real': np.float32(0.73132193), 'S11_imag': np.float32(-0.40033725), 'S21_real': np.float32(0.012497377), 'S21_imag': np.float32(0.0414184), 'S12_real': np.float32(0.012497382), 'S12_imag': np.float32(0.041418396), 'S22_real': np.float32(0.98282135), 'S22_imag': np.float32(-0.09029954)}
2026-01-07 17:24:58 - INFO - (tensor([[[[1., 0., 0., 1., 1., 1., 1., 1., 1., 0., 1., 1., 1., 0., 0., 0., 1.,
           0., 1.],
          [1., 1., 1., 1., 1., 1., 0., 0., 0., 1., 0., 1., 0., 0., 1., 0., 1.,
           0., 0.],
          [0., 1., 1., 0., 0., 1., 0., 0., 1., 0., 0., 1., 1., 1., 1., 0., 1.,
           1., 0.],
          [1., 1., 0., 1., 1., 0., 1., 1., 0., 0., 1., 1., 1., 0., 1., 1., 0.,
           1., 1.],
          [1., 0., 0., 1., 1., 0., 1., 0., 0., 0., 0., 0., 1., 0., 1., 1., 1.,
           0., 1.],
          [1., 1., 0., 1., 0., 0., 1., 1., 0., 0., 1., 1., 1., 1., 1., 0., 0.,
           0., 0.],
          [0., 1., 0., 1., 0., 0., 1., 0., 0., 0., 0., 1., 0., 0., 0., 0., 0.,
           0., 0.],
          [0., 1., 1., 1., 0., 0., 1., 1., 1., 1., 0., 1., 0., 1., 0., 0., 0.,
           0., 1.],
          [0., 0., 1., 1., 1., 1., 0., 1., 0., 1., 0., 1., 1., 1., 1., 0., 1.,
           0., 0.],
          [1., 1., 0., 0., 0., 0., 0., 1., 1., 0., 1., 0., 1., 0., 1., 1., 0.,
           1., 1.],
          [0., 1., 0., 1., 1., 0., 1., 0., 0., 1., 0., 1., 1., 0., 1., 0., 0.,
           0., 0.],
          [1., 0., 0., 0., 1., 1., 0., 1., 1., 0., 0., 1., 1., 1., 0., 1., 1.,
           1., 1.],
          [0., 0., 0., 1., 0., 1., 1., 0., 1., 1., 1., 0., 0., 0., 0., 0., 0.,
           0., 0.],
          [0., 0., 1., 0., 1., 1., 0., 0., 1., 0., 0., 1., 0., 0., 1., 1., 1.,
           0., 1.],
          [0., 0., 0., 1., 0., 0., 1., 1., 0., 1., 0., 0., 0., 1., 1., 0., 0.,
           0., 0.],
          [1., 1., 1., 1., 1., 0., 1., 0., 0., 1., 1., 0., 0., 0., 1., 1., 1.,
           1., 0.],
          [1., 0., 1., 1., 1., 0., 0., 1., 0., 0., 1., 1., 0., 1., 0., 0., 1.,
           0., 1.],
          [0., 0., 0., 0., 0., 0., 1., 0., 0., 0., 1., 0., 0., 0., 1., 1., 1.,
           0., 0.],
          [0., 1., 0., 1., 1., 0., 0., 1., 0., 1., 1., 0., 0., 0., 0., 0., 0.,
           0., 1.]]]], device='cuda:0'), tensor([[0.7324]], device='cuda:0'))
2026-01-07 17:24:58 - INFO - [ 9.9197710e-01 -5.6124572e-02 -7.9377537e-04  2.2629870e-03
 -7.9377630e-04  2.2629795e-03  9.9465501e-01 -5.3332228e-02]
2026-01-07 17:24:58 - INFO - {'S11_real': np.float32(0.9919771), 'S11_imag': np.float32(-0.05612457), 'S21_real': np.float32(-0.00079377537), 'S21_imag': np.float32(0.002262987), 'S12_real': np.float32(-0.0007937763), 'S12_imag': np.float32(0.0022629795), 'S22_real': np.float32(0.994655), 'S22_imag': np.float32(-0.05333223)}
2026-01-07 17:24:58 - INFO - (tensor([[[[0., 0., 0., 0., 1., 0., 1., 1., 1., 1., 1., 0., 1., 1., 0., 1., 0.,
           0., 0.],
          [0., 1., 1., 1., 0., 0., 0., 1., 0., 1., 1., 0., 0., 0., 0., 0., 1.,
           1., 0.],
          [0., 0., 1., 1., 1., 1., 0., 1., 1., 0., 0., 1., 0., 0., 0., 1., 1.,
           0., 0.],
          [1., 1., 0., 0., 1., 0., 1., 0., 1., 0., 1., 0., 0., 0., 0., 1., 0.,
           1., 1.],
          [0., 1., 0., 1., 0., 0., 1., 1., 0., 1., 0., 0., 1., 0., 1., 0., 0.,
           0., 1.],
          [0., 0., 1., 0., 1., 1., 1., 0., 1., 0., 1., 0., 1., 1., 1., 0., 1.,
           0., 0.],
          [0., 0., 0., 0., 1., 1., 0., 0., 1., 1., 0., 1., 0., 1., 1., 1., 1.,
           1., 0.],
          [0., 1., 0., 0., 1., 0., 0., 1., 0., 1., 1., 0., 1., 0., 0., 1., 0.,
           0., 0.],
          [0., 0., 0., 0., 1., 0., 1., 1., 0., 1., 1., 1., 0., 1., 1., 1., 1.,
           1., 1.],
          [1., 1., 1., 0., 0., 1., 1., 0., 1., 1., 0., 1., 0., 1., 1., 0., 0.,
           1., 1.],
          [1., 0., 0., 0., 0., 0., 0., 1., 0., 0., 0., 0., 1., 0., 1., 0., 1.,
           0., 0.],
          [0., 0., 1., 1., 0., 0., 1., 1., 1., 0., 1., 0., 0., 1., 0., 0., 1.,
           0., 1.],
          [1., 1., 0., 1., 1., 0., 0., 1., 0., 0., 0., 0., 0., 1., 1., 1., 0.,
           0., 1.],
          [1., 1., 0., 1., 0., 1., 1., 0., 0., 1., 1., 1., 0., 0., 1., 1., 1.,
           0., 1.],
          [1., 0., 1., 1., 0., 0., 1., 0., 0., 0., 0., 0., 0., 0., 1., 0., 0.,
           0., 0.],
          [1., 1., 0., 1., 1., 1., 1., 1., 0., 0., 0., 1., 0., 1., 0., 0., 0.,
           0., 1.],
          [0., 0., 1., 1., 0., 0., 1., 1., 0., 1., 1., 0., 0., 0., 1., 0., 0.,
           0., 1.],
          [0., 0., 1., 1., 0., 0., 0., 1., 0., 0., 1., 1., 0., 1., 0., 0., 1.,
           1., 1.],
          [1., 0., 1., 1., 0., 0., 0., 1., 0., 1., 1., 1., 1., 0., 0., 0., 0.,
           0., 1.]]]], device='cuda:0'), tensor([[0.7324]], device='cuda:0'))
2026-01-07 17:24:58 - INFO - [ 0.9902169  -0.07093146  0.00499453  0.03148345  0.00499452  0.03148344
  0.7995506  -0.34636065]
2026-01-07 17:24:58 - INFO - {'S11_real': np.float32(0.9902169), 'S11_imag': np.float32(-0.070931464), 'S21_real': np.float32(0.0049945326), 'S21_imag': np.float32(0.031483453), 'S12_real': np.float32(0.0049945232), 'S12_imag': np.float32(0.03148344), 'S22_real': np.float32(0.7995506), 'S22_imag': np.float32(-0.34636065)}
2026-01-07 17:24:58 - INFO - (tensor([[[[1., 1., 1., 0., 1., 1., 1., 1., 1., 1., 0., 0., 1., 1., 1., 1., 1.,
           0., 0.],
          [1., 0., 1., 1., 0., 0., 0., 0., 1., 0., 0., 0., 1., 1., 1., 0., 0.,
           0., 1.],
          [0., 0., 1., 0., 0., 0., 0., 1., 1., 1., 0., 0., 1., 0., 1., 1., 0.,
           1., 1.],
          [1., 1., 1., 1., 0., 1., 1., 0., 0., 1., 0., 0., 1., 0., 1., 1., 1.,
           1., 0.],
          [1., 0., 0., 1., 1., 0., 1., 1., 1., 0., 0., 0., 0., 1., 1., 0., 0.,
           0., 0.],
          [0., 1., 0., 0., 1., 1., 1., 0., 1., 0., 0., 1., 0., 0., 1., 1., 1.,
           1., 1.],
          [1., 1., 1., 1., 1., 0., 0., 0., 1., 0., 0., 0., 0., 0., 1., 1., 1.,
           0., 0.],
          [1., 1., 1., 0., 1., 1., 1., 1., 1., 0., 0., 1., 0., 1., 1., 0., 0.,
           0., 0.],
          [1., 0., 1., 1., 1., 1., 1., 0., 1., 0., 1., 0., 0., 1., 1., 0., 1.,
           1., 0.],
          [1., 1., 1., 1., 1., 0., 0., 1., 0., 0., 0., 0., 0., 0., 0., 1., 1.,
           0., 1.],
          [0., 0., 0., 1., 0., 1., 1., 0., 0., 0., 1., 1., 1., 0., 0., 0., 0.,
           0., 0.],
          [1., 1., 0., 0., 1., 1., 1., 0., 1., 1., 1., 1., 1., 0., 0., 1., 0.,
           0., 1.],
          [0., 0., 1., 1., 0., 0., 0., 1., 0., 0., 1., 0., 1., 0., 1., 0., 0.,
           1., 1.],
          [1., 1., 1., 1., 1., 0., 0., 0., 0., 0., 0., 0., 1., 0., 1., 0., 1.,
           0., 0.],
          [0., 0., 1., 0., 1., 0., 0., 0., 0., 1., 1., 1., 0., 0., 0., 0., 1.,
           1., 1.],
          [0., 1., 0., 1., 1., 1., 1., 0., 0., 1., 1., 0., 1., 1., 1., 0., 0.,
           1., 1.],
          [0., 0., 0., 0., 0., 0., 0., 0., 1., 1., 0., 1., 0., 1., 0., 0., 1.,
           1., 1.],
          [1., 1., 0., 0., 0., 1., 0., 0., 1., 0., 1., 1., 0., 0., 1., 1., 0.,
           0., 0.],
          [0., 0., 1., 1., 0., 0., 0., 0., 0., 1., 1., 0., 0., 0., 1., 1., 1.,
           0., 0.]]]], device='cuda:0'), tensor([[0.7324]], device='cuda:0'))
2026-01-07 17:24:58 - INFO - [ 8.3041644e-01 -3.1080237e-01  4.3981709e-05  8.0510760e-03
  4.3981709e-05  8.0510834e-03  9.9679011e-01 -3.1236224e-02]
2026-01-07 17:24:58 - INFO - {'S11_real': np.float32(0.83041644), 'S11_imag': np.float32(-0.31080237), 'S21_real': np.float32(4.398171e-05), 'S21_imag': np.float32(0.008051076), 'S12_real': np.float32(4.398171e-05), 'S12_imag': np.float32(0.008051083), 'S22_real': np.float32(0.9967901), 'S22_imag': np.float32(-0.031236224)}
2026-01-07 17:24:58 - INFO - (tensor([[[[1., 1., 0., 1., 1., 1., 0., 0., 1., 1., 0., 0., 1., 1., 1., 0., 1.,
           1., 1.],
          [1., 1., 0., 1., 1., 0., 0., 1., 1., 1., 0., 0., 0., 0., 1., 0., 1.,
           0., 1.],
          [1., 1., 0., 1., 1., 1., 0., 1., 0., 1., 0., 1., 1., 1., 1., 0., 1.,
           1., 1.],
          [0., 0., 0., 1., 0., 0., 0., 1., 0., 1., 0., 0., 1., 1., 1., 0., 1.,
           1., 0.],
          [1., 1., 0., 0., 0., 1., 0., 1., 0., 0., 0., 1., 1., 1., 1., 1., 0.,
           0., 0.],
          [0., 1., 1., 1., 0., 0., 1., 0., 0., 1., 0., 1., 0., 1., 0., 1., 1.,
           0., 0.],
          [1., 1., 1., 1., 1., 0., 0., 0., 0., 0., 1., 0., 0., 1., 1., 0., 0.,
           1., 0.],
          [1., 0., 0., 0., 0., 1., 1., 0., 0., 0., 0., 1., 1., 0., 1., 1., 0.,
           0., 0.],
          [1., 1., 1., 1., 0., 0., 0., 1., 0., 0., 1., 0., 1., 1., 0., 0., 1.,
           0., 0.],
          [1., 0., 1., 1., 1., 1., 0., 0., 0., 1., 0., 1., 1., 0., 0., 1., 1.,
           1., 1.],
          [0., 0., 0., 1., 1., 0., 0., 0., 1., 1., 1., 0., 0., 0., 0., 0., 0.,
           1., 0.],
          [0., 1., 1., 1., 1., 1., 1., 0., 0., 0., 0., 1., 1., 0., 1., 1., 0.,
           0., 0.],
          [0., 0., 0., 0., 0., 1., 0., 1., 0., 1., 0., 0., 0., 0., 0., 1., 0.,
           0., 0.],
          [1., 1., 1., 1., 1., 1., 0., 0., 0., 1., 0., 0., 1., 0., 0., 0., 1.,
           1., 0.],
          [0., 1., 1., 1., 1., 0., 1., 0., 1., 0., 1., 1., 1., 0., 0., 0., 0.,
           1., 1.],
          [1., 0., 1., 1., 1., 0., 0., 1., 0., 0., 1., 1., 0., 0., 1., 1., 1.,
           1., 1.],
          [1., 1., 0., 0., 1., 0., 0., 1., 1., 1., 0., 1., 1., 0., 1., 0., 0.,
           1., 1.],
          [1., 0., 1., 0., 1., 1., 1., 1., 0., 1., 1., 1., 1., 0., 0., 1., 0.,
           1., 0.],
          [1., 0., 0., 0., 0., 0., 1., 0., 1., 1., 1., 1., 1., 1., 1., 1., 1.,
           1., 1.]]]], device='cuda:0'), tensor([[0.7324]], device='cuda:0'))
2026-01-07 17:24:58 - INFO - [ 0.88325197 -0.27109206  0.00157872  0.02224612  0.00157872  0.02224612
  0.9855434  -0.07781004]
2026-01-07 17:24:58 - INFO - {'S11_real': np.float32(0.88325197), 'S11_imag': np.float32(-0.27109206), 'S21_real': np.float32(0.0015787162), 'S21_imag': np.float32(0.022246124), 'S12_real': np.float32(0.0015787181), 'S12_imag': np.float32(0.022246124), 'S22_real': np.float32(0.9855434), 'S22_imag': np.float32(-0.07781004)}
2026-01-07 17:24:58 - INFO - (tensor([[[[0., 1., 1., 1., 0., 0., 1., 0., 0., 1., 1., 0., 0., 1., 1., 1., 1.,
           1., 1.],
          [0., 1., 1., 0., 1., 1., 0., 0., 1., 0., 1., 1., 0., 1., 1., 1., 1.,
           0., 0.],
          [1., 1., 1., 1., 1., 0., 0., 0., 1., 1., 1., 0., 1., 0., 1., 1., 1.,
           1., 0.],
          [1., 1., 0., 0., 0., 1., 1., 1., 1., 0., 0., 0., 0., 0., 1., 1., 1.,
           0., 0.],
          [1., 1., 1., 1., 1., 1., 0., 1., 0., 1., 0., 0., 0., 1., 1., 1., 1.,
           0., 1.],
          [1., 1., 0., 0., 1., 1., 1., 1., 0., 1., 1., 0., 1., 1., 1., 0., 0.,
           1., 1.],
          [0., 0., 0., 1., 0., 0., 0., 1., 0., 1., 1., 1., 1., 0., 1., 1., 1.,
           0., 0.],
          [0., 0., 1., 1., 1., 0., 0., 0., 1., 1., 1., 0., 0., 1., 0., 1., 1.,
           0., 1.],
          [1., 1., 1., 1., 0., 1., 0., 1., 0., 0., 0., 1., 0., 1., 1., 0., 0.,
           1., 1.],
          [1., 0., 1., 1., 1., 1., 1., 1., 1., 1., 1., 1., 1., 1., 0., 1., 1.,
           1., 1.],
          [1., 0., 1., 0., 1., 0., 0., 1., 0., 0., 1., 0., 0., 0., 1., 1., 1.,
           1., 0.],
          [1., 0., 1., 1., 0., 0., 1., 1., 1., 1., 1., 0., 1., 0., 1., 1., 0.,
           1., 0.],
          [0., 1., 0., 1., 1., 1., 1., 1., 1., 1., 0., 1., 0., 1., 1., 0., 0.,
           0., 0.],
          [1., 1., 0., 1., 0., 0., 0., 0., 0., 1., 0., 0., 1., 0., 0., 1., 1.,
           1., 1.],
          [1., 0., 0., 0., 1., 1., 1., 1., 1., 1., 0., 1., 0., 0., 0., 1., 1.,
           1., 1.],
          [1., 0., 0., 1., 0., 0., 1., 0., 0., 1., 0., 1., 1., 1., 0., 0., 0.,
           1., 0.],
          [0., 1., 1., 1., 0., 1., 0., 1., 1., 1., 1., 0., 0., 0., 1., 0., 1.,
           1., 0.],
          [1., 1., 0., 0., 1., 0., 1., 0., 1., 1., 1., 0., 0., 1., 0., 0., 0.,
           1., 0.],
          [0., 0., 1., 1., 1., 0., 1., 0., 0., 1., 0., 1., 0., 0., 0., 0., 0.,
           1., 1.]]]], device='cuda:0'), tensor([[0.7324]], device='cuda:0'))
2026-01-07 17:24:58 - INFO - [-0.05809757 -0.02449802  0.9147587  -0.22052294  0.9147587  -0.22052293
 -0.06001464 -0.02306411]
2026-01-07 17:24:58 - INFO - {'S11_real': np.float32(-0.05809757), 'S11_imag': np.float32(-0.024498023), 'S21_real': np.float32(0.9147587), 'S21_imag': np.float32(-0.22052294), 'S12_real': np.float32(0.9147587), 'S12_imag': np.float32(-0.22052293), 'S22_real': np.float32(-0.060014635), 'S22_imag': np.float32(-0.023064107)}
2026-01-07 17:24:58 - INFO - (tensor([[[[1., 1., 0., 0., 1., 1., 0., 1., 0., 0., 1., 0., 0., 1., 1., 0., 1.,
           0., 1.],
          [0., 0., 0., 0., 0., 0., 0., 0., 0., 1., 0., 1., 1., 1., 0., 0., 1.,
           0., 0.],
          [0., 0., 0., 0., 1., 1., 1., 1., 1., 0., 0., 0., 1., 1., 0., 1., 0.,
           0., 0.],
          [1., 1., 0., 0., 1., 1., 1., 1., 0., 0., 1., 1., 1., 1., 0., 1., 1.,
           0., 1.],
          [0., 0., 0., 1., 0., 1., 1., 0., 0., 0., 1., 1., 0., 1., 0., 1., 1.,
           1., 1.],
          [0., 0., 0., 1., 1., 0., 0., 0., 1., 0., 0., 0., 0., 0., 0., 0., 0.,
           0., 1.],
          [0., 0., 0., 1., 1., 0., 1., 1., 0., 1., 1., 0., 0., 1., 0., 0., 0.,
           1., 0.],
          [1., 1., 0., 1., 0., 0., 0., 0., 0., 1., 1., 0., 1., 1., 1., 1., 0.,
           0., 0.],
          [1., 1., 0., 0., 1., 0., 1., 0., 0., 1., 0., 0., 0., 0., 0., 0., 1.,
           1., 1.],
          [1., 1., 0., 0., 1., 0., 0., 0., 0., 0., 1., 1., 0., 1., 1., 1., 1.,
           0., 1.],
          [0., 1., 1., 0., 0., 1., 1., 0., 1., 0., 0., 0., 1., 0., 0., 1., 0.,
           1., 1.],
          [0., 1., 1., 1., 0., 0., 0., 1., 0., 0., 1., 0., 1., 0., 1., 1., 1.,
           1., 0.],
          [1., 1., 1., 1., 1., 1., 0., 1., 0., 1., 1., 0., 1., 1., 0., 0., 0.,
           0., 1.],
          [0., 0., 0., 1., 0., 1., 1., 1., 1., 0., 0., 1., 0., 0., 0., 0., 1.,
           0., 0.],
          [1., 0., 0., 0., 1., 0., 0., 1., 0., 1., 1., 1., 0., 0., 0., 0., 0.,
           1., 1.],
          [1., 1., 0., 1., 1., 0., 1., 0., 0., 0., 1., 1., 1., 1., 1., 1., 0.,
           0., 1.],
          [1., 0., 0., 0., 1., 1., 1., 0., 1., 1., 1., 1., 1., 1., 0., 1., 0.,
           0., 0.],
          [1., 1., 1., 1., 0., 1., 0., 1., 1., 0., 0., 0., 1., 0., 0., 0., 1.,
           0., 0.],
          [1., 0., 0., 0., 1., 0., 0., 0., 0., 0., 0., 0., 1., 1., 1., 0., 1.,
           0., 0.]]]], device='cuda:0'), tensor([[0.7324]], device='cuda:0'))
2026-01-07 17:24:58 - INFO - [-0.02100147  0.0429333   0.9254579  -0.23751155  0.9254579  -0.23751155
 -0.02229945  0.04546415]
2026-01-07 17:24:58 - INFO - {'S11_real': np.float32(-0.02100147), 'S11_imag': np.float32(0.0429333), 'S21_real': np.float32(0.9254579), 'S21_imag': np.float32(-0.23751155), 'S12_real': np.float32(0.9254579), 'S12_imag': np.float32(-0.23751155), 'S22_real': np.float32(-0.022299448), 'S22_imag': np.float32(0.045464147)}
2026-01-07 17:24:58 - INFO - (tensor([[[[0., 1., 1., 0., 0., 1., 1., 1., 1., 1., 1., 1., 0., 0., 1., 1., 0.,
           1., 0.],
          [0., 1., 0., 1., 1., 0., 0., 0., 1., 1., 1., 1., 1., 1., 1., 0., 1.,
           0., 0.],
          [1., 0., 0., 0., 1., 0., 1., 1., 1., 0., 0., 1., 1., 1., 0., 0., 0.,
           0., 0.],
          [0., 0., 1., 0., 1., 0., 1., 0., 0., 0., 1., 0., 0., 1., 0., 0., 1.,
           0., 1.],
          [1., 1., 0., 0., 1., 1., 0., 0., 0., 1., 0., 1., 1., 0., 0., 1., 1.,
           0., 1.],
          [0., 0., 1., 1., 0., 1., 1., 0., 1., 0., 1., 0., 1., 1., 1., 1., 1.,
           1., 1.],
          [1., 0., 1., 1., 1., 1., 1., 0., 0., 1., 1., 1., 1., 0., 1., 0., 1.,
           0., 0.],
          [0., 1., 1., 1., 1., 1., 0., 0., 0., 1., 0., 1., 0., 1., 0., 1., 0.,
           0., 0.],
          [1., 0., 0., 0., 1., 0., 1., 0., 0., 1., 1., 0., 1., 1., 1., 0., 0.,
           0., 1.],
          [1., 1., 1., 0., 1., 0., 1., 0., 0., 1., 1., 1., 0., 1., 0., 1., 0.,
           1., 1.],
          [0., 0., 1., 0., 1., 0., 1., 1., 0., 0., 1., 0., 1., 1., 1., 1., 1.,
           1., 1.],
          [1., 1., 0., 1., 1., 1., 0., 0., 0., 0., 0., 0., 1., 0., 0., 0., 0.,
           0., 1.],
          [1., 0., 1., 0., 1., 1., 0., 0., 0., 1., 1., 0., 0., 1., 0., 1., 1.,
           0., 1.],
          [1., 1., 1., 0., 1., 0., 1., 0., 1., 1., 0., 1., 0., 1., 0., 0., 1.,
           1., 1.],
          [1., 1., 1., 1., 1., 1., 0., 0., 0., 1., 0., 1., 1., 1., 1., 0., 0.,
           0., 1.],
          [1., 0., 1., 0., 0., 0., 1., 0., 1., 0., 1., 1., 0., 1., 1., 1., 0.,
           1., 0.],
          [0., 1., 0., 0., 0., 0., 0., 1., 1., 0., 0., 1., 1., 1., 0., 0., 1.,
           0., 1.],
          [1., 0., 1., 1., 1., 1., 1., 0., 1., 0., 0., 1., 1., 1., 0., 0., 0.,
           1., 1.],
          [1., 1., 1., 0., 0., 0., 1., 1., 0., 1., 0., 1., 1., 1., 1., 0., 1.,
           0., 0.]]]], device='cuda:0'), tensor([[0.7324]], device='cuda:0'))
2026-01-07 17:24:58 - INFO - [ 0.7665886  -0.38987485  0.06930785  0.12985261  0.06930787  0.12985262
  0.7678783  -0.38637224]
2026-01-07 17:24:58 - INFO - {'S11_real': np.float32(0.7665886), 'S11_imag': np.float32(-0.38987485), 'S21_real': np.float32(0.06930785), 'S21_imag': np.float32(0.12985261), 'S12_real': np.float32(0.06930787), 'S12_imag': np.float32(0.12985262), 'S22_real': np.float32(0.7678783), 'S22_imag': np.float32(-0.38637224)}
2026-01-07 17:24:58 - INFO - (tensor([[[[0., 0., 0., 1., 0., 0., 0., 0., 0., 1., 0., 1., 0., 1., 1., 1., 1.,
           1., 1.],
          [1., 0., 1., 0., 0., 0., 1., 0., 1., 1., 1., 0., 0., 1., 1., 1., 1.,
           0., 0.],
          [0., 0., 0., 1., 1., 0., 1., 0., 1., 1., 1., 0., 0., 0., 1., 1., 1.,
           1., 1.],
          [0., 0., 1., 0., 1., 1., 0., 1., 0., 0., 0., 1., 0., 1., 1., 1., 1.,
           1., 1.],
          [1., 1., 0., 0., 1., 1., 0., 0., 0., 0., 0., 0., 1., 0., 0., 0., 0.,
           1., 1.],
          [1., 1., 1., 1., 1., 1., 0., 0., 1., 1., 1., 0., 1., 1., 1., 1., 0.,
           1., 0.],
          [0., 1., 0., 1., 0., 1., 0., 0., 1., 0., 1., 1., 0., 1., 1., 1., 1.,
           0., 0.],
          [0., 1., 0., 0., 0., 1., 0., 1., 0., 0., 1., 0., 1., 1., 0., 1., 1.,
           1., 1.],
          [0., 1., 1., 0., 0., 0., 1., 1., 1., 1., 0., 0., 1., 1., 1., 1., 0.,
           0., 0.],
          [1., 1., 0., 1., 0., 0., 1., 0., 0., 0., 0., 1., 0., 0., 0., 1., 1.,
           0., 1.],
          [0., 1., 0., 0., 1., 1., 1., 0., 0., 0., 1., 0., 0., 1., 1., 0., 1.,
           0., 0.],
          [0., 1., 0., 1., 1., 1., 1., 0., 1., 0., 0., 0., 0., 1., 1., 0., 0.,
           0., 1.],
          [1., 0., 0., 0., 1., 0., 1., 1., 1., 0., 1., 1., 0., 0., 0., 1., 1.,
           0., 1.],
          [0., 0., 1., 1., 1., 1., 0., 0., 1., 1., 1., 0., 0., 1., 0., 0., 0.,
           0., 1.],
          [1., 1., 1., 0., 1., 1., 1., 1., 1., 0., 1., 0., 0., 0., 0., 0., 0.,
           1., 0.],
          [1., 0., 0., 0., 1., 0., 0., 1., 0., 0., 0., 1., 0., 0., 1., 1., 0.,
           0., 0.],
          [0., 1., 1., 1., 0., 1., 1., 0., 0., 0., 0., 0., 0., 1., 0., 0., 1.,
           1., 1.],
          [1., 1., 0., 0., 1., 1., 1., 1., 0., 1., 1., 0., 0., 0., 1., 1., 0.,
           1., 1.],
          [0., 0., 0., 1., 0., 1., 1., 1., 0., 0., 0., 1., 0., 0., 1., 1., 0.,
           0., 1.]]]], device='cuda:0'), tensor([[0.7324]], device='cuda:0'))
2026-01-07 17:24:58 - INFO - [ 0.7434317  -0.3806761   0.00192543  0.01397618  0.00192543  0.01397618
  0.9984179  -0.0295888 ]
2026-01-07 17:24:58 - INFO - {'S11_real': np.float32(0.7434317), 'S11_imag': np.float32(-0.3806761), 'S21_real': np.float32(0.0019254261), 'S21_imag': np.float32(0.013976182), 'S12_real': np.float32(0.0019254261), 'S12_imag': np.float32(0.013976178), 'S22_real': np.float32(0.9984179), 'S22_imag': np.float32(-0.029588796)}
2026-01-07 17:24:58 - INFO - (tensor([[[[1., 1., 0., 0., 1., 0., 0., 0., 1., 0., 1., 0., 1., 1., 0., 0., 1.,
           1., 0.],
          [1., 1., 0., 0., 0., 0., 1., 0., 0., 0., 0., 1., 1., 0., 0., 0., 0.,
           1., 1.],
          [1., 1., 0., 1., 1., 0., 1., 1., 1., 0., 0., 0., 0., 1., 1., 0., 0.,
           0., 1.],
          [1., 0., 0., 0., 0., 0., 0., 0., 0., 1., 0., 1., 0., 1., 0., 0., 1.,
           0., 1.],
          [1., 1., 0., 1., 0., 1., 0., 1., 1., 0., 0., 0., 0., 0., 0., 0., 0.,
           0., 1.],
          [1., 1., 1., 0., 1., 1., 1., 0., 0., 1., 1., 1., 0., 1., 1., 0., 1.,
           1., 1.],
          [1., 1., 1., 1., 1., 0., 1., 1., 1., 0., 1., 0., 1., 0., 0., 0., 1.,
           1., 0.],
          [1., 0., 1., 1., 0., 0., 1., 0., 0., 1., 0., 1., 1., 0., 0., 0., 1.,
           0., 1.],
          [0., 0., 1., 0., 0., 1., 0., 0., 1., 0., 0., 1., 0., 0., 0., 1., 0.,
           1., 0.],
          [1., 0., 0., 0., 0., 0., 0., 0., 1., 0., 1., 1., 0., 1., 1., 1., 1.,
           0., 1.],
          [0., 1., 1., 1., 0., 0., 0., 0., 1., 0., 1., 0., 1., 1., 0., 1., 1.,
           1., 1.],
          [1., 0., 0., 1., 1., 0., 0., 0., 1., 1., 0., 0., 0., 1., 1., 1., 0.,
           1., 0.],
          [0., 0., 1., 1., 1., 1., 1., 1., 0., 0., 1., 1., 1., 0., 1., 0., 1.,
           0., 0.],
          [1., 0., 0., 0., 0., 1., 0., 0., 0., 1., 1., 0., 1., 1., 1., 1., 1.,
           1., 1.],
          [0., 0., 0., 1., 0., 1., 1., 0., 0., 0., 0., 1., 0., 0., 1., 1., 1.,
           1., 1.],
          [0., 0., 1., 0., 1., 0., 0., 0., 0., 0., 1., 0., 0., 0., 0., 1., 1.,
           1., 0.],
          [1., 1., 1., 1., 0., 0., 0., 0., 1., 0., 0., 0., 1., 1., 1., 0., 0.,
           0., 0.],
          [1., 0., 1., 1., 0., 1., 0., 0., 0., 0., 1., 1., 0., 1., 1., 1., 0.,
           0., 0.],
          [1., 0., 0., 0., 0., 0., 0., 1., 0., 1., 0., 1., 1., 1., 0., 0., 1.,
           1., 0.]]]], device='cuda:0'), tensor([[0.7324]], device='cuda:0'))
2026-01-07 17:24:58 - INFO - [ 9.9777257e-01 -3.2048635e-02  2.9694196e-04  1.1499487e-02
  2.9694755e-04  1.1499479e-02  8.2888830e-01 -3.1629473e-01]
2026-01-07 17:24:58 - INFO - {'S11_real': np.float32(0.9977726), 'S11_imag': np.float32(-0.032048635), 'S21_real': np.float32(0.00029694196), 'S21_imag': np.float32(0.011499487), 'S12_real': np.float32(0.00029694755), 'S12_imag': np.float32(0.011499479), 'S22_real': np.float32(0.8288883), 'S22_imag': np.float32(-0.31629473)}
2026-01-07 17:24:58 - INFO - (tensor([[[[0., 0., 1., 1., 1., 1., 1., 0., 1., 1., 0., 0., 0., 1., 0., 1., 0.,
           1., 1.],
          [0., 1., 0., 1., 1., 1., 0., 1., 0., 1., 1., 0., 0., 1., 1., 1., 1.,
           1., 1.],
          [0., 1., 0., 1., 1., 0., 1., 1., 0., 1., 0., 1., 1., 0., 0., 1., 0.,
           0., 0.],
          [1., 0., 0., 0., 0., 0., 1., 1., 1., 1., 1., 0., 0., 1., 0., 0., 0.,
           1., 0.],
          [0., 1., 1., 0., 0., 1., 1., 0., 0., 1., 0., 1., 1., 1., 0., 0., 1.,
           1., 1.],
          [1., 0., 1., 1., 1., 0., 1., 1., 1., 1., 1., 0., 0., 0., 1., 1., 0.,
           1., 0.],
          [1., 0., 0., 1., 1., 0., 0., 1., 0., 1., 0., 1., 1., 1., 0., 1., 1.,
           1., 0.],
          [1., 1., 1., 1., 1., 0., 1., 1., 0., 0., 0., 0., 1., 0., 1., 0., 0.,
           1., 0.],
          [0., 1., 0., 0., 0., 1., 1., 1., 1., 1., 0., 1., 0., 1., 0., 1., 1.,
           0., 0.],
          [1., 0., 1., 0., 0., 1., 0., 0., 0., 1., 0., 1., 0., 1., 1., 0., 0.,
           0., 1.],
          [0., 0., 1., 1., 0., 1., 0., 0., 1., 0., 1., 0., 1., 0., 1., 1., 0.,
           0., 1.],
          [0., 0., 0., 0., 0., 0., 1., 1., 0., 1., 0., 1., 0., 0., 0., 1., 0.,
           0., 1.],
          [1., 0., 1., 1., 0., 0., 0., 0., 1., 0., 0., 0., 1., 0., 0., 0., 1.,
           0., 0.],
          [0., 0., 1., 1., 0., 1., 1., 0., 0., 1., 0., 0., 0., 0., 1., 0., 1.,
           0., 0.],
          [1., 1., 1., 1., 0., 0., 1., 0., 0., 0., 1., 1., 1., 1., 1., 1., 1.,
           0., 0.],
          [1., 0., 0., 1., 0., 0., 1., 1., 0., 1., 1., 0., 1., 0., 1., 0., 1.,
           0., 1.],
          [0., 1., 0., 1., 0., 0., 1., 1., 0., 1., 0., 0., 0., 0., 0., 0., 1.,
           0., 0.],
          [0., 0., 0., 1., 1., 0., 0., 0., 1., 1., 0., 1., 0., 0., 1., 1., 1.,
           1., 1.],
          [0., 1., 0., 1., 0., 1., 1., 0., 1., 0., 1., 0., 0., 1., 1., 1., 1.,
           1., 0.]]]], device='cuda:0'), tensor([[0.7324]], device='cuda:0'))
2026-01-07 17:24:58 - INFO - [ 9.9674624e-01 -3.8932890e-02 -3.8751864e-04  1.0660362e-03
 -3.8752050e-04  1.0660362e-03  9.9553806e-01 -4.7964562e-02]
2026-01-07 17:24:58 - INFO - {'S11_real': np.float32(0.99674624), 'S11_imag': np.float32(-0.03893289), 'S21_real': np.float32(-0.00038751864), 'S21_imag': np.float32(0.0010660362), 'S12_real': np.float32(-0.0003875205), 'S12_imag': np.float32(0.0010660362), 'S22_real': np.float32(0.99553806), 'S22_imag': np.float32(-0.04796456)}
2026-01-07 17:24:58 - INFO - (tensor([[[[1., 1., 0., 0., 1., 0., 1., 0., 0., 0., 1., 0., 1., 1., 1., 0., 1.,
           0., 0.],
          [1., 1., 1., 1., 1., 0., 0., 1., 1., 1., 0., 0., 1., 1., 0., 0., 1.,
           1., 0.],
          [0., 0., 0., 0., 1., 1., 0., 0., 0., 0., 1., 1., 1., 1., 0., 0., 1.,
           0., 1.],
          [0., 0., 1., 0., 0., 0., 1., 0., 0., 0., 1., 0., 0., 1., 0., 0., 0.,
           1., 0.],
          [0., 1., 1., 0., 0., 0., 1., 0., 1., 0., 1., 1., 1., 0., 1., 1., 0.,
           1., 1.],
          [0., 1., 0., 0., 0., 1., 0., 1., 1., 1., 1., 0., 0., 1., 1., 0., 0.,
           0., 1.],
          [0., 0., 0., 1., 0., 0., 0., 1., 1., 0., 1., 1., 0., 1., 0., 1., 1.,
           0., 0.],
          [0., 1., 1., 1., 1., 0., 0., 0., 0., 0., 1., 1., 0., 1., 1., 1., 0.,
           1., 0.],
          [1., 1., 0., 0., 0., 0., 1., 0., 0., 1., 1., 1., 0., 0., 1., 1., 1.,
           0., 1.],
          [1., 0., 1., 0., 0., 0., 0., 0., 0., 1., 0., 1., 0., 1., 1., 1., 0.,
           0., 1.],
          [0., 0., 0., 1., 0., 0., 0., 1., 1., 1., 1., 0., 0., 1., 1., 0., 1.,
           1., 1.],
          [1., 0., 1., 0., 1., 1., 0., 0., 1., 1., 1., 0., 1., 1., 0., 1., 1.,
           1., 0.],
          [1., 1., 1., 1., 0., 1., 1., 1., 1., 0., 1., 1., 0., 1., 0., 1., 0.,
           0., 1.],
          [0., 0., 1., 1., 1., 1., 1., 1., 1., 1., 1., 0., 0., 0., 0., 0., 0.,
           0., 1.],
          [0., 0., 0., 0., 0., 1., 0., 0., 1., 0., 1., 1., 1., 0., 0., 1., 0.,
           0., 1.],
          [1., 0., 1., 1., 0., 0., 1., 0., 0., 0., 0., 0., 0., 1., 1., 1., 1.,
           1., 0.],
          [0., 1., 0., 1., 0., 1., 0., 1., 0., 1., 0., 0., 1., 1., 1., 1., 1.,
           1., 1.],
          [1., 0., 0., 0., 0., 1., 0., 0., 1., 0., 1., 0., 0., 1., 1., 0., 0.,
           0., 1.],
          [1., 1., 1., 1., 1., 0., 1., 1., 0., 0., 1., 1., 1., 1., 0., 0., 0.,
           1., 0.]]]], device='cuda:0'), tensor([[0.7324]], device='cuda:0'))
2026-01-07 17:24:58 - INFO - [ 0.9805032  -0.10582674  0.01522016  0.05717919  0.01522016  0.0571792
  0.7487121  -0.39943296]
2026-01-07 17:24:58 - INFO - {'S11_real': np.float32(0.9805032), 'S11_imag': np.float32(-0.10582674), 'S21_real': np.float32(0.015220155), 'S21_imag': np.float32(0.057179194), 'S12_real': np.float32(0.015220157), 'S12_imag': np.float32(0.057179198), 'S22_real': np.float32(0.7487121), 'S22_imag': np.float32(-0.39943296)}
2026-01-07 17:24:58 - INFO - (tensor([[[[1., 0., 1., 1., 0., 0., 1., 0., 1., 1., 0., 0., 1., 1., 1., 1., 1.,
           1., 0.],
          [0., 0., 1., 1., 0., 0., 0., 1., 1., 1., 0., 0., 0., 1., 0., 0., 1.,
           1., 0.],
          [1., 0., 1., 1., 1., 1., 1., 1., 0., 0., 0., 1., 1., 0., 0., 0., 1.,
           0., 0.],
          [0., 0., 1., 0., 0., 1., 1., 1., 1., 1., 0., 0., 0., 1., 0., 1., 1.,
           0., 1.],
          [0., 1., 0., 1., 1., 1., 0., 1., 0., 1., 0., 1., 0., 1., 1., 1., 0.,
           1., 1.],
          [1., 0., 1., 0., 0., 1., 1., 0., 0., 1., 0., 0., 1., 1., 0., 0., 1.,
           0., 0.],
          [1., 0., 0., 0., 0., 1., 0., 0., 1., 0., 0., 1., 0., 0., 0., 0., 0.,
           0., 0.],
          [1., 1., 1., 0., 1., 1., 1., 1., 0., 0., 0., 1., 0., 1., 0., 0., 1.,
           1., 0.],
          [0., 0., 1., 1., 1., 1., 0., 1., 1., 1., 0., 0., 1., 1., 0., 0., 1.,
           0., 1.],
          [1., 1., 1., 1., 1., 0., 0., 1., 0., 1., 0., 1., 0., 0., 0., 0., 1.,
           1., 1.],
          [0., 0., 0., 1., 0., 0., 0., 0., 0., 0., 0., 0., 1., 0., 0., 0., 0.,
           1., 0.],
          [1., 1., 1., 1., 0., 1., 1., 0., 1., 1., 1., 1., 0., 1., 0., 0., 0.,
           1., 1.],
          [0., 0., 0., 0., 0., 0., 1., 1., 1., 0., 1., 0., 0., 1., 0., 1., 1.,
           1., 0.],
          [0., 0., 1., 0., 1., 0., 1., 1., 0., 0., 1., 1., 0., 1., 0., 0., 1.,
           0., 1.],
          [0., 1., 0., 0., 1., 0., 1., 1., 1., 1., 1., 0., 0., 0., 0., 0., 0.,
           0., 1.],
          [1., 1., 0., 1., 0., 0., 0., 1., 1., 1., 0., 0., 0., 0., 1., 1., 1.,
           1., 0.],
          [0., 1., 0., 0., 1., 1., 0., 1., 1., 1., 1., 1., 1., 1., 1., 1., 0.,
           1., 1.],
          [1., 0., 1., 1., 0., 0., 1., 0., 0., 0., 0., 0., 1., 0., 1., 1., 1.,
           0., 1.],
          [0., 1., 1., 1., 0., 1., 0., 0., 0., 1., 1., 1., 1., 0., 1., 0., 0.,
           1., 1.]]]], device='cuda:0'), tensor([[0.7324]], device='cuda:0'))
2026-01-07 17:24:58 - INFO - [ 0.84542036 -0.29989624  0.00449382  0.02877228  0.00449383  0.02877229
  0.97125393 -0.11685877]
2026-01-07 17:24:58 - INFO - {'S11_real': np.float32(0.84542036), 'S11_imag': np.float32(-0.29989624), 'S21_real': np.float32(0.0044938237), 'S21_imag': np.float32(0.028772281), 'S12_real': np.float32(0.0044938256), 'S12_imag': np.float32(0.028772285), 'S22_real': np.float32(0.97125393), 'S22_imag': np.float32(-0.116858765)}
2026-01-07 17:24:58 - INFO - (tensor([[[[0., 0., 1., 1., 1., 0., 0., 1., 0., 0., 0., 0., 1., 0., 1., 1., 0.,
           1., 1.],
          [1., 0., 1., 0., 1., 1., 1., 1., 0., 1., 1., 1., 0., 0., 1., 1., 1.,
           1., 0.],
          [0., 0., 1., 1., 1., 1., 0., 0., 0., 1., 1., 1., 1., 1., 0., 1., 1.,
           0., 0.],
          [1., 0., 1., 1., 0., 1., 1., 1., 0., 0., 0., 0., 1., 0., 1., 0., 0.,
           1., 0.],
          [0., 1., 0., 1., 0., 1., 0., 1., 0., 1., 0., 0., 0., 1., 1., 0., 0.,
           0., 0.],
          [0., 0., 0., 0., 0., 0., 1., 1., 0., 0., 0., 1., 1., 0., 0., 0., 1.,
           1., 1.],
          [1., 0., 0., 0., 0., 0., 1., 0., 0., 1., 0., 0., 0., 1., 0., 1., 1.,
           1., 1.],
          [0., 1., 0., 1., 0., 0., 0., 0., 0., 0., 0., 0., 0., 0., 1., 0., 0.,
           0., 1.],
          [1., 0., 0., 1., 0., 0., 1., 1., 0., 0., 0., 1., 0., 0., 1., 0., 0.,
           0., 0.],
          [1., 1., 1., 0., 0., 0., 0., 1., 0., 0., 0., 1., 0., 0., 0., 0., 0.,
           1., 1.],
          [0., 0., 0., 0., 1., 0., 1., 1., 0., 0., 1., 0., 1., 1., 0., 0., 1.,
           0., 1.],
          [1., 0., 1., 1., 1., 1., 1., 1., 0., 1., 1., 0., 0., 0., 1., 0., 1.,
           1., 1.],
          [1., 0., 1., 1., 1., 1., 1., 1., 0., 0., 1., 1., 1., 1., 1., 0., 1.,
           0., 0.],
          [0., 0., 0., 1., 1., 1., 1., 0., 0., 1., 0., 1., 0., 0., 0., 0., 1.,
           0., 1.],
          [1., 0., 1., 1., 1., 1., 0., 0., 0., 0., 1., 1., 0., 0., 1., 0., 1.,
           0., 1.],
          [1., 0., 0., 0., 1., 0., 0., 0., 0., 0., 1., 0., 0., 0., 0., 1., 1.,
           0., 0.],
          [0., 1., 1., 0., 1., 1., 1., 1., 1., 1., 0., 1., 0., 1., 0., 1., 0.,
           0., 1.],
          [0., 0., 1., 0., 1., 0., 0., 1., 0., 0., 1., 1., 1., 0., 0., 1., 0.,
           0., 0.],
          [0., 0., 1., 1., 0., 0., 0., 1., 1., 1., 1., 1., 0., 0., 0., 0., 1.,
           0., 0.]]]], device='cuda:0'), tensor([[0.7324]], device='cuda:0'))
2026-01-07 17:24:58 - INFO - [ 0.9879526  -0.07115492 -0.0009975   0.00529009 -0.0009975   0.00529009
  0.9708791  -0.1182043 ]
2026-01-07 17:24:58 - INFO - {'S11_real': np.float32(0.9879526), 'S11_imag': np.float32(-0.07115492), 'S21_real': np.float32(-0.0009974992), 'S21_imag': np.float32(0.00529009), 'S12_real': np.float32(-0.0009974955), 'S12_imag': np.float32(0.00529009), 'S22_real': np.float32(0.9708791), 'S22_imag': np.float32(-0.118204296)}
2026-01-07 17:24:58 - INFO - (tensor([[[[0., 0., 1., 1., 0., 0., 0., 0., 1., 1., 0., 0., 1., 1., 0., 0., 0.,
           1., 1.],
          [1., 1., 1., 0., 0., 0., 0., 1., 0., 1., 1., 0., 0., 0., 0., 0., 0.,
           1., 1.],
          [1., 0., 1., 0., 0., 1., 1., 0., 0., 1., 1., 1., 1., 1., 1., 0., 1.,
           0., 0.],
          [1., 1., 1., 0., 0., 1., 1., 0., 0., 1., 1., 1., 0., 0., 1., 1., 1.,
           0., 0.],
          [0., 1., 1., 1., 0., 0., 0., 1., 1., 0., 1., 1., 0., 0., 0., 0., 0.,
           1., 0.],
          [1., 1., 0., 0., 1., 1., 1., 0., 1., 0., 0., 1., 0., 1., 1., 0., 0.,
           1., 0.],
          [0., 1., 0., 1., 1., 0., 1., 0., 1., 0., 1., 1., 0., 0., 0., 0., 0.,
           0., 0.],
          [0., 0., 1., 0., 1., 0., 0., 1., 1., 0., 1., 0., 1., 0., 1., 0., 1.,
           0., 1.],
          [0., 0., 0., 1., 1., 1., 1., 1., 0., 1., 0., 0., 0., 0., 0., 1., 0.,
           1., 0.],
          [1., 1., 1., 0., 0., 0., 1., 1., 0., 1., 1., 1., 1., 1., 1., 1., 0.,
           1., 1.],
          [0., 1., 1., 1., 1., 0., 1., 0., 1., 1., 1., 1., 0., 0., 0., 0., 0.,
           1., 0.],
          [0., 1., 0., 1., 0., 1., 0., 1., 0., 0., 1., 1., 1., 0., 1., 0., 1.,
           0., 1.],
          [1., 0., 1., 1., 1., 0., 0., 1., 1., 0., 0., 1., 0., 1., 1., 0., 0.,
           0., 0.],
          [0., 0., 0., 0., 1., 1., 0., 1., 1., 1., 1., 1., 0., 0., 0., 0., 0.,
           0., 1.],
          [0., 1., 0., 1., 1., 0., 0., 0., 0., 1., 0., 0., 1., 1., 0., 0., 1.,
           0., 1.],
          [1., 0., 1., 0., 0., 0., 1., 0., 0., 1., 0., 0., 0., 1., 1., 0., 0.,
           0., 1.],
          [0., 0., 0., 1., 1., 1., 1., 1., 0., 0., 0., 0., 1., 1., 0., 1., 0.,
           1., 0.],
          [0., 0., 1., 0., 0., 1., 0., 1., 1., 1., 0., 1., 1., 1., 0., 1., 0.,
           1., 1.],
          [0., 0., 0., 1., 1., 0., 0., 0., 0., 0., 1., 1., 0., 0., 1., 0., 0.,
           0., 0.]]]], device='cuda:0'), tensor([[0.7324]], device='cuda:0'))
2026-01-07 17:24:58 - INFO - [ 0.74654007 -0.38635525  0.00450166  0.02631505  0.00450166  0.02631505
  0.9904154  -0.06392282]
2026-01-07 17:24:58 - INFO - {'S11_real': np.float32(0.74654007), 'S11_imag': np.float32(-0.38635525), 'S21_real': np.float32(0.0045016618), 'S21_imag': np.float32(0.026315052), 'S12_real': np.float32(0.004501656), 'S12_imag': np.float32(0.026315052), 'S22_real': np.float32(0.9904154), 'S22_imag': np.float32(-0.06392282)}
2026-01-07 17:24:58 - INFO - (tensor([[[[1., 0., 1., 1., 1., 1., 0., 1., 0., 0., 1., 0., 0., 1., 1., 1., 0.,
           0., 1.],
          [1., 0., 0., 1., 0., 0., 1., 1., 0., 0., 0., 0., 1., 0., 1., 0., 1.,
           0., 0.],
          [1., 0., 1., 1., 1., 0., 0., 0., 1., 0., 0., 1., 1., 1., 1., 0., 1.,
           1., 0.],
          [0., 1., 0., 0., 1., 0., 1., 0., 0., 0., 0., 1., 1., 0., 0., 0., 1.,
           0., 1.],
          [0., 1., 1., 0., 1., 0., 1., 1., 0., 1., 0., 1., 0., 1., 1., 0., 1.,
           0., 0.],
          [1., 0., 0., 0., 0., 0., 0., 1., 0., 0., 1., 0., 0., 0., 1., 1., 0.,
           0., 1.],
          [0., 1., 0., 0., 1., 0., 1., 1., 0., 0., 1., 1., 0., 0., 0., 0., 1.,
           1., 0.],
          [1., 0., 1., 1., 0., 0., 0., 0., 1., 1., 0., 1., 1., 0., 0., 0., 1.,
           0., 0.],
          [1., 1., 1., 1., 0., 1., 0., 0., 1., 0., 0., 1., 1., 1., 0., 0., 1.,
           1., 1.],
          [1., 1., 1., 1., 0., 1., 1., 1., 1., 0., 1., 0., 0., 0., 1., 1., 0.,
           0., 1.],
          [0., 0., 1., 1., 0., 0., 1., 1., 1., 0., 1., 0., 0., 1., 1., 1., 1.,
           0., 0.],
          [0., 0., 1., 0., 1., 1., 0., 0., 0., 0., 0., 1., 1., 0., 0., 0., 0.,
           0., 0.],
          [1., 1., 0., 0., 1., 0., 0., 0., 1., 0., 1., 0., 0., 1., 0., 1., 1.,
           0., 1.],
          [1., 0., 0., 0., 1., 0., 0., 0., 0., 1., 0., 0., 0., 0., 0., 1., 0.,
           0., 1.],
          [0., 1., 1., 1., 1., 0., 0., 1., 1., 1., 1., 1., 0., 1., 0., 1., 1.,
           0., 1.],
          [0., 0., 1., 1., 0., 0., 1., 0., 1., 1., 1., 0., 1., 0., 0., 1., 0.,
           0., 0.],
          [0., 0., 1., 1., 0., 1., 1., 1., 0., 0., 1., 1., 1., 0., 0., 1., 0.,
           0., 0.],
          [1., 0., 0., 1., 1., 1., 0., 0., 0., 0., 0., 0., 1., 0., 0., 1., 1.,
           0., 0.],
          [1., 0., 1., 1., 0., 1., 0., 1., 1., 1., 0., 0., 0., 0., 0., 0., 1.,
           1., 0.]]]], device='cuda:0'), tensor([[0.7324]], device='cuda:0'))
2026-01-07 17:24:58 - INFO - [ 0.02920508 -0.0099487   0.90285105 -0.21310245  0.90285105 -0.21310243
  0.15358318  0.01544394]
2026-01-07 17:24:58 - INFO - {'S11_real': np.float32(0.029205084), 'S11_imag': np.float32(-0.009948697), 'S21_real': np.float32(0.90285105), 'S21_imag': np.float32(-0.21310245), 'S12_real': np.float32(0.90285105), 'S12_imag': np.float32(-0.21310243), 'S22_real': np.float32(0.15358318), 'S22_imag': np.float32(0.015443937)}
2026-01-07 17:24:58 - INFO - (tensor([[[[0., 0., 1., 0., 0., 0., 1., 1., 1., 1., 0., 0., 0., 1., 0., 1., 0.,
           0., 0.],
          [0., 1., 1., 1., 0., 1., 0., 0., 0., 0., 0., 1., 1., 0., 0., 1., 0.,
           1., 0.],
          [1., 0., 1., 0., 0., 0., 0., 0., 1., 0., 0., 0., 0., 1., 1., 1., 0.,
           0., 0.],
          [0., 0., 1., 1., 1., 0., 1., 1., 0., 1., 0., 0., 0., 0., 0., 1., 0.,
           0., 1.],
          [0., 0., 1., 1., 0., 1., 0., 1., 1., 0., 0., 0., 1., 1., 1., 0., 1.,
           0., 0.],
          [1., 1., 1., 1., 1., 0., 1., 0., 1., 1., 0., 1., 1., 0., 0., 1., 1.,
           1., 0.],
          [1., 1., 1., 0., 1., 0., 0., 0., 0., 0., 1., 0., 1., 1., 0., 0., 0.,
           0., 1.],
          [1., 0., 0., 1., 1., 0., 1., 1., 1., 0., 0., 1., 0., 1., 1., 0., 0.,
           1., 0.],
          [0., 0., 0., 1., 1., 0., 1., 0., 0., 0., 1., 1., 1., 0., 1., 1., 0.,
           0., 0.],
          [1., 1., 1., 0., 0., 0., 0., 1., 0., 0., 1., 0., 0., 0., 0., 0., 1.,
           1., 1.],
          [1., 0., 0., 0., 0., 0., 0., 1., 0., 0., 1., 1., 0., 1., 1., 0., 0.,
           1., 1.],
          [1., 1., 1., 1., 0., 0., 1., 1., 0., 1., 0., 1., 1., 1., 1., 0., 0.,
           0., 0.],
          [1., 0., 0., 0., 1., 1., 1., 1., 1., 0., 0., 0., 0., 1., 0., 1., 1.,
           0., 0.],
          [0., 0., 0., 1., 0., 1., 1., 0., 1., 1., 1., 1., 1., 0., 0., 0., 1.,
           1., 0.],
          [1., 1., 1., 1., 1., 0., 0., 1., 0., 0., 1., 0., 0., 1., 0., 1., 0.,
           0., 0.],
          [0., 1., 1., 0., 1., 1., 0., 0., 1., 1., 1., 1., 0., 1., 1., 1., 0.,
           1., 1.],
          [0., 0., 1., 0., 1., 1., 0., 0., 0., 1., 0., 1., 0., 1., 1., 0., 0.,
           1., 0.],
          [0., 0., 0., 0., 0., 0., 1., 0., 1., 0., 1., 1., 0., 0., 0., 0., 1.,
           1., 0.],
          [1., 0., 1., 0., 1., 0., 1., 0., 0., 1., 1., 1., 1., 1., 0., 1., 1.,
           1., 1.]]]], device='cuda:0'), tensor([[0.7324]], device='cuda:0'))
2026-01-07 17:24:58 - INFO - [ 9.5514905e-01 -1.6385393e-01 -7.5473532e-04  7.8504449e-03
 -7.5473718e-04  7.8504523e-03  9.8968053e-01 -6.4420149e-02]
2026-01-07 17:24:58 - INFO - {'S11_real': np.float32(0.95514905), 'S11_imag': np.float32(-0.16385393), 'S21_real': np.float32(-0.0007547353), 'S21_imag': np.float32(0.007850445), 'S12_real': np.float32(-0.0007547372), 'S12_imag': np.float32(0.007850452), 'S22_real': np.float32(0.9896805), 'S22_imag': np.float32(-0.06442015)}
2026-01-07 17:24:58 - INFO - (tensor([[[[0., 0., 0., 0., 1., 0., 0., 1., 1., 1., 1., 1., 1., 0., 0., 1., 0.,
           1., 1.],
          [0., 0., 0., 0., 0., 1., 0., 0., 1., 0., 0., 0., 0., 0., 1., 0., 0.,
           1., 0.],
          [1., 1., 1., 0., 0., 0., 0., 1., 1., 1., 0., 1., 0., 1., 1., 1., 0.,
           1., 1.],
          [0., 1., 1., 0., 0., 0., 0., 1., 1., 0., 1., 1., 0., 1., 1., 1., 0.,
           1., 1.],
          [1., 0., 0., 1., 1., 0., 0., 0., 0., 1., 0., 0., 0., 0., 1., 1., 1.,
           1., 0.],
          [1., 1., 0., 1., 1., 1., 0., 0., 0., 1., 0., 0., 1., 0., 1., 1., 0.,
           1., 1.],
          [1., 0., 1., 0., 0., 1., 1., 1., 1., 1., 0., 0., 1., 0., 0., 0., 1.,
           0., 0.],
          [0., 1., 0., 1., 0., 1., 0., 1., 0., 1., 1., 0., 0., 1., 1., 0., 1.,
           0., 0.],
          [1., 0., 1., 0., 0., 0., 0., 0., 0., 0., 0., 0., 0., 0., 0., 1., 1.,
           0., 0.],
          [1., 0., 0., 0., 1., 0., 1., 1., 0., 1., 1., 1., 0., 0., 1., 0., 1.,
           0., 1.],
          [1., 0., 1., 0., 1., 0., 1., 0., 0., 1., 0., 1., 0., 1., 1., 1., 1.,
           1., 1.],
          [1., 1., 0., 0., 0., 0., 1., 1., 0., 0., 1., 0., 1., 0., 1., 1., 0.,
           0., 1.],
          [0., 0., 1., 0., 0., 1., 1., 1., 0., 1., 0., 0., 0., 0., 1., 0., 0.,
           0., 1.],
          [1., 1., 0., 0., 1., 1., 0., 1., 0., 1., 0., 0., 0., 1., 1., 0., 1.,
           0., 1.],
          [1., 0., 1., 1., 0., 0., 0., 0., 1., 1., 0., 1., 0., 0., 0., 1., 1.,
           1., 0.],
          [0., 1., 1., 1., 1., 0., 1., 1., 0., 1., 1., 1., 0., 0., 1., 0., 1.,
           1., 0.],
          [1., 0., 0., 0., 1., 1., 1., 1., 0., 1., 1., 0., 0., 1., 0., 1., 1.,
           0., 0.],
          [1., 1., 1., 1., 1., 0., 1., 0., 0., 0., 1., 1., 0., 0., 0., 0., 0.,
           1., 0.],
          [1., 0., 0., 1., 1., 0., 1., 1., 0., 0., 0., 1., 0., 0., 1., 0., 1.,
           1., 0.]]]], device='cuda:0'), tensor([[0.7324]], device='cuda:0'))
2026-01-07 17:24:58 - INFO - [ 0.97756827 -0.09871545  0.00153247  0.01743245  0.00153247  0.01743245
  0.89076376 -0.25571766]
2026-01-07 17:24:58 - INFO - {'S11_real': np.float32(0.97756827), 'S11_imag': np.float32(-0.098715454), 'S21_real': np.float32(0.0015324706), 'S21_imag': np.float32(0.017432451), 'S12_real': np.float32(0.0015324706), 'S12_imag': np.float32(0.017432448), 'S22_real': np.float32(0.89076376), 'S22_imag': np.float32(-0.25571766)}
2026-01-07 17:24:58 - INFO - (tensor([[[[1., 1., 0., 1., 0., 0., 0., 0., 0., 1., 1., 1., 0., 0., 0., 0., 1.,
           1., 0.],
          [0., 0., 1., 1., 0., 0., 1., 1., 0., 0., 0., 1., 0., 1., 0., 0., 0.,
           1., 0.],
          [1., 0., 1., 0., 1., 0., 1., 1., 0., 1., 1., 0., 1., 0., 0., 1., 1.,
           1., 1.],
          [1., 0., 0., 1., 1., 1., 1., 1., 0., 0., 0., 1., 1., 1., 0., 0., 0.,
           0., 1.],
          [1., 1., 1., 1., 1., 0., 1., 1., 1., 1., 1., 1., 1., 1., 0., 0., 0.,
           1., 0.],
          [1., 0., 0., 1., 1., 1., 1., 0., 0., 1., 0., 0., 0., 1., 1., 1., 0.,
           1., 1.],
          [0., 1., 1., 1., 0., 1., 0., 0., 0., 0., 0., 0., 1., 1., 0., 0., 1.,
           1., 1.],
          [0., 0., 1., 0., 0., 0., 0., 1., 0., 0., 0., 0., 1., 0., 0., 1., 0.,
           0., 0.],
          [0., 1., 1., 1., 0., 0., 1., 1., 0., 0., 0., 0., 0., 0., 0., 0., 0.,
           0., 1.],
          [1., 0., 0., 1., 0., 1., 0., 1., 1., 0., 1., 1., 0., 0., 0., 0., 0.,
           0., 1.],
          [1., 0., 0., 0., 0., 1., 1., 0., 1., 1., 0., 0., 1., 0., 0., 0., 1.,
           1., 1.],
          [1., 0., 0., 1., 1., 0., 1., 1., 1., 1., 1., 1., 1., 0., 0., 0., 1.,
           0., 0.],
          [0., 0., 1., 0., 0., 0., 0., 1., 1., 0., 0., 0., 0., 1., 1., 0., 1.,
           1., 0.],
          [0., 1., 1., 1., 0., 0., 0., 0., 1., 0., 1., 1., 1., 1., 0., 1., 1.,
           0., 1.],
          [0., 0., 0., 0., 1., 0., 1., 1., 0., 1., 1., 1., 0., 1., 0., 0., 0.,
           1., 1.],
          [1., 0., 1., 0., 0., 1., 1., 0., 0., 1., 1., 1., 0., 1., 1., 0., 0.,
           1., 1.],
          [1., 0., 1., 0., 1., 0., 1., 1., 1., 0., 0., 0., 0., 1., 0., 0., 1.,
           0., 1.],
          [0., 0., 1., 1., 1., 1., 0., 0., 1., 1., 0., 1., 0., 1., 1., 1., 1.,
           0., 1.],
          [0., 1., 1., 0., 1., 0., 1., 0., 1., 1., 1., 1., 1., 0., 0., 0., 1.,
           1., 1.]]]], device='cuda:0'), tensor([[0.7324]], device='cuda:0'))
2026-01-07 17:24:58 - INFO - [ 0.9940543  -0.05421554  0.00419798  0.0259224   0.00419797  0.02592241
  0.7825004  -0.36508727]
2026-01-07 17:24:58 - INFO - {'S11_real': np.float32(0.9940543), 'S11_imag': np.float32(-0.054215536), 'S21_real': np.float32(0.0041979817), 'S21_imag': np.float32(0.025922403), 'S12_real': np.float32(0.0041979686), 'S12_imag': np.float32(0.025922406), 'S22_real': np.float32(0.7825004), 'S22_imag': np.float32(-0.36508727)}
2026-01-07 17:24:58 - INFO - (tensor([[[[0., 0., 0., 1., 1., 0., 0., 0., 0., 1., 0., 1., 1., 1., 1., 1., 1.,
           0., 0.],
          [0., 0., 1., 0., 1., 0., 0., 1., 1., 0., 0., 1., 1., 1., 1., 1., 1.,
           1., 1.],
          [1., 1., 0., 1., 1., 0., 1., 0., 1., 0., 1., 0., 0., 1., 1., 0., 0.,
           0., 1.],
          [0., 0., 0., 0., 1., 1., 0., 1., 1., 0., 0., 1., 1., 0., 0., 0., 0.,
           0., 1.],
          [0., 0., 0., 0., 1., 1., 1., 1., 1., 1., 0., 0., 0., 1., 1., 1., 0.,
           1., 0.],
          [1., 0., 1., 0., 0., 1., 1., 0., 1., 1., 0., 0., 0., 1., 0., 1., 1.,
           0., 1.],
          [1., 0., 0., 1., 0., 0., 1., 0., 0., 1., 1., 1., 0., 0., 1., 0., 0.,
           0., 0.],
          [1., 1., 0., 0., 0., 1., 1., 1., 1., 1., 0., 0., 1., 1., 0., 1., 0.,
           1., 0.],
          [1., 0., 0., 1., 1., 1., 1., 1., 0., 1., 1., 1., 1., 0., 1., 1., 1.,
           1., 0.],
          [1., 0., 0., 0., 1., 0., 0., 1., 0., 0., 0., 0., 1., 0., 0., 0., 0.,
           0., 1.],
          [0., 0., 1., 1., 0., 1., 0., 0., 0., 0., 1., 1., 1., 1., 0., 0., 0.,
           1., 0.],
          [0., 0., 1., 1., 1., 1., 0., 0., 0., 0., 1., 0., 0., 1., 0., 0., 1.,
           1., 0.],
          [0., 0., 0., 0., 1., 0., 0., 0., 0., 0., 0., 0., 0., 0., 1., 1., 0.,
           0., 0.],
          [0., 0., 0., 1., 0., 1., 1., 1., 1., 1., 1., 1., 1., 1., 0., 0., 1.,
           1., 1.],
          [0., 0., 1., 1., 1., 1., 1., 1., 0., 0., 0., 1., 1., 0., 0., 1., 0.,
           0., 0.],
          [0., 1., 1., 1., 1., 0., 0., 0., 1., 1., 1., 1., 0., 1., 0., 0., 0.,
           1., 1.],
          [0., 0., 1., 1., 1., 1., 0., 0., 0., 0., 0., 0., 1., 0., 1., 1., 0.,
           1., 0.],
          [0., 1., 1., 1., 1., 1., 1., 1., 1., 1., 0., 0., 1., 1., 1., 0., 0.,
           1., 1.],
          [1., 1., 0., 0., 1., 1., 0., 0., 1., 1., 0., 0., 0., 1., 0., 1., 0.,
           0., 0.]]]], device='cuda:0'), tensor([[0.7324]], device='cuda:0'))
2026-01-07 17:24:58 - INFO - [ 0.98566633 -0.0891673   0.01150023  0.04433256  0.01150024  0.04433255
  0.7140404  -0.41828224]
2026-01-07 17:24:58 - INFO - {'S11_real': np.float32(0.98566633), 'S11_imag': np.float32(-0.0891673), 'S21_real': np.float32(0.011500231), 'S21_imag': np.float32(0.044332556), 'S12_real': np.float32(0.01150024), 'S12_imag': np.float32(0.044332553), 'S22_real': np.float32(0.7140404), 'S22_imag': np.float32(-0.41828224)}
2026-01-07 17:24:58 - INFO - (tensor([[[[1., 1., 0., 1., 0., 1., 0., 0., 1., 0., 1., 0., 1., 0., 0., 1., 0.,
           1., 0.],
          [0., 0., 0., 1., 1., 1., 0., 1., 1., 0., 1., 0., 0., 1., 1., 1., 1.,
           0., 1.],
          [0., 1., 0., 1., 1., 0., 1., 1., 1., 1., 0., 0., 1., 0., 1., 0., 0.,
           0., 1.],
          [0., 0., 1., 0., 1., 0., 1., 0., 1., 0., 0., 1., 0., 0., 1., 1., 0.,
           1., 0.],
          [1., 1., 1., 1., 0., 1., 0., 0., 0., 0., 0., 1., 1., 0., 0., 1., 0.,
           1., 0.],
          [1., 1., 0., 1., 0., 1., 1., 0., 1., 1., 0., 1., 0., 0., 1., 0., 1.,
           1., 0.],
          [1., 1., 1., 0., 0., 1., 0., 1., 1., 0., 0., 0., 1., 0., 1., 1., 1.,
           0., 0.],
          [0., 1., 1., 0., 0., 0., 0., 0., 0., 0., 0., 0., 1., 0., 0., 1., 1.,
           1., 1.],
          [1., 1., 1., 0., 0., 0., 1., 0., 1., 0., 1., 0., 0., 0., 0., 0., 0.,
           0., 1.],
          [1., 0., 0., 0., 0., 1., 1., 0., 0., 0., 0., 1., 1., 1., 1., 0., 1.,
           0., 1.],
          [1., 0., 1., 0., 0., 0., 0., 0., 1., 1., 0., 0., 0., 0., 1., 0., 1.,
           1., 0.],
          [1., 0., 0., 1., 0., 0., 1., 1., 1., 0., 1., 1., 1., 1., 0., 1., 1.,
           0., 1.],
          [1., 0., 0., 0., 0., 0., 1., 1., 1., 1., 0., 0., 0., 1., 0., 0., 1.,
           0., 0.],
          [1., 1., 0., 1., 0., 1., 1., 1., 1., 0., 0., 0., 1., 0., 1., 0., 1.,
           1., 1.],
          [0., 0., 0., 0., 1., 1., 1., 1., 0., 0., 1., 0., 1., 1., 1., 0., 1.,
           0., 1.],
          [0., 0., 1., 1., 0., 0., 0., 1., 1., 0., 0., 0., 1., 1., 0., 0., 1.,
           1., 0.],
          [0., 0., 1., 0., 0., 0., 1., 1., 1., 0., 1., 1., 1., 1., 1., 0., 0.,
           0., 0.],
          [0., 1., 1., 0., 1., 0., 0., 1., 0., 1., 0., 1., 1., 1., 1., 1., 1.,
           0., 0.],
          [1., 1., 0., 0., 0., 0., 0., 1., 0., 0., 0., 1., 0., 0., 1., 1., 0.,
           1., 0.]]]], device='cuda:0'), tensor([[0.7324]], device='cuda:0'))
2026-01-07 17:24:58 - INFO - [ 0.8707911  -0.28097534  0.01126023  0.0483884   0.01126022  0.0483884
  0.9264775  -0.20553738]
2026-01-07 17:24:58 - INFO - {'S11_real': np.float32(0.8707911), 'S11_imag': np.float32(-0.28097534), 'S21_real': np.float32(0.01126023), 'S21_imag': np.float32(0.048388403), 'S12_real': np.float32(0.011260221), 'S12_imag': np.float32(0.0483884), 'S22_real': np.float32(0.9264775), 'S22_imag': np.float32(-0.20553738)}
2026-01-07 17:24:58 - INFO - (tensor([[[[0., 1., 0., 1., 1., 1., 1., 0., 0., 0., 1., 0., 1., 0., 1., 0., 0.,
           1., 0.],
          [1., 1., 0., 0., 0., 1., 1., 1., 1., 1., 1., 1., 1., 1., 0., 1., 1.,
           0., 0.],
          [1., 0., 0., 1., 1., 0., 1., 0., 1., 1., 0., 0., 0., 0., 0., 1., 1.,
           0., 0.],
          [0., 1., 1., 0., 1., 1., 0., 0., 1., 1., 1., 1., 1., 0., 1., 0., 0.,
           1., 0.],
          [1., 0., 1., 0., 1., 1., 0., 0., 0., 1., 0., 0., 1., 1., 0., 0., 1.,
           1., 1.],
          [0., 0., 1., 1., 1., 0., 0., 0., 0., 1., 1., 0., 1., 1., 0., 1., 0.,
           0., 0.],
          [1., 0., 1., 1., 0., 0., 0., 0., 0., 1., 1., 1., 0., 0., 1., 0., 1.,
           1., 1.],
          [0., 0., 1., 0., 0., 0., 1., 1., 1., 1., 1., 0., 1., 0., 1., 0., 0.,
           1., 0.],
          [0., 0., 0., 0., 0., 1., 0., 1., 0., 0., 0., 0., 0., 0., 0., 0., 1.,
           1., 1.],
          [1., 0., 0., 0., 1., 1., 1., 0., 0., 1., 0., 0., 0., 1., 0., 1., 1.,
           0., 1.],
          [0., 1., 1., 0., 0., 1., 1., 1., 1., 1., 0., 1., 1., 0., 1., 1., 0.,
           1., 0.],
          [1., 1., 0., 1., 1., 0., 1., 1., 1., 1., 1., 0., 1., 1., 0., 0., 0.,
           0., 1.],
          [1., 1., 1., 1., 1., 1., 0., 1., 0., 0., 0., 1., 1., 0., 1., 1., 0.,
           0., 1.],
          [0., 0., 0., 1., 1., 0., 0., 1., 1., 1., 1., 1., 1., 0., 0., 0., 1.,
           0., 0.],
          [0., 0., 0., 0., 0., 1., 0., 0., 1., 0., 1., 0., 1., 0., 0., 0., 0.,
           0., 1.],
          [0., 1., 0., 0., 0., 1., 1., 1., 1., 1., 0., 0., 1., 1., 0., 0., 1.,
           1., 0.],
          [1., 0., 1., 1., 0., 0., 1., 0., 1., 1., 0., 0., 0., 1., 0., 0., 0.,
           1., 0.],
          [0., 0., 0., 1., 1., 1., 1., 0., 1., 0., 1., 0., 0., 0., 1., 1., 1.,
           0., 1.],
          [0., 1., 1., 1., 1., 1., 0., 1., 1., 1., 0., 1., 1., 0., 1., 0., 0.,
           1., 0.]]]], device='cuda:0'), tensor([[0.7324]], device='cuda:0'))
2026-01-07 17:24:58 - INFO - [ 0.99794143 -0.03276321  0.00449149  0.02041504  0.00449149  0.02041505
  0.69163877 -0.42202824]
2026-01-07 17:24:58 - INFO - {'S11_real': np.float32(0.99794143), 'S11_imag': np.float32(-0.032763213), 'S21_real': np.float32(0.0044914917), 'S21_imag': np.float32(0.020415043), 'S12_real': np.float32(0.00449149), 'S12_imag': np.float32(0.02041505), 'S22_real': np.float32(0.69163877), 'S22_imag': np.float32(-0.42202824)}
2026-01-07 17:24:58 - INFO - (tensor([[[[1., 0., 1., 0., 0., 0., 1., 0., 1., 1., 0., 1., 1., 0., 1., 1., 0.,
           0., 0.],
          [0., 1., 1., 1., 0., 1., 0., 1., 0., 1., 1., 0., 1., 1., 1., 1., 0.,
           1., 0.],
          [0., 0., 1., 0., 0., 0., 1., 1., 0., 0., 1., 0., 1., 0., 1., 1., 1.,
           0., 0.],
          [1., 1., 0., 1., 0., 1., 1., 0., 0., 1., 0., 1., 0., 1., 0., 0., 1.,
           1., 1.],
          [1., 1., 1., 0., 1., 1., 1., 1., 0., 1., 1., 0., 0., 1., 0., 1., 0.,
           0., 0.],
          [0., 0., 1., 1., 0., 0., 0., 1., 1., 1., 0., 1., 0., 0., 0., 0., 1.,
           1., 0.],
          [0., 0., 0., 0., 0., 1., 1., 1., 0., 1., 1., 1., 1., 1., 0., 0., 0.,
           1., 0.],
          [1., 0., 1., 1., 0., 0., 1., 1., 0., 0., 1., 0., 0., 0., 0., 1., 1.,
           1., 0.],
          [1., 1., 0., 0., 1., 1., 0., 0., 0., 0., 0., 1., 1., 1., 1., 0., 0.,
           1., 0.],
          [1., 1., 1., 1., 1., 1., 0., 0., 1., 1., 1., 0., 0., 0., 1., 0., 1.,
           0., 1.],
          [1., 1., 0., 0., 0., 1., 1., 0., 0., 1., 1., 0., 1., 0., 0., 1., 0.,
           0., 1.],
          [0., 0., 1., 1., 0., 0., 1., 1., 0., 0., 0., 0., 1., 1., 1., 1., 0.,
           1., 0.],
          [0., 1., 1., 0., 1., 0., 0., 1., 0., 1., 1., 1., 0., 1., 0., 1., 0.,
           0., 0.],
          [0., 0., 1., 0., 1., 1., 1., 1., 0., 1., 1., 1., 1., 1., 1., 0., 0.,
           0., 1.],
          [1., 1., 0., 1., 1., 0., 1., 0., 1., 1., 1., 0., 1., 0., 1., 0., 1.,
           0., 0.],
          [1., 0., 0., 0., 1., 0., 1., 0., 0., 0., 0., 1., 1., 0., 1., 1., 0.,
           0., 0.],
          [0., 0., 0., 1., 0., 0., 0., 1., 0., 1., 1., 1., 0., 1., 0., 0., 0.,
           0., 1.],
          [0., 1., 1., 0., 0., 1., 1., 0., 0., 0., 1., 0., 0., 0., 0., 1., 1.,
           0., 1.],
          [0., 1., 1., 0., 0., 0., 0., 1., 0., 0., 0., 0., 0., 0., 1., 0., 1.,
           0., 1.]]]], device='cuda:0'), tensor([[0.7324]], device='cuda:0'))
2026-01-07 17:24:58 - INFO - [ 0.5997187  -0.32814464  0.29607427 -0.03651778  0.2960742  -0.03651778
  0.96262026 -0.0398888 ]
2026-01-07 17:24:58 - INFO - {'S11_real': np.float32(0.5997187), 'S11_imag': np.float32(-0.32814464), 'S21_real': np.float32(0.29607427), 'S21_imag': np.float32(-0.03651778), 'S12_real': np.float32(0.2960742), 'S12_imag': np.float32(-0.036517777), 'S22_real': np.float32(0.96262026), 'S22_imag': np.float32(-0.039888803)}
2026-01-07 17:24:58 - INFO - (tensor([[[[1., 1., 0., 1., 0., 1., 0., 0., 1., 0., 1., 1., 0., 1., 0., 1., 0.,
           0., 0.],
          [1., 0., 0., 0., 0., 0., 0., 0., 0., 0., 1., 0., 0., 0., 1., 0., 0.,
           1., 1.],
          [1., 0., 0., 0., 0., 1., 1., 0., 1., 0., 0., 0., 0., 1., 1., 0., 0.,
           1., 1.],
          [0., 1., 1., 1., 0., 1., 1., 1., 1., 1., 0., 1., 1., 1., 1., 0., 0.,
           0., 1.],
          [1., 0., 0., 0., 0., 0., 0., 1., 1., 0., 1., 1., 0., 0., 1., 1., 1.,
           0., 1.],
          [0., 0., 1., 0., 0., 0., 1., 1., 1., 0., 1., 0., 1., 0., 1., 1., 0.,
           0., 1.],
          [1., 0., 1., 0., 0., 0., 0., 0., 0., 0., 0., 0., 0., 0., 0., 0., 0.,
           0., 0.],
          [1., 1., 0., 1., 1., 1., 0., 0., 0., 1., 1., 0., 1., 1., 0., 1., 1.,
           0., 1.],
          [0., 0., 0., 0., 0., 0., 0., 1., 0., 1., 1., 0., 1., 0., 0., 0., 0.,
           0., 0.],
          [1., 1., 1., 1., 1., 0., 1., 0., 0., 0., 0., 0., 0., 0., 1., 0., 0.,
           1., 1.],
          [0., 1., 0., 0., 0., 0., 1., 1., 1., 0., 0., 1., 1., 0., 1., 1., 0.,
           1., 0.],
          [1., 1., 0., 0., 0., 0., 0., 0., 1., 1., 0., 0., 0., 1., 1., 1., 1.,
           0., 1.],
          [1., 1., 0., 1., 0., 1., 1., 1., 0., 1., 1., 0., 1., 1., 1., 1., 1.,
           0., 1.],
          [1., 0., 0., 1., 1., 1., 0., 1., 0., 0., 0., 1., 1., 1., 0., 1., 1.,
           0., 0.],
          [0., 0., 0., 1., 0., 1., 0., 1., 1., 0., 0., 1., 0., 0., 0., 0., 0.,
           0., 0.],
          [0., 1., 1., 0., 0., 1., 0., 0., 0., 0., 1., 0., 1., 0., 1., 1., 1.,
           0., 0.],
          [0., 1., 0., 0., 1., 0., 1., 0., 1., 1., 1., 1., 1., 1., 1., 0., 1.,
           0., 0.],
          [0., 1., 0., 1., 0., 1., 1., 0., 1., 0., 1., 1., 0., 1., 0., 0., 0.,
           1., 0.],
          [0., 0., 0., 1., 1., 0., 0., 0., 0., 0., 0., 1., 0., 0., 0., 0., 0.,
           0., 1.]]]], device='cuda:0'), tensor([[0.7324]], device='cuda:0'))
2026-01-07 17:24:58 - INFO - [ 0.97675025 -0.10489377 -0.00123355  0.00594592 -0.00123355  0.00594591
  0.98724794 -0.07577929]
2026-01-07 17:24:58 - INFO - {'S11_real': np.float32(0.97675025), 'S11_imag': np.float32(-0.10489377), 'S21_real': np.float32(-0.0012335529), 'S21_imag': np.float32(0.005945918), 'S12_real': np.float32(-0.0012335511), 'S12_imag': np.float32(0.0059459107), 'S22_real': np.float32(0.98724794), 'S22_imag': np.float32(-0.07577929)}
2026-01-07 17:24:58 - INFO - (tensor([[[[1., 0., 1., 0., 1., 0., 0., 0., 1., 1., 0., 0., 1., 0., 0., 0., 1.,
           1., 0.],
          [0., 1., 0., 0., 0., 0., 1., 0., 0., 0., 1., 1., 1., 0., 0., 0., 1.,
           1., 0.],
          [0., 1., 0., 0., 0., 1., 0., 1., 0., 1., 1., 1., 0., 0., 0., 1., 1.,
           0., 1.],
          [1., 0., 1., 0., 0., 1., 0., 1., 0., 0., 0., 0., 0., 0., 0., 1., 0.,
           0., 1.],
          [1., 0., 1., 0., 0., 1., 1., 0., 1., 0., 0., 1., 0., 1., 1., 1., 0.,
           0., 0.],
          [1., 0., 1., 1., 0., 1., 0., 1., 0., 1., 1., 0., 0., 0., 0., 0., 1.,
           1., 0.],
          [0., 1., 1., 0., 0., 0., 1., 1., 1., 1., 0., 0., 0., 1., 1., 0., 0.,
           1., 0.],
          [0., 1., 0., 1., 0., 0., 0., 1., 1., 1., 1., 0., 1., 0., 0., 0., 0.,
           0., 0.],
          [0., 1., 0., 1., 0., 1., 0., 1., 0., 1., 1., 1., 0., 0., 1., 1., 0.,
           0., 0.],
          [1., 0., 1., 1., 1., 1., 0., 0., 1., 0., 0., 1., 1., 0., 1., 0., 1.,
           0., 1.],
          [0., 0., 0., 1., 0., 0., 1., 1., 0., 0., 1., 1., 0., 0., 1., 0., 0.,
           0., 1.],
          [1., 0., 0., 0., 1., 0., 1., 0., 1., 0., 1., 1., 0., 1., 0., 1., 0.,
           1., 1.],
          [0., 1., 0., 0., 0., 1., 1., 1., 0., 0., 1., 0., 1., 1., 0., 0., 0.,
           0., 1.],
          [0., 0., 0., 1., 0., 0., 1., 1., 1., 0., 1., 1., 0., 0., 1., 0., 0.,
           1., 0.],
          [0., 1., 1., 0., 1., 1., 0., 0., 0., 1., 1., 0., 0., 0., 0., 1., 1.,
           1., 1.],
          [1., 1., 0., 1., 1., 1., 1., 0., 0., 1., 0., 0., 0., 0., 1., 1., 1.,
           1., 1.],
          [0., 1., 1., 0., 0., 1., 0., 1., 0., 1., 1., 1., 1., 0., 1., 1., 1.,
           1., 0.],
          [0., 1., 1., 0., 1., 1., 0., 0., 0., 1., 1., 1., 1., 0., 0., 0., 0.,
           1., 1.],
          [0., 1., 0., 0., 1., 1., 1., 1., 1., 1., 1., 1., 0., 0., 1., 1., 0.,
           0., 0.]]]], device='cuda:0'), tensor([[0.7324]], device='cuda:0'))
2026-01-07 17:24:58 - INFO - [ 9.9835843e-01 -3.2755163e-02 -7.0694170e-04  1.4657293e-03
 -7.0695102e-04  1.4657330e-03  9.9045622e-01 -6.5583244e-02]
2026-01-07 17:24:58 - INFO - {'S11_real': np.float32(0.9983584), 'S11_imag': np.float32(-0.032755163), 'S21_real': np.float32(-0.0007069417), 'S21_imag': np.float32(0.0014657293), 'S12_real': np.float32(-0.000706951), 'S12_imag': np.float32(0.001465733), 'S22_real': np.float32(0.9904562), 'S22_imag': np.float32(-0.065583244)}
2026-01-07 17:24:58 - INFO - (tensor([[[[0., 1., 0., 0., 0., 0., 1., 0., 1., 1., 1., 1., 1., 0., 1., 0., 0.,
           1., 1.],
          [0., 1., 1., 1., 0., 0., 1., 1., 1., 0., 1., 1., 1., 1., 0., 1., 1.,
           0., 1.],
          [1., 0., 1., 0., 1., 1., 1., 0., 1., 0., 0., 0., 0., 0., 0., 1., 1.,
           1., 1.],
          [0., 1., 1., 0., 1., 0., 1., 1., 0., 1., 1., 1., 1., 0., 1., 0., 0.,
           1., 0.],
          [1., 0., 0., 0., 0., 1., 1., 1., 1., 0., 1., 1., 1., 0., 0., 0., 0.,
           0., 1.],
          [0., 1., 0., 0., 0., 0., 0., 0., 1., 0., 0., 1., 0., 0., 1., 1., 0.,
           0., 0.],
          [0., 0., 0., 1., 1., 1., 1., 0., 1., 0., 0., 1., 0., 1., 1., 1., 1.,
           1., 0.],
          [1., 0., 0., 0., 0., 1., 0., 1., 0., 1., 1., 1., 1., 1., 0., 0., 0.,
           0., 1.],
          [0., 0., 0., 0., 0., 1., 1., 0., 1., 0., 1., 1., 0., 1., 0., 0., 1.,
           1., 1.],
          [1., 0., 0., 0., 0., 0., 0., 1., 0., 0., 1., 1., 0., 0., 1., 0., 1.,
           1., 1.],
          [0., 0., 1., 1., 0., 0., 0., 1., 1., 1., 0., 1., 1., 1., 0., 1., 1.,
           0., 1.],
          [0., 0., 1., 0., 1., 0., 1., 0., 0., 0., 1., 1., 1., 0., 0., 1., 1.,
           0., 0.],
          [0., 1., 0., 1., 0., 1., 0., 0., 1., 0., 0., 0., 1., 0., 1., 0., 0.,
           1., 1.],
          [1., 1., 1., 1., 0., 0., 0., 0., 1., 0., 0., 0., 1., 1., 0., 1., 0.,
           1., 0.],
          [1., 0., 0., 1., 1., 1., 1., 0., 0., 0., 0., 0., 0., 0., 0., 1., 0.,
           1., 1.],
          [1., 1., 0., 1., 0., 0., 1., 0., 0., 1., 1., 0., 0., 0., 0., 1., 1.,
           1., 1.],
          [0., 1., 0., 0., 1., 0., 0., 0., 1., 0., 0., 0., 0., 1., 1., 0., 0.,
           0., 1.],
          [1., 0., 0., 1., 0., 1., 0., 0., 0., 0., 1., 1., 1., 0., 0., 1., 1.,
           0., 1.],
          [0., 1., 0., 0., 1., 1., 0., 0., 1., 0., 1., 0., 1., 0., 0., 0., 0.,
           0., 0.]]]], device='cuda:0'), tensor([[0.7324]], device='cuda:0'))
2026-01-07 17:24:58 - INFO - [ 9.9805856e-01 -2.8907860e-02 -1.2555066e-04  8.1654163e-03
 -1.2555253e-04  8.1654089e-03  8.0398172e-01 -3.3525604e-01]
2026-01-07 17:24:58 - INFO - {'S11_real': np.float32(0.99805856), 'S11_imag': np.float32(-0.02890786), 'S21_real': np.float32(-0.00012555066), 'S21_imag': np.float32(0.008165416), 'S12_real': np.float32(-0.00012555253), 'S12_imag': np.float32(0.008165409), 'S22_real': np.float32(0.8039817), 'S22_imag': np.float32(-0.33525604)}
2026-01-07 17:24:58 - INFO - (tensor([[[[0., 1., 1., 0., 1., 1., 0., 1., 0., 1., 1., 1., 0., 1., 0., 0., 1.,
           0., 0.],
          [1., 0., 1., 1., 0., 1., 1., 0., 0., 0., 0., 1., 1., 1., 1., 1., 0.,
           1., 1.],
          [1., 1., 0., 0., 0., 1., 1., 1., 0., 1., 0., 1., 0., 0., 1., 1., 0.,
           0., 0.],
          [0., 0., 1., 0., 1., 1., 1., 1., 1., 0., 1., 0., 1., 0., 1., 0., 0.,
           0., 1.],
          [0., 1., 1., 0., 1., 1., 1., 1., 0., 1., 0., 1., 0., 0., 1., 1., 1.,
           1., 1.],
          [0., 0., 0., 1., 1., 1., 0., 1., 0., 0., 1., 0., 0., 0., 1., 0., 1.,
           1., 0.],
          [1., 0., 1., 1., 1., 1., 1., 1., 1., 0., 0., 0., 1., 0., 1., 1., 1.,
           1., 1.],
          [1., 1., 1., 0., 1., 0., 0., 1., 0., 1., 0., 1., 0., 1., 0., 1., 1.,
           0., 0.],
          [0., 0., 1., 0., 0., 1., 1., 1., 0., 0., 0., 0., 1., 0., 0., 1., 1.,
           1., 0.],
          [1., 1., 0., 0., 1., 1., 1., 0., 0., 0., 1., 0., 0., 1., 0., 0., 1.,
           1., 1.],
          [1., 1., 0., 1., 1., 1., 0., 0., 1., 0., 0., 0., 1., 0., 0., 1., 1.,
           0., 1.],
          [1., 1., 1., 0., 1., 1., 0., 1., 0., 1., 0., 1., 1., 0., 0., 0., 0.,
           0., 1.],
          [0., 1., 0., 0., 1., 1., 1., 1., 0., 1., 0., 0., 0., 1., 1., 1., 1.,
           1., 1.],
          [0., 1., 0., 0., 1., 1., 1., 1., 0., 1., 1., 0., 0., 1., 0., 1., 1.,
           0., 0.],
          [1., 1., 1., 0., 0., 1., 1., 0., 1., 0., 1., 0., 1., 1., 1., 0., 1.,
           1., 1.],
          [1., 1., 1., 0., 0., 1., 1., 0., 0., 1., 0., 1., 1., 0., 1., 1., 1.,
           1., 0.],
          [0., 0., 1., 0., 0., 0., 1., 1., 1., 1., 1., 0., 0., 0., 1., 0., 0.,
           1., 1.],
          [1., 1., 0., 1., 1., 1., 0., 0., 0., 0., 0., 1., 1., 1., 0., 1., 0.,
           0., 1.],
          [1., 1., 1., 0., 0., 0., 1., 0., 1., 0., 1., 0., 1., 1., 0., 1., 0.,
           1., 0.]]]], device='cuda:0'), tensor([[0.7324]], device='cuda:0'))
2026-01-07 17:24:58 - INFO - [-0.05995817 -0.02970668  0.9124619  -0.22228289  0.9124619  -0.2222829
 -0.06438977 -0.02597584]
2026-01-07 17:24:58 - INFO - {'S11_real': np.float32(-0.059958167), 'S11_imag': np.float32(-0.029706676), 'S21_real': np.float32(0.9124619), 'S21_imag': np.float32(-0.22228289), 'S12_real': np.float32(0.9124619), 'S12_imag': np.float32(-0.2222829), 'S22_real': np.float32(-0.06438977), 'S22_imag': np.float32(-0.025975842)}
2026-01-07 17:24:58 - INFO - (tensor([[[[1., 0., 0., 0., 0., 1., 1., 0., 0., 1., 0., 0., 0., 1., 0., 1., 1.,
           1., 0.],
          [0., 0., 1., 0., 0., 1., 1., 1., 0., 0., 0., 1., 0., 1., 0., 0., 0.,
           0., 0.],
          [1., 1., 0., 0., 1., 0., 1., 0., 0., 1., 1., 0., 1., 1., 0., 0., 0.,
           0., 1.],
          [0., 0., 1., 1., 0., 0., 1., 0., 1., 1., 1., 0., 0., 1., 0., 1., 0.,
           0., 1.],
          [0., 0., 0., 1., 0., 1., 0., 0., 0., 1., 1., 1., 0., 0., 0., 1., 0.,
           0., 1.],
          [0., 1., 0., 0., 0., 0., 0., 1., 0., 0., 1., 1., 1., 0., 1., 1., 1.,
           1., 0.],
          [1., 1., 0., 0., 1., 0., 1., 0., 0., 1., 0., 0., 1., 1., 0., 0., 1.,
           0., 1.],
          [0., 0., 1., 1., 0., 0., 0., 0., 1., 0., 0., 1., 1., 1., 0., 1., 1.,
           0., 1.],
          [1., 0., 1., 0., 1., 1., 1., 0., 1., 1., 1., 1., 0., 1., 1., 1., 1.,
           0., 0.],
          [1., 1., 0., 0., 0., 1., 1., 0., 1., 1., 1., 0., 1., 1., 0., 1., 1.,
           0., 1.],
          [1., 1., 1., 0., 0., 1., 1., 1., 1., 0., 1., 0., 0., 0., 1., 0., 0.,
           1., 1.],
          [0., 1., 0., 1., 0., 0., 1., 1., 1., 0., 0., 1., 0., 1., 0., 0., 1.,
           1., 0.],
          [0., 0., 0., 1., 1., 1., 0., 0., 0., 0., 1., 1., 1., 0., 1., 1., 1.,
           1., 0.],
          [0., 1., 1., 1., 1., 1., 0., 1., 1., 1., 0., 0., 0., 0., 0., 1., 1.,
           0., 0.],
          [0., 1., 0., 0., 0., 1., 0., 1., 1., 1., 1., 1., 0., 1., 1., 1., 0.,
           1., 1.],
          [1., 0., 1., 1., 1., 1., 1., 1., 1., 0., 0., 0., 1., 0., 1., 0., 0.,
           1., 1.],
          [1., 1., 1., 0., 1., 0., 0., 1., 0., 0., 1., 1., 0., 0., 0., 1., 1.,
           1., 0.],
          [1., 1., 0., 0., 0., 1., 1., 1., 1., 1., 1., 1., 0., 1., 1., 0., 0.,
           0., 0.],
          [1., 1., 0., 0., 1., 0., 0., 1., 0., 1., 0., 1., 0., 1., 1., 0., 0.,
           0., 0.]]]], device='cuda:0'), tensor([[0.7324]], device='cuda:0'))
2026-01-07 17:24:58 - INFO - [-0.03771566  0.01417174  0.9248529  -0.22491325  0.9248529  -0.22491325
 -0.03625363  0.01299532]
2026-01-07 17:24:58 - INFO - {'S11_real': np.float32(-0.03771566), 'S11_imag': np.float32(0.014171735), 'S21_real': np.float32(0.9248529), 'S21_imag': np.float32(-0.22491325), 'S12_real': np.float32(0.9248529), 'S12_imag': np.float32(-0.22491325), 'S22_real': np.float32(-0.03625363), 'S22_imag': np.float32(0.012995316)}
2026-01-07 17:24:58 - INFO - (tensor([[[[0., 1., 1., 1., 1., 0., 1., 1., 1., 0., 0., 1., 0., 1., 0., 0., 0.,
           1., 0.],
          [1., 0., 1., 1., 1., 1., 1., 1., 0., 1., 0., 1., 1., 0., 1., 0., 1.,
           0., 0.],
          [1., 0., 0., 1., 1., 1., 0., 0., 0., 1., 1., 0., 1., 1., 1., 1., 1.,
           0., 0.],
          [1., 1., 0., 0., 0., 0., 0., 1., 0., 0., 0., 0., 1., 1., 0., 0., 1.,
           0., 0.],
          [1., 1., 0., 0., 1., 1., 1., 0., 0., 0., 1., 0., 1., 0., 1., 0., 1.,
           1., 1.],
          [1., 0., 1., 0., 0., 1., 1., 0., 0., 0., 0., 0., 0., 0., 1., 0., 0.,
           1., 0.],
          [0., 1., 0., 0., 1., 1., 0., 1., 1., 0., 1., 1., 0., 0., 1., 1., 0.,
           0., 1.],
          [0., 0., 1., 1., 0., 0., 1., 0., 1., 0., 0., 0., 1., 1., 0., 0., 1.,
           1., 0.],
          [1., 1., 0., 0., 1., 1., 0., 1., 0., 0., 1., 0., 0., 0., 0., 0., 1.,
           0., 0.],
          [1., 1., 0., 0., 0., 0., 1., 1., 0., 1., 1., 1., 0., 0., 0., 0., 0.,
           0., 1.],
          [1., 1., 1., 1., 0., 0., 1., 0., 0., 0., 0., 0., 1., 1., 1., 0., 0.,
           0., 0.],
          [1., 0., 1., 1., 1., 1., 0., 0., 1., 0., 0., 0., 1., 1., 1., 1., 1.,
           1., 1.],
          [0., 1., 0., 1., 0., 0., 0., 0., 1., 1., 1., 1., 1., 1., 1., 1., 1.,
           1., 1.],
          [0., 0., 0., 0., 0., 1., 1., 0., 1., 0., 1., 1., 0., 0., 0., 1., 0.,
           1., 1.],
          [1., 1., 0., 0., 0., 0., 1., 0., 0., 0., 0., 1., 1., 1., 1., 0., 1.,
           0., 0.],
          [0., 0., 1., 1., 0., 1., 1., 0., 0., 1., 0., 1., 0., 0., 0., 0., 1.,
           1., 1.],
          [1., 0., 0., 1., 1., 1., 1., 1., 0., 1., 1., 0., 0., 1., 1., 1., 0.,
           1., 1.],
          [0., 0., 0., 0., 1., 0., 0., 0., 1., 0., 1., 0., 1., 1., 1., 0., 1.,
           0., 0.],
          [1., 0., 1., 0., 1., 0., 1., 0., 0., 1., 0., 0., 1., 1., 1., 1., 1.,
           0., 1.]]]], device='cuda:0'), tensor([[0.7324]], device='cuda:0'))
2026-01-07 17:24:58 - INFO - [ 8.7436140e-01 -2.6828068e-01  8.7075867e-05  8.4453188e-03
  8.7083317e-05  8.4453225e-03  9.9792224e-01 -2.8060608e-02]
2026-01-07 17:24:58 - INFO - {'S11_real': np.float32(0.8743614), 'S11_imag': np.float32(-0.26828068), 'S21_real': np.float32(8.707587e-05), 'S21_imag': np.float32(0.008445319), 'S12_real': np.float32(8.708332e-05), 'S12_imag': np.float32(0.0084453225), 'S22_real': np.float32(0.99792224), 'S22_imag': np.float32(-0.028060608)}
2026-01-07 17:24:58 - INFO - (tensor([[[[0., 0., 0., 0., 0., 1., 1., 1., 1., 1., 1., 0., 1., 1., 1., 1., 1.,
           0., 0.],
          [0., 1., 1., 1., 0., 0., 1., 1., 0., 0., 0., 1., 0., 1., 1., 1., 0.,
           0., 0.],
          [0., 1., 1., 1., 1., 0., 1., 0., 1., 0., 1., 1., 0., 1., 0., 1., 0.,
           0., 0.],
          [0., 1., 0., 0., 0., 0., 1., 0., 1., 1., 0., 0., 0., 0., 1., 1., 0.,
           0., 1.],
          [1., 0., 0., 0., 0., 0., 0., 1., 1., 1., 1., 0., 0., 1., 0., 0., 0.,
           1., 1.],
          [1., 1., 1., 1., 1., 0., 1., 0., 0., 1., 0., 0., 1., 0., 1., 0., 0.,
           0., 0.],
          [1., 1., 1., 0., 0., 0., 0., 1., 0., 1., 0., 0., 1., 1., 1., 1., 0.,
           1., 1.],
          [0., 0., 0., 0., 1., 1., 0., 1., 1., 0., 1., 1., 0., 1., 1., 0., 1.,
           0., 0.],
          [0., 0., 0., 0., 1., 0., 1., 0., 0., 0., 1., 1., 0., 1., 0., 0., 1.,
           0., 0.],
          [1., 0., 0., 1., 1., 0., 0., 1., 1., 0., 1., 1., 1., 0., 0., 0., 0.,
           0., 1.],
          [1., 1., 0., 0., 1., 1., 1., 1., 0., 0., 1., 0., 0., 0., 0., 1., 1.,
           0., 1.],
          [0., 1., 1., 1., 1., 1., 1., 1., 0., 1., 0., 1., 1., 1., 0., 0., 0.,
           0., 0.],
          [1., 0., 0., 0., 1., 1., 1., 0., 1., 0., 1., 1., 1., 1., 1., 0., 0.,
           1., 0.],
          [1., 1., 1., 1., 1., 1., 1., 0., 0., 1., 0., 1., 0., 0., 1., 1., 0.,
           1., 0.],
          [1., 0., 0., 0., 1., 0., 1., 1., 1., 1., 1., 0., 1., 1., 0., 0., 1.,
           1., 1.],
          [0., 1., 1., 0., 0., 0., 1., 1., 1., 0., 0., 1., 0., 0., 0., 0., 1.,
           1., 0.],
          [0., 0., 0., 0., 1., 0., 1., 1., 0., 1., 0., 0., 0., 1., 1., 1., 0.,
           1., 1.],
          [1., 0., 1., 0., 1., 1., 1., 0., 0., 1., 1., 0., 0., 1., 1., 0., 1.,
           0., 1.],
          [1., 1., 1., 0., 1., 1., 1., 1., 1., 1., 0., 1., 0., 0., 0., 0., 1.,
           1., 1.]]]], device='cuda:0'), tensor([[0.7324]], device='cuda:0'))
2026-01-07 17:24:58 - INFO - [ 0.7257029  -0.40160948  0.00298265  0.01857737  0.00298264  0.01857737
  0.9974859  -0.03027101]
2026-01-07 17:24:58 - INFO - {'S11_real': np.float32(0.7257029), 'S11_imag': np.float32(-0.40160948), 'S21_real': np.float32(0.0029826513), 'S21_imag': np.float32(0.018577367), 'S12_real': np.float32(0.002982642), 'S12_imag': np.float32(0.018577367), 'S22_real': np.float32(0.9974859), 'S22_imag': np.float32(-0.030271007)}
2026-01-07 17:24:58 - INFO - (tensor([[[[0., 1., 0., 0., 1., 0., 0., 0., 0., 1., 0., 0., 0., 1., 1., 0., 1.,
           1., 1.],
          [1., 0., 0., 1., 1., 1., 1., 1., 1., 1., 0., 0., 1., 1., 0., 0., 1.,
           0., 0.],
          [1., 0., 1., 0., 1., 0., 0., 1., 0., 0., 1., 0., 0., 1., 1., 1., 1.,
           1., 1.],
          [1., 1., 0., 0., 1., 0., 1., 0., 0., 1., 0., 0., 0., 1., 0., 0., 1.,
           0., 0.],
          [0., 0., 1., 1., 1., 0., 1., 0., 0., 1., 1., 1., 0., 0., 0., 0., 1.,
           1., 0.],
          [0., 1., 1., 0., 1., 0., 0., 0., 0., 1., 1., 0., 0., 0., 0., 0., 1.,
           0., 1.],
          [0., 0., 0., 0., 1., 1., 1., 0., 1., 0., 0., 1., 0., 0., 1., 1., 0.,
           1., 1.],
          [1., 0., 0., 1., 0., 0., 1., 1., 1., 0., 0., 0., 0., 1., 1., 1., 1.,
           1., 0.],
          [1., 0., 0., 1., 0., 0., 1., 0., 1., 1., 0., 0., 1., 0., 1., 1., 1.,
           1., 1.],
          [1., 0., 1., 0., 0., 0., 1., 1., 0., 1., 0., 1., 1., 1., 0., 0., 0.,
           1., 1.],
          [0., 0., 0., 1., 0., 1., 1., 0., 1., 1., 1., 1., 0., 1., 0., 1., 0.,
           1., 0.],
          [1., 0., 0., 0., 1., 1., 0., 1., 0., 0., 1., 1., 1., 1., 1., 1., 0.,
           0., 0.],
          [1., 0., 1., 1., 1., 0., 0., 1., 0., 1., 1., 0., 1., 1., 1., 1., 0.,
           0., 1.],
          [1., 1., 0., 0., 0., 0., 0., 1., 0., 0., 1., 0., 1., 1., 0., 0., 0.,
           0., 1.],
          [1., 0., 1., 1., 1., 0., 1., 1., 1., 0., 1., 1., 1., 1., 1., 1., 1.,
           0., 0.],
          [0., 0., 0., 0., 1., 0., 0., 0., 0., 1., 1., 1., 1., 0., 1., 0., 1.,
           0., 0.],
          [1., 1., 1., 1., 1., 1., 1., 0., 1., 0., 0., 1., 0., 1., 0., 1., 1.,
           1., 1.],
          [1., 0., 1., 1., 0., 1., 0., 1., 0., 1., 1., 0., 0., 0., 0., 0., 1.,
           1., 0.],
          [0., 0., 1., 1., 0., 1., 0., 1., 0., 0., 1., 1., 0., 0., 1., 0., 0.,
           0., 0.]]]], device='cuda:0'), tensor([[0.7324]], device='cuda:0'))
2026-01-07 17:24:58 - INFO - [ 0.9929556  -0.05627144  0.00756017  0.03230074  0.00756017  0.03230074
  0.6960341  -0.42603096]
2026-01-07 17:24:58 - INFO - {'S11_real': np.float32(0.9929556), 'S11_imag': np.float32(-0.05627144), 'S21_real': np.float32(0.007560168), 'S21_imag': np.float32(0.03230074), 'S12_real': np.float32(0.007560166), 'S12_imag': np.float32(0.032300737), 'S22_real': np.float32(0.6960341), 'S22_imag': np.float32(-0.42603096)}
2026-01-07 17:24:58 - INFO - (tensor([[[[0., 0., 1., 1., 0., 0., 1., 0., 1., 1., 0., 0., 0., 1., 1., 0., 0.,
           0., 1.],
          [0., 1., 0., 0., 1., 1., 1., 1., 1., 1., 0., 1., 0., 0., 0., 1., 1.,
           0., 0.],
          [0., 1., 0., 1., 0., 1., 1., 0., 1., 0., 0., 0., 0., 0., 1., 0., 1.,
           0., 0.],
          [1., 0., 0., 1., 1., 0., 0., 0., 0., 0., 0., 0., 0., 0., 1., 1., 0.,
           1., 1.],
          [0., 1., 1., 1., 1., 1., 0., 0., 1., 1., 1., 0., 1., 0., 1., 1., 0.,
           0., 0.],
          [1., 1., 0., 1., 0., 0., 1., 1., 1., 1., 1., 1., 1., 0., 0., 1., 0.,
           0., 0.],
          [0., 1., 0., 0., 1., 0., 0., 1., 0., 1., 1., 1., 0., 0., 1., 1., 1.,
           0., 0.],
          [1., 0., 0., 1., 0., 0., 1., 0., 0., 0., 1., 0., 0., 0., 0., 0., 1.,
           0., 1.],
          [0., 1., 1., 0., 1., 0., 1., 0., 0., 0., 0., 1., 0., 0., 0., 1., 0.,
           1., 1.],
          [1., 1., 0., 1., 0., 0., 0., 1., 1., 1., 1., 0., 0., 1., 1., 1., 1.,
           0., 1.],
          [0., 1., 1., 1., 1., 0., 0., 1., 0., 0., 0., 0., 1., 0., 0., 0., 0.,
           1., 0.],
          [0., 1., 1., 1., 1., 1., 1., 0., 0., 1., 0., 0., 0., 0., 0., 1., 0.,
           0., 1.],
          [0., 0., 0., 0., 0., 0., 1., 0., 1., 1., 0., 0., 0., 1., 1., 1., 0.,
           1., 0.],
          [0., 1., 1., 0., 1., 1., 0., 1., 1., 0., 0., 1., 1., 1., 0., 1., 0.,
           0., 0.],
          [0., 1., 1., 1., 1., 1., 0., 0., 1., 1., 1., 1., 0., 1., 0., 0., 1.,
           0., 1.],
          [0., 0., 0., 0., 0., 1., 0., 1., 1., 0., 1., 0., 1., 1., 0., 1., 1.,
           1., 0.],
          [1., 1., 0., 1., 0., 1., 1., 1., 0., 1., 0., 0., 1., 1., 0., 1., 1.,
           1., 1.],
          [0., 1., 0., 0., 0., 0., 0., 0., 0., 1., 1., 0., 1., 1., 1., 1., 0.,
           1., 0.],
          [1., 1., 0., 0., 0., 1., 1., 1., 0., 0., 0., 0., 0., 1., 0., 0., 1.,
           0., 0.]]]], device='cuda:0'), tensor([[0.7324]], device='cuda:0'))
2026-01-07 17:24:58 - INFO - [ 0.50653833 -0.15251668  0.7105601  -0.0869558   0.7105601  -0.0869558
  0.59394705 -0.10171171]
2026-01-07 17:24:58 - INFO - {'S11_real': np.float32(0.50653833), 'S11_imag': np.float32(-0.15251668), 'S21_real': np.float32(0.7105601), 'S21_imag': np.float32(-0.0869558), 'S12_real': np.float32(0.7105601), 'S12_imag': np.float32(-0.0869558), 'S22_real': np.float32(0.59394705), 'S22_imag': np.float32(-0.10171171)}
2026-01-07 17:24:58 - INFO - (tensor([[[[0., 0., 1., 0., 1., 0., 1., 1., 0., 1., 1., 1., 0., 1., 1., 1., 0.,
           0., 1.],
          [1., 0., 1., 0., 1., 1., 0., 0., 1., 0., 1., 1., 0., 1., 1., 0., 1.,
           1., 1.],
          [1., 0., 1., 1., 1., 1., 0., 0., 0., 1., 1., 0., 0., 1., 0., 1., 1.,
           1., 1.],
          [1., 1., 1., 1., 0., 0., 0., 0., 1., 0., 0., 1., 0., 0., 0., 0., 1.,
           0., 0.],
          [0., 0., 1., 1., 0., 1., 1., 1., 1., 0., 1., 0., 0., 0., 0., 0., 0.,
           0., 0.],
          [0., 0., 1., 1., 1., 0., 0., 0., 0., 0., 1., 1., 0., 0., 1., 1., 1.,
           0., 0.],
          [0., 0., 1., 1., 0., 1., 0., 1., 0., 1., 1., 1., 0., 1., 0., 0., 1.,
           0., 0.],
          [0., 0., 1., 0., 1., 0., 0., 0., 0., 0., 0., 0., 0., 0., 1., 1., 0.,
           0., 0.],
          [1., 1., 1., 0., 0., 1., 0., 0., 1., 0., 1., 1., 0., 1., 0., 1., 0.,
           0., 0.],
          [1., 1., 1., 0., 0., 0., 1., 1., 0., 1., 0., 1., 0., 0., 0., 1., 0.,
           1., 1.],
          [0., 0., 0., 1., 1., 1., 1., 1., 1., 1., 0., 0., 0., 1., 0., 1., 1.,
           1., 1.],
          [0., 1., 0., 1., 0., 1., 1., 0., 0., 0., 1., 1., 1., 0., 0., 0., 1.,
           1., 0.],
          [1., 1., 1., 0., 0., 0., 1., 0., 0., 1., 1., 1., 1., 0., 1., 1., 1.,
           1., 1.],
          [1., 0., 0., 0., 0., 1., 1., 1., 0., 1., 1., 1., 1., 0., 1., 1., 1.,
           0., 1.],
          [1., 1., 1., 1., 1., 1., 0., 0., 1., 1., 0., 0., 0., 0., 1., 1., 1.,
           1., 1.],
          [0., 0., 0., 0., 0., 1., 0., 0., 1., 1., 1., 1., 1., 0., 1., 1., 0.,
           0., 1.],
          [1., 0., 1., 1., 1., 1., 1., 0., 0., 1., 1., 0., 0., 0., 1., 0., 1.,
           1., 1.],
          [1., 1., 0., 0., 0., 0., 1., 0., 0., 0., 0., 0., 0., 1., 1., 0., 1.,
           1., 1.],
          [1., 1., 0., 1., 1., 0., 1., 1., 0., 1., 0., 1., 1., 0., 1., 0., 1.,
           1., 1.]]]], device='cuda:0'), tensor([[0.7324]], device='cuda:0'))
2026-01-07 17:24:58 - INFO - [ 0.7955149  -0.3537962   0.0238713   0.07067252  0.0238713   0.07067253
  0.9187738  -0.21963952]
2026-01-07 17:24:58 - INFO - {'S11_real': np.float32(0.7955149), 'S11_imag': np.float32(-0.3537962), 'S21_real': np.float32(0.023871304), 'S21_imag': np.float32(0.07067252), 'S12_real': np.float32(0.023871297), 'S12_imag': np.float32(0.07067253), 'S22_real': np.float32(0.9187738), 'S22_imag': np.float32(-0.21963952)}
2026-01-07 17:24:58 - INFO - (tensor([[[[1., 0., 1., 1., 0., 0., 0., 1., 0., 0., 0., 0., 1., 1., 1., 0., 0.,
           0., 1.],
          [0., 0., 1., 1., 1., 1., 1., 0., 0., 0., 1., 1., 1., 1., 0., 0., 0.,
           0., 0.],
          [0., 0., 0., 1., 0., 0., 1., 1., 0., 0., 1., 1., 1., 0., 1., 0., 1.,
           0., 1.],
          [0., 1., 1., 0., 0., 0., 1., 1., 1., 1., 1., 0., 0., 1., 1., 0., 1.,
           0., 0.],
          [0., 0., 0., 1., 0., 1., 0., 1., 0., 1., 1., 0., 0., 0., 1., 0., 0.,
           1., 0.],
          [0., 1., 0., 1., 0., 1., 1., 0., 1., 0., 1., 1., 0., 0., 0., 1., 0.,
           1., 1.],
          [0., 1., 0., 1., 0., 1., 1., 0., 1., 1., 1., 1., 1., 0., 0., 1., 0.,
           0., 1.],
          [0., 1., 0., 1., 1., 1., 1., 0., 0., 1., 0., 1., 1., 0., 1., 1., 0.,
           1., 1.],
          [0., 0., 1., 0., 0., 0., 0., 0., 0., 1., 1., 0., 0., 0., 1., 1., 1.,
           1., 0.],
          [1., 0., 0., 0., 1., 0., 1., 0., 0., 1., 1., 0., 1., 1., 1., 0., 0.,
           0., 1.],
          [1., 0., 0., 1., 0., 0., 1., 1., 0., 1., 1., 0., 1., 1., 0., 1., 1.,
           0., 1.],
          [0., 0., 1., 0., 0., 1., 0., 0., 1., 0., 0., 1., 1., 0., 0., 0., 1.,
           0., 1.],
          [0., 0., 1., 0., 1., 1., 0., 0., 1., 1., 1., 0., 0., 0., 0., 1., 1.,
           1., 0.],
          [0., 0., 1., 1., 1., 1., 0., 0., 0., 1., 1., 1., 1., 0., 0., 1., 0.,
           1., 1.],
          [1., 1., 1., 0., 0., 0., 0., 0., 0., 1., 1., 0., 1., 1., 1., 0., 0.,
           0., 1.],
          [0., 0., 0., 1., 0., 0., 0., 1., 0., 0., 1., 0., 0., 0., 0., 1., 1.,
           1., 0.],
          [0., 0., 0., 1., 0., 1., 0., 0., 1., 0., 0., 0., 0., 1., 0., 1., 1.,
           0., 0.],
          [1., 1., 0., 0., 1., 0., 0., 1., 0., 1., 0., 1., 1., 1., 1., 1., 0.,
           0., 1.],
          [1., 1., 1., 1., 0., 1., 0., 1., 1., 0., 1., 1., 0., 0., 1., 0., 1.,
           0., 1.]]]], device='cuda:0'), tensor([[0.7324]], device='cuda:0'))
2026-01-07 17:24:58 - INFO - [ 0.996565   -0.03955949  0.0018779   0.01446026  0.0018779   0.01446026
  0.7452364  -0.37927824]
2026-01-07 17:24:58 - INFO - {'S11_real': np.float32(0.996565), 'S11_imag': np.float32(-0.03955949), 'S21_real': np.float32(0.0018778971), 'S21_imag': np.float32(0.014460256), 'S12_real': np.float32(0.0018778989), 'S12_imag': np.float32(0.014460256), 'S22_real': np.float32(0.7452364), 'S22_imag': np.float32(-0.37927824)}
2026-01-07 17:24:58 - INFO - (tensor([[[[0., 1., 0., 0., 1., 1., 1., 0., 1., 1., 0., 0., 1., 1., 0., 0., 1.,
           0., 0.],
          [1., 1., 1., 0., 1., 0., 0., 0., 0., 1., 0., 1., 0., 0., 1., 1., 1.,
           1., 1.],
          [1., 0., 1., 0., 0., 1., 0., 0., 1., 1., 0., 1., 1., 0., 1., 1., 1.,
           0., 0.],
          [1., 1., 1., 0., 0., 1., 1., 0., 1., 1., 0., 1., 1., 0., 1., 0., 0.,
           0., 1.],
          [1., 1., 1., 0., 0., 0., 1., 0., 0., 1., 1., 0., 1., 1., 1., 0., 0.,
           0., 0.],
          [0., 0., 0., 0., 1., 1., 0., 1., 1., 0., 0., 0., 1., 1., 0., 0., 1.,
           0., 0.],
          [1., 1., 0., 1., 1., 0., 0., 0., 0., 0., 0., 0., 1., 0., 1., 0., 0.,
           0., 0.],
          [0., 0., 1., 0., 0., 0., 1., 1., 0., 0., 0., 0., 0., 1., 0., 1., 1.,
           0., 1.],
          [0., 1., 0., 0., 0., 0., 1., 1., 1., 0., 0., 1., 0., 0., 1., 0., 1.,
           0., 0.],
          [1., 1., 1., 1., 1., 0., 1., 0., 0., 1., 1., 0., 1., 1., 0., 0., 1.,
           0., 1.],
          [0., 0., 0., 0., 0., 0., 0., 0., 1., 1., 1., 0., 0., 0., 0., 0., 1.,
           0., 1.],
          [1., 1., 0., 1., 0., 0., 1., 1., 1., 0., 0., 1., 0., 0., 0., 1., 1.,
           1., 0.],
          [1., 0., 0., 0., 0., 1., 1., 0., 1., 1., 1., 1., 1., 1., 1., 1., 1.,
           1., 1.],
          [0., 0., 1., 1., 1., 1., 0., 0., 1., 0., 1., 0., 1., 0., 0., 0., 1.,
           0., 1.],
          [0., 0., 1., 1., 1., 0., 1., 1., 1., 0., 1., 1., 0., 1., 0., 1., 1.,
           1., 1.],
          [0., 0., 0., 0., 0., 0., 1., 1., 1., 0., 1., 0., 0., 1., 1., 0., 0.,
           0., 1.],
          [0., 0., 1., 0., 1., 0., 1., 0., 1., 0., 0., 1., 1., 0., 0., 0., 0.,
           0., 0.],
          [0., 1., 0., 1., 0., 0., 1., 0., 1., 0., 0., 0., 0., 1., 1., 1., 0.,
           1., 0.],
          [1., 0., 1., 1., 1., 1., 0., 1., 1., 1., 1., 0., 0., 0., 1., 1., 0.,
           0., 0.]]]], device='cuda:0'), tensor([[0.7324]], device='cuda:0'))
2026-01-07 17:24:58 - INFO - [ 9.7937137e-01 -9.8097824e-02 -7.6237024e-04  3.9273486e-03
 -7.6236372e-04  3.9273524e-03  9.9453825e-01 -5.2676696e-02]
2026-01-07 17:24:58 - INFO - {'S11_real': np.float32(0.97937137), 'S11_imag': np.float32(-0.09809782), 'S21_real': np.float32(-0.00076237024), 'S21_imag': np.float32(0.0039273486), 'S12_real': np.float32(-0.0007623637), 'S12_imag': np.float32(0.0039273524), 'S22_real': np.float32(0.99453825), 'S22_imag': np.float32(-0.052676696)}
2026-01-07 17:24:58 - INFO - (tensor([[[[0., 0., 1., 1., 0., 1., 1., 0., 0., 0., 0., 1., 1., 1., 1., 0., 1.,
           0., 1.],
          [1., 0., 0., 0., 1., 0., 1., 1., 0., 1., 0., 0., 1., 1., 1., 0., 0.,
           0., 1.],
          [0., 1., 0., 0., 1., 1., 1., 0., 1., 1., 1., 1., 0., 0., 1., 1., 0.,
           1., 1.],
          [1., 0., 0., 0., 1., 1., 1., 0., 0., 1., 1., 1., 1., 1., 0., 0., 0.,
           0., 1.],
          [0., 0., 1., 0., 1., 0., 1., 1., 1., 0., 0., 1., 0., 1., 1., 1., 1.,
           1., 1.],
          [1., 0., 0., 0., 0., 0., 0., 1., 0., 1., 0., 1., 0., 0., 0., 0., 0.,
           1., 1.],
          [0., 1., 1., 1., 1., 0., 0., 1., 0., 0., 0., 0., 1., 1., 1., 0., 1.,
           1., 1.],
          [1., 0., 1., 0., 0., 1., 0., 0., 1., 1., 1., 1., 1., 0., 1., 0., 0.,
           1., 0.],
          [0., 1., 1., 0., 0., 0., 0., 0., 1., 1., 1., 1., 0., 1., 1., 0., 0.,
           0., 1.],
          [1., 0., 0., 1., 0., 0., 0., 1., 1., 1., 0., 0., 1., 0., 0., 1., 0.,
           0., 1.],
          [0., 1., 0., 1., 1., 1., 1., 0., 0., 1., 1., 1., 1., 0., 1., 1., 0.,
           1., 0.],
          [0., 0., 1., 0., 0., 1., 1., 1., 1., 0., 1., 0., 0., 1., 1., 1., 1.,
           0., 1.],
          [0., 0., 1., 1., 1., 0., 0., 0., 1., 1., 1., 1., 1., 1., 1., 0., 0.,
           0., 0.],
          [1., 1., 1., 0., 1., 0., 0., 0., 1., 1., 0., 0., 1., 0., 1., 0., 1.,
           0., 1.],
          [0., 1., 0., 1., 0., 0., 0., 0., 0., 0., 1., 1., 0., 1., 0., 0., 1.,
           0., 0.],
          [1., 0., 0., 1., 1., 0., 0., 0., 0., 0., 0., 0., 1., 0., 0., 1., 0.,
           0., 1.],
          [0., 1., 1., 1., 1., 1., 1., 1., 0., 1., 1., 0., 0., 1., 1., 1., 1.,
           0., 0.],
          [1., 0., 0., 0., 0., 1., 0., 0., 1., 0., 1., 1., 0., 0., 1., 0., 1.,
           1., 0.],
          [1., 1., 0., 0., 1., 0., 1., 0., 1., 0., 0., 0., 0., 0., 1., 1., 0.,
           1., 0.]]]], device='cuda:0'), tensor([[0.7324]], device='cuda:0'))
2026-01-07 17:24:58 - INFO - [-0.04372235  0.01469399  0.91688484 -0.23998559  0.91688484 -0.2399856
 -0.03826584  0.01039059]
2026-01-07 17:24:58 - INFO - {'S11_real': np.float32(-0.04372235), 'S11_imag': np.float32(0.014693994), 'S21_real': np.float32(0.91688484), 'S21_imag': np.float32(-0.23998559), 'S12_real': np.float32(0.91688484), 'S12_imag': np.float32(-0.2399856), 'S22_real': np.float32(-0.038265843), 'S22_imag': np.float32(0.010390593)}
2026-01-07 17:24:58 - INFO - (tensor([[[[1., 1., 1., 0., 0., 1., 1., 1., 1., 0., 0., 1., 0., 1., 0., 1., 0.,
           1., 0.],
          [1., 0., 1., 1., 0., 0., 0., 1., 1., 1., 0., 1., 0., 1., 1., 1., 0.,
           1., 1.],
          [0., 1., 0., 1., 1., 0., 1., 0., 0., 1., 1., 1., 1., 1., 0., 0., 0.,
           0., 0.],
          [1., 0., 0., 1., 1., 1., 1., 0., 1., 0., 1., 1., 0., 0., 1., 0., 1.,
           1., 0.],
          [0., 0., 1., 0., 0., 1., 0., 0., 0., 0., 1., 0., 1., 1., 0., 1., 0.,
           1., 0.],
          [1., 1., 1., 1., 1., 1., 0., 1., 0., 1., 0., 1., 1., 1., 1., 1., 1.,
           1., 1.],
          [0., 0., 1., 0., 1., 0., 1., 0., 0., 1., 0., 1., 1., 0., 1., 0., 0.,
           0., 0.],
          [0., 0., 1., 0., 0., 0., 1., 1., 1., 0., 0., 0., 1., 1., 1., 0., 0.,
           1., 0.],
          [1., 1., 1., 0., 1., 1., 0., 0., 1., 0., 0., 0., 0., 1., 0., 1., 0.,
           0., 1.],
          [1., 0., 1., 1., 1., 0., 0., 0., 1., 0., 1., 1., 1., 1., 1., 0., 1.,
           1., 1.],
          [1., 0., 0., 0., 1., 0., 0., 1., 1., 1., 1., 1., 0., 0., 0., 0., 0.,
           1., 0.],
          [0., 0., 0., 0., 1., 1., 0., 1., 0., 0., 1., 1., 1., 0., 0., 0., 1.,
           1., 0.],
          [1., 1., 0., 1., 1., 0., 0., 0., 1., 0., 1., 0., 0., 0., 1., 0., 0.,
           1., 1.],
          [0., 0., 0., 1., 1., 0., 0., 0., 0., 1., 1., 1., 0., 0., 1., 0., 1.,
           0., 0.],
          [0., 1., 0., 0., 1., 0., 0., 1., 0., 1., 0., 0., 1., 0., 1., 0., 1.,
           0., 0.],
          [0., 0., 0., 1., 0., 1., 1., 0., 0., 0., 1., 0., 0., 0., 0., 0., 0.,
           1., 0.],
          [1., 1., 0., 0., 1., 0., 0., 0., 0., 1., 1., 1., 0., 1., 1., 1., 0.,
           0., 0.],
          [0., 0., 1., 1., 0., 0., 1., 1., 0., 0., 0., 1., 1., 0., 0., 1., 1.,
           1., 0.],
          [0., 0., 0., 1., 1., 0., 0., 0., 0., 0., 0., 0., 0., 0., 0., 1., 1.,
           1., 1.]]]], device='cuda:0'), tensor([[0.7324]], device='cuda:0'))
2026-01-07 17:24:58 - INFO - [-0.01552231  0.01594096  0.91850936 -0.23242034  0.91850936 -0.23242033
 -0.02579937  0.0204311 ]
2026-01-07 17:24:58 - INFO - {'S11_real': np.float32(-0.015522306), 'S11_imag': np.float32(0.015940959), 'S21_real': np.float32(0.91850936), 'S21_imag': np.float32(-0.23242034), 'S12_real': np.float32(0.91850936), 'S12_imag': np.float32(-0.23242033), 'S22_real': np.float32(-0.025799371), 'S22_imag': np.float32(0.020431103)}
2026-01-07 17:24:58 - INFO - (tensor([[[[0., 1., 1., 1., 1., 1., 0., 1., 1., 0., 1., 0., 1., 0., 0., 0., 1.,
           1., 0.],
          [0., 0., 0., 0., 0., 0., 0., 0., 0., 1., 0., 1., 0., 1., 0., 1., 0.,
           0., 0.],
          [1., 0., 0., 0., 1., 1., 0., 0., 1., 1., 0., 0., 0., 1., 1., 0., 1.,
           1., 0.],
          [0., 0., 1., 1., 0., 1., 1., 1., 1., 0., 1., 0., 1., 0., 1., 0., 0.,
           1., 1.],
          [0., 1., 0., 0., 0., 0., 1., 1., 1., 1., 1., 0., 1., 1., 1., 0., 1.,
           1., 1.],
          [1., 1., 0., 1., 1., 1., 0., 1., 1., 0., 1., 0., 1., 0., 0., 0., 0.,
           1., 0.],
          [0., 1., 1., 0., 0., 1., 0., 1., 1., 0., 1., 1., 0., 1., 1., 0., 1.,
           1., 0.],
          [1., 1., 1., 1., 0., 1., 0., 1., 0., 1., 0., 0., 1., 1., 0., 0., 0.,
           0., 0.],
          [0., 1., 1., 0., 0., 1., 0., 0., 1., 1., 0., 1., 0., 1., 0., 0., 0.,
           0., 1.],
          [1., 1., 0., 1., 0., 0., 1., 1., 0., 0., 1., 1., 1., 1., 1., 0., 0.,
           0., 1.],
          [0., 1., 1., 1., 0., 0., 0., 0., 1., 1., 0., 0., 1., 0., 0., 1., 0.,
           0., 0.],
          [1., 0., 0., 1., 1., 1., 1., 1., 1., 1., 0., 1., 1., 1., 0., 0., 1.,
           1., 1.],
          [0., 1., 0., 0., 1., 0., 1., 0., 0., 0., 1., 0., 0., 1., 0., 0., 1.,
           1., 1.],
          [0., 0., 0., 0., 0., 1., 0., 1., 0., 0., 1., 0., 0., 1., 1., 0., 1.,
           0., 1.],
          [0., 1., 1., 0., 1., 1., 1., 0., 1., 1., 1., 0., 0., 1., 0., 1., 0.,
           1., 0.],
          [1., 1., 0., 1., 1., 1., 0., 1., 1., 1., 0., 1., 0., 1., 0., 0., 0.,
           1., 0.],
          [0., 0., 0., 0., 0., 0., 0., 0., 1., 0., 0., 0., 0., 0., 0., 0., 1.,
           1., 1.],
          [0., 0., 1., 1., 0., 0., 1., 1., 1., 1., 0., 1., 1., 0., 1., 1., 1.,
           0., 0.],
          [1., 0., 0., 1., 0., 1., 0., 1., 0., 0., 1., 1., 1., 1., 0., 0., 1.,
           0., 1.]]]], device='cuda:0'), tensor([[0.7324]], device='cuda:0'))
2026-01-07 17:24:58 - INFO - [ 0.71438116 -0.40487078  0.00280585  0.01657148  0.00280585  0.01657148
  0.9965284  -0.0333555 ]
2026-01-07 17:24:58 - INFO - {'S11_real': np.float32(0.71438116), 'S11_imag': np.float32(-0.40487078), 'S21_real': np.float32(0.0028058467), 'S21_imag': np.float32(0.016571475), 'S12_real': np.float32(0.0028058523), 'S12_imag': np.float32(0.016571475), 'S22_real': np.float32(0.9965284), 'S22_imag': np.float32(-0.0333555)}
2026-01-07 17:24:58 - INFO - (tensor([[[[0., 1., 0., 1., 0., 0., 1., 0., 0., 1., 1., 1., 1., 0., 1., 1., 1.,
           0., 0.],
          [0., 0., 1., 0., 0., 1., 1., 0., 1., 0., 0., 0., 1., 1., 0., 0., 1.,
           0., 1.],
          [1., 1., 1., 0., 1., 1., 1., 0., 0., 0., 0., 0., 1., 0., 0., 1., 0.,
           0., 1.],
          [0., 0., 1., 0., 0., 1., 0., 0., 0., 0., 0., 1., 0., 1., 0., 0., 1.,
           1., 1.],
          [0., 0., 1., 0., 0., 0., 0., 0., 1., 0., 1., 0., 0., 0., 0., 1., 0.,
           0., 1.],
          [0., 0., 0., 1., 0., 1., 1., 0., 0., 0., 0., 1., 0., 0., 0., 1., 0.,
           0., 0.],
          [0., 0., 0., 0., 1., 1., 0., 0., 0., 1., 0., 0., 1., 1., 0., 0., 1.,
           1., 1.],
          [1., 0., 0., 1., 0., 0., 1., 1., 1., 0., 0., 0., 1., 0., 1., 0., 1.,
           0., 0.],
          [1., 1., 0., 0., 1., 0., 0., 1., 1., 0., 1., 0., 0., 1., 0., 0., 0.,
           0., 0.],
          [1., 1., 0., 0., 1., 0., 1., 1., 1., 0., 0., 0., 0., 1., 0., 0., 0.,
           1., 1.],
          [1., 0., 0., 0., 0., 0., 1., 0., 1., 0., 0., 1., 0., 1., 1., 0., 0.,
           0., 0.],
          [0., 1., 1., 0., 0., 1., 1., 1., 0., 0., 1., 1., 0., 1., 0., 1., 0.,
           1., 1.],
          [1., 1., 0., 1., 0., 1., 1., 0., 1., 1., 0., 1., 1., 1., 0., 1., 0.,
           0., 0.],
          [0., 1., 1., 0., 1., 1., 1., 1., 1., 1., 0., 1., 0., 1., 0., 1., 0.,
           0., 1.],
          [1., 0., 1., 1., 1., 1., 0., 1., 1., 1., 1., 0., 1., 1., 1., 0., 1.,
           0., 1.],
          [1., 0., 0., 1., 1., 1., 1., 1., 0., 1., 0., 0., 1., 1., 0., 0., 1.,
           0., 0.],
          [0., 1., 1., 0., 0., 1., 1., 0., 1., 1., 1., 1., 1., 0., 0., 1., 1.,
           1., 1.],
          [0., 0., 1., 1., 1., 1., 1., 0., 0., 1., 1., 0., 0., 0., 1., 0., 1.,
           1., 0.],
          [1., 0., 1., 0., 0., 0., 0., 1., 0., 0., 0., 0., 1., 0., 1., 1., 1.,
           0., 1.]]]], device='cuda:0'), tensor([[0.7324]], device='cuda:0'))
2026-01-07 17:24:58 - INFO - [ 9.8975831e-01 -6.8099819e-02 -7.5613603e-04  2.7099596e-03
 -7.5613789e-04  2.7099596e-03  9.9558431e-01 -4.8627995e-02]
2026-01-07 17:24:58 - INFO - {'S11_real': np.float32(0.9897583), 'S11_imag': np.float32(-0.06809982), 'S21_real': np.float32(-0.000756136), 'S21_imag': np.float32(0.0027099596), 'S12_real': np.float32(-0.0007561379), 'S12_imag': np.float32(0.0027099596), 'S22_real': np.float32(0.9955843), 'S22_imag': np.float32(-0.048627995)}
2026-01-07 17:24:58 - INFO - (tensor([[[[0., 0., 0., 1., 0., 1., 1., 1., 1., 0., 0., 0., 0., 0., 1., 1., 1.,
           0., 1.],
          [0., 1., 1., 1., 0., 0., 0., 0., 1., 0., 0., 1., 1., 1., 0., 1., 1.,
           0., 1.],
          [0., 0., 0., 1., 1., 1., 0., 1., 0., 1., 0., 0., 0., 0., 0., 0., 0.,
           0., 0.],
          [0., 0., 0., 1., 1., 0., 1., 0., 1., 0., 1., 0., 1., 0., 1., 1., 1.,
           0., 1.],
          [1., 0., 0., 1., 0., 1., 1., 0., 1., 1., 0., 0., 1., 1., 1., 0., 1.,
           1., 1.],
          [0., 1., 1., 0., 0., 1., 0., 1., 1., 0., 1., 1., 1., 1., 1., 0., 1.,
           1., 0.],
          [0., 0., 0., 0., 0., 0., 0., 1., 1., 0., 1., 1., 1., 1., 1., 0., 0.,
           1., 0.],
          [1., 1., 1., 0., 1., 1., 1., 0., 1., 0., 1., 1., 1., 0., 1., 1., 1.,
           1., 1.],
          [1., 0., 1., 0., 1., 0., 1., 0., 1., 0., 1., 0., 1., 1., 1., 0., 0.,
           0., 1.],
          [1., 1., 1., 1., 1., 1., 1., 1., 0., 0., 1., 1., 0., 1., 0., 1., 1.,
           0., 1.],
          [1., 1., 0., 0., 0., 1., 0., 1., 0., 0., 0., 0., 1., 1., 0., 1., 1.,
           1., 0.],
          [0., 1., 0., 0., 0., 0., 1., 1., 0., 1., 1., 1., 1., 1., 0., 1., 1.,
           0., 0.],
          [0., 1., 1., 0., 1., 0., 0., 1., 0., 1., 0., 0., 0., 1., 0., 0., 0.,
           1., 1.],
          [1., 1., 1., 0., 0., 0., 0., 1., 0., 1., 1., 1., 0., 1., 0., 1., 0.,
           0., 1.],
          [1., 0., 0., 1., 1., 1., 0., 1., 0., 1., 1., 1., 0., 0., 0., 0., 1.,
           1., 1.],
          [0., 0., 1., 1., 0., 0., 0., 0., 1., 0., 1., 1., 1., 0., 1., 1., 1.,
           0., 1.],
          [1., 1., 0., 0., 1., 1., 0., 0., 0., 1., 0., 0., 0., 0., 1., 0., 1.,
           0., 1.],
          [1., 1., 1., 0., 1., 1., 1., 1., 1., 0., 1., 1., 1., 1., 1., 0., 0.,
           0., 1.],
          [1., 0., 1., 0., 1., 1., 1., 0., 0., 0., 0., 0., 0., 1., 0., 0., 0.,
           0., 1.]]]], device='cuda:0'), tensor([[0.7324]], device='cuda:0'))
2026-01-07 17:24:58 - INFO - [-0.05081287 -0.00240961  0.91847897 -0.22526523  0.91847897 -0.22526522
 -0.04636874 -0.00633334]
2026-01-07 17:24:58 - INFO - {'S11_real': np.float32(-0.050812874), 'S11_imag': np.float32(-0.0024096062), 'S21_real': np.float32(0.91847897), 'S21_imag': np.float32(-0.22526523), 'S12_real': np.float32(0.91847897), 'S12_imag': np.float32(-0.22526522), 'S22_real': np.float32(-0.046368744), 'S22_imag': np.float32(-0.006333341)}
2026-01-07 17:24:58 - INFO - (tensor([[[[0., 0., 0., 0., 1., 1., 1., 0., 0., 0., 1., 1., 0., 0., 0., 1., 0.,
           1., 1.],
          [1., 1., 0., 1., 0., 1., 0., 1., 1., 1., 0., 1., 1., 1., 1., 0., 0.,
           0., 0.],
          [1., 1., 1., 0., 1., 0., 0., 0., 1., 1., 1., 0., 1., 1., 0., 1., 1.,
           0., 0.],
          [1., 0., 1., 1., 0., 0., 0., 0., 1., 0., 0., 0., 0., 1., 0., 0., 1.,
           0., 1.],
          [1., 1., 1., 0., 1., 0., 1., 1., 0., 0., 1., 0., 1., 0., 1., 0., 0.,
           1., 1.],
          [1., 0., 0., 1., 0., 1., 0., 0., 0., 1., 0., 0., 0., 0., 1., 0., 0.,
           0., 0.],
          [1., 0., 0., 0., 0., 1., 0., 0., 1., 0., 1., 0., 0., 0., 0., 0., 0.,
           0., 0.],
          [0., 0., 0., 0., 1., 0., 1., 1., 0., 1., 0., 0., 1., 1., 1., 0., 1.,
           1., 1.],
          [0., 0., 1., 1., 1., 1., 1., 1., 1., 0., 1., 1., 0., 1., 0., 1., 0.,
           1., 1.],
          [1., 0., 0., 1., 1., 1., 1., 1., 0., 1., 0., 0., 1., 1., 0., 1., 0.,
           1., 1.],
          [1., 1., 1., 0., 1., 0., 1., 1., 0., 0., 0., 1., 1., 1., 1., 1., 1.,
           1., 0.],
          [1., 0., 1., 0., 0., 0., 1., 0., 0., 0., 0., 1., 1., 1., 1., 0., 1.,
           0., 1.],
          [0., 0., 0., 0., 1., 1., 0., 0., 1., 1., 1., 0., 0., 0., 0., 1., 0.,
           1., 0.],
          [1., 0., 1., 1., 0., 1., 1., 1., 0., 0., 0., 0., 1., 1., 0., 1., 0.,
           0., 1.],
          [0., 1., 0., 0., 0., 1., 0., 1., 0., 0., 1., 1., 1., 1., 1., 1., 0.,
           1., 0.],
          [0., 0., 1., 0., 0., 0., 1., 0., 1., 0., 1., 1., 0., 0., 1., 1., 1.,
           0., 0.],
          [0., 0., 0., 1., 1., 1., 1., 1., 1., 0., 1., 0., 0., 0., 0., 1., 1.,
           0., 0.],
          [1., 1., 1., 0., 1., 1., 0., 0., 1., 0., 0., 0., 0., 0., 1., 1., 1.,
           1., 1.],
          [0., 1., 1., 0., 1., 1., 1., 1., 0., 0., 0., 0., 1., 1., 1., 1., 1.,
           1., 1.]]]], device='cuda:0'), tensor([[0.7324]], device='cuda:0'))
2026-01-07 17:24:58 - INFO - [ 0.9841147  -0.08764671  0.01198191  0.04574918  0.01198192  0.04574917
  0.72754824 -0.4090227 ]
2026-01-07 17:24:58 - INFO - {'S11_real': np.float32(0.9841147), 'S11_imag': np.float32(-0.08764671), 'S21_real': np.float32(0.011981907), 'S21_imag': np.float32(0.045749176), 'S12_real': np.float32(0.011981917), 'S12_imag': np.float32(0.045749173), 'S22_real': np.float32(0.72754824), 'S22_imag': np.float32(-0.4090227)}
2026-01-07 17:24:58 - INFO - (tensor([[[[0., 0., 0., 0., 0., 0., 0., 1., 1., 1., 1., 0., 0., 0., 0., 1., 1.,
           1., 1.],
          [0., 0., 1., 1., 1., 1., 1., 1., 0., 0., 1., 0., 0., 0., 1., 0., 0.,
           0., 0.],
          [0., 0., 0., 1., 0., 0., 0., 1., 0., 1., 0., 1., 1., 1., 0., 1., 0.,
           0., 0.],
          [1., 0., 1., 0., 0., 0., 0., 0., 0., 0., 1., 0., 0., 1., 1., 1., 0.,
           1., 0.],
          [1., 0., 1., 0., 0., 0., 1., 1., 1., 1., 1., 0., 1., 0., 0., 0., 0.,
           1., 1.],
          [1., 1., 1., 1., 0., 1., 0., 0., 0., 0., 1., 1., 0., 1., 0., 0., 0.,
           0., 1.],
          [0., 1., 0., 1., 1., 1., 0., 0., 1., 1., 0., 1., 1., 1., 0., 0., 0.,
           0., 0.],
          [0., 1., 1., 1., 1., 1., 1., 0., 1., 1., 0., 0., 1., 1., 1., 0., 0.,
           0., 0.],
          [1., 1., 1., 0., 0., 1., 1., 1., 0., 1., 0., 1., 1., 0., 0., 0., 1.,
           0., 1.],
          [1., 1., 0., 0., 1., 0., 1., 1., 1., 0., 1., 0., 0., 1., 0., 1., 1.,
           1., 1.],
          [1., 1., 0., 0., 0., 0., 0., 1., 0., 1., 0., 0., 1., 0., 0., 0., 1.,
           0., 1.],
          [0., 1., 0., 1., 1., 0., 0., 0., 1., 0., 1., 0., 0., 1., 0., 0., 0.,
           1., 1.],
          [1., 1., 0., 0., 0., 1., 0., 1., 0., 1., 1., 0., 1., 1., 0., 1., 1.,
           0., 1.],
          [1., 1., 0., 0., 0., 0., 1., 0., 0., 0., 0., 1., 1., 0., 1., 0., 0.,
           1., 1.],
          [1., 1., 1., 1., 0., 1., 0., 0., 0., 0., 0., 1., 1., 0., 0., 1., 0.,
           1., 1.],
          [1., 0., 0., 0., 0., 0., 0., 0., 0., 1., 0., 1., 1., 1., 0., 0., 0.,
           1., 0.],
          [0., 1., 0., 1., 1., 1., 0., 1., 1., 0., 1., 0., 0., 1., 0., 0., 0.,
           0., 1.],
          [0., 0., 0., 0., 1., 1., 0., 1., 0., 1., 0., 0., 1., 1., 1., 1., 1.,
           0., 0.],
          [0., 0., 1., 1., 0., 0., 1., 1., 1., 1., 1., 0., 0., 0., 0., 1., 0.,
           0., 0.]]]], device='cuda:0'), tensor([[0.7324]], device='cuda:0'))
2026-01-07 17:24:58 - INFO - [ 0.7554044  -0.3976969   0.02151543  0.07004567  0.02151544  0.07004568
  0.9597222  -0.15501292]
2026-01-07 17:24:58 - INFO - {'S11_real': np.float32(0.7554044), 'S11_imag': np.float32(-0.3976969), 'S21_real': np.float32(0.021515435), 'S21_imag': np.float32(0.07004567), 'S12_real': np.float32(0.021515438), 'S12_imag': np.float32(0.07004568), 'S22_real': np.float32(0.9597222), 'S22_imag': np.float32(-0.15501292)}
2026-01-07 17:24:58 - INFO - (tensor([[[[0., 0., 1., 0., 0., 1., 1., 1., 1., 0., 1., 0., 1., 0., 1., 1., 0.,
           0., 1.],
          [0., 0., 0., 0., 1., 0., 1., 0., 1., 1., 1., 1., 0., 0., 1., 0., 0.,
           1., 0.],
          [0., 0., 0., 1., 1., 0., 1., 1., 1., 1., 0., 0., 0., 1., 0., 0., 0.,
           1., 0.],
          [1., 1., 1., 1., 1., 0., 1., 1., 1., 0., 0., 0., 0., 1., 1., 0., 1.,
           0., 0.],
          [0., 1., 0., 0., 1., 1., 1., 1., 1., 1., 0., 1., 1., 1., 0., 1., 0.,
           0., 0.],
          [0., 1., 1., 1., 1., 1., 1., 0., 0., 1., 1., 1., 1., 1., 1., 0., 0.,
           1., 1.],
          [1., 0., 0., 0., 0., 0., 1., 1., 0., 1., 0., 0., 0., 1., 1., 1., 1.,
           1., 0.],
          [0., 0., 1., 1., 1., 0., 0., 0., 1., 1., 0., 0., 0., 0., 1., 0., 1.,
           1., 1.],
          [1., 1., 0., 1., 0., 0., 1., 0., 0., 0., 0., 1., 0., 0., 1., 1., 1.,
           1., 1.],
          [1., 1., 0., 1., 0., 0., 1., 0., 1., 0., 1., 0., 0., 1., 1., 1., 1.,
           1., 1.],
          [1., 1., 1., 1., 0., 0., 1., 1., 0., 1., 0., 0., 0., 0., 0., 1., 0.,
           1., 0.],
          [0., 0., 1., 0., 0., 1., 1., 0., 0., 0., 1., 0., 1., 0., 1., 1., 0.,
           0., 1.],
          [0., 1., 1., 0., 1., 0., 1., 0., 0., 0., 1., 0., 1., 1., 0., 1., 0.,
           1., 1.],
          [0., 0., 1., 0., 0., 1., 0., 1., 0., 0., 1., 1., 0., 0., 1., 0., 0.,
           0., 0.],
          [1., 0., 1., 1., 0., 1., 0., 0., 1., 1., 1., 0., 0., 0., 1., 1., 1.,
           1., 1.],
          [0., 0., 1., 1., 1., 1., 0., 1., 1., 1., 0., 0., 1., 0., 1., 1., 1.,
           0., 1.],
          [1., 0., 0., 1., 1., 0., 0., 0., 1., 1., 0., 0., 1., 0., 1., 1., 1.,
           0., 1.],
          [0., 0., 0., 0., 1., 1., 1., 0., 1., 1., 1., 1., 0., 0., 1., 0., 0.,
           0., 1.],
          [1., 0., 0., 0., 0., 1., 0., 1., 0., 1., 0., 1., 1., 0., 0., 1., 1.,
           0., 0.]]]], device='cuda:0'), tensor([[0.7324]], device='cuda:0'))
2026-01-07 17:24:58 - INFO - [-0.05312745 -0.00232221  0.91032803 -0.2384013   0.910328   -0.2384013
 -0.05062635 -0.00489957]
2026-01-07 17:24:58 - INFO - {'S11_real': np.float32(-0.053127445), 'S11_imag': np.float32(-0.0023222077), 'S21_real': np.float32(0.91032803), 'S21_imag': np.float32(-0.2384013), 'S12_real': np.float32(0.910328), 'S12_imag': np.float32(-0.2384013), 'S22_real': np.float32(-0.05062635), 'S22_imag': np.float32(-0.004899567)}
2026-01-07 17:24:58 - INFO - (tensor([[[[0., 0., 1., 1., 1., 0., 0., 0., 1., 0., 1., 0., 1., 1., 1., 0., 0.,
           0., 0.],
          [1., 1., 0., 0., 0., 0., 1., 0., 1., 1., 1., 0., 0., 0., 0., 1., 0.,
           1., 0.],
          [1., 1., 1., 0., 1., 1., 0., 1., 0., 0., 1., 1., 0., 1., 0., 0., 1.,
           0., 1.],
          [1., 0., 1., 1., 1., 1., 1., 1., 0., 1., 0., 0., 1., 1., 0., 0., 1.,
           0., 0.],
          [1., 0., 0., 1., 1., 1., 1., 0., 0., 0., 0., 0., 1., 0., 0., 1., 0.,
           0., 1.],
          [1., 0., 1., 0., 0., 1., 0., 1., 1., 0., 0., 1., 1., 1., 1., 0., 1.,
           0., 1.],
          [1., 0., 0., 1., 0., 0., 0., 0., 1., 0., 1., 1., 1., 1., 0., 1., 1.,
           0., 0.],
          [0., 1., 0., 1., 1., 1., 0., 1., 1., 0., 1., 0., 0., 0., 0., 0., 0.,
           1., 0.],
          [1., 1., 1., 1., 0., 1., 0., 1., 0., 0., 1., 0., 0., 0., 0., 1., 1.,
           1., 1.],
          [1., 1., 1., 0., 0., 1., 1., 1., 0., 1., 0., 0., 1., 0., 0., 1., 0.,
           0., 1.],
          [1., 0., 0., 0., 1., 1., 1., 1., 1., 1., 1., 0., 0., 1., 1., 1., 0.,
           0., 0.],
          [0., 1., 0., 0., 0., 1., 1., 1., 0., 0., 0., 1., 1., 0., 0., 1., 0.,
           0., 0.],
          [1., 1., 1., 1., 1., 1., 1., 1., 1., 0., 0., 0., 0., 1., 0., 0., 0.,
           1., 0.],
          [0., 0., 1., 0., 1., 1., 0., 1., 1., 0., 1., 0., 0., 0., 1., 0., 0.,
           0., 1.],
          [0., 1., 1., 0., 1., 0., 1., 0., 0., 1., 0., 0., 1., 1., 1., 1., 1.,
           0., 0.],
          [0., 1., 1., 0., 1., 0., 0., 1., 1., 1., 1., 1., 1., 0., 1., 0., 0.,
           0., 1.],
          [0., 1., 1., 1., 1., 1., 0., 1., 0., 1., 1., 1., 0., 0., 0., 0., 1.,
           1., 0.],
          [0., 0., 0., 1., 1., 1., 0., 0., 1., 0., 0., 0., 1., 0., 1., 0., 0.,
           1., 1.],
          [1., 1., 0., 0., 1., 1., 0., 0., 0., 1., 1., 0., 1., 0., 1., 1., 0.,
           0., 1.]]]], device='cuda:0'), tensor([[0.7324]], device='cuda:0'))
2026-01-07 17:24:58 - INFO - [-0.04670657 -0.01254135  0.9192881  -0.22032855  0.91928804 -0.22032855
 -0.05430831 -0.00666919]
2026-01-07 17:24:58 - INFO - {'S11_real': np.float32(-0.04670657), 'S11_imag': np.float32(-0.012541348), 'S21_real': np.float32(0.9192881), 'S21_imag': np.float32(-0.22032855), 'S12_real': np.float32(0.91928804), 'S12_imag': np.float32(-0.22032855), 'S22_real': np.float32(-0.054308306), 'S22_imag': np.float32(-0.0066691916)}
2026-01-07 17:24:58 - INFO - (tensor([[[[0., 1., 0., 0., 1., 0., 1., 1., 1., 1., 0., 1., 1., 1., 0., 1., 1.,
           0., 1.],
          [1., 0., 1., 1., 0., 0., 0., 1., 1., 0., 1., 0., 1., 0., 0., 0., 1.,
           0., 0.],
          [1., 0., 1., 0., 0., 0., 0., 0., 0., 0., 1., 0., 1., 1., 1., 1., 1.,
           1., 0.],
          [0., 0., 0., 0., 1., 1., 1., 0., 0., 0., 0., 1., 1., 0., 1., 0., 0.,
           0., 1.],
          [1., 1., 0., 0., 0., 1., 0., 0., 1., 0., 1., 1., 0., 0., 0., 0., 1.,
           1., 1.],
          [1., 1., 1., 1., 0., 0., 0., 0., 0., 0., 1., 0., 0., 1., 1., 0., 1.,
           0., 1.],
          [0., 0., 0., 1., 1., 0., 1., 1., 0., 0., 1., 1., 0., 1., 1., 1., 0.,
           1., 1.],
          [0., 1., 0., 0., 0., 0., 0., 0., 1., 0., 1., 0., 0., 1., 0., 0., 0.,
           0., 1.],
          [0., 0., 0., 1., 0., 0., 1., 0., 1., 1., 1., 1., 1., 0., 0., 1., 0.,
           0., 1.],
          [1., 0., 0., 1., 0., 1., 1., 1., 0., 1., 1., 1., 1., 1., 0., 0., 0.,
           1., 1.],
          [1., 0., 0., 1., 0., 0., 0., 1., 0., 1., 1., 1., 0., 0., 1., 1., 0.,
           0., 0.],
          [0., 1., 0., 1., 1., 0., 0., 0., 0., 0., 0., 0., 1., 1., 0., 1., 1.,
           0., 1.],
          [0., 0., 1., 0., 0., 0., 1., 1., 0., 0., 1., 1., 0., 1., 0., 1., 1.,
           1., 1.],
          [0., 0., 1., 0., 0., 1., 1., 0., 1., 0., 1., 0., 1., 1., 0., 1., 0.,
           0., 1.],
          [1., 1., 1., 0., 0., 1., 0., 1., 0., 1., 1., 0., 1., 0., 1., 0., 0.,
           0., 0.],
          [1., 1., 1., 0., 1., 1., 1., 1., 0., 1., 1., 0., 1., 0., 1., 0., 0.,
           1., 1.],
          [1., 1., 1., 1., 0., 0., 0., 0., 1., 0., 0., 0., 1., 1., 1., 0., 1.,
           0., 0.],
          [0., 1., 1., 1., 0., 1., 1., 1., 0., 0., 0., 0., 1., 1., 0., 1., 0.,
           1., 1.],
          [1., 0., 1., 1., 1., 1., 0., 0., 0., 1., 1., 1., 0., 0., 1., 0., 0.,
           1., 0.]]]], device='cuda:0'), tensor([[0.7324]], device='cuda:0'))
2026-01-07 17:24:58 - INFO - [ 9.9671704e-01 -3.4075916e-02  4.2690241e-04  8.9503033e-03
  4.2690799e-04  8.9503033e-03  8.1881613e-01 -3.2023287e-01]
2026-01-07 17:24:58 - INFO - {'S11_real': np.float32(0.99671704), 'S11_imag': np.float32(-0.034075916), 'S21_real': np.float32(0.0004269024), 'S21_imag': np.float32(0.008950303), 'S12_real': np.float32(0.000426908), 'S12_imag': np.float32(0.008950303), 'S22_real': np.float32(0.8188161), 'S22_imag': np.float32(-0.32023287)}
2026-01-07 17:24:58 - INFO - (tensor([[[[1., 0., 0., 0., 0., 1., 1., 0., 1., 0., 1., 0., 1., 0., 0., 1., 0.,
           0., 0.],
          [0., 1., 1., 0., 0., 1., 1., 0., 0., 1., 0., 1., 1., 1., 0., 1., 1.,
           0., 1.],
          [1., 1., 1., 1., 1., 0., 0., 0., 1., 1., 1., 0., 0., 1., 0., 0., 1.,
           0., 0.],
          [0., 0., 1., 1., 0., 0., 0., 0., 1., 1., 0., 0., 0., 0., 1., 0., 0.,
           1., 0.],
          [1., 1., 0., 1., 0., 0., 1., 1., 1., 0., 0., 0., 0., 0., 1., 1., 1.,
           0., 0.],
          [0., 0., 0., 1., 0., 1., 0., 1., 0., 0., 1., 0., 0., 0., 1., 1., 0.,
           1., 1.],
          [1., 1., 1., 0., 0., 0., 1., 1., 1., 0., 0., 0., 0., 0., 0., 0., 0.,
           1., 1.],
          [1., 0., 0., 0., 1., 0., 1., 1., 0., 1., 0., 1., 0., 0., 0., 1., 0.,
           0., 0.],
          [0., 0., 1., 1., 1., 0., 0., 0., 1., 1., 0., 1., 1., 0., 1., 0., 1.,
           1., 1.],
          [1., 1., 0., 1., 0., 0., 0., 1., 0., 1., 0., 0., 0., 0., 1., 1., 0.,
           1., 1.],
          [0., 1., 1., 0., 1., 0., 1., 0., 1., 1., 1., 1., 1., 0., 1., 0., 0.,
           1., 0.],
          [1., 1., 1., 1., 0., 1., 1., 1., 0., 0., 0., 0., 1., 0., 0., 0., 0.,
           1., 1.],
          [0., 0., 1., 1., 1., 1., 0., 0., 1., 0., 0., 0., 1., 1., 1., 1., 0.,
           1., 1.],
          [0., 1., 0., 1., 0., 0., 0., 0., 1., 0., 0., 1., 0., 0., 1., 1., 1.,
           0., 0.],
          [1., 1., 1., 0., 0., 1., 0., 0., 0., 1., 1., 0., 1., 0., 0., 1., 1.,
           1., 0.],
          [1., 0., 0., 0., 0., 0., 1., 0., 0., 1., 0., 1., 0., 1., 1., 1., 1.,
           1., 0.],
          [1., 1., 1., 0., 1., 0., 0., 1., 0., 0., 0., 0., 0., 1., 0., 0., 0.,
           0., 0.],
          [1., 0., 0., 0., 1., 1., 1., 0., 0., 0., 0., 0., 0., 0., 0., 0., 0.,
           0., 1.],
          [1., 1., 1., 0., 1., 1., 1., 1., 1., 0., 1., 1., 0., 1., 0., 0., 0.,
           0., 1.]]]], device='cuda:0'), tensor([[0.7324]], device='cuda:0'))
2026-01-07 17:24:58 - INFO - [ 0.69174355 -0.28501144  0.2634641   0.00321002  0.26346406  0.00321002
  0.9035952  -0.13850094]
2026-01-07 17:24:58 - INFO - {'S11_real': np.float32(0.69174355), 'S11_imag': np.float32(-0.28501144), 'S21_real': np.float32(0.2634641), 'S21_imag': np.float32(0.0032100158), 'S12_real': np.float32(0.26346406), 'S12_imag': np.float32(0.0032100158), 'S22_real': np.float32(0.9035952), 'S22_imag': np.float32(-0.13850094)}
2026-01-07 17:24:58 - INFO - (tensor([[[[1., 0., 1., 0., 1., 1., 0., 1., 0., 0., 1., 1., 0., 0., 1., 1., 1.,
           1., 0.],
          [1., 1., 0., 1., 0., 0., 1., 1., 0., 0., 1., 0., 0., 0., 0., 0., 0.,
           0., 1.],
          [0., 1., 0., 1., 0., 1., 1., 1., 1., 0., 0., 0., 0., 1., 0., 0., 0.,
           0., 1.],
          [0., 0., 1., 1., 0., 1., 0., 0., 0., 0., 1., 1., 1., 1., 0., 1., 1.,
           0., 0.],
          [1., 0., 0., 0., 1., 1., 1., 0., 1., 0., 1., 0., 0., 1., 1., 1., 1.,
           0., 1.],
          [0., 0., 1., 0., 1., 1., 1., 0., 1., 1., 0., 1., 1., 0., 1., 0., 0.,
           0., 0.],
          [0., 0., 0., 0., 0., 1., 1., 1., 0., 0., 0., 1., 1., 1., 0., 0., 1.,
           1., 0.],
          [1., 1., 0., 1., 0., 0., 0., 1., 0., 0., 0., 1., 1., 1., 0., 1., 1.,
           1., 1.],
          [0., 0., 0., 0., 0., 0., 1., 1., 1., 1., 0., 0., 1., 1., 0., 1., 1.,
           1., 0.],
          [1., 0., 1., 0., 1., 1., 0., 0., 0., 0., 0., 0., 0., 1., 0., 1., 0.,
           1., 1.],
          [0., 0., 0., 1., 0., 0., 1., 1., 1., 1., 1., 1., 1., 1., 0., 0., 1.,
           1., 1.],
          [1., 1., 0., 1., 1., 0., 1., 1., 0., 1., 1., 1., 0., 1., 1., 0., 0.,
           1., 1.],
          [1., 1., 1., 1., 1., 0., 0., 1., 0., 1., 1., 1., 1., 0., 1., 1., 1.,
           1., 0.],
          [1., 0., 0., 1., 1., 1., 0., 0., 1., 1., 0., 1., 0., 0., 0., 0., 1.,
           1., 0.],
          [1., 0., 1., 0., 1., 1., 0., 1., 0., 1., 0., 1., 1., 0., 0., 1., 1.,
           0., 0.],
          [0., 0., 1., 1., 1., 1., 1., 1., 0., 1., 0., 0., 0., 0., 1., 0., 0.,
           1., 0.],
          [0., 1., 0., 1., 1., 1., 1., 1., 0., 1., 1., 1., 1., 1., 0., 0., 1.,
           0., 1.],
          [1., 1., 0., 1., 1., 0., 1., 0., 0., 1., 0., 1., 0., 0., 0., 1., 0.,
           1., 1.],
          [1., 0., 0., 1., 1., 1., 1., 1., 1., 0., 1., 1., 1., 1., 0., 0., 1.,
           1., 1.]]]], device='cuda:0'), tensor([[0.7324]], device='cuda:0'))
2026-01-07 17:24:58 - INFO - [ 0.99786645 -0.02959377  0.00271324  0.01644957  0.00271324  0.01644958
  0.7253926  -0.3982081 ]
2026-01-07 17:24:58 - INFO - {'S11_real': np.float32(0.99786645), 'S11_imag': np.float32(-0.029593768), 'S21_real': np.float32(0.0027132405), 'S21_imag': np.float32(0.016449565), 'S12_real': np.float32(0.0027132386), 'S12_imag': np.float32(0.016449576), 'S22_real': np.float32(0.7253926), 'S22_imag': np.float32(-0.3982081)}
2026-01-07 17:24:58 - INFO - (tensor([[[[0., 0., 0., 1., 0., 1., 1., 1., 1., 1., 0., 0., 0., 1., 0., 1., 1.,
           1., 0.],
          [0., 0., 0., 1., 1., 1., 1., 1., 0., 0., 1., 1., 1., 1., 1., 0., 1.,
           0., 0.],
          [1., 1., 0., 0., 0., 1., 0., 1., 0., 1., 1., 0., 1., 1., 0., 1., 0.,
           0., 0.],
          [1., 1., 0., 1., 0., 0., 0., 1., 1., 1., 0., 0., 1., 1., 0., 0., 0.,
           0., 1.],
          [1., 0., 0., 1., 0., 0., 1., 1., 1., 0., 0., 1., 1., 0., 0., 0., 1.,
           1., 0.],
          [1., 1., 1., 0., 0., 1., 0., 1., 1., 0., 1., 1., 1., 1., 1., 1., 0.,
           1., 0.],
          [0., 0., 0., 0., 1., 1., 0., 1., 0., 1., 0., 0., 0., 1., 1., 0., 0.,
           1., 1.],
          [0., 0., 0., 1., 0., 1., 1., 0., 1., 0., 0., 1., 0., 1., 1., 0., 1.,
           1., 0.],
          [1., 0., 0., 1., 1., 0., 1., 0., 1., 0., 0., 1., 1., 1., 0., 0., 1.,
           1., 0.],
          [1., 1., 0., 1., 0., 0., 1., 1., 1., 0., 0., 0., 1., 0., 0., 0., 1.,
           0., 1.],
          [1., 0., 0., 0., 1., 1., 1., 1., 0., 0., 1., 1., 1., 1., 1., 1., 1.,
           1., 0.],
          [0., 1., 0., 0., 0., 1., 1., 1., 0., 1., 0., 1., 1., 0., 1., 0., 1.,
           1., 1.],
          [0., 1., 0., 0., 0., 1., 1., 1., 1., 1., 0., 0., 0., 0., 0., 0., 1.,
           0., 0.],
          [0., 0., 1., 0., 1., 1., 0., 0., 1., 0., 0., 0., 1., 0., 1., 1., 1.,
           0., 1.],
          [0., 1., 0., 0., 1., 1., 1., 0., 0., 0., 1., 0., 0., 0., 1., 1., 0.,
           1., 1.],
          [1., 1., 1., 1., 1., 1., 1., 0., 0., 1., 1., 1., 1., 0., 1., 0., 0.,
           0., 0.],
          [0., 0., 1., 1., 0., 1., 0., 1., 0., 0., 1., 0., 1., 0., 1., 1., 1.,
           1., 1.],
          [0., 0., 1., 0., 0., 1., 1., 0., 1., 1., 1., 0., 1., 0., 1., 0., 1.,
           1., 1.],
          [0., 0., 0., 0., 1., 1., 0., 0., 0., 0., 0., 0., 1., 0., 0., 0., 1.,
           0., 1.]]]], device='cuda:0'), tensor([[0.7324]], device='cuda:0'))
2026-01-07 17:24:58 - INFO - [ 0.99152535 -0.06024867  0.00698255  0.03153627  0.00698256  0.03153627
  0.70947385 -0.41742   ]
2026-01-07 17:24:58 - INFO - {'S11_real': np.float32(0.99152535), 'S11_imag': np.float32(-0.060248673), 'S21_real': np.float32(0.0069825547), 'S21_imag': np.float32(0.03153627), 'S12_real': np.float32(0.0069825603), 'S12_imag': np.float32(0.031536274), 'S22_real': np.float32(0.70947385), 'S22_imag': np.float32(-0.41742)}
2026-01-07 17:24:58 - INFO - (tensor([[[[1., 0., 1., 0., 1., 0., 0., 1., 0., 0., 1., 1., 0., 1., 0., 1., 1.,
           1., 0.],
          [0., 0., 0., 0., 1., 0., 1., 1., 1., 0., 1., 0., 0., 0., 0., 1., 0.,
           1., 1.],
          [0., 1., 1., 1., 0., 1., 0., 0., 0., 0., 1., 1., 1., 0., 1., 0., 1.,
           0., 0.],
          [0., 0., 1., 0., 1., 1., 1., 0., 0., 0., 1., 0., 0., 1., 0., 1., 1.,
           1., 0.],
          [0., 1., 1., 0., 0., 1., 1., 1., 0., 1., 0., 1., 0., 1., 0., 0., 0.,
           0., 0.],
          [0., 1., 1., 1., 0., 0., 1., 0., 0., 1., 1., 1., 1., 1., 1., 1., 0.,
           0., 0.],
          [0., 1., 0., 0., 0., 0., 1., 0., 1., 1., 0., 1., 0., 1., 1., 1., 0.,
           0., 0.],
          [0., 1., 0., 1., 1., 1., 1., 1., 1., 1., 1., 1., 1., 1., 0., 1., 0.,
           0., 1.],
          [1., 1., 1., 0., 0., 1., 0., 1., 1., 1., 0., 0., 0., 1., 0., 1., 1.,
           0., 1.],
          [1., 1., 1., 0., 1., 1., 1., 0., 1., 1., 0., 1., 0., 1., 0., 1., 0.,
           0., 1.],
          [1., 0., 1., 1., 0., 0., 1., 1., 1., 1., 0., 0., 0., 0., 1., 0., 0.,
           1., 1.],
          [0., 1., 0., 1., 1., 0., 1., 0., 0., 0., 1., 0., 0., 0., 0., 0., 0.,
           1., 0.],
          [1., 1., 0., 1., 1., 0., 1., 0., 1., 0., 1., 0., 0., 1., 0., 0., 1.,
           0., 0.],
          [1., 1., 1., 1., 1., 1., 0., 1., 1., 1., 0., 0., 0., 1., 0., 0., 0.,
           0., 1.],
          [1., 1., 1., 1., 1., 0., 1., 1., 1., 1., 1., 0., 0., 0., 0., 0., 1.,
           0., 0.],
          [1., 0., 0., 1., 1., 1., 0., 0., 0., 1., 0., 0., 0., 0., 1., 1., 1.,
           1., 0.],
          [1., 0., 1., 1., 0., 0., 1., 0., 1., 0., 1., 1., 1., 1., 0., 0., 1.,
           1., 1.],
          [0., 1., 0., 0., 1., 0., 1., 1., 0., 0., 1., 0., 0., 0., 1., 1., 0.,
           1., 1.],
          [0., 0., 0., 1., 1., 0., 1., 1., 1., 0., 1., 1., 0., 1., 1., 0., 1.,
           0., 1.]]]], device='cuda:0'), tensor([[0.7324]], device='cuda:0'))
2026-01-07 17:24:58 - INFO - [ 0.7397307  -0.4005326   0.00819694  0.03627134  0.00819694  0.03627134
  0.98638785 -0.0808467 ]
2026-01-07 17:24:58 - INFO - {'S11_real': np.float32(0.7397307), 'S11_imag': np.float32(-0.4005326), 'S21_real': np.float32(0.008196941), 'S21_imag': np.float32(0.03627134), 'S12_real': np.float32(0.0081969425), 'S12_imag': np.float32(0.036271345), 'S22_real': np.float32(0.98638785), 'S22_imag': np.float32(-0.0808467)}
2026-01-07 17:24:58 - INFO - (tensor([[[[1., 0., 0., 0., 1., 1., 0., 0., 0., 1., 1., 0., 1., 1., 1., 0., 1.,
           0., 0.],
          [0., 0., 0., 0., 1., 0., 1., 1., 1., 1., 0., 1., 0., 0., 1., 0., 1.,
           0., 0.],
          [0., 1., 1., 0., 0., 1., 0., 1., 1., 1., 1., 0., 1., 1., 1., 1., 0.,
           1., 0.],
          [1., 1., 0., 1., 0., 1., 0., 0., 0., 0., 0., 1., 0., 0., 1., 0., 1.,
           1., 0.],
          [0., 0., 0., 0., 0., 1., 1., 1., 1., 0., 0., 1., 0., 0., 1., 1., 1.,
           1., 0.],
          [1., 0., 1., 1., 1., 0., 0., 0., 0., 1., 1., 1., 1., 0., 1., 1., 1.,
           0., 0.],
          [0., 1., 0., 0., 1., 0., 1., 1., 0., 1., 1., 1., 1., 0., 1., 0., 1.,
           1., 1.],
          [1., 1., 1., 1., 0., 0., 0., 1., 0., 1., 0., 0., 1., 1., 1., 1., 1.,
           0., 1.],
          [1., 1., 0., 1., 0., 0., 0., 0., 1., 1., 1., 1., 0., 0., 1., 1., 1.,
           0., 0.],
          [1., 1., 0., 0., 0., 1., 0., 1., 1., 1., 0., 1., 0., 0., 1., 1., 1.,
           0., 1.],
          [0., 1., 0., 1., 1., 0., 1., 1., 1., 1., 0., 0., 0., 0., 0., 1., 0.,
           1., 0.],
          [1., 0., 1., 0., 1., 1., 1., 1., 1., 0., 1., 1., 1., 0., 1., 1., 0.,
           0., 1.],
          [1., 0., 1., 1., 1., 0., 1., 1., 0., 0., 0., 1., 1., 0., 1., 0., 1.,
           1., 1.],
          [1., 1., 1., 0., 1., 0., 1., 0., 0., 1., 1., 1., 0., 1., 1., 1., 1.,
           0., 1.],
          [0., 0., 1., 1., 0., 1., 0., 0., 1., 1., 1., 0., 0., 1., 1., 0., 0.,
           1., 0.],
          [1., 0., 1., 1., 0., 0., 1., 1., 1., 1., 0., 1., 0., 0., 1., 0., 0.,
           1., 1.],
          [1., 1., 1., 0., 1., 1., 0., 1., 1., 1., 0., 1., 1., 1., 1., 1., 0.,
           1., 1.],
          [1., 1., 1., 0., 0., 1., 1., 0., 0., 0., 1., 0., 1., 1., 0., 1., 1.,
           0., 1.],
          [0., 0., 0., 1., 0., 0., 1., 0., 1., 1., 0., 0., 1., 0., 1., 0., 1.,
           0., 0.]]]], device='cuda:0'), tensor([[0.7324]], device='cuda:0'))
2026-01-07 17:24:58 - INFO - [ 0.6789657  -0.43048927  0.0048326   0.02169294  0.0048326   0.02169294
  0.9977594  -0.03358122]
2026-01-07 17:24:58 - INFO - {'S11_real': np.float32(0.6789657), 'S11_imag': np.float32(-0.43048927), 'S21_real': np.float32(0.004832598), 'S21_imag': np.float32(0.021692941), 'S12_real': np.float32(0.0048326), 'S12_imag': np.float32(0.021692941), 'S22_real': np.float32(0.9977594), 'S22_imag': np.float32(-0.033581216)}
2026-01-07 17:24:58 - INFO - (tensor([[[[1., 0., 0., 1., 1., 1., 0., 0., 1., 1., 0., 1., 1., 1., 0., 0., 1.,
           0., 0.],
          [1., 0., 1., 0., 1., 1., 1., 0., 1., 0., 1., 0., 1., 1., 0., 1., 1.,
           0., 0.],
          [1., 1., 0., 1., 1., 0., 1., 1., 0., 1., 1., 1., 1., 1., 0., 1., 1.,
           0., 1.],
          [1., 1., 0., 1., 0., 0., 1., 0., 0., 0., 0., 1., 1., 1., 1., 0., 1.,
           1., 0.],
          [1., 0., 1., 1., 1., 0., 1., 1., 0., 1., 1., 0., 0., 1., 0., 0., 0.,
           1., 1.],
          [0., 0., 1., 0., 0., 1., 1., 1., 0., 0., 0., 1., 0., 1., 1., 0., 1.,
           0., 0.],
          [1., 0., 1., 1., 1., 0., 0., 0., 1., 1., 0., 1., 0., 0., 0., 0., 1.,
           0., 1.],
          [1., 0., 0., 1., 0., 1., 1., 1., 1., 0., 0., 0., 1., 0., 1., 1., 1.,
           0., 0.],
          [1., 0., 1., 0., 0., 0., 1., 0., 0., 1., 0., 1., 0., 1., 1., 0., 1.,
           1., 0.],
          [1., 0., 0., 1., 1., 0., 0., 0., 0., 1., 1., 1., 1., 1., 0., 0., 1.,
           1., 1.],
          [1., 1., 1., 1., 0., 1., 1., 1., 1., 1., 0., 0., 0., 1., 1., 0., 0.,
           1., 1.],
          [0., 1., 1., 0., 1., 1., 1., 0., 1., 1., 0., 1., 1., 1., 0., 0., 1.,
           0., 0.],
          [0., 0., 0., 0., 0., 0., 0., 1., 0., 0., 1., 1., 1., 1., 0., 0., 0.,
           1., 0.],
          [0., 1., 1., 1., 1., 1., 0., 1., 1., 0., 0., 0., 1., 1., 0., 0., 1.,
           0., 0.],
          [0., 0., 1., 1., 1., 0., 1., 1., 0., 0., 1., 0., 0., 1., 1., 1., 0.,
           0., 0.],
          [0., 0., 0., 1., 1., 0., 1., 1., 1., 0., 1., 1., 0., 0., 0., 1., 1.,
           1., 0.],
          [0., 0., 1., 1., 1., 0., 0., 1., 1., 1., 0., 1., 0., 1., 1., 1., 1.,
           1., 1.],
          [1., 1., 1., 1., 0., 0., 1., 1., 0., 0., 0., 1., 1., 1., 1., 0., 0.,
           0., 0.],
          [1., 0., 0., 1., 1., 1., 0., 0., 1., 1., 1., 1., 0., 1., 0., 1., 1.,
           0., 1.]]]], device='cuda:0'), tensor([[0.7324]], device='cuda:0'))
2026-01-07 17:24:58 - INFO - [-0.05987529 -0.00677559  0.9058349  -0.24081619  0.905835   -0.24081618
 -0.05423497 -0.01243594]
2026-01-07 17:24:58 - INFO - {'S11_real': np.float32(-0.059875287), 'S11_imag': np.float32(-0.006775592), 'S21_real': np.float32(0.9058349), 'S21_imag': np.float32(-0.24081619), 'S12_real': np.float32(0.905835), 'S12_imag': np.float32(-0.24081618), 'S22_real': np.float32(-0.054234974), 'S22_imag': np.float32(-0.012435935)}
2026-01-07 17:24:58 - INFO - (tensor([[[[1., 1., 0., 0., 1., 1., 0., 0., 0., 1., 1., 1., 1., 0., 0., 0., 1.,
           0., 1.],
          [0., 1., 1., 0., 0., 0., 0., 0., 0., 1., 0., 1., 1., 1., 0., 0., 0.,
           0., 0.],
          [0., 1., 1., 1., 1., 1., 0., 0., 1., 1., 1., 0., 0., 0., 0., 0., 0.,
           0., 1.],
          [1., 0., 1., 0., 1., 0., 0., 1., 0., 1., 0., 1., 0., 1., 0., 1., 1.,
           1., 1.],
          [0., 1., 0., 0., 0., 0., 0., 0., 0., 0., 1., 1., 0., 1., 1., 0., 1.,
           1., 1.],
          [0., 0., 1., 0., 0., 1., 1., 1., 1., 0., 0., 0., 0., 0., 0., 0., 0.,
           0., 1.],
          [0., 0., 0., 1., 1., 0., 0., 1., 0., 1., 0., 1., 1., 0., 1., 1., 1.,
           0., 0.],
          [1., 1., 0., 0., 0., 1., 0., 0., 0., 0., 1., 1., 0., 1., 0., 1., 0.,
           0., 1.],
          [0., 0., 1., 0., 1., 0., 0., 1., 1., 0., 0., 1., 1., 0., 0., 0., 1.,
           0., 1.],
          [1., 1., 0., 1., 1., 0., 1., 1., 1., 0., 0., 0., 0., 1., 1., 0., 1.,
           1., 1.],
          [0., 1., 0., 1., 1., 0., 0., 1., 0., 1., 1., 0., 0., 0., 0., 1., 0.,
           0., 0.],
          [1., 0., 0., 0., 0., 0., 1., 1., 1., 0., 0., 1., 0., 1., 0., 1., 1.,
           0., 0.],
          [0., 0., 0., 1., 0., 1., 0., 1., 1., 1., 0., 1., 0., 1., 0., 1., 0.,
           0., 1.],
          [1., 0., 1., 0., 0., 1., 0., 1., 0., 0., 0., 0., 1., 0., 1., 0., 0.,
           1., 0.],
          [0., 1., 0., 0., 0., 1., 1., 1., 1., 1., 1., 1., 1., 0., 1., 0., 0.,
           0., 0.],
          [0., 1., 1., 0., 1., 1., 1., 1., 1., 0., 0., 0., 0., 0., 1., 1., 0.,
           0., 1.],
          [1., 0., 0., 1., 1., 0., 1., 1., 0., 1., 0., 1., 0., 1., 1., 0., 0.,
           1., 0.],
          [0., 1., 1., 1., 0., 1., 1., 0., 0., 0., 1., 0., 1., 1., 1., 1., 0.,
           0., 0.],
          [0., 1., 0., 1., 0., 0., 1., 1., 1., 0., 1., 0., 1., 0., 1., 1., 1.,
           1., 0.]]]], device='cuda:0'), tensor([[0.7324]], device='cuda:0'))
2026-01-07 17:24:58 - INFO - [ 9.9415690e-01 -4.9418032e-02 -6.4427487e-04  3.1822850e-03
 -6.4426928e-04  3.1822850e-03  9.7752082e-01 -1.0208091e-01]
2026-01-07 17:24:58 - INFO - {'S11_real': np.float32(0.9941569), 'S11_imag': np.float32(-0.049418032), 'S21_real': np.float32(-0.00064427487), 'S21_imag': np.float32(0.003182285), 'S12_real': np.float32(-0.0006442693), 'S12_imag': np.float32(0.003182285), 'S22_real': np.float32(0.9775208), 'S22_imag': np.float32(-0.10208091)}
2026-01-07 17:24:58 - INFO - (tensor([[[[0., 0., 0., 1., 1., 0., 0., 0., 0., 0., 1., 1., 0., 0., 1., 0., 0.,
           1., 1.],
          [1., 0., 0., 1., 0., 0., 0., 0., 0., 1., 0., 1., 1., 0., 1., 1., 0.,
           1., 0.],
          [0., 1., 0., 1., 1., 0., 0., 0., 0., 0., 0., 0., 0., 0., 0., 1., 1.,
           0., 0.],
          [0., 0., 0., 1., 0., 0., 1., 0., 0., 1., 0., 0., 1., 0., 1., 0., 1.,
           1., 0.],
          [1., 1., 0., 1., 1., 0., 1., 0., 1., 1., 1., 1., 0., 1., 0., 0., 1.,
           0., 1.],
          [0., 1., 0., 0., 1., 1., 0., 0., 0., 0., 0., 0., 1., 1., 1., 0., 0.,
           1., 1.],
          [1., 1., 1., 1., 1., 1., 0., 1., 1., 1., 0., 1., 0., 0., 0., 0., 0.,
           1., 1.],
          [0., 0., 0., 0., 0., 1., 0., 0., 0., 1., 1., 1., 0., 0., 1., 1., 1.,
           0., 0.],
          [1., 1., 0., 1., 0., 1., 0., 0., 1., 0., 0., 1., 0., 1., 0., 1., 0.,
           0., 1.],
          [1., 0., 1., 1., 0., 1., 0., 1., 0., 1., 0., 0., 1., 1., 0., 1., 0.,
           0., 1.],
          [1., 1., 0., 1., 1., 1., 0., 1., 1., 0., 1., 0., 1., 0., 0., 0., 1.,
           1., 0.],
          [1., 1., 1., 0., 1., 0., 0., 1., 1., 0., 1., 1., 0., 1., 0., 0., 1.,
           0., 1.],
          [1., 1., 0., 0., 0., 1., 1., 0., 1., 1., 0., 0., 0., 1., 1., 1., 0.,
           0., 0.],
          [0., 1., 0., 1., 0., 1., 0., 1., 1., 0., 1., 0., 1., 0., 0., 0., 1.,
           1., 0.],
          [1., 0., 1., 0., 0., 0., 0., 0., 1., 1., 1., 1., 0., 0., 0., 1., 0.,
           1., 1.],
          [1., 0., 1., 1., 1., 1., 1., 0., 1., 1., 1., 0., 1., 0., 1., 0., 0.,
           0., 1.],
          [1., 1., 1., 0., 1., 1., 0., 0., 0., 0., 1., 1., 0., 0., 1., 0., 0.,
           0., 1.],
          [1., 1., 0., 1., 0., 1., 0., 0., 1., 1., 0., 0., 0., 0., 0., 1., 0.,
           1., 1.],
          [1., 1., 0., 1., 1., 1., 0., 1., 1., 1., 0., 0., 0., 1., 0., 0., 0.,
           1., 0.]]]], device='cuda:0'), tensor([[0.7324]], device='cuda:0'))
2026-01-07 17:24:58 - INFO - [ 0.75113684 -0.3816474   0.00404183  0.02204601  0.00404183  0.02204601
  0.99634683 -0.04026585]
2026-01-07 17:24:58 - INFO - {'S11_real': np.float32(0.75113684), 'S11_imag': np.float32(-0.3816474), 'S21_real': np.float32(0.0040418277), 'S21_imag': np.float32(0.022046007), 'S12_real': np.float32(0.004041826), 'S12_imag': np.float32(0.022046007), 'S22_real': np.float32(0.99634683), 'S22_imag': np.float32(-0.040265854)}
2026-01-07 17:24:58 - INFO - (tensor([[[[1., 1., 1., 1., 0., 0., 1., 1., 1., 1., 0., 0., 1., 0., 0., 0., 0.,
           1., 0.],
          [1., 0., 0., 1., 0., 1., 0., 1., 0., 1., 0., 1., 0., 1., 1., 0., 1.,
           1., 0.],
          [0., 0., 1., 1., 0., 1., 0., 1., 0., 1., 0., 0., 0., 1., 1., 1., 0.,
           1., 1.],
          [0., 0., 0., 0., 1., 0., 1., 0., 1., 0., 0., 0., 0., 0., 1., 1., 1.,
           1., 1.],
          [0., 0., 1., 1., 1., 1., 1., 0., 1., 0., 1., 0., 1., 1., 0., 0., 0.,
           1., 1.],
          [1., 1., 0., 0., 0., 0., 0., 0., 0., 1., 1., 0., 0., 1., 0., 1., 1.,
           0., 1.],
          [1., 1., 0., 0., 1., 0., 1., 1., 0., 1., 1., 1., 1., 1., 1., 1., 0.,
           0., 1.],
          [0., 1., 1., 1., 1., 0., 1., 1., 0., 0., 0., 0., 0., 0., 1., 1., 0.,
           0., 1.],
          [0., 0., 0., 1., 0., 1., 1., 1., 0., 0., 1., 1., 0., 1., 0., 1., 0.,
           0., 1.],
          [1., 0., 1., 1., 1., 0., 1., 1., 1., 1., 0., 1., 0., 0., 1., 1., 0.,
           1., 1.],
          [0., 1., 1., 1., 0., 1., 0., 0., 0., 1., 1., 0., 0., 1., 1., 0., 1.,
           0., 0.],
          [1., 1., 1., 0., 1., 1., 0., 0., 1., 1., 0., 0., 1., 1., 0., 1., 0.,
           0., 1.],
          [1., 0., 0., 0., 1., 0., 0., 0., 1., 0., 1., 1., 0., 0., 0., 1., 0.,
           1., 1.],
          [1., 1., 1., 1., 0., 0., 1., 1., 0., 0., 0., 0., 1., 0., 1., 1., 0.,
           0., 1.],
          [1., 1., 1., 0., 0., 0., 0., 0., 1., 1., 0., 0., 1., 1., 0., 0., 1.,
           0., 0.],
          [1., 1., 1., 0., 1., 0., 1., 0., 0., 1., 0., 0., 1., 0., 1., 0., 1.,
           1., 0.],
          [1., 1., 0., 1., 1., 1., 1., 0., 1., 1., 1., 0., 0., 1., 1., 0., 1.,
           1., 1.],
          [1., 0., 0., 0., 0., 0., 1., 0., 1., 0., 1., 0., 0., 1., 1., 1., 0.,
           0., 1.],
          [0., 1., 0., 1., 1., 0., 1., 0., 0., 0., 1., 1., 1., 0., 0., 1., 0.,
           0., 0.]]]], device='cuda:0'), tensor([[0.7324]], device='cuda:0'))
2026-01-07 17:24:58 - INFO - [ 0.9976699  -0.03366189  0.0050474   0.0224427   0.00504739  0.0224427
  0.69164133 -0.42609987]
2026-01-07 17:24:58 - INFO - {'S11_real': np.float32(0.9976699), 'S11_imag': np.float32(-0.033661887), 'S21_real': np.float32(0.005047404), 'S21_imag': np.float32(0.022442704), 'S12_real': np.float32(0.005047395), 'S12_imag': np.float32(0.022442697), 'S22_real': np.float32(0.69164133), 'S22_imag': np.float32(-0.42609987)}
2026-01-07 17:24:58 - INFO - (tensor([[[[1., 1., 1., 0., 0., 1., 1., 1., 0., 1., 1., 1., 0., 1., 0., 1., 0.,
           1., 1.],
          [0., 1., 1., 1., 1., 0., 0., 0., 0., 0., 0., 0., 0., 1., 1., 0., 0.,
           0., 1.],
          [0., 0., 0., 0., 1., 0., 1., 1., 1., 0., 1., 0., 0., 0., 0., 0., 0.,
           0., 0.],
          [1., 0., 1., 0., 1., 1., 0., 1., 0., 1., 0., 1., 1., 0., 1., 0., 0.,
           1., 1.],
          [1., 0., 0., 0., 0., 1., 0., 0., 1., 1., 1., 0., 1., 1., 0., 0., 0.,
           0., 1.],
          [0., 1., 1., 0., 0., 0., 0., 1., 0., 0., 1., 1., 1., 0., 1., 1., 1.,
           0., 1.],
          [0., 1., 1., 1., 1., 1., 1., 0., 0., 0., 1., 0., 1., 0., 1., 0., 1.,
           1., 0.],
          [1., 0., 0., 0., 0., 1., 0., 1., 1., 1., 0., 1., 1., 0., 1., 1., 1.,
           1., 1.],
          [0., 0., 0., 0., 0., 1., 0., 1., 1., 0., 0., 1., 1., 0., 0., 1., 1.,
           0., 0.],
          [1., 1., 1., 1., 1., 0., 0., 1., 1., 0., 1., 0., 0., 1., 1., 0., 0.,
           1., 1.],
          [1., 0., 1., 0., 0., 1., 0., 1., 1., 1., 1., 1., 0., 1., 0., 1., 1.,
           1., 1.],
          [0., 1., 1., 1., 0., 1., 0., 1., 1., 1., 1., 1., 1., 1., 0., 1., 1.,
           0., 1.],
          [1., 0., 1., 1., 0., 0., 1., 0., 0., 0., 1., 1., 0., 0., 0., 0., 1.,
           1., 1.],
          [1., 0., 1., 0., 0., 0., 0., 1., 0., 0., 0., 0., 1., 0., 1., 0., 1.,
           0., 0.],
          [1., 1., 1., 0., 1., 1., 0., 1., 0., 0., 1., 0., 0., 0., 0., 1., 1.,
           0., 1.],
          [0., 1., 1., 0., 0., 0., 0., 1., 0., 1., 1., 0., 1., 0., 0., 1., 0.,
           0., 0.],
          [1., 1., 0., 0., 1., 1., 0., 1., 0., 0., 0., 1., 1., 1., 0., 1., 1.,
           0., 1.],
          [0., 0., 1., 1., 0., 1., 1., 1., 0., 0., 1., 0., 1., 1., 1., 1., 0.,
           1., 0.],
          [0., 1., 1., 0., 1., 1., 0., 0., 0., 1., 1., 0., 0., 1., 0., 0., 1.,
           0., 1.]]]], device='cuda:0'), tensor([[0.7324]], device='cuda:0'))
2026-01-07 17:24:58 - INFO - [-0.04027931  0.01366371  0.91898566 -0.23648746  0.91898566 -0.23648746
 -0.03917743  0.01273545]
2026-01-07 17:24:58 - INFO - {'S11_real': np.float32(-0.04027931), 'S11_imag': np.float32(0.013663712), 'S21_real': np.float32(0.91898566), 'S21_imag': np.float32(-0.23648746), 'S12_real': np.float32(0.91898566), 'S12_imag': np.float32(-0.23648746), 'S22_real': np.float32(-0.039177425), 'S22_imag': np.float32(0.012735446)}
2026-01-07 17:24:58 - INFO - (tensor([[[[0., 1., 1., 0., 0., 0., 1., 0., 1., 0., 1., 0., 1., 1., 1., 1., 1.,
           1., 0.],
          [1., 0., 0., 0., 0., 0., 0., 0., 1., 0., 0., 1., 1., 0., 1., 0., 1.,
           0., 1.],
          [0., 1., 0., 1., 1., 1., 1., 1., 0., 0., 0., 1., 1., 1., 0., 0., 0.,
           1., 1.],
          [1., 0., 1., 1., 1., 0., 0., 0., 1., 1., 0., 1., 1., 1., 0., 0., 0.,
           1., 0.],
          [0., 0., 0., 0., 1., 1., 1., 1., 1., 1., 0., 1., 1., 1., 1., 1., 1.,
           1., 1.],
          [0., 1., 1., 1., 1., 1., 0., 0., 0., 0., 0., 1., 0., 0., 0., 0., 1.,
           1., 0.],
          [1., 1., 1., 1., 0., 1., 1., 0., 0., 1., 0., 0., 0., 0., 1., 0., 1.,
           0., 1.],
          [0., 0., 0., 1., 1., 0., 0., 0., 1., 1., 1., 1., 0., 1., 1., 0., 0.,
           1., 1.],
          [0., 1., 0., 1., 1., 1., 0., 1., 0., 0., 1., 1., 1., 0., 1., 0., 0.,
           1., 1.],
          [1., 1., 0., 1., 0., 1., 0., 0., 0., 0., 1., 1., 1., 1., 0., 1., 0.,
           0., 1.],
          [0., 0., 0., 0., 0., 0., 0., 0., 1., 0., 1., 0., 0., 0., 0., 0., 1.,
           1., 0.],
          [0., 0., 1., 1., 0., 0., 0., 1., 0., 0., 0., 1., 0., 0., 0., 1., 1.,
           0., 1.],
          [0., 1., 0., 0., 0., 1., 1., 1., 0., 1., 0., 1., 0., 0., 0., 0., 1.,
           0., 1.],
          [0., 0., 0., 1., 0., 0., 0., 0., 1., 0., 0., 0., 1., 1., 0., 1., 0.,
           1., 0.],
          [0., 1., 0., 0., 1., 0., 0., 0., 1., 1., 0., 1., 0., 1., 1., 1., 0.,
           1., 0.],
          [0., 1., 0., 1., 0., 0., 0., 1., 0., 1., 0., 0., 0., 0., 1., 0., 0.,
           0., 0.],
          [1., 0., 1., 0., 1., 1., 0., 1., 0., 0., 1., 0., 0., 1., 0., 0., 1.,
           1., 0.],
          [0., 1., 0., 1., 0., 1., 0., 0., 1., 0., 1., 1., 1., 0., 0., 1., 1.,
           1., 0.],
          [1., 1., 0., 1., 0., 1., 1., 1., 0., 0., 0., 1., 1., 1., 1., 0., 1.,
           1., 0.]]]], device='cuda:0'), tensor([[0.7324]], device='cuda:0'))
2026-01-07 17:24:58 - INFO - [ 0.9944034  -0.04771615  0.00256964  0.0205348   0.00256963  0.0205348
  0.7825014  -0.3578041 ]
2026-01-07 17:24:58 - INFO - {'S11_real': np.float32(0.9944034), 'S11_imag': np.float32(-0.04771615), 'S21_real': np.float32(0.0025696391), 'S21_imag': np.float32(0.020534802), 'S12_real': np.float32(0.0025696298), 'S12_imag': np.float32(0.020534802), 'S22_real': np.float32(0.7825014), 'S22_imag': np.float32(-0.3578041)}
2026-01-07 17:24:58 - INFO - (tensor([[[[1., 0., 1., 0., 1., 0., 0., 1., 1., 0., 0., 1., 0., 1., 1., 1., 1.,
           1., 1.],
          [0., 1., 0., 1., 1., 1., 0., 1., 1., 1., 1., 0., 0., 1., 1., 0., 1.,
           0., 0.],
          [0., 0., 0., 0., 0., 1., 0., 1., 1., 1., 0., 0., 0., 1., 1., 1., 1.,
           0., 1.],
          [0., 1., 0., 1., 0., 1., 0., 0., 0., 1., 0., 0., 0., 0., 0., 1., 0.,
           1., 0.],
          [1., 1., 1., 1., 1., 1., 0., 0., 0., 0., 1., 1., 1., 0., 0., 1., 0.,
           1., 1.],
          [0., 1., 0., 0., 0., 0., 1., 1., 1., 1., 0., 0., 1., 0., 0., 1., 1.,
           0., 1.],
          [0., 0., 1., 1., 1., 0., 1., 1., 1., 1., 0., 1., 0., 1., 1., 1., 0.,
           1., 1.],
          [1., 0., 1., 1., 0., 0., 0., 0., 1., 1., 0., 0., 0., 0., 1., 0., 0.,
           1., 1.],
          [0., 0., 0., 1., 1., 1., 0., 0., 1., 1., 1., 0., 1., 1., 1., 0., 1.,
           0., 0.],
          [1., 1., 0., 1., 0., 0., 0., 1., 1., 1., 1., 0., 0., 0., 0., 0., 1.,
           0., 1.],
          [1., 1., 0., 1., 1., 1., 1., 0., 0., 0., 1., 1., 0., 0., 1., 1., 0.,
           0., 1.],
          [0., 0., 1., 0., 0., 1., 0., 1., 0., 0., 1., 0., 0., 1., 1., 0., 0.,
           0., 1.],
          [0., 0., 1., 1., 1., 1., 0., 0., 0., 1., 0., 0., 0., 1., 0., 0., 1.,
           0., 1.],
          [1., 0., 1., 1., 1., 0., 1., 0., 0., 1., 1., 0., 1., 0., 0., 1., 1.,
           1., 1.],
          [1., 1., 1., 1., 1., 1., 0., 1., 1., 1., 0., 1., 1., 1., 1., 1., 0.,
           1., 1.],
          [0., 0., 0., 1., 1., 0., 1., 1., 1., 1., 1., 0., 0., 0., 1., 0., 1.,
           0., 0.],
          [0., 0., 1., 0., 0., 0., 1., 0., 0., 0., 0., 0., 1., 0., 1., 1., 0.,
           0., 1.],
          [0., 0., 1., 0., 1., 1., 0., 0., 1., 1., 0., 1., 1., 0., 0., 1., 0.,
           1., 1.],
          [0., 1., 1., 1., 0., 0., 1., 1., 1., 0., 1., 0., 1., 1., 0., 0., 0.,
           1., 1.]]]], device='cuda:0'), tensor([[0.7324]], device='cuda:0'))
2026-01-07 17:24:58 - INFO - [ 0.9899704  -0.07553762  0.00886388  0.04174271  0.00886388  0.04174271
  0.76412094 -0.38259393]
2026-01-07 17:24:58 - INFO - {'S11_real': np.float32(0.9899704), 'S11_imag': np.float32(-0.07553762), 'S21_real': np.float32(0.008863879), 'S21_imag': np.float32(0.041742712), 'S12_real': np.float32(0.0088638775), 'S12_imag': np.float32(0.04174271), 'S22_real': np.float32(0.76412094), 'S22_imag': np.float32(-0.38259393)}
2026-01-07 17:24:58 - INFO - (tensor([[[[0., 0., 1., 1., 0., 1., 0., 1., 0., 1., 1., 1., 0., 0., 0., 1., 1.,
           0., 1.],
          [0., 1., 1., 1., 0., 0., 0., 1., 1., 1., 1., 0., 0., 1., 0., 1., 1.,
           0., 0.],
          [0., 1., 1., 1., 0., 0., 0., 0., 0., 0., 0., 1., 0., 0., 1., 1., 0.,
           1., 0.],
          [0., 0., 1., 1., 0., 1., 0., 0., 1., 1., 1., 0., 1., 1., 1., 0., 0.,
           0., 0.],
          [0., 1., 1., 0., 1., 0., 0., 0., 0., 0., 0., 1., 1., 1., 1., 1., 1.,
           0., 0.],
          [0., 0., 1., 0., 1., 1., 1., 1., 1., 1., 0., 0., 0., 0., 0., 0., 0.,
           1., 1.],
          [0., 0., 1., 0., 1., 0., 1., 1., 0., 0., 1., 0., 0., 1., 1., 0., 0.,
           1., 1.],
          [1., 0., 1., 0., 1., 0., 0., 1., 0., 1., 0., 0., 0., 1., 1., 0., 1.,
           0., 1.],
          [1., 0., 0., 0., 1., 0., 0., 1., 1., 0., 0., 1., 1., 1., 1., 0., 0.,
           1., 0.],
          [1., 0., 1., 0., 1., 0., 1., 1., 1., 0., 0., 0., 0., 0., 1., 0., 0.,
           0., 1.],
          [1., 1., 1., 1., 0., 1., 0., 1., 1., 0., 0., 1., 0., 0., 0., 1., 1.,
           1., 1.],
          [0., 0., 0., 0., 1., 0., 1., 1., 1., 0., 0., 1., 1., 0., 1., 0., 1.,
           1., 0.],
          [0., 1., 1., 0., 1., 1., 1., 1., 1., 1., 0., 1., 0., 1., 1., 0., 0.,
           0., 0.],
          [0., 1., 0., 0., 0., 1., 1., 1., 0., 1., 1., 1., 1., 0., 0., 0., 0.,
           0., 0.],
          [0., 0., 1., 1., 0., 0., 1., 1., 1., 0., 1., 0., 1., 1., 0., 1., 0.,
           1., 0.],
          [0., 0., 1., 0., 1., 1., 0., 0., 1., 1., 0., 1., 0., 0., 0., 1., 1.,
           1., 1.],
          [0., 1., 0., 0., 1., 1., 1., 0., 1., 0., 0., 1., 1., 1., 0., 0., 1.,
           1., 0.],
          [1., 1., 0., 0., 1., 0., 1., 0., 0., 0., 0., 1., 0., 1., 0., 1., 0.,
           0., 1.],
          [0., 1., 1., 0., 0., 1., 0., 0., 1., 0., 0., 0., 0., 0., 1., 0., 0.,
           1., 0.]]]], device='cuda:0'), tensor([[0.7324]], device='cuda:0'))
2026-01-07 17:24:58 - INFO - [ 0.97741896 -0.11184324  0.01184642  0.0496928   0.01184643  0.0496928
  0.788889   -0.36513215]
2026-01-07 17:24:58 - INFO - {'S11_real': np.float32(0.97741896), 'S11_imag': np.float32(-0.11184324), 'S21_real': np.float32(0.011846423), 'S21_imag': np.float32(0.0496928), 'S12_real': np.float32(0.011846425), 'S12_imag': np.float32(0.049692802), 'S22_real': np.float32(0.788889), 'S22_imag': np.float32(-0.36513215)}
2026-01-07 17:24:58 - INFO - (tensor([[[[1., 1., 0., 0., 1., 0., 1., 0., 0., 1., 1., 1., 1., 1., 1., 1., 1.,
           1., 1.],
          [0., 0., 1., 0., 1., 0., 0., 0., 0., 0., 1., 0., 0., 1., 0., 0., 0.,
           0., 0.],
          [0., 0., 1., 1., 1., 0., 0., 1., 1., 1., 0., 1., 0., 1., 1., 0., 0.,
           0., 0.],
          [0., 0., 1., 0., 0., 0., 1., 1., 0., 0., 0., 0., 0., 0., 1., 0., 0.,
           0., 0.],
          [1., 0., 1., 0., 0., 0., 1., 1., 0., 0., 0., 0., 0., 0., 0., 1., 1.,
           0., 0.],
          [0., 0., 0., 0., 1., 1., 1., 0., 1., 0., 1., 0., 1., 0., 1., 1., 1.,
           0., 0.],
          [0., 0., 0., 1., 0., 0., 0., 1., 1., 1., 0., 0., 1., 0., 0., 0., 0.,
           0., 1.],
          [1., 1., 0., 1., 0., 1., 0., 0., 1., 1., 1., 0., 1., 1., 1., 1., 0.,
           0., 0.],
          [1., 1., 1., 0., 1., 0., 1., 0., 0., 1., 1., 0., 0., 1., 0., 1., 1.,
           0., 0.],
          [1., 0., 0., 1., 0., 0., 0., 0., 1., 0., 0., 0., 0., 1., 1., 1., 0.,
           1., 1.],
          [0., 0., 1., 1., 0., 0., 0., 1., 0., 1., 1., 1., 0., 1., 1., 1., 1.,
           0., 1.],
          [0., 0., 1., 1., 0., 0., 0., 0., 1., 1., 1., 1., 0., 0., 1., 1., 1.,
           0., 1.],
          [0., 0., 0., 0., 1., 0., 0., 1., 1., 0., 1., 1., 0., 1., 0., 0., 1.,
           1., 1.],
          [0., 1., 0., 1., 0., 1., 0., 1., 1., 1., 1., 1., 0., 0., 1., 0., 0.,
           1., 1.],
          [0., 0., 1., 1., 1., 0., 1., 0., 1., 1., 0., 1., 0., 0., 0., 1., 1.,
           1., 0.],
          [1., 1., 1., 1., 1., 0., 1., 1., 1., 0., 1., 0., 0., 1., 0., 0., 0.,
           1., 0.],
          [1., 1., 0., 0., 0., 1., 1., 0., 0., 1., 1., 1., 0., 0., 1., 1., 0.,
           1., 0.],
          [1., 1., 1., 1., 0., 1., 1., 0., 0., 0., 1., 0., 1., 0., 1., 0., 0.,
           0., 1.],
          [1., 0., 1., 1., 1., 1., 1., 0., 1., 0., 0., 0., 1., 1., 0., 0., 0.,
           0., 1.]]]], device='cuda:0'), tensor([[0.7324]], device='cuda:0'))
2026-01-07 17:24:58 - INFO - [ 0.8955983  -0.28808513  0.01736131  0.06479368  0.01736132  0.06479368
  0.9209102  -0.2204653 ]
2026-01-07 17:24:58 - INFO - {'S11_real': np.float32(0.8955983), 'S11_imag': np.float32(-0.28808513), 'S21_real': np.float32(0.017361315), 'S21_imag': np.float32(0.064793676), 'S12_real': np.float32(0.017361319), 'S12_imag': np.float32(0.06479368), 'S22_real': np.float32(0.9209102), 'S22_imag': np.float32(-0.2204653)}
2026-01-07 17:24:58 - INFO - (tensor([[[[0., 0., 1., 0., 1., 0., 1., 1., 1., 0., 1., 0., 1., 1., 1., 0., 1.,
           1., 1.],
          [1., 0., 0., 1., 1., 1., 1., 0., 1., 1., 0., 1., 1., 0., 1., 0., 1.,
           0., 0.],
          [1., 1., 1., 1., 0., 1., 1., 1., 0., 0., 0., 0., 0., 1., 1., 1., 0.,
           1., 0.],
          [0., 0., 0., 0., 1., 1., 1., 1., 0., 1., 1., 0., 0., 0., 1., 1., 1.,
           0., 0.],
          [0., 0., 0., 0., 1., 0., 0., 0., 0., 0., 0., 0., 0., 0., 1., 1., 1.,
           1., 0.],
          [1., 1., 0., 0., 0., 0., 1., 0., 0., 0., 1., 1., 0., 1., 0., 1., 0.,
           1., 1.],
          [1., 0., 1., 1., 1., 0., 1., 0., 0., 0., 0., 0., 1., 0., 1., 1., 0.,
           0., 0.],
          [1., 1., 1., 1., 1., 1., 1., 1., 1., 0., 1., 0., 0., 1., 1., 1., 1.,
           1., 1.],
          [0., 0., 1., 0., 0., 0., 0., 0., 0., 1., 0., 0., 0., 0., 1., 0., 1.,
           0., 1.],
          [1., 0., 0., 1., 1., 1., 1., 0., 0., 1., 0., 0., 0., 1., 1., 0., 1.,
           1., 1.],
          [1., 0., 1., 1., 0., 1., 0., 0., 1., 0., 0., 1., 1., 1., 0., 0., 0.,
           0., 0.],
          [0., 1., 0., 0., 1., 0., 0., 0., 1., 1., 1., 1., 0., 0., 1., 0., 0.,
           0., 1.],
          [0., 1., 0., 0., 1., 1., 0., 1., 1., 0., 1., 1., 1., 1., 1., 1., 0.,
           1., 1.],
          [0., 1., 1., 0., 0., 1., 1., 0., 1., 1., 0., 0., 0., 1., 0., 1., 0.,
           0., 1.],
          [0., 1., 1., 1., 1., 1., 0., 0., 1., 1., 1., 1., 0., 0., 0., 0., 0.,
           0., 1.],
          [0., 0., 1., 1., 1., 1., 1., 0., 1., 1., 1., 0., 1., 1., 0., 1., 0.,
           0., 1.],
          [0., 1., 1., 1., 0., 0., 0., 0., 0., 1., 1., 1., 0., 0., 0., 1., 1.,
           0., 1.],
          [0., 1., 0., 0., 1., 1., 0., 1., 1., 1., 0., 1., 1., 1., 1., 0., 0.,
           0., 1.],
          [0., 1., 0., 0., 1., 1., 1., 0., 1., 1., 1., 0., 1., 0., 0., 1., 1.,
           1., 1.]]]], device='cuda:0'), tensor([[0.7324]], device='cuda:0'))
2026-01-07 17:24:58 - INFO - [ 0.99623406 -0.03453669  0.0047321   0.02125693  0.00473209  0.02125694
  0.685719   -0.42809373]
2026-01-07 17:24:58 - INFO - {'S11_real': np.float32(0.99623406), 'S11_imag': np.float32(-0.034536686), 'S21_real': np.float32(0.0047320956), 'S21_imag': np.float32(0.02125693), 'S12_real': np.float32(0.004732094), 'S12_imag': np.float32(0.021256944), 'S22_real': np.float32(0.685719), 'S22_imag': np.float32(-0.42809373)}
2026-01-07 17:24:58 - INFO - (tensor([[[[0., 1., 1., 0., 0., 1., 1., 1., 1., 1., 0., 0., 0., 1., 1., 1., 1.,
           0., 0.],
          [1., 1., 1., 0., 0., 1., 1., 0., 1., 0., 1., 0., 1., 0., 0., 1., 0.,
           1., 0.],
          [1., 1., 0., 1., 1., 1., 1., 0., 0., 1., 0., 1., 1., 1., 0., 1., 1.,
           0., 1.],
          [0., 0., 0., 1., 1., 1., 1., 1., 1., 1., 1., 1., 1., 1., 1., 0., 0.,
           1., 1.],
          [0., 0., 1., 1., 1., 1., 1., 0., 1., 0., 0., 1., 1., 0., 1., 0., 0.,
           1., 1.],
          [1., 0., 0., 0., 1., 0., 1., 1., 0., 1., 0., 1., 1., 0., 1., 0., 1.,
           0., 0.],
          [1., 1., 0., 0., 0., 0., 1., 1., 1., 1., 1., 0., 0., 1., 1., 0., 1.,
           1., 0.],
          [1., 1., 1., 1., 0., 1., 1., 0., 0., 0., 1., 0., 0., 1., 0., 1., 1.,
           1., 0.],
          [1., 0., 0., 1., 1., 0., 1., 0., 0., 0., 0., 0., 0., 1., 0., 0., 1.,
           1., 0.],
          [1., 0., 1., 0., 0., 1., 1., 1., 0., 1., 0., 1., 1., 0., 0., 1., 0.,
           0., 1.],
          [0., 0., 1., 0., 0., 0., 1., 0., 0., 0., 0., 0., 1., 0., 1., 0., 1.,
           0., 1.],
          [0., 0., 0., 0., 1., 0., 0., 0., 0., 1., 0., 0., 0., 0., 1., 0., 1.,
           0., 1.],
          [1., 0., 0., 0., 0., 1., 1., 1., 1., 0., 0., 1., 0., 1., 1., 1., 0.,
           1., 1.],
          [1., 0., 0., 1., 0., 0., 0., 0., 1., 1., 1., 1., 0., 1., 0., 1., 1.,
           0., 1.],
          [0., 1., 1., 0., 1., 0., 0., 1., 1., 0., 1., 1., 0., 0., 1., 0., 1.,
           1., 1.],
          [0., 0., 1., 0., 0., 0., 0., 0., 1., 0., 0., 0., 1., 1., 0., 1., 0.,
           1., 1.],
          [0., 1., 0., 0., 1., 1., 1., 0., 0., 0., 1., 1., 1., 1., 0., 1., 0.,
           0., 0.],
          [1., 1., 1., 1., 1., 1., 1., 1., 1., 1., 1., 1., 1., 1., 0., 0., 0.,
           1., 0.],
          [1., 1., 0., 1., 1., 1., 1., 0., 1., 0., 0., 1., 0., 1., 1., 0., 0.,
           0., 1.]]]], device='cuda:0'), tensor([[0.7324]], device='cuda:0'))
2026-01-07 17:24:58 - INFO - [ 0.7011547  -0.0386229   0.75851667 -0.12215582  0.75851667 -0.12215582
  0.35317394 -0.1783623 ]
2026-01-07 17:24:58 - INFO - {'S11_real': np.float32(0.7011547), 'S11_imag': np.float32(-0.0386229), 'S21_real': np.float32(0.75851667), 'S21_imag': np.float32(-0.12215582), 'S12_real': np.float32(0.75851667), 'S12_imag': np.float32(-0.12215582), 'S22_real': np.float32(0.35317394), 'S22_imag': np.float32(-0.1783623)}
2026-01-07 17:24:58 - INFO - (tensor([[[[0., 0., 0., 1., 1., 0., 0., 0., 1., 1., 1., 1., 1., 0., 0., 1., 1.,
           0., 0.],
          [0., 0., 0., 0., 0., 0., 0., 0., 0., 1., 1., 1., 0., 0., 1., 1., 0.,
           0., 0.],
          [1., 0., 0., 0., 0., 1., 1., 0., 1., 1., 0., 1., 0., 0., 1., 0., 0.,
           0., 0.],
          [1., 0., 1., 1., 1., 0., 1., 1., 1., 1., 1., 1., 1., 0., 0., 1., 1.,
           0., 1.],
          [1., 0., 1., 1., 1., 1., 0., 1., 1., 0., 0., 1., 1., 1., 1., 1., 1.,
           1., 0.],
          [0., 1., 1., 1., 1., 1., 1., 0., 0., 1., 1., 1., 0., 0., 0., 1., 0.,
           1., 1.],
          [1., 1., 0., 1., 1., 0., 1., 1., 1., 0., 1., 1., 0., 1., 1., 1., 1.,
           0., 0.],
          [1., 0., 1., 1., 0., 1., 1., 1., 1., 0., 0., 0., 0., 0., 1., 0., 0.,
           1., 1.],
          [1., 1., 1., 0., 0., 0., 1., 0., 1., 0., 1., 0., 0., 1., 1., 1., 0.,
           1., 1.],
          [1., 0., 1., 0., 0., 0., 1., 0., 1., 1., 1., 0., 0., 0., 1., 1., 0.,
           0., 1.],
          [1., 1., 1., 0., 0., 1., 0., 0., 1., 1., 0., 1., 0., 1., 0., 1., 0.,
           1., 1.],
          [1., 1., 1., 0., 0., 1., 0., 0., 1., 0., 0., 0., 0., 1., 0., 0., 0.,
           0., 1.],
          [0., 1., 1., 1., 1., 1., 0., 0., 1., 1., 0., 0., 1., 0., 0., 1., 1.,
           1., 1.],
          [1., 0., 1., 0., 1., 1., 1., 1., 1., 1., 0., 1., 1., 0., 0., 1., 0.,
           0., 1.],
          [1., 0., 1., 0., 0., 0., 0., 1., 1., 1., 1., 1., 1., 1., 1., 1., 1.,
           1., 1.],
          [0., 1., 1., 1., 1., 1., 0., 0., 1., 1., 1., 0., 1., 1., 0., 0., 1.,
           1., 0.],
          [1., 1., 0., 1., 0., 1., 1., 0., 0., 0., 0., 0., 0., 0., 0., 0., 1.,
           1., 0.],
          [1., 0., 0., 1., 0., 0., 0., 0., 1., 0., 1., 1., 0., 1., 1., 1., 1.,
           0., 0.],
          [0., 1., 1., 0., 1., 1., 0., 1., 1., 0., 0., 0., 0., 0., 0., 0., 1.,
           0., 1.]]]], device='cuda:0'), tensor([[0.7324]], device='cuda:0'))
2026-01-07 17:24:58 - INFO - [-0.05392199 -0.02162564  0.9196104  -0.21448624  0.9196104  -0.21448624
 -0.0564345  -0.01965588]
2026-01-07 17:24:58 - INFO - {'S11_real': np.float32(-0.053921986), 'S11_imag': np.float32(-0.021625638), 'S21_real': np.float32(0.9196104), 'S21_imag': np.float32(-0.21448624), 'S12_real': np.float32(0.9196104), 'S12_imag': np.float32(-0.21448624), 'S22_real': np.float32(-0.056434497), 'S22_imag': np.float32(-0.019655878)}
2026-01-07 17:24:58 - INFO - (tensor([[[[0., 1., 1., 1., 1., 1., 0., 0., 0., 1., 1., 1., 0., 1., 1., 0., 0.,
           0., 1.],
          [1., 0., 1., 1., 1., 1., 0., 1., 1., 0., 1., 1., 0., 1., 0., 1., 1.,
           1., 0.],
          [1., 1., 0., 1., 1., 1., 0., 0., 0., 1., 0., 1., 0., 0., 1., 0., 0.,
           1., 1.],
          [1., 1., 1., 1., 1., 1., 0., 1., 0., 1., 1., 0., 0., 0., 1., 1., 1.,
           1., 0.],
          [1., 0., 1., 1., 0., 1., 0., 1., 1., 1., 1., 1., 0., 1., 1., 1., 1.,
           0., 1.],
          [0., 0., 0., 0., 0., 1., 0., 0., 0., 0., 0., 0., 1., 1., 0., 0., 0.,
           0., 0.],
          [1., 1., 1., 1., 1., 1., 0., 0., 1., 0., 1., 1., 1., 0., 0., 1., 0.,
           1., 0.],
          [0., 1., 1., 1., 1., 0., 1., 0., 1., 0., 1., 1., 1., 0., 0., 1., 0.,
           1., 0.],
          [1., 1., 0., 0., 0., 1., 0., 0., 0., 0., 0., 1., 1., 0., 1., 0., 0.,
           1., 1.],
          [1., 1., 1., 1., 1., 0., 0., 0., 1., 0., 0., 0., 0., 1., 0., 0., 0.,
           0., 1.],
          [1., 0., 0., 0., 0., 0., 0., 1., 0., 0., 1., 1., 0., 0., 1., 0., 1.,
           0., 0.],
          [0., 1., 1., 1., 1., 0., 0., 1., 1., 1., 1., 0., 1., 0., 1., 0., 1.,
           0., 0.],
          [0., 0., 0., 0., 0., 0., 0., 1., 1., 0., 1., 1., 0., 0., 1., 0., 0.,
           0., 1.],
          [1., 1., 0., 0., 0., 0., 0., 1., 0., 1., 0., 1., 0., 0., 0., 0., 1.,
           0., 1.],
          [1., 1., 0., 0., 1., 0., 1., 1., 0., 0., 1., 1., 0., 0., 0., 1., 1.,
           1., 0.],
          [1., 1., 1., 0., 1., 0., 1., 1., 0., 0., 0., 1., 0., 1., 1., 0., 0.,
           0., 0.],
          [1., 1., 0., 0., 1., 1., 0., 1., 1., 1., 1., 1., 1., 1., 1., 0., 1.,
           0., 0.],
          [0., 0., 0., 1., 0., 1., 0., 1., 1., 0., 1., 0., 1., 1., 0., 1., 1.,
           1., 1.],
          [1., 1., 0., 1., 0., 1., 0., 1., 0., 1., 0., 0., 0., 1., 1., 1., 0.,
           1., 0.]]]], device='cuda:0'), tensor([[0.7324]], device='cuda:0'))
2026-01-07 17:24:58 - INFO - [ 9.1505098e-01 -2.1158624e-01 -6.4706139e-04  8.7228846e-03
 -6.4706139e-04  8.7228883e-03  9.8810083e-01 -6.6973001e-02]
2026-01-07 17:24:58 - INFO - {'S11_real': np.float32(0.915051), 'S11_imag': np.float32(-0.21158624), 'S21_real': np.float32(-0.0006470614), 'S21_imag': np.float32(0.008722885), 'S12_real': np.float32(-0.0006470614), 'S12_imag': np.float32(0.008722888), 'S22_real': np.float32(0.9881008), 'S22_imag': np.float32(-0.066973)}
2026-01-07 17:24:58 - INFO - (tensor([[[[1., 0., 0., 0., 1., 0., 1., 0., 1., 0., 0., 0., 1., 0., 0., 1., 1.,
           0., 1.],
          [1., 0., 1., 0., 0., 0., 1., 1., 0., 0., 1., 1., 0., 0., 0., 1., 0.,
           1., 0.],
          [1., 1., 0., 1., 1., 0., 1., 1., 0., 1., 1., 0., 0., 0., 1., 0., 0.,
           0., 0.],
          [0., 0., 0., 1., 1., 0., 0., 1., 0., 1., 0., 1., 0., 1., 1., 0., 1.,
           1., 0.],
          [1., 1., 1., 1., 0., 1., 1., 1., 1., 0., 1., 0., 0., 1., 0., 1., 1.,
           1., 0.],
          [0., 1., 0., 0., 0., 0., 1., 1., 1., 0., 1., 1., 1., 0., 0., 0., 1.,
           1., 1.],
          [0., 1., 0., 0., 0., 1., 0., 1., 0., 1., 0., 1., 1., 0., 1., 1., 0.,
           0., 1.],
          [0., 1., 0., 0., 0., 1., 0., 1., 1., 0., 0., 0., 0., 0., 1., 0., 1.,
           1., 0.],
          [0., 1., 1., 0., 1., 1., 1., 0., 1., 1., 1., 0., 0., 1., 1., 1., 0.,
           0., 1.],
          [1., 1., 1., 1., 1., 1., 0., 0., 0., 1., 0., 1., 0., 0., 0., 0., 0.,
           1., 1.],
          [0., 1., 0., 0., 0., 1., 0., 0., 1., 0., 1., 1., 1., 1., 1., 1., 1.,
           1., 1.],
          [1., 1., 1., 1., 1., 1., 1., 1., 0., 0., 1., 1., 0., 0., 1., 1., 0.,
           1., 0.],
          [1., 0., 1., 1., 0., 1., 0., 0., 0., 1., 0., 1., 0., 0., 0., 0., 1.,
           1., 1.],
          [1., 1., 1., 0., 1., 1., 1., 1., 1., 1., 0., 0., 1., 0., 1., 0., 1.,
           0., 0.],
          [1., 1., 0., 1., 1., 1., 1., 1., 1., 0., 1., 1., 0., 0., 0., 1., 0.,
           0., 0.],
          [0., 0., 0., 0., 0., 1., 1., 0., 1., 1., 1., 0., 0., 1., 0., 1., 0.,
           1., 0.],
          [0., 1., 1., 1., 1., 0., 0., 1., 1., 0., 0., 0., 0., 1., 1., 0., 0.,
           1., 1.],
          [0., 1., 1., 0., 1., 0., 0., 0., 1., 1., 1., 0., 1., 1., 0., 1., 1.,
           0., 1.],
          [1., 1., 1., 1., 1., 0., 0., 0., 1., 0., 0., 0., 1., 0., 1., 0., 0.,
           0., 0.]]]], device='cuda:0'), tensor([[0.7324]], device='cuda:0'))
2026-01-07 17:24:58 - INFO - [-0.04107833 -0.00232312  0.9201903  -0.2267888   0.9201903  -0.22678882
 -0.04945242  0.00421608]
2026-01-07 17:24:58 - INFO - {'S11_real': np.float32(-0.041078333), 'S11_imag': np.float32(-0.0023231166), 'S21_real': np.float32(0.9201903), 'S21_imag': np.float32(-0.2267888), 'S12_real': np.float32(0.9201903), 'S12_imag': np.float32(-0.22678882), 'S22_real': np.float32(-0.049452417), 'S22_imag': np.float32(0.0042160796)}
2026-01-07 17:24:58 - INFO - (tensor([[[[1., 0., 0., 0., 1., 0., 0., 1., 1., 0., 0., 0., 0., 1., 0., 0., 0.,
           1., 1.],
          [0., 1., 0., 0., 1., 1., 1., 0., 1., 0., 1., 0., 0., 0., 1., 1., 1.,
           0., 1.],
          [1., 1., 1., 0., 1., 0., 0., 0., 0., 0., 1., 1., 0., 1., 0., 0., 0.,
           0., 1.],
          [0., 1., 1., 1., 1., 0., 1., 0., 1., 0., 0., 1., 1., 1., 0., 1., 1.,
           1., 0.],
          [1., 1., 0., 1., 0., 0., 0., 0., 0., 0., 0., 0., 0., 0., 0., 0., 0.,
           0., 1.],
          [0., 1., 1., 1., 1., 1., 1., 0., 1., 0., 0., 1., 0., 0., 1., 0., 1.,
           1., 1.],
          [1., 1., 0., 1., 1., 0., 1., 1., 1., 1., 1., 1., 1., 0., 1., 0., 1.,
           1., 1.],
          [0., 0., 0., 1., 1., 0., 0., 1., 1., 1., 0., 0., 1., 1., 1., 0., 1.,
           0., 0.],
          [0., 1., 1., 0., 0., 1., 0., 1., 1., 1., 1., 0., 1., 0., 0., 0., 1.,
           1., 0.],
          [1., 1., 1., 1., 1., 0., 1., 1., 0., 1., 0., 0., 1., 0., 0., 1., 0.,
           1., 1.],
          [1., 0., 1., 1., 0., 0., 1., 0., 0., 0., 1., 1., 1., 0., 0., 0., 1.,
           1., 1.],
          [1., 0., 0., 0., 1., 0., 0., 1., 1., 0., 1., 0., 0., 1., 1., 0., 1.,
           1., 0.],
          [0., 0., 1., 1., 1., 0., 1., 0., 1., 0., 1., 0., 0., 0., 0., 1., 1.,
           1., 1.],
          [1., 0., 1., 1., 0., 1., 1., 1., 0., 0., 1., 0., 1., 0., 0., 1., 0.,
           1., 0.],
          [1., 0., 1., 1., 1., 1., 0., 1., 0., 0., 1., 1., 1., 1., 0., 1., 1.,
           1., 1.],
          [0., 0., 0., 1., 0., 1., 0., 1., 0., 1., 1., 0., 1., 0., 0., 0., 1.,
           0., 1.],
          [1., 0., 0., 1., 1., 0., 1., 1., 1., 0., 0., 0., 1., 0., 0., 1., 0.,
           0., 0.],
          [1., 1., 0., 1., 0., 0., 0., 0., 1., 0., 1., 1., 0., 0., 0., 0., 1.,
           1., 1.],
          [1., 0., 0., 1., 1., 1., 0., 0., 1., 0., 1., 1., 0., 0., 1., 0., 0.,
           0., 0.]]]], device='cuda:0'), tensor([[0.7324]], device='cuda:0'))
2026-01-07 17:24:58 - INFO - [-0.02588958  0.00802879  0.9136236  -0.23698165  0.9136236  -0.23698165
  0.01366519  0.01922055]
2026-01-07 17:24:58 - INFO - {'S11_real': np.float32(-0.025889577), 'S11_imag': np.float32(0.008028786), 'S21_real': np.float32(0.9136236), 'S21_imag': np.float32(-0.23698165), 'S12_real': np.float32(0.9136236), 'S12_imag': np.float32(-0.23698165), 'S22_real': np.float32(0.013665187), 'S22_imag': np.float32(0.019220548)}
2026-01-07 17:24:58 - INFO - (tensor([[[[0., 0., 1., 1., 1., 1., 0., 1., 0., 1., 1., 0., 0., 1., 0., 0., 0.,
           0., 1.],
          [0., 1., 1., 1., 1., 1., 1., 1., 0., 1., 0., 0., 1., 1., 1., 0., 0.,
           0., 1.],
          [0., 1., 0., 1., 1., 1., 0., 0., 0., 0., 0., 1., 1., 1., 1., 0., 0.,
           1., 1.],
          [0., 0., 1., 1., 0., 0., 0., 1., 1., 0., 1., 1., 0., 1., 1., 1., 0.,
           0., 1.],
          [1., 1., 1., 0., 1., 1., 1., 1., 0., 1., 0., 0., 1., 0., 0., 0., 1.,
           0., 0.],
          [1., 0., 1., 1., 1., 1., 1., 0., 1., 0., 0., 1., 0., 0., 1., 1., 1.,
           0., 0.],
          [0., 0., 1., 0., 0., 1., 0., 1., 0., 1., 0., 1., 0., 0., 1., 1., 1.,
           0., 1.],
          [1., 0., 1., 1., 1., 0., 0., 0., 1., 0., 0., 0., 1., 0., 0., 0., 0.,
           1., 0.],
          [0., 0., 1., 1., 0., 1., 0., 1., 1., 0., 1., 1., 0., 0., 1., 1., 1.,
           1., 0.],
          [1., 0., 0., 0., 1., 1., 0., 0., 0., 0., 0., 1., 1., 1., 1., 0., 0.,
           1., 1.],
          [0., 0., 1., 1., 1., 1., 1., 1., 0., 1., 0., 1., 1., 0., 1., 0., 1.,
           0., 1.],
          [0., 1., 0., 1., 1., 1., 1., 1., 1., 0., 0., 0., 0., 0., 0., 1., 1.,
           1., 0.],
          [1., 0., 0., 0., 1., 1., 0., 1., 1., 0., 1., 1., 0., 0., 1., 1., 1.,
           0., 0.],
          [0., 1., 1., 0., 0., 0., 1., 1., 1., 1., 0., 1., 1., 0., 0., 0., 1.,
           0., 1.],
          [0., 1., 1., 0., 0., 1., 0., 1., 0., 1., 1., 0., 1., 1., 1., 1., 0.,
           1., 1.],
          [0., 0., 1., 1., 1., 0., 1., 1., 0., 1., 0., 1., 0., 1., 1., 0., 0.,
           1., 0.],
          [0., 0., 1., 1., 0., 0., 0., 1., 0., 0., 1., 0., 1., 1., 0., 1., 1.,
           1., 1.],
          [0., 1., 0., 1., 1., 0., 1., 0., 1., 1., 0., 1., 1., 0., 1., 1., 1.,
           1., 1.],
          [0., 0., 1., 1., 1., 0., 1., 1., 1., 1., 0., 1., 1., 1., 1., 1., 1.,
           1., 0.]]]], device='cuda:0'), tensor([[0.7324]], device='cuda:0'))
2026-01-07 17:24:58 - INFO - [ 0.99750775 -0.03033279  0.00290891  0.01693322  0.00290891  0.01693323
  0.71920407 -0.4020203 ]
2026-01-07 17:24:58 - INFO - {'S11_real': np.float32(0.99750775), 'S11_imag': np.float32(-0.030332794), 'S21_real': np.float32(0.0029089062), 'S21_imag': np.float32(0.016933223), 'S12_real': np.float32(0.0029089118), 'S12_imag': np.float32(0.016933227), 'S22_real': np.float32(0.71920407), 'S22_imag': np.float32(-0.4020203)}
2026-01-07 17:24:58 - INFO - (tensor([[[[1., 0., 0., 1., 1., 1., 0., 0., 0., 1., 1., 0., 0., 1., 0., 0., 0.,
           0., 0.],
          [0., 0., 1., 0., 1., 1., 0., 1., 0., 1., 1., 0., 1., 0., 1., 0., 0.,
           1., 0.],
          [0., 1., 0., 1., 1., 1., 0., 1., 0., 1., 1., 1., 0., 1., 0., 0., 0.,
           0., 0.],
          [1., 0., 1., 1., 0., 1., 1., 0., 0., 1., 0., 0., 1., 0., 0., 0., 0.,
           0., 0.],
          [1., 0., 1., 1., 1., 1., 0., 1., 0., 1., 1., 0., 0., 1., 0., 1., 0.,
           0., 1.],
          [0., 1., 0., 1., 1., 1., 0., 1., 1., 0., 1., 1., 1., 0., 0., 1., 0.,
           1., 0.],
          [1., 1., 1., 0., 1., 1., 0., 0., 1., 0., 1., 0., 0., 1., 1., 1., 0.,
           1., 0.],
          [1., 1., 1., 0., 1., 0., 1., 1., 0., 0., 0., 1., 1., 0., 1., 0., 0.,
           1., 0.],
          [1., 0., 1., 0., 1., 0., 1., 1., 1., 0., 1., 0., 0., 0., 1., 0., 0.,
           1., 1.],
          [1., 1., 0., 0., 0., 0., 0., 1., 0., 1., 1., 0., 0., 0., 1., 1., 1.,
           0., 1.],
          [1., 1., 1., 0., 1., 0., 0., 0., 0., 1., 0., 0., 1., 1., 1., 1., 0.,
           1., 1.],
          [0., 0., 1., 0., 1., 1., 0., 0., 0., 0., 1., 1., 0., 1., 0., 1., 1.,
           1., 1.],
          [1., 1., 0., 0., 0., 1., 0., 1., 1., 1., 0., 1., 1., 0., 0., 0., 1.,
           1., 0.],
          [1., 1., 1., 0., 1., 0., 0., 0., 1., 1., 1., 0., 0., 1., 1., 0., 1.,
           0., 0.],
          [0., 0., 1., 0., 0., 1., 0., 0., 0., 0., 1., 1., 1., 1., 0., 0., 1.,
           0., 1.],
          [0., 1., 1., 1., 1., 0., 0., 0., 1., 1., 0., 0., 0., 0., 1., 1., 0.,
           0., 0.],
          [1., 0., 1., 1., 0., 0., 0., 1., 0., 0., 1., 1., 1., 0., 1., 1., 1.,
           1., 1.],
          [0., 1., 1., 1., 0., 0., 1., 1., 1., 1., 0., 0., 0., 1., 1., 0., 0.,
           1., 0.],
          [0., 0., 0., 0., 1., 1., 1., 1., 0., 1., 0., 0., 1., 1., 1., 1., 0.,
           0., 0.]]]], device='cuda:0'), tensor([[0.7324]], device='cuda:0'))
2026-01-07 17:24:58 - INFO - [-0.05725065 -0.02674505  0.9151134  -0.21893157  0.9151134  -0.2189316
 -0.06148473 -0.02341739]
2026-01-07 17:24:58 - INFO - {'S11_real': np.float32(-0.057250652), 'S11_imag': np.float32(-0.026745053), 'S21_real': np.float32(0.9151134), 'S21_imag': np.float32(-0.21893157), 'S12_real': np.float32(0.9151134), 'S12_imag': np.float32(-0.2189316), 'S22_real': np.float32(-0.06148473), 'S22_imag': np.float32(-0.023417393)}
2026-01-07 17:24:58 - INFO - (tensor([[[[1., 1., 0., 0., 1., 1., 0., 0., 0., 1., 0., 0., 1., 0., 0., 0., 1.,
           1., 0.],
          [1., 0., 0., 1., 0., 1., 1., 0., 0., 1., 1., 0., 1., 0., 0., 1., 0.,
           1., 0.],
          [0., 0., 0., 0., 0., 1., 1., 0., 1., 1., 1., 1., 1., 0., 0., 0., 0.,
           0., 1.],
          [1., 0., 0., 1., 0., 0., 1., 0., 0., 0., 0., 0., 1., 0., 0., 1., 0.,
           0., 1.],
          [1., 1., 1., 1., 0., 1., 1., 1., 1., 0., 1., 0., 0., 1., 0., 0., 0.,
           1., 1.],
          [0., 1., 1., 1., 0., 1., 1., 0., 1., 0., 1., 1., 1., 1., 0., 1., 0.,
           0., 1.],
          [1., 1., 1., 1., 1., 1., 1., 1., 0., 1., 1., 0., 1., 1., 0., 1., 0.,
           1., 1.],
          [1., 0., 0., 0., 0., 1., 0., 1., 1., 1., 1., 1., 0., 1., 1., 0., 1.,
           0., 1.],
          [0., 1., 1., 0., 1., 1., 0., 0., 1., 0., 1., 0., 0., 0., 1., 1., 1.,
           0., 1.],
          [1., 0., 0., 1., 1., 1., 1., 1., 0., 1., 1., 1., 0., 0., 1., 1., 1.,
           1., 1.],
          [1., 1., 1., 0., 0., 0., 0., 0., 1., 0., 1., 1., 1., 0., 0., 0., 1.,
           1., 0.],
          [0., 0., 1., 1., 0., 1., 1., 0., 1., 1., 1., 0., 1., 1., 0., 0., 1.,
           1., 1.],
          [0., 0., 1., 0., 0., 0., 0., 0., 0., 1., 1., 1., 0., 1., 1., 0., 1.,
           1., 1.],
          [1., 0., 1., 0., 0., 1., 0., 0., 0., 0., 1., 1., 0., 0., 0., 0., 1.,
           0., 1.],
          [0., 0., 0., 1., 1., 1., 0., 1., 0., 0., 1., 0., 1., 0., 0., 0., 0.,
           0., 1.],
          [0., 0., 1., 1., 0., 1., 0., 1., 1., 0., 1., 0., 0., 0., 1., 0., 1.,
           0., 1.],
          [1., 1., 1., 0., 0., 0., 0., 1., 0., 1., 1., 0., 0., 0., 0., 0., 1.,
           0., 0.],
          [0., 1., 0., 1., 1., 1., 0., 1., 1., 1., 0., 1., 0., 1., 1., 0., 1.,
           1., 1.],
          [0., 0., 0., 1., 1., 1., 0., 0., 0., 1., 0., 0., 1., 0., 1., 1., 0.,
           0., 1.]]]], device='cuda:0'), tensor([[0.7324]], device='cuda:0'))
2026-01-07 17:24:58 - INFO - [-0.04641302 -0.00549776  0.92297477 -0.21960494  0.92297477 -0.21960495
 -0.04682764 -0.00547129]
2026-01-07 17:24:58 - INFO - {'S11_real': np.float32(-0.04641302), 'S11_imag': np.float32(-0.0054977615), 'S21_real': np.float32(0.92297477), 'S21_imag': np.float32(-0.21960494), 'S12_real': np.float32(0.92297477), 'S12_imag': np.float32(-0.21960495), 'S22_real': np.float32(-0.04682764), 'S22_imag': np.float32(-0.0054712906)}
2026-01-07 17:24:58 - INFO - (tensor([[[[0., 1., 0., 0., 1., 1., 0., 0., 1., 0., 0., 0., 1., 0., 0., 0., 1.,
           1., 0.],
          [1., 1., 0., 0., 1., 0., 0., 0., 0., 1., 1., 0., 0., 1., 0., 0., 0.,
           1., 0.],
          [0., 0., 0., 0., 1., 0., 1., 1., 0., 0., 0., 0., 0., 0., 0., 0., 0.,
           0., 1.],
          [0., 0., 0., 1., 1., 1., 0., 1., 0., 0., 1., 0., 1., 1., 1., 0., 0.,
           0., 0.],
          [1., 0., 1., 0., 1., 1., 0., 1., 0., 0., 1., 0., 1., 0., 1., 1., 0.,
           0., 1.],
          [0., 1., 0., 1., 0., 1., 0., 0., 1., 1., 1., 1., 1., 1., 0., 0., 1.,
           0., 1.],
          [0., 1., 1., 0., 1., 0., 0., 0., 0., 0., 0., 0., 0., 0., 0., 1., 0.,
           0., 1.],
          [1., 1., 1., 0., 0., 0., 1., 1., 0., 1., 0., 1., 1., 0., 0., 0., 1.,
           1., 0.],
          [0., 0., 1., 1., 0., 0., 0., 1., 1., 0., 1., 0., 0., 0., 1., 0., 0.,
           1., 0.],
          [1., 0., 0., 1., 1., 0., 1., 1., 1., 1., 1., 1., 1., 1., 0., 0., 0.,
           0., 1.],
          [0., 0., 0., 1., 0., 0., 1., 1., 0., 0., 0., 1., 0., 1., 0., 1., 1.,
           1., 0.],
          [0., 1., 1., 1., 0., 1., 0., 0., 1., 1., 0., 0., 0., 1., 0., 0., 1.,
           0., 1.],
          [1., 1., 1., 1., 1., 1., 1., 1., 0., 1., 0., 0., 1., 1., 1., 0., 1.,
           0., 0.],
          [0., 1., 1., 0., 0., 0., 0., 1., 1., 0., 0., 0., 1., 1., 0., 1., 1.,
           0., 1.],
          [1., 1., 1., 1., 1., 0., 0., 0., 1., 1., 1., 0., 0., 1., 1., 1., 1.,
           1., 0.],
          [0., 1., 0., 1., 0., 1., 1., 1., 1., 0., 1., 1., 1., 1., 0., 0., 0.,
           1., 0.],
          [1., 0., 0., 1., 0., 1., 0., 1., 1., 1., 1., 0., 1., 0., 1., 1., 1.,
           1., 0.],
          [0., 1., 0., 0., 1., 0., 1., 1., 0., 0., 1., 1., 1., 0., 1., 1., 1.,
           1., 1.],
          [0., 0., 0., 0., 0., 1., 0., 1., 0., 0., 1., 0., 0., 1., 0., 0., 0.,
           1., 0.]]]], device='cuda:0'), tensor([[0.7324]], device='cuda:0'))
2026-01-07 17:24:58 - INFO - [ 0.99851674 -0.02739981  0.00141188  0.01226508  0.00141188  0.01226508
  0.7814948  -0.35360286]
2026-01-07 17:24:58 - INFO - {'S11_real': np.float32(0.99851674), 'S11_imag': np.float32(-0.027399814), 'S21_real': np.float32(0.0014118832), 'S21_imag': np.float32(0.012265082), 'S12_real': np.float32(0.0014118813), 'S12_imag': np.float32(0.012265082), 'S22_real': np.float32(0.7814948), 'S22_imag': np.float32(-0.35360286)}
2026-01-07 17:24:58 - INFO - (tensor([[[[0., 1., 0., 1., 1., 1., 1., 0., 0., 1., 0., 0., 0., 1., 0., 1., 1.,
           0., 0.],
          [1., 1., 1., 0., 1., 0., 0., 0., 0., 1., 1., 1., 1., 1., 1., 1., 0.,
           1., 0.],
          [0., 1., 1., 1., 1., 0., 0., 0., 0., 1., 0., 0., 1., 1., 1., 0., 1.,
           1., 0.],
          [1., 0., 1., 1., 1., 1., 0., 0., 0., 1., 0., 0., 1., 0., 0., 0., 1.,
           0., 1.],
          [1., 0., 0., 0., 1., 0., 1., 0., 1., 0., 1., 1., 1., 0., 1., 1., 1.,
           0., 1.],
          [1., 0., 1., 0., 0., 0., 0., 1., 0., 1., 0., 1., 1., 1., 1., 1., 0.,
           1., 1.],
          [1., 0., 0., 0., 0., 0., 0., 1., 0., 1., 1., 1., 1., 1., 1., 0., 1.,
           0., 1.],
          [1., 1., 1., 0., 0., 0., 0., 1., 1., 0., 1., 1., 0., 0., 1., 0., 1.,
           1., 1.],
          [1., 1., 1., 1., 0., 0., 0., 0., 0., 1., 1., 0., 1., 0., 1., 1., 1.,
           0., 1.],
          [1., 1., 0., 0., 0., 1., 1., 1., 1., 0., 1., 0., 0., 1., 0., 1., 1.,
           1., 1.],
          [1., 0., 1., 1., 1., 0., 0., 0., 1., 1., 0., 1., 1., 1., 1., 0., 0.,
           0., 0.],
          [1., 0., 0., 1., 0., 1., 1., 0., 0., 0., 1., 1., 0., 1., 0., 1., 0.,
           1., 1.],
          [0., 1., 0., 1., 0., 0., 0., 1., 0., 1., 0., 1., 0., 1., 1., 1., 0.,
           0., 1.],
          [1., 1., 0., 0., 1., 0., 0., 0., 0., 0., 1., 1., 0., 1., 0., 1., 0.,
           0., 0.],
          [1., 1., 1., 0., 0., 1., 1., 0., 0., 0., 1., 0., 0., 0., 0., 1., 0.,
           1., 0.],
          [1., 1., 1., 1., 0., 1., 1., 0., 1., 1., 0., 1., 0., 1., 1., 1., 0.,
           1., 0.],
          [1., 1., 1., 1., 0., 0., 0., 1., 0., 0., 1., 0., 1., 1., 0., 0., 1.,
           1., 1.],
          [1., 0., 1., 0., 1., 0., 1., 1., 0., 1., 0., 1., 1., 1., 0., 1., 0.,
           1., 0.],
          [0., 1., 1., 1., 1., 0., 0., 1., 0., 1., 1., 1., 1., 1., 0., 1., 0.,
           1., 1.]]]], device='cuda:0'), tensor([[0.7324]], device='cuda:0'))
2026-01-07 17:24:58 - INFO - [-0.05535714 -0.01789682  0.9141501  -0.22566883  0.9141501  -0.22566885
 -0.05736091 -0.01632304]
2026-01-07 17:24:58 - INFO - {'S11_real': np.float32(-0.05535714), 'S11_imag': np.float32(-0.01789682), 'S21_real': np.float32(0.9141501), 'S21_imag': np.float32(-0.22566883), 'S12_real': np.float32(0.9141501), 'S12_imag': np.float32(-0.22566885), 'S22_real': np.float32(-0.05736091), 'S22_imag': np.float32(-0.016323045)}
2026-01-07 17:24:58 - INFO - (tensor([[[[1., 1., 0., 0., 1., 1., 1., 1., 0., 0., 1., 0., 0., 1., 0., 1., 0.,
           0., 1.],
          [0., 0., 0., 0., 0., 1., 1., 0., 1., 0., 0., 1., 0., 1., 0., 0., 1.,
           0., 1.],
          [1., 0., 0., 1., 0., 0., 1., 0., 0., 1., 0., 0., 0., 0., 0., 0., 1.,
           0., 0.],
          [0., 1., 0., 1., 1., 1., 1., 1., 0., 0., 0., 0., 1., 1., 1., 1., 1.,
           1., 0.],
          [0., 0., 0., 1., 1., 1., 0., 0., 0., 0., 0., 0., 1., 0., 0., 0., 1.,
           0., 0.],
          [1., 0., 0., 1., 1., 0., 1., 1., 0., 1., 1., 0., 1., 0., 1., 1., 0.,
           1., 1.],
          [1., 1., 1., 0., 1., 0., 1., 1., 0., 1., 1., 1., 1., 0., 0., 1., 0.,
           0., 1.],
          [1., 0., 0., 0., 0., 0., 0., 1., 1., 0., 1., 1., 0., 0., 0., 1., 0.,
           1., 1.],
          [0., 1., 0., 0., 1., 0., 0., 0., 0., 0., 0., 1., 0., 1., 0., 0., 1.,
           1., 0.],
          [1., 1., 1., 1., 1., 0., 1., 0., 1., 0., 1., 0., 1., 1., 1., 1., 0.,
           1., 1.],
          [1., 0., 0., 1., 0., 0., 0., 1., 0., 0., 1., 1., 1., 0., 1., 0., 0.,
           1., 1.],
          [1., 1., 1., 1., 0., 1., 0., 0., 0., 0., 0., 0., 1., 0., 0., 0., 1.,
           0., 0.],
          [1., 1., 1., 0., 1., 1., 1., 0., 1., 0., 0., 1., 0., 0., 0., 1., 0.,
           1., 0.],
          [1., 0., 0., 1., 0., 1., 1., 0., 1., 0., 1., 1., 1., 0., 0., 0., 0.,
           1., 0.],
          [0., 1., 0., 0., 1., 0., 0., 0., 0., 0., 1., 0., 0., 0., 0., 0., 0.,
           0., 0.],
          [1., 0., 0., 0., 1., 0., 1., 0., 0., 0., 0., 1., 1., 0., 0., 0., 0.,
           1., 0.],
          [1., 1., 1., 0., 0., 1., 1., 1., 0., 0., 1., 0., 0., 0., 1., 0., 0.,
           1., 1.],
          [0., 1., 1., 0., 1., 1., 0., 0., 0., 1., 0., 1., 0., 0., 1., 1., 0.,
           1., 0.],
          [1., 0., 0., 1., 0., 0., 1., 1., 0., 1., 0., 0., 1., 0., 0., 0., 0.,
           0., 1.]]]], device='cuda:0'), tensor([[0.7324]], device='cuda:0'))
2026-01-07 17:24:58 - INFO - [ 0.8991715  -0.23918816  0.01837405  0.05939526  0.01837405  0.05939525
  0.8534507  -0.2921067 ]
2026-01-07 17:24:58 - INFO - {'S11_real': np.float32(0.8991715), 'S11_imag': np.float32(-0.23918816), 'S21_real': np.float32(0.018374052), 'S21_imag': np.float32(0.059395265), 'S12_real': np.float32(0.018374052), 'S12_imag': np.float32(0.059395254), 'S22_real': np.float32(0.8534507), 'S22_imag': np.float32(-0.2921067)}
2026-01-07 17:24:58 - INFO - (tensor([[[[1., 0., 1., 1., 1., 1., 0., 1., 1., 1., 1., 1., 1., 0., 1., 1., 1.,
           1., 0.],
          [0., 1., 1., 1., 1., 0., 1., 0., 0., 1., 1., 0., 1., 0., 1., 1., 1.,
           1., 0.],
          [1., 1., 1., 0., 1., 0., 0., 1., 0., 1., 1., 1., 0., 0., 0., 1., 1.,
           0., 0.],
          [1., 0., 1., 1., 0., 1., 1., 0., 0., 0., 1., 1., 0., 1., 0., 1., 1.,
           1., 1.],
          [1., 0., 0., 1., 0., 0., 1., 1., 1., 0., 0., 0., 1., 1., 1., 1., 1.,
           0., 0.],
          [0., 1., 1., 0., 0., 1., 0., 1., 0., 0., 0., 0., 1., 1., 1., 0., 1.,
           0., 1.],
          [0., 1., 1., 0., 1., 0., 0., 0., 1., 1., 1., 1., 1., 0., 1., 1., 1.,
           0., 0.],
          [0., 0., 1., 0., 1., 1., 1., 0., 1., 0., 0., 0., 0., 0., 0., 0., 1.,
           0., 1.],
          [0., 1., 1., 1., 1., 0., 1., 0., 0., 0., 1., 0., 1., 0., 1., 0., 1.,
           1., 0.],
          [1., 1., 1., 1., 1., 1., 1., 0., 0., 1., 0., 1., 0., 1., 1., 0., 0.,
           0., 1.],
          [0., 1., 0., 0., 0., 1., 1., 0., 1., 1., 0., 0., 0., 0., 1., 0., 1.,
           0., 0.],
          [0., 0., 0., 0., 1., 1., 1., 1., 1., 1., 1., 0., 1., 0., 1., 1., 0.,
           0., 0.],
          [0., 0., 1., 0., 0., 0., 1., 0., 0., 0., 1., 0., 1., 1., 0., 1., 1.,
           1., 1.],
          [1., 1., 0., 1., 1., 0., 1., 0., 0., 1., 1., 1., 0., 1., 0., 1., 1.,
           1., 0.],
          [0., 1., 0., 1., 0., 0., 1., 1., 0., 0., 0., 1., 1., 0., 1., 0., 1.,
           1., 0.],
          [1., 0., 1., 0., 1., 1., 1., 0., 0., 1., 1., 0., 0., 1., 1., 0., 0.,
           0., 1.],
          [1., 0., 0., 1., 1., 1., 1., 0., 1., 1., 1., 0., 0., 0., 1., 1., 1.,
           1., 0.],
          [1., 0., 1., 1., 1., 1., 1., 1., 0., 0., 0., 0., 0., 1., 1., 0., 1.,
           1., 1.],
          [1., 0., 1., 0., 0., 1., 1., 1., 0., 1., 0., 1., 0., 0., 0., 0., 0.,
           0., 0.]]]], device='cuda:0'), tensor([[0.7324]], device='cuda:0'))
2026-01-07 17:24:58 - INFO - [ 0.67676854 -0.43386686  0.00408091  0.01970816  0.00408091  0.01970817
  0.99797434 -0.03199453]
2026-01-07 17:24:58 - INFO - {'S11_real': np.float32(0.67676854), 'S11_imag': np.float32(-0.43386686), 'S21_real': np.float32(0.0040809126), 'S21_imag': np.float32(0.01970816), 'S12_real': np.float32(0.0040809107), 'S12_imag': np.float32(0.019708168), 'S22_real': np.float32(0.99797434), 'S22_imag': np.float32(-0.031994525)}
2026-01-07 17:24:58 - INFO - (tensor([[[[1., 0., 1., 1., 1., 0., 0., 1., 0., 0., 1., 1., 1., 1., 1., 1., 1.,
           0., 0.],
          [0., 1., 0., 1., 1., 1., 0., 1., 1., 1., 0., 0., 1., 1., 1., 0., 1.,
           1., 0.],
          [0., 0., 0., 0., 0., 1., 0., 0., 1., 1., 1., 0., 0., 0., 0., 0., 1.,
           1., 0.],
          [0., 1., 0., 1., 1., 1., 1., 1., 1., 1., 1., 0., 1., 1., 1., 1., 1.,
           0., 1.],
          [0., 1., 1., 0., 0., 1., 1., 0., 0., 1., 0., 0., 0., 0., 0., 1., 1.,
           1., 1.],
          [1., 1., 0., 0., 0., 1., 0., 0., 0., 0., 0., 1., 1., 0., 0., 1., 1.,
           0., 0.],
          [1., 1., 0., 0., 1., 0., 1., 0., 0., 1., 0., 0., 1., 1., 1., 0., 1.,
           1., 1.],
          [1., 0., 1., 0., 0., 1., 1., 1., 0., 1., 1., 1., 0., 1., 0., 0., 0.,
           1., 1.],
          [0., 1., 0., 1., 1., 1., 0., 1., 0., 1., 1., 1., 1., 0., 0., 1., 0.,
           0., 0.],
          [1., 1., 1., 1., 0., 0., 1., 1., 1., 0., 1., 1., 1., 0., 1., 0., 1.,
           1., 1.],
          [0., 1., 0., 1., 0., 1., 1., 0., 0., 1., 1., 1., 0., 1., 0., 0., 0.,
           1., 1.],
          [1., 1., 0., 1., 0., 0., 0., 1., 1., 1., 0., 0., 1., 0., 0., 0., 1.,
           1., 1.],
          [0., 1., 1., 0., 0., 1., 1., 1., 0., 1., 0., 1., 1., 0., 1., 0., 1.,
           1., 1.],
          [1., 1., 0., 1., 1., 0., 1., 0., 1., 1., 0., 0., 1., 0., 1., 0., 0.,
           0., 0.],
          [0., 1., 1., 0., 1., 0., 1., 0., 0., 1., 0., 1., 0., 0., 0., 1., 0.,
           1., 1.],
          [1., 1., 0., 0., 0., 0., 1., 1., 1., 0., 1., 1., 0., 0., 0., 0., 0.,
           0., 0.],
          [1., 1., 1., 0., 0., 1., 0., 1., 0., 1., 1., 0., 0., 0., 0., 1., 1.,
           1., 1.],
          [1., 1., 0., 1., 0., 1., 0., 0., 1., 0., 1., 0., 1., 0., 1., 1., 1.,
           0., 1.],
          [1., 1., 1., 0., 0., 0., 1., 0., 0., 0., 0., 0., 0., 1., 1., 0., 1.,
           1., 1.]]]], device='cuda:0'), tensor([[0.7324]], device='cuda:0'))
2026-01-07 17:24:58 - INFO - [ 0.7209612  -0.4120986   0.01495679  0.05199119  0.01495679  0.05199121
  0.9733204  -0.1178045 ]
2026-01-07 17:24:58 - INFO - {'S11_real': np.float32(0.7209612), 'S11_imag': np.float32(-0.4120986), 'S21_real': np.float32(0.014956792), 'S21_imag': np.float32(0.051991194), 'S12_real': np.float32(0.01495679), 'S12_imag': np.float32(0.051991206), 'S22_real': np.float32(0.9733204), 'S22_imag': np.float32(-0.1178045)}
2026-01-07 17:24:58 - INFO - (tensor([[[[1., 1., 0., 0., 1., 0., 0., 0., 0., 0., 0., 0., 1., 1., 1., 0., 1.,
           0., 1.],
          [1., 0., 1., 0., 1., 1., 0., 1., 1., 1., 1., 1., 0., 0., 0., 0., 0.,
           0., 1.],
          [0., 0., 1., 1., 0., 1., 1., 1., 1., 0., 0., 1., 1., 1., 0., 1., 0.,
           0., 1.],
          [1., 1., 1., 1., 1., 1., 0., 0., 0., 1., 0., 0., 1., 0., 1., 0., 1.,
           1., 1.],
          [0., 1., 0., 0., 1., 0., 0., 0., 1., 0., 0., 0., 0., 0., 0., 1., 1.,
           1., 1.],
          [0., 0., 0., 0., 1., 1., 0., 0., 0., 1., 1., 1., 0., 0., 0., 1., 1.,
           1., 0.],
          [1., 0., 0., 0., 1., 1., 1., 1., 1., 1., 0., 1., 1., 0., 1., 1., 0.,
           1., 0.],
          [0., 0., 1., 0., 1., 0., 1., 0., 1., 1., 1., 1., 1., 1., 1., 1., 1.,
           0., 0.],
          [0., 0., 0., 1., 0., 0., 0., 0., 1., 1., 0., 0., 0., 0., 1., 1., 1.,
           0., 1.],
          [1., 1., 1., 0., 1., 1., 0., 1., 1., 0., 1., 0., 0., 0., 0., 0., 0.,
           0., 1.],
          [0., 0., 0., 0., 0., 1., 0., 0., 0., 1., 0., 1., 0., 1., 1., 1., 1.,
           1., 0.],
          [0., 0., 1., 1., 1., 1., 0., 1., 0., 1., 1., 1., 1., 1., 0., 1., 0.,
           0., 1.],
          [1., 1., 1., 1., 1., 0., 0., 1., 1., 0., 0., 0., 1., 0., 1., 1., 0.,
           0., 0.],
          [1., 1., 0., 1., 0., 1., 0., 1., 0., 1., 1., 1., 0., 1., 1., 0., 0.,
           1., 1.],
          [0., 1., 1., 0., 0., 0., 1., 1., 0., 0., 1., 0., 1., 0., 0., 1., 1.,
           0., 1.],
          [1., 0., 1., 1., 1., 1., 0., 0., 0., 0., 0., 1., 1., 1., 0., 0., 0.,
           1., 1.],
          [1., 0., 0., 1., 1., 1., 0., 0., 1., 1., 0., 1., 1., 0., 1., 1., 1.,
           0., 1.],
          [1., 0., 1., 1., 0., 1., 1., 1., 0., 1., 0., 0., 0., 0., 0., 0., 0.,
           1., 1.],
          [0., 1., 1., 1., 0., 1., 0., 0., 1., 0., 0., 0., 1., 1., 1., 0., 1.,
           1., 1.]]]], device='cuda:0'), tensor([[0.7324]], device='cuda:0'))
2026-01-07 17:24:58 - INFO - [ 9.9316525e-01 -5.4401822e-02 -8.3620270e-04  1.8282550e-03
 -8.3620643e-04  1.8282587e-03  9.9602187e-01 -4.4812821e-02]
2026-01-07 17:24:58 - INFO - {'S11_real': np.float32(0.99316525), 'S11_imag': np.float32(-0.054401822), 'S21_real': np.float32(-0.0008362027), 'S21_imag': np.float32(0.001828255), 'S12_real': np.float32(-0.0008362064), 'S12_imag': np.float32(0.0018282587), 'S22_real': np.float32(0.99602187), 'S22_imag': np.float32(-0.04481282)}
2026-01-07 17:24:58 - INFO - (tensor([[[[0., 0., 1., 0., 1., 1., 0., 0., 0., 0., 0., 0., 1., 1., 0., 0., 1.,
           1., 0.],
          [0., 1., 1., 1., 1., 1., 0., 1., 0., 1., 0., 1., 0., 1., 0., 1., 0.,
           0., 0.],
          [0., 1., 1., 0., 1., 0., 1., 1., 0., 1., 0., 1., 1., 1., 0., 1., 0.,
           0., 1.],
          [0., 1., 0., 1., 0., 0., 0., 0., 1., 1., 0., 0., 0., 0., 1., 1., 1.,
           0., 1.],
          [1., 0., 1., 0., 0., 0., 0., 0., 0., 0., 1., 1., 0., 1., 1., 1., 0.,
           1., 0.],
          [0., 0., 0., 0., 0., 0., 1., 1., 0., 1., 1., 0., 1., 0., 1., 0., 0.,
           1., 0.],
          [1., 0., 0., 1., 1., 1., 0., 1., 0., 1., 1., 1., 1., 1., 0., 0., 1.,
           1., 1.],
          [0., 0., 1., 0., 0., 1., 0., 0., 0., 0., 1., 0., 0., 0., 1., 1., 1.,
           1., 1.],
          [1., 1., 0., 0., 0., 0., 1., 0., 0., 1., 0., 1., 1., 0., 0., 1., 0.,
           1., 0.],
          [1., 0., 1., 1., 0., 0., 1., 1., 1., 1., 0., 1., 1., 1., 1., 0., 0.,
           0., 1.],
          [1., 0., 0., 1., 1., 0., 1., 0., 1., 0., 1., 1., 1., 0., 1., 1., 1.,
           0., 1.],
          [0., 1., 0., 0., 1., 0., 1., 1., 1., 1., 0., 0., 0., 0., 0., 1., 1.,
           0., 0.],
          [1., 0., 0., 0., 0., 1., 1., 0., 1., 0., 1., 0., 1., 1., 1., 0., 1.,
           1., 0.],
          [0., 0., 0., 0., 1., 0., 0., 1., 0., 0., 1., 1., 0., 0., 1., 0., 1.,
           1., 1.],
          [0., 0., 0., 1., 0., 0., 1., 0., 0., 1., 1., 1., 0., 0., 0., 1., 0.,
           0., 0.],
          [1., 0., 1., 0., 1., 1., 0., 0., 1., 1., 0., 1., 1., 1., 0., 1., 0.,
           0., 0.],
          [1., 1., 1., 0., 0., 0., 0., 0., 0., 0., 0., 1., 1., 1., 1., 0., 1.,
           0., 1.],
          [0., 1., 1., 1., 0., 1., 1., 1., 1., 1., 0., 0., 1., 0., 1., 1., 1.,
           1., 0.],
          [1., 1., 0., 1., 1., 0., 0., 1., 1., 1., 0., 1., 1., 1., 1., 0., 0.,
           1., 0.]]]], device='cuda:0'), tensor([[0.7324]], device='cuda:0'))
2026-01-07 17:24:58 - INFO - [ 9.8976219e-01 -7.1590349e-02 -9.9431782e-04  3.1542897e-03
 -9.9432061e-04  3.1542897e-03  9.9538541e-01 -4.6795528e-02]
2026-01-07 17:24:58 - INFO - {'S11_real': np.float32(0.9897622), 'S11_imag': np.float32(-0.07159035), 'S21_real': np.float32(-0.0009943178), 'S21_imag': np.float32(0.0031542897), 'S12_real': np.float32(-0.0009943206), 'S12_imag': np.float32(0.0031542897), 'S22_real': np.float32(0.9953854), 'S22_imag': np.float32(-0.04679553)}
2026-01-07 17:24:58 - INFO - (tensor([[[[1., 0., 0., 0., 1., 1., 0., 1., 0., 1., 0., 0., 1., 1., 0., 1., 0.,
           0., 1.],
          [1., 1., 1., 0., 0., 0., 1., 1., 0., 1., 1., 1., 0., 0., 1., 0., 0.,
           0., 0.],
          [0., 1., 0., 1., 1., 0., 0., 0., 0., 1., 1., 1., 0., 1., 1., 0., 0.,
           0., 1.],
          [0., 1., 0., 1., 1., 0., 1., 0., 0., 0., 1., 1., 1., 0., 1., 1., 0.,
           0., 0.],
          [0., 0., 0., 0., 1., 0., 0., 0., 0., 0., 1., 0., 1., 1., 0., 0., 0.,
           1., 0.],
          [1., 1., 0., 0., 1., 1., 0., 0., 1., 1., 0., 1., 0., 0., 0., 1., 1.,
           1., 0.],
          [0., 0., 1., 0., 0., 0., 1., 1., 1., 1., 1., 1., 1., 0., 0., 0., 0.,
           1., 1.],
          [0., 0., 1., 1., 1., 0., 1., 0., 1., 1., 0., 1., 0., 1., 1., 0., 1.,
           1., 1.],
          [1., 1., 1., 1., 1., 1., 0., 1., 1., 1., 0., 0., 0., 0., 0., 0., 1.,
           0., 1.],
          [1., 1., 0., 1., 1., 0., 0., 1., 0., 0., 1., 1., 1., 1., 1., 1., 1.,
           1., 1.],
          [0., 0., 0., 0., 1., 0., 0., 1., 0., 1., 0., 0., 1., 0., 0., 0., 1.,
           1., 1.],
          [1., 1., 0., 0., 1., 1., 0., 1., 0., 1., 1., 0., 0., 1., 1., 0., 0.,
           1., 0.],
          [1., 1., 1., 1., 1., 1., 1., 0., 0., 1., 0., 1., 1., 0., 0., 1., 0.,
           1., 0.],
          [1., 1., 1., 0., 1., 1., 0., 0., 1., 0., 1., 1., 1., 0., 0., 0., 1.,
           1., 1.],
          [0., 0., 1., 0., 0., 0., 0., 1., 1., 1., 0., 0., 0., 1., 0., 1., 1.,
           1., 0.],
          [1., 1., 0., 1., 0., 1., 0., 1., 1., 1., 0., 0., 0., 1., 0., 0., 0.,
           0., 1.],
          [1., 1., 1., 1., 1., 0., 1., 0., 1., 0., 1., 1., 1., 1., 0., 0., 1.,
           1., 0.],
          [1., 1., 0., 0., 0., 0., 1., 1., 1., 1., 0., 1., 1., 0., 1., 0., 0.,
           0., 0.],
          [0., 1., 1., 1., 0., 0., 1., 0., 0., 0., 1., 0., 0., 0., 1., 0., 1.,
           0., 0.]]]], device='cuda:0'), tensor([[0.7324]], device='cuda:0'))
2026-01-07 17:24:58 - INFO - [-0.04938696  0.00207783  0.9183338  -0.22828776  0.91833377 -0.22828777
 -0.04407    -0.00241114]
2026-01-07 17:24:58 - INFO - {'S11_real': np.float32(-0.049386963), 'S11_imag': np.float32(0.002077826), 'S21_real': np.float32(0.9183338), 'S21_imag': np.float32(-0.22828776), 'S12_real': np.float32(0.91833377), 'S12_imag': np.float32(-0.22828777), 'S22_real': np.float32(-0.044069998), 'S22_imag': np.float32(-0.0024111373)}
2026-01-07 17:24:58 - INFO - (tensor([[[[1., 1., 1., 0., 1., 1., 1., 0., 1., 0., 0., 0., 1., 1., 1., 1., 0.,
           1., 1.],
          [0., 1., 0., 0., 1., 0., 0., 0., 1., 1., 1., 0., 1., 1., 0., 1., 1.,
           0., 1.],
          [0., 1., 1., 1., 0., 1., 1., 0., 1., 0., 1., 1., 1., 1., 1., 1., 0.,
           1., 0.],
          [1., 0., 0., 0., 1., 1., 0., 0., 0., 0., 0., 0., 1., 1., 0., 1., 0.,
           0., 1.],
          [0., 1., 0., 0., 1., 1., 1., 0., 1., 0., 0., 1., 0., 1., 1., 0., 0.,
           1., 1.],
          [0., 1., 0., 0., 1., 0., 1., 1., 0., 0., 0., 1., 1., 1., 1., 1., 1.,
           0., 0.],
          [0., 1., 0., 1., 0., 0., 0., 0., 1., 1., 0., 0., 1., 1., 0., 0., 0.,
           0., 0.],
          [0., 1., 1., 1., 1., 0., 1., 1., 1., 0., 0., 0., 1., 1., 0., 0., 1.,
           0., 0.],
          [1., 1., 1., 0., 1., 1., 0., 0., 0., 1., 1., 0., 1., 1., 1., 1., 0.,
           1., 1.],
          [1., 0., 1., 1., 1., 0., 1., 0., 1., 0., 0., 1., 1., 0., 0., 1., 1.,
           1., 1.],
          [1., 1., 1., 0., 0., 1., 1., 1., 0., 0., 1., 1., 0., 0., 0., 1., 1.,
           0., 1.],
          [1., 1., 0., 0., 0., 1., 1., 0., 1., 0., 1., 1., 1., 1., 1., 0., 0.,
           1., 0.],
          [1., 1., 1., 0., 1., 1., 0., 1., 0., 0., 0., 0., 0., 0., 0., 1., 1.,
           1., 1.],
          [1., 1., 1., 1., 0., 1., 1., 0., 0., 0., 1., 0., 0., 0., 0., 1., 0.,
           1., 0.],
          [0., 0., 1., 0., 1., 0., 1., 1., 0., 0., 0., 1., 0., 1., 1., 1., 1.,
           1., 1.],
          [1., 0., 0., 1., 0., 0., 1., 0., 1., 1., 0., 1., 1., 0., 0., 1., 0.,
           1., 0.],
          [0., 0., 1., 0., 1., 1., 1., 0., 0., 1., 1., 0., 0., 0., 0., 1., 1.,
           0., 1.],
          [0., 0., 0., 0., 1., 1., 1., 0., 1., 0., 1., 0., 1., 0., 1., 1., 1.,
           1., 1.],
          [1., 1., 0., 0., 0., 1., 1., 0., 1., 0., 1., 0., 1., 1., 1., 1., 1.,
           1., 0.]]]], device='cuda:0'), tensor([[0.7324]], device='cuda:0'))
2026-01-07 17:24:58 - INFO - [-0.05819718 -0.02528331  0.9142557  -0.22114135  0.9142557  -0.22114137
 -0.06098477 -0.02309642]
2026-01-07 17:24:58 - INFO - {'S11_real': np.float32(-0.05819718), 'S11_imag': np.float32(-0.025283312), 'S21_real': np.float32(0.9142557), 'S21_imag': np.float32(-0.22114135), 'S12_real': np.float32(0.9142557), 'S12_imag': np.float32(-0.22114137), 'S22_real': np.float32(-0.06098477), 'S22_imag': np.float32(-0.023096424)}
2026-01-07 17:24:58 - INFO - (tensor([[[[0., 0., 1., 0., 1., 0., 0., 0., 1., 1., 0., 1., 0., 1., 0., 1., 0.,
           1., 1.],
          [0., 1., 1., 1., 1., 1., 1., 1., 1., 1., 0., 1., 1., 0., 1., 1., 1.,
           1., 0.],
          [1., 1., 0., 0., 0., 1., 0., 1., 0., 0., 1., 0., 1., 0., 0., 1., 1.,
           0., 1.],
          [0., 1., 0., 1., 0., 0., 0., 0., 1., 1., 1., 0., 0., 0., 1., 1., 1.,
           1., 0.],
          [0., 0., 0., 1., 0., 1., 1., 0., 1., 1., 0., 1., 0., 1., 1., 1., 1.,
           1., 0.],
          [1., 1., 1., 1., 0., 1., 1., 1., 0., 1., 1., 1., 0., 1., 1., 1., 0.,
           1., 1.],
          [1., 1., 0., 0., 0., 1., 0., 1., 1., 1., 0., 0., 1., 1., 0., 0., 1.,
           0., 1.],
          [0., 0., 0., 1., 1., 1., 1., 0., 1., 0., 1., 1., 1., 0., 0., 0., 1.,
           1., 0.],
          [0., 0., 0., 1., 1., 1., 1., 1., 0., 0., 1., 0., 1., 1., 0., 0., 1.,
           1., 0.],
          [1., 1., 0., 1., 1., 0., 0., 1., 0., 0., 0., 0., 0., 1., 0., 0., 0.,
           1., 1.],
          [1., 0., 1., 0., 0., 1., 1., 1., 1., 0., 1., 0., 1., 1., 1., 0., 1.,
           0., 0.],
          [0., 0., 0., 0., 0., 0., 0., 1., 1., 1., 0., 0., 1., 1., 0., 1., 0.,
           1., 0.],
          [0., 0., 0., 1., 0., 0., 1., 1., 1., 0., 0., 1., 1., 1., 0., 1., 1.,
           0., 0.],
          [0., 1., 0., 0., 1., 0., 1., 1., 0., 1., 1., 1., 0., 1., 1., 0., 0.,
           1., 1.],
          [0., 1., 0., 0., 0., 1., 0., 0., 0., 1., 1., 0., 0., 1., 1., 1., 0.,
           1., 0.],
          [0., 1., 0., 0., 1., 0., 0., 1., 0., 1., 1., 0., 0., 1., 1., 0., 0.,
           0., 1.],
          [0., 0., 0., 0., 1., 1., 0., 0., 1., 0., 1., 1., 1., 1., 0., 1., 0.,
           0., 1.],
          [1., 1., 0., 1., 1., 1., 0., 1., 1., 1., 0., 1., 0., 0., 0., 0., 0.,
           1., 1.],
          [0., 0., 0., 0., 1., 1., 0., 0., 0., 1., 0., 1., 1., 0., 1., 0., 1.,
           0., 0.]]]], device='cuda:0'), tensor([[0.7324]], device='cuda:0'))
2026-01-07 17:24:58 - INFO - [ 0.99204594 -0.05729244  0.00549653  0.02734629  0.00549653  0.02734629
  0.7193978  -0.4041951 ]
2026-01-07 17:24:58 - INFO - {'S11_real': np.float32(0.99204594), 'S11_imag': np.float32(-0.05729244), 'S21_real': np.float32(0.005496535), 'S21_imag': np.float32(0.027346293), 'S12_real': np.float32(0.005496533), 'S12_imag': np.float32(0.027346289), 'S22_real': np.float32(0.7193978), 'S22_imag': np.float32(-0.4041951)}
2026-01-07 17:24:58 - INFO - (tensor([[[[0., 0., 0., 0., 1., 1., 0., 1., 0., 1., 1., 0., 0., 1., 1., 1., 1.,
           1., 1.],
          [0., 1., 0., 1., 0., 0., 0., 0., 1., 0., 0., 1., 1., 1., 0., 1., 0.,
           0., 0.],
          [1., 0., 0., 0., 1., 1., 0., 0., 0., 0., 1., 0., 1., 0., 0., 1., 0.,
           0., 1.],
          [0., 1., 1., 0., 1., 1., 0., 0., 0., 1., 0., 1., 0., 0., 0., 1., 1.,
           1., 0.],
          [0., 0., 0., 0., 0., 0., 1., 0., 0., 1., 0., 0., 1., 0., 1., 0., 1.,
           0., 1.],
          [0., 1., 0., 0., 0., 1., 1., 0., 0., 1., 1., 1., 1., 1., 1., 0., 0.,
           0., 1.],
          [1., 0., 0., 1., 0., 0., 1., 0., 0., 1., 1., 1., 1., 0., 0., 1., 1.,
           1., 0.],
          [0., 0., 1., 1., 0., 0., 1., 1., 1., 1., 1., 1., 1., 1., 0., 0., 0.,
           1., 0.],
          [0., 0., 1., 1., 1., 0., 0., 1., 0., 0., 1., 1., 1., 1., 1., 1., 1.,
           1., 1.],
          [1., 1., 1., 0., 1., 0., 0., 0., 1., 1., 1., 1., 0., 0., 1., 1., 1.,
           1., 1.],
          [1., 0., 1., 1., 1., 1., 1., 1., 0., 0., 1., 0., 1., 0., 1., 0., 1.,
           0., 0.],
          [1., 1., 1., 1., 1., 0., 1., 1., 0., 0., 0., 1., 1., 0., 0., 1., 0.,
           1., 0.],
          [0., 1., 0., 0., 1., 1., 0., 1., 1., 1., 0., 0., 0., 0., 0., 0., 0.,
           1., 1.],
          [0., 0., 1., 0., 0., 0., 1., 1., 1., 0., 1., 1., 0., 0., 0., 0., 1.,
           1., 0.],
          [0., 0., 0., 0., 1., 0., 1., 0., 1., 0., 0., 1., 1., 1., 1., 1., 1.,
           1., 1.],
          [0., 0., 0., 1., 1., 0., 1., 0., 1., 1., 1., 1., 0., 0., 0., 1., 0.,
           0., 0.],
          [0., 0., 0., 1., 1., 1., 1., 0., 0., 1., 0., 0., 0., 1., 0., 1., 1.,
           0., 1.],
          [1., 1., 1., 1., 0., 0., 1., 1., 1., 1., 1., 1., 1., 0., 1., 0., 0.,
           1., 0.],
          [1., 0., 0., 1., 0., 0., 0., 0., 1., 0., 1., 1., 1., 1., 0., 0., 0.,
           0., 1.]]]], device='cuda:0'), tensor([[0.7324]], device='cuda:0'))
2026-01-07 17:24:58 - INFO - [-0.05829483 -0.01832137  0.91664624 -0.21880072  0.91664624 -0.21880071
 -0.05479551 -0.02131277]
2026-01-07 17:24:58 - INFO - {'S11_real': np.float32(-0.058294825), 'S11_imag': np.float32(-0.01832137), 'S21_real': np.float32(0.91664624), 'S21_imag': np.float32(-0.21880072), 'S12_real': np.float32(0.91664624), 'S12_imag': np.float32(-0.21880071), 'S22_real': np.float32(-0.054795515), 'S22_imag': np.float32(-0.021312768)}
2026-01-07 17:24:58 - INFO - (tensor([[[[1., 0., 1., 1., 1., 1., 1., 1., 1., 1., 1., 0., 0., 1., 0., 1., 1.,
           0., 0.],
          [1., 1., 0., 1., 0., 1., 1., 0., 1., 0., 1., 0., 1., 0., 0., 0., 0.,
           0., 0.],
          [1., 0., 1., 1., 0., 1., 1., 0., 0., 0., 0., 1., 0., 0., 0., 1., 1.,
           0., 0.],
          [0., 1., 1., 1., 1., 0., 1., 0., 0., 0., 0., 1., 0., 1., 1., 1., 0.,
           0., 0.],
          [0., 0., 1., 0., 1., 1., 1., 1., 0., 0., 0., 1., 1., 1., 1., 1., 1.,
           0., 1.],
          [0., 0., 0., 1., 0., 0., 1., 0., 0., 1., 1., 1., 0., 0., 1., 0., 1.,
           1., 1.],
          [0., 0., 0., 1., 1., 0., 0., 0., 1., 1., 0., 0., 0., 0., 1., 0., 0.,
           1., 1.],
          [0., 1., 0., 0., 0., 1., 0., 0., 1., 1., 1., 0., 0., 0., 0., 0., 1.,
           1., 0.],
          [0., 0., 0., 0., 0., 0., 0., 1., 1., 0., 0., 0., 1., 1., 0., 0., 0.,
           0., 0.],
          [1., 0., 0., 1., 0., 1., 1., 1., 0., 1., 1., 1., 0., 1., 1., 0., 0.,
           1., 1.],
          [1., 0., 0., 0., 0., 0., 1., 1., 0., 1., 0., 1., 1., 0., 0., 1., 1.,
           1., 1.],
          [0., 1., 0., 1., 0., 0., 0., 1., 1., 0., 1., 0., 0., 0., 0., 0., 1.,
           0., 1.],
          [1., 1., 0., 1., 1., 1., 1., 0., 1., 1., 0., 1., 1., 1., 1., 1., 0.,
           1., 1.],
          [0., 1., 1., 1., 0., 1., 1., 1., 1., 1., 0., 1., 0., 1., 1., 1., 0.,
           0., 1.],
          [1., 0., 0., 0., 1., 0., 0., 0., 0., 1., 0., 0., 1., 0., 1., 0., 1.,
           0., 1.],
          [1., 1., 1., 1., 1., 0., 1., 1., 1., 1., 0., 1., 0., 1., 0., 0., 0.,
           1., 0.],
          [1., 1., 1., 0., 0., 1., 0., 1., 0., 1., 1., 0., 0., 1., 0., 0., 0.,
           0., 0.],
          [1., 0., 0., 0., 0., 1., 0., 1., 0., 1., 0., 0., 0., 0., 1., 0., 1.,
           1., 0.],
          [1., 1., 0., 0., 0., 0., 0., 0., 0., 1., 1., 0., 1., 1., 1., 0., 1.,
           0., 1.]]]], device='cuda:0'), tensor([[0.7324]], device='cuda:0'))
2026-01-07 17:24:58 - INFO - [ 0.99507016 -0.0457438   0.00372227  0.02363824  0.00372229  0.02363824
  0.76159936 -0.37666678]
2026-01-07 17:24:58 - INFO - {'S11_real': np.float32(0.99507016), 'S11_imag': np.float32(-0.045743797), 'S21_real': np.float32(0.0037222696), 'S21_imag': np.float32(0.023638241), 'S12_real': np.float32(0.0037222863), 'S12_imag': np.float32(0.023638245), 'S22_real': np.float32(0.76159936), 'S22_imag': np.float32(-0.37666678)}
2026-01-07 17:24:58 - INFO - (tensor([[[[0., 1., 1., 0., 1., 0., 0., 0., 1., 1., 0., 0., 0., 1., 1., 0., 1.,
           1., 0.],
          [0., 1., 0., 0., 1., 0., 0., 1., 0., 1., 0., 1., 1., 0., 0., 0., 1.,
           1., 0.],
          [0., 1., 0., 1., 0., 0., 0., 1., 0., 1., 1., 0., 0., 1., 0., 0., 1.,
           0., 1.],
          [1., 1., 1., 1., 0., 1., 1., 0., 1., 1., 0., 0., 0., 1., 1., 1., 0.,
           1., 1.],
          [1., 0., 0., 0., 0., 1., 1., 1., 0., 1., 1., 1., 1., 0., 1., 0., 1.,
           0., 0.],
          [0., 1., 0., 0., 1., 1., 1., 1., 0., 0., 1., 0., 0., 0., 0., 0., 1.,
           1., 1.],
          [1., 1., 1., 1., 0., 1., 0., 0., 0., 0., 0., 1., 0., 1., 1., 1., 0.,
           0., 1.],
          [1., 1., 1., 1., 0., 1., 1., 1., 1., 0., 1., 1., 0., 1., 0., 0., 1.,
           1., 0.],
          [0., 1., 1., 0., 1., 0., 1., 1., 0., 0., 1., 0., 1., 1., 0., 1., 1.,
           0., 0.],
          [1., 1., 0., 1., 0., 1., 1., 0., 1., 1., 0., 1., 1., 1., 1., 1., 1.,
           0., 1.],
          [0., 1., 0., 0., 1., 0., 0., 1., 0., 0., 0., 0., 0., 0., 1., 1., 0.,
           0., 0.],
          [1., 0., 1., 1., 0., 1., 0., 1., 0., 0., 1., 0., 1., 0., 1., 0., 0.,
           0., 1.],
          [1., 0., 0., 0., 1., 0., 0., 0., 1., 0., 0., 1., 0., 1., 1., 1., 1.,
           1., 0.],
          [0., 0., 0., 0., 0., 0., 0., 1., 0., 0., 1., 0., 1., 0., 0., 1., 0.,
           1., 1.],
          [1., 0., 1., 1., 0., 1., 1., 0., 0., 0., 1., 1., 0., 1., 1., 0., 0.,
           0., 1.],
          [0., 1., 0., 1., 0., 1., 1., 1., 1., 1., 1., 1., 0., 1., 1., 1., 1.,
           1., 0.],
          [0., 0., 1., 1., 1., 0., 0., 0., 1., 1., 1., 1., 0., 0., 0., 0., 0.,
           1., 0.],
          [1., 1., 0., 0., 1., 1., 1., 1., 0., 1., 0., 0., 0., 0., 1., 1., 0.,
           1., 0.],
          [0., 1., 1., 1., 1., 0., 0., 0., 1., 1., 0., 1., 0., 0., 0., 1., 1.,
           0., 1.]]]], device='cuda:0'), tensor([[0.7324]], device='cuda:0'))
2026-01-07 17:24:58 - INFO - [ 0.68173563 -0.42868322  0.00406075  0.01971811  0.00406075  0.01971811
  0.99860346 -0.02978074]
2026-01-07 17:24:58 - INFO - {'S11_real': np.float32(0.68173563), 'S11_imag': np.float32(-0.42868322), 'S21_real': np.float32(0.0040607518), 'S21_imag': np.float32(0.01971811), 'S12_real': np.float32(0.0040607536), 'S12_imag': np.float32(0.019718114), 'S22_real': np.float32(0.99860346), 'S22_imag': np.float32(-0.02978074)}
2026-01-07 17:24:58 - INFO - (tensor([[[[1., 1., 0., 1., 1., 1., 0., 0., 0., 1., 0., 1., 0., 1., 0., 0., 1.,
           0., 1.],
          [1., 1., 1., 1., 1., 0., 0., 0., 0., 0., 0., 1., 1., 1., 0., 1., 1.,
           1., 1.],
          [0., 1., 1., 1., 0., 0., 1., 1., 0., 0., 1., 0., 0., 0., 1., 0., 0.,
           1., 1.],
          [1., 0., 0., 1., 1., 1., 1., 1., 0., 0., 1., 0., 1., 0., 0., 1., 1.,
           1., 1.],
          [0., 0., 1., 0., 1., 1., 1., 1., 1., 0., 0., 0., 1., 1., 0., 0., 1.,
           0., 1.],
          [1., 1., 0., 1., 1., 0., 1., 1., 0., 0., 1., 0., 0., 1., 1., 1., 1.,
           1., 1.],
          [0., 1., 0., 0., 1., 0., 1., 0., 0., 0., 0., 0., 0., 1., 0., 1., 1.,
           0., 0.],
          [0., 1., 0., 1., 0., 0., 1., 0., 1., 0., 0., 0., 0., 0., 1., 1., 1.,
           1., 1.],
          [0., 0., 0., 0., 0., 1., 1., 1., 1., 1., 0., 0., 0., 0., 1., 1., 0.,
           0., 0.],
          [1., 0., 0., 1., 1., 1., 1., 0., 0., 0., 0., 1., 0., 0., 1., 0., 1.,
           0., 1.],
          [1., 0., 0., 1., 0., 1., 0., 1., 0., 1., 1., 0., 0., 1., 1., 1., 0.,
           1., 1.],
          [0., 1., 0., 1., 0., 0., 0., 0., 0., 0., 1., 0., 1., 0., 0., 1., 0.,
           1., 1.],
          [1., 0., 1., 1., 1., 0., 0., 0., 0., 0., 1., 1., 1., 1., 0., 0., 0.,
           0., 1.],
          [1., 1., 0., 1., 1., 0., 0., 1., 0., 1., 1., 1., 1., 1., 0., 0., 0.,
           1., 1.],
          [0., 0., 0., 1., 0., 0., 1., 0., 0., 1., 1., 0., 1., 0., 0., 0., 0.,
           1., 1.],
          [1., 0., 0., 0., 1., 0., 0., 0., 1., 0., 0., 1., 1., 0., 0., 1., 1.,
           1., 0.],
          [1., 0., 1., 0., 0., 1., 1., 0., 1., 0., 0., 1., 0., 1., 0., 0., 1.,
           0., 0.],
          [0., 1., 1., 0., 0., 0., 1., 0., 0., 1., 1., 0., 1., 0., 1., 1., 1.,
           1., 0.],
          [0., 1., 0., 0., 0., 1., 1., 0., 0., 0., 0., 1., 0., 0., 0., 0., 0.,
           1., 1.]]]], device='cuda:0'), tensor([[0.7324]], device='cuda:0'))
2026-01-07 17:24:58 - INFO - [ 9.9517077e-01 -4.2849381e-02  3.7037113e-04  1.1304735e-02
  3.7037299e-04  1.1304739e-02  8.2544208e-01 -3.1525543e-01]
2026-01-07 17:24:58 - INFO - {'S11_real': np.float32(0.9951708), 'S11_imag': np.float32(-0.04284938), 'S21_real': np.float32(0.00037037113), 'S21_imag': np.float32(0.011304735), 'S12_real': np.float32(0.000370373), 'S12_imag': np.float32(0.011304739), 'S22_real': np.float32(0.8254421), 'S22_imag': np.float32(-0.31525543)}
2026-01-07 17:24:58 - INFO - (tensor([[[[1., 1., 1., 0., 1., 1., 1., 0., 0., 0., 0., 1., 1., 1., 0., 1., 1.,
           0., 0.],
          [1., 1., 1., 1., 1., 1., 0., 0., 1., 0., 1., 1., 0., 0., 1., 0., 1.,
           0., 1.],
          [0., 1., 0., 0., 0., 1., 0., 0., 1., 1., 0., 0., 0., 0., 1., 0., 1.,
           1., 0.],
          [1., 0., 1., 1., 1., 0., 1., 1., 1., 1., 1., 1., 0., 1., 1., 0., 1.,
           1., 0.],
          [0., 1., 1., 1., 1., 0., 1., 0., 1., 0., 1., 0., 0., 0., 0., 0., 1.,
           1., 1.],
          [0., 0., 1., 0., 0., 0., 0., 1., 1., 1., 0., 1., 0., 1., 1., 0., 1.,
           0., 1.],
          [1., 1., 1., 1., 1., 0., 1., 1., 0., 0., 1., 1., 0., 1., 1., 1., 0.,
           1., 0.],
          [1., 0., 0., 1., 0., 0., 1., 0., 0., 0., 0., 1., 1., 1., 0., 1., 0.,
           1., 0.],
          [1., 0., 0., 0., 0., 1., 0., 0., 0., 1., 1., 1., 0., 0., 1., 0., 1.,
           0., 0.],
          [1., 0., 0., 0., 1., 0., 0., 0., 0., 1., 1., 1., 0., 1., 1., 0., 0.,
           0., 1.],
          [0., 1., 0., 1., 0., 0., 1., 0., 1., 0., 1., 1., 0., 0., 0., 1., 1.,
           1., 1.],
          [1., 1., 1., 0., 1., 0., 1., 1., 1., 0., 1., 1., 1., 0., 0., 1., 1.,
           1., 0.],
          [1., 1., 1., 0., 1., 1., 0., 1., 1., 1., 0., 0., 1., 0., 1., 1., 0.,
           0., 0.],
          [1., 1., 1., 1., 0., 1., 0., 1., 1., 0., 0., 1., 0., 1., 1., 1., 1.,
           0., 0.],
          [0., 0., 1., 1., 0., 0., 0., 1., 0., 1., 0., 0., 1., 1., 0., 0., 1.,
           1., 1.],
          [1., 1., 0., 1., 0., 1., 1., 0., 0., 1., 1., 1., 0., 0., 1., 0., 1.,
           0., 1.],
          [1., 1., 0., 1., 1., 0., 0., 1., 1., 1., 1., 0., 1., 0., 1., 1., 1.,
           0., 0.],
          [0., 1., 0., 1., 1., 1., 1., 1., 1., 1., 1., 0., 1., 0., 1., 1., 1.,
           1., 0.],
          [0., 0., 0., 0., 0., 1., 1., 0., 0., 0., 1., 1., 1., 1., 1., 0., 1.,
           0., 1.]]]], device='cuda:0'), tensor([[0.7324]], device='cuda:0'))
2026-01-07 17:24:58 - INFO - [-0.05770661 -0.01948516  0.91196537 -0.22707845  0.91196537 -0.22707847
 -0.05952579 -0.01813666]
2026-01-07 17:24:58 - INFO - {'S11_real': np.float32(-0.057706606), 'S11_imag': np.float32(-0.019485164), 'S21_real': np.float32(0.91196537), 'S21_imag': np.float32(-0.22707845), 'S12_real': np.float32(0.91196537), 'S12_imag': np.float32(-0.22707847), 'S22_real': np.float32(-0.059525788), 'S22_imag': np.float32(-0.018136658)}
2026-01-07 17:24:58 - INFO - (tensor([[[[0., 1., 1., 1., 1., 1., 0., 1., 1., 1., 1., 1., 1., 1., 1., 1., 0.,
           0., 1.],
          [1., 1., 1., 1., 0., 1., 0., 1., 1., 1., 1., 0., 0., 0., 0., 0., 1.,
           1., 0.],
          [1., 1., 1., 0., 0., 0., 0., 1., 1., 1., 1., 1., 1., 0., 1., 1., 1.,
           1., 1.],
          [0., 1., 1., 0., 0., 1., 1., 0., 1., 0., 0., 0., 1., 0., 0., 1., 0.,
           0., 1.],
          [1., 1., 1., 1., 1., 1., 1., 1., 1., 1., 1., 1., 1., 0., 1., 1., 0.,
           0., 0.],
          [1., 0., 1., 1., 0., 0., 0., 1., 0., 0., 0., 0., 0., 0., 0., 0., 1.,
           0., 1.],
          [0., 1., 1., 1., 0., 1., 1., 0., 0., 1., 0., 0., 0., 1., 1., 0., 1.,
           0., 0.],
          [0., 0., 0., 1., 0., 1., 0., 0., 1., 1., 1., 1., 0., 0., 1., 1., 1.,
           1., 1.],
          [1., 1., 1., 0., 0., 1., 0., 1., 0., 1., 0., 1., 0., 0., 1., 0., 0.,
           0., 0.],
          [1., 1., 1., 0., 1., 0., 0., 0., 1., 1., 0., 0., 1., 0., 0., 1., 1.,
           0., 1.],
          [0., 0., 1., 0., 1., 1., 1., 0., 1., 0., 0., 1., 0., 1., 1., 1., 0.,
           1., 1.],
          [1., 0., 0., 1., 1., 1., 0., 0., 0., 1., 0., 1., 0., 1., 0., 0., 0.,
           0., 1.],
          [1., 1., 0., 1., 0., 0., 0., 1., 0., 0., 0., 0., 1., 1., 1., 1., 1.,
           0., 1.],
          [1., 1., 1., 1., 0., 1., 0., 1., 0., 0., 1., 1., 1., 0., 0., 1., 0.,
           1., 0.],
          [1., 0., 1., 0., 0., 1., 0., 0., 1., 1., 1., 0., 0., 1., 0., 0., 0.,
           1., 1.],
          [1., 1., 0., 1., 1., 0., 1., 0., 0., 0., 0., 0., 1., 0., 1., 1., 0.,
           0., 1.],
          [0., 1., 0., 0., 0., 1., 0., 0., 1., 1., 1., 0., 1., 1., 1., 0., 0.,
           0., 1.],
          [0., 0., 1., 0., 0., 1., 1., 1., 1., 1., 1., 1., 1., 0., 0., 0., 0.,
           0., 1.],
          [1., 1., 0., 0., 1., 1., 0., 0., 1., 0., 0., 1., 1., 0., 1., 1., 0.,
           0., 1.]]]], device='cuda:0'), tensor([[0.7324]], device='cuda:0'))
2026-01-07 17:24:58 - INFO - [ 0.28183344 -0.13673209  0.8128234  -0.13140082  0.81282336 -0.13140082
  0.2788282  -0.12766348]
2026-01-07 17:24:58 - INFO - {'S11_real': np.float32(0.28183344), 'S11_imag': np.float32(-0.13673209), 'S21_real': np.float32(0.8128234), 'S21_imag': np.float32(-0.13140082), 'S12_real': np.float32(0.81282336), 'S12_imag': np.float32(-0.13140082), 'S22_real': np.float32(0.2788282), 'S22_imag': np.float32(-0.12766348)}
2026-01-07 17:24:58 - INFO - (tensor([[[[0., 1., 1., 0., 1., 0., 0., 0., 0., 1., 1., 1., 0., 1., 1., 0., 0.,
           1., 1.],
          [0., 0., 0., 1., 1., 0., 0., 1., 0., 0., 0., 1., 1., 0., 1., 0., 1.,
           1., 0.],
          [0., 1., 1., 0., 0., 0., 0., 0., 1., 0., 0., 0., 1., 1., 1., 0., 0.,
           1., 1.],
          [0., 1., 1., 0., 1., 0., 1., 1., 0., 1., 0., 1., 1., 0., 0., 1., 0.,
           0., 0.],
          [0., 1., 1., 0., 1., 1., 1., 1., 1., 1., 0., 1., 1., 0., 0., 1., 1.,
           1., 1.],
          [0., 0., 0., 0., 0., 0., 1., 1., 1., 0., 1., 0., 0., 1., 1., 1., 1.,
           0., 1.],
          [0., 0., 1., 0., 1., 0., 0., 0., 1., 1., 1., 1., 0., 1., 0., 1., 0.,
           0., 0.],
          [0., 0., 0., 1., 0., 1., 1., 1., 0., 0., 0., 0., 0., 1., 0., 1., 0.,
           0., 1.],
          [1., 0., 0., 1., 0., 0., 0., 0., 0., 0., 1., 0., 1., 0., 1., 0., 1.,
           1., 0.],
          [1., 1., 0., 0., 1., 0., 1., 0., 1., 1., 1., 1., 0., 1., 0., 0., 1.,
           1., 1.],
          [1., 0., 1., 1., 0., 0., 1., 1., 1., 1., 1., 1., 1., 1., 1., 1., 0.,
           0., 1.],
          [1., 1., 1., 1., 0., 1., 0., 1., 1., 1., 1., 1., 1., 1., 1., 0., 1.,
           1., 1.],
          [1., 1., 0., 1., 0., 0., 1., 0., 1., 0., 1., 0., 1., 0., 0., 1., 0.,
           0., 0.],
          [0., 1., 0., 1., 1., 0., 0., 1., 1., 1., 0., 0., 0., 1., 0., 1., 1.,
           1., 1.],
          [1., 0., 1., 0., 1., 0., 0., 1., 0., 0., 1., 1., 1., 0., 0., 0., 1.,
           0., 1.],
          [1., 0., 0., 1., 1., 0., 1., 1., 0., 1., 0., 0., 0., 1., 0., 0., 0.,
           0., 0.],
          [0., 1., 1., 1., 1., 0., 1., 1., 1., 0., 0., 0., 1., 0., 0., 0., 1.,
           0., 1.],
          [1., 0., 0., 0., 0., 1., 1., 1., 1., 0., 1., 1., 0., 1., 0., 0., 0.,
           1., 0.],
          [0., 0., 1., 1., 0., 1., 1., 1., 1., 1., 0., 1., 1., 1., 1., 0., 0.,
           1., 0.]]]], device='cuda:0'), tensor([[0.7324]], device='cuda:0'))
2026-01-07 17:24:58 - INFO - [ 0.84083915 -0.2148595   0.26276204  0.02134279  0.262762    0.02134279
  0.71807253 -0.2926471 ]
2026-01-07 17:24:58 - INFO - {'S11_real': np.float32(0.84083915), 'S11_imag': np.float32(-0.2148595), 'S21_real': np.float32(0.26276204), 'S21_imag': np.float32(0.021342788), 'S12_real': np.float32(0.262762), 'S12_imag': np.float32(0.021342792), 'S22_real': np.float32(0.71807253), 'S22_imag': np.float32(-0.2926471)}
2026-01-07 17:24:58 - INFO - (tensor([[[[1., 1., 0., 0., 1., 1., 0., 1., 1., 0., 0., 0., 1., 1., 0., 0., 1.,
           1., 1.],
          [0., 0., 1., 1., 1., 1., 0., 0., 0., 0., 0., 1., 0., 0., 0., 1., 1.,
           0., 0.],
          [0., 0., 1., 0., 0., 0., 0., 1., 0., 0., 0., 0., 0., 1., 1., 0., 1.,
           0., 0.],
          [0., 0., 0., 0., 1., 0., 1., 1., 1., 0., 0., 0., 0., 0., 1., 1., 0.,
           1., 1.],
          [0., 0., 0., 1., 1., 1., 1., 1., 1., 1., 0., 1., 0., 0., 1., 1., 0.,
           1., 0.],
          [1., 1., 0., 0., 0., 0., 1., 0., 0., 0., 1., 1., 0., 1., 0., 1., 0.,
           0., 1.],
          [0., 0., 0., 1., 1., 0., 0., 0., 1., 0., 0., 0., 1., 0., 1., 0., 0.,
           0., 1.],
          [0., 0., 0., 1., 0., 0., 0., 1., 1., 1., 1., 1., 0., 1., 1., 1., 1.,
           1., 1.],
          [0., 0., 1., 1., 1., 1., 0., 1., 0., 0., 0., 0., 1., 0., 1., 1., 0.,
           0., 0.],
          [1., 0., 1., 1., 1., 1., 0., 0., 0., 0., 0., 0., 1., 0., 1., 1., 1.,
           1., 1.],
          [0., 1., 1., 0., 1., 0., 1., 1., 0., 0., 0., 0., 0., 0., 0., 1., 0.,
           1., 0.],
          [0., 1., 1., 1., 1., 0., 0., 0., 0., 0., 1., 0., 0., 1., 1., 1., 0.,
           1., 1.],
          [1., 1., 1., 0., 0., 1., 1., 1., 1., 1., 1., 0., 1., 1., 1., 1., 0.,
           1., 0.],
          [1., 1., 1., 1., 0., 1., 0., 0., 1., 0., 0., 1., 1., 1., 1., 1., 1.,
           0., 1.],
          [0., 1., 0., 0., 0., 1., 0., 1., 0., 1., 1., 0., 1., 1., 1., 0., 1.,
           1., 0.],
          [0., 1., 0., 1., 0., 0., 0., 0., 1., 0., 1., 1., 1., 0., 0., 0., 0.,
           1., 0.],
          [1., 0., 0., 1., 0., 0., 1., 0., 1., 1., 0., 1., 1., 0., 0., 0., 1.,
           1., 0.],
          [1., 1., 0., 0., 0., 1., 1., 0., 1., 0., 0., 0., 1., 1., 1., 1., 1.,
           1., 0.],
          [0., 0., 0., 1., 0., 0., 0., 1., 0., 0., 0., 0., 1., 1., 0., 0., 1.,
           1., 1.]]]], device='cuda:0'), tensor([[0.7324]], device='cuda:0'))
2026-01-07 17:24:58 - INFO - [ 0.9980133  -0.03305729  0.0035473   0.01964495  0.0035473   0.01964495
  0.7352321  -0.39790747]
2026-01-07 17:24:58 - INFO - {'S11_real': np.float32(0.9980133), 'S11_imag': np.float32(-0.03305729), 'S21_real': np.float32(0.0035473024), 'S21_imag': np.float32(0.019644948), 'S12_real': np.float32(0.0035473006), 'S12_imag': np.float32(0.019644951), 'S22_real': np.float32(0.7352321), 'S22_imag': np.float32(-0.39790747)}
2026-01-07 17:24:58 - INFO - (tensor([[[[1., 0., 1., 0., 1., 0., 1., 0., 1., 1., 0., 0., 1., 0., 0., 1., 1.,
           1., 0.],
          [1., 1., 0., 0., 1., 0., 0., 1., 0., 0., 0., 1., 0., 1., 1., 0., 1.,
           1., 1.],
          [0., 1., 1., 1., 1., 1., 1., 1., 0., 0., 0., 1., 1., 0., 1., 1., 0.,
           1., 0.],
          [0., 1., 0., 1., 1., 0., 1., 1., 0., 1., 1., 0., 1., 1., 1., 0., 0.,
           0., 1.],
          [0., 0., 0., 0., 1., 0., 1., 0., 1., 0., 1., 0., 1., 0., 1., 0., 1.,
           0., 1.],
          [0., 0., 0., 1., 0., 0., 0., 1., 1., 0., 0., 1., 1., 1., 0., 0., 1.,
           0., 1.],
          [1., 1., 1., 0., 1., 0., 0., 1., 0., 0., 0., 1., 1., 1., 0., 0., 1.,
           0., 1.],
          [1., 1., 0., 0., 1., 1., 1., 0., 1., 1., 0., 0., 0., 1., 0., 1., 1.,
           1., 0.],
          [1., 0., 0., 0., 1., 0., 1., 1., 0., 1., 0., 0., 0., 0., 1., 0., 1.,
           1., 0.],
          [1., 0., 0., 0., 1., 0., 1., 0., 1., 0., 1., 0., 1., 0., 1., 0., 1.,
           0., 1.],
          [0., 1., 1., 0., 1., 0., 0., 0., 1., 0., 1., 1., 0., 1., 1., 1., 0.,
           0., 1.],
          [1., 0., 0., 1., 0., 0., 1., 0., 1., 1., 1., 1., 0., 0., 0., 0., 1.,
           0., 1.],
          [1., 1., 0., 1., 1., 0., 1., 0., 0., 1., 1., 0., 0., 1., 1., 1., 1.,
           1., 1.],
          [1., 1., 1., 1., 0., 0., 0., 0., 1., 0., 1., 1., 1., 1., 1., 0., 0.,
           0., 1.],
          [0., 0., 1., 1., 0., 1., 1., 0., 0., 1., 1., 0., 0., 0., 1., 0., 0.,
           0., 1.],
          [1., 0., 1., 0., 0., 0., 1., 0., 1., 1., 0., 1., 0., 0., 0., 0., 1.,
           0., 0.],
          [0., 0., 1., 1., 0., 1., 0., 0., 0., 1., 0., 1., 1., 0., 1., 0., 1.,
           1., 1.],
          [1., 0., 0., 0., 0., 0., 0., 0., 1., 1., 0., 0., 1., 1., 0., 0., 1.,
           1., 1.],
          [1., 1., 0., 1., 0., 1., 0., 0., 0., 0., 0., 1., 0., 1., 0., 1., 0.,
           0., 1.]]]], device='cuda:0'), tensor([[0.7324]], device='cuda:0'))
2026-01-07 17:24:58 - INFO - [ 0.40787563 -0.01177489  0.86132306 -0.18031305  0.86132306 -0.18031305
  0.15126513 -0.09071881]
2026-01-07 17:24:58 - INFO - {'S11_real': np.float32(0.40787563), 'S11_imag': np.float32(-0.011774894), 'S21_real': np.float32(0.86132306), 'S21_imag': np.float32(-0.18031305), 'S12_real': np.float32(0.86132306), 'S12_imag': np.float32(-0.18031305), 'S22_real': np.float32(0.15126513), 'S22_imag': np.float32(-0.09071881)}
2026-01-07 17:24:58 - INFO - (tensor([[[[1., 1., 1., 1., 0., 0., 0., 1., 0., 1., 0., 1., 1., 0., 1., 0., 0.,
           1., 0.],
          [1., 1., 0., 1., 1., 0., 1., 1., 1., 1., 0., 0., 0., 0., 0., 0., 1.,
           1., 1.],
          [1., 1., 0., 0., 1., 0., 0., 0., 0., 0., 1., 1., 0., 0., 0., 1., 0.,
           0., 0.],
          [0., 1., 1., 0., 1., 0., 1., 0., 1., 0., 0., 0., 0., 1., 1., 1., 1.,
           0., 1.],
          [1., 1., 1., 0., 0., 1., 1., 0., 0., 1., 1., 1., 1., 0., 0., 0., 0.,
           0., 0.],
          [1., 0., 1., 0., 1., 0., 0., 1., 1., 1., 1., 0., 0., 0., 0., 0., 1.,
           0., 0.],
          [1., 0., 1., 0., 0., 0., 1., 1., 1., 0., 1., 0., 0., 1., 1., 1., 0.,
           1., 0.],
          [0., 1., 0., 1., 0., 0., 0., 1., 0., 0., 0., 1., 0., 0., 1., 0., 1.,
           1., 1.],
          [0., 0., 0., 0., 0., 0., 1., 1., 1., 0., 1., 1., 0., 0., 1., 1., 0.,
           1., 1.],
          [1., 1., 0., 0., 1., 1., 0., 0., 1., 0., 1., 1., 0., 1., 1., 0., 1.,
           0., 1.],
          [1., 0., 0., 1., 1., 1., 1., 0., 0., 0., 1., 0., 1., 1., 1., 0., 0.,
           1., 1.],
          [1., 1., 0., 0., 1., 0., 1., 1., 1., 1., 0., 1., 0., 1., 1., 0., 0.,
           0., 1.],
          [1., 0., 0., 1., 1., 0., 0., 1., 1., 1., 1., 1., 0., 1., 0., 1., 1.,
           1., 1.],
          [0., 1., 1., 1., 0., 1., 1., 0., 1., 0., 0., 1., 1., 0., 1., 1., 0.,
           0., 1.],
          [1., 1., 1., 0., 1., 1., 1., 0., 0., 1., 0., 0., 1., 0., 0., 1., 0.,
           0., 1.],
          [1., 0., 1., 1., 0., 0., 1., 1., 1., 0., 0., 0., 1., 0., 0., 1., 0.,
           1., 1.],
          [1., 1., 1., 0., 1., 1., 1., 1., 0., 0., 0., 0., 1., 1., 1., 0., 1.,
           0., 1.],
          [1., 0., 1., 1., 1., 1., 1., 0., 1., 1., 0., 1., 1., 1., 1., 1., 1.,
           0., 0.],
          [1., 1., 1., 1., 1., 0., 1., 0., 1., 0., 0., 0., 0., 1., 1., 1., 1.,
           1., 0.]]]], device='cuda:0'), tensor([[0.7324]], device='cuda:0'))
2026-01-07 17:24:58 - INFO - [ 0.9870162  -0.08456721  0.00975434  0.04139079  0.00975436  0.04139079
  0.7367281  -0.40356308]
2026-01-07 17:24:58 - INFO - {'S11_real': np.float32(0.9870162), 'S11_imag': np.float32(-0.08456721), 'S21_real': np.float32(0.00975434), 'S21_imag': np.float32(0.04139079), 'S12_real': np.float32(0.009754357), 'S12_imag': np.float32(0.041390788), 'S22_real': np.float32(0.7367281), 'S22_imag': np.float32(-0.40356308)}
2026-01-07 17:24:58 - INFO - (tensor([[[[1., 0., 1., 0., 1., 0., 0., 1., 0., 0., 1., 0., 0., 1., 0., 0., 0.,
           0., 1.],
          [1., 1., 1., 1., 1., 0., 0., 0., 1., 1., 0., 0., 1., 0., 1., 0., 1.,
           0., 1.],
          [0., 1., 0., 0., 0., 1., 0., 0., 1., 0., 0., 0., 0., 0., 0., 0., 1.,
           0., 1.],
          [0., 1., 1., 0., 1., 0., 1., 1., 1., 1., 0., 0., 1., 1., 0., 1., 1.,
           0., 1.],
          [1., 1., 0., 1., 1., 0., 0., 0., 0., 0., 1., 1., 1., 1., 1., 0., 0.,
           0., 0.],
          [1., 0., 1., 1., 0., 1., 0., 0., 0., 0., 0., 1., 1., 1., 0., 1., 1.,
           1., 0.],
          [0., 1., 1., 1., 1., 0., 1., 1., 1., 0., 0., 1., 0., 0., 0., 1., 0.,
           1., 0.],
          [0., 1., 1., 0., 0., 1., 0., 1., 1., 1., 0., 0., 1., 0., 1., 0., 0.,
           0., 0.],
          [1., 0., 1., 0., 1., 0., 1., 0., 1., 0., 0., 0., 1., 1., 0., 1., 0.,
           0., 0.],
          [1., 1., 0., 1., 1., 0., 0., 1., 0., 0., 1., 1., 1., 0., 0., 1., 1.,
           0., 1.],
          [1., 0., 0., 1., 1., 0., 0., 0., 0., 1., 0., 0., 1., 1., 1., 0., 1.,
           0., 0.],
          [1., 0., 1., 1., 0., 0., 0., 1., 1., 1., 0., 1., 1., 1., 0., 0., 0.,
           1., 1.],
          [0., 0., 1., 1., 1., 0., 0., 0., 0., 1., 1., 1., 0., 0., 1., 0., 0.,
           1., 0.],
          [0., 1., 1., 1., 0., 1., 1., 0., 0., 1., 1., 0., 0., 0., 1., 0., 1.,
           1., 1.],
          [0., 0., 1., 1., 0., 1., 0., 1., 0., 1., 1., 1., 0., 0., 0., 1., 1.,
           0., 0.],
          [0., 1., 0., 0., 1., 0., 0., 0., 0., 0., 1., 0., 0., 0., 0., 1., 0.,
           1., 0.],
          [0., 0., 1., 0., 0., 0., 0., 0., 1., 0., 1., 1., 1., 0., 1., 0., 1.,
           0., 0.],
          [0., 0., 0., 1., 0., 1., 0., 0., 0., 0., 0., 0., 0., 0., 0., 1., 1.,
           1., 0.],
          [1., 0., 0., 0., 1., 1., 0., 0., 1., 1., 1., 1., 1., 1., 1., 1., 1.,
           0., 0.]]]], device='cuda:0'), tensor([[0.7324]], device='cuda:0'))
2026-01-07 17:24:58 - INFO - [ 8.7853193e-01 -2.6297146e-01 -5.6528574e-04  6.2056840e-03
 -5.6528760e-04  6.2056878e-03  9.9803895e-01 -2.8464073e-02]
2026-01-07 17:24:58 - INFO - {'S11_real': np.float32(0.87853193), 'S11_imag': np.float32(-0.26297146), 'S21_real': np.float32(-0.00056528574), 'S21_imag': np.float32(0.006205684), 'S12_real': np.float32(-0.0005652876), 'S12_imag': np.float32(0.0062056878), 'S22_real': np.float32(0.99803895), 'S22_imag': np.float32(-0.028464073)}
2026-01-07 17:24:58 - INFO - (tensor([[[[0., 0., 1., 0., 0., 0., 1., 1., 1., 0., 0., 0., 0., 1., 1., 0., 0.,
           1., 0.],
          [1., 1., 1., 0., 1., 0., 0., 1., 0., 0., 1., 0., 0., 0., 0., 0., 0.,
           0., 0.],
          [0., 0., 1., 0., 1., 0., 0., 0., 1., 0., 0., 0., 0., 1., 0., 1., 0.,
           0., 1.],
          [1., 0., 1., 0., 0., 0., 1., 1., 0., 0., 0., 1., 1., 0., 0., 1., 1.,
           1., 1.],
          [0., 1., 1., 0., 1., 1., 0., 0., 0., 0., 1., 0., 0., 1., 0., 0., 0.,
           1., 1.],
          [1., 1., 0., 1., 1., 0., 1., 1., 1., 1., 1., 0., 0., 0., 1., 0., 0.,
           1., 0.],
          [0., 1., 0., 0., 1., 1., 1., 1., 1., 1., 1., 0., 1., 1., 0., 1., 1.,
           1., 0.],
          [0., 0., 0., 1., 0., 0., 0., 1., 0., 1., 1., 1., 0., 1., 1., 0., 0.,
           1., 1.],
          [1., 1., 1., 0., 1., 1., 0., 1., 1., 1., 0., 1., 0., 0., 0., 1., 0.,
           1., 1.],
          [1., 1., 0., 0., 1., 1., 1., 1., 1., 0., 1., 1., 1., 0., 0., 0., 1.,
           0., 1.],
          [1., 1., 1., 0., 0., 0., 1., 1., 0., 0., 0., 1., 1., 0., 1., 1., 1.,
           0., 0.],
          [1., 1., 0., 0., 0., 0., 1., 0., 0., 0., 0., 0., 1., 1., 1., 0., 0.,
           1., 0.],
          [0., 0., 0., 0., 0., 1., 0., 1., 0., 0., 0., 0., 1., 0., 1., 1., 1.,
           1., 0.],
          [1., 0., 1., 1., 1., 0., 1., 0., 1., 1., 1., 0., 0., 0., 1., 1., 1.,
           1., 0.],
          [1., 0., 0., 0., 1., 0., 0., 0., 1., 0., 0., 0., 0., 0., 0., 1., 0.,
           1., 1.],
          [1., 1., 0., 1., 0., 0., 0., 1., 0., 0., 1., 0., 0., 0., 1., 0., 0.,
           0., 0.],
          [1., 1., 1., 0., 0., 0., 1., 1., 0., 0., 0., 1., 0., 1., 1., 0., 0.,
           0., 1.],
          [0., 1., 1., 0., 0., 1., 1., 0., 1., 0., 0., 0., 0., 1., 0., 0., 1.,
           1., 0.],
          [0., 1., 1., 0., 1., 1., 1., 1., 0., 0., 0., 0., 1., 1., 1., 1., 0.,
           0., 1.]]]], device='cuda:0'), tensor([[0.7324]], device='cuda:0'))
2026-01-07 17:24:58 - INFO - [ 0.9068271  -0.00951514  0.6164496  -0.08935926  0.6164496  -0.08935925
  0.54435575 -0.20118368]
2026-01-07 17:24:58 - INFO - {'S11_real': np.float32(0.9068271), 'S11_imag': np.float32(-0.009515144), 'S21_real': np.float32(0.6164496), 'S21_imag': np.float32(-0.08935926), 'S12_real': np.float32(0.6164496), 'S12_imag': np.float32(-0.089359246), 'S22_real': np.float32(0.54435575), 'S22_imag': np.float32(-0.20118368)}
2026-01-07 17:24:58 - INFO - (tensor([[[[0., 0., 1., 0., 0., 1., 1., 1., 0., 1., 1., 0., 0., 1., 0., 0., 1.,
           1., 0.],
          [1., 0., 0., 0., 0., 1., 0., 1., 0., 0., 1., 1., 0., 0., 1., 1., 1.,
           0., 1.],
          [0., 1., 1., 1., 0., 1., 1., 0., 1., 0., 0., 0., 1., 1., 0., 0., 0.,
           1., 0.],
          [0., 1., 1., 0., 0., 0., 0., 1., 0., 1., 1., 0., 1., 0., 1., 0., 1.,
           1., 0.],
          [1., 1., 1., 1., 1., 1., 1., 1., 1., 0., 1., 1., 0., 1., 1., 0., 1.,
           0., 0.],
          [1., 0., 0., 1., 1., 0., 1., 0., 0., 1., 0., 1., 1., 1., 1., 0., 1.,
           1., 1.],
          [0., 1., 0., 0., 0., 0., 1., 1., 0., 0., 1., 0., 0., 0., 1., 0., 0.,
           0., 1.],
          [0., 1., 1., 1., 1., 0., 0., 1., 0., 0., 1., 1., 0., 0., 0., 0., 1.,
           1., 1.],
          [0., 1., 0., 1., 0., 0., 1., 1., 0., 0., 1., 0., 0., 0., 1., 0., 0.,
           0., 1.],
          [1., 1., 0., 0., 0., 0., 0., 0., 1., 0., 1., 0., 0., 1., 1., 0., 0.,
           0., 1.],
          [0., 0., 1., 1., 0., 0., 1., 0., 1., 1., 0., 1., 1., 0., 1., 1., 0.,
           0., 1.],
          [0., 1., 1., 1., 0., 1., 1., 0., 0., 0., 0., 1., 0., 0., 1., 1., 0.,
           0., 0.],
          [0., 1., 0., 1., 1., 0., 1., 0., 0., 0., 0., 1., 0., 1., 0., 1., 1.,
           0., 0.],
          [1., 1., 1., 0., 0., 0., 0., 1., 1., 1., 1., 1., 0., 0., 1., 0., 0.,
           0., 0.],
          [0., 1., 1., 0., 1., 1., 0., 0., 0., 0., 1., 0., 0., 1., 0., 1., 1.,
           0., 1.],
          [0., 1., 0., 0., 1., 0., 1., 1., 0., 1., 0., 1., 0., 1., 1., 1., 1.,
           1., 0.],
          [0., 1., 0., 0., 0., 1., 0., 0., 1., 1., 1., 1., 1., 0., 0., 0., 1.,
           0., 1.],
          [0., 0., 1., 0., 0., 1., 0., 0., 0., 1., 1., 0., 0., 1., 1., 1., 0.,
           0., 1.],
          [1., 0., 1., 0., 1., 1., 0., 1., 1., 0., 0., 0., 0., 0., 1., 1., 0.,
           0., 1.]]]], device='cuda:0'), tensor([[0.7324]], device='cuda:0'))
2026-01-07 17:24:58 - INFO - [ 0.7355007  -0.40112016  0.0120644   0.04691749  0.0120644   0.0469175
  0.9812305  -0.10041624]
2026-01-07 17:24:58 - INFO - {'S11_real': np.float32(0.7355007), 'S11_imag': np.float32(-0.40112016), 'S21_real': np.float32(0.012064399), 'S21_imag': np.float32(0.04691749), 'S12_real': np.float32(0.012064405), 'S12_imag': np.float32(0.0469175), 'S22_real': np.float32(0.9812305), 'S22_imag': np.float32(-0.10041624)}
2026-01-07 17:24:58 - INFO - (tensor([[[[0., 0., 0., 1., 0., 1., 1., 0., 0., 0., 1., 0., 1., 1., 1., 0., 1.,
           1., 0.],
          [0., 0., 1., 1., 0., 1., 1., 0., 1., 1., 0., 0., 1., 1., 0., 0., 0.,
           0., 0.],
          [0., 0., 0., 1., 0., 0., 0., 1., 1., 0., 0., 1., 0., 1., 0., 0., 1.,
           1., 1.],
          [1., 1., 1., 1., 1., 1., 0., 0., 0., 0., 0., 1., 0., 0., 0., 1., 1.,
           1., 0.],
          [0., 0., 0., 0., 0., 1., 1., 1., 1., 0., 0., 0., 0., 0., 0., 0., 0.,
           1., 0.],
          [1., 0., 0., 1., 0., 0., 1., 0., 1., 0., 0., 1., 0., 1., 0., 0., 1.,
           0., 1.],
          [0., 1., 1., 1., 1., 0., 1., 0., 0., 0., 1., 1., 0., 0., 0., 1., 1.,
           1., 0.],
          [1., 1., 1., 1., 0., 0., 0., 0., 1., 0., 0., 0., 0., 0., 1., 0., 1.,
           1., 1.],
          [0., 0., 1., 0., 1., 1., 0., 0., 1., 0., 1., 1., 0., 1., 0., 0., 1.,
           0., 1.],
          [1., 1., 1., 1., 0., 1., 1., 1., 0., 1., 1., 1., 0., 1., 0., 0., 0.,
           0., 1.],
          [1., 1., 0., 0., 1., 1., 1., 0., 1., 1., 0., 0., 1., 1., 0., 1., 1.,
           1., 1.],
          [1., 0., 1., 1., 0., 1., 1., 0., 0., 1., 0., 1., 1., 0., 0., 1., 1.,
           1., 0.],
          [0., 1., 1., 1., 1., 1., 1., 1., 1., 1., 0., 0., 1., 1., 0., 0., 0.,
           0., 1.],
          [1., 0., 1., 1., 1., 0., 0., 1., 0., 0., 0., 1., 1., 1., 0., 0., 1.,
           0., 0.],
          [0., 0., 1., 1., 0., 1., 1., 1., 0., 1., 0., 1., 1., 1., 1., 0., 1.,
           1., 1.],
          [1., 1., 0., 0., 0., 0., 1., 0., 0., 1., 0., 0., 1., 0., 0., 0., 0.,
           1., 0.],
          [1., 1., 1., 1., 0., 0., 0., 1., 1., 1., 0., 0., 0., 0., 0., 0., 1.,
           1., 0.],
          [1., 0., 1., 0., 0., 0., 1., 0., 1., 0., 1., 1., 0., 0., 0., 1., 0.,
           0., 1.],
          [1., 1., 0., 0., 0., 0., 1., 1., 1., 0., 1., 0., 1., 1., 0., 1., 1.,
           0., 1.]]]], device='cuda:0'), tensor([[0.7324]], device='cuda:0'))
2026-01-07 17:24:58 - INFO - [ 0.8510153  -0.298539    0.01056152  0.04724457  0.01056152  0.04724457
  0.9449733  -0.17314713]
2026-01-07 17:24:58 - INFO - {'S11_real': np.float32(0.8510153), 'S11_imag': np.float32(-0.298539), 'S21_real': np.float32(0.010561516), 'S21_imag': np.float32(0.047244575), 'S12_real': np.float32(0.010561517), 'S12_imag': np.float32(0.04724457), 'S22_real': np.float32(0.9449733), 'S22_imag': np.float32(-0.17314713)}
2026-01-07 17:24:58 - INFO - (tensor([[[[0., 1., 1., 0., 0., 0., 1., 1., 0., 0., 0., 0., 1., 1., 0., 0., 1.,
           1., 1.],
          [1., 1., 1., 0., 0., 1., 0., 0., 1., 1., 0., 1., 1., 0., 0., 0., 1.,
           0., 1.],
          [1., 0., 0., 1., 1., 1., 1., 0., 0., 0., 0., 1., 1., 0., 0., 1., 1.,
           1., 0.],
          [0., 1., 0., 1., 0., 1., 0., 1., 0., 1., 1., 1., 1., 0., 1., 1., 1.,
           0., 1.],
          [0., 1., 1., 1., 1., 0., 0., 1., 1., 1., 0., 1., 0., 0., 1., 0., 1.,
           0., 1.],
          [1., 1., 1., 1., 1., 0., 0., 0., 1., 1., 1., 1., 1., 1., 0., 1., 1.,
           1., 1.],
          [1., 0., 1., 1., 0., 0., 1., 0., 0., 1., 0., 1., 0., 1., 1., 0., 0.,
           1., 1.],
          [0., 1., 0., 0., 0., 1., 1., 0., 0., 1., 1., 1., 0., 0., 1., 0., 0.,
           1., 0.],
          [1., 1., 1., 1., 0., 1., 1., 1., 0., 0., 0., 0., 1., 0., 0., 0., 1.,
           1., 1.],
          [1., 0., 0., 0., 0., 0., 1., 0., 1., 1., 1., 0., 0., 1., 0., 0., 0.,
           0., 1.],
          [0., 0., 0., 1., 1., 0., 0., 0., 0., 1., 1., 1., 1., 1., 1., 0., 1.,
           1., 1.],
          [0., 1., 1., 1., 1., 0., 0., 0., 1., 0., 0., 0., 0., 0., 1., 1., 1.,
           1., 1.],
          [1., 0., 0., 1., 1., 1., 1., 0., 0., 1., 1., 1., 1., 1., 1., 0., 0.,
           0., 0.],
          [1., 0., 0., 1., 0., 0., 0., 1., 1., 1., 1., 0., 1., 1., 1., 0., 0.,
           0., 0.],
          [1., 0., 1., 0., 1., 0., 0., 0., 0., 1., 0., 1., 1., 0., 0., 0., 0.,
           1., 1.],
          [0., 1., 0., 1., 0., 1., 0., 0., 0., 0., 1., 0., 0., 1., 1., 0., 1.,
           1., 0.],
          [0., 0., 0., 0., 1., 1., 0., 0., 0., 0., 1., 1., 0., 1., 1., 0., 0.,
           1., 1.],
          [1., 1., 0., 1., 0., 1., 1., 0., 0., 1., 1., 0., 1., 0., 0., 1., 1.,
           0., 0.],
          [0., 0., 0., 0., 1., 1., 0., 1., 0., 0., 0., 1., 1., 0., 0., 1., 1.,
           0., 0.]]]], device='cuda:0'), tensor([[0.7324]], device='cuda:0'))
2026-01-07 17:24:58 - INFO - [ 0.89617527 -0.13726091  0.2932207  -0.00487373  0.2932207  -0.00487372
  0.67938244 -0.2965657 ]
2026-01-07 17:24:58 - INFO - {'S11_real': np.float32(0.89617527), 'S11_imag': np.float32(-0.13726091), 'S21_real': np.float32(0.2932207), 'S21_imag': np.float32(-0.004873725), 'S12_real': np.float32(0.2932207), 'S12_imag': np.float32(-0.0048737214), 'S22_real': np.float32(0.67938244), 'S22_imag': np.float32(-0.2965657)}
2026-01-07 17:24:58 - INFO - (tensor([[[[1., 1., 0., 0., 0., 0., 0., 0., 1., 1., 1., 0., 0., 1., 1., 0., 1.,
           1., 0.],
          [1., 1., 1., 0., 0., 1., 1., 0., 0., 0., 0., 0., 1., 0., 1., 1., 0.,
           0., 0.],
          [1., 0., 1., 0., 1., 1., 0., 0., 1., 1., 0., 1., 1., 0., 0., 1., 1.,
           0., 0.],
          [0., 1., 0., 1., 0., 0., 1., 0., 1., 0., 0., 0., 0., 0., 1., 1., 1.,
           0., 0.],
          [0., 0., 1., 1., 0., 1., 0., 0., 0., 1., 0., 1., 1., 0., 1., 0., 1.,
           0., 0.],
          [0., 0., 0., 1., 0., 0., 1., 0., 0., 1., 0., 1., 1., 1., 0., 1., 0.,
           1., 1.],
          [1., 0., 1., 0., 1., 1., 0., 1., 1., 0., 0., 1., 1., 1., 0., 0., 1.,
           0., 0.],
          [1., 0., 0., 0., 0., 0., 1., 0., 0., 0., 0., 1., 1., 0., 1., 0., 1.,
           0., 0.],
          [1., 0., 1., 0., 1., 1., 1., 1., 0., 0., 1., 0., 0., 0., 1., 1., 0.,
           0., 1.],
          [1., 0., 0., 1., 1., 1., 0., 0., 0., 1., 1., 1., 0., 1., 0., 0., 1.,
           0., 1.],
          [1., 0., 1., 1., 1., 0., 1., 1., 1., 0., 0., 0., 1., 1., 1., 0., 1.,
           1., 0.],
          [0., 1., 1., 1., 0., 0., 1., 0., 0., 1., 1., 0., 0., 0., 0., 1., 0.,
           1., 0.],
          [1., 0., 1., 1., 1., 0., 0., 0., 0., 1., 0., 1., 1., 0., 1., 1., 0.,
           0., 1.],
          [0., 1., 0., 0., 1., 0., 0., 0., 1., 1., 0., 1., 1., 1., 0., 0., 0.,
           1., 1.],
          [0., 0., 0., 0., 1., 0., 1., 0., 0., 1., 0., 0., 1., 1., 0., 1., 1.,
           0., 0.],
          [0., 1., 1., 0., 0., 0., 0., 1., 0., 1., 1., 0., 1., 1., 1., 0., 0.,
           0., 0.],
          [0., 0., 1., 1., 1., 1., 1., 1., 1., 1., 0., 0., 1., 1., 0., 0., 0.,
           1., 1.],
          [0., 1., 1., 0., 0., 0., 1., 0., 0., 0., 1., 1., 1., 0., 1., 1., 0.,
           1., 1.],
          [1., 1., 1., 1., 1., 1., 0., 0., 0., 0., 0., 0., 0., 1., 1., 1., 1.,
           1., 0.]]]], device='cuda:0'), tensor([[0.7324]], device='cuda:0'))
2026-01-07 17:24:58 - INFO - [ 9.9125779e-01 -6.7043826e-02 -8.3921180e-04  2.3130695e-03
 -8.3921180e-04  2.3130695e-03  9.9495989e-01 -4.4895303e-02]
2026-01-07 17:24:58 - INFO - {'S11_real': np.float32(0.9912578), 'S11_imag': np.float32(-0.067043826), 'S21_real': np.float32(-0.0008392118), 'S21_imag': np.float32(0.0023130695), 'S12_real': np.float32(-0.0008392118), 'S12_imag': np.float32(0.0023130695), 'S22_real': np.float32(0.9949599), 'S22_imag': np.float32(-0.044895303)}
2026-01-07 17:24:58 - INFO - (tensor([[[[0., 1., 1., 1., 0., 0., 1., 0., 1., 1., 0., 1., 0., 1., 1., 0., 0.,
           0., 1.],
          [1., 1., 1., 1., 0., 0., 1., 0., 0., 1., 0., 1., 1., 0., 0., 1., 1.,
           1., 0.],
          [1., 1., 1., 1., 0., 1., 0., 1., 1., 1., 1., 0., 0., 0., 1., 1., 0.,
           0., 0.],
          [1., 1., 0., 0., 0., 1., 1., 1., 1., 1., 0., 0., 1., 0., 1., 0., 0.,
           0., 1.],
          [0., 1., 0., 0., 0., 0., 0., 0., 1., 1., 1., 1., 1., 1., 0., 0., 0.,
           1., 1.],
          [0., 0., 0., 0., 1., 0., 1., 1., 0., 1., 1., 0., 1., 1., 0., 0., 0.,
           0., 0.],
          [1., 0., 0., 1., 1., 1., 0., 0., 0., 1., 0., 1., 1., 1., 1., 1., 1.,
           0., 1.],
          [0., 1., 1., 1., 1., 1., 1., 1., 0., 1., 0., 1., 1., 0., 0., 1., 0.,
           1., 0.],
          [0., 0., 0., 0., 1., 0., 0., 0., 1., 1., 0., 1., 1., 1., 0., 0., 1.,
           1., 0.],
          [1., 1., 0., 1., 0., 0., 0., 0., 1., 0., 0., 0., 0., 0., 1., 1., 0.,
           1., 1.],
          [1., 0., 0., 1., 0., 0., 0., 0., 0., 1., 1., 1., 1., 0., 0., 1., 0.,
           1., 0.],
          [0., 1., 1., 1., 1., 1., 1., 1., 0., 1., 1., 1., 0., 0., 0., 1., 0.,
           1., 1.],
          [0., 1., 0., 0., 0., 0., 1., 0., 0., 1., 1., 0., 0., 0., 0., 1., 0.,
           1., 1.],
          [1., 0., 0., 1., 0., 1., 1., 0., 0., 1., 1., 1., 0., 0., 0., 1., 0.,
           1., 1.],
          [0., 1., 1., 1., 0., 1., 1., 0., 1., 0., 0., 1., 1., 0., 1., 1., 1.,
           1., 0.],
          [0., 1., 0., 0., 0., 1., 0., 0., 0., 0., 0., 1., 1., 0., 1., 0., 1.,
           1., 1.],
          [1., 1., 1., 1., 0., 0., 0., 0., 0., 1., 1., 1., 0., 1., 1., 0., 0.,
           1., 1.],
          [1., 1., 0., 0., 0., 1., 1., 0., 1., 1., 0., 0., 1., 0., 1., 1., 1.,
           1., 1.],
          [1., 0., 0., 1., 1., 1., 0., 1., 0., 0., 1., 0., 0., 0., 1., 0., 1.,
           0., 0.]]]], device='cuda:0'), tensor([[0.7324]], device='cuda:0'))
2026-01-07 17:24:58 - INFO - [ 0.99458855 -0.04996091  0.00492531  0.02562199  0.0049253   0.025622
  0.7386606  -0.39603892]
2026-01-07 17:24:58 - INFO - {'S11_real': np.float32(0.99458855), 'S11_imag': np.float32(-0.04996091), 'S21_real': np.float32(0.0049253106), 'S21_imag': np.float32(0.025621993), 'S12_real': np.float32(0.0049253013), 'S12_imag': np.float32(0.025622005), 'S22_real': np.float32(0.7386606), 'S22_imag': np.float32(-0.39603892)}
2026-01-07 17:24:58 - INFO - (tensor([[[[0., 0., 0., 1., 1., 0., 0., 0., 0., 1., 1., 0., 1., 0., 0., 1., 1.,
           0., 0.],
          [0., 1., 0., 1., 0., 1., 1., 1., 0., 0., 0., 1., 1., 1., 1., 1., 1.,
           1., 0.],
          [1., 1., 1., 1., 1., 0., 1., 1., 1., 0., 1., 1., 0., 1., 1., 0., 0.,
           0., 1.],
          [1., 1., 1., 1., 0., 1., 0., 1., 0., 0., 1., 0., 1., 1., 0., 0., 1.,
           1., 1.],
          [1., 0., 1., 0., 1., 1., 1., 0., 0., 0., 1., 1., 0., 1., 0., 0., 1.,
           0., 1.],
          [1., 0., 1., 0., 0., 0., 1., 0., 1., 0., 1., 0., 0., 1., 0., 0., 1.,
           1., 0.],
          [0., 1., 0., 1., 1., 0., 1., 1., 0., 0., 0., 0., 1., 1., 1., 0., 1.,
           0., 1.],
          [0., 0., 1., 0., 1., 1., 1., 1., 0., 1., 1., 1., 0., 1., 0., 1., 1.,
           1., 1.],
          [1., 0., 0., 1., 1., 1., 0., 1., 0., 1., 1., 1., 0., 1., 0., 1., 0.,
           0., 1.],
          [1., 1., 1., 1., 1., 0., 1., 0., 1., 0., 1., 0., 1., 1., 1., 0., 1.,
           1., 1.],
          [0., 1., 0., 0., 1., 0., 0., 0., 1., 0., 1., 1., 0., 1., 1., 1., 1.,
           0., 1.],
          [1., 1., 0., 0., 1., 1., 0., 0., 0., 1., 0., 0., 1., 1., 0., 1., 1.,
           1., 0.],
          [1., 1., 1., 1., 1., 1., 1., 1., 1., 0., 1., 1., 1., 1., 1., 1., 0.,
           1., 1.],
          [0., 0., 0., 1., 1., 1., 1., 1., 1., 0., 1., 1., 0., 1., 0., 0., 0.,
           0., 1.],
          [1., 1., 1., 1., 1., 0., 0., 0., 0., 0., 1., 1., 0., 0., 1., 1., 1.,
           1., 1.],
          [0., 0., 0., 1., 0., 0., 0., 1., 1., 1., 1., 0., 0., 1., 1., 1., 0.,
           1., 0.],
          [1., 1., 1., 0., 1., 0., 0., 1., 0., 1., 1., 1., 1., 0., 0., 1., 1.,
           0., 0.],
          [0., 0., 1., 0., 0., 1., 1., 0., 1., 0., 1., 0., 1., 0., 1., 0., 1.,
           1., 1.],
          [1., 1., 0., 1., 1., 0., 0., 1., 1., 1., 0., 1., 0., 0., 0., 1., 1.,
           1., 1.]]]], device='cuda:0'), tensor([[0.7324]], device='cuda:0'))
2026-01-07 17:24:58 - INFO - [-0.06076028 -0.00450511  0.9077729  -0.23981833  0.9077729  -0.23981832
 -0.05138096 -0.01264659]
2026-01-07 17:24:58 - INFO - {'S11_real': np.float32(-0.060760282), 'S11_imag': np.float32(-0.0045051086), 'S21_real': np.float32(0.9077729), 'S21_imag': np.float32(-0.23981833), 'S12_real': np.float32(0.9077729), 'S12_imag': np.float32(-0.23981832), 'S22_real': np.float32(-0.05138096), 'S22_imag': np.float32(-0.012646589)}
2026-01-07 17:24:58 - INFO - (tensor([[[[0., 1., 0., 1., 0., 1., 1., 0., 1., 1., 0., 0., 0., 0., 1., 1., 0.,
           1., 1.],
          [0., 0., 1., 1., 0., 0., 0., 1., 0., 0., 1., 0., 0., 0., 1., 1., 0.,
           1., 0.],
          [1., 1., 0., 0., 1., 1., 1., 1., 0., 1., 0., 0., 1., 1., 1., 0., 0.,
           1., 1.],
          [1., 0., 0., 1., 0., 0., 0., 0., 1., 1., 1., 0., 1., 1., 0., 0., 0.,
           1., 1.],
          [0., 1., 1., 0., 0., 1., 1., 0., 0., 0., 0., 1., 1., 1., 1., 1., 0.,
           0., 0.],
          [0., 1., 1., 0., 1., 0., 1., 1., 1., 1., 1., 1., 1., 0., 0., 1., 0.,
           0., 0.],
          [0., 0., 1., 1., 1., 0., 0., 1., 0., 1., 1., 0., 0., 0., 1., 1., 1.,
           1., 0.],
          [1., 0., 1., 1., 1., 1., 1., 1., 0., 1., 0., 0., 1., 1., 1., 0., 0.,
           0., 0.],
          [1., 0., 0., 0., 0., 1., 1., 1., 1., 1., 0., 0., 0., 0., 0., 1., 0.,
           1., 1.],
          [1., 0., 0., 0., 1., 1., 0., 1., 1., 1., 0., 1., 0., 0., 1., 1., 1.,
           0., 1.],
          [1., 1., 0., 1., 0., 1., 1., 1., 0., 1., 1., 0., 0., 0., 0., 0., 0.,
           0., 0.],
          [1., 1., 1., 1., 0., 0., 0., 0., 0., 1., 1., 0., 1., 0., 0., 1., 1.,
           0., 1.],
          [0., 0., 1., 0., 0., 1., 0., 0., 1., 1., 1., 0., 0., 1., 1., 0., 1.,
           0., 0.],
          [1., 0., 1., 0., 0., 0., 1., 0., 0., 1., 1., 0., 1., 0., 0., 0., 0.,
           0., 0.],
          [1., 0., 0., 1., 0., 0., 0., 0., 1., 0., 1., 1., 1., 0., 0., 1., 1.,
           0., 0.],
          [0., 0., 0., 1., 1., 1., 0., 1., 0., 1., 0., 1., 1., 0., 0., 1., 1.,
           0., 0.],
          [0., 1., 1., 0., 1., 0., 1., 0., 0., 1., 0., 0., 1., 1., 1., 1., 0.,
           0., 0.],
          [0., 0., 1., 1., 0., 1., 1., 1., 1., 1., 0., 1., 0., 0., 0., 0., 0.,
           1., 0.],
          [0., 0., 1., 1., 1., 1., 0., 0., 0., 0., 0., 1., 0., 1., 0., 1., 1.,
           1., 0.]]]], device='cuda:0'), tensor([[0.7324]], device='cuda:0'))
2026-01-07 17:24:58 - INFO - [ 0.7173795  -0.41124865  0.0073741   0.03252381  0.0073741   0.03252382
  0.994007   -0.05429658]
2026-01-07 17:24:58 - INFO - {'S11_real': np.float32(0.7173795), 'S11_imag': np.float32(-0.41124865), 'S21_real': np.float32(0.0073741036), 'S21_imag': np.float32(0.032523815), 'S12_real': np.float32(0.007374102), 'S12_imag': np.float32(0.03252382), 'S22_real': np.float32(0.994007), 'S22_imag': np.float32(-0.054296575)}
2026-01-07 17:24:58 - INFO - (tensor([[[[1., 0., 0., 1., 1., 1., 1., 0., 0., 0., 1., 1., 1., 1., 0., 0., 0.,
           1., 1.],
          [1., 1., 1., 0., 1., 0., 1., 0., 1., 1., 0., 1., 1., 1., 0., 1., 1.,
           1., 1.],
          [1., 0., 0., 0., 0., 1., 1., 0., 0., 0., 0., 0., 1., 0., 1., 1., 0.,
           1., 1.],
          [1., 1., 0., 1., 1., 0., 0., 0., 1., 0., 1., 0., 1., 0., 0., 1., 0.,
           0., 1.],
          [0., 0., 1., 1., 0., 0., 1., 1., 0., 1., 0., 0., 1., 1., 1., 1., 0.,
           1., 0.],
          [0., 0., 0., 0., 1., 1., 0., 1., 1., 0., 0., 1., 0., 1., 1., 0., 1.,
           1., 0.],
          [0., 1., 0., 1., 0., 0., 1., 1., 1., 0., 1., 0., 0., 1., 1., 0., 1.,
           0., 0.],
          [0., 1., 0., 0., 1., 1., 1., 0., 1., 0., 0., 0., 1., 0., 0., 1., 0.,
           1., 1.],
          [1., 1., 0., 0., 0., 0., 1., 0., 1., 0., 0., 1., 0., 0., 1., 0., 0.,
           0., 1.],
          [1., 0., 0., 0., 1., 0., 1., 1., 0., 1., 1., 1., 1., 1., 0., 1., 1.,
           1., 1.],
          [1., 0., 0., 1., 0., 1., 0., 0., 1., 1., 1., 1., 0., 1., 0., 1., 1.,
           0., 1.],
          [1., 0., 0., 1., 0., 1., 0., 1., 0., 0., 0., 1., 1., 1., 0., 0., 0.,
           0., 1.],
          [0., 0., 1., 1., 0., 0., 0., 1., 0., 0., 0., 1., 0., 1., 1., 1., 1.,
           1., 0.],
          [0., 1., 1., 0., 1., 0., 0., 1., 0., 0., 0., 1., 0., 0., 0., 1., 1.,
           1., 1.],
          [0., 0., 0., 0., 1., 1., 1., 0., 1., 1., 0., 0., 0., 1., 0., 1., 1.,
           0., 1.],
          [1., 0., 1., 1., 1., 0., 1., 0., 0., 1., 0., 1., 0., 0., 1., 0., 1.,
           1., 1.],
          [1., 1., 0., 1., 1., 1., 1., 0., 0., 0., 0., 1., 1., 1., 1., 1., 1.,
           1., 1.],
          [1., 1., 0., 0., 1., 1., 0., 1., 1., 1., 1., 1., 0., 1., 0., 1., 1.,
           1., 0.],
          [0., 1., 0., 0., 0., 1., 0., 0., 0., 1., 0., 0., 1., 1., 1., 0., 1.,
           1., 0.]]]], device='cuda:0'), tensor([[0.7324]], device='cuda:0'))
2026-01-07 17:24:58 - INFO - [ 0.9864589  -0.07918235  0.00979405  0.03750638  0.00979405  0.03750638
  0.70158195 -0.42200676]
2026-01-07 17:24:58 - INFO - {'S11_real': np.float32(0.9864589), 'S11_imag': np.float32(-0.07918235), 'S21_real': np.float32(0.009794048), 'S21_imag': np.float32(0.03750638), 'S12_real': np.float32(0.009794054), 'S12_imag': np.float32(0.037506375), 'S22_real': np.float32(0.70158195), 'S22_imag': np.float32(-0.42200676)}
2026-01-07 17:24:58 - INFO - (tensor([[[[1., 0., 1., 1., 0., 0., 0., 0., 1., 1., 0., 1., 0., 1., 0., 0., 0.,
           0., 1.],
          [0., 0., 1., 1., 0., 1., 1., 0., 0., 0., 1., 1., 1., 0., 0., 1., 0.,
           1., 1.],
          [0., 0., 1., 0., 0., 0., 0., 0., 0., 1., 0., 1., 1., 1., 0., 1., 0.,
           1., 1.],
          [1., 0., 1., 1., 0., 1., 1., 1., 1., 1., 1., 0., 1., 0., 0., 0., 0.,
           1., 1.],
          [0., 0., 1., 1., 1., 0., 0., 0., 1., 0., 0., 1., 1., 1., 1., 1., 0.,
           0., 1.],
          [0., 1., 0., 1., 1., 0., 1., 1., 1., 0., 0., 1., 0., 0., 1., 0., 1.,
           1., 1.],
          [1., 0., 1., 0., 0., 0., 1., 1., 1., 1., 1., 1., 1., 0., 0., 1., 1.,
           0., 1.],
          [0., 0., 1., 1., 0., 0., 1., 0., 1., 1., 1., 1., 0., 1., 1., 0., 0.,
           0., 1.],
          [0., 0., 1., 0., 0., 0., 0., 1., 1., 1., 0., 0., 0., 1., 0., 1., 1.,
           0., 0.],
          [1., 1., 0., 0., 0., 0., 0., 1., 0., 1., 1., 0., 1., 1., 0., 1., 1.,
           1., 1.],
          [0., 1., 0., 1., 1., 0., 1., 1., 0., 0., 0., 0., 0., 0., 0., 0., 1.,
           0., 1.],
          [1., 1., 0., 0., 1., 0., 0., 0., 0., 1., 0., 1., 0., 1., 1., 0., 0.,
           1., 1.],
          [0., 0., 0., 0., 1., 0., 0., 0., 1., 0., 1., 0., 1., 1., 0., 1., 1.,
           0., 1.],
          [0., 0., 0., 1., 1., 1., 1., 0., 1., 0., 1., 1., 1., 0., 0., 0., 0.,
           1., 1.],
          [1., 1., 0., 0., 0., 1., 1., 1., 1., 1., 1., 1., 0., 0., 1., 1., 1.,
           1., 0.],
          [0., 1., 0., 0., 1., 0., 1., 1., 1., 1., 0., 1., 1., 0., 1., 0., 0.,
           1., 1.],
          [0., 0., 1., 1., 1., 1., 1., 1., 1., 1., 0., 0., 0., 0., 1., 1., 1.,
           0., 0.],
          [1., 0., 1., 1., 0., 0., 1., 0., 1., 1., 1., 1., 0., 1., 0., 1., 0.,
           1., 1.],
          [0., 1., 1., 1., 1., 0., 0., 1., 1., 1., 0., 1., 0., 0., 0., 0., 1.,
           1., 0.]]]], device='cuda:0'), tensor([[0.7324]], device='cuda:0'))
2026-01-07 17:24:58 - INFO - [ 0.9942378  -0.04999153  0.00369343  0.02024554  0.00369341  0.02024555
  0.7226279  -0.40236676]
2026-01-07 17:24:58 - INFO - {'S11_real': np.float32(0.9942378), 'S11_imag': np.float32(-0.049991526), 'S21_real': np.float32(0.003693425), 'S21_imag': np.float32(0.020245539), 'S12_real': np.float32(0.003693412), 'S12_imag': np.float32(0.02024555), 'S22_real': np.float32(0.7226279), 'S22_imag': np.float32(-0.40236676)}
2026-01-07 17:24:58 - INFO - (tensor([[[[0., 1., 1., 1., 1., 0., 1., 0., 1., 0., 1., 1., 1., 1., 0., 1., 1.,
           0., 0.],
          [0., 0., 1., 1., 1., 1., 0., 1., 0., 1., 0., 0., 0., 0., 0., 0., 0.,
           0., 1.],
          [0., 1., 0., 1., 1., 0., 1., 1., 1., 0., 0., 0., 0., 1., 1., 1., 1.,
           0., 0.],
          [0., 0., 1., 1., 1., 0., 1., 1., 1., 1., 1., 1., 0., 1., 0., 0., 0.,
           1., 1.],
          [0., 1., 1., 1., 0., 1., 1., 0., 0., 1., 1., 0., 0., 0., 1., 1., 1.,
           1., 1.],
          [1., 0., 1., 1., 0., 0., 0., 0., 0., 0., 0., 0., 0., 1., 1., 1., 0.,
           1., 0.],
          [0., 0., 0., 1., 1., 0., 1., 1., 0., 1., 1., 1., 0., 1., 1., 0., 1.,
           1., 0.],
          [0., 1., 0., 1., 0., 0., 0., 1., 1., 0., 0., 1., 0., 0., 0., 1., 1.,
           0., 0.],
          [1., 1., 0., 0., 0., 1., 0., 1., 0., 0., 0., 1., 1., 0., 0., 0., 1.,
           0., 0.],
          [1., 1., 0., 1., 1., 1., 1., 1., 1., 1., 1., 0., 0., 1., 1., 0., 0.,
           0., 1.],
          [0., 1., 1., 0., 1., 0., 0., 1., 1., 1., 1., 0., 1., 0., 1., 1., 0.,
           0., 0.],
          [1., 0., 1., 0., 0., 1., 1., 0., 0., 1., 1., 0., 0., 1., 0., 0., 1.,
           0., 1.],
          [1., 0., 1., 1., 1., 0., 0., 0., 1., 1., 0., 0., 1., 0., 1., 0., 0.,
           0., 0.],
          [1., 0., 1., 1., 0., 1., 1., 0., 0., 0., 0., 0., 0., 1., 1., 0., 1.,
           1., 1.],
          [0., 0., 0., 0., 1., 0., 0., 0., 1., 1., 1., 0., 0., 1., 1., 1., 0.,
           0., 1.],
          [1., 1., 0., 0., 1., 1., 0., 1., 0., 0., 1., 0., 0., 0., 0., 0., 0.,
           1., 0.],
          [0., 0., 0., 0., 1., 0., 0., 1., 0., 1., 1., 0., 1., 1., 0., 0., 1.,
           1., 0.],
          [0., 0., 0., 0., 1., 1., 1., 1., 0., 1., 1., 1., 0., 0., 0., 0., 1.,
           1., 1.],
          [1., 1., 1., 1., 1., 0., 1., 1., 0., 1., 1., 0., 0., 1., 0., 0., 0.,
           0., 1.]]]], device='cuda:0'), tensor([[0.7324]], device='cuda:0'))
2026-01-07 17:24:58 - INFO - [ 8.8879389e-01 -2.5163597e-01 -4.4891887e-04  6.8784500e-03
 -4.4891887e-04  6.8784538e-03  9.9866468e-01 -2.7754951e-02]
2026-01-07 17:24:58 - INFO - {'S11_real': np.float32(0.8887939), 'S11_imag': np.float32(-0.25163597), 'S21_real': np.float32(-0.00044891887), 'S21_imag': np.float32(0.00687845), 'S12_real': np.float32(-0.00044891887), 'S12_imag': np.float32(0.006878454), 'S22_real': np.float32(0.9986647), 'S22_imag': np.float32(-0.027754951)}
2026-01-07 17:24:58 - INFO - (tensor([[[[0., 0., 1., 0., 0., 0., 1., 0., 0., 0., 0., 0., 0., 1., 0., 1., 1.,
           1., 1.],
          [0., 0., 0., 0., 0., 0., 1., 0., 0., 1., 0., 1., 0., 0., 1., 0., 0.,
           1., 0.],
          [0., 0., 0., 1., 1., 1., 1., 1., 0., 0., 1., 1., 0., 1., 1., 0., 0.,
           1., 1.],
          [0., 1., 1., 0., 1., 1., 1., 0., 0., 0., 1., 1., 1., 0., 1., 0., 1.,
           1., 0.],
          [1., 1., 0., 1., 1., 1., 1., 0., 1., 0., 1., 1., 1., 0., 1., 1., 0.,
           0., 1.],
          [0., 0., 1., 0., 1., 0., 0., 1., 1., 1., 0., 1., 1., 1., 0., 1., 1.,
           0., 1.],
          [1., 1., 1., 0., 1., 1., 1., 1., 1., 0., 1., 1., 1., 0., 1., 0., 1.,
           1., 0.],
          [1., 1., 0., 1., 1., 1., 0., 0., 1., 1., 0., 1., 1., 0., 0., 0., 1.,
           1., 0.],
          [1., 1., 1., 1., 0., 1., 0., 1., 0., 0., 1., 0., 1., 1., 0., 0., 0.,
           0., 1.],
          [1., 0., 0., 0., 1., 0., 1., 1., 0., 1., 1., 1., 0., 0., 1., 0., 1.,
           0., 1.],
          [0., 0., 1., 0., 1., 0., 0., 0., 0., 1., 1., 1., 1., 0., 0., 1., 1.,
           1., 1.],
          [0., 1., 0., 0., 0., 0., 0., 0., 0., 1., 1., 0., 1., 0., 1., 1., 1.,
           1., 1.],
          [1., 1., 1., 0., 0., 0., 1., 0., 0., 1., 0., 0., 1., 1., 0., 1., 1.,
           0., 1.],
          [0., 1., 1., 0., 1., 1., 0., 1., 1., 1., 1., 0., 1., 1., 1., 1., 1.,
           0., 1.],
          [0., 0., 0., 0., 1., 0., 1., 1., 0., 0., 1., 0., 1., 0., 1., 1., 0.,
           0., 0.],
          [0., 1., 0., 1., 1., 1., 1., 0., 0., 1., 1., 0., 0., 1., 1., 1., 0.,
           0., 0.],
          [1., 0., 1., 0., 1., 0., 1., 1., 1., 0., 0., 1., 1., 1., 1., 1., 1.,
           1., 1.],
          [1., 0., 1., 1., 1., 1., 0., 1., 1., 1., 1., 1., 0., 1., 1., 1., 0.,
           0., 0.],
          [0., 1., 1., 0., 0., 1., 0., 1., 0., 0., 0., 0., 0., 0., 1., 1., 1.,
           1., 0.]]]], device='cuda:0'), tensor([[0.7324]], device='cuda:0'))
2026-01-07 17:24:58 - INFO - [-0.05588202  0.00781275  0.90689033 -0.2478565   0.90689033 -0.24785647
 -0.04494907 -0.00122737]
2026-01-07 17:24:58 - INFO - {'S11_real': np.float32(-0.05588202), 'S11_imag': np.float32(0.007812747), 'S21_real': np.float32(0.90689033), 'S21_imag': np.float32(-0.2478565), 'S12_real': np.float32(0.90689033), 'S12_imag': np.float32(-0.24785647), 'S22_real': np.float32(-0.044949066), 'S22_imag': np.float32(-0.0012273708)}
2026-01-07 17:24:58 - INFO - (tensor([[[[1., 0., 0., 0., 1., 0., 0., 0., 0., 1., 0., 1., 0., 1., 1., 1., 1.,
           1., 1.],
          [1., 0., 0., 1., 1., 1., 0., 0., 0., 1., 1., 1., 0., 1., 1., 1., 0.,
           1., 1.],
          [0., 0., 0., 0., 1., 1., 1., 0., 0., 0., 0., 1., 1., 0., 1., 1., 0.,
           1., 1.],
          [1., 0., 0., 0., 0., 1., 0., 1., 1., 0., 0., 0., 0., 1., 1., 1., 0.,
           0., 0.],
          [0., 1., 0., 1., 1., 1., 0., 0., 1., 0., 0., 0., 1., 1., 1., 1., 1.,
           0., 0.],
          [1., 1., 1., 1., 0., 1., 0., 1., 0., 0., 0., 1., 1., 1., 1., 0., 1.,
           1., 1.],
          [1., 1., 0., 0., 0., 1., 1., 0., 1., 0., 0., 0., 0., 0., 1., 1., 1.,
           1., 0.],
          [0., 0., 0., 1., 0., 0., 0., 1., 0., 0., 0., 1., 1., 0., 1., 1., 0.,
           1., 1.],
          [0., 0., 1., 0., 1., 0., 1., 0., 1., 1., 1., 1., 1., 1., 1., 1., 0.,
           1., 0.],
          [1., 1., 0., 0., 0., 0., 0., 0., 1., 1., 0., 1., 0., 0., 0., 1., 1.,
           1., 1.],
          [1., 1., 0., 1., 1., 1., 1., 0., 0., 0., 0., 0., 0., 1., 0., 0., 1.,
           1., 0.],
          [1., 1., 0., 1., 1., 0., 0., 1., 1., 0., 0., 1., 1., 0., 0., 0., 1.,
           0., 0.],
          [0., 1., 1., 1., 0., 0., 0., 0., 1., 1., 0., 0., 0., 0., 0., 1., 0.,
           1., 1.],
          [0., 1., 1., 0., 0., 0., 0., 1., 0., 1., 1., 1., 0., 1., 1., 0., 1.,
           1., 0.],
          [1., 1., 1., 0., 1., 0., 0., 0., 1., 1., 1., 1., 0., 1., 1., 0., 1.,
           0., 0.],
          [0., 0., 1., 0., 0., 1., 0., 0., 1., 0., 1., 1., 0., 1., 0., 1., 1.,
           0., 0.],
          [1., 0., 0., 0., 1., 0., 1., 1., 1., 0., 0., 0., 0., 0., 0., 1., 1.,
           0., 1.],
          [1., 1., 0., 1., 1., 1., 0., 1., 0., 0., 0., 0., 1., 1., 1., 1., 1.,
           1., 1.],
          [1., 0., 0., 1., 0., 0., 0., 1., 0., 0., 1., 1., 1., 0., 0., 1., 1.,
           1., 1.]]]], device='cuda:0'), tensor([[0.7324]], device='cuda:0'))
2026-01-07 17:24:58 - INFO - [ 0.9570011  -0.17085554  0.01966435  0.06895631  0.01966434  0.06895632
  0.8009795  -0.3621873 ]
2026-01-07 17:24:58 - INFO - {'S11_real': np.float32(0.9570011), 'S11_imag': np.float32(-0.17085554), 'S21_real': np.float32(0.019664345), 'S21_imag': np.float32(0.06895631), 'S12_real': np.float32(0.019664338), 'S12_imag': np.float32(0.06895632), 'S22_real': np.float32(0.8009795), 'S22_imag': np.float32(-0.3621873)}
2026-01-07 17:24:58 - INFO - (tensor([[[[1., 0., 1., 0., 1., 0., 0., 1., 0., 0., 1., 0., 0., 0., 1., 1., 0.,
           0., 1.],
          [1., 0., 0., 0., 1., 0., 0., 0., 1., 0., 0., 0., 1., 0., 0., 1., 0.,
           1., 1.],
          [1., 1., 1., 1., 0., 1., 0., 1., 0., 0., 1., 0., 0., 1., 0., 0., 1.,
           0., 0.],
          [1., 0., 0., 1., 0., 1., 1., 0., 0., 1., 1., 1., 1., 0., 1., 0., 0.,
           0., 0.],
          [0., 0., 0., 0., 1., 0., 0., 0., 1., 0., 0., 0., 0., 1., 1., 0., 0.,
           1., 1.],
          [1., 1., 1., 1., 0., 0., 1., 1., 1., 0., 1., 0., 0., 1., 1., 0., 0.,
           0., 1.],
          [1., 1., 0., 1., 1., 1., 0., 1., 1., 1., 1., 1., 0., 0., 0., 0., 0.,
           1., 0.],
          [0., 1., 0., 0., 0., 0., 1., 1., 0., 0., 1., 0., 1., 1., 0., 0., 0.,
           0., 0.],
          [0., 0., 0., 0., 0., 1., 0., 0., 1., 1., 0., 1., 0., 1., 1., 1., 0.,
           1., 1.],
          [1., 1., 1., 1., 0., 0., 0., 1., 1., 1., 0., 1., 1., 1., 1., 1., 1.,
           0., 1.],
          [0., 1., 0., 1., 1., 0., 1., 0., 0., 0., 1., 1., 1., 0., 0., 0., 1.,
           1., 1.],
          [1., 0., 1., 1., 0., 1., 1., 0., 1., 0., 1., 0., 1., 0., 1., 1., 0.,
           0., 0.],
          [1., 0., 1., 0., 1., 1., 0., 1., 0., 0., 0., 1., 1., 1., 1., 0., 1.,
           0., 1.],
          [1., 1., 1., 0., 1., 0., 0., 1., 1., 0., 1., 1., 0., 1., 1., 1., 0.,
           0., 0.],
          [1., 1., 0., 1., 0., 0., 1., 0., 1., 1., 1., 0., 1., 1., 1., 1., 0.,
           0., 1.],
          [1., 0., 1., 1., 0., 0., 1., 0., 0., 1., 1., 0., 1., 1., 0., 1., 0.,
           0., 1.],
          [0., 1., 1., 1., 1., 0., 1., 0., 1., 1., 0., 0., 1., 0., 0., 0., 1.,
           1., 1.],
          [0., 1., 1., 0., 1., 1., 1., 0., 0., 1., 1., 0., 0., 0., 1., 1., 0.,
           0., 1.],
          [0., 1., 0., 1., 0., 1., 0., 1., 1., 1., 0., 1., 1., 1., 0., 0., 0.,
           1., 0.]]]], device='cuda:0'), tensor([[0.7324]], device='cuda:0'))
2026-01-07 17:24:58 - INFO - [-0.03898148  0.00310192  0.92453295 -0.22019385  0.92453295 -0.22019386
 -0.04386007  0.00699262]
2026-01-07 17:24:58 - INFO - {'S11_real': np.float32(-0.03898148), 'S11_imag': np.float32(0.00310192), 'S21_real': np.float32(0.92453295), 'S21_imag': np.float32(-0.22019385), 'S12_real': np.float32(0.92453295), 'S12_imag': np.float32(-0.22019386), 'S22_real': np.float32(-0.043860067), 'S22_imag': np.float32(0.006992621)}
2026-01-07 17:24:58 - INFO - (tensor([[[[1., 0., 0., 0., 1., 1., 0., 0., 1., 1., 1., 1., 0., 0., 0., 1., 1.,
           0., 0.],
          [0., 0., 0., 1., 0., 1., 1., 1., 0., 1., 0., 0., 1., 0., 1., 0., 0.,
           1., 1.],
          [0., 1., 1., 0., 1., 1., 0., 1., 0., 1., 0., 1., 0., 0., 0., 1., 0.,
           0., 1.],
          [0., 0., 0., 0., 1., 1., 1., 0., 1., 0., 0., 1., 0., 0., 1., 1., 0.,
           0., 0.],
          [0., 1., 1., 0., 1., 0., 1., 1., 0., 1., 0., 1., 1., 0., 1., 1., 0.,
           1., 1.],
          [0., 0., 1., 1., 0., 0., 1., 1., 0., 1., 1., 0., 1., 1., 0., 1., 1.,
           0., 0.],
          [0., 1., 1., 1., 1., 0., 0., 0., 1., 0., 1., 1., 1., 0., 1., 1., 0.,
           0., 1.],
          [1., 1., 0., 0., 0., 0., 0., 1., 1., 1., 1., 0., 0., 1., 1., 0., 1.,
           1., 0.],
          [1., 0., 1., 1., 1., 0., 0., 0., 0., 0., 0., 1., 1., 1., 1., 0., 1.,
           0., 1.],
          [1., 0., 0., 1., 0., 0., 1., 0., 0., 0., 1., 0., 0., 0., 1., 1., 1.,
           0., 1.],
          [0., 1., 1., 0., 0., 0., 0., 0., 0., 0., 1., 1., 1., 0., 1., 0., 1.,
           1., 0.],
          [1., 1., 1., 1., 1., 0., 0., 1., 0., 0., 1., 0., 0., 0., 1., 1., 1.,
           1., 1.],
          [1., 1., 0., 1., 0., 1., 1., 1., 1., 0., 1., 0., 0., 0., 1., 1., 0.,
           1., 1.],
          [1., 0., 0., 0., 0., 0., 1., 0., 0., 0., 0., 1., 1., 0., 1., 0., 0.,
           0., 1.],
          [1., 0., 0., 0., 1., 0., 0., 1., 0., 1., 0., 1., 0., 0., 1., 0., 1.,
           0., 1.],
          [0., 1., 1., 0., 0., 1., 1., 1., 0., 1., 1., 1., 0., 0., 0., 1., 1.,
           0., 0.],
          [0., 0., 1., 0., 0., 1., 1., 0., 0., 0., 0., 1., 0., 0., 0., 0., 1.,
           0., 1.],
          [0., 0., 0., 1., 1., 0., 1., 1., 0., 1., 1., 1., 1., 1., 0., 0., 0.,
           1., 0.],
          [1., 0., 1., 1., 1., 0., 1., 0., 1., 1., 0., 0., 1., 1., 1., 0., 1.,
           1., 1.]]]], device='cuda:0'), tensor([[0.7324]], device='cuda:0'))
2026-01-07 17:24:58 - INFO - [-4.4895235e-02 -2.9753656e-03  9.1958135e-01 -2.2590505e-01
  9.1958135e-01 -2.2590506e-01 -4.8032381e-02 -7.1408588e-04]
2026-01-07 17:24:58 - INFO - {'S11_real': np.float32(-0.044895235), 'S11_imag': np.float32(-0.0029753656), 'S21_real': np.float32(0.91958135), 'S21_imag': np.float32(-0.22590505), 'S12_real': np.float32(0.91958135), 'S12_imag': np.float32(-0.22590506), 'S22_real': np.float32(-0.04803238), 'S22_imag': np.float32(-0.0007140859)}
2026-01-07 17:24:58 - INFO - (tensor([[[[1., 0., 0., 0., 0., 1., 1., 0., 1., 1., 1., 0., 0., 0., 1., 1., 1.,
           0., 0.],
          [0., 0., 1., 1., 0., 0., 1., 1., 0., 0., 0., 1., 1., 1., 1., 1., 0.,
           0., 0.],
          [0., 0., 1., 0., 0., 0., 1., 0., 1., 0., 0., 1., 0., 0., 1., 0., 1.,
           1., 1.],
          [1., 1., 0., 0., 0., 1., 0., 1., 0., 1., 1., 0., 0., 0., 1., 0., 1.,
           0., 1.],
          [1., 0., 0., 0., 1., 1., 0., 0., 0., 1., 1., 0., 0., 1., 1., 0., 0.,
           0., 1.],
          [0., 1., 0., 0., 0., 0., 0., 0., 1., 1., 0., 1., 1., 1., 1., 0., 0.,
           0., 0.],
          [0., 1., 1., 0., 0., 0., 0., 1., 1., 1., 1., 0., 0., 0., 1., 0., 0.,
           0., 1.],
          [0., 1., 1., 1., 0., 0., 0., 1., 1., 0., 1., 1., 0., 0., 1., 0., 0.,
           1., 1.],
          [1., 0., 0., 1., 1., 0., 1., 0., 1., 0., 0., 0., 0., 1., 1., 0., 0.,
           0., 1.],
          [1., 1., 1., 0., 1., 0., 1., 1., 1., 1., 1., 0., 0., 0., 1., 1., 0.,
           1., 1.],
          [0., 1., 1., 0., 1., 1., 0., 0., 1., 0., 1., 1., 1., 1., 0., 0., 0.,
           0., 1.],
          [0., 1., 1., 1., 1., 1., 0., 1., 0., 1., 1., 1., 1., 1., 0., 1., 0.,
           0., 0.],
          [0., 0., 1., 1., 1., 1., 0., 1., 1., 1., 0., 0., 0., 0., 0., 1., 0.,
           1., 1.],
          [1., 0., 1., 1., 0., 1., 0., 0., 0., 1., 1., 1., 0., 1., 1., 0., 1.,
           1., 0.],
          [0., 1., 1., 0., 0., 0., 1., 0., 1., 0., 1., 0., 0., 1., 0., 0., 1.,
           1., 0.],
          [0., 1., 1., 1., 1., 0., 0., 0., 1., 1., 0., 1., 1., 0., 0., 1., 0.,
           0., 1.],
          [1., 1., 1., 0., 1., 1., 0., 0., 0., 1., 1., 0., 1., 0., 1., 0., 0.,
           0., 0.],
          [0., 0., 1., 1., 0., 1., 1., 1., 1., 0., 1., 1., 1., 0., 0., 1., 1.,
           1., 1.],
          [1., 0., 0., 1., 1., 1., 0., 0., 1., 0., 1., 0., 0., 0., 0., 0., 0.,
           1., 1.]]]], device='cuda:0'), tensor([[0.7324]], device='cuda:0'))
2026-01-07 17:24:58 - INFO - [ 0.73679686 -0.3997882   0.00879588  0.0384282   0.00879588  0.0384282
  0.9868847  -0.08049782]
2026-01-07 17:24:58 - INFO - {'S11_real': np.float32(0.73679686), 'S11_imag': np.float32(-0.3997882), 'S21_real': np.float32(0.008795883), 'S21_imag': np.float32(0.0384282), 'S12_real': np.float32(0.008795884), 'S12_imag': np.float32(0.038428202), 'S22_real': np.float32(0.9868847), 'S22_imag': np.float32(-0.080497816)}
2026-01-07 17:24:58 - INFO - (tensor([[[[1., 1., 1., 1., 1., 1., 1., 0., 1., 1., 0., 1., 1., 0., 0., 0., 1.,
           1., 1.],
          [1., 1., 1., 1., 1., 1., 1., 0., 1., 0., 1., 0., 1., 1., 0., 0., 0.,
           0., 0.],
          [0., 1., 1., 0., 1., 1., 0., 1., 1., 0., 0., 1., 1., 0., 0., 1., 1.,
           0., 0.],
          [1., 0., 0., 1., 0., 0., 0., 0., 0., 0., 1., 0., 0., 1., 1., 1., 0.,
           1., 1.],
          [1., 0., 1., 0., 0., 1., 0., 0., 0., 0., 0., 1., 0., 0., 0., 0., 1.,
           1., 0.],
          [0., 1., 0., 0., 1., 1., 0., 1., 0., 0., 0., 0., 1., 1., 1., 0., 1.,
           0., 1.],
          [0., 0., 1., 0., 0., 1., 1., 0., 0., 0., 0., 1., 1., 0., 0., 0., 0.,
           1., 1.],
          [1., 1., 0., 0., 0., 1., 1., 1., 1., 0., 0., 1., 1., 0., 0., 0., 0.,
           0., 1.],
          [0., 0., 1., 0., 0., 1., 1., 1., 1., 1., 1., 0., 0., 0., 0., 1., 1.,
           1., 0.],
          [1., 0., 1., 0., 1., 1., 0., 1., 1., 0., 0., 1., 1., 1., 1., 1., 1.,
           0., 1.],
          [0., 0., 1., 0., 1., 0., 1., 0., 1., 0., 0., 0., 0., 0., 0., 1., 1.,
           0., 0.],
          [0., 1., 0., 0., 0., 1., 0., 1., 0., 0., 1., 0., 0., 0., 1., 1., 0.,
           0., 1.],
          [1., 0., 0., 0., 1., 1., 1., 1., 0., 1., 1., 1., 0., 0., 0., 0., 1.,
           1., 0.],
          [0., 0., 1., 1., 1., 1., 0., 0., 1., 1., 0., 0., 0., 1., 0., 1., 0.,
           1., 0.],
          [0., 0., 0., 0., 0., 1., 0., 1., 0., 0., 0., 0., 1., 0., 0., 0., 1.,
           1., 0.],
          [0., 0., 0., 1., 1., 1., 1., 1., 1., 0., 0., 0., 1., 0., 1., 0., 1.,
           0., 0.],
          [1., 0., 1., 0., 0., 0., 0., 0., 1., 1., 1., 0., 1., 1., 0., 0., 0.,
           1., 1.],
          [0., 1., 1., 1., 1., 0., 0., 0., 1., 0., 0., 1., 0., 1., 0., 1., 0.,
           0., 0.],
          [1., 1., 0., 1., 1., 1., 0., 0., 0., 1., 0., 0., 0., 0., 0., 0., 1.,
           0., 0.]]]], device='cuda:0'), tensor([[0.7324]], device='cuda:0'))
2026-01-07 17:24:58 - INFO - [ 9.9884647e-01 -2.7882645e-02 -1.6050320e-04  1.3142452e-04
 -1.6050134e-04  1.3142452e-04  9.9691492e-01 -3.3009943e-02]
2026-01-07 17:24:58 - INFO - {'S11_real': np.float32(0.9988465), 'S11_imag': np.float32(-0.027882645), 'S21_real': np.float32(-0.0001605032), 'S21_imag': np.float32(0.00013142452), 'S12_real': np.float32(-0.00016050134), 'S12_imag': np.float32(0.00013142452), 'S22_real': np.float32(0.9969149), 'S22_imag': np.float32(-0.033009943)}
2026-01-07 17:24:58 - INFO - (tensor([[[[0., 1., 0., 1., 1., 1., 0., 1., 0., 0., 1., 1., 0., 0., 1., 0., 0.,
           1., 0.],
          [0., 0., 0., 1., 0., 1., 1., 0., 0., 0., 0., 1., 0., 1., 0., 0., 1.,
           1., 1.],
          [1., 1., 0., 1., 1., 0., 0., 1., 0., 0., 0., 0., 0., 0., 1., 1., 0.,
           1., 1.],
          [0., 0., 0., 0., 1., 0., 1., 0., 1., 0., 0., 0., 0., 1., 0., 1., 1.,
           0., 0.],
          [1., 0., 1., 0., 0., 0., 1., 0., 1., 0., 1., 0., 1., 0., 1., 1., 1.,
           1., 1.],
          [1., 0., 0., 0., 1., 0., 1., 1., 0., 0., 0., 1., 0., 1., 1., 1., 0.,
           0., 0.],
          [0., 1., 1., 1., 1., 0., 0., 1., 0., 1., 1., 0., 1., 0., 0., 1., 0.,
           0., 1.],
          [0., 0., 0., 0., 0., 0., 1., 0., 1., 1., 1., 1., 1., 1., 0., 0., 1.,
           1., 1.],
          [0., 0., 1., 1., 1., 1., 1., 1., 0., 0., 0., 1., 0., 0., 1., 1., 1.,
           1., 1.],
          [1., 0., 1., 1., 0., 0., 0., 1., 1., 1., 1., 0., 0., 1., 0., 1., 0.,
           1., 1.],
          [0., 0., 0., 0., 0., 1., 1., 1., 0., 1., 0., 0., 0., 1., 1., 0., 1.,
           1., 0.],
          [0., 1., 1., 0., 1., 1., 1., 0., 0., 0., 1., 0., 0., 1., 1., 1., 1.,
           0., 0.],
          [1., 0., 0., 1., 1., 1., 0., 0., 0., 0., 0., 0., 1., 1., 1., 1., 0.,
           1., 1.],
          [1., 1., 0., 0., 0., 1., 1., 0., 1., 1., 0., 1., 1., 1., 1., 1., 1.,
           1., 1.],
          [1., 1., 0., 0., 0., 0., 1., 0., 0., 0., 0., 0., 1., 0., 1., 1., 1.,
           1., 0.],
          [1., 1., 1., 0., 1., 0., 0., 1., 1., 1., 1., 0., 1., 0., 0., 0., 0.,
           1., 0.],
          [0., 1., 1., 1., 1., 0., 0., 0., 0., 0., 0., 1., 1., 0., 0., 0., 0.,
           0., 1.],
          [1., 1., 0., 0., 1., 0., 0., 0., 0., 1., 0., 1., 0., 1., 1., 0., 1.,
           1., 1.],
          [1., 1., 0., 1., 0., 1., 1., 0., 1., 1., 1., 0., 0., 1., 0., 1., 0.,
           0., 0.]]]], device='cuda:0'), tensor([[0.7324]], device='cuda:0'))
2026-01-07 17:24:58 - INFO - [ 9.9836439e-01 -2.7621550e-02  7.6715538e-04  1.0864058e-02
  7.6715351e-04  1.0864065e-02  7.7045971e-01 -3.6261493e-01]
2026-01-07 17:24:58 - INFO - {'S11_real': np.float32(0.9983644), 'S11_imag': np.float32(-0.02762155), 'S21_real': np.float32(0.0007671554), 'S21_imag': np.float32(0.010864058), 'S12_real': np.float32(0.0007671535), 'S12_imag': np.float32(0.010864065), 'S22_real': np.float32(0.7704597), 'S22_imag': np.float32(-0.36261493)}
2026-01-07 17:24:58 - INFO - (tensor([[[[1., 0., 1., 0., 1., 1., 0., 0., 1., 1., 0., 0., 1., 1., 1., 1., 0.,
           0., 0.],
          [0., 0., 0., 1., 0., 1., 0., 0., 1., 0., 1., 1., 1., 0., 1., 1., 1.,
           1., 1.],
          [0., 0., 0., 1., 0., 0., 1., 1., 0., 0., 0., 1., 0., 0., 0., 0., 1.,
           0., 1.],
          [0., 1., 0., 0., 1., 0., 0., 1., 1., 1., 0., 0., 1., 1., 1., 0., 0.,
           1., 1.],
          [1., 1., 0., 1., 1., 0., 1., 1., 0., 1., 1., 1., 0., 1., 0., 0., 0.,
           1., 0.],
          [0., 1., 0., 0., 0., 1., 0., 0., 1., 1., 0., 1., 0., 1., 0., 1., 0.,
           0., 1.],
          [1., 1., 1., 1., 0., 0., 1., 0., 0., 1., 0., 1., 0., 0., 1., 0., 1.,
           0., 0.],
          [0., 1., 1., 0., 1., 1., 1., 0., 1., 1., 1., 1., 1., 1., 1., 1., 1.,
           1., 0.],
          [0., 0., 0., 0., 1., 1., 1., 1., 0., 0., 1., 1., 0., 1., 1., 0., 1.,
           1., 1.],
          [1., 0., 0., 0., 0., 0., 0., 1., 0., 1., 0., 1., 1., 0., 1., 0., 1.,
           1., 1.],
          [0., 1., 1., 0., 0., 1., 0., 0., 0., 0., 1., 0., 1., 0., 0., 0., 1.,
           1., 1.],
          [1., 0., 1., 0., 1., 0., 1., 0., 0., 1., 1., 0., 0., 1., 0., 1., 0.,
           1., 1.],
          [1., 0., 1., 1., 1., 1., 1., 0., 0., 0., 1., 0., 1., 0., 0., 0., 0.,
           1., 0.],
          [0., 1., 0., 0., 1., 0., 0., 1., 1., 0., 0., 0., 1., 1., 0., 1., 1.,
           0., 1.],
          [1., 1., 1., 0., 1., 0., 0., 0., 0., 1., 0., 0., 1., 1., 1., 0., 0.,
           1., 1.],
          [0., 1., 1., 0., 1., 1., 1., 1., 1., 1., 0., 0., 1., 0., 1., 0., 1.,
           0., 1.],
          [1., 1., 0., 0., 0., 1., 0., 0., 1., 1., 0., 1., 0., 1., 1., 0., 1.,
           1., 1.],
          [1., 1., 1., 1., 1., 1., 1., 1., 1., 0., 1., 1., 1., 0., 0., 0., 0.,
           1., 1.],
          [1., 0., 1., 0., 0., 0., 1., 1., 1., 1., 0., 1., 1., 1., 0., 0., 1.,
           1., 0.]]]], device='cuda:0'), tensor([[0.7324]], device='cuda:0'))
2026-01-07 17:24:58 - INFO - [ 0.99833316 -0.03094155  0.00339994  0.01641478  0.00339994  0.01641478
  0.69193953 -0.41941357]
2026-01-07 17:24:58 - INFO - {'S11_real': np.float32(0.99833316), 'S11_imag': np.float32(-0.030941553), 'S21_real': np.float32(0.0033999393), 'S21_imag': np.float32(0.01641478), 'S12_real': np.float32(0.0033999374), 'S12_imag': np.float32(0.01641478), 'S22_real': np.float32(0.69193953), 'S22_imag': np.float32(-0.41941357)}
2026-01-07 17:24:58 - INFO - (tensor([[[[0., 1., 0., 0., 0., 0., 0., 0., 0., 1., 0., 1., 1., 1., 1., 1., 1.,
           0., 0.],
          [1., 1., 0., 0., 1., 1., 1., 0., 0., 0., 1., 0., 1., 1., 0., 0., 0.,
           1., 0.],
          [1., 0., 1., 0., 1., 0., 1., 0., 0., 0., 0., 1., 0., 1., 0., 0., 0.,
           0., 1.],
          [1., 0., 1., 1., 0., 0., 1., 1., 0., 0., 0., 0., 0., 0., 0., 0., 0.,
           0., 1.],
          [1., 1., 0., 1., 0., 0., 0., 1., 0., 0., 1., 0., 1., 1., 0., 1., 1.,
           0., 0.],
          [0., 0., 1., 0., 1., 0., 1., 0., 1., 0., 1., 0., 1., 0., 0., 0., 0.,
           0., 1.],
          [1., 1., 0., 0., 1., 0., 1., 0., 1., 1., 1., 0., 1., 1., 0., 0., 0.,
           1., 0.],
          [0., 0., 0., 0., 1., 1., 0., 0., 0., 1., 1., 1., 0., 1., 1., 1., 0.,
           1., 1.],
          [1., 0., 1., 0., 0., 1., 0., 1., 1., 0., 1., 1., 1., 0., 0., 0., 1.,
           1., 0.],
          [1., 1., 0., 1., 0., 1., 1., 1., 0., 1., 0., 1., 1., 1., 0., 1., 0.,
           1., 1.],
          [0., 0., 1., 0., 1., 0., 1., 0., 0., 0., 0., 1., 0., 0., 0., 1., 1.,
           0., 1.],
          [1., 0., 1., 0., 0., 1., 1., 0., 0., 0., 1., 1., 1., 1., 0., 1., 1.,
           1., 0.],
          [1., 0., 1., 0., 0., 0., 0., 1., 1., 1., 0., 0., 0., 0., 1., 1., 0.,
           1., 0.],
          [1., 1., 0., 1., 0., 1., 0., 0., 0., 1., 1., 0., 0., 1., 0., 0., 1.,
           0., 0.],
          [0., 1., 1., 0., 0., 1., 0., 0., 0., 1., 1., 1., 0., 0., 1., 0., 1.,
           0., 1.],
          [1., 1., 0., 0., 1., 0., 1., 1., 1., 1., 0., 1., 0., 1., 1., 1., 1.,
           1., 1.],
          [1., 0., 0., 0., 0., 0., 1., 1., 0., 1., 1., 1., 0., 0., 0., 1., 0.,
           1., 1.],
          [1., 1., 1., 0., 0., 0., 1., 0., 0., 1., 0., 1., 1., 1., 1., 0., 0.,
           1., 0.],
          [0., 1., 1., 1., 0., 0., 1., 1., 1., 0., 1., 0., 1., 0., 0., 1., 0.,
           0., 0.]]]], device='cuda:0'), tensor([[0.7324]], device='cuda:0'))
2026-01-07 17:24:58 - INFO - [ 0.1750915  -0.01726878  0.8840176  -0.19571704  0.8840176  -0.19571702
  0.08249043 -0.05610213]
2026-01-07 17:24:58 - INFO - {'S11_real': np.float32(0.1750915), 'S11_imag': np.float32(-0.01726878), 'S21_real': np.float32(0.8840176), 'S21_imag': np.float32(-0.19571704), 'S12_real': np.float32(0.8840176), 'S12_imag': np.float32(-0.19571702), 'S22_real': np.float32(0.08249043), 'S22_imag': np.float32(-0.056102127)}
2026-01-07 17:24:58 - INFO - (tensor([[[[1., 0., 0., 0., 1., 1., 1., 0., 1., 1., 1., 1., 0., 1., 1., 1., 1.,
           0., 0.],
          [1., 0., 0., 1., 0., 1., 0., 1., 0., 0., 1., 0., 1., 0., 1., 0., 0.,
           0., 0.],
          [0., 1., 1., 1., 1., 0., 1., 1., 0., 1., 0., 1., 0., 0., 0., 1., 0.,
           1., 0.],
          [0., 0., 0., 0., 0., 1., 0., 0., 1., 1., 0., 0., 0., 0., 1., 1., 1.,
           1., 1.],
          [0., 1., 0., 1., 1., 0., 0., 0., 0., 0., 0., 1., 1., 1., 1., 1., 1.,
           1., 1.],
          [0., 1., 1., 0., 0., 1., 0., 0., 0., 0., 1., 0., 1., 0., 0., 0., 0.,
           0., 0.],
          [0., 0., 0., 1., 1., 1., 0., 0., 0., 1., 0., 1., 1., 0., 1., 0., 1.,
           0., 0.],
          [0., 0., 0., 1., 0., 0., 1., 1., 0., 1., 0., 0., 0., 1., 0., 0., 0.,
           0., 0.],
          [0., 0., 1., 0., 0., 0., 1., 1., 0., 0., 1., 0., 0., 0., 0., 1., 0.,
           1., 0.],
          [1., 0., 0., 1., 0., 1., 1., 0., 0., 1., 1., 1., 0., 0., 0., 1., 0.,
           1., 1.],
          [1., 0., 0., 1., 1., 1., 1., 0., 0., 1., 0., 0., 0., 0., 1., 0., 1.,
           0., 1.],
          [1., 0., 0., 0., 0., 1., 1., 0., 1., 1., 0., 0., 1., 0., 0., 1., 1.,
           0., 1.],
          [1., 0., 1., 0., 0., 1., 1., 0., 1., 1., 0., 1., 1., 1., 0., 1., 0.,
           1., 1.],
          [0., 1., 1., 1., 0., 0., 0., 1., 0., 1., 1., 0., 0., 1., 0., 0., 1.,
           1., 1.],
          [0., 1., 0., 1., 0., 0., 1., 0., 0., 0., 1., 0., 1., 1., 0., 0., 1.,
           1., 0.],
          [1., 1., 1., 0., 0., 1., 0., 0., 1., 1., 0., 0., 0., 0., 0., 0., 0.,
           1., 0.],
          [0., 0., 0., 1., 1., 1., 0., 0., 1., 1., 0., 0., 0., 1., 0., 1., 1.,
           1., 0.],
          [0., 1., 1., 1., 0., 0., 0., 1., 0., 0., 0., 0., 1., 0., 0., 1., 1.,
           0., 0.],
          [1., 1., 0., 0., 0., 1., 1., 0., 0., 1., 1., 1., 1., 0., 0., 1., 1.,
           1., 1.]]]], device='cuda:0'), tensor([[0.7324]], device='cuda:0'))
2026-01-07 17:24:58 - INFO - [ 9.8378795e-01 -7.9652227e-02 -7.9959707e-04  7.4773342e-03
 -7.9959148e-04  7.4773380e-03  9.4720107e-01 -1.5834260e-01]
2026-01-07 17:24:58 - INFO - {'S11_real': np.float32(0.98378795), 'S11_imag': np.float32(-0.07965223), 'S21_real': np.float32(-0.00079959707), 'S21_imag': np.float32(0.0074773342), 'S12_real': np.float32(-0.0007995915), 'S12_imag': np.float32(0.007477338), 'S22_real': np.float32(0.9472011), 'S22_imag': np.float32(-0.1583426)}
2026-01-07 17:24:58 - INFO - (tensor([[[[0., 1., 0., 0., 0., 0., 0., 1., 0., 1., 1., 0., 1., 1., 1., 0., 0.,
           0., 1.],
          [1., 1., 1., 0., 0., 0., 1., 1., 1., 1., 0., 1., 0., 0., 1., 0., 0.,
           1., 0.],
          [1., 1., 0., 1., 0., 0., 0., 0., 0., 0., 1., 0., 0., 1., 1., 0., 1.,
           0., 1.],
          [1., 1., 0., 1., 1., 0., 0., 1., 1., 1., 0., 0., 1., 0., 1., 1., 0.,
           0., 0.],
          [0., 1., 1., 0., 1., 0., 0., 1., 0., 1., 0., 1., 0., 1., 0., 0., 0.,
           1., 0.],
          [0., 0., 0., 0., 1., 1., 1., 0., 1., 0., 1., 1., 1., 0., 0., 0., 1.,
           0., 0.],
          [1., 1., 0., 1., 0., 1., 0., 0., 1., 1., 0., 1., 0., 1., 0., 1., 0.,
           1., 0.],
          [0., 1., 1., 0., 0., 1., 1., 0., 0., 0., 1., 1., 0., 1., 0., 0., 1.,
           1., 1.],
          [0., 1., 1., 1., 0., 0., 0., 1., 0., 0., 0., 1., 0., 0., 0., 1., 0.,
           0., 0.],
          [1., 1., 0., 0., 0., 1., 1., 1., 1., 0., 0., 1., 1., 1., 0., 1., 1.,
           1., 1.],
          [1., 0., 1., 1., 0., 1., 1., 1., 0., 1., 0., 0., 1., 0., 1., 0., 0.,
           0., 1.],
          [1., 0., 1., 0., 1., 0., 1., 0., 1., 1., 1., 1., 1., 0., 0., 1., 1.,
           0., 1.],
          [1., 1., 1., 0., 1., 0., 0., 0., 0., 1., 0., 1., 1., 0., 0., 1., 1.,
           0., 0.],
          [1., 0., 0., 1., 1., 1., 1., 1., 1., 0., 1., 1., 1., 0., 0., 1., 1.,
           0., 0.],
          [1., 0., 0., 0., 1., 0., 0., 1., 0., 0., 0., 1., 1., 1., 0., 0., 0.,
           1., 1.],
          [0., 1., 1., 0., 0., 1., 1., 1., 0., 1., 0., 1., 1., 0., 0., 1., 1.,
           0., 1.],
          [0., 0., 1., 0., 0., 1., 1., 1., 1., 1., 1., 1., 1., 1., 0., 1., 0.,
           1., 1.],
          [0., 0., 0., 0., 1., 1., 1., 1., 1., 1., 0., 1., 0., 1., 1., 0., 1.,
           1., 0.],
          [0., 1., 0., 0., 0., 1., 0., 1., 0., 0., 0., 0., 1., 1., 1., 0., 0.,
           0., 1.]]]], device='cuda:0'), tensor([[0.7324]], device='cuda:0'))
2026-01-07 17:24:58 - INFO - [ 0.14437751 -0.09390821  0.861208   -0.18584998  0.861208   -0.18585
  0.23190787 -0.03191414]
2026-01-07 17:24:58 - INFO - {'S11_real': np.float32(0.14437751), 'S11_imag': np.float32(-0.093908206), 'S21_real': np.float32(0.861208), 'S21_imag': np.float32(-0.18584998), 'S12_real': np.float32(0.861208), 'S12_imag': np.float32(-0.18585), 'S22_real': np.float32(0.23190787), 'S22_imag': np.float32(-0.03191414)}
2026-01-07 17:24:58 - INFO - (tensor([[[[0., 0., 1., 0., 1., 1., 1., 0., 0., 0., 1., 0., 1., 1., 0., 0., 1.,
           1., 0.],
          [0., 1., 1., 0., 1., 0., 0., 1., 1., 0., 1., 0., 1., 1., 1., 1., 0.,
           0., 0.],
          [1., 0., 1., 1., 0., 0., 1., 1., 1., 1., 1., 1., 0., 0., 1., 0., 0.,
           0., 0.],
          [0., 0., 0., 0., 1., 0., 1., 0., 1., 1., 0., 1., 0., 0., 0., 0., 1.,
           0., 1.],
          [1., 0., 1., 1., 1., 0., 1., 0., 0., 0., 0., 1., 1., 1., 0., 0., 0.,
           1., 0.],
          [1., 1., 0., 0., 1., 1., 0., 0., 0., 0., 1., 0., 1., 0., 0., 1., 0.,
           1., 0.],
          [1., 1., 1., 0., 1., 1., 0., 1., 1., 0., 0., 0., 1., 1., 1., 0., 0.,
           1., 1.],
          [0., 1., 1., 0., 1., 0., 1., 1., 1., 1., 0., 0., 1., 1., 1., 0., 1.,
           0., 0.],
          [1., 0., 0., 0., 0., 0., 0., 0., 0., 0., 0., 0., 1., 0., 1., 1., 1.,
           1., 0.],
          [1., 0., 1., 0., 1., 1., 1., 1., 0., 1., 0., 0., 1., 0., 1., 1., 0.,
           0., 1.],
          [0., 0., 1., 0., 0., 1., 1., 1., 0., 1., 1., 1., 0., 0., 1., 0., 0.,
           0., 1.],
          [1., 1., 1., 1., 0., 0., 1., 0., 1., 0., 0., 1., 1., 0., 0., 1., 0.,
           1., 1.],
          [1., 0., 1., 1., 1., 1., 0., 1., 1., 0., 1., 1., 1., 1., 0., 0., 0.,
           0., 0.],
          [0., 1., 0., 1., 1., 0., 1., 1., 1., 0., 1., 0., 0., 1., 0., 1., 0.,
           0., 0.],
          [0., 1., 0., 1., 1., 1., 1., 0., 0., 1., 1., 1., 0., 0., 1., 0., 0.,
           0., 0.],
          [1., 0., 1., 1., 0., 1., 0., 0., 1., 1., 0., 1., 1., 0., 0., 1., 1.,
           0., 0.],
          [0., 0., 1., 0., 0., 0., 0., 0., 0., 0., 1., 0., 0., 1., 1., 1., 1.,
           0., 1.],
          [1., 1., 0., 0., 0., 1., 0., 0., 0., 1., 0., 0., 1., 0., 1., 0., 1.,
           0., 1.],
          [1., 1., 1., 0., 1., 1., 0., 1., 1., 1., 0., 0., 0., 0., 1., 1., 0.,
           1., 0.]]]], device='cuda:0'), tensor([[0.7324]], device='cuda:0'))
2026-01-07 17:24:58 - INFO - [ 9.9635798e-01 -3.3894591e-02 -6.6086731e-04  1.4171815e-03
 -6.6087663e-04  1.4171815e-03  9.8899817e-01 -6.8513006e-02]
2026-01-07 17:24:58 - INFO - {'S11_real': np.float32(0.996358), 'S11_imag': np.float32(-0.03389459), 'S21_real': np.float32(-0.0006608673), 'S21_imag': np.float32(0.0014171815), 'S12_real': np.float32(-0.0006608766), 'S12_imag': np.float32(0.0014171815), 'S22_real': np.float32(0.9889982), 'S22_imag': np.float32(-0.068513006)}
2026-01-07 17:24:58 - INFO - (tensor([[[[1., 0., 0., 0., 0., 1., 0., 0., 1., 0., 0., 1., 1., 0., 1., 0., 0.,
           1., 0.],
          [1., 1., 1., 0., 0., 1., 1., 1., 1., 0., 0., 1., 0., 1., 1., 0., 1.,
           1., 0.],
          [1., 1., 0., 0., 0., 0., 0., 1., 1., 0., 0., 0., 0., 0., 1., 0., 0.,
           1., 0.],
          [1., 0., 1., 0., 0., 1., 1., 0., 1., 0., 1., 1., 0., 0., 1., 0., 1.,
           0., 0.],
          [1., 0., 1., 1., 0., 0., 1., 1., 1., 1., 1., 0., 1., 1., 1., 1., 1.,
           1., 1.],
          [1., 1., 1., 0., 0., 0., 1., 1., 1., 1., 1., 0., 1., 1., 1., 1., 1.,
           1., 0.],
          [1., 0., 1., 1., 1., 0., 1., 0., 1., 1., 1., 1., 0., 1., 0., 0., 1.,
           0., 0.],
          [1., 0., 0., 1., 1., 0., 0., 0., 0., 0., 1., 0., 0., 1., 1., 0., 1.,
           0., 1.],
          [1., 1., 1., 1., 0., 0., 1., 1., 1., 1., 0., 1., 1., 0., 1., 0., 1.,
           1., 0.],
          [1., 0., 0., 0., 0., 1., 1., 0., 0., 0., 0., 0., 1., 1., 0., 1., 1.,
           0., 1.],
          [0., 0., 1., 1., 0., 1., 0., 0., 0., 0., 0., 0., 0., 1., 1., 0., 1.,
           1., 0.],
          [0., 1., 0., 1., 0., 0., 0., 0., 1., 0., 0., 0., 1., 1., 0., 0., 0.,
           0., 1.],
          [1., 0., 0., 1., 0., 0., 1., 0., 1., 0., 0., 1., 1., 1., 1., 1., 1.,
           0., 0.],
          [1., 0., 0., 1., 0., 1., 1., 1., 1., 1., 1., 1., 1., 0., 1., 0., 1.,
           0., 1.],
          [1., 0., 0., 1., 1., 0., 1., 0., 1., 1., 0., 1., 1., 1., 0., 1., 0.,
           0., 0.],
          [0., 1., 0., 0., 1., 1., 0., 0., 1., 1., 1., 0., 0., 0., 1., 0., 0.,
           1., 0.],
          [1., 1., 1., 1., 0., 0., 1., 0., 0., 1., 0., 1., 0., 0., 1., 1., 1.,
           0., 0.],
          [0., 1., 0., 1., 1., 1., 0., 1., 0., 1., 1., 0., 1., 0., 1., 0., 1.,
           1., 1.],
          [0., 1., 1., 0., 0., 0., 0., 1., 1., 1., 1., 1., 0., 1., 0., 1., 1.,
           0., 0.]]]], device='cuda:0'), tensor([[0.7324]], device='cuda:0'))
2026-01-07 17:24:58 - INFO - [ 0.91212374 -0.14349939  0.2459682   0.02158032  0.24596816  0.02158033
  0.66201425 -0.36683524]
2026-01-07 17:24:58 - INFO - {'S11_real': np.float32(0.91212374), 'S11_imag': np.float32(-0.14349939), 'S21_real': np.float32(0.2459682), 'S21_imag': np.float32(0.021580318), 'S12_real': np.float32(0.24596816), 'S12_imag': np.float32(0.021580325), 'S22_real': np.float32(0.66201425), 'S22_imag': np.float32(-0.36683524)}
2026-01-07 17:24:58 - INFO - (tensor([[[[1., 1., 1., 0., 1., 0., 0., 0., 0., 0., 0., 0., 1., 0., 0., 1., 1.,
           0., 1.],
          [1., 0., 1., 0., 1., 0., 1., 0., 0., 0., 0., 1., 0., 1., 1., 0., 0.,
           1., 1.],
          [0., 0., 0., 0., 1., 0., 0., 1., 0., 1., 0., 0., 0., 1., 0., 1., 0.,
           0., 0.],
          [1., 0., 0., 0., 1., 1., 0., 1., 1., 0., 1., 1., 1., 1., 0., 1., 0.,
           0., 0.],
          [0., 1., 1., 0., 1., 1., 0., 0., 0., 1., 0., 0., 1., 0., 1., 1., 0.,
           0., 0.],
          [0., 1., 0., 0., 1., 0., 0., 1., 0., 1., 0., 0., 1., 1., 0., 0., 1.,
           0., 0.],
          [0., 0., 0., 0., 1., 0., 0., 0., 0., 1., 0., 0., 0., 1., 0., 0., 1.,
           1., 1.],
          [1., 1., 0., 0., 0., 1., 1., 0., 1., 1., 1., 0., 1., 0., 0., 1., 0.,
           1., 1.],
          [0., 1., 0., 1., 0., 0., 1., 0., 0., 0., 1., 0., 1., 1., 0., 1., 1.,
           0., 1.],
          [1., 1., 0., 1., 0., 0., 0., 0., 1., 0., 1., 1., 0., 0., 1., 0., 0.,
           0., 1.],
          [1., 1., 1., 0., 1., 1., 1., 1., 1., 0., 1., 0., 1., 1., 0., 1., 0.,
           1., 0.],
          [1., 0., 1., 0., 1., 1., 0., 0., 0., 0., 1., 0., 0., 1., 0., 0., 0.,
           1., 0.],
          [1., 1., 1., 1., 1., 1., 0., 0., 0., 1., 0., 1., 1., 0., 0., 0., 0.,
           0., 1.],
          [1., 1., 0., 1., 0., 1., 0., 1., 1., 1., 1., 0., 1., 1., 1., 1., 1.,
           0., 1.],
          [1., 1., 0., 1., 0., 1., 0., 0., 0., 0., 0., 0., 1., 1., 0., 0., 1.,
           0., 1.],
          [0., 1., 0., 0., 1., 1., 0., 1., 0., 0., 0., 0., 1., 0., 0., 1., 1.,
           0., 0.],
          [0., 0., 1., 0., 1., 0., 1., 1., 0., 1., 1., 1., 1., 0., 1., 0., 1.,
           0., 0.],
          [1., 0., 1., 0., 1., 1., 0., 0., 1., 1., 1., 1., 0., 0., 0., 0., 1.,
           1., 0.],
          [1., 1., 0., 0., 0., 0., 0., 0., 0., 1., 1., 1., 0., 0., 0., 1., 0.,
           1., 0.]]]], device='cuda:0'), tensor([[0.7324]], device='cuda:0'))
2026-01-07 17:24:58 - INFO - [ 0.18719043 -0.03181825  0.8853841  -0.19569343  0.8853841  -0.19569343
  0.13102543 -0.03880085]
2026-01-07 17:24:58 - INFO - {'S11_real': np.float32(0.18719043), 'S11_imag': np.float32(-0.03181825), 'S21_real': np.float32(0.8853841), 'S21_imag': np.float32(-0.19569343), 'S12_real': np.float32(0.8853841), 'S12_imag': np.float32(-0.19569343), 'S22_real': np.float32(0.13102543), 'S22_imag': np.float32(-0.038800847)}
2026-01-07 17:24:58 - INFO - (tensor([[[[1., 1., 0., 0., 1., 1., 0., 0., 0., 0., 1., 0., 1., 0., 1., 0., 1.,
           0., 0.],
          [0., 0., 1., 0., 0., 0., 0., 1., 0., 1., 0., 0., 1., 0., 0., 0., 0.,
           0., 1.],
          [0., 0., 0., 1., 1., 1., 0., 0., 0., 0., 0., 1., 0., 1., 1., 1., 0.,
           0., 1.],
          [1., 1., 1., 1., 0., 1., 1., 0., 1., 1., 1., 1., 0., 0., 1., 1., 1.,
           1., 0.],
          [0., 0., 1., 0., 1., 1., 0., 1., 0., 0., 1., 0., 1., 1., 0., 0., 0.,
           0., 0.],
          [1., 1., 0., 0., 0., 1., 1., 1., 0., 1., 0., 0., 0., 1., 1., 0., 0.,
           0., 1.],
          [1., 0., 0., 0., 0., 1., 1., 1., 0., 1., 1., 1., 0., 1., 1., 0., 0.,
           0., 0.],
          [1., 0., 1., 0., 0., 1., 0., 0., 1., 1., 0., 0., 0., 1., 1., 0., 1.,
           1., 0.],
          [0., 0., 0., 1., 0., 0., 1., 1., 1., 1., 1., 1., 1., 0., 0., 1., 0.,
           1., 0.],
          [1., 1., 1., 1., 1., 1., 0., 0., 0., 0., 0., 0., 1., 1., 0., 1., 0.,
           0., 1.],
          [1., 0., 1., 1., 0., 0., 0., 0., 1., 0., 1., 1., 0., 1., 0., 1., 1.,
           1., 0.],
          [1., 0., 1., 0., 1., 1., 1., 0., 1., 0., 1., 0., 1., 1., 1., 0., 0.,
           1., 0.],
          [0., 1., 1., 1., 1., 0., 0., 1., 0., 0., 0., 1., 1., 1., 1., 1., 0.,
           1., 1.],
          [0., 1., 0., 0., 1., 0., 0., 0., 1., 0., 0., 0., 0., 0., 1., 0., 0.,
           1., 0.],
          [0., 0., 1., 1., 1., 0., 0., 1., 1., 1., 1., 1., 0., 0., 0., 0., 0.,
           0., 0.],
          [0., 0., 1., 0., 0., 0., 1., 1., 0., 0., 0., 0., 1., 1., 0., 1., 1.,
           1., 1.],
          [0., 1., 1., 0., 0., 0., 0., 1., 0., 1., 0., 1., 0., 0., 1., 0., 0.,
           0., 0.],
          [0., 0., 0., 0., 0., 0., 1., 1., 1., 1., 0., 1., 0., 0., 1., 0., 1.,
           1., 1.],
          [1., 0., 1., 1., 0., 1., 0., 1., 1., 0., 0., 0., 1., 1., 1., 0., 0.,
           1., 0.]]]], device='cuda:0'), tensor([[0.7324]], device='cuda:0'))
2026-01-07 17:24:58 - INFO - [ 0.4106592  -0.06611224  0.82933354 -0.14074951  0.8293336  -0.1407495
  0.26172718 -0.10233966]
2026-01-07 17:24:58 - INFO - {'S11_real': np.float32(0.4106592), 'S11_imag': np.float32(-0.06611224), 'S21_real': np.float32(0.82933354), 'S21_imag': np.float32(-0.14074951), 'S12_real': np.float32(0.8293336), 'S12_imag': np.float32(-0.1407495), 'S22_real': np.float32(0.26172718), 'S22_imag': np.float32(-0.10233966)}
2026-01-07 17:24:58 - INFO - (tensor([[[[1., 1., 0., 0., 1., 0., 1., 0., 0., 0., 1., 1., 1., 1., 0., 0., 1.,
           1., 1.],
          [0., 0., 0., 1., 1., 0., 1., 1., 0., 1., 0., 1., 1., 1., 0., 0., 1.,
           1., 0.],
          [1., 1., 0., 1., 1., 1., 1., 0., 0., 0., 1., 0., 1., 1., 1., 0., 1.,
           1., 1.],
          [0., 1., 0., 0., 1., 1., 0., 0., 0., 0., 1., 1., 0., 0., 0., 1., 0.,
           0., 0.],
          [0., 0., 0., 0., 0., 1., 1., 1., 0., 1., 0., 1., 0., 1., 1., 0., 1.,
           1., 1.],
          [1., 0., 0., 0., 0., 0., 1., 0., 0., 0., 0., 0., 0., 1., 1., 0., 0.,
           0., 1.],
          [0., 1., 1., 0., 1., 1., 0., 1., 1., 0., 0., 1., 0., 0., 0., 0., 1.,
           0., 0.],
          [0., 0., 1., 1., 1., 1., 1., 0., 1., 0., 1., 0., 1., 0., 1., 0., 1.,
           0., 1.],
          [0., 0., 1., 0., 1., 0., 0., 1., 0., 0., 0., 1., 1., 0., 1., 1., 1.,
           0., 1.],
          [1., 1., 0., 0., 0., 0., 1., 1., 1., 1., 1., 0., 0., 1., 1., 1., 0.,
           0., 1.],
          [1., 0., 1., 1., 0., 1., 1., 0., 0., 1., 1., 1., 1., 1., 1., 1., 1.,
           1., 0.],
          [1., 0., 1., 0., 0., 1., 0., 0., 0., 0., 1., 0., 1., 0., 0., 1., 0.,
           1., 1.],
          [1., 0., 0., 1., 1., 0., 0., 1., 0., 1., 0., 1., 0., 0., 0., 0., 1.,
           0., 1.],
          [1., 1., 0., 1., 1., 1., 1., 1., 0., 0., 0., 0., 0., 0., 1., 1., 1.,
           0., 1.],
          [1., 0., 0., 0., 0., 0., 1., 1., 0., 0., 0., 0., 0., 1., 1., 0., 0.,
           0., 0.],
          [1., 0., 0., 0., 1., 1., 0., 0., 1., 0., 1., 0., 1., 1., 0., 0., 1.,
           0., 0.],
          [0., 0., 1., 1., 1., 0., 0., 0., 0., 1., 0., 1., 0., 1., 0., 1., 0.,
           1., 0.],
          [0., 0., 0., 1., 1., 1., 0., 0., 0., 0., 1., 1., 1., 1., 1., 0., 1.,
           1., 1.],
          [1., 0., 0., 0., 1., 1., 1., 0., 0., 0., 1., 0., 0., 0., 1., 1., 0.,
           0., 0.]]]], device='cuda:0'), tensor([[0.7324]], device='cuda:0'))
2026-01-07 17:24:58 - INFO - [ 0.2991572  -0.01698189  0.87493086 -0.17894919  0.87493086 -0.17894918
  0.23193471 -0.01916648]
2026-01-07 17:24:58 - INFO - {'S11_real': np.float32(0.2991572), 'S11_imag': np.float32(-0.016981894), 'S21_real': np.float32(0.87493086), 'S21_imag': np.float32(-0.17894919), 'S12_real': np.float32(0.87493086), 'S12_imag': np.float32(-0.17894918), 'S22_real': np.float32(0.23193471), 'S22_imag': np.float32(-0.019166484)}
2026-01-07 17:24:58 - INFO - (tensor([[[[0., 1., 1., 0., 0., 0., 0., 0., 1., 1., 1., 0., 0., 1., 0., 1., 0.,
           1., 1.],
          [0., 0., 0., 1., 1., 0., 1., 1., 1., 0., 1., 0., 0., 1., 1., 0., 1.,
           1., 0.],
          [0., 1., 1., 0., 1., 0., 0., 0., 0., 0., 1., 1., 0., 0., 0., 0., 0.,
           0., 1.],
          [0., 0., 1., 1., 0., 0., 0., 0., 0., 0., 1., 0., 0., 1., 0., 1., 1.,
           1., 0.],
          [1., 1., 0., 1., 1., 1., 0., 1., 1., 0., 1., 0., 1., 0., 0., 1., 1.,
           0., 1.],
          [0., 1., 1., 0., 1., 1., 1., 1., 0., 0., 0., 0., 1., 0., 0., 0., 1.,
           1., 0.],
          [1., 1., 0., 0., 0., 1., 0., 1., 1., 0., 1., 1., 0., 1., 1., 1., 1.,
           1., 1.],
          [0., 0., 0., 0., 1., 0., 0., 0., 0., 0., 0., 0., 0., 0., 0., 0., 1.,
           0., 1.],
          [0., 0., 1., 1., 1., 1., 1., 1., 1., 0., 1., 1., 1., 1., 0., 1., 1.,
           1., 1.],
          [1., 0., 0., 0., 1., 1., 0., 0., 0., 0., 0., 0., 0., 0., 0., 0., 0.,
           1., 1.],
          [1., 1., 1., 1., 1., 0., 1., 0., 0., 0., 0., 1., 1., 1., 0., 1., 0.,
           1., 0.],
          [0., 1., 1., 0., 1., 0., 1., 0., 0., 0., 1., 0., 0., 0., 1., 1., 0.,
           1., 0.],
          [0., 1., 0., 0., 1., 0., 0., 1., 0., 0., 0., 0., 1., 0., 0., 1., 1.,
           0., 1.],
          [1., 0., 0., 1., 1., 0., 0., 1., 1., 0., 1., 1., 1., 0., 1., 1., 0.,
           1., 0.],
          [0., 0., 0., 1., 0., 1., 0., 1., 0., 1., 0., 0., 0., 0., 0., 1., 0.,
           0., 1.],
          [1., 0., 0., 0., 1., 1., 0., 0., 0., 1., 0., 0., 0., 0., 0., 0., 0.,
           1., 1.],
          [1., 1., 1., 0., 1., 0., 1., 0., 1., 1., 0., 1., 0., 0., 1., 1., 1.,
           0., 1.],
          [0., 1., 1., 0., 1., 1., 0., 1., 0., 1., 1., 1., 1., 0., 0., 1., 0.,
           1., 0.],
          [1., 0., 0., 0., 0., 1., 0., 0., 0., 0., 0., 0., 0., 1., 1., 1., 0.,
           0., 1.]]]], device='cuda:0'), tensor([[0.7324]], device='cuda:0'))
2026-01-07 17:24:58 - INFO - [ 0.8829766  -0.25947157  0.00984334  0.04510848  0.00984334  0.04510848
  0.9192242  -0.21265769]
2026-01-07 17:24:58 - INFO - {'S11_real': np.float32(0.8829766), 'S11_imag': np.float32(-0.25947157), 'S21_real': np.float32(0.009843344), 'S21_imag': np.float32(0.045108482), 'S12_real': np.float32(0.00984334), 'S12_imag': np.float32(0.04510848), 'S22_real': np.float32(0.9192242), 'S22_imag': np.float32(-0.21265769)}
2026-01-07 17:24:58 - INFO - (tensor([[[[1., 1., 0., 1., 1., 0., 1., 1., 0., 0., 1., 1., 1., 1., 0., 0., 0.,
           0., 0.],
          [0., 1., 1., 1., 0., 1., 0., 0., 0., 0., 0., 1., 0., 1., 0., 1., 1.,
           1., 1.],
          [1., 0., 1., 0., 1., 0., 0., 0., 1., 0., 1., 0., 1., 0., 1., 0., 0.,
           0., 1.],
          [0., 0., 0., 0., 1., 1., 1., 0., 1., 0., 0., 0., 1., 0., 1., 0., 1.,
           1., 1.],
          [0., 1., 1., 0., 1., 1., 1., 0., 1., 1., 1., 0., 1., 1., 0., 1., 1.,
           1., 0.],
          [1., 0., 1., 1., 0., 1., 1., 0., 0., 0., 1., 0., 1., 0., 0., 0., 1.,
           1., 1.],
          [0., 1., 1., 0., 1., 0., 0., 1., 0., 1., 0., 1., 1., 1., 0., 1., 0.,
           1., 1.],
          [0., 1., 1., 0., 1., 1., 0., 1., 1., 0., 0., 1., 0., 1., 0., 1., 0.,
           1., 1.],
          [1., 0., 0., 1., 0., 0., 0., 0., 0., 0., 1., 1., 0., 0., 0., 1., 1.,
           0., 1.],
          [1., 1., 1., 1., 1., 0., 1., 0., 0., 1., 1., 0., 1., 0., 0., 1., 1.,
           1., 1.],
          [0., 1., 1., 1., 1., 0., 1., 0., 1., 0., 0., 0., 1., 1., 1., 0., 1.,
           1., 1.],
          [0., 1., 0., 0., 1., 1., 0., 1., 0., 0., 0., 1., 0., 0., 1., 0., 0.,
           1., 0.],
          [1., 1., 0., 1., 0., 1., 0., 1., 0., 0., 1., 0., 0., 1., 1., 1., 0.,
           0., 0.],
          [1., 0., 0., 0., 1., 1., 0., 1., 1., 0., 1., 1., 1., 0., 1., 1., 0.,
           0., 0.],
          [0., 0., 1., 0., 1., 0., 1., 0., 1., 0., 1., 1., 0., 1., 1., 0., 1.,
           1., 0.],
          [1., 0., 1., 1., 1., 1., 0., 0., 1., 1., 0., 0., 0., 1., 1., 1., 0.,
           1., 0.],
          [0., 1., 0., 1., 0., 1., 1., 0., 0., 1., 1., 0., 1., 1., 0., 0., 0.,
           1., 1.],
          [0., 0., 0., 1., 1., 1., 0., 0., 1., 0., 0., 0., 1., 0., 0., 0., 0.,
           1., 1.],
          [1., 1., 0., 1., 0., 0., 0., 0., 1., 1., 0., 1., 1., 0., 1., 0., 0.,
           0., 1.]]]], device='cuda:0'), tensor([[0.7324]], device='cuda:0'))
2026-01-07 17:24:58 - INFO - [-0.06141731 -0.02656153  0.9152425  -0.21746014  0.9152425  -0.21746014
 -0.05953526 -0.02839921]
2026-01-07 17:24:58 - INFO - {'S11_real': np.float32(-0.06141731), 'S11_imag': np.float32(-0.02656153), 'S21_real': np.float32(0.9152425), 'S21_imag': np.float32(-0.21746014), 'S12_real': np.float32(0.9152425), 'S12_imag': np.float32(-0.21746014), 'S22_real': np.float32(-0.05953526), 'S22_imag': np.float32(-0.028399212)}
2026-01-07 17:24:58 - INFO - (tensor([[[[0., 0., 0., 1., 0., 0., 0., 0., 1., 0., 1., 0., 1., 0., 1., 1., 0.,
           0., 0.],
          [1., 1., 1., 1., 0., 1., 0., 1., 0., 1., 1., 0., 1., 1., 1., 0., 1.,
           0., 1.],
          [1., 0., 0., 0., 1., 0., 1., 1., 0., 1., 1., 1., 1., 0., 1., 1., 0.,
           0., 1.],
          [0., 0., 1., 0., 1., 1., 1., 0., 1., 1., 1., 0., 0., 1., 1., 0., 1.,
           0., 1.],
          [0., 1., 1., 0., 0., 0., 1., 0., 0., 0., 0., 0., 0., 1., 0., 0., 0.,
           1., 0.],
          [1., 0., 1., 0., 1., 1., 0., 1., 0., 1., 1., 1., 1., 0., 0., 0., 1.,
           1., 0.],
          [0., 0., 1., 1., 0., 0., 0., 1., 1., 0., 0., 1., 0., 0., 0., 1., 0.,
           1., 0.],
          [1., 1., 0., 1., 1., 0., 0., 1., 0., 0., 0., 0., 0., 0., 0., 1., 0.,
           0., 0.],
          [0., 0., 0., 1., 0., 1., 1., 1., 1., 0., 0., 0., 1., 0., 1., 1., 0.,
           1., 0.],
          [1., 1., 0., 1., 0., 0., 0., 1., 0., 0., 0., 0., 1., 0., 0., 0., 0.,
           0., 1.],
          [0., 1., 0., 1., 0., 1., 1., 0., 1., 0., 0., 1., 1., 1., 0., 1., 1.,
           1., 0.],
          [0., 1., 1., 1., 0., 1., 1., 0., 0., 1., 1., 0., 1., 0., 1., 1., 1.,
           0., 1.],
          [0., 1., 0., 1., 0., 0., 1., 0., 1., 1., 1., 0., 1., 1., 1., 0., 1.,
           1., 1.],
          [1., 0., 1., 1., 1., 0., 1., 1., 1., 1., 1., 1., 0., 0., 1., 0., 0.,
           0., 1.],
          [1., 0., 1., 0., 1., 0., 1., 1., 0., 1., 1., 0., 1., 0., 0., 0., 0.,
           1., 1.],
          [0., 1., 1., 1., 1., 0., 1., 0., 0., 1., 1., 1., 0., 0., 1., 1., 0.,
           0., 1.],
          [1., 1., 0., 0., 1., 0., 0., 0., 1., 1., 1., 0., 0., 1., 1., 0., 1.,
           0., 1.],
          [1., 1., 0., 1., 1., 1., 0., 0., 1., 1., 1., 1., 1., 0., 0., 0., 1.,
           0., 1.],
          [0., 1., 0., 1., 0., 0., 1., 1., 1., 1., 1., 0., 0., 0., 1., 0., 0.,
           0., 0.]]]], device='cuda:0'), tensor([[0.7324]], device='cuda:0'))
2026-01-07 17:24:58 - INFO - [ 0.7489819  -0.38661522  0.00295099  0.01714436  0.00295099  0.01714436
  0.99721193 -0.03267881]
2026-01-07 17:24:58 - INFO - {'S11_real': np.float32(0.7489819), 'S11_imag': np.float32(-0.38661522), 'S21_real': np.float32(0.0029509866), 'S21_imag': np.float32(0.017144356), 'S12_real': np.float32(0.0029509885), 'S12_imag': np.float32(0.017144356), 'S22_real': np.float32(0.99721193), 'S22_imag': np.float32(-0.03267881)}
2026-01-07 17:24:58 - INFO - (tensor([[[[1., 1., 0., 0., 0., 0., 0., 0., 1., 0., 0., 0., 0., 0., 0., 0., 0.,
           0., 0.],
          [1., 0., 0., 1., 0., 0., 0., 0., 1., 0., 0., 0., 0., 0., 1., 1., 0.,
           1., 1.],
          [1., 0., 0., 1., 1., 0., 1., 0., 0., 1., 0., 1., 1., 1., 0., 1., 0.,
           1., 0.],
          [1., 1., 0., 0., 1., 0., 1., 1., 0., 0., 1., 1., 1., 1., 0., 1., 0.,
           1., 0.],
          [1., 0., 1., 0., 0., 0., 1., 0., 0., 1., 1., 1., 0., 0., 0., 0., 1.,
           0., 1.],
          [0., 1., 1., 0., 0., 0., 1., 1., 0., 1., 0., 0., 0., 0., 1., 0., 1.,
           1., 1.],
          [1., 1., 0., 1., 0., 0., 0., 0., 1., 1., 0., 0., 0., 0., 0., 0., 1.,
           1., 1.],
          [1., 0., 1., 1., 0., 1., 0., 0., 0., 0., 0., 1., 0., 1., 0., 0., 0.,
           1., 0.],
          [1., 1., 1., 0., 1., 0., 0., 0., 0., 0., 0., 1., 0., 0., 1., 1., 0.,
           0., 1.],
          [1., 0., 1., 1., 0., 1., 1., 1., 1., 1., 1., 0., 0., 0., 1., 1., 0.,
           1., 1.],
          [1., 1., 1., 0., 0., 0., 0., 0., 1., 1., 1., 1., 0., 0., 0., 1., 0.,
           0., 1.],
          [1., 0., 0., 0., 1., 1., 1., 1., 1., 1., 0., 0., 0., 1., 1., 0., 0.,
           1., 1.],
          [1., 0., 1., 1., 1., 1., 0., 0., 1., 1., 1., 1., 1., 1., 1., 1., 0.,
           0., 1.],
          [0., 0., 0., 0., 1., 1., 1., 1., 0., 0., 0., 0., 1., 1., 1., 0., 1.,
           1., 1.],
          [0., 1., 1., 1., 1., 0., 1., 0., 1., 1., 1., 1., 1., 0., 1., 1., 1.,
           0., 0.],
          [1., 0., 1., 0., 1., 0., 0., 0., 0., 0., 0., 0., 0., 1., 1., 1., 1.,
           1., 1.],
          [0., 0., 0., 1., 0., 0., 0., 0., 1., 0., 0., 1., 1., 1., 0., 0., 0.,
           1., 0.],
          [1., 1., 1., 0., 1., 1., 0., 1., 1., 0., 0., 1., 1., 0., 1., 1., 1.,
           1., 0.],
          [1., 1., 0., 1., 1., 1., 1., 0., 0., 1., 0., 0., 0., 1., 1., 0., 0.,
           0., 0.]]]], device='cuda:0'), tensor([[0.7324]], device='cuda:0'))
2026-01-07 17:24:58 - INFO - [ 0.95010746 -0.17019291  0.01297888  0.05372505  0.01297889  0.05372505
  0.8081314  -0.3474556 ]
2026-01-07 17:24:58 - INFO - {'S11_real': np.float32(0.95010746), 'S11_imag': np.float32(-0.17019291), 'S21_real': np.float32(0.012978882), 'S21_imag': np.float32(0.05372505), 'S12_real': np.float32(0.012978891), 'S12_imag': np.float32(0.053725053), 'S22_real': np.float32(0.8081314), 'S22_imag': np.float32(-0.3474556)}
2026-01-07 17:24:58 - INFO - (tensor([[[[0., 0., 0., 1., 1., 1., 1., 0., 1., 0., 1., 1., 0., 0., 1., 1., 1.,
           1., 1.],
          [0., 0., 0., 0., 0., 0., 1., 0., 1., 1., 1., 1., 1., 1., 1., 1., 0.,
           0., 1.],
          [1., 0., 1., 0., 1., 1., 1., 1., 1., 0., 1., 1., 0., 1., 0., 0., 0.,
           1., 0.],
          [1., 1., 1., 0., 0., 1., 1., 0., 1., 0., 1., 0., 0., 0., 0., 1., 0.,
           1., 0.],
          [0., 1., 0., 1., 1., 0., 1., 1., 0., 1., 1., 0., 1., 0., 1., 0., 1.,
           1., 0.],
          [1., 0., 1., 0., 0., 1., 0., 0., 1., 1., 0., 0., 0., 1., 0., 0., 0.,
           1., 0.],
          [0., 1., 0., 1., 0., 1., 1., 0., 0., 1., 1., 0., 0., 1., 0., 0., 0.,
           0., 1.],
          [0., 0., 1., 1., 0., 0., 1., 0., 1., 0., 0., 0., 0., 0., 0., 1., 0.,
           0., 0.],
          [0., 1., 1., 0., 0., 1., 0., 0., 1., 1., 0., 0., 1., 1., 0., 0., 1.,
           0., 1.],
          [1., 1., 0., 1., 1., 0., 1., 1., 0., 1., 0., 0., 1., 1., 1., 1., 1.,
           0., 1.],
          [1., 1., 0., 1., 1., 1., 0., 0., 0., 0., 1., 1., 1., 0., 1., 0., 1.,
           0., 1.],
          [1., 1., 1., 1., 1., 1., 1., 1., 0., 0., 0., 0., 0., 0., 1., 1., 0.,
           0., 1.],
          [1., 1., 1., 0., 0., 1., 0., 0., 1., 1., 1., 1., 0., 1., 1., 0., 1.,
           1., 0.],
          [1., 1., 0., 1., 1., 0., 0., 1., 1., 1., 1., 0., 0., 0., 1., 0., 1.,
           1., 0.],
          [0., 0., 1., 0., 1., 0., 1., 0., 1., 1., 0., 1., 0., 1., 0., 0., 1.,
           0., 1.],
          [1., 0., 0., 1., 1., 1., 1., 1., 0., 0., 1., 1., 1., 0., 0., 0., 1.,
           0., 0.],
          [0., 0., 1., 1., 0., 0., 1., 1., 0., 0., 0., 1., 0., 1., 0., 0., 1.,
           0., 0.],
          [0., 0., 0., 1., 0., 1., 1., 1., 1., 0., 1., 1., 1., 1., 1., 1., 1.,
           0., 0.],
          [0., 1., 0., 1., 0., 0., 0., 0., 1., 0., 1., 0., 0., 1., 1., 1., 1.,
           1., 0.]]]], device='cuda:0'), tensor([[0.7324]], device='cuda:0'))
2026-01-07 17:24:58 - INFO - [ 0.6833718  -0.435097    0.00903019  0.03545294  0.00903019  0.03545295
  0.99221206 -0.05866249]
2026-01-07 17:24:58 - INFO - {'S11_real': np.float32(0.6833718), 'S11_imag': np.float32(-0.435097), 'S21_real': np.float32(0.009030188), 'S21_imag': np.float32(0.035452943), 'S12_real': np.float32(0.009030187), 'S12_imag': np.float32(0.035452947), 'S22_real': np.float32(0.99221206), 'S22_imag': np.float32(-0.05866249)}
2026-01-07 17:24:58 - INFO - (tensor([[[[1., 1., 1., 1., 1., 1., 0., 1., 1., 0., 0., 0., 0., 0., 0., 1., 0.,
           1., 0.],
          [0., 0., 1., 0., 0., 0., 0., 0., 0., 1., 0., 0., 0., 0., 0., 1., 0.,
           1., 1.],
          [0., 0., 0., 1., 1., 0., 0., 1., 1., 1., 0., 0., 0., 1., 0., 0., 1.,
           0., 1.],
          [0., 0., 0., 0., 0., 0., 0., 1., 1., 0., 1., 1., 0., 1., 0., 0., 1.,
           0., 1.],
          [1., 1., 1., 1., 1., 1., 1., 0., 0., 1., 1., 1., 0., 1., 1., 1., 1.,
           1., 1.],
          [1., 0., 1., 0., 1., 0., 1., 0., 0., 1., 0., 1., 1., 1., 0., 0., 0.,
           1., 1.],
          [0., 1., 1., 0., 1., 1., 0., 0., 0., 1., 1., 1., 0., 1., 0., 1., 1.,
           1., 1.],
          [1., 1., 1., 0., 1., 0., 1., 0., 0., 0., 1., 0., 0., 0., 1., 0., 0.,
           0., 0.],
          [1., 0., 0., 0., 0., 0., 1., 0., 1., 0., 0., 1., 1., 1., 0., 1., 1.,
           0., 0.],
          [1., 0., 1., 1., 1., 0., 0., 0., 0., 1., 1., 0., 0., 0., 0., 1., 0.,
           1., 1.],
          [0., 0., 0., 0., 0., 0., 0., 1., 0., 0., 0., 1., 1., 0., 0., 1., 1.,
           1., 0.],
          [0., 1., 1., 0., 0., 0., 0., 1., 0., 0., 1., 0., 1., 1., 0., 0., 1.,
           1., 0.],
          [0., 0., 1., 0., 1., 0., 1., 1., 1., 0., 0., 1., 0., 1., 1., 1., 1.,
           0., 0.],
          [0., 0., 1., 1., 1., 0., 0., 0., 1., 0., 0., 0., 0., 1., 0., 1., 1.,
           1., 0.],
          [1., 1., 0., 1., 1., 0., 0., 0., 0., 0., 0., 0., 1., 0., 0., 1., 1.,
           0., 1.],
          [0., 1., 0., 1., 0., 1., 1., 1., 1., 0., 0., 1., 1., 1., 1., 0., 0.,
           0., 0.],
          [0., 0., 1., 1., 1., 0., 0., 0., 0., 1., 1., 0., 0., 0., 0., 1., 1.,
           0., 1.],
          [0., 0., 1., 1., 1., 1., 1., 0., 0., 0., 0., 0., 1., 0., 1., 1., 0.,
           0., 0.],
          [1., 0., 1., 0., 0., 0., 1., 1., 1., 0., 0., 1., 0., 1., 0., 1., 0.,
           1., 0.]]]], device='cuda:0'), tensor([[0.7324]], device='cuda:0'))
2026-01-07 17:24:58 - INFO - [ 0.86303365 -0.13119155  0.40471238 -0.03321052  0.40471238 -0.03321051
  0.67745435 -0.24484655]
2026-01-07 17:24:58 - INFO - {'S11_real': np.float32(0.86303365), 'S11_imag': np.float32(-0.13119155), 'S21_real': np.float32(0.40471238), 'S21_imag': np.float32(-0.033210523), 'S12_real': np.float32(0.40471238), 'S12_imag': np.float32(-0.033210512), 'S22_real': np.float32(0.67745435), 'S22_imag': np.float32(-0.24484655)}
2026-01-07 17:24:58 - INFO - (tensor([[[[1., 1., 1., 0., 1., 0., 1., 1., 1., 1., 0., 0., 1., 0., 0., 1., 0.,
           0., 0.],
          [0., 0., 1., 0., 0., 1., 1., 1., 0., 1., 0., 1., 1., 0., 1., 1., 1.,
           0., 1.],
          [0., 0., 1., 1., 1., 1., 1., 1., 0., 1., 1., 0., 1., 0., 0., 0., 1.,
           0., 1.],
          [0., 0., 0., 1., 1., 0., 1., 0., 0., 1., 0., 0., 1., 0., 0., 1., 0.,
           0., 1.],
          [0., 1., 1., 1., 1., 0., 1., 0., 0., 1., 1., 1., 0., 0., 0., 1., 0.,
           1., 1.],
          [0., 1., 0., 0., 0., 0., 1., 0., 1., 0., 0., 1., 0., 0., 0., 1., 0.,
           0., 0.],
          [1., 1., 1., 1., 0., 1., 1., 1., 1., 0., 0., 1., 1., 1., 1., 0., 0.,
           1., 1.],
          [1., 1., 1., 1., 1., 0., 0., 0., 1., 0., 1., 1., 1., 0., 0., 1., 0.,
           0., 0.],
          [0., 1., 1., 0., 0., 0., 1., 0., 1., 0., 0., 1., 1., 1., 1., 0., 1.,
           1., 1.],
          [1., 1., 0., 0., 1., 0., 1., 0., 0., 1., 1., 0., 1., 1., 0., 0., 0.,
           1., 1.],
          [1., 0., 1., 1., 0., 0., 1., 0., 0., 1., 1., 0., 0., 0., 0., 0., 1.,
           0., 1.],
          [0., 0., 0., 1., 0., 1., 1., 0., 0., 0., 0., 1., 1., 0., 1., 0., 1.,
           0., 0.],
          [1., 1., 1., 0., 1., 0., 0., 0., 0., 1., 0., 0., 0., 1., 1., 1., 0.,
           1., 1.],
          [0., 0., 1., 1., 0., 1., 0., 0., 0., 0., 1., 0., 0., 1., 1., 1., 0.,
           0., 0.],
          [1., 1., 0., 0., 0., 1., 1., 0., 1., 1., 1., 1., 0., 0., 1., 1., 0.,
           1., 1.],
          [0., 1., 0., 1., 1., 1., 1., 1., 1., 1., 1., 0., 0., 0., 0., 1., 0.,
           0., 1.],
          [1., 1., 1., 1., 0., 1., 1., 1., 0., 1., 1., 0., 0., 1., 0., 0., 1.,
           0., 0.],
          [1., 0., 0., 1., 1., 0., 0., 0., 0., 0., 1., 0., 0., 1., 1., 0., 0.,
           1., 0.],
          [1., 1., 1., 1., 0., 1., 0., 1., 0., 0., 1., 0., 0., 0., 1., 0., 0.,
           1., 1.]]]], device='cuda:0'), tensor([[0.7324]], device='cuda:0'))
2026-01-07 17:24:58 - INFO - [ 0.4387248  -0.14444558  0.7410058  -0.13312823  0.74100566 -0.13312823
  0.740862   -0.01324771]
2026-01-07 17:24:58 - INFO - {'S11_real': np.float32(0.4387248), 'S11_imag': np.float32(-0.14444558), 'S21_real': np.float32(0.7410058), 'S21_imag': np.float32(-0.13312823), 'S12_real': np.float32(0.74100566), 'S12_imag': np.float32(-0.13312823), 'S22_real': np.float32(0.740862), 'S22_imag': np.float32(-0.013247713)}
2026-01-07 17:24:58 - INFO - (tensor([[[[0., 1., 1., 1., 0., 1., 1., 1., 0., 1., 0., 1., 0., 1., 1., 0., 0.,
           1., 1.],
          [1., 0., 1., 1., 1., 0., 1., 0., 0., 1., 0., 0., 1., 1., 1., 0., 0.,
           0., 1.],
          [0., 1., 1., 0., 0., 0., 1., 0., 1., 0., 1., 0., 0., 1., 0., 0., 1.,
           0., 0.],
          [1., 0., 0., 1., 0., 0., 1., 0., 0., 0., 1., 0., 0., 1., 1., 0., 0.,
           1., 1.],
          [1., 0., 1., 0., 0., 0., 1., 1., 1., 1., 0., 0., 1., 0., 1., 0., 0.,
           1., 0.],
          [0., 0., 1., 0., 0., 0., 1., 0., 1., 1., 0., 0., 0., 0., 0., 0., 1.,
           0., 0.],
          [1., 0., 0., 1., 1., 0., 1., 1., 1., 1., 0., 1., 0., 0., 1., 0., 1.,
           1., 1.],
          [1., 0., 0., 1., 1., 0., 0., 1., 1., 1., 0., 1., 1., 0., 1., 1., 0.,
           0., 0.],
          [0., 1., 0., 0., 1., 0., 0., 0., 1., 0., 1., 0., 1., 1., 0., 1., 0.,
           0., 1.],
          [1., 1., 1., 1., 1., 1., 1., 0., 0., 1., 1., 0., 1., 1., 1., 0., 0.,
           0., 1.],
          [1., 1., 0., 0., 0., 1., 0., 0., 1., 1., 0., 0., 1., 1., 0., 1., 0.,
           0., 1.],
          [0., 1., 1., 0., 1., 1., 0., 0., 1., 0., 0., 1., 1., 0., 1., 0., 0.,
           0., 0.],
          [1., 1., 1., 1., 1., 0., 0., 0., 1., 0., 1., 1., 0., 0., 1., 1., 0.,
           1., 0.],
          [0., 1., 0., 1., 1., 0., 0., 1., 0., 1., 1., 0., 0., 0., 0., 0., 0.,
           1., 1.],
          [1., 0., 0., 0., 1., 0., 0., 0., 1., 1., 1., 0., 0., 1., 1., 1., 0.,
           0., 1.],
          [1., 0., 1., 1., 1., 1., 0., 0., 0., 1., 1., 0., 1., 0., 1., 1., 1.,
           0., 0.],
          [1., 1., 0., 0., 0., 1., 0., 1., 0., 1., 0., 0., 0., 0., 0., 0., 0.,
           1., 1.],
          [1., 0., 1., 1., 1., 0., 0., 0., 0., 0., 1., 1., 0., 1., 1., 1., 1.,
           0., 0.],
          [1., 0., 1., 0., 1., 0., 1., 0., 1., 1., 1., 1., 1., 0., 0., 1., 1.,
           0., 1.]]]], device='cuda:0'), tensor([[0.7324]], device='cuda:0'))
2026-01-07 17:24:58 - INFO - [ 9.2190331e-01 -2.0534721e-01 -8.9298259e-04  7.1472204e-03
 -8.9298445e-04  7.1472204e-03  9.9352854e-01 -5.0306756e-02]
2026-01-07 17:24:58 - INFO - {'S11_real': np.float32(0.9219033), 'S11_imag': np.float32(-0.20534721), 'S21_real': np.float32(-0.0008929826), 'S21_imag': np.float32(0.0071472204), 'S12_real': np.float32(-0.00089298445), 'S12_imag': np.float32(0.0071472204), 'S22_real': np.float32(0.99352854), 'S22_imag': np.float32(-0.050306756)}
2026-01-07 17:24:58 - INFO - (tensor([[[[0., 1., 0., 1., 1., 1., 1., 1., 1., 0., 1., 0., 1., 0., 1., 0., 0.,
           1., 1.],
          [1., 1., 0., 1., 1., 0., 1., 1., 0., 1., 1., 0., 1., 1., 1., 0., 1.,
           0., 0.],
          [1., 0., 1., 1., 1., 0., 1., 0., 0., 0., 1., 0., 0., 0., 0., 0., 0.,
           1., 0.],
          [1., 1., 1., 0., 1., 1., 0., 0., 1., 1., 1., 0., 0., 0., 1., 0., 0.,
           0., 1.],
          [0., 1., 1., 0., 0., 0., 1., 1., 1., 1., 0., 0., 1., 1., 1., 1., 0.,
           0., 0.],
          [0., 1., 1., 0., 0., 0., 0., 0., 0., 1., 1., 0., 0., 1., 1., 0., 1.,
           1., 1.],
          [1., 1., 1., 1., 1., 1., 1., 0., 0., 1., 0., 0., 1., 0., 1., 0., 0.,
           0., 1.],
          [0., 1., 0., 0., 1., 0., 1., 1., 1., 1., 0., 1., 1., 1., 0., 0., 1.,
           0., 0.],
          [1., 1., 0., 0., 0., 0., 1., 0., 0., 0., 1., 0., 1., 1., 1., 0., 0.,
           1., 0.],
          [1., 1., 0., 1., 1., 0., 1., 0., 0., 1., 1., 0., 1., 0., 1., 0., 1.,
           0., 1.],
          [1., 0., 0., 1., 1., 1., 1., 0., 1., 1., 0., 1., 0., 1., 0., 0., 1.,
           0., 1.],
          [0., 0., 0., 1., 1., 0., 1., 0., 0., 1., 0., 1., 0., 1., 0., 0., 0.,
           0., 0.],
          [1., 1., 0., 0., 1., 1., 0., 0., 0., 0., 0., 0., 1., 0., 0., 1., 1.,
           1., 0.],
          [1., 0., 1., 1., 1., 0., 1., 1., 1., 0., 0., 0., 0., 0., 1., 1., 0.,
           1., 1.],
          [0., 0., 0., 1., 0., 0., 0., 1., 1., 1., 0., 1., 0., 0., 1., 0., 1.,
           0., 0.],
          [1., 0., 1., 1., 0., 0., 0., 0., 0., 0., 0., 0., 0., 0., 0., 1., 0.,
           0., 0.],
          [1., 0., 1., 1., 0., 0., 0., 1., 1., 1., 0., 0., 1., 1., 1., 1., 0.,
           0., 1.],
          [0., 1., 1., 0., 0., 0., 1., 1., 0., 0., 0., 1., 1., 0., 0., 1., 0.,
           1., 0.],
          [1., 1., 0., 0., 1., 0., 0., 0., 1., 1., 1., 0., 1., 0., 0., 1., 1.,
           1., 0.]]]], device='cuda:0'), tensor([[0.7324]], device='cuda:0'))
2026-01-07 17:24:58 - INFO - [ 0.8278729  -0.31358197  0.00101671  0.01369033  0.00101672  0.01369033
  0.9955309  -0.04259535]
2026-01-07 17:24:58 - INFO - {'S11_real': np.float32(0.8278729), 'S11_imag': np.float32(-0.31358197), 'S21_real': np.float32(0.0010167124), 'S21_imag': np.float32(0.013690328), 'S12_real': np.float32(0.001016718), 'S12_imag': np.float32(0.013690328), 'S22_real': np.float32(0.9955309), 'S22_imag': np.float32(-0.042595353)}
2026-01-07 17:24:58 - INFO - (tensor([[[[0., 1., 0., 1., 1., 1., 0., 1., 1., 1., 1., 0., 0., 0., 0., 0., 0.,
           0., 1.],
          [1., 0., 1., 0., 0., 1., 1., 1., 1., 0., 1., 0., 0., 1., 1., 1., 0.,
           0., 1.],
          [1., 0., 1., 1., 1., 1., 1., 1., 1., 0., 1., 1., 0., 0., 1., 0., 1.,
           0., 0.],
          [0., 1., 0., 1., 1., 0., 0., 1., 1., 1., 0., 1., 0., 1., 0., 1., 1.,
           0., 0.],
          [0., 0., 0., 1., 0., 0., 0., 0., 0., 1., 0., 1., 0., 0., 1., 0., 0.,
           1., 1.],
          [0., 1., 0., 0., 0., 1., 1., 0., 0., 1., 0., 1., 1., 1., 1., 1., 0.,
           1., 1.],
          [1., 0., 1., 1., 1., 0., 0., 0., 1., 1., 0., 0., 1., 0., 0., 0., 1.,
           0., 0.],
          [0., 1., 1., 0., 0., 0., 0., 0., 1., 0., 0., 1., 1., 0., 1., 1., 0.,
           0., 1.],
          [0., 0., 1., 0., 1., 1., 1., 1., 1., 0., 1., 0., 0., 1., 0., 1., 1.,
           0., 1.],
          [1., 0., 0., 1., 0., 1., 0., 0., 1., 0., 0., 0., 1., 1., 0., 0., 1.,
           1., 1.],
          [0., 0., 1., 1., 0., 0., 1., 1., 0., 1., 0., 0., 0., 1., 0., 1., 1.,
           0., 1.],
          [0., 1., 0., 0., 0., 0., 0., 1., 1., 0., 1., 1., 0., 0., 0., 0., 0.,
           1., 1.],
          [1., 0., 1., 0., 0., 0., 0., 1., 0., 1., 0., 1., 1., 0., 1., 1., 0.,
           1., 1.],
          [1., 0., 0., 1., 1., 1., 1., 0., 1., 1., 1., 0., 1., 1., 0., 1., 1.,
           1., 0.],
          [0., 1., 1., 0., 0., 1., 1., 1., 0., 0., 0., 0., 0., 1., 1., 1., 0.,
           1., 0.],
          [0., 1., 1., 1., 1., 1., 0., 0., 0., 1., 1., 1., 1., 0., 1., 1., 1.,
           1., 1.],
          [0., 1., 1., 1., 0., 1., 0., 0., 1., 1., 1., 1., 0., 0., 0., 0., 1.,
           1., 0.],
          [0., 0., 0., 1., 0., 0., 0., 0., 1., 0., 0., 0., 0., 0., 1., 0., 0.,
           0., 0.],
          [1., 1., 1., 0., 1., 0., 1., 1., 1., 1., 0., 1., 1., 0., 1., 1., 1.,
           0., 0.]]]], device='cuda:0'), tensor([[0.7324]], device='cuda:0'))
2026-01-07 17:24:58 - INFO - [ 0.9988486  -0.02894437  0.00306813  0.01632193  0.00306813  0.01632192
  0.7026816  -0.41481534]
2026-01-07 17:24:58 - INFO - {'S11_real': np.float32(0.9988486), 'S11_imag': np.float32(-0.028944366), 'S21_real': np.float32(0.0030681312), 'S21_imag': np.float32(0.016321927), 'S12_real': np.float32(0.0030681293), 'S12_imag': np.float32(0.016321924), 'S22_real': np.float32(0.7026816), 'S22_imag': np.float32(-0.41481534)}
2026-01-07 17:24:58 - INFO - (tensor([[[[1., 1., 0., 0., 1., 0., 1., 0., 0., 1., 1., 1., 0., 1., 1., 0., 0.,
           1., 0.],
          [1., 0., 0., 0., 0., 1., 0., 1., 0., 1., 1., 0., 1., 1., 1., 1., 1.,
           1., 0.],
          [1., 1., 1., 0., 0., 0., 1., 0., 0., 0., 1., 0., 0., 1., 1., 0., 1.,
           0., 1.],
          [0., 1., 1., 1., 0., 0., 0., 1., 1., 0., 1., 0., 0., 0., 1., 0., 0.,
           0., 0.],
          [0., 1., 1., 0., 0., 0., 0., 1., 1., 0., 1., 1., 0., 0., 0., 0., 0.,
           1., 1.],
          [1., 1., 0., 1., 0., 1., 0., 1., 1., 1., 0., 0., 1., 0., 1., 1., 0.,
           0., 1.],
          [1., 1., 1., 1., 1., 1., 0., 0., 0., 0., 0., 0., 0., 1., 1., 0., 1.,
           0., 0.],
          [0., 0., 1., 0., 0., 0., 1., 1., 0., 1., 0., 1., 0., 0., 0., 1., 1.,
           0., 1.],
          [1., 0., 0., 1., 0., 1., 0., 0., 0., 0., 0., 0., 0., 0., 1., 1., 1.,
           1., 1.],
          [1., 1., 1., 1., 0., 1., 1., 0., 1., 0., 0., 1., 1., 0., 1., 1., 1.,
           1., 1.],
          [0., 1., 1., 1., 0., 1., 1., 0., 0., 1., 0., 1., 0., 0., 0., 0., 0.,
           0., 1.],
          [1., 0., 0., 1., 1., 0., 0., 1., 0., 1., 0., 0., 0., 0., 1., 1., 1.,
           1., 1.],
          [1., 0., 0., 1., 0., 1., 1., 0., 1., 0., 1., 1., 1., 0., 0., 0., 0.,
           1., 0.],
          [0., 0., 0., 1., 0., 1., 0., 0., 0., 0., 0., 0., 0., 0., 0., 1., 0.,
           0., 0.],
          [1., 1., 0., 0., 1., 1., 0., 1., 0., 1., 0., 0., 0., 0., 0., 1., 0.,
           1., 1.],
          [1., 1., 0., 1., 1., 1., 0., 0., 1., 1., 0., 1., 0., 1., 1., 0., 0.,
           1., 0.],
          [1., 0., 0., 0., 1., 1., 1., 0., 1., 0., 0., 0., 0., 1., 1., 1., 0.,
           1., 0.],
          [1., 1., 1., 1., 1., 1., 0., 0., 0., 1., 0., 1., 0., 1., 1., 0., 1.,
           1., 0.],
          [0., 0., 0., 0., 1., 1., 0., 1., 0., 1., 1., 1., 0., 1., 0., 0., 0.,
           1., 1.]]]], device='cuda:0'), tensor([[0.7324]], device='cuda:0'))
2026-01-07 17:24:58 - INFO - [ 0.8333746  -0.3094975   0.00560753  0.03228026  0.00560752  0.03228025
  0.9651445  -0.13284901]
2026-01-07 17:24:58 - INFO - {'S11_real': np.float32(0.8333746), 'S11_imag': np.float32(-0.3094975), 'S21_real': np.float32(0.0056075305), 'S21_imag': np.float32(0.032280255), 'S12_real': np.float32(0.005607525), 'S12_imag': np.float32(0.03228025), 'S22_real': np.float32(0.9651445), 'S22_imag': np.float32(-0.13284901)}
2026-01-07 17:24:58 - INFO - (tensor([[[[1., 0., 0., 0., 0., 0., 0., 1., 0., 1., 0., 0., 1., 1., 1., 1., 1.,
           1., 1.],
          [0., 0., 0., 0., 1., 1., 0., 1., 0., 1., 0., 0., 0., 1., 0., 0., 0.,
           1., 0.],
          [1., 1., 0., 1., 1., 1., 1., 0., 1., 0., 1., 1., 0., 1., 1., 0., 1.,
           0., 0.],
          [1., 0., 1., 1., 0., 1., 0., 1., 0., 0., 0., 0., 0., 0., 1., 1., 1.,
           1., 0.],
          [0., 0., 0., 1., 0., 0., 0., 1., 1., 1., 1., 0., 1., 1., 0., 1., 1.,
           0., 1.],
          [1., 1., 1., 0., 0., 1., 0., 0., 1., 1., 0., 0., 1., 0., 0., 1., 1.,
           1., 1.],
          [0., 1., 0., 0., 1., 0., 1., 1., 0., 0., 0., 1., 1., 1., 0., 1., 1.,
           0., 0.],
          [1., 1., 1., 0., 1., 1., 0., 1., 1., 1., 0., 0., 0., 0., 1., 0., 0.,
           0., 0.],
          [1., 0., 1., 0., 1., 0., 0., 0., 1., 0., 1., 1., 1., 0., 0., 0., 0.,
           0., 1.],
          [1., 0., 0., 1., 0., 0., 0., 0., 1., 1., 0., 1., 1., 1., 0., 1., 0.,
           0., 1.],
          [1., 1., 0., 1., 0., 1., 1., 1., 0., 1., 0., 1., 0., 1., 1., 1., 1.,
           1., 1.],
          [0., 1., 1., 0., 0., 1., 0., 0., 1., 0., 1., 0., 0., 0., 1., 1., 1.,
           1., 1.],
          [1., 0., 0., 1., 0., 1., 1., 0., 0., 1., 1., 0., 0., 0., 1., 1., 1.,
           1., 1.],
          [0., 1., 1., 1., 0., 1., 0., 1., 1., 0., 0., 1., 0., 0., 0., 1., 1.,
           1., 1.],
          [0., 1., 0., 1., 1., 0., 1., 1., 1., 0., 1., 0., 0., 1., 1., 1., 1.,
           0., 0.],
          [1., 1., 1., 0., 1., 1., 1., 0., 0., 1., 0., 1., 1., 0., 1., 0., 0.,
           1., 1.],
          [1., 1., 1., 0., 0., 0., 0., 0., 1., 0., 1., 1., 0., 0., 0., 1., 1.,
           1., 0.],
          [1., 1., 0., 1., 1., 0., 1., 0., 0., 1., 1., 0., 1., 1., 0., 0., 0.,
           0., 0.],
          [0., 1., 1., 0., 0., 0., 0., 0., 1., 0., 1., 0., 1., 1., 0., 0., 0.,
           1., 0.]]]], device='cuda:0'), tensor([[0.7324]], device='cuda:0'))
2026-01-07 17:24:58 - INFO - [-0.04475717 -0.01105049  0.9220927  -0.21836758  0.9220927  -0.21836756
 -0.05199004 -0.00562276]
2026-01-07 17:24:58 - INFO - {'S11_real': np.float32(-0.044757165), 'S11_imag': np.float32(-0.011050493), 'S21_real': np.float32(0.9220927), 'S21_imag': np.float32(-0.21836758), 'S12_real': np.float32(0.9220927), 'S12_imag': np.float32(-0.21836756), 'S22_real': np.float32(-0.051990036), 'S22_imag': np.float32(-0.00562276)}
2026-01-07 17:24:58 - INFO - (tensor([[[[0., 1., 1., 0., 0., 0., 0., 0., 0., 0., 1., 1., 1., 1., 0., 0., 1.,
           1., 0.],
          [0., 1., 1., 1., 1., 0., 0., 0., 1., 0., 1., 0., 1., 1., 0., 0., 0.,
           1., 1.],
          [1., 0., 1., 0., 1., 0., 1., 0., 0., 1., 1., 1., 1., 0., 1., 0., 1.,
           1., 0.],
          [1., 1., 1., 1., 1., 1., 0., 0., 1., 0., 1., 1., 1., 0., 0., 1., 1.,
           1., 0.],
          [0., 1., 1., 1., 1., 0., 0., 0., 0., 1., 0., 1., 0., 0., 0., 1., 0.,
           0., 0.],
          [0., 0., 0., 1., 1., 1., 1., 0., 1., 1., 1., 0., 0., 0., 1., 1., 0.,
           0., 1.],
          [1., 0., 0., 1., 0., 0., 0., 0., 0., 1., 1., 0., 1., 1., 0., 0., 1.,
           1., 1.],
          [0., 0., 1., 0., 1., 0., 0., 0., 1., 0., 0., 0., 0., 0., 1., 0., 0.,
           1., 0.],
          [0., 0., 0., 1., 0., 0., 0., 0., 1., 0., 0., 1., 0., 1., 0., 1., 1.,
           1., 1.],
          [1., 0., 1., 1., 1., 0., 1., 0., 0., 1., 1., 0., 1., 1., 0., 1., 1.,
           0., 1.],
          [1., 0., 1., 0., 1., 0., 0., 1., 0., 1., 0., 1., 0., 0., 1., 1., 0.,
           0., 0.],
          [0., 0., 0., 0., 0., 1., 1., 1., 1., 0., 0., 1., 0., 0., 1., 1., 1.,
           0., 0.],
          [1., 1., 1., 1., 0., 1., 0., 1., 0., 0., 1., 0., 1., 1., 1., 0., 1.,
           0., 1.],
          [0., 1., 1., 0., 0., 0., 1., 0., 0., 0., 0., 1., 0., 0., 1., 1., 1.,
           0., 0.],
          [0., 0., 0., 1., 0., 0., 0., 0., 0., 0., 1., 1., 1., 1., 1., 1., 0.,
           0., 1.],
          [1., 0., 0., 1., 1., 1., 0., 1., 1., 1., 1., 0., 1., 0., 0., 1., 1.,
           0., 0.],
          [0., 0., 0., 1., 1., 1., 0., 0., 0., 0., 1., 1., 0., 0., 1., 1., 1.,
           0., 1.],
          [0., 1., 1., 1., 0., 0., 1., 0., 1., 0., 1., 0., 0., 1., 1., 0., 1.,
           1., 1.],
          [1., 0., 1., 0., 0., 0., 0., 1., 0., 1., 1., 0., 1., 0., 1., 1., 1.,
           0., 0.]]]], device='cuda:0'), tensor([[0.7324]], device='cuda:0'))
2026-01-07 17:24:59 - INFO - [ 0.995247   -0.04301921  0.00241138  0.01759201  0.00241139  0.01759202
  0.7723435  -0.36490995]
2026-01-07 17:24:59 - INFO - {'S11_real': np.float32(0.995247), 'S11_imag': np.float32(-0.04301921), 'S21_real': np.float32(0.0024113823), 'S21_imag': np.float32(0.017592013), 'S12_real': np.float32(0.0024113916), 'S12_imag': np.float32(0.017592017), 'S22_real': np.float32(0.7723435), 'S22_imag': np.float32(-0.36490995)}
2026-01-07 17:24:59 - INFO - (tensor([[[[0., 1., 0., 1., 1., 1., 1., 0., 0., 1., 1., 1., 0., 1., 0., 0., 0.,
           1., 0.],
          [0., 0., 0., 0., 1., 1., 0., 1., 0., 1., 1., 0., 0., 1., 1., 1., 0.,
           0., 1.],
          [0., 1., 0., 0., 0., 1., 1., 1., 0., 0., 1., 1., 0., 0., 0., 0., 0.,
           0., 1.],
          [0., 1., 0., 0., 1., 0., 1., 1., 1., 0., 1., 1., 0., 1., 1., 0., 1.,
           0., 1.],
          [0., 1., 1., 0., 1., 1., 1., 0., 0., 0., 1., 0., 1., 0., 0., 0., 0.,
           1., 0.],
          [1., 0., 1., 1., 0., 1., 1., 0., 0., 0., 1., 0., 0., 1., 0., 0., 1.,
           0., 1.],
          [0., 1., 1., 0., 0., 1., 1., 1., 0., 1., 1., 0., 0., 1., 1., 1., 0.,
           0., 1.],
          [0., 0., 0., 0., 0., 0., 1., 1., 0., 1., 1., 1., 0., 0., 1., 1., 1.,
           1., 1.],
          [1., 0., 1., 0., 1., 1., 1., 0., 0., 1., 0., 0., 0., 1., 1., 1., 0.,
           0., 1.],
          [1., 0., 1., 1., 1., 1., 0., 1., 1., 0., 0., 1., 1., 0., 1., 0., 1.,
           1., 1.],
          [1., 1., 1., 0., 0., 1., 0., 0., 0., 1., 0., 0., 0., 1., 1., 0., 1.,
           1., 1.],
          [1., 0., 1., 0., 0., 1., 1., 1., 0., 1., 1., 1., 0., 1., 0., 1., 1.,
           1., 1.],
          [0., 0., 0., 0., 1., 0., 1., 0., 0., 1., 1., 1., 0., 0., 1., 0., 1.,
           1., 1.],
          [0., 1., 1., 1., 0., 0., 1., 0., 0., 0., 0., 0., 0., 0., 1., 0., 1.,
           1., 0.],
          [1., 1., 1., 1., 0., 0., 1., 1., 1., 0., 1., 0., 0., 1., 1., 0., 1.,
           1., 1.],
          [0., 1., 0., 1., 0., 0., 1., 0., 1., 1., 1., 1., 1., 1., 0., 0., 1.,
           0., 1.],
          [1., 0., 0., 1., 1., 1., 1., 0., 0., 1., 0., 0., 0., 0., 1., 1., 1.,
           0., 0.],
          [1., 1., 1., 1., 0., 1., 1., 1., 0., 0., 1., 0., 0., 1., 1., 0., 1.,
           0., 0.],
          [0., 0., 1., 1., 1., 1., 0., 0., 0., 0., 1., 0., 0., 1., 1., 0., 0.,
           1., 1.]]]], device='cuda:0'), tensor([[0.7324]], device='cuda:0'))
2026-01-07 17:24:59 - INFO - [ 0.09253205 -0.03755668  0.8879136  -0.1897339   0.8879136  -0.1897339
  0.06618191 -0.06408843]
2026-01-07 17:24:59 - INFO - {'S11_real': np.float32(0.092532046), 'S11_imag': np.float32(-0.03755668), 'S21_real': np.float32(0.8879136), 'S21_imag': np.float32(-0.1897339), 'S12_real': np.float32(0.8879136), 'S12_imag': np.float32(-0.1897339), 'S22_real': np.float32(0.066181906), 'S22_imag': np.float32(-0.064088434)}
2026-01-07 17:24:59 - INFO - (tensor([[[[1., 0., 0., 0., 1., 1., 1., 0., 0., 1., 1., 1., 0., 0., 1., 1., 0.,
           1., 1.],
          [1., 0., 0., 0., 0., 0., 0., 0., 1., 1., 0., 1., 0., 0., 0., 1., 0.,
           1., 0.],
          [1., 0., 1., 0., 1., 1., 1., 0., 1., 0., 0., 1., 1., 1., 1., 0., 1.,
           1., 0.],
          [1., 0., 1., 1., 1., 1., 0., 1., 0., 0., 1., 1., 1., 1., 1., 0., 0.,
           1., 1.],
          [0., 0., 1., 0., 1., 0., 1., 1., 1., 0., 0., 0., 0., 1., 1., 0., 0.,
           1., 1.],
          [0., 0., 0., 1., 1., 1., 1., 0., 1., 0., 1., 0., 0., 1., 0., 0., 1.,
           0., 1.],
          [1., 1., 0., 0., 1., 1., 0., 1., 1., 1., 0., 0., 0., 1., 1., 1., 1.,
           0., 0.],
          [1., 0., 1., 1., 0., 0., 1., 1., 0., 0., 0., 1., 0., 0., 0., 1., 0.,
           0., 0.],
          [0., 1., 0., 1., 0., 0., 0., 0., 0., 0., 1., 1., 1., 1., 1., 0., 0.,
           0., 0.],
          [1., 1., 0., 0., 1., 1., 0., 1., 0., 0., 1., 1., 0., 1., 1., 0., 0.,
           0., 1.],
          [0., 0., 0., 1., 1., 0., 1., 1., 0., 1., 1., 0., 1., 1., 1., 1., 1.,
           0., 0.],
          [1., 0., 0., 0., 0., 1., 1., 1., 0., 1., 0., 1., 1., 0., 1., 0., 1.,
           0., 0.],
          [0., 1., 1., 0., 0., 0., 1., 0., 1., 1., 1., 0., 1., 0., 0., 1., 1.,
           0., 1.],
          [1., 1., 1., 0., 1., 1., 1., 1., 1., 1., 1., 1., 1., 0., 0., 1., 1.,
           0., 0.],
          [1., 0., 0., 0., 0., 0., 0., 0., 0., 1., 0., 1., 0., 1., 1., 1., 1.,
           0., 1.],
          [0., 1., 0., 1., 0., 0., 1., 0., 0., 1., 0., 1., 1., 0., 1., 1., 0.,
           0., 0.],
          [1., 1., 0., 0., 0., 0., 0., 0., 0., 0., 0., 0., 1., 1., 1., 0., 0.,
           1., 1.],
          [1., 0., 0., 1., 0., 1., 1., 1., 0., 1., 0., 1., 1., 0., 0., 1., 0.,
           1., 1.],
          [0., 1., 1., 1., 1., 1., 1., 1., 0., 0., 1., 1., 0., 1., 0., 0., 0.,
           1., 1.]]]], device='cuda:0'), tensor([[0.7324]], device='cuda:0'))
2026-01-07 17:24:59 - INFO - [ 9.8267645e-01 -8.6381510e-02 -5.6793907e-04  1.4652190e-03
 -5.6794373e-04  1.4652152e-03  9.9813884e-01 -2.9610777e-02]
2026-01-07 17:24:59 - INFO - {'S11_real': np.float32(0.98267645), 'S11_imag': np.float32(-0.08638151), 'S21_real': np.float32(-0.0005679391), 'S21_imag': np.float32(0.001465219), 'S12_real': np.float32(-0.00056794373), 'S12_imag': np.float32(0.0014652152), 'S22_real': np.float32(0.99813884), 'S22_imag': np.float32(-0.029610777)}
2026-01-07 17:24:59 - INFO - (tensor([[[[0., 0., 1., 1., 0., 0., 0., 1., 1., 0., 1., 1., 0., 1., 1., 0., 0.,
           1., 1.],
          [0., 1., 0., 0., 0., 1., 0., 1., 0., 0., 1., 0., 0., 1., 1., 0., 0.,
           1., 0.],
          [0., 0., 1., 1., 1., 1., 0., 1., 1., 1., 1., 0., 1., 1., 0., 0., 1.,
           1., 1.],
          [0., 1., 0., 0., 0., 0., 1., 0., 1., 0., 1., 1., 1., 0., 0., 1., 0.,
           1., 0.],
          [0., 0., 1., 1., 0., 1., 0., 1., 1., 1., 0., 1., 0., 0., 0., 1., 1.,
           0., 1.],
          [0., 0., 0., 1., 1., 1., 0., 1., 0., 0., 1., 1., 0., 0., 1., 1., 0.,
           1., 1.],
          [0., 1., 0., 1., 0., 0., 1., 1., 1., 1., 0., 1., 1., 0., 0., 0., 1.,
           0., 1.],
          [0., 1., 0., 0., 1., 1., 1., 0., 1., 0., 1., 1., 0., 0., 1., 0., 1.,
           1., 1.],
          [1., 1., 1., 1., 1., 1., 1., 1., 0., 0., 1., 1., 1., 1., 0., 0., 0.,
           1., 0.],
          [1., 0., 0., 0., 1., 0., 0., 0., 1., 0., 0., 1., 1., 0., 0., 0., 1.,
           1., 1.],
          [0., 0., 0., 0., 0., 0., 0., 1., 0., 0., 1., 1., 1., 0., 0., 0., 1.,
           0., 0.],
          [0., 0., 1., 0., 0., 0., 0., 1., 0., 1., 0., 0., 1., 1., 0., 1., 0.,
           0., 1.],
          [0., 0., 1., 1., 0., 0., 0., 1., 0., 0., 1., 0., 1., 1., 0., 1., 0.,
           0., 1.],
          [1., 1., 0., 0., 1., 0., 1., 0., 0., 0., 0., 1., 0., 1., 0., 0., 1.,
           0., 1.],
          [0., 0., 0., 1., 0., 1., 0., 1., 1., 1., 1., 0., 1., 1., 0., 1., 0.,
           0., 0.],
          [0., 1., 0., 1., 0., 1., 0., 1., 0., 1., 1., 1., 0., 1., 1., 1., 0.,
           0., 1.],
          [1., 1., 1., 1., 0., 0., 0., 0., 0., 0., 1., 0., 1., 0., 1., 1., 1.,
           1., 0.],
          [0., 1., 1., 1., 1., 0., 0., 1., 1., 1., 1., 1., 1., 0., 1., 1., 1.,
           1., 1.],
          [1., 1., 0., 1., 0., 1., 0., 0., 0., 0., 1., 0., 1., 1., 1., 1., 0.,
           1., 0.]]]], device='cuda:0'), tensor([[0.7324]], device='cuda:0'))
2026-01-07 17:24:59 - INFO - [ 0.75133795 -0.40721482  0.02925586  0.08483115  0.02925586  0.08483115
  0.94622684 -0.18313234]
2026-01-07 17:24:59 - INFO - {'S11_real': np.float32(0.75133795), 'S11_imag': np.float32(-0.40721482), 'S21_real': np.float32(0.029255861), 'S21_imag': np.float32(0.08483115), 'S12_real': np.float32(0.029255858), 'S12_imag': np.float32(0.08483115), 'S22_real': np.float32(0.94622684), 'S22_imag': np.float32(-0.18313234)}
2026-01-07 17:24:59 - INFO - (tensor([[[[0., 1., 1., 0., 0., 0., 1., 0., 1., 0., 0., 1., 0., 1., 0., 1., 1.,
           1., 0.],
          [1., 1., 0., 1., 1., 0., 0., 1., 0., 0., 1., 0., 0., 1., 0., 1., 1.,
           0., 1.],
          [0., 1., 1., 0., 0., 1., 1., 1., 0., 0., 0., 1., 0., 0., 0., 1., 0.,
           1., 0.],
          [0., 0., 0., 1., 1., 1., 0., 1., 1., 1., 1., 0., 0., 1., 1., 0., 1.,
           1., 1.],
          [0., 0., 0., 1., 1., 1., 1., 0., 0., 0., 0., 0., 1., 0., 1., 1., 1.,
           0., 0.],
          [0., 0., 1., 0., 1., 1., 1., 0., 1., 0., 0., 1., 1., 0., 0., 1., 0.,
           0., 0.],
          [0., 1., 0., 1., 0., 0., 0., 0., 0., 1., 0., 0., 0., 1., 0., 1., 0.,
           1., 1.],
          [1., 1., 0., 1., 0., 1., 1., 1., 1., 1., 0., 1., 0., 1., 1., 1., 1.,
           0., 1.],
          [0., 0., 0., 0., 0., 0., 1., 0., 0., 0., 0., 0., 0., 1., 1., 0., 0.,
           1., 0.],
          [1., 1., 1., 0., 1., 1., 0., 0., 1., 0., 0., 1., 0., 1., 0., 1., 0.,
           1., 1.],
          [1., 0., 0., 1., 0., 1., 0., 0., 1., 0., 1., 0., 1., 0., 0., 1., 0.,
           0., 1.],
          [0., 1., 0., 0., 1., 1., 0., 1., 0., 0., 1., 1., 1., 1., 0., 0., 1.,
           0., 1.],
          [0., 1., 0., 0., 1., 0., 1., 1., 0., 0., 0., 1., 0., 0., 1., 0., 0.,
           0., 0.],
          [0., 0., 1., 0., 0., 0., 1., 1., 0., 1., 1., 1., 0., 1., 0., 1., 1.,
           1., 0.],
          [0., 1., 1., 0., 1., 0., 0., 1., 1., 0., 1., 1., 1., 0., 0., 0., 0.,
           0., 0.],
          [0., 0., 0., 0., 1., 0., 0., 1., 0., 0., 1., 0., 1., 0., 0., 1., 0.,
           1., 0.],
          [1., 1., 0., 0., 0., 1., 1., 0., 1., 1., 1., 1., 1., 0., 0., 1., 0.,
           1., 1.],
          [0., 1., 0., 0., 0., 0., 1., 1., 1., 1., 1., 0., 1., 0., 1., 1., 0.,
           1., 1.],
          [0., 0., 1., 1., 0., 1., 0., 0., 1., 0., 1., 1., 0., 1., 1., 1., 0.,
           0., 1.]]]], device='cuda:0'), tensor([[0.7324]], device='cuda:0'))
2026-01-07 17:24:59 - INFO - [ 9.8056728e-01 -9.8105997e-02  3.8869210e-04  1.9377910e-02
  3.8868838e-04  1.9377906e-02  9.1161591e-01 -2.2737364e-01]
2026-01-07 17:24:59 - INFO - {'S11_real': np.float32(0.9805673), 'S11_imag': np.float32(-0.098106), 'S21_real': np.float32(0.0003886921), 'S21_imag': np.float32(0.01937791), 'S12_real': np.float32(0.00038868838), 'S12_imag': np.float32(0.019377906), 'S22_real': np.float32(0.9116159), 'S22_imag': np.float32(-0.22737364)}
2026-01-07 17:24:59 - INFO - (tensor([[[[1., 0., 0., 1., 1., 1., 0., 0., 0., 1., 0., 1., 0., 0., 1., 0., 1.,
           0., 0.],
          [0., 1., 0., 0., 1., 0., 0., 1., 0., 0., 1., 0., 0., 1., 0., 0., 0.,
           1., 1.],
          [1., 1., 0., 0., 1., 1., 1., 0., 0., 0., 0., 1., 0., 0., 1., 1., 0.,
           0., 0.],
          [1., 1., 1., 1., 1., 0., 0., 0., 0., 0., 0., 0., 1., 0., 1., 0., 0.,
           1., 1.],
          [0., 0., 0., 0., 0., 1., 1., 1., 0., 0., 1., 1., 0., 0., 0., 0., 0.,
           1., 1.],
          [0., 0., 0., 0., 0., 0., 0., 0., 1., 0., 1., 1., 0., 0., 1., 0., 0.,
           0., 1.],
          [0., 1., 0., 0., 1., 1., 1., 0., 0., 1., 1., 0., 0., 0., 0., 0., 1.,
           0., 0.],
          [0., 1., 1., 0., 0., 1., 0., 1., 1., 1., 0., 1., 0., 1., 1., 1., 1.,
           1., 0.],
          [1., 1., 0., 0., 1., 0., 1., 1., 1., 0., 1., 0., 1., 1., 0., 1., 1.,
           0., 0.],
          [1., 1., 0., 1., 1., 0., 0., 1., 0., 0., 0., 1., 1., 0., 0., 1., 1.,
           1., 1.],
          [0., 0., 1., 1., 0., 1., 1., 0., 0., 1., 1., 1., 0., 1., 0., 1., 1.,
           0., 0.],
          [1., 0., 1., 0., 0., 1., 0., 1., 0., 0., 1., 1., 0., 1., 1., 1., 1.,
           0., 1.],
          [0., 1., 1., 1., 1., 0., 1., 1., 0., 1., 1., 1., 1., 0., 0., 0., 0.,
           1., 1.],
          [0., 1., 1., 0., 0., 0., 1., 1., 1., 1., 1., 1., 0., 0., 0., 0., 1.,
           0., 0.],
          [0., 0., 1., 0., 1., 0., 1., 0., 1., 1., 1., 0., 0., 0., 1., 1., 1.,
           0., 0.],
          [1., 0., 1., 0., 1., 1., 1., 0., 0., 1., 0., 0., 1., 0., 0., 0., 0.,
           1., 0.],
          [0., 0., 1., 1., 1., 0., 1., 0., 1., 1., 0., 1., 1., 1., 1., 1., 0.,
           0., 1.],
          [0., 0., 1., 1., 0., 1., 0., 0., 1., 1., 0., 0., 1., 1., 1., 1., 1.,
           1., 0.],
          [0., 1., 0., 0., 0., 0., 0., 0., 0., 0., 1., 1., 1., 1., 0., 1., 1.,
           0., 1.]]]], device='cuda:0'), tensor([[0.7324]], device='cuda:0'))
2026-01-07 17:24:59 - INFO - [ 0.98315525 -0.09691323  0.01109188  0.04876479  0.01109188  0.04876479
  0.7820797  -0.3664784 ]
2026-01-07 17:24:59 - INFO - {'S11_real': np.float32(0.98315525), 'S11_imag': np.float32(-0.09691323), 'S21_real': np.float32(0.01109188), 'S21_imag': np.float32(0.048764788), 'S12_real': np.float32(0.011091881), 'S12_imag': np.float32(0.04876479), 'S22_real': np.float32(0.7820797), 'S22_imag': np.float32(-0.3664784)}
2026-01-07 17:24:59 - INFO - (tensor([[[[1., 0., 1., 1., 0., 0., 1., 1., 1., 0., 1., 1., 1., 1., 0., 0., 1.,
           1., 0.],
          [0., 0., 0., 1., 0., 0., 1., 1., 1., 1., 1., 1., 1., 0., 0., 1., 0.,
           0., 1.],
          [0., 0., 0., 0., 1., 0., 0., 1., 0., 1., 0., 0., 1., 1., 1., 0., 1.,
           1., 0.],
          [1., 0., 0., 1., 1., 0., 1., 0., 1., 1., 0., 0., 1., 0., 1., 1., 0.,
           0., 0.],
          [1., 1., 0., 0., 1., 1., 0., 0., 1., 1., 0., 1., 1., 1., 0., 1., 0.,
           1., 1.],
          [0., 0., 1., 0., 0., 0., 1., 0., 1., 0., 0., 1., 1., 0., 1., 1., 0.,
           0., 1.],
          [0., 1., 1., 1., 0., 1., 0., 1., 1., 1., 0., 0., 1., 1., 0., 1., 0.,
           1., 1.],
          [0., 0., 0., 1., 1., 0., 1., 1., 1., 0., 0., 1., 1., 1., 0., 0., 0.,
           0., 0.],
          [1., 1., 0., 0., 0., 0., 1., 1., 1., 1., 0., 0., 0., 1., 1., 1., 1.,
           1., 0.],
          [1., 1., 1., 0., 1., 1., 0., 0., 0., 1., 1., 1., 1., 0., 0., 0., 0.,
           1., 1.],
          [1., 1., 0., 1., 1., 1., 0., 1., 1., 1., 0., 1., 1., 1., 0., 0., 0.,
           1., 1.],
          [1., 1., 1., 0., 0., 1., 0., 0., 1., 1., 0., 0., 1., 1., 1., 0., 0.,
           1., 1.],
          [1., 1., 1., 0., 0., 1., 1., 1., 0., 1., 0., 0., 1., 1., 1., 1., 1.,
           0., 0.],
          [1., 1., 1., 1., 1., 0., 0., 0., 0., 1., 1., 1., 0., 0., 1., 0., 1.,
           1., 1.],
          [1., 0., 1., 1., 1., 1., 1., 0., 1., 1., 0., 1., 1., 1., 1., 1., 1.,
           1., 0.],
          [1., 1., 1., 0., 1., 1., 1., 0., 1., 0., 0., 1., 1., 0., 1., 0., 1.,
           0., 0.],
          [1., 0., 1., 0., 0., 1., 0., 0., 1., 0., 0., 0., 0., 0., 1., 1., 1.,
           0., 1.],
          [0., 1., 1., 0., 1., 0., 0., 0., 0., 1., 0., 0., 0., 0., 1., 0., 1.,
           1., 0.],
          [1., 0., 0., 0., 1., 0., 1., 0., 0., 0., 1., 0., 1., 0., 1., 0., 0.,
           1., 0.]]]], device='cuda:0'), tensor([[0.7324]], device='cuda:0'))
2026-01-07 17:24:59 - INFO - [-0.05305228 -0.01048356  0.91524345 -0.2263718   0.91524345 -0.2263718
 -0.05302092 -0.0109072 ]
2026-01-07 17:24:59 - INFO - {'S11_real': np.float32(-0.05305228), 'S11_imag': np.float32(-0.010483563), 'S21_real': np.float32(0.91524345), 'S21_imag': np.float32(-0.2263718), 'S12_real': np.float32(0.91524345), 'S12_imag': np.float32(-0.2263718), 'S22_real': np.float32(-0.053020924), 'S22_imag': np.float32(-0.0109071955)}
2026-01-07 17:24:59 - INFO - (tensor([[[[0., 0., 1., 1., 1., 1., 0., 0., 1., 0., 1., 0., 1., 1., 1., 0., 1.,
           1., 0.],
          [0., 0., 1., 0., 1., 0., 1., 1., 1., 0., 1., 1., 1., 0., 0., 0., 1.,
           1., 0.],
          [1., 0., 0., 0., 0., 0., 0., 0., 1., 1., 0., 1., 0., 1., 0., 1., 0.,
           1., 0.],
          [0., 1., 0., 0., 0., 1., 1., 1., 1., 1., 0., 0., 1., 1., 1., 0., 0.,
           1., 1.],
          [1., 0., 1., 1., 0., 1., 1., 1., 0., 0., 0., 0., 1., 0., 0., 0., 0.,
           1., 0.],
          [0., 0., 0., 0., 1., 0., 0., 1., 0., 1., 1., 1., 1., 1., 1., 0., 1.,
           0., 1.],
          [0., 1., 0., 1., 0., 0., 0., 1., 0., 1., 0., 1., 1., 0., 0., 1., 1.,
           1., 0.],
          [0., 0., 0., 0., 0., 0., 1., 1., 0., 0., 0., 1., 1., 0., 1., 0., 1.,
           0., 1.],
          [0., 1., 1., 0., 0., 0., 1., 0., 0., 0., 0., 1., 0., 0., 1., 0., 0.,
           0., 0.],
          [1., 0., 0., 1., 1., 0., 0., 1., 0., 1., 1., 0., 1., 1., 0., 0., 0.,
           0., 1.],
          [0., 0., 0., 0., 0., 0., 1., 1., 1., 0., 0., 1., 1., 1., 1., 1., 1.,
           0., 1.],
          [1., 0., 0., 1., 0., 1., 1., 0., 0., 0., 1., 1., 0., 1., 1., 0., 0.,
           1., 1.],
          [0., 0., 0., 0., 0., 1., 0., 1., 1., 1., 1., 0., 1., 1., 0., 1., 0.,
           0., 0.],
          [1., 1., 1., 1., 1., 0., 0., 1., 1., 1., 1., 0., 1., 1., 1., 1., 1.,
           0., 0.],
          [0., 1., 1., 0., 0., 1., 1., 0., 0., 0., 0., 1., 0., 0., 1., 0., 1.,
           0., 0.],
          [1., 0., 1., 1., 0., 1., 1., 1., 0., 1., 0., 1., 1., 1., 1., 1., 1.,
           0., 0.],
          [0., 1., 0., 1., 0., 1., 0., 0., 0., 0., 1., 1., 1., 0., 1., 1., 0.,
           0., 0.],
          [0., 1., 0., 1., 0., 0., 0., 0., 1., 0., 0., 1., 0., 1., 1., 1., 0.,
           1., 0.],
          [1., 1., 0., 1., 0., 1., 0., 0., 1., 1., 0., 1., 0., 1., 0., 0., 1.,
           0., 0.]]]], device='cuda:0'), tensor([[0.7324]], device='cuda:0'))
2026-01-07 17:24:59 - INFO - [ 9.9833512e-01 -2.7829831e-02 -4.7618986e-04  6.4152493e-03
 -4.7619917e-04  6.4152493e-03  9.1836041e-01 -2.2935346e-01]
2026-01-07 17:24:59 - INFO - {'S11_real': np.float32(0.9983351), 'S11_imag': np.float32(-0.027829831), 'S21_real': np.float32(-0.00047618986), 'S21_imag': np.float32(0.0064152493), 'S12_real': np.float32(-0.00047619917), 'S12_imag': np.float32(0.0064152493), 'S22_real': np.float32(0.9183604), 'S22_imag': np.float32(-0.22935346)}
2026-01-07 17:24:59 - INFO - (tensor([[[[1., 1., 0., 1., 0., 0., 1., 1., 1., 0., 1., 0., 1., 0., 0., 1., 0.,
           0., 0.],
          [1., 0., 1., 0., 0., 1., 0., 0., 0., 1., 1., 1., 0., 1., 0., 0., 0.,
           1., 1.],
          [1., 0., 1., 1., 0., 1., 1., 1., 1., 1., 1., 0., 0., 0., 1., 1., 0.,
           0., 1.],
          [1., 1., 1., 1., 1., 0., 0., 1., 0., 0., 1., 0., 1., 1., 0., 0., 0.,
           1., 1.],
          [1., 1., 0., 0., 0., 1., 1., 0., 1., 1., 0., 0., 1., 1., 0., 1., 0.,
           0., 0.],
          [1., 0., 0., 0., 0., 1., 0., 0., 0., 1., 1., 0., 0., 0., 0., 1., 0.,
           1., 0.],
          [1., 1., 1., 1., 1., 1., 0., 1., 1., 0., 1., 0., 1., 1., 1., 0., 1.,
           1., 0.],
          [1., 1., 1., 0., 1., 1., 1., 1., 0., 1., 1., 0., 1., 0., 0., 0., 0.,
           1., 1.],
          [1., 1., 0., 1., 0., 1., 1., 0., 1., 1., 0., 1., 1., 1., 0., 1., 0.,
           0., 1.],
          [1., 0., 1., 1., 0., 1., 1., 0., 0., 1., 1., 0., 1., 0., 1., 1., 0.,
           1., 1.],
          [1., 1., 0., 0., 0., 0., 1., 0., 0., 0., 0., 1., 0., 0., 1., 1., 0.,
           1., 1.],
          [0., 0., 0., 0., 0., 1., 0., 1., 1., 1., 0., 1., 0., 0., 0., 1., 1.,
           1., 0.],
          [1., 1., 0., 0., 0., 1., 0., 1., 0., 1., 1., 1., 1., 0., 1., 1., 0.,
           0., 0.],
          [1., 1., 0., 0., 0., 1., 1., 0., 1., 1., 0., 1., 1., 0., 0., 0., 0.,
           0., 1.],
          [1., 1., 0., 0., 1., 1., 0., 0., 1., 1., 1., 0., 1., 1., 0., 1., 0.,
           1., 0.],
          [0., 0., 0., 0., 1., 0., 1., 0., 1., 1., 1., 0., 1., 1., 0., 1., 1.,
           0., 0.],
          [0., 0., 1., 1., 0., 1., 1., 0., 1., 1., 0., 1., 0., 1., 1., 0., 1.,
           0., 0.],
          [0., 1., 1., 0., 0., 0., 1., 0., 1., 0., 1., 1., 1., 1., 1., 1., 0.,
           0., 0.],
          [1., 1., 1., 0., 1., 0., 0., 0., 1., 0., 0., 1., 0., 0., 0., 1., 1.,
           1., 1.]]]], device='cuda:0'), tensor([[0.7324]], device='cuda:0'))
2026-01-07 17:24:59 - INFO - [-0.05048598 -0.00141566  0.91218936 -0.23573984  0.91218936 -0.23573986
 -0.05027171 -0.00168083]
2026-01-07 17:24:59 - INFO - {'S11_real': np.float32(-0.050485983), 'S11_imag': np.float32(-0.0014156615), 'S21_real': np.float32(0.91218936), 'S21_imag': np.float32(-0.23573984), 'S12_real': np.float32(0.91218936), 'S12_imag': np.float32(-0.23573986), 'S22_real': np.float32(-0.050271712), 'S22_imag': np.float32(-0.001680827)}
2026-01-07 17:24:59 - INFO - (tensor([[[[0., 1., 1., 0., 0., 1., 0., 0., 1., 1., 0., 0., 1., 1., 1., 0., 0.,
           0., 1.],
          [1., 1., 1., 1., 0., 0., 0., 0., 0., 0., 1., 1., 1., 1., 0., 0., 0.,
           1., 1.],
          [1., 0., 0., 1., 1., 1., 1., 1., 1., 0., 1., 0., 0., 1., 0., 1., 1.,
           1., 1.],
          [0., 0., 1., 0., 1., 1., 1., 1., 1., 0., 0., 0., 1., 1., 0., 0., 1.,
           1., 1.],
          [1., 0., 0., 1., 0., 0., 1., 0., 1., 0., 1., 1., 0., 1., 1., 1., 1.,
           0., 1.],
          [0., 0., 0., 1., 0., 1., 1., 1., 0., 1., 0., 1., 1., 0., 1., 1., 0.,
           0., 0.],
          [0., 0., 1., 1., 0., 0., 1., 0., 1., 0., 1., 1., 0., 0., 1., 1., 0.,
           0., 1.],
          [1., 1., 0., 0., 0., 0., 0., 1., 1., 0., 1., 1., 1., 1., 1., 0., 1.,
           0., 0.],
          [1., 1., 1., 1., 0., 1., 0., 0., 1., 0., 0., 0., 1., 0., 1., 0., 0.,
           1., 0.],
          [1., 0., 0., 1., 0., 1., 0., 1., 0., 1., 1., 1., 0., 1., 0., 1., 1.,
           1., 1.],
          [1., 0., 1., 1., 1., 0., 1., 0., 1., 0., 0., 1., 1., 0., 0., 0., 1.,
           0., 1.],
          [1., 0., 0., 0., 0., 0., 0., 0., 1., 0., 0., 0., 1., 1., 0., 1., 0.,
           0., 0.],
          [1., 1., 1., 1., 1., 1., 0., 1., 0., 1., 0., 0., 1., 0., 1., 0., 0.,
           1., 0.],
          [0., 0., 1., 0., 0., 1., 0., 0., 1., 0., 0., 1., 1., 1., 0., 0., 0.,
           0., 0.],
          [0., 0., 0., 0., 0., 1., 0., 1., 0., 1., 1., 1., 0., 0., 1., 0., 1.,
           0., 1.],
          [1., 1., 1., 1., 0., 0., 1., 0., 0., 1., 0., 0., 1., 0., 1., 1., 0.,
           1., 0.],
          [1., 1., 1., 1., 0., 0., 0., 0., 0., 0., 1., 0., 0., 0., 0., 0., 0.,
           0., 0.],
          [1., 0., 1., 0., 0., 0., 0., 0., 0., 0., 0., 1., 1., 1., 0., 0., 0.,
           1., 1.],
          [0., 1., 1., 0., 1., 1., 0., 1., 0., 0., 1., 0., 1., 1., 0., 1., 0.,
           1., 0.]]]], device='cuda:0'), tensor([[0.7324]], device='cuda:0'))
2026-01-07 17:24:59 - INFO - [-0.04509903 -0.01000895  0.9231703  -0.21601152  0.9231703  -0.21601154
 -0.05057311 -0.00609148]
2026-01-07 17:24:59 - INFO - {'S11_real': np.float32(-0.045099027), 'S11_imag': np.float32(-0.010008951), 'S21_real': np.float32(0.9231703), 'S21_imag': np.float32(-0.21601152), 'S12_real': np.float32(0.9231703), 'S12_imag': np.float32(-0.21601154), 'S22_real': np.float32(-0.05057311), 'S22_imag': np.float32(-0.006091482)}
2026-01-07 17:24:59 - INFO - (tensor([[[[0., 0., 0., 0., 0., 0., 0., 1., 1., 1., 1., 1., 1., 1., 1., 0., 1.,
           1., 1.],
          [1., 0., 0., 1., 1., 0., 0., 0., 1., 0., 0., 0., 0., 0., 0., 1., 1.,
           0., 0.],
          [0., 1., 1., 1., 1., 0., 1., 0., 0., 0., 0., 0., 0., 0., 0., 1., 0.,
           1., 0.],
          [0., 0., 0., 0., 1., 0., 1., 0., 1., 1., 1., 0., 1., 1., 0., 0., 0.,
           1., 0.],
          [0., 1., 0., 0., 0., 0., 1., 0., 1., 0., 1., 1., 0., 0., 0., 1., 1.,
           0., 1.],
          [0., 0., 0., 0., 1., 0., 1., 0., 0., 1., 1., 0., 0., 1., 1., 1., 0.,
           0., 0.],
          [0., 1., 1., 1., 1., 1., 1., 0., 0., 1., 1., 0., 1., 0., 0., 1., 1.,
           0., 0.],
          [1., 0., 1., 0., 1., 0., 1., 1., 1., 1., 1., 0., 0., 1., 0., 0., 1.,
           0., 0.],
          [0., 1., 0., 0., 1., 0., 1., 0., 1., 1., 1., 0., 1., 0., 0., 0., 0.,
           1., 1.],
          [1., 0., 1., 0., 0., 1., 1., 0., 0., 1., 1., 1., 0., 0., 1., 0., 0.,
           1., 1.],
          [0., 0., 1., 1., 1., 1., 1., 0., 1., 1., 0., 1., 0., 1., 0., 0., 1.,
           1., 0.],
          [0., 1., 0., 0., 0., 1., 0., 1., 0., 0., 1., 1., 1., 0., 0., 1., 0.,
           1., 0.],
          [1., 1., 0., 1., 1., 1., 1., 1., 0., 1., 0., 1., 0., 1., 0., 1., 1.,
           0., 0.],
          [0., 1., 0., 1., 0., 1., 1., 0., 1., 1., 0., 0., 0., 0., 0., 1., 1.,
           1., 1.],
          [0., 0., 1., 1., 1., 1., 1., 0., 1., 1., 1., 1., 0., 0., 1., 1., 0.,
           0., 0.],
          [1., 1., 1., 1., 1., 1., 1., 1., 1., 1., 1., 0., 0., 1., 1., 1., 0.,
           1., 1.],
          [1., 0., 1., 0., 1., 0., 0., 1., 1., 0., 1., 0., 0., 1., 0., 0., 0.,
           1., 1.],
          [0., 1., 1., 1., 0., 1., 1., 1., 0., 1., 1., 0., 1., 1., 1., 0., 1.,
           0., 1.],
          [0., 1., 0., 0., 1., 0., 1., 0., 1., 0., 1., 0., 0., 1., 1., 0., 0.,
           0., 0.]]]], device='cuda:0'), tensor([[0.7324]], device='cuda:0'))
2026-01-07 17:24:59 - INFO - [ 9.9535197e-01 -4.6625759e-02  4.3815278e-04  1.2110598e-02
  4.3816210e-04  1.2110598e-02  8.9895105e-01 -2.5953743e-01]
2026-01-07 17:24:59 - INFO - {'S11_real': np.float32(0.99535197), 'S11_imag': np.float32(-0.04662576), 'S21_real': np.float32(0.00043815278), 'S21_imag': np.float32(0.012110598), 'S12_real': np.float32(0.0004381621), 'S12_imag': np.float32(0.012110598), 'S22_real': np.float32(0.89895105), 'S22_imag': np.float32(-0.25953743)}
2026-01-07 17:24:59 - INFO - (tensor([[[[1., 1., 0., 1., 1., 0., 0., 0., 1., 1., 0., 0., 0., 1., 0., 1., 1.,
           1., 0.],
          [1., 1., 1., 0., 0., 1., 1., 1., 1., 1., 0., 1., 0., 0., 1., 1., 1.,
           0., 1.],
          [0., 1., 1., 0., 1., 0., 1., 0., 0., 1., 1., 1., 0., 1., 1., 1., 0.,
           0., 0.],
          [1., 0., 0., 1., 1., 1., 1., 0., 0., 0., 0., 1., 0., 1., 1., 0., 1.,
           1., 1.],
          [1., 1., 0., 1., 0., 1., 1., 0., 0., 1., 0., 0., 0., 1., 0., 0., 0.,
           1., 0.],
          [0., 1., 0., 1., 1., 1., 0., 0., 1., 0., 0., 1., 0., 0., 0., 0., 1.,
           0., 1.],
          [1., 1., 0., 1., 0., 1., 0., 1., 1., 1., 1., 1., 1., 1., 1., 1., 0.,
           0., 0.],
          [1., 0., 1., 0., 0., 1., 0., 1., 0., 0., 0., 1., 0., 1., 0., 0., 1.,
           1., 0.],
          [0., 1., 1., 0., 1., 0., 1., 1., 0., 0., 0., 0., 1., 1., 1., 1., 1.,
           0., 0.],
          [1., 1., 0., 1., 0., 1., 1., 1., 0., 0., 1., 1., 0., 0., 1., 0., 1.,
           1., 1.],
          [0., 0., 1., 1., 1., 1., 0., 1., 0., 1., 1., 0., 0., 0., 0., 0., 0.,
           1., 0.],
          [1., 0., 0., 0., 1., 1., 0., 0., 1., 0., 1., 0., 1., 1., 0., 0., 1.,
           0., 0.],
          [0., 0., 1., 1., 1., 1., 1., 0., 1., 1., 0., 1., 0., 1., 0., 1., 1.,
           1., 0.],
          [0., 1., 1., 0., 0., 1., 0., 0., 0., 0., 0., 0., 0., 0., 1., 0., 0.,
           0., 0.],
          [1., 1., 1., 0., 1., 1., 1., 0., 0., 1., 1., 0., 0., 1., 0., 1., 0.,
           1., 1.],
          [1., 1., 1., 1., 0., 0., 1., 0., 0., 0., 1., 1., 0., 0., 1., 1., 0.,
           0., 0.],
          [0., 0., 0., 0., 0., 0., 1., 1., 1., 0., 0., 1., 0., 0., 1., 1., 1.,
           0., 1.],
          [1., 0., 1., 0., 0., 0., 0., 0., 1., 1., 0., 0., 1., 1., 0., 1., 0.,
           0., 1.],
          [0., 0., 1., 1., 1., 0., 1., 0., 0., 0., 0., 1., 0., 1., 1., 1., 1.,
           1., 1.]]]], device='cuda:0'), tensor([[0.7324]], device='cuda:0'))
2026-01-07 17:24:59 - INFO - [-0.04407259 -0.00212422  0.9151465  -0.23376875  0.9151465  -0.23376875
 -0.05123973  0.00323972]
2026-01-07 17:24:59 - INFO - {'S11_real': np.float32(-0.044072587), 'S11_imag': np.float32(-0.0021242243), 'S21_real': np.float32(0.9151465), 'S21_imag': np.float32(-0.23376875), 'S12_real': np.float32(0.9151465), 'S12_imag': np.float32(-0.23376875), 'S22_real': np.float32(-0.051239725), 'S22_imag': np.float32(0.0032397246)}
2026-01-07 17:24:59 - INFO - (tensor([[[[1., 1., 1., 0., 1., 0., 0., 0., 1., 1., 0., 1., 0., 1., 1., 0., 1.,
           1., 0.],
          [0., 1., 1., 0., 0., 0., 0., 1., 0., 0., 0., 1., 0., 1., 0., 1., 0.,
           1., 1.],
          [0., 0., 1., 0., 0., 1., 0., 0., 0., 0., 1., 1., 1., 1., 0., 1., 0.,
           0., 1.],
          [0., 1., 0., 0., 1., 0., 0., 1., 1., 0., 1., 0., 1., 1., 0., 1., 0.,
           1., 0.],
          [0., 1., 1., 0., 1., 0., 0., 0., 1., 1., 0., 1., 1., 1., 0., 0., 1.,
           0., 0.],
          [0., 1., 0., 0., 1., 1., 0., 1., 0., 1., 0., 1., 0., 0., 0., 0., 1.,
           0., 0.],
          [1., 1., 0., 1., 0., 1., 1., 0., 0., 0., 0., 0., 1., 1., 1., 1., 0.,
           1., 1.],
          [1., 1., 0., 0., 1., 1., 1., 1., 0., 1., 0., 1., 0., 1., 0., 0., 0.,
           1., 1.],
          [0., 0., 1., 1., 0., 1., 0., 1., 1., 0., 1., 1., 1., 0., 0., 1., 0.,
           1., 0.],
          [1., 1., 1., 1., 0., 1., 1., 1., 0., 0., 0., 1., 1., 0., 1., 0., 0.,
           0., 1.],
          [0., 1., 1., 0., 1., 0., 1., 0., 1., 0., 0., 0., 0., 0., 1., 0., 1.,
           0., 0.],
          [1., 0., 0., 0., 0., 0., 0., 1., 0., 1., 0., 0., 1., 1., 0., 1., 0.,
           0., 0.],
          [1., 1., 1., 1., 0., 1., 1., 1., 0., 0., 0., 1., 0., 0., 0., 1., 1.,
           0., 0.],
          [0., 0., 0., 1., 0., 0., 0., 1., 1., 0., 1., 1., 1., 0., 0., 0., 0.,
           0., 1.],
          [1., 1., 0., 1., 0., 0., 1., 1., 0., 1., 1., 1., 0., 0., 1., 1., 0.,
           0., 0.],
          [0., 1., 0., 0., 1., 1., 1., 0., 0., 1., 0., 0., 0., 1., 1., 0., 0.,
           0., 0.],
          [0., 1., 1., 0., 1., 0., 0., 0., 1., 1., 1., 1., 1., 1., 0., 0., 0.,
           0., 1.],
          [1., 0., 1., 1., 1., 1., 1., 1., 0., 1., 1., 0., 0., 0., 0., 0., 0.,
           0., 0.],
          [0., 1., 1., 0., 0., 0., 1., 0., 1., 1., 1., 1., 0., 0., 0., 0., 0.,
           1., 1.]]]], device='cuda:0'), tensor([[0.7324]], device='cuda:0'))
2026-01-07 17:24:59 - INFO - [ 0.72155946 -0.39872754  0.00252478  0.01520019  0.00252478  0.0152002
  0.9965471  -0.03208186]
2026-01-07 17:24:59 - INFO - {'S11_real': np.float32(0.72155946), 'S11_imag': np.float32(-0.39872754), 'S21_real': np.float32(0.0025247813), 'S21_imag': np.float32(0.015200193), 'S12_real': np.float32(0.002524785), 'S12_imag': np.float32(0.015200197), 'S22_real': np.float32(0.9965471), 'S22_imag': np.float32(-0.032081865)}
2026-01-07 17:24:59 - INFO - (tensor([[[[0., 1., 1., 0., 1., 1., 0., 1., 0., 1., 1., 0., 1., 1., 0., 1., 1.,
           0., 0.],
          [1., 1., 0., 1., 0., 1., 0., 0., 0., 0., 1., 1., 0., 0., 0., 1., 0.,
           1., 1.],
          [0., 1., 1., 0., 1., 0., 1., 0., 1., 1., 1., 0., 1., 1., 1., 0., 0.,
           0., 1.],
          [1., 0., 0., 1., 1., 1., 0., 1., 0., 0., 0., 0., 1., 0., 1., 0., 0.,
           0., 0.],
          [1., 1., 1., 1., 0., 1., 1., 0., 0., 0., 1., 1., 0., 1., 0., 0., 1.,
           0., 1.],
          [0., 0., 0., 0., 1., 0., 0., 1., 0., 1., 1., 1., 0., 1., 0., 1., 1.,
           1., 0.],
          [1., 1., 0., 1., 1., 1., 0., 1., 0., 0., 0., 1., 1., 0., 0., 0., 1.,
           1., 1.],
          [0., 0., 0., 1., 1., 1., 0., 1., 1., 0., 1., 1., 1., 1., 0., 0., 0.,
           0., 1.],
          [0., 0., 0., 0., 1., 0., 1., 1., 1., 0., 1., 0., 0., 1., 1., 1., 1.,
           1., 1.],
          [1., 0., 1., 0., 0., 0., 0., 0., 1., 1., 0., 0., 1., 1., 0., 1., 1.,
           0., 1.],
          [1., 0., 0., 0., 0., 1., 0., 1., 0., 0., 0., 0., 0., 0., 0., 0., 1.,
           1., 1.],
          [1., 1., 0., 0., 0., 0., 1., 1., 1., 1., 0., 0., 0., 1., 1., 0., 0.,
           0., 1.],
          [1., 0., 1., 0., 0., 0., 1., 1., 1., 1., 1., 0., 0., 1., 1., 0., 1.,
           1., 1.],
          [1., 0., 1., 0., 1., 1., 0., 0., 1., 0., 0., 0., 1., 1., 1., 1., 0.,
           1., 1.],
          [1., 0., 0., 1., 0., 0., 1., 0., 0., 1., 1., 0., 1., 0., 0., 1., 0.,
           0., 0.],
          [1., 0., 0., 0., 1., 1., 1., 0., 1., 1., 0., 1., 0., 0., 0., 0., 0.,
           1., 0.],
          [0., 0., 0., 0., 0., 0., 1., 1., 1., 0., 1., 1., 0., 1., 0., 0., 0.,
           0., 1.],
          [0., 1., 1., 0., 1., 0., 0., 0., 1., 0., 1., 1., 0., 0., 1., 1., 0.,
           0., 0.],
          [0., 0., 1., 1., 1., 0., 0., 0., 0., 1., 1., 1., 1., 0., 1., 0., 1.,
           1., 0.]]]], device='cuda:0'), tensor([[0.7324]], device='cuda:0'))
2026-01-07 17:24:59 - INFO - [ 0.974491   -0.11359425  0.01308303  0.04662829  0.01308303  0.04662829
  0.7251938  -0.40846363]
2026-01-07 17:24:59 - INFO - {'S11_real': np.float32(0.974491), 'S11_imag': np.float32(-0.11359425), 'S21_real': np.float32(0.013083034), 'S21_imag': np.float32(0.04662829), 'S12_real': np.float32(0.013083032), 'S12_imag': np.float32(0.046628293), 'S22_real': np.float32(0.7251938), 'S22_imag': np.float32(-0.40846363)}
2026-01-07 17:24:59 - INFO - (tensor([[[[0., 0., 0., 1., 0., 1., 1., 1., 1., 0., 0., 1., 1., 0., 0., 1., 1.,
           1., 0.],
          [0., 1., 1., 1., 1., 1., 1., 0., 0., 0., 0., 0., 1., 0., 1., 0., 1.,
           1., 1.],
          [1., 0., 0., 0., 1., 1., 0., 1., 0., 1., 1., 1., 1., 0., 1., 0., 1.,
           0., 0.],
          [0., 1., 0., 0., 1., 0., 1., 0., 0., 0., 1., 0., 0., 1., 1., 1., 1.,
           1., 1.],
          [1., 0., 0., 0., 1., 0., 1., 0., 0., 1., 0., 1., 0., 1., 1., 1., 1.,
           0., 1.],
          [0., 0., 0., 1., 1., 1., 1., 0., 1., 1., 0., 0., 1., 0., 1., 1., 0.,
           1., 0.],
          [0., 0., 1., 1., 1., 0., 1., 1., 0., 0., 0., 1., 0., 0., 0., 1., 1.,
           0., 0.],
          [1., 1., 1., 0., 1., 0., 1., 1., 0., 1., 0., 1., 0., 1., 0., 0., 0.,
           0., 0.],
          [0., 1., 1., 0., 0., 1., 0., 1., 1., 0., 0., 0., 0., 1., 1., 0., 0.,
           1., 0.],
          [1., 0., 1., 1., 1., 1., 0., 0., 1., 1., 1., 0., 0., 0., 0., 0., 1.,
           0., 1.],
          [0., 0., 1., 1., 1., 0., 1., 1., 0., 1., 0., 1., 0., 1., 1., 0., 1.,
           0., 1.],
          [0., 1., 1., 1., 0., 0., 0., 1., 0., 0., 1., 0., 0., 0., 1., 0., 0.,
           0., 1.],
          [0., 1., 0., 1., 0., 0., 1., 1., 0., 0., 0., 0., 0., 0., 1., 1., 1.,
           1., 0.],
          [1., 1., 1., 1., 0., 1., 1., 0., 0., 1., 1., 1., 0., 1., 0., 0., 1.,
           1., 0.],
          [0., 0., 0., 0., 0., 1., 1., 1., 1., 0., 0., 1., 1., 1., 1., 1., 0.,
           0., 1.],
          [1., 1., 1., 1., 1., 1., 1., 0., 1., 1., 1., 0., 1., 0., 1., 0., 0.,
           1., 1.],
          [1., 0., 0., 1., 0., 1., 0., 1., 1., 0., 0., 0., 0., 0., 1., 1., 0.,
           0., 0.],
          [1., 1., 1., 1., 1., 1., 1., 0., 1., 1., 1., 1., 0., 0., 0., 0., 1.,
           0., 1.],
          [0., 0., 0., 1., 0., 0., 0., 1., 1., 1., 1., 1., 0., 1., 0., 1., 0.,
           1., 0.]]]], device='cuda:0'), tensor([[0.7324]], device='cuda:0'))
2026-01-07 17:24:59 - INFO - [ 9.9620259e-01 -3.7134249e-02 -8.1925542e-04  8.2369504e-04
 -8.1926101e-04  8.2370249e-04  9.8999703e-01 -6.5188758e-02]
2026-01-07 17:24:59 - INFO - {'S11_real': np.float32(0.9962026), 'S11_imag': np.float32(-0.03713425), 'S21_real': np.float32(-0.0008192554), 'S21_imag': np.float32(0.00082369504), 'S12_real': np.float32(-0.000819261), 'S12_imag': np.float32(0.0008237025), 'S22_real': np.float32(0.989997), 'S22_imag': np.float32(-0.06518876)}
2026-01-07 17:24:59 - INFO - (tensor([[[[1., 1., 1., 0., 1., 0., 0., 1., 0., 1., 0., 1., 0., 0., 1., 1., 0.,
           0., 1.],
          [0., 0., 0., 0., 0., 1., 0., 1., 0., 1., 1., 1., 0., 0., 1., 0., 1.,
           1., 0.],
          [0., 0., 0., 1., 1., 0., 1., 0., 1., 0., 0., 1., 0., 1., 1., 1., 0.,
           1., 1.],
          [0., 0., 0., 1., 1., 1., 0., 0., 1., 0., 1., 0., 0., 0., 0., 1., 1.,
           1., 1.],
          [1., 0., 0., 0., 0., 1., 1., 0., 1., 1., 1., 0., 1., 0., 1., 0., 0.,
           0., 0.],
          [0., 1., 0., 1., 1., 0., 1., 1., 1., 0., 1., 1., 0., 0., 1., 1., 1.,
           1., 1.],
          [0., 0., 1., 1., 1., 1., 0., 0., 1., 1., 0., 0., 0., 1., 1., 1., 0.,
           1., 0.],
          [0., 1., 0., 0., 1., 1., 0., 1., 0., 0., 1., 0., 0., 0., 0., 1., 0.,
           1., 0.],
          [1., 1., 0., 0., 1., 0., 0., 1., 0., 1., 1., 0., 0., 0., 1., 0., 1.,
           0., 1.],
          [1., 0., 1., 0., 1., 0., 0., 0., 1., 0., 0., 0., 0., 1., 0., 1., 0.,
           1., 1.],
          [0., 1., 0., 0., 1., 1., 1., 0., 1., 1., 0., 0., 1., 0., 1., 0., 1.,
           1., 1.],
          [1., 1., 0., 1., 1., 1., 1., 0., 1., 1., 0., 0., 1., 1., 0., 1., 1.,
           1., 0.],
          [0., 1., 0., 0., 0., 1., 0., 0., 0., 1., 0., 1., 0., 1., 0., 0., 1.,
           1., 0.],
          [1., 0., 1., 0., 1., 0., 0., 1., 1., 0., 0., 0., 1., 0., 1., 1., 1.,
           1., 1.],
          [1., 1., 1., 0., 0., 1., 0., 1., 1., 1., 1., 1., 1., 1., 1., 1., 0.,
           0., 0.],
          [0., 1., 1., 1., 0., 0., 0., 0., 0., 1., 1., 1., 0., 1., 0., 1., 0.,
           1., 0.],
          [1., 0., 1., 1., 1., 0., 0., 1., 1., 1., 0., 0., 1., 1., 0., 0., 0.,
           1., 0.],
          [0., 1., 0., 0., 1., 0., 1., 1., 1., 1., 0., 1., 0., 0., 0., 0., 1.,
           0., 0.],
          [0., 1., 0., 0., 0., 0., 1., 1., 1., 1., 1., 0., 1., 1., 0., 1., 0.,
           1., 0.]]]], device='cuda:0'), tensor([[0.7324]], device='cuda:0'))
2026-01-07 17:24:59 - INFO - [ 0.84316087 -0.3076151   0.03080779  0.07719526  0.03080779  0.07719526
  0.86518896 -0.28370637]
2026-01-07 17:24:59 - INFO - {'S11_real': np.float32(0.84316087), 'S11_imag': np.float32(-0.3076151), 'S21_real': np.float32(0.03080779), 'S21_imag': np.float32(0.07719526), 'S12_real': np.float32(0.030807786), 'S12_imag': np.float32(0.077195264), 'S22_real': np.float32(0.86518896), 'S22_imag': np.float32(-0.28370637)}
2026-01-07 17:24:59 - INFO - (tensor([[[[0., 1., 0., 1., 1., 1., 1., 0., 0., 0., 0., 0., 1., 0., 0., 0., 0.,
           0., 1.],
          [0., 1., 1., 0., 1., 0., 0., 0., 0., 0., 0., 1., 0., 1., 1., 0., 1.,
           1., 1.],
          [1., 0., 0., 1., 0., 0., 1., 1., 0., 0., 1., 0., 1., 0., 1., 1., 1.,
           0., 0.],
          [1., 1., 0., 0., 1., 0., 1., 1., 1., 0., 0., 1., 0., 0., 1., 0., 1.,
           1., 1.],
          [1., 0., 0., 1., 0., 0., 1., 1., 0., 0., 1., 1., 1., 0., 0., 1., 0.,
           0., 0.],
          [0., 1., 0., 0., 1., 1., 1., 1., 1., 0., 0., 0., 1., 1., 0., 1., 1.,
           0., 0.],
          [0., 1., 0., 1., 0., 0., 0., 0., 0., 0., 1., 1., 1., 1., 1., 1., 1.,
           0., 0.],
          [1., 1., 0., 1., 1., 0., 0., 1., 1., 0., 0., 1., 0., 1., 1., 0., 0.,
           1., 0.],
          [1., 0., 0., 1., 1., 1., 1., 0., 1., 0., 1., 0., 0., 0., 1., 0., 1.,
           1., 0.],
          [1., 0., 0., 1., 1., 1., 0., 0., 1., 1., 0., 1., 1., 0., 1., 0., 0.,
           1., 1.],
          [1., 0., 0., 1., 0., 1., 0., 1., 1., 0., 0., 1., 0., 1., 1., 0., 1.,
           1., 0.],
          [1., 1., 1., 0., 0., 0., 0., 1., 1., 1., 1., 0., 1., 1., 0., 0., 1.,
           1., 1.],
          [1., 0., 0., 1., 0., 1., 1., 1., 1., 0., 1., 0., 1., 0., 1., 0., 1.,
           1., 1.],
          [0., 0., 0., 1., 1., 0., 1., 1., 0., 0., 1., 0., 1., 1., 1., 0., 1.,
           0., 0.],
          [0., 1., 0., 1., 1., 0., 0., 0., 1., 1., 0., 1., 0., 1., 1., 0., 0.,
           1., 1.],
          [0., 1., 0., 0., 1., 0., 0., 0., 0., 0., 0., 1., 0., 0., 0., 1., 0.,
           1., 0.],
          [0., 1., 0., 0., 1., 0., 0., 0., 0., 1., 0., 0., 0., 1., 1., 0., 0.,
           1., 0.],
          [0., 0., 0., 1., 1., 1., 1., 0., 0., 1., 1., 0., 0., 0., 0., 0., 1.,
           0., 0.],
          [1., 0., 0., 0., 1., 0., 0., 0., 0., 1., 0., 0., 0., 0., 1., 1., 0.,
           0., 1.]]]], device='cuda:0'), tensor([[0.7324]], device='cuda:0'))
2026-01-07 17:24:59 - INFO - [ 0.75620484 -0.38218233  0.01859852  0.05513801  0.01859852  0.05513801
  0.9662372  -0.13862182]
2026-01-07 17:24:59 - INFO - {'S11_real': np.float32(0.75620484), 'S11_imag': np.float32(-0.38218233), 'S21_real': np.float32(0.018598523), 'S21_imag': np.float32(0.055138007), 'S12_real': np.float32(0.01859852), 'S12_imag': np.float32(0.05513801), 'S22_real': np.float32(0.9662372), 'S22_imag': np.float32(-0.13862182)}
2026-01-07 17:24:59 - INFO - (tensor([[[[1., 0., 1., 0., 1., 0., 1., 0., 0., 1., 1., 1., 0., 1., 1., 0., 0.,
           1., 0.],
          [1., 0., 0., 1., 1., 0., 1., 1., 1., 1., 1., 1., 0., 1., 1., 1., 1.,
           0., 0.],
          [1., 1., 0., 1., 1., 0., 1., 1., 0., 1., 1., 0., 0., 0., 1., 0., 1.,
           1., 0.],
          [1., 1., 0., 0., 1., 1., 1., 1., 0., 1., 1., 1., 0., 0., 0., 1., 1.,
           1., 1.],
          [1., 1., 1., 1., 0., 0., 0., 1., 0., 0., 0., 1., 1., 1., 0., 0., 0.,
           0., 1.],
          [1., 0., 1., 1., 0., 0., 1., 1., 0., 1., 0., 1., 0., 1., 1., 0., 0.,
           1., 1.],
          [1., 0., 0., 0., 0., 1., 0., 0., 1., 1., 1., 0., 1., 0., 1., 0., 1.,
           0., 0.],
          [1., 0., 0., 0., 1., 1., 1., 1., 0., 1., 0., 1., 0., 1., 0., 1., 1.,
           0., 1.],
          [0., 0., 1., 1., 0., 1., 0., 1., 1., 0., 0., 1., 1., 1., 1., 0., 0.,
           1., 0.],
          [1., 1., 1., 0., 0., 0., 0., 1., 1., 0., 1., 0., 0., 0., 0., 1., 1.,
           1., 1.],
          [0., 1., 1., 0., 1., 0., 0., 1., 1., 0., 1., 0., 1., 0., 0., 0., 1.,
           1., 1.],
          [1., 1., 1., 0., 0., 1., 1., 0., 1., 1., 1., 0., 1., 0., 1., 0., 1.,
           1., 0.],
          [0., 0., 1., 1., 0., 0., 1., 0., 0., 1., 0., 1., 0., 0., 0., 0., 1.,
           0., 0.],
          [0., 0., 0., 1., 1., 1., 0., 1., 0., 1., 1., 0., 1., 0., 1., 0., 0.,
           0., 0.],
          [0., 0., 1., 0., 1., 1., 0., 0., 1., 1., 0., 0., 1., 1., 1., 0., 0.,
           1., 1.],
          [0., 1., 0., 0., 0., 1., 0., 0., 0., 1., 1., 0., 0., 1., 0., 1., 1.,
           1., 1.],
          [0., 1., 0., 0., 1., 1., 1., 1., 1., 0., 1., 1., 0., 1., 0., 1., 0.,
           0., 1.],
          [1., 0., 1., 0., 0., 0., 0., 0., 1., 0., 1., 1., 0., 1., 0., 1., 1.,
           0., 0.],
          [1., 1., 1., 0., 0., 1., 0., 0., 1., 0., 1., 1., 0., 0., 1., 1., 0.,
           1., 1.]]]], device='cuda:0'), tensor([[0.7324]], device='cuda:0'))
2026-01-07 17:24:59 - INFO - [-0.03597762  0.00930016  0.9213803  -0.23097347  0.9213803  -0.23097345
 -0.04261175  0.01468422]
2026-01-07 17:24:59 - INFO - {'S11_real': np.float32(-0.035977624), 'S11_imag': np.float32(0.009300161), 'S21_real': np.float32(0.9213803), 'S21_imag': np.float32(-0.23097347), 'S12_real': np.float32(0.9213803), 'S12_imag': np.float32(-0.23097345), 'S22_real': np.float32(-0.042611748), 'S22_imag': np.float32(0.014684218)}
2026-01-07 17:24:59 - INFO - (tensor([[[[0., 0., 1., 1., 1., 1., 1., 0., 1., 1., 1., 1., 0., 1., 1., 1., 1.,
           0., 0.],
          [1., 0., 1., 0., 0., 0., 0., 1., 0., 0., 0., 0., 1., 1., 1., 1., 1.,
           0., 1.],
          [0., 0., 0., 1., 0., 0., 0., 0., 1., 0., 0., 1., 1., 1., 0., 0., 0.,
           1., 1.],
          [0., 1., 1., 1., 1., 0., 0., 0., 0., 0., 1., 0., 0., 1., 1., 1., 1.,
           1., 1.],
          [1., 1., 0., 1., 1., 0., 0., 0., 1., 0., 0., 1., 0., 0., 1., 0., 1.,
           0., 0.],
          [0., 1., 0., 0., 0., 0., 0., 0., 1., 1., 1., 1., 1., 0., 1., 0., 1.,
           0., 1.],
          [0., 0., 1., 1., 0., 1., 1., 0., 0., 0., 1., 0., 0., 1., 0., 0., 1.,
           0., 1.],
          [1., 0., 0., 1., 1., 1., 1., 1., 1., 1., 0., 1., 0., 1., 0., 0., 1.,
           1., 0.],
          [0., 0., 1., 1., 1., 0., 1., 1., 1., 0., 0., 0., 1., 0., 0., 0., 0.,
           1., 0.],
          [1., 0., 1., 0., 0., 1., 0., 0., 1., 1., 0., 0., 0., 0., 0., 1., 0.,
           0., 1.],
          [0., 0., 1., 0., 0., 1., 0., 0., 0., 1., 1., 1., 0., 0., 0., 0., 1.,
           1., 0.],
          [1., 0., 0., 1., 1., 1., 0., 0., 1., 1., 1., 1., 1., 0., 0., 1., 1.,
           0., 0.],
          [1., 0., 1., 0., 0., 1., 1., 0., 1., 1., 1., 1., 0., 0., 0., 0., 0.,
           0., 1.],
          [0., 1., 1., 1., 0., 0., 1., 0., 0., 1., 1., 0., 0., 0., 0., 1., 0.,
           1., 1.],
          [1., 1., 0., 1., 0., 0., 1., 1., 0., 1., 1., 0., 1., 1., 1., 0., 1.,
           0., 0.],
          [1., 0., 1., 1., 0., 0., 1., 0., 0., 0., 1., 1., 1., 1., 1., 0., 0.,
           1., 1.],
          [0., 1., 1., 0., 1., 1., 1., 1., 0., 1., 1., 0., 0., 1., 1., 0., 0.,
           0., 0.],
          [0., 0., 0., 0., 1., 1., 1., 1., 1., 1., 0., 1., 0., 1., 1., 1., 1.,
           1., 1.],
          [1., 1., 0., 1., 1., 1., 0., 0., 0., 0., 0., 0., 1., 1., 1., 1., 0.,
           0., 1.]]]], device='cuda:0'), tensor([[0.7324]], device='cuda:0'))
2026-01-07 17:24:59 - INFO - [ 9.9771297e-01 -2.8661843e-02 -8.7133492e-04  6.7870654e-03
 -8.7134424e-04  6.7870691e-03  8.7725991e-01 -2.7159750e-01]
2026-01-07 17:24:59 - INFO - {'S11_real': np.float32(0.99771297), 'S11_imag': np.float32(-0.028661843), 'S21_real': np.float32(-0.0008713349), 'S21_imag': np.float32(0.0067870654), 'S12_real': np.float32(-0.00087134424), 'S12_imag': np.float32(0.006787069), 'S22_real': np.float32(0.8772599), 'S22_imag': np.float32(-0.2715975)}
2026-01-07 17:24:59 - INFO - (tensor([[[[1., 0., 0., 0., 1., 0., 0., 1., 1., 1., 1., 0., 0., 1., 0., 0., 1.,
           1., 0.],
          [1., 1., 0., 1., 0., 1., 0., 1., 1., 0., 0., 1., 0., 0., 1., 1., 0.,
           1., 1.],
          [1., 0., 0., 1., 0., 1., 0., 1., 0., 0., 0., 1., 0., 1., 1., 0., 1.,
           0., 0.],
          [1., 1., 1., 1., 1., 0., 1., 1., 1., 1., 0., 1., 1., 1., 1., 0., 1.,
           0., 1.],
          [0., 0., 0., 1., 1., 0., 0., 0., 0., 0., 1., 1., 0., 1., 1., 1., 1.,
           1., 0.],
          [1., 1., 1., 1., 1., 1., 1., 1., 1., 0., 0., 1., 1., 0., 1., 0., 0.,
           0., 0.],
          [1., 0., 1., 1., 1., 0., 0., 0., 1., 1., 0., 1., 0., 0., 1., 1., 0.,
           0., 1.],
          [1., 1., 1., 0., 0., 0., 0., 0., 0., 0., 0., 1., 1., 0., 1., 0., 0.,
           1., 0.],
          [1., 0., 0., 1., 1., 0., 1., 1., 1., 1., 1., 0., 0., 1., 1., 0., 1.,
           1., 1.],
          [1., 0., 0., 1., 1., 0., 1., 1., 1., 0., 1., 0., 1., 1., 1., 0., 1.,
           1., 1.],
          [1., 1., 1., 0., 0., 0., 1., 1., 0., 0., 0., 0., 0., 0., 0., 1., 1.,
           0., 1.],
          [0., 1., 1., 0., 1., 1., 1., 1., 0., 0., 1., 1., 0., 1., 0., 1., 1.,
           1., 0.],
          [1., 0., 0., 0., 0., 1., 0., 0., 0., 0., 1., 0., 0., 0., 0., 1., 0.,
           1., 0.],
          [1., 0., 0., 0., 0., 1., 0., 1., 0., 0., 1., 0., 1., 0., 0., 1., 0.,
           1., 0.],
          [0., 1., 0., 0., 1., 1., 0., 1., 1., 1., 0., 0., 0., 1., 0., 0., 0.,
           0., 0.],
          [1., 1., 1., 0., 1., 0., 1., 0., 0., 1., 1., 1., 1., 0., 0., 0., 1.,
           0., 0.],
          [0., 0., 1., 1., 1., 1., 0., 0., 1., 1., 1., 0., 1., 0., 0., 1., 1.,
           1., 1.],
          [1., 1., 0., 1., 1., 0., 0., 0., 1., 0., 0., 1., 1., 0., 1., 1., 1.,
           0., 1.],
          [1., 0., 0., 0., 0., 1., 1., 1., 1., 1., 1., 1., 0., 1., 1., 0., 1.,
           0., 0.]]]], device='cuda:0'), tensor([[0.7324]], device='cuda:0'))
2026-01-07 17:24:59 - INFO - [ 0.69406915 -0.43642312  0.02339094  0.06670134  0.02339094  0.06670132
  0.96596754 -0.13945666]
2026-01-07 17:24:59 - INFO - {'S11_real': np.float32(0.69406915), 'S11_imag': np.float32(-0.43642312), 'S21_real': np.float32(0.023390943), 'S21_imag': np.float32(0.06670134), 'S12_real': np.float32(0.023390943), 'S12_imag': np.float32(0.06670132), 'S22_real': np.float32(0.96596754), 'S22_imag': np.float32(-0.13945666)}
2026-01-07 17:24:59 - INFO - (tensor([[[[1., 0., 1., 0., 0., 1., 1., 0., 0., 1., 1., 0., 1., 0., 1., 1., 0.,
           1., 0.],
          [0., 0., 0., 1., 1., 0., 1., 1., 1., 1., 1., 1., 0., 1., 1., 0., 0.,
           0., 1.],
          [0., 0., 1., 0., 1., 1., 1., 1., 1., 1., 1., 1., 0., 0., 1., 1., 1.,
           1., 1.],
          [0., 0., 1., 0., 0., 1., 1., 1., 0., 1., 1., 1., 0., 0., 1., 1., 0.,
           0., 1.],
          [1., 0., 0., 0., 0., 0., 1., 1., 1., 0., 1., 1., 1., 1., 0., 1., 0.,
           1., 0.],
          [1., 1., 0., 0., 0., 0., 1., 1., 0., 1., 1., 1., 0., 1., 1., 0., 0.,
           1., 1.],
          [0., 1., 0., 1., 0., 0., 1., 0., 1., 1., 1., 1., 1., 0., 1., 1., 1.,
           0., 0.],
          [0., 0., 1., 1., 0., 0., 0., 0., 1., 0., 1., 1., 0., 1., 1., 0., 1.,
           0., 0.],
          [0., 1., 1., 0., 0., 1., 1., 0., 1., 1., 1., 1., 1., 0., 0., 0., 0.,
           0., 0.],
          [1., 1., 0., 1., 0., 0., 0., 1., 1., 1., 1., 0., 1., 1., 1., 0., 0.,
           1., 1.],
          [1., 0., 1., 0., 0., 1., 0., 1., 1., 1., 1., 0., 1., 1., 0., 0., 1.,
           0., 1.],
          [1., 1., 0., 1., 0., 0., 1., 1., 1., 0., 0., 1., 0., 0., 0., 1., 1.,
           0., 0.],
          [1., 0., 0., 1., 1., 1., 0., 1., 0., 1., 1., 1., 1., 1., 1., 0., 1.,
           0., 1.],
          [0., 0., 0., 1., 0., 1., 0., 1., 0., 0., 1., 0., 0., 0., 0., 1., 0.,
           1., 1.],
          [0., 0., 1., 0., 0., 1., 1., 0., 0., 0., 0., 1., 1., 0., 1., 1., 1.,
           0., 1.],
          [0., 1., 1., 0., 0., 0., 0., 0., 0., 0., 1., 1., 1., 0., 1., 0., 1.,
           0., 0.],
          [0., 1., 1., 1., 0., 1., 1., 1., 1., 0., 0., 0., 1., 0., 0., 0., 1.,
           0., 1.],
          [0., 1., 0., 1., 1., 1., 1., 1., 0., 1., 0., 1., 0., 0., 0., 1., 0.,
           1., 1.],
          [0., 1., 0., 1., 0., 1., 0., 1., 1., 0., 1., 1., 1., 1., 0., 1., 0.,
           0., 1.]]]], device='cuda:0'), tensor([[0.7324]], device='cuda:0'))
2026-01-07 17:24:59 - INFO - [ 0.71130335 -0.4233222   0.00997553  0.03814655  0.00997552  0.03814655
  0.9908999  -0.06386715]
2026-01-07 17:24:59 - INFO - {'S11_real': np.float32(0.71130335), 'S11_imag': np.float32(-0.4233222), 'S21_real': np.float32(0.0099755265), 'S21_imag': np.float32(0.038146548), 'S12_real': np.float32(0.009975525), 'S12_imag': np.float32(0.03814655), 'S22_real': np.float32(0.9908999), 'S22_imag': np.float32(-0.06386715)}
2026-01-07 17:24:59 - INFO - (tensor([[[[1., 0., 0., 1., 1., 1., 0., 0., 1., 0., 1., 0., 0., 0., 1., 0., 0.,
           1., 1.],
          [0., 0., 1., 1., 0., 1., 1., 1., 1., 0., 1., 1., 1., 0., 1., 0., 1.,
           0., 0.],
          [1., 0., 1., 0., 0., 0., 1., 0., 0., 0., 1., 1., 0., 0., 1., 1., 0.,
           1., 1.],
          [1., 0., 0., 0., 0., 0., 1., 1., 0., 1., 1., 1., 1., 0., 1., 0., 1.,
           1., 1.],
          [0., 0., 1., 1., 1., 0., 0., 0., 1., 1., 0., 0., 0., 1., 1., 1., 0.,
           0., 1.],
          [1., 1., 1., 1., 1., 0., 0., 0., 0., 1., 0., 0., 0., 1., 0., 0., 1.,
           1., 1.],
          [0., 0., 1., 0., 0., 0., 0., 1., 0., 1., 0., 1., 0., 0., 0., 1., 0.,
           1., 0.],
          [0., 0., 1., 1., 1., 0., 0., 0., 1., 1., 0., 0., 1., 1., 0., 1., 1.,
           1., 1.],
          [1., 0., 0., 1., 0., 1., 0., 0., 0., 1., 0., 0., 1., 0., 0., 1., 0.,
           1., 1.],
          [1., 1., 0., 1., 0., 1., 1., 0., 1., 1., 1., 1., 0., 1., 0., 1., 1.,
           0., 1.],
          [0., 1., 1., 0., 1., 1., 0., 0., 0., 1., 0., 0., 1., 0., 1., 0., 0.,
           1., 0.],
          [0., 0., 1., 1., 0., 1., 1., 1., 1., 0., 0., 0., 0., 1., 0., 0., 0.,
           0., 0.],
          [0., 1., 1., 0., 0., 0., 1., 1., 0., 0., 1., 0., 0., 1., 1., 1., 0.,
           1., 1.],
          [0., 1., 1., 1., 0., 0., 1., 0., 0., 0., 1., 0., 0., 0., 1., 0., 0.,
           0., 0.],
          [1., 0., 1., 0., 1., 0., 1., 1., 1., 0., 1., 0., 1., 0., 0., 1., 0.,
           0., 1.],
          [0., 0., 0., 1., 0., 1., 1., 1., 1., 0., 0., 0., 0., 0., 1., 1., 1.,
           0., 1.],
          [0., 0., 0., 1., 1., 1., 1., 1., 0., 1., 1., 1., 0., 1., 1., 0., 1.,
           0., 0.],
          [1., 1., 1., 0., 1., 0., 0., 1., 1., 0., 1., 0., 1., 1., 1., 1., 0.,
           0., 0.],
          [0., 0., 0., 1., 1., 0., 0., 0., 0., 0., 0., 1., 1., 0., 0., 1., 1.,
           1., 1.]]]], device='cuda:0'), tensor([[0.7324]], device='cuda:0'))
2026-01-07 17:24:59 - INFO - [ 0.5134979  -0.17877705  0.6740577  -0.08031147  0.67405766 -0.08031146
  0.5806254  -0.13442236]
2026-01-07 17:24:59 - INFO - {'S11_real': np.float32(0.5134979), 'S11_imag': np.float32(-0.17877705), 'S21_real': np.float32(0.6740577), 'S21_imag': np.float32(-0.08031147), 'S12_real': np.float32(0.67405766), 'S12_imag': np.float32(-0.08031146), 'S22_real': np.float32(0.5806254), 'S22_imag': np.float32(-0.13442236)}
2026-01-07 17:24:59 - INFO - (tensor([[[[1., 0., 1., 1., 1., 1., 1., 1., 1., 1., 1., 1., 1., 0., 1., 1., 0.,
           1., 1.],
          [1., 0., 0., 0., 1., 0., 1., 0., 1., 0., 0., 1., 1., 1., 1., 1., 0.,
           1., 1.],
          [1., 0., 1., 0., 1., 1., 1., 0., 1., 1., 0., 1., 0., 1., 1., 0., 1.,
           1., 1.],
          [0., 1., 1., 0., 1., 1., 1., 0., 1., 1., 0., 0., 0., 1., 0., 1., 1.,
           0., 1.],
          [0., 0., 0., 0., 1., 1., 1., 0., 0., 1., 0., 1., 0., 0., 1., 1., 1.,
           0., 1.],
          [1., 0., 0., 0., 0., 0., 1., 0., 1., 0., 0., 0., 0., 1., 1., 1., 0.,
           1., 1.],
          [1., 1., 1., 0., 0., 0., 0., 1., 1., 1., 1., 0., 1., 1., 1., 1., 0.,
           1., 0.],
          [0., 1., 0., 0., 1., 1., 0., 1., 1., 0., 0., 0., 1., 0., 1., 0., 0.,
           0., 0.],
          [1., 0., 1., 1., 1., 0., 1., 1., 0., 0., 0., 0., 1., 0., 0., 0., 0.,
           0., 1.],
          [1., 0., 0., 1., 0., 1., 1., 1., 1., 0., 0., 0., 0., 0., 1., 1., 0.,
           1., 1.],
          [1., 1., 0., 0., 1., 1., 0., 0., 0., 0., 1., 1., 1., 0., 1., 0., 1.,
           1., 0.],
          [0., 1., 1., 1., 0., 0., 0., 0., 1., 0., 1., 0., 1., 0., 1., 0., 1.,
           0., 1.],
          [0., 0., 1., 1., 0., 0., 0., 0., 0., 0., 0., 1., 1., 1., 1., 0., 0.,
           0., 0.],
          [0., 0., 1., 0., 0., 0., 0., 0., 0., 0., 1., 1., 1., 1., 0., 1., 1.,
           0., 1.],
          [0., 1., 1., 1., 0., 0., 1., 1., 0., 0., 1., 1., 1., 1., 0., 1., 0.,
           0., 0.],
          [0., 0., 0., 0., 0., 0., 1., 0., 1., 0., 0., 1., 0., 0., 1., 1., 0.,
           0., 1.],
          [0., 0., 0., 1., 0., 1., 0., 0., 0., 1., 1., 1., 0., 0., 1., 1., 1.,
           0., 0.],
          [1., 0., 0., 1., 0., 1., 1., 1., 1., 1., 0., 1., 1., 0., 0., 1., 1.,
           1., 1.],
          [0., 1., 1., 1., 1., 0., 0., 1., 1., 1., 0., 1., 0., 0., 1., 0., 0.,
           1., 1.]]]], device='cuda:0'), tensor([[0.7324]], device='cuda:0'))
2026-01-07 17:24:59 - INFO - [ 0.88029116 -0.27694884  0.01027215  0.04863942  0.01027215  0.04863941
  0.94838405 -0.18893237]
2026-01-07 17:24:59 - INFO - {'S11_real': np.float32(0.88029116), 'S11_imag': np.float32(-0.27694884), 'S21_real': np.float32(0.010272148), 'S21_imag': np.float32(0.048639417), 'S12_real': np.float32(0.01027215), 'S12_imag': np.float32(0.048639413), 'S22_real': np.float32(0.94838405), 'S22_imag': np.float32(-0.18893237)}
2026-01-07 17:24:59 - INFO - (tensor([[[[0., 0., 0., 1., 0., 1., 0., 1., 0., 0., 1., 1., 0., 0., 0., 0., 1.,
           0., 1.],
          [1., 1., 1., 1., 1., 0., 0., 1., 0., 1., 1., 1., 0., 0., 0., 1., 0.,
           1., 1.],
          [0., 1., 1., 1., 1., 1., 0., 1., 1., 0., 0., 1., 0., 1., 0., 0., 0.,
           1., 0.],
          [0., 0., 1., 0., 0., 0., 0., 0., 0., 0., 1., 1., 0., 1., 0., 0., 0.,
           1., 1.],
          [1., 0., 1., 1., 0., 0., 0., 0., 0., 0., 0., 0., 1., 1., 0., 1., 0.,
           1., 1.],
          [1., 0., 0., 0., 0., 0., 0., 1., 1., 0., 0., 1., 1., 1., 0., 0., 1.,
           1., 1.],
          [1., 1., 1., 1., 0., 0., 1., 1., 1., 1., 1., 0., 1., 1., 1., 1., 0.,
           0., 0.],
          [0., 0., 0., 0., 1., 0., 0., 0., 0., 0., 0., 1., 1., 1., 1., 1., 0.,
           1., 0.],
          [1., 1., 1., 1., 1., 1., 0., 1., 1., 1., 1., 0., 0., 1., 1., 0., 1.,
           1., 1.],
          [1., 0., 0., 0., 1., 0., 1., 0., 0., 1., 1., 0., 0., 1., 0., 0., 0.,
           0., 1.],
          [1., 0., 0., 1., 1., 0., 1., 0., 0., 1., 1., 0., 0., 0., 0., 1., 1.,
           1., 1.],
          [0., 0., 1., 0., 0., 1., 0., 0., 0., 1., 0., 1., 1., 0., 1., 1., 0.,
           1., 0.],
          [1., 1., 0., 1., 0., 0., 1., 0., 0., 1., 1., 0., 0., 0., 0., 0., 0.,
           1., 0.],
          [0., 1., 0., 1., 1., 0., 0., 0., 1., 1., 1., 0., 1., 1., 0., 1., 1.,
           1., 1.],
          [0., 1., 1., 0., 1., 0., 0., 1., 1., 1., 0., 1., 1., 0., 1., 0., 0.,
           0., 1.],
          [0., 1., 1., 1., 0., 0., 0., 0., 1., 0., 0., 0., 0., 1., 1., 0., 1.,
           0., 0.],
          [0., 0., 1., 0., 0., 1., 0., 0., 1., 1., 1., 1., 0., 0., 0., 0., 1.,
           1., 0.],
          [1., 1., 0., 0., 1., 1., 1., 0., 0., 1., 1., 0., 1., 1., 1., 1., 0.,
           0., 1.],
          [0., 0., 1., 0., 1., 1., 0., 1., 0., 1., 1., 1., 0., 1., 0., 1., 1.,
           1., 1.]]]], device='cuda:0'), tensor([[0.7324]], device='cuda:0'))
2026-01-07 17:24:59 - INFO - [ 0.91629505 -0.22975683  0.02761401  0.07669196  0.02761402  0.07669196
  0.79372835 -0.35628602]
2026-01-07 17:24:59 - INFO - {'S11_real': np.float32(0.91629505), 'S11_imag': np.float32(-0.22975683), 'S21_real': np.float32(0.027614012), 'S21_imag': np.float32(0.076691955), 'S12_real': np.float32(0.02761402), 'S12_imag': np.float32(0.07669196), 'S22_real': np.float32(0.79372835), 'S22_imag': np.float32(-0.35628602)}
2026-01-07 17:24:59 - INFO - (tensor([[[[1., 0., 1., 1., 0., 1., 0., 0., 0., 0., 0., 0., 0., 0., 0., 0., 0.,
           0., 1.],
          [1., 1., 0., 0., 1., 0., 0., 1., 0., 1., 1., 0., 0., 0., 1., 0., 0.,
           0., 1.],
          [0., 0., 1., 0., 0., 1., 0., 0., 0., 1., 1., 1., 1., 0., 1., 0., 0.,
           0., 0.],
          [1., 0., 1., 1., 1., 0., 1., 0., 0., 1., 0., 1., 0., 0., 0., 0., 1.,
           1., 1.],
          [0., 0., 0., 1., 1., 1., 1., 1., 0., 1., 0., 1., 0., 0., 1., 0., 0.,
           0., 0.],
          [0., 0., 0., 0., 0., 1., 1., 0., 1., 0., 1., 1., 1., 1., 1., 0., 0.,
           0., 0.],
          [0., 0., 1., 0., 0., 1., 1., 1., 1., 0., 0., 1., 0., 0., 0., 1., 1.,
           1., 0.],
          [1., 1., 1., 0., 1., 1., 0., 0., 0., 0., 0., 1., 1., 1., 0., 0., 0.,
           0., 0.],
          [1., 1., 1., 0., 1., 0., 0., 1., 0., 1., 0., 0., 1., 0., 1., 1., 1.,
           1., 1.],
          [1., 1., 1., 1., 0., 0., 0., 1., 0., 0., 0., 1., 0., 1., 0., 1., 1.,
           0., 1.],
          [1., 0., 0., 1., 1., 0., 1., 0., 1., 1., 0., 0., 1., 1., 0., 1., 0.,
           0., 0.],
          [0., 0., 0., 1., 0., 1., 1., 0., 0., 1., 1., 0., 1., 1., 0., 0., 1.,
           1., 0.],
          [0., 0., 1., 1., 0., 1., 1., 1., 0., 1., 0., 1., 0., 0., 0., 1., 0.,
           1., 1.],
          [1., 1., 1., 0., 0., 1., 0., 1., 0., 1., 0., 1., 1., 0., 1., 0., 0.,
           0., 0.],
          [1., 1., 1., 1., 1., 0., 0., 1., 1., 0., 1., 1., 0., 1., 0., 0., 0.,
           1., 1.],
          [1., 1., 0., 1., 1., 1., 0., 0., 0., 0., 1., 0., 0., 1., 0., 0., 1.,
           0., 1.],
          [0., 1., 1., 1., 0., 1., 1., 0., 1., 1., 1., 1., 0., 1., 1., 1., 0.,
           0., 1.],
          [1., 0., 1., 0., 1., 0., 1., 1., 0., 1., 0., 1., 1., 0., 0., 0., 1.,
           1., 1.],
          [1., 1., 1., 0., 1., 0., 1., 0., 0., 1., 0., 1., 0., 0., 0., 0., 0.,
           0., 0.]]]], device='cuda:0'), tensor([[0.7324]], device='cuda:0'))
2026-01-07 17:24:59 - INFO - [-4.2353909e-02 -2.5493149e-03  9.2314047e-01 -2.2043945e-01
  9.2314047e-01 -2.2043946e-01 -4.6897024e-02  7.6588226e-04]
2026-01-07 17:24:59 - INFO - {'S11_real': np.float32(-0.04235391), 'S11_imag': np.float32(-0.0025493149), 'S21_real': np.float32(0.92314047), 'S21_imag': np.float32(-0.22043945), 'S12_real': np.float32(0.92314047), 'S12_imag': np.float32(-0.22043946), 'S22_real': np.float32(-0.046897024), 'S22_imag': np.float32(0.00076588226)}
2026-01-07 17:24:59 - INFO - (tensor([[[[1., 1., 1., 1., 0., 0., 1., 1., 0., 1., 0., 1., 0., 1., 1., 1., 0.,
           1., 1.],
          [0., 0., 1., 0., 0., 0., 1., 0., 1., 0., 1., 0., 0., 1., 1., 1., 1.,
           1., 1.],
          [1., 1., 0., 1., 1., 1., 0., 1., 0., 0., 0., 0., 0., 0., 0., 0., 1.,
           0., 0.],
          [1., 1., 1., 1., 1., 1., 1., 1., 1., 0., 1., 0., 1., 1., 0., 0., 1.,
           0., 0.],
          [0., 1., 0., 0., 0., 1., 1., 0., 0., 0., 1., 0., 0., 0., 0., 0., 0.,
           1., 1.],
          [1., 0., 1., 1., 0., 0., 0., 0., 1., 0., 1., 0., 0., 1., 1., 1., 1.,
           1., 0.],
          [0., 1., 0., 0., 0., 0., 1., 0., 1., 1., 1., 1., 1., 1., 0., 0., 1.,
           1., 1.],
          [1., 1., 1., 0., 0., 0., 0., 0., 1., 0., 1., 0., 0., 1., 1., 0., 0.,
           1., 0.],
          [1., 0., 1., 1., 1., 0., 1., 0., 0., 0., 1., 0., 1., 1., 0., 1., 1.,
           1., 0.],
          [1., 1., 0., 1., 1., 1., 0., 1., 1., 0., 1., 1., 1., 1., 0., 0., 0.,
           1., 1.],
          [1., 1., 0., 0., 1., 0., 0., 0., 0., 0., 1., 1., 0., 0., 0., 0., 1.,
           0., 0.],
          [0., 1., 0., 0., 0., 0., 0., 0., 1., 1., 0., 1., 0., 1., 0., 0., 1.,
           1., 0.],
          [0., 0., 1., 1., 1., 0., 1., 1., 0., 1., 1., 0., 1., 0., 1., 0., 0.,
           0., 0.],
          [1., 0., 0., 0., 1., 0., 0., 1., 1., 0., 1., 0., 0., 1., 0., 1., 0.,
           0., 1.],
          [0., 1., 0., 0., 1., 0., 1., 1., 1., 1., 1., 1., 1., 1., 1., 1., 0.,
           1., 1.],
          [0., 1., 1., 1., 1., 0., 0., 1., 1., 1., 1., 0., 1., 1., 0., 0., 0.,
           1., 1.],
          [0., 1., 1., 0., 0., 1., 1., 0., 1., 1., 1., 1., 1., 0., 1., 1., 1.,
           0., 1.],
          [1., 0., 1., 1., 1., 0., 0., 0., 1., 1., 0., 0., 1., 0., 0., 1., 0.,
           1., 1.],
          [0., 0., 1., 0., 0., 0., 0., 0., 0., 1., 1., 1., 0., 0., 1., 0., 1.,
           1., 0.]]]], device='cuda:0'), tensor([[0.7324]], device='cuda:0'))
2026-01-07 17:24:59 - INFO - [ 0.72309524 -0.1654013   0.51862174 -0.03321551  0.51862174 -0.0332155
  0.55971026 -0.23496866]
2026-01-07 17:24:59 - INFO - {'S11_real': np.float32(0.72309524), 'S11_imag': np.float32(-0.1654013), 'S21_real': np.float32(0.51862174), 'S21_imag': np.float32(-0.033215508), 'S12_real': np.float32(0.51862174), 'S12_imag': np.float32(-0.033215497), 'S22_real': np.float32(0.55971026), 'S22_imag': np.float32(-0.23496866)}
2026-01-07 17:24:59 - INFO - (tensor([[[[0., 0., 0., 0., 0., 0., 0., 0., 0., 1., 0., 1., 1., 1., 0., 1., 1.,
           0., 0.],
          [0., 0., 0., 0., 1., 1., 1., 0., 1., 0., 0., 0., 1., 1., 0., 1., 1.,
           1., 1.],
          [0., 0., 1., 1., 0., 0., 1., 0., 1., 1., 0., 0., 1., 1., 0., 1., 1.,
           1., 1.],
          [1., 0., 1., 1., 1., 0., 0., 0., 0., 0., 0., 1., 1., 1., 0., 0., 0.,
           0., 0.],
          [0., 1., 0., 1., 0., 0., 0., 1., 1., 1., 1., 0., 1., 1., 0., 0., 0.,
           1., 1.],
          [1., 0., 0., 0., 0., 1., 0., 0., 0., 0., 1., 0., 0., 1., 0., 1., 0.,
           0., 1.],
          [0., 1., 0., 1., 1., 1., 1., 0., 1., 0., 0., 0., 0., 1., 1., 0., 1.,
           1., 0.],
          [0., 0., 1., 0., 1., 0., 1., 1., 1., 0., 0., 1., 0., 1., 1., 1., 1.,
           1., 1.],
          [1., 1., 0., 0., 0., 1., 0., 1., 1., 0., 1., 0., 0., 0., 1., 0., 1.,
           1., 1.],
          [1., 1., 1., 0., 0., 1., 0., 1., 0., 0., 0., 0., 1., 0., 0., 1., 1.,
           0., 1.],
          [1., 0., 0., 1., 0., 1., 1., 0., 1., 0., 0., 0., 0., 0., 1., 1., 1.,
           0., 1.],
          [0., 0., 1., 1., 1., 0., 0., 1., 1., 0., 1., 0., 0., 0., 0., 0., 1.,
           1., 1.],
          [0., 1., 1., 1., 0., 1., 1., 0., 1., 1., 0., 1., 0., 1., 0., 0., 0.,
           0., 1.],
          [0., 0., 1., 1., 1., 0., 1., 0., 1., 1., 1., 0., 0., 0., 0., 0., 0.,
           0., 0.],
          [0., 0., 0., 0., 1., 1., 1., 1., 0., 1., 1., 0., 0., 1., 1., 0., 1.,
           0., 1.],
          [0., 0., 1., 1., 1., 0., 1., 0., 0., 1., 1., 0., 1., 0., 0., 1., 0.,
           0., 1.],
          [0., 0., 0., 1., 1., 0., 1., 1., 1., 1., 0., 1., 1., 0., 0., 1., 0.,
           1., 0.],
          [0., 1., 1., 1., 0., 1., 0., 0., 0., 1., 0., 1., 0., 0., 0., 0., 0.,
           1., 0.],
          [1., 1., 1., 0., 1., 0., 0., 1., 0., 0., 0., 0., 0., 1., 1., 0., 0.,
           1., 1.]]]], device='cuda:0'), tensor([[0.7324]], device='cuda:0'))
2026-01-07 17:24:59 - INFO - [ 0.84536374 -0.3023684   0.0128544   0.05110588  0.0128544   0.05110589
  0.9280654  -0.19809969]
2026-01-07 17:24:59 - INFO - {'S11_real': np.float32(0.84536374), 'S11_imag': np.float32(-0.3023684), 'S21_real': np.float32(0.0128544), 'S21_imag': np.float32(0.051105883), 'S12_real': np.float32(0.012854402), 'S12_imag': np.float32(0.051105887), 'S22_real': np.float32(0.9280654), 'S22_imag': np.float32(-0.19809969)}
2026-01-07 17:24:59 - INFO - (tensor([[[[1., 0., 1., 1., 1., 0., 1., 0., 0., 0., 0., 0., 1., 0., 0., 1., 1.,
           0., 1.],
          [1., 0., 0., 1., 1., 0., 1., 1., 0., 0., 0., 1., 1., 0., 1., 1., 0.,
           1., 0.],
          [0., 1., 1., 1., 0., 0., 1., 0., 1., 1., 1., 1., 0., 1., 0., 1., 0.,
           1., 0.],
          [0., 1., 1., 0., 1., 0., 0., 0., 1., 0., 0., 0., 1., 0., 1., 0., 1.,
           0., 1.],
          [1., 1., 1., 1., 1., 0., 1., 0., 0., 1., 0., 1., 0., 1., 0., 1., 1.,
           1., 0.],
          [0., 1., 1., 0., 0., 0., 0., 0., 1., 1., 0., 0., 1., 1., 0., 0., 0.,
           1., 0.],
          [1., 0., 0., 1., 0., 1., 0., 1., 1., 0., 0., 1., 0., 1., 1., 0., 1.,
           0., 0.],
          [1., 1., 0., 1., 1., 0., 0., 0., 1., 1., 0., 0., 0., 0., 1., 1., 0.,
           1., 1.],
          [1., 0., 0., 1., 0., 0., 1., 1., 0., 1., 1., 1., 0., 1., 1., 0., 0.,
           0., 0.],
          [1., 0., 0., 0., 1., 0., 0., 1., 1., 1., 1., 1., 1., 1., 0., 0., 0.,
           1., 1.],
          [0., 1., 0., 0., 0., 1., 0., 1., 0., 0., 0., 1., 0., 0., 1., 0., 0.,
           0., 0.],
          [1., 0., 0., 1., 1., 0., 0., 0., 1., 1., 1., 0., 0., 1., 1., 0., 1.,
           0., 1.],
          [0., 1., 0., 1., 1., 1., 1., 1., 1., 0., 1., 0., 1., 1., 0., 0., 0.,
           1., 1.],
          [0., 0., 0., 1., 0., 0., 1., 0., 1., 0., 0., 0., 0., 0., 1., 0., 0.,
           0., 0.],
          [1., 0., 1., 1., 1., 1., 0., 1., 0., 1., 1., 1., 1., 1., 0., 0., 0.,
           1., 1.],
          [0., 1., 1., 1., 0., 0., 1., 0., 1., 0., 0., 0., 0., 1., 0., 0., 1.,
           1., 0.],
          [1., 0., 0., 0., 0., 1., 1., 0., 1., 1., 0., 0., 0., 0., 1., 0., 0.,
           1., 0.],
          [0., 1., 1., 0., 0., 1., 0., 1., 1., 0., 1., 0., 1., 1., 0., 0., 1.,
           0., 1.],
          [0., 0., 0., 0., 1., 0., 0., 0., 0., 0., 0., 0., 1., 1., 0., 1., 0.,
           1., 0.]]]], device='cuda:0'), tensor([[0.7324]], device='cuda:0'))
2026-01-07 17:24:59 - INFO - [ 9.8236394e-01 -9.0583362e-02 -9.4857131e-04  1.8303895e-03
 -9.4856945e-04  1.8303895e-03  9.9406475e-01 -4.5528162e-02]
2026-01-07 17:24:59 - INFO - {'S11_real': np.float32(0.98236394), 'S11_imag': np.float32(-0.09058336), 'S21_real': np.float32(-0.0009485713), 'S21_imag': np.float32(0.0018303895), 'S12_real': np.float32(-0.00094856945), 'S12_imag': np.float32(0.0018303895), 'S22_real': np.float32(0.99406475), 'S22_imag': np.float32(-0.045528162)}
2026-01-07 17:24:59 - INFO - (tensor([[[[0., 0., 1., 0., 0., 0., 0., 0., 1., 1., 1., 0., 0., 0., 1., 0., 1.,
           0., 0.],
          [1., 0., 0., 1., 1., 1., 0., 0., 1., 1., 0., 0., 0., 0., 0., 1., 0.,
           0., 1.],
          [1., 0., 0., 0., 1., 0., 0., 0., 1., 0., 0., 0., 0., 1., 0., 1., 1.,
           1., 0.],
          [0., 0., 1., 0., 1., 1., 1., 0., 0., 1., 1., 1., 0., 1., 0., 0., 1.,
           0., 0.],
          [1., 0., 0., 0., 0., 0., 0., 0., 1., 1., 0., 0., 1., 0., 0., 0., 0.,
           1., 1.],
          [0., 1., 0., 1., 0., 1., 0., 0., 1., 1., 0., 1., 1., 0., 1., 0., 1.,
           0., 0.],
          [1., 0., 0., 1., 0., 1., 1., 0., 1., 1., 0., 1., 0., 1., 0., 1., 0.,
           0., 1.],
          [0., 0., 0., 1., 0., 1., 1., 1., 0., 1., 0., 1., 1., 1., 0., 1., 0.,
           0., 1.],
          [1., 1., 0., 0., 0., 1., 0., 0., 0., 0., 1., 1., 1., 0., 0., 1., 1.,
           0., 0.],
          [1., 1., 0., 0., 1., 0., 0., 1., 0., 0., 0., 1., 1., 0., 0., 0., 1.,
           0., 1.],
          [0., 1., 1., 0., 1., 0., 1., 0., 1., 1., 1., 1., 0., 1., 1., 1., 1.,
           1., 0.],
          [0., 0., 1., 0., 0., 1., 0., 1., 0., 0., 0., 0., 1., 0., 1., 1., 0.,
           1., 1.],
          [1., 1., 0., 1., 1., 0., 1., 1., 1., 1., 0., 0., 0., 1., 0., 0., 1.,
           1., 1.],
          [1., 1., 0., 1., 1., 1., 0., 1., 0., 0., 1., 0., 1., 0., 1., 1., 1.,
           0., 0.],
          [0., 0., 1., 0., 0., 0., 0., 0., 0., 0., 0., 0., 1., 1., 1., 0., 1.,
           1., 1.],
          [1., 1., 1., 1., 0., 0., 0., 1., 0., 0., 1., 1., 1., 1., 0., 0., 1.,
           1., 1.],
          [0., 1., 0., 1., 0., 0., 1., 1., 1., 0., 0., 1., 1., 0., 1., 1., 0.,
           0., 0.],
          [0., 0., 1., 0., 0., 1., 1., 0., 0., 0., 0., 1., 1., 0., 1., 1., 0.,
           1., 0.],
          [1., 0., 0., 0., 1., 1., 1., 0., 1., 1., 0., 0., 0., 1., 0., 0., 1.,
           1., 1.]]]], device='cuda:0'), tensor([[0.7324]], device='cuda:0'))
2026-01-07 17:24:59 - INFO - [ 0.85812175 -0.29310027  0.00115122  0.01355721  0.00115122  0.01355721
  0.9971199  -0.03304667]
2026-01-07 17:24:59 - INFO - {'S11_real': np.float32(0.85812175), 'S11_imag': np.float32(-0.29310027), 'S21_real': np.float32(0.0011512213), 'S21_imag': np.float32(0.013557214), 'S12_real': np.float32(0.0011512195), 'S12_imag': np.float32(0.013557214), 'S22_real': np.float32(0.9971199), 'S22_imag': np.float32(-0.03304667)}
2026-01-07 17:24:59 - INFO - (tensor([[[[0., 0., 1., 0., 0., 1., 1., 0., 1., 0., 1., 1., 0., 0., 0., 1., 0.,
           1., 0.],
          [0., 0., 0., 0., 0., 0., 0., 1., 1., 1., 0., 1., 1., 0., 0., 1., 1.,
           1., 1.],
          [0., 0., 1., 1., 1., 1., 0., 0., 1., 0., 1., 1., 1., 0., 0., 1., 1.,
           0., 0.],
          [1., 1., 1., 1., 0., 0., 0., 0., 0., 0., 1., 0., 1., 0., 0., 0., 0.,
           1., 1.],
          [1., 0., 0., 0., 1., 1., 0., 0., 1., 0., 1., 0., 1., 1., 1., 1., 1.,
           0., 0.],
          [1., 1., 0., 1., 1., 1., 1., 0., 0., 0., 0., 1., 0., 0., 0., 1., 1.,
           0., 0.],
          [1., 1., 0., 0., 0., 1., 0., 0., 0., 0., 0., 1., 1., 1., 1., 1., 1.,
           1., 1.],
          [1., 0., 0., 1., 1., 0., 0., 0., 1., 0., 1., 1., 0., 1., 0., 0., 0.,
           0., 0.],
          [0., 0., 0., 1., 0., 1., 0., 1., 0., 1., 1., 1., 1., 0., 1., 1., 0.,
           1., 0.],
          [1., 1., 0., 0., 0., 1., 1., 1., 1., 1., 0., 0., 1., 1., 0., 0., 0.,
           1., 1.],
          [1., 1., 0., 0., 1., 1., 0., 0., 1., 0., 1., 0., 0., 1., 0., 0., 1.,
           1., 0.],
          [1., 0., 1., 1., 1., 0., 0., 0., 1., 1., 0., 0., 1., 0., 0., 0., 1.,
           0., 1.],
          [0., 0., 1., 1., 1., 0., 0., 0., 0., 0., 0., 1., 1., 0., 1., 1., 0.,
           1., 0.],
          [1., 0., 1., 1., 0., 0., 1., 0., 1., 0., 1., 1., 0., 0., 1., 0., 1.,
           0., 0.],
          [0., 0., 1., 0., 1., 1., 1., 0., 1., 1., 0., 0., 1., 0., 1., 1., 1.,
           1., 0.],
          [1., 0., 0., 1., 1., 1., 0., 0., 0., 1., 1., 1., 0., 0., 1., 1., 0.,
           1., 1.],
          [1., 0., 0., 1., 0., 0., 1., 1., 1., 1., 1., 0., 0., 0., 0., 0., 1.,
           1., 1.],
          [1., 0., 1., 1., 1., 1., 1., 0., 1., 0., 0., 1., 0., 0., 1., 0., 0.,
           1., 1.],
          [1., 0., 0., 0., 0., 1., 1., 0., 0., 0., 0., 1., 0., 1., 1., 1., 0.,
           1., 1.]]]], device='cuda:0'), tensor([[0.7324]], device='cuda:0'))
2026-01-07 17:24:59 - INFO - [ 9.9188989e-01 -5.4124545e-02 -4.4922993e-04  7.8073158e-03
 -4.4922807e-04  7.8073195e-03  9.1752195e-01 -2.1066529e-01]
2026-01-07 17:24:59 - INFO - {'S11_real': np.float32(0.9918899), 'S11_imag': np.float32(-0.054124545), 'S21_real': np.float32(-0.00044922993), 'S21_imag': np.float32(0.007807316), 'S12_real': np.float32(-0.00044922807), 'S12_imag': np.float32(0.0078073195), 'S22_real': np.float32(0.91752195), 'S22_imag': np.float32(-0.21066529)}
2026-01-07 17:24:59 - INFO - (tensor([[[[0., 0., 1., 0., 0., 0., 0., 1., 1., 0., 1., 1., 1., 1., 0., 0., 0.,
           1., 0.],
          [0., 0., 1., 1., 1., 1., 1., 0., 0., 1., 0., 0., 0., 0., 1., 0., 1.,
           1., 1.],
          [1., 0., 1., 0., 0., 1., 1., 1., 1., 1., 0., 0., 1., 1., 1., 1., 1.,
           1., 0.],
          [0., 1., 1., 1., 1., 0., 0., 1., 0., 1., 0., 0., 1., 1., 0., 0., 0.,
           0., 0.],
          [1., 1., 0., 0., 0., 1., 1., 1., 0., 0., 1., 1., 1., 1., 0., 1., 0.,
           0., 0.],
          [0., 0., 0., 0., 1., 1., 1., 1., 0., 0., 0., 0., 1., 0., 1., 0., 1.,
           1., 1.],
          [0., 1., 1., 0., 0., 1., 0., 1., 0., 1., 0., 0., 1., 1., 0., 0., 1.,
           0., 0.],
          [1., 0., 0., 1., 1., 0., 0., 1., 1., 1., 1., 1., 0., 0., 0., 1., 1.,
           1., 0.],
          [0., 1., 0., 1., 0., 0., 1., 1., 1., 1., 1., 0., 0., 0., 1., 1., 1.,
           0., 1.],
          [1., 0., 0., 1., 0., 0., 1., 0., 0., 1., 0., 0., 0., 1., 1., 0., 1.,
           0., 1.],
          [1., 1., 1., 1., 0., 0., 0., 1., 1., 1., 1., 0., 0., 1., 1., 0., 1.,
           1., 0.],
          [0., 0., 1., 1., 1., 1., 1., 0., 0., 0., 0., 1., 0., 0., 0., 0., 1.,
           1., 0.],
          [1., 0., 0., 0., 1., 0., 1., 1., 1., 1., 0., 1., 0., 0., 1., 0., 0.,
           1., 1.],
          [1., 1., 0., 0., 1., 1., 0., 0., 1., 1., 1., 1., 1., 1., 1., 0., 0.,
           0., 0.],
          [0., 0., 1., 1., 1., 1., 1., 0., 0., 0., 0., 0., 0., 0., 0., 1., 0.,
           1., 1.],
          [1., 0., 0., 0., 0., 0., 0., 1., 0., 0., 0., 0., 0., 0., 1., 0., 0.,
           0., 1.],
          [1., 1., 1., 0., 0., 0., 1., 0., 0., 1., 0., 1., 0., 1., 0., 1., 1.,
           1., 1.],
          [1., 0., 0., 0., 1., 1., 0., 1., 0., 0., 1., 0., 1., 1., 1., 0., 0.,
           1., 0.],
          [1., 0., 1., 1., 0., 0., 1., 0., 1., 0., 0., 1., 0., 0., 0., 0., 0.,
           0., 1.]]]], device='cuda:0'), tensor([[0.7324]], device='cuda:0'))
2026-01-07 17:24:59 - INFO - [ 0.6257466  -0.29690766  0.36348253 -0.00906415  0.3634825  -0.00906415
  0.8618874  -0.15979932]
2026-01-07 17:24:59 - INFO - {'S11_real': np.float32(0.6257466), 'S11_imag': np.float32(-0.29690766), 'S21_real': np.float32(0.36348253), 'S21_imag': np.float32(-0.009064152), 'S12_real': np.float32(0.3634825), 'S12_imag': np.float32(-0.009064146), 'S22_real': np.float32(0.8618874), 'S22_imag': np.float32(-0.15979932)}
2026-01-07 17:24:59 - INFO - (tensor([[[[0., 0., 1., 0., 1., 0., 0., 0., 1., 0., 1., 0., 0., 1., 0., 1., 0.,
           1., 1.],
          [1., 0., 1., 1., 0., 1., 0., 1., 1., 1., 1., 1., 1., 0., 0., 0., 0.,
           0., 0.],
          [1., 1., 1., 0., 0., 1., 1., 0., 0., 1., 0., 0., 0., 1., 0., 1., 1.,
           0., 1.],
          [1., 1., 1., 1., 1., 0., 0., 0., 1., 0., 0., 1., 1., 0., 0., 0., 1.,
           0., 0.],
          [1., 1., 1., 0., 1., 1., 1., 1., 1., 0., 0., 0., 0., 0., 1., 0., 1.,
           0., 0.],
          [0., 1., 0., 1., 0., 1., 0., 1., 1., 0., 0., 0., 0., 0., 1., 0., 0.,
           0., 0.],
          [1., 1., 1., 1., 1., 1., 1., 1., 0., 0., 0., 1., 1., 0., 0., 0., 1.,
           1., 1.],
          [1., 1., 0., 1., 1., 1., 1., 0., 1., 0., 0., 0., 1., 0., 0., 1., 0.,
           1., 0.],
          [0., 1., 1., 1., 1., 0., 0., 0., 1., 1., 1., 0., 0., 1., 0., 1., 1.,
           1., 0.],
          [1., 0., 1., 0., 0., 1., 0., 0., 1., 0., 0., 1., 0., 0., 1., 0., 0.,
           0., 1.],
          [0., 0., 1., 1., 0., 0., 0., 1., 0., 1., 0., 1., 0., 1., 0., 1., 0.,
           0., 0.],
          [0., 1., 0., 1., 1., 1., 0., 0., 1., 0., 1., 1., 1., 1., 1., 0., 1.,
           0., 1.],
          [0., 1., 0., 0., 0., 1., 1., 1., 0., 0., 0., 1., 1., 1., 1., 1., 1.,
           1., 1.],
          [1., 0., 0., 1., 1., 0., 1., 0., 0., 0., 0., 1., 1., 1., 1., 1., 1.,
           1., 0.],
          [0., 0., 1., 0., 1., 1., 1., 0., 0., 1., 0., 0., 0., 0., 1., 1., 0.,
           1., 1.],
          [1., 1., 1., 1., 0., 1., 1., 0., 0., 0., 1., 0., 1., 1., 1., 0., 1.,
           0., 1.],
          [1., 0., 1., 1., 1., 1., 0., 1., 0., 1., 1., 0., 0., 1., 0., 0., 1.,
           1., 0.],
          [0., 0., 0., 1., 1., 1., 1., 1., 1., 0., 0., 1., 1., 1., 0., 0., 0.,
           0., 0.],
          [1., 1., 1., 0., 0., 0., 0., 0., 1., 1., 0., 1., 0., 0., 0., 0., 0.,
           1., 1.]]]], device='cuda:0'), tensor([[0.7324]], device='cuda:0'))
2026-01-07 17:24:59 - INFO - [ 9.9801189e-01 -3.2326531e-02 -5.3835934e-04  6.0674170e-04
 -5.3835934e-04  6.0674542e-04  9.9704123e-01 -3.3637177e-02]
2026-01-07 17:24:59 - INFO - {'S11_real': np.float32(0.9980119), 'S11_imag': np.float32(-0.03232653), 'S21_real': np.float32(-0.00053835934), 'S21_imag': np.float32(0.0006067417), 'S12_real': np.float32(-0.00053835934), 'S12_imag': np.float32(0.0006067454), 'S22_real': np.float32(0.9970412), 'S22_imag': np.float32(-0.033637177)}
2026-01-07 17:24:59 - INFO - (tensor([[[[1., 1., 0., 1., 0., 0., 0., 1., 0., 1., 0., 0., 0., 1., 0., 1., 1.,
           0., 0.],
          [1., 1., 0., 1., 0., 0., 0., 0., 0., 1., 0., 1., 0., 0., 1., 1., 1.,
           0., 1.],
          [1., 1., 1., 1., 0., 1., 0., 0., 1., 1., 0., 0., 1., 0., 0., 0., 0.,
           0., 1.],
          [0., 0., 1., 1., 0., 0., 0., 1., 0., 0., 0., 1., 1., 1., 1., 1., 0.,
           1., 1.],
          [0., 0., 0., 0., 0., 0., 1., 1., 1., 0., 0., 1., 1., 0., 1., 0., 0.,
           0., 0.],
          [1., 1., 1., 1., 0., 1., 1., 0., 0., 1., 0., 0., 0., 0., 0., 0., 0.,
           0., 1.],
          [1., 0., 1., 0., 0., 1., 1., 0., 0., 0., 0., 1., 1., 1., 1., 0., 1.,
           1., 1.],
          [0., 0., 0., 0., 0., 1., 1., 1., 1., 0., 0., 0., 0., 1., 0., 1., 0.,
           1., 0.],
          [1., 1., 1., 0., 0., 0., 1., 1., 1., 1., 0., 1., 0., 1., 0., 1., 1.,
           0., 0.],
          [1., 1., 1., 0., 0., 0., 0., 0., 1., 1., 0., 1., 0., 0., 0., 0., 0.,
           1., 1.],
          [1., 1., 0., 1., 1., 0., 1., 1., 1., 1., 0., 0., 1., 0., 1., 1., 1.,
           0., 0.],
          [1., 0., 0., 0., 0., 1., 1., 1., 1., 1., 0., 0., 1., 1., 1., 1., 0.,
           0., 1.],
          [1., 0., 1., 1., 1., 1., 0., 1., 0., 0., 1., 1., 1., 1., 0., 1., 1.,
           0., 1.],
          [1., 0., 1., 0., 1., 0., 0., 1., 0., 1., 1., 1., 1., 1., 1., 1., 1.,
           0., 1.],
          [0., 0., 0., 0., 1., 1., 0., 0., 0., 1., 1., 1., 1., 1., 0., 1., 0.,
           0., 0.],
          [0., 1., 1., 1., 1., 1., 0., 1., 1., 1., 0., 0., 1., 0., 0., 0., 0.,
           1., 1.],
          [0., 0., 0., 0., 0., 0., 1., 0., 1., 1., 1., 0., 0., 1., 1., 0., 0.,
           0., 0.],
          [0., 1., 0., 1., 1., 1., 1., 0., 1., 1., 0., 0., 1., 0., 0., 0., 0.,
           0., 1.],
          [0., 0., 0., 0., 1., 0., 1., 0., 1., 0., 0., 1., 0., 1., 0., 1., 1.,
           0., 1.]]]], device='cuda:0'), tensor([[0.7324]], device='cuda:0'))
2026-01-07 17:24:59 - INFO - [ 0.9804995  -0.10301717  0.01071753  0.04785812  0.01071753  0.04785811
  0.78766406 -0.36165762]
2026-01-07 17:24:59 - INFO - {'S11_real': np.float32(0.9804995), 'S11_imag': np.float32(-0.10301717), 'S21_real': np.float32(0.010717532), 'S21_imag': np.float32(0.04785812), 'S12_real': np.float32(0.0107175335), 'S12_imag': np.float32(0.047858108), 'S22_real': np.float32(0.78766406), 'S22_imag': np.float32(-0.36165762)}
2026-01-07 17:24:59 - INFO - (tensor([[[[0., 1., 0., 1., 1., 0., 1., 0., 0., 0., 0., 0., 0., 0., 0., 0., 0.,
           0., 1.],
          [0., 0., 0., 1., 0., 0., 0., 1., 0., 1., 0., 0., 1., 1., 1., 0., 1.,
           1., 0.],
          [0., 0., 1., 0., 0., 1., 0., 0., 1., 1., 1., 1., 1., 0., 1., 1., 0.,
           1., 1.],
          [0., 0., 0., 0., 0., 0., 1., 0., 0., 0., 0., 1., 0., 1., 1., 0., 1.,
           0., 1.],
          [1., 1., 1., 0., 1., 0., 1., 0., 1., 0., 1., 0., 0., 1., 1., 1., 1.,
           1., 0.],
          [0., 1., 1., 1., 1., 1., 0., 0., 0., 1., 1., 1., 0., 1., 1., 1., 0.,
           0., 0.],
          [0., 0., 0., 1., 1., 1., 0., 0., 0., 0., 1., 1., 0., 0., 0., 1., 0.,
           1., 1.],
          [0., 0., 0., 1., 1., 1., 1., 1., 1., 0., 0., 0., 1., 0., 0., 0., 1.,
           0., 0.],
          [1., 0., 0., 1., 0., 1., 1., 0., 1., 0., 0., 0., 0., 0., 1., 1., 0.,
           1., 0.],
          [1., 0., 0., 1., 0., 0., 0., 0., 1., 0., 1., 1., 1., 1., 0., 1., 1.,
           1., 1.],
          [1., 0., 0., 1., 1., 0., 1., 0., 1., 1., 0., 1., 1., 0., 1., 0., 1.,
           0., 1.],
          [0., 0., 0., 1., 1., 0., 1., 0., 1., 0., 1., 1., 1., 1., 1., 1., 1.,
           1., 0.],
          [0., 0., 1., 1., 0., 0., 0., 0., 0., 0., 0., 0., 0., 0., 1., 1., 1.,
           0., 0.],
          [1., 1., 0., 1., 1., 1., 1., 1., 1., 1., 1., 1., 0., 1., 0., 0., 0.,
           1., 1.],
          [1., 1., 1., 1., 1., 1., 1., 0., 1., 1., 1., 0., 1., 1., 0., 1., 0.,
           0., 1.],
          [1., 0., 1., 0., 1., 0., 1., 0., 0., 0., 1., 0., 1., 1., 0., 0., 1.,
           0., 0.],
          [1., 0., 1., 0., 0., 1., 0., 1., 0., 0., 1., 1., 1., 1., 1., 0., 1.,
           1., 1.],
          [1., 1., 1., 1., 0., 1., 0., 0., 0., 0., 1., 1., 0., 1., 0., 0., 0.,
           0., 0.],
          [1., 1., 1., 1., 1., 0., 1., 0., 1., 0., 0., 0., 0., 0., 0., 1., 1.,
           0., 0.]]]], device='cuda:0'), tensor([[0.7324]], device='cuda:0'))
2026-01-07 17:24:59 - INFO - [ 0.9945535  -0.04977547  0.00330902  0.02177844  0.00330902  0.02177843
  0.78011537 -0.3610699 ]
2026-01-07 17:24:59 - INFO - {'S11_real': np.float32(0.9945535), 'S11_imag': np.float32(-0.04977547), 'S21_real': np.float32(0.0033090245), 'S21_imag': np.float32(0.021778436), 'S12_real': np.float32(0.003309019), 'S12_imag': np.float32(0.021778433), 'S22_real': np.float32(0.78011537), 'S22_imag': np.float32(-0.3610699)}
2026-01-07 17:24:59 - INFO - (tensor([[[[1., 0., 1., 0., 1., 0., 1., 1., 1., 0., 1., 1., 0., 0., 0., 1., 0.,
           1., 1.],
          [1., 1., 1., 0., 0., 0., 0., 0., 0., 0., 1., 1., 1., 1., 1., 0., 0.,
           0., 1.],
          [0., 1., 1., 0., 1., 1., 0., 0., 0., 0., 1., 0., 0., 0., 0., 1., 1.,
           1., 0.],
          [0., 1., 1., 0., 1., 0., 0., 1., 1., 0., 0., 1., 1., 1., 0., 1., 1.,
           1., 0.],
          [0., 0., 0., 0., 1., 0., 1., 0., 0., 0., 1., 0., 1., 1., 0., 1., 1.,
           0., 1.],
          [0., 0., 1., 1., 1., 1., 0., 0., 1., 0., 1., 0., 1., 1., 1., 1., 0.,
           0., 1.],
          [1., 0., 1., 0., 1., 1., 0., 0., 0., 0., 1., 1., 0., 0., 1., 1., 1.,
           0., 0.],
          [1., 0., 1., 1., 0., 1., 0., 1., 1., 0., 1., 1., 1., 1., 1., 1., 1.,
           0., 1.],
          [0., 1., 0., 1., 0., 1., 0., 1., 1., 1., 1., 1., 1., 1., 0., 0., 1.,
           0., 0.],
          [1., 0., 1., 1., 1., 0., 1., 0., 1., 1., 0., 1., 1., 1., 0., 1., 0.,
           1., 1.],
          [0., 1., 0., 1., 1., 1., 0., 0., 0., 1., 1., 1., 1., 0., 0., 0., 0.,
           0., 0.],
          [0., 0., 1., 1., 0., 0., 0., 1., 0., 0., 0., 0., 0., 0., 1., 1., 1.,
           1., 1.],
          [1., 0., 1., 0., 1., 0., 1., 0., 1., 1., 0., 1., 1., 1., 0., 0., 0.,
           0., 1.],
          [0., 1., 1., 1., 1., 0., 1., 1., 1., 0., 1., 1., 1., 1., 1., 0., 0.,
           1., 1.],
          [1., 0., 1., 1., 1., 1., 1., 1., 0., 1., 1., 1., 0., 1., 0., 0., 0.,
           1., 1.],
          [0., 1., 1., 1., 0., 0., 1., 1., 1., 0., 1., 0., 0., 0., 1., 1., 0.,
           1., 1.],
          [1., 0., 1., 1., 0., 0., 0., 1., 1., 1., 0., 1., 0., 1., 1., 1., 1.,
           1., 0.],
          [1., 1., 0., 1., 0., 1., 0., 0., 0., 1., 0., 1., 1., 0., 0., 1., 0.,
           0., 1.],
          [0., 0., 0., 0., 1., 0., 1., 1., 1., 0., 1., 1., 0., 1., 0., 0., 1.,
           0., 1.]]]], device='cuda:0'), tensor([[0.7324]], device='cuda:0'))
2026-01-07 17:24:59 - INFO - [ 0.71311516 -0.41283128  0.00470962  0.02366902  0.00470962  0.02366902
  0.995298   -0.0432511 ]
2026-01-07 17:24:59 - INFO - {'S11_real': np.float32(0.71311516), 'S11_imag': np.float32(-0.41283128), 'S21_real': np.float32(0.0047096214), 'S21_imag': np.float32(0.023669023), 'S12_real': np.float32(0.0047096233), 'S12_imag': np.float32(0.02366902), 'S22_real': np.float32(0.995298), 'S22_imag': np.float32(-0.043251097)}
2026-01-07 17:24:59 - INFO - (tensor([[[[0., 1., 1., 0., 1., 1., 0., 0., 0., 1., 0., 1., 0., 1., 0., 1., 0.,
           0., 0.],
          [0., 0., 0., 1., 0., 0., 0., 0., 1., 0., 1., 1., 0., 1., 1., 0., 0.,
           1., 1.],
          [1., 1., 1., 0., 0., 0., 1., 1., 1., 1., 0., 0., 1., 0., 0., 1., 1.,
           1., 0.],
          [0., 1., 0., 1., 0., 0., 0., 1., 1., 1., 0., 1., 0., 0., 1., 0., 0.,
           0., 0.],
          [0., 1., 1., 1., 0., 1., 0., 0., 0., 0., 1., 0., 1., 1., 1., 1., 0.,
           0., 0.],
          [0., 1., 0., 0., 0., 0., 1., 0., 0., 1., 0., 0., 0., 0., 1., 1., 0.,
           0., 1.],
          [0., 0., 0., 1., 1., 1., 1., 1., 1., 0., 0., 1., 1., 0., 1., 1., 1.,
           0., 1.],
          [0., 0., 0., 0., 0., 0., 1., 1., 0., 1., 1., 1., 1., 1., 1., 1., 0.,
           1., 1.],
          [0., 0., 0., 1., 0., 0., 0., 0., 1., 1., 1., 0., 1., 1., 1., 1., 1.,
           1., 1.],
          [1., 0., 1., 1., 0., 1., 1., 1., 0., 0., 0., 1., 0., 1., 0., 0., 0.,
           0., 1.],
          [1., 1., 1., 1., 1., 0., 0., 1., 1., 1., 1., 0., 0., 1., 1., 0., 0.,
           1., 0.],
          [1., 0., 1., 0., 1., 0., 1., 0., 0., 1., 1., 1., 0., 0., 1., 1., 1.,
           0., 1.],
          [1., 0., 1., 0., 0., 0., 1., 0., 0., 1., 0., 0., 1., 0., 1., 0., 0.,
           1., 0.],
          [1., 1., 0., 1., 0., 0., 1., 0., 0., 0., 0., 0., 0., 0., 1., 0., 1.,
           1., 1.],
          [0., 1., 0., 1., 1., 0., 1., 1., 0., 0., 0., 0., 1., 0., 0., 1., 1.,
           1., 0.],
          [0., 1., 1., 0., 0., 0., 1., 1., 1., 0., 0., 1., 1., 0., 1., 0., 0.,
           0., 0.],
          [1., 0., 1., 1., 0., 1., 1., 1., 1., 1., 0., 1., 0., 1., 0., 1., 1.,
           1., 0.],
          [0., 1., 0., 0., 1., 0., 1., 0., 0., 0., 0., 1., 0., 0., 1., 1., 1.,
           1., 0.],
          [0., 0., 1., 1., 0., 1., 1., 0., 0., 1., 1., 0., 0., 1., 0., 0., 1.,
           1., 1.]]]], device='cuda:0'), tensor([[0.7324]], device='cuda:0'))
2026-01-07 17:24:59 - INFO - [-0.0506781  -0.00477962  0.9179054  -0.22579266  0.9179054  -0.22579268
 -0.04838314 -0.00702639]
2026-01-07 17:24:59 - INFO - {'S11_real': np.float32(-0.050678104), 'S11_imag': np.float32(-0.004779623), 'S21_real': np.float32(0.9179054), 'S21_imag': np.float32(-0.22579266), 'S12_real': np.float32(0.9179054), 'S12_imag': np.float32(-0.22579268), 'S22_real': np.float32(-0.04838314), 'S22_imag': np.float32(-0.007026393)}
2026-01-07 17:24:59 - INFO - (tensor([[[[0., 1., 1., 1., 1., 1., 0., 1., 1., 0., 1., 0., 0., 1., 1., 0., 1.,
           1., 1.],
          [1., 1., 0., 0., 0., 0., 0., 0., 1., 1., 0., 0., 1., 1., 1., 0., 0.,
           1., 0.],
          [0., 1., 1., 1., 0., 1., 0., 1., 1., 1., 1., 0., 1., 1., 1., 0., 1.,
           0., 1.],
          [0., 0., 0., 0., 0., 0., 1., 0., 0., 1., 0., 0., 1., 1., 1., 1., 0.,
           0., 0.],
          [1., 1., 1., 1., 0., 1., 1., 0., 1., 1., 0., 1., 1., 0., 1., 1., 0.,
           0., 1.],
          [0., 0., 1., 1., 1., 1., 0., 0., 1., 0., 1., 1., 0., 1., 1., 0., 1.,
           1., 0.],
          [1., 1., 1., 1., 1., 1., 0., 1., 1., 1., 0., 0., 1., 1., 1., 0., 0.,
           0., 0.],
          [1., 1., 1., 0., 0., 0., 1., 0., 1., 0., 0., 1., 0., 1., 0., 0., 1.,
           0., 0.],
          [1., 0., 1., 1., 1., 0., 1., 0., 1., 1., 0., 1., 1., 1., 0., 1., 0.,
           0., 0.],
          [1., 0., 1., 1., 1., 0., 1., 1., 1., 0., 1., 1., 0., 1., 1., 0., 0.,
           0., 1.],
          [1., 0., 1., 0., 0., 0., 1., 1., 1., 1., 0., 0., 0., 1., 1., 0., 0.,
           1., 1.],
          [0., 0., 0., 1., 1., 0., 0., 0., 1., 1., 0., 0., 0., 1., 1., 1., 1.,
           0., 0.],
          [1., 1., 1., 0., 1., 0., 0., 0., 1., 1., 1., 1., 0., 0., 1., 0., 0.,
           1., 1.],
          [0., 1., 0., 1., 0., 1., 0., 1., 1., 1., 0., 1., 1., 0., 1., 0., 0.,
           0., 0.],
          [0., 0., 1., 0., 1., 0., 1., 0., 0., 1., 1., 0., 0., 1., 1., 0., 0.,
           1., 0.],
          [0., 1., 1., 0., 0., 1., 1., 1., 1., 1., 0., 1., 1., 1., 0., 0., 1.,
           0., 1.],
          [1., 1., 0., 0., 0., 1., 0., 1., 0., 1., 1., 0., 1., 0., 1., 1., 0.,
           1., 1.],
          [1., 1., 0., 0., 0., 1., 0., 0., 1., 1., 0., 0., 1., 1., 1., 1., 0.,
           0., 1.],
          [1., 0., 0., 0., 0., 1., 0., 1., 1., 0., 1., 1., 1., 1., 0., 0., 0.,
           1., 1.]]]], device='cuda:0'), tensor([[0.7324]], device='cuda:0'))
2026-01-07 17:24:59 - INFO - [ 0.68985975 -0.42642072  0.00623398  0.02685844  0.00623397  0.02685844
  0.99555373 -0.04479873]
2026-01-07 17:24:59 - INFO - {'S11_real': np.float32(0.68985975), 'S11_imag': np.float32(-0.42642072), 'S21_real': np.float32(0.0062339795), 'S21_imag': np.float32(0.02685844), 'S12_real': np.float32(0.006233974), 'S12_imag': np.float32(0.026858436), 'S22_real': np.float32(0.99555373), 'S22_imag': np.float32(-0.044798728)}
2026-01-07 17:24:59 - INFO - (tensor([[[[0., 1., 0., 0., 1., 0., 1., 0., 1., 1., 0., 0., 1., 1., 1., 1., 0.,
           0., 1.],
          [1., 1., 0., 0., 1., 1., 1., 0., 0., 1., 1., 1., 0., 1., 1., 0., 1.,
           0., 1.],
          [0., 0., 0., 1., 1., 0., 1., 0., 0., 0., 1., 0., 1., 1., 0., 1., 1.,
           1., 0.],
          [1., 0., 0., 1., 0., 1., 0., 1., 1., 0., 0., 0., 0., 0., 1., 1., 0.,
           0., 1.],
          [1., 1., 0., 1., 0., 0., 0., 1., 0., 1., 0., 1., 1., 0., 0., 0., 1.,
           1., 1.],
          [1., 0., 1., 0., 1., 1., 0., 0., 1., 1., 0., 1., 1., 0., 0., 0., 1.,
           0., 0.],
          [0., 1., 0., 1., 1., 0., 1., 0., 1., 0., 1., 1., 1., 0., 0., 1., 0.,
           1., 0.],
          [0., 1., 0., 0., 1., 1., 0., 1., 0., 0., 0., 0., 0., 1., 1., 0., 0.,
           1., 1.],
          [1., 0., 1., 1., 0., 1., 1., 1., 0., 0., 0., 1., 1., 1., 0., 0., 1.,
           1., 1.],
          [1., 1., 1., 1., 0., 1., 0., 0., 1., 0., 0., 1., 0., 1., 1., 1., 1.,
           0., 1.],
          [0., 1., 1., 0., 1., 1., 0., 0., 1., 1., 1., 0., 1., 0., 0., 0., 1.,
           0., 0.],
          [0., 1., 0., 1., 1., 1., 0., 0., 1., 0., 1., 1., 1., 1., 0., 0., 0.,
           0., 1.],
          [1., 0., 1., 0., 1., 1., 0., 1., 1., 0., 0., 0., 1., 1., 1., 0., 1.,
           0., 1.],
          [1., 1., 0., 1., 1., 0., 1., 1., 1., 0., 1., 1., 0., 0., 1., 0., 1.,
           0., 1.],
          [0., 0., 1., 0., 0., 0., 0., 1., 1., 1., 1., 0., 0., 1., 0., 0., 0.,
           0., 1.],
          [0., 1., 0., 1., 1., 1., 1., 1., 0., 0., 0., 1., 0., 1., 1., 1., 1.,
           1., 1.],
          [1., 0., 1., 1., 0., 0., 0., 0., 1., 0., 0., 1., 0., 0., 1., 1., 0.,
           1., 1.],
          [1., 0., 0., 1., 1., 1., 0., 0., 0., 0., 0., 0., 1., 0., 0., 0., 1.,
           1., 1.],
          [1., 1., 1., 1., 1., 0., 0., 0., 0., 1., 0., 0., 0., 0., 0., 1., 0.,
           1., 1.]]]], device='cuda:0'), tensor([[0.7324]], device='cuda:0'))
2026-01-07 17:24:59 - INFO - [-0.04458436 -0.00670731  0.92032087 -0.22365098  0.92032087 -0.22365096
 -0.05043079 -0.00242889]
2026-01-07 17:24:59 - INFO - {'S11_real': np.float32(-0.04458436), 'S11_imag': np.float32(-0.0067073144), 'S21_real': np.float32(0.92032087), 'S21_imag': np.float32(-0.22365098), 'S12_real': np.float32(0.92032087), 'S12_imag': np.float32(-0.22365096), 'S22_real': np.float32(-0.050430793), 'S22_imag': np.float32(-0.002428888)}
2026-01-07 17:24:59 - INFO - (tensor([[[[1., 0., 1., 0., 0., 0., 1., 0., 0., 1., 1., 0., 1., 1., 1., 0., 1.,
           0., 0.],
          [0., 0., 0., 1., 0., 0., 0., 1., 0., 1., 1., 1., 0., 0., 0., 1., 0.,
           0., 1.],
          [0., 1., 0., 0., 1., 1., 0., 0., 0., 1., 0., 0., 1., 0., 0., 0., 1.,
           0., 1.],
          [0., 1., 1., 1., 1., 1., 1., 0., 1., 0., 0., 1., 0., 0., 0., 1., 0.,
           0., 0.],
          [1., 1., 0., 0., 1., 0., 0., 1., 0., 0., 0., 1., 1., 1., 1., 0., 1.,
           1., 1.],
          [0., 0., 1., 0., 1., 0., 1., 0., 1., 0., 0., 1., 1., 0., 0., 1., 1.,
           0., 0.],
          [1., 1., 0., 0., 0., 1., 0., 1., 0., 0., 1., 1., 1., 0., 0., 1., 0.,
           1., 0.],
          [0., 1., 1., 1., 0., 0., 0., 0., 1., 1., 0., 1., 0., 1., 1., 0., 0.,
           1., 0.],
          [1., 0., 1., 0., 1., 0., 1., 1., 0., 1., 0., 0., 1., 0., 0., 0., 0.,
           0., 1.],
          [1., 0., 1., 0., 0., 1., 1., 1., 0., 0., 1., 1., 1., 0., 1., 0., 1.,
           0., 1.],
          [1., 1., 1., 0., 1., 1., 1., 0., 1., 1., 1., 0., 0., 0., 0., 0., 0.,
           1., 0.],
          [1., 1., 1., 0., 0., 1., 1., 1., 0., 1., 1., 1., 0., 0., 0., 0., 0.,
           1., 1.],
          [1., 0., 1., 0., 0., 1., 1., 1., 0., 1., 1., 1., 0., 0., 1., 0., 1.,
           0., 1.],
          [0., 0., 1., 0., 1., 1., 1., 0., 0., 1., 1., 0., 1., 1., 1., 1., 0.,
           1., 0.],
          [0., 0., 0., 1., 1., 1., 1., 0., 0., 0., 1., 0., 0., 1., 0., 0., 1.,
           0., 0.],
          [0., 0., 0., 1., 0., 0., 1., 1., 0., 1., 0., 0., 1., 0., 1., 0., 1.,
           1., 0.],
          [1., 0., 0., 0., 0., 1., 0., 1., 1., 0., 0., 0., 0., 1., 1., 1., 0.,
           0., 0.],
          [1., 0., 1., 0., 1., 0., 0., 1., 1., 1., 1., 1., 1., 1., 1., 1., 1.,
           1., 0.],
          [1., 1., 1., 1., 1., 0., 0., 1., 1., 1., 1., 0., 1., 0., 0., 0., 0.,
           1., 0.]]]], device='cuda:0'), tensor([[0.7324]], device='cuda:0'))
2026-01-07 17:24:59 - INFO - [-0.06000315 -0.0259703   0.91639376 -0.21502514  0.91639376 -0.21502513
 -0.05926609 -0.02696054]
2026-01-07 17:24:59 - INFO - {'S11_real': np.float32(-0.060003147), 'S11_imag': np.float32(-0.025970303), 'S21_real': np.float32(0.91639376), 'S21_imag': np.float32(-0.21502514), 'S12_real': np.float32(0.91639376), 'S12_imag': np.float32(-0.21502513), 'S22_real': np.float32(-0.059266094), 'S22_imag': np.float32(-0.026960537)}
2026-01-07 17:24:59 - INFO - (tensor([[[[1., 0., 1., 1., 0., 0., 0., 0., 1., 0., 0., 1., 1., 1., 1., 1., 0.,
           0., 0.],
          [1., 0., 0., 0., 1., 1., 0., 0., 0., 0., 1., 1., 1., 1., 1., 0., 1.,
           1., 0.],
          [1., 0., 1., 1., 1., 0., 0., 0., 1., 0., 0., 1., 1., 1., 1., 0., 0.,
           0., 1.],
          [1., 1., 0., 0., 0., 0., 1., 1., 1., 0., 0., 0., 0., 1., 1., 0., 0.,
           0., 1.],
          [0., 0., 0., 0., 1., 1., 1., 1., 1., 0., 0., 0., 0., 0., 0., 1., 0.,
           0., 1.],
          [1., 1., 0., 0., 1., 1., 1., 1., 0., 1., 1., 0., 0., 1., 0., 0., 1.,
           1., 0.],
          [1., 1., 0., 0., 0., 0., 0., 1., 0., 1., 1., 1., 1., 1., 0., 1., 1.,
           0., 1.],
          [0., 1., 0., 0., 1., 0., 0., 1., 1., 1., 1., 1., 1., 0., 1., 1., 1.,
           1., 1.],
          [1., 1., 1., 1., 0., 0., 0., 1., 1., 0., 1., 0., 1., 1., 1., 1., 0.,
           1., 0.],
          [1., 0., 1., 1., 1., 1., 0., 0., 0., 0., 0., 1., 0., 0., 0., 1., 0.,
           0., 1.],
          [0., 1., 1., 0., 1., 1., 0., 1., 1., 1., 1., 1., 1., 1., 1., 0., 1.,
           1., 1.],
          [0., 0., 1., 0., 0., 1., 0., 0., 0., 0., 0., 0., 0., 1., 0., 0., 0.,
           1., 1.],
          [1., 0., 1., 0., 1., 0., 0., 0., 1., 1., 1., 1., 1., 0., 0., 1., 0.,
           1., 0.],
          [0., 1., 0., 1., 0., 0., 0., 0., 1., 1., 0., 1., 1., 1., 0., 1., 1.,
           1., 1.],
          [0., 0., 1., 1., 1., 0., 1., 1., 0., 0., 1., 0., 0., 0., 0., 0., 0.,
           0., 0.],
          [1., 1., 0., 1., 1., 1., 0., 1., 1., 1., 1., 0., 1., 1., 1., 0., 1.,
           0., 0.],
          [0., 1., 0., 0., 0., 1., 1., 0., 1., 1., 1., 0., 1., 1., 0., 0., 1.,
           1., 0.],
          [1., 0., 0., 1., 0., 1., 1., 0., 1., 1., 0., 1., 0., 0., 1., 1., 1.,
           1., 0.],
          [1., 1., 1., 0., 0., 0., 1., 0., 0., 1., 1., 0., 0., 1., 1., 0., 0.,
           0., 0.]]]], device='cuda:0'), tensor([[0.7324]], device='cuda:0'))
2026-01-07 17:24:59 - INFO - [ 0.65660083 -0.16770038  0.58922803 -0.05272605  0.58922803 -0.05272604
  0.5934305  -0.17920807]
2026-01-07 17:24:59 - INFO - {'S11_real': np.float32(0.65660083), 'S11_imag': np.float32(-0.16770038), 'S21_real': np.float32(0.58922803), 'S21_imag': np.float32(-0.052726045), 'S12_real': np.float32(0.58922803), 'S12_imag': np.float32(-0.05272604), 'S22_real': np.float32(0.5934305), 'S22_imag': np.float32(-0.17920807)}
2026-01-07 17:24:59 - INFO - (tensor([[[[0., 1., 1., 0., 1., 1., 1., 1., 1., 0., 0., 1., 0., 1., 1., 0., 1.,
           0., 1.],
          [1., 1., 0., 0., 1., 0., 1., 0., 1., 1., 1., 0., 1., 0., 0., 0., 0.,
           0., 1.],
          [1., 0., 0., 1., 1., 0., 0., 0., 0., 1., 1., 0., 0., 0., 0., 1., 0.,
           1., 0.],
          [1., 0., 0., 1., 1., 1., 0., 1., 0., 0., 1., 1., 1., 0., 0., 0., 1.,
           1., 0.],
          [1., 0., 1., 1., 1., 0., 1., 0., 0., 0., 0., 1., 0., 1., 0., 1., 0.,
           1., 0.],
          [0., 1., 1., 1., 1., 0., 1., 0., 1., 1., 0., 1., 1., 1., 1., 1., 1.,
           1., 1.],
          [1., 1., 0., 1., 1., 1., 1., 0., 1., 1., 0., 1., 1., 0., 0., 1., 1.,
           1., 1.],
          [1., 0., 1., 0., 0., 1., 1., 1., 0., 0., 0., 1., 1., 0., 1., 0., 1.,
           1., 1.],
          [0., 0., 1., 0., 0., 0., 1., 1., 1., 0., 0., 0., 0., 0., 0., 1., 1.,
           1., 1.],
          [1., 0., 0., 0., 1., 1., 1., 1., 1., 0., 0., 1., 1., 0., 1., 0., 0.,
           0., 1.],
          [1., 0., 0., 0., 0., 0., 0., 0., 1., 0., 0., 1., 1., 0., 1., 0., 0.,
           1., 0.],
          [1., 1., 1., 1., 0., 0., 0., 0., 1., 1., 1., 1., 0., 1., 1., 1., 1.,
           1., 0.],
          [0., 0., 1., 1., 1., 1., 0., 0., 1., 1., 0., 0., 0., 1., 1., 1., 0.,
           1., 1.],
          [0., 0., 0., 1., 1., 0., 1., 1., 1., 0., 0., 0., 0., 1., 1., 0., 0.,
           1., 1.],
          [0., 1., 0., 1., 0., 1., 0., 0., 1., 0., 1., 0., 0., 0., 0., 0., 0.,
           1., 0.],
          [1., 1., 1., 1., 1., 1., 0., 1., 0., 0., 0., 0., 0., 1., 0., 0., 1.,
           1., 0.],
          [1., 1., 0., 0., 0., 0., 1., 1., 0., 0., 0., 0., 0., 0., 1., 0., 1.,
           0., 1.],
          [0., 1., 1., 0., 0., 0., 0., 0., 1., 0., 1., 1., 0., 0., 0., 0., 1.,
           1., 1.],
          [1., 0., 1., 0., 1., 1., 1., 1., 0., 0., 1., 0., 1., 1., 1., 0., 1.,
           0., 1.]]]], device='cuda:0'), tensor([[0.7324]], device='cuda:0'))
2026-01-07 17:24:59 - INFO - [-0.05139114  0.00333945  0.91719383 -0.23090951  0.91719383 -0.2309095
 -0.04274192 -0.00370483]
2026-01-07 17:24:59 - INFO - {'S11_real': np.float32(-0.05139114), 'S11_imag': np.float32(0.0033394496), 'S21_real': np.float32(0.91719383), 'S21_imag': np.float32(-0.23090951), 'S12_real': np.float32(0.91719383), 'S12_imag': np.float32(-0.2309095), 'S22_real': np.float32(-0.04274192), 'S22_imag': np.float32(-0.0037048252)}
2026-01-07 17:24:59 - INFO - (tensor([[[[0., 1., 1., 0., 1., 1., 1., 1., 1., 0., 0., 0., 1., 0., 1., 1., 0.,
           1., 0.],
          [0., 1., 0., 0., 1., 0., 0., 1., 0., 1., 1., 0., 1., 1., 0., 1., 1.,
           0., 0.],
          [1., 1., 0., 1., 0., 1., 1., 1., 1., 1., 1., 0., 1., 1., 1., 0., 1.,
           0., 1.],
          [0., 1., 1., 1., 1., 1., 1., 0., 1., 1., 0., 0., 1., 0., 0., 0., 0.,
           0., 0.],
          [0., 1., 1., 1., 0., 1., 1., 1., 1., 0., 0., 0., 0., 0., 0., 1., 1.,
           0., 1.],
          [1., 0., 1., 0., 1., 0., 0., 0., 1., 1., 1., 1., 0., 0., 1., 1., 1.,
           0., 1.],
          [0., 1., 1., 1., 1., 0., 0., 0., 0., 0., 1., 1., 1., 0., 0., 1., 0.,
           1., 1.],
          [1., 0., 0., 0., 0., 1., 1., 1., 0., 0., 0., 1., 0., 0., 0., 1., 1.,
           1., 1.],
          [0., 1., 0., 1., 1., 1., 0., 1., 1., 0., 0., 1., 0., 1., 1., 0., 1.,
           0., 1.],
          [1., 1., 1., 0., 0., 1., 0., 0., 1., 1., 1., 0., 1., 1., 1., 0., 0.,
           0., 1.],
          [0., 0., 1., 1., 0., 0., 0., 0., 1., 1., 0., 1., 1., 0., 0., 0., 1.,
           0., 0.],
          [1., 0., 1., 0., 1., 1., 0., 0., 0., 0., 0., 1., 0., 0., 0., 1., 0.,
           1., 1.],
          [0., 0., 1., 1., 1., 1., 1., 0., 1., 1., 1., 1., 1., 0., 0., 1., 0.,
           1., 0.],
          [0., 0., 0., 1., 0., 1., 0., 0., 0., 1., 0., 0., 0., 1., 0., 0., 1.,
           0., 0.],
          [1., 0., 1., 1., 1., 0., 1., 1., 0., 0., 0., 1., 1., 1., 0., 1., 1.,
           0., 1.],
          [0., 0., 1., 1., 1., 1., 0., 0., 1., 0., 0., 1., 0., 1., 1., 0., 1.,
           0., 0.],
          [0., 0., 1., 1., 0., 0., 1., 1., 0., 1., 0., 1., 0., 1., 1., 1., 0.,
           0., 0.],
          [1., 0., 1., 0., 0., 0., 1., 0., 1., 1., 1., 1., 0., 1., 1., 0., 1.,
           1., 0.],
          [1., 0., 1., 1., 0., 1., 0., 1., 0., 1., 0., 1., 1., 0., 1., 1., 1.,
           0., 1.]]]], device='cuda:0'), tensor([[0.7324]], device='cuda:0'))
2026-01-07 17:24:59 - INFO - [ 0.64426696 -0.2677122   0.3769917  -0.03344854  0.37699166 -0.03344853
  0.89163655 -0.10707454]
2026-01-07 17:24:59 - INFO - {'S11_real': np.float32(0.64426696), 'S11_imag': np.float32(-0.2677122), 'S21_real': np.float32(0.3769917), 'S21_imag': np.float32(-0.033448536), 'S12_real': np.float32(0.37699166), 'S12_imag': np.float32(-0.03344853), 'S22_real': np.float32(0.89163655), 'S22_imag': np.float32(-0.107074544)}
2026-01-07 17:24:59 - INFO - (tensor([[[[1., 1., 0., 0., 0., 1., 1., 1., 0., 0., 1., 0., 1., 0., 0., 1., 1.,
           1., 0.],
          [0., 0., 0., 0., 0., 1., 0., 0., 0., 0., 0., 1., 0., 1., 1., 0., 0.,
           1., 0.],
          [0., 0., 0., 0., 1., 1., 1., 1., 1., 0., 0., 0., 1., 0., 0., 1., 1.,
           1., 0.],
          [1., 1., 1., 0., 1., 1., 1., 1., 1., 1., 0., 0., 1., 0., 0., 0., 1.,
           1., 0.],
          [0., 0., 0., 1., 0., 1., 0., 1., 1., 1., 1., 1., 1., 1., 0., 1., 0.,
           0., 0.],
          [0., 0., 0., 0., 1., 0., 0., 0., 0., 0., 0., 1., 0., 0., 0., 0., 0.,
           1., 0.],
          [0., 1., 0., 1., 1., 1., 0., 0., 1., 1., 0., 0., 1., 1., 0., 1., 1.,
           1., 1.],
          [1., 0., 0., 0., 0., 1., 0., 1., 0., 1., 1., 0., 1., 1., 0., 0., 1.,
           0., 1.],
          [0., 1., 0., 0., 0., 1., 0., 0., 1., 0., 1., 0., 0., 0., 1., 0., 1.,
           0., 0.],
          [1., 1., 0., 1., 1., 0., 1., 1., 0., 0., 1., 1., 1., 0., 1., 0., 0.,
           1., 1.],
          [1., 1., 1., 0., 1., 1., 0., 0., 0., 0., 0., 1., 0., 0., 0., 1., 0.,
           1., 1.],
          [1., 1., 1., 0., 1., 1., 0., 0., 1., 0., 1., 0., 1., 1., 1., 0., 0.,
           0., 0.],
          [1., 0., 0., 1., 1., 0., 1., 0., 0., 0., 1., 1., 1., 1., 1., 0., 0.,
           1., 0.],
          [0., 1., 1., 1., 0., 1., 0., 1., 1., 1., 1., 1., 0., 0., 1., 1., 0.,
           1., 1.],
          [0., 0., 0., 0., 0., 1., 0., 0., 0., 0., 0., 1., 1., 0., 1., 1., 1.,
           1., 1.],
          [0., 1., 0., 0., 1., 0., 0., 1., 0., 1., 1., 0., 1., 1., 1., 1., 1.,
           1., 1.],
          [0., 1., 1., 1., 0., 0., 1., 1., 1., 0., 0., 1., 0., 1., 1., 1., 0.,
           0., 0.],
          [1., 1., 0., 1., 0., 0., 1., 0., 1., 1., 1., 0., 0., 0., 0., 1., 0.,
           0., 1.],
          [1., 1., 1., 0., 1., 0., 0., 0., 1., 1., 0., 0., 1., 1., 0., 0., 1.,
           1., 0.]]]], device='cuda:0'), tensor([[0.7324]], device='cuda:0'))
2026-01-07 17:24:59 - INFO - [ 0.7354888  -0.39778185  0.00510508  0.02655409  0.00510507  0.02655409
  0.9914453  -0.05958159]
2026-01-07 17:24:59 - INFO - {'S11_real': np.float32(0.7354888), 'S11_imag': np.float32(-0.39778185), 'S21_real': np.float32(0.0051050778), 'S21_imag': np.float32(0.026554089), 'S12_real': np.float32(0.0051050684), 'S12_imag': np.float32(0.026554085), 'S22_real': np.float32(0.9914453), 'S22_imag': np.float32(-0.059581585)}
2026-01-07 17:24:59 - INFO - (tensor([[[[1., 1., 1., 0., 1., 1., 1., 1., 1., 1., 1., 1., 0., 0., 1., 0., 1.,
           1., 0.],
          [0., 1., 1., 1., 0., 0., 1., 1., 1., 0., 1., 1., 1., 0., 1., 1., 0.,
           0., 0.],
          [0., 1., 0., 0., 1., 0., 0., 1., 1., 1., 1., 0., 1., 1., 1., 0., 1.,
           0., 0.],
          [1., 0., 1., 0., 1., 1., 1., 0., 1., 0., 0., 1., 0., 0., 1., 0., 0.,
           1., 1.],
          [1., 1., 0., 0., 1., 0., 1., 1., 0., 1., 0., 0., 0., 1., 0., 0., 0.,
           1., 0.],
          [1., 0., 0., 0., 1., 1., 1., 0., 0., 0., 1., 1., 1., 0., 1., 0., 0.,
           0., 0.],
          [0., 1., 1., 0., 1., 0., 0., 1., 0., 1., 0., 1., 0., 0., 1., 0., 0.,
           1., 1.],
          [1., 0., 0., 1., 0., 1., 1., 0., 0., 0., 1., 0., 0., 1., 0., 1., 0.,
           1., 0.],
          [0., 1., 0., 0., 0., 1., 0., 1., 0., 1., 1., 0., 1., 1., 1., 0., 1.,
           1., 0.],
          [1., 0., 1., 0., 0., 1., 1., 1., 0., 0., 0., 0., 1., 0., 0., 1., 0.,
           1., 1.],
          [1., 1., 0., 1., 1., 0., 0., 0., 0., 1., 0., 0., 1., 1., 1., 0., 0.,
           1., 0.],
          [0., 0., 1., 0., 0., 1., 0., 1., 1., 0., 0., 0., 0., 0., 0., 1., 0.,
           0., 1.],
          [0., 1., 0., 1., 0., 0., 0., 1., 1., 1., 1., 1., 0., 1., 0., 1., 0.,
           1., 0.],
          [0., 1., 0., 1., 0., 0., 1., 0., 0., 1., 1., 1., 1., 0., 1., 1., 1.,
           0., 1.],
          [0., 1., 0., 0., 0., 1., 1., 1., 0., 1., 0., 1., 1., 1., 1., 1., 0.,
           0., 1.],
          [0., 1., 1., 1., 1., 0., 0., 0., 0., 0., 1., 1., 0., 0., 1., 1., 1.,
           0., 1.],
          [0., 1., 1., 0., 1., 1., 1., 0., 0., 1., 0., 1., 0., 0., 0., 1., 0.,
           0., 0.],
          [1., 1., 1., 1., 0., 1., 1., 1., 1., 1., 1., 0., 1., 0., 0., 1., 0.,
           0., 0.],
          [0., 1., 0., 1., 1., 0., 0., 0., 0., 1., 0., 0., 1., 1., 1., 1., 0.,
           0., 1.]]]], device='cuda:0'), tensor([[0.7324]], device='cuda:0'))
2026-01-07 17:24:59 - INFO - [-0.06343538 -0.03448171  0.9113676  -0.21989192  0.9113676  -0.21989192
 -0.06668092 -0.03195142]
2026-01-07 17:24:59 - INFO - {'S11_real': np.float32(-0.063435376), 'S11_imag': np.float32(-0.03448171), 'S21_real': np.float32(0.9113676), 'S21_imag': np.float32(-0.21989192), 'S12_real': np.float32(0.9113676), 'S12_imag': np.float32(-0.21989192), 'S22_real': np.float32(-0.06668092), 'S22_imag': np.float32(-0.031951424)}
2026-01-07 17:24:59 - INFO - (tensor([[[[0., 1., 0., 1., 1., 1., 0., 0., 0., 0., 0., 1., 1., 1., 1., 1., 1.,
           1., 1.],
          [0., 0., 0., 0., 0., 1., 1., 1., 1., 0., 0., 0., 0., 1., 1., 1., 1.,
           1., 1.],
          [0., 1., 0., 1., 0., 0., 0., 0., 1., 0., 1., 1., 0., 0., 1., 1., 1.,
           0., 1.],
          [0., 0., 0., 0., 0., 0., 1., 1., 1., 0., 1., 0., 1., 1., 1., 1., 0.,
           1., 0.],
          [0., 0., 0., 1., 1., 0., 1., 1., 0., 0., 1., 1., 1., 1., 0., 1., 1.,
           0., 1.],
          [0., 0., 1., 1., 0., 1., 1., 1., 1., 0., 0., 1., 1., 0., 1., 1., 1.,
           0., 1.],
          [0., 0., 1., 0., 0., 1., 0., 0., 1., 0., 1., 0., 1., 1., 0., 0., 1.,
           1., 1.],
          [1., 0., 0., 0., 0., 1., 0., 1., 0., 0., 0., 1., 0., 0., 0., 0., 1.,
           1., 0.],
          [1., 1., 1., 0., 0., 1., 1., 0., 0., 1., 1., 1., 0., 0., 1., 1., 1.,
           0., 0.],
          [1., 0., 0., 0., 0., 1., 0., 1., 1., 1., 0., 0., 1., 1., 1., 1., 0.,
           0., 1.],
          [0., 1., 0., 1., 0., 0., 1., 1., 1., 0., 1., 1., 0., 1., 1., 0., 1.,
           1., 1.],
          [1., 0., 1., 1., 0., 0., 0., 1., 0., 1., 0., 1., 1., 0., 0., 0., 0.,
           1., 0.],
          [1., 1., 0., 1., 0., 0., 0., 0., 1., 0., 1., 1., 0., 0., 1., 1., 0.,
           1., 0.],
          [1., 1., 1., 0., 1., 0., 1., 1., 1., 0., 0., 0., 0., 1., 1., 1., 1.,
           1., 0.],
          [0., 0., 1., 1., 0., 1., 0., 1., 0., 0., 0., 1., 0., 0., 0., 1., 0.,
           1., 0.],
          [1., 1., 0., 0., 1., 1., 1., 0., 0., 1., 0., 0., 0., 1., 0., 0., 1.,
           1., 1.],
          [0., 0., 0., 1., 1., 0., 0., 0., 1., 1., 0., 1., 1., 0., 0., 0., 0.,
           0., 0.],
          [0., 0., 1., 0., 1., 0., 1., 0., 1., 0., 0., 1., 1., 1., 0., 1., 1.,
           0., 0.],
          [0., 0., 1., 0., 0., 1., 0., 1., 1., 1., 1., 0., 0., 1., 1., 0., 1.,
           0., 0.]]]], device='cuda:0'), tensor([[0.7324]], device='cuda:0'))
2026-01-07 17:24:59 - INFO - [ 9.8992211e-01 -6.6567272e-02 -5.6473998e-04  1.0284710e-02
 -5.6473812e-04  1.0284710e-02  9.3496317e-01 -1.8756509e-01]
2026-01-07 17:24:59 - INFO - {'S11_real': np.float32(0.9899221), 'S11_imag': np.float32(-0.06656727), 'S21_real': np.float32(-0.00056474), 'S21_imag': np.float32(0.01028471), 'S12_real': np.float32(-0.0005647381), 'S12_imag': np.float32(0.01028471), 'S22_real': np.float32(0.93496317), 'S22_imag': np.float32(-0.18756509)}
2026-01-07 17:24:59 - INFO - (tensor([[[[1., 0., 1., 1., 0., 1., 0., 0., 0., 1., 0., 1., 0., 0., 1., 1., 0.,
           1., 1.],
          [1., 1., 1., 1., 0., 1., 1., 1., 0., 1., 0., 1., 0., 0., 0., 0., 0.,
           1., 1.],
          [1., 0., 0., 1., 1., 1., 1., 1., 1., 0., 1., 0., 1., 0., 1., 0., 0.,
           0., 0.],
          [0., 0., 1., 0., 1., 0., 1., 1., 1., 1., 0., 0., 0., 0., 0., 1., 1.,
           0., 1.],
          [1., 0., 0., 0., 0., 0., 0., 1., 0., 0., 1., 0., 0., 1., 0., 0., 0.,
           1., 0.],
          [1., 0., 1., 1., 0., 0., 1., 1., 1., 0., 0., 1., 1., 0., 1., 0., 1.,
           0., 1.],
          [0., 0., 1., 1., 1., 0., 1., 0., 0., 0., 0., 0., 0., 0., 0., 1., 1.,
           1., 1.],
          [1., 0., 1., 1., 0., 0., 1., 1., 1., 1., 0., 1., 1., 0., 1., 0., 0.,
           0., 0.],
          [0., 1., 1., 0., 1., 0., 0., 1., 1., 1., 1., 1., 0., 1., 1., 1., 1.,
           1., 1.],
          [1., 0., 0., 0., 0., 1., 0., 1., 0., 0., 1., 1., 0., 0., 0., 1., 0.,
           1., 1.],
          [1., 1., 1., 1., 0., 1., 0., 1., 0., 1., 1., 0., 1., 0., 1., 0., 0.,
           1., 1.],
          [0., 1., 0., 0., 0., 0., 1., 1., 1., 1., 0., 0., 0., 1., 0., 0., 0.,
           1., 1.],
          [1., 1., 0., 1., 0., 1., 0., 0., 1., 1., 0., 0., 0., 1., 1., 1., 1.,
           0., 1.],
          [1., 1., 0., 1., 1., 0., 0., 1., 1., 1., 1., 1., 1., 0., 1., 0., 0.,
           1., 0.],
          [0., 0., 0., 0., 1., 1., 0., 0., 1., 1., 1., 1., 0., 0., 1., 0., 0.,
           1., 1.],
          [0., 1., 0., 1., 0., 1., 0., 1., 1., 0., 1., 0., 1., 0., 1., 1., 0.,
           0., 0.],
          [1., 0., 1., 0., 0., 1., 1., 0., 0., 1., 1., 0., 1., 1., 0., 1., 0.,
           1., 0.],
          [1., 0., 1., 1., 0., 1., 0., 1., 1., 0., 1., 0., 0., 0., 0., 0., 1.,
           1., 1.],
          [0., 0., 1., 0., 0., 1., 0., 0., 1., 0., 0., 0., 1., 0., 1., 0., 0.,
           1., 1.]]]], device='cuda:0'), tensor([[0.7324]], device='cuda:0'))
2026-01-07 17:24:59 - INFO - [ 0.96106935 -0.14718571  0.0201007   0.06575304  0.02010071  0.06575303
  0.74700713 -0.39679953]
2026-01-07 17:24:59 - INFO - {'S11_real': np.float32(0.96106935), 'S11_imag': np.float32(-0.14718571), 'S21_real': np.float32(0.020100702), 'S21_imag': np.float32(0.065753035), 'S12_real': np.float32(0.020100705), 'S12_imag': np.float32(0.06575303), 'S22_real': np.float32(0.74700713), 'S22_imag': np.float32(-0.39679953)}
2026-01-07 17:24:59 - INFO - (tensor([[[[0., 1., 1., 1., 0., 0., 0., 0., 1., 1., 0., 1., 1., 1., 1., 0., 1.,
           1., 1.],
          [1., 0., 0., 0., 0., 0., 1., 1., 1., 0., 0., 1., 0., 1., 1., 0., 1.,
           1., 1.],
          [0., 0., 0., 1., 0., 1., 1., 0., 0., 1., 0., 0., 1., 0., 1., 0., 0.,
           1., 1.],
          [1., 1., 0., 0., 0., 1., 0., 1., 1., 1., 0., 0., 1., 1., 1., 0., 1.,
           1., 1.],
          [0., 0., 1., 1., 1., 0., 0., 1., 0., 1., 0., 1., 0., 1., 1., 1., 0.,
           1., 1.],
          [1., 1., 0., 0., 1., 0., 1., 0., 1., 1., 1., 1., 1., 1., 0., 0., 0.,
           1., 0.],
          [1., 0., 1., 0., 1., 0., 1., 0., 1., 0., 0., 0., 0., 0., 0., 1., 0.,
           1., 0.],
          [1., 0., 1., 1., 1., 0., 0., 0., 1., 0., 1., 0., 1., 0., 0., 0., 1.,
           1., 0.],
          [0., 1., 1., 0., 0., 0., 1., 1., 0., 1., 0., 0., 1., 0., 0., 0., 1.,
           0., 1.],
          [1., 0., 1., 0., 1., 1., 0., 0., 1., 1., 0., 0., 1., 1., 0., 0., 1.,
           0., 1.],
          [0., 1., 0., 1., 1., 0., 1., 0., 0., 0., 0., 0., 1., 0., 0., 0., 1.,
           0., 0.],
          [1., 0., 0., 1., 1., 1., 1., 0., 1., 1., 1., 1., 0., 0., 0., 0., 0.,
           0., 1.],
          [0., 1., 0., 0., 1., 0., 0., 1., 0., 0., 0., 1., 1., 0., 1., 1., 1.,
           0., 1.],
          [0., 1., 0., 0., 1., 1., 0., 0., 1., 1., 0., 1., 1., 1., 0., 0., 0.,
           0., 1.],
          [1., 0., 0., 0., 1., 0., 1., 0., 1., 1., 1., 0., 0., 0., 0., 0., 1.,
           1., 0.],
          [0., 1., 1., 0., 0., 0., 0., 1., 0., 1., 0., 1., 0., 0., 1., 1., 1.,
           1., 0.],
          [1., 0., 0., 0., 0., 0., 0., 1., 0., 0., 1., 0., 1., 0., 0., 1., 1.,
           0., 1.],
          [0., 1., 1., 0., 1., 0., 0., 1., 1., 0., 1., 0., 1., 1., 1., 1., 1.,
           0., 0.],
          [1., 0., 0., 0., 0., 0., 1., 1., 1., 0., 0., 1., 1., 0., 0., 0., 0.,
           0., 0.]]]], device='cuda:0'), tensor([[0.7324]], device='cuda:0'))
2026-01-07 17:24:59 - INFO - [ 0.7176161  -0.40591142  0.00417845  0.02115691  0.00417846  0.02115692
  0.99696314 -0.0339317 ]
2026-01-07 17:24:59 - INFO - {'S11_real': np.float32(0.7176161), 'S11_imag': np.float32(-0.40591142), 'S21_real': np.float32(0.004178454), 'S21_imag': np.float32(0.021156905), 'S12_real': np.float32(0.0041784635), 'S12_imag': np.float32(0.021156916), 'S22_real': np.float32(0.99696314), 'S22_imag': np.float32(-0.033931702)}
2026-01-07 17:24:59 - INFO - (tensor([[[[1., 1., 1., 1., 0., 0., 1., 0., 1., 1., 1., 1., 1., 0., 0., 1., 1.,
           0., 1.],
          [0., 0., 1., 0., 1., 0., 0., 1., 0., 1., 1., 1., 1., 1., 0., 0., 0.,
           1., 0.],
          [0., 1., 1., 1., 1., 0., 0., 0., 0., 0., 1., 0., 1., 0., 1., 0., 0.,
           1., 1.],
          [1., 1., 0., 0., 1., 0., 1., 0., 1., 1., 0., 0., 0., 1., 0., 0., 1.,
           0., 1.],
          [0., 1., 1., 0., 0., 0., 1., 0., 1., 0., 1., 0., 0., 0., 1., 1., 1.,
           1., 0.],
          [1., 0., 0., 1., 0., 0., 0., 0., 0., 1., 1., 1., 0., 0., 1., 0., 1.,
           0., 0.],
          [1., 0., 0., 1., 1., 1., 1., 1., 1., 0., 0., 1., 0., 0., 1., 0., 0.,
           0., 1.],
          [0., 1., 1., 0., 0., 1., 1., 1., 0., 1., 1., 1., 1., 1., 0., 0., 0.,
           1., 1.],
          [0., 0., 0., 1., 1., 0., 0., 1., 1., 1., 0., 0., 1., 0., 0., 1., 1.,
           0., 1.],
          [1., 0., 1., 0., 0., 1., 1., 1., 1., 0., 0., 0., 0., 0., 1., 1., 1.,
           0., 1.],
          [0., 1., 1., 1., 1., 1., 0., 0., 0., 0., 0., 0., 1., 1., 1., 0., 0.,
           0., 1.],
          [1., 1., 1., 1., 1., 0., 0., 1., 1., 0., 1., 0., 1., 1., 1., 1., 0.,
           0., 1.],
          [0., 1., 0., 0., 1., 0., 1., 0., 1., 0., 1., 0., 1., 1., 0., 0., 0.,
           1., 1.],
          [0., 0., 0., 1., 0., 1., 1., 1., 1., 1., 1., 1., 1., 1., 0., 0., 1.,
           0., 0.],
          [0., 1., 1., 0., 1., 1., 1., 1., 0., 0., 0., 0., 1., 1., 1., 1., 1.,
           1., 1.],
          [1., 1., 1., 0., 0., 1., 1., 1., 0., 1., 0., 1., 0., 1., 0., 1., 0.,
           1., 1.],
          [1., 0., 0., 0., 0., 1., 1., 1., 0., 1., 0., 0., 0., 1., 0., 0., 0.,
           0., 0.],
          [1., 0., 0., 0., 0., 1., 0., 1., 0., 0., 0., 1., 1., 0., 1., 1., 1.,
           0., 1.],
          [1., 1., 1., 1., 1., 0., 0., 1., 1., 0., 1., 0., 1., 0., 0., 1., 1.,
           1., 0.]]]], device='cuda:0'), tensor([[0.7324]], device='cuda:0'))
2026-01-07 17:24:59 - INFO - [ 0.998619   -0.03314822  0.00467888  0.02134797  0.00467888  0.02134798
  0.701259   -0.41886523]
2026-01-07 17:24:59 - INFO - {'S11_real': np.float32(0.998619), 'S11_imag': np.float32(-0.03314822), 'S21_real': np.float32(0.0046788775), 'S21_imag': np.float32(0.021347973), 'S12_real': np.float32(0.004678883), 'S12_imag': np.float32(0.021347985), 'S22_real': np.float32(0.701259), 'S22_imag': np.float32(-0.41886523)}
2026-01-07 17:24:59 - INFO - (tensor([[[[0., 0., 0., 0., 1., 0., 0., 1., 1., 0., 0., 1., 1., 0., 0., 1., 1.,
           1., 0.],
          [0., 0., 1., 0., 0., 1., 0., 0., 1., 1., 1., 0., 0., 0., 0., 1., 0.,
           1., 0.],
          [1., 1., 0., 0., 1., 1., 0., 1., 0., 0., 0., 0., 1., 1., 1., 1., 1.,
           1., 0.],
          [0., 1., 0., 0., 1., 0., 0., 0., 0., 0., 0., 1., 0., 1., 0., 0., 1.,
           0., 1.],
          [0., 1., 1., 0., 0., 1., 1., 0., 0., 0., 1., 0., 1., 1., 0., 1., 1.,
           1., 0.],
          [1., 0., 0., 1., 0., 0., 0., 0., 0., 1., 0., 0., 0., 1., 0., 0., 1.,
           0., 1.],
          [0., 0., 0., 1., 1., 1., 0., 1., 1., 1., 0., 1., 1., 1., 1., 0., 1.,
           1., 0.],
          [1., 1., 0., 0., 1., 0., 1., 0., 1., 0., 0., 0., 1., 0., 1., 1., 0.,
           1., 1.],
          [1., 1., 1., 1., 0., 1., 1., 0., 0., 0., 1., 0., 1., 0., 1., 1., 0.,
           1., 0.],
          [1., 0., 1., 0., 0., 0., 1., 1., 0., 1., 1., 0., 0., 0., 1., 1., 0.,
           0., 1.],
          [0., 1., 0., 0., 0., 0., 0., 1., 0., 0., 1., 0., 0., 0., 0., 0., 1.,
           1., 0.],
          [1., 0., 1., 0., 0., 0., 1., 1., 1., 1., 1., 1., 0., 0., 1., 0., 0.,
           0., 1.],
          [1., 1., 0., 1., 0., 0., 0., 0., 0., 0., 1., 0., 0., 0., 0., 1., 0.,
           1., 0.],
          [1., 1., 1., 0., 1., 0., 1., 1., 0., 1., 0., 0., 0., 1., 1., 1., 1.,
           1., 0.],
          [1., 0., 1., 1., 0., 0., 0., 1., 1., 0., 0., 1., 0., 0., 0., 1., 1.,
           1., 0.],
          [0., 1., 1., 0., 1., 0., 1., 1., 1., 1., 1., 1., 0., 0., 0., 1., 1.,
           1., 0.],
          [1., 0., 1., 0., 0., 0., 1., 0., 1., 0., 0., 1., 0., 0., 1., 0., 0.,
           0., 0.],
          [0., 0., 1., 0., 0., 1., 0., 1., 0., 0., 0., 1., 1., 0., 0., 0., 1.,
           1., 0.],
          [1., 1., 1., 1., 0., 1., 0., 0., 1., 1., 1., 1., 1., 0., 0., 0., 0.,
           1., 1.]]]], device='cuda:0'), tensor([[0.7324]], device='cuda:0'))
2026-01-07 17:24:59 - INFO - [ 0.85302746 -0.3228265   0.03799528  0.0988116   0.03799528  0.0988116
  0.8614162  -0.31165785]
2026-01-07 17:24:59 - INFO - {'S11_real': np.float32(0.85302746), 'S11_imag': np.float32(-0.3228265), 'S21_real': np.float32(0.03799528), 'S21_imag': np.float32(0.098811604), 'S12_real': np.float32(0.03799528), 'S12_imag': np.float32(0.0988116), 'S22_real': np.float32(0.8614162), 'S22_imag': np.float32(-0.31165785)}
2026-01-07 17:24:59 - INFO - (tensor([[[[1., 1., 0., 0., 1., 0., 0., 1., 1., 0., 1., 1., 1., 0., 1., 0., 1.,
           1., 1.],
          [0., 0., 1., 1., 0., 1., 0., 1., 0., 1., 0., 1., 1., 1., 1., 1., 1.,
           0., 1.],
          [1., 1., 1., 0., 0., 1., 1., 1., 1., 1., 1., 0., 0., 0., 0., 1., 1.,
           0., 0.],
          [1., 0., 0., 1., 0., 1., 0., 1., 1., 1., 0., 0., 0., 0., 1., 0., 1.,
           0., 1.],
          [1., 1., 0., 0., 1., 0., 1., 0., 0., 0., 0., 1., 0., 0., 0., 1., 1.,
           1., 1.],
          [1., 1., 0., 1., 1., 0., 0., 0., 0., 1., 1., 1., 1., 0., 1., 1., 0.,
           0., 0.],
          [1., 1., 0., 0., 1., 1., 0., 1., 1., 1., 0., 0., 0., 0., 0., 1., 0.,
           1., 1.],
          [0., 0., 0., 0., 0., 1., 0., 1., 0., 0., 1., 0., 0., 1., 0., 0., 0.,
           0., 0.],
          [1., 1., 0., 1., 1., 0., 0., 1., 1., 1., 0., 1., 1., 1., 0., 1., 0.,
           0., 0.],
          [1., 0., 0., 1., 0., 0., 0., 0., 0., 0., 1., 1., 0., 0., 1., 1., 0.,
           0., 1.],
          [1., 1., 1., 0., 1., 0., 0., 0., 1., 1., 0., 0., 0., 1., 1., 0., 0.,
           1., 0.],
          [0., 1., 1., 1., 0., 0., 1., 1., 0., 1., 1., 1., 0., 1., 0., 1., 0.,
           0., 1.],
          [0., 0., 1., 0., 1., 1., 0., 0., 0., 0., 1., 1., 1., 0., 1., 1., 1.,
           0., 0.],
          [0., 0., 1., 0., 1., 0., 1., 0., 1., 1., 0., 0., 0., 0., 0., 0., 0.,
           0., 1.],
          [1., 0., 1., 1., 0., 0., 1., 0., 1., 0., 1., 0., 1., 0., 1., 1., 0.,
           1., 1.],
          [0., 1., 1., 1., 0., 1., 0., 1., 0., 1., 0., 1., 1., 0., 1., 1., 1.,
           0., 0.],
          [1., 0., 1., 0., 0., 0., 1., 1., 0., 0., 0., 0., 1., 0., 0., 0., 0.,
           1., 1.],
          [1., 1., 0., 1., 1., 0., 1., 1., 1., 1., 1., 1., 0., 0., 0., 0., 1.,
           1., 1.],
          [1., 1., 0., 0., 0., 1., 0., 1., 0., 0., 1., 0., 1., 0., 1., 0., 1.,
           0., 1.]]]], device='cuda:0'), tensor([[0.7324]], device='cuda:0'))
2026-01-07 17:24:59 - INFO - [ 0.7737233  -0.3586774   0.00104364  0.01202643  0.00104364  0.01202643
  0.9982268  -0.02921116]
2026-01-07 17:24:59 - INFO - {'S11_real': np.float32(0.7737233), 'S11_imag': np.float32(-0.3586774), 'S21_real': np.float32(0.0010436444), 'S21_imag': np.float32(0.012026426), 'S12_real': np.float32(0.0010436369), 'S12_imag': np.float32(0.01202643), 'S22_real': np.float32(0.9982268), 'S22_imag': np.float32(-0.029211162)}
2026-01-07 17:24:59 - INFO - (tensor([[[[0., 1., 1., 0., 1., 1., 1., 1., 1., 0., 0., 0., 1., 1., 1., 1., 1.,
           0., 1.],
          [0., 0., 1., 1., 0., 0., 1., 1., 0., 0., 0., 0., 0., 1., 1., 1., 0.,
           1., 1.],
          [1., 0., 1., 1., 0., 1., 0., 0., 0., 0., 0., 1., 1., 1., 1., 0., 1.,
           1., 0.],
          [0., 0., 1., 0., 0., 0., 0., 1., 1., 0., 1., 1., 0., 0., 1., 0., 1.,
           0., 1.],
          [1., 1., 1., 0., 0., 1., 0., 0., 1., 1., 1., 1., 1., 1., 1., 0., 0.,
           1., 0.],
          [1., 1., 0., 1., 0., 1., 1., 0., 1., 1., 1., 1., 0., 0., 0., 0., 0.,
           0., 1.],
          [0., 0., 1., 0., 1., 1., 0., 1., 1., 0., 1., 0., 1., 1., 1., 0., 1.,
           0., 0.],
          [0., 1., 1., 1., 0., 0., 0., 0., 1., 0., 0., 1., 1., 0., 1., 0., 1.,
           1., 1.],
          [0., 1., 0., 0., 1., 0., 0., 1., 1., 0., 0., 0., 0., 1., 0., 1., 0.,
           0., 1.],
          [1., 1., 0., 1., 0., 0., 1., 0., 0., 0., 1., 0., 0., 0., 0., 1., 1.,
           0., 1.],
          [0., 0., 1., 1., 1., 1., 1., 1., 0., 0., 0., 1., 0., 0., 0., 1., 1.,
           0., 0.],
          [1., 1., 0., 1., 1., 0., 0., 0., 1., 0., 0., 1., 1., 0., 0., 0., 1.,
           1., 0.],
          [0., 1., 1., 0., 1., 1., 0., 1., 1., 1., 1., 0., 1., 1., 0., 1., 0.,
           1., 1.],
          [1., 0., 1., 0., 0., 1., 1., 0., 0., 0., 0., 0., 0., 0., 0., 0., 1.,
           0., 0.],
          [0., 0., 1., 0., 1., 1., 1., 1., 0., 1., 0., 0., 0., 1., 1., 0., 1.,
           1., 1.],
          [0., 1., 0., 1., 1., 1., 0., 1., 0., 0., 1., 1., 0., 0., 1., 1., 1.,
           0., 1.],
          [1., 0., 0., 1., 0., 0., 1., 1., 0., 0., 1., 1., 0., 0., 1., 1., 0.,
           0., 1.],
          [1., 1., 1., 0., 0., 1., 1., 0., 1., 0., 1., 1., 0., 0., 0., 1., 1.,
           0., 0.],
          [1., 0., 1., 0., 0., 1., 1., 0., 1., 1., 1., 0., 0., 1., 1., 0., 1.,
           0., 0.]]]], device='cuda:0'), tensor([[0.7324]], device='cuda:0'))
2026-01-07 17:24:59 - INFO - [ 0.40690434 -0.187504    0.72153807 -0.12818618  0.72153807 -0.12818617
  0.77221    -0.03130233]
2026-01-07 17:24:59 - INFO - {'S11_real': np.float32(0.40690434), 'S11_imag': np.float32(-0.187504), 'S21_real': np.float32(0.72153807), 'S21_imag': np.float32(-0.12818618), 'S12_real': np.float32(0.72153807), 'S12_imag': np.float32(-0.12818617), 'S22_real': np.float32(0.77221), 'S22_imag': np.float32(-0.03130233)}
2026-01-07 17:24:59 - INFO - (tensor([[[[0., 0., 0., 1., 1., 1., 0., 0., 1., 1., 0., 0., 1., 1., 0., 0., 0.,
           0., 0.],
          [1., 0., 1., 0., 0., 0., 0., 0., 0., 1., 0., 0., 0., 0., 0., 0., 0.,
           1., 1.],
          [1., 1., 1., 1., 1., 1., 0., 1., 1., 1., 1., 0., 1., 0., 1., 1., 0.,
           0., 0.],
          [1., 0., 0., 0., 0., 0., 0., 0., 1., 0., 1., 0., 1., 0., 0., 1., 1.,
           1., 0.],
          [1., 0., 0., 0., 0., 0., 0., 0., 1., 0., 0., 0., 1., 1., 1., 0., 0.,
           1., 0.],
          [1., 1., 0., 1., 0., 1., 0., 1., 1., 0., 1., 1., 1., 0., 1., 0., 1.,
           1., 1.],
          [0., 1., 0., 1., 0., 1., 1., 1., 1., 0., 1., 0., 0., 0., 1., 0., 0.,
           0., 0.],
          [0., 1., 1., 1., 1., 1., 0., 1., 1., 0., 1., 1., 0., 1., 1., 1., 1.,
           0., 1.],
          [1., 1., 0., 1., 1., 1., 1., 0., 0., 0., 0., 0., 0., 1., 1., 1., 1.,
           0., 1.],
          [1., 0., 1., 0., 1., 0., 0., 0., 1., 1., 1., 0., 0., 0., 0., 1., 1.,
           1., 1.],
          [1., 0., 0., 0., 1., 0., 0., 1., 0., 0., 1., 0., 0., 1., 0., 0., 1.,
           0., 0.],
          [0., 0., 1., 1., 1., 1., 1., 0., 0., 0., 0., 1., 0., 1., 0., 1., 0.,
           1., 1.],
          [1., 0., 0., 1., 1., 0., 1., 0., 1., 0., 1., 1., 1., 1., 0., 0., 0.,
           0., 1.],
          [0., 0., 0., 1., 0., 0., 0., 0., 1., 0., 1., 0., 1., 1., 0., 0., 0.,
           1., 1.],
          [0., 1., 0., 0., 0., 0., 0., 1., 1., 0., 1., 1., 1., 0., 0., 0., 1.,
           1., 0.],
          [1., 1., 0., 1., 1., 1., 0., 0., 1., 1., 1., 1., 1., 1., 1., 1., 0.,
           0., 1.],
          [1., 1., 0., 1., 1., 1., 0., 0., 1., 1., 1., 0., 0., 1., 1., 0., 0.,
           0., 1.],
          [0., 0., 0., 1., 1., 1., 0., 0., 1., 0., 1., 0., 1., 1., 1., 0., 1.,
           1., 0.],
          [0., 0., 0., 1., 1., 1., 0., 1., 0., 1., 0., 0., 0., 0., 0., 1., 0.,
           0., 1.]]]], device='cuda:0'), tensor([[0.7324]], device='cuda:0'))
2026-01-07 17:24:59 - INFO - [ 0.90330243 -0.25206023  0.00558814  0.04429766  0.00558814  0.04429765
  0.9619296  -0.15011293]
2026-01-07 17:24:59 - INFO - {'S11_real': np.float32(0.90330243), 'S11_imag': np.float32(-0.25206023), 'S21_real': np.float32(0.0055881445), 'S21_imag': np.float32(0.044297658), 'S12_real': np.float32(0.0055881427), 'S12_imag': np.float32(0.044297654), 'S22_real': np.float32(0.9619296), 'S22_imag': np.float32(-0.15011293)}
2026-01-07 17:24:59 - INFO - (tensor([[[[0., 1., 1., 0., 1., 0., 0., 0., 1., 0., 1., 0., 0., 0., 0., 1., 0.,
           0., 0.],
          [0., 0., 0., 1., 1., 1., 0., 0., 0., 1., 1., 0., 1., 1., 0., 0., 1.,
           1., 0.],
          [1., 1., 0., 0., 1., 1., 0., 0., 0., 1., 1., 0., 1., 1., 0., 1., 1.,
           1., 1.],
          [0., 1., 0., 1., 1., 0., 1., 1., 1., 1., 1., 1., 1., 0., 0., 0., 1.,
           0., 1.],
          [1., 0., 1., 0., 0., 0., 0., 1., 0., 0., 1., 0., 1., 0., 0., 1., 0.,
           0., 1.],
          [0., 0., 1., 0., 1., 1., 0., 1., 0., 1., 0., 0., 1., 1., 0., 0., 0.,
           0., 1.],
          [1., 0., 0., 0., 1., 0., 0., 1., 0., 0., 1., 0., 0., 1., 0., 1., 1.,
           1., 0.],
          [1., 1., 0., 0., 0., 1., 0., 0., 1., 1., 1., 0., 1., 0., 1., 0., 1.,
           1., 0.],
          [1., 1., 1., 1., 1., 0., 1., 1., 1., 1., 0., 0., 0., 0., 0., 0., 1.,
           1., 1.],
          [1., 0., 0., 0., 0., 0., 0., 0., 1., 0., 0., 1., 0., 1., 0., 1., 1.,
           0., 1.],
          [1., 1., 1., 0., 1., 1., 0., 0., 1., 1., 0., 0., 1., 0., 1., 1., 0.,
           1., 0.],
          [0., 0., 0., 1., 1., 1., 1., 1., 0., 1., 1., 0., 0., 0., 0., 1., 0.,
           1., 0.],
          [0., 0., 1., 1., 1., 0., 1., 0., 1., 0., 1., 1., 0., 0., 1., 1., 1.,
           0., 0.],
          [1., 1., 1., 0., 0., 0., 0., 0., 0., 0., 0., 1., 1., 0., 0., 0., 0.,
           1., 1.],
          [1., 1., 1., 0., 0., 0., 0., 1., 1., 1., 0., 1., 0., 1., 1., 1., 0.,
           1., 0.],
          [0., 0., 1., 1., 1., 1., 0., 1., 0., 0., 1., 0., 0., 1., 0., 1., 1.,
           0., 1.],
          [0., 1., 1., 1., 1., 1., 0., 1., 0., 1., 0., 0., 0., 0., 0., 1., 0.,
           0., 0.],
          [1., 1., 1., 1., 0., 1., 1., 1., 0., 1., 0., 1., 0., 1., 0., 0., 0.,
           1., 0.],
          [1., 1., 0., 0., 1., 1., 0., 1., 0., 0., 1., 1., 1., 0., 1., 0., 0.,
           0., 1.]]]], device='cuda:0'), tensor([[0.7324]], device='cuda:0'))
2026-01-07 17:24:59 - INFO - [-0.04860486  0.00951195  0.91350937 -0.23921071  0.91350937 -0.23921071
 -0.0424775   0.00425582]
2026-01-07 17:24:59 - INFO - {'S11_real': np.float32(-0.048604865), 'S11_imag': np.float32(0.009511948), 'S21_real': np.float32(0.91350937), 'S21_imag': np.float32(-0.23921071), 'S12_real': np.float32(0.91350937), 'S12_imag': np.float32(-0.23921071), 'S22_real': np.float32(-0.042477496), 'S22_imag': np.float32(0.0042558205)}
2026-01-07 17:24:59 - INFO - (tensor([[[[1., 1., 0., 1., 0., 1., 1., 0., 0., 0., 1., 0., 1., 1., 1., 1., 0.,
           1., 0.],
          [1., 0., 1., 1., 1., 0., 1., 0., 0., 0., 0., 0., 1., 1., 0., 1., 1.,
           0., 0.],
          [0., 0., 1., 1., 0., 1., 0., 0., 1., 0., 1., 1., 1., 1., 1., 1., 0.,
           1., 1.],
          [1., 0., 1., 0., 1., 1., 0., 0., 1., 1., 1., 0., 1., 1., 1., 1., 1.,
           0., 0.],
          [1., 1., 0., 0., 1., 0., 1., 1., 1., 0., 1., 0., 0., 0., 0., 0., 0.,
           0., 0.],
          [0., 0., 0., 0., 1., 0., 1., 0., 1., 0., 0., 1., 0., 1., 0., 0., 0.,
           1., 1.],
          [1., 0., 1., 0., 0., 1., 1., 0., 0., 0., 1., 1., 1., 1., 1., 1., 0.,
           1., 1.],
          [0., 0., 0., 1., 0., 1., 1., 0., 1., 0., 1., 0., 1., 1., 0., 0., 1.,
           1., 1.],
          [0., 0., 0., 0., 1., 1., 1., 1., 0., 0., 0., 0., 1., 1., 0., 1., 1.,
           1., 0.],
          [1., 0., 0., 1., 0., 0., 0., 0., 0., 0., 0., 0., 0., 0., 1., 1., 0.,
           0., 1.],
          [0., 0., 1., 1., 1., 0., 1., 1., 1., 0., 1., 1., 0., 0., 0., 0., 0.,
           0., 0.],
          [1., 1., 0., 1., 1., 0., 1., 1., 1., 1., 1., 1., 1., 0., 0., 1., 1.,
           0., 1.],
          [0., 1., 1., 0., 0., 1., 1., 0., 1., 1., 1., 0., 1., 0., 1., 1., 1.,
           1., 0.],
          [0., 1., 1., 1., 0., 1., 0., 0., 1., 0., 1., 0., 1., 0., 1., 0., 0.,
           1., 1.],
          [0., 0., 0., 0., 0., 1., 0., 0., 0., 0., 1., 1., 0., 0., 0., 0., 1.,
           1., 1.],
          [0., 0., 0., 0., 1., 0., 0., 1., 0., 0., 0., 0., 1., 1., 0., 1., 0.,
           1., 1.],
          [1., 0., 0., 0., 0., 1., 1., 0., 1., 1., 1., 0., 0., 1., 0., 0., 1.,
           0., 1.],
          [0., 0., 1., 0., 0., 1., 0., 0., 1., 1., 1., 1., 1., 1., 1., 1., 0.,
           0., 1.],
          [0., 1., 1., 0., 1., 0., 1., 1., 0., 1., 1., 0., 1., 1., 0., 1., 1.,
           0., 1.]]]], device='cuda:0'), tensor([[0.7324]], device='cuda:0'))
2026-01-07 17:24:59 - INFO - [ 9.9755245e-01 -3.6522388e-02 -3.0588452e-04  6.0229370e-04
 -3.0588079e-04  6.0229743e-04  9.9717122e-01 -3.3031728e-02]
2026-01-07 17:24:59 - INFO - {'S11_real': np.float32(0.99755245), 'S11_imag': np.float32(-0.03652239), 'S21_real': np.float32(-0.00030588452), 'S21_imag': np.float32(0.0006022937), 'S12_real': np.float32(-0.0003058808), 'S12_imag': np.float32(0.0006022974), 'S22_real': np.float32(0.9971712), 'S22_imag': np.float32(-0.033031728)}
2026-01-07 17:24:59 - INFO - (tensor([[[[1., 1., 1., 1., 0., 0., 1., 1., 1., 1., 0., 1., 0., 1., 1., 1., 1.,
           1., 1.],
          [0., 0., 0., 1., 1., 0., 0., 0., 1., 1., 1., 0., 1., 1., 0., 0., 0.,
           1., 0.],
          [1., 1., 1., 1., 1., 0., 0., 0., 0., 1., 0., 1., 0., 1., 1., 1., 0.,
           1., 0.],
          [1., 1., 1., 0., 1., 0., 0., 0., 1., 1., 0., 0., 1., 1., 1., 1., 1.,
           0., 1.],
          [0., 1., 1., 1., 0., 0., 0., 0., 1., 1., 1., 1., 1., 0., 1., 0., 0.,
           0., 0.],
          [0., 0., 1., 1., 1., 1., 0., 1., 0., 0., 1., 0., 1., 1., 1., 1., 1.,
           1., 1.],
          [1., 0., 1., 0., 0., 1., 1., 1., 1., 1., 0., 1., 1., 0., 0., 0., 0.,
           0., 1.],
          [1., 0., 0., 1., 0., 0., 0., 0., 1., 0., 0., 0., 0., 0., 1., 1., 1.,
           1., 1.],
          [0., 0., 1., 1., 0., 1., 1., 1., 1., 0., 1., 1., 1., 1., 0., 0., 0.,
           0., 1.],
          [1., 1., 0., 0., 1., 1., 0., 0., 1., 1., 1., 1., 1., 1., 1., 1., 0.,
           1., 1.],
          [0., 1., 1., 1., 0., 1., 0., 1., 0., 0., 1., 0., 0., 0., 0., 0., 1.,
           1., 1.],
          [0., 1., 0., 0., 0., 0., 0., 0., 1., 0., 1., 1., 0., 0., 0., 1., 0.,
           0., 1.],
          [1., 0., 0., 1., 0., 1., 0., 1., 0., 1., 0., 1., 1., 0., 1., 0., 1.,
           1., 0.],
          [1., 0., 0., 0., 0., 1., 0., 1., 1., 1., 1., 0., 0., 0., 0., 1., 1.,
           0., 1.],
          [0., 1., 0., 1., 0., 0., 1., 1., 1., 1., 1., 0., 1., 0., 1., 0., 1.,
           1., 0.],
          [1., 1., 0., 0., 0., 0., 0., 0., 0., 0., 1., 0., 1., 1., 0., 1., 1.,
           1., 1.],
          [1., 1., 0., 1., 1., 1., 0., 1., 0., 0., 1., 1., 0., 0., 1., 0., 0.,
           0., 1.],
          [1., 1., 1., 1., 0., 1., 0., 1., 0., 0., 1., 1., 0., 1., 0., 0., 0.,
           1., 0.],
          [0., 1., 0., 0., 0., 1., 1., 1., 0., 1., 1., 1., 1., 0., 1., 0., 0.,
           1., 1.]]]], device='cuda:0'), tensor([[0.7324]], device='cuda:0'))
2026-01-07 17:24:59 - INFO - [-5.1362991e-02 -5.6869903e-04  9.1925764e-01 -2.2646044e-01
  9.1925764e-01 -2.2646044e-01 -4.4063207e-02 -6.6548348e-03]
2026-01-07 17:24:59 - INFO - {'S11_real': np.float32(-0.05136299), 'S11_imag': np.float32(-0.00056869903), 'S21_real': np.float32(0.91925764), 'S21_imag': np.float32(-0.22646044), 'S12_real': np.float32(0.91925764), 'S12_imag': np.float32(-0.22646044), 'S22_real': np.float32(-0.044063207), 'S22_imag': np.float32(-0.006654835)}
2026-01-07 17:24:59 - INFO - (tensor([[[[1., 0., 0., 0., 1., 1., 0., 0., 1., 1., 0., 0., 0., 1., 1., 0., 1.,
           0., 0.],
          [0., 0., 0., 0., 0., 1., 0., 1., 0., 0., 0., 0., 0., 0., 1., 0., 0.,
           1., 1.],
          [1., 0., 0., 1., 1., 0., 1., 0., 1., 0., 0., 1., 0., 1., 0., 1., 1.,
           1., 1.],
          [1., 0., 1., 0., 0., 1., 0., 0., 0., 1., 0., 0., 0., 1., 1., 1., 1.,
           1., 1.],
          [1., 1., 1., 1., 0., 1., 0., 0., 0., 0., 0., 0., 1., 0., 0., 1., 0.,
           0., 1.],
          [0., 1., 1., 0., 0., 0., 0., 1., 1., 1., 0., 0., 0., 0., 0., 1., 1.,
           1., 1.],
          [1., 0., 1., 1., 1., 0., 0., 1., 0., 0., 1., 0., 0., 0., 1., 1., 1.,
           0., 1.],
          [0., 0., 1., 1., 0., 0., 1., 1., 0., 0., 1., 0., 0., 0., 0., 1., 1.,
           1., 0.],
          [0., 1., 0., 0., 0., 1., 0., 0., 1., 1., 1., 0., 1., 0., 1., 1., 1.,
           1., 0.],
          [1., 0., 1., 0., 1., 1., 0., 1., 1., 1., 1., 1., 0., 0., 1., 1., 0.,
           1., 1.],
          [0., 1., 1., 1., 0., 0., 1., 1., 0., 0., 0., 0., 1., 0., 1., 0., 0.,
           0., 0.],
          [1., 1., 1., 0., 1., 1., 1., 1., 0., 0., 0., 0., 1., 0., 0., 0., 1.,
           0., 0.],
          [0., 0., 1., 1., 1., 0., 0., 1., 0., 1., 1., 0., 1., 1., 0., 0., 0.,
           1., 0.],
          [0., 0., 0., 0., 0., 0., 0., 0., 0., 1., 1., 1., 1., 0., 0., 1., 0.,
           0., 0.],
          [0., 0., 1., 1., 1., 1., 1., 1., 1., 1., 1., 0., 0., 0., 1., 1., 1.,
           1., 1.],
          [1., 1., 0., 0., 1., 1., 0., 1., 0., 1., 0., 0., 1., 1., 1., 1., 0.,
           0., 0.],
          [1., 0., 0., 1., 1., 0., 0., 0., 1., 0., 1., 1., 1., 0., 1., 0., 1.,
           0., 0.],
          [0., 0., 1., 0., 1., 1., 1., 1., 1., 0., 1., 0., 0., 0., 0., 1., 1.,
           1., 0.],
          [0., 1., 1., 0., 1., 0., 0., 1., 1., 0., 0., 1., 1., 1., 1., 0., 0.,
           0., 0.]]]], device='cuda:0'), tensor([[0.7324]], device='cuda:0'))
2026-01-07 17:24:59 - INFO - [ 0.7714329  -0.3768458   0.02986321  0.08054056  0.02986321  0.08054055
  0.91572464 -0.22045705]
2026-01-07 17:24:59 - INFO - {'S11_real': np.float32(0.7714329), 'S11_imag': np.float32(-0.3768458), 'S21_real': np.float32(0.029863207), 'S21_imag': np.float32(0.08054056), 'S12_real': np.float32(0.02986321), 'S12_imag': np.float32(0.08054055), 'S22_real': np.float32(0.91572464), 'S22_imag': np.float32(-0.22045705)}
2026-01-07 17:24:59 - INFO - (tensor([[[[0., 1., 0., 0., 1., 0., 1., 1., 0., 0., 0., 0., 1., 1., 1., 0., 1.,
           0., 1.],
          [1., 0., 1., 0., 1., 1., 0., 1., 1., 1., 0., 0., 0., 0., 1., 1., 0.,
           0., 1.],
          [0., 0., 0., 0., 1., 1., 0., 0., 1., 1., 0., 1., 1., 1., 1., 1., 1.,
           0., 1.],
          [1., 0., 0., 0., 0., 0., 0., 0., 0., 0., 1., 0., 0., 1., 1., 0., 0.,
           1., 0.],
          [0., 0., 0., 0., 0., 0., 0., 1., 1., 0., 0., 0., 0., 0., 0., 1., 1.,
           1., 0.],
          [0., 0., 1., 1., 1., 0., 1., 1., 1., 1., 0., 0., 0., 1., 1., 1., 0.,
           0., 0.],
          [0., 1., 1., 0., 1., 0., 0., 0., 0., 0., 0., 1., 0., 1., 0., 0., 0.,
           0., 1.],
          [0., 1., 0., 0., 1., 1., 1., 1., 0., 1., 1., 1., 0., 1., 0., 1., 0.,
           1., 1.],
          [0., 0., 0., 0., 1., 1., 1., 1., 1., 1., 1., 0., 0., 1., 1., 0., 1.,
           0., 1.],
          [1., 0., 0., 0., 0., 0., 0., 0., 1., 0., 0., 1., 1., 1., 1., 1., 1.,
           0., 1.],
          [1., 1., 1., 1., 0., 1., 0., 0., 0., 0., 1., 0., 1., 0., 1., 1., 1.,
           0., 1.],
          [0., 0., 1., 0., 1., 1., 1., 0., 1., 1., 0., 0., 0., 0., 1., 0., 0.,
           0., 0.],
          [1., 0., 0., 1., 0., 1., 0., 1., 1., 0., 1., 1., 1., 1., 1., 0., 0.,
           0., 0.],
          [1., 0., 0., 0., 0., 1., 1., 0., 0., 1., 0., 0., 0., 0., 0., 0., 1.,
           1., 1.],
          [0., 1., 0., 1., 1., 1., 1., 1., 0., 1., 0., 0., 1., 0., 0., 1., 0.,
           1., 1.],
          [1., 1., 1., 0., 1., 1., 0., 0., 0., 1., 1., 1., 0., 1., 0., 0., 1.,
           1., 0.],
          [1., 1., 0., 0., 1., 1., 0., 1., 0., 0., 1., 1., 0., 1., 0., 0., 0.,
           1., 0.],
          [1., 0., 0., 0., 1., 1., 1., 1., 1., 1., 1., 1., 1., 1., 1., 0., 0.,
           1., 0.],
          [1., 0., 0., 1., 0., 0., 1., 0., 1., 1., 0., 1., 1., 1., 0., 0., 0.,
           0., 0.]]]], device='cuda:0'), tensor([[0.7324]], device='cuda:0'))
2026-01-07 17:24:59 - INFO - [ 0.79115164 -0.35296163  0.00504775  0.03193627  0.00504776  0.03193627
  0.9883231  -0.07445361]
2026-01-07 17:24:59 - INFO - {'S11_real': np.float32(0.79115164), 'S11_imag': np.float32(-0.35296163), 'S21_real': np.float32(0.0050477544), 'S21_imag': np.float32(0.03193627), 'S12_real': np.float32(0.0050477637), 'S12_imag': np.float32(0.031936273), 'S22_real': np.float32(0.9883231), 'S22_imag': np.float32(-0.07445361)}
2026-01-07 17:24:59 - INFO - (tensor([[[[1., 1., 0., 0., 1., 0., 1., 0., 0., 1., 0., 1., 1., 1., 1., 1., 1.,
           0., 1.],
          [1., 0., 1., 0., 1., 1., 1., 1., 0., 0., 0., 0., 0., 0., 0., 0., 0.,
           1., 0.],
          [1., 0., 1., 0., 1., 0., 0., 0., 1., 0., 1., 1., 1., 0., 1., 1., 1.,
           1., 1.],
          [1., 1., 1., 1., 0., 1., 1., 1., 1., 0., 0., 0., 1., 0., 0., 1., 1.,
           1., 1.],
          [0., 1., 1., 0., 0., 1., 0., 1., 1., 1., 1., 1., 0., 0., 0., 0., 0.,
           1., 1.],
          [1., 0., 0., 0., 0., 1., 1., 0., 0., 1., 0., 1., 0., 0., 0., 0., 0.,
           0., 1.],
          [1., 0., 0., 1., 1., 1., 0., 0., 1., 0., 1., 0., 1., 0., 1., 1., 0.,
           1., 1.],
          [1., 1., 0., 1., 0., 1., 1., 0., 1., 0., 1., 1., 1., 1., 0., 1., 1.,
           1., 1.],
          [0., 1., 0., 1., 0., 1., 0., 1., 0., 0., 1., 1., 1., 0., 0., 1., 0.,
           1., 0.],
          [1., 0., 1., 0., 1., 0., 1., 0., 1., 1., 0., 1., 0., 1., 0., 1., 0.,
           1., 1.],
          [0., 0., 1., 1., 0., 0., 0., 1., 0., 0., 0., 1., 0., 0., 0., 0., 1.,
           1., 0.],
          [0., 1., 1., 1., 1., 1., 1., 0., 0., 0., 0., 1., 0., 1., 1., 1., 0.,
           1., 0.],
          [1., 0., 1., 0., 1., 1., 0., 1., 0., 0., 1., 0., 0., 0., 1., 1., 0.,
           0., 1.],
          [1., 0., 1., 0., 0., 1., 0., 0., 1., 1., 1., 0., 1., 0., 0., 0., 0.,
           1., 1.],
          [0., 0., 1., 0., 0., 0., 0., 0., 1., 1., 1., 1., 0., 1., 0., 0., 1.,
           1., 0.],
          [1., 0., 0., 0., 1., 0., 1., 1., 1., 0., 0., 0., 1., 0., 0., 1., 0.,
           0., 1.],
          [0., 0., 0., 0., 0., 1., 0., 0., 0., 0., 0., 0., 1., 1., 1., 0., 0.,
           0., 1.],
          [1., 1., 1., 1., 0., 1., 1., 1., 1., 1., 0., 0., 1., 0., 1., 0., 1.,
           1., 1.],
          [0., 1., 0., 1., 1., 0., 1., 0., 1., 0., 0., 1., 1., 1., 1., 0., 0.,
           0., 0.]]]], device='cuda:0'), tensor([[0.7324]], device='cuda:0'))
2026-01-07 17:24:59 - INFO - [ 0.9971501  -0.0354086   0.00546918  0.02422716  0.00546918  0.02422716
  0.70191926 -0.42112577]
2026-01-07 17:24:59 - INFO - {'S11_real': np.float32(0.9971501), 'S11_imag': np.float32(-0.0354086), 'S21_real': np.float32(0.0054691774), 'S21_imag': np.float32(0.024227161), 'S12_real': np.float32(0.0054691755), 'S12_imag': np.float32(0.024227157), 'S22_real': np.float32(0.70191926), 'S22_imag': np.float32(-0.42112577)}
2026-01-07 17:24:59 - INFO - (tensor([[[[0., 1., 1., 0., 1., 0., 0., 1., 0., 1., 1., 0., 0., 0., 1., 0., 0.,
           1., 1.],
          [1., 1., 1., 1., 0., 1., 1., 0., 1., 0., 0., 0., 0., 1., 1., 1., 1.,
           1., 0.],
          [1., 1., 1., 1., 0., 0., 0., 0., 0., 0., 0., 1., 1., 1., 0., 1., 1.,
           0., 1.],
          [1., 0., 0., 0., 1., 0., 1., 1., 1., 1., 1., 1., 0., 1., 1., 1., 0.,
           1., 0.],
          [0., 0., 1., 1., 0., 0., 0., 0., 1., 0., 1., 0., 0., 1., 0., 0., 1.,
           1., 1.],
          [0., 1., 1., 1., 0., 1., 0., 1., 0., 0., 1., 0., 1., 0., 0., 0., 0.,
           0., 0.],
          [1., 1., 1., 0., 0., 1., 0., 1., 1., 1., 0., 1., 0., 1., 0., 0., 1.,
           0., 0.],
          [1., 1., 1., 0., 1., 0., 1., 1., 1., 1., 0., 0., 0., 1., 0., 0., 0.,
           0., 0.],
          [1., 0., 0., 1., 0., 1., 0., 0., 0., 1., 0., 1., 1., 0., 0., 0., 1.,
           0., 1.],
          [1., 0., 1., 1., 0., 0., 1., 0., 1., 1., 1., 1., 1., 0., 0., 1., 0.,
           0., 1.],
          [0., 1., 1., 0., 1., 1., 1., 1., 1., 0., 1., 1., 1., 0., 0., 1., 1.,
           0., 1.],
          [0., 1., 1., 1., 1., 0., 1., 0., 0., 0., 0., 0., 1., 0., 0., 1., 0.,
           0., 1.],
          [0., 0., 1., 0., 0., 1., 1., 0., 1., 0., 0., 1., 0., 1., 1., 1., 1.,
           1., 0.],
          [0., 0., 1., 1., 1., 1., 1., 0., 1., 1., 1., 0., 0., 0., 1., 1., 1.,
           0., 1.],
          [1., 0., 0., 0., 0., 0., 0., 0., 0., 1., 0., 1., 0., 1., 1., 1., 1.,
           0., 0.],
          [1., 1., 0., 0., 0., 1., 1., 0., 0., 1., 0., 0., 0., 1., 1., 0., 1.,
           0., 1.],
          [0., 1., 1., 1., 0., 0., 1., 0., 0., 1., 0., 1., 0., 1., 1., 1., 0.,
           1., 1.],
          [1., 1., 0., 0., 1., 0., 0., 0., 0., 1., 1., 0., 1., 1., 0., 0., 1.,
           0., 1.],
          [1., 0., 0., 0., 0., 1., 0., 1., 0., 0., 0., 0., 0., 0., 1., 1., 0.,
           0., 0.]]]], device='cuda:0'), tensor([[0.7324]], device='cuda:0'))
2026-01-07 17:24:59 - INFO - [ 0.74491084 -0.3918041   0.00549324  0.02930264  0.00549324  0.02930264
  0.9910322  -0.06051162]
2026-01-07 17:24:59 - INFO - {'S11_real': np.float32(0.74491084), 'S11_imag': np.float32(-0.3918041), 'S21_real': np.float32(0.005493242), 'S21_imag': np.float32(0.029302644), 'S12_real': np.float32(0.0054932437), 'S12_imag': np.float32(0.029302644), 'S22_real': np.float32(0.9910322), 'S22_imag': np.float32(-0.060511623)}
2026-01-07 17:24:59 - INFO - (tensor([[[[0., 1., 1., 1., 1., 1., 0., 0., 1., 1., 0., 0., 0., 1., 0., 1., 1.,
           1., 1.],
          [1., 1., 1., 1., 1., 1., 0., 0., 0., 0., 0., 0., 0., 1., 1., 1., 1.,
           1., 0.],
          [0., 0., 0., 0., 0., 0., 1., 0., 1., 0., 1., 0., 0., 0., 0., 1., 1.,
           1., 1.],
          [1., 1., 0., 0., 1., 1., 1., 1., 0., 1., 0., 0., 0., 0., 1., 0., 1.,
           1., 1.],
          [0., 1., 1., 1., 0., 1., 0., 1., 0., 0., 1., 0., 1., 1., 1., 1., 1.,
           1., 1.],
          [0., 1., 1., 0., 0., 0., 0., 0., 1., 1., 1., 1., 0., 0., 1., 1., 1.,
           1., 0.],
          [0., 1., 0., 1., 0., 0., 0., 0., 1., 1., 1., 1., 0., 1., 1., 1., 1.,
           0., 1.],
          [0., 0., 0., 0., 0., 1., 0., 0., 0., 1., 0., 1., 0., 1., 0., 1., 1.,
           1., 1.],
          [0., 1., 1., 0., 0., 1., 0., 1., 1., 1., 0., 0., 1., 1., 1., 0., 0.,
           0., 0.],
          [1., 1., 1., 1., 0., 1., 0., 0., 0., 1., 1., 1., 1., 1., 0., 1., 1.,
           1., 1.],
          [0., 0., 0., 1., 0., 1., 0., 1., 1., 0., 0., 0., 1., 1., 1., 1., 1.,
           0., 1.],
          [1., 0., 0., 1., 1., 1., 1., 1., 0., 1., 0., 0., 1., 0., 1., 1., 0.,
           0., 0.],
          [1., 0., 0., 0., 0., 0., 0., 0., 0., 1., 1., 0., 1., 1., 1., 0., 1.,
           1., 0.],
          [0., 1., 1., 1., 0., 0., 1., 1., 0., 0., 0., 1., 1., 0., 0., 1., 1.,
           1., 1.],
          [1., 1., 0., 0., 0., 1., 1., 0., 1., 0., 0., 0., 0., 0., 1., 0., 1.,
           1., 0.],
          [1., 0., 1., 1., 1., 0., 1., 0., 1., 1., 1., 0., 1., 1., 0., 1., 0.,
           1., 1.],
          [0., 1., 0., 1., 0., 0., 0., 1., 1., 0., 0., 1., 1., 1., 1., 0., 0.,
           1., 0.],
          [0., 0., 1., 1., 1., 0., 1., 1., 0., 1., 0., 0., 1., 1., 1., 0., 0.,
           1., 1.],
          [1., 0., 0., 0., 0., 0., 0., 1., 1., 1., 0., 0., 1., 0., 0., 0., 1.,
           1., 1.]]]], device='cuda:0'), tensor([[0.7324]], device='cuda:0'))
2026-01-07 17:24:59 - INFO - [-0.04066737  0.01808428  0.92150563 -0.23253398  0.92150563 -0.23253399
 -0.03407157  0.01302284]
2026-01-07 17:24:59 - INFO - {'S11_real': np.float32(-0.04066737), 'S11_imag': np.float32(0.018084278), 'S21_real': np.float32(0.92150563), 'S21_imag': np.float32(-0.23253398), 'S12_real': np.float32(0.92150563), 'S12_imag': np.float32(-0.23253399), 'S22_real': np.float32(-0.03407157), 'S22_imag': np.float32(0.013022841)}
2026-01-07 17:24:59 - INFO - (tensor([[[[0., 1., 0., 1., 1., 1., 0., 0., 0., 0., 0., 0., 1., 0., 1., 1., 1.,
           1., 1.],
          [0., 0., 1., 0., 0., 0., 1., 0., 1., 1., 1., 0., 1., 0., 0., 1., 1.,
           1., 1.],
          [0., 1., 0., 1., 1., 0., 0., 0., 0., 1., 1., 1., 0., 1., 0., 0., 1.,
           0., 0.],
          [0., 0., 0., 0., 1., 0., 1., 0., 1., 1., 1., 0., 1., 1., 1., 1., 1.,
           0., 0.],
          [0., 1., 1., 0., 1., 1., 1., 1., 1., 1., 0., 1., 1., 0., 0., 0., 0.,
           0., 0.],
          [0., 1., 0., 0., 0., 0., 1., 1., 1., 1., 0., 1., 0., 1., 1., 0., 0.,
           1., 1.],
          [1., 1., 1., 0., 1., 1., 1., 0., 1., 0., 0., 0., 1., 0., 1., 1., 1.,
           1., 0.],
          [0., 1., 1., 0., 0., 1., 1., 0., 1., 0., 1., 1., 1., 1., 1., 1., 1.,
           1., 0.],
          [1., 0., 0., 1., 1., 0., 1., 0., 0., 0., 0., 0., 1., 0., 0., 1., 0.,
           1., 1.],
          [1., 1., 0., 1., 1., 1., 0., 1., 0., 0., 0., 1., 1., 1., 1., 1., 1.,
           1., 1.],
          [1., 1., 0., 1., 1., 0., 0., 1., 0., 1., 0., 0., 1., 0., 1., 1., 0.,
           1., 0.],
          [1., 1., 0., 1., 0., 0., 1., 0., 1., 1., 0., 0., 1., 1., 1., 1., 0.,
           0., 1.],
          [0., 0., 1., 0., 1., 0., 1., 0., 1., 1., 1., 1., 1., 0., 0., 0., 0.,
           1., 1.],
          [0., 1., 0., 0., 1., 0., 0., 0., 1., 0., 0., 1., 1., 1., 1., 1., 1.,
           1., 0.],
          [1., 0., 0., 1., 0., 0., 1., 0., 0., 0., 1., 1., 1., 0., 0., 1., 1.,
           0., 0.],
          [0., 0., 0., 1., 1., 0., 0., 0., 1., 1., 0., 0., 0., 1., 1., 1., 0.,
           0., 1.],
          [1., 1., 1., 0., 0., 0., 0., 1., 0., 1., 1., 0., 1., 1., 0., 0., 0.,
           0., 1.],
          [0., 0., 0., 1., 0., 1., 1., 1., 1., 1., 0., 0., 1., 1., 1., 0., 0.,
           1., 1.],
          [1., 0., 1., 1., 1., 0., 1., 1., 1., 1., 0., 1., 1., 1., 0., 1., 1.,
           1., 0.]]]], device='cuda:0'), tensor([[0.7324]], device='cuda:0'))
2026-01-07 17:24:59 - INFO - [-0.05591548 -0.01853333  0.9151083  -0.22319831  0.9151083  -0.2231983
 -0.05702234 -0.01737146]
2026-01-07 17:24:59 - INFO - {'S11_real': np.float32(-0.055915482), 'S11_imag': np.float32(-0.018533332), 'S21_real': np.float32(0.9151083), 'S21_imag': np.float32(-0.22319831), 'S12_real': np.float32(0.9151083), 'S12_imag': np.float32(-0.2231983), 'S22_real': np.float32(-0.057022337), 'S22_imag': np.float32(-0.017371465)}
2026-01-07 17:24:59 - INFO - (tensor([[[[0., 0., 0., 1., 1., 1., 0., 0., 0., 0., 0., 1., 0., 1., 0., 0., 1.,
           1., 1.],
          [1., 0., 0., 0., 0., 0., 0., 0., 1., 0., 1., 1., 1., 0., 1., 0., 1.,
           1., 1.],
          [1., 0., 1., 0., 1., 1., 0., 1., 1., 1., 0., 0., 0., 1., 1., 0., 1.,
           0., 0.],
          [1., 0., 1., 1., 0., 0., 0., 1., 0., 1., 0., 0., 0., 0., 1., 1., 0.,
           0., 0.],
          [0., 0., 0., 0., 0., 0., 0., 1., 0., 0., 0., 0., 1., 1., 1., 1., 1.,
           1., 1.],
          [0., 0., 1., 0., 0., 1., 1., 0., 1., 1., 0., 1., 1., 1., 0., 0., 1.,
           1., 0.],
          [1., 0., 0., 0., 0., 0., 0., 0., 0., 0., 1., 1., 0., 1., 1., 0., 0.,
           0., 1.],
          [0., 0., 1., 1., 1., 0., 1., 0., 1., 1., 1., 1., 0., 1., 0., 0., 0.,
           0., 0.],
          [0., 1., 0., 1., 1., 0., 1., 0., 1., 0., 0., 1., 0., 0., 1., 0., 1.,
           0., 1.],
          [1., 1., 0., 0., 0., 1., 0., 0., 1., 1., 0., 1., 0., 1., 1., 1., 0.,
           0., 1.],
          [0., 1., 0., 0., 0., 1., 1., 0., 1., 1., 1., 1., 1., 0., 1., 1., 1.,
           0., 1.],
          [1., 1., 1., 0., 0., 0., 0., 1., 0., 0., 0., 1., 0., 1., 1., 1., 0.,
           0., 0.],
          [0., 1., 0., 0., 0., 1., 1., 1., 1., 0., 1., 1., 0., 0., 0., 1., 1.,
           0., 1.],
          [0., 0., 1., 0., 0., 1., 1., 1., 1., 0., 1., 1., 0., 0., 0., 0., 1.,
           1., 1.],
          [0., 0., 0., 0., 0., 1., 1., 0., 0., 1., 1., 1., 0., 0., 0., 1., 1.,
           1., 0.],
          [1., 0., 0., 0., 0., 1., 0., 1., 0., 1., 1., 0., 0., 0., 1., 1., 0.,
           0., 1.],
          [0., 0., 0., 0., 1., 1., 0., 0., 1., 0., 0., 1., 1., 1., 1., 1., 1.,
           1., 0.],
          [0., 1., 0., 1., 1., 1., 0., 1., 1., 0., 1., 0., 0., 1., 1., 0., 1.,
           1., 1.],
          [0., 1., 1., 1., 0., 1., 0., 0., 0., 0., 0., 0., 0., 0., 0., 1., 0.,
           0., 1.]]]], device='cuda:0'), tensor([[0.7324]], device='cuda:0'))
2026-01-07 17:24:59 - INFO - [ 9.8339236e-01 -8.4939942e-02 -5.2261160e-04  3.0699314e-03
 -5.2261067e-04  3.0699314e-03  9.9318480e-01 -5.3661816e-02]
2026-01-07 17:24:59 - INFO - {'S11_real': np.float32(0.98339236), 'S11_imag': np.float32(-0.08493994), 'S21_real': np.float32(-0.0005226116), 'S21_imag': np.float32(0.0030699314), 'S12_real': np.float32(-0.0005226107), 'S12_imag': np.float32(0.0030699314), 'S22_real': np.float32(0.9931848), 'S22_imag': np.float32(-0.053661816)}
2026-01-07 17:24:59 - INFO - (tensor([[[[1., 0., 1., 1., 0., 0., 0., 0., 0., 0., 0., 0., 0., 1., 1., 1., 1.,
           1., 0.],
          [0., 0., 0., 1., 0., 0., 1., 0., 1., 0., 1., 1., 0., 0., 0., 0., 0.,
           1., 1.],
          [1., 1., 0., 1., 0., 1., 0., 0., 0., 0., 1., 1., 1., 1., 1., 1., 0.,
           1., 0.],
          [0., 0., 1., 0., 1., 1., 1., 0., 0., 1., 1., 0., 1., 1., 0., 1., 1.,
           1., 1.],
          [1., 1., 1., 0., 0., 1., 0., 1., 1., 0., 0., 1., 0., 0., 0., 1., 1.,
           0., 1.],
          [1., 0., 1., 0., 0., 0., 1., 1., 1., 1., 1., 0., 0., 1., 1., 1., 0.,
           1., 1.],
          [1., 1., 0., 1., 1., 1., 0., 1., 0., 1., 1., 1., 1., 1., 0., 1., 0.,
           1., 1.],
          [1., 1., 1., 1., 0., 1., 1., 0., 1., 1., 1., 0., 0., 1., 1., 1., 1.,
           0., 1.],
          [0., 0., 0., 0., 0., 1., 1., 1., 1., 0., 1., 1., 1., 0., 1., 1., 1.,
           0., 0.],
          [1., 1., 1., 0., 1., 0., 1., 0., 1., 0., 0., 0., 1., 0., 1., 1., 0.,
           0., 1.],
          [1., 1., 0., 1., 0., 0., 1., 0., 0., 1., 1., 0., 1., 0., 1., 0., 1.,
           1., 1.],
          [0., 1., 0., 0., 0., 0., 1., 0., 1., 0., 1., 1., 0., 1., 0., 1., 0.,
           0., 0.],
          [1., 1., 1., 1., 0., 1., 1., 1., 1., 0., 1., 1., 0., 1., 0., 1., 1.,
           1., 0.],
          [0., 0., 1., 1., 0., 1., 0., 0., 1., 1., 0., 0., 1., 1., 0., 1., 0.,
           1., 0.],
          [1., 1., 1., 1., 1., 0., 1., 1., 0., 1., 0., 1., 1., 0., 0., 1., 1.,
           0., 0.],
          [1., 1., 0., 0., 1., 0., 1., 1., 0., 1., 0., 1., 0., 0., 0., 1., 0.,
           1., 1.],
          [1., 0., 1., 1., 1., 1., 1., 0., 0., 1., 0., 0., 1., 0., 0., 0., 0.,
           1., 0.],
          [0., 1., 0., 1., 0., 0., 0., 0., 1., 1., 0., 1., 1., 0., 1., 1., 1.,
           0., 0.],
          [0., 0., 0., 0., 0., 0., 1., 1., 0., 0., 0., 1., 0., 1., 0., 0., 1.,
           1., 1.]]]], device='cuda:0'), tensor([[0.7324]], device='cuda:0'))
2026-01-07 17:24:59 - INFO - [ 0.41258126 -0.25548503  0.59290266 -0.09435815  0.59290266 -0.09435815
  0.8913247  -0.02803473]
2026-01-07 17:24:59 - INFO - {'S11_real': np.float32(0.41258126), 'S11_imag': np.float32(-0.25548503), 'S21_real': np.float32(0.59290266), 'S21_imag': np.float32(-0.094358146), 'S12_real': np.float32(0.59290266), 'S12_imag': np.float32(-0.094358146), 'S22_real': np.float32(0.8913247), 'S22_imag': np.float32(-0.02803473)}
2026-01-07 17:24:59 - INFO - (tensor([[[[1., 0., 1., 0., 0., 1., 0., 0., 0., 1., 1., 1., 0., 0., 1., 1., 1.,
           1., 0.],
          [0., 0., 0., 1., 1., 0., 1., 0., 1., 1., 0., 0., 0., 0., 0., 1., 1.,
           1., 0.],
          [0., 0., 1., 1., 1., 1., 1., 0., 1., 0., 0., 1., 1., 1., 1., 0., 0.,
           0., 1.],
          [0., 0., 0., 0., 0., 0., 0., 0., 1., 0., 1., 1., 0., 0., 0., 1., 0.,
           0., 1.],
          [0., 0., 1., 1., 0., 0., 0., 1., 1., 1., 0., 1., 0., 1., 0., 1., 0.,
           1., 0.],
          [1., 0., 1., 1., 0., 0., 1., 1., 0., 1., 1., 0., 1., 0., 0., 0., 1.,
           1., 1.],
          [1., 0., 0., 1., 0., 1., 1., 0., 1., 0., 0., 1., 0., 0., 1., 0., 1.,
           0., 0.],
          [1., 1., 0., 1., 0., 0., 1., 0., 0., 1., 1., 1., 1., 0., 0., 0., 0.,
           0., 0.],
          [1., 1., 0., 0., 0., 1., 0., 1., 0., 1., 0., 1., 1., 1., 0., 0., 1.,
           0., 1.],
          [1., 1., 1., 0., 0., 1., 1., 1., 0., 1., 0., 1., 0., 1., 1., 0., 0.,
           1., 1.],
          [1., 1., 1., 0., 1., 0., 0., 0., 0., 1., 1., 1., 0., 1., 0., 1., 1.,
           1., 1.],
          [0., 0., 1., 1., 0., 0., 0., 0., 0., 0., 1., 0., 0., 0., 1., 1., 1.,
           1., 0.],
          [0., 0., 0., 1., 1., 0., 1., 1., 0., 1., 0., 1., 0., 0., 0., 0., 0.,
           1., 0.],
          [0., 1., 1., 1., 1., 0., 0., 1., 1., 1., 0., 0., 1., 1., 0., 0., 1.,
           0., 1.],
          [1., 1., 0., 0., 0., 1., 1., 1., 1., 1., 1., 1., 1., 0., 1., 1., 1.,
           0., 0.],
          [1., 0., 1., 0., 0., 1., 0., 1., 1., 0., 0., 1., 1., 1., 1., 0., 0.,
           1., 1.],
          [1., 1., 1., 1., 1., 0., 0., 1., 0., 1., 0., 1., 1., 1., 0., 0., 0.,
           1., 0.],
          [1., 1., 1., 0., 0., 0., 0., 0., 0., 1., 1., 0., 1., 1., 1., 0., 0.,
           0., 1.],
          [0., 1., 0., 1., 0., 1., 1., 1., 0., 0., 1., 0., 0., 0., 0., 1., 1.,
           1., 1.]]]], device='cuda:0'), tensor([[0.7324]], device='cuda:0'))
2026-01-07 17:24:59 - INFO - [-0.03824592  0.01446339  0.9147926  -0.24369544  0.9147926  -0.24369542
 -0.04246418  0.01736325]
2026-01-07 17:24:59 - INFO - {'S11_real': np.float32(-0.038245924), 'S11_imag': np.float32(0.014463388), 'S21_real': np.float32(0.9147926), 'S21_imag': np.float32(-0.24369544), 'S12_real': np.float32(0.9147926), 'S12_imag': np.float32(-0.24369542), 'S22_real': np.float32(-0.04246418), 'S22_imag': np.float32(0.017363248)}
2026-01-07 17:24:59 - INFO - (tensor([[[[1., 1., 1., 0., 1., 1., 1., 0., 0., 1., 1., 0., 0., 1., 1., 1., 1.,
           1., 1.],
          [1., 0., 1., 0., 0., 0., 1., 0., 0., 1., 1., 1., 1., 1., 1., 1., 1.,
           1., 1.],
          [0., 1., 0., 0., 1., 1., 1., 1., 0., 1., 0., 0., 1., 1., 0., 1., 1.,
           1., 1.],
          [1., 1., 1., 0., 1., 0., 0., 1., 1., 1., 0., 0., 1., 1., 1., 1., 0.,
           0., 0.],
          [0., 0., 1., 0., 1., 0., 0., 1., 0., 1., 1., 1., 1., 0., 0., 1., 1.,
           0., 0.],
          [1., 1., 1., 1., 0., 1., 0., 1., 1., 0., 0., 0., 0., 1., 1., 1., 1.,
           0., 1.],
          [0., 1., 1., 0., 1., 1., 0., 0., 0., 1., 0., 0., 1., 0., 1., 0., 1.,
           0., 0.],
          [0., 0., 1., 0., 1., 1., 1., 0., 0., 0., 0., 1., 1., 1., 0., 1., 1.,
           1., 1.],
          [1., 0., 1., 1., 1., 1., 1., 0., 1., 0., 0., 0., 0., 0., 1., 1., 0.,
           0., 0.],
          [1., 1., 1., 0., 1., 0., 1., 0., 1., 1., 0., 0., 1., 0., 0., 1., 0.,
           0., 1.],
          [0., 1., 1., 0., 0., 0., 1., 0., 1., 0., 1., 0., 1., 0., 0., 1., 1.,
           1., 1.],
          [1., 1., 0., 1., 0., 1., 1., 1., 1., 1., 0., 0., 1., 0., 0., 1., 1.,
           1., 0.],
          [1., 0., 0., 1., 0., 0., 1., 1., 1., 0., 1., 1., 0., 0., 1., 0., 1.,
           0., 0.],
          [0., 1., 0., 0., 0., 1., 0., 1., 1., 1., 1., 1., 0., 0., 1., 1., 0.,
           0., 1.],
          [1., 1., 1., 0., 1., 1., 1., 0., 1., 1., 0., 1., 1., 0., 1., 1., 0.,
           1., 1.],
          [1., 1., 0., 1., 0., 1., 1., 1., 1., 1., 0., 1., 1., 0., 0., 1., 0.,
           1., 1.],
          [1., 0., 1., 0., 0., 0., 1., 1., 1., 0., 0., 1., 0., 0., 0., 0., 0.,
           1., 1.],
          [1., 1., 1., 0., 0., 1., 1., 1., 1., 0., 1., 0., 1., 0., 1., 0., 1.,
           0., 1.],
          [1., 0., 0., 1., 1., 0., 0., 0., 1., 0., 1., 0., 0., 1., 1., 0., 1.,
           1., 1.]]]], device='cuda:0'), tensor([[0.7324]], device='cuda:0'))
2026-01-07 17:24:59 - INFO - [-0.04439918 -0.00843942  0.9104765  -0.23968056  0.9104765  -0.23968057
 -0.05800507  0.00269549]
2026-01-07 17:24:59 - INFO - {'S11_real': np.float32(-0.044399183), 'S11_imag': np.float32(-0.008439423), 'S21_real': np.float32(0.9104765), 'S21_imag': np.float32(-0.23968056), 'S12_real': np.float32(0.9104765), 'S12_imag': np.float32(-0.23968057), 'S22_real': np.float32(-0.05800507), 'S22_imag': np.float32(0.0026954943)}
2026-01-07 17:24:59 - INFO - (tensor([[[[0., 1., 1., 0., 0., 1., 0., 1., 1., 0., 0., 1., 1., 0., 0., 0., 1.,
           0., 1.],
          [1., 0., 0., 1., 0., 1., 0., 1., 1., 1., 1., 0., 1., 1., 0., 1., 0.,
           1., 0.],
          [0., 1., 1., 0., 0., 1., 1., 1., 1., 0., 0., 0., 0., 1., 0., 1., 1.,
           1., 1.],
          [1., 0., 0., 0., 1., 0., 1., 0., 0., 1., 1., 0., 1., 1., 1., 0., 0.,
           0., 1.],
          [1., 1., 1., 1., 0., 0., 0., 1., 0., 0., 0., 1., 1., 0., 0., 0., 0.,
           1., 0.],
          [1., 0., 1., 1., 1., 0., 1., 1., 0., 0., 1., 1., 0., 0., 1., 0., 0.,
           1., 0.],
          [1., 0., 0., 0., 0., 0., 0., 1., 0., 1., 0., 0., 0., 0., 0., 0., 1.,
           1., 0.],
          [1., 0., 1., 1., 0., 1., 0., 0., 1., 0., 1., 0., 1., 1., 1., 0., 1.,
           1., 0.],
          [1., 1., 0., 1., 1., 0., 0., 0., 1., 0., 0., 0., 1., 0., 0., 0., 1.,
           0., 0.],
          [1., 1., 0., 0., 1., 0., 0., 1., 0., 1., 1., 0., 1., 1., 0., 0., 1.,
           1., 1.],
          [0., 1., 0., 1., 0., 1., 1., 1., 0., 1., 0., 0., 1., 0., 0., 1., 1.,
           0., 1.],
          [1., 1., 0., 1., 0., 1., 0., 1., 1., 0., 1., 1., 1., 1., 0., 1., 0.,
           0., 0.],
          [1., 1., 0., 0., 0., 1., 0., 1., 0., 1., 0., 1., 1., 1., 0., 1., 0.,
           1., 1.],
          [1., 1., 0., 1., 0., 1., 1., 0., 0., 0., 0., 0., 0., 0., 0., 1., 0.,
           1., 0.],
          [0., 0., 0., 1., 0., 0., 0., 0., 0., 0., 1., 0., 1., 1., 0., 0., 0.,
           1., 0.],
          [1., 0., 0., 1., 0., 0., 0., 1., 1., 1., 1., 0., 1., 1., 0., 1., 0.,
           0., 1.],
          [0., 1., 0., 1., 1., 0., 1., 1., 1., 1., 0., 1., 0., 0., 0., 1., 0.,
           1., 0.],
          [0., 1., 0., 1., 1., 1., 0., 1., 1., 1., 0., 1., 1., 0., 0., 1., 1.,
           1., 1.],
          [1., 0., 0., 1., 1., 1., 1., 0., 1., 1., 0., 1., 0., 1., 1., 0., 1.,
           1., 1.]]]], device='cuda:0'), tensor([[0.7324]], device='cuda:0'))
2026-01-07 17:24:59 - INFO - [ 0.8579484  -0.30263266  0.01097993  0.04678901  0.01097993  0.046789
  0.95390487 -0.17481138]
2026-01-07 17:24:59 - INFO - {'S11_real': np.float32(0.8579484), 'S11_imag': np.float32(-0.30263266), 'S21_real': np.float32(0.010979925), 'S21_imag': np.float32(0.046789005), 'S12_real': np.float32(0.010979927), 'S12_imag': np.float32(0.046789), 'S22_real': np.float32(0.95390487), 'S22_imag': np.float32(-0.17481138)}
2026-01-07 17:24:59 - INFO - (tensor([[[[0., 0., 1., 0., 1., 0., 1., 0., 1., 1., 0., 1., 0., 0., 1., 1., 0.,
           1., 1.],
          [1., 0., 0., 1., 0., 0., 0., 1., 1., 1., 1., 0., 0., 1., 1., 0., 1.,
           1., 1.],
          [1., 1., 1., 0., 0., 1., 1., 0., 0., 1., 1., 1., 0., 1., 1., 0., 0.,
           1., 1.],
          [0., 1., 1., 0., 1., 0., 1., 0., 0., 0., 0., 1., 0., 1., 0., 0., 0.,
           1., 0.],
          [1., 0., 1., 1., 1., 1., 1., 1., 0., 1., 0., 0., 1., 1., 0., 0., 1.,
           0., 0.],
          [1., 0., 1., 1., 0., 0., 0., 1., 0., 0., 1., 0., 0., 1., 1., 0., 1.,
           0., 1.],
          [1., 1., 0., 1., 1., 1., 1., 0., 1., 0., 0., 1., 0., 1., 0., 1., 0.,
           0., 1.],
          [1., 0., 0., 1., 0., 0., 0., 1., 0., 1., 1., 0., 1., 1., 1., 1., 1.,
           1., 1.],
          [1., 0., 1., 0., 1., 1., 0., 0., 0., 0., 0., 0., 1., 0., 1., 0., 0.,
           1., 1.],
          [1., 1., 0., 0., 1., 0., 1., 1., 1., 0., 0., 1., 0., 0., 1., 1., 0.,
           1., 1.],
          [0., 1., 1., 0., 0., 0., 1., 1., 1., 1., 0., 0., 0., 0., 1., 1., 1.,
           0., 0.],
          [1., 0., 0., 0., 0., 0., 1., 1., 0., 0., 0., 1., 0., 0., 0., 0., 1.,
           0., 1.],
          [0., 0., 0., 0., 0., 0., 1., 0., 1., 1., 0., 1., 0., 0., 0., 0., 1.,
           1., 0.],
          [1., 0., 0., 1., 0., 1., 1., 0., 1., 1., 0., 1., 1., 1., 1., 0., 0.,
           1., 1.],
          [0., 0., 1., 1., 0., 1., 1., 1., 1., 0., 0., 0., 0., 0., 0., 0., 0.,
           0., 1.],
          [0., 1., 1., 1., 0., 1., 0., 0., 0., 1., 1., 0., 1., 0., 1., 1., 1.,
           0., 1.],
          [0., 1., 1., 0., 1., 0., 0., 1., 0., 1., 0., 0., 1., 0., 0., 0., 0.,
           1., 1.],
          [1., 0., 0., 1., 1., 1., 0., 1., 0., 0., 1., 0., 1., 1., 0., 0., 1.,
           1., 1.],
          [1., 1., 1., 0., 0., 0., 1., 0., 1., 1., 0., 0., 1., 0., 1., 0., 0.,
           0., 0.]]]], device='cuda:0'), tensor([[0.7324]], device='cuda:0'))
2026-01-07 17:24:59 - INFO - [-0.02533657  0.04267629  0.92447424 -0.24122521  0.92447424 -0.24122523
 -0.0210302   0.04035155]
2026-01-07 17:24:59 - INFO - {'S11_real': np.float32(-0.025336571), 'S11_imag': np.float32(0.04267629), 'S21_real': np.float32(0.92447424), 'S21_imag': np.float32(-0.24122521), 'S12_real': np.float32(0.92447424), 'S12_imag': np.float32(-0.24122523), 'S22_real': np.float32(-0.021030197), 'S22_imag': np.float32(0.04035155)}
2026-01-07 17:24:59 - INFO - (tensor([[[[0., 0., 0., 1., 0., 1., 1., 0., 1., 0., 0., 0., 1., 0., 1., 1., 0.,
           0., 0.],
          [1., 1., 0., 1., 0., 0., 1., 1., 1., 0., 1., 1., 0., 1., 1., 1., 1.,
           1., 0.],
          [0., 0., 0., 0., 1., 1., 0., 1., 1., 1., 0., 0., 1., 0., 0., 1., 0.,
           1., 0.],
          [1., 1., 0., 1., 1., 0., 1., 0., 0., 0., 0., 0., 1., 1., 0., 1., 0.,
           1., 0.],
          [1., 1., 1., 1., 1., 0., 1., 1., 0., 1., 1., 0., 1., 1., 0., 1., 1.,
           0., 1.],
          [0., 0., 1., 0., 0., 1., 0., 0., 1., 1., 1., 0., 1., 1., 1., 0., 1.,
           0., 0.],
          [0., 0., 1., 0., 1., 1., 1., 0., 1., 1., 1., 1., 0., 1., 0., 0., 1.,
           0., 1.],
          [1., 0., 1., 1., 1., 0., 1., 1., 0., 0., 1., 1., 1., 1., 1., 1., 0.,
           0., 1.],
          [0., 0., 0., 1., 0., 0., 0., 1., 0., 1., 1., 0., 0., 1., 0., 1., 1.,
           1., 1.],
          [1., 1., 1., 1., 1., 1., 1., 0., 0., 1., 0., 1., 0., 1., 1., 1., 0.,
           0., 1.],
          [0., 1., 1., 0., 1., 0., 1., 1., 0., 0., 1., 0., 1., 1., 1., 1., 1.,
           1., 1.],
          [1., 0., 1., 1., 1., 0., 1., 0., 0., 0., 1., 1., 1., 1., 0., 1., 0.,
           0., 1.],
          [1., 0., 0., 1., 1., 1., 0., 0., 0., 0., 1., 1., 1., 1., 1., 1., 0.,
           1., 0.],
          [1., 1., 1., 0., 0., 0., 1., 0., 1., 1., 1., 0., 0., 0., 1., 0., 1.,
           1., 0.],
          [1., 1., 1., 0., 1., 1., 0., 0., 1., 0., 0., 1., 1., 1., 0., 0., 1.,
           1., 0.],
          [1., 1., 0., 0., 1., 1., 1., 0., 1., 1., 0., 0., 0., 0., 0., 1., 0.,
           1., 0.],
          [1., 0., 0., 0., 1., 1., 0., 1., 1., 1., 0., 0., 0., 1., 1., 1., 0.,
           0., 1.],
          [0., 1., 0., 1., 0., 1., 0., 1., 0., 1., 1., 1., 0., 0., 0., 1., 1.,
           0., 1.],
          [0., 1., 1., 0., 1., 1., 1., 1., 1., 1., 1., 0., 0., 1., 1., 1., 1.,
           0., 1.]]]], device='cuda:0'), tensor([[0.7324]], device='cuda:0'))
2026-01-07 17:24:59 - INFO - [-0.05195982 -0.00434658  0.9108925  -0.23595895  0.9108925  -0.23595896
 -0.05294941 -0.0039332 ]
2026-01-07 17:24:59 - INFO - {'S11_real': np.float32(-0.05195982), 'S11_imag': np.float32(-0.004346578), 'S21_real': np.float32(0.9108925), 'S21_imag': np.float32(-0.23595895), 'S12_real': np.float32(0.9108925), 'S12_imag': np.float32(-0.23595896), 'S22_real': np.float32(-0.052949406), 'S22_imag': np.float32(-0.003933197)}
2026-01-07 17:24:59 - INFO - (tensor([[[[0., 0., 1., 0., 1., 0., 0., 1., 0., 0., 1., 0., 0., 1., 0., 1., 1.,
           1., 0.],
          [1., 0., 0., 0., 1., 1., 0., 1., 1., 0., 1., 1., 0., 0., 0., 1., 1.,
           0., 1.],
          [1., 1., 1., 1., 1., 0., 0., 0., 1., 1., 0., 1., 1., 1., 1., 0., 1.,
           1., 1.],
          [1., 1., 0., 1., 0., 0., 1., 1., 1., 0., 1., 0., 0., 1., 1., 1., 1.,
           0., 0.],
          [0., 0., 0., 1., 0., 1., 0., 0., 0., 1., 0., 0., 0., 0., 0., 0., 0.,
           0., 0.],
          [0., 1., 0., 0., 1., 0., 0., 1., 1., 1., 1., 1., 0., 0., 0., 0., 0.,
           1., 0.],
          [0., 1., 0., 1., 0., 0., 1., 1., 1., 0., 0., 1., 1., 1., 0., 0., 1.,
           0., 0.],
          [1., 0., 1., 1., 1., 1., 0., 0., 0., 1., 1., 0., 1., 1., 1., 1., 0.,
           1., 1.],
          [1., 1., 1., 1., 1., 0., 1., 1., 0., 1., 1., 1., 0., 0., 1., 1., 0.,
           1., 1.],
          [1., 0., 0., 1., 1., 0., 1., 1., 0., 0., 1., 1., 1., 1., 0., 1., 1.,
           1., 1.],
          [0., 1., 1., 0., 0., 1., 0., 0., 0., 0., 1., 0., 0., 1., 0., 1., 0.,
           1., 0.],
          [1., 0., 1., 1., 0., 1., 1., 0., 1., 0., 1., 0., 0., 1., 0., 0., 1.,
           1., 0.],
          [0., 1., 1., 1., 0., 0., 1., 1., 0., 1., 1., 0., 0., 1., 1., 1., 0.,
           1., 0.],
          [0., 1., 0., 1., 1., 1., 1., 1., 0., 0., 1., 0., 0., 0., 0., 1., 0.,
           1., 1.],
          [1., 0., 0., 0., 0., 0., 0., 1., 0., 0., 0., 1., 1., 1., 0., 0., 1.,
           1., 1.],
          [1., 1., 0., 0., 0., 0., 1., 0., 1., 1., 1., 0., 0., 1., 0., 0., 1.,
           0., 0.],
          [0., 1., 0., 0., 0., 0., 1., 1., 0., 1., 0., 1., 0., 1., 0., 0., 0.,
           1., 1.],
          [0., 0., 0., 1., 0., 1., 1., 0., 0., 0., 1., 0., 0., 1., 1., 0., 0.,
           1., 1.],
          [0., 1., 1., 0., 0., 1., 0., 1., 1., 1., 1., 1., 0., 0., 1., 1., 0.,
           0., 0.]]]], device='cuda:0'), tensor([[0.7324]], device='cuda:0'))
2026-01-07 17:24:59 - INFO - [-0.0478279  -0.00418611  0.9182061  -0.22638378  0.9182061  -0.22638379
 -0.04903939 -0.0035127 ]
2026-01-07 17:24:59 - INFO - {'S11_real': np.float32(-0.047827903), 'S11_imag': np.float32(-0.0041861064), 'S21_real': np.float32(0.9182061), 'S21_imag': np.float32(-0.22638378), 'S12_real': np.float32(0.9182061), 'S12_imag': np.float32(-0.22638379), 'S22_real': np.float32(-0.04903939), 'S22_imag': np.float32(-0.0035127033)}
2026-01-07 17:24:59 - INFO - (tensor([[[[0., 1., 1., 0., 1., 1., 0., 1., 1., 1., 0., 0., 1., 0., 0., 1., 0.,
           0., 1.],
          [1., 0., 0., 1., 1., 1., 0., 0., 1., 1., 0., 0., 1., 0., 0., 0., 1.,
           1., 0.],
          [1., 1., 1., 0., 1., 1., 0., 0., 1., 1., 1., 0., 1., 0., 0., 0., 1.,
           1., 1.],
          [0., 0., 1., 1., 0., 1., 1., 0., 0., 1., 0., 0., 1., 0., 1., 0., 1.,
           0., 0.],
          [0., 1., 0., 0., 0., 0., 1., 0., 0., 0., 0., 1., 0., 1., 1., 1., 0.,
           1., 0.],
          [1., 0., 0., 0., 1., 0., 1., 0., 0., 0., 1., 1., 0., 0., 0., 0., 0.,
           0., 1.],
          [0., 1., 1., 0., 0., 1., 1., 1., 0., 0., 1., 1., 0., 1., 0., 0., 1.,
           0., 0.],
          [1., 0., 0., 1., 0., 0., 0., 1., 0., 1., 0., 1., 1., 0., 1., 0., 0.,
           1., 0.],
          [1., 0., 1., 1., 0., 0., 0., 0., 1., 0., 1., 1., 0., 0., 1., 1., 0.,
           0., 1.],
          [1., 1., 1., 1., 0., 1., 0., 0., 1., 1., 0., 0., 0., 0., 1., 0., 0.,
           0., 1.],
          [0., 0., 0., 0., 0., 1., 0., 1., 1., 0., 0., 1., 1., 1., 1., 1., 0.,
           0., 0.],
          [1., 0., 0., 1., 0., 1., 1., 1., 0., 1., 0., 1., 0., 1., 0., 1., 0.,
           0., 0.],
          [1., 1., 0., 0., 0., 1., 0., 1., 0., 1., 0., 1., 1., 0., 0., 0., 0.,
           0., 1.],
          [1., 1., 0., 1., 0., 1., 1., 0., 0., 0., 1., 1., 1., 0., 1., 1., 1.,
           0., 1.],
          [1., 1., 1., 0., 1., 0., 1., 0., 1., 0., 1., 1., 1., 1., 0., 0., 0.,
           1., 0.],
          [1., 0., 1., 1., 1., 1., 1., 0., 1., 0., 0., 1., 1., 0., 0., 1., 0.,
           0., 0.],
          [1., 0., 1., 0., 0., 1., 1., 1., 1., 0., 0., 0., 0., 0., 0., 0., 1.,
           0., 1.],
          [0., 0., 0., 0., 1., 0., 0., 0., 0., 0., 0., 1., 1., 1., 1., 1., 1.,
           1., 0.],
          [1., 1., 1., 1., 0., 1., 1., 1., 1., 0., 0., 1., 0., 1., 0., 0., 0.,
           0., 1.]]]], device='cuda:0'), tensor([[0.7324]], device='cuda:0'))
2026-01-07 17:24:59 - INFO - [ 9.7967178e-01 -9.5714360e-02 -6.6716957e-04  2.0955026e-03
 -6.6717330e-04  2.0955026e-03  9.9772179e-01 -3.0585647e-02]
2026-01-07 17:24:59 - INFO - {'S11_real': np.float32(0.9796718), 'S11_imag': np.float32(-0.09571436), 'S21_real': np.float32(-0.0006671696), 'S21_imag': np.float32(0.0020955026), 'S12_real': np.float32(-0.0006671733), 'S12_imag': np.float32(0.0020955026), 'S22_real': np.float32(0.9977218), 'S22_imag': np.float32(-0.030585647)}
2026-01-07 17:24:59 - INFO - (tensor([[[[0., 1., 1., 0., 0., 0., 1., 1., 0., 1., 0., 0., 0., 0., 1., 0., 1.,
           1., 1.],
          [0., 1., 0., 1., 0., 0., 1., 1., 1., 0., 0., 0., 1., 0., 0., 0., 0.,
           1., 0.],
          [1., 0., 0., 0., 1., 0., 1., 0., 1., 0., 1., 1., 0., 0., 1., 0., 0.,
           0., 1.],
          [1., 0., 0., 1., 0., 0., 1., 0., 1., 0., 1., 1., 0., 1., 0., 1., 1.,
           0., 0.],
          [1., 0., 1., 1., 1., 0., 1., 0., 1., 1., 0., 0., 0., 1., 1., 0., 0.,
           0., 1.],
          [1., 1., 0., 1., 0., 0., 0., 1., 1., 1., 0., 1., 1., 0., 0., 0., 1.,
           0., 0.],
          [1., 0., 0., 1., 0., 1., 0., 1., 0., 0., 1., 1., 1., 0., 0., 0., 1.,
           0., 1.],
          [0., 1., 1., 1., 1., 0., 1., 0., 0., 1., 1., 0., 0., 0., 1., 0., 0.,
           0., 0.],
          [0., 0., 1., 1., 1., 1., 1., 0., 1., 0., 1., 1., 1., 1., 0., 0., 1.,
           0., 1.],
          [1., 1., 0., 0., 1., 1., 0., 0., 1., 1., 1., 1., 0., 0., 1., 0., 1.,
           0., 1.],
          [0., 0., 1., 1., 0., 0., 1., 1., 1., 0., 1., 1., 1., 0., 0., 1., 1.,
           0., 0.],
          [0., 1., 1., 0., 1., 0., 0., 0., 1., 1., 1., 0., 0., 1., 0., 0., 1.,
           0., 1.],
          [1., 1., 0., 1., 1., 0., 1., 1., 0., 0., 1., 1., 0., 1., 0., 0., 1.,
           1., 1.],
          [0., 1., 0., 1., 0., 0., 0., 0., 0., 0., 1., 0., 0., 1., 1., 0., 0.,
           0., 1.],
          [0., 0., 0., 0., 1., 1., 0., 1., 0., 0., 1., 0., 1., 1., 0., 1., 1.,
           1., 1.],
          [0., 0., 1., 1., 1., 1., 1., 1., 1., 0., 0., 0., 0., 0., 1., 1., 1.,
           0., 0.],
          [1., 1., 0., 0., 1., 1., 1., 0., 1., 1., 0., 0., 1., 0., 1., 0., 1.,
           1., 0.],
          [1., 1., 0., 0., 0., 0., 0., 0., 0., 0., 1., 1., 0., 0., 1., 0., 1.,
           1., 0.],
          [1., 1., 0., 1., 1., 1., 1., 1., 0., 0., 1., 1., 0., 0., 0., 1., 0.,
           0., 0.]]]], device='cuda:0'), tensor([[0.7324]], device='cuda:0'))
2026-01-07 17:24:59 - INFO - [ 0.7825111  -0.353251    0.00301016  0.0204651   0.00301016  0.0204651
  0.9959427  -0.04214352]
2026-01-07 17:24:59 - INFO - {'S11_real': np.float32(0.7825111), 'S11_imag': np.float32(-0.353251), 'S21_real': np.float32(0.0030101642), 'S21_imag': np.float32(0.020465098), 'S12_real': np.float32(0.0030101642), 'S12_imag': np.float32(0.020465102), 'S22_real': np.float32(0.9959427), 'S22_imag': np.float32(-0.042143524)}
2026-01-07 17:24:59 - INFO - (tensor([[[[1., 1., 0., 1., 0., 0., 1., 1., 0., 1., 1., 1., 1., 0., 0., 0., 0.,
           0., 1.],
          [1., 0., 0., 0., 0., 1., 1., 1., 1., 1., 1., 1., 0., 0., 0., 1., 1.,
           0., 0.],
          [1., 1., 1., 1., 1., 1., 0., 1., 0., 0., 0., 1., 1., 0., 1., 1., 0.,
           0., 0.],
          [1., 1., 1., 0., 1., 1., 1., 0., 0., 1., 0., 0., 1., 1., 0., 1., 1.,
           1., 1.],
          [1., 1., 1., 0., 1., 1., 0., 1., 1., 1., 0., 1., 1., 0., 0., 1., 1.,
           1., 1.],
          [0., 1., 0., 1., 0., 1., 0., 0., 1., 1., 1., 0., 1., 1., 0., 0., 1.,
           0., 0.],
          [0., 0., 0., 0., 1., 1., 1., 1., 1., 1., 1., 1., 0., 1., 1., 0., 0.,
           1., 0.],
          [1., 0., 1., 0., 0., 1., 1., 1., 1., 1., 0., 0., 1., 0., 0., 1., 0.,
           1., 0.],
          [1., 0., 0., 1., 1., 0., 1., 0., 1., 1., 0., 0., 0., 0., 0., 1., 0.,
           1., 1.],
          [1., 1., 1., 1., 0., 0., 1., 0., 0., 0., 0., 0., 1., 0., 1., 1., 0.,
           1., 1.],
          [0., 1., 0., 1., 0., 0., 1., 1., 1., 1., 0., 0., 1., 0., 1., 1., 0.,
           1., 0.],
          [0., 0., 0., 0., 0., 0., 1., 0., 1., 0., 1., 0., 0., 0., 1., 1., 0.,
           1., 0.],
          [1., 1., 0., 0., 1., 1., 1., 0., 1., 0., 1., 1., 0., 0., 0., 1., 1.,
           1., 0.],
          [0., 0., 1., 1., 1., 0., 1., 0., 1., 0., 1., 1., 0., 0., 0., 0., 1.,
           0., 1.],
          [1., 1., 0., 0., 0., 0., 0., 0., 0., 0., 1., 1., 0., 1., 0., 0., 0.,
           1., 0.],
          [1., 1., 0., 1., 1., 0., 0., 0., 0., 0., 1., 1., 1., 1., 1., 0., 1.,
           0., 1.],
          [1., 1., 0., 1., 0., 1., 1., 0., 0., 1., 1., 1., 1., 0., 1., 0., 0.,
           1., 0.],
          [1., 1., 0., 0., 1., 1., 0., 0., 0., 1., 1., 0., 1., 1., 0., 0., 0.,
           1., 1.],
          [0., 1., 1., 0., 0., 1., 1., 1., 0., 1., 1., 1., 0., 1., 1., 1., 0.,
           0., 1.]]]], device='cuda:0'), tensor([[0.7324]], device='cuda:0'))
2026-01-07 17:24:59 - INFO - [ 9.74713683e-01 -1.22724175e-01  7.50112231e-04  2.20342595e-02
  7.50117819e-04  2.20342595e-02  9.40570951e-01 -1.85476601e-01]
2026-01-07 17:24:59 - INFO - {'S11_real': np.float32(0.9747137), 'S11_imag': np.float32(-0.122724175), 'S21_real': np.float32(0.00075011223), 'S21_imag': np.float32(0.02203426), 'S12_real': np.float32(0.0007501178), 'S12_imag': np.float32(0.02203426), 'S22_real': np.float32(0.94057095), 'S22_imag': np.float32(-0.1854766)}
2026-01-07 17:24:59 - INFO - (tensor([[[[1., 0., 1., 1., 0., 0., 1., 0., 1., 0., 0., 1., 0., 0., 1., 1., 1.,
           1., 0.],
          [1., 1., 0., 1., 0., 0., 0., 0., 1., 0., 1., 1., 0., 0., 1., 0., 0.,
           1., 0.],
          [1., 0., 0., 1., 0., 1., 0., 1., 0., 1., 1., 0., 1., 1., 0., 0., 1.,
           1., 1.],
          [0., 0., 1., 0., 1., 0., 0., 1., 0., 0., 0., 1., 0., 1., 0., 1., 0.,
           0., 0.],
          [1., 0., 1., 1., 1., 0., 0., 0., 0., 1., 1., 0., 1., 1., 1., 0., 1.,
           0., 0.],
          [0., 1., 1., 0., 1., 0., 0., 0., 0., 1., 0., 0., 1., 1., 1., 0., 0.,
           0., 1.],
          [0., 1., 1., 0., 0., 1., 1., 1., 0., 1., 1., 0., 1., 0., 1., 1., 0.,
           0., 1.],
          [0., 0., 1., 1., 1., 0., 0., 1., 0., 1., 0., 1., 0., 0., 1., 0., 0.,
           1., 1.],
          [1., 0., 0., 0., 1., 1., 1., 0., 1., 0., 0., 0., 1., 0., 0., 1., 1.,
           1., 1.],
          [1., 0., 1., 0., 1., 0., 1., 1., 0., 0., 0., 0., 1., 0., 0., 1., 0.,
           1., 1.],
          [0., 1., 1., 1., 1., 0., 0., 0., 0., 1., 1., 1., 1., 0., 0., 1., 0.,
           1., 0.],
          [1., 0., 0., 0., 1., 1., 1., 0., 0., 0., 0., 0., 0., 0., 1., 1., 1.,
           1., 0.],
          [0., 1., 0., 0., 0., 1., 1., 0., 1., 0., 0., 1., 1., 0., 0., 0., 0.,
           1., 1.],
          [1., 1., 0., 0., 1., 0., 1., 0., 1., 1., 0., 1., 1., 1., 0., 0., 1.,
           1., 1.],
          [0., 1., 0., 1., 0., 1., 1., 1., 1., 0., 1., 1., 0., 0., 1., 0., 1.,
           0., 1.],
          [0., 0., 1., 0., 0., 1., 0., 1., 1., 0., 0., 1., 1., 0., 1., 0., 0.,
           0., 0.],
          [1., 0., 1., 1., 0., 0., 0., 0., 1., 0., 1., 1., 0., 0., 1., 1., 1.,
           1., 1.],
          [0., 1., 1., 1., 0., 1., 0., 1., 0., 0., 0., 1., 1., 0., 0., 1., 0.,
           0., 0.],
          [0., 0., 0., 0., 1., 0., 0., 0., 1., 1., 0., 0., 1., 0., 1., 0., 0.,
           1., 1.]]]], device='cuda:0'), tensor([[0.7324]], device='cuda:0'))
2026-01-07 17:24:59 - INFO - [ 9.9464804e-01 -4.8129048e-02  6.0087716e-04  1.2225604e-02
  6.0087902e-04  1.2225604e-02  8.6435008e-01 -2.8330642e-01]
2026-01-07 17:24:59 - INFO - {'S11_real': np.float32(0.99464804), 'S11_imag': np.float32(-0.04812905), 'S21_real': np.float32(0.00060087716), 'S21_imag': np.float32(0.012225604), 'S12_real': np.float32(0.000600879), 'S12_imag': np.float32(0.012225604), 'S22_real': np.float32(0.8643501), 'S22_imag': np.float32(-0.28330642)}
2026-01-07 17:24:59 - INFO - (tensor([[[[1., 0., 0., 0., 0., 0., 0., 0., 1., 0., 1., 0., 1., 1., 0., 0., 0.,
           0., 0.],
          [1., 0., 0., 1., 0., 1., 1., 0., 1., 0., 1., 1., 1., 0., 0., 0., 1.,
           1., 1.],
          [0., 1., 0., 1., 1., 1., 1., 1., 0., 1., 1., 1., 1., 1., 0., 0., 0.,
           1., 0.],
          [1., 1., 1., 0., 1., 0., 0., 1., 1., 1., 1., 0., 0., 1., 0., 1., 0.,
           0., 0.],
          [0., 0., 1., 0., 1., 0., 0., 1., 1., 0., 1., 1., 0., 1., 0., 0., 1.,
           1., 0.],
          [1., 0., 0., 1., 0., 0., 0., 0., 0., 0., 1., 1., 1., 0., 0., 1., 0.,
           0., 1.],
          [0., 1., 0., 1., 1., 0., 0., 1., 0., 1., 1., 0., 1., 1., 0., 0., 1.,
           1., 0.],
          [1., 0., 1., 1., 0., 1., 1., 0., 1., 1., 0., 1., 0., 1., 1., 1., 0.,
           1., 1.],
          [1., 1., 1., 1., 0., 0., 1., 0., 0., 1., 1., 1., 0., 1., 0., 1., 1.,
           1., 1.],
          [1., 1., 1., 0., 1., 0., 1., 0., 0., 1., 0., 1., 1., 0., 0., 0., 1.,
           0., 1.],
          [0., 1., 1., 1., 0., 1., 0., 0., 1., 1., 0., 1., 0., 1., 1., 1., 1.,
           1., 1.],
          [1., 0., 1., 1., 0., 0., 1., 0., 0., 0., 0., 1., 1., 1., 1., 0., 0.,
           0., 0.],
          [1., 1., 1., 0., 1., 0., 1., 0., 0., 0., 1., 1., 0., 0., 0., 0., 0.,
           0., 1.],
          [1., 0., 1., 1., 1., 1., 1., 1., 1., 0., 1., 0., 1., 1., 0., 0., 1.,
           1., 0.],
          [1., 1., 1., 0., 1., 1., 0., 1., 1., 1., 1., 1., 0., 0., 0., 0., 1.,
           1., 1.],
          [1., 1., 0., 1., 1., 1., 0., 1., 0., 0., 1., 1., 0., 0., 1., 1., 0.,
           0., 1.],
          [1., 0., 0., 0., 0., 1., 1., 1., 0., 1., 1., 0., 0., 0., 0., 0., 1.,
           0., 1.],
          [1., 0., 1., 0., 1., 1., 1., 0., 1., 1., 1., 1., 1., 0., 0., 1., 1.,
           1., 1.],
          [1., 0., 1., 0., 0., 0., 1., 0., 1., 0., 1., 0., 0., 1., 1., 0., 1.,
           0., 0.]]]], device='cuda:0'), tensor([[0.7324]], device='cuda:0'))
2026-01-07 17:24:59 - INFO - [-0.04563059 -0.0134374   0.91983825 -0.21971376  0.91983825 -0.21971378
 -0.05471331 -0.0062045 ]
2026-01-07 17:24:59 - INFO - {'S11_real': np.float32(-0.04563059), 'S11_imag': np.float32(-0.0134374015), 'S21_real': np.float32(0.91983825), 'S21_imag': np.float32(-0.21971376), 'S12_real': np.float32(0.91983825), 'S12_imag': np.float32(-0.21971378), 'S22_real': np.float32(-0.054713313), 'S22_imag': np.float32(-0.0062044957)}
2026-01-07 17:24:59 - INFO - (tensor([[[[1., 1., 1., 1., 0., 0., 0., 1., 0., 1., 0., 1., 0., 1., 1., 0., 1.,
           1., 0.],
          [0., 1., 0., 0., 1., 0., 0., 0., 0., 1., 0., 1., 0., 0., 1., 0., 0.,
           1., 0.],
          [0., 1., 0., 0., 0., 1., 0., 1., 1., 1., 1., 1., 0., 1., 1., 0., 0.,
           1., 1.],
          [1., 0., 0., 1., 1., 0., 1., 0., 1., 1., 1., 0., 0., 1., 1., 0., 1.,
           1., 0.],
          [1., 1., 0., 0., 1., 0., 0., 0., 0., 0., 1., 1., 0., 0., 1., 1., 1.,
           0., 1.],
          [1., 0., 0., 1., 0., 0., 0., 1., 1., 1., 1., 1., 1., 0., 1., 1., 1.,
           0., 0.],
          [1., 0., 0., 1., 0., 0., 1., 0., 0., 1., 1., 0., 0., 1., 0., 0., 0.,
           0., 1.],
          [1., 1., 0., 0., 1., 0., 1., 1., 0., 0., 1., 0., 1., 0., 1., 0., 0.,
           0., 1.],
          [1., 0., 0., 0., 0., 1., 0., 0., 1., 0., 0., 0., 1., 0., 0., 1., 1.,
           0., 1.],
          [1., 1., 0., 0., 1., 1., 0., 0., 0., 0., 1., 1., 0., 0., 1., 0., 1.,
           0., 1.],
          [0., 1., 1., 1., 1., 0., 0., 1., 1., 1., 0., 0., 1., 1., 1., 0., 0.,
           0., 1.],
          [0., 0., 0., 0., 1., 0., 0., 1., 0., 1., 1., 0., 0., 0., 1., 1., 1.,
           1., 0.],
          [0., 1., 0., 1., 0., 1., 1., 1., 0., 0., 1., 1., 1., 0., 1., 0., 0.,
           1., 0.],
          [1., 1., 0., 0., 0., 0., 0., 0., 0., 1., 0., 1., 0., 0., 1., 1., 1.,
           1., 0.],
          [0., 1., 0., 0., 1., 1., 0., 1., 0., 1., 0., 1., 1., 1., 1., 0., 0.,
           0., 0.],
          [1., 0., 1., 0., 1., 0., 1., 0., 1., 1., 0., 0., 1., 0., 0., 1., 1.,
           1., 0.],
          [0., 1., 0., 0., 0., 1., 0., 0., 1., 0., 1., 0., 0., 1., 1., 1., 0.,
           0., 1.],
          [1., 0., 0., 1., 0., 1., 0., 0., 0., 0., 0., 1., 1., 1., 1., 1., 1.,
           0., 1.],
          [0., 1., 1., 1., 0., 0., 0., 1., 1., 0., 1., 1., 1., 1., 1., 0., 0.,
           1., 1.]]]], device='cuda:0'), tensor([[0.7324]], device='cuda:0'))
2026-01-07 17:24:59 - INFO - [ 0.5840484  -0.26000068  0.4631474  -0.05600524  0.4631474  -0.05600524
  0.9250253  -0.04908577]
2026-01-07 17:24:59 - INFO - {'S11_real': np.float32(0.5840484), 'S11_imag': np.float32(-0.26000068), 'S21_real': np.float32(0.4631474), 'S21_imag': np.float32(-0.05600524), 'S12_real': np.float32(0.4631474), 'S12_imag': np.float32(-0.05600524), 'S22_real': np.float32(0.9250253), 'S22_imag': np.float32(-0.049085774)}
2026-01-07 17:24:59 - INFO - (tensor([[[[0., 1., 1., 1., 1., 1., 1., 0., 0., 1., 0., 1., 0., 1., 0., 1., 0.,
           1., 1.],
          [1., 0., 1., 1., 1., 0., 1., 0., 0., 1., 1., 1., 1., 0., 0., 1., 1.,
           0., 1.],
          [0., 0., 0., 0., 0., 0., 1., 1., 1., 1., 1., 0., 0., 0., 1., 0., 0.,
           1., 0.],
          [1., 0., 1., 0., 1., 1., 0., 1., 1., 0., 0., 0., 0., 0., 0., 1., 0.,
           0., 0.],
          [1., 0., 1., 0., 1., 0., 0., 1., 0., 0., 1., 0., 1., 0., 0., 1., 0.,
           1., 0.],
          [1., 0., 1., 0., 0., 1., 1., 0., 1., 1., 1., 1., 0., 1., 0., 1., 0.,
           1., 0.],
          [0., 0., 1., 1., 1., 1., 0., 1., 0., 1., 0., 0., 0., 1., 0., 0., 1.,
           1., 0.],
          [1., 0., 1., 0., 1., 0., 1., 1., 1., 1., 1., 1., 0., 0., 0., 0., 0.,
           0., 0.],
          [1., 0., 1., 1., 1., 0., 1., 1., 1., 0., 0., 1., 1., 1., 1., 0., 1.,
           1., 1.],
          [1., 1., 0., 0., 1., 1., 0., 1., 1., 0., 0., 0., 0., 1., 1., 1., 0.,
           1., 1.],
          [1., 0., 0., 0., 1., 0., 0., 0., 1., 0., 1., 0., 0., 1., 1., 0., 1.,
           1., 0.],
          [1., 0., 1., 1., 1., 1., 1., 1., 0., 0., 1., 1., 1., 1., 1., 0., 1.,
           0., 0.],
          [1., 0., 0., 0., 0., 1., 1., 0., 1., 1., 0., 1., 1., 0., 1., 1., 1.,
           0., 1.],
          [1., 1., 1., 0., 0., 0., 0., 0., 0., 0., 1., 0., 0., 1., 0., 0., 1.,
           1., 1.],
          [0., 1., 0., 1., 1., 0., 1., 0., 1., 0., 0., 1., 0., 1., 0., 0., 1.,
           1., 1.],
          [1., 0., 0., 1., 0., 1., 0., 1., 0., 0., 0., 1., 0., 1., 0., 0., 0.,
           0., 1.],
          [1., 0., 1., 1., 0., 0., 0., 0., 1., 0., 0., 1., 0., 0., 1., 1., 0.,
           1., 0.],
          [1., 1., 0., 0., 0., 0., 1., 0., 0., 0., 1., 0., 1., 0., 1., 1., 1.,
           1., 1.],
          [0., 1., 1., 1., 0., 0., 1., 0., 0., 0., 0., 0., 0., 0., 1., 0., 1.,
           1., 0.]]]], device='cuda:0'), tensor([[0.7324]], device='cuda:0'))
2026-01-07 17:24:59 - INFO - [-0.03512639  0.01394338  0.9249196  -0.22614588  0.92491955 -0.2261459
 -0.03709128  0.01576431]
2026-01-07 17:24:59 - INFO - {'S11_real': np.float32(-0.03512639), 'S11_imag': np.float32(0.0139433835), 'S21_real': np.float32(0.9249196), 'S21_imag': np.float32(-0.22614588), 'S12_real': np.float32(0.92491955), 'S12_imag': np.float32(-0.2261459), 'S22_real': np.float32(-0.03709128), 'S22_imag': np.float32(0.01576431)}
2026-01-07 17:24:59 - INFO - (tensor([[[[0., 0., 0., 1., 0., 1., 0., 0., 1., 1., 1., 0., 1., 1., 1., 0., 1.,
           1., 0.],
          [1., 1., 1., 1., 0., 1., 0., 1., 0., 0., 0., 0., 1., 0., 0., 1., 0.,
           1., 0.],
          [1., 1., 0., 1., 0., 0., 0., 1., 1., 0., 1., 1., 0., 1., 1., 0., 0.,
           1., 1.],
          [1., 0., 1., 1., 1., 0., 1., 1., 0., 1., 1., 0., 1., 1., 0., 1., 1.,
           1., 1.],
          [1., 1., 0., 0., 0., 0., 1., 0., 0., 0., 0., 1., 1., 1., 0., 0., 0.,
           0., 1.],
          [1., 0., 1., 0., 0., 1., 1., 0., 0., 1., 1., 0., 0., 1., 1., 0., 1.,
           0., 1.],
          [0., 1., 0., 1., 0., 1., 1., 1., 1., 1., 1., 0., 0., 0., 1., 0., 1.,
           0., 0.],
          [1., 1., 1., 1., 1., 1., 0., 1., 1., 0., 0., 0., 0., 0., 0., 0., 0.,
           0., 1.],
          [1., 1., 1., 0., 0., 0., 0., 1., 0., 1., 1., 1., 1., 1., 1., 1., 0.,
           0., 1.],
          [1., 0., 1., 1., 1., 1., 1., 0., 1., 0., 0., 1., 1., 0., 0., 0., 1.,
           1., 1.],
          [1., 1., 0., 0., 1., 1., 1., 1., 0., 0., 1., 0., 1., 0., 1., 0., 0.,
           0., 0.],
          [0., 0., 1., 1., 0., 0., 1., 0., 0., 1., 0., 0., 0., 1., 0., 1., 0.,
           1., 0.],
          [1., 1., 1., 1., 0., 1., 1., 1., 0., 0., 0., 1., 1., 1., 1., 0., 0.,
           0., 0.],
          [1., 0., 1., 1., 0., 0., 0., 1., 0., 0., 1., 1., 0., 0., 1., 0., 1.,
           1., 1.],
          [1., 1., 0., 0., 1., 1., 0., 0., 1., 1., 1., 1., 0., 0., 0., 1., 0.,
           1., 1.],
          [0., 1., 1., 0., 1., 1., 0., 1., 1., 0., 1., 0., 1., 1., 0., 0., 1.,
           1., 1.],
          [0., 0., 1., 0., 1., 0., 1., 0., 0., 1., 1., 1., 1., 0., 0., 1., 0.,
           1., 0.],
          [0., 1., 1., 1., 1., 1., 1., 0., 0., 0., 1., 0., 1., 0., 1., 0., 0.,
           1., 1.],
          [1., 1., 0., 1., 1., 1., 0., 1., 1., 0., 1., 1., 1., 0., 1., 1., 0.,
           0., 0.]]]], device='cuda:0'), tensor([[0.7324]], device='cuda:0'))
2026-01-07 17:24:59 - INFO - [ 0.6899955  -0.4372849   0.01353259  0.04725058  0.01353259  0.04725058
  0.986599   -0.08091579]
2026-01-07 17:24:59 - INFO - {'S11_real': np.float32(0.6899955), 'S11_imag': np.float32(-0.4372849), 'S21_real': np.float32(0.01353259), 'S21_imag': np.float32(0.04725058), 'S12_real': np.float32(0.013532588), 'S12_imag': np.float32(0.047250584), 'S22_real': np.float32(0.986599), 'S22_imag': np.float32(-0.08091579)}
2026-01-07 17:24:59 - INFO - (tensor([[[[0., 1., 1., 0., 0., 1., 0., 0., 1., 0., 1., 1., 0., 0., 0., 1., 0.,
           0., 1.],
          [1., 0., 1., 1., 0., 1., 0., 1., 0., 0., 0., 1., 1., 1., 0., 0., 1.,
           0., 0.],
          [1., 0., 1., 1., 0., 1., 1., 0., 1., 1., 0., 0., 1., 1., 1., 0., 1.,
           1., 0.],
          [1., 0., 0., 0., 0., 1., 0., 0., 0., 0., 1., 1., 0., 1., 0., 0., 1.,
           0., 1.],
          [0., 0., 0., 1., 0., 0., 0., 1., 0., 1., 1., 1., 1., 0., 0., 1., 1.,
           0., 0.],
          [0., 0., 1., 0., 1., 0., 1., 1., 0., 1., 0., 1., 1., 0., 1., 0., 0.,
           1., 0.],
          [1., 0., 0., 1., 1., 1., 0., 0., 0., 1., 1., 1., 0., 1., 1., 1., 0.,
           1., 0.],
          [1., 1., 0., 1., 1., 0., 1., 0., 1., 1., 1., 1., 1., 0., 1., 0., 0.,
           0., 1.],
          [1., 0., 0., 0., 1., 0., 0., 1., 0., 0., 0., 0., 0., 1., 1., 1., 0.,
           0., 1.],
          [1., 1., 1., 0., 0., 1., 1., 1., 0., 1., 1., 0., 0., 0., 0., 1., 0.,
           1., 1.],
          [1., 1., 1., 0., 0., 0., 1., 0., 0., 0., 0., 1., 0., 1., 1., 0., 1.,
           0., 0.],
          [0., 0., 0., 0., 1., 0., 1., 1., 0., 0., 0., 1., 1., 0., 1., 1., 1.,
           1., 0.],
          [1., 0., 1., 1., 1., 1., 0., 0., 0., 0., 0., 0., 0., 1., 0., 1., 0.,
           0., 0.],
          [0., 0., 1., 1., 1., 0., 0., 1., 0., 1., 1., 0., 0., 0., 1., 0., 0.,
           0., 0.],
          [1., 1., 0., 0., 1., 0., 1., 0., 0., 1., 0., 0., 1., 0., 0., 0., 0.,
           1., 1.],
          [1., 0., 1., 0., 0., 1., 1., 0., 0., 1., 1., 1., 1., 0., 1., 1., 0.,
           0., 1.],
          [0., 1., 1., 0., 1., 1., 1., 1., 0., 0., 0., 1., 0., 1., 0., 1., 1.,
           0., 1.],
          [0., 1., 0., 0., 0., 0., 1., 1., 1., 0., 0., 1., 0., 1., 0., 0., 0.,
           1., 0.],
          [1., 0., 1., 1., 1., 0., 1., 1., 1., 1., 1., 1., 1., 0., 1., 0., 1.,
           1., 1.]]]], device='cuda:0'), tensor([[0.7324]], device='cuda:0'))
2026-01-07 17:24:59 - INFO - [ 9.8495835e-01 -8.8330671e-02  4.0521563e-04  1.7419487e-02
  4.0521377e-04  1.7419480e-02  9.0746391e-01 -2.3110755e-01]
2026-01-07 17:24:59 - INFO - {'S11_real': np.float32(0.98495835), 'S11_imag': np.float32(-0.08833067), 'S21_real': np.float32(0.00040521563), 'S21_imag': np.float32(0.017419487), 'S12_real': np.float32(0.00040521377), 'S12_imag': np.float32(0.01741948), 'S22_real': np.float32(0.9074639), 'S22_imag': np.float32(-0.23110755)}
2026-01-07 17:24:59 - INFO - (tensor([[[[1., 1., 1., 0., 0., 0., 1., 1., 1., 0., 0., 1., 1., 1., 0., 0., 0.,
           1., 1.],
          [1., 0., 0., 1., 0., 0., 0., 0., 1., 0., 1., 1., 0., 0., 0., 0., 0.,
           1., 0.],
          [1., 1., 0., 1., 0., 1., 1., 0., 0., 1., 1., 0., 0., 0., 1., 0., 1.,
           0., 0.],
          [1., 1., 0., 1., 0., 1., 1., 1., 0., 0., 0., 0., 1., 1., 0., 1., 0.,
           1., 0.],
          [1., 0., 1., 1., 0., 0., 1., 1., 0., 0., 1., 0., 0., 1., 0., 1., 0.,
           0., 0.],
          [1., 0., 1., 1., 1., 0., 0., 0., 1., 1., 1., 1., 0., 1., 0., 1., 1.,
           1., 1.],
          [1., 0., 0., 1., 0., 0., 1., 1., 1., 1., 1., 1., 1., 0., 0., 0., 0.,
           0., 0.],
          [0., 0., 1., 1., 0., 0., 1., 0., 0., 0., 0., 1., 0., 0., 1., 1., 0.,
           1., 1.],
          [0., 1., 1., 0., 1., 0., 0., 0., 0., 1., 1., 1., 1., 0., 1., 0., 0.,
           0., 1.],
          [1., 0., 1., 1., 0., 1., 0., 1., 1., 1., 0., 0., 1., 1., 0., 0., 1.,
           0., 1.],
          [1., 0., 1., 1., 0., 0., 0., 1., 1., 0., 1., 1., 1., 1., 1., 1., 0.,
           1., 1.],
          [1., 0., 1., 1., 0., 1., 0., 0., 1., 0., 0., 0., 1., 1., 1., 0., 1.,
           1., 0.],
          [0., 1., 1., 1., 1., 1., 1., 0., 1., 0., 0., 0., 1., 1., 1., 0., 0.,
           1., 1.],
          [0., 0., 0., 0., 0., 0., 1., 1., 0., 1., 0., 0., 0., 0., 1., 0., 0.,
           0., 1.],
          [1., 1., 1., 0., 1., 0., 0., 0., 0., 0., 1., 1., 1., 1., 0., 1., 1.,
           0., 1.],
          [1., 1., 0., 1., 0., 1., 0., 0., 1., 0., 0., 0., 1., 0., 1., 0., 1.,
           0., 0.],
          [1., 1., 0., 1., 0., 1., 1., 1., 0., 1., 1., 0., 1., 1., 0., 1., 1.,
           0., 1.],
          [0., 1., 0., 0., 0., 1., 1., 0., 1., 1., 1., 1., 1., 1., 1., 1., 0.,
           1., 0.],
          [1., 0., 0., 0., 0., 1., 1., 1., 0., 0., 1., 0., 1., 0., 0., 0., 0.,
           0., 1.]]]], device='cuda:0'), tensor([[0.7324]], device='cuda:0'))
2026-01-07 17:24:59 - INFO - [ 0.33373898 -0.01568904  0.8727979  -0.17752592  0.87279785 -0.17752591
  0.14753553 -0.05362405]
2026-01-07 17:24:59 - INFO - {'S11_real': np.float32(0.33373898), 'S11_imag': np.float32(-0.015689036), 'S21_real': np.float32(0.8727979), 'S21_imag': np.float32(-0.17752592), 'S12_real': np.float32(0.87279785), 'S12_imag': np.float32(-0.17752591), 'S22_real': np.float32(0.14753553), 'S22_imag': np.float32(-0.053624045)}
2026-01-07 17:24:59 - INFO - (tensor([[[[0., 0., 0., 1., 1., 1., 0., 1., 0., 0., 0., 0., 1., 0., 0., 1., 0.,
           0., 0.],
          [0., 1., 0., 0., 1., 0., 1., 0., 0., 1., 1., 1., 1., 1., 0., 0., 0.,
           1., 0.],
          [0., 1., 0., 0., 0., 1., 1., 0., 1., 0., 1., 1., 0., 0., 1., 1., 0.,
           0., 0.],
          [1., 0., 1., 1., 0., 1., 1., 1., 0., 1., 0., 1., 1., 1., 0., 0., 1.,
           1., 1.],
          [1., 0., 1., 1., 0., 1., 1., 0., 1., 1., 0., 1., 1., 0., 0., 0., 1.,
           0., 1.],
          [1., 0., 0., 0., 0., 1., 1., 1., 0., 0., 1., 0., 1., 0., 0., 0., 0.,
           1., 0.],
          [1., 0., 0., 1., 0., 1., 0., 0., 1., 0., 1., 0., 0., 1., 1., 0., 1.,
           0., 1.],
          [1., 0., 1., 0., 1., 0., 0., 0., 1., 0., 0., 0., 0., 0., 0., 0., 1.,
           0., 0.],
          [0., 1., 0., 1., 0., 0., 0., 0., 1., 0., 1., 1., 1., 1., 1., 0., 1.,
           0., 1.],
          [1., 1., 1., 0., 0., 0., 0., 1., 0., 0., 0., 1., 0., 1., 0., 0., 0.,
           0., 1.],
          [1., 1., 0., 0., 1., 0., 1., 0., 1., 1., 1., 0., 0., 0., 0., 1., 0.,
           1., 0.],
          [1., 1., 0., 0., 1., 1., 0., 1., 1., 1., 0., 0., 0., 1., 1., 0., 0.,
           0., 1.],
          [0., 0., 1., 1., 1., 0., 1., 0., 1., 1., 0., 0., 0., 1., 1., 1., 0.,
           0., 1.],
          [1., 1., 1., 0., 0., 1., 0., 0., 1., 1., 1., 0., 0., 0., 0., 1., 1.,
           1., 1.],
          [1., 1., 1., 0., 1., 0., 0., 1., 0., 0., 0., 0., 1., 0., 1., 0., 0.,
           1., 1.],
          [0., 1., 1., 1., 1., 1., 0., 1., 0., 0., 0., 1., 0., 1., 1., 1., 0.,
           1., 0.],
          [1., 0., 0., 1., 1., 1., 0., 1., 0., 0., 0., 1., 1., 1., 1., 0., 0.,
           1., 1.],
          [0., 1., 0., 0., 1., 0., 0., 0., 1., 0., 1., 0., 1., 0., 0., 0., 0.,
           1., 0.],
          [0., 1., 0., 0., 1., 0., 1., 0., 1., 0., 1., 1., 1., 0., 0., 1., 0.,
           1., 1.]]]], device='cuda:0'), tensor([[0.7324]], device='cuda:0'))
2026-01-07 17:24:59 - INFO - [ 0.74376404 -0.38951704  0.00345543  0.01949396  0.00345543  0.01949396
  0.9966609  -0.03708118]
2026-01-07 17:24:59 - INFO - {'S11_real': np.float32(0.74376404), 'S11_imag': np.float32(-0.38951704), 'S21_real': np.float32(0.0034554305), 'S21_imag': np.float32(0.019493956), 'S12_real': np.float32(0.0034554324), 'S12_imag': np.float32(0.01949396), 'S22_real': np.float32(0.9966609), 'S22_imag': np.float32(-0.037081182)}
2026-01-07 17:24:59 - INFO - (tensor([[[[0., 1., 0., 1., 0., 1., 1., 0., 0., 0., 1., 1., 0., 0., 0., 0., 0.,
           0., 0.],
          [0., 0., 0., 1., 0., 1., 1., 1., 1., 1., 1., 1., 0., 0., 1., 1., 1.,
           1., 1.],
          [0., 1., 1., 0., 1., 1., 1., 0., 1., 0., 0., 0., 1., 1., 1., 1., 0.,
           0., 1.],
          [1., 1., 0., 1., 0., 1., 1., 0., 0., 0., 0., 0., 1., 1., 0., 1., 0.,
           0., 1.],
          [1., 0., 0., 1., 1., 1., 0., 0., 0., 0., 0., 0., 1., 1., 1., 1., 0.,
           1., 0.],
          [0., 1., 1., 0., 1., 0., 1., 1., 0., 1., 0., 0., 1., 0., 1., 1., 1.,
           1., 0.],
          [0., 1., 1., 0., 0., 1., 1., 1., 1., 0., 1., 1., 1., 0., 1., 0., 1.,
           1., 0.],
          [1., 1., 0., 0., 0., 0., 1., 1., 0., 1., 1., 1., 1., 1., 1., 1., 0.,
           1., 0.],
          [1., 1., 0., 0., 0., 0., 0., 0., 1., 1., 0., 1., 0., 0., 0., 0., 1.,
           0., 1.],
          [1., 1., 1., 0., 0., 0., 1., 0., 0., 0., 0., 0., 1., 1., 0., 1., 1.,
           1., 1.],
          [0., 1., 1., 1., 1., 0., 1., 0., 0., 1., 0., 0., 0., 0., 0., 1., 0.,
           1., 1.],
          [1., 1., 1., 1., 1., 1., 1., 0., 0., 1., 1., 0., 1., 1., 0., 1., 0.,
           1., 1.],
          [1., 1., 1., 0., 1., 1., 0., 1., 1., 1., 0., 0., 1., 1., 0., 1., 0.,
           1., 0.],
          [0., 1., 0., 1., 0., 1., 0., 1., 0., 0., 1., 1., 0., 0., 1., 0., 1.,
           1., 1.],
          [1., 1., 1., 0., 1., 0., 1., 1., 0., 1., 1., 1., 1., 0., 0., 0., 0.,
           0., 1.],
          [1., 1., 0., 0., 0., 0., 1., 0., 0., 1., 0., 0., 0., 0., 1., 0., 1.,
           1., 0.],
          [0., 1., 0., 0., 0., 0., 0., 0., 1., 0., 1., 1., 1., 0., 1., 1., 1.,
           0., 1.],
          [1., 0., 0., 1., 1., 0., 0., 0., 1., 0., 1., 1., 0., 1., 1., 1., 0.,
           0., 1.],
          [0., 0., 0., 0., 0., 0., 0., 1., 0., 0., 0., 0., 1., 0., 1., 0., 0.,
           0., 0.]]]], device='cuda:0'), tensor([[0.7324]], device='cuda:0'))
2026-01-07 17:24:59 - INFO - [-0.05517476 -0.02357804  0.922189   -0.20885044  0.922189   -0.20885046
 -0.05426928 -0.0245052 ]
2026-01-07 17:24:59 - INFO - {'S11_real': np.float32(-0.055174764), 'S11_imag': np.float32(-0.023578044), 'S21_real': np.float32(0.922189), 'S21_imag': np.float32(-0.20885044), 'S12_real': np.float32(0.922189), 'S12_imag': np.float32(-0.20885046), 'S22_real': np.float32(-0.054269284), 'S22_imag': np.float32(-0.024505202)}
2026-01-07 17:24:59 - INFO - (tensor([[[[1., 0., 0., 1., 1., 1., 1., 1., 1., 0., 0., 0., 1., 0., 1., 0., 0.,
           0., 0.],
          [0., 1., 1., 0., 1., 0., 0., 0., 1., 0., 1., 1., 0., 1., 0., 0., 1.,
           1., 0.],
          [1., 0., 0., 1., 0., 1., 0., 0., 0., 0., 1., 0., 0., 1., 0., 1., 0.,
           1., 0.],
          [1., 0., 1., 1., 0., 1., 0., 0., 1., 0., 0., 1., 0., 1., 1., 1., 1.,
           0., 0.],
          [1., 1., 1., 1., 1., 0., 0., 1., 1., 0., 1., 1., 1., 1., 0., 0., 0.,
           1., 1.],
          [1., 1., 0., 1., 0., 1., 0., 1., 0., 0., 1., 1., 1., 0., 1., 0., 0.,
           0., 1.],
          [1., 1., 1., 0., 1., 0., 1., 1., 0., 1., 0., 0., 1., 1., 0., 1., 1.,
           0., 0.],
          [0., 1., 1., 1., 0., 1., 1., 0., 1., 1., 0., 1., 0., 1., 1., 0., 1.,
           1., 0.],
          [1., 0., 0., 1., 1., 1., 0., 0., 0., 0., 1., 1., 0., 0., 0., 1., 1.,
           1., 0.],
          [1., 0., 1., 1., 0., 0., 1., 0., 1., 0., 0., 0., 1., 1., 0., 0., 1.,
           1., 1.],
          [1., 0., 0., 1., 1., 1., 0., 1., 0., 1., 1., 0., 0., 0., 0., 0., 0.,
           1., 1.],
          [0., 0., 1., 1., 0., 0., 1., 0., 1., 0., 0., 1., 0., 1., 1., 0., 0.,
           1., 1.],
          [1., 1., 0., 0., 1., 1., 1., 1., 1., 1., 1., 1., 0., 0., 1., 1., 0.,
           1., 1.],
          [1., 1., 0., 1., 0., 0., 0., 0., 0., 0., 0., 1., 0., 0., 0., 1., 1.,
           1., 1.],
          [0., 0., 1., 1., 1., 1., 1., 0., 1., 0., 0., 0., 1., 1., 0., 1., 1.,
           1., 1.],
          [1., 1., 0., 1., 1., 0., 0., 0., 1., 1., 1., 1., 0., 1., 0., 1., 0.,
           1., 1.],
          [1., 1., 1., 1., 0., 0., 0., 0., 1., 0., 1., 1., 0., 1., 0., 0., 1.,
           0., 0.],
          [1., 0., 1., 1., 0., 1., 1., 0., 1., 0., 1., 0., 0., 1., 1., 0., 0.,
           0., 0.],
          [1., 1., 0., 1., 1., 0., 0., 0., 1., 1., 1., 0., 1., 1., 0., 0., 1.,
           1., 1.]]]], device='cuda:0'), tensor([[0.7324]], device='cuda:0'))
2026-01-07 17:24:59 - INFO - [ 0.99276674 -0.05742649  0.0062471   0.02982176  0.0062471   0.02982176
  0.7228125  -0.41128644]
2026-01-07 17:24:59 - INFO - {'S11_real': np.float32(0.99276674), 'S11_imag': np.float32(-0.05742649), 'S21_real': np.float32(0.0062470953), 'S21_imag': np.float32(0.029821755), 'S12_real': np.float32(0.006247101), 'S12_imag': np.float32(0.02982176), 'S22_real': np.float32(0.7228125), 'S22_imag': np.float32(-0.41128644)}
2026-01-07 17:24:59 - INFO - (tensor([[[[1., 0., 1., 0., 0., 0., 1., 0., 1., 1., 1., 1., 1., 0., 1., 1., 1.,
           1., 0.],
          [1., 0., 1., 0., 0., 0., 1., 0., 1., 0., 1., 0., 1., 0., 0., 0., 1.,
           0., 0.],
          [1., 1., 1., 0., 0., 1., 0., 1., 0., 1., 1., 0., 1., 1., 1., 1., 1.,
           1., 0.],
          [0., 0., 0., 0., 1., 1., 1., 1., 1., 0., 0., 0., 1., 1., 1., 0., 0.,
           0., 0.],
          [0., 0., 0., 1., 0., 0., 0., 1., 1., 1., 0., 0., 1., 0., 0., 1., 0.,
           1., 0.],
          [0., 0., 0., 0., 1., 1., 0., 0., 1., 0., 0., 1., 0., 0., 1., 0., 0.,
           0., 1.],
          [1., 0., 1., 0., 1., 0., 0., 1., 0., 0., 0., 1., 1., 0., 1., 0., 0.,
           0., 0.],
          [0., 0., 1., 1., 0., 1., 1., 0., 0., 0., 0., 0., 0., 1., 1., 1., 1.,
           0., 0.],
          [1., 0., 0., 0., 0., 0., 0., 1., 1., 1., 0., 1., 0., 1., 1., 1., 1.,
           1., 1.],
          [1., 0., 0., 0., 0., 0., 1., 1., 0., 1., 0., 0., 0., 1., 0., 1., 0.,
           0., 1.],
          [1., 1., 0., 0., 1., 1., 1., 0., 1., 1., 0., 1., 0., 1., 0., 0., 0.,
           0., 0.],
          [1., 1., 1., 0., 1., 1., 0., 1., 1., 0., 1., 0., 0., 0., 0., 0., 1.,
           0., 1.],
          [0., 1., 0., 0., 0., 0., 0., 0., 1., 0., 0., 1., 0., 1., 0., 0., 0.,
           1., 1.],
          [0., 0., 0., 0., 1., 0., 0., 0., 1., 1., 1., 0., 0., 1., 0., 1., 1.,
           1., 0.],
          [1., 0., 0., 0., 1., 0., 0., 1., 0., 1., 1., 0., 0., 0., 0., 1., 1.,
           1., 1.],
          [0., 1., 1., 0., 0., 1., 1., 1., 1., 0., 0., 1., 1., 0., 0., 0., 0.,
           1., 1.],
          [1., 1., 0., 1., 0., 1., 0., 1., 1., 1., 0., 1., 1., 1., 0., 0., 1.,
           0., 1.],
          [0., 0., 0., 1., 1., 1., 1., 1., 0., 0., 0., 1., 1., 1., 1., 0., 1.,
           0., 1.],
          [1., 0., 1., 0., 0., 0., 0., 0., 0., 1., 1., 1., 1., 1., 0., 1., 1.,
           1., 1.]]]], device='cuda:0'), tensor([[0.7324]], device='cuda:0'))
2026-01-07 17:24:59 - INFO - [ 9.80367661e-01 -9.00044814e-02  1.08688138e-04  1.43519845e-02
  1.08682550e-04  1.43519808e-02  9.17294085e-01 -2.12828085e-01]
2026-01-07 17:24:59 - INFO - {'S11_real': np.float32(0.98036766), 'S11_imag': np.float32(-0.09000448), 'S21_real': np.float32(0.00010868814), 'S21_imag': np.float32(0.0143519845), 'S12_real': np.float32(0.00010868255), 'S12_imag': np.float32(0.014351981), 'S22_real': np.float32(0.9172941), 'S22_imag': np.float32(-0.21282808)}
2026-01-07 17:24:59 - INFO - (tensor([[[[1., 0., 1., 0., 0., 1., 1., 1., 1., 1., 0., 0., 0., 1., 1., 1., 1.,
           1., 1.],
          [1., 0., 0., 1., 0., 0., 0., 1., 1., 0., 0., 0., 0., 0., 0., 1., 0.,
           0., 1.],
          [1., 0., 0., 0., 0., 0., 0., 0., 1., 0., 1., 0., 0., 0., 1., 1., 1.,
           1., 0.],
          [0., 1., 0., 0., 1., 1., 0., 0., 1., 0., 0., 1., 0., 1., 0., 0., 0.,
           0., 0.],
          [0., 0., 0., 0., 0., 0., 1., 1., 0., 1., 0., 0., 0., 0., 1., 0., 1.,
           0., 0.],
          [0., 0., 0., 1., 1., 1., 1., 1., 1., 0., 1., 0., 1., 1., 0., 1., 0.,
           0., 0.],
          [1., 1., 0., 0., 1., 0., 0., 1., 1., 1., 0., 1., 0., 1., 0., 1., 0.,
           1., 0.],
          [0., 1., 1., 0., 1., 0., 0., 0., 0., 1., 0., 1., 0., 0., 0., 1., 1.,
           0., 0.],
          [0., 0., 0., 1., 0., 1., 1., 0., 1., 0., 0., 1., 1., 0., 0., 0., 1.,
           1., 0.],
          [1., 1., 0., 0., 0., 0., 0., 1., 0., 1., 0., 0., 0., 0., 0., 1., 0.,
           1., 1.],
          [1., 0., 1., 0., 0., 0., 1., 0., 0., 0., 0., 1., 0., 0., 0., 1., 0.,
           1., 1.],
          [1., 0., 1., 0., 0., 1., 1., 1., 0., 0., 1., 1., 1., 0., 1., 1., 0.,
           1., 0.],
          [1., 0., 0., 0., 1., 1., 1., 0., 0., 1., 0., 1., 0., 0., 1., 0., 0.,
           0., 1.],
          [0., 1., 1., 0., 1., 1., 1., 0., 1., 0., 1., 0., 0., 1., 1., 1., 1.,
           1., 0.],
          [1., 0., 1., 1., 0., 0., 0., 0., 1., 1., 0., 0., 0., 0., 0., 1., 0.,
           0., 0.],
          [1., 0., 1., 0., 0., 0., 0., 1., 0., 1., 1., 0., 0., 1., 0., 0., 1.,
           0., 1.],
          [1., 0., 1., 0., 1., 1., 0., 0., 1., 1., 0., 1., 1., 0., 0., 1., 0.,
           1., 1.],
          [1., 0., 0., 0., 1., 1., 1., 0., 1., 1., 1., 1., 1., 1., 0., 0., 0.,
           1., 0.],
          [1., 1., 0., 1., 1., 1., 0., 1., 1., 0., 1., 0., 1., 0., 0., 0., 1.,
           1., 1.]]]], device='cuda:0'), tensor([[0.7324]], device='cuda:0'))
2026-01-07 17:24:59 - ERROR - 遗传演进:   0%|          | 0/100 [00:02<?, ?it/s]
2026-01-07 17:24:59 - ERROR - Traceback (most recent call last):

2026-01-07 17:24:59 - ERROR -   File "/home/hhabu/work_src/DL_IOMN_src/example/main.py", line 517, in <module>

2026-01-07 17:24:59 - ERROR - best_matrix, best_info, best_fitness = run_genetic_optimization(manager, target_freq=TARGET_CONFIG['target_freq'], 
2026-01-07 17:24:59 - ERROR - ^
2026-01-07 17:24:59 - ERROR - ^
2026-01-07 17:24:59 - ERROR - ^
2026-01-07 17:24:59 - ERROR - ^
2026-01-07 17:24:59 - ERROR - ^
2026-01-07 17:24:59 - ERROR - ^
2026-01-07 17:24:59 - ERROR - ^
2026-01-07 17:24:59 - ERROR - ^
2026-01-07 17:24:59 - ERROR - ^
2026-01-07 17:24:59 - ERROR - ^
2026-01-07 17:24:59 - ERROR - ^
2026-01-07 17:24:59 - ERROR - ^
2026-01-07 17:24:59 - ERROR - ^
2026-01-07 17:24:59 - ERROR - ^
2026-01-07 17:24:59 - ERROR - ^
2026-01-07 17:24:59 - ERROR - ^
2026-01-07 17:24:59 - ERROR - ^
2026-01-07 17:24:59 - ERROR - ^
2026-01-07 17:24:59 - ERROR - ^
2026-01-07 17:24:59 - ERROR - ^
2026-01-07 17:24:59 - ERROR - ^
2026-01-07 17:24:59 - ERROR - ^
2026-01-07 17:24:59 - ERROR - ^
2026-01-07 17:24:59 - ERROR - ^
2026-01-07 17:24:59 - ERROR - ^
2026-01-07 17:24:59 - ERROR - ^
2026-01-07 17:24:59 - ERROR - ^
2026-01-07 17:24:59 - ERROR - ^
2026-01-07 17:24:59 - ERROR - ^
2026-01-07 17:24:59 - ERROR - ^
2026-01-07 17:24:59 - ERROR - ^
2026-01-07 17:24:59 - ERROR - ^
2026-01-07 17:24:59 - ERROR - ^
2026-01-07 17:24:59 - ERROR - ^
2026-01-07 17:24:59 - ERROR - ^
2026-01-07 17:24:59 - ERROR - ^
2026-01-07 17:24:59 - ERROR - ^
2026-01-07 17:24:59 - ERROR - ^
2026-01-07 17:24:59 - ERROR - ^
2026-01-07 17:24:59 - ERROR - ^
2026-01-07 17:24:59 - ERROR - ^
2026-01-07 17:24:59 - ERROR - ^
2026-01-07 17:24:59 - ERROR - ^
2026-01-07 17:24:59 - ERROR - ^
2026-01-07 17:24:59 - ERROR - ^
2026-01-07 17:24:59 - ERROR - ^
2026-01-07 17:24:59 - ERROR - ^
2026-01-07 17:24:59 - ERROR - ^
2026-01-07 17:24:59 - ERROR - ^
2026-01-07 17:24:59 - ERROR - ^
2026-01-07 17:24:59 - ERROR - ^
2026-01-07 17:24:59 - ERROR - ^
2026-01-07 17:24:59 - ERROR - ^
2026-01-07 17:24:59 - ERROR - ^
2026-01-07 17:24:59 - ERROR - ^
2026-01-07 17:24:59 - ERROR - ^
2026-01-07 17:24:59 - ERROR - ^
2026-01-07 17:24:59 - ERROR - ^
2026-01-07 17:24:59 - ERROR - ^
2026-01-07 17:24:59 - ERROR - ^
2026-01-07 17:24:59 - ERROR - ^
2026-01-07 17:24:59 - ERROR - ^
2026-01-07 17:24:59 - ERROR - ^
2026-01-07 17:24:59 - ERROR - ^
2026-01-07 17:24:59 - ERROR - ^
2026-01-07 17:24:59 - ERROR - ^
2026-01-07 17:24:59 - ERROR - ^
2026-01-07 17:24:59 - ERROR - ^
2026-01-07 17:24:59 - ERROR - ^
2026-01-07 17:24:59 - ERROR - ^
2026-01-07 17:24:59 - ERROR - ^
2026-01-07 17:24:59 - ERROR - ^
2026-01-07 17:24:59 - ERROR - ^
2026-01-07 17:24:59 - ERROR - ^
2026-01-07 17:24:59 - ERROR - ^
2026-01-07 17:24:59 - ERROR -   File "/home/hhabu/work_src/DL_IOMN_src/example/main.py", line 399, in run_genetic_optimization

2026-01-07 17:24:59 - ERROR - best_matrix, best_info, best_fitness, fitness_history, best_fitness_history = ga.optimize(
2026-01-07 17:24:59 - ERROR - ^
2026-01-07 17:24:59 - ERROR - ^
2026-01-07 17:24:59 - ERROR - ^
2026-01-07 17:24:59 - ERROR - ^
2026-01-07 17:24:59 - ERROR - ^
2026-01-07 17:24:59 - ERROR - ^
2026-01-07 17:24:59 - ERROR - ^
2026-01-07 17:24:59 - ERROR - ^
2026-01-07 17:24:59 - ERROR - ^
2026-01-07 17:24:59 - ERROR - ^
2026-01-07 17:24:59 - ERROR - ^
2026-01-07 17:24:59 - ERROR - ^
2026-01-07 17:24:59 - ERROR -   File "/home/hhabu/work_src/DL_IOMN_src/example/optimization_algorithm.py", line 504, in optimize

2026-01-07 17:24:59 - ERROR - fitness, info = self.fitness_function(matrix, target_freq, target_params)
2026-01-07 17:24:59 - ERROR - ^
2026-01-07 17:24:59 - ERROR - ^
2026-01-07 17:24:59 - ERROR - ^
2026-01-07 17:24:59 - ERROR - ^
2026-01-07 17:24:59 - ERROR - ^
2026-01-07 17:24:59 - ERROR - ^
2026-01-07 17:24:59 - ERROR - ^
2026-01-07 17:24:59 - ERROR - ^
2026-01-07 17:24:59 - ERROR - ^
2026-01-07 17:24:59 - ERROR - ^
2026-01-07 17:24:59 - ERROR - ^
2026-01-07 17:24:59 - ERROR - ^
2026-01-07 17:24:59 - ERROR - ^
2026-01-07 17:24:59 - ERROR - ^
2026-01-07 17:24:59 - ERROR - ^
2026-01-07 17:24:59 - ERROR - ^
2026-01-07 17:24:59 - ERROR - ^
2026-01-07 17:24:59 - ERROR - ^
2026-01-07 17:24:59 - ERROR - ^
2026-01-07 17:24:59 - ERROR - ^
2026-01-07 17:24:59 - ERROR - ^
2026-01-07 17:24:59 - ERROR - ^
2026-01-07 17:24:59 - ERROR - ^
2026-01-07 17:24:59 - ERROR - ^
2026-01-07 17:24:59 - ERROR - ^
2026-01-07 17:24:59 - ERROR - ^
2026-01-07 17:24:59 - ERROR - ^
2026-01-07 17:24:59 - ERROR - ^
2026-01-07 17:24:59 - ERROR - ^
2026-01-07 17:24:59 - ERROR - ^
2026-01-07 17:24:59 - ERROR - ^
2026-01-07 17:24:59 - ERROR - ^
2026-01-07 17:24:59 - ERROR - ^
2026-01-07 17:24:59 - ERROR - ^
2026-01-07 17:24:59 - ERROR - ^
2026-01-07 17:24:59 - ERROR - ^
2026-01-07 17:24:59 - ERROR - ^
2026-01-07 17:24:59 - ERROR - ^
2026-01-07 17:24:59 - ERROR - ^
2026-01-07 17:24:59 - ERROR - ^
2026-01-07 17:24:59 - ERROR - ^
2026-01-07 17:24:59 - ERROR - ^
2026-01-07 17:24:59 - ERROR - ^
2026-01-07 17:24:59 - ERROR - ^
2026-01-07 17:24:59 - ERROR - ^
2026-01-07 17:24:59 - ERROR - ^
2026-01-07 17:24:59 - ERROR - ^
2026-01-07 17:24:59 - ERROR - ^
2026-01-07 17:24:59 - ERROR - ^
2026-01-07 17:24:59 - ERROR - ^
2026-01-07 17:24:59 - ERROR - ^
2026-01-07 17:24:59 - ERROR - ^
2026-01-07 17:24:59 - ERROR - ^
2026-01-07 17:24:59 - ERROR - ^
2026-01-07 17:24:59 - ERROR - ^
2026-01-07 17:24:59 - ERROR - ^
2026-01-07 17:24:59 - ERROR - ^
2026-01-07 17:24:59 - ERROR -   File "/home/hhabu/work_src/DL_IOMN_src/example/optimization_algorithm.py", line 179, in fitness_function

2026-01-07 17:24:59 - ERROR - s_params = self.predict_s_params(matrix, frequency)
2026-01-07 17:24:59 - ERROR - ^
2026-01-07 17:24:59 - ERROR - ^
2026-01-07 17:24:59 - ERROR - ^
2026-01-07 17:24:59 - ERROR - ^
2026-01-07 17:24:59 - ERROR - ^
2026-01-07 17:24:59 - ERROR - ^
2026-01-07 17:24:59 - ERROR - ^
2026-01-07 17:24:59 - ERROR - ^
2026-01-07 17:24:59 - ERROR - ^
2026-01-07 17:24:59 - ERROR - ^
2026-01-07 17:24:59 - ERROR - ^
2026-01-07 17:24:59 - ERROR - ^
2026-01-07 17:24:59 - ERROR - ^
2026-01-07 17:24:59 - ERROR - ^
2026-01-07 17:24:59 - ERROR - ^
2026-01-07 17:24:59 - ERROR - ^
2026-01-07 17:24:59 - ERROR - ^
2026-01-07 17:24:59 - ERROR - ^
2026-01-07 17:24:59 - ERROR - ^
2026-01-07 17:24:59 - ERROR - ^
2026-01-07 17:24:59 - ERROR - ^
2026-01-07 17:24:59 - ERROR - ^
2026-01-07 17:24:59 - ERROR - ^
2026-01-07 17:24:59 - ERROR - ^
2026-01-07 17:24:59 - ERROR - ^
2026-01-07 17:24:59 - ERROR - ^
2026-01-07 17:24:59 - ERROR - ^
2026-01-07 17:24:59 - ERROR - ^
2026-01-07 17:24:59 - ERROR - ^
2026-01-07 17:24:59 - ERROR - ^
2026-01-07 17:24:59 - ERROR - ^
2026-01-07 17:24:59 - ERROR - ^
2026-01-07 17:24:59 - ERROR - ^
2026-01-07 17:24:59 - ERROR - ^
2026-01-07 17:24:59 - ERROR - ^
2026-01-07 17:24:59 - ERROR - ^
2026-01-07 17:24:59 - ERROR - ^
2026-01-07 17:24:59 - ERROR - ^
2026-01-07 17:24:59 - ERROR - ^
2026-01-07 17:24:59 - ERROR - ^
2026-01-07 17:24:59 - ERROR -   File "/home/hhabu/work_src/DL_IOMN_src/example/optimization_algorithm.py", line 100, in predict_s_params

2026-01-07 17:24:59 - ERROR - s_params = self.model_manager.predict_single_sample(matrix, frequency_norm)
2026-01-07 17:24:59 - ERROR - ^
2026-01-07 17:24:59 - ERROR - ^
2026-01-07 17:24:59 - ERROR - ^
2026-01-07 17:24:59 - ERROR - ^
2026-01-07 17:24:59 - ERROR - ^
2026-01-07 17:24:59 - ERROR - ^
2026-01-07 17:24:59 - ERROR - ^
2026-01-07 17:24:59 - ERROR - ^
2026-01-07 17:24:59 - ERROR - ^
2026-01-07 17:24:59 - ERROR - ^
2026-01-07 17:24:59 - ERROR - ^
2026-01-07 17:24:59 - ERROR - ^
2026-01-07 17:24:59 - ERROR - ^
2026-01-07 17:24:59 - ERROR - ^
2026-01-07 17:24:59 - ERROR - ^
2026-01-07 17:24:59 - ERROR - ^
2026-01-07 17:24:59 - ERROR - ^
2026-01-07 17:24:59 - ERROR - ^
2026-01-07 17:24:59 - ERROR - ^
2026-01-07 17:24:59 - ERROR - ^
2026-01-07 17:24:59 - ERROR - ^
2026-01-07 17:24:59 - ERROR - ^
2026-01-07 17:24:59 - ERROR - ^
2026-01-07 17:24:59 - ERROR - ^
2026-01-07 17:24:59 - ERROR - ^
2026-01-07 17:24:59 - ERROR - ^
2026-01-07 17:24:59 - ERROR - ^
2026-01-07 17:24:59 - ERROR - ^
2026-01-07 17:24:59 - ERROR - ^
2026-01-07 17:24:59 - ERROR - ^
2026-01-07 17:24:59 - ERROR - ^
2026-01-07 17:24:59 - ERROR - ^
2026-01-07 17:24:59 - ERROR - ^
2026-01-07 17:24:59 - ERROR - ^
2026-01-07 17:24:59 - ERROR - ^
2026-01-07 17:24:59 - ERROR - ^
2026-01-07 17:24:59 - ERROR - ^
2026-01-07 17:24:59 - ERROR - ^
2026-01-07 17:24:59 - ERROR - ^
2026-01-07 17:24:59 - ERROR - ^
2026-01-07 17:24:59 - ERROR - ^
2026-01-07 17:24:59 - ERROR - ^
2026-01-07 17:24:59 - ERROR - ^
2026-01-07 17:24:59 - ERROR - ^
2026-01-07 17:24:59 - ERROR - ^
2026-01-07 17:24:59 - ERROR - ^
2026-01-07 17:24:59 - ERROR - ^
2026-01-07 17:24:59 - ERROR - ^
2026-01-07 17:24:59 - ERROR - ^
2026-01-07 17:24:59 - ERROR - ^
2026-01-07 17:24:59 - ERROR - ^
2026-01-07 17:24:59 - ERROR - ^
2026-01-07 17:24:59 - ERROR - ^
2026-01-07 17:24:59 - ERROR - ^
2026-01-07 17:24:59 - ERROR - ^
2026-01-07 17:24:59 - ERROR - ^
2026-01-07 17:24:59 - ERROR - ^
2026-01-07 17:24:59 - ERROR - ^
2026-01-07 17:24:59 - ERROR - ^
2026-01-07 17:24:59 - ERROR - ^
2026-01-07 17:24:59 - ERROR - ^
2026-01-07 17:24:59 - ERROR - ^
2026-01-07 17:24:59 - ERROR - ^
2026-01-07 17:24:59 - ERROR - ^
2026-01-07 17:24:59 - ERROR -   File "/home/hhabu/work_src/DL_IOMN_src/example/train.py", line 558, in predict_single_sample

2026-01-07 17:24:59 - ERROR - predictions = self.model(matrix, frequency)
2026-01-07 17:24:59 - ERROR - ^
2026-01-07 17:24:59 - ERROR - ^
2026-01-07 17:24:59 - ERROR - ^
2026-01-07 17:24:59 - ERROR - ^
2026-01-07 17:24:59 - ERROR - ^
2026-01-07 17:24:59 - ERROR - ^
2026-01-07 17:24:59 - ERROR - ^
2026-01-07 17:24:59 - ERROR - ^
2026-01-07 17:24:59 - ERROR - ^
2026-01-07 17:24:59 - ERROR - ^
2026-01-07 17:24:59 - ERROR - ^
2026-01-07 17:24:59 - ERROR - ^
2026-01-07 17:24:59 - ERROR - ^
2026-01-07 17:24:59 - ERROR - ^
2026-01-07 17:24:59 - ERROR - ^
2026-01-07 17:24:59 - ERROR - ^
2026-01-07 17:24:59 - ERROR - ^
2026-01-07 17:24:59 - ERROR - ^
2026-01-07 17:24:59 - ERROR - ^
2026-01-07 17:24:59 - ERROR - ^
2026-01-07 17:24:59 - ERROR - ^
2026-01-07 17:24:59 - ERROR - ^
2026-01-07 17:24:59 - ERROR - ^
2026-01-07 17:24:59 - ERROR - ^
2026-01-07 17:24:59 - ERROR - ^
2026-01-07 17:24:59 - ERROR - ^
2026-01-07 17:24:59 - ERROR - ^
2026-01-07 17:24:59 - ERROR - ^
2026-01-07 17:24:59 - ERROR - ^
2026-01-07 17:24:59 - ERROR -   File "/home/hhabu/miniconda/envs/myenv/lib/python3.11/site-packages/torch/nn/modules/module.py", line 1736, in _wrapped_call_impl

2026-01-07 17:24:59 - ERROR - return self._call_impl(*args, **kwargs)
2026-01-07 17:24:59 - ERROR - ^
2026-01-07 17:24:59 - ERROR - ^
2026-01-07 17:24:59 - ERROR - ^
2026-01-07 17:24:59 - ERROR - ^
2026-01-07 17:24:59 - ERROR - ^
2026-01-07 17:24:59 - ERROR - ^
2026-01-07 17:24:59 - ERROR - ^
2026-01-07 17:24:59 - ERROR - ^
2026-01-07 17:24:59 - ERROR - ^
2026-01-07 17:24:59 - ERROR - ^
2026-01-07 17:24:59 - ERROR - ^
2026-01-07 17:24:59 - ERROR - ^
2026-01-07 17:24:59 - ERROR - ^
2026-01-07 17:24:59 - ERROR - ^
2026-01-07 17:24:59 - ERROR - ^
2026-01-07 17:24:59 - ERROR - ^
2026-01-07 17:24:59 - ERROR - ^
2026-01-07 17:24:59 - ERROR - ^
2026-01-07 17:24:59 - ERROR - ^
2026-01-07 17:24:59 - ERROR - ^
2026-01-07 17:24:59 - ERROR - ^
2026-01-07 17:24:59 - ERROR - ^
2026-01-07 17:24:59 - ERROR - ^
2026-01-07 17:24:59 - ERROR - ^
2026-01-07 17:24:59 - ERROR - ^
2026-01-07 17:24:59 - ERROR - ^
2026-01-07 17:24:59 - ERROR - ^
2026-01-07 17:24:59 - ERROR - ^
2026-01-07 17:24:59 - ERROR - ^
2026-01-07 17:24:59 - ERROR - ^
2026-01-07 17:24:59 - ERROR - ^
2026-01-07 17:24:59 - ERROR - ^
2026-01-07 17:24:59 - ERROR -   File "/home/hhabu/miniconda/envs/myenv/lib/python3.11/site-packages/torch/nn/modules/module.py", line 1747, in _call_impl

2026-01-07 17:24:59 - ERROR - return forward_call(*args, **kwargs)
2026-01-07 17:24:59 - ERROR - ^
2026-01-07 17:24:59 - ERROR - ^
2026-01-07 17:24:59 - ERROR - ^
2026-01-07 17:24:59 - ERROR - ^
2026-01-07 17:24:59 - ERROR - ^
2026-01-07 17:24:59 - ERROR - ^
2026-01-07 17:24:59 - ERROR - ^
2026-01-07 17:24:59 - ERROR - ^
2026-01-07 17:24:59 - ERROR - ^
2026-01-07 17:24:59 - ERROR - ^
2026-01-07 17:24:59 - ERROR - ^
2026-01-07 17:24:59 - ERROR - ^
2026-01-07 17:24:59 - ERROR - ^
2026-01-07 17:24:59 - ERROR - ^
2026-01-07 17:24:59 - ERROR - ^
2026-01-07 17:24:59 - ERROR - ^
2026-01-07 17:24:59 - ERROR - ^
2026-01-07 17:24:59 - ERROR - ^
2026-01-07 17:24:59 - ERROR - ^
2026-01-07 17:24:59 - ERROR - ^
2026-01-07 17:24:59 - ERROR - ^
2026-01-07 17:24:59 - ERROR - ^
2026-01-07 17:24:59 - ERROR - ^
2026-01-07 17:24:59 - ERROR - ^
2026-01-07 17:24:59 - ERROR - ^
2026-01-07 17:24:59 - ERROR - ^
2026-01-07 17:24:59 - ERROR - ^
2026-01-07 17:24:59 - ERROR - ^
2026-01-07 17:24:59 - ERROR - ^
2026-01-07 17:24:59 - ERROR -   File "/home/hhabu/work_src/DL_IOMN_src/example/model.py", line 183, in forward

2026-01-07 17:24:59 - ERROR - x = self.conv_block3(x)       # (batch, 512, 4, 4)
2026-01-07 17:24:59 - ERROR - ^
2026-01-07 17:24:59 - ERROR - ^
2026-01-07 17:24:59 - ERROR - ^
2026-01-07 17:24:59 - ERROR - ^
2026-01-07 17:24:59 - ERROR - ^
2026-01-07 17:24:59 - ERROR - ^
2026-01-07 17:24:59 - ERROR - ^
2026-01-07 17:24:59 - ERROR - ^
2026-01-07 17:24:59 - ERROR - ^
2026-01-07 17:24:59 - ERROR - ^
2026-01-07 17:24:59 - ERROR - ^
2026-01-07 17:24:59 - ERROR - ^
2026-01-07 17:24:59 - ERROR - ^
2026-01-07 17:24:59 - ERROR - ^
2026-01-07 17:24:59 - ERROR - ^
2026-01-07 17:24:59 - ERROR - ^
2026-01-07 17:24:59 - ERROR - ^
2026-01-07 17:24:59 - ERROR - ^
2026-01-07 17:24:59 - ERROR - ^
2026-01-07 17:24:59 - ERROR -   File "/home/hhabu/miniconda/envs/myenv/lib/python3.11/site-packages/torch/nn/modules/module.py", line 1736, in _wrapped_call_impl

2026-01-07 17:24:59 - ERROR - return self._call_impl(*args, **kwargs)
2026-01-07 17:24:59 - ERROR - ^
2026-01-07 17:24:59 - ERROR - ^
2026-01-07 17:24:59 - ERROR - ^
2026-01-07 17:24:59 - ERROR - ^
2026-01-07 17:24:59 - ERROR - ^
2026-01-07 17:24:59 - ERROR - ^
2026-01-07 17:24:59 - ERROR - ^
2026-01-07 17:24:59 - ERROR - ^
2026-01-07 17:24:59 - ERROR - ^
2026-01-07 17:24:59 - ERROR - ^
2026-01-07 17:24:59 - ERROR - ^
2026-01-07 17:24:59 - ERROR - ^
2026-01-07 17:24:59 - ERROR - ^
2026-01-07 17:24:59 - ERROR - ^
2026-01-07 17:24:59 - ERROR - ^
2026-01-07 17:24:59 - ERROR - ^
2026-01-07 17:24:59 - ERROR - ^
2026-01-07 17:24:59 - ERROR - ^
2026-01-07 17:24:59 - ERROR - ^
2026-01-07 17:24:59 - ERROR - ^
2026-01-07 17:24:59 - ERROR - ^
2026-01-07 17:24:59 - ERROR - ^
2026-01-07 17:24:59 - ERROR - ^
2026-01-07 17:24:59 - ERROR - ^
2026-01-07 17:24:59 - ERROR - ^
2026-01-07 17:24:59 - ERROR - ^
2026-01-07 17:24:59 - ERROR - ^
2026-01-07 17:24:59 - ERROR - ^
2026-01-07 17:24:59 - ERROR - ^
2026-01-07 17:24:59 - ERROR - ^
2026-01-07 17:24:59 - ERROR - ^
2026-01-07 17:24:59 - ERROR - ^
2026-01-07 17:24:59 - ERROR -   File "/home/hhabu/miniconda/envs/myenv/lib/python3.11/site-packages/torch/nn/modules/module.py", line 1747, in _call_impl

2026-01-07 17:24:59 - ERROR - return forward_call(*args, **kwargs)
2026-01-07 17:24:59 - ERROR - ^
2026-01-07 17:24:59 - ERROR - ^
2026-01-07 17:24:59 - ERROR - ^
2026-01-07 17:24:59 - ERROR - ^
2026-01-07 17:24:59 - ERROR - ^
2026-01-07 17:24:59 - ERROR - ^
2026-01-07 17:24:59 - ERROR - ^
2026-01-07 17:24:59 - ERROR - ^
2026-01-07 17:24:59 - ERROR - ^
2026-01-07 17:24:59 - ERROR - ^
2026-01-07 17:24:59 - ERROR - ^
2026-01-07 17:24:59 - ERROR - ^
2026-01-07 17:24:59 - ERROR - ^
2026-01-07 17:24:59 - ERROR - ^
2026-01-07 17:24:59 - ERROR - ^
2026-01-07 17:24:59 - ERROR - ^
2026-01-07 17:24:59 - ERROR - ^
2026-01-07 17:24:59 - ERROR - ^
2026-01-07 17:24:59 - ERROR - ^
2026-01-07 17:24:59 - ERROR - ^
2026-01-07 17:24:59 - ERROR - ^
2026-01-07 17:24:59 - ERROR - ^
2026-01-07 17:24:59 - ERROR - ^
2026-01-07 17:24:59 - ERROR - ^
2026-01-07 17:24:59 - ERROR - ^
2026-01-07 17:24:59 - ERROR - ^
2026-01-07 17:24:59 - ERROR - ^
2026-01-07 17:24:59 - ERROR - ^
2026-01-07 17:24:59 - ERROR - ^
2026-01-07 17:24:59 - ERROR -   File "/home/hhabu/miniconda/envs/myenv/lib/python3.11/site-packages/torch/nn/modules/container.py", line 249, in forward

2026-01-07 17:24:59 - ERROR - for module in self:
2026-01-07 17:24:59 - ERROR -   File "/home/hhabu/miniconda/envs/myenv/lib/python3.11/site-packages/torch/nn/modules/container.py", line 242, in __iter__

2026-01-07 17:24:59 - ERROR - return iter(self._modules.values())
2026-01-07 17:24:59 - ERROR - ^
2026-01-07 17:24:59 - ERROR - ^
2026-01-07 17:24:59 - ERROR - ^
2026-01-07 17:24:59 - ERROR - ^
2026-01-07 17:24:59 - ERROR - ^
2026-01-07 17:24:59 - ERROR - ^
2026-01-07 17:24:59 - ERROR - ^
2026-01-07 17:24:59 - ERROR - ^
2026-01-07 17:24:59 - ERROR - ^
2026-01-07 17:24:59 - ERROR - ^
2026-01-07 17:24:59 - ERROR - ^
2026-01-07 17:24:59 - ERROR - ^
2026-01-07 17:24:59 - ERROR - ^
2026-01-07 17:24:59 - ERROR - ^
2026-01-07 17:24:59 - ERROR - ^
2026-01-07 17:24:59 - ERROR - ^
2026-01-07 17:24:59 - ERROR - ^
2026-01-07 17:24:59 - ERROR - ^
2026-01-07 17:24:59 - ERROR - ^
2026-01-07 17:24:59 - ERROR - ^
2026-01-07 17:24:59 - ERROR - ^
2026-01-07 17:24:59 - ERROR - ^
2026-01-07 17:24:59 - ERROR - KeyboardInterrupt
