2026-01-07 12:55:03 - INFO - 日志文件保存到: logs/training_20260107_125503.log
2026-01-07 12:55:03 - INFO - 选择模型类型 (1: CnnNet, 2: ResidualNet): 
2026-01-07 12:55:05 - INFO - 选择运行模式 (1: 仅训练神经网络, 2: 仅运行遗传算法, 3: 完整流程): 
2026-01-07 12:55:06 - ERROR - /home/hhabu/work_src/DL_IOMN_src/example/main.py:462: FutureWarning: You are using `torch.load` with `weights_only=False` (the current default value), which uses the default pickle module implicitly. It is possible to construct malicious pickle data which will execute arbitrary code during unpickling (See https://github.com/pytorch/pytorch/blob/main/SECURITY.md#untrusted-models for more details). In a future release, the default value for `weights_only` will be flipped to `True`. This limits the functions that could be executed during unpickling. Arbitrary objects will no longer be allowed to be loaded via this mode unless they are explicitly allowlisted by the user via `torch.serialization.add_safe_globals`. We recommend you start setting `weights_only=True` for any use case where you don't have full control of the loaded file. Please open an issue on GitHub for any issues related to this experimental feature.
  checkpoint = torch.load(model_path)

2026-01-07 12:55:06 - INFO - odict_keys(['freq_embedding.0.weight', 'freq_embedding.0.bias', 'freq_embedding.1.weight', 'freq_embedding.1.bias', 'freq_embedding.1.running_mean', 'freq_embedding.1.running_var', 'freq_embedding.1.num_batches_tracked', 'freq_embedding.3.weight', 'freq_embedding.3.bias', 'freq_embedding.4.weight', 'freq_embedding.4.bias', 'freq_embedding.4.running_mean', 'freq_embedding.4.running_var', 'freq_embedding.4.num_batches_tracked', 'freq_embedding.6.weight', 'freq_embedding.6.bias', 'freq_embedding.7.weight', 'freq_embedding.7.bias', 'freq_embedding.7.running_mean', 'freq_embedding.7.running_var', 'freq_embedding.7.num_batches_tracked', 'conv_block1.0.weight', 'conv_block1.0.bias', 'conv_block1.1.weight', 'conv_block1.1.bias', 'conv_block1.1.running_mean', 'conv_block1.1.running_var', 'conv_block1.1.num_batches_tracked', 'conv_block1.3.weight', 'conv_block1.3.bias', 'conv_block1.4.weight', 'conv_block1.4.bias', 'conv_block1.4.running_mean', 'conv_block1.4.running_var', 'conv_block1.4.num_batches_tracked', 'conv_block2.0.weight', 'conv_block2.0.bias', 'conv_block2.1.weight', 'conv_block2.1.bias', 'conv_block2.1.running_mean', 'conv_block2.1.running_var', 'conv_block2.1.num_batches_tracked', 'conv_block2.3.weight', 'conv_block2.3.bias', 'conv_block2.4.weight', 'conv_block2.4.bias', 'conv_block2.4.running_mean', 'conv_block2.4.running_var', 'conv_block2.4.num_batches_tracked', 'conv_block3.0.weight', 'conv_block3.0.bias', 'conv_block3.1.weight', 'conv_block3.1.bias', 'conv_block3.1.running_mean', 'conv_block3.1.running_var', 'conv_block3.1.num_batches_tracked', 'conv_block3.3.weight', 'conv_block3.3.bias', 'conv_block3.4.weight', 'conv_block3.4.bias', 'conv_block3.4.running_mean', 'conv_block3.4.running_var', 'conv_block3.4.num_batches_tracked', 'conv_block3.6.weight', 'conv_block3.6.bias', 'conv_block3.7.weight', 'conv_block3.7.bias', 'conv_block3.7.running_mean', 'conv_block3.7.running_var', 'conv_block3.7.num_batches_tracked', 'fusion_module.0.weight', 'fusion_module.0.bias', 'fusion_module.1.weight', 'fusion_module.1.bias', 'fusion_module.1.running_mean', 'fusion_module.1.running_var', 'fusion_module.1.num_batches_tracked', 'fusion_module.4.weight', 'fusion_module.4.bias', 'fusion_module.5.weight', 'fusion_module.5.bias', 'fusion_module.5.running_mean', 'fusion_module.5.running_var', 'fusion_module.5.num_batches_tracked', 'fusion_module.8.weight', 'fusion_module.8.bias', 'fusion_module.9.weight', 'fusion_module.9.bias', 'fusion_module.9.running_mean', 'fusion_module.9.running_var', 'fusion_module.9.num_batches_tracked', 'fusion_module.12.weight', 'fusion_module.12.bias', 'fusion_module.13.weight', 'fusion_module.13.bias', 'fusion_module.13.running_mean', 'fusion_module.13.running_var', 'fusion_module.13.num_batches_tracked', 'fusion_module.15.weight', 'fusion_module.15.bias', 'fusion_module.16.weight', 'fusion_module.16.bias', 'fusion_module.16.running_mean', 'fusion_module.16.running_var', 'fusion_module.16.num_batches_tracked', 'fusion_module.18.weight', 'fusion_module.18.bias'])
2026-01-07 12:55:06 - INFO - 
==================================================
2026-01-07 12:55:06 - INFO - 创建空白模型：
2026-01-07 12:55:06 - INFO - 
==================================================
2026-01-07 12:55:07 - INFO - 
==================================================
2026-01-07 12:55:07 - INFO - 模型加载：
2026-01-07 12:55:07 - INFO - 
==================================================
2026-01-07 12:55:07 - INFO - ModelManager初始化完成，使用设备: cuda
2026-01-07 12:55:07 - INFO - 检查点目录: frequency_checkpoints/best_model.pth
2026-01-07 12:55:07 - INFO - 
============================================================
2026-01-07 12:55:07 - INFO - 启动矩阵结构遗传优化
2026-01-07 12:55:07 - INFO - ============================================================
2026-01-07 12:55:07 - INFO - 矩阵遗传算法初始化完成
2026-01-07 12:55:07 - INFO - 矩阵形状: (19, 19)
2026-01-07 12:55:07 - INFO - 总像素数: 361
2026-01-07 12:55:07 - INFO - 使用设备: cuda
2026-01-07 12:55:07 - INFO - 
============================================================
2026-01-07 12:55:07 - INFO - 启动遗传算法优化
2026-01-07 12:55:07 - INFO - ============================================================
2026-01-07 12:55:07 - INFO - 目标频率: 10 GHz
2026-01-07 12:55:07 - INFO - 目标参数: {'gamma_opt': {'origin_value': 1, 'magnitude_db': 1, 'weight': 1.0}, 's11_real': -0.0445877, 's11_imag': 0.0125595, 's21_real': 0.914061, 's21_imag': -0.241433, 's12_real': 0.914061, 's12_imag': -0.241433, 's22_real': -0.04327, 's22_imag': 0.0114308, 'S21': {'magnitude_db': 0, 'weight': 0}, 'S11': {'magnitude_db': 0, 'weight': 0}, 'S22': {'magnitude_db': 0, 'weight': 0}, 'symmetry': {'weight': 0.3}, 'complexity': {'weight': 0.1}}
2026-01-07 12:55:07 - INFO - 种群大小: 1024
2026-01-07 12:55:07 - INFO - 进化代数: 100
2026-01-07 12:55:07 - INFO - 变异率: 0.1
2026-01-07 12:55:07 - INFO - 交叉率: 0.8
2026-01-07 12:55:07 - INFO - 精英数量: 5
2026-01-07 12:55:07 - INFO - tournament_size: 256
2026-01-07 12:55:07 - INFO - ============================================================
2026-01-07 12:55:07 - INFO - 创建初始种群 (大小: 4096)...
2026-01-07 12:55:07 - ERROR - 创建种群:   0%|          | 0/4096 [00:00<?, ?it/s]
2026-01-07 12:55:07 - ERROR - 创建种群: 100%|##########| 4096/4096 [00:00<00:00, 204356.82it/s]
2026-01-07 12:55:07 - ERROR - 遗传演进:   0%|          | 0/100 [00:00<?, ?it/s]
2026-01-07 12:55:11 - INFO - 矩阵形状：
2026-01-07 12:55:11 - INFO - (19, 19)
2026-01-07 12:55:11 - INFO - [[1 1 1 0 1 1 1 1 1 1 1 1 0 0 1 0 1 1 0]
 [0 1 1 1 0 0 1 1 1 0 1 1 1 0 1 1 0 0 0]
 [0 1 0 0 1 0 0 1 1 1 1 0 1 1 1 0 1 0 0]
 [1 0 1 0 1 1 1 0 1 0 0 1 0 0 1 0 0 1 1]
 [1 1 0 0 1 0 1 1 0 1 0 0 0 1 0 0 0 1 0]
 [1 0 0 0 1 1 1 0 0 0 1 1 1 0 1 0 0 0 0]
 [0 1 1 0 1 0 0 1 0 1 0 1 0 0 1 0 0 1 1]
 [1 0 0 1 0 1 1 0 0 0 1 0 0 1 0 1 0 1 0]
 [0 1 0 0 0 1 0 1 0 1 1 0 1 1 1 0 1 1 0]
 [1 0 1 0 0 1 1 1 0 0 0 0 1 0 0 1 0 1 1]
 [1 1 0 1 1 0 0 0 0 1 0 0 1 1 1 0 0 1 0]
 [0 0 1 0 0 1 0 1 1 0 0 0 0 0 0 1 0 0 1]
 [0 1 0 1 0 0 0 1 1 1 1 1 0 1 0 1 0 1 0]
 [0 1 0 1 0 0 1 0 0 1 1 1 1 0 1 1 1 0 1]
 [0 1 0 0 0 1 1 1 0 1 0 1 1 1 1 1 0 0 1]
 [0 1 1 1 1 0 0 0 0 0 1 1 0 0 1 1 1 0 1]
 [0 1 1 0 1 1 1 0 0 1 0 1 0 0 0 1 0 0 0]
 [1 1 1 1 0 1 1 1 1 1 1 0 1 0 0 1 0 0 0]
 [0 1 0 1 1 0 0 0 0 1 0 0 1 1 1 1 0 0 1]]
2026-01-07 12:55:11 - INFO - 代   0: 平均适应度 = -6.2117, 最佳适应度 = -5.9594
2026-01-07 12:55:11 - INFO -       S11 = 0.81 dB, S21 = 2.48 dB, 密度 = 0.507
2026-01-07 12:55:11 - INFO - s_params =

2026-01-07 12:55:11 - INFO - {'S11_real': np.float32(0.45837232), 'S11_imag': np.float32(-0.9973363), 'S21_real': np.float32(0.999989), 'S21_imag': np.float32(0.8786973), 'S12_real': np.float32(0.999989), 'S12_imag': np.float32(0.8786972), 'S22_real': np.float32(0.9844617), 'S22_imag': np.float32(-0.99527663)}
2026-01-07 12:55:11 - ERROR - 遗传演进:   1%|1         | 1/100 [00:04<07:06,  4.30s/it]
2026-01-07 12:55:12 - INFO - 矩阵形状：
2026-01-07 12:55:12 - INFO - (19, 19)
2026-01-07 12:55:12 - INFO - [[1. 1. 1. 0. 1. 1. 1. 1. 0. 1. 1. 1. 0. 0. 1. 0. 1. 1. 0.]
 [0. 1. 1. 1. 0. 0. 1. 1. 1. 0. 1. 1. 1. 0. 1. 1. 1. 0. 0.]
 [0. 1. 0. 0. 1. 0. 1. 1. 0. 1. 1. 0. 1. 1. 1. 0. 1. 0. 0.]
 [1. 0. 1. 0. 1. 0. 0. 0. 0. 1. 0. 1. 0. 0. 1. 0. 0. 1. 1.]
 [1. 1. 0. 0. 1. 1. 1. 1. 0. 1. 1. 0. 0. 1. 0. 0. 0. 1. 0.]
 [1. 0. 1. 0. 1. 1. 1. 1. 1. 0. 0. 1. 1. 0. 1. 0. 1. 0. 0.]
 [0. 1. 1. 0. 1. 0. 0. 0. 1. 1. 0. 1. 0. 0. 1. 0. 0. 1. 1.]
 [1. 0. 1. 1. 0. 1. 1. 1. 1. 0. 0. 0. 0. 1. 1. 1. 0. 1. 0.]
 [0. 1. 1. 1. 0. 1. 0. 1. 0. 1. 1. 0. 1. 1. 1. 0. 1. 1. 0.]
 [1. 0. 1. 1. 0. 1. 1. 1. 0. 0. 1. 0. 1. 0. 0. 1. 0. 1. 0.]
 [1. 1. 1. 1. 1. 0. 0. 0. 0. 1. 1. 0. 1. 1. 1. 0. 0. 1. 0.]
 [1. 0. 1. 1. 0. 1. 1. 1. 1. 0. 0. 0. 0. 0. 0. 1. 0. 0. 1.]
 [0. 0. 0. 1. 1. 0. 0. 1. 1. 1. 0. 1. 0. 1. 0. 0. 0. 1. 1.]
 [0. 1. 1. 0. 0. 0. 1. 0. 0. 1. 1. 1. 1. 0. 1. 0. 1. 0. 1.]
 [0. 1. 0. 0. 0. 1. 1. 1. 0. 1. 0. 1. 1. 1. 1. 1. 0. 1. 1.]
 [0. 1. 1. 0. 1. 0. 0. 0. 0. 0. 1. 1. 1. 0. 1. 1. 1. 0. 1.]
 [0. 1. 1. 0. 0. 1. 1. 0. 0. 1. 0. 1. 0. 0. 1. 1. 1. 0. 0.]
 [1. 1. 1. 1. 0. 1. 1. 1. 1. 1. 0. 1. 0. 0. 1. 1. 0. 1. 0.]
 [0. 1. 0. 0. 1. 0. 1. 0. 0. 1. 0. 0. 1. 1. 1. 1. 0. 0. 1.]]
2026-01-07 12:55:12 - ERROR - 遗传演进:   2%|2         | 2/100 [00:05<03:59,  2.45s/it]
2026-01-07 12:55:13 - INFO - 矩阵形状：
2026-01-07 12:55:13 - INFO - (19, 19)
2026-01-07 12:55:13 - INFO - [[0. 0. 0. 0. 0. 0. 1. 0. 1. 0. 0. 0. 1. 0. 1. 0. 0. 0. 0.]
 [1. 1. 0. 0. 0. 0. 1. 1. 1. 0. 1. 1. 0. 1. 1. 1. 1. 1. 0.]
 [0. 1. 0. 0. 1. 1. 0. 0. 1. 1. 0. 0. 1. 0. 0. 1. 0. 1. 0.]
 [1. 1. 0. 1. 0. 1. 1. 1. 0. 1. 0. 1. 0. 0. 0. 1. 1. 1. 1.]
 [1. 1. 1. 1. 1. 0. 1. 1. 0. 0. 1. 0. 1. 0. 1. 1. 1. 1. 1.]
 [0. 0. 0. 0. 1. 1. 0. 1. 0. 1. 1. 0. 1. 0. 1. 0. 1. 1. 0.]
 [1. 0. 1. 1. 1. 1. 0. 1. 0. 0. 0. 0. 1. 1. 1. 0. 0. 1. 1.]
 [1. 1. 0. 0. 1. 0. 0. 1. 0. 1. 0. 1. 0. 1. 1. 1. 1. 1. 0.]
 [1. 0. 0. 0. 0. 1. 1. 1. 0. 0. 0. 0. 1. 0. 0. 1. 0. 1. 1.]
 [1. 0. 0. 0. 0. 0. 1. 0. 0. 0. 1. 0. 0. 0. 0. 0. 1. 1. 1.]
 [1. 1. 1. 1. 0. 1. 0. 0. 1. 0. 0. 1. 1. 0. 0. 1. 1. 1. 1.]
 [1. 0. 1. 0. 1. 1. 0. 1. 1. 1. 1. 1. 0. 1. 0. 0. 1. 1. 1.]
 [0. 1. 0. 0. 1. 1. 1. 1. 0. 1. 1. 0. 0. 1. 1. 0. 0. 1. 1.]
 [0. 1. 0. 0. 1. 1. 1. 1. 0. 1. 1. 0. 0. 1. 0. 1. 1. 1. 0.]
 [1. 1. 1. 0. 0. 1. 0. 0. 0. 1. 1. 0. 1. 0. 1. 0. 1. 0. 1.]
 [1. 1. 0. 1. 0. 0. 0. 0. 0. 1. 0. 1. 1. 0. 1. 1. 1. 1. 0.]
 [0. 0. 1. 0. 0. 0. 1. 1. 0. 1. 1. 0. 0. 1. 1. 0. 1. 1. 1.]
 [0. 1. 0. 1. 1. 1. 0. 0. 0. 0. 0. 1. 1. 1. 1. 0. 1. 0. 1.]
 [0. 1. 1. 0. 1. 1. 1. 1. 1. 1. 1. 0. 0. 1. 1. 1. 1. 0. 1.]]
2026-01-07 12:55:13 - ERROR - 遗传演进:   3%|3         | 3/100 [00:06<02:59,  1.85s/it]
2026-01-07 12:55:14 - INFO - 矩阵形状：
2026-01-07 12:55:14 - INFO - (19, 19)
2026-01-07 12:55:14 - INFO - [[0. 0. 0. 0. 0. 0. 1. 0. 1. 0. 0. 0. 1. 0. 1. 0. 0. 0. 0.]
 [1. 1. 0. 0. 0. 0. 1. 1. 1. 0. 1. 1. 0. 1. 1. 1. 1. 1. 0.]
 [0. 1. 0. 0. 1. 1. 0. 0. 1. 1. 0. 0. 1. 0. 0. 1. 0. 1. 0.]
 [1. 1. 0. 1. 0. 1. 1. 1. 0. 1. 0. 1. 0. 0. 0. 1. 1. 1. 1.]
 [1. 1. 1. 1. 1. 0. 1. 1. 0. 0. 1. 0. 1. 0. 1. 1. 1. 1. 1.]
 [0. 0. 0. 0. 1. 1. 0. 1. 0. 1. 1. 0. 1. 0. 1. 0. 1. 1. 0.]
 [1. 0. 1. 1. 1. 1. 0. 1. 0. 0. 0. 0. 1. 1. 1. 0. 0. 1. 1.]
 [1. 1. 0. 0. 1. 0. 0. 1. 0. 1. 0. 1. 0. 1. 1. 1. 1. 1. 0.]
 [1. 0. 0. 0. 0. 1. 1. 1. 0. 0. 0. 0. 1. 0. 0. 1. 0. 1. 1.]
 [1. 0. 0. 0. 0. 0. 1. 0. 0. 0. 1. 0. 0. 0. 0. 0. 1. 1. 1.]
 [1. 1. 1. 1. 0. 1. 0. 0. 1. 0. 0. 1. 1. 0. 0. 1. 1. 1. 1.]
 [1. 0. 1. 0. 1. 1. 0. 1. 1. 1. 1. 1. 0. 1. 0. 0. 1. 1. 1.]
 [0. 1. 0. 0. 1. 1. 1. 1. 0. 1. 1. 0. 0. 1. 1. 0. 0. 1. 1.]
 [0. 1. 0. 0. 1. 1. 1. 1. 0. 1. 1. 0. 0. 1. 0. 1. 1. 1. 0.]
 [1. 1. 1. 0. 0. 1. 0. 0. 0. 1. 1. 0. 1. 0. 1. 0. 1. 0. 1.]
 [1. 1. 0. 1. 0. 0. 0. 0. 0. 1. 0. 1. 1. 0. 1. 1. 1. 1. 0.]
 [0. 0. 1. 0. 0. 0. 1. 1. 0. 1. 1. 0. 0. 1. 1. 0. 1. 1. 1.]
 [0. 1. 0. 1. 1. 1. 0. 0. 0. 0. 0. 1. 1. 1. 1. 0. 1. 0. 1.]
 [0. 1. 1. 0. 1. 1. 1. 1. 1. 1. 1. 0. 0. 1. 1. 1. 1. 0. 1.]]
2026-01-07 12:55:14 - ERROR - 遗传演进:   4%|4         | 4/100 [00:07<02:30,  1.57s/it]
2026-01-07 12:55:15 - INFO - 矩阵形状：
2026-01-07 12:55:15 - INFO - (19, 19)
2026-01-07 12:55:15 - INFO - [[0. 0. 0. 0. 0. 1. 1. 1. 1. 0. 0. 0. 1. 0. 0. 0. 0. 0. 1.]
 [1. 1. 0. 0. 0. 0. 1. 1. 1. 0. 1. 1. 0. 1. 1. 1. 1. 1. 0.]
 [0. 1. 0. 0. 1. 1. 1. 0. 1. 1. 0. 0. 0. 1. 0. 1. 0. 0. 0.]
 [1. 1. 0. 1. 1. 1. 1. 1. 0. 1. 0. 1. 0. 0. 0. 1. 1. 1. 1.]
 [1. 1. 1. 1. 1. 0. 1. 0. 0. 0. 1. 1. 0. 1. 1. 0. 1. 1. 1.]
 [0. 0. 0. 0. 1. 0. 0. 1. 0. 1. 0. 0. 1. 0. 1. 0. 1. 1. 0.]
 [1. 0. 1. 1. 0. 1. 1. 1. 0. 0. 0. 0. 1. 1. 1. 0. 0. 1. 1.]
 [1. 1. 0. 0. 1. 0. 0. 1. 0. 1. 0. 1. 0. 1. 1. 1. 1. 0. 0.]
 [1. 1. 0. 0. 0. 1. 1. 1. 0. 0. 0. 0. 1. 0. 1. 1. 0. 1. 1.]
 [1. 0. 1. 0. 0. 0. 1. 0. 0. 0. 1. 0. 0. 0. 0. 0. 1. 1. 1.]
 [1. 1. 1. 0. 0. 1. 0. 1. 1. 0. 0. 1. 1. 0. 0. 1. 0. 1. 0.]
 [1. 0. 1. 1. 0. 1. 0. 0. 1. 1. 1. 1. 0. 1. 0. 0. 1. 1. 1.]
 [0. 1. 0. 0. 0. 1. 1. 1. 0. 0. 0. 0. 0. 1. 1. 0. 0. 1. 1.]
 [0. 1. 0. 0. 1. 1. 1. 1. 0. 0. 1. 0. 0. 1. 0. 1. 1. 0. 0.]
 [1. 1. 1. 0. 0. 1. 0. 1. 0. 1. 1. 1. 1. 0. 1. 0. 0. 0. 1.]
 [1. 1. 0. 0. 1. 0. 0. 1. 0. 1. 0. 1. 1. 1. 0. 1. 1. 1. 0.]
 [0. 1. 1. 0. 0. 0. 1. 1. 0. 1. 1. 0. 0. 1. 1. 0. 1. 1. 1.]
 [0. 1. 0. 1. 1. 1. 0. 0. 0. 0. 0. 1. 1. 1. 1. 0. 1. 0. 1.]
 [0. 1. 1. 0. 1. 1. 1. 1. 1. 1. 1. 0. 0. 0. 1. 1. 1. 0. 1.]]
2026-01-07 12:55:15 - ERROR - 遗传演进:   5%|5         | 5/100 [00:08<02:14,  1.41s/it]
2026-01-07 12:55:16 - INFO - 矩阵形状：
2026-01-07 12:55:16 - INFO - (19, 19)
2026-01-07 12:55:16 - INFO - [[0. 0. 0. 0. 0. 1. 1. 1. 1. 0. 0. 0. 1. 0. 0. 0. 0. 0. 1.]
 [1. 1. 0. 0. 0. 0. 1. 1. 1. 0. 1. 1. 0. 1. 1. 1. 1. 1. 0.]
 [0. 1. 0. 0. 1. 1. 1. 0. 1. 1. 0. 0. 0. 1. 0. 1. 0. 0. 0.]
 [1. 1. 0. 1. 1. 1. 1. 1. 0. 1. 0. 1. 0. 0. 0. 1. 1. 1. 1.]
 [1. 1. 1. 1. 1. 0. 1. 0. 0. 0. 1. 1. 0. 1. 1. 0. 1. 1. 1.]
 [0. 0. 0. 0. 1. 0. 0. 1. 0. 1. 0. 0. 1. 0. 1. 0. 1. 1. 0.]
 [1. 0. 1. 1. 0. 1. 1. 1. 0. 0. 0. 0. 1. 1. 1. 0. 0. 1. 1.]
 [1. 1. 0. 0. 1. 0. 0. 1. 0. 1. 0. 1. 0. 1. 1. 1. 1. 0. 0.]
 [1. 1. 0. 0. 0. 1. 1. 1. 0. 0. 0. 0. 1. 0. 1. 1. 0. 1. 1.]
 [1. 0. 1. 0. 0. 0. 1. 0. 0. 0. 1. 0. 0. 0. 0. 0. 1. 1. 1.]
 [1. 1. 1. 0. 0. 1. 0. 1. 1. 0. 0. 1. 1. 0. 0. 1. 0. 1. 0.]
 [1. 0. 1. 1. 0. 1. 0. 0. 1. 1. 1. 1. 0. 1. 0. 0. 1. 1. 1.]
 [0. 1. 0. 0. 0. 1. 1. 1. 0. 0. 0. 0. 0. 1. 1. 0. 0. 1. 1.]
 [0. 1. 0. 0. 1. 1. 1. 1. 0. 0. 1. 0. 0. 1. 0. 1. 1. 0. 0.]
 [1. 1. 1. 0. 0. 1. 0. 1. 0. 1. 1. 1. 1. 0. 1. 0. 0. 0. 1.]
 [1. 1. 0. 0. 1. 0. 0. 1. 0. 1. 0. 1. 1. 1. 0. 1. 1. 1. 0.]
 [0. 1. 1. 0. 0. 0. 1. 1. 0. 1. 1. 0. 0. 1. 1. 0. 1. 1. 1.]
 [0. 1. 0. 1. 1. 1. 0. 0. 0. 0. 0. 1. 1. 1. 1. 0. 1. 0. 1.]
 [0. 1. 1. 0. 1. 1. 1. 1. 1. 1. 1. 0. 0. 0. 1. 1. 1. 0. 1.]]
2026-01-07 12:55:17 - ERROR - 遗传演进:   6%|6         | 6/100 [00:10<02:04,  1.32s/it]
2026-01-07 12:55:18 - INFO - 矩阵形状：
2026-01-07 12:55:18 - INFO - (19, 19)
2026-01-07 12:55:18 - INFO - [[0. 0. 1. 0. 0. 1. 1. 1. 0. 1. 1. 0. 1. 1. 0. 1. 0. 0. 0.]
 [1. 0. 0. 1. 0. 0. 1. 1. 1. 0. 0. 1. 0. 1. 1. 1. 1. 1. 0.]
 [1. 1. 1. 0. 1. 0. 0. 1. 1. 1. 1. 0. 1. 0. 0. 0. 1. 1. 1.]
 [1. 1. 1. 1. 0. 1. 1. 0. 0. 0. 1. 1. 1. 1. 1. 0. 0. 1. 0.]
 [1. 1. 1. 1. 0. 0. 1. 0. 0. 1. 1. 0. 1. 0. 1. 1. 1. 1. 1.]
 [1. 0. 0. 1. 0. 1. 0. 1. 0. 0. 0. 0. 0. 0. 0. 1. 1. 0. 0.]
 [1. 0. 0. 1. 1. 1. 1. 0. 1. 0. 0. 0. 0. 1. 1. 0. 1. 1. 0.]
 [1. 1. 0. 0. 1. 0. 0. 1. 0. 1. 0. 1. 0. 1. 0. 1. 0. 0. 1.]
 [0. 1. 1. 0. 0. 1. 1. 1. 0. 0. 0. 0. 1. 0. 0. 1. 0. 1. 0.]
 [1. 0. 0. 0. 1. 0. 1. 0. 0. 0. 0. 0. 0. 1. 0. 1. 1. 1. 1.]
 [0. 1. 0. 1. 1. 1. 0. 0. 1. 0. 1. 0. 1. 1. 0. 1. 0. 1. 1.]
 [1. 0. 0. 1. 1. 1. 0. 1. 1. 0. 0. 1. 0. 0. 0. 0. 0. 1. 1.]
 [1. 1. 1. 0. 1. 1. 1. 1. 1. 1. 1. 0. 1. 1. 1. 0. 0. 1. 0.]
 [1. 1. 1. 1. 0. 1. 1. 1. 0. 1. 1. 0. 0. 1. 0. 1. 1. 1. 1.]
 [1. 1. 0. 0. 1. 0. 0. 0. 0. 1. 0. 0. 0. 0. 1. 0. 1. 0. 1.]
 [1. 0. 0. 1. 0. 0. 0. 0. 1. 0. 1. 1. 1. 1. 1. 0. 0. 1. 0.]
 [0. 0. 1. 1. 1. 0. 1. 1. 0. 1. 1. 0. 0. 1. 1. 1. 1. 1. 1.]
 [0. 1. 0. 0. 1. 1. 0. 0. 0. 1. 0. 1. 1. 0. 1. 0. 1. 0. 1.]
 [1. 1. 1. 1. 1. 1. 0. 1. 1. 1. 1. 0. 1. 1. 1. 1. 1. 0. 1.]]
2026-01-07 12:55:18 - ERROR - 遗传演进:   7%|7         | 7/100 [00:11<01:57,  1.26s/it]
2026-01-07 12:55:19 - INFO - 矩阵形状：
2026-01-07 12:55:19 - INFO - (19, 19)
2026-01-07 12:55:19 - INFO - [[0. 0. 1. 0. 0. 1. 1. 1. 0. 1. 1. 0. 1. 1. 0. 1. 0. 0. 0.]
 [1. 0. 0. 1. 0. 0. 1. 0. 1. 0. 0. 0. 0. 1. 1. 1. 1. 1. 1.]
 [1. 1. 1. 0. 1. 0. 0. 1. 1. 1. 1. 1. 1. 0. 0. 0. 1. 1. 1.]
 [1. 0. 1. 1. 0. 1. 1. 0. 0. 0. 1. 1. 1. 1. 0. 1. 0. 1. 0.]
 [1. 1. 1. 0. 1. 1. 1. 0. 0. 1. 1. 0. 1. 0. 1. 1. 1. 1. 0.]
 [0. 0. 0. 1. 0. 1. 0. 1. 0. 0. 0. 0. 0. 1. 0. 1. 1. 1. 0.]
 [1. 0. 0. 1. 1. 1. 1. 0. 1. 0. 0. 0. 0. 1. 1. 0. 0. 1. 0.]
 [1. 0. 0. 0. 1. 1. 0. 1. 0. 1. 0. 1. 0. 1. 0. 1. 0. 0. 1.]
 [0. 1. 1. 0. 0. 1. 0. 1. 0. 0. 0. 0. 1. 0. 0. 1. 0. 1. 1.]
 [1. 1. 0. 0. 1. 0. 1. 0. 1. 0. 0. 0. 0. 1. 0. 1. 1. 1. 1.]
 [0. 1. 0. 1. 1. 1. 0. 0. 1. 0. 1. 1. 1. 1. 0. 1. 0. 1. 1.]
 [1. 0. 0. 1. 1. 1. 0. 1. 1. 0. 0. 1. 0. 0. 0. 1. 0. 1. 1.]
 [1. 1. 1. 0. 1. 1. 1. 1. 1. 1. 1. 0. 1. 1. 1. 0. 0. 1. 0.]
 [1. 1. 1. 1. 0. 1. 1. 1. 0. 1. 1. 0. 0. 1. 0. 1. 1. 1. 1.]
 [1. 1. 0. 0. 1. 1. 0. 0. 0. 1. 0. 0. 0. 0. 1. 0. 1. 0. 1.]
 [1. 0. 0. 1. 0. 0. 0. 0. 1. 0. 1. 1. 0. 1. 1. 0. 0. 1. 0.]
 [1. 0. 1. 1. 1. 0. 1. 1. 0. 1. 1. 0. 0. 1. 1. 1. 1. 1. 1.]
 [0. 1. 1. 0. 1. 1. 1. 0. 0. 1. 0. 1. 1. 0. 1. 0. 1. 0. 1.]
 [1. 1. 1. 1. 1. 1. 0. 1. 1. 1. 1. 0. 0. 1. 1. 1. 1. 0. 1.]]
2026-01-07 12:55:19 - ERROR - 遗传演进:   8%|8         | 8/100 [00:12<01:52,  1.22s/it]
2026-01-07 12:55:20 - INFO - 矩阵形状：
2026-01-07 12:55:20 - INFO - (19, 19)
2026-01-07 12:55:20 - INFO - [[0. 0. 1. 0. 0. 1. 1. 1. 0. 0. 1. 0. 1. 1. 0. 0. 0. 0. 0.]
 [1. 0. 0. 1. 0. 1. 1. 0. 1. 0. 0. 1. 0. 1. 1. 1. 1. 1. 1.]
 [1. 1. 1. 0. 1. 0. 0. 1. 1. 1. 1. 1. 1. 0. 0. 0. 1. 1. 1.]
 [1. 0. 1. 1. 0. 1. 1. 0. 0. 0. 1. 1. 1. 1. 0. 0. 0. 1. 0.]
 [1. 1. 1. 0. 1. 0. 1. 0. 0. 1. 1. 0. 1. 0. 1. 0. 1. 1. 0.]
 [0. 0. 0. 1. 0. 0. 0. 1. 0. 0. 0. 0. 0. 1. 0. 1. 1. 1. 0.]
 [1. 1. 0. 1. 1. 1. 1. 0. 1. 0. 0. 0. 0. 1. 1. 0. 0. 1. 0.]
 [1. 0. 0. 0. 1. 1. 0. 1. 0. 1. 0. 1. 1. 0. 0. 1. 0. 0. 0.]
 [1. 1. 1. 0. 1. 1. 0. 1. 0. 0. 0. 0. 1. 0. 1. 1. 0. 1. 0.]
 [1. 1. 1. 0. 1. 0. 1. 0. 1. 0. 0. 0. 0. 1. 0. 1. 1. 1. 1.]
 [0. 1. 0. 0. 1. 1. 0. 0. 1. 0. 1. 1. 1. 0. 0. 1. 1. 1. 1.]
 [1. 0. 0. 1. 1. 1. 0. 1. 1. 0. 0. 1. 0. 0. 0. 0. 0. 1. 1.]
 [1. 1. 1. 0. 0. 1. 1. 0. 1. 1. 1. 0. 0. 1. 1. 0. 0. 1. 1.]
 [1. 1. 1. 1. 0. 1. 1. 1. 0. 1. 1. 0. 0. 1. 0. 1. 1. 1. 1.]
 [1. 1. 0. 0. 0. 1. 0. 0. 0. 1. 0. 0. 0. 0. 1. 0. 1. 0. 1.]
 [1. 0. 1. 1. 0. 1. 0. 0. 1. 0. 1. 1. 0. 1. 1. 1. 0. 0. 0.]
 [0. 1. 1. 1. 1. 0. 0. 1. 0. 1. 1. 0. 0. 1. 1. 1. 1. 1. 1.]
 [0. 1. 0. 0. 1. 1. 1. 0. 0. 1. 0. 1. 1. 0. 0. 0. 1. 0. 1.]
 [1. 1. 1. 1. 1. 1. 0. 1. 1. 1. 1. 0. 0. 1. 1. 1. 1. 0. 0.]]
2026-01-07 12:55:20 - ERROR - 遗传演进:   9%|9         | 9/100 [00:13<01:48,  1.20s/it]
2026-01-07 12:55:21 - INFO - 矩阵形状：
2026-01-07 12:55:21 - INFO - (19, 19)
2026-01-07 12:55:21 - INFO - [[1. 0. 1. 1. 1. 1. 1. 0. 0. 0. 1. 0. 1. 1. 1. 1. 1. 0. 0.]
 [0. 0. 0. 1. 0. 0. 1. 0. 1. 0. 0. 1. 0. 1. 1. 1. 0. 0. 0.]
 [1. 1. 1. 0. 1. 1. 0. 1. 1. 0. 1. 0. 1. 1. 1. 0. 1. 0. 0.]
 [1. 0. 1. 1. 0. 0. 1. 0. 1. 1. 1. 1. 0. 0. 1. 0. 0. 1. 1.]
 [1. 1. 1. 0. 1. 1. 1. 0. 0. 1. 1. 0. 0. 0. 1. 1. 1. 1. 1.]
 [0. 0. 0. 1. 1. 1. 0. 1. 0. 0. 0. 0. 0. 0. 0. 1. 1. 0. 1.]
 [1. 0. 0. 1. 0. 1. 1. 0. 1. 0. 0. 0. 0. 1. 1. 0. 1. 0. 0.]
 [1. 0. 0. 0. 1. 0. 0. 1. 0. 1. 0. 1. 0. 0. 0. 1. 0. 0. 1.]
 [0. 1. 1. 0. 0. 1. 1. 1. 0. 1. 0. 0. 1. 0. 0. 1. 0. 1. 0.]
 [1. 1. 0. 0. 1. 0. 1. 0. 0. 0. 0. 0. 0. 1. 0. 1. 1. 1. 1.]
 [0. 1. 0. 1. 1. 1. 0. 0. 1. 0. 0. 0. 1. 1. 0. 0. 1. 1. 0.]
 [1. 0. 0. 1. 1. 1. 0. 1. 1. 0. 0. 1. 0. 0. 0. 0. 0. 1. 0.]
 [1. 1. 0. 0. 0. 1. 1. 1. 1. 1. 1. 0. 1. 1. 1. 0. 0. 1. 0.]
 [1. 1. 1. 1. 0. 1. 1. 1. 0. 0. 1. 0. 0. 1. 0. 1. 1. 1. 1.]
 [1. 1. 1. 1. 1. 1. 0. 0. 0. 1. 0. 0. 0. 0. 1. 0. 0. 0. 1.]
 [1. 0. 0. 1. 1. 0. 0. 0. 1. 0. 1. 1. 1. 1. 1. 0. 0. 1. 0.]
 [1. 0. 1. 1. 1. 0. 1. 1. 0. 1. 1. 0. 0. 1. 1. 1. 1. 1. 1.]
 [0. 1. 1. 0. 1. 1. 1. 1. 0. 1. 0. 1. 1. 0. 0. 1. 0. 0. 1.]
 [1. 1. 1. 1. 1. 1. 0. 1. 1. 1. 1. 0. 0. 1. 1. 1. 1. 0. 0.]]
2026-01-07 12:55:21 - ERROR - 遗传演进:  10%|#         | 10/100 [00:14<01:46,  1.18s/it]
2026-01-07 12:55:22 - INFO - 矩阵形状：
2026-01-07 12:55:22 - INFO - (19, 19)
2026-01-07 12:55:22 - INFO - [[1. 0. 1. 1. 1. 1. 1. 0. 0. 0. 1. 0. 1. 1. 1. 1. 1. 0. 0.]
 [0. 0. 0. 1. 0. 0. 1. 0. 1. 0. 0. 1. 0. 1. 1. 1. 0. 0. 0.]
 [1. 1. 1. 0. 1. 1. 0. 1. 1. 0. 1. 0. 1. 1. 1. 0. 1. 0. 0.]
 [1. 0. 1. 1. 0. 0. 1. 0. 1. 1. 1. 1. 0. 0. 1. 0. 0. 1. 1.]
 [1. 1. 1. 0. 1. 1. 1. 0. 0. 1. 1. 0. 0. 0. 1. 1. 1. 1. 1.]
 [0. 0. 0. 1. 1. 1. 0. 1. 0. 0. 0. 0. 0. 0. 0. 1. 1. 0. 1.]
 [1. 0. 0. 1. 0. 1. 1. 0. 1. 0. 0. 0. 0. 1. 1. 0. 1. 0. 0.]
 [1. 0. 0. 0. 1. 0. 0. 1. 0. 1. 0. 1. 0. 0. 0. 1. 0. 0. 1.]
 [0. 1. 1. 0. 0. 1. 1. 1. 0. 1. 0. 0. 1. 0. 0. 1. 0. 1. 0.]
 [1. 1. 0. 0. 1. 0. 1. 0. 0. 0. 0. 0. 0. 1. 0. 1. 1. 1. 1.]
 [0. 1. 0. 1. 1. 1. 0. 0. 1. 0. 0. 0. 1. 1. 0. 0. 1. 1. 0.]
 [1. 0. 0. 1. 1. 1. 0. 1. 1. 0. 0. 1. 0. 0. 0. 0. 0. 1. 0.]
 [1. 1. 0. 0. 0. 1. 1. 1. 1. 1. 1. 0. 1. 1. 1. 0. 0. 1. 0.]
 [1. 1. 1. 1. 0. 1. 1. 1. 0. 0. 1. 0. 0. 1. 0. 1. 1. 1. 1.]
 [1. 1. 1. 1. 1. 1. 0. 0. 0. 1. 0. 0. 0. 0. 1. 0. 0. 0. 1.]
 [1. 0. 0. 1. 1. 0. 0. 0. 1. 0. 1. 1. 1. 1. 1. 0. 0. 1. 0.]
 [1. 0. 1. 1. 1. 0. 1. 1. 0. 1. 1. 0. 0. 1. 1. 1. 1. 1. 1.]
 [0. 1. 1. 0. 1. 1. 1. 1. 0. 1. 0. 1. 1. 0. 0. 1. 0. 0. 1.]
 [1. 1. 1. 1. 1. 1. 0. 1. 1. 1. 1. 0. 0. 1. 1. 1. 1. 0. 0.]]
2026-01-07 12:55:22 - INFO - 代  10: 平均适应度 = -6.0452, 最佳适应度 = -5.7099
2026-01-07 12:55:22 - INFO -       S11 = 0.23 dB, S21 = 2.44 dB, 密度 = 0.540
2026-01-07 12:55:22 - INFO - s_params =

2026-01-07 12:55:22 - INFO - {'S11_real': np.float32(0.24388306), 'S11_imag': np.float32(-0.9972795), 'S21_real': np.float32(0.99999166), 'S21_imag': np.float32(0.8684221), 'S12_real': np.float32(0.99999166), 'S12_imag': np.float32(0.86842203), 'S22_real': np.float32(0.97027045), 'S22_imag': np.float32(-0.9950292)}
2026-01-07 12:55:22 - ERROR - 遗传演进:  11%|#1        | 11/100 [00:15<01:43,  1.17s/it]
2026-01-07 12:55:23 - INFO - 矩阵形状：
2026-01-07 12:55:23 - INFO - (19, 19)
2026-01-07 12:55:23 - INFO - [[1. 0. 1. 1. 1. 1. 1. 0. 0. 0. 1. 0. 1. 1. 1. 1. 1. 0. 0.]
 [0. 0. 0. 1. 0. 0. 1. 0. 1. 0. 0. 1. 0. 1. 1. 1. 0. 0. 0.]
 [1. 1. 1. 0. 1. 1. 0. 1. 1. 0. 1. 0. 1. 1. 1. 0. 1. 0. 0.]
 [1. 0. 1. 1. 0. 0. 1. 0. 1. 1. 1. 1. 0. 0. 1. 0. 0. 1. 1.]
 [1. 1. 1. 0. 1. 1. 1. 0. 0. 1. 1. 0. 0. 0. 1. 1. 1. 1. 1.]
 [0. 0. 0. 1. 1. 1. 0. 1. 0. 0. 0. 0. 0. 0. 0. 1. 1. 0. 1.]
 [1. 0. 0. 1. 0. 1. 1. 0. 1. 0. 0. 0. 0. 1. 1. 0. 1. 0. 0.]
 [1. 0. 0. 0. 1. 0. 0. 1. 0. 1. 0. 1. 0. 0. 0. 1. 0. 0. 1.]
 [0. 1. 1. 0. 0. 1. 1. 1. 0. 1. 0. 0. 1. 0. 0. 1. 0. 1. 0.]
 [1. 1. 0. 0. 1. 0. 1. 0. 0. 0. 0. 0. 0. 1. 0. 1. 1. 1. 1.]
 [0. 1. 0. 1. 1. 1. 0. 0. 1. 0. 0. 0. 1. 1. 0. 0. 1. 1. 0.]
 [1. 0. 0. 1. 1. 1. 0. 1. 1. 0. 0. 1. 0. 0. 0. 0. 0. 1. 0.]
 [1. 1. 0. 0. 0. 1. 1. 1. 1. 1. 1. 0. 1. 1. 1. 0. 0. 1. 0.]
 [1. 1. 1. 1. 0. 1. 1. 1. 0. 0. 1. 0. 0. 1. 0. 1. 1. 1. 1.]
 [1. 1. 1. 1. 1. 1. 0. 0. 0. 1. 0. 0. 0. 0. 1. 0. 0. 0. 1.]
 [1. 0. 0. 1. 1. 0. 0. 0. 1. 0. 1. 1. 1. 1. 1. 0. 0. 1. 0.]
 [1. 0. 1. 1. 1. 0. 1. 1. 0. 1. 1. 0. 0. 1. 1. 1. 1. 1. 1.]
 [0. 1. 1. 0. 1. 1. 1. 1. 0. 1. 0. 1. 1. 0. 0. 1. 0. 0. 1.]
 [1. 1. 1. 1. 1. 1. 0. 1. 1. 1. 1. 0. 0. 1. 1. 1. 1. 0. 0.]]
2026-01-07 12:55:23 - ERROR - 遗传演进:  12%|#2        | 12/100 [00:16<01:41,  1.16s/it]
2026-01-07 12:55:24 - INFO - 矩阵形状：
2026-01-07 12:55:24 - INFO - (19, 19)
2026-01-07 12:55:24 - INFO - [[1. 0. 1. 1. 1. 1. 1. 0. 0. 0. 1. 0. 1. 1. 1. 1. 1. 0. 0.]
 [0. 0. 0. 1. 0. 0. 1. 0. 1. 0. 0. 1. 0. 1. 1. 1. 0. 0. 0.]
 [1. 1. 1. 0. 1. 1. 0. 1. 1. 0. 1. 0. 1. 1. 1. 0. 1. 0. 0.]
 [1. 0. 1. 1. 0. 0. 1. 0. 1. 1. 1. 1. 0. 0. 1. 0. 0. 1. 1.]
 [1. 1. 1. 0. 1. 1. 1. 0. 0. 1. 1. 0. 0. 0. 1. 1. 1. 1. 1.]
 [0. 0. 0. 1. 1. 1. 0. 1. 0. 0. 0. 0. 0. 0. 0. 1. 1. 0. 1.]
 [1. 0. 0. 1. 0. 1. 1. 0. 1. 0. 0. 0. 0. 1. 1. 0. 1. 0. 0.]
 [1. 0. 0. 0. 1. 0. 0. 1. 0. 1. 0. 1. 0. 0. 0. 1. 0. 0. 1.]
 [0. 1. 1. 0. 0. 1. 1. 1. 0. 1. 0. 0. 1. 0. 0. 1. 0. 1. 0.]
 [1. 1. 0. 0. 1. 0. 1. 0. 0. 0. 0. 0. 0. 1. 0. 1. 1. 1. 1.]
 [0. 1. 0. 1. 1. 1. 0. 0. 1. 0. 0. 0. 1. 1. 0. 0. 1. 1. 0.]
 [1. 0. 0. 1. 1. 1. 0. 1. 1. 0. 0. 1. 0. 0. 0. 0. 0. 1. 0.]
 [1. 1. 0. 0. 0. 1. 1. 1. 1. 1. 1. 0. 1. 1. 1. 0. 0. 1. 0.]
 [1. 1. 1. 1. 0. 1. 1. 1. 0. 0. 1. 0. 0. 1. 0. 1. 1. 1. 1.]
 [1. 1. 1. 1. 1. 1. 0. 0. 0. 1. 0. 0. 0. 0. 1. 0. 0. 0. 1.]
 [1. 0. 0. 1. 1. 0. 0. 0. 1. 0. 1. 1. 1. 1. 1. 0. 0. 1. 0.]
 [1. 0. 1. 1. 1. 0. 1. 1. 0. 1. 1. 0. 0. 1. 1. 1. 1. 1. 1.]
 [0. 1. 1. 0. 1. 1. 1. 1. 0. 1. 0. 1. 1. 0. 0. 1. 0. 0. 1.]
 [1. 1. 1. 1. 1. 1. 0. 1. 1. 1. 1. 0. 0. 1. 1. 1. 1. 0. 0.]]
2026-01-07 12:55:25 - ERROR - 遗传演进:  13%|#3        | 13/100 [00:17<01:40,  1.15s/it]
2026-01-07 12:55:26 - INFO - 矩阵形状：
2026-01-07 12:55:26 - INFO - (19, 19)
2026-01-07 12:55:26 - INFO - [[1. 0. 1. 1. 1. 1. 1. 0. 0. 0. 1. 0. 1. 1. 1. 1. 1. 0. 0.]
 [0. 0. 0. 1. 0. 0. 1. 0. 1. 0. 0. 1. 0. 1. 1. 1. 0. 0. 0.]
 [1. 1. 1. 0. 1. 1. 0. 1. 1. 0. 1. 0. 1. 1. 1. 0. 1. 0. 0.]
 [1. 0. 1. 1. 0. 0. 1. 0. 1. 1. 1. 1. 0. 0. 1. 0. 0. 1. 1.]
 [1. 1. 1. 0. 1. 1. 1. 0. 0. 1. 1. 0. 0. 0. 1. 1. 1. 1. 1.]
 [0. 0. 0. 1. 1. 1. 0. 1. 0. 0. 0. 0. 0. 0. 0. 1. 1. 0. 1.]
 [1. 0. 0. 1. 0. 1. 1. 0. 1. 0. 0. 0. 0. 1. 1. 0. 1. 0. 0.]
 [1. 0. 0. 0. 1. 0. 0. 1. 0. 1. 0. 1. 0. 0. 0. 1. 0. 0. 1.]
 [0. 1. 1. 0. 0. 1. 1. 1. 0. 1. 0. 0. 1. 0. 0. 1. 0. 1. 0.]
 [1. 1. 0. 0. 1. 0. 1. 0. 0. 0. 0. 0. 0. 1. 0. 1. 1. 1. 1.]
 [0. 1. 0. 1. 1. 1. 0. 0. 1. 0. 0. 0. 1. 1. 0. 0. 1. 1. 0.]
 [1. 0. 0. 1. 1. 1. 0. 1. 1. 0. 0. 1. 0. 0. 0. 0. 0. 1. 0.]
 [1. 1. 0. 0. 0. 1. 1. 1. 1. 1. 1. 0. 1. 1. 1. 0. 0. 1. 0.]
 [1. 1. 1. 1. 0. 1. 1. 1. 0. 0. 1. 0. 0. 1. 0. 1. 1. 1. 1.]
 [1. 1. 1. 1. 1. 1. 0. 0. 0. 1. 0. 0. 0. 0. 1. 0. 0. 0. 1.]
 [1. 0. 0. 1. 1. 0. 0. 0. 1. 0. 1. 1. 1. 1. 1. 0. 0. 1. 0.]
 [1. 0. 1. 1. 1. 0. 1. 1. 0. 1. 1. 0. 0. 1. 1. 1. 1. 1. 1.]
 [0. 1. 1. 0. 1. 1. 1. 1. 0. 1. 0. 1. 1. 0. 0. 1. 0. 0. 1.]
 [1. 1. 1. 1. 1. 1. 0. 1. 1. 1. 1. 0. 0. 1. 1. 1. 1. 0. 0.]]
2026-01-07 12:55:26 - ERROR - 遗传演进:  14%|#4        | 14/100 [00:19<01:38,  1.15s/it]
2026-01-07 12:55:27 - INFO - 矩阵形状：
2026-01-07 12:55:27 - INFO - (19, 19)
2026-01-07 12:55:27 - INFO - [[1. 0. 1. 1. 1. 1. 1. 0. 0. 0. 1. 0. 1. 1. 1. 1. 1. 0. 0.]
 [0. 0. 0. 1. 0. 0. 1. 0. 1. 0. 0. 1. 0. 1. 1. 1. 0. 0. 0.]
 [1. 1. 1. 0. 1. 1. 0. 1. 1. 0. 1. 0. 1. 1. 1. 0. 1. 0. 0.]
 [1. 0. 1. 1. 0. 0. 1. 0. 1. 1. 1. 1. 0. 0. 1. 0. 0. 1. 1.]
 [1. 1. 1. 0. 1. 1. 1. 0. 0. 1. 1. 0. 0. 0. 1. 1. 1. 1. 1.]
 [0. 0. 0. 1. 1. 1. 0. 1. 0. 0. 0. 0. 0. 0. 0. 1. 1. 0. 1.]
 [1. 0. 0. 1. 0. 1. 1. 0. 1. 0. 0. 0. 0. 1. 1. 0. 1. 0. 0.]
 [1. 0. 0. 0. 1. 0. 0. 1. 0. 1. 0. 1. 0. 0. 0. 1. 0. 0. 1.]
 [0. 1. 1. 0. 0. 1. 1. 1. 0. 1. 0. 0. 1. 0. 0. 1. 0. 1. 0.]
 [1. 1. 0. 0. 1. 0. 1. 0. 0. 0. 0. 0. 0. 1. 0. 1. 1. 1. 1.]
 [0. 1. 0. 1. 1. 1. 0. 0. 1. 0. 0. 0. 1. 1. 0. 0. 1. 1. 0.]
 [1. 0. 0. 1. 1. 1. 0. 1. 1. 0. 0. 1. 0. 0. 0. 0. 0. 1. 0.]
 [1. 1. 0. 0. 0. 1. 1. 1. 1. 1. 1. 0. 1. 1. 1. 0. 0. 1. 0.]
 [1. 1. 1. 1. 0. 1. 1. 1. 0. 0. 1. 0. 0. 1. 0. 1. 1. 1. 1.]
 [1. 1. 1. 1. 1. 1. 0. 0. 0. 1. 0. 0. 0. 0. 1. 0. 0. 0. 1.]
 [1. 0. 0. 1. 1. 0. 0. 0. 1. 0. 1. 1. 1. 1. 1. 0. 0. 1. 0.]
 [1. 0. 1. 1. 1. 0. 1. 1. 0. 1. 1. 0. 0. 1. 1. 1. 1. 1. 1.]
 [0. 1. 1. 0. 1. 1. 1. 1. 0. 1. 0. 1. 1. 0. 0. 1. 0. 0. 1.]
 [1. 1. 1. 1. 1. 1. 0. 1. 1. 1. 1. 0. 0. 1. 1. 1. 1. 0. 0.]]
2026-01-07 12:55:27 - ERROR - 遗传演进:  15%|#5        | 15/100 [00:20<01:37,  1.14s/it]
2026-01-07 12:55:28 - INFO - 矩阵形状：
2026-01-07 12:55:28 - INFO - (19, 19)
2026-01-07 12:55:28 - INFO - [[1. 0. 1. 1. 1. 1. 1. 0. 0. 0. 1. 0. 1. 1. 1. 1. 1. 0. 0.]
 [0. 0. 0. 1. 0. 0. 1. 0. 1. 0. 0. 1. 0. 1. 1. 1. 0. 0. 0.]
 [1. 1. 1. 0. 1. 1. 0. 1. 1. 0. 1. 0. 1. 1. 1. 0. 1. 0. 0.]
 [1. 0. 1. 1. 0. 0. 1. 0. 1. 1. 1. 1. 0. 0. 1. 0. 0. 1. 1.]
 [1. 1. 1. 0. 1. 1. 1. 0. 0. 1. 1. 0. 0. 0. 1. 1. 1. 1. 1.]
 [0. 0. 0. 1. 1. 1. 0. 1. 0. 0. 0. 0. 0. 0. 0. 1. 1. 0. 1.]
 [1. 0. 0. 1. 0. 1. 1. 0. 1. 0. 0. 0. 0. 1. 1. 0. 1. 0. 0.]
 [1. 0. 0. 0. 1. 0. 0. 1. 0. 1. 0. 1. 0. 0. 0. 1. 0. 0. 1.]
 [0. 1. 1. 0. 0. 1. 1. 1. 0. 1. 0. 0. 1. 0. 0. 1. 0. 1. 0.]
 [1. 1. 0. 0. 1. 0. 1. 0. 0. 0. 0. 0. 0. 1. 0. 1. 1. 1. 1.]
 [0. 1. 0. 1. 1. 1. 0. 0. 1. 0. 0. 0. 1. 1. 0. 0. 1. 1. 0.]
 [1. 0. 0. 1. 1. 1. 0. 1. 1. 0. 0. 1. 0. 0. 0. 0. 0. 1. 0.]
 [1. 1. 0. 0. 0. 1. 1. 1. 1. 1. 1. 0. 1. 1. 1. 0. 0. 1. 0.]
 [1. 1. 1. 1. 0. 1. 1. 1. 0. 0. 1. 0. 0. 1. 0. 1. 1. 1. 1.]
 [1. 1. 1. 1. 1. 1. 0. 0. 0. 1. 0. 0. 0. 0. 1. 0. 0. 0. 1.]
 [1. 0. 0. 1. 1. 0. 0. 0. 1. 0. 1. 1. 1. 1. 1. 0. 0. 1. 0.]
 [1. 0. 1. 1. 1. 0. 1. 1. 0. 1. 1. 0. 0. 1. 1. 1. 1. 1. 1.]
 [0. 1. 1. 0. 1. 1. 1. 1. 0. 1. 0. 1. 1. 0. 0. 1. 0. 0. 1.]
 [1. 1. 1. 1. 1. 1. 0. 1. 1. 1. 1. 0. 0. 1. 1. 1. 1. 0. 0.]]
2026-01-07 12:55:28 - ERROR - 遗传演进:  16%|#6        | 16/100 [00:21<01:35,  1.14s/it]
2026-01-07 12:55:29 - INFO - 矩阵形状：
2026-01-07 12:55:29 - INFO - (19, 19)
2026-01-07 12:55:29 - INFO - [[1. 0. 1. 1. 1. 1. 1. 0. 0. 0. 1. 0. 1. 1. 1. 1. 1. 0. 0.]
 [0. 0. 0. 1. 0. 0. 1. 0. 1. 0. 0. 1. 0. 1. 1. 1. 0. 0. 0.]
 [1. 1. 1. 0. 1. 1. 0. 1. 1. 0. 1. 0. 1. 1. 1. 0. 1. 0. 0.]
 [1. 0. 1. 1. 0. 0. 1. 0. 1. 1. 1. 1. 0. 0. 1. 0. 0. 1. 1.]
 [1. 1. 1. 0. 1. 1. 1. 0. 0. 1. 1. 0. 0. 0. 1. 1. 1. 1. 1.]
 [0. 0. 0. 1. 1. 1. 0. 1. 0. 0. 0. 0. 0. 0. 0. 1. 1. 0. 1.]
 [1. 0. 0. 1. 0. 1. 1. 0. 1. 0. 0. 0. 0. 1. 1. 0. 1. 0. 0.]
 [1. 0. 0. 0. 1. 0. 0. 1. 0. 1. 0. 1. 0. 0. 0. 1. 0. 0. 1.]
 [0. 1. 1. 0. 0. 1. 1. 1. 0. 1. 0. 0. 1. 0. 0. 1. 0. 1. 0.]
 [1. 1. 0. 0. 1. 0. 1. 0. 0. 0. 0. 0. 0. 1. 0. 1. 1. 1. 1.]
 [0. 1. 0. 1. 1. 1. 0. 0. 1. 0. 0. 0. 1. 1. 0. 0. 1. 1. 0.]
 [1. 0. 0. 1. 1. 1. 0. 1. 1. 0. 0. 1. 0. 0. 0. 0. 0. 1. 0.]
 [1. 1. 0. 0. 0. 1. 1. 1. 1. 1. 1. 0. 1. 1. 1. 0. 0. 1. 0.]
 [1. 1. 1. 1. 0. 1. 1. 1. 0. 0. 1. 0. 0. 1. 0. 1. 1. 1. 1.]
 [1. 1. 1. 1. 1. 1. 0. 0. 0. 1. 0. 0. 0. 0. 1. 0. 0. 0. 1.]
 [1. 0. 0. 1. 1. 0. 0. 0. 1. 0. 1. 1. 1. 1. 1. 0. 0. 1. 0.]
 [1. 0. 1. 1. 1. 0. 1. 1. 0. 1. 1. 0. 0. 1. 1. 1. 1. 1. 1.]
 [0. 1. 1. 0. 1. 1. 1. 1. 0. 1. 0. 1. 1. 0. 0. 1. 0. 0. 1.]
 [1. 1. 1. 1. 1. 1. 0. 1. 1. 1. 1. 0. 0. 1. 1. 1. 1. 0. 0.]]
2026-01-07 12:55:29 - ERROR - 遗传演进:  17%|#7        | 17/100 [00:22<01:34,  1.14s/it]
2026-01-07 12:55:30 - INFO - 矩阵形状：
2026-01-07 12:55:30 - INFO - (19, 19)
2026-01-07 12:55:30 - INFO - [[1. 0. 1. 1. 1. 1. 1. 0. 0. 0. 1. 0. 1. 1. 1. 1. 1. 0. 0.]
 [0. 0. 0. 1. 0. 0. 1. 0. 1. 0. 0. 1. 0. 1. 1. 1. 0. 0. 0.]
 [1. 1. 1. 0. 1. 1. 0. 1. 1. 0. 1. 0. 1. 1. 1. 0. 1. 0. 0.]
 [1. 0. 1. 1. 0. 0. 1. 0. 1. 1. 1. 1. 0. 0. 1. 0. 0. 1. 1.]
 [1. 1. 1. 0. 1. 1. 1. 0. 0. 1. 1. 0. 0. 0. 1. 1. 1. 1. 1.]
 [0. 0. 0. 1. 1. 1. 0. 1. 0. 0. 0. 0. 0. 0. 0. 1. 1. 0. 1.]
 [1. 0. 0. 1. 0. 1. 1. 0. 1. 0. 0. 0. 0. 1. 1. 0. 1. 0. 0.]
 [1. 0. 0. 0. 1. 0. 0. 1. 0. 1. 0. 1. 0. 0. 0. 1. 0. 0. 1.]
 [0. 1. 1. 0. 0. 1. 1. 1. 0. 1. 0. 0. 1. 0. 0. 1. 0. 1. 0.]
 [1. 1. 0. 0. 1. 0. 1. 0. 0. 0. 0. 0. 0. 1. 0. 1. 1. 1. 1.]
 [0. 1. 0. 1. 1. 1. 0. 0. 1. 0. 0. 0. 1. 1. 0. 0. 1. 1. 0.]
 [1. 0. 0. 1. 1. 1. 0. 1. 1. 0. 0. 1. 0. 0. 0. 0. 0. 1. 0.]
 [1. 1. 0. 0. 0. 1. 1. 1. 1. 1. 1. 0. 1. 1. 1. 0. 0. 1. 0.]
 [1. 1. 1. 1. 0. 1. 1. 1. 0. 0. 1. 0. 0. 1. 0. 1. 1. 1. 1.]
 [1. 1. 1. 1. 1. 1. 0. 0. 0. 1. 0. 0. 0. 0. 1. 0. 0. 0. 1.]
 [1. 0. 0. 1. 1. 0. 0. 0. 1. 0. 1. 1. 1. 1. 1. 0. 0. 1. 0.]
 [1. 0. 1. 1. 1. 0. 1. 1. 0. 1. 1. 0. 0. 1. 1. 1. 1. 1. 1.]
 [0. 1. 1. 0. 1. 1. 1. 1. 0. 1. 0. 1. 1. 0. 0. 1. 0. 0. 1.]
 [1. 1. 1. 1. 1. 1. 0. 1. 1. 1. 1. 0. 0. 1. 1. 1. 1. 0. 0.]]
2026-01-07 12:55:30 - ERROR - 遗传演进:  18%|#8        | 18/100 [00:23<01:33,  1.14s/it]
2026-01-07 12:55:31 - INFO - 矩阵形状：
2026-01-07 12:55:31 - INFO - (19, 19)
2026-01-07 12:55:31 - INFO - [[1. 0. 1. 1. 1. 1. 1. 0. 0. 0. 1. 0. 1. 1. 1. 1. 1. 0. 0.]
 [0. 0. 0. 1. 0. 0. 1. 0. 1. 0. 0. 1. 0. 1. 1. 1. 0. 0. 0.]
 [1. 1. 1. 0. 1. 1. 0. 1. 1. 0. 1. 0. 1. 1. 1. 0. 1. 0. 0.]
 [1. 0. 1. 1. 0. 0. 1. 0. 1. 1. 1. 1. 0. 0. 1. 0. 0. 1. 1.]
 [1. 1. 1. 0. 1. 1. 1. 0. 0. 1. 1. 0. 0. 0. 1. 1. 1. 1. 1.]
 [0. 0. 0. 1. 1. 1. 0. 1. 0. 0. 0. 0. 0. 0. 0. 1. 1. 0. 1.]
 [1. 0. 0. 1. 0. 1. 1. 0. 1. 0. 0. 0. 0. 1. 1. 0. 1. 0. 0.]
 [1. 0. 0. 0. 1. 0. 0. 1. 0. 1. 0. 1. 0. 0. 0. 1. 0. 0. 1.]
 [0. 1. 1. 0. 0. 1. 1. 1. 0. 1. 0. 0. 1. 0. 0. 1. 0. 1. 0.]
 [1. 1. 0. 0. 1. 0. 1. 0. 0. 0. 0. 0. 0. 1. 0. 1. 1. 1. 1.]
 [0. 1. 0. 1. 1. 1. 0. 0. 1. 0. 0. 0. 1. 1. 0. 0. 1. 1. 0.]
 [1. 0. 0. 1. 1. 1. 0. 1. 1. 0. 0. 1. 0. 0. 0. 0. 0. 1. 0.]
 [1. 1. 0. 0. 0. 1. 1. 1. 1. 1. 1. 0. 1. 1. 1. 0. 0. 1. 0.]
 [1. 1. 1. 1. 0. 1. 1. 1. 0. 0. 1. 0. 0. 1. 0. 1. 1. 1. 1.]
 [1. 1. 1. 1. 1. 1. 0. 0. 0. 1. 0. 0. 0. 0. 1. 0. 0. 0. 1.]
 [1. 0. 0. 1. 1. 0. 0. 0. 1. 0. 1. 1. 1. 1. 1. 0. 0. 1. 0.]
 [1. 0. 1. 1. 1. 0. 1. 1. 0. 1. 1. 0. 0. 1. 1. 1. 1. 1. 1.]
 [0. 1. 1. 0. 1. 1. 1. 1. 0. 1. 0. 1. 1. 0. 0. 1. 0. 0. 1.]
 [1. 1. 1. 1. 1. 1. 0. 1. 1. 1. 1. 0. 0. 1. 1. 1. 1. 0. 0.]]
2026-01-07 12:55:31 - ERROR - 遗传演进:  19%|#9        | 19/100 [00:24<01:32,  1.14s/it]
2026-01-07 12:55:32 - INFO - 矩阵形状：
2026-01-07 12:55:32 - INFO - (19, 19)
2026-01-07 12:55:32 - INFO - [[1. 0. 1. 1. 1. 1. 1. 0. 0. 0. 1. 0. 1. 1. 1. 1. 1. 0. 0.]
 [0. 0. 0. 1. 0. 0. 1. 0. 1. 0. 0. 1. 0. 1. 1. 1. 0. 0. 0.]
 [1. 1. 1. 0. 1. 1. 0. 1. 1. 0. 1. 0. 1. 1. 1. 0. 1. 0. 0.]
 [1. 0. 1. 1. 0. 0. 1. 0. 1. 1. 1. 1. 0. 0. 1. 0. 0. 1. 1.]
 [1. 1. 1. 0. 1. 1. 1. 0. 0. 1. 1. 0. 0. 0. 1. 1. 1. 1. 1.]
 [0. 0. 0. 1. 1. 1. 0. 1. 0. 0. 0. 0. 0. 0. 0. 1. 1. 0. 1.]
 [1. 0. 0. 1. 0. 1. 1. 0. 1. 0. 0. 0. 0. 1. 1. 0. 1. 0. 0.]
 [1. 0. 0. 0. 1. 0. 0. 1. 0. 1. 0. 1. 0. 0. 0. 1. 0. 0. 1.]
 [0. 1. 1. 0. 0. 1. 1. 1. 0. 1. 0. 0. 1. 0. 0. 1. 0. 1. 0.]
 [1. 1. 0. 0. 1. 0. 1. 0. 0. 0. 0. 0. 0. 1. 0. 1. 1. 1. 1.]
 [0. 1. 0. 1. 1. 1. 0. 0. 1. 0. 0. 0. 1. 1. 0. 0. 1. 1. 0.]
 [1. 0. 0. 1. 1. 1. 0. 1. 1. 0. 0. 1. 0. 0. 0. 0. 0. 1. 0.]
 [1. 1. 0. 0. 0. 1. 1. 1. 1. 1. 1. 0. 1. 1. 1. 0. 0. 1. 0.]
 [1. 1. 1. 1. 0. 1. 1. 1. 0. 0. 1. 0. 0. 1. 0. 1. 1. 1. 1.]
 [1. 1. 1. 1. 1. 1. 0. 0. 0. 1. 0. 0. 0. 0. 1. 0. 0. 0. 1.]
 [1. 0. 0. 1. 1. 0. 0. 0. 1. 0. 1. 1. 1. 1. 1. 0. 0. 1. 0.]
 [1. 0. 1. 1. 1. 0. 1. 1. 0. 1. 1. 0. 0. 1. 1. 1. 1. 1. 1.]
 [0. 1. 1. 0. 1. 1. 1. 1. 0. 1. 0. 1. 1. 0. 0. 1. 0. 0. 1.]
 [1. 1. 1. 1. 1. 1. 0. 1. 1. 1. 1. 0. 0. 1. 1. 1. 1. 0. 0.]]
2026-01-07 12:55:33 - ERROR - 遗传演进:  20%|##        | 20/100 [00:25<01:30,  1.14s/it]
2026-01-07 12:55:33 - INFO - 矩阵形状：
2026-01-07 12:55:33 - INFO - (19, 19)
2026-01-07 12:55:33 - INFO - [[1. 0. 1. 1. 1. 1. 1. 0. 0. 0. 1. 0. 1. 1. 1. 1. 1. 0. 0.]
 [0. 0. 0. 1. 0. 0. 1. 0. 1. 0. 0. 1. 0. 1. 1. 1. 0. 0. 0.]
 [1. 1. 1. 0. 1. 1. 0. 1. 1. 0. 1. 0. 1. 1. 1. 0. 1. 0. 0.]
 [1. 0. 1. 1. 0. 0. 1. 0. 1. 1. 1. 1. 0. 0. 1. 0. 0. 1. 1.]
 [1. 1. 1. 0. 1. 1. 1. 0. 0. 1. 1. 0. 0. 0. 1. 1. 1. 1. 1.]
 [0. 0. 0. 1. 1. 1. 0. 1. 0. 0. 0. 0. 0. 0. 0. 1. 1. 0. 1.]
 [1. 0. 0. 1. 0. 1. 1. 0. 1. 0. 0. 0. 0. 1. 1. 0. 1. 0. 0.]
 [1. 0. 0. 0. 1. 0. 0. 1. 0. 1. 0. 1. 0. 0. 0. 1. 0. 0. 1.]
 [0. 1. 1. 0. 0. 1. 1. 1. 0. 1. 0. 0. 1. 0. 0. 1. 0. 1. 0.]
 [1. 1. 0. 0. 1. 0. 1. 0. 0. 0. 0. 0. 0. 1. 0. 1. 1. 1. 1.]
 [0. 1. 0. 1. 1. 1. 0. 0. 1. 0. 0. 0. 1. 1. 0. 0. 1. 1. 0.]
 [1. 0. 0. 1. 1. 1. 0. 1. 1. 0. 0. 1. 0. 0. 0. 0. 0. 1. 0.]
 [1. 1. 0. 0. 0. 1. 1. 1. 1. 1. 1. 0. 1. 1. 1. 0. 0. 1. 0.]
 [1. 1. 1. 1. 0. 1. 1. 1. 0. 0. 1. 0. 0. 1. 0. 1. 1. 1. 1.]
 [1. 1. 1. 1. 1. 1. 0. 0. 0. 1. 0. 0. 0. 0. 1. 0. 0. 0. 1.]
 [1. 0. 0. 1. 1. 0. 0. 0. 1. 0. 1. 1. 1. 1. 1. 0. 0. 1. 0.]
 [1. 0. 1. 1. 1. 0. 1. 1. 0. 1. 1. 0. 0. 1. 1. 1. 1. 1. 1.]
 [0. 1. 1. 0. 1. 1. 1. 1. 0. 1. 0. 1. 1. 0. 0. 1. 0. 0. 1.]
 [1. 1. 1. 1. 1. 1. 0. 1. 1. 1. 1. 0. 0. 1. 1. 1. 1. 0. 0.]]
2026-01-07 12:55:34 - INFO - 代  20: 平均适应度 = -6.0286, 最佳适应度 = -5.7099
2026-01-07 12:55:34 - INFO -       S11 = 0.23 dB, S21 = 2.44 dB, 密度 = 0.540
2026-01-07 12:55:34 - INFO - s_params =

2026-01-07 12:55:34 - INFO - {'S11_real': np.float32(0.24388306), 'S11_imag': np.float32(-0.9972795), 'S21_real': np.float32(0.99999166), 'S21_imag': np.float32(0.8684221), 'S12_real': np.float32(0.99999166), 'S12_imag': np.float32(0.86842203), 'S22_real': np.float32(0.97027045), 'S22_imag': np.float32(-0.9950292)}
2026-01-07 12:55:34 - ERROR - 遗传演进:  21%|##1       | 21/100 [00:27<01:29,  1.14s/it]
2026-01-07 12:55:35 - INFO - 矩阵形状：
2026-01-07 12:55:35 - INFO - (19, 19)
2026-01-07 12:55:35 - INFO - [[1. 0. 1. 1. 1. 1. 1. 0. 0. 0. 1. 0. 1. 1. 1. 1. 1. 0. 0.]
 [0. 0. 0. 1. 0. 0. 1. 0. 1. 0. 0. 1. 0. 1. 1. 1. 0. 0. 0.]
 [1. 1. 1. 0. 1. 1. 0. 1. 1. 0. 1. 0. 1. 1. 1. 0. 1. 0. 0.]
 [1. 0. 1. 1. 0. 0. 1. 0. 1. 1. 1. 1. 0. 0. 1. 0. 0. 1. 1.]
 [1. 1. 1. 0. 1. 1. 1. 0. 0. 1. 1. 0. 0. 0. 1. 1. 1. 1. 1.]
 [0. 0. 0. 1. 1. 1. 0. 1. 0. 0. 0. 0. 0. 0. 0. 1. 1. 0. 1.]
 [1. 0. 0. 1. 0. 1. 1. 0. 1. 0. 0. 0. 0. 1. 1. 0. 1. 0. 0.]
 [1. 0. 0. 0. 1. 0. 0. 1. 0. 1. 0. 1. 0. 0. 0. 1. 0. 0. 1.]
 [0. 1. 1. 0. 0. 1. 1. 1. 0. 1. 0. 0. 1. 0. 0. 1. 0. 1. 0.]
 [1. 1. 0. 0. 1. 0. 1. 0. 0. 0. 0. 0. 0. 1. 0. 1. 1. 1. 1.]
 [0. 1. 0. 1. 1. 1. 0. 0. 1. 0. 0. 0. 1. 1. 0. 0. 1. 1. 0.]
 [1. 0. 0. 1. 1. 1. 0. 1. 1. 0. 0. 1. 0. 0. 0. 0. 0. 1. 0.]
 [1. 1. 0. 0. 0. 1. 1. 1. 1. 1. 1. 0. 1. 1. 1. 0. 0. 1. 0.]
 [1. 1. 1. 1. 0. 1. 1. 1. 0. 0. 1. 0. 0. 1. 0. 1. 1. 1. 1.]
 [1. 1. 1. 1. 1. 1. 0. 0. 0. 1. 0. 0. 0. 0. 1. 0. 0. 0. 1.]
 [1. 0. 0. 1. 1. 0. 0. 0. 1. 0. 1. 1. 1. 1. 1. 0. 0. 1. 0.]
 [1. 0. 1. 1. 1. 0. 1. 1. 0. 1. 1. 0. 0. 1. 1. 1. 1. 1. 1.]
 [0. 1. 1. 0. 1. 1. 1. 1. 0. 1. 0. 1. 1. 0. 0. 1. 0. 0. 1.]
 [1. 1. 1. 1. 1. 1. 0. 1. 1. 1. 1. 0. 0. 1. 1. 1. 1. 0. 0.]]
2026-01-07 12:55:35 - ERROR - 遗传演进:  22%|##2       | 22/100 [00:28<01:28,  1.14s/it]
2026-01-07 12:55:36 - INFO - 矩阵形状：
2026-01-07 12:55:36 - INFO - (19, 19)
2026-01-07 12:55:36 - INFO - [[1. 0. 1. 1. 1. 1. 1. 0. 0. 0. 1. 0. 1. 1. 1. 1. 1. 0. 0.]
 [0. 0. 0. 1. 0. 0. 1. 0. 1. 0. 0. 1. 0. 1. 1. 1. 0. 0. 0.]
 [1. 1. 1. 0. 1. 1. 0. 1. 1. 0. 1. 0. 1. 1. 1. 0. 1. 0. 0.]
 [1. 0. 1. 1. 0. 0. 1. 0. 1. 1. 1. 1. 0. 0. 1. 0. 0. 1. 1.]
 [1. 1. 1. 0. 1. 1. 1. 0. 0. 1. 1. 0. 0. 0. 1. 1. 1. 1. 1.]
 [0. 0. 0. 1. 1. 1. 0. 1. 0. 0. 0. 0. 0. 0. 0. 1. 1. 0. 1.]
 [1. 0. 0. 1. 0. 1. 1. 0. 1. 0. 0. 0. 0. 1. 1. 0. 1. 0. 0.]
 [1. 0. 0. 0. 1. 0. 0. 1. 0. 1. 0. 1. 0. 0. 0. 1. 0. 0. 1.]
 [0. 1. 1. 0. 0. 1. 1. 1. 0. 1. 0. 0. 1. 0. 0. 1. 0. 1. 0.]
 [1. 1. 0. 0. 1. 0. 1. 0. 0. 0. 0. 0. 0. 1. 0. 1. 1. 1. 1.]
 [0. 1. 0. 1. 1. 1. 0. 0. 1. 0. 0. 0. 1. 1. 0. 0. 1. 1. 0.]
 [1. 0. 0. 1. 1. 1. 0. 1. 1. 0. 0. 1. 0. 0. 0. 0. 0. 1. 0.]
 [1. 1. 0. 0. 0. 1. 1. 1. 1. 1. 1. 0. 1. 1. 1. 0. 0. 1. 0.]
 [1. 1. 1. 1. 0. 1. 1. 1. 0. 0. 1. 0. 0. 1. 0. 1. 1. 1. 1.]
 [1. 1. 1. 1. 1. 1. 0. 0. 0. 1. 0. 0. 0. 0. 1. 0. 0. 0. 1.]
 [1. 0. 0. 1. 1. 0. 0. 0. 1. 0. 1. 1. 1. 1. 1. 0. 0. 1. 0.]
 [1. 0. 1. 1. 1. 0. 1. 1. 0. 1. 1. 0. 0. 1. 1. 1. 1. 1. 1.]
 [0. 1. 1. 0. 1. 1. 1. 1. 0. 1. 0. 1. 1. 0. 0. 1. 0. 0. 1.]
 [1. 1. 1. 1. 1. 1. 0. 1. 1. 1. 1. 0. 0. 1. 1. 1. 1. 0. 0.]]
2026-01-07 12:55:36 - ERROR - 遗传演进:  23%|##3       | 23/100 [00:29<01:27,  1.14s/it]
2026-01-07 12:55:37 - INFO - 矩阵形状：
2026-01-07 12:55:37 - INFO - (19, 19)
2026-01-07 12:55:37 - INFO - [[1. 0. 1. 1. 1. 1. 1. 0. 0. 0. 1. 0. 1. 1. 1. 1. 1. 0. 0.]
 [0. 0. 0. 1. 0. 0. 1. 0. 1. 0. 0. 1. 0. 1. 1. 1. 0. 0. 0.]
 [1. 1. 1. 0. 1. 1. 0. 1. 1. 0. 1. 0. 1. 1. 1. 0. 1. 0. 0.]
 [1. 0. 1. 1. 0. 0. 1. 0. 1. 1. 1. 1. 0. 0. 1. 0. 0. 1. 1.]
 [1. 1. 1. 0. 1. 1. 1. 0. 0. 1. 1. 0. 0. 0. 1. 1. 1. 1. 1.]
 [0. 0. 0. 1. 1. 1. 0. 1. 0. 0. 0. 0. 0. 0. 0. 1. 1. 0. 1.]
 [1. 0. 0. 1. 0. 1. 1. 0. 1. 0. 0. 0. 0. 1. 1. 0. 1. 0. 0.]
 [1. 0. 0. 0. 1. 0. 0. 1. 0. 1. 0. 1. 0. 0. 0. 1. 0. 0. 1.]
 [0. 1. 1. 0. 0. 1. 1. 1. 0. 1. 0. 0. 1. 0. 0. 1. 0. 1. 0.]
 [1. 1. 0. 0. 1. 0. 1. 0. 0. 0. 0. 0. 0. 1. 0. 1. 1. 1. 1.]
 [0. 1. 0. 1. 1. 1. 0. 0. 1. 0. 0. 0. 1. 1. 0. 0. 1. 1. 0.]
 [1. 0. 0. 1. 1. 1. 0. 1. 1. 0. 0. 1. 0. 0. 0. 0. 0. 1. 0.]
 [1. 1. 0. 0. 0. 1. 1. 1. 1. 1. 1. 0. 1. 1. 1. 0. 0. 1. 0.]
 [1. 1. 1. 1. 0. 1. 1. 1. 0. 0. 1. 0. 0. 1. 0. 1. 1. 1. 1.]
 [1. 1. 1. 1. 1. 1. 0. 0. 0. 1. 0. 0. 0. 0. 1. 0. 0. 0. 1.]
 [1. 0. 0. 1. 1. 0. 0. 0. 1. 0. 1. 1. 1. 1. 1. 0. 0. 1. 0.]
 [1. 0. 1. 1. 1. 0. 1. 1. 0. 1. 1. 0. 0. 1. 1. 1. 1. 1. 1.]
 [0. 1. 1. 0. 1. 1. 1. 1. 0. 1. 0. 1. 1. 0. 0. 1. 0. 0. 1.]
 [1. 1. 1. 1. 1. 1. 0. 1. 1. 1. 1. 0. 0. 1. 1. 1. 1. 0. 0.]]
2026-01-07 12:55:37 - ERROR - 遗传演进:  24%|##4       | 24/100 [00:30<01:26,  1.14s/it]
2026-01-07 12:55:38 - INFO - 矩阵形状：
2026-01-07 12:55:38 - INFO - (19, 19)
2026-01-07 12:55:38 - INFO - [[1. 0. 1. 1. 1. 1. 1. 0. 0. 0. 1. 0. 1. 1. 1. 1. 1. 0. 0.]
 [0. 0. 0. 1. 0. 0. 1. 0. 1. 0. 0. 1. 0. 1. 1. 1. 0. 0. 0.]
 [1. 1. 1. 0. 1. 1. 0. 1. 1. 0. 1. 0. 1. 1. 1. 0. 1. 0. 0.]
 [1. 0. 1. 1. 0. 0. 1. 0. 1. 1. 1. 1. 0. 0. 1. 0. 0. 1. 1.]
 [1. 1. 1. 0. 1. 1. 1. 0. 0. 1. 1. 0. 0. 0. 1. 1. 1. 1. 1.]
 [0. 0. 0. 1. 1. 1. 0. 1. 0. 0. 0. 0. 0. 0. 0. 1. 1. 0. 1.]
 [1. 0. 0. 1. 0. 1. 1. 0. 1. 0. 0. 0. 0. 1. 1. 0. 1. 0. 0.]
 [1. 0. 0. 0. 1. 0. 0. 1. 0. 1. 0. 1. 0. 0. 0. 1. 0. 0. 1.]
 [0. 1. 1. 0. 0. 1. 1. 1. 0. 1. 0. 0. 1. 0. 0. 1. 0. 1. 0.]
 [1. 1. 0. 0. 1. 0. 1. 0. 0. 0. 0. 0. 0. 1. 0. 1. 1. 1. 1.]
 [0. 1. 0. 1. 1. 1. 0. 0. 1. 0. 0. 0. 1. 1. 0. 0. 1. 1. 0.]
 [1. 0. 0. 1. 1. 1. 0. 1. 1. 0. 0. 1. 0. 0. 0. 0. 0. 1. 0.]
 [1. 1. 0. 0. 0. 1. 1. 1. 1. 1. 1. 0. 1. 1. 1. 0. 0. 1. 0.]
 [1. 1. 1. 1. 0. 1. 1. 1. 0. 0. 1. 0. 0. 1. 0. 1. 1. 1. 1.]
 [1. 1. 1. 1. 1. 1. 0. 0. 0. 1. 0. 0. 0. 0. 1. 0. 0. 0. 1.]
 [1. 0. 0. 1. 1. 0. 0. 0. 1. 0. 1. 1. 1. 1. 1. 0. 0. 1. 0.]
 [1. 0. 1. 1. 1. 0. 1. 1. 0. 1. 1. 0. 0. 1. 1. 1. 1. 1. 1.]
 [0. 1. 1. 0. 1. 1. 1. 1. 0. 1. 0. 1. 1. 0. 0. 1. 0. 0. 1.]
 [1. 1. 1. 1. 1. 1. 0. 1. 1. 1. 1. 0. 0. 1. 1. 1. 1. 0. 0.]]
2026-01-07 12:55:38 - ERROR - 遗传演进:  25%|##5       | 25/100 [00:31<01:25,  1.14s/it]
2026-01-07 12:55:39 - INFO - 矩阵形状：
2026-01-07 12:55:39 - INFO - (19, 19)
2026-01-07 12:55:39 - INFO - [[1. 0. 1. 1. 1. 1. 1. 0. 0. 0. 1. 0. 1. 1. 1. 1. 1. 0. 0.]
 [0. 0. 0. 1. 0. 0. 1. 0. 1. 0. 0. 1. 0. 1. 1. 1. 0. 0. 0.]
 [1. 1. 1. 0. 1. 1. 0. 1. 1. 0. 1. 0. 1. 1. 1. 0. 1. 0. 0.]
 [1. 0. 1. 1. 0. 0. 1. 0. 1. 1. 1. 1. 0. 0. 1. 0. 0. 1. 1.]
 [1. 1. 1. 0. 1. 1. 1. 0. 0. 1. 1. 0. 0. 0. 1. 1. 1. 1. 1.]
 [0. 0. 0. 1. 1. 1. 0. 1. 0. 0. 0. 0. 0. 0. 0. 1. 1. 0. 1.]
 [1. 0. 0. 1. 0. 1. 1. 0. 1. 0. 0. 0. 0. 1. 1. 0. 1. 0. 0.]
 [1. 0. 0. 0. 1. 0. 0. 1. 0. 1. 0. 1. 0. 0. 0. 1. 0. 0. 1.]
 [0. 1. 1. 0. 0. 1. 1. 1. 0. 1. 0. 0. 1. 0. 0. 1. 0. 1. 0.]
 [1. 1. 0. 0. 1. 0. 1. 0. 0. 0. 0. 0. 0. 1. 0. 1. 1. 1. 1.]
 [0. 1. 0. 1. 1. 1. 0. 0. 1. 0. 0. 0. 1. 1. 0. 0. 1. 1. 0.]
 [1. 0. 0. 1. 1. 1. 0. 1. 1. 0. 0. 1. 0. 0. 0. 0. 0. 1. 0.]
 [1. 1. 0. 0. 0. 1. 1. 1. 1. 1. 1. 0. 1. 1. 1. 0. 0. 1. 0.]
 [1. 1. 1. 1. 0. 1. 1. 1. 0. 0. 1. 0. 0. 1. 0. 1. 1. 1. 1.]
 [1. 1. 1. 1. 1. 1. 0. 0. 0. 1. 0. 0. 0. 0. 1. 0. 0. 0. 1.]
 [1. 0. 0. 1. 1. 0. 0. 0. 1. 0. 1. 1. 1. 1. 1. 0. 0. 1. 0.]
 [1. 0. 1. 1. 1. 0. 1. 1. 0. 1. 1. 0. 0. 1. 1. 1. 1. 1. 1.]
 [0. 1. 1. 0. 1. 1. 1. 1. 0. 1. 0. 1. 1. 0. 0. 1. 0. 0. 1.]
 [1. 1. 1. 1. 1. 1. 0. 1. 1. 1. 1. 0. 0. 1. 1. 1. 1. 0. 0.]]
2026-01-07 12:55:39 - ERROR - 遗传演进:  26%|##6       | 26/100 [00:32<01:24,  1.14s/it]
2026-01-07 12:55:40 - INFO - 矩阵形状：
2026-01-07 12:55:40 - INFO - (19, 19)
2026-01-07 12:55:40 - INFO - [[1. 0. 1. 1. 1. 1. 1. 0. 0. 0. 1. 0. 1. 1. 1. 1. 1. 0. 0.]
 [0. 0. 0. 1. 0. 0. 1. 0. 1. 0. 0. 1. 0. 1. 1. 1. 0. 0. 0.]
 [1. 1. 1. 0. 1. 1. 0. 1. 1. 0. 1. 0. 1. 1. 1. 0. 1. 0. 0.]
 [1. 0. 1. 1. 0. 0. 1. 0. 1. 1. 1. 1. 0. 0. 1. 0. 0. 1. 1.]
 [1. 1. 1. 0. 1. 1. 1. 0. 0. 1. 1. 0. 0. 0. 1. 1. 1. 1. 1.]
 [0. 0. 0. 1. 1. 1. 0. 1. 0. 0. 0. 0. 0. 0. 0. 1. 1. 0. 1.]
 [1. 0. 0. 1. 0. 1. 1. 0. 1. 0. 0. 0. 0. 1. 1. 0. 1. 0. 0.]
 [1. 0. 0. 0. 1. 0. 0. 1. 0. 1. 0. 1. 0. 0. 0. 1. 0. 0. 1.]
 [0. 1. 1. 0. 0. 1. 1. 1. 0. 1. 0. 0. 1. 0. 0. 1. 0. 1. 0.]
 [1. 1. 0. 0. 1. 0. 1. 0. 0. 0. 0. 0. 0. 1. 0. 1. 1. 1. 1.]
 [0. 1. 0. 1. 1. 1. 0. 0. 1. 0. 0. 0. 1. 1. 0. 0. 1. 1. 0.]
 [1. 0. 0. 1. 1. 1. 0. 1. 1. 0. 0. 1. 0. 0. 0. 0. 0. 1. 0.]
 [1. 1. 0. 0. 0. 1. 1. 1. 1. 1. 1. 0. 1. 1. 1. 0. 0. 1. 0.]
 [1. 1. 1. 1. 0. 1. 1. 1. 0. 0. 1. 0. 0. 1. 0. 1. 1. 1. 1.]
 [1. 1. 1. 1. 1. 1. 0. 0. 0. 1. 0. 0. 0. 0. 1. 0. 0. 0. 1.]
 [1. 0. 0. 1. 1. 0. 0. 0. 1. 0. 1. 1. 1. 1. 1. 0. 0. 1. 0.]
 [1. 0. 1. 1. 1. 0. 1. 1. 0. 1. 1. 0. 0. 1. 1. 1. 1. 1. 1.]
 [0. 1. 1. 0. 1. 1. 1. 1. 0. 1. 0. 1. 1. 0. 0. 1. 0. 0. 1.]
 [1. 1. 1. 1. 1. 1. 0. 1. 1. 1. 1. 0. 0. 1. 1. 1. 1. 0. 0.]]
2026-01-07 12:55:40 - ERROR - 遗传演进:  27%|##7       | 27/100 [00:33<01:23,  1.14s/it]
2026-01-07 12:55:41 - INFO - 矩阵形状：
2026-01-07 12:55:41 - INFO - (19, 19)
2026-01-07 12:55:41 - INFO - [[1. 0. 1. 1. 1. 1. 1. 0. 0. 0. 1. 0. 1. 1. 1. 1. 1. 0. 0.]
 [0. 0. 0. 1. 0. 0. 1. 0. 1. 0. 0. 1. 0. 1. 1. 1. 0. 0. 0.]
 [1. 1. 1. 0. 1. 1. 0. 1. 1. 0. 1. 0. 1. 1. 1. 0. 1. 0. 0.]
 [1. 0. 1. 1. 0. 0. 1. 0. 1. 1. 1. 1. 0. 0. 1. 0. 0. 1. 1.]
 [1. 1. 1. 0. 1. 1. 1. 0. 0. 1. 1. 0. 0. 0. 1. 1. 1. 1. 1.]
 [0. 0. 0. 1. 1. 1. 0. 1. 0. 0. 0. 0. 0. 0. 0. 1. 1. 0. 1.]
 [1. 0. 0. 1. 0. 1. 1. 0. 1. 0. 0. 0. 0. 1. 1. 0. 1. 0. 0.]
 [1. 0. 0. 0. 1. 0. 0. 1. 0. 1. 0. 1. 0. 0. 0. 1. 0. 0. 1.]
 [0. 1. 1. 0. 0. 1. 1. 1. 0. 1. 0. 0. 1. 0. 0. 1. 0. 1. 0.]
 [1. 1. 0. 0. 1. 0. 1. 0. 0. 0. 0. 0. 0. 1. 0. 1. 1. 1. 1.]
 [0. 1. 0. 1. 1. 1. 0. 0. 1. 0. 0. 0. 1. 1. 0. 0. 1. 1. 0.]
 [1. 0. 0. 1. 1. 1. 0. 1. 1. 0. 0. 1. 0. 0. 0. 0. 0. 1. 0.]
 [1. 1. 0. 0. 0. 1. 1. 1. 1. 1. 1. 0. 1. 1. 1. 0. 0. 1. 0.]
 [1. 1. 1. 1. 0. 1. 1. 1. 0. 0. 1. 0. 0. 1. 0. 1. 1. 1. 1.]
 [1. 1. 1. 1. 1. 1. 0. 0. 0. 1. 0. 0. 0. 0. 1. 0. 0. 0. 1.]
 [1. 0. 0. 1. 1. 0. 0. 0. 1. 0. 1. 1. 1. 1. 1. 0. 0. 1. 0.]
 [1. 0. 1. 1. 1. 0. 1. 1. 0. 1. 1. 0. 0. 1. 1. 1. 1. 1. 1.]
 [0. 1. 1. 0. 1. 1. 1. 1. 0. 1. 0. 1. 1. 0. 0. 1. 0. 0. 1.]
 [1. 1. 1. 1. 1. 1. 0. 1. 1. 1. 1. 0. 0. 1. 1. 1. 1. 0. 0.]]
2026-01-07 12:55:42 - ERROR - 遗传演进:  28%|##8       | 28/100 [00:35<01:21,  1.14s/it]
2026-01-07 12:55:43 - INFO - 矩阵形状：
2026-01-07 12:55:43 - INFO - (19, 19)
2026-01-07 12:55:43 - INFO - [[1. 0. 1. 1. 1. 1. 1. 0. 0. 0. 1. 0. 1. 1. 1. 1. 1. 0. 0.]
 [0. 0. 0. 1. 0. 0. 1. 0. 1. 0. 0. 1. 0. 1. 1. 1. 0. 0. 0.]
 [1. 1. 1. 0. 1. 1. 0. 1. 1. 0. 1. 0. 1. 1. 1. 0. 1. 0. 0.]
 [1. 0. 1. 1. 0. 0. 1. 0. 1. 1. 1. 1. 0. 0. 1. 0. 0. 1. 1.]
 [1. 1. 1. 0. 1. 1. 1. 0. 0. 1. 1. 0. 0. 0. 1. 1. 1. 1. 1.]
 [0. 0. 0. 1. 1. 1. 0. 1. 0. 0. 0. 0. 0. 0. 0. 1. 1. 0. 1.]
 [1. 0. 0. 1. 0. 1. 1. 0. 1. 0. 0. 0. 0. 1. 1. 0. 1. 0. 0.]
 [1. 0. 0. 0. 1. 0. 0. 1. 0. 1. 0. 1. 0. 0. 0. 1. 0. 0. 1.]
 [0. 1. 1. 0. 0. 1. 1. 1. 0. 1. 0. 0. 1. 0. 0. 1. 0. 1. 0.]
 [1. 1. 0. 0. 1. 0. 1. 0. 0. 0. 0. 0. 0. 1. 0. 1. 1. 1. 1.]
 [0. 1. 0. 1. 1. 1. 0. 0. 1. 0. 0. 0. 1. 1. 0. 0. 1. 1. 0.]
 [1. 0. 0. 1. 1. 1. 0. 1. 1. 0. 0. 1. 0. 0. 0. 0. 0. 1. 0.]
 [1. 1. 0. 0. 0. 1. 1. 1. 1. 1. 1. 0. 1. 1. 1. 0. 0. 1. 0.]
 [1. 1. 1. 1. 0. 1. 1. 1. 0. 0. 1. 0. 0. 1. 0. 1. 1. 1. 1.]
 [1. 1. 1. 1. 1. 1. 0. 0. 0. 1. 0. 0. 0. 0. 1. 0. 0. 0. 1.]
 [1. 0. 0. 1. 1. 0. 0. 0. 1. 0. 1. 1. 1. 1. 1. 0. 0. 1. 0.]
 [1. 0. 1. 1. 1. 0. 1. 1. 0. 1. 1. 0. 0. 1. 1. 1. 1. 1. 1.]
 [0. 1. 1. 0. 1. 1. 1. 1. 0. 1. 0. 1. 1. 0. 0. 1. 0. 0. 1.]
 [1. 1. 1. 1. 1. 1. 0. 1. 1. 1. 1. 0. 0. 1. 1. 1. 1. 0. 0.]]
2026-01-07 12:55:43 - ERROR - 遗传演进:  29%|##9       | 29/100 [00:36<01:20,  1.14s/it]
2026-01-07 12:55:44 - INFO - 矩阵形状：
2026-01-07 12:55:44 - INFO - (19, 19)
2026-01-07 12:55:44 - INFO - [[0. 0. 1. 0. 0. 1. 1. 0. 1. 1. 1. 0. 1. 1. 1. 0. 1. 0. 0.]
 [1. 0. 1. 0. 0. 0. 1. 1. 1. 0. 0. 0. 1. 1. 1. 1. 0. 1. 0.]
 [0. 1. 1. 1. 1. 1. 0. 1. 0. 1. 1. 1. 0. 1. 1. 1. 1. 1. 1.]
 [1. 0. 0. 1. 1. 0. 0. 1. 0. 0. 1. 0. 0. 1. 1. 1. 0. 0. 1.]
 [1. 1. 1. 0. 1. 1. 1. 1. 0. 1. 1. 0. 1. 1. 1. 1. 1. 1. 1.]
 [0. 0. 0. 1. 1. 0. 0. 1. 0. 0. 0. 0. 1. 0. 0. 1. 1. 1. 0.]
 [1. 0. 0. 1. 1. 0. 1. 0. 0. 0. 0. 1. 0. 0. 1. 1. 0. 1. 0.]
 [1. 0. 0. 0. 1. 0. 0. 1. 1. 0. 0. 1. 0. 0. 0. 1. 0. 0. 1.]
 [0. 1. 1. 0. 1. 1. 1. 1. 0. 0. 0. 0. 0. 0. 0. 1. 1. 0. 1.]
 [1. 1. 0. 0. 1. 0. 1. 0. 0. 0. 0. 1. 0. 0. 0. 0. 1. 1. 1.]
 [1. 1. 0. 0. 1. 1. 0. 0. 1. 1. 0. 1. 1. 0. 0. 1. 0. 1. 0.]
 [1. 0. 1. 1. 1. 1. 0. 1. 0. 0. 0. 1. 0. 1. 0. 1. 0. 1. 1.]
 [1. 1. 1. 1. 0. 1. 0. 1. 1. 1. 0. 0. 0. 1. 1. 1. 0. 0. 1.]
 [0. 1. 1. 0. 1. 0. 1. 1. 0. 1. 1. 1. 0. 1. 0. 1. 0. 1. 0.]
 [1. 1. 1. 1. 1. 1. 0. 0. 0. 1. 1. 1. 0. 0. 1. 1. 1. 0. 1.]
 [1. 0. 0. 0. 0. 0. 0. 1. 1. 0. 0. 1. 0. 1. 0. 0. 1. 1. 0.]
 [0. 0. 0. 1. 1. 0. 1. 1. 1. 0. 0. 1. 1. 1. 0. 1. 0. 1. 0.]
 [1. 1. 1. 1. 0. 1. 1. 1. 0. 1. 1. 1. 1. 1. 1. 0. 0. 1. 0.]
 [1. 1. 1. 1. 1. 1. 0. 1. 1. 1. 1. 0. 0. 1. 1. 1. 1. 1. 1.]]
2026-01-07 12:55:44 - ERROR - 遗传演进:  30%|###       | 30/100 [00:37<01:19,  1.14s/it]
2026-01-07 12:55:45 - INFO - 矩阵形状：
2026-01-07 12:55:45 - INFO - (19, 19)
2026-01-07 12:55:45 - INFO - [[0. 0. 1. 0. 0. 1. 1. 0. 1. 1. 1. 0. 1. 1. 1. 0. 1. 0. 0.]
 [1. 0. 1. 0. 0. 0. 1. 1. 1. 0. 0. 0. 1. 1. 1. 1. 0. 1. 0.]
 [0. 1. 1. 1. 1. 1. 0. 1. 0. 1. 1. 1. 0. 1. 1. 1. 1. 1. 1.]
 [1. 0. 0. 1. 1. 0. 0. 1. 0. 0. 1. 0. 0. 1. 1. 1. 0. 0. 1.]
 [1. 1. 1. 0. 1. 1. 1. 1. 0. 1. 1. 0. 1. 1. 1. 1. 1. 1. 1.]
 [0. 0. 0. 1. 1. 0. 0. 1. 0. 0. 0. 0. 1. 0. 0. 1. 1. 1. 0.]
 [1. 0. 0. 1. 1. 0. 1. 0. 0. 0. 0. 1. 0. 0. 1. 1. 0. 1. 0.]
 [1. 0. 0. 0. 1. 0. 0. 1. 1. 0. 0. 1. 0. 0. 0. 1. 0. 0. 1.]
 [0. 1. 1. 0. 1. 1. 1. 1. 0. 0. 0. 0. 0. 0. 0. 1. 1. 0. 1.]
 [1. 1. 0. 0. 1. 0. 1. 0. 0. 0. 0. 1. 0. 0. 0. 0. 1. 1. 1.]
 [1. 1. 0. 0. 1. 1. 0. 0. 1. 1. 0. 1. 1. 0. 0. 1. 0. 1. 0.]
 [1. 0. 1. 1. 1. 1. 0. 1. 0. 0. 0. 1. 0. 1. 0. 1. 0. 1. 1.]
 [1. 1. 1. 1. 0. 1. 0. 1. 1. 1. 0. 0. 0. 1. 1. 1. 0. 0. 1.]
 [0. 1. 1. 0. 1. 0. 1. 1. 0. 1. 1. 1. 0. 1. 0. 1. 0. 1. 0.]
 [1. 1. 1. 1. 1. 1. 0. 0. 0. 1. 1. 1. 0. 0. 1. 1. 1. 0. 1.]
 [1. 0. 0. 0. 0. 0. 0. 1. 1. 0. 0. 1. 0. 1. 0. 0. 1. 1. 0.]
 [0. 0. 0. 1. 1. 0. 1. 1. 1. 0. 0. 1. 1. 1. 0. 1. 0. 1. 0.]
 [1. 1. 1. 1. 0. 1. 1. 1. 0. 1. 1. 1. 1. 1. 1. 0. 0. 1. 0.]
 [1. 1. 1. 1. 1. 1. 0. 1. 1. 1. 1. 0. 0. 1. 1. 1. 1. 1. 1.]]
2026-01-07 12:55:45 - INFO - 代  30: 平均适应度 = -6.0264, 最佳适应度 = -5.6472
2026-01-07 12:55:45 - INFO -       S11 = 0.12 dB, S21 = 2.45 dB, 密度 = 0.562
2026-01-07 12:55:45 - INFO - s_params =

2026-01-07 12:55:45 - INFO - {'S11_real': np.float32(0.1817999), 'S11_imag': np.float32(-0.9972974), 'S21_real': np.float32(0.9999925), 'S21_imag': np.float32(0.87045693), 'S12_real': np.float32(0.9999925), 'S12_imag': np.float32(0.87045676), 'S22_real': np.float32(0.96555716), 'S22_imag': np.float32(-0.99504596)}
2026-01-07 12:55:45 - ERROR - 遗传演进:  31%|###1      | 31/100 [00:38<01:19,  1.15s/it]
2026-01-07 12:55:46 - INFO - 矩阵形状：
2026-01-07 12:55:46 - INFO - (19, 19)
2026-01-07 12:55:46 - INFO - [[0. 0. 1. 0. 0. 1. 1. 0. 1. 1. 1. 0. 1. 1. 1. 0. 1. 0. 0.]
 [1. 0. 1. 0. 0. 0. 1. 1. 1. 0. 0. 0. 1. 1. 1. 1. 0. 1. 0.]
 [0. 1. 1. 1. 1. 1. 0. 1. 0. 1. 1. 1. 0. 1. 1. 1. 1. 1. 1.]
 [1. 0. 0. 1. 1. 0. 0. 1. 0. 0. 1. 0. 0. 1. 1. 1. 0. 0. 1.]
 [1. 1. 1. 0. 1. 1. 1. 1. 0. 1. 1. 0. 1. 1. 1. 1. 1. 1. 1.]
 [0. 0. 0. 1. 1. 0. 0. 1. 0. 0. 0. 0. 1. 0. 0. 1. 1. 1. 0.]
 [1. 0. 0. 1. 1. 0. 1. 0. 0. 0. 0. 1. 0. 0. 1. 1. 0. 1. 0.]
 [1. 0. 0. 0. 1. 0. 0. 1. 1. 0. 0. 1. 0. 0. 0. 1. 0. 0. 1.]
 [0. 1. 1. 0. 1. 1. 1. 1. 0. 0. 0. 0. 0. 0. 0. 1. 1. 0. 1.]
 [1. 1. 0. 0. 1. 0. 1. 0. 0. 0. 0. 1. 0. 0. 0. 0. 1. 1. 1.]
 [1. 1. 0. 0. 1. 1. 0. 0. 1. 1. 0. 1. 1. 0. 0. 1. 0. 1. 0.]
 [1. 0. 1. 1. 1. 1. 0. 1. 0. 0. 0. 1. 0. 1. 0. 1. 0. 1. 1.]
 [1. 1. 1. 1. 0. 1. 0. 1. 1. 1. 0. 0. 0. 1. 1. 1. 0. 0. 1.]
 [0. 1. 1. 0. 1. 0. 1. 1. 0. 1. 1. 1. 0. 1. 0. 1. 0. 1. 0.]
 [1. 1. 1. 1. 1. 1. 0. 0. 0. 1. 1. 1. 0. 0. 1. 1. 1. 0. 1.]
 [1. 0. 0. 0. 0. 0. 0. 1. 1. 0. 0. 1. 0. 1. 0. 0. 1. 1. 0.]
 [0. 0. 0. 1. 1. 0. 1. 1. 1. 0. 0. 1. 1. 1. 0. 1. 0. 1. 0.]
 [1. 1. 1. 1. 0. 1. 1. 1. 0. 1. 1. 1. 1. 1. 1. 0. 0. 1. 0.]
 [1. 1. 1. 1. 1. 1. 0. 1. 1. 1. 1. 0. 0. 1. 1. 1. 1. 1. 1.]]
2026-01-07 12:55:46 - ERROR - 遗传演进:  32%|###2      | 32/100 [00:39<01:19,  1.17s/it]
2026-01-07 12:55:47 - INFO - 矩阵形状：
2026-01-07 12:55:47 - INFO - (19, 19)
2026-01-07 12:55:47 - INFO - [[0. 0. 1. 0. 0. 1. 1. 0. 1. 1. 1. 0. 1. 1. 1. 0. 1. 0. 0.]
 [1. 0. 1. 0. 0. 0. 1. 1. 1. 0. 0. 0. 1. 1. 1. 1. 0. 1. 0.]
 [0. 1. 1. 1. 1. 1. 0. 1. 0. 1. 1. 1. 0. 1. 1. 1. 1. 1. 1.]
 [1. 0. 0. 1. 1. 0. 0. 1. 0. 0. 1. 0. 0. 1. 1. 1. 0. 0. 1.]
 [1. 1. 1. 0. 1. 1. 1. 1. 0. 1. 1. 0. 1. 1. 1. 1. 1. 1. 1.]
 [0. 0. 0. 1. 1. 0. 0. 1. 0. 0. 0. 0. 1. 0. 0. 1. 1. 1. 0.]
 [1. 0. 0. 1. 1. 0. 1. 0. 0. 0. 0. 1. 0. 0. 1. 1. 0. 1. 0.]
 [1. 0. 0. 0. 1. 0. 0. 1. 1. 0. 0. 1. 0. 0. 0. 1. 0. 0. 1.]
 [0. 1. 1. 0. 1. 1. 1. 1. 0. 0. 0. 0. 0. 0. 0. 1. 1. 0. 1.]
 [1. 1. 0. 0. 1. 0. 1. 0. 0. 0. 0. 1. 0. 0. 0. 0. 1. 1. 1.]
 [1. 1. 0. 0. 1. 1. 0. 0. 1. 1. 0. 1. 1. 0. 0. 1. 0. 1. 0.]
 [1. 0. 1. 1. 1. 1. 0. 1. 0. 0. 0. 1. 0. 1. 0. 1. 0. 1. 1.]
 [1. 1. 1. 1. 0. 1. 0. 1. 1. 1. 0. 0. 0. 1. 1. 1. 0. 0. 1.]
 [0. 1. 1. 0. 1. 0. 1. 1. 0. 1. 1. 1. 0. 1. 0. 1. 0. 1. 0.]
 [1. 1. 1. 1. 1. 1. 0. 0. 0. 1. 1. 1. 0. 0. 1. 1. 1. 0. 1.]
 [1. 0. 0. 0. 0. 0. 0. 1. 1. 0. 0. 1. 0. 1. 0. 0. 1. 1. 0.]
 [0. 0. 0. 1. 1. 0. 1. 1. 1. 0. 0. 1. 1. 1. 0. 1. 0. 1. 0.]
 [1. 1. 1. 1. 0. 1. 1. 1. 0. 1. 1. 1. 1. 1. 1. 0. 0. 1. 0.]
 [1. 1. 1. 1. 1. 1. 0. 1. 1. 1. 1. 0. 0. 1. 1. 1. 1. 1. 1.]]
2026-01-07 12:55:47 - ERROR - 遗传演进:  33%|###3      | 33/100 [00:40<01:17,  1.16s/it]
2026-01-07 12:55:48 - INFO - 矩阵形状：
2026-01-07 12:55:48 - INFO - (19, 19)
2026-01-07 12:55:48 - INFO - [[0. 0. 1. 0. 0. 1. 1. 0. 1. 1. 1. 0. 1. 1. 1. 0. 1. 0. 0.]
 [1. 0. 1. 0. 0. 0. 1. 1. 1. 0. 0. 0. 1. 1. 1. 1. 0. 1. 0.]
 [0. 1. 1. 1. 1. 1. 0. 1. 0. 1. 1. 1. 0. 1. 1. 1. 1. 1. 1.]
 [1. 0. 0. 1. 1. 0. 0. 1. 0. 0. 1. 0. 0. 1. 1. 1. 0. 0. 1.]
 [1. 1. 1. 0. 1. 1. 1. 1. 0. 1. 1. 0. 1. 1. 1. 1. 1. 1. 1.]
 [0. 0. 0. 1. 1. 0. 0. 1. 0. 0. 0. 0. 1. 0. 0. 1. 1. 1. 0.]
 [1. 0. 0. 1. 1. 0. 1. 0. 0. 0. 0. 1. 0. 0. 1. 1. 0. 1. 0.]
 [1. 0. 0. 0. 1. 0. 0. 1. 1. 0. 0. 1. 0. 0. 0. 1. 0. 0. 1.]
 [0. 1. 1. 0. 1. 1. 1. 1. 0. 0. 0. 0. 0. 0. 0. 1. 1. 0. 1.]
 [1. 1. 0. 0. 1. 0. 1. 0. 0. 0. 0. 1. 0. 0. 0. 0. 1. 1. 1.]
 [1. 1. 0. 0. 1. 1. 0. 0. 1. 1. 0. 1. 1. 0. 0. 1. 0. 1. 0.]
 [1. 0. 1. 1. 1. 1. 0. 1. 0. 0. 0. 1. 0. 1. 0. 1. 0. 1. 1.]
 [1. 1. 1. 1. 0. 1. 0. 1. 1. 1. 0. 0. 0. 1. 1. 1. 0. 0. 1.]
 [0. 1. 1. 0. 1. 0. 1. 1. 0. 1. 1. 1. 0. 1. 0. 1. 0. 1. 0.]
 [1. 1. 1. 1. 1. 1. 0. 0. 0. 1. 1. 1. 0. 0. 1. 1. 1. 0. 1.]
 [1. 0. 0. 0. 0. 0. 0. 1. 1. 0. 0. 1. 0. 1. 0. 0. 1. 1. 0.]
 [0. 0. 0. 1. 1. 0. 1. 1. 1. 0. 0. 1. 1. 1. 0. 1. 0. 1. 0.]
 [1. 1. 1. 1. 0. 1. 1. 1. 0. 1. 1. 1. 1. 1. 1. 0. 0. 1. 0.]
 [1. 1. 1. 1. 1. 1. 0. 1. 1. 1. 1. 0. 0. 1. 1. 1. 1. 1. 1.]]
2026-01-07 12:55:49 - ERROR - 遗传演进:  34%|###4      | 34/100 [00:41<01:16,  1.15s/it]
2026-01-07 12:55:50 - INFO - 矩阵形状：
2026-01-07 12:55:50 - INFO - (19, 19)
2026-01-07 12:55:50 - INFO - [[0. 0. 1. 0. 0. 1. 1. 0. 1. 1. 1. 0. 1. 1. 1. 0. 1. 0. 0.]
 [1. 0. 1. 0. 0. 0. 1. 1. 1. 0. 0. 0. 1. 1. 1. 1. 0. 1. 0.]
 [0. 1. 1. 1. 1. 1. 0. 1. 0. 1. 1. 1. 0. 1. 1. 1. 1. 1. 1.]
 [1. 0. 0. 1. 1. 0. 0. 1. 0. 0. 1. 0. 0. 1. 1. 1. 0. 0. 1.]
 [1. 1. 1. 0. 1. 1. 1. 1. 0. 1. 1. 0. 1. 1. 1. 1. 1. 1. 1.]
 [0. 0. 0. 1. 1. 0. 0. 1. 0. 0. 0. 0. 1. 0. 0. 1. 1. 1. 0.]
 [1. 0. 0. 1. 1. 0. 1. 0. 0. 0. 0. 1. 0. 0. 1. 1. 0. 1. 0.]
 [1. 0. 0. 0. 1. 0. 0. 1. 1. 0. 0. 1. 0. 0. 0. 1. 0. 0. 1.]
 [0. 1. 1. 0. 1. 1. 1. 1. 0. 0. 0. 0. 0. 0. 0. 1. 1. 0. 1.]
 [1. 1. 0. 0. 1. 0. 1. 0. 0. 0. 0. 1. 0. 0. 0. 0. 1. 1. 1.]
 [1. 1. 0. 0. 1. 1. 0. 0. 1. 1. 0. 1. 1. 0. 0. 1. 0. 1. 0.]
 [1. 0. 1. 1. 1. 1. 0. 1. 0. 0. 0. 1. 0. 1. 0. 1. 0. 1. 1.]
 [1. 1. 1. 1. 0. 1. 0. 1. 1. 1. 0. 0. 0. 1. 1. 1. 0. 0. 1.]
 [0. 1. 1. 0. 1. 0. 1. 1. 0. 1. 1. 1. 0. 1. 0. 1. 0. 1. 0.]
 [1. 1. 1. 1. 1. 1. 0. 0. 0. 1. 1. 1. 0. 0. 1. 1. 1. 0. 1.]
 [1. 0. 0. 0. 0. 0. 0. 1. 1. 0. 0. 1. 0. 1. 0. 0. 1. 1. 0.]
 [0. 0. 0. 1. 1. 0. 1. 1. 1. 0. 0. 1. 1. 1. 0. 1. 0. 1. 0.]
 [1. 1. 1. 1. 0. 1. 1. 1. 0. 1. 1. 1. 1. 1. 1. 0. 0. 1. 0.]
 [1. 1. 1. 1. 1. 1. 0. 1. 1. 1. 1. 0. 0. 1. 1. 1. 1. 1. 1.]]
2026-01-07 12:55:50 - ERROR - 遗传演进:  35%|###5      | 35/100 [00:43<01:14,  1.15s/it]
2026-01-07 12:55:51 - INFO - 矩阵形状：
2026-01-07 12:55:51 - INFO - (19, 19)
2026-01-07 12:55:51 - INFO - [[0. 0. 1. 0. 0. 1. 1. 0. 1. 1. 1. 0. 1. 1. 1. 0. 1. 0. 0.]
 [1. 0. 1. 0. 0. 0. 1. 1. 1. 0. 0. 0. 1. 1. 1. 1. 0. 1. 0.]
 [0. 1. 1. 1. 1. 1. 0. 1. 0. 1. 1. 1. 0. 1. 1. 1. 1. 1. 1.]
 [1. 0. 0. 1. 1. 0. 0. 1. 0. 0. 1. 0. 0. 1. 1. 1. 0. 0. 1.]
 [1. 1. 1. 0. 1. 1. 1. 1. 0. 1. 1. 0. 1. 1. 1. 1. 1. 1. 1.]
 [0. 0. 0. 1. 1. 0. 0. 1. 0. 0. 0. 0. 1. 0. 0. 1. 1. 1. 0.]
 [1. 0. 0. 1. 1. 0. 1. 0. 0. 0. 0. 1. 0. 0. 1. 1. 0. 1. 0.]
 [1. 0. 0. 0. 1. 0. 0. 1. 1. 0. 0. 1. 0. 0. 0. 1. 0. 0. 1.]
 [0. 1. 1. 0. 1. 1. 1. 1. 0. 0. 0. 0. 0. 0. 0. 1. 1. 0. 1.]
 [1. 1. 0. 0. 1. 0. 1. 0. 0. 0. 0. 1. 0. 0. 0. 0. 1. 1. 1.]
 [1. 1. 0. 0. 1. 1. 0. 0. 1. 1. 0. 1. 1. 0. 0. 1. 0. 1. 0.]
 [1. 0. 1. 1. 1. 1. 0. 1. 0. 0. 0. 1. 0. 1. 0. 1. 0. 1. 1.]
 [1. 1. 1. 1. 0. 1. 0. 1. 1. 1. 0. 0. 0. 1. 1. 1. 0. 0. 1.]
 [0. 1. 1. 0. 1. 0. 1. 1. 0. 1. 1. 1. 0. 1. 0. 1. 0. 1. 0.]
 [1. 1. 1. 1. 1. 1. 0. 0. 0. 1. 1. 1. 0. 0. 1. 1. 1. 0. 1.]
 [1. 0. 0. 0. 0. 0. 0. 1. 1. 0. 0. 1. 0. 1. 0. 0. 1. 1. 0.]
 [0. 0. 0. 1. 1. 0. 1. 1. 1. 0. 0. 1. 1. 1. 0. 1. 0. 1. 0.]
 [1. 1. 1. 1. 0. 1. 1. 1. 0. 1. 1. 1. 1. 1. 1. 0. 0. 1. 0.]
 [1. 1. 1. 1. 1. 1. 0. 1. 1. 1. 1. 0. 0. 1. 1. 1. 1. 1. 1.]]
2026-01-07 12:55:51 - ERROR - 遗传演进:  36%|###6      | 36/100 [00:44<01:13,  1.14s/it]
2026-01-07 12:55:52 - INFO - 矩阵形状：
2026-01-07 12:55:52 - INFO - (19, 19)
2026-01-07 12:55:52 - INFO - [[0. 0. 1. 0. 0. 1. 1. 0. 1. 1. 1. 0. 1. 1. 1. 0. 1. 0. 0.]
 [1. 0. 1. 0. 0. 0. 1. 1. 1. 0. 0. 0. 1. 1. 1. 1. 0. 1. 0.]
 [0. 1. 1. 1. 1. 1. 0. 1. 0. 1. 1. 1. 0. 1. 1. 1. 1. 1. 1.]
 [1. 0. 0. 1. 1. 0. 0. 1. 0. 0. 1. 0. 0. 1. 1. 1. 0. 0. 1.]
 [1. 1. 1. 0. 1. 1. 1. 1. 0. 1. 1. 0. 1. 1. 1. 1. 1. 1. 1.]
 [0. 0. 0. 1. 1. 0. 0. 1. 0. 0. 0. 0. 1. 0. 0. 1. 1. 1. 0.]
 [1. 0. 0. 1. 1. 0. 1. 0. 0. 0. 0. 1. 0. 0. 1. 1. 0. 1. 0.]
 [1. 0. 0. 0. 1. 0. 0. 1. 1. 0. 0. 1. 0. 0. 0. 1. 0. 0. 1.]
 [0. 1. 1. 0. 1. 1. 1. 1. 0. 0. 0. 0. 0. 0. 0. 1. 1. 0. 1.]
 [1. 1. 0. 0. 1. 0. 1. 0. 0. 0. 0. 1. 0. 0. 0. 0. 1. 1. 1.]
 [1. 1. 0. 0. 1. 1. 0. 0. 1. 1. 0. 1. 1. 0. 0. 1. 0. 1. 0.]
 [1. 0. 1. 1. 1. 1. 0. 1. 0. 0. 0. 1. 0. 1. 0. 1. 0. 1. 1.]
 [1. 1. 1. 1. 0. 1. 0. 1. 1. 1. 0. 0. 0. 1. 1. 1. 0. 0. 1.]
 [0. 1. 1. 0. 1. 0. 1. 1. 0. 1. 1. 1. 0. 1. 0. 1. 0. 1. 0.]
 [1. 1. 1. 1. 1. 1. 0. 0. 0. 1. 1. 1. 0. 0. 1. 1. 1. 0. 1.]
 [1. 0. 0. 0. 0. 0. 0. 1. 1. 0. 0. 1. 0. 1. 0. 0. 1. 1. 0.]
 [0. 0. 0. 1. 1. 0. 1. 1. 1. 0. 0. 1. 1. 1. 0. 1. 0. 1. 0.]
 [1. 1. 1. 1. 0. 1. 1. 1. 0. 1. 1. 1. 1. 1. 1. 0. 0. 1. 0.]
 [1. 1. 1. 1. 1. 1. 0. 1. 1. 1. 1. 0. 0. 1. 1. 1. 1. 1. 1.]]
2026-01-07 12:55:52 - ERROR - 遗传演进:  37%|###7      | 37/100 [00:45<01:12,  1.14s/it]
2026-01-07 12:55:53 - INFO - 矩阵形状：
2026-01-07 12:55:53 - INFO - (19, 19)
2026-01-07 12:55:53 - INFO - [[0. 0. 1. 0. 0. 1. 1. 0. 1. 1. 1. 0. 1. 1. 1. 0. 1. 0. 0.]
 [1. 0. 1. 0. 0. 0. 1. 1. 1. 0. 0. 0. 1. 1. 1. 1. 0. 1. 0.]
 [0. 1. 1. 1. 1. 1. 0. 1. 0. 1. 1. 1. 0. 1. 1. 1. 1. 1. 1.]
 [1. 0. 0. 1. 1. 0. 0. 1. 0. 0. 1. 0. 0. 1. 1. 1. 0. 0. 1.]
 [1. 1. 1. 0. 1. 1. 1. 1. 0. 1. 1. 0. 1. 1. 1. 1. 1. 1. 1.]
 [0. 0. 0. 1. 1. 0. 0. 1. 0. 0. 0. 0. 1. 0. 0. 1. 1. 1. 0.]
 [1. 0. 0. 1. 1. 0. 1. 0. 0. 0. 0. 1. 0. 0. 1. 1. 0. 1. 0.]
 [1. 0. 0. 0. 1. 0. 0. 1. 1. 0. 0. 1. 0. 0. 0. 1. 0. 0. 1.]
 [0. 1. 1. 0. 1. 1. 1. 1. 0. 0. 0. 0. 0. 0. 0. 1. 1. 0. 1.]
 [1. 1. 0. 0. 1. 0. 1. 0. 0. 0. 0. 1. 0. 0. 0. 0. 1. 1. 1.]
 [1. 1. 0. 0. 1. 1. 0. 0. 1. 1. 0. 1. 1. 0. 0. 1. 0. 1. 0.]
 [1. 0. 1. 1. 1. 1. 0. 1. 0. 0. 0. 1. 0. 1. 0. 1. 0. 1. 1.]
 [1. 1. 1. 1. 0. 1. 0. 1. 1. 1. 0. 0. 0. 1. 1. 1. 0. 0. 1.]
 [0. 1. 1. 0. 1. 0. 1. 1. 0. 1. 1. 1. 0. 1. 0. 1. 0. 1. 0.]
 [1. 1. 1. 1. 1. 1. 0. 0. 0. 1. 1. 1. 0. 0. 1. 1. 1. 0. 1.]
 [1. 0. 0. 0. 0. 0. 0. 1. 1. 0. 0. 1. 0. 1. 0. 0. 1. 1. 0.]
 [0. 0. 0. 1. 1. 0. 1. 1. 1. 0. 0. 1. 1. 1. 0. 1. 0. 1. 0.]
 [1. 1. 1. 1. 0. 1. 1. 1. 0. 1. 1. 1. 1. 1. 1. 0. 0. 1. 0.]
 [1. 1. 1. 1. 1. 1. 0. 1. 1. 1. 1. 0. 0. 1. 1. 1. 1. 1. 1.]]
2026-01-07 12:55:53 - ERROR - 遗传演进:  38%|###8      | 38/100 [00:46<01:10,  1.14s/it]
2026-01-07 12:55:54 - INFO - 矩阵形状：
2026-01-07 12:55:54 - INFO - (19, 19)
2026-01-07 12:55:54 - INFO - [[0. 0. 1. 0. 0. 1. 1. 0. 1. 1. 1. 0. 1. 1. 1. 0. 1. 0. 0.]
 [1. 0. 1. 0. 0. 0. 1. 1. 1. 0. 0. 0. 1. 1. 1. 1. 0. 1. 0.]
 [0. 1. 1. 1. 1. 1. 0. 1. 0. 1. 1. 1. 0. 1. 1. 1. 1. 1. 1.]
 [1. 0. 0. 1. 1. 0. 0. 1. 0. 0. 1. 0. 0. 1. 1. 1. 0. 0. 1.]
 [1. 1. 1. 0. 1. 1. 1. 1. 0. 1. 1. 0. 1. 1. 1. 1. 1. 1. 1.]
 [0. 0. 0. 1. 1. 0. 0. 1. 0. 0. 0. 0. 1. 0. 0. 1. 1. 1. 0.]
 [1. 0. 0. 1. 1. 0. 1. 0. 0. 0. 0. 1. 0. 0. 1. 1. 0. 1. 0.]
 [1. 0. 0. 0. 1. 0. 0. 1. 1. 0. 0. 1. 0. 0. 0. 1. 0. 0. 1.]
 [0. 1. 1. 0. 1. 1. 1. 1. 0. 0. 0. 0. 0. 0. 0. 1. 1. 0. 1.]
 [1. 1. 0. 0. 1. 0. 1. 0. 0. 0. 0. 1. 0. 0. 0. 0. 1. 1. 1.]
 [1. 1. 0. 0. 1. 1. 0. 0. 1. 1. 0. 1. 1. 0. 0. 1. 0. 1. 0.]
 [1. 0. 1. 1. 1. 1. 0. 1. 0. 0. 0. 1. 0. 1. 0. 1. 0. 1. 1.]
 [1. 1. 1. 1. 0. 1. 0. 1. 1. 1. 0. 0. 0. 1. 1. 1. 0. 0. 1.]
 [0. 1. 1. 0. 1. 0. 1. 1. 0. 1. 1. 1. 0. 1. 0. 1. 0. 1. 0.]
 [1. 1. 1. 1. 1. 1. 0. 0. 0. 1. 1. 1. 0. 0. 1. 1. 1. 0. 1.]
 [1. 0. 0. 0. 0. 0. 0. 1. 1. 0. 0. 1. 0. 1. 0. 0. 1. 1. 0.]
 [0. 0. 0. 1. 1. 0. 1. 1. 1. 0. 0. 1. 1. 1. 0. 1. 0. 1. 0.]
 [1. 1. 1. 1. 0. 1. 1. 1. 0. 1. 1. 1. 1. 1. 1. 0. 0. 1. 0.]
 [1. 1. 1. 1. 1. 1. 0. 1. 1. 1. 1. 0. 0. 1. 1. 1. 1. 1. 1.]]
2026-01-07 12:55:54 - ERROR - 遗传演进:  39%|###9      | 39/100 [00:47<01:09,  1.14s/it]
2026-01-07 12:55:55 - INFO - 矩阵形状：
2026-01-07 12:55:55 - INFO - (19, 19)
2026-01-07 12:55:55 - INFO - [[0. 0. 1. 0. 0. 1. 1. 0. 1. 1. 1. 0. 1. 1. 1. 0. 1. 0. 0.]
 [1. 0. 1. 0. 0. 0. 1. 1. 1. 0. 0. 0. 1. 1. 1. 1. 0. 1. 0.]
 [0. 1. 1. 1. 1. 1. 0. 1. 0. 1. 1. 1. 0. 1. 1. 1. 1. 1. 1.]
 [1. 0. 0. 1. 1. 0. 0. 1. 0. 0. 1. 0. 0. 1. 1. 1. 0. 0. 1.]
 [1. 1. 1. 0. 1. 1. 1. 1. 0. 1. 1. 0. 1. 1. 1. 1. 1. 1. 1.]
 [0. 0. 0. 1. 1. 0. 0. 1. 0. 0. 0. 0. 1. 0. 0. 1. 1. 1. 0.]
 [1. 0. 0. 1. 1. 0. 1. 0. 0. 0. 0. 1. 0. 0. 1. 1. 0. 1. 0.]
 [1. 0. 0. 0. 1. 0. 0. 1. 1. 0. 0. 1. 0. 0. 0. 1. 0. 0. 1.]
 [0. 1. 1. 0. 1. 1. 1. 1. 0. 0. 0. 0. 0. 0. 0. 1. 1. 0. 1.]
 [1. 1. 0. 0. 1. 0. 1. 0. 0. 0. 0. 1. 0. 0. 0. 0. 1. 1. 1.]
 [1. 1. 0. 0. 1. 1. 0. 0. 1. 1. 0. 1. 1. 0. 0. 1. 0. 1. 0.]
 [1. 0. 1. 1. 1. 1. 0. 1. 0. 0. 0. 1. 0. 1. 0. 1. 0. 1. 1.]
 [1. 1. 1. 1. 0. 1. 0. 1. 1. 1. 0. 0. 0. 1. 1. 1. 0. 0. 1.]
 [0. 1. 1. 0. 1. 0. 1. 1. 0. 1. 1. 1. 0. 1. 0. 1. 0. 1. 0.]
 [1. 1. 1. 1. 1. 1. 0. 0. 0. 1. 1. 1. 0. 0. 1. 1. 1. 0. 1.]
 [1. 0. 0. 0. 0. 0. 0. 1. 1. 0. 0. 1. 0. 1. 0. 0. 1. 1. 0.]
 [0. 0. 0. 1. 1. 0. 1. 1. 1. 0. 0. 1. 1. 1. 0. 1. 0. 1. 0.]
 [1. 1. 1. 1. 0. 1. 1. 1. 0. 1. 1. 1. 1. 1. 1. 0. 0. 1. 0.]
 [1. 1. 1. 1. 1. 1. 0. 1. 1. 1. 1. 0. 0. 1. 1. 1. 1. 1. 1.]]
2026-01-07 12:55:55 - ERROR - 遗传演进:  40%|####      | 40/100 [00:48<01:08,  1.14s/it]
2026-01-07 12:55:56 - INFO - 矩阵形状：
2026-01-07 12:55:56 - INFO - (19, 19)
2026-01-07 12:55:56 - INFO - [[0. 0. 1. 0. 0. 1. 1. 0. 1. 1. 1. 0. 1. 1. 1. 0. 1. 0. 0.]
 [1. 0. 1. 0. 0. 0. 1. 1. 1. 0. 0. 0. 1. 1. 1. 1. 0. 1. 0.]
 [0. 1. 1. 1. 1. 1. 0. 1. 0. 1. 1. 1. 0. 1. 1. 1. 1. 1. 1.]
 [1. 0. 0. 1. 1. 0. 0. 1. 0. 0. 1. 0. 0. 1. 1. 1. 0. 0. 1.]
 [1. 1. 1. 0. 1. 1. 1. 1. 0. 1. 1. 0. 1. 1. 1. 1. 1. 1. 1.]
 [0. 0. 0. 1. 1. 0. 0. 1. 0. 0. 0. 0. 1. 0. 0. 1. 1. 1. 0.]
 [1. 0. 0. 1. 1. 0. 1. 0. 0. 0. 0. 1. 0. 0. 1. 1. 0. 1. 0.]
 [1. 0. 0. 0. 1. 0. 0. 1. 1. 0. 0. 1. 0. 0. 0. 1. 0. 0. 1.]
 [0. 1. 1. 0. 1. 1. 1. 1. 0. 0. 0. 0. 0. 0. 0. 1. 1. 0. 1.]
 [1. 1. 0. 0. 1. 0. 1. 0. 0. 0. 0. 1. 0. 0. 0. 0. 1. 1. 1.]
 [1. 1. 0. 0. 1. 1. 0. 0. 1. 1. 0. 1. 1. 0. 0. 1. 0. 1. 0.]
 [1. 0. 1. 1. 1. 1. 0. 1. 0. 0. 0. 1. 0. 1. 0. 1. 0. 1. 1.]
 [1. 1. 1. 1. 0. 1. 0. 1. 1. 1. 0. 0. 0. 1. 1. 1. 0. 0. 1.]
 [0. 1. 1. 0. 1. 0. 1. 1. 0. 1. 1. 1. 0. 1. 0. 1. 0. 1. 0.]
 [1. 1. 1. 1. 1. 1. 0. 0. 0. 1. 1. 1. 0. 0. 1. 1. 1. 0. 1.]
 [1. 0. 0. 0. 0. 0. 0. 1. 1. 0. 0. 1. 0. 1. 0. 0. 1. 1. 0.]
 [0. 0. 0. 1. 1. 0. 1. 1. 1. 0. 0. 1. 1. 1. 0. 1. 0. 1. 0.]
 [1. 1. 1. 1. 0. 1. 1. 1. 0. 1. 1. 1. 1. 1. 1. 0. 0. 1. 0.]
 [1. 1. 1. 1. 1. 1. 0. 1. 1. 1. 1. 0. 0. 1. 1. 1. 1. 1. 1.]]
2026-01-07 12:55:57 - INFO - 代  40: 平均适应度 = -6.0263, 最佳适应度 = -5.6472
2026-01-07 12:55:57 - INFO -       S11 = 0.12 dB, S21 = 2.45 dB, 密度 = 0.562
2026-01-07 12:55:57 - INFO - s_params =

2026-01-07 12:55:57 - INFO - {'S11_real': np.float32(0.1817999), 'S11_imag': np.float32(-0.9972974), 'S21_real': np.float32(0.9999925), 'S21_imag': np.float32(0.87045693), 'S12_real': np.float32(0.9999925), 'S12_imag': np.float32(0.87045676), 'S22_real': np.float32(0.96555716), 'S22_imag': np.float32(-0.99504596)}
2026-01-07 12:55:57 - ERROR - 遗传演进:  41%|####1     | 41/100 [00:49<01:07,  1.14s/it]
2026-01-07 12:55:57 - INFO - 矩阵形状：
2026-01-07 12:55:57 - INFO - (19, 19)
2026-01-07 12:55:57 - INFO - [[0. 0. 1. 0. 0. 1. 1. 0. 1. 1. 1. 0. 1. 1. 1. 0. 1. 0. 0.]
 [1. 0. 1. 0. 0. 0. 1. 1. 1. 0. 0. 0. 1. 1. 1. 1. 0. 1. 0.]
 [0. 1. 1. 1. 1. 1. 0. 1. 0. 1. 1. 1. 0. 1. 1. 1. 1. 1. 1.]
 [1. 0. 0. 1. 1. 0. 0. 1. 0. 0. 1. 0. 0. 1. 1. 1. 0. 0. 1.]
 [1. 1. 1. 0. 1. 1. 1. 1. 0. 1. 1. 0. 1. 1. 1. 1. 1. 1. 1.]
 [0. 0. 0. 1. 1. 0. 0. 1. 0. 0. 0. 0. 1. 0. 0. 1. 1. 1. 0.]
 [1. 0. 0. 1. 1. 0. 1. 0. 0. 0. 0. 1. 0. 0. 1. 1. 0. 1. 0.]
 [1. 0. 0. 0. 1. 0. 0. 1. 1. 0. 0. 1. 0. 0. 0. 1. 0. 0. 1.]
 [0. 1. 1. 0. 1. 1. 1. 1. 0. 0. 0. 0. 0. 0. 0. 1. 1. 0. 1.]
 [1. 1. 0. 0. 1. 0. 1. 0. 0. 0. 0. 1. 0. 0. 0. 0. 1. 1. 1.]
 [1. 1. 0. 0. 1. 1. 0. 0. 1. 1. 0. 1. 1. 0. 0. 1. 0. 1. 0.]
 [1. 0. 1. 1. 1. 1. 0. 1. 0. 0. 0. 1. 0. 1. 0. 1. 0. 1. 1.]
 [1. 1. 1. 1. 0. 1. 0. 1. 1. 1. 0. 0. 0. 1. 1. 1. 0. 0. 1.]
 [0. 1. 1. 0. 1. 0. 1. 1. 0. 1. 1. 1. 0. 1. 0. 1. 0. 1. 0.]
 [1. 1. 1. 1. 1. 1. 0. 0. 0. 1. 1. 1. 0. 0. 1. 1. 1. 0. 1.]
 [1. 0. 0. 0. 0. 0. 0. 1. 1. 0. 0. 1. 0. 1. 0. 0. 1. 1. 0.]
 [0. 0. 0. 1. 1. 0. 1. 1. 1. 0. 0. 1. 1. 1. 0. 1. 0. 1. 0.]
 [1. 1. 1. 1. 0. 1. 1. 1. 0. 1. 1. 1. 1. 1. 1. 0. 0. 1. 0.]
 [1. 1. 1. 1. 1. 1. 0. 1. 1. 1. 1. 0. 0. 1. 1. 1. 1. 1. 1.]]
2026-01-07 12:55:58 - ERROR - 遗传演进:  42%|####2     | 42/100 [00:51<01:05,  1.14s/it]
2026-01-07 12:55:59 - INFO - 矩阵形状：
2026-01-07 12:55:59 - INFO - (19, 19)
2026-01-07 12:55:59 - INFO - [[0. 0. 1. 0. 0. 1. 1. 0. 1. 1. 1. 0. 1. 1. 1. 0. 1. 0. 0.]
 [1. 0. 1. 0. 0. 0. 1. 1. 1. 0. 0. 0. 1. 1. 1. 1. 0. 1. 0.]
 [0. 1. 1. 1. 1. 1. 0. 1. 0. 1. 1. 1. 0. 1. 1. 1. 1. 1. 1.]
 [1. 0. 0. 1. 1. 0. 0. 1. 0. 0. 1. 0. 0. 1. 1. 1. 0. 0. 1.]
 [1. 1. 1. 0. 1. 1. 1. 1. 0. 1. 1. 0. 1. 1. 1. 1. 1. 1. 1.]
 [0. 0. 0. 1. 1. 0. 0. 1. 0. 0. 0. 0. 1. 0. 0. 1. 1. 1. 0.]
 [1. 0. 0. 1. 1. 0. 1. 0. 0. 0. 0. 1. 0. 0. 1. 1. 0. 1. 0.]
 [1. 0. 0. 0. 1. 0. 0. 1. 1. 0. 0. 1. 0. 0. 0. 1. 0. 0. 1.]
 [0. 1. 1. 0. 1. 1. 1. 1. 0. 0. 0. 0. 0. 0. 0. 1. 1. 0. 1.]
 [1. 1. 0. 0. 1. 0. 1. 0. 0. 0. 0. 1. 0. 0. 0. 0. 1. 1. 1.]
 [1. 1. 0. 0. 1. 1. 0. 0. 1. 1. 0. 1. 1. 0. 0. 1. 0. 1. 0.]
 [1. 0. 1. 1. 1. 1. 0. 1. 0. 0. 0. 1. 0. 1. 0. 1. 0. 1. 1.]
 [1. 1. 1. 1. 0. 1. 0. 1. 1. 1. 0. 0. 0. 1. 1. 1. 0. 0. 1.]
 [0. 1. 1. 0. 1. 0. 1. 1. 0. 1. 1. 1. 0. 1. 0. 1. 0. 1. 0.]
 [1. 1. 1. 1. 1. 1. 0. 0. 0. 1. 1. 1. 0. 0. 1. 1. 1. 0. 1.]
 [1. 0. 0. 0. 0. 0. 0. 1. 1. 0. 0. 1. 0. 1. 0. 0. 1. 1. 0.]
 [0. 0. 0. 1. 1. 0. 1. 1. 1. 0. 0. 1. 1. 1. 0. 1. 0. 1. 0.]
 [1. 1. 1. 1. 0. 1. 1. 1. 0. 1. 1. 1. 1. 1. 1. 0. 0. 1. 0.]
 [1. 1. 1. 1. 1. 1. 0. 1. 1. 1. 1. 0. 0. 1. 1. 1. 1. 1. 1.]]
2026-01-07 12:55:59 - ERROR - 遗传演进:  43%|####3     | 43/100 [00:52<01:04,  1.14s/it]
2026-01-07 12:56:00 - INFO - 矩阵形状：
2026-01-07 12:56:00 - INFO - (19, 19)
2026-01-07 12:56:00 - INFO - [[0. 0. 1. 0. 0. 1. 1. 0. 1. 1. 1. 0. 1. 1. 1. 0. 1. 0. 0.]
 [1. 0. 1. 0. 0. 0. 1. 1. 1. 0. 0. 0. 1. 1. 1. 1. 0. 1. 0.]
 [0. 1. 1. 1. 1. 1. 0. 1. 0. 1. 1. 1. 0. 1. 1. 1. 1. 1. 1.]
 [1. 0. 0. 1. 1. 0. 0. 1. 0. 0. 1. 0. 0. 1. 1. 1. 0. 0. 1.]
 [1. 1. 1. 0. 1. 1. 1. 1. 0. 1. 1. 0. 1. 1. 1. 1. 1. 1. 1.]
 [0. 0. 0. 1. 1. 0. 0. 1. 0. 0. 0. 0. 1. 0. 0. 1. 1. 1. 0.]
 [1. 0. 0. 1. 1. 0. 1. 0. 0. 0. 0. 1. 0. 0. 1. 1. 0. 1. 0.]
 [1. 0. 0. 0. 1. 0. 0. 1. 1. 0. 0. 1. 0. 0. 0. 1. 0. 0. 1.]
 [0. 1. 1. 0. 1. 1. 1. 1. 0. 0. 0. 0. 0. 0. 0. 1. 1. 0. 1.]
 [1. 1. 0. 0. 1. 0. 1. 0. 0. 0. 0. 1. 0. 0. 0. 0. 1. 1. 1.]
 [1. 1. 0. 0. 1. 1. 0. 0. 1. 1. 0. 1. 1. 0. 0. 1. 0. 1. 0.]
 [1. 0. 1. 1. 1. 1. 0. 1. 0. 0. 0. 1. 0. 1. 0. 1. 0. 1. 1.]
 [1. 1. 1. 1. 0. 1. 0. 1. 1. 1. 0. 0. 0. 1. 1. 1. 0. 0. 1.]
 [0. 1. 1. 0. 1. 0. 1. 1. 0. 1. 1. 1. 0. 1. 0. 1. 0. 1. 0.]
 [1. 1. 1. 1. 1. 1. 0. 0. 0. 1. 1. 1. 0. 0. 1. 1. 1. 0. 1.]
 [1. 0. 0. 0. 0. 0. 0. 1. 1. 0. 0. 1. 0. 1. 0. 0. 1. 1. 0.]
 [0. 0. 0. 1. 1. 0. 1. 1. 1. 0. 0. 1. 1. 1. 0. 1. 0. 1. 0.]
 [1. 1. 1. 1. 0. 1. 1. 1. 0. 1. 1. 1. 1. 1. 1. 0. 0. 1. 0.]
 [1. 1. 1. 1. 1. 1. 0. 1. 1. 1. 1. 0. 0. 1. 1. 1. 1. 1. 1.]]
2026-01-07 12:56:00 - ERROR - 遗传演进:  44%|####4     | 44/100 [00:53<01:03,  1.13s/it]
2026-01-07 12:56:01 - INFO - 矩阵形状：
2026-01-07 12:56:01 - INFO - (19, 19)
2026-01-07 12:56:01 - INFO - [[0. 0. 1. 0. 0. 1. 1. 0. 1. 1. 1. 0. 1. 1. 1. 0. 1. 0. 0.]
 [1. 0. 1. 0. 0. 0. 1. 1. 1. 0. 0. 0. 1. 1. 1. 1. 0. 1. 0.]
 [0. 1. 1. 1. 1. 1. 0. 1. 0. 1. 1. 1. 0. 1. 1. 1. 1. 1. 1.]
 [1. 0. 0. 1. 1. 0. 0. 1. 0. 0. 1. 0. 0. 1. 1. 1. 0. 0. 1.]
 [1. 1. 1. 0. 1. 1. 1. 1. 0. 1. 1. 0. 1. 1. 1. 1. 1. 1. 1.]
 [0. 0. 0. 1. 1. 0. 0. 1. 0. 0. 0. 0. 1. 0. 0. 1. 1. 1. 0.]
 [1. 0. 0. 1. 1. 0. 1. 0. 0. 0. 0. 1. 0. 0. 1. 1. 0. 1. 0.]
 [1. 0. 0. 0. 1. 0. 0. 1. 1. 0. 0. 1. 0. 0. 0. 1. 0. 0. 1.]
 [0. 1. 1. 0. 1. 1. 1. 1. 0. 0. 0. 0. 0. 0. 0. 1. 1. 0. 1.]
 [1. 1. 0. 0. 1. 0. 1. 0. 0. 0. 0. 1. 0. 0. 0. 0. 1. 1. 1.]
 [1. 1. 0. 0. 1. 1. 0. 0. 1. 1. 0. 1. 1. 0. 0. 1. 0. 1. 0.]
 [1. 0. 1. 1. 1. 1. 0. 1. 0. 0. 0. 1. 0. 1. 0. 1. 0. 1. 1.]
 [1. 1. 1. 1. 0. 1. 0. 1. 1. 1. 0. 0. 0. 1. 1. 1. 0. 0. 1.]
 [0. 1. 1. 0. 1. 0. 1. 1. 0. 1. 1. 1. 0. 1. 0. 1. 0. 1. 0.]
 [1. 1. 1. 1. 1. 1. 0. 0. 0. 1. 1. 1. 0. 0. 1. 1. 1. 0. 1.]
 [1. 0. 0. 0. 0. 0. 0. 1. 1. 0. 0. 1. 0. 1. 0. 0. 1. 1. 0.]
 [0. 0. 0. 1. 1. 0. 1. 1. 1. 0. 0. 1. 1. 1. 0. 1. 0. 1. 0.]
 [1. 1. 1. 1. 0. 1. 1. 1. 0. 1. 1. 1. 1. 1. 1. 0. 0. 1. 0.]
 [1. 1. 1. 1. 1. 1. 0. 1. 1. 1. 1. 0. 0. 1. 1. 1. 1. 1. 1.]]
2026-01-07 12:56:01 - ERROR - 遗传演进:  45%|####5     | 45/100 [00:54<01:02,  1.13s/it]
2026-01-07 12:56:02 - INFO - 矩阵形状：
2026-01-07 12:56:02 - INFO - (19, 19)
2026-01-07 12:56:02 - INFO - [[0. 0. 1. 0. 0. 1. 1. 0. 1. 1. 1. 0. 1. 1. 1. 0. 1. 0. 0.]
 [1. 0. 1. 0. 0. 0. 1. 1. 1. 0. 0. 0. 1. 1. 1. 1. 0. 1. 0.]
 [0. 1. 1. 1. 1. 1. 0. 1. 0. 1. 1. 1. 0. 1. 1. 1. 1. 1. 1.]
 [1. 0. 0. 1. 1. 0. 0. 1. 0. 0. 1. 0. 0. 1. 1. 1. 0. 0. 1.]
 [1. 1. 1. 0. 1. 1. 1. 1. 0. 1. 1. 0. 1. 1. 1. 1. 1. 1. 1.]
 [0. 0. 0. 1. 1. 0. 0. 1. 0. 0. 0. 0. 1. 0. 0. 1. 1. 1. 0.]
 [1. 0. 0. 1. 1. 0. 1. 0. 0. 0. 0. 1. 0. 0. 1. 1. 0. 1. 0.]
 [1. 0. 0. 0. 1. 0. 0. 1. 1. 0. 0. 1. 0. 0. 0. 1. 0. 0. 1.]
 [0. 1. 1. 0. 1. 1. 1. 1. 0. 0. 0. 0. 0. 0. 0. 1. 1. 0. 1.]
 [1. 1. 0. 0. 1. 0. 1. 0. 0. 0. 0. 1. 0. 0. 0. 0. 1. 1. 1.]
 [1. 1. 0. 0. 1. 1. 0. 0. 1. 1. 0. 1. 1. 0. 0. 1. 0. 1. 0.]
 [1. 0. 1. 1. 1. 1. 0. 1. 0. 0. 0. 1. 0. 1. 0. 1. 0. 1. 1.]
 [1. 1. 1. 1. 0. 1. 0. 1. 1. 1. 0. 0. 0. 1. 1. 1. 0. 0. 1.]
 [0. 1. 1. 0. 1. 0. 1. 1. 0. 1. 1. 1. 0. 1. 0. 1. 0. 1. 0.]
 [1. 1. 1. 1. 1. 1. 0. 0. 0. 1. 1. 1. 0. 0. 1. 1. 1. 0. 1.]
 [1. 0. 0. 0. 0. 0. 0. 1. 1. 0. 0. 1. 0. 1. 0. 0. 1. 1. 0.]
 [0. 0. 0. 1. 1. 0. 1. 1. 1. 0. 0. 1. 1. 1. 0. 1. 0. 1. 0.]
 [1. 1. 1. 1. 0. 1. 1. 1. 0. 1. 1. 1. 1. 1. 1. 0. 0. 1. 0.]
 [1. 1. 1. 1. 1. 1. 0. 1. 1. 1. 1. 0. 0. 1. 1. 1. 1. 1. 1.]]
2026-01-07 12:56:02 - ERROR - 遗传演进:  46%|####6     | 46/100 [00:55<01:01,  1.13s/it]
2026-01-07 12:56:03 - INFO - 矩阵形状：
2026-01-07 12:56:03 - INFO - (19, 19)
2026-01-07 12:56:03 - INFO - [[0. 0. 1. 0. 0. 1. 1. 0. 1. 1. 1. 0. 1. 1. 1. 0. 1. 0. 0.]
 [1. 0. 1. 0. 0. 0. 1. 1. 1. 0. 0. 0. 1. 1. 1. 1. 0. 1. 0.]
 [0. 1. 1. 1. 1. 1. 0. 1. 0. 1. 1. 1. 0. 1. 1. 1. 1. 1. 1.]
 [1. 0. 0. 1. 1. 0. 0. 1. 0. 0. 1. 0. 0. 1. 1. 1. 0. 0. 1.]
 [1. 1. 1. 0. 1. 1. 1. 1. 0. 1. 1. 0. 1. 1. 1. 1. 1. 1. 1.]
 [0. 0. 0. 1. 1. 0. 0. 1. 0. 0. 0. 0. 1. 0. 0. 1. 1. 1. 0.]
 [1. 0. 0. 1. 1. 0. 1. 0. 0. 0. 0. 1. 0. 0. 1. 1. 0. 1. 0.]
 [1. 0. 0. 0. 1. 0. 0. 1. 1. 0. 0. 1. 0. 0. 0. 1. 0. 0. 1.]
 [0. 1. 1. 0. 1. 1. 1. 1. 0. 0. 0. 0. 0. 0. 0. 1. 1. 0. 1.]
 [1. 1. 0. 0. 1. 0. 1. 0. 0. 0. 0. 1. 0. 0. 0. 0. 1. 1. 1.]
 [1. 1. 0. 0. 1. 1. 0. 0. 1. 1. 0. 1. 1. 0. 0. 1. 0. 1. 0.]
 [1. 0. 1. 1. 1. 1. 0. 1. 0. 0. 0. 1. 0. 1. 0. 1. 0. 1. 1.]
 [1. 1. 1. 1. 0. 1. 0. 1. 1. 1. 0. 0. 0. 1. 1. 1. 0. 0. 1.]
 [0. 1. 1. 0. 1. 0. 1. 1. 0. 1. 1. 1. 0. 1. 0. 1. 0. 1. 0.]
 [1. 1. 1. 1. 1. 1. 0. 0. 0. 1. 1. 1. 0. 0. 1. 1. 1. 0. 1.]
 [1. 0. 0. 0. 0. 0. 0. 1. 1. 0. 0. 1. 0. 1. 0. 0. 1. 1. 0.]
 [0. 0. 0. 1. 1. 0. 1. 1. 1. 0. 0. 1. 1. 1. 0. 1. 0. 1. 0.]
 [1. 1. 1. 1. 0. 1. 1. 1. 0. 1. 1. 1. 1. 1. 1. 0. 0. 1. 0.]
 [1. 1. 1. 1. 1. 1. 0. 1. 1. 1. 1. 0. 0. 1. 1. 1. 1. 1. 1.]]
2026-01-07 12:56:03 - ERROR - 遗传演进:  47%|####6     | 47/100 [00:56<00:59,  1.13s/it]
2026-01-07 12:56:04 - INFO - 矩阵形状：
2026-01-07 12:56:04 - INFO - (19, 19)
2026-01-07 12:56:04 - INFO - [[0. 0. 1. 0. 0. 1. 1. 0. 1. 1. 1. 0. 1. 1. 1. 0. 1. 0. 0.]
 [1. 0. 1. 0. 0. 0. 1. 1. 1. 0. 0. 0. 1. 1. 1. 1. 0. 1. 0.]
 [0. 1. 1. 1. 1. 1. 0. 1. 0. 1. 1. 1. 0. 1. 1. 1. 1. 1. 1.]
 [1. 0. 0. 1. 1. 0. 0. 1. 0. 0. 1. 0. 0. 1. 1. 1. 0. 0. 1.]
 [1. 1. 1. 0. 1. 1. 1. 1. 0. 1. 1. 0. 1. 1. 1. 1. 1. 1. 1.]
 [0. 0. 0. 1. 1. 0. 0. 1. 0. 0. 0. 0. 1. 0. 0. 1. 1. 1. 0.]
 [1. 0. 0. 1. 1. 0. 1. 0. 0. 0. 0. 1. 0. 0. 1. 1. 0. 1. 0.]
 [1. 0. 0. 0. 1. 0. 0. 1. 1. 0. 0. 1. 0. 0. 0. 1. 0. 0. 1.]
 [0. 1. 1. 0. 1. 1. 1. 1. 0. 0. 0. 0. 0. 0. 0. 1. 1. 0. 1.]
 [1. 1. 0. 0. 1. 0. 1. 0. 0. 0. 0. 1. 0. 0. 0. 0. 1. 1. 1.]
 [1. 1. 0. 0. 1. 1. 0. 0. 1. 1. 0. 1. 1. 0. 0. 1. 0. 1. 0.]
 [1. 0. 1. 1. 1. 1. 0. 1. 0. 0. 0. 1. 0. 1. 0. 1. 0. 1. 1.]
 [1. 1. 1. 1. 0. 1. 0. 1. 1. 1. 0. 0. 0. 1. 1. 1. 0. 0. 1.]
 [0. 1. 1. 0. 1. 0. 1. 1. 0. 1. 1. 1. 0. 1. 0. 1. 0. 1. 0.]
 [1. 1. 1. 1. 1. 1. 0. 0. 0. 1. 1. 1. 0. 0. 1. 1. 1. 0. 1.]
 [1. 0. 0. 0. 0. 0. 0. 1. 1. 0. 0. 1. 0. 1. 0. 0. 1. 1. 0.]
 [0. 0. 0. 1. 1. 0. 1. 1. 1. 0. 0. 1. 1. 1. 0. 1. 0. 1. 0.]
 [1. 1. 1. 1. 0. 1. 1. 1. 0. 1. 1. 1. 1. 1. 1. 0. 0. 1. 0.]
 [1. 1. 1. 1. 1. 1. 0. 1. 1. 1. 1. 0. 0. 1. 1. 1. 1. 1. 1.]]
2026-01-07 12:56:04 - ERROR - 遗传演进:  48%|####8     | 48/100 [00:57<00:58,  1.13s/it]
2026-01-07 12:56:05 - INFO - 矩阵形状：
2026-01-07 12:56:05 - INFO - (19, 19)
2026-01-07 12:56:05 - INFO - [[0. 0. 1. 0. 0. 1. 1. 0. 1. 1. 1. 0. 1. 1. 1. 0. 1. 0. 0.]
 [1. 0. 1. 0. 0. 0. 1. 1. 1. 0. 0. 0. 1. 1. 1. 1. 0. 1. 0.]
 [0. 1. 1. 1. 1. 1. 0. 1. 0. 1. 1. 1. 0. 1. 1. 1. 1. 1. 1.]
 [1. 0. 0. 1. 1. 0. 0. 1. 0. 0. 1. 0. 0. 1. 1. 1. 0. 0. 1.]
 [1. 1. 1. 0. 1. 1. 1. 1. 0. 1. 1. 0. 1. 1. 1. 1. 1. 1. 1.]
 [0. 0. 0. 1. 1. 0. 0. 1. 0. 0. 0. 0. 1. 0. 0. 1. 1. 1. 0.]
 [1. 0. 0. 1. 1. 0. 1. 0. 0. 0. 0. 1. 0. 0. 1. 1. 0. 1. 0.]
 [1. 0. 0. 0. 1. 0. 0. 1. 1. 0. 0. 1. 0. 0. 0. 1. 0. 0. 1.]
 [0. 1. 1. 0. 1. 1. 1. 1. 0. 0. 0. 0. 0. 0. 0. 1. 1. 0. 1.]
 [1. 1. 0. 0. 1. 0. 1. 0. 0. 0. 0. 1. 0. 0. 0. 0. 1. 1. 1.]
 [1. 1. 0. 0. 1. 1. 0. 0. 1. 1. 0. 1. 1. 0. 0. 1. 0. 1. 0.]
 [1. 0. 1. 1. 1. 1. 0. 1. 0. 0. 0. 1. 0. 1. 0. 1. 0. 1. 1.]
 [1. 1. 1. 1. 0. 1. 0. 1. 1. 1. 0. 0. 0. 1. 1. 1. 0. 0. 1.]
 [0. 1. 1. 0. 1. 0. 1. 1. 0. 1. 1. 1. 0. 1. 0. 1. 0. 1. 0.]
 [1. 1. 1. 1. 1. 1. 0. 0. 0. 1. 1. 1. 0. 0. 1. 1. 1. 0. 1.]
 [1. 0. 0. 0. 0. 0. 0. 1. 1. 0. 0. 1. 0. 1. 0. 0. 1. 1. 0.]
 [0. 0. 0. 1. 1. 0. 1. 1. 1. 0. 0. 1. 1. 1. 0. 1. 0. 1. 0.]
 [1. 1. 1. 1. 0. 1. 1. 1. 0. 1. 1. 1. 1. 1. 1. 0. 0. 1. 0.]
 [1. 1. 1. 1. 1. 1. 0. 1. 1. 1. 1. 0. 0. 1. 1. 1. 1. 1. 1.]]
2026-01-07 12:56:06 - ERROR - 遗传演进:  49%|####9     | 49/100 [00:59<00:57,  1.13s/it]
2026-01-07 12:56:07 - INFO - 矩阵形状：
2026-01-07 12:56:07 - INFO - (19, 19)
2026-01-07 12:56:07 - INFO - [[0. 0. 1. 0. 0. 1. 1. 0. 1. 1. 1. 0. 1. 1. 1. 0. 1. 0. 0.]
 [1. 0. 1. 0. 0. 0. 1. 1. 1. 0. 0. 0. 1. 1. 1. 1. 0. 1. 0.]
 [0. 1. 1. 1. 1. 1. 0. 1. 0. 1. 1. 1. 0. 1. 1. 1. 1. 1. 1.]
 [1. 0. 0. 1. 1. 0. 0. 1. 0. 0. 1. 0. 0. 1. 1. 1. 0. 0. 1.]
 [1. 1. 1. 0. 1. 1. 1. 1. 0. 1. 1. 0. 1. 1. 1. 1. 1. 1. 1.]
 [0. 0. 0. 1. 1. 0. 0. 1. 0. 0. 0. 0. 1. 0. 0. 1. 1. 1. 0.]
 [1. 0. 0. 1. 1. 0. 1. 0. 0. 0. 0. 1. 0. 0. 1. 1. 0. 1. 0.]
 [1. 0. 0. 0. 1. 0. 0. 1. 1. 0. 0. 1. 0. 0. 0. 1. 0. 0. 1.]
 [0. 1. 1. 0. 1. 1. 1. 1. 0. 0. 0. 0. 0. 0. 0. 1. 1. 0. 1.]
 [1. 1. 0. 0. 1. 0. 1. 0. 0. 0. 0. 1. 0. 0. 0. 0. 1. 1. 1.]
 [1. 1. 0. 0. 1. 1. 0. 0. 1. 1. 0. 1. 1. 0. 0. 1. 0. 1. 0.]
 [1. 0. 1. 1. 1. 1. 0. 1. 0. 0. 0. 1. 0. 1. 0. 1. 0. 1. 1.]
 [1. 1. 1. 1. 0. 1. 0. 1. 1. 1. 0. 0. 0. 1. 1. 1. 0. 0. 1.]
 [0. 1. 1. 0. 1. 0. 1. 1. 0. 1. 1. 1. 0. 1. 0. 1. 0. 1. 0.]
 [1. 1. 1. 1. 1. 1. 0. 0. 0. 1. 1. 1. 0. 0. 1. 1. 1. 0. 1.]
 [1. 0. 0. 0. 0. 0. 0. 1. 1. 0. 0. 1. 0. 1. 0. 0. 1. 1. 0.]
 [0. 0. 0. 1. 1. 0. 1. 1. 1. 0. 0. 1. 1. 1. 0. 1. 0. 1. 0.]
 [1. 1. 1. 1. 0. 1. 1. 1. 0. 1. 1. 1. 1. 1. 1. 0. 0. 1. 0.]
 [1. 1. 1. 1. 1. 1. 0. 1. 1. 1. 1. 0. 0. 1. 1. 1. 1. 1. 1.]]
2026-01-07 12:56:07 - ERROR - 遗传演进:  50%|#####     | 50/100 [01:00<00:56,  1.13s/it]
2026-01-07 12:56:08 - INFO - 矩阵形状：
2026-01-07 12:56:08 - INFO - (19, 19)
2026-01-07 12:56:08 - INFO - [[0. 0. 1. 0. 0. 1. 1. 0. 1. 1. 1. 0. 1. 1. 1. 0. 1. 0. 0.]
 [1. 0. 1. 0. 0. 0. 1. 1. 1. 0. 0. 0. 1. 1. 1. 1. 0. 1. 0.]
 [0. 1. 1. 1. 1. 1. 0. 1. 0. 1. 1. 1. 0. 1. 1. 1. 1. 1. 1.]
 [1. 0. 0. 1. 1. 0. 0. 1. 0. 0. 1. 0. 0. 1. 1. 1. 0. 0. 1.]
 [1. 1. 1. 0. 1. 1. 1. 1. 0. 1. 1. 0. 1. 1. 1. 1. 1. 1. 1.]
 [0. 0. 0. 1. 1. 0. 0. 1. 0. 0. 0. 0. 1. 0. 0. 1. 1. 1. 0.]
 [1. 0. 0. 1. 1. 0. 1. 0. 0. 0. 0. 1. 0. 0. 1. 1. 0. 1. 0.]
 [1. 0. 0. 0. 1. 0. 0. 1. 1. 0. 0. 1. 0. 0. 0. 1. 0. 0. 1.]
 [0. 1. 1. 0. 1. 1. 1. 1. 0. 0. 0. 0. 0. 0. 0. 1. 1. 0. 1.]
 [1. 1. 0. 0. 1. 0. 1. 0. 0. 0. 0. 1. 0. 0. 0. 0. 1. 1. 1.]
 [1. 1. 0. 0. 1. 1. 0. 0. 1. 1. 0. 1. 1. 0. 0. 1. 0. 1. 0.]
 [1. 0. 1. 1. 1. 1. 0. 1. 0. 0. 0. 1. 0. 1. 0. 1. 0. 1. 1.]
 [1. 1. 1. 1. 0. 1. 0. 1. 1. 1. 0. 0. 0. 1. 1. 1. 0. 0. 1.]
 [0. 1. 1. 0. 1. 0. 1. 1. 0. 1. 1. 1. 0. 1. 0. 1. 0. 1. 0.]
 [1. 1. 1. 1. 1. 1. 0. 0. 0. 1. 1. 1. 0. 0. 1. 1. 1. 0. 1.]
 [1. 0. 0. 0. 0. 0. 0. 1. 1. 0. 0. 1. 0. 1. 0. 0. 1. 1. 0.]
 [0. 0. 0. 1. 1. 0. 1. 1. 1. 0. 0. 1. 1. 1. 0. 1. 0. 1. 0.]
 [1. 1. 1. 1. 0. 1. 1. 1. 0. 1. 1. 1. 1. 1. 1. 0. 0. 1. 0.]
 [1. 1. 1. 1. 1. 1. 0. 1. 1. 1. 1. 0. 0. 1. 1. 1. 1. 1. 1.]]
2026-01-07 12:56:08 - INFO - 代  50: 平均适应度 = -6.0340, 最佳适应度 = -5.6472
2026-01-07 12:56:08 - INFO -       S11 = 0.12 dB, S21 = 2.45 dB, 密度 = 0.562
2026-01-07 12:56:08 - INFO - s_params =

2026-01-07 12:56:08 - INFO - {'S11_real': np.float32(0.1817999), 'S11_imag': np.float32(-0.9972974), 'S21_real': np.float32(0.9999925), 'S21_imag': np.float32(0.87045693), 'S12_real': np.float32(0.9999925), 'S12_imag': np.float32(0.87045676), 'S22_real': np.float32(0.96555716), 'S22_imag': np.float32(-0.99504596)}
2026-01-07 12:56:08 - ERROR - 遗传演进:  51%|#####1    | 51/100 [01:01<00:55,  1.14s/it]
2026-01-07 12:56:09 - INFO - 矩阵形状：
2026-01-07 12:56:09 - INFO - (19, 19)
2026-01-07 12:56:09 - INFO - [[0. 0. 1. 0. 0. 1. 1. 0. 1. 1. 1. 0. 1. 1. 1. 0. 1. 0. 0.]
 [1. 0. 1. 0. 0. 0. 1. 1. 1. 0. 0. 0. 1. 1. 1. 1. 0. 1. 0.]
 [0. 1. 1. 1. 1. 1. 0. 1. 0. 1. 1. 1. 0. 1. 1. 1. 1. 1. 1.]
 [1. 0. 0. 1. 1. 0. 0. 1. 0. 0. 1. 0. 0. 1. 1. 1. 0. 0. 1.]
 [1. 1. 1. 0. 1. 1. 1. 1. 0. 1. 1. 0. 1. 1. 1. 1. 1. 1. 1.]
 [0. 0. 0. 1. 1. 0. 0. 1. 0. 0. 0. 0. 1. 0. 0. 1. 1. 1. 0.]
 [1. 0. 0. 1. 1. 0. 1. 0. 0. 0. 0. 1. 0. 0. 1. 1. 0. 1. 0.]
 [1. 0. 0. 0. 1. 0. 0. 1. 1. 0. 0. 1. 0. 0. 0. 1. 0. 0. 1.]
 [0. 1. 1. 0. 1. 1. 1. 1. 0. 0. 0. 0. 0. 0. 0. 1. 1. 0. 1.]
 [1. 1. 0. 0. 1. 0. 1. 0. 0. 0. 0. 1. 0. 0. 0. 0. 1. 1. 1.]
 [1. 1. 0. 0. 1. 1. 0. 0. 1. 1. 0. 1. 1. 0. 0. 1. 0. 1. 0.]
 [1. 0. 1. 1. 1. 1. 0. 1. 0. 0. 0. 1. 0. 1. 0. 1. 0. 1. 1.]
 [1. 1. 1. 1. 0. 1. 0. 1. 1. 1. 0. 0. 0. 1. 1. 1. 0. 0. 1.]
 [0. 1. 1. 0. 1. 0. 1. 1. 0. 1. 1. 1. 0. 1. 0. 1. 0. 1. 0.]
 [1. 1. 1. 1. 1. 1. 0. 0. 0. 1. 1. 1. 0. 0. 1. 1. 1. 0. 1.]
 [1. 0. 0. 0. 0. 0. 0. 1. 1. 0. 0. 1. 0. 1. 0. 0. 1. 1. 0.]
 [0. 0. 0. 1. 1. 0. 1. 1. 1. 0. 0. 1. 1. 1. 0. 1. 0. 1. 0.]
 [1. 1. 1. 1. 0. 1. 1. 1. 0. 1. 1. 1. 1. 1. 1. 0. 0. 1. 0.]
 [1. 1. 1. 1. 1. 1. 0. 1. 1. 1. 1. 0. 0. 1. 1. 1. 1. 1. 1.]]
2026-01-07 12:56:09 - ERROR - 遗传演进:  52%|#####2    | 52/100 [01:02<00:54,  1.14s/it]
2026-01-07 12:56:10 - INFO - 矩阵形状：
2026-01-07 12:56:10 - INFO - (19, 19)
2026-01-07 12:56:10 - INFO - [[0. 0. 1. 0. 0. 1. 1. 0. 1. 1. 1. 0. 1. 1. 1. 0. 1. 0. 0.]
 [1. 0. 1. 0. 0. 0. 1. 1. 1. 0. 0. 0. 1. 1. 1. 1. 0. 1. 0.]
 [0. 1. 1. 1. 1. 1. 0. 1. 0. 1. 1. 1. 0. 1. 1. 1. 1. 1. 1.]
 [1. 0. 0. 1. 1. 0. 0. 1. 0. 0. 1. 0. 0. 1. 1. 1. 0. 0. 1.]
 [1. 1. 1. 0. 1. 1. 1. 1. 0. 1. 1. 0. 1. 1. 1. 1. 1. 1. 1.]
 [0. 0. 0. 1. 1. 0. 0. 1. 0. 0. 0. 0. 1. 0. 0. 1. 1. 1. 0.]
 [1. 0. 0. 1. 1. 0. 1. 0. 0. 0. 0. 1. 0. 0. 1. 1. 0. 1. 0.]
 [1. 0. 0. 0. 1. 0. 0. 1. 1. 0. 0. 1. 0. 0. 0. 1. 0. 0. 1.]
 [0. 1. 1. 0. 1. 1. 1. 1. 0. 0. 0. 0. 0. 0. 0. 1. 1. 0. 1.]
 [1. 1. 0. 0. 1. 0. 1. 0. 0. 0. 0. 1. 0. 0. 0. 0. 1. 1. 1.]
 [1. 1. 0. 0. 1. 1. 0. 0. 1. 1. 0. 1. 1. 0. 0. 1. 0. 1. 0.]
 [1. 0. 1. 1. 1. 1. 0. 1. 0. 0. 0. 1. 0. 1. 0. 1. 0. 1. 1.]
 [1. 1. 1. 1. 0. 1. 0. 1. 1. 1. 0. 0. 0. 1. 1. 1. 0. 0. 1.]
 [0. 1. 1. 0. 1. 0. 1. 1. 0. 1. 1. 1. 0. 1. 0. 1. 0. 1. 0.]
 [1. 1. 1. 1. 1. 1. 0. 0. 0. 1. 1. 1. 0. 0. 1. 1. 1. 0. 1.]
 [1. 0. 0. 0. 0. 0. 0. 1. 1. 0. 0. 1. 0. 1. 0. 0. 1. 1. 0.]
 [0. 0. 0. 1. 1. 0. 1. 1. 1. 0. 0. 1. 1. 1. 0. 1. 0. 1. 0.]
 [1. 1. 1. 1. 0. 1. 1. 1. 0. 1. 1. 1. 1. 1. 1. 0. 0. 1. 0.]
 [1. 1. 1. 1. 1. 1. 0. 1. 1. 1. 1. 0. 0. 1. 1. 1. 1. 1. 1.]]
2026-01-07 12:56:10 - ERROR - 遗传演进:  53%|#####3    | 53/100 [01:03<00:53,  1.14s/it]
2026-01-07 12:56:11 - INFO - 矩阵形状：
2026-01-07 12:56:11 - INFO - (19, 19)
2026-01-07 12:56:11 - INFO - [[0. 0. 1. 0. 0. 1. 1. 0. 1. 1. 1. 0. 1. 1. 1. 0. 1. 0. 0.]
 [1. 0. 1. 0. 0. 0. 1. 1. 1. 0. 0. 0. 1. 1. 1. 1. 0. 1. 0.]
 [0. 1. 1. 1. 1. 1. 0. 1. 0. 1. 1. 1. 0. 1. 1. 1. 1. 1. 1.]
 [1. 0. 0. 1. 1. 0. 0. 1. 0. 0. 1. 0. 0. 1. 1. 1. 0. 0. 1.]
 [1. 1. 1. 0. 1. 1. 1. 1. 0. 1. 1. 0. 1. 1. 1. 1. 1. 1. 1.]
 [0. 0. 0. 1. 1. 0. 0. 1. 0. 0. 0. 0. 1. 0. 0. 1. 1. 1. 0.]
 [1. 0. 0. 1. 1. 0. 1. 0. 0. 0. 0. 1. 0. 0. 1. 1. 0. 1. 0.]
 [1. 0. 0. 0. 1. 0. 0. 1. 1. 0. 0. 1. 0. 0. 0. 1. 0. 0. 1.]
 [0. 1. 1. 0. 1. 1. 1. 1. 0. 0. 0. 0. 0. 0. 0. 1. 1. 0. 1.]
 [1. 1. 0. 0. 1. 0. 1. 0. 0. 0. 0. 1. 0. 0. 0. 0. 1. 1. 1.]
 [1. 1. 0. 0. 1. 1. 0. 0. 1. 1. 0. 1. 1. 0. 0. 1. 0. 1. 0.]
 [1. 0. 1. 1. 1. 1. 0. 1. 0. 0. 0. 1. 0. 1. 0. 1. 0. 1. 1.]
 [1. 1. 1. 1. 0. 1. 0. 1. 1. 1. 0. 0. 0. 1. 1. 1. 0. 0. 1.]
 [0. 1. 1. 0. 1. 0. 1. 1. 0. 1. 1. 1. 0. 1. 0. 1. 0. 1. 0.]
 [1. 1. 1. 1. 1. 1. 0. 0. 0. 1. 1. 1. 0. 0. 1. 1. 1. 0. 1.]
 [1. 0. 0. 0. 0. 0. 0. 1. 1. 0. 0. 1. 0. 1. 0. 0. 1. 1. 0.]
 [0. 0. 0. 1. 1. 0. 1. 1. 1. 0. 0. 1. 1. 1. 0. 1. 0. 1. 0.]
 [1. 1. 1. 1. 0. 1. 1. 1. 0. 1. 1. 1. 1. 1. 1. 0. 0. 1. 0.]
 [1. 1. 1. 1. 1. 1. 0. 1. 1. 1. 1. 0. 0. 1. 1. 1. 1. 1. 1.]]
2026-01-07 12:56:11 - ERROR - 遗传演进:  54%|#####4    | 54/100 [01:04<00:52,  1.14s/it]
2026-01-07 12:56:12 - INFO - 矩阵形状：
2026-01-07 12:56:12 - INFO - (19, 19)
2026-01-07 12:56:12 - INFO - [[0. 0. 1. 0. 0. 1. 1. 0. 1. 1. 1. 0. 1. 1. 1. 0. 1. 0. 0.]
 [1. 0. 1. 0. 0. 0. 1. 1. 1. 0. 0. 0. 1. 1. 1. 1. 0. 1. 0.]
 [0. 1. 1. 1. 1. 1. 0. 1. 0. 1. 1. 1. 0. 1. 1. 1. 1. 1. 1.]
 [1. 0. 0. 1. 1. 0. 0. 1. 0. 0. 1. 0. 0. 1. 1. 1. 0. 0. 1.]
 [1. 1. 1. 0. 1. 1. 1. 1. 0. 1. 1. 0. 1. 1. 1. 1. 1. 1. 1.]
 [0. 0. 0. 1. 1. 0. 0. 1. 0. 0. 0. 0. 1. 0. 0. 1. 1. 1. 0.]
 [1. 0. 0. 1. 1. 0. 1. 0. 0. 0. 0. 1. 0. 0. 1. 1. 0. 1. 0.]
 [1. 0. 0. 0. 1. 0. 0. 1. 1. 0. 0. 1. 0. 0. 0. 1. 0. 0. 1.]
 [0. 1. 1. 0. 1. 1. 1. 1. 0. 0. 0. 0. 0. 0. 0. 1. 1. 0. 1.]
 [1. 1. 0. 0. 1. 0. 1. 0. 0. 0. 0. 1. 0. 0. 0. 0. 1. 1. 1.]
 [1. 1. 0. 0. 1. 1. 0. 0. 1. 1. 0. 1. 1. 0. 0. 1. 0. 1. 0.]
 [1. 0. 1. 1. 1. 1. 0. 1. 0. 0. 0. 1. 0. 1. 0. 1. 0. 1. 1.]
 [1. 1. 1. 1. 0. 1. 0. 1. 1. 1. 0. 0. 0. 1. 1. 1. 0. 0. 1.]
 [0. 1. 1. 0. 1. 0. 1. 1. 0. 1. 1. 1. 0. 1. 0. 1. 0. 1. 0.]
 [1. 1. 1. 1. 1. 1. 0. 0. 0. 1. 1. 1. 0. 0. 1. 1. 1. 0. 1.]
 [1. 0. 0. 0. 0. 0. 0. 1. 1. 0. 0. 1. 0. 1. 0. 0. 1. 1. 0.]
 [0. 0. 0. 1. 1. 0. 1. 1. 1. 0. 0. 1. 1. 1. 0. 1. 0. 1. 0.]
 [1. 1. 1. 1. 0. 1. 1. 1. 0. 1. 1. 1. 1. 1. 1. 0. 0. 1. 0.]
 [1. 1. 1. 1. 1. 1. 0. 1. 1. 1. 1. 0. 0. 1. 1. 1. 1. 1. 1.]]
2026-01-07 12:56:12 - ERROR - 遗传演进:  55%|#####5    | 55/100 [01:05<00:51,  1.14s/it]
2026-01-07 12:56:13 - INFO - 矩阵形状：
2026-01-07 12:56:13 - INFO - (19, 19)
2026-01-07 12:56:13 - INFO - [[0. 0. 1. 0. 0. 1. 1. 0. 1. 1. 1. 0. 1. 1. 1. 0. 1. 0. 0.]
 [1. 0. 1. 0. 0. 0. 1. 1. 1. 0. 0. 0. 1. 1. 1. 1. 0. 1. 0.]
 [0. 1. 1. 1. 1. 1. 0. 1. 0. 1. 1. 1. 0. 1. 1. 1. 1. 1. 1.]
 [1. 0. 0. 1. 1. 0. 0. 1. 0. 0. 1. 0. 0. 1. 1. 1. 0. 0. 1.]
 [1. 1. 1. 0. 1. 1. 1. 1. 0. 1. 1. 0. 1. 1. 1. 1. 1. 1. 1.]
 [0. 0. 0. 1. 1. 0. 0. 1. 0. 0. 0. 0. 1. 0. 0. 1. 1. 1. 0.]
 [1. 0. 0. 1. 1. 0. 1. 0. 0. 0. 0. 1. 0. 0. 1. 1. 0. 1. 0.]
 [1. 0. 0. 0. 1. 0. 0. 1. 1. 0. 0. 1. 0. 0. 0. 1. 0. 0. 1.]
 [0. 1. 1. 0. 1. 1. 1. 1. 0. 0. 0. 0. 0. 0. 0. 1. 1. 0. 1.]
 [1. 1. 0. 0. 1. 0. 1. 0. 0. 0. 0. 1. 0. 0. 0. 0. 1. 1. 1.]
 [1. 1. 0. 0. 1. 1. 0. 0. 1. 1. 0. 1. 1. 0. 0. 1. 0. 1. 0.]
 [1. 0. 1. 1. 1. 1. 0. 1. 0. 0. 0. 1. 0. 1. 0. 1. 0. 1. 1.]
 [1. 1. 1. 1. 0. 1. 0. 1. 1. 1. 0. 0. 0. 1. 1. 1. 0. 0. 1.]
 [0. 1. 1. 0. 1. 0. 1. 1. 0. 1. 1. 1. 0. 1. 0. 1. 0. 1. 0.]
 [1. 1. 1. 1. 1. 1. 0. 0. 0. 1. 1. 1. 0. 0. 1. 1. 1. 0. 1.]
 [1. 0. 0. 0. 0. 0. 0. 1. 1. 0. 0. 1. 0. 1. 0. 0. 1. 1. 0.]
 [0. 0. 0. 1. 1. 0. 1. 1. 1. 0. 0. 1. 1. 1. 0. 1. 0. 1. 0.]
 [1. 1. 1. 1. 0. 1. 1. 1. 0. 1. 1. 1. 1. 1. 1. 0. 0. 1. 0.]
 [1. 1. 1. 1. 1. 1. 0. 1. 1. 1. 1. 0. 0. 1. 1. 1. 1. 1. 1.]]
2026-01-07 12:56:14 - ERROR - 遗传演进:  56%|#####6    | 56/100 [01:06<00:49,  1.14s/it]
2026-01-07 12:56:15 - INFO - 矩阵形状：
2026-01-07 12:56:15 - INFO - (19, 19)
2026-01-07 12:56:15 - INFO - [[0. 0. 1. 0. 0. 1. 1. 0. 1. 1. 1. 0. 1. 1. 1. 0. 1. 0. 0.]
 [1. 0. 1. 0. 0. 0. 1. 1. 1. 0. 0. 0. 1. 1. 1. 1. 0. 1. 0.]
 [0. 1. 1. 1. 1. 1. 0. 1. 0. 1. 1. 1. 0. 1. 1. 1. 1. 1. 1.]
 [1. 0. 0. 1. 1. 0. 0. 1. 0. 0. 1. 0. 0. 1. 1. 1. 0. 0. 1.]
 [1. 1. 1. 0. 1. 1. 1. 1. 0. 1. 1. 0. 1. 1. 1. 1. 1. 1. 1.]
 [0. 0. 0. 1. 1. 0. 0. 1. 0. 0. 0. 0. 1. 0. 0. 1. 1. 1. 0.]
 [1. 0. 0. 1. 1. 0. 1. 0. 0. 0. 0. 1. 0. 0. 1. 1. 0. 1. 0.]
 [1. 0. 0. 0. 1. 0. 0. 1. 1. 0. 0. 1. 0. 0. 0. 1. 0. 0. 1.]
 [0. 1. 1. 0. 1. 1. 1. 1. 0. 0. 0. 0. 0. 0. 0. 1. 1. 0. 1.]
 [1. 1. 0. 0. 1. 0. 1. 0. 0. 0. 0. 1. 0. 0. 0. 0. 1. 1. 1.]
 [1. 1. 0. 0. 1. 1. 0. 0. 1. 1. 0. 1. 1. 0. 0. 1. 0. 1. 0.]
 [1. 0. 1. 1. 1. 1. 0. 1. 0. 0. 0. 1. 0. 1. 0. 1. 0. 1. 1.]
 [1. 1. 1. 1. 0. 1. 0. 1. 1. 1. 0. 0. 0. 1. 1. 1. 0. 0. 1.]
 [0. 1. 1. 0. 1. 0. 1. 1. 0. 1. 1. 1. 0. 1. 0. 1. 0. 1. 0.]
 [1. 1. 1. 1. 1. 1. 0. 0. 0. 1. 1. 1. 0. 0. 1. 1. 1. 0. 1.]
 [1. 0. 0. 0. 0. 0. 0. 1. 1. 0. 0. 1. 0. 1. 0. 0. 1. 1. 0.]
 [0. 0. 0. 1. 1. 0. 1. 1. 1. 0. 0. 1. 1. 1. 0. 1. 0. 1. 0.]
 [1. 1. 1. 1. 0. 1. 1. 1. 0. 1. 1. 1. 1. 1. 1. 0. 0. 1. 0.]
 [1. 1. 1. 1. 1. 1. 0. 1. 1. 1. 1. 0. 0. 1. 1. 1. 1. 1. 1.]]
2026-01-07 12:56:15 - ERROR - 遗传演进:  57%|#####6    | 57/100 [01:08<00:48,  1.14s/it]
2026-01-07 12:56:16 - INFO - 矩阵形状：
2026-01-07 12:56:16 - INFO - (19, 19)
2026-01-07 12:56:16 - INFO - [[0. 0. 1. 0. 0. 1. 1. 0. 1. 1. 1. 0. 1. 1. 1. 0. 1. 0. 0.]
 [1. 0. 1. 0. 0. 0. 1. 1. 1. 0. 0. 0. 1. 1. 1. 1. 0. 1. 0.]
 [0. 1. 1. 1. 1. 1. 0. 1. 0. 1. 1. 1. 0. 1. 1. 1. 1. 1. 1.]
 [1. 0. 0. 1. 1. 0. 0. 1. 0. 0. 1. 0. 0. 1. 1. 1. 0. 0. 1.]
 [1. 1. 1. 0. 1. 1. 1. 1. 0. 1. 1. 0. 1. 1. 1. 1. 1. 1. 1.]
 [0. 0. 0. 1. 1. 0. 0. 1. 0. 0. 0. 0. 1. 0. 0. 1. 1. 1. 0.]
 [1. 0. 0. 1. 1. 0. 1. 0. 0. 0. 0. 1. 0. 0. 1. 1. 0. 1. 0.]
 [1. 0. 0. 0. 1. 0. 0. 1. 1. 0. 0. 1. 0. 0. 0. 1. 0. 0. 1.]
 [0. 1. 1. 0. 1. 1. 1. 1. 0. 0. 0. 0. 0. 0. 0. 1. 1. 0. 1.]
 [1. 1. 0. 0. 1. 0. 1. 0. 0. 0. 0. 1. 0. 0. 0. 0. 1. 1. 1.]
 [1. 1. 0. 0. 1. 1. 0. 0. 1. 1. 0. 1. 1. 0. 0. 1. 0. 1. 0.]
 [1. 0. 1. 1. 1. 1. 0. 1. 0. 0. 0. 1. 0. 1. 0. 1. 0. 1. 1.]
 [1. 1. 1. 1. 0. 1. 0. 1. 1. 1. 0. 0. 0. 1. 1. 1. 0. 0. 1.]
 [0. 1. 1. 0. 1. 0. 1. 1. 0. 1. 1. 1. 0. 1. 0. 1. 0. 1. 0.]
 [1. 1. 1. 1. 1. 1. 0. 0. 0. 1. 1. 1. 0. 0. 1. 1. 1. 0. 1.]
 [1. 0. 0. 0. 0. 0. 0. 1. 1. 0. 0. 1. 0. 1. 0. 0. 1. 1. 0.]
 [0. 0. 0. 1. 1. 0. 1. 1. 1. 0. 0. 1. 1. 1. 0. 1. 0. 1. 0.]
 [1. 1. 1. 1. 0. 1. 1. 1. 0. 1. 1. 1. 1. 1. 1. 0. 0. 1. 0.]
 [1. 1. 1. 1. 1. 1. 0. 1. 1. 1. 1. 0. 0. 1. 1. 1. 1. 1. 1.]]
2026-01-07 12:56:16 - ERROR - 遗传演进:  58%|#####8    | 58/100 [01:09<00:47,  1.14s/it]
2026-01-07 12:56:17 - INFO - 矩阵形状：
2026-01-07 12:56:17 - INFO - (19, 19)
2026-01-07 12:56:17 - INFO - [[0. 0. 1. 0. 0. 1. 1. 0. 1. 1. 1. 0. 1. 1. 1. 0. 1. 0. 0.]
 [1. 0. 1. 0. 0. 0. 1. 1. 1. 0. 0. 0. 1. 1. 1. 1. 0. 1. 0.]
 [0. 1. 1. 1. 1. 1. 0. 1. 0. 1. 1. 1. 0. 1. 1. 1. 1. 1. 1.]
 [1. 0. 0. 1. 1. 0. 0. 1. 0. 0. 1. 0. 0. 1. 1. 1. 0. 0. 1.]
 [1. 1. 1. 0. 1. 1. 1. 1. 0. 1. 1. 0. 1. 1. 1. 1. 1. 1. 1.]
 [0. 0. 0. 1. 1. 0. 0. 1. 0. 0. 0. 0. 1. 0. 0. 1. 1. 1. 0.]
 [1. 0. 0. 1. 1. 0. 1. 0. 0. 0. 0. 1. 0. 0. 1. 1. 0. 1. 0.]
 [1. 0. 0. 0. 1. 0. 0. 1. 1. 0. 0. 1. 0. 0. 0. 1. 0. 0. 1.]
 [0. 1. 1. 0. 1. 1. 1. 1. 0. 0. 0. 0. 0. 0. 0. 1. 1. 0. 1.]
 [1. 1. 0. 0. 1. 0. 1. 0. 0. 0. 0. 1. 0. 0. 0. 0. 1. 1. 1.]
 [1. 1. 0. 0. 1. 1. 0. 0. 1. 1. 0. 1. 1. 0. 0. 1. 0. 1. 0.]
 [1. 0. 1. 1. 1. 1. 0. 1. 0. 0. 0. 1. 0. 1. 0. 1. 0. 1. 1.]
 [1. 1. 1. 1. 0. 1. 0. 1. 1. 1. 0. 0. 0. 1. 1. 1. 0. 0. 1.]
 [0. 1. 1. 0. 1. 0. 1. 1. 0. 1. 1. 1. 0. 1. 0. 1. 0. 1. 0.]
 [1. 1. 1. 1. 1. 1. 0. 0. 0. 1. 1. 1. 0. 0. 1. 1. 1. 0. 1.]
 [1. 0. 0. 0. 0. 0. 0. 1. 1. 0. 0. 1. 0. 1. 0. 0. 1. 1. 0.]
 [0. 0. 0. 1. 1. 0. 1. 1. 1. 0. 0. 1. 1. 1. 0. 1. 0. 1. 0.]
 [1. 1. 1. 1. 0. 1. 1. 1. 0. 1. 1. 1. 1. 1. 1. 0. 0. 1. 0.]
 [1. 1. 1. 1. 1. 1. 0. 1. 1. 1. 1. 0. 0. 1. 1. 1. 1. 1. 1.]]
2026-01-07 12:56:17 - ERROR - 遗传演进:  59%|#####8    | 59/100 [01:10<00:46,  1.14s/it]
2026-01-07 12:56:18 - INFO - 矩阵形状：
2026-01-07 12:56:18 - INFO - (19, 19)
2026-01-07 12:56:18 - INFO - [[0. 0. 1. 0. 0. 1. 1. 0. 1. 1. 1. 0. 1. 1. 1. 0. 1. 0. 0.]
 [1. 0. 1. 0. 0. 0. 1. 1. 1. 0. 0. 0. 1. 1. 1. 1. 0. 1. 0.]
 [0. 1. 1. 1. 1. 1. 0. 1. 0. 1. 1. 1. 0. 1. 1. 1. 1. 1. 1.]
 [1. 0. 0. 1. 1. 0. 0. 1. 0. 0. 1. 0. 0. 1. 1. 1. 0. 0. 1.]
 [1. 1. 1. 0. 1. 1. 1. 1. 0. 1. 1. 0. 1. 1. 1. 1. 1. 1. 1.]
 [0. 0. 0. 1. 1. 0. 0. 1. 0. 0. 0. 0. 1. 0. 0. 1. 1. 1. 0.]
 [1. 0. 0. 1. 1. 0. 1. 0. 0. 0. 0. 1. 0. 0. 1. 1. 0. 1. 0.]
 [1. 0. 0. 0. 1. 0. 0. 1. 1. 0. 0. 1. 0. 0. 0. 1. 0. 0. 1.]
 [0. 1. 1. 0. 1. 1. 1. 1. 0. 0. 0. 0. 0. 0. 0. 1. 1. 0. 1.]
 [1. 1. 0. 0. 1. 0. 1. 0. 0. 0. 0. 1. 0. 0. 0. 0. 1. 1. 1.]
 [1. 1. 0. 0. 1. 1. 0. 0. 1. 1. 0. 1. 1. 0. 0. 1. 0. 1. 0.]
 [1. 0. 1. 1. 1. 1. 0. 1. 0. 0. 0. 1. 0. 1. 0. 1. 0. 1. 1.]
 [1. 1. 1. 1. 0. 1. 0. 1. 1. 1. 0. 0. 0. 1. 1. 1. 0. 0. 1.]
 [0. 1. 1. 0. 1. 0. 1. 1. 0. 1. 1. 1. 0. 1. 0. 1. 0. 1. 0.]
 [1. 1. 1. 1. 1. 1. 0. 0. 0. 1. 1. 1. 0. 0. 1. 1. 1. 0. 1.]
 [1. 0. 0. 0. 0. 0. 0. 1. 1. 0. 0. 1. 0. 1. 0. 0. 1. 1. 0.]
 [0. 0. 0. 1. 1. 0. 1. 1. 1. 0. 0. 1. 1. 1. 0. 1. 0. 1. 0.]
 [1. 1. 1. 1. 0. 1. 1. 1. 0. 1. 1. 1. 1. 1. 1. 0. 0. 1. 0.]
 [1. 1. 1. 1. 1. 1. 0. 1. 1. 1. 1. 0. 0. 1. 1. 1. 1. 1. 1.]]
2026-01-07 12:56:18 - ERROR - 遗传演进:  60%|######    | 60/100 [01:11<00:45,  1.13s/it]
2026-01-07 12:56:19 - INFO - 矩阵形状：
2026-01-07 12:56:19 - INFO - (19, 19)
2026-01-07 12:56:19 - INFO - [[0. 0. 1. 0. 0. 1. 1. 0. 1. 1. 1. 0. 1. 1. 1. 0. 1. 0. 0.]
 [1. 0. 1. 0. 0. 0. 1. 1. 1. 0. 0. 0. 1. 1. 1. 1. 0. 1. 0.]
 [0. 1. 1. 1. 1. 1. 0. 1. 0. 1. 1. 1. 0. 1. 1. 1. 1. 1. 1.]
 [1. 0. 0. 1. 1. 0. 0. 1. 0. 0. 1. 0. 0. 1. 1. 1. 0. 0. 1.]
 [1. 1. 1. 0. 1. 1. 1. 1. 0. 1. 1. 0. 1. 1. 1. 1. 1. 1. 1.]
 [0. 0. 0. 1. 1. 0. 0. 1. 0. 0. 0. 0. 1. 0. 0. 1. 1. 1. 0.]
 [1. 0. 0. 1. 1. 0. 1. 0. 0. 0. 0. 1. 0. 0. 1. 1. 0. 1. 0.]
 [1. 0. 0. 0. 1. 0. 0. 1. 1. 0. 0. 1. 0. 0. 0. 1. 0. 0. 1.]
 [0. 1. 1. 0. 1. 1. 1. 1. 0. 0. 0. 0. 0. 0. 0. 1. 1. 0. 1.]
 [1. 1. 0. 0. 1. 0. 1. 0. 0. 0. 0. 1. 0. 0. 0. 0. 1. 1. 1.]
 [1. 1. 0. 0. 1. 1. 0. 0. 1. 1. 0. 1. 1. 0. 0. 1. 0. 1. 0.]
 [1. 0. 1. 1. 1. 1. 0. 1. 0. 0. 0. 1. 0. 1. 0. 1. 0. 1. 1.]
 [1. 1. 1. 1. 0. 1. 0. 1. 1. 1. 0. 0. 0. 1. 1. 1. 0. 0. 1.]
 [0. 1. 1. 0. 1. 0. 1. 1. 0. 1. 1. 1. 0. 1. 0. 1. 0. 1. 0.]
 [1. 1. 1. 1. 1. 1. 0. 0. 0. 1. 1. 1. 0. 0. 1. 1. 1. 0. 1.]
 [1. 0. 0. 0. 0. 0. 0. 1. 1. 0. 0. 1. 0. 1. 0. 0. 1. 1. 0.]
 [0. 0. 0. 1. 1. 0. 1. 1. 1. 0. 0. 1. 1. 1. 0. 1. 0. 1. 0.]
 [1. 1. 1. 1. 0. 1. 1. 1. 0. 1. 1. 1. 1. 1. 1. 0. 0. 1. 0.]
 [1. 1. 1. 1. 1. 1. 0. 1. 1. 1. 1. 0. 0. 1. 1. 1. 1. 1. 1.]]
2026-01-07 12:56:19 - INFO - 代  60: 平均适应度 = -6.0283, 最佳适应度 = -5.6472
2026-01-07 12:56:19 - INFO -       S11 = 0.12 dB, S21 = 2.45 dB, 密度 = 0.562
2026-01-07 12:56:19 - INFO - s_params =

2026-01-07 12:56:19 - INFO - {'S11_real': np.float32(0.1817999), 'S11_imag': np.float32(-0.9972974), 'S21_real': np.float32(0.9999925), 'S21_imag': np.float32(0.87045693), 'S12_real': np.float32(0.9999925), 'S12_imag': np.float32(0.87045676), 'S22_real': np.float32(0.96555716), 'S22_imag': np.float32(-0.99504596)}
2026-01-07 12:56:19 - ERROR - 遗传演进:  61%|######1   | 61/100 [01:12<00:44,  1.14s/it]
2026-01-07 12:56:20 - INFO - 矩阵形状：
2026-01-07 12:56:20 - INFO - (19, 19)
2026-01-07 12:56:20 - INFO - [[0. 0. 1. 0. 0. 1. 1. 0. 1. 1. 1. 0. 1. 1. 1. 0. 1. 0. 0.]
 [1. 0. 1. 0. 0. 0. 1. 1. 1. 0. 0. 0. 1. 1. 1. 1. 0. 1. 0.]
 [0. 1. 1. 1. 1. 1. 0. 1. 0. 1. 1. 1. 0. 1. 1. 1. 1. 1. 1.]
 [1. 0. 0. 1. 1. 0. 0. 1. 0. 0. 1. 0. 0. 1. 1. 1. 0. 0. 1.]
 [1. 1. 1. 0. 1. 1. 1. 1. 0. 1. 1. 0. 1. 1. 1. 1. 1. 1. 1.]
 [0. 0. 0. 1. 1. 0. 0. 1. 0. 0. 0. 0. 1. 0. 0. 1. 1. 1. 0.]
 [1. 0. 0. 1. 1. 0. 1. 0. 0. 0. 0. 1. 0. 0. 1. 1. 0. 1. 0.]
 [1. 0. 0. 0. 1. 0. 0. 1. 1. 0. 0. 1. 0. 0. 0. 1. 0. 0. 1.]
 [0. 1. 1. 0. 1. 1. 1. 1. 0. 0. 0. 0. 0. 0. 0. 1. 1. 0. 1.]
 [1. 1. 0. 0. 1. 0. 1. 0. 0. 0. 0. 1. 0. 0. 0. 0. 1. 1. 1.]
 [1. 1. 0. 0. 1. 1. 0. 0. 1. 1. 0. 1. 1. 0. 0. 1. 0. 1. 0.]
 [1. 0. 1. 1. 1. 1. 0. 1. 0. 0. 0. 1. 0. 1. 0. 1. 0. 1. 1.]
 [1. 1. 1. 1. 0. 1. 0. 1. 1. 1. 0. 0. 0. 1. 1. 1. 0. 0. 1.]
 [0. 1. 1. 0. 1. 0. 1. 1. 0. 1. 1. 1. 0. 1. 0. 1. 0. 1. 0.]
 [1. 1. 1. 1. 1. 1. 0. 0. 0. 1. 1. 1. 0. 0. 1. 1. 1. 0. 1.]
 [1. 0. 0. 0. 0. 0. 0. 1. 1. 0. 0. 1. 0. 1. 0. 0. 1. 1. 0.]
 [0. 0. 0. 1. 1. 0. 1. 1. 1. 0. 0. 1. 1. 1. 0. 1. 0. 1. 0.]
 [1. 1. 1. 1. 0. 1. 1. 1. 0. 1. 1. 1. 1. 1. 1. 0. 0. 1. 0.]
 [1. 1. 1. 1. 1. 1. 0. 1. 1. 1. 1. 0. 0. 1. 1. 1. 1. 1. 1.]]
2026-01-07 12:56:20 - ERROR - 遗传演进:  62%|######2   | 62/100 [01:13<00:43,  1.14s/it]
2026-01-07 12:56:21 - INFO - 矩阵形状：
2026-01-07 12:56:21 - INFO - (19, 19)
2026-01-07 12:56:21 - INFO - [[0. 0. 1. 0. 0. 1. 1. 0. 1. 1. 1. 0. 1. 1. 1. 0. 1. 0. 0.]
 [1. 0. 1. 0. 0. 0. 1. 1. 1. 0. 0. 0. 1. 1. 1. 1. 0. 1. 0.]
 [0. 1. 1. 1. 1. 1. 0. 1. 0. 1. 1. 1. 0. 1. 1. 1. 1. 1. 1.]
 [1. 0. 0. 1. 1. 0. 0. 1. 0. 0. 1. 0. 0. 1. 1. 1. 0. 0. 1.]
 [1. 1. 1. 0. 1. 1. 1. 1. 0. 1. 1. 0. 1. 1. 1. 1. 1. 1. 1.]
 [0. 0. 0. 1. 1. 0. 0. 1. 0. 0. 0. 0. 1. 0. 0. 1. 1. 1. 0.]
 [1. 0. 0. 1. 1. 0. 1. 0. 0. 0. 0. 1. 0. 0. 1. 1. 0. 1. 0.]
 [1. 0. 0. 0. 1. 0. 0. 1. 1. 0. 0. 1. 0. 0. 0. 1. 0. 0. 1.]
 [0. 1. 1. 0. 1. 1. 1. 1. 0. 0. 0. 0. 0. 0. 0. 1. 1. 0. 1.]
 [1. 1. 0. 0. 1. 0. 1. 0. 0. 0. 0. 1. 0. 0. 0. 0. 1. 1. 1.]
 [1. 1. 0. 0. 1. 1. 0. 0. 1. 1. 0. 1. 1. 0. 0. 1. 0. 1. 0.]
 [1. 0. 1. 1. 1. 1. 0. 1. 0. 0. 0. 1. 0. 1. 0. 1. 0. 1. 1.]
 [1. 1. 1. 1. 0. 1. 0. 1. 1. 1. 0. 0. 0. 1. 1. 1. 0. 0. 1.]
 [0. 1. 1. 0. 1. 0. 1. 1. 0. 1. 1. 1. 0. 1. 0. 1. 0. 1. 0.]
 [1. 1. 1. 1. 1. 1. 0. 0. 0. 1. 1. 1. 0. 0. 1. 1. 1. 0. 1.]
 [1. 0. 0. 0. 0. 0. 0. 1. 1. 0. 0. 1. 0. 1. 0. 0. 1. 1. 0.]
 [0. 0. 0. 1. 1. 0. 1. 1. 1. 0. 0. 1. 1. 1. 0. 1. 0. 1. 0.]
 [1. 1. 1. 1. 0. 1. 1. 1. 0. 1. 1. 1. 1. 1. 1. 0. 0. 1. 0.]
 [1. 1. 1. 1. 1. 1. 0. 1. 1. 1. 1. 0. 0. 1. 1. 1. 1. 1. 1.]]
2026-01-07 12:56:21 - ERROR - 遗传演进:  63%|######3   | 63/100 [01:14<00:42,  1.14s/it]
2026-01-07 12:56:22 - INFO - 矩阵形状：
2026-01-07 12:56:22 - INFO - (19, 19)
2026-01-07 12:56:22 - INFO - [[0. 0. 1. 0. 0. 1. 1. 0. 1. 1. 1. 0. 1. 1. 1. 0. 1. 0. 0.]
 [1. 0. 1. 0. 0. 0. 1. 1. 1. 0. 0. 0. 1. 1. 1. 1. 0. 1. 0.]
 [0. 1. 1. 1. 1. 1. 0. 1. 0. 1. 1. 1. 0. 1. 1. 1. 1. 1. 1.]
 [1. 0. 0. 1. 1. 0. 0. 1. 0. 0. 1. 0. 0. 1. 1. 1. 0. 0. 1.]
 [1. 1. 1. 0. 1. 1. 1. 1. 0. 1. 1. 0. 1. 1. 1. 1. 1. 1. 1.]
 [0. 0. 0. 1. 1. 0. 0. 1. 0. 0. 0. 0. 1. 0. 0. 1. 1. 1. 0.]
 [1. 0. 0. 1. 1. 0. 1. 0. 0. 0. 0. 1. 0. 0. 1. 1. 0. 1. 0.]
 [1. 0. 0. 0. 1. 0. 0. 1. 1. 0. 0. 1. 0. 0. 0. 1. 0. 0. 1.]
 [0. 1. 1. 0. 1. 1. 1. 1. 0. 0. 0. 0. 0. 0. 0. 1. 1. 0. 1.]
 [1. 1. 0. 0. 1. 0. 1. 0. 0. 0. 0. 1. 0. 0. 0. 0. 1. 1. 1.]
 [1. 1. 0. 0. 1. 1. 0. 0. 1. 1. 0. 1. 1. 0. 0. 1. 0. 1. 0.]
 [1. 0. 1. 1. 1. 1. 0. 1. 0. 0. 0. 1. 0. 1. 0. 1. 0. 1. 1.]
 [1. 1. 1. 1. 0. 1. 0. 1. 1. 1. 0. 0. 0. 1. 1. 1. 0. 0. 1.]
 [0. 1. 1. 0. 1. 0. 1. 1. 0. 1. 1. 1. 0. 1. 0. 1. 0. 1. 0.]
 [1. 1. 1. 1. 1. 1. 0. 0. 0. 1. 1. 1. 0. 0. 1. 1. 1. 0. 1.]
 [1. 0. 0. 0. 0. 0. 0. 1. 1. 0. 0. 1. 0. 1. 0. 0. 1. 1. 0.]
 [0. 0. 0. 1. 1. 0. 1. 1. 1. 0. 0. 1. 1. 1. 0. 1. 0. 1. 0.]
 [1. 1. 1. 1. 0. 1. 1. 1. 0. 1. 1. 1. 1. 1. 1. 0. 0. 1. 0.]
 [1. 1. 1. 1. 1. 1. 0. 1. 1. 1. 1. 0. 0. 1. 1. 1. 1. 1. 1.]]
2026-01-07 12:56:23 - ERROR - 遗传演进:  64%|######4   | 64/100 [01:16<00:40,  1.14s/it]
2026-01-07 12:56:24 - INFO - 矩阵形状：
2026-01-07 12:56:24 - INFO - (19, 19)
2026-01-07 12:56:24 - INFO - [[0. 0. 1. 0. 0. 1. 1. 0. 1. 1. 1. 0. 1. 1. 1. 0. 1. 0. 0.]
 [1. 0. 1. 0. 0. 0. 1. 1. 1. 0. 0. 0. 1. 1. 1. 1. 0. 1. 0.]
 [0. 1. 1. 1. 1. 1. 0. 1. 0. 1. 1. 1. 0. 1. 1. 1. 1. 1. 1.]
 [1. 0. 0. 1. 1. 0. 0. 1. 0. 0. 1. 0. 0. 1. 1. 1. 0. 0. 1.]
 [1. 1. 1. 0. 1. 1. 1. 1. 0. 1. 1. 0. 1. 1. 1. 1. 1. 1. 1.]
 [0. 0. 0. 1. 1. 0. 0. 1. 0. 0. 0. 0. 1. 0. 0. 1. 1. 1. 0.]
 [1. 0. 0. 1. 1. 0. 1. 0. 0. 0. 0. 1. 0. 0. 1. 1. 0. 1. 0.]
 [1. 0. 0. 0. 1. 0. 0. 1. 1. 0. 0. 1. 0. 0. 0. 1. 0. 0. 1.]
 [0. 1. 1. 0. 1. 1. 1. 1. 0. 0. 0. 0. 0. 0. 0. 1. 1. 0. 1.]
 [1. 1. 0. 0. 1. 0. 1. 0. 0. 0. 0. 1. 0. 0. 0. 0. 1. 1. 1.]
 [1. 1. 0. 0. 1. 1. 0. 0. 1. 1. 0. 1. 1. 0. 0. 1. 0. 1. 0.]
 [1. 0. 1. 1. 1. 1. 0. 1. 0. 0. 0. 1. 0. 1. 0. 1. 0. 1. 1.]
 [1. 1. 1. 1. 0. 1. 0. 1. 1. 1. 0. 0. 0. 1. 1. 1. 0. 0. 1.]
 [0. 1. 1. 0. 1. 0. 1. 1. 0. 1. 1. 1. 0. 1. 0. 1. 0. 1. 0.]
 [1. 1. 1. 1. 1. 1. 0. 0. 0. 1. 1. 1. 0. 0. 1. 1. 1. 0. 1.]
 [1. 0. 0. 0. 0. 0. 0. 1. 1. 0. 0. 1. 0. 1. 0. 0. 1. 1. 0.]
 [0. 0. 0. 1. 1. 0. 1. 1. 1. 0. 0. 1. 1. 1. 0. 1. 0. 1. 0.]
 [1. 1. 1. 1. 0. 1. 1. 1. 0. 1. 1. 1. 1. 1. 1. 0. 0. 1. 0.]
 [1. 1. 1. 1. 1. 1. 0. 1. 1. 1. 1. 0. 0. 1. 1. 1. 1. 1. 1.]]
2026-01-07 12:56:24 - ERROR - 遗传演进:  65%|######5   | 65/100 [01:17<00:39,  1.14s/it]
2026-01-07 12:56:25 - INFO - 矩阵形状：
2026-01-07 12:56:25 - INFO - (19, 19)
2026-01-07 12:56:25 - INFO - [[0. 1. 1. 0. 0. 1. 1. 0. 1. 1. 1. 0. 1. 1. 1. 0. 1. 0. 0.]
 [1. 1. 1. 0. 0. 0. 1. 1. 1. 0. 0. 0. 1. 1. 1. 1. 0. 1. 0.]
 [0. 1. 1. 1. 1. 1. 0. 1. 0. 1. 1. 1. 0. 1. 1. 1. 1. 1. 1.]
 [1. 0. 0. 1. 1. 0. 0. 1. 0. 0. 1. 0. 0. 1. 1. 1. 0. 0. 1.]
 [1. 1. 1. 0. 1. 1. 0. 1. 0. 1. 1. 0. 1. 1. 1. 1. 1. 1. 1.]
 [0. 0. 1. 1. 1. 0. 0. 1. 0. 0. 0. 0. 1. 0. 0. 1. 1. 1. 0.]
 [1. 0. 1. 1. 1. 0. 1. 0. 0. 0. 0. 1. 0. 0. 1. 1. 0. 1. 0.]
 [1. 0. 0. 0. 1. 0. 0. 1. 1. 0. 0. 1. 1. 0. 1. 1. 0. 0. 1.]
 [0. 1. 1. 0. 1. 1. 1. 1. 0. 0. 0. 0. 0. 0. 0. 1. 0. 0. 1.]
 [1. 1. 0. 0. 1. 0. 1. 0. 0. 0. 1. 1. 0. 0. 0. 0. 1. 1. 1.]
 [1. 1. 0. 0. 1. 1. 0. 0. 1. 1. 0. 1. 0. 0. 0. 1. 0. 1. 0.]
 [1. 0. 1. 1. 1. 1. 0. 1. 0. 0. 0. 0. 0. 1. 0. 1. 0. 1. 1.]
 [1. 0. 1. 1. 0. 1. 0. 1. 1. 1. 0. 0. 0. 1. 1. 1. 1. 0. 1.]
 [0. 1. 1. 0. 1. 0. 1. 1. 0. 1. 1. 1. 0. 1. 1. 1. 0. 1. 1.]
 [0. 1. 1. 1. 1. 1. 0. 0. 0. 1. 1. 1. 0. 0. 1. 1. 1. 0. 1.]
 [1. 0. 0. 1. 0. 0. 0. 1. 0. 0. 0. 0. 0. 1. 0. 0. 1. 1. 0.]
 [0. 0. 0. 1. 1. 0. 1. 1. 1. 1. 0. 0. 1. 1. 0. 0. 0. 1. 0.]
 [1. 1. 1. 1. 0. 1. 1. 0. 0. 1. 1. 1. 1. 1. 1. 0. 1. 1. 0.]
 [1. 1. 1. 1. 1. 1. 0. 1. 1. 1. 1. 1. 0. 0. 1. 1. 1. 1. 1.]]
2026-01-07 12:56:25 - ERROR - 遗传演进:  66%|######6   | 66/100 [01:18<00:38,  1.14s/it]
2026-01-07 12:56:26 - INFO - 矩阵形状：
2026-01-07 12:56:26 - INFO - (19, 19)
2026-01-07 12:56:26 - INFO - [[0. 1. 1. 0. 0. 1. 1. 0. 1. 1. 1. 0. 1. 1. 1. 0. 1. 0. 0.]
 [1. 1. 1. 0. 0. 0. 1. 1. 1. 0. 0. 0. 1. 1. 1. 1. 0. 1. 0.]
 [0. 1. 1. 1. 1. 1. 0. 1. 0. 1. 1. 1. 0. 1. 1. 1. 1. 1. 1.]
 [1. 0. 0. 1. 1. 0. 0. 1. 0. 0. 1. 0. 0. 1. 1. 1. 0. 0. 1.]
 [1. 1. 1. 0. 1. 1. 0. 1. 0. 1. 1. 0. 1. 1. 1. 1. 1. 1. 1.]
 [0. 0. 1. 1. 1. 0. 0. 1. 0. 0. 0. 0. 1. 0. 0. 1. 1. 1. 0.]
 [1. 0. 1. 1. 1. 0. 1. 0. 0. 0. 0. 1. 0. 0. 1. 1. 0. 1. 0.]
 [1. 0. 0. 0. 1. 0. 0. 1. 1. 0. 0. 1. 1. 0. 1. 1. 0. 0. 1.]
 [0. 1. 1. 0. 1. 1. 1. 1. 0. 0. 0. 0. 0. 0. 0. 1. 0. 0. 1.]
 [1. 1. 0. 0. 1. 0. 1. 0. 0. 0. 1. 1. 0. 0. 0. 0. 1. 1. 1.]
 [1. 1. 0. 0. 1. 1. 0. 0. 1. 1. 0. 1. 0. 0. 0. 1. 0. 1. 0.]
 [1. 0. 1. 1. 1. 1. 0. 1. 0. 0. 0. 0. 0. 1. 0. 1. 0. 1. 1.]
 [1. 0. 1. 1. 0. 1. 0. 1. 1. 1. 0. 0. 0. 1. 1. 1. 1. 0. 1.]
 [0. 1. 1. 0. 1. 0. 1. 1. 0. 1. 1. 1. 0. 1. 1. 1. 0. 1. 1.]
 [0. 1. 1. 1. 1. 1. 0. 0. 0. 1. 1. 1. 0. 0. 1. 1. 1. 0. 1.]
 [1. 0. 0. 1. 0. 0. 0. 1. 0. 0. 0. 0. 0. 1. 0. 0. 1. 1. 0.]
 [0. 0. 0. 1. 1. 0. 1. 1. 1. 1. 0. 0. 1. 1. 0. 0. 0. 1. 0.]
 [1. 1. 1. 1. 0. 1. 1. 0. 0. 1. 1. 1. 1. 1. 1. 0. 1. 1. 0.]
 [1. 1. 1. 1. 1. 1. 0. 1. 1. 1. 1. 1. 0. 0. 1. 1. 1. 1. 1.]]
2026-01-07 12:56:26 - ERROR - 遗传演进:  67%|######7   | 67/100 [01:19<00:37,  1.14s/it]
2026-01-07 12:56:27 - INFO - 矩阵形状：
2026-01-07 12:56:27 - INFO - (19, 19)
2026-01-07 12:56:27 - INFO - [[0. 1. 1. 0. 0. 1. 1. 1. 1. 1. 1. 0. 1. 1. 1. 0. 0. 1. 1.]
 [1. 0. 1. 0. 1. 0. 1. 1. 1. 0. 0. 0. 1. 0. 1. 1. 0. 1. 0.]
 [1. 1. 1. 1. 1. 1. 0. 1. 0. 0. 1. 1. 1. 0. 1. 1. 1. 1. 0.]
 [1. 0. 0. 0. 1. 0. 0. 1. 1. 0. 0. 1. 1. 1. 1. 0. 0. 0. 1.]
 [1. 1. 1. 1. 1. 1. 1. 1. 0. 1. 1. 0. 0. 1. 0. 1. 1. 1. 1.]
 [0. 0. 1. 1. 1. 0. 1. 0. 0. 0. 1. 0. 1. 0. 0. 0. 1. 1. 0.]
 [0. 0. 0. 1. 1. 0. 1. 0. 0. 0. 1. 1. 0. 0. 1. 0. 1. 1. 1.]
 [1. 0. 1. 0. 1. 0. 0. 1. 0. 1. 0. 1. 0. 0. 0. 1. 1. 0. 1.]
 [0. 0. 1. 0. 1. 1. 1. 1. 0. 0. 0. 0. 0. 0. 0. 1. 1. 0. 1.]
 [0. 1. 0. 0. 1. 0. 1. 0. 0. 0. 0. 1. 0. 0. 1. 0. 1. 1. 0.]
 [1. 1. 0. 0. 0. 1. 0. 0. 1. 1. 1. 1. 1. 0. 1. 1. 0. 1. 0.]
 [1. 0. 1. 0. 1. 1. 0. 1. 0. 1. 0. 0. 0. 0. 0. 1. 0. 1. 1.]
 [0. 1. 1. 1. 0. 1. 0. 1. 1. 1. 0. 0. 0. 1. 1. 1. 0. 1. 1.]
 [0. 1. 1. 0. 1. 0. 1. 1. 1. 1. 1. 1. 0. 1. 0. 1. 1. 1. 1.]
 [1. 1. 1. 0. 1. 1. 0. 0. 0. 1. 1. 1. 0. 0. 1. 1. 1. 0. 1.]
 [1. 1. 0. 1. 1. 0. 0. 1. 0. 0. 0. 1. 0. 1. 0. 0. 1. 1. 1.]
 [0. 0. 0. 1. 1. 0. 1. 0. 1. 0. 0. 0. 1. 1. 0. 1. 0. 1. 0.]
 [1. 1. 1. 1. 1. 1. 1. 1. 0. 1. 1. 1. 0. 1. 1. 0. 0. 1. 1.]
 [1. 1. 1. 1. 1. 1. 0. 1. 1. 1. 1. 1. 1. 1. 1. 1. 1. 1. 0.]]
2026-01-07 12:56:27 - ERROR - 遗传演进:  68%|######8   | 68/100 [01:20<00:36,  1.14s/it]
2026-01-07 12:56:28 - INFO - 矩阵形状：
2026-01-07 12:56:28 - INFO - (19, 19)
2026-01-07 12:56:28 - INFO - [[0. 1. 1. 0. 0. 1. 1. 1. 1. 1. 1. 0. 1. 1. 1. 0. 0. 1. 1.]
 [1. 0. 1. 0. 1. 0. 1. 1. 1. 0. 0. 0. 1. 0. 1. 1. 0. 1. 0.]
 [1. 1. 1. 1. 1. 1. 0. 1. 0. 0. 1. 1. 1. 0. 1. 1. 1. 1. 0.]
 [1. 0. 0. 0. 1. 0. 0. 1. 1. 0. 0. 1. 1. 1. 1. 0. 0. 0. 1.]
 [1. 1. 1. 1. 1. 1. 1. 1. 0. 1. 1. 0. 0. 1. 0. 1. 1. 1. 1.]
 [0. 0. 1. 1. 1. 0. 1. 0. 0. 0. 1. 0. 1. 0. 0. 0. 1. 1. 0.]
 [0. 0. 0. 1. 1. 0. 1. 0. 0. 0. 1. 1. 0. 0. 1. 0. 1. 1. 1.]
 [1. 0. 1. 0. 1. 0. 0. 1. 0. 1. 0. 1. 0. 0. 0. 1. 1. 0. 1.]
 [0. 0. 1. 0. 1. 1. 1. 1. 0. 0. 0. 0. 0. 0. 0. 1. 1. 0. 1.]
 [0. 1. 0. 0. 1. 0. 1. 0. 0. 0. 0. 1. 0. 0. 1. 0. 1. 1. 0.]
 [1. 1. 0. 0. 0. 1. 0. 0. 1. 1. 1. 1. 1. 0. 1. 1. 0. 1. 0.]
 [1. 0. 1. 0. 1. 1. 0. 1. 0. 1. 0. 0. 0. 0. 0. 1. 0. 1. 1.]
 [0. 1. 1. 1. 0. 1. 0. 1. 1. 1. 0. 0. 0. 1. 1. 1. 0. 1. 1.]
 [0. 1. 1. 0. 1. 0. 1. 1. 1. 1. 1. 1. 0. 1. 0. 1. 1. 1. 1.]
 [1. 1. 1. 0. 1. 1. 0. 0. 0. 1. 1. 1. 0. 0. 1. 1. 1. 0. 1.]
 [1. 1. 0. 1. 1. 0. 0. 1. 0. 0. 0. 1. 0. 1. 0. 0. 1. 1. 1.]
 [0. 0. 0. 1. 1. 0. 1. 0. 1. 0. 0. 0. 1. 1. 0. 1. 0. 1. 0.]
 [1. 1. 1. 1. 1. 1. 1. 1. 0. 1. 1. 1. 0. 1. 1. 0. 0. 1. 1.]
 [1. 1. 1. 1. 1. 1. 0. 1. 1. 1. 1. 1. 1. 1. 1. 1. 1. 1. 0.]]
2026-01-07 12:56:28 - ERROR - 遗传演进:  69%|######9   | 69/100 [01:21<00:35,  1.14s/it]
2026-01-07 12:56:29 - INFO - 矩阵形状：
2026-01-07 12:56:29 - INFO - (19, 19)
2026-01-07 12:56:29 - INFO - [[0. 1. 1. 0. 0. 1. 1. 1. 1. 1. 1. 0. 1. 1. 1. 0. 0. 1. 1.]
 [1. 0. 1. 0. 1. 0. 1. 1. 1. 0. 0. 0. 1. 0. 1. 1. 0. 1. 0.]
 [1. 1. 1. 1. 1. 1. 0. 1. 0. 0. 1. 1. 1. 0. 1. 1. 1. 1. 0.]
 [1. 0. 0. 0. 1. 0. 0. 1. 1. 0. 0. 1. 1. 1. 1. 0. 0. 0. 1.]
 [1. 1. 1. 1. 1. 1. 1. 1. 0. 1. 1. 0. 0. 1. 0. 1. 1. 1. 1.]
 [0. 0. 1. 1. 1. 0. 1. 0. 0. 0. 1. 0. 1. 0. 0. 0. 1. 1. 0.]
 [0. 0. 0. 1. 1. 0. 1. 0. 0. 0. 1. 1. 0. 0. 1. 0. 1. 1. 1.]
 [1. 0. 1. 0. 1. 0. 0. 1. 0. 1. 0. 1. 0. 0. 0. 1. 1. 0. 1.]
 [0. 0. 1. 0. 1. 1. 1. 1. 0. 0. 0. 0. 0. 0. 0. 1. 1. 0. 1.]
 [0. 1. 0. 0. 1. 0. 1. 0. 0. 0. 0. 1. 0. 0. 1. 0. 1. 1. 0.]
 [1. 1. 0. 0. 0. 1. 0. 0. 1. 1. 1. 1. 1. 0. 1. 1. 0. 1. 0.]
 [1. 0. 1. 0. 1. 1. 0. 1. 0. 1. 0. 0. 0. 0. 0. 1. 0. 1. 1.]
 [0. 1. 1. 1. 0. 1. 0. 1. 1. 1. 0. 0. 0. 1. 1. 1. 0. 1. 1.]
 [0. 1. 1. 0. 1. 0. 1. 1. 1. 1. 1. 1. 0. 1. 0. 1. 1. 1. 1.]
 [1. 1. 1. 0. 1. 1. 0. 0. 0. 1. 1. 1. 0. 0. 1. 1. 1. 0. 1.]
 [1. 1. 0. 1. 1. 0. 0. 1. 0. 0. 0. 1. 0. 1. 0. 0. 1. 1. 1.]
 [0. 0. 0. 1. 1. 0. 1. 0. 1. 0. 0. 0. 1. 1. 0. 1. 0. 1. 0.]
 [1. 1. 1. 1. 1. 1. 1. 1. 0. 1. 1. 1. 0. 1. 1. 0. 0. 1. 1.]
 [1. 1. 1. 1. 1. 1. 0. 1. 1. 1. 1. 1. 1. 1. 1. 1. 1. 1. 0.]]
2026-01-07 12:56:29 - ERROR - 遗传演进:  70%|#######   | 70/100 [01:22<00:34,  1.15s/it]
2026-01-07 12:56:30 - INFO - 矩阵形状：
2026-01-07 12:56:30 - INFO - (19, 19)
2026-01-07 12:56:30 - INFO - [[0. 1. 1. 0. 0. 1. 1. 1. 1. 1. 1. 0. 1. 1. 1. 0. 0. 1. 1.]
 [1. 0. 1. 0. 1. 0. 1. 1. 1. 0. 0. 0. 1. 0. 1. 1. 0. 1. 0.]
 [1. 1. 1. 1. 1. 1. 0. 1. 0. 0. 1. 1. 1. 0. 1. 1. 1. 1. 0.]
 [1. 0. 0. 0. 1. 0. 0. 1. 1. 0. 0. 1. 1. 1. 1. 0. 0. 0. 1.]
 [1. 1. 1. 1. 1. 1. 1. 1. 0. 1. 1. 0. 0. 1. 0. 1. 1. 1. 1.]
 [0. 0. 1. 1. 1. 0. 1. 0. 0. 0. 1. 0. 1. 0. 0. 0. 1. 1. 0.]
 [0. 0. 0. 1. 1. 0. 1. 0. 0. 0. 1. 1. 0. 0. 1. 0. 1. 1. 1.]
 [1. 0. 1. 0. 1. 0. 0. 1. 0. 1. 0. 1. 0. 0. 0. 1. 1. 0. 1.]
 [0. 0. 1. 0. 1. 1. 1. 1. 0. 0. 0. 0. 0. 0. 0. 1. 1. 0. 1.]
 [0. 1. 0. 0. 1. 0. 1. 0. 0. 0. 0. 1. 0. 0. 1. 0. 1. 1. 0.]
 [1. 1. 0. 0. 0. 1. 0. 0. 1. 1. 1. 1. 1. 0. 1. 1. 0. 1. 0.]
 [1. 0. 1. 0. 1. 1. 0. 1. 0. 1. 0. 0. 0. 0. 0. 1. 0. 1. 1.]
 [0. 1. 1. 1. 0. 1. 0. 1. 1. 1. 0. 0. 0. 1. 1. 1. 0. 1. 1.]
 [0. 1. 1. 0. 1. 0. 1. 1. 1. 1. 1. 1. 0. 1. 0. 1. 1. 1. 1.]
 [1. 1. 1. 0. 1. 1. 0. 0. 0. 1. 1. 1. 0. 0. 1. 1. 1. 0. 1.]
 [1. 1. 0. 1. 1. 0. 0. 1. 0. 0. 0. 1. 0. 1. 0. 0. 1. 1. 1.]
 [0. 0. 0. 1. 1. 0. 1. 0. 1. 0. 0. 0. 1. 1. 0. 1. 0. 1. 0.]
 [1. 1. 1. 1. 1. 1. 1. 1. 0. 1. 1. 1. 0. 1. 1. 0. 0. 1. 1.]
 [1. 1. 1. 1. 1. 1. 0. 1. 1. 1. 1. 1. 1. 1. 1. 1. 1. 1. 0.]]
2026-01-07 12:56:31 - INFO - 代  70: 平均适应度 = -5.9998, 最佳适应度 = -5.6178
2026-01-07 12:56:31 - INFO -       S11 = 0.09 dB, S21 = 2.42 dB, 密度 = 0.582
2026-01-07 12:56:31 - INFO - s_params =

2026-01-07 12:56:31 - INFO - {'S11_real': np.float32(0.16472127), 'S11_imag': np.float32(-0.99727136), 'S21_real': np.float32(0.9999916), 'S21_imag': np.float32(0.8646778), 'S12_real': np.float32(0.9999916), 'S12_imag': np.float32(0.86467767), 'S22_real': np.float32(0.9647961), 'S22_imag': np.float32(-0.9951223)}
2026-01-07 12:56:31 - ERROR - 遗传演进:  71%|#######1  | 71/100 [01:24<00:33,  1.15s/it]
2026-01-07 12:56:32 - INFO - 矩阵形状：
2026-01-07 12:56:32 - INFO - (19, 19)
2026-01-07 12:56:32 - INFO - [[0. 1. 1. 0. 0. 1. 1. 1. 1. 1. 1. 0. 1. 1. 1. 0. 0. 1. 1.]
 [1. 0. 1. 0. 1. 0. 1. 1. 1. 0. 0. 0. 1. 0. 1. 1. 0. 1. 0.]
 [1. 1. 1. 1. 1. 1. 0. 1. 0. 0. 1. 1. 1. 0. 1. 1. 1. 1. 0.]
 [1. 0. 0. 0. 1. 0. 0. 1. 1. 0. 0. 1. 1. 1. 1. 0. 0. 0. 1.]
 [1. 1. 1. 1. 1. 1. 1. 1. 0. 1. 1. 0. 0. 1. 0. 1. 1. 1. 1.]
 [0. 0. 1. 1. 1. 0. 1. 0. 0. 0. 1. 0. 1. 0. 0. 0. 1. 1. 0.]
 [0. 0. 0. 1. 1. 0. 1. 0. 0. 0. 1. 1. 0. 0. 1. 0. 1. 1. 1.]
 [1. 0. 1. 0. 1. 0. 0. 1. 0. 1. 0. 1. 0. 0. 0. 1. 1. 0. 1.]
 [0. 0. 1. 0. 1. 1. 1. 1. 0. 0. 0. 0. 0. 0. 0. 1. 1. 0. 1.]
 [0. 1. 0. 0. 1. 0. 1. 0. 0. 0. 0. 1. 0. 0. 1. 0. 1. 1. 0.]
 [1. 1. 0. 0. 0. 1. 0. 0. 1. 1. 1. 1. 1. 0. 1. 1. 0. 1. 0.]
 [1. 0. 1. 0. 1. 1. 0. 1. 0. 1. 0. 0. 0. 0. 0. 1. 0. 1. 1.]
 [0. 1. 1. 1. 0. 1. 0. 1. 1. 1. 0. 0. 0. 1. 1. 1. 0. 1. 1.]
 [0. 1. 1. 0. 1. 0. 1. 1. 1. 1. 1. 1. 0. 1. 0. 1. 1. 1. 1.]
 [1. 1. 1. 0. 1. 1. 0. 0. 0. 1. 1. 1. 0. 0. 1. 1. 1. 0. 1.]
 [1. 1. 0. 1. 1. 0. 0. 1. 0. 0. 0. 1. 0. 1. 0. 0. 1. 1. 1.]
 [0. 0. 0. 1. 1. 0. 1. 0. 1. 0. 0. 0. 1. 1. 0. 1. 0. 1. 0.]
 [1. 1. 1. 1. 1. 1. 1. 1. 0. 1. 1. 1. 0. 1. 1. 0. 0. 1. 1.]
 [1. 1. 1. 1. 1. 1. 0. 1. 1. 1. 1. 1. 1. 1. 1. 1. 1. 1. 0.]]
2026-01-07 12:56:32 - ERROR - 遗传演进:  72%|#######2  | 72/100 [01:25<00:32,  1.15s/it]
2026-01-07 12:56:33 - INFO - 矩阵形状：
2026-01-07 12:56:33 - INFO - (19, 19)
2026-01-07 12:56:33 - INFO - [[0. 1. 1. 0. 0. 1. 1. 1. 1. 1. 1. 0. 1. 1. 1. 0. 0. 1. 1.]
 [1. 0. 1. 0. 1. 0. 1. 1. 1. 0. 0. 0. 1. 0. 1. 1. 0. 1. 0.]
 [1. 1. 1. 1. 1. 1. 0. 1. 0. 0. 1. 1. 1. 0. 1. 1. 1. 1. 0.]
 [1. 0. 0. 0. 1. 0. 0. 1. 1. 0. 0. 1. 1. 1. 1. 0. 0. 0. 1.]
 [1. 1. 1. 1. 1. 1. 1. 1. 0. 1. 1. 0. 0. 1. 0. 1. 1. 1. 1.]
 [0. 0. 1. 1. 1. 0. 1. 0. 0. 0. 1. 0. 1. 0. 0. 0. 1. 1. 0.]
 [0. 0. 0. 1. 1. 0. 1. 0. 0. 0. 1. 1. 0. 0. 1. 0. 1. 1. 1.]
 [1. 0. 1. 0. 1. 0. 0. 1. 0. 1. 0. 1. 0. 0. 0. 1. 1. 0. 1.]
 [0. 0. 1. 0. 1. 1. 1. 1. 0. 0. 0. 0. 0. 0. 0. 1. 1. 0. 1.]
 [0. 1. 0. 0. 1. 0. 1. 0. 0. 0. 0. 1. 0. 0. 1. 0. 1. 1. 0.]
 [1. 1. 0. 0. 0. 1. 0. 0. 1. 1. 1. 1. 1. 0. 1. 1. 0. 1. 0.]
 [1. 0. 1. 0. 1. 1. 0. 1. 0. 1. 0. 0. 0. 0. 0. 1. 0. 1. 1.]
 [0. 1. 1. 1. 0. 1. 0. 1. 1. 1. 0. 0. 0. 1. 1. 1. 0. 1. 1.]
 [0. 1. 1. 0. 1. 0. 1. 1. 1. 1. 1. 1. 0. 1. 0. 1. 1. 1. 1.]
 [1. 1. 1. 0. 1. 1. 0. 0. 0. 1. 1. 1. 0. 0. 1. 1. 1. 0. 1.]
 [1. 1. 0. 1. 1. 0. 0. 1. 0. 0. 0. 1. 0. 1. 0. 0. 1. 1. 1.]
 [0. 0. 0. 1. 1. 0. 1. 0. 1. 0. 0. 0. 1. 1. 0. 1. 0. 1. 0.]
 [1. 1. 1. 1. 1. 1. 1. 1. 0. 1. 1. 1. 0. 1. 1. 0. 0. 1. 1.]
 [1. 1. 1. 1. 1. 1. 0. 1. 1. 1. 1. 1. 1. 1. 1. 1. 1. 1. 0.]]
2026-01-07 12:56:33 - ERROR - 遗传演进:  73%|#######3  | 73/100 [01:26<00:31,  1.15s/it]
2026-01-07 12:56:34 - INFO - 矩阵形状：
2026-01-07 12:56:34 - INFO - (19, 19)
2026-01-07 12:56:34 - INFO - [[0. 1. 1. 0. 0. 1. 1. 1. 1. 1. 1. 0. 1. 1. 1. 0. 0. 1. 1.]
 [1. 0. 1. 0. 1. 0. 1. 1. 1. 0. 0. 0. 1. 0. 1. 1. 0. 1. 0.]
 [1. 1. 1. 1. 1. 1. 0. 1. 0. 0. 1. 1. 1. 0. 1. 1. 1. 1. 0.]
 [1. 0. 0. 0. 1. 0. 0. 1. 1. 0. 0. 1. 1. 1. 1. 0. 0. 0. 1.]
 [1. 1. 1. 1. 1. 1. 1. 1. 0. 1. 1. 0. 0. 1. 0. 1. 1. 1. 1.]
 [0. 0. 1. 1. 1. 0. 1. 0. 0. 0. 1. 0. 1. 0. 0. 0. 1. 1. 0.]
 [0. 0. 0. 1. 1. 0. 1. 0. 0. 0. 1. 1. 0. 0. 1. 0. 1. 1. 1.]
 [1. 0. 1. 0. 1. 0. 0. 1. 0. 1. 0. 1. 0. 0. 0. 1. 1. 0. 1.]
 [0. 0. 1. 0. 1. 1. 1. 1. 0. 0. 0. 0. 0. 0. 0. 1. 1. 0. 1.]
 [0. 1. 0. 0. 1. 0. 1. 0. 0. 0. 0. 1. 0. 0. 1. 0. 1. 1. 0.]
 [1. 1. 0. 0. 0. 1. 0. 0. 1. 1. 1. 1. 1. 0. 1. 1. 0. 1. 0.]
 [1. 0. 1. 0. 1. 1. 0. 1. 0. 1. 0. 0. 0. 0. 0. 1. 0. 1. 1.]
 [0. 1. 1. 1. 0. 1. 0. 1. 1. 1. 0. 0. 0. 1. 1. 1. 0. 1. 1.]
 [0. 1. 1. 0. 1. 0. 1. 1. 1. 1. 1. 1. 0. 1. 0. 1. 1. 1. 1.]
 [1. 1. 1. 0. 1. 1. 0. 0. 0. 1. 1. 1. 0. 0. 1. 1. 1. 0. 1.]
 [1. 1. 0. 1. 1. 0. 0. 1. 0. 0. 0. 1. 0. 1. 0. 0. 1. 1. 1.]
 [0. 0. 0. 1. 1. 0. 1. 0. 1. 0. 0. 0. 1. 1. 0. 1. 0. 1. 0.]
 [1. 1. 1. 1. 1. 1. 1. 1. 0. 1. 1. 1. 0. 1. 1. 0. 0. 1. 1.]
 [1. 1. 1. 1. 1. 1. 0. 1. 1. 1. 1. 1. 1. 1. 1. 1. 1. 1. 0.]]
2026-01-07 12:56:34 - ERROR - 遗传演进:  74%|#######4  | 74/100 [01:27<00:29,  1.15s/it]
2026-01-07 12:56:35 - INFO - 矩阵形状：
2026-01-07 12:56:35 - INFO - (19, 19)
2026-01-07 12:56:35 - INFO - [[0. 1. 1. 0. 0. 1. 1. 1. 1. 1. 1. 1. 1. 1. 1. 0. 0. 1. 1.]
 [1. 0. 1. 0. 1. 0. 1. 0. 1. 0. 0. 0. 1. 0. 1. 1. 0. 1. 0.]
 [1. 1. 1. 1. 1. 1. 0. 1. 0. 0. 1. 1. 1. 0. 1. 1. 1. 1. 0.]
 [1. 0. 0. 0. 1. 0. 0. 1. 1. 0. 0. 1. 0. 1. 1. 0. 0. 0. 1.]
 [1. 1. 1. 1. 1. 1. 1. 1. 0. 1. 1. 0. 0. 0. 0. 1. 0. 1. 1.]
 [0. 0. 1. 1. 1. 0. 1. 0. 0. 0. 1. 0. 1. 0. 0. 1. 1. 1. 0.]
 [0. 0. 0. 1. 1. 0. 1. 0. 0. 0. 1. 1. 0. 0. 1. 0. 1. 1. 1.]
 [1. 0. 1. 0. 1. 0. 0. 1. 0. 1. 0. 1. 0. 0. 0. 1. 1. 1. 1.]
 [0. 0. 1. 0. 1. 1. 1. 1. 0. 0. 0. 0. 0. 0. 0. 0. 1. 0. 1.]
 [0. 1. 0. 0. 1. 0. 1. 0. 0. 0. 0. 1. 0. 0. 1. 1. 1. 1. 0.]
 [1. 1. 0. 0. 0. 1. 0. 0. 1. 1. 1. 0. 1. 0. 1. 1. 0. 1. 0.]
 [1. 0. 1. 0. 1. 1. 0. 1. 0. 1. 0. 0. 0. 0. 0. 1. 0. 1. 0.]
 [0. 1. 1. 1. 0. 1. 0. 1. 1. 0. 0. 0. 0. 1. 1. 1. 0. 1. 1.]
 [0. 1. 1. 0. 1. 0. 1. 1. 1. 1. 1. 1. 0. 0. 0. 1. 1. 1. 1.]
 [1. 1. 1. 0. 1. 1. 0. 0. 0. 1. 1. 1. 0. 0. 1. 1. 1. 0. 1.]
 [1. 1. 0. 1. 1. 0. 0. 1. 0. 0. 0. 1. 0. 1. 0. 0. 1. 1. 1.]
 [0. 0. 0. 1. 1. 0. 1. 0. 1. 0. 0. 0. 1. 1. 0. 1. 0. 1. 0.]
 [1. 1. 1. 1. 1. 1. 1. 1. 0. 1. 1. 1. 0. 0. 1. 0. 0. 1. 1.]
 [0. 1. 1. 1. 1. 1. 0. 1. 0. 1. 1. 1. 1. 1. 1. 1. 1. 1. 1.]]
2026-01-07 12:56:35 - ERROR - 遗传演进:  75%|#######5  | 75/100 [01:28<00:28,  1.15s/it]
2026-01-07 12:56:36 - INFO - 矩阵形状：
2026-01-07 12:56:36 - INFO - (19, 19)
2026-01-07 12:56:36 - INFO - [[0. 1. 1. 0. 0. 1. 1. 1. 1. 1. 1. 1. 1. 1. 1. 0. 0. 1. 1.]
 [1. 0. 1. 0. 1. 0. 1. 0. 1. 0. 0. 0. 1. 0. 1. 1. 0. 1. 0.]
 [1. 1. 1. 1. 1. 1. 0. 1. 0. 0. 1. 1. 1. 0. 1. 1. 1. 1. 0.]
 [1. 0. 0. 0. 1. 0. 0. 1. 1. 0. 0. 1. 0. 1. 1. 0. 0. 0. 1.]
 [1. 1. 1. 1. 1. 1. 1. 1. 0. 1. 1. 0. 0. 0. 0. 1. 0. 1. 1.]
 [0. 0. 1. 1. 1. 0. 1. 0. 0. 0. 1. 0. 1. 0. 0. 1. 1. 1. 0.]
 [0. 0. 0. 1. 1. 0. 1. 0. 0. 0. 1. 1. 0. 0. 1. 0. 1. 1. 1.]
 [1. 0. 1. 0. 1. 0. 0. 1. 0. 1. 0. 1. 0. 0. 0. 1. 1. 1. 1.]
 [0. 0. 1. 0. 1. 1. 1. 1. 0. 0. 0. 0. 0. 0. 0. 0. 1. 0. 1.]
 [0. 1. 0. 0. 1. 0. 1. 0. 0. 0. 0. 1. 0. 0. 1. 1. 1. 1. 0.]
 [1. 1. 0. 0. 0. 1. 0. 0. 1. 1. 1. 0. 1. 0. 1. 1. 0. 1. 0.]
 [1. 0. 1. 0. 1. 1. 0. 1. 0. 1. 0. 0. 0. 0. 0. 1. 0. 1. 0.]
 [0. 1. 1. 1. 0. 1. 0. 1. 1. 0. 0. 0. 0. 1. 1. 1. 0. 1. 1.]
 [0. 1. 1. 0. 1. 0. 1. 1. 1. 1. 1. 1. 0. 0. 0. 1. 1. 1. 1.]
 [1. 1. 1. 0. 1. 1. 0. 0. 0. 1. 1. 1. 0. 0. 1. 1. 1. 0. 1.]
 [1. 1. 0. 1. 1. 0. 0. 1. 0. 0. 0. 1. 0. 1. 0. 0. 1. 1. 1.]
 [0. 0. 0. 1. 1. 0. 1. 0. 1. 0. 0. 0. 1. 1. 0. 1. 0. 1. 0.]
 [1. 1. 1. 1. 1. 1. 1. 1. 0. 1. 1. 1. 0. 0. 1. 0. 0. 1. 1.]
 [0. 1. 1. 1. 1. 1. 0. 1. 0. 1. 1. 1. 1. 1. 1. 1. 1. 1. 1.]]
2026-01-07 12:56:36 - ERROR - 遗传演进:  76%|#######6  | 76/100 [01:29<00:27,  1.15s/it]
2026-01-07 12:56:37 - INFO - 矩阵形状：
2026-01-07 12:56:37 - INFO - (19, 19)
2026-01-07 12:56:37 - INFO - [[0. 1. 1. 0. 0. 1. 1. 1. 1. 1. 1. 1. 1. 1. 1. 0. 0. 1. 1.]
 [1. 0. 1. 0. 1. 0. 1. 0. 1. 0. 0. 0. 1. 0. 1. 1. 0. 1. 0.]
 [1. 1. 1. 1. 1. 1. 0. 1. 0. 0. 1. 1. 1. 0. 1. 1. 1. 1. 0.]
 [1. 0. 0. 0. 1. 0. 0. 1. 1. 0. 0. 1. 0. 1. 1. 0. 0. 0. 1.]
 [1. 1. 1. 1. 1. 1. 1. 1. 0. 1. 1. 0. 0. 0. 0. 1. 0. 1. 1.]
 [0. 0. 1. 1. 1. 0. 1. 0. 0. 0. 1. 0. 1. 0. 0. 1. 1. 1. 0.]
 [0. 0. 0. 1. 1. 0. 1. 0. 0. 0. 1. 1. 0. 0. 1. 0. 1. 1. 1.]
 [1. 0. 1. 0. 1. 0. 0. 1. 0. 1. 0. 1. 0. 0. 0. 1. 1. 1. 1.]
 [0. 0. 1. 0. 1. 1. 1. 1. 0. 0. 0. 0. 0. 0. 0. 0. 1. 0. 1.]
 [0. 1. 0. 0. 1. 0. 1. 0. 0. 0. 0. 1. 0. 0. 1. 1. 1. 1. 0.]
 [1. 1. 0. 0. 0. 1. 0. 0. 1. 1. 1. 0. 1. 0. 1. 1. 0. 1. 0.]
 [1. 0. 1. 0. 1. 1. 0. 1. 0. 1. 0. 0. 0. 0. 0. 1. 0. 1. 0.]
 [0. 1. 1. 1. 0. 1. 0. 1. 1. 0. 0. 0. 0. 1. 1. 1. 0. 1. 1.]
 [0. 1. 1. 0. 1. 0. 1. 1. 1. 1. 1. 1. 0. 0. 0. 1. 1. 1. 1.]
 [1. 1. 1. 0. 1. 1. 0. 0. 0. 1. 1. 1. 0. 0. 1. 1. 1. 0. 1.]
 [1. 1. 0. 1. 1. 0. 0. 1. 0. 0. 0. 1. 0. 1. 0. 0. 1. 1. 1.]
 [0. 0. 0. 1. 1. 0. 1. 0. 1. 0. 0. 0. 1. 1. 0. 1. 0. 1. 0.]
 [1. 1. 1. 1. 1. 1. 1. 1. 0. 1. 1. 1. 0. 0. 1. 0. 0. 1. 1.]
 [0. 1. 1. 1. 1. 1. 0. 1. 0. 1. 1. 1. 1. 1. 1. 1. 1. 1. 1.]]
2026-01-07 12:56:38 - ERROR - 遗传演进:  77%|#######7  | 77/100 [01:30<00:26,  1.14s/it]
2026-01-07 12:56:38 - INFO - 矩阵形状：
2026-01-07 12:56:38 - INFO - (19, 19)
2026-01-07 12:56:38 - INFO - [[0. 1. 1. 0. 0. 1. 1. 1. 1. 1. 1. 1. 1. 1. 1. 0. 0. 1. 1.]
 [1. 0. 1. 0. 1. 0. 1. 0. 1. 0. 0. 0. 1. 0. 1. 1. 0. 1. 0.]
 [1. 1. 1. 1. 1. 1. 0. 1. 0. 0. 1. 1. 1. 0. 1. 1. 1. 1. 0.]
 [1. 0. 0. 0. 1. 0. 0. 1. 1. 0. 0. 1. 0. 1. 1. 0. 0. 0. 1.]
 [1. 1. 1. 1. 1. 1. 1. 1. 0. 1. 1. 0. 0. 0. 0. 1. 0. 1. 1.]
 [0. 0. 1. 1. 1. 0. 1. 0. 0. 0. 1. 0. 1. 0. 0. 1. 1. 1. 0.]
 [0. 0. 0. 1. 1. 0. 1. 0. 0. 0. 1. 1. 0. 0. 1. 0. 1. 1. 1.]
 [1. 0. 1. 0. 1. 0. 0. 1. 0. 1. 0. 1. 0. 0. 0. 1. 1. 1. 1.]
 [0. 0. 1. 0. 1. 1. 1. 1. 0. 0. 0. 0. 0. 0. 0. 0. 1. 0. 1.]
 [0. 1. 0. 0. 1. 0. 1. 0. 0. 0. 0. 1. 0. 0. 1. 1. 1. 1. 0.]
 [1. 1. 0. 0. 0. 1. 0. 0. 1. 1. 1. 0. 1. 0. 1. 1. 0. 1. 0.]
 [1. 0. 1. 0. 1. 1. 0. 1. 0. 1. 0. 0. 0. 0. 0. 1. 0. 1. 0.]
 [0. 1. 1. 1. 0. 1. 0. 1. 1. 0. 0. 0. 0. 1. 1. 1. 0. 1. 1.]
 [0. 1. 1. 0. 1. 0. 1. 1. 1. 1. 1. 1. 0. 0. 0. 1. 1. 1. 1.]
 [1. 1. 1. 0. 1. 1. 0. 0. 0. 1. 1. 1. 0. 0. 1. 1. 1. 0. 1.]
 [1. 1. 0. 1. 1. 0. 0. 1. 0. 0. 0. 1. 0. 1. 0. 0. 1. 1. 1.]
 [0. 0. 0. 1. 1. 0. 1. 0. 1. 0. 0. 0. 1. 1. 0. 1. 0. 1. 0.]
 [1. 1. 1. 1. 1. 1. 1. 1. 0. 1. 1. 1. 0. 0. 1. 0. 0. 1. 1.]
 [0. 1. 1. 1. 1. 1. 0. 1. 0. 1. 1. 1. 1. 1. 1. 1. 1. 1. 1.]]
2026-01-07 12:56:39 - ERROR - 遗传演进:  78%|#######8  | 78/100 [01:32<00:25,  1.14s/it]
2026-01-07 12:56:40 - INFO - 矩阵形状：
2026-01-07 12:56:40 - INFO - (19, 19)
2026-01-07 12:56:40 - INFO - [[0. 1. 1. 0. 0. 1. 1. 1. 1. 1. 1. 1. 1. 1. 1. 0. 0. 1. 1.]
 [1. 0. 1. 0. 1. 0. 1. 0. 1. 0. 0. 0. 1. 0. 1. 1. 0. 1. 0.]
 [1. 1. 1. 1. 1. 1. 0. 1. 0. 0. 1. 1. 1. 0. 1. 1. 1. 1. 0.]
 [1. 0. 0. 0. 1. 0. 0. 1. 1. 0. 0. 1. 0. 1. 1. 0. 0. 0. 1.]
 [1. 1. 1. 1. 1. 1. 1. 1. 0. 1. 1. 0. 0. 0. 0. 1. 0. 1. 1.]
 [0. 0. 1. 1. 1. 0. 1. 0. 0. 0. 1. 0. 1. 0. 0. 1. 1. 1. 0.]
 [0. 0. 0. 1. 1. 0. 1. 0. 0. 0. 1. 1. 0. 0. 1. 0. 1. 1. 1.]
 [1. 0. 1. 0. 1. 0. 0. 1. 0. 1. 0. 1. 0. 0. 0. 1. 1. 1. 1.]
 [0. 0. 1. 0. 1. 1. 1. 1. 0. 0. 0. 0. 0. 0. 0. 0. 1. 0. 1.]
 [0. 1. 0. 0. 1. 0. 1. 0. 0. 0. 0. 1. 0. 0. 1. 1. 1. 1. 0.]
 [1. 1. 0. 0. 0. 1. 0. 0. 1. 1. 1. 0. 1. 0. 1. 1. 0. 1. 0.]
 [1. 0. 1. 0. 1. 1. 0. 1. 0. 1. 0. 0. 0. 0. 0. 1. 0. 1. 0.]
 [0. 1. 1. 1. 0. 1. 0. 1. 1. 0. 0. 0. 0. 1. 1. 1. 0. 1. 1.]
 [0. 1. 1. 0. 1. 0. 1. 1. 1. 1. 1. 1. 0. 0. 0. 1. 1. 1. 1.]
 [1. 1. 1. 0. 1. 1. 0. 0. 0. 1. 1. 1. 0. 0. 1. 1. 1. 0. 1.]
 [1. 1. 0. 1. 1. 0. 0. 1. 0. 0. 0. 1. 0. 1. 0. 0. 1. 1. 1.]
 [0. 0. 0. 1. 1. 0. 1. 0. 1. 0. 0. 0. 1. 1. 0. 1. 0. 1. 0.]
 [1. 1. 1. 1. 1. 1. 1. 1. 0. 1. 1. 1. 0. 0. 1. 0. 0. 1. 1.]
 [0. 1. 1. 1. 1. 1. 0. 1. 0. 1. 1. 1. 1. 1. 1. 1. 1. 1. 1.]]
2026-01-07 12:56:40 - ERROR - 遗传演进:  79%|#######9  | 79/100 [01:33<00:23,  1.14s/it]
2026-01-07 12:56:41 - INFO - 矩阵形状：
2026-01-07 12:56:41 - INFO - (19, 19)
2026-01-07 12:56:41 - INFO - [[0. 1. 1. 0. 0. 1. 1. 1. 1. 1. 1. 1. 1. 1. 1. 0. 0. 1. 1.]
 [1. 0. 1. 0. 1. 0. 1. 0. 1. 0. 0. 0. 1. 0. 1. 1. 0. 1. 0.]
 [1. 1. 1. 1. 1. 1. 0. 1. 0. 0. 1. 1. 1. 0. 1. 1. 1. 1. 0.]
 [1. 0. 0. 0. 1. 0. 0. 1. 1. 0. 0. 1. 0. 1. 1. 0. 0. 0. 1.]
 [1. 1. 1. 1. 1. 1. 1. 1. 0. 1. 1. 0. 0. 0. 0. 1. 0. 1. 1.]
 [0. 0. 1. 1. 1. 0. 1. 0. 0. 0. 1. 0. 1. 0. 0. 1. 1. 1. 0.]
 [0. 0. 0. 1. 1. 0. 1. 0. 0. 0. 1. 1. 0. 0. 1. 0. 1. 1. 1.]
 [1. 0. 1. 0. 1. 0. 0. 1. 0. 1. 0. 1. 0. 0. 0. 1. 1. 1. 1.]
 [0. 0. 1. 0. 1. 1. 1. 1. 0. 0. 0. 0. 0. 0. 0. 0. 1. 0. 1.]
 [0. 1. 0. 0. 1. 0. 1. 0. 0. 0. 0. 1. 0. 0. 1. 1. 1. 1. 0.]
 [1. 1. 0. 0. 0. 1. 0. 0. 1. 1. 1. 0. 1. 0. 1. 1. 0. 1. 0.]
 [1. 0. 1. 0. 1. 1. 0. 1. 0. 1. 0. 0. 0. 0. 0. 1. 0. 1. 0.]
 [0. 1. 1. 1. 0. 1. 0. 1. 1. 0. 0. 0. 0. 1. 1. 1. 0. 1. 1.]
 [0. 1. 1. 0. 1. 0. 1. 1. 1. 1. 1. 1. 0. 0. 0. 1. 1. 1. 1.]
 [1. 1. 1. 0. 1. 1. 0. 0. 0. 1. 1. 1. 0. 0. 1. 1. 1. 0. 1.]
 [1. 1. 0. 1. 1. 0. 0. 1. 0. 0. 0. 1. 0. 1. 0. 0. 1. 1. 1.]
 [0. 0. 0. 1. 1. 0. 1. 0. 1. 0. 0. 0. 1. 1. 0. 1. 0. 1. 0.]
 [1. 1. 1. 1. 1. 1. 1. 1. 0. 1. 1. 1. 0. 0. 1. 0. 0. 1. 1.]
 [0. 1. 1. 1. 1. 1. 0. 1. 0. 1. 1. 1. 1. 1. 1. 1. 1. 1. 1.]]
2026-01-07 12:56:41 - ERROR - 遗传演进:  80%|########  | 80/100 [01:34<00:22,  1.14s/it]
2026-01-07 12:56:42 - INFO - 矩阵形状：
2026-01-07 12:56:42 - INFO - (19, 19)
2026-01-07 12:56:42 - INFO - [[0. 1. 1. 0. 0. 1. 1. 1. 1. 1. 1. 1. 1. 1. 1. 0. 0. 1. 1.]
 [1. 0. 1. 0. 1. 0. 1. 0. 1. 0. 0. 0. 1. 0. 1. 1. 0. 1. 0.]
 [1. 1. 1. 1. 1. 1. 0. 1. 0. 0. 1. 1. 1. 0. 1. 1. 1. 1. 0.]
 [1. 0. 0. 0. 1. 0. 0. 1. 1. 0. 0. 1. 0. 1. 1. 0. 0. 0. 1.]
 [1. 1. 1. 1. 1. 1. 1. 1. 0. 1. 1. 0. 0. 0. 0. 1. 0. 1. 1.]
 [0. 0. 1. 1. 1. 0. 1. 0. 0. 0. 1. 0. 1. 0. 0. 1. 1. 1. 0.]
 [0. 0. 0. 1. 1. 0. 1. 0. 0. 0. 1. 1. 0. 0. 1. 0. 1. 1. 1.]
 [1. 0. 1. 0. 1. 0. 0. 1. 0. 1. 0. 1. 0. 0. 0. 1. 1. 1. 1.]
 [0. 0. 1. 0. 1. 1. 1. 1. 0. 0. 0. 0. 0. 0. 0. 0. 1. 0. 1.]
 [0. 1. 0. 0. 1. 0. 1. 0. 0. 0. 0. 1. 0. 0. 1. 1. 1. 1. 0.]
 [1. 1. 0. 0. 0. 1. 0. 0. 1. 1. 1. 0. 1. 0. 1. 1. 0. 1. 0.]
 [1. 0. 1. 0. 1. 1. 0. 1. 0. 1. 0. 0. 0. 0. 0. 1. 0. 1. 0.]
 [0. 1. 1. 1. 0. 1. 0. 1. 1. 0. 0. 0. 0. 1. 1. 1. 0. 1. 1.]
 [0. 1. 1. 0. 1. 0. 1. 1. 1. 1. 1. 1. 0. 0. 0. 1. 1. 1. 1.]
 [1. 1. 1. 0. 1. 1. 0. 0. 0. 1. 1. 1. 0. 0. 1. 1. 1. 0. 1.]
 [1. 1. 0. 1. 1. 0. 0. 1. 0. 0. 0. 1. 0. 1. 0. 0. 1. 1. 1.]
 [0. 0. 0. 1. 1. 0. 1. 0. 1. 0. 0. 0. 1. 1. 0. 1. 0. 1. 0.]
 [1. 1. 1. 1. 1. 1. 1. 1. 0. 1. 1. 1. 0. 0. 1. 0. 0. 1. 1.]
 [0. 1. 1. 1. 1. 1. 0. 1. 0. 1. 1. 1. 1. 1. 1. 1. 1. 1. 1.]]
2026-01-07 12:56:42 - INFO - 代  80: 平均适应度 = -5.9954, 最佳适应度 = -5.6075
2026-01-07 12:56:42 - INFO -       S11 = 0.08 dB, S21 = 2.42 dB, 密度 = 0.562
2026-01-07 12:56:42 - INFO - s_params =

2026-01-07 12:56:42 - INFO - {'S11_real': np.float32(0.1570632), 'S11_imag': np.float32(-0.9972634), 'S21_real': np.float32(0.99999183), 'S21_imag': np.float32(0.8638355), 'S12_real': np.float32(0.99999183), 'S12_imag': np.float32(0.86383545), 'S22_real': np.float32(0.96390104), 'S22_imag': np.float32(-0.99504215)}
2026-01-07 12:56:42 - ERROR - 遗传演进:  81%|########1 | 81/100 [01:35<00:21,  1.14s/it]
2026-01-07 12:56:43 - INFO - 矩阵形状：
2026-01-07 12:56:43 - INFO - (19, 19)
2026-01-07 12:56:43 - INFO - [[0. 1. 1. 0. 0. 1. 1. 1. 1. 1. 1. 1. 1. 1. 1. 0. 0. 1. 1.]
 [1. 0. 1. 0. 1. 0. 1. 0. 1. 0. 0. 0. 1. 0. 1. 1. 0. 1. 0.]
 [1. 1. 1. 1. 1. 1. 0. 1. 0. 0. 1. 1. 1. 0. 1. 1. 1. 1. 0.]
 [1. 0. 0. 0. 1. 0. 0. 1. 1. 0. 0. 1. 0. 1. 1. 0. 0. 0. 1.]
 [1. 1. 1. 1. 1. 1. 1. 1. 0. 1. 1. 0. 0. 0. 0. 1. 0. 1. 1.]
 [0. 0. 1. 1. 1. 0. 1. 0. 0. 0. 1. 0. 1. 0. 0. 1. 1. 1. 0.]
 [0. 0. 0. 1. 1. 0. 1. 0. 0. 0. 1. 1. 0. 0. 1. 0. 1. 1. 1.]
 [1. 0. 1. 0. 1. 0. 0. 1. 0. 1. 0. 1. 0. 0. 0. 1. 1. 1. 1.]
 [0. 0. 1. 0. 1. 1. 1. 1. 0. 0. 0. 0. 0. 0. 0. 0. 1. 0. 1.]
 [0. 1. 0. 0. 1. 0. 1. 0. 0. 0. 0. 1. 0. 0. 1. 1. 1. 1. 0.]
 [1. 1. 0. 0. 0. 1. 0. 0. 1. 1. 1. 0. 1. 0. 1. 1. 0. 1. 0.]
 [1. 0. 1. 0. 1. 1. 0. 1. 0. 1. 0. 0. 0. 0. 0. 1. 0. 1. 0.]
 [0. 1. 1. 1. 0. 1. 0. 1. 1. 0. 0. 0. 0. 1. 1. 1. 0. 1. 1.]
 [0. 1. 1. 0. 1. 0. 1. 1. 1. 1. 1. 1. 0. 0. 0. 1. 1. 1. 1.]
 [1. 1. 1. 0. 1. 1. 0. 0. 0. 1. 1. 1. 0. 0. 1. 1. 1. 0. 1.]
 [1. 1. 0. 1. 1. 0. 0. 1. 0. 0. 0. 1. 0. 1. 0. 0. 1. 1. 1.]
 [0. 0. 0. 1. 1. 0. 1. 0. 1. 0. 0. 0. 1. 1. 0. 1. 0. 1. 0.]
 [1. 1. 1. 1. 1. 1. 1. 1. 0. 1. 1. 1. 0. 0. 1. 0. 0. 1. 1.]
 [0. 1. 1. 1. 1. 1. 0. 1. 0. 1. 1. 1. 1. 1. 1. 1. 1. 1. 1.]]
2026-01-07 12:56:43 - ERROR - 遗传演进:  82%|########2 | 82/100 [01:36<00:20,  1.14s/it]
2026-01-07 12:56:44 - INFO - 矩阵形状：
2026-01-07 12:56:44 - INFO - (19, 19)
2026-01-07 12:56:44 - INFO - [[0. 1. 1. 0. 0. 1. 1. 1. 1. 1. 1. 1. 1. 1. 1. 0. 0. 1. 1.]
 [1. 0. 1. 0. 1. 0. 1. 0. 1. 0. 0. 0. 1. 0. 1. 1. 0. 1. 0.]
 [1. 1. 1. 1. 1. 1. 0. 1. 0. 0. 1. 1. 1. 0. 1. 1. 1. 1. 0.]
 [1. 0. 0. 0. 1. 0. 0. 1. 1. 0. 0. 1. 0. 1. 1. 0. 0. 0. 1.]
 [1. 1. 1. 1. 1. 1. 1. 1. 0. 1. 1. 0. 0. 0. 0. 1. 0. 1. 1.]
 [0. 0. 1. 1. 1. 0. 1. 0. 0. 0. 1. 0. 1. 0. 0. 1. 1. 1. 0.]
 [0. 0. 0. 1. 1. 0. 1. 0. 0. 0. 1. 1. 0. 0. 1. 0. 1. 1. 1.]
 [1. 0. 1. 0. 1. 0. 0. 1. 0. 1. 0. 1. 0. 0. 0. 1. 1. 1. 1.]
 [0. 0. 1. 0. 1. 1. 1. 1. 0. 0. 0. 0. 0. 0. 0. 0. 1. 0. 1.]
 [0. 1. 0. 0. 1. 0. 1. 0. 0. 0. 0. 1. 0. 0. 1. 1. 1. 1. 0.]
 [1. 1. 0. 0. 0. 1. 0. 0. 1. 1. 1. 0. 1. 0. 1. 1. 0. 1. 0.]
 [1. 0. 1. 0. 1. 1. 0. 1. 0. 1. 0. 0. 0. 0. 0. 1. 0. 1. 0.]
 [0. 1. 1. 1. 0. 1. 0. 1. 1. 0. 0. 0. 0. 1. 1. 1. 0. 1. 1.]
 [0. 1. 1. 0. 1. 0. 1. 1. 1. 1. 1. 1. 0. 0. 0. 1. 1. 1. 1.]
 [1. 1. 1. 0. 1. 1. 0. 0. 0. 1. 1. 1. 0. 0. 1. 1. 1. 0. 1.]
 [1. 1. 0. 1. 1. 0. 0. 1. 0. 0. 0. 1. 0. 1. 0. 0. 1. 1. 1.]
 [0. 0. 0. 1. 1. 0. 1. 0. 1. 0. 0. 0. 1. 1. 0. 1. 0. 1. 0.]
 [1. 1. 1. 1. 1. 1. 1. 1. 0. 1. 1. 1. 0. 0. 1. 0. 0. 1. 1.]
 [0. 1. 1. 1. 1. 1. 0. 1. 0. 1. 1. 1. 1. 1. 1. 1. 1. 1. 1.]]
2026-01-07 12:56:44 - ERROR - 遗传演进:  83%|########2 | 83/100 [01:37<00:19,  1.14s/it]
2026-01-07 12:56:45 - INFO - 矩阵形状：
2026-01-07 12:56:45 - INFO - (19, 19)
2026-01-07 12:56:45 - INFO - [[0. 1. 1. 0. 0. 1. 1. 1. 1. 1. 1. 1. 1. 1. 1. 0. 0. 1. 1.]
 [1. 0. 1. 0. 1. 0. 1. 0. 1. 0. 0. 0. 1. 0. 1. 1. 0. 1. 0.]
 [1. 1. 1. 1. 1. 1. 0. 1. 0. 0. 1. 1. 1. 0. 1. 1. 1. 1. 0.]
 [1. 0. 0. 0. 1. 0. 0. 1. 1. 0. 0. 1. 0. 1. 1. 0. 0. 0. 1.]
 [1. 1. 1. 1. 1. 1. 1. 1. 0. 1. 1. 0. 0. 0. 0. 1. 0. 1. 1.]
 [0. 0. 1. 1. 1. 0. 1. 0. 0. 0. 1. 0. 1. 0. 0. 1. 1. 1. 0.]
 [0. 0. 0. 1. 1. 0. 1. 0. 0. 0. 1. 1. 0. 0. 1. 0. 1. 1. 1.]
 [1. 0. 1. 0. 1. 0. 0. 1. 0. 1. 0. 1. 0. 0. 0. 1. 1. 1. 1.]
 [0. 0. 1. 0. 1. 1. 1. 1. 0. 0. 0. 0. 0. 0. 0. 0. 1. 0. 1.]
 [0. 1. 0. 0. 1. 0. 1. 0. 0. 0. 0. 1. 0. 0. 1. 1. 1. 1. 0.]
 [1. 1. 0. 0. 0. 1. 0. 0. 1. 1. 1. 0. 1. 0. 1. 1. 0. 1. 0.]
 [1. 0. 1. 0. 1. 1. 0. 1. 0. 1. 0. 0. 0. 0. 0. 1. 0. 1. 0.]
 [0. 1. 1. 1. 0. 1. 0. 1. 1. 0. 0. 0. 0. 1. 1. 1. 0. 1. 1.]
 [0. 1. 1. 0. 1. 0. 1. 1. 1. 1. 1. 1. 0. 0. 0. 1. 1. 1. 1.]
 [1. 1. 1. 0. 1. 1. 0. 0. 0. 1. 1. 1. 0. 0. 1. 1. 1. 0. 1.]
 [1. 1. 0. 1. 1. 0. 0. 1. 0. 0. 0. 1. 0. 1. 0. 0. 1. 1. 1.]
 [0. 0. 0. 1. 1. 0. 1. 0. 1. 0. 0. 0. 1. 1. 0. 1. 0. 1. 0.]
 [1. 1. 1. 1. 1. 1. 1. 1. 0. 1. 1. 1. 0. 0. 1. 0. 0. 1. 1.]
 [0. 1. 1. 1. 1. 1. 0. 1. 0. 1. 1. 1. 1. 1. 1. 1. 1. 1. 1.]]
2026-01-07 12:56:46 - ERROR - 遗传演进:  84%|########4 | 84/100 [01:38<00:18,  1.15s/it]
2026-01-07 12:56:47 - INFO - 矩阵形状：
2026-01-07 12:56:47 - INFO - (19, 19)
2026-01-07 12:56:47 - INFO - [[0. 1. 1. 0. 0. 1. 1. 1. 1. 1. 1. 1. 1. 1. 1. 0. 0. 1. 1.]
 [1. 0. 1. 0. 1. 0. 1. 0. 1. 0. 0. 0. 1. 0. 1. 1. 0. 1. 0.]
 [1. 1. 1. 1. 1. 1. 0. 1. 0. 0. 1. 1. 1. 0. 1. 1. 1. 1. 0.]
 [1. 0. 0. 0. 1. 0. 0. 1. 1. 0. 0. 1. 0. 1. 1. 0. 0. 0. 1.]
 [1. 1. 1. 1. 1. 1. 1. 1. 0. 1. 1. 0. 0. 0. 0. 1. 0. 1. 1.]
 [0. 0. 1. 1. 1. 0. 1. 0. 0. 0. 1. 0. 1. 0. 0. 1. 1. 1. 0.]
 [0. 0. 0. 1. 1. 0. 1. 0. 0. 0. 1. 1. 0. 0. 1. 0. 1. 1. 1.]
 [1. 0. 1. 0. 1. 0. 0. 1. 0. 1. 0. 1. 0. 0. 0. 1. 1. 1. 1.]
 [0. 0. 1. 0. 1. 1. 1. 1. 0. 0. 0. 0. 0. 0. 0. 0. 1. 0. 1.]
 [0. 1. 0. 0. 1. 0. 1. 0. 0. 0. 0. 1. 0. 0. 1. 1. 1. 1. 0.]
 [1. 1. 0. 0. 0. 1. 0. 0. 1. 1. 1. 0. 1. 0. 1. 1. 0. 1. 0.]
 [1. 0. 1. 0. 1. 1. 0. 1. 0. 1. 0. 0. 0. 0. 0. 1. 0. 1. 0.]
 [0. 1. 1. 1. 0. 1. 0. 1. 1. 0. 0. 0. 0. 1. 1. 1. 0. 1. 1.]
 [0. 1. 1. 0. 1. 0. 1. 1. 1. 1. 1. 1. 0. 0. 0. 1. 1. 1. 1.]
 [1. 1. 1. 0. 1. 1. 0. 0. 0. 1. 1. 1. 0. 0. 1. 1. 1. 0. 1.]
 [1. 1. 0. 1. 1. 0. 0. 1. 0. 0. 0. 1. 0. 1. 0. 0. 1. 1. 1.]
 [0. 0. 0. 1. 1. 0. 1. 0. 1. 0. 0. 0. 1. 1. 0. 1. 0. 1. 0.]
 [1. 1. 1. 1. 1. 1. 1. 1. 0. 1. 1. 1. 0. 0. 1. 0. 0. 1. 1.]
 [0. 1. 1. 1. 1. 1. 0. 1. 0. 1. 1. 1. 1. 1. 1. 1. 1. 1. 1.]]
2026-01-07 12:56:47 - ERROR - 遗传演进:  85%|########5 | 85/100 [01:40<00:17,  1.15s/it]
2026-01-07 12:56:48 - INFO - 矩阵形状：
2026-01-07 12:56:48 - INFO - (19, 19)
2026-01-07 12:56:48 - INFO - [[0. 1. 1. 0. 0. 1. 1. 1. 1. 1. 1. 1. 1. 1. 1. 0. 0. 1. 1.]
 [1. 0. 1. 0. 1. 0. 1. 0. 1. 0. 0. 0. 1. 0. 1. 1. 0. 1. 0.]
 [1. 1. 1. 1. 1. 1. 0. 1. 0. 0. 1. 1. 1. 0. 1. 1. 1. 1. 0.]
 [1. 0. 0. 0. 1. 0. 0. 1. 1. 0. 0. 1. 0. 1. 1. 0. 0. 0. 1.]
 [1. 1. 1. 1. 1. 1. 1. 1. 0. 1. 1. 0. 0. 0. 0. 1. 0. 1. 1.]
 [0. 0. 1. 1. 1. 0. 1. 0. 0. 0. 1. 0. 1. 0. 0. 1. 1. 1. 0.]
 [0. 0. 0. 1. 1. 0. 1. 0. 0. 0. 1. 1. 0. 0. 1. 0. 1. 1. 1.]
 [1. 0. 1. 0. 1. 0. 0. 1. 0. 1. 0. 1. 0. 0. 0. 1. 1. 1. 1.]
 [0. 0. 1. 0. 1. 1. 1. 1. 0. 0. 0. 0. 0. 0. 0. 0. 1. 0. 1.]
 [0. 1. 0. 0. 1. 0. 1. 0. 0. 0. 0. 1. 0. 0. 1. 1. 1. 1. 0.]
 [1. 1. 0. 0. 0. 1. 0. 0. 1. 1. 1. 0. 1. 0. 1. 1. 0. 1. 0.]
 [1. 0. 1. 0. 1. 1. 0. 1. 0. 1. 0. 0. 0. 0. 0. 1. 0. 1. 0.]
 [0. 1. 1. 1. 0. 1. 0. 1. 1. 0. 0. 0. 0. 1. 1. 1. 0. 1. 1.]
 [0. 1. 1. 0. 1. 0. 1. 1. 1. 1. 1. 1. 0. 0. 0. 1. 1. 1. 1.]
 [1. 1. 1. 0. 1. 1. 0. 0. 0. 1. 1. 1. 0. 0. 1. 1. 1. 0. 1.]
 [1. 1. 0. 1. 1. 0. 0. 1. 0. 0. 0. 1. 0. 1. 0. 0. 1. 1. 1.]
 [0. 0. 0. 1. 1. 0. 1. 0. 1. 0. 0. 0. 1. 1. 0. 1. 0. 1. 0.]
 [1. 1. 1. 1. 1. 1. 1. 1. 0. 1. 1. 1. 0. 0. 1. 0. 0. 1. 1.]
 [0. 1. 1. 1. 1. 1. 0. 1. 0. 1. 1. 1. 1. 1. 1. 1. 1. 1. 1.]]
2026-01-07 12:56:48 - ERROR - 遗传演进:  86%|########6 | 86/100 [01:41<00:16,  1.15s/it]
2026-01-07 12:56:49 - INFO - 矩阵形状：
2026-01-07 12:56:49 - INFO - (19, 19)
2026-01-07 12:56:49 - INFO - [[0. 1. 1. 0. 0. 1. 1. 1. 1. 1. 1. 1. 1. 1. 1. 0. 0. 1. 1.]
 [1. 0. 1. 0. 1. 0. 1. 0. 1. 0. 0. 0. 1. 0. 1. 1. 0. 1. 0.]
 [1. 1. 1. 1. 1. 1. 0. 1. 0. 0. 1. 1. 1. 0. 1. 1. 1. 1. 0.]
 [1. 0. 0. 0. 1. 0. 0. 1. 1. 0. 0. 1. 0. 1. 1. 0. 0. 0. 1.]
 [1. 1. 1. 1. 1. 1. 1. 1. 0. 1. 1. 0. 0. 0. 0. 1. 0. 1. 1.]
 [0. 0. 1. 1. 1. 0. 1. 0. 0. 0. 1. 0. 1. 0. 0. 1. 1. 1. 0.]
 [0. 0. 0. 1. 1. 0. 1. 0. 0. 0. 1. 1. 0. 0. 1. 0. 1. 1. 1.]
 [1. 0. 1. 0. 1. 0. 0. 1. 0. 1. 0. 1. 0. 0. 0. 1. 1. 1. 1.]
 [0. 0. 1. 0. 1. 1. 1. 1. 0. 0. 0. 0. 0. 0. 0. 0. 1. 0. 1.]
 [0. 1. 0. 0. 1. 0. 1. 0. 0. 0. 0. 1. 0. 0. 1. 1. 1. 1. 0.]
 [1. 1. 0. 0. 0. 1. 0. 0. 1. 1. 1. 0. 1. 0. 1. 1. 0. 1. 0.]
 [1. 0. 1. 0. 1. 1. 0. 1. 0. 1. 0. 0. 0. 0. 0. 1. 0. 1. 0.]
 [0. 1. 1. 1. 0. 1. 0. 1. 1. 0. 0. 0. 0. 1. 1. 1. 0. 1. 1.]
 [0. 1. 1. 0. 1. 0. 1. 1. 1. 1. 1. 1. 0. 0. 0. 1. 1. 1. 1.]
 [1. 1. 1. 0. 1. 1. 0. 0. 0. 1. 1. 1. 0. 0. 1. 1. 1. 0. 1.]
 [1. 1. 0. 1. 1. 0. 0. 1. 0. 0. 0. 1. 0. 1. 0. 0. 1. 1. 1.]
 [0. 0. 0. 1. 1. 0. 1. 0. 1. 0. 0. 0. 1. 1. 0. 1. 0. 1. 0.]
 [1. 1. 1. 1. 1. 1. 1. 1. 0. 1. 1. 1. 0. 0. 1. 0. 0. 1. 1.]
 [0. 1. 1. 1. 1. 1. 0. 1. 0. 1. 1. 1. 1. 1. 1. 1. 1. 1. 1.]]
2026-01-07 12:56:49 - ERROR - 遗传演进:  87%|########7 | 87/100 [01:42<00:14,  1.15s/it]
2026-01-07 12:56:50 - INFO - 矩阵形状：
2026-01-07 12:56:50 - INFO - (19, 19)
2026-01-07 12:56:50 - INFO - [[0. 1. 1. 0. 0. 1. 1. 1. 1. 1. 1. 1. 1. 1. 1. 0. 0. 1. 1.]
 [1. 0. 1. 0. 1. 0. 1. 0. 1. 0. 0. 0. 1. 0. 1. 1. 0. 1. 0.]
 [1. 1. 1. 1. 1. 1. 0. 1. 0. 0. 1. 1. 1. 0. 1. 1. 1. 1. 0.]
 [1. 0. 0. 0. 1. 0. 0. 1. 1. 0. 0. 1. 0. 1. 1. 0. 0. 0. 1.]
 [1. 1. 1. 1. 1. 1. 1. 1. 0. 1. 1. 0. 0. 0. 0. 1. 0. 1. 1.]
 [0. 0. 1. 1. 1. 0. 1. 0. 0. 0. 1. 0. 1. 0. 0. 1. 1. 1. 0.]
 [0. 0. 0. 1. 1. 0. 1. 0. 0. 0. 1. 1. 0. 0. 1. 0. 1. 1. 1.]
 [1. 0. 1. 0. 1. 0. 0. 1. 0. 1. 0. 1. 0. 0. 0. 1. 1. 1. 1.]
 [0. 0. 1. 0. 1. 1. 1. 1. 0. 0. 0. 0. 0. 0. 0. 0. 1. 0. 1.]
 [0. 1. 0. 0. 1. 0. 1. 0. 0. 0. 0. 1. 0. 0. 1. 1. 1. 1. 0.]
 [1. 1. 0. 0. 0. 1. 0. 0. 1. 1. 1. 0. 1. 0. 1. 1. 0. 1. 0.]
 [1. 0. 1. 0. 1. 1. 0. 1. 0. 1. 0. 0. 0. 0. 0. 1. 0. 1. 0.]
 [0. 1. 1. 1. 0. 1. 0. 1. 1. 0. 0. 0. 0. 1. 1. 1. 0. 1. 1.]
 [0. 1. 1. 0. 1. 0. 1. 1. 1. 1. 1. 1. 0. 0. 0. 1. 1. 1. 1.]
 [1. 1. 1. 0. 1. 1. 0. 0. 0. 1. 1. 1. 0. 0. 1. 1. 1. 0. 1.]
 [1. 1. 0. 1. 1. 0. 0. 1. 0. 0. 0. 1. 0. 1. 0. 0. 1. 1. 1.]
 [0. 0. 0. 1. 1. 0. 1. 0. 1. 0. 0. 0. 1. 1. 0. 1. 0. 1. 0.]
 [1. 1. 1. 1. 1. 1. 1. 1. 0. 1. 1. 1. 0. 0. 1. 0. 0. 1. 1.]
 [0. 1. 1. 1. 1. 1. 0. 1. 0. 1. 1. 1. 1. 1. 1. 1. 1. 1. 1.]]
2026-01-07 12:56:50 - ERROR - 遗传演进:  88%|########8 | 88/100 [01:43<00:13,  1.15s/it]
2026-01-07 12:56:51 - INFO - 矩阵形状：
2026-01-07 12:56:51 - INFO - (19, 19)
2026-01-07 12:56:51 - INFO - [[0. 1. 1. 0. 0. 1. 1. 1. 1. 1. 1. 1. 1. 1. 1. 0. 0. 1. 1.]
 [1. 0. 1. 0. 1. 0. 1. 0. 1. 0. 0. 0. 1. 0. 1. 1. 0. 1. 0.]
 [1. 1. 1. 1. 1. 1. 0. 1. 0. 0. 1. 1. 1. 0. 1. 1. 1. 1. 0.]
 [1. 0. 0. 0. 1. 0. 0. 1. 1. 0. 0. 1. 0. 1. 1. 0. 0. 0. 1.]
 [1. 1. 1. 1. 1. 1. 1. 1. 0. 1. 1. 0. 0. 0. 0. 1. 0. 1. 1.]
 [0. 0. 1. 1. 1. 0. 1. 0. 0. 0. 1. 0. 1. 0. 0. 1. 1. 1. 0.]
 [0. 0. 0. 1. 1. 0. 1. 0. 0. 0. 1. 1. 0. 0. 1. 0. 1. 1. 1.]
 [1. 0. 1. 0. 1. 0. 0. 1. 0. 1. 0. 1. 0. 0. 0. 1. 1. 1. 1.]
 [0. 0. 1. 0. 1. 1. 1. 1. 0. 0. 0. 0. 0. 0. 0. 0. 1. 0. 1.]
 [0. 1. 0. 0. 1. 0. 1. 0. 0. 0. 0. 1. 0. 0. 1. 1. 1. 1. 0.]
 [1. 1. 0. 0. 0. 1. 0. 0. 1. 1. 1. 0. 1. 0. 1. 1. 0. 1. 0.]
 [1. 0. 1. 0. 1. 1. 0. 1. 0. 1. 0. 0. 0. 0. 0. 1. 0. 1. 0.]
 [0. 1. 1. 1. 0. 1. 0. 1. 1. 0. 0. 0. 0. 1. 1. 1. 0. 1. 1.]
 [0. 1. 1. 0. 1. 0. 1. 1. 1. 1. 1. 1. 0. 0. 0. 1. 1. 1. 1.]
 [1. 1. 1. 0. 1. 1. 0. 0. 0. 1. 1. 1. 0. 0. 1. 1. 1. 0. 1.]
 [1. 1. 0. 1. 1. 0. 0. 1. 0. 0. 0. 1. 0. 1. 0. 0. 1. 1. 1.]
 [0. 0. 0. 1. 1. 0. 1. 0. 1. 0. 0. 0. 1. 1. 0. 1. 0. 1. 0.]
 [1. 1. 1. 1. 1. 1. 1. 1. 0. 1. 1. 1. 0. 0. 1. 0. 0. 1. 1.]
 [0. 1. 1. 1. 1. 1. 0. 1. 0. 1. 1. 1. 1. 1. 1. 1. 1. 1. 1.]]
2026-01-07 12:56:51 - ERROR - 遗传演进:  89%|########9 | 89/100 [01:44<00:12,  1.14s/it]
2026-01-07 12:56:52 - INFO - 矩阵形状：
2026-01-07 12:56:52 - INFO - (19, 19)
2026-01-07 12:56:52 - INFO - [[0. 1. 1. 0. 0. 1. 1. 1. 1. 1. 1. 1. 1. 1. 1. 0. 0. 1. 1.]
 [1. 0. 1. 0. 1. 0. 1. 0. 1. 0. 0. 0. 1. 0. 1. 1. 0. 1. 0.]
 [1. 1. 1. 1. 1. 1. 0. 1. 0. 0. 1. 1. 1. 0. 1. 1. 1. 1. 0.]
 [1. 0. 0. 0. 1. 0. 0. 1. 1. 0. 0. 1. 0. 1. 1. 0. 0. 0. 1.]
 [1. 1. 1. 1. 1. 1. 1. 1. 0. 1. 1. 0. 0. 0. 0. 1. 0. 1. 1.]
 [0. 0. 1. 1. 1. 0. 1. 0. 0. 0. 1. 0. 1. 0. 0. 1. 1. 1. 0.]
 [0. 0. 0. 1. 1. 0. 1. 0. 0. 0. 1. 1. 0. 0. 1. 0. 1. 1. 1.]
 [1. 0. 1. 0. 1. 0. 0. 1. 0. 1. 0. 1. 0. 0. 0. 1. 1. 1. 1.]
 [0. 0. 1. 0. 1. 1. 1. 1. 0. 0. 0. 0. 0. 0. 0. 0. 1. 0. 1.]
 [0. 1. 0. 0. 1. 0. 1. 0. 0. 0. 0. 1. 0. 0. 1. 1. 1. 1. 0.]
 [1. 1. 0. 0. 0. 1. 0. 0. 1. 1. 1. 0. 1. 0. 1. 1. 0. 1. 0.]
 [1. 0. 1. 0. 1. 1. 0. 1. 0. 1. 0. 0. 0. 0. 0. 1. 0. 1. 0.]
 [0. 1. 1. 1. 0. 1. 0. 1. 1. 0. 0. 0. 0. 1. 1. 1. 0. 1. 1.]
 [0. 1. 1. 0. 1. 0. 1. 1. 1. 1. 1. 1. 0. 0. 0. 1. 1. 1. 1.]
 [1. 1. 1. 0. 1. 1. 0. 0. 0. 1. 1. 1. 0. 0. 1. 1. 1. 0. 1.]
 [1. 1. 0. 1. 1. 0. 0. 1. 0. 0. 0. 1. 0. 1. 0. 0. 1. 1. 1.]
 [0. 0. 0. 1. 1. 0. 1. 0. 1. 0. 0. 0. 1. 1. 0. 1. 0. 1. 0.]
 [1. 1. 1. 1. 1. 1. 1. 1. 0. 1. 1. 1. 0. 0. 1. 0. 0. 1. 1.]
 [0. 1. 1. 1. 1. 1. 0. 1. 0. 1. 1. 1. 1. 1. 1. 1. 1. 1. 1.]]
2026-01-07 12:56:52 - ERROR - 遗传演进:  90%|######### | 90/100 [01:45<00:11,  1.15s/it]
2026-01-07 12:56:53 - INFO - 矩阵形状：
2026-01-07 12:56:53 - INFO - (19, 19)
2026-01-07 12:56:53 - INFO - [[0. 1. 1. 0. 0. 1. 1. 1. 1. 1. 1. 1. 1. 1. 1. 0. 0. 1. 1.]
 [1. 0. 1. 0. 1. 0. 1. 0. 1. 0. 0. 0. 1. 0. 1. 1. 0. 1. 0.]
 [1. 1. 1. 1. 1. 1. 0. 1. 0. 0. 1. 1. 1. 0. 1. 1. 1. 1. 0.]
 [1. 0. 0. 0. 1. 0. 0. 1. 1. 0. 0. 1. 0. 1. 1. 0. 0. 0. 1.]
 [1. 1. 1. 1. 1. 1. 1. 1. 0. 1. 1. 0. 0. 0. 0. 1. 0. 1. 1.]
 [0. 0. 1. 1. 1. 0. 1. 0. 0. 0. 1. 0. 1. 0. 0. 1. 1. 1. 0.]
 [0. 0. 0. 1. 1. 0. 1. 0. 0. 0. 1. 1. 0. 0. 1. 0. 1. 1. 1.]
 [1. 0. 1. 0. 1. 0. 0. 1. 0. 1. 0. 1. 0. 0. 0. 1. 1. 1. 1.]
 [0. 0. 1. 0. 1. 1. 1. 1. 0. 0. 0. 0. 0. 0. 0. 0. 1. 0. 1.]
 [0. 1. 0. 0. 1. 0. 1. 0. 0. 0. 0. 1. 0. 0. 1. 1. 1. 1. 0.]
 [1. 1. 0. 0. 0. 1. 0. 0. 1. 1. 1. 0. 1. 0. 1. 1. 0. 1. 0.]
 [1. 0. 1. 0. 1. 1. 0. 1. 0. 1. 0. 0. 0. 0. 0. 1. 0. 1. 0.]
 [0. 1. 1. 1. 0. 1. 0. 1. 1. 0. 0. 0. 0. 1. 1. 1. 0. 1. 1.]
 [0. 1. 1. 0. 1. 0. 1. 1. 1. 1. 1. 1. 0. 0. 0. 1. 1. 1. 1.]
 [1. 1. 1. 0. 1. 1. 0. 0. 0. 1. 1. 1. 0. 0. 1. 1. 1. 0. 1.]
 [1. 1. 0. 1. 1. 0. 0. 1. 0. 0. 0. 1. 0. 1. 0. 0. 1. 1. 1.]
 [0. 0. 0. 1. 1. 0. 1. 0. 1. 0. 0. 0. 1. 1. 0. 1. 0. 1. 0.]
 [1. 1. 1. 1. 1. 1. 1. 1. 0. 1. 1. 1. 0. 0. 1. 0. 0. 1. 1.]
 [0. 1. 1. 1. 1. 1. 0. 1. 0. 1. 1. 1. 1. 1. 1. 1. 1. 1. 1.]]
2026-01-07 12:56:54 - INFO - 代  90: 平均适应度 = -5.9961, 最佳适应度 = -5.6075
2026-01-07 12:56:54 - INFO -       S11 = 0.08 dB, S21 = 2.42 dB, 密度 = 0.562
2026-01-07 12:56:54 - INFO - s_params =

2026-01-07 12:56:54 - INFO - {'S11_real': np.float32(0.1570632), 'S11_imag': np.float32(-0.9972634), 'S21_real': np.float32(0.99999183), 'S21_imag': np.float32(0.8638355), 'S12_real': np.float32(0.99999183), 'S12_imag': np.float32(0.86383545), 'S22_real': np.float32(0.96390104), 'S22_imag': np.float32(-0.99504215)}
2026-01-07 12:56:54 - ERROR - 遗传演进:  91%|#########1| 91/100 [01:46<00:10,  1.15s/it]
2026-01-07 12:56:55 - INFO - 矩阵形状：
2026-01-07 12:56:55 - INFO - (19, 19)
2026-01-07 12:56:55 - INFO - [[0. 1. 1. 0. 0. 1. 1. 1. 1. 1. 1. 1. 1. 1. 1. 0. 0. 1. 1.]
 [1. 0. 1. 0. 1. 0. 1. 0. 1. 0. 0. 0. 1. 0. 1. 1. 0. 1. 0.]
 [1. 1. 1. 1. 1. 1. 0. 1. 0. 0. 1. 1. 1. 0. 1. 1. 1. 1. 0.]
 [1. 0. 0. 0. 1. 0. 0. 1. 1. 0. 0. 1. 0. 1. 1. 0. 0. 0. 1.]
 [1. 1. 1. 1. 1. 1. 1. 1. 0. 1. 1. 0. 0. 0. 0. 1. 0. 1. 1.]
 [0. 0. 1. 1. 1. 0. 1. 0. 0. 0. 1. 0. 1. 0. 0. 1. 1. 1. 0.]
 [0. 0. 0. 1. 1. 0. 1. 0. 0. 0. 1. 1. 0. 0. 1. 0. 1. 1. 1.]
 [1. 0. 1. 0. 1. 0. 0. 1. 0. 1. 0. 1. 0. 0. 0. 1. 1. 1. 1.]
 [0. 0. 1. 0. 1. 1. 1. 1. 0. 0. 0. 0. 0. 0. 0. 0. 1. 0. 1.]
 [0. 1. 0. 0. 1. 0. 1. 0. 0. 0. 0. 1. 0. 0. 1. 1. 1. 1. 0.]
 [1. 1. 0. 0. 0. 1. 0. 0. 1. 1. 1. 0. 1. 0. 1. 1. 0. 1. 0.]
 [1. 0. 1. 0. 1. 1. 0. 1. 0. 1. 0. 0. 0. 0. 0. 1. 0. 1. 0.]
 [0. 1. 1. 1. 0. 1. 0. 1. 1. 0. 0. 0. 0. 1. 1. 1. 0. 1. 1.]
 [0. 1. 1. 0. 1. 0. 1. 1. 1. 1. 1. 1. 0. 0. 0. 1. 1. 1. 1.]
 [1. 1. 1. 0. 1. 1. 0. 0. 0. 1. 1. 1. 0. 0. 1. 1. 1. 0. 1.]
 [1. 1. 0. 1. 1. 0. 0. 1. 0. 0. 0. 1. 0. 1. 0. 0. 1. 1. 1.]
 [0. 0. 0. 1. 1. 0. 1. 0. 1. 0. 0. 0. 1. 1. 0. 1. 0. 1. 0.]
 [1. 1. 1. 1. 1. 1. 1. 1. 0. 1. 1. 1. 0. 0. 1. 0. 0. 1. 1.]
 [0. 1. 1. 1. 1. 1. 0. 1. 0. 1. 1. 1. 1. 1. 1. 1. 1. 1. 1.]]
2026-01-07 12:56:55 - ERROR - 遗传演进:  92%|#########2| 92/100 [01:48<00:09,  1.15s/it]
2026-01-07 12:56:56 - INFO - 矩阵形状：
2026-01-07 12:56:56 - INFO - (19, 19)
2026-01-07 12:56:56 - INFO - [[0. 1. 1. 0. 0. 1. 1. 1. 1. 1. 1. 1. 1. 1. 1. 0. 0. 1. 1.]
 [1. 0. 1. 0. 1. 0. 1. 0. 1. 0. 0. 0. 1. 0. 1. 1. 0. 1. 0.]
 [1. 1. 1. 1. 1. 1. 0. 1. 0. 0. 1. 1. 1. 0. 1. 1. 1. 1. 0.]
 [1. 0. 0. 0. 1. 0. 0. 1. 1. 0. 0. 1. 0. 1. 1. 0. 0. 0. 1.]
 [1. 1. 1. 1. 1. 1. 1. 1. 0. 1. 1. 0. 0. 0. 0. 1. 0. 1. 1.]
 [0. 0. 1. 1. 1. 0. 1. 0. 0. 0. 1. 0. 1. 0. 0. 1. 1. 1. 0.]
 [0. 0. 0. 1. 1. 0. 1. 0. 0. 0. 1. 1. 0. 0. 1. 0. 1. 1. 1.]
 [1. 0. 1. 0. 1. 0. 0. 1. 0. 1. 0. 1. 0. 0. 0. 1. 1. 1. 1.]
 [0. 0. 1. 0. 1. 1. 1. 1. 0. 0. 0. 0. 0. 0. 0. 0. 1. 0. 1.]
 [0. 1. 0. 0. 1. 0. 1. 0. 0. 0. 0. 1. 0. 0. 1. 1. 1. 1. 0.]
 [1. 1. 0. 0. 0. 1. 0. 0. 1. 1. 1. 0. 1. 0. 1. 1. 0. 1. 0.]
 [1. 0. 1. 0. 1. 1. 0. 1. 0. 1. 0. 0. 0. 0. 0. 1. 0. 1. 0.]
 [0. 1. 1. 1. 0. 1. 0. 1. 1. 0. 0. 0. 0. 1. 1. 1. 0. 1. 1.]
 [0. 1. 1. 0. 1. 0. 1. 1. 1. 1. 1. 1. 0. 0. 0. 1. 1. 1. 1.]
 [1. 1. 1. 0. 1. 1. 0. 0. 0. 1. 1. 1. 0. 0. 1. 1. 1. 0. 1.]
 [1. 1. 0. 1. 1. 0. 0. 1. 0. 0. 0. 1. 0. 1. 0. 0. 1. 1. 1.]
 [0. 0. 0. 1. 1. 0. 1. 0. 1. 0. 0. 0. 1. 1. 0. 1. 0. 1. 0.]
 [1. 1. 1. 1. 1. 1. 1. 1. 0. 1. 1. 1. 0. 0. 1. 0. 0. 1. 1.]
 [0. 1. 1. 1. 1. 1. 0. 1. 0. 1. 1. 1. 1. 1. 1. 1. 1. 1. 1.]]
2026-01-07 12:56:56 - ERROR - 遗传演进:  93%|#########3| 93/100 [01:49<00:08,  1.15s/it]
2026-01-07 12:56:57 - INFO - 矩阵形状：
2026-01-07 12:56:57 - INFO - (19, 19)
2026-01-07 12:56:57 - INFO - [[0. 1. 1. 0. 0. 1. 1. 1. 1. 1. 1. 1. 1. 1. 1. 0. 0. 1. 1.]
 [1. 0. 1. 0. 1. 0. 1. 0. 1. 0. 0. 0. 1. 0. 1. 1. 0. 1. 0.]
 [1. 1. 1. 1. 1. 1. 0. 1. 0. 0. 1. 1. 1. 0. 1. 1. 1. 1. 0.]
 [1. 0. 0. 0. 1. 0. 0. 1. 1. 0. 0. 1. 0. 1. 1. 0. 0. 0. 1.]
 [1. 1. 1. 1. 1. 1. 1. 1. 0. 1. 1. 0. 0. 0. 0. 1. 0. 1. 1.]
 [0. 0. 1. 1. 1. 0. 1. 0. 0. 0. 1. 0. 1. 0. 0. 1. 1. 1. 0.]
 [0. 0. 0. 1. 1. 0. 1. 0. 0. 0. 1. 1. 0. 0. 1. 0. 1. 1. 1.]
 [1. 0. 1. 0. 1. 0. 0. 1. 0. 1. 0. 1. 0. 0. 0. 1. 1. 1. 1.]
 [0. 0. 1. 0. 1. 1. 1. 1. 0. 0. 0. 0. 0. 0. 0. 0. 1. 0. 1.]
 [0. 1. 0. 0. 1. 0. 1. 0. 0. 0. 0. 1. 0. 0. 1. 1. 1. 1. 0.]
 [1. 1. 0. 0. 0. 1. 0. 0. 1. 1. 1. 0. 1. 0. 1. 1. 0. 1. 0.]
 [1. 0. 1. 0. 1. 1. 0. 1. 0. 1. 0. 0. 0. 0. 0. 1. 0. 1. 0.]
 [0. 1. 1. 1. 0. 1. 0. 1. 1. 0. 0. 0. 0. 1. 1. 1. 0. 1. 1.]
 [0. 1. 1. 0. 1. 0. 1. 1. 1. 1. 1. 1. 0. 0. 0. 1. 1. 1. 1.]
 [1. 1. 1. 0. 1. 1. 0. 0. 0. 1. 1. 1. 0. 0. 1. 1. 1. 0. 1.]
 [1. 1. 0. 1. 1. 0. 0. 1. 0. 0. 0. 1. 0. 1. 0. 0. 1. 1. 1.]
 [0. 0. 0. 1. 1. 0. 1. 0. 1. 0. 0. 0. 1. 1. 0. 1. 0. 1. 0.]
 [1. 1. 1. 1. 1. 1. 1. 1. 0. 1. 1. 1. 0. 0. 1. 0. 0. 1. 1.]
 [0. 1. 1. 1. 1. 1. 0. 1. 0. 1. 1. 1. 1. 1. 1. 1. 1. 1. 1.]]
2026-01-07 12:56:57 - ERROR - 遗传演进:  94%|#########3| 94/100 [01:50<00:06,  1.14s/it]
2026-01-07 12:56:58 - INFO - 矩阵形状：
2026-01-07 12:56:58 - INFO - (19, 19)
2026-01-07 12:56:58 - INFO - [[0. 1. 1. 0. 0. 1. 1. 1. 1. 1. 1. 1. 1. 1. 1. 0. 0. 1. 1.]
 [1. 0. 1. 0. 1. 0. 1. 0. 1. 0. 0. 0. 1. 0. 1. 1. 0. 1. 0.]
 [1. 1. 1. 1. 1. 1. 0. 1. 0. 0. 1. 1. 1. 0. 1. 1. 1. 1. 0.]
 [1. 0. 0. 0. 1. 0. 0. 1. 1. 0. 0. 1. 0. 1. 1. 0. 0. 0. 1.]
 [1. 1. 1. 1. 1. 1. 1. 1. 0. 1. 1. 0. 0. 0. 0. 1. 0. 1. 1.]
 [0. 0. 1. 1. 1. 0. 1. 0. 0. 0. 1. 0. 1. 0. 0. 1. 1. 1. 0.]
 [0. 0. 0. 1. 1. 0. 1. 0. 0. 0. 1. 1. 0. 0. 1. 0. 1. 1. 1.]
 [1. 0. 1. 0. 1. 0. 0. 1. 0. 1. 0. 1. 0. 0. 0. 1. 1. 1. 1.]
 [0. 0. 1. 0. 1. 1. 1. 1. 0. 0. 0. 0. 0. 0. 0. 0. 1. 0. 1.]
 [0. 1. 0. 0. 1. 0. 1. 0. 0. 0. 0. 1. 0. 0. 1. 1. 1. 1. 0.]
 [1. 1. 0. 0. 0. 1. 0. 0. 1. 1. 1. 0. 1. 0. 1. 1. 0. 1. 0.]
 [1. 0. 1. 0. 1. 1. 0. 1. 0. 1. 0. 0. 0. 0. 0. 1. 0. 1. 0.]
 [0. 1. 1. 1. 0. 1. 0. 1. 1. 0. 0. 0. 0. 1. 1. 1. 0. 1. 1.]
 [0. 1. 1. 0. 1. 0. 1. 1. 1. 1. 1. 1. 0. 0. 0. 1. 1. 1. 1.]
 [1. 1. 1. 0. 1. 1. 0. 0. 0. 1. 1. 1. 0. 0. 1. 1. 1. 0. 1.]
 [1. 1. 0. 1. 1. 0. 0. 1. 0. 0. 0. 1. 0. 1. 0. 0. 1. 1. 1.]
 [0. 0. 0. 1. 1. 0. 1. 0. 1. 0. 0. 0. 1. 1. 0. 1. 0. 1. 0.]
 [1. 1. 1. 1. 1. 1. 1. 1. 0. 1. 1. 1. 0. 0. 1. 0. 0. 1. 1.]
 [0. 1. 1. 1. 1. 1. 0. 1. 0. 1. 1. 1. 1. 1. 1. 1. 1. 1. 1.]]
2026-01-07 12:56:58 - ERROR - 遗传演进:  95%|#########5| 95/100 [01:51<00:05,  1.14s/it]
2026-01-07 12:56:59 - INFO - 矩阵形状：
2026-01-07 12:56:59 - INFO - (19, 19)
2026-01-07 12:56:59 - INFO - [[0. 1. 1. 0. 0. 1. 1. 1. 1. 1. 1. 1. 1. 1. 1. 0. 0. 1. 1.]
 [1. 0. 1. 0. 1. 0. 1. 0. 1. 0. 0. 0. 1. 0. 1. 1. 0. 1. 0.]
 [1. 1. 1. 1. 1. 1. 0. 1. 0. 0. 1. 1. 1. 0. 1. 1. 1. 1. 0.]
 [1. 0. 0. 0. 1. 0. 0. 1. 1. 0. 0. 1. 0. 1. 1. 0. 0. 0. 1.]
 [1. 1. 1. 1. 1. 1. 1. 1. 0. 1. 1. 0. 0. 0. 0. 1. 0. 1. 1.]
 [0. 0. 1. 1. 1. 0. 1. 0. 0. 0. 1. 0. 1. 0. 0. 1. 1. 1. 0.]
 [0. 0. 0. 1. 1. 0. 1. 0. 0. 0. 1. 1. 0. 0. 1. 0. 1. 1. 1.]
 [1. 0. 1. 0. 1. 0. 0. 1. 0. 1. 0. 1. 0. 0. 0. 1. 1. 1. 1.]
 [0. 0. 1. 0. 1. 1. 1. 1. 0. 0. 0. 0. 0. 0. 0. 0. 1. 0. 1.]
 [0. 1. 0. 0. 1. 0. 1. 0. 0. 0. 0. 1. 0. 0. 1. 1. 1. 1. 0.]
 [1. 1. 0. 0. 0. 1. 0. 0. 1. 1. 1. 0. 1. 0. 1. 1. 0. 1. 0.]
 [1. 0. 1. 0. 1. 1. 0. 1. 0. 1. 0. 0. 0. 0. 0. 1. 0. 1. 0.]
 [0. 1. 1. 1. 0. 1. 0. 1. 1. 0. 0. 0. 0. 1. 1. 1. 0. 1. 1.]
 [0. 1. 1. 0. 1. 0. 1. 1. 1. 1. 1. 1. 0. 0. 0. 1. 1. 1. 1.]
 [1. 1. 1. 0. 1. 1. 0. 0. 0. 1. 1. 1. 0. 0. 1. 1. 1. 0. 1.]
 [1. 1. 0. 1. 1. 0. 0. 1. 0. 0. 0. 1. 0. 1. 0. 0. 1. 1. 1.]
 [0. 0. 0. 1. 1. 0. 1. 0. 1. 0. 0. 0. 1. 1. 0. 1. 0. 1. 0.]
 [1. 1. 1. 1. 1. 1. 1. 1. 0. 1. 1. 1. 0. 0. 1. 0. 0. 1. 1.]
 [0. 1. 1. 1. 1. 1. 0. 1. 0. 1. 1. 1. 1. 1. 1. 1. 1. 1. 1.]]
2026-01-07 12:56:59 - ERROR - 遗传演进:  96%|#########6| 96/100 [01:52<00:04,  1.14s/it]
2026-01-07 12:57:00 - INFO - 矩阵形状：
2026-01-07 12:57:00 - INFO - (19, 19)
2026-01-07 12:57:00 - INFO - [[0. 1. 1. 0. 0. 1. 1. 1. 1. 1. 1. 1. 1. 1. 1. 0. 0. 1. 1.]
 [1. 0. 1. 0. 1. 0. 1. 0. 1. 0. 0. 0. 1. 0. 1. 1. 0. 1. 0.]
 [1. 1. 1. 1. 1. 1. 0. 1. 0. 0. 1. 1. 1. 0. 1. 1. 1. 1. 0.]
 [1. 0. 0. 0. 1. 0. 0. 1. 1. 0. 0. 1. 0. 1. 1. 0. 0. 0. 1.]
 [1. 1. 1. 1. 1. 1. 1. 1. 0. 1. 1. 0. 0. 0. 0. 1. 0. 1. 1.]
 [0. 0. 1. 1. 1. 0. 1. 0. 0. 0. 1. 0. 1. 0. 0. 1. 1. 1. 0.]
 [0. 0. 0. 1. 1. 0. 1. 0. 0. 0. 1. 1. 0. 0. 1. 0. 1. 1. 1.]
 [1. 0. 1. 0. 1. 0. 0. 1. 0. 1. 0. 1. 0. 0. 0. 1. 1. 1. 1.]
 [0. 0. 1. 0. 1. 1. 1. 1. 0. 0. 0. 0. 0. 0. 0. 0. 1. 0. 1.]
 [0. 1. 0. 0. 1. 0. 1. 0. 0. 0. 0. 1. 0. 0. 1. 1. 1. 1. 0.]
 [1. 1. 0. 0. 0. 1. 0. 0. 1. 1. 1. 0. 1. 0. 1. 1. 0. 1. 0.]
 [1. 0. 1. 0. 1. 1. 0. 1. 0. 1. 0. 0. 0. 0. 0. 1. 0. 1. 0.]
 [0. 1. 1. 1. 0. 1. 0. 1. 1. 0. 0. 0. 0. 1. 1. 1. 0. 1. 1.]
 [0. 1. 1. 0. 1. 0. 1. 1. 1. 1. 1. 1. 0. 0. 0. 1. 1. 1. 1.]
 [1. 1. 1. 0. 1. 1. 0. 0. 0. 1. 1. 1. 0. 0. 1. 1. 1. 0. 1.]
 [1. 1. 0. 1. 1. 0. 0. 1. 0. 0. 0. 1. 0. 1. 0. 0. 1. 1. 1.]
 [0. 0. 0. 1. 1. 0. 1. 0. 1. 0. 0. 0. 1. 1. 0. 1. 0. 1. 0.]
 [1. 1. 1. 1. 1. 1. 1. 1. 0. 1. 1. 1. 0. 0. 1. 0. 0. 1. 1.]
 [0. 1. 1. 1. 1. 1. 0. 1. 0. 1. 1. 1. 1. 1. 1. 1. 1. 1. 1.]]
2026-01-07 12:57:00 - ERROR - 遗传演进:  97%|#########7| 97/100 [01:53<00:03,  1.14s/it]
2026-01-07 12:57:01 - INFO - 矩阵形状：
2026-01-07 12:57:01 - INFO - (19, 19)
2026-01-07 12:57:01 - INFO - [[0. 1. 1. 0. 0. 1. 1. 1. 1. 1. 1. 1. 1. 1. 1. 0. 0. 1. 1.]
 [1. 0. 1. 0. 1. 0. 1. 0. 1. 0. 0. 0. 1. 0. 1. 1. 0. 1. 0.]
 [1. 1. 1. 1. 1. 1. 0. 1. 0. 0. 1. 1. 1. 0. 1. 1. 1. 1. 0.]
 [1. 0. 0. 0. 1. 0. 0. 1. 1. 0. 0. 1. 0. 1. 1. 0. 0. 0. 1.]
 [1. 1. 1. 1. 1. 1. 1. 1. 0. 1. 1. 0. 0. 0. 0. 1. 0. 1. 1.]
 [0. 0. 1. 1. 1. 0. 1. 0. 0. 0. 1. 0. 1. 0. 0. 1. 1. 1. 0.]
 [0. 0. 0. 1. 1. 0. 1. 0. 0. 0. 1. 1. 0. 0. 1. 0. 1. 1. 1.]
 [1. 0. 1. 0. 1. 0. 0. 1. 0. 1. 0. 1. 0. 0. 0. 1. 1. 1. 1.]
 [0. 0. 1. 0. 1. 1. 1. 1. 0. 0. 0. 0. 0. 0. 0. 0. 1. 0. 1.]
 [0. 1. 0. 0. 1. 0. 1. 0. 0. 0. 0. 1. 0. 0. 1. 1. 1. 1. 0.]
 [1. 1. 0. 0. 0. 1. 0. 0. 1. 1. 1. 0. 1. 0. 1. 1. 0. 1. 0.]
 [1. 0. 1. 0. 1. 1. 0. 1. 0. 1. 0. 0. 0. 0. 0. 1. 0. 1. 0.]
 [0. 1. 1. 1. 0. 1. 0. 1. 1. 0. 0. 0. 0. 1. 1. 1. 0. 1. 1.]
 [0. 1. 1. 0. 1. 0. 1. 1. 1. 1. 1. 1. 0. 0. 0. 1. 1. 1. 1.]
 [1. 1. 1. 0. 1. 1. 0. 0. 0. 1. 1. 1. 0. 0. 1. 1. 1. 0. 1.]
 [1. 1. 0. 1. 1. 0. 0. 1. 0. 0. 0. 1. 0. 1. 0. 0. 1. 1. 1.]
 [0. 0. 0. 1. 1. 0. 1. 0. 1. 0. 0. 0. 1. 1. 0. 1. 0. 1. 0.]
 [1. 1. 1. 1. 1. 1. 1. 1. 0. 1. 1. 1. 0. 0. 1. 0. 0. 1. 1.]
 [0. 1. 1. 1. 1. 1. 0. 1. 0. 1. 1. 1. 1. 1. 1. 1. 1. 1. 1.]]
2026-01-07 12:57:02 - ERROR - 遗传演进:  98%|#########8| 98/100 [01:54<00:02,  1.14s/it]
2026-01-07 12:57:03 - INFO - 矩阵形状：
2026-01-07 12:57:03 - INFO - (19, 19)
2026-01-07 12:57:03 - INFO - [[0. 1. 1. 0. 0. 1. 1. 1. 1. 1. 1. 1. 1. 1. 1. 0. 0. 1. 1.]
 [1. 0. 1. 0. 1. 0. 1. 0. 1. 0. 0. 0. 1. 0. 1. 1. 0. 1. 0.]
 [1. 1. 1. 1. 1. 1. 0. 1. 0. 0. 1. 1. 1. 0. 1. 1. 1. 1. 0.]
 [1. 0. 0. 0. 1. 0. 0. 1. 1. 0. 0. 1. 0. 1. 1. 0. 0. 0. 1.]
 [1. 1. 1. 1. 1. 1. 1. 1. 0. 1. 1. 0. 0. 0. 0. 1. 0. 1. 1.]
 [0. 0. 1. 1. 1. 0. 1. 0. 0. 0. 1. 0. 1. 0. 0. 1. 1. 1. 0.]
 [0. 0. 0. 1. 1. 0. 1. 0. 0. 0. 1. 1. 0. 0. 1. 0. 1. 1. 1.]
 [1. 0. 1. 0. 1. 0. 0. 1. 0. 1. 0. 1. 0. 0. 0. 1. 1. 1. 1.]
 [0. 0. 1. 0. 1. 1. 1. 1. 0. 0. 0. 0. 0. 0. 0. 0. 1. 0. 1.]
 [0. 1. 0. 0. 1. 0. 1. 0. 0. 0. 0. 1. 0. 0. 1. 1. 1. 1. 0.]
 [1. 1. 0. 0. 0. 1. 0. 0. 1. 1. 1. 0. 1. 0. 1. 1. 0. 1. 0.]
 [1. 0. 1. 0. 1. 1. 0. 1. 0. 1. 0. 0. 0. 0. 0. 1. 0. 1. 0.]
 [0. 1. 1. 1. 0. 1. 0. 1. 1. 0. 0. 0. 0. 1. 1. 1. 0. 1. 1.]
 [0. 1. 1. 0. 1. 0. 1. 1. 1. 1. 1. 1. 0. 0. 0. 1. 1. 1. 1.]
 [1. 1. 1. 0. 1. 1. 0. 0. 0. 1. 1. 1. 0. 0. 1. 1. 1. 0. 1.]
 [1. 1. 0. 1. 1. 0. 0. 1. 0. 0. 0. 1. 0. 1. 0. 0. 1. 1. 1.]
 [0. 0. 0. 1. 1. 0. 1. 0. 1. 0. 0. 0. 1. 1. 0. 1. 0. 1. 0.]
 [1. 1. 1. 1. 1. 1. 1. 1. 0. 1. 1. 1. 0. 0. 1. 0. 0. 1. 1.]
 [0. 1. 1. 1. 1. 1. 0. 1. 0. 1. 1. 1. 1. 1. 1. 1. 1. 1. 1.]]
2026-01-07 12:57:03 - ERROR - 遗传演进:  99%|#########9| 99/100 [01:56<00:01,  1.14s/it]
2026-01-07 12:57:04 - INFO - 矩阵形状：
2026-01-07 12:57:04 - INFO - (19, 19)
2026-01-07 12:57:04 - INFO - [[0. 1. 1. 0. 0. 1. 1. 1. 1. 1. 1. 1. 1. 1. 1. 0. 0. 1. 1.]
 [1. 0. 1. 0. 1. 0. 1. 0. 1. 0. 0. 0. 1. 0. 1. 1. 0. 1. 0.]
 [1. 1. 1. 1. 1. 1. 0. 1. 0. 0. 1. 1. 1. 0. 1. 1. 1. 1. 0.]
 [1. 0. 0. 0. 1. 0. 0. 1. 1. 0. 0. 1. 0. 1. 1. 0. 0. 0. 1.]
 [1. 1. 1. 1. 1. 1. 1. 1. 0. 1. 1. 0. 0. 0. 0. 1. 0. 1. 1.]
 [0. 0. 1. 1. 1. 0. 1. 0. 0. 0. 1. 0. 1. 0. 0. 1. 1. 1. 0.]
 [0. 0. 0. 1. 1. 0. 1. 0. 0. 0. 1. 1. 0. 0. 1. 0. 1. 1. 1.]
 [1. 0. 1. 0. 1. 0. 0. 1. 0. 1. 0. 1. 0. 0. 0. 1. 1. 1. 1.]
 [0. 0. 1. 0. 1. 1. 1. 1. 0. 0. 0. 0. 0. 0. 0. 0. 1. 0. 1.]
 [0. 1. 0. 0. 1. 0. 1. 0. 0. 0. 0. 1. 0. 0. 1. 1. 1. 1. 0.]
 [1. 1. 0. 0. 0. 1. 0. 0. 1. 1. 1. 0. 1. 0. 1. 1. 0. 1. 0.]
 [1. 0. 1. 0. 1. 1. 0. 1. 0. 1. 0. 0. 0. 0. 0. 1. 0. 1. 0.]
 [0. 1. 1. 1. 0. 1. 0. 1. 1. 0. 0. 0. 0. 1. 1. 1. 0. 1. 1.]
 [0. 1. 1. 0. 1. 0. 1. 1. 1. 1. 1. 1. 0. 0. 0. 1. 1. 1. 1.]
 [1. 1. 1. 0. 1. 1. 0. 0. 0. 1. 1. 1. 0. 0. 1. 1. 1. 0. 1.]
 [1. 1. 0. 1. 1. 0. 0. 1. 0. 0. 0. 1. 0. 1. 0. 0. 1. 1. 1.]
 [0. 0. 0. 1. 1. 0. 1. 0. 1. 0. 0. 0. 1. 1. 0. 1. 0. 1. 0.]
 [1. 1. 1. 1. 1. 1. 1. 1. 0. 1. 1. 1. 0. 0. 1. 0. 0. 1. 1.]
 [0. 1. 1. 1. 1. 1. 0. 1. 0. 1. 1. 1. 1. 1. 1. 1. 1. 1. 1.]]
2026-01-07 12:57:04 - INFO - 代  99: 平均适应度 = -5.9975, 最佳适应度 = -5.6075
2026-01-07 12:57:04 - INFO -       S11 = 0.08 dB, S21 = 2.42 dB, 密度 = 0.562
2026-01-07 12:57:04 - INFO - s_params =

2026-01-07 12:57:04 - INFO - {'S11_real': np.float32(0.1570632), 'S11_imag': np.float32(-0.9972634), 'S21_real': np.float32(0.99999183), 'S21_imag': np.float32(0.8638355), 'S12_real': np.float32(0.99999183), 'S12_imag': np.float32(0.86383545), 'S22_real': np.float32(0.96390104), 'S22_imag': np.float32(-0.99504215)}
2026-01-07 12:57:04 - ERROR - 遗传演进: 100%|##########| 100/100 [01:57<00:00,  1.14s/it]
2026-01-07 12:57:04 - ERROR - 遗传演进: 100%|##########| 100/100 [01:57<00:00,  1.17s/it]
2026-01-07 12:57:04 - INFO - 
============================================================
2026-01-07 12:57:04 - INFO - 遗传算法优化完成！
2026-01-07 12:57:04 - INFO - ============================================================
2026-01-07 12:57:04 - INFO - 最佳适应度: -5.6075
2026-01-07 12:57:04 - INFO - 
最佳个体的S参数 (在 10 GHz):
2026-01-07 12:57:04 - INFO -   |S11| = 0.08 dB
2026-01-07 12:57:04 - INFO -   |S21| = 2.42 dB
2026-01-07 12:57:04 - INFO -   |S12| = 2.42 dB
2026-01-07 12:57:04 - INFO -   |S22| = 2.83 dB
2026-01-07 12:57:04 - INFO -   S11相位 = -81.0°
2026-01-07 12:57:04 - INFO -   S21相位 = 40.8°
2026-01-07 12:57:04 - INFO -   矩阵密度 = 0.562
2026-01-07 12:57:04 - INFO - Using categorical units to plot a list of strings that are all parsable as floats or dates. If these strings should be plotted as numbers, cast to the appropriate data type before plotting.
2026-01-07 12:57:04 - INFO - Using categorical units to plot a list of strings that are all parsable as floats or dates. If these strings should be plotted as numbers, cast to the appropriate data type before plotting.
2026-01-07 12:57:04 - ERROR - /home/hhabu/work_src/DL_IOMN_src/example/optimization_algorithm.py:584: UserWarning: Glyph 20195 (\N{CJK UNIFIED IDEOGRAPH-4EE3}) missing from font(s) DejaVu Sans.
  plt.tight_layout()

2026-01-07 12:57:04 - ERROR - /home/hhabu/work_src/DL_IOMN_src/example/optimization_algorithm.py:584: UserWarning: Glyph 25968 (\N{CJK UNIFIED IDEOGRAPH-6570}) missing from font(s) DejaVu Sans.
  plt.tight_layout()

2026-01-07 12:57:04 - ERROR - /home/hhabu/work_src/DL_IOMN_src/example/optimization_algorithm.py:585: UserWarning: Glyph 20195 (\N{CJK UNIFIED IDEOGRAPH-4EE3}) missing from font(s) DejaVu Sans.
  plt.savefig('genetic_optimization_results.png', dpi=300, bbox_inches='tight')

2026-01-07 12:57:04 - ERROR - /home/hhabu/work_src/DL_IOMN_src/example/optimization_algorithm.py:585: UserWarning: Glyph 25968 (\N{CJK UNIFIED IDEOGRAPH-6570}) missing from font(s) DejaVu Sans.
  plt.savefig('genetic_optimization_results.png', dpi=300, bbox_inches='tight')

2026-01-07 12:57:05 - INFO - 
优化结果已保存:
2026-01-07 12:57:05 - INFO -   - 数据文件: optimization_results_20260107_125705.pkl
2026-01-07 12:57:05 - INFO -   - 矩阵文件: optimized_matrix_20260107_125705.txt
2026-01-07 12:57:05 - INFO -   - 图像文件: optimized_matrix_20260107_125705.png
2026-01-07 12:57:05 - INFO - 
程序运行完成，日志已保存到: logs/training_20260107_125503.log
2026-01-07 12:57:05 - INFO - ============================================================
